v -1.08934 -0.132041 1.23593
v -1.0891 -0.131578 1.23694
v -1.08874 -0.1339 1.23627
v -1.08921 -0.133781 1.23507
v -1.08904 -0.131357 1.23749
v -1.08862 -0.133974 1.23676
v -1.08879 -0.136448 1.23452
v -1.08888 -0.136099 1.23431
v -1.08918 -0.135494 1.23392
v -1.09016 -0.133552 1.23267
v -1.08998 -0.131223 1.23481
v -1.08975 -0.136023 1.23201
v -1.09036 -0.136263 1.23018
v -1.09085 -0.13485 1.22986
v -1.09126 -0.133286 1.22988
v -1.09099 -0.131884 1.23159
v -1.09063 -0.130676 1.23343
v -1.08955 -0.137268 1.23168
v -1.08953 -0.137784 1.23156
v -1.09053 -0.137579 1.229
v -1.09044 -0.137106 1.22941
v -1.08958 -0.131536 1.23771
v -1.08913 -0.134226 1.23695
v -1.09273 -0.13294 1.23792
v -1.09218 -0.135491 1.23718
v -1.09214 -0.137863 1.23494
v -1.08927 -0.136762 1.23465
v -1.09 -0.138124 1.23159
v -1.09268 -0.139098 1.23197
v -1.09355 -0.13883 1.22942
v -1.09101 -0.137903 1.22895
v -1.09995 -0.136307 1.23813
v -1.0992 -0.138507 1.23745
v -1.10902 -0.141237 1.2373
v -1.10806 -0.142986 1.23673
v -1.1072 -0.144428 1.23499
v -1.09877 -0.14047 1.23541
v -1.09886 -0.141396 1.23271
v -1.10679 -0.144965 1.23267
v -1.10695 -0.14447 1.23066
v -1.0994 -0.141026 1.23037
v -1.10021 -0.139398 1.22938
v -1.09443 -0.137042 1.22832
v -1.10767 -0.143053 1.22979
v -1.10863 -0.141304 1.23029
v -1.10097 -0.137206 1.22998
v -1.095 -0.134505 1.22898
v -1.09192 -0.136055 1.22782
v -1.09141 -0.135788 1.22791
v -1.0924 -0.133382 1.22849
v -1.09186 -0.133187 1.22856
v -1.09223 -0.130878 1.23086
v -1.09166 -0.130744 1.23085
v -1.09501 -0.132165 1.23127
v -1.09449 -0.130864 1.23423
v -1.09152 -0.129447 1.23391
v -1.09093 -0.129342 1.23381
v -1.10138 -0.135274 1.23207
v -1.10948 -0.139892 1.23207
v -1.10991 -0.139306 1.23439
v -1.10132 -0.13429 1.23477
v -1.10076 -0.134724 1.23706
v -1.09362 -0.131206 1.23674
v -1.10972 -0.13985 1.23636
v -1.0905 -0.129747 1.2365
v -1.08993 -0.129624 1.23632
v -1.09079 -0.12979 1.23367
v -1.0899 -0.130057 1.23588
v -1.09161 -0.133207 1.22901
v -1.09143 -0.131049 1.23105
v -1.09121 -0.135506 1.22845
v -1.1178 -0.14528 1.23198
v -1.11787 -0.145909 1.23359
v -1.12444 -0.151831 1.22769
v -1.12465 -0.15249 1.22894
v -1.12417 -0.153477 1.22959
v -1.11729 -0.147097 1.23439
v -1.11593 -0.146435 1.22873
v -1.11705 -0.145504 1.23013
v -1.12238 -0.152333 1.22531
v -1.12356 -0.15179 1.22631
v -1.12973 -0.158562 1.2221
v -1.12998 -0.159171 1.223
v -1.13352 -0.164746 1.2162
v -1.13374 -0.165236 1.2168
v -1.13347 -0.165799 1.21717
v -1.1296 -0.159949 1.22351
v -1.12784 -0.158655 1.22048
v -1.1289 -0.158379 1.22114
v -1.13203 -0.164648 1.21519
v -1.13286 -0.164531 1.21559
v -1.13572 -0.169556 1.21116
v -1.13588 -0.16993 1.21146
v -1.13655 -0.172108 1.20834
v -1.13674 -0.172757 1.20798
v -1.13654 -0.172518 1.20869
v -1.1357 -0.170242 1.21175
v -1.13473 -0.169427 1.21059
v -1.1353 -0.169435 1.21076
v -1.13596 -0.172017 1.20802
v -1.13645 -0.172505 1.20765
v -1.13675 -0.173774 1.20662
v -1.13644 -0.173042 1.2081
v -1.13597 -0.172635 1.20756
v -1.13559 -0.172371 1.20817
v -1.13596 -0.172967 1.20784
v -1.13595 -0.172681 1.20858
v -1.13105 -0.16564 1.21553
v -1.1341 -0.170033 1.21083
v -1.13432 -0.169725 1.21056
v -1.13135 -0.165078 1.21518
v -1.13194 -0.166351 1.21676
v -1.1347 -0.170537 1.21155
v -1.1343 -0.170398 1.21114
v -1.13129 -0.166121 1.21614
v -1.12084 -0.154289 1.22573
v -1.12654 -0.160099 1.22089
v -1.12694 -0.15932 1.2204
v -1.12136 -0.153294 1.22511
v -1.12195 -0.154996 1.22838
v -1.12763 -0.160899 1.22276
v -1.12682 -0.160693 1.2218
v -1.12109 -0.154924 1.22699
v -1.11426 -0.148966 1.22912
v -1.11488 -0.147761 1.22838
v -1.1151 -0.149375 1.23262
v -1.11437 -0.149561 1.23076
v -1.12869 -0.160601 1.22341
v -1.12313 -0.154427 1.22936
v -1.13277 -0.166219 1.21714
v -1.11622 -0.148417 1.23398
v -1.13526 -0.170525 1.2117
v -1.11434 -0.107481 1.22559
v -1.11438 -0.10727 1.2267
v -1.11369 -0.109357 1.22563
v -1.11387 -0.108961 1.22441
v -1.11446 -0.107186 1.22729
v -1.11369 -0.109543 1.2261
v -1.11314 -0.111413 1.22339
v -1.11321 -0.111025 1.22324
v -1.11345 -0.110349 1.22294
v -1.11425 -0.10818 1.22197
v -1.11475 -0.106428 1.22456
v -1.11352 -0.110414 1.22088
v -1.11367 -0.110219 1.21895
v -1.11417 -0.10878 1.21886
v -1.11469 -0.107271 1.21913
v -1.11493 -0.106316 1.22113
v -1.1151 -0.105579 1.22323
v -1.11316 -0.111541 1.22034
v -1.11307 -0.112012 1.22011
v -1.11345 -0.111218 1.2175
v -1.11349 -0.110854 1.21802
v -1.11502 -0.10742 1.22732
v -1.11421 -0.109842 1.2261
v -1.11802 -0.108883 1.22642
v -1.11712 -0.111174 1.22528
v -1.11639 -0.112941 1.22264
v -1.11362 -0.111755 1.22332
v -1.11351 -0.112357 1.21994
v -1.11612 -0.113438 1.21943
v -1.11639 -0.112581 1.21687
v -1.11389 -0.111528 1.21726
v -1.12482 -0.112321 1.22408
v -1.12377 -0.114283 1.22313
v -1.13305 -0.117054 1.21994
v -1.13186 -0.118601 1.21925
v -1.13051 -0.119571 1.21749
v -1.12273 -0.115693 1.22086
v -1.12211 -0.115945 1.21808
v -1.12953 -0.119531 1.21528
v -1.12925 -0.118572 1.21346
v -1.12212 -0.115036 1.21583
v -1.12279 -0.11323 1.21506
v -1.11712 -0.110597 1.21603
v -1.12985 -0.116999 1.21279
v -1.13102 -0.115436 1.21342
v -1.12383 -0.111258 1.21594
v -1.11801 -0.108301 1.21708
v -1.11464 -0.109478 1.2164
v -1.11418 -0.109231 1.21666
v -1.11546 -0.107053 1.21752
v -1.11496 -0.10687 1.21776
v -1.11603 -0.105184 1.22036
v -1.11548 -0.105043 1.22052
v -1.11873 -0.106577 1.21977
v -1.11902 -0.106015 1.22299
v -1.11616 -0.104514 1.22374
v -1.11558 -0.104378 1.22381
v -1.12486 -0.10989 1.21825
v -1.13237 -0.114505 1.21521
v -1.13337 -0.114498 1.21742
v -1.1255 -0.10958 1.22104
v -1.12547 -0.11054 1.22323
v -1.11873 -0.106934 1.22549
v -1.13361 -0.115495 1.21921
v -1.11577 -0.105409 1.22636
v -1.11518 -0.105236 1.22636
v -1.11538 -0.104778 1.22362
v -1.11501 -0.105552 1.22586
v -1.11483 -0.106994 1.21825
v -1.11529 -0.105384 1.22071
v -1.11414 -0.109085 1.21729
v -1.14002 -0.119849 1.21186
v -1.14042 -0.120847 1.21321
v -1.14496 -0.125291 1.20469
v -1.14541 -0.126231 1.20566
v -1.14502 -0.127339 1.20617
v -1.13995 -0.122181 1.21383
v -1.13736 -0.120162 1.20899
v -1.13883 -0.119611 1.21024
v -1.14237 -0.125175 1.20284
v -1.14378 -0.124906 1.20362
v -1.14827 -0.130573 1.19659
v -1.14868 -0.131383 1.19724
v -1.15011 -0.135225 1.18869
v -1.15042 -0.135848 1.18909
v -1.1502 -0.136479 1.18937
v -1.14838 -0.132255 1.19763
v -1.14605 -0.130244 1.1955
v -1.14726 -0.130152 1.19593
v -1.14843 -0.134863 1.18812
v -1.14934 -0.134859 1.18832
v -1.1507 -0.138724 1.1823
v -1.1509 -0.139162 1.18246
v -1.15066 -0.140541 1.17886
v -1.15071 -0.141087 1.17832
v -1.1507 -0.141022 1.17909
v -1.15077 -0.139532 1.18271
v -1.14962 -0.138446 1.18203
v -1.1502 -0.138503 1.18205
v -1.15002 -0.140366 1.17872
v -1.15037 -0.140759 1.17814
v -1.15032 -0.14175 1.17681
v -1.15042 -0.141387 1.17844
v -1.14987 -0.140857 1.17815
v -1.14966 -0.140739 1.17887
v -1.1499 -0.141245 1.17834
v -1.15008 -0.141144 1.1791
v -1.14749 -0.135894 1.18846
v -1.14902 -0.139082 1.18228
v -1.14918 -0.138721 1.18204
v -1.14774 -0.135268 1.18818
v -1.14859 -0.136892 1.18924
v -1.14973 -0.139753 1.18269
v -1.14925 -0.139514 1.18244
v -1.14783 -0.13651 1.18887
v -1.14083 -0.12715 1.20317
v -1.14478 -0.131723 1.19588
v -1.14512 -0.130856 1.1955
v -1.14126 -0.126044 1.20268
v -1.14247 -0.128487 1.20523
v -1.14622 -0.132966 1.1972
v -1.14522 -0.132522 1.19653
v -1.14132 -0.128072 1.20415
v -1.13564 -0.122687 1.20919
v -1.13615 -0.121349 1.20861
v -1.13724 -0.123935 1.21219
v -1.13608 -0.123658 1.21057
v -1.14743 -0.132848 1.19761
v -1.14388 -0.128188 1.20599
v -1.14949 -0.136869 1.18942
v -1.13872 -0.123348 1.21342
v -1.15031 -0.139786 1.1827
v -1.09596 -0.0783313 1.19893
v -1.09596 -0.0786181 1.20003
v -1.09674 -0.0799867 1.19816
v -1.09648 -0.0791214 1.19722
v -1.09603 -0.078745 1.20061
v -1.0969 -0.0803024 1.19852
v -1.09747 -0.0807817 1.19526
v -1.09725 -0.0804236 1.19528
v -1.09694 -0.0797096 1.1953
v -1.09598 -0.0773919 1.19536
v -1.09545 -0.0769683 1.19846
v -1.09682 -0.0788844 1.19342
v -1.0966 -0.077885 1.19176
v -1.096 -0.0765848 1.1923
v -1.09541 -0.0753789 1.19319
v -1.09516 -0.0754006 1.19541
v -1.09501 -0.0756548 1.19762
v -1.09725 -0.079631 1.19244
v -1.09747 -0.0799028 1.19204
v -1.09696 -0.0780923 1.19004
v -1.0968 -0.0780342 1.19064
v -1.0966 -0.0785473 1.20067
v -1.09749 -0.0801621 1.19851
v -1.09969 -0.0772105 1.19991
v -1.10044 -0.0788199 1.19786
v -1.10081 -0.0793835 1.19467
v -1.09804 -0.0806698 1.19517
v -1.09801 -0.0797765 1.19186
v -1.10061 -0.0785902 1.19152
v -1.09997 -0.0768353 1.18955
v -1.09746 -0.0779174 1.18979
v -1.10677 -0.0741282 1.1979
v -1.1072 -0.0757011 1.19611
v -1.11557 -0.0702515 1.19406
v -1.11565 -0.0717526 1.19263
v -1.11512 -0.0725485 1.19041
v -1.10714 -0.0763813 1.19333
v -1.10656 -0.0758243 1.19058
v -1.11414 -0.0722641 1.18822
v -1.11311 -0.0710869 1.18686
v -1.10573 -0.0743294 1.18887
v -1.10494 -0.0724122 1.18896
v -1.0991 -0.0747356 1.18965
v -1.11243 -0.06941 1.18693
v -1.11232 -0.0678865 1.18831
v -1.10449 -0.0708081 1.19068
v -1.09834 -0.0730874 1.19163
v -1.09656 -0.0757505 1.1899
v -1.09609 -0.0759916 1.19014
v -1.09567 -0.0740938 1.19197
v -1.0952 -0.0743933 1.19215
v -1.09514 -0.0736479 1.19534
v -1.09466 -0.073974 1.19544
v -1.098 -0.072583 1.19484
v -1.09817 -0.0733193 1.19803
v -1.09514 -0.0744831 1.19869
v -1.09462 -0.0747967 1.19869
v -1.10458 -0.0701803 1.19348
v -1.11288 -0.0671345 1.19055
v -1.11385 -0.0673702 1.19276
v -1.10513 -0.0706838 1.19626
v -1.10597 -0.0722129 1.1979
v -1.09883 -0.0751073 1.19992
v -1.11487 -0.0685823 1.19407
v -1.09571 -0.0763744 1.20067
v -1.09516 -0.0766382 1.20061
v -1.09472 -0.0751129 1.19832
v -1.0952 -0.0767513 1.20001
v -1.09524 -0.074752 1.19252
v -1.09476 -0.0743961 1.19544
v -1.09602 -0.0761758 1.19076
v -1.12174 -0.0643424 1.18708
v -1.12284 -0.065279 1.18804
v -1.12828 -0.0618301 1.17958
v -1.12934 -0.0625416 1.18021
v -1.12984 -0.0637175 1.1802
v -1.12345 -0.0667007 1.18802
v -1.11969 -0.0651076 1.18383
v -1.12054 -0.0643036 1.18547
v -1.1261 -0.0626767 1.17742
v -1.12705 -0.0619044 1.17851
v -1.13341 -0.0598825 1.17095
v -1.13432 -0.0604066 1.17133
v -1.13705 -0.0585622 1.16244
v -1.13774 -0.0589254 1.16264
v -1.13803 -0.0595921 1.16263
v -1.13472 -0.06133 1.17132
v -1.13144 -0.0606642 1.16964
v -1.13231 -0.059999 1.1703
v -1.13551 -0.0591785 1.16172
v -1.1362 -0.0586722 1.16209
v -1.13916 -0.0578947 1.15548
v -1.13961 -0.0581157 1.1555
v -1.13998 -0.0577248 1.15168
v -1.14033 -0.0578331 1.151
v -1.14036 -0.0581052 1.15173
v -1.13979 -0.0585401 1.15557
v -1.13815 -0.058303 1.15512
v -1.13862 -0.0579719 1.15523
v -1.13938 -0.0579699 1.15149
v -1.13984 -0.0577659 1.15089
v -1.14033 -0.0579098 1.14931
v -1.14033 -0.0582622 1.15095
v -1.13954 -0.0581534 1.15076
v -1.13938 -0.0585018 1.15142
v -1.13984 -0.0584601 1.1508
v -1.13999 -0.0585854 1.15157
v -1.13554 -0.0605894 1.16147
v -1.13815 -0.0592009 1.15499
v -1.13801 -0.0587639 1.15494
v -1.13528 -0.0599132 1.16149
v -1.1371 -0.060845 1.16203
v -1.13917 -0.0593474 1.15527
v -1.13863 -0.0593973 1.15503
v -1.13625 -0.0609335 1.16168
v -1.12631 -0.0650874 1.17669
v -1.13153 -0.0625948 1.16919
v -1.13116 -0.0616595 1.16922
v -1.12584 -0.0638986 1.17674
v -1.12863 -0.0657306 1.17841
v -1.13355 -0.0630063 1.17023
v -1.13245 -0.0630934 1.16958
v -1.12739 -0.0657682 1.17735
v -1.12013 -0.0679388 1.18276
v -1.11956 -0.0665053 1.18282
v -1.12245 -0.0689234 1.18535
v -1.12125 -0.0688415 1.18375
v -1.13441 -0.0623191 1.17088
v -1.12955 -0.0649296 1.17949
v -1.13777 -0.060323 1.16239
v -1.12328 -0.0680835 1.18697
v -1.13962 -0.0589966 1.15537
v -1.10046 -0.0850199 1.23686
v -1.09976 -0.0844384 1.23754
v -1.10033 -0.0868112 1.2377
v -1.10113 -0.08684 1.23668
v -1.09945 -0.0841247 1.23794
v -1.10008 -0.0867974 1.23814
v -1.10171 -0.0895055 1.23707
v -1.10177 -0.0892145 1.23677
v -1.10199 -0.0886668 1.23627
v -1.10275 -0.0868968 1.23466
v -1.10118 -0.0843444 1.23569
v -1.10332 -0.0894141 1.23487
v -1.10457 -0.0898675 1.23345
v -1.10471 -0.0885093 1.23277
v -1.10463 -0.0869628 1.2323
v -1.1034 -0.0853761 1.23327
v -1.10209 -0.0839668 1.23441
v -1.10361 -0.0906789 1.23498
v -1.10378 -0.0911763 1.23506
v -1.1055 -0.0912771 1.23291
v -1.10514 -0.0907871 1.23308
v -1.09991 -0.084018 1.23833
v -1.10053 -0.086774 1.23852
v -1.10305 -0.0840036 1.23976
v -1.10354 -0.086668 1.2399
v -1.10496 -0.0893643 1.23874
v -1.10218 -0.0895659 1.23741
v -1.10429 -0.0912878 1.23532
v -1.10683 -0.0910245 1.23665
v -1.10841 -0.0911196 1.23445
v -1.10604 -0.0913909 1.2331
v -1.1104 -0.0841641 1.24287
v -1.11058 -0.0865787 1.24289
v -1.12019 -0.085276 1.24604
v -1.12002 -0.0873424 1.24595
v -1.12027 -0.0894027 1.2447
v -1.11146 -0.0890138 1.24167
v -1.11275 -0.0905041 1.23959
v -1.12086 -0.0906381 1.24271
v -1.12156 -0.0906591 1.24076
v -1.11393 -0.0905758 1.23748
v -1.11454 -0.0890823 1.23617
v -1.10907 -0.0894813 1.23302
v -1.1221 -0.0893561 1.23962
v -1.12229 -0.0873088 1.23966
v -1.11439 -0.0866915 1.23609
v -1.10863 -0.0868437 1.23281
v -1.10672 -0.0896991 1.23162
v -1.10616 -0.0896369 1.23147
v -1.10616 -0.0869709 1.23136
v -1.10559 -0.086991 1.23122
v -1.10447 -0.0842035 1.23253
v -1.10392 -0.0843066 1.23234
v -1.10718 -0.084171 1.23402
v -1.10532 -0.0824458 1.2361
v -1.10237 -0.0824142 1.23459
v -1.10185 -0.0825706 1.23433
v -1.11348 -0.0842782 1.23737
v -1.12203 -0.0852681 1.24095
v -1.12144 -0.0839818 1.24292
v -1.1122 -0.0827288 1.23942
v -1.11104 -0.0827309 1.24152
v -1.10376 -0.0824323 1.23828
v -1.12074 -0.0840236 1.24485
v -1.10065 -0.0823956 1.2368
v -1.10016 -0.0825517 1.23646
v -1.10189 -0.0830592 1.23433
v -1.10041 -0.0830613 1.23622
v -1.10522 -0.0869829 1.23158
v -1.10373 -0.0846114 1.23258
v -1.10571 -0.0893193 1.23182
v -1.13103 -0.0868781 1.24478
v -1.13072 -0.0869901 1.24647
v -1.14032 -0.0912565 1.24486
v -1.14026 -0.0914362 1.24626
v -1.13988 -0.0923251 1.2471
v -1.13026 -0.0880607 1.24749
v -1.13082 -0.0894639 1.24183
v -1.13106 -0.0878492 1.24301
v -1.13945 -0.0931097 1.24241
v -1.14 -0.0919166 1.24339
v -1.1489 -0.0966516 1.24351
v -1.14898 -0.096861 1.2446
v -1.15609 -0.102216 1.24133
v -1.15622 -0.10241 1.24211
v -1.15601 -0.102917 1.24258
v -1.14869 -0.0975613 1.24526
v -1.1478 -0.0978818 1.24164
v -1.14844 -0.0970572 1.24238
v -1.15508 -0.102963 1.24004
v -1.15565 -0.102438 1.24055
v -1.16118 -0.106947 1.23906
v -1.16132 -0.107138 1.23951
v -1.16362 -0.109621 1.23765
v -1.1641 -0.110219 1.23761
v -1.16361 -0.109899 1.23811
v -1.16115 -0.107409 1.23984
v -1.16045 -0.107359 1.23827
v -1.1609 -0.107107 1.23856
v -1.16318 -0.109851 1.23719
v -1.16389 -0.110194 1.23715
v -1.16487 -0.111472 1.23676
v -1.16387 -0.110557 1.23775
v -1.16352 -0.110516 1.23701
v -1.16289 -0.11027 1.23737
v -1.16351 -0.11074 1.23738
v -1.16316 -0.1103 1.23794
v -1.15437 -0.104125 1.24049
v -1.15998 -0.108075 1.23856
v -1.16018 -0.107791 1.23825
v -1.1546 -0.103607 1.24003
v -1.15494 -0.104097 1.24206
v -1.16041 -0.108106 1.23953
v -1.16015 -0.108245 1.23902
v -1.15451 -0.104301 1.24127
v -1.13848 -0.0953235 1.24315
v -1.1469 -0.0995519 1.24223
v -1.14722 -0.0988328 1.2416
v -1.13887 -0.0944065 1.24235
v -1.13875 -0.0948386 1.24605
v -1.14746 -0.0993538 1.24447
v -1.14701 -0.099734 1.24334
v -1.13844 -0.095465 1.24457
v -1.12991 -0.0922445 1.24272
v -1.13038 -0.0911346 1.24175
v -1.12956 -0.0913772 1.24622
v -1.1296 -0.092306 1.24444
v -1.1481 -0.0985154 1.24519
v -1.1393 -0.0936292 1.24699
v -1.15552 -0.103562 1.24255
v -1.12982 -0.0897446 1.24736
v -1.16086 -0.107841 1.2398
v -1.07985 -0.12146 1.22465
v -1.07966 -0.120826 1.22558
v -1.07825 -0.120973 1.22359
v -1.07899 -0.121825 1.22294
v -1.07953 -0.120546 1.22608
v -1.07792 -0.120695 1.22385
v -1.07723 -0.121912 1.22082
v -1.07763 -0.122043 1.22091
v -1.0783 -0.12239 1.22108
v -1.08045 -0.123539 1.22166
v -1.08108 -0.122363 1.22454
v -1.07892 -0.123656 1.21958
v -1.07972 -0.124907 1.21832
v -1.08096 -0.125324 1.2191
v -1.08215 -0.125533 1.22017
v -1.0823 -0.124525 1.22216
v -1.08223 -0.123403 1.22409
v -1.07814 -0.123722 1.21853
v -1.0778 -0.123801 1.21813
v -1.07933 -0.125618 1.21674
v -1.07949 -0.125339 1.21728
v -1.07918 -0.120991 1.22633
v -1.07754 -0.121125 1.22402
v -1.07752 -0.123988 1.22673
v -1.07599 -0.124011 1.2245
v -1.07541 -0.125028 1.22145
v -1.07685 -0.122349 1.22089
v -1.07745 -0.124266 1.21812
v -1.07609 -0.126717 1.21875
v -1.07768 -0.128408 1.21735
v -1.07904 -0.126121 1.21668
v -1.07373 -0.130974 1.2274
v -1.07247 -0.130748 1.22535
v -1.06906 -0.14021 1.22703
v -1.06812 -0.139699 1.22525
v -1.06811 -0.139673 1.22283
v -1.07215 -0.131283 1.22255
v -1.07299 -0.132432 1.22007
v -1.06909 -0.140182 1.22068
v -1.07064 -0.140999 1.21957
v -1.07458 -0.133726 1.21878
v -1.07636 -0.134662 1.2193
v -1.07963 -0.129428 1.21792
v -1.07219 -0.141824 1.22002
v -1.07317 -0.142355 1.22175
v -1.07765 -0.134926 1.22129
v -1.0812 -0.129456 1.2201
v -1.08106 -0.127172 1.21727
v -1.08129 -0.126637 1.21731
v -1.08273 -0.127096 1.21951
v -1.08292 -0.126544 1.21948
v -1.08337 -0.125828 1.22265
v -1.08356 -0.125285 1.22252
v -1.08173 -0.128397 1.22315
v -1.0811 -0.126724 1.2259
v -1.08282 -0.123925 1.22547
v -1.08304 -0.12341 1.22525
v -1.07792 -0.134356 1.2241
v -1.07314 -0.142356 1.22418
v -1.07219 -0.141867 1.22636
v -1.07713 -0.133225 1.22663
v -1.07551 -0.131937 1.22784
v -1.07947 -0.12505 1.22722
v -1.07062 -0.141043 1.22741
v -1.0812 -0.12209 1.22682
v -1.08148 -0.121613 1.22656
v -1.08278 -0.123369 1.22484
v -1.08139 -0.121781 1.22598
v -1.08267 -0.126158 1.21972
v -1.08323 -0.12503 1.22241
v -1.08122 -0.126229 1.21781
v -1.06776 -0.150684 1.22381
v -1.06631 -0.150242 1.22464
v -1.06415 -0.159066 1.21912
v -1.06287 -0.15889 1.21971
v -1.06176 -0.158311 1.21943
v -1.06497 -0.149538 1.22431
v -1.069 -0.150232 1.22012
v -1.06877 -0.150667 1.22207
v -1.06542 -0.158061 1.21638
v -1.06511 -0.158736 1.21784
v -1.06134 -0.166682 1.2129
v -1.06029 -0.166658 1.21328
v -1.05935 -0.172959 1.20626
v -1.05858 -0.172998 1.20649
v -1.05795 -0.172674 1.20633
v -1.05942 -0.166206 1.21306
v -1.06247 -0.165513 1.21101
v -1.06216 -0.166233 1.21202
v -1.06022 -0.171926 1.20507
v -1.05997 -0.172541 1.20572
v -1.05817 -0.177309 1.20051
v -1.05767 -0.17739 1.20057
v -1.05767 -0.179357 1.19724
v -1.05734 -0.17973 1.19666
v -1.05714 -0.179268 1.19725
v -1.05727 -0.177151 1.20053
v -1.05874 -0.176583 1.19983
v -1.05856 -0.177046 1.20014
v -1.05801 -0.178912 1.19686
v -1.05777 -0.179551 1.19647
v -1.05732 -0.180325 1.19507
v -1.05708 -0.179436 1.19647
v -1.05778 -0.179147 1.19616
v -1.05769 -0.178549 1.19663
v -1.05735 -0.179076 1.19616
v -1.05715 -0.178769 1.19687
v -1.05936 -0.171002 1.20439
v -1.0582 -0.175976 1.19943
v -1.05857 -0.176237 1.19949
v -1.05997 -0.171342 1.20457
v -1.05795 -0.171464 1.20517
v -1.05729 -0.176327 1.19986
v -1.0577 -0.176082 1.1995
v -1.05858 -0.17106 1.20464
v -1.06382 -0.156685 1.21499
v -1.06125 -0.164315 1.21
v -1.06211 -0.164785 1.21025
v -1.06491 -0.157279 1.21531
v -1.06156 -0.15684 1.21688
v -1.05937 -0.164743 1.21127
v -1.06021 -0.164313 1.21041
v -1.06254 -0.156532 1.21562
v -1.06697 -0.148807 1.21832
v -1.06829 -0.149517 1.21871
v -1.06448 -0.148378 1.22092
v -1.06552 -0.148382 1.2192
v -1.05909 -0.165471 1.21229
v -1.06128 -0.157527 1.21833
v -1.05772 -0.172083 1.20582
v -1.0643 -0.14883 1.22286
v -1.05714 -0.176795 1.20017
v -1.08304 -0.12049 1.23195
v -1.08316 -0.120739 1.23168
v -1.08398 -0.119881 1.23183
v -1.08356 -0.11977 1.23219
v -1.08323 -0.120857 1.23165
v -1.0841 -0.119951 1.23179
v -1.08442 -0.118907 1.23243
v -1.08428 -0.118896 1.23242
v -1.08394 -0.119015 1.23254
v -1.08257 -0.119519 1.23307
v -1.08224 -0.120633 1.23238
v -1.0835 -0.11856 1.23321
v -1.08294 -0.118236 1.23386
v -1.08215 -0.118676 1.23403
v -1.08143 -0.119231 1.23408
v -1.08137 -0.119957 1.23352
v -1.08149 -0.120624 1.2329
v -1.0839 -0.118165 1.23328
v -1.08402 -0.118129 1.23334
v -1.0831 -0.11788 1.23417
v -1.08304 -0.117924 1.23406
v -1.08339 -0.121067 1.23184
v -1.08427 -0.120156 1.23199
v -1.08396 -0.121811 1.2326
v -1.08485 -0.120915 1.23277
v -1.0852 -0.119892 1.23344
v -1.0846 -0.119109 1.23264
v -1.0842 -0.118329 1.23356
v -1.08482 -0.119137 1.2344
v -1.08391 -0.118907 1.23526
v -1.08328 -0.118082 1.23441
v -1.08519 -0.123449 1.23426
v -1.08611 -0.122592 1.23446
v -1.08694 -0.125884 1.2365
v -1.08789 -0.125096 1.23674
v -1.08834 -0.124239 1.23753
v -1.0865 -0.12163 1.23519
v -1.08617 -0.120935 1.23619
v -1.08807 -0.123647 1.2386
v -1.08723 -0.123516 1.23953
v -1.08528 -0.120742 1.23709
v -1.08215 -0.118511 1.23483
v -1.08199 -0.118305 1.23459
v -1.08278 -0.119336 1.23568
v -1.08186 -0.120216 1.23554
v -1.08125 -0.119406 1.2347
v -1.0811 -0.119195 1.23447
v -1.08415 -0.121169 1.23751
v -1.08611 -0.123938 1.23994
v -1.08515 -0.124715 1.23973
v -1.08322 -0.122013 1.23733
v -1.08286 -0.122972 1.23658
v -1.08155 -0.121236 1.23484
v -1.08473 -0.125567 1.23892
v -1.08497 -0.126178 1.23785
v -1.08316 -0.123686 1.23558
v -1.0819 -0.122011 1.2339
v -1.08095 -0.120451 1.23403
v -1.08081 -0.120236 1.23381
v -1.08132 -0.121251 1.23311
v -1.08118 -0.121035 1.23291
v -1.08226 -0.121468 1.23228
v -1.08212 -0.121254 1.23209
v -1.08283 -0.122212 1.23305
v -1.08407 -0.123852 1.2347
v -1.08583 -0.126283 1.23694
v -1.08707 -0.129293 1.24021
v -1.08786 -0.129314 1.23928
v -1.08924 -0.132929 1.24214
v -1.08994 -0.132844 1.24123
v -1.09096 -0.132471 1.24082
v -1.08894 -0.128923 1.23885
v -1.0874 -0.12814 1.24218
v -1.08691 -0.128834 1.24132
v -1.08972 -0.13218 1.24412
v -1.08918 -0.132666 1.24325
v -1.09129 -0.137043 1.24319
v -1.09188 -0.136842 1.24233
v -1.09317 -0.141736 1.24322
v -1.09367 -0.141438 1.24245
v -1.09453 -0.141118 1.2421
v -1.09283 -0.136494 1.24196
v -1.0919 -0.136758 1.24506
v -1.09131 -0.137003 1.24423
v -1.09386 -0.141858 1.2449
v -1.09326 -0.141891 1.24416
v -1.09487 -0.147104 1.24216
v -1.0953 -0.146753 1.24146
v -1.09633 -0.153076 1.2399
v -1.09671 -0.152706 1.2393
v -1.09742 -0.152438 1.23901
v -1.09609 -0.14646 1.24115
v -1.09558 -0.147478 1.24364
v -1.09499 -0.147377 1.24299
v -1.09701 -0.15359 1.24118
v -1.09646 -0.153411 1.24062
v -1.09747 -0.159393 1.23647
v -1.0978 -0.159018 1.23596
v -1.09815 -0.165206 1.23231
v -1.09844 -0.164834 1.2319
v -1.09899 -0.164623 1.23168
v -1.09844 -0.158778 1.23571
v -1.0981 -0.160001 1.23752
v -1.0976 -0.159766 1.23707
v -1.0987 -0.165883 1.23311
v -1.09826 -0.165605 1.23277
v -1.09825 -0.169747 1.22789
v -1.0985 -0.169384 1.22757
v -1.09788 -0.173141 1.22336
v -1.0981 -0.172805 1.22312
v -1.09852 -0.172647 1.22296
v -1.09899 -0.169199 1.22738
v -1.09873 -0.170465 1.22845
v -1.09834 -0.170159 1.22823
v -1.09828 -0.173845 1.22371
v -1.09796 -0.173538 1.22358
v -1.09721 -0.175703 1.21879
v -1.09739 -0.175418 1.21862
v -1.09634 -0.177584 1.21437
v -1.09648 -0.17736 1.21425
v -1.09674 -0.177263 1.21415
v -1.09773 -0.17529 1.21849
v -1.09752 -0.176317 1.21901
v -1.09727 -0.176047 1.21894
v -1.09657 -0.17807 1.2145
v -1.09638 -0.177855 1.21446
v -1.09543 -0.178861 1.21046
v -1.09553 -0.178708 1.21034
v -1.09489 -0.179487 1.20819
v -1.09486 -0.179506 1.20771
v -1.09509 -0.179322 1.20809
v -1.09572 -0.178624 1.21031
v -1.0956 -0.179224 1.21054
v -1.09545 -0.179073 1.21048
v -1.095 -0.17974 1.20824
v -1.09481 -0.179723 1.20779
v -1.09471 -0.179899 1.20675
v -1.09509 -0.179499 1.20765
v -1.09501 -0.179851 1.20777
v -1.09527 -0.179732 1.20816
v -1.09518 -0.179712 1.20768
v -1.09533 -0.179474 1.20807
v -1.09711 -0.178049 1.21436
v -1.09599 -0.179211 1.21043
v -1.09578 -0.179286 1.21046
v -1.09685 -0.178139 1.21446
v -1.09721 -0.17755 1.21414
v -1.09607 -0.17884 1.21029
v -1.09607 -0.179052 1.21031
v -1.09724 -0.177821 1.21424
v -1.09915 -0.173786 1.22353
v -1.09822 -0.176283 1.21884
v -1.09789 -0.176401 1.21897
v -1.09874 -0.173933 1.22369
v -1.0993 -0.173045 1.22307
v -1.09835 -0.175648 1.21852
v -1.0984 -0.175992 1.21867
v -1.09936 -0.173443 1.22329
v -1.09989 -0.165719 1.23297
v -1.09976 -0.170361 1.22828
v -1.09927 -0.170535 1.22846
v -1.09933 -0.165919 1.23318
v -1.10007 -0.16494 1.23208
v -1.09992 -0.169579 1.22762
v -1.1 -0.169992 1.22796
v -1.10016 -0.165342 1.23255
v -1.09852 -0.15327 1.24108
v -1.09945 -0.159763 1.2374
v -1.0988 -0.159993 1.23763
v -1.0978 -0.153529 1.24134
v -1.09877 -0.152558 1.23974
v -1.09966 -0.159008 1.23628
v -1.09976 -0.159385 1.23687
v -1.09888 -0.152898 1.24046
v -1.09565 -0.141317 1.24482
v -1.09723 -0.147066 1.24355
v -1.09643 -0.147353 1.24384
v -1.09478 -0.141635 1.24514
v -1.09606 -0.14086 1.24309
v -1.09754 -0.146436 1.24201
v -1.09764 -0.146716 1.24284
v -1.09612 -0.141023 1.24403
v -1.09174 -0.13126 1.24401
v -1.09381 -0.136033 1.24497
v -1.09286 -0.136385 1.24532
v -1.09071 -0.131645 1.24439
v -1.09251 -0.131439 1.24197
v -1.09439 -0.13587 1.24305
v -1.09439 -0.135842 1.24409
v -1.09241 -0.131191 1.24307
v -1.08947 -0.127058 1.24203
v -1.08838 -0.127466 1.24243
v -1.09042 -0.127542 1.23997
v -1.09024 -0.1271 1.24108
v -1.09378 -0.136124 1.24225
v -1.09194 -0.131932 1.24112
v -1.09544 -0.140902 1.24236
v -1.08991 -0.128242 1.23913
v -1.09694 -0.146345 1.24137
v -1.09821 -0.152389 1.23919
v -1.09914 -0.158782 1.23584
v -1.09962 -0.164671 1.23176
v -1.09953 -0.169281 1.22741
v -1.09897 -0.172746 1.22294
v -1.09809 -0.175384 1.21846
v -1.09701 -0.17734 1.21411
v -1.09591 -0.178695 1.21023
v -1.08122 -0.120905 1.23287
v -1.08211 -0.121107 1.2321
v -1.08115 -0.119166 1.23434
v -1.08088 -0.120148 1.23372
v -1.08199 -0.11833 1.23445
vt 0 0.1941
vt 0 0.1659
vt 0 0.1436
vt 0 0.1214
vt 0 0.2007
vt 0 0.1214
vt 0 0.2063
vt 0 0.1438
vt 0 0.1997
vt 0 0.1504
vt 0 0.1878
vt 0 0.1438
vt 0 0.2004
vt 0 0.1878
vt 0 0.2008
vt 0 0.2037
vt 0 0.1951
vt 0 0.1504
vt 0 0.1214
vt 0 0.1997
vt 0 0.1657
vt 0 0.1435
vt 0 0.1436
vt 0 0.1608
vt 0 0.1438
vt 0 0.2063
vt 0 0.1439
vt 0 0.1436
vt 0 0.1439
vt 0 0.1773
vt 0 0.2037
vt 0 0.1213
vt 0 0.1507
vt 0 0.1857
vt 0 0.08435
vt 0 0.2073
vt 0 0.1662
vt 0 0.1555
vt 0 0.1214
vt 0 0.1815
vt 0 0.1662
vt 0 0.1504
vt 0 0.188
vt 0 0.1435
vt 0 0.1894
vt 0 0.2037
vt 0 0.163
vt 0 0.1507
vt 0 0.1436
vt 0 0.1878
vt 0 0.1773
vt 0 0.1559
vt 0 0.1662
vt 0 0.188
vt 0 0.1951
vt 0 0.1662
vt 0 0.1815
vt 0 0.1436
vt 0 0.1665
vt 0 0.1815
vt 0 0.1665
vt 0 0.1369
vt 0 0.1878
vt 0 0.2037
vt 0 0.1368
vt 0 0.1878
vt 0 0.1662
vt 0 0.1436
vt 0 0.1878
vt 0 0.1369
vt 0 0.1319
vt 0 0.1441
vt 0 0.1317
vt 0 0.163
vt 0 0.1437
vt 0 0.1815
vt 0 0.1001
vt 0 0.1001
vt 0 0.1368
vt 0 0.1857
vt 0 0.1662
vt 0 0.1441
vt 0 0.1368
vt 0 0.1651
vt 0 0.1215
vt 0 0.09264
vt 0 0.08433
vt 0 0.1001
vt 0 0.1317
vt 0 0.09308
vt 0 0.1212
vt 0 0.1437
vt 0 0.1313
vt 0 0.08672
vt 0 0.1437
vt 0 0.08614
vt 0 0.1214
vt 0 0.1437
vt 0 0.1366
vt 0 0.09308
vt 0 0.1212
vt 0 0.1436
vt 0 0.1214
vt 0 0.1211
vt 0 0.09788
vt 0 0.1662
vt 0 0.09219
vt 0 0.08672
vt 0 0.1437
vt 0 0.1368
vt 0 0.1437
vt 0 0.08672
vt 0 0.1001
vt 0 0.1366
vt 0 0.1662
vt 0 0.09219
vt 0 0.08425
vt 0 0.1436
vt 0 0.1
vt 0 0.08652
vt 0 0.1214
vt 0 0.132
vt 0 0.1001
vt 0 0.08433
vt 0 0.137
vt 0 0.1213
vt 0 0.1369
vt 0 0.1318
vt 0 0.1
vt 0 0.1001
vt 0 0.137
vt 0 0.1436
vt 0 0.08614
vt 0 0.1448
vt 0 0.1436
vt 0 0.1436
vt 0 0.07964
vt 0 0.1659
vt 0 0.08037
vt 0 0.1659
vt 0 0.08037
vt 0 0.1369
vt 0 0.08435
vt 0 0.1436
vt 0 0.08672
vt 0 0.1002
vt 0 0.1067
vt 0 0.1001
vt 0 0.1249
vt 0 0.1369
vt 0 0.1437
vt 0 0.127
vt 0 0.1223
vt 0 0.1228
vt 0 0.1436
vt 0 0.1249
vt 0 0.1437
vt 0 0.1111
vt 0 0.1214
vt 0 0.1436
vt 0 0.1214
vt 0 0.1111
vt 0 0.1001
vt 0 0.1453
vt 0 0.1366
vt 0 0.1024
vt 0 0.1676
vt 0 0.1067
vt 0 0.1436
vt 0 0.1318
vt 0 0.1453
vt 0 0.09926
vt 0 0.08435
vt 0 0.1369
vt 0 0.1001
vt 0 0.1448
vt 0 0.1067
vt 0 0.1001
vt 0 0.0933
vt 0 0.1366
vt 0 0.1672
vt 0 0.08435
vt 0 0.1067
vt 0 0.1314
vt 0 0.1218
vt 0 0.1214
vt 0 0.0933
vt 0 0.1001
vt 0 0.1024
vt 0 0.1293
vt 0 0.1437
vt 0 0.08733
vt 0 0.1215
vt 0 0.1298
vt 0 0.1001
vt 0 0.1214
vt 0 0.1296
vt 0 0.1215
vt 0 0.1002
vt 0 0.1291
vt 0 0.08435
vt 0 0.1298
vt 0 0.132
vt 0 0.1438
vt 0 0.1318
vt 0 0.123
vt 0 0.1215
vt 0 0.09654
vt 0 0.2037
vt 0 0.188
vt 0 0.1296
vt 0 0.0975
vt 0 0.1437
vt 0 0.1659
vt 0 0.1296
vt 0 0.0975
vt 0 0.1661
vt 0 0.09654
vt 0 0.1883
vt 0 0.2039
vt 0 0.1318
vt 0 0.0975
vt 0 0.1438
vt 0 0.1438
vt 0 0.1314
vt 0 0.1022
vt 0 0.1661
vt 0 0.1022
vt 0 0.188
vt 0 0.1215
vt 0 0.1291
vt 0 0.0975
vt 0 0.1675
vt 0 0.1291
vt 0 0.1665
vt 0 0.1448
vt 0 0.0975
vt 0 0.1438
vt 0 0.1022
vt 0 0.1022
vt 0 0.1448
vt 0 0.1296
vt 0 0.1218
vt 0 0.0975
vt 0 0.1672
vt 0 0.1291
vt 0 0.204
vt 0 0.09654
vt 0 0.1886
vt 0 0.1287
vt 0 0.1883
vt 0 0.0975
vt 0 0.1883
vt 0 0.1553
vt 0 0.2039
vt 0 0.1886
vt 0 0.1576
vt 0 0.1672
vt 0 0.1578
vt 0 0.1556
vt 0 0.1676
vt 0 0.1883
vt 0 0.1576
vt 0 0.158
vt 0 0.09654
vt 0 0.09586
vt 0 0.1582
vt 0 0.1448
vt 0 0.191
vt 0 0.1441
vt 0 0.191
vt 0 0.1215
vt 0 0.0975
vt 0 0.1578
vt 0 0.09981
vt 0 0.1223
vt 0 0.1914
vt 0 0.08425
vt 0 0.1591
vt 0 0.1
vt 0 0.1914
vt 0 0.1578
vt 0 0.1672
vt 0 0.1914
vt 0 0.09586
vt 0 0.09549
vt 0 0.1582
vt 0 0.1865
vt 0 0.1665
vt 0 0.191
vt 0 0.1448
vt 0 0.1586
vt 0 0.08388
vt 0 0.191
vt 0 0.09981
vt 0 0.09586
vt 0 0.1582
vt 0 0.174
vt 0 0.09308
vt 0 0.1862
vt 0 0.1441
vt 0 0.1556
vt 0 0.09264
vt 0 0.191
vt 0 0.09961
vt 0 0.1578
vt 0 0.08406
vt 0 0.1004
vt 0 0.191
vt 0 0.1208
vt 0 0.1865
vt 0 0.1582
vt 0 0.09308
vt 0 0.09961
vt 0 0.1866
vt 0 0.1559
vt 0 0.1
vt 0 0.121
vt 0 0.1914
vt 0 0.09981
vt 0 0.191
vt 0 0.132
vt 0 0.1431
vt 0 0.191
vt 0 0.09981
vt 0 0.137
vt 0 0.121
vt 0 0.1427
vt 0 0.137
vt 0 0.1213
vt 0 0.08406
vt 0 0.132
vt 0 0.1208
vt 0 0.137
vt 0 0.1436
vt 0 0.121
vt 0 0.1436
vt 0 0.174
vt 0 0.1427
vt 0 0.1591
vt 0 0.09788
vt 0 0.1007
vt 0 0.137
vt 0 0.174
vt 0 0.1648
vt 0 0.1652
vt 0 0.137
vt 0 0.185
vt 0 0.1431
vt 0 0.185
vt 0 0.09625
vt 0 0.09626
vt 0 0.1436
vt 0 0.174
vt 0 0.1431
vt 0 0.1652
vt 0 0.1436
vt 0 0.174
vt 0 0.1657
vt 0 0.185
vt 0 0.1008
vt 0 0.1431
vt 0 0.137
vt 0 0.185
vt 0 0.1435
vt 0 0.132
vt 0 0.09625
vt 0 0.121
vt 0 0.174
vt 0 0.1435
vt 0 0.1591
vt 0 0.174
vt 0 0.1213
vt 0 0.137
vt 0 0.1011
vt 0 0.174
vt 0 0.09589
vt 0 0.137
vt 0 0.0963
vt 0 0.1591
vt 0 0.09626
vt 0 0.132
vt 0 0.1008
vt 0 0.1266
vt 0 0.09626
vt 0 0.1436
vt 0 0.0963
vt 0 0.09589
vt 0 0.137
vt 0 0.09626
vt 0 0.1371
vt 0 0.1436
vt 0 0.09589
vt 0 0.09589
vt 0 0.137
vt 0 0.132
vt 0 0.1121
vt 0 0.1918
vt 0 0.1321
vt 0 0.09549
vt 0 0.1011
vt 0 0.1004
vt 0 0.1127
vt 0 0.0963
vt 0 0.1127
vt 0 0.1371
vt 0 0.1746
vt 0 0.09589
vt 0 0.1273
vt 0 0.09926
vt 0 0.1591
vt 0 0.1862
vt 0 0.174
vt 0 0.1371
vt 0 0.09586
vt 0 0.1008
vt 0 0.1915
vt 0 0.1915
vt 0 0.1321
vt 0 0.1008
vt 0 0.1894
vt 0 0.1121
vt 0 0.0963
vt 0 0.1321
vt 0 0.1773
vt 0 0.1007
vt 0 0.1869
vt 0 0.1912
vt 0 0.1371
vt 0 0.174
vt 0 0.1915
vt 0 0.1121
vt 0 0.1011
vt 0 0.1436
vt 0 0.1918
vt 0 0.1121
vt 0 0.1754
vt 0 0.1371
vt 0 0.1773
vt 0 0.1944
vt 0 0.1121
vt 0 0.1601
vt 0 0.1273
vt 0 0.1371
vt 0 0.1947
vt 0 0.1608
vt 0 0.1121
vt 0 0.1436
vt 0 0.1869
vt 0 0.1754
vt 0 0.1275
vt 0 0.1601
vt 0 0.174
vt 0 0.1436
vt 0 0.1019
vt 0 0.1591
vt 0 0.1754
vt 0 0.1503
vt 0 0.1607
vt 0 0.113
vt 0 0.1503
vt 0 0.1746
vt 0 0.1754
vt 0 0.1436
vt 0 0.1111
vt 0 0.1503
vt 0 0.1553
vt 0 0.1111
vt 0 0.1552
vt 0 0.185
vt 0 0.127
vt 0 0.185
vt 0 0.1944
vt 0 0.1941
vt 0 0.1503
vt 0 0.174
vt 0 0.128
vt 0 0.113
vt 0 0.1503
vt 0 0.174
vt 0 0.113
vt 0 0.185
vt 0 0.09589
vt 0 0.09622
vt 0 0.1552
vt 0 0.185
vt 0 0.128
vt 0 0.1282
vt 0 0.1552
vt 0 0.174
vt 0 0.1133
vt 0 0.1591
vt 0 0.09581
vt 0 0.1133
vt 0 0.1503
vt 0 0.174
vt 0 0.1019
vt 0 0.1436
vt 0 0.09549
vt 0 0.113
vt 0 0.174
vt 0 0.1022
vt 0 0.1591
vt 0 0.1914
vt 0 0.09264
vt 0 0.1503
vt 0 0.09294
vt 0 0.191
vt 0 0.09622
vt 0 0.1503
vt 0 0.09581
vt 0 0.191
vt 0 0.09549
vt 0 0.1436
vt 0 0.09294
vt 0 0.1914
vt 0 0.09613
vt 0 0.1553
vt 0 0.09323
vt 0 0.09613
vt 0 0.1576
vt 0 0.09581
vt 0 0.1575
vt 0 0.1552
vt 0 0.09581
vt 0 0.09654
vt 0 0.1576
vt 0 0.158
vt 0 0.1866
vt 0 0.1862
vt 0 0.1579
vt 0 0.1914
vt 0 0.191
vt 0 0.1915
vt 0 0.191
vt 0 0.1912
vt 0 0.191
vt 0 0.1575
vt 0 0.185
vt 0 0.1911
vt 0 0.1866
vt 0 0.11
vt 0 0.185
vt 0 0.1264
vt 0 0.185
vt 0 0.1575
vt 0 0.1911
vt 0 0.1866
vt 0 0.1869
vt 0 0.1914
vt 0 0.1579
vt 0 0.1914
vt 0 0.1931
vt 0 0.1866
vt 0 0.1907
vt 0 0.1579
vt 0 0.1902
vt 0 0.191
vt 0 0.1931
vt 0 0.1942
vt 0 0.1575
vt 0 0.174
vt 0 0.1918
vt 0 0.191
vt 0 0.188
vt 0 0.1552
vt 0 0.1914
vt 0 0.191
vt 0 0.1854
vt 0 0.1575
vt 0 0.1941
vt 0 0.1894
vt 0 0.174
vt 0 0.1902
vt 0 0.1914
vt 0 0.1575
vt 0 0.1869
vt 0 0.1912
vt 0 0.1591
vt 0 0.1552
vt 0 0.1902
vt 0 0.1902
vt 0 0.174
vt 0 0.1907
vt 0 0.174
vt 0 0.132
vt 0 0.11
vt 0 0.1591
vt 0 0.1912
vt 0 0.1298
vt 0 0.1898
vt 0 0.1272
vt 0 0.1299
vt 0 0.1854
vt 0 0.1898
vt 0 0.1321
vt 0 0.1119
vt 0 0.1298
vt 0 0.1293
vt 0 0.09788
vt 0 0.1294
vt 0 0.174
vt 0 0.1004
vt 0 0.185
vt 0 0.1914
vt 0 0.1942
vt 0 0.1299
vt 0 0.185
vt 0 0.1119
vt 0 0.1119
vt 0 0.1299
vt 0 0.174
vt 0 0.1004
vt 0 0.1591
vt 0 0.1947
vt 0 0.1591
vt 0 0.1294
vt 0 0.174
vt 0 0.1011
vt 0 0.1127
vt 0 0.1294
vt 0 0.174
vt 0 0.1272
vt 0 0.1591
vt 0 0.174
vt 0 0.1266
vt 0 0.1299
vt 0 0.1275
vt 0 0.1119
vt 0 0.1321
vt 0 0.1743
vt 0 0.1127
vt 0 0.1121
vt 0 0.1603
vt 0 0.1121
vt 0 0.1275
vt 0 0.1762
vt 0 0.1299
vt 0 0.1743
vt 0 0.1121
vt 0 0.1593
vt 0 0.1299
vt 0 0.1593
vt 0 0.1007
vt 0 0.1762
vt 0 0.1321
vt 0 0.188
vt 0 0.1007
vt 0 0.185
vt 0 0.1319
vt 0 0.1854
vt 0 0.1743
vt 0 0.1369
vt 0 0.1854
vt 0 0.137
vt 0 0.132
vt 0 0.1743
vt 0 0.174
vt 0 0.1369
vt 0 0.1436
vt 0 0.1121
vt 0 0.1133
vt 0 0.1436
vt 0 0.191
vt 0 0.1121
vt 0 0.191
vt 0 0.1007
vt 0 0.1914
vt 0 0.1121
vt 0 0.137
vt 0 0.1133
vt 0 0.1918
vt 0 0.1007
vt 0 0.1133
vt 0 0.0975
vt 0 0.1022
vt 0 0.09654
vt 0 0.137
vt 0 0.1914
vt 0 0.1275
vt 0 0.1282
vt 0 0.1282
vt 0 0.1436
vt 0 0.1275
vt 0 0.09709
vt 0 0.1121
vt 0 0.09323
vt 0 0.1436
vt 0 0.09613
vt 0 0.09654
vt 0 0.09421
vt 0 0.1725
vt 0 0.137
vt 0 0.09807
vt 0 0.1858
vt 0 0.1121
vt 0 0.09421
vt 0 0.132
vt 0 0.1133
vt 0 0.0975
vt 0 0.09926
vt 0 0.137
vt 0 0.1282
vt 0 0.1019
vt 0 0.09807
vt 0 0.09709
vt 0 0.0975
vt 0 0.137
vt 0 0.1133
vt 0 0.09709
vt 0 0.09709
vt 0 0.132
vt 0 0.1019
vt 0 0.0975
vt 0 0.09807
vt 0 0.0975
vt 0 0.1022
vt 0 0.1293
vt 0 0.1022
vt 0 0.1022
vt 0 0.1028
vt 0 0.1297
vt 0 0.1746
vt 0 0.09613
vt 0 0.1298
vt 0 0.09709
vt 0 0.09654
vt 0 0.1294
vt 0 0.1028
vt 0 0.127
vt 0 0.1065
vt 0 0.1862
vt 0 0.1631
vt 0 0.1297
vt 0 0.1021
vt 0 0.1436
vt 0 0.1436
vt 0 0.1319
vt 0 0.09709
vt 0 0.128
vt 0 0.09807
vt 0 0.1725
vt 0 0.1746
vt 0 0.132
vt 0 0.1021
vt 0 0.1436
vt 0 0.1603
vt 0 0.1298
vt 0 0.1009
vt 0 0.1593
vt 0 0.1275
vt 0 0.1607
vt 0 0.1631
vt 0 0.1298
vt 0 0.1121
vt 0 0.1436
vt 0 0.1436
vt 0 0.132
vt 0 0.1121
vt 0 0.1593
vt 0 0.1275
vt 0 0.1725
vt 0 0.1631
vt 0 0.132
vt 0 0.1121
vt 0 0.1591
vt 0 0.1436
vt 0 0.1298
vt 0 0.1007
vt 0 0.128
vt 0 0.1007
vt 0 0.1616
vt 0 0.1746
vt 0 0.1294
vt 0 0.1121
vt 0 0.1436
vt 0 0.1436
vt 0 0.1298
vt 0 0.1121
vt 0 0.1282
vt 0 0.1007
vt 0 0.1725
vt 0 0.1631
vt 0 0.1298
vt 0 0.1007
vt 0 0.1608
vt 0 0.1436
vt 0 0.1294
vt 0 0.1121
vt 0 0.1436
vt 0 0.1275
vt 0 0.1607
vt 0 0.1272
vt 0 0.1553
vt 0 0.1121
vt 0 0.1601
vt 0 0.1503
vt 0 0.1858
vt 0 0.1264
vt 0 0.1121
vt 0 0.1436
vt 0 0.1275
vt 0 0.09654
vt 0 0.1436
vt 0 0.1503
vt 0 0.1266
vt 0 0.0975
vt 0 0.1725
vt 0 0.1553
vt 0 0.1376
vt 0 0.0975
vt 0 0.1436
vt 0 0.1503
vt 0 0.1272
vt 0 0.09654
vt 0 0.1862
vt 0 0.1436
vt 0 0.1436
vt 0 0.0975
vt 0 0.1497
vt 0 0.1436
vt 0 0.1436
vt 0 0.1022
vt 0 0.0963
vt 0 0.1503
vt 0 0.1376
vt 0 0.1022
vt 0 0.1607
vt 0 0.1503
vt 0 0.1601
vt 0 0.0975
vt 0 0.1015
vt 0 0.1436
vt 0 0.1436
vt 0 0.0975
vt 0 0.1497
vt 0 0.1436
vt 0 0.1011
vt 0 0.1022
vt 0 0.09589
vt 0 0.1502
vt 0 0.0963
vt 0 0.1022
vt 0 0.09635
vt 0 0.1553
vt 0 0.1015
vt 0 0.0975
vt 0 0.09635
vt 0 0.1503
vt 0 0.0963
vt 0 0.09589
vt 0 0.1502
vt 0 0.09635
vt 0 0.1553
vt 0 0.1321
vt 0 0.09589
vt 0 0.09589
vt 0 0.1299
vt 0 0.1299
vt 0 0.0963
vt 0 0.1321
vt 0 0.09635
vt 0 0.1299
vt 0 0.1011
vt 0 0.1294
vt 0 0.1746
vt 0 0.1294
vt 0 0.1133
vt 0 0.1299
vt 0 0.1282
vt 0 0.1299
vt 0 0.1294
vn 0.9117 0.2411 -0.3325
vn 0.9322 0.2523 -0.2594
vn 0.9445 0.1958 -0.2637
vn 0.9122 0.2378 -0.3336
vn 0.7645 0.3386 0.5484
vn 0.8965 -0.1507 0.4166
vn 0.9091 -0.3866 0.1551
vn 0.9428 0.1679 -0.288
vn 0.9124 0.2357 -0.3345
vn 0.9101 0.2402 -0.3376
vn 0.9098 0.2441 -0.3356
vn 0.9115 0.2358 -0.3369
vn 0.9104 0.2361 -0.3397
vn 0.9089 0.2398 -0.341
vn 0.9078 0.243 -0.3418
vn 0.908 0.2445 -0.3403
vn 0.9082 0.246 -0.3385
vn 0.9323 0.1619 -0.3234
vn 0.8705 -0.463 -0.1668
vn 0.7393 -0.3529 -0.5734
vn 0.9124 0.1812 -0.367
vn 0.1549 0.1957 0.9683
vn 0.3736 -0.4256 0.8241
vn -0.01312 0.1344 0.9908
vn 0.2418 -0.4599 0.8544
vn 0.3481 -0.7855 0.5116
vn 0.4618 -0.7513 0.4714
vn 0.4658 -0.8848 0.005127
vn 0.3501 -0.9353 0.05045
vn 0.1927 -0.7885 -0.584
vn 0.3226 -0.7215 -0.6126
vn -0.08255 0.1098 0.9905
vn 0.2002 -0.4685 0.8604
vn -0.2288 0.03769 0.9727
vn 0.1169 -0.502 0.8569
vn 0.3409 -0.7885 0.5119
vn 0.3431 -0.7865 0.5135
vn 0.3811 -0.9236 0.04129
vn 0.4613 -0.8866 0.03275
vn 0.4146 -0.6836 -0.6006
vn 0.2583 -0.7611 -0.595
vn -0.04929 -0.148 -0.9877
vn -0.116 -0.1727 -0.9781
vn 0.1086 -0.0744 -0.9913
vn -0.2255 0.4777 -0.8491
vn -0.307 0.4423 -0.8426
vn -0.3391 0.4322 -0.8356
vn 0.02573 -0.1299 -0.9912
vn 0.5287 0.07636 -0.8453
vn -0.2091 0.457 -0.8645
vn 0.3886 0.4886 -0.7812
vn -0.3149 0.7918 -0.5232
vn 0.3424 0.7425 -0.5757
vn -0.4296 0.7615 -0.4853
vn -0.441 0.8974 -0.01541
vn -0.3154 0.9474 -0.05484
vn 0.37 0.895 -0.2489
vn -0.4342 0.7598 -0.4839
vn -0.436 0.7575 -0.4859
vn -0.5553 0.8316 0.002564
vn -0.4779 0.8784 -0.002411
vn -0.3775 0.6966 0.6101
vn -0.3145 0.7338 0.6021
vn -0.5157 0.6091 0.6025
vn -0.154 0.8054 0.5723
vn 0.5246 0.8191 0.2319
vn 0.8783 0.3276 -0.3483
vn 0.9024 0.311 -0.2981
vn 0.8724 0.2808 -0.4
vn 0.8698 0.3127 -0.3816
vn 0.8878 0.2307 -0.3982
vn -0.6467 0.7623 -0.02377
vn -0.6802 0.4845 0.5501
vn -0.715 0.6954 -0.07212
vn -0.8058 0.3645 0.4666
vn -0.5256 -0.195 0.8281
vn -0.3982 -0.07791 0.914
vn -0.122 0.5292 -0.8397
vn -0.4339 0.7522 -0.4959
vn -0.03708 0.5829 -0.8116
vn -0.428 0.7478 -0.5075
vn -0.7566 0.6416 -0.1257
vn -0.8861 0.2681 0.3779
vn -0.7829 0.5964 -0.1769
vn -0.937 0.1903 0.2929
vn -0.6556 -0.3731 0.6564
vn -0.6053 -0.293 0.74
vn 0.01825 0.6272 -0.7786
vn -0.4217 0.7441 -0.5181
vn 0.04947 0.6602 -0.7494
vn -0.418 0.7385 -0.5291
vn -0.8021 0.5541 -0.2226
vn -0.9705 0.1249 0.2061
vn -0.8123 0.5221 -0.2597
vn -0.9966 -0.05426 0.06275
vn -0.7065 -0.4783 0.5216
vn -0.6892 -0.4358 0.5788
vn 0.06519 0.6781 -0.7321
vn -0.4145 0.728 -0.5461
vn 0.06928 0.6746 -0.7349
vn -0.4423 0.6314 -0.6369
vn -0.271 -0.6139 -0.7414
vn -0.2183 -0.8487 0.4818
vn 0.6067 0.2262 -0.762
vn 0.9163 -0.2277 -0.3296
vn 0.724 -0.6898 0.00238
vn 0.3515 -0.8306 0.4318
vn 0.8819 -0.2809 -0.3785
vn 0.9107 -0.2386 -0.3372
vn 0.6224 0.3411 -0.7044
vn 0.5907 0.2975 -0.75
vn 0.358 -0.808 0.4679
vn 0.3556 -0.8174 0.4531
vn 0.7404 -0.659 0.1322
vn 0.7233 -0.6807 0.1161
vn 0.7394 -0.4422 -0.5076
vn 0.8282 -0.3482 -0.4392
vn 0.5359 0.2321 -0.8117
vn 0.4441 0.1445 -0.8842
vn 0.3489 -0.7989 0.4899
vn 0.3554 -0.8028 0.4788
vn 0.6926 -0.7158 0.08884
vn 0.6406 -0.7656 0.05945
vn 0.5984 -0.5625 -0.5704
vn 0.2979 0.035 -0.9539
vn 0.3428 -0.7942 0.5018
vn 0.5604 -0.8274 0.03681
vn -0.08704 -0.6826 0.7255
vn -0.04651 -0.6273 0.7773
vn -0.1109 -0.7292 0.6753
vn 0.02237 -0.563 0.8262
vn -0.1215 -0.773 0.6226
vn 0.9439 0.3285 -0.03439
vn 0.9457 0.3222 0.04193
vn 0.9629 0.2685 0.02802
vn 0.9448 0.3255 -0.03604
vn 0.5873 0.2098 0.7816
vn 0.7825 -0.2314 0.5781
vn 0.8734 -0.3977 0.2811
vn 0.9689 0.2472 -0.001617
vn 0.9454 0.3236 -0.03739
vn 0.9435 0.3288 -0.03983
vn 0.9425 0.332 -0.03705
vn 0.9451 0.3243 -0.03977
vn 0.9446 0.3254 -0.04263
vn 0.9433 0.3291 -0.04349
vn 0.942 0.3325 -0.04379
vn 0.9418 0.3335 -0.04187
vn 0.9415 0.3346 -0.03974
vn 0.9675 0.2497 -0.03882
vn 0.9172 -0.3954 -0.04907
vn 0.8773 -0.1933 -0.4391
vn 0.957 0.2785 -0.08048
vn -0.09159 -0.03919 0.995
vn 0.2003 -0.6044 0.7711
vn -0.2552 -0.1069 0.9609
vn 0.068 -0.6471 0.7594
vn 0.2755 -0.8794 0.3883
vn 0.3927 -0.8347 0.3861
vn 0.5159 -0.8526 -0.08274
vn 0.3968 -0.9144 -0.0799
vn 0.3822 -0.6226 -0.6829
vn 0.51 -0.5485 -0.6626
vn -0.3206 -0.1318 0.938
vn 0.02686 -0.6575 0.7529
vn -0.4528 -0.2 0.8689
vn -0.05051 -0.6906 0.7215
vn 0.2687 -0.8825 0.3861
vn 0.2703 -0.8809 0.3885
vn 0.4281 -0.9003 -0.07822
vn 0.5051 -0.861 -0.05817
vn 0.5934 -0.5132 -0.62
vn 0.4463 -0.5923 -0.6708
vn 0.195 0.09192 -0.9765
vn 0.1299 0.06452 -0.9894
vn 0.3434 0.1667 -0.9243
vn -0.05466 0.6633 -0.7463
vn -0.1326 0.6261 -0.7683
vn -0.1646 0.6141 -0.7718
vn 0.2673 0.1115 -0.9571
vn 0.7052 0.2851 -0.6491
vn -0.03363 0.6471 -0.7616
vn 0.5238 0.6677 -0.529
vn -0.2412 0.8888 -0.3896
vn 0.4119 0.8642 -0.2889
vn -0.3589 0.8484 -0.389
vn -0.4903 0.8677 0.08191
vn -0.363 0.9277 0.08704
vn 0.3508 0.9345 0.06052
vn -0.3635 0.8464 -0.3891
vn -0.3646 0.8446 -0.3919
vn -0.6005 0.7977 0.05579
vn -0.5277 0.8456 0.08078
vn -0.5606 0.5241 0.6411
vn -0.5004 0.5632 0.6575
vn -0.6863 0.4387 0.58
vn -0.3432 0.6424 0.6851
vn 0.3935 0.7482 0.5342
vn 0.9087 0.4156 -0.03781
vn 0.9216 0.3879 0.01157
vn 0.9186 0.3826 -0.09864
vn 0.9095 0.409 -0.07459
vn 0.9368 0.3338 -0.1046
vn -0.6777 0.7353 -0.007263
vn -0.8242 0.3276 0.4618
vn -0.7276 0.6807 -0.08484
vn -0.9175 0.2291 0.325
vn -0.6893 -0.3961 0.6066
vn -0.5946 -0.3009 0.7455
vn 0.03961 0.7127 -0.7003
vn -0.3599 0.8419 -0.4021
vn 0.1113 0.7595 -0.6408
vn -0.3512 0.8405 -0.4126
vn -0.7514 0.6407 -0.1578
vn -0.9674 0.1554 0.1997
vn -0.7615 0.6086 -0.2228
vn -0.991 0.09949 0.08936
vn -0.7619 -0.5299 0.3723
vn -0.7386 -0.4714 0.4818
vn 0.154 0.7955 -0.586
vn -0.3423 0.8395 -0.4219
vn 0.175 0.8211 -0.5432
vn -0.3358 0.8367 -0.4326
vn -0.7663 0.5782 -0.2802
vn -0.9983 0.05628 -0.01559
vn -0.765 0.556 -0.3249
vn -0.9766 -0.08341 -0.1981
vn -0.7719 -0.6005 0.2087
vn -0.7716 -0.5728 0.2766
vn 0.185 0.8345 -0.519
vn -0.3276 0.8307 -0.4501
vn 0.1899 0.8318 -0.5215
vn -0.3258 0.7582 -0.5647
vn -0.04318 -0.4226 -0.9053
vn -0.2619 -0.9427 0.2066
vn 0.7503 0.4114 -0.5175
vn 0.9822 -0.1274 -0.1375
vn 0.7521 -0.6586 0.02283
vn 0.301 -0.904 0.3036
vn 0.9644 -0.1677 -0.2041
vn 0.9795 -0.1362 -0.1485
vn 0.7434 0.5097 -0.433
vn 0.7265 0.4779 -0.4937
vn 0.297 -0.8906 0.3443
vn 0.2989 -0.8962 0.3277
vn 0.7355 -0.6593 0.1559
vn 0.7243 -0.6768 0.1317
vn 0.8686 -0.2958 -0.3975
vn 0.9315 -0.2194 -0.2899
vn 0.6927 0.4283 -0.5802
vn 0.6272 0.3591 -0.6911
vn 0.2823 -0.8872 0.3649
vn 0.2915 -0.8881 0.3552
vn 0.7035 -0.7049 0.09043
vn 0.6637 -0.747 0.03861
vn 0.7555 -0.3999 -0.5189
vn 0.51 0.2671 -0.8176
vn 0.2733 -0.8855 0.3757
vn 0.5958 -0.8029 -0.01651
vn -0.2041 -0.8377 0.5064
vn -0.181 -0.7958 0.5778
vn -0.212 -0.8713 0.4426
vn -0.1304 -0.7439 0.6554
vn -0.2067 -0.9014 0.3803
vn 0.9194 -0.38 -0.1011
vn 0.9087 -0.4159 -0.03412
vn 0.8871 -0.4563 -0.06983
vn 0.9183 -0.3819 -0.1039
vn 0.4927 -0.5551 0.6701
vn 0.3639 -0.8866 0.2856
vn 0.351 -0.9342 -0.06339
vn 0.8804 -0.4622 -0.1058
vn 0.9177 -0.3829 -0.1059
vn 0.92 -0.3774 -0.1059
vn 0.9211 -0.3757 -0.102
vn 0.9181 -0.3813 -0.1078
vn 0.9188 -0.3792 -0.1099
vn 0.9203 -0.3755 -0.109
vn 0.9218 -0.3723 -0.1078
vn 0.9221 -0.3722 -0.1057
vn 0.9224 -0.3722 -0.1033
vn 0.8849 -0.4448 -0.1385
vn 0.4188 -0.8285 -0.3717
vn 0.5644 -0.5145 -0.6455
vn 0.9006 -0.4025 -0.1637
vn -0.1966 -0.3659 0.9096
vn -0.3345 -0.8321 0.4423
vn -0.3589 -0.291 0.8868
vn -0.4593 -0.7701 0.4427
vn -0.4226 -0.9061 -0.02084
vn -0.3061 -0.9515 -0.03006
vn -0.1786 -0.8544 -0.488
vn -0.308 -0.819 -0.484
vn -0.06211 -0.3775 -0.9239
vn 0.07941 -0.4197 -0.9041
vn -0.4214 -0.2559 0.87
vn -0.496 -0.7478 0.4412
vn -0.5573 -0.1874 0.8089
vn -0.5719 -0.7069 0.4161
vn -0.4295 -0.9028 -0.02268
vn -0.4274 -0.9038 -0.02017
vn -0.2757 -0.8307 -0.4836
vn -0.1947 -0.8628 -0.4665
vn 0.1602 -0.4675 -0.8694
vn 0.004151 -0.4039 -0.9148
vn 0.306 0.3263 -0.8943
vn 0.241 0.3556 -0.903
vn 0.4601 0.2584 -0.8494
vn 0.4787 0.7668 -0.4276
vn 0.3986 0.8016 -0.4455
vn 0.3673 0.8158 -0.4466
vn 0.3705 0.2849 -0.8841
vn 0.7777 -0.007782 -0.6286
vn 0.4848 0.749 -0.4515
vn 0.8862 0.31 -0.3442
vn 0.4543 0.8907 0.0163
vn 0.9099 0.4135 -0.03186
vn 0.3405 0.9399 0.0257
vn 0.2077 0.848 0.4876
vn 0.341 0.8031 0.4886
vn 0.8755 0.3585 0.324
vn 0.3357 0.9416 0.02579
vn 0.334 0.9423 0.0228
vn 0.08234 0.8838 0.4605
vn 0.1654 0.8581 0.486
vn -0.1309 0.445 0.8859
vn -0.06211 0.4252 0.903
vn -0.2743 0.4949 0.8245
vn 0.1038 0.3644 0.9254
vn 0.7338 0.01965 0.6791
vn 0.9518 -0.2994 -0.06558
vn 0.9379 -0.3453 -0.03305
vn 0.9434 -0.3029 -0.1348
vn 0.9518 -0.2895 -0.1016
vn 0.925 -0.3439 -0.1617
vn -0.009766 0.9182 0.3959
vn -0.438 0.5587 0.7042
vn -0.07492 0.946 0.3155
vn -0.5584 0.6096 0.5626
vn -0.8355 -0.05759 0.5464
vn -0.7166 -0.1124 0.6884
vn 0.5765 0.7198 -0.3866
vn 0.3367 0.9415 0.01163
vn 0.6545 0.6803 -0.3298
vn 0.3433 0.9392 -0.0001221
vn -0.1116 0.9645 0.2393
vn -0.6314 0.644 0.4318
vn -0.1337 0.9762 0.1705
vn -0.6747 0.6671 0.3158
vn -0.9542 -0.004089 0.2991
vn -0.9093 -0.02481 0.4153
vn 0.7043 0.6543 -0.2754
vn 0.3502 0.9366 -0.01083
vn 0.7324 0.6402 -0.2314
vn 0.3544 0.9348 -0.02286
vn -0.1515 0.9825 0.1082
vn -0.698 0.6858 0.2061
vn -0.1608 0.9852 0.05924
vn -0.7562 0.6541 -0.01508
vn -0.9917 0.02191 0.1266
vn -0.98 0.01257 0.1984
vn 0.7462 0.6328 -0.2065
vn 0.3581 0.9327 -0.04266
vn 0.7484 0.6288 -0.2107
vn 0.3232 0.9303 -0.1735
vn -0.2199 0.1151 -0.9687
vn -0.8429 -0.5284 -0.1016
vn 0.8817 -0.007385 -0.4717
vn 0.6549 -0.66 -0.3681
vn 0.1144 -0.9224 -0.3688
vn -0.4116 -0.9044 -0.112
vn 0.6215 -0.6483 -0.4398
vn 0.648 -0.6596 -0.3807
vn 0.9333 0.02753 -0.3579
vn 0.9059 0.04175 -0.4213
vn -0.4097 -0.9095 -0.06931
vn -0.4104 -0.9077 -0.08683
vn 0.08756 -0.9657 -0.2445
vn 0.07019 -0.9601 -0.2708
vn 0.4852 -0.5924 -0.6431
vn 0.5716 -0.6264 -0.53
vn 0.8568 0.0658 -0.5113
vn 0.7738 0.1074 -0.6242
vn -0.4203 -0.9062 -0.04639
vn -0.4132 -0.9088 -0.05741
vn 0.04047 -0.9484 -0.3143
vn -0.01169 -0.9294 -0.3688
vn 0.345 -0.5387 -0.7686
vn 0.639 0.1737 -0.7493
vn -0.427 -0.9036 -0.03412
vn -0.09339 -0.9 -0.4257
vn -0.7612 -0.6176 0.1977
vn -0.7237 -0.6337 0.2733
vn -0.7827 -0.6088 0.129
vn -0.6597 -0.6636 0.3526
vn -0.7926 -0.6067 0.0604
vn 0.7682 -0.222 -0.6004
vn 0.815 -0.2009 -0.5434
vn 0.8085 -0.257 -0.5294
vn 0.7673 -0.2254 -0.6003
vn 0.9698 0.1499 0.1921
vn 0.9028 -0.3687 0.2212
vn 0.7562 -0.6506 0.06885
vn 0.7905 -0.2874 -0.5408
vn 0.7665 -0.2278 -0.6004
vn 0.7646 -0.2235 -0.6044
vn 0.7662 -0.2195 -0.6039
vn 0.7649 -0.2279 -0.6025
vn 0.763 -0.2278 -0.6049
vn 0.7622 -0.2244 -0.6071
vn 0.7618 -0.2211 -0.6088
vn 0.763 -0.2196 -0.608
vn 0.7643 -0.2178 -0.6069
vn 0.7671 -0.2977 -0.5682
vn 0.5885 -0.7871 -0.1843
vn 0.3616 -0.7451 -0.5604
vn 0.7397 -0.2842 -0.6099
vn 0.5299 0.366 0.7649
vn 0.4986 -0.3061 0.8109
vn 0.3701 0.3818 0.8468
vn 0.3816 -0.2781 0.8815
vn 0.2651 -0.6965 0.6668
vn 0.3625 -0.7202 0.5915
vn 0.1664 -0.9614 0.2191
vn 0.0643 -0.95 0.3055
vn -0.2547 -0.9246 -0.2832
vn -0.1295 -0.9224 -0.3638
vn 0.301 0.3866 0.8717
vn 0.3441 -0.2682 0.8998
vn 0.1436 0.3741 0.9162
vn 0.2589 -0.2669 0.9283
vn 0.2579 -0.6963 0.6698
vn 0.261 -0.695 0.67
vn 0.09217 -0.9539 0.2857
vn 0.1714 -0.954 0.2457
vn -0.03226 -0.921 -0.3882
vn -0.192 -0.9283 -0.3183
vn -0.4287 -0.3692 -0.8245
vn -0.492 -0.3631 -0.7912
vn -0.2679 -0.3655 -0.8914
vn -0.3601 0.2889 -0.8871
vn -0.4408 0.2905 -0.8493
vn -0.4699 0.2956 -0.8317
vn -0.3577 -0.3828 -0.8517
vn 0.2011 -0.3547 -0.9131
vn -0.3568 0.2602 -0.8972
vn 0.2155 0.0809 -0.9731
vn -0.2377 0.6864 -0.6872
vn 0.3177 0.3769 -0.87
vn -0.3356 0.7132 -0.6153
vn -0.1442 0.9603 -0.2388
vn -0.03137 0.9463 -0.3218
vn 0.499 0.5868 -0.6377
vn -0.3397 0.7139 -0.6123
vn -0.3426 0.712 -0.6128
vn -0.2589 0.9505 -0.1718
vn -0.178 0.961 -0.2116
vn 0.07245 0.9207 0.3834
vn 0.1366 0.9275 0.3478
vn -0.07859 0.8942 0.4407
vn 0.29 0.9218 0.2574
vn 0.7823 0.5854 -0.2127
vn 0.7573 -0.1368 -0.6385
vn 0.7917 -0.1476 -0.5928
vn 0.721 -0.1895 -0.6665
vn 0.7341 -0.1556 -0.661
vn 0.721 -0.2391 -0.6503
vn -0.3694 0.9172 -0.149
vn -0.2792 0.8331 0.4774
vn -0.4662 0.8715 -0.1522
vn -0.4546 0.7532 0.4754
vn -0.238 0.2439 0.9401
vn -0.06104 0.3212 0.945
vn -0.2497 0.2973 -0.9215
vn -0.3458 0.7039 -0.6204
vn -0.1488 0.3197 -0.9357
vn -0.3457 0.6948 -0.6306
vn -0.5372 0.8258 -0.1711
vn -0.5846 0.6754 0.4495
vn -0.5914 0.7825 -0.1946
vn -0.6816 0.6039 0.4132
vn -0.4644 0.09116 0.8809
vn -0.3676 0.1646 0.9153
vn -0.0752 0.3464 -0.9351
vn -0.3449 0.6863 -0.6403
vn -0.02777 0.3713 -0.9281
vn -0.347 0.677 -0.649
vn -0.6364 0.7406 -0.2158
vn -0.7603 0.5362 0.3665
vn -0.6674 0.7066 -0.2352
vn -0.8843 0.3503 0.3086
vn -0.5867 -0.01761 0.8096
vn -0.5392 0.0282 0.8417
vn -0.002625 0.3855 -0.9227
vn -0.3528 0.662 -0.6613
vn -0.0009156 0.3801 -0.9249
vn -0.4364 0.5631 -0.7017
vn -0.674 -0.6332 -0.3805
vn -0.2696 -0.543 0.7952
vn 0.3423 -0.2308 -0.9108
vn 0.6398 -0.6387 -0.4274
vn 0.4516 -0.8881 0.08557
vn 0.2275 -0.7585 0.6107
vn 0.577 -0.6853 -0.4443
vn 0.629 -0.6482 -0.4291
vn 0.4089 -0.1195 -0.9047
vn 0.3525 -0.1577 -0.9224
vn 0.2522 -0.7316 0.6334
vn 0.2423 -0.7428 0.6241
vn 0.5201 -0.8333 0.1871
vn 0.4931 -0.8502 0.1845
vn 0.359 -0.8073 -0.4684
vn 0.4888 -0.7401 -0.4618
vn 0.2635 -0.2108 -0.9413
vn 0.1314 -0.272 -0.9533
vn 0.2544 -0.7143 0.6519
vn 0.2552 -0.7231 0.6418
vn 0.4462 -0.8766 0.1799
vn 0.3753 -0.9085 0.1837
vn 0.1769 -0.8762 -0.4482
vn -0.05463 -0.3312 -0.942
vn 0.2544 -0.7047 0.6623
vn 0.2782 -0.9384 0.2047
vn -0.02036 -0.3829 0.9235
vn 0.04953 -0.336 0.9405
vn -0.07236 -0.4281 0.9008
vn 0.1464 -0.2927 0.9449
vn -0.1126 -0.4765 0.8719
vn -0.5102 0.753 -0.4154
vn -0.479 0.7993 -0.3628
vn -0.4381 0.8032 -0.4036
vn -0.5082 0.7528 -0.4183
vn -0.05176 0.9411 0.3341
vn 0.244 0.9648 -0.09732
vn 0.2775 0.8583 -0.4316
vn -0.4298 0.7899 -0.4373
vn -0.507 0.7524 -0.4204
vn -0.5123 0.7495 -0.4191
vn -0.5142 0.7504 -0.4153
vn -0.5084 0.7507 -0.4218
vn -0.5103 0.7487 -0.4232
vn -0.5137 0.7472 -0.4216
vn -0.5168 0.7461 -0.4197
vn -0.517 0.7471 -0.4178
vn -0.5172 0.7481 -0.4157
vn -0.4443 0.767 -0.4629
vn 0.155 0.6995 -0.6976
vn -0.1537 0.4443 -0.8826
vn -0.4826 0.735 -0.4762
vn 0.3905 0.51 0.7664
vn 0.7729 0.5959 0.2177
vn 0.4753 0.3556 0.8047
vn 0.8357 0.4808 0.2651
vn 0.8806 0.4228 -0.2138
vn 0.8144 0.5176 -0.2622
vn 0.6471 0.3408 -0.6819
vn 0.7297 0.2442 -0.6386
vn 0.2616 -0.1128 -0.9585
vn 0.1739 0.004608 -0.9847
vn 0.504 0.2885 0.8141
vn 0.8518 0.4435 0.2789
vn 0.5709 0.1388 0.8092
vn 0.8877 0.3614 0.2853
vn 0.8842 0.4158 -0.2128
vn 0.8832 0.4187 -0.2113
vn 0.7108 0.2709 -0.6491
vn 0.6655 0.3463 -0.6612
vn 0.1383 0.09827 -0.9855
vn 0.2245 -0.05295 -0.973
vn -0.4542 -0.4139 -0.7889
vn -0.4198 -0.475 -0.7734
vn -0.5362 -0.2608 -0.8027
vn -0.8491 -0.4618 -0.2564
vn -0.8061 -0.539 -0.2444
vn -0.7895 -0.5673 -0.234
vn -0.4807 -0.3436 -0.8067
vn -0.6277 0.197 -0.7531
vn -0.8437 -0.4546 -0.2856
vn -0.9006 0.1335 -0.4136
vn -0.8969 -0.3956 0.1977
vn -0.9767 0.1908 -0.09809
vn -0.8351 -0.4915 0.247
vn -0.6666 -0.3201 0.6731
vn -0.7465 -0.2123 0.6306
vn -0.9108 0.3491 0.2204
vn -0.8323 -0.4954 0.2486
vn -0.8314 -0.4981 0.2464
vn -0.5882 -0.4267 0.687
vn -0.6389 -0.3516 0.6842
vn -0.1481 -0.05902 0.9872
vn -0.191 0.0004883 0.9816
vn -0.06403 -0.1993 0.9778
vn -0.2872 0.1463 0.9466
vn -0.5889 0.6563 0.4716
vn -0.5838 0.7255 -0.3644
vn -0.5445 0.7641 -0.346
vn -0.576 0.6968 -0.4274
vn -0.5903 0.7043 -0.3944
vn -0.5372 0.7063 -0.461
vn -0.536 -0.5283 0.6585
vn 0.02695 -0.3838 0.923
vn -0.5016 -0.6159 0.6074
vn 0.09076 -0.5429 0.8349
vn 0.7119 -0.2128 0.6692
vn 0.6517 -0.05158 0.7567
vn -0.8986 -0.357 -0.255
vn -0.8332 -0.5003 0.2353
vn -0.9365 -0.2625 -0.2323
vn -0.8373 -0.4994 0.2222
vn -0.4845 -0.6794 0.551
vn 0.1267 -0.6592 0.7412
vn -0.4749 -0.7268 0.4961
vn 0.1458 -0.745 0.651
vn 0.7712 -0.4136 0.4839
vn 0.7494 -0.3286 0.5748
vn -0.96 -0.1946 -0.2013
vn -0.8415 -0.4978 0.2101
vn -0.9734 -0.1516 -0.1714
vn -0.8439 -0.4988 0.1975
vn -0.4653 -0.7653 0.4446
vn 0.1515 -0.814 0.5607
vn -0.4602 -0.7913 0.4024
vn 0.2139 -0.9084 0.3593
vn 0.7829 -0.5201 0.3413
vn 0.7803 -0.479 0.402
vn -0.9796 -0.129 -0.1537
vn -0.8459 -0.5028 0.1777
vn -0.9791 -0.1267 -0.1592
vn -0.8184 -0.5709 0.06403
vn 0.09207 -0.5806 -0.809
vn 0.9898 -0.1202 -0.0763
vn -0.709 0.315 -0.6308
vn -0.1343 0.7087 -0.6926
vn 0.4551 0.6001 -0.6578
vn 0.8695 0.3926 -0.2998
vn -0.1161 0.6539 -0.7476
vn -0.1294 0.6997 -0.7026
vn -0.7692 0.3623 -0.5264
vn -0.7568 0.312 -0.5743
vn 0.8717 0.4138 -0.2623
vn 0.8709 0.4053 -0.2778
vn 0.5043 0.6648 -0.551
vn 0.5146 0.6409 -0.5695
vn -0.0437 0.4584 -0.8876
vn -0.09076 0.5752 -0.813
vn -0.7334 0.2322 -0.6389
vn -0.6936 0.1119 -0.7116
vn 0.8785 0.4143 -0.2379
vn 0.8742 0.4159 -0.2504
vn 0.5307 0.599 -0.5996
vn 0.5603 0.535 -0.6324
vn 0.03452 0.2924 -0.9557
vn -0.6273 -0.06024 -0.7765
vn 0.8825 0.4134 -0.2242
vn 0.6073 0.4459 -0.6576
vn 0.9824 0.106 0.1537
vn 0.9631 0.168 0.21
vn 0.9933 0.06098 0.09787
vn 0.9311 0.2562 0.2597
vn 0.9989 0.02768 0.03729
vn 0.4633 0.549 -0.6956
vn 0.3403 0.322 -0.8834
vn 0.1928 0.4668 -0.8631
vn 0.4585 0.5558 -0.6934
vn -0.02536 -0.2509 -0.9677
vn -0.4114 0.1194 -0.9036
vn -0.5661 0.5534 -0.6109
vn 0.1267 0.6415 -0.7566
vn 0.4544 0.563 -0.6903
vn 0.4679 0.558 -0.6853
vn 0.4709 0.5477 -0.6915
vn 0.4586 0.5675 -0.6838
vn 0.464 0.5712 -0.677
vn 0.472 0.5665 -0.6755
vn 0.4794 0.5609 -0.6749
vn 0.4794 0.5538 -0.6807
vn 0.4783 0.5474 -0.6866
vn 0.184 0.7815 -0.5962
vn -0.4216 0.8855 -0.1951
vn -0.0246 0.9827 0.1835
vn 0.3442 0.8287 -0.4413
vn -0.2553 -0.5643 -0.7851
vn -0.6969 -0.1423 -0.7029
vn -0.2681 -0.5804 -0.7689
vn -0.7111 -0.1581 -0.6851
vn -0.8829 0.3262 -0.3377
vn -0.8679 0.3428 -0.3594
vn -0.7013 0.7034 0.1157
vn -0.7158 0.6842 0.1397
vn -0.2765 0.7795 0.562
vn -0.2606 0.8015 0.5382
vn -0.2572 -0.5657 -0.7834
vn -0.7054 -0.149 -0.693
vn -0.2308 -0.53 -0.816
vn -0.6897 -0.128 -0.7127
vn -0.8877 0.3242 -0.327
vn -0.8849 0.3262 -0.3325
vn -0.7241 0.6717 0.1568
vn -0.7431 0.6424 0.1875
vn -0.3222 0.7094 0.6268
vn -0.2908 0.7578 0.584
vn 0.2845 0.6007 0.7471
vn 0.4682 0.8011 0.3729
vn 0.2665 0.5796 0.77
vn 0.71 0.1593 0.6858
vn 0.7275 0.1779 0.6626
vn 0.8608 0.4144 0.2954
vn 0.249 0.5592 0.7907
vn 0.2133 0.5124 0.8318
vn 0.6726 0.1213 0.73
vn 0.6972 0.1485 0.7013
vn 0.8814 -0.3242 0.3435
vn 0.8833 -0.324 0.3388
vn 0.8786 -0.3263 0.3488
vn 0.7388 -0.6534 -0.165
vn 0.7236 -0.6747 -0.1453
vn 0.7167 -0.6836 -0.138
vn 0.8973 -0.307 0.317
vn 0.9996 -0.02307 -0.01242
vn 0.7286 -0.6667 -0.1572
vn 0.8391 -0.3402 -0.4245
vn 0.2878 -0.7644 -0.5769
vn 0.4484 -0.4248 -0.7864
vn 0.2762 -0.7808 -0.5604
vn 0.2871 -0.7661 -0.575
vn 0.3121 -0.7298 -0.6082
vn 0.767 -0.6108 -0.1962
vn 0.3579 -0.6588 -0.6617
vn 0.8126 -0.533 -0.2358
vn 0.4321 -0.5289 -0.7304
vn -0.1102 -0.3297 -0.9376
vn -0.184 -0.4595 -0.8689
vn 0.6319 0.06873 0.772
vn 0.8744 -0.33 0.3557
vn 0.574 -0.02496 0.8184
vn 0.869 -0.3374 0.362
vn 0.8659 -0.4219 -0.2686
vn 0.5199 -0.3431 -0.7823
vn 0.9133 -0.3007 -0.2746
vn 0.5965 -0.1454 -0.7893
vn 0.05325 0.05405 -0.9971
vn -0.02179 -0.1442 -0.9893
vn 0.517 -0.1495 0.8428
vn 0.8664 -0.3461 0.3598
vn 0.4784 -0.2701 0.8356
vn 0.8686 -0.3481 0.3527
vn 0.9475 -0.1928 -0.2549
vn 0.6514 0.02872 -0.7582
vn 0.9689 -0.1039 -0.2246
vn 0.6856 0.1725 -0.7072
vn 0.1371 0.3741 -0.9172
vn 0.1041 0.2297 -0.9677
vn 0.4552 -0.3743 0.8079
vn 0.8714 -0.3468 0.3469
vn 0.4399 -0.4622 0.77
vn 0.8735 -0.3466 0.3418
vn 0.9815 -0.02875 -0.1891
vn 0.7053 0.2933 -0.6453
vn 0.9894 0.04434 -0.1382
vn 0.7168 0.4126 -0.562
vn 0.1707 0.6133 -0.7712
vn 0.1586 0.4942 -0.8547
vn 0.4287 -0.5365 0.7269
vn 0.8749 -0.3469 0.3379
vn 0.4195 -0.611 0.6713
vn 0.8747 -0.3489 0.3363
vn 0.9904 0.118 -0.07138
vn 0.7173 0.5317 -0.4503
vn 0.9844 0.1759 -0.001251
vn 0.7067 0.6248 -0.3319
vn 0.161 0.8254 -0.5411
vn 0.1721 0.732 -0.6592
vn 0.4206 -0.6845 0.5954
vn 0.8762 -0.3499 0.3315
vn 0.4345 -0.7403 0.5129
vn 0.8796 -0.3486 0.3237
vn 0.9749 0.2138 0.06287
vn 0.6906 0.6873 -0.225
vn 0.9638 0.2393 0.1173
vn 0.6716 0.7285 -0.1349
vn 0.1222 0.9304 -0.3454
vn 0.1422 0.889 -0.4352
vn 0.4535 -0.7758 0.4386
vn 0.8829 -0.3463 0.3171
vn 0.4705 -0.7971 0.3783
vn 0.886 -0.3421 0.3131
vn 0.9568 0.2507 0.1474
vn 0.6556 0.7512 -0.07706
vn 0.9565 0.2519 0.1469
vn 0.6759 0.7167 -0.1716
vn 0.1062 0.9538 -0.2809
vn 0.1087 0.9503 -0.2917
vn 0.4826 -0.8104 0.332
vn 0.892 -0.3363 0.3021
vn 0.4932 -0.8181 0.2956
vn 0.9148 -0.3666 0.1697
vn 0.2723 -0.2333 -0.9335
vn -0.4375 0.7458 -0.5023
vn -0.04376 -0.9978 0.05002
vn -0.6204 -0.7836 -0.03217
vn -0.8762 -0.3167 -0.3631
vn -0.8708 0.3005 -0.389
vn -0.6542 -0.7516 0.08386
vn -0.6349 -0.7725 0.01505
vn -0.09159 -0.9725 0.2139
vn -0.1148 -0.9499 0.2907
vn -0.8806 0.3047 -0.3627
vn -0.8776 0.3036 -0.371
vn -0.934 -0.2824 -0.2187
vn -0.9476 -0.2733 -0.1653
vn -0.6948 -0.6561 0.2945
vn -0.6755 -0.7153 0.1789
vn -0.139 -0.9125 0.3846
vn -0.1631 -0.8515 0.4984
vn -0.8864 0.3002 -0.3522
vn -0.8831 0.3022 -0.3589
vn -0.9616 -0.2542 -0.1036
vn -0.9749 -0.221 -0.02716
vn -0.7116 -0.4496 0.5398
vn -0.7083 -0.5659 0.4219
vn -0.18 -0.7601 0.6243
vn -0.182 -0.6444 0.7427
vn -0.8917 0.2999 -0.339
vn -0.8901 0.2988 -0.344
vn -0.9843 -0.1668 0.05701
vn -0.9869 -0.09268 0.1322
vn -0.6868 -0.213 0.695
vn -0.7041 -0.3315 0.6279
vn -0.171 -0.5275 0.8321
vn -0.1528 -0.4093 0.8995
vn -0.8928 0.3027 -0.3334
vn -0.8914 0.3023 -0.3375
vn -0.9824 -0.0166 0.1859
vn -0.9718 0.05786 0.2287
vn -0.6063 0.08933 0.7902
vn -0.6554 -0.07395 0.7516
vn -0.1243 -0.2691 0.955
vn -0.08121 -0.1036 0.9913
vn -0.8974 0.3016 -0.3218
vn -0.8948 0.3027 -0.328
vn -0.9525 0.1442 0.268
vn -0.9222 0.2457 0.2984
vn -0.4534 0.4687 0.7581
vn -0.5378 0.2759 0.7967
vn -0.0163 0.08426 0.9963
vn 0.07028 0.2762 0.9585
vn -0.8969 0.3132 -0.3122
vn -0.8993 0.3039 -0.3143
vn -0.879 0.3645 0.3073
vn -0.825 0.4899 0.2818
vn -0.3752 0.6198 0.6892
vn 0.1544 0.4251 0.8919
vn -0.8917 0.3206 -0.3194
vn -0.7757 0.5867 0.2324
vn -0.5647 0.1048 -0.8186
vn -0.6185 -0.006623 -0.7857
vn -0.5182 0.2267 -0.8246
vn -0.6619 -0.08539 -0.7447
vn -0.4875 0.336 -0.8059
vn -0.4667 0.4252 -0.7755
vn -0.4519 0.4996 -0.739
vn -0.4444 0.5732 -0.6884
vn -0.4426 0.6467 -0.6211
vn -0.4483 0.7042 -0.5505
vn -0.4601 0.7425 -0.4867
vn -0.4708 0.769 -0.4323
vn -0.4734 0.785 -0.3995
vn 0.677 0.2872 -0.6776
vn 0.5221 0.2574 -0.8131
vn 0.7024 0.5916 -0.3956
vn 0.7471 0.4134 -0.5205
vn 0.5468 0.753 -0.3661
f 1/1/1 2/2/2 3/3/3
f 1/1/1 3/3/3 4/4/4
f 2/2/2 5/5/5 6/6/6
f 2/2/2 6/6/6 3/3/3
f 3/3/3 6/6/6 7/7/7
f 3/3/3 7/7/7 8/8/8
f 4/4/4 3/3/3 8/8/8
f 4/4/4 8/8/8 9/9/9
f 1/1/1 4/4/4 10/10/10
f 1/1/1 10/10/10 11/11/11
f 9/9/9 12/12/12 10/10/10
f 9/9/9 10/10/10 4/4/4
f 13/13/13 14/14/14 10/10/10
f 13/13/13 10/10/10 12/12/12
f 15/15/15 16/16/16 10/10/10
f 15/15/15 10/10/10 14/14/14
f 17/17/17 11/11/11 10/10/10
f 17/17/17 10/10/10 16/16/16
f 9/9/9 8/8/8 18/18/18
f 9/9/9 18/18/18 12/12/12
f 8/8/8 7/7/7 19/19/19
f 8/8/8 19/19/19 18/18/18
f 18/18/18 19/19/19 20/20/20
f 18/18/18 20/20/20 21/21/21
f 12/12/12 18/18/18 21/21/21
f 12/12/12 21/21/21 13/13/13
f 5/5/5 22/22/22 23/23/23
f 5/5/5 23/23/23 6/6/6
f 22/22/22 24/24/24 25/25/25
f 22/22/22 25/25/25 23/23/23
f 23/23/23 25/25/25 26/26/26
f 23/23/23 26/26/26 27/27/27
f 6/6/6 23/23/23 27/27/27
f 6/6/6 27/27/27 7/7/7
f 7/7/7 27/27/27 28/28/28
f 7/7/7 28/28/28 19/19/19
f 27/27/27 26/26/26 29/29/29
f 27/27/27 29/29/29 28/28/28
f 28/28/28 29/29/29 30/30/30
f 28/28/28 30/30/30 31/31/31
f 19/19/19 28/28/28 31/31/31
f 19/19/19 31/31/31 20/20/20
f 24/24/24 32/32/32 33/33/33
f 24/24/24 33/33/33 25/25/25
f 32/32/32 34/34/34 35/35/35
f 32/32/32 35/35/35 33/33/33
f 33/33/33 35/35/35 36/36/36
f 33/33/33 36/36/36 37/37/37
f 25/25/25 33/33/33 37/37/37
f 25/25/25 37/37/37 26/26/26
f 26/26/26 37/37/37 38/38/38
f 26/26/26 38/38/38 29/29/29
f 37/37/37 36/36/36 39/39/39
f 37/37/37 39/39/39 38/38/38
f 38/38/38 39/39/39 40/40/40
f 38/38/38 40/40/40 41/41/41
f 29/29/29 38/38/38 41/41/41
f 29/29/29 41/41/41 30/30/30
f 30/30/30 41/41/41 42/42/42
f 30/30/30 42/42/42 43/43/43
f 41/41/41 40/40/40 44/44/44
f 41/41/41 44/44/44 42/42/42
f 42/42/42 44/44/44 45/45/45
f 42/42/42 45/45/45 46/46/46
f 43/43/43 42/42/42 46/46/46
f 43/43/43 46/46/46 47/47/47
f 20/20/20 31/31/31 48/48/48
f 20/20/20 48/48/48 49/49/49
f 31/31/31 30/30/30 43/43/43
f 31/31/31 43/43/43 48/48/48
f 48/48/48 43/43/43 47/47/47
f 48/48/48 47/47/47 50/50/50
f 49/49/49 48/48/48 50/50/50
f 49/49/49 50/50/50 51/51/51
f 51/51/51 50/50/50 52/52/52
f 51/51/51 52/52/52 53/53/53
f 50/50/50 47/47/47 54/54/54
f 50/50/50 54/54/54 52/52/52
f 52/52/52 54/54/54 55/55/55
f 52/52/52 55/55/55 56/56/56
f 53/53/53 52/52/52 56/56/56
f 53/53/53 56/56/56 57/57/57
f 47/47/47 46/46/46 58/58/58
f 47/47/47 58/58/58 54/54/54
f 46/46/46 45/45/45 59/59/59
f 46/46/46 59/59/59 58/58/58
f 58/58/58 59/59/59 60/60/60
f 58/58/58 60/60/60 61/61/61
f 54/54/54 58/58/58 61/61/61
f 54/54/54 61/61/61 55/55/55
f 55/55/55 61/61/61 62/62/62
f 55/55/55 62/62/62 63/63/63
f 61/61/61 60/60/60 64/64/64
f 61/61/61 64/64/64 62/62/62
f 62/62/62 64/64/64 34/34/34
f 62/62/62 34/34/34 32/32/32
f 63/63/63 62/62/62 32/32/32
f 63/63/63 32/32/32 24/24/24
f 57/57/57 56/56/56 65/65/65
f 57/57/57 65/65/65 66/66/66
f 56/56/56 55/55/55 63/63/63
f 56/56/56 63/63/63 65/65/65
f 65/65/65 63/63/63 24/24/24
f 65/65/65 24/24/24 22/22/22
f 66/66/66 65/65/65 22/22/22
f 66/66/66 22/22/22 5/5/5
f 17/17/17 67/67/67 68/68/68
f 17/17/17 68/68/68 11/11/11
f 67/67/67 57/57/57 66/66/66
f 67/67/67 66/66/66 68/68/68
f 68/68/68 66/66/66 5/5/5
f 68/68/68 5/5/5 2/2/2
f 11/11/11 68/68/68 2/2/2
f 11/11/11 2/2/2 1/1/1
f 15/15/15 69/69/69 70/70/70
f 15/15/15 70/70/70 16/16/16
f 69/69/69 51/51/51 53/53/53
f 69/69/69 53/53/53 70/70/70
f 70/70/70 53/53/53 57/57/57
f 70/70/70 57/57/57 67/67/67
f 16/16/16 70/70/70 67/67/67
f 16/16/16 67/67/67 17/17/17
f 13/13/13 21/21/21 71/71/71
f 13/13/13 71/71/71 14/14/14
f 21/21/21 20/20/20 49/49/49
f 21/21/21 49/49/49 71/71/71
f 71/71/71 49/49/49 51/51/51
f 71/71/71 51/51/51 69/69/69
f 14/14/14 71/71/71 69/69/69
f 14/14/14 69/69/69 15/15/15
f 60/60/60 72/72/72 73/73/73
f 60/60/60 73/73/73 64/64/64
f 72/72/72 74/74/74 75/75/75
f 72/72/72 75/75/75 73/73/73
f 73/73/73 75/75/75 76/76/76
f 73/73/73 76/76/76 77/77/77
f 64/64/64 73/73/73 77/77/77
f 64/64/64 77/77/77 34/34/34
f 45/45/45 78/78/78 79/79/79
f 45/45/45 79/79/79 59/59/59
f 78/78/78 80/80/80 81/81/81
f 78/78/78 81/81/81 79/79/79
f 79/79/79 81/81/81 74/74/74
f 79/79/79 74/74/74 72/72/72
f 59/59/59 79/79/79 72/72/72
f 59/59/59 72/72/72 60/60/60
f 74/74/74 82/82/82 83/83/83
f 74/74/74 83/83/83 75/75/75
f 82/82/82 84/84/84 85/85/85
f 82/82/82 85/85/85 83/83/83
f 83/83/83 85/85/85 86/86/86
f 83/83/83 86/86/86 87/87/87
f 75/75/75 83/83/83 87/87/87
f 75/75/75 87/87/87 76/76/76
f 80/80/80 88/88/88 89/89/89
f 80/80/80 89/89/89 81/81/81
f 88/88/88 90/90/90 91/91/91
f 88/88/88 91/91/91 89/89/89
f 89/89/89 91/91/91 84/84/84
f 89/89/89 84/84/84 82/82/82
f 81/81/81 89/89/89 82/82/82
f 81/81/81 82/82/82 74/74/74
f 84/84/84 92/92/92 93/93/93
f 84/84/84 93/93/93 85/85/85
f 92/92/92 94/94/94 95/95/95
f 92/92/92 95/95/95 93/93/93
f 93/93/93 95/95/95 96/96/96
f 93/93/93 96/96/96 97/97/97
f 85/85/85 93/93/93 97/97/97
f 85/85/85 97/97/97 86/86/86
f 90/90/90 98/98/98 99/99/99
f 90/90/90 99/99/99 91/91/91
f 98/98/98 100/100/100 101/101/101
f 98/98/98 101/101/101 99/99/99
f 99/99/99 101/101/101 94/94/94
f 99/99/99 94/94/94 92/92/92
f 91/91/91 99/99/99 92/92/92
f 91/91/91 92/92/92 84/84/84
f 96/96/96 95/95/95 102/102/102
f 96/96/96 102/102/102 103/103/103
f 94/94/94 101/101/101 102/102/102
f 94/94/94 102/102/102 95/95/95
f 100/100/100 104/104/104 102/102/102
f 100/100/100 102/102/102 101/101/101
f 105/105/105 106/106/106 102/102/102
f 105/105/105 102/102/102 104/104/104
f 107/107/107 103/103/103 102/102/102
f 107/107/107 102/102/102 106/106/106
f 108/108/108 109/109/109 110/110/110
f 108/108/108 110/110/110 111/111/111
f 109/109/109 105/105/105 104/104/104
f 109/109/109 104/104/104 110/110/110
f 110/110/110 104/104/104 100/100/100
f 110/110/110 100/100/100 98/98/98
f 111/111/111 110/110/110 98/98/98
f 111/111/111 98/98/98 90/90/90
f 112/112/112 113/113/113 114/114/114
f 112/112/112 114/114/114 115/115/115
f 113/113/113 107/107/107 106/106/106
f 113/113/113 106/106/106 114/114/114
f 114/114/114 106/106/106 105/105/105
f 114/114/114 105/105/105 109/109/109
f 115/115/115 114/114/114 109/109/109
f 115/115/115 109/109/109 108/108/108
f 116/116/116 117/117/117 118/118/118
f 116/116/116 118/118/118 119/119/119
f 117/117/117 108/108/108 111/111/111
f 117/117/117 111/111/111 118/118/118
f 118/118/118 111/111/111 90/90/90
f 118/118/118 90/90/90 88/88/88
f 119/119/119 118/118/118 88/88/88
f 119/119/119 88/88/88 80/80/80
f 120/120/120 121/121/121 122/122/122
f 120/120/120 122/122/122 123/123/123
f 121/121/121 112/112/112 115/115/115
f 121/121/121 115/115/115 122/122/122
f 122/122/122 115/115/115 108/108/108
f 122/122/122 108/108/108 117/117/117
f 123/123/123 122/122/122 117/117/117
f 123/123/123 117/117/117 116/116/116
f 40/40/40 124/124/124 125/125/125
f 40/40/40 125/125/125 44/44/44
f 124/124/124 116/116/116 119/119/119
f 124/124/124 119/119/119 125/125/125
f 125/125/125 119/119/119 80/80/80
f 125/125/125 80/80/80 78/78/78
f 44/44/44 125/125/125 78/78/78
f 44/44/44 78/78/78 45/45/45
f 36/36/36 126/126/126 127/127/127
f 36/36/36 127/127/127 39/39/39
f 126/126/126 120/120/120 123/123/123
f 126/126/126 123/123/123 127/127/127
f 127/127/127 123/123/123 116/116/116
f 127/127/127 116/116/116 124/124/124
f 39/39/39 127/127/127 124/124/124
f 39/39/39 124/124/124 40/40/40
f 76/76/76 87/87/87 128/128/128
f 76/76/76 128/128/128 129/129/129
f 87/87/87 86/86/86 130/130/130
f 87/87/87 130/130/130 128/128/128
f 128/128/128 130/130/130 112/112/112
f 128/128/128 112/112/112 121/121/121
f 129/129/129 128/128/128 121/121/121
f 129/129/129 121/121/121 120/120/120
f 34/34/34 77/77/77 131/131/131
f 34/34/34 131/131/131 35/35/35
f 77/77/77 76/76/76 129/129/129
f 77/77/77 129/129/129 131/131/131
f 131/131/131 129/129/129 120/120/120
f 131/131/131 120/120/120 126/126/126
f 35/35/35 131/131/131 126/126/126
f 35/35/35 126/126/126 36/36/36
f 86/86/86 97/97/97 132/132/132
f 86/86/86 132/132/132 130/130/130
f 97/97/97 96/96/96 103/103/103
f 97/97/97 103/103/103 132/132/132
f 132/132/132 103/103/103 107/107/107
f 132/132/132 107/107/107 113/113/113
f 130/130/130 132/132/132 113/113/113
f 130/130/130 113/113/113 112/112/112
f 133/133/133 134/134/134 135/135/135
f 133/133/133 135/135/135 136/136/136
f 134/134/134 137/137/137 138/138/138
f 134/134/134 138/138/138 135/135/135
f 135/135/135 138/138/138 139/139/139
f 135/135/135 139/139/139 140/140/140
f 136/136/136 135/135/135 140/140/140
f 136/136/136 140/140/140 141/141/141
f 133/133/133 136/136/136 142/142/142
f 133/133/133 142/142/142 143/143/143
f 141/141/141 144/144/144 142/142/142
f 141/141/141 142/142/142 136/136/136
f 145/145/145 146/146/146 142/142/142
f 145/145/145 142/142/142 144/144/144
f 147/147/147 148/148/148 142/142/142
f 147/147/147 142/142/142 146/146/146
f 149/149/149 143/143/143 142/142/142
f 149/149/149 142/142/142 148/148/148
f 141/141/141 140/140/140 150/150/150
f 141/141/141 150/150/150 144/144/144
f 140/140/140 139/139/139 151/151/151
f 140/140/140 151/151/151 150/150/150
f 150/150/150 151/151/151 152/152/152
f 150/150/150 152/152/152 153/153/153
f 144/144/144 150/150/150 153/153/153
f 144/144/144 153/153/153 145/145/145
f 137/137/137 154/154/154 155/155/155
f 137/137/137 155/155/155 138/138/138
f 154/154/154 156/156/156 157/157/157
f 154/154/154 157/157/157 155/155/155
f 155/155/155 157/157/157 158/158/158
f 155/155/155 158/158/158 159/159/159
f 138/138/138 155/155/155 159/159/159
f 138/138/138 159/159/159 139/139/139
f 139/139/139 159/159/159 160/160/160
f 139/139/139 160/160/160 151/151/151
f 159/159/159 158/158/158 161/161/161
f 159/159/159 161/161/161 160/160/160
f 160/160/160 161/161/161 162/162/162
f 160/160/160 162/162/162 163/163/163
f 151/151/151 160/160/160 163/163/163
f 151/151/151 163/163/163 152/152/152
f 156/156/156 164/164/164 165/165/165
f 156/156/156 165/165/165 157/157/157
f 164/164/164 166/166/166 167/167/167
f 164/164/164 167/167/167 165/165/165
f 165/165/165 167/167/167 168/168/168
f 165/165/165 168/168/168 169/169/169
f 157/157/157 165/165/165 169/169/169
f 157/157/157 169/169/169 158/158/158
f 158/158/158 169/169/169 170/170/170
f 158/158/158 170/170/170 161/161/161
f 169/169/169 168/168/168 171/171/171
f 169/169/169 171/171/171 170/170/170
f 170/170/170 171/171/171 172/172/172
f 170/170/170 172/172/172 173/173/173
f 161/161/161 170/170/170 173/173/173
f 161/161/161 173/173/173 162/162/162
f 162/162/162 173/173/173 174/174/174
f 162/162/162 174/174/174 175/175/175
f 173/173/173 172/172/172 176/176/176
f 173/173/173 176/176/176 174/174/174
f 174/174/174 176/176/176 177/177/177
f 174/174/174 177/177/177 178/178/178
f 175/175/175 174/174/174 178/178/178
f 175/175/175 178/178/178 179/179/179
f 152/152/152 163/163/163 180/180/180
f 152/152/152 180/180/180 181/181/181
f 163/163/163 162/162/162 175/175/175
f 163/163/163 175/175/175 180/180/180
f 180/180/180 175/175/175 179/179/179
f 180/180/180 179/179/179 182/182/182
f 181/181/181 180/180/180 182/182/182
f 181/181/181 182/182/182 183/183/183
f 183/183/183 182/182/182 184/184/184
f 183/183/183 184/184/184 185/185/185
f 182/182/182 179/179/179 186/186/186
f 182/182/182 186/186/186 184/184/184
f 184/184/184 186/186/186 187/187/187
f 184/184/184 187/187/187 188/188/188
f 185/185/185 184/184/184 188/188/188
f 185/185/185 188/188/188 189/189/189
f 179/179/179 178/178/178 190/190/190
f 179/179/179 190/190/190 186/186/186
f 178/178/178 177/177/177 191/191/191
f 178/178/178 191/191/191 190/190/190
f 190/190/190 191/191/191 192/192/192
f 190/190/190 192/192/192 193/193/193
f 186/186/186 190/190/190 193/193/193
f 186/186/186 193/193/193 187/187/187
f 187/187/187 193/193/193 194/194/194
f 187/187/187 194/194/194 195/195/195
f 193/193/193 192/192/192 196/196/196
f 193/193/193 196/196/196 194/194/194
f 194/194/194 196/196/196 166/166/166
f 194/194/194 166/166/166 164/164/164
f 195/195/195 194/194/194 164/164/164
f 195/195/195 164/164/164 156/156/156
f 189/189/189 188/188/188 197/197/197
f 189/189/189 197/197/197 198/198/198
f 188/188/188 187/187/187 195/195/195
f 188/188/188 195/195/195 197/197/197
f 197/197/197 195/195/195 156/156/156
f 197/197/197 156/156/156 154/154/154
f 198/198/198 197/197/197 154/154/154
f 198/198/198 154/154/154 137/137/137
f 149/149/149 199/199/199 200/200/200
f 149/149/149 200/200/200 143/143/143
f 199/199/199 189/189/189 198/198/198
f 199/199/199 198/198/198 200/200/200
f 200/200/200 198/198/198 137/137/137
f 200/200/200 137/137/137 134/134/134
f 143/143/143 200/200/200 134/134/134
f 143/143/143 134/134/134 133/133/133
f 147/147/147 201/201/201 202/202/202
f 147/147/147 202/202/202 148/148/148
f 201/201/201 183/183/183 185/185/185
f 201/201/201 185/185/185 202/202/202
f 202/202/202 185/185/185 189/189/189
f 202/202/202 189/189/189 199/199/199
f 148/148/148 202/202/202 199/199/199
f 148/148/148 199/199/199 149/149/149
f 145/145/145 153/153/153 203/203/203
f 145/145/145 203/203/203 146/146/146
f 153/153/153 152/152/152 181/181/181
f 153/153/153 181/181/181 203/203/203
f 203/203/203 181/181/181 183/183/183
f 203/203/203 183/183/183 201/201/201
f 146/146/146 203/203/203 201/201/201
f 146/146/146 201/201/201 147/147/147
f 192/192/192 204/204/204 205/205/205
f 192/192/192 205/205/205 196/196/196
f 204/204/204 206/206/206 207/207/207
f 204/204/204 207/207/207 205/205/205
f 205/205/205 207/207/207 208/208/208
f 205/205/205 208/208/208 209/209/209
f 196/196/196 205/205/205 209/209/209
f 196/196/196 209/209/209 166/166/166
f 177/177/177 210/210/210 211/211/211
f 177/177/177 211/211/211 191/191/191
f 210/210/210 212/212/212 213/213/213
f 210/210/210 213/213/213 211/211/211
f 211/211/211 213/213/213 206/206/206
f 211/211/211 206/206/206 204/204/204
f 191/191/191 211/211/211 204/204/204
f 191/191/191 204/204/204 192/192/192
f 206/206/206 214/214/214 215/215/215
f 206/206/206 215/215/215 207/207/207
f 214/214/214 216/216/216 217/217/217
f 214/214/214 217/217/217 215/215/215
f 215/215/215 217/217/217 218/218/218
f 215/215/215 218/218/218 219/219/219
f 207/207/207 215/215/215 219/219/219
f 207/207/207 219/219/219 208/208/208
f 212/212/212 220/220/220 221/221/221
f 212/212/212 221/221/221 213/213/213
f 220/220/220 222/222/222 223/223/223
f 220/220/220 223/223/223 221/221/221
f 221/221/221 223/223/223 216/216/216
f 221/221/221 216/216/216 214/214/214
f 213/213/213 221/221/221 214/214/214
f 213/213/213 214/214/214 206/206/206
f 216/216/216 224/224/224 225/225/225
f 216/216/216 225/225/225 217/217/217
f 224/224/224 226/226/226 227/227/227
f 224/224/224 227/227/227 225/225/225
f 225/225/225 227/227/227 228/228/228
f 225/225/225 228/228/228 229/229/229
f 217/217/217 225/225/225 229/229/229
f 217/217/217 229/229/229 218/218/218
f 222/222/222 230/230/230 231/231/231
f 222/222/222 231/231/231 223/223/223
f 230/230/230 232/232/232 233/233/233
f 230/230/230 233/233/233 231/231/231
f 231/231/231 233/233/233 226/226/226
f 231/231/231 226/226/226 224/224/224
f 223/223/223 231/231/231 224/224/224
f 223/223/223 224/224/224 216/216/216
f 228/228/228 227/227/227 234/234/234
f 228/228/228 234/234/234 235/235/235
f 226/226/226 233/233/233 234/234/234
f 226/226/226 234/234/234 227/227/227
f 232/232/232 236/236/236 234/234/234
f 232/232/232 234/234/234 233/233/233
f 237/237/237 238/238/238 234/234/234
f 237/237/237 234/234/234 236/236/236
f 239/239/239 235/235/235 234/234/234
f 239/239/239 234/234/234 238/238/238
f 240/240/240 241/241/241 242/242/242
f 240/240/240 242/242/242 243/243/243
f 241/241/241 237/237/237 236/236/236
f 241/241/241 236/236/236 242/242/242
f 242/242/242 236/236/236 232/232/232
f 242/242/242 232/232/232 230/230/230
f 243/243/243 242/242/242 230/230/230
f 243/243/243 230/230/230 222/222/222
f 244/244/244 245/245/245 246/246/246
f 244/244/244 246/246/246 247/247/247
f 245/245/245 239/239/239 238/238/238
f 245/245/245 238/238/238 246/246/246
f 246/246/246 238/238/238 237/237/237
f 246/246/246 237/237/237 241/241/241
f 247/247/247 246/246/246 241/241/241
f 247/247/247 241/241/241 240/240/240
f 248/248/248 249/249/249 250/250/250
f 248/248/248 250/250/250 251/251/251
f 249/249/249 240/240/240 243/243/243
f 249/249/249 243/243/243 250/250/250
f 250/250/250 243/243/243 222/222/222
f 250/250/250 222/222/222 220/220/220
f 251/251/251 250/250/250 220/220/220
f 251/251/251 220/220/220 212/212/212
f 252/252/252 253/253/253 254/254/254
f 252/252/252 254/254/254 255/255/255
f 253/253/253 244/244/244 247/247/247
f 253/253/253 247/247/247 254/254/254
f 254/254/254 247/247/247 240/240/240
f 254/254/254 240/240/240 249/249/249
f 255/255/255 254/254/254 249/249/249
f 255/255/255 249/249/249 248/248/248
f 172/172/172 256/256/256 257/257/257
f 172/172/172 257/257/257 176/176/176
f 256/256/256 248/248/248 251/251/251
f 256/256/256 251/251/251 257/257/257
f 257/257/257 251/251/251 212/212/212
f 257/257/257 212/212/212 210/210/210
f 176/176/176 257/257/257 210/210/210
f 176/176/176 210/210/210 177/177/177
f 168/168/168 258/258/258 259/259/259
f 168/168/168 259/259/259 171/171/171
f 258/258/258 252/252/252 255/255/255
f 258/258/258 255/255/255 259/259/259
f 259/259/259 255/255/255 248/248/248
f 259/259/259 248/248/248 256/256/256
f 171/171/171 259/259/259 256/256/256
f 171/171/171 256/256/256 172/172/172
f 208/208/208 219/219/219 260/260/260
f 208/208/208 260/260/260 261/261/261
f 219/219/219 218/218/218 262/262/262
f 219/219/219 262/262/262 260/260/260
f 260/260/260 262/262/262 244/244/244
f 260/260/260 244/244/244 253/253/253
f 261/261/261 260/260/260 253/253/253
f 261/261/261 253/253/253 252/252/252
f 166/166/166 209/209/209 263/263/263
f 166/166/166 263/263/263 167/167/167
f 209/209/209 208/208/208 261/261/261
f 209/209/209 261/261/261 263/263/263
f 263/263/263 261/261/261 252/252/252
f 263/263/263 252/252/252 258/258/258
f 167/167/167 263/263/263 258/258/258
f 167/167/167 258/258/258 168/168/168
f 218/218/218 229/229/229 264/264/264
f 218/218/218 264/264/264 262/262/262
f 229/229/229 228/228/228 235/235/235
f 229/229/229 235/235/235 264/264/264
f 264/264/264 235/235/235 239/239/239
f 264/264/264 239/239/239 245/245/245
f 262/262/262 264/264/264 245/245/245
f 262/262/262 245/245/245 244/244/244
f 265/265/265 266/266/266 267/267/267
f 265/265/265 267/267/267 268/268/268
f 266/266/266 269/269/269 270/270/270
f 266/266/266 270/270/270 267/267/267
f 267/267/267 270/270/270 271/271/271
f 267/267/267 271/271/271 272/272/272
f 268/268/268 267/267/267 272/272/272
f 268/268/268 272/272/272 273/273/273
f 265/265/265 268/268/268 274/274/274
f 265/265/265 274/274/274 275/275/275
f 273/273/273 276/276/276 274/274/274
f 273/273/273 274/274/274 268/268/268
f 277/277/277 278/278/278 274/274/274
f 277/277/277 274/274/274 276/276/276
f 279/279/279 280/280/280 274/274/274
f 279/279/279 274/274/274 278/278/278
f 281/281/281 275/275/275 274/274/274
f 281/281/281 274/274/274 280/280/280
f 273/273/273 272/272/272 282/282/282
f 273/273/273 282/282/282 276/276/276
f 272/272/272 271/271/271 283/283/283
f 272/272/272 283/283/283 282/282/282
f 282/282/282 283/283/283 284/284/284
f 282/282/282 284/284/284 285/285/285
f 276/276/276 282/282/282 285/285/285
f 276/276/276 285/285/285 277/277/277
f 269/269/269 286/286/286 287/287/287
f 269/269/269 287/287/287 270/270/270
f 286/286/286 288/288/288 289/289/289
f 286/286/286 289/289/289 287/287/287
f 287/287/287 289/289/289 290/290/290
f 287/287/287 290/290/290 291/291/291
f 270/270/270 287/287/287 291/291/291
f 270/270/270 291/291/291 271/271/271
f 271/271/271 291/291/291 292/292/292
f 271/271/271 292/292/292 283/283/283
f 291/291/291 290/290/290 293/293/293
f 291/291/291 293/293/293 292/292/292
f 292/292/292 293/293/293 294/294/294
f 292/292/292 294/294/294 295/295/295
f 283/283/283 292/292/292 295/295/295
f 283/283/283 295/295/295 284/284/284
f 288/288/288 296/296/296 297/297/297
f 288/288/288 297/297/297 289/289/289
f 296/296/296 298/298/298 299/299/299
f 296/296/296 299/299/299 297/297/297
f 297/297/297 299/299/299 300/300/300
f 297/297/297 300/300/300 301/301/301
f 289/289/289 297/297/297 301/301/301
f 289/289/289 301/301/301 290/290/290
f 290/290/290 301/301/301 302/302/302
f 290/290/290 302/302/302 293/293/293
f 301/301/301 300/300/300 303/303/303
f 301/301/301 303/303/303 302/302/302
f 302/302/302 303/303/303 304/304/304
f 302/302/302 304/304/304 305/305/305
f 293/293/293 302/302/302 305/305/305
f 293/293/293 305/305/305 294/294/294
f 294/294/294 305/305/305 306/306/306
f 294/294/294 306/306/306 307/307/307
f 305/305/305 304/304/304 308/308/308
f 305/305/305 308/308/308 306/306/306
f 306/306/306 308/308/308 309/309/309
f 306/306/306 309/309/309 310/310/310
f 307/307/307 306/306/306 310/310/310
f 307/307/307 310/310/310 311/311/311
f 284/284/284 295/295/295 312/312/312
f 284/284/284 312/312/312 313/313/313
f 295/295/295 294/294/294 307/307/307
f 295/295/295 307/307/307 312/312/312
f 312/312/312 307/307/307 311/311/311
f 312/312/312 311/311/311 314/314/314
f 313/313/313 312/312/312 314/314/314
f 313/313/313 314/314/314 315/315/315
f 315/315/315 314/314/314 316/316/316
f 315/315/315 316/316/316 317/317/317
f 314/314/314 311/311/311 318/318/318
f 314/314/314 318/318/318 316/316/316
f 316/316/316 318/318/318 319/319/319
f 316/316/316 319/319/319 320/320/320
f 317/317/317 316/316/316 320/320/320
f 317/317/317 320/320/320 321/321/321
f 311/311/311 310/310/310 322/322/322
f 311/311/311 322/322/322 318/318/318
f 310/310/310 309/309/309 323/323/323
f 310/310/310 323/323/323 322/322/322
f 322/322/322 323/323/323 324/324/324
f 322/322/322 324/324/324 325/325/325
f 318/318/318 322/322/322 325/325/325
f 318/318/318 325/325/325 319/319/319
f 319/319/319 325/325/325 326/326/326
f 319/319/319 326/326/326 327/327/327
f 325/325/325 324/324/324 328/328/328
f 325/325/325 328/328/328 326/326/326
f 326/326/326 328/328/328 298/298/298
f 326/326/326 298/298/298 296/296/296
f 327/327/327 326/326/326 296/296/296
f 327/327/327 296/296/296 288/288/288
f 321/321/321 320/320/320 329/329/329
f 321/321/321 329/329/329 330/330/330
f 320/320/320 319/319/319 327/327/327
f 320/320/320 327/327/327 329/329/329
f 329/329/329 327/327/327 288/288/288
f 329/329/329 288/288/288 286/286/286
f 330/330/330 329/329/329 286/286/286
f 330/330/330 286/286/286 269/269/269
f 281/281/281 331/331/331 332/332/332
f 281/281/281 332/332/332 275/275/275
f 331/331/331 321/321/321 330/330/330
f 331/331/331 330/330/330 332/332/332
f 332/332/332 330/330/330 269/269/269
f 332/332/332 269/269/269 266/266/266
f 275/275/275 332/332/332 266/266/266
f 275/275/275 266/266/266 265/265/265
f 279/279/279 333/333/333 334/334/334
f 279/279/279 334/334/334 280/280/280
f 333/333/333 315/315/315 317/317/317
f 333/333/333 317/317/317 334/334/334
f 334/334/334 317/317/317 321/321/321
f 334/334/334 321/321/321 331/331/331
f 280/280/280 334/334/334 331/331/331
f 280/280/280 331/331/331 281/281/281
f 277/277/277 285/285/285 335/335/335
f 277/277/277 335/335/335 278/278/278
f 285/285/285 284/284/284 313/313/313
f 285/285/285 313/313/313 335/335/335
f 335/335/335 313/313/313 315/315/315
f 335/335/335 315/315/315 333/333/333
f 278/278/278 335/335/335 333/333/333
f 278/278/278 333/333/333 279/279/279
f 324/324/324 336/336/336 337/337/337
f 324/324/324 337/337/337 328/328/328
f 336/336/336 338/338/338 339/339/339
f 336/336/336 339/339/339 337/337/337
f 337/337/337 339/339/339 340/340/340
f 337/337/337 340/340/340 341/341/341
f 328/328/328 337/337/337 341/341/341
f 328/328/328 341/341/341 298/298/298
f 309/309/309 342/342/342 343/343/343
f 309/309/309 343/343/343 323/323/323
f 342/342/342 344/344/344 345/345/345
f 342/342/342 345/345/345 343/343/343
f 343/343/343 345/345/345 338/338/338
f 343/343/343 338/338/338 336/336/336
f 323/323/323 343/343/343 336/336/336
f 323/323/323 336/336/336 324/324/324
f 338/338/338 346/346/346 347/347/347
f 338/338/338 347/347/347 339/339/339
f 346/346/346 348/348/348 349/349/349
f 346/346/346 349/349/349 347/347/347
f 347/347/347 349/349/349 350/350/350
f 347/347/347 350/350/350 351/351/351
f 339/339/339 347/347/347 351/351/351
f 339/339/339 351/351/351 340/340/340
f 344/344/344 352/352/352 353/353/353
f 344/344/344 353/353/353 345/345/345
f 352/352/352 354/354/354 355/355/355
f 352/352/352 355/355/355 353/353/353
f 353/353/353 355/355/355 348/348/348
f 353/353/353 348/348/348 346/346/346
f 345/345/345 353/353/353 346/346/346
f 345/345/345 346/346/346 338/338/338
f 348/348/348 356/356/356 357/357/357
f 348/348/348 357/357/357 349/349/349
f 356/356/356 358/358/358 359/359/359
f 356/356/356 359/359/359 357/357/357
f 357/357/357 359/359/359 360/360/360
f 357/357/357 360/360/360 361/361/361
f 349/349/349 357/357/357 361/361/361
f 349/349/349 361/361/361 350/350/350
f 354/354/354 362/362/362 363/363/363
f 354/354/354 363/363/363 355/355/355
f 362/362/362 364/364/364 365/365/365
f 362/362/362 365/365/365 363/363/363
f 363/363/363 365/365/365 358/358/358
f 363/363/363 358/358/358 356/356/356
f 355/355/355 363/363/363 356/356/356
f 355/355/355 356/356/356 348/348/348
f 360/360/360 359/359/359 366/366/366
f 360/360/360 366/366/366 367/367/367
f 358/358/358 365/365/365 366/366/366
f 358/358/358 366/366/366 359/359/359
f 364/364/364 368/368/368 366/366/366
f 364/364/364 366/366/366 365/365/365
f 369/369/369 370/370/370 366/366/366
f 369/369/369 366/366/366 368/368/368
f 371/371/371 367/367/367 366/366/366
f 371/371/371 366/366/366 370/370/370
f 372/372/372 373/373/373 374/374/374
f 372/372/372 374/374/374 375/375/375
f 373/373/373 369/369/369 368/368/368
f 373/373/373 368/368/368 374/374/374
f 374/374/374 368/368/368 364/364/364
f 374/374/374 364/364/364 362/362/362
f 375/375/375 374/374/374 362/362/362
f 375/375/375 362/362/362 354/354/354
f 376/376/376 377/377/377 378/378/378
f 376/376/376 378/378/378 379/379/379
f 377/377/377 371/371/371 370/370/370
f 377/377/377 370/370/370 378/378/378
f 378/378/378 370/370/370 369/369/369
f 378/378/378 369/369/369 373/373/373
f 379/379/379 378/378/378 373/373/373
f 379/379/379 373/373/373 372/372/372
f 380/380/380 381/381/381 382/382/382
f 380/380/380 382/382/382 383/383/383
f 381/381/381 372/372/372 375/375/375
f 381/381/381 375/375/375 382/382/382
f 382/382/382 375/375/375 354/354/354
f 382/382/382 354/354/354 352/352/352
f 383/383/383 382/382/382 352/352/352
f 383/383/383 352/352/352 344/344/344
f 384/384/384 385/385/385 386/386/386
f 384/384/384 386/386/386 387/387/387
f 385/385/385 376/376/376 379/379/379
f 385/385/385 379/379/379 386/386/386
f 386/386/386 379/379/379 372/372/372
f 386/386/386 372/372/372 381/381/381
f 387/387/387 386/386/386 381/381/381
f 387/387/387 381/381/381 380/380/380
f 304/304/304 388/388/388 389/389/389
f 304/304/304 389/389/389 308/308/308
f 388/388/388 380/380/380 383/383/383
f 388/388/388 383/383/383 389/389/389
f 389/389/389 383/383/383 344/344/344
f 389/389/389 344/344/344 342/342/342
f 308/308/308 389/389/389 342/342/342
f 308/308/308 342/342/342 309/309/309
f 300/300/300 390/390/390 391/391/391
f 300/300/300 391/391/391 303/303/303
f 390/390/390 384/384/384 387/387/387
f 390/390/390 387/387/387 391/391/391
f 391/391/391 387/387/387 380/380/380
f 391/391/391 380/380/380 388/388/388
f 303/303/303 391/391/391 388/388/388
f 303/303/303 388/388/388 304/304/304
f 340/340/340 351/351/351 392/392/392
f 340/340/340 392/392/392 393/393/393
f 351/351/351 350/350/350 394/394/394
f 351/351/351 394/394/394 392/392/392
f 392/392/392 394/394/394 376/376/376
f 392/392/392 376/376/376 385/385/385
f 393/393/393 392/392/392 385/385/385
f 393/393/393 385/385/385 384/384/384
f 298/298/298 341/341/341 395/395/395
f 298/298/298 395/395/395 299/299/299
f 341/341/341 340/340/340 393/393/393
f 341/341/341 393/393/393 395/395/395
f 395/395/395 393/393/393 384/384/384
f 395/395/395 384/384/384 390/390/390
f 299/299/299 395/395/395 390/390/390
f 299/299/299 390/390/390 300/300/300
f 350/350/350 361/361/361 396/396/396
f 350/350/350 396/396/396 394/394/394
f 361/361/361 360/360/360 367/367/367
f 361/361/361 367/367/367 396/396/396
f 396/396/396 367/367/367 371/371/371
f 396/396/396 371/371/371 377/377/377
f 394/394/394 396/396/396 377/377/377
f 394/394/394 377/377/377 376/376/376
f 397/397/397 398/398/398 399/399/399
f 397/397/397 399/399/399 400/400/400
f 398/398/398 401/401/401 402/402/402
f 398/398/398 402/402/402 399/399/399
f 399/399/399 402/402/402 403/403/403
f 399/399/399 403/403/403 404/404/404
f 400/400/400 399/399/399 404/404/404
f 400/400/400 404/404/404 405/405/405
f 397/397/397 400/400/400 406/406/406
f 397/397/397 406/406/406 407/407/407
f 405/405/405 408/408/408 406/406/406
f 405/405/405 406/406/406 400/400/400
f 409/409/409 410/410/410 406/406/406
f 409/409/409 406/406/406 408/408/408
f 411/411/411 412/412/412 406/406/406
f 411/411/411 406/406/406 410/410/410
f 413/413/413 407/407/407 406/406/406
f 413/413/413 406/406/406 412/412/412
f 405/405/405 404/404/404 414/414/414
f 405/405/405 414/414/414 408/408/408
f 404/404/404 403/403/403 415/415/415
f 404/404/404 415/415/415 414/414/414
f 414/414/414 415/415/415 416/416/416
f 414/414/414 416/416/416 417/417/417
f 408/408/408 414/414/414 417/417/417
f 408/408/408 417/417/417 409/409/409
f 401/401/401 418/418/418 419/419/419
f 401/401/401 419/419/419 402/402/402
f 418/418/418 420/420/420 421/421/421
f 418/418/418 421/421/421 419/419/419
f 419/419/419 421/421/421 422/422/422
f 419/419/419 422/422/422 423/423/423
f 402/402/402 419/419/419 423/423/423
f 402/402/402 423/423/423 403/403/403
f 403/403/403 423/423/423 424/424/424
f 403/403/403 424/424/424 415/415/415
f 423/423/423 422/422/422 425/425/425
f 423/423/423 425/425/425 424/424/424
f 424/424/424 425/425/425 426/426/426
f 424/424/424 426/426/426 427/427/427
f 415/415/415 424/424/424 427/427/427
f 415/415/415 427/427/427 416/416/416
f 420/420/420 428/428/428 429/429/429
f 420/420/420 429/429/429 421/421/421
f 428/428/428 430/430/430 431/431/431
f 428/428/428 431/431/431 429/429/429
f 429/429/429 431/431/431 432/432/432
f 429/429/429 432/432/432 433/433/433
f 421/421/421 429/429/429 433/433/433
f 421/421/421 433/433/433 422/422/422
f 422/422/422 433/433/433 434/434/434
f 422/422/422 434/434/434 425/425/425
f 433/433/433 432/432/432 435/435/435
f 433/433/433 435/435/435 434/434/434
f 434/434/434 435/435/435 436/436/436
f 434/434/434 436/436/436 437/437/437
f 425/425/425 434/434/434 437/437/437
f 425/425/425 437/437/437 426/426/426
f 426/426/426 437/437/437 438/438/438
f 426/426/426 438/438/438 439/439/439
f 437/437/437 436/436/436 440/440/440
f 437/437/437 440/440/440 438/438/438
f 438/438/438 440/440/440 441/441/441
f 438/438/438 441/441/441 442/442/442
f 439/439/439 438/438/438 442/442/442
f 439/439/439 442/442/442 443/443/443
f 416/416/416 427/427/427 444/444/444
f 416/416/416 444/444/444 445/445/445
f 427/427/427 426/426/426 439/439/439
f 427/427/427 439/439/439 444/444/444
f 444/444/444 439/439/439 443/443/443
f 444/444/444 443/443/443 446/446/446
f 445/445/445 444/444/444 446/446/446
f 445/445/445 446/446/446 447/447/447
f 447/447/447 446/446/446 448/448/448
f 447/447/447 448/448/448 449/449/449
f 446/446/446 443/443/443 450/450/450
f 446/446/446 450/450/450 448/448/448
f 448/448/448 450/450/450 451/451/451
f 448/448/448 451/451/451 452/452/452
f 449/449/449 448/448/448 452/452/452
f 449/449/449 452/452/452 453/453/453
f 443/443/443 442/442/442 454/454/454
f 443/443/443 454/454/454 450/450/450
f 442/442/442 441/441/441 455/455/455
f 442/442/442 455/455/455 454/454/454
f 454/454/454 455/455/455 456/456/456
f 454/454/454 456/456/456 457/457/457
f 450/450/450 454/454/454 457/457/457
f 450/450/450 457/457/457 451/451/451
f 451/451/451 457/457/457 458/458/458
f 451/451/451 458/458/458 459/459/459
f 457/457/457 456/456/456 460/460/460
f 457/457/457 460/460/460 458/458/458
f 458/458/458 460/460/460 430/430/430
f 458/458/458 430/430/430 428/428/428
f 459/459/459 458/458/458 428/428/428
f 459/459/459 428/428/428 420/420/420
f 453/453/453 452/452/452 461/461/461
f 453/453/453 461/461/461 462/462/462
f 452/452/452 451/451/451 459/459/459
f 452/452/452 459/459/459 461/461/461
f 461/461/461 459/459/459 420/420/420
f 461/461/461 420/420/420 418/418/418
f 462/462/462 461/461/461 418/418/418
f 462/462/462 418/418/418 401/401/401
f 413/413/413 463/463/463 464/464/464
f 413/413/413 464/464/464 407/407/407
f 463/463/463 453/453/453 462/462/462
f 463/463/463 462/462/462 464/464/464
f 464/464/464 462/462/462 401/401/401
f 464/464/464 401/401/401 398/398/398
f 407/407/407 464/464/464 398/398/398
f 407/407/407 398/398/398 397/397/397
f 411/411/411 465/465/465 466/466/466
f 411/411/411 466/466/466 412/412/412
f 465/465/465 447/447/447 449/449/449
f 465/465/465 449/449/449 466/466/466
f 466/466/466 449/449/449 453/453/453
f 466/466/466 453/453/453 463/463/463
f 412/412/412 466/466/466 463/463/463
f 412/412/412 463/463/463 413/413/413
f 409/409/409 417/417/417 467/467/467
f 409/409/409 467/467/467 410/410/410
f 417/417/417 416/416/416 445/445/445
f 417/417/417 445/445/445 467/467/467
f 467/467/467 445/445/445 447/447/447
f 467/467/467 447/447/447 465/465/465
f 410/410/410 467/467/467 465/465/465
f 410/410/410 465/465/465 411/411/411
f 456/456/456 468/468/468 469/469/469
f 456/456/456 469/469/469 460/460/460
f 468/468/468 470/470/470 471/471/471
f 468/468/468 471/471/471 469/469/469
f 469/469/469 471/471/471 472/472/472
f 469/469/469 472/472/472 473/473/473
f 460/460/460 469/469/469 473/473/473
f 460/460/460 473/473/473 430/430/430
f 441/441/441 474/474/474 475/475/475
f 441/441/441 475/475/475 455/455/455
f 474/474/474 476/476/476 477/477/477
f 474/474/474 477/477/477 475/475/475
f 475/475/475 477/477/477 470/470/470
f 475/475/475 470/470/470 468/468/468
f 455/455/455 475/475/475 468/468/468
f 455/455/455 468/468/468 456/456/456
f 470/470/470 478/478/478 479/479/479
f 470/470/470 479/479/479 471/471/471
f 478/478/478 480/480/480 481/481/481
f 478/478/478 481/481/481 479/479/479
f 479/479/479 481/481/481 482/482/482
f 479/479/479 482/482/482 483/483/483
f 471/471/471 479/479/479 483/483/483
f 471/471/471 483/483/483 472/472/472
f 476/476/476 484/484/484 485/485/485
f 476/476/476 485/485/485 477/477/477
f 484/484/484 486/486/486 487/487/487
f 484/484/484 487/487/487 485/485/485
f 485/485/485 487/487/487 480/480/480
f 485/485/485 480/480/480 478/478/478
f 477/477/477 485/485/485 478/478/478
f 477/477/477 478/478/478 470/470/470
f 480/480/480 488/488/488 489/489/489
f 480/480/480 489/489/489 481/481/481
f 488/488/488 490/490/490 491/491/491
f 488/488/488 491/491/491 489/489/489
f 489/489/489 491/491/491 492/492/492
f 489/489/489 492/492/492 493/493/493
f 481/481/481 489/489/489 493/493/493
f 481/481/481 493/493/493 482/482/482
f 486/486/486 494/494/494 495/495/495
f 486/486/486 495/495/495 487/487/487
f 494/494/494 496/496/496 497/497/497
f 494/494/494 497/497/497 495/495/495
f 495/495/495 497/497/497 490/490/490
f 495/495/495 490/490/490 488/488/488
f 487/487/487 495/495/495 488/488/488
f 487/487/487 488/488/488 480/480/480
f 492/492/492 491/491/491 498/498/498
f 492/492/492 498/498/498 499/499/499
f 490/490/490 497/497/497 498/498/498
f 490/490/490 498/498/498 491/491/491
f 496/496/496 500/500/500 498/498/498
f 496/496/496 498/498/498 497/497/497
f 501/501/501 502/502/502 498/498/498
f 501/501/501 498/498/498 500/500/500
f 503/503/503 499/499/499 498/498/498
f 503/503/503 498/498/498 502/502/502
f 504/504/504 505/505/505 506/506/506
f 504/504/504 506/506/506 507/507/507
f 505/505/505 501/501/501 500/500/500
f 505/505/505 500/500/500 506/506/506
f 506/506/506 500/500/500 496/496/496
f 506/506/506 496/496/496 494/494/494
f 507/507/507 506/506/506 494/494/494
f 507/507/507 494/494/494 486/486/486
f 508/508/508 509/509/509 510/510/510
f 508/508/508 510/510/510 511/511/511
f 509/509/509 503/503/503 502/502/502
f 509/509/509 502/502/502 510/510/510
f 510/510/510 502/502/502 501/501/501
f 510/510/510 501/501/501 505/505/505
f 511/511/511 510/510/510 505/505/505
f 511/511/511 505/505/505 504/504/504
f 512/512/512 513/513/513 514/514/514
f 512/512/512 514/514/514 515/515/515
f 513/513/513 504/504/504 507/507/507
f 513/513/513 507/507/507 514/514/514
f 514/514/514 507/507/507 486/486/486
f 514/514/514 486/486/486 484/484/484
f 515/515/515 514/514/514 484/484/484
f 515/515/515 484/484/484 476/476/476
f 516/516/516 517/517/517 518/518/518
f 516/516/516 518/518/518 519/519/519
f 517/517/517 508/508/508 511/511/511
f 517/517/517 511/511/511 518/518/518
f 518/518/518 511/511/511 504/504/504
f 518/518/518 504/504/504 513/513/513
f 519/519/519 518/518/518 513/513/513
f 519/519/519 513/513/513 512/512/512
f 436/436/436 520/520/520 521/521/521
f 436/436/436 521/521/521 440/440/440
f 520/520/520 512/512/512 515/515/515
f 520/520/520 515/515/515 521/521/521
f 521/521/521 515/515/515 476/476/476
f 521/521/521 476/476/476 474/474/474
f 440/440/440 521/521/521 474/474/474
f 440/440/440 474/474/474 441/441/441
f 432/432/432 522/522/522 523/523/523
f 432/432/432 523/523/523 435/435/435
f 522/522/522 516/516/516 519/519/519
f 522/522/522 519/519/519 523/523/523
f 523/523/523 519/519/519 512/512/512
f 523/523/523 512/512/512 520/520/520
f 435/435/435 523/523/523 520/520/520
f 435/435/435 520/520/520 436/436/436
f 472/472/472 483/483/483 524/524/524
f 472/472/472 524/524/524 525/525/525
f 483/483/483 482/482/482 526/526/526
f 483/483/483 526/526/526 524/524/524
f 524/524/524 526/526/526 508/508/508
f 524/524/524 508/508/508 517/517/517
f 525/525/525 524/524/524 517/517/517
f 525/525/525 517/517/517 516/516/516
f 430/430/430 473/473/473 527/527/527
f 430/430/430 527/527/527 431/431/431
f 473/473/473 472/472/472 525/525/525
f 473/473/473 525/525/525 527/527/527
f 527/527/527 525/525/525 516/516/516
f 527/527/527 516/516/516 522/522/522
f 431/431/431 527/527/527 522/522/522
f 431/431/431 522/522/522 432/432/432
f 482/482/482 493/493/493 528/528/528
f 482/482/482 528/528/528 526/526/526
f 493/493/493 492/492/492 499/499/499
f 493/493/493 499/499/499 528/528/528
f 528/528/528 499/499/499 503/503/503
f 528/528/528 503/503/503 509/509/509
f 526/526/526 528/528/528 509/509/509
f 526/526/526 509/509/509 508/508/508
f 529/529/529 530/530/530 531/531/531
f 529/529/529 531/531/531 532/532/532
f 530/530/530 533/533/533 534/534/534
f 530/530/530 534/534/534 531/531/531
f 531/531/531 534/534/534 535/535/535
f 531/531/531 535/535/535 536/536/536
f 532/532/532 531/531/531 536/536/536
f 532/532/532 536/536/536 537/537/537
f 529/529/529 532/532/532 538/538/538
f 529/529/529 538/538/538 539/539/539
f 537/537/537 540/540/540 538/538/538
f 537/537/537 538/538/538 532/532/532
f 541/541/541 542/542/542 538/538/538
f 541/541/541 538/538/538 540/540/540
f 543/543/543 544/544/544 538/538/538
f 543/543/543 538/538/538 542/542/542
f 545/545/545 539/539/539 538/538/538
f 545/545/545 538/538/538 544/544/544
f 537/537/537 536/536/536 546/546/546
f 537/537/537 546/546/546 540/540/540
f 536/536/536 535/535/535 547/547/547
f 536/536/536 547/547/547 546/546/546
f 546/546/546 547/547/547 548/548/548
f 546/546/546 548/548/548 549/549/549
f 540/540/540 546/546/546 549/549/549
f 540/540/540 549/549/549 541/541/541
f 533/533/533 550/550/550 551/551/551
f 533/533/533 551/551/551 534/534/534
f 550/550/550 552/552/552 553/553/553
f 550/550/550 553/553/553 551/551/551
f 551/551/551 553/553/553 554/554/554
f 551/551/551 554/554/554 555/555/555
f 534/534/534 551/551/551 555/555/555
f 534/534/534 555/555/555 535/535/535
f 535/535/535 555/555/555 556/556/556
f 535/535/535 556/556/556 547/547/547
f 555/555/555 554/554/554 557/557/557
f 555/555/555 557/557/557 556/556/556
f 556/556/556 557/557/557 558/558/558
f 556/556/556 558/558/558 559/559/559
f 547/547/547 556/556/556 559/559/559
f 547/547/547 559/559/559 548/548/548
f 552/552/552 560/560/560 561/561/561
f 552/552/552 561/561/561 553/553/553
f 560/560/560 562/562/562 563/563/563
f 560/560/560 563/563/563 561/561/561
f 561/561/561 563/563/563 564/564/564
f 561/561/561 564/564/564 565/565/565
f 553/553/553 561/561/561 565/565/565
f 553/553/553 565/565/565 554/554/554
f 554/554/554 565/565/565 566/566/566
f 554/554/554 566/566/566 557/557/557
f 565/565/565 564/564/564 567/567/567
f 565/565/565 567/567/567 566/566/566
f 566/566/566 567/567/567 568/568/568
f 566/566/566 568/568/568 569/569/569
f 557/557/557 566/566/566 569/569/569
f 557/557/557 569/569/569 558/558/558
f 558/558/558 569/569/569 570/570/570
f 558/558/558 570/570/570 571/571/571
f 569/569/569 568/568/568 572/572/572
f 569/569/569 572/572/572 570/570/570
f 570/570/570 572/572/572 573/573/573
f 570/570/570 573/573/573 574/574/574
f 571/571/571 570/570/570 574/574/574
f 571/571/571 574/574/574 575/575/575
f 548/548/548 559/559/559 576/576/576
f 548/548/548 576/576/576 577/577/577
f 559/559/559 558/558/558 571/571/571
f 559/559/559 571/571/571 576/576/576
f 576/576/576 571/571/571 575/575/575
f 576/576/576 575/575/575 578/578/578
f 577/577/577 576/576/576 578/578/578
f 577/577/577 578/578/578 579/579/579
f 579/579/579 578/578/578 580/580/580
f 579/579/579 580/580/580 581/581/581
f 578/578/578 575/575/575 582/582/582
f 578/578/578 582/582/582 580/580/580
f 580/580/580 582/582/582 583/583/583
f 580/580/580 583/583/583 584/584/584
f 581/581/581 580/580/580 584/584/584
f 581/581/581 584/584/584 585/585/585
f 575/575/575 574/574/574 586/586/586
f 575/575/575 586/586/586 582/582/582
f 574/574/574 573/573/573 587/587/587
f 574/574/574 587/587/587 586/586/586
f 586/586/586 587/587/587 588/588/588
f 586/586/586 588/588/588 589/589/589
f 582/582/582 586/586/586 589/589/589
f 582/582/582 589/589/589 583/583/583
f 583/583/583 589/589/589 590/590/590
f 583/583/583 590/590/590 591/591/591
f 589/589/589 588/588/588 592/592/592
f 589/589/589 592/592/592 590/590/590
f 590/590/590 592/592/592 562/562/562
f 590/590/590 562/562/562 560/560/560
f 591/591/591 590/590/590 560/560/560
f 591/591/591 560/560/560 552/552/552
f 585/585/585 584/584/584 593/593/593
f 585/585/585 593/593/593 594/594/594
f 584/584/584 583/583/583 591/591/591
f 584/584/584 591/591/591 593/593/593
f 593/593/593 591/591/591 552/552/552
f 593/593/593 552/552/552 550/550/550
f 594/594/594 593/593/593 550/550/550
f 594/594/594 550/550/550 533/533/533
f 545/545/545 595/595/595 596/596/596
f 545/545/545 596/596/596 539/539/539
f 595/595/595 585/585/585 594/594/594
f 595/595/595 594/594/594 596/596/596
f 596/596/596 594/594/594 533/533/533
f 596/596/596 533/533/533 530/530/530
f 539/539/539 596/596/596 530/530/530
f 539/539/539 530/530/530 529/529/529
f 543/543/543 597/597/597 598/598/598
f 543/543/543 598/598/598 544/544/544
f 597/597/597 579/579/579 581/581/581
f 597/597/597 581/581/581 598/598/598
f 598/598/598 581/581/581 585/585/585
f 598/598/598 585/585/585 595/595/595
f 544/544/544 598/598/598 595/595/595
f 544/544/544 595/595/595 545/545/545
f 541/541/541 549/549/549 599/599/599
f 541/541/541 599/599/599 542/542/542
f 549/549/549 548/548/548 577/577/577
f 549/549/549 577/577/577 599/599/599
f 599/599/599 577/577/577 579/579/579
f 599/599/599 579/579/579 597/597/597
f 542/542/542 599/599/599 597/597/597
f 542/542/542 597/597/597 543/543/543
f 588/588/588 600/600/600 601/601/601
f 588/588/588 601/601/601 592/592/592
f 600/600/600 602/602/602 603/603/603
f 600/600/600 603/603/603 601/601/601
f 601/601/601 603/603/603 604/604/604
f 601/601/601 604/604/604 605/605/605
f 592/592/592 601/601/601 605/605/605
f 592/592/592 605/605/605 562/562/562
f 573/573/573 606/606/606 607/607/607
f 573/573/573 607/607/607 587/587/587
f 606/606/606 608/608/608 609/609/609
f 606/606/606 609/609/609 607/607/607
f 607/607/607 609/609/609 602/602/602
f 607/607/607 602/602/602 600/600/600
f 587/587/587 607/607/607 600/600/600
f 587/587/587 600/600/600 588/588/588
f 602/602/602 610/610/610 611/611/611
f 602/602/602 611/611/611 603/603/603
f 610/610/610 612/612/612 613/613/613
f 610/610/610 613/613/613 611/611/611
f 611/611/611 613/613/613 614/614/614
f 611/611/611 614/614/614 615/615/615
f 603/603/603 611/611/611 615/615/615
f 603/603/603 615/615/615 604/604/604
f 608/608/608 616/616/616 617/617/617
f 608/608/608 617/617/617 609/609/609
f 616/616/616 618/618/618 619/619/619
f 616/616/616 619/619/619 617/617/617
f 617/617/617 619/619/619 612/612/612
f 617/617/617 612/612/612 610/610/610
f 609/609/609 617/617/617 610/610/610
f 609/609/609 610/610/610 602/602/602
f 612/612/612 620/620/620 621/621/621
f 612/612/612 621/621/621 613/613/613
f 620/620/620 622/622/622 623/623/623
f 620/620/620 623/623/623 621/621/621
f 621/621/621 623/623/623 624/624/624
f 621/621/621 624/624/624 625/625/625
f 613/613/613 621/621/621 625/625/625
f 613/613/613 625/625/625 614/614/614
f 618/618/618 626/626/626 627/627/627
f 618/618/618 627/627/627 619/619/619
f 626/626/626 628/628/628 629/629/629
f 626/626/626 629/629/629 627/627/627
f 627/627/627 629/629/629 622/622/622
f 627/627/627 622/622/622 620/620/620
f 619/619/619 627/627/627 620/620/620
f 619/619/619 620/620/620 612/612/612
f 624/624/624 623/623/623 630/630/630
f 624/624/624 630/630/630 631/631/631
f 622/622/622 629/629/629 630/630/630
f 622/622/622 630/630/630 623/623/623
f 628/628/628 632/632/632 630/630/630
f 628/628/628 630/630/630 629/629/629
f 633/633/633 634/634/634 630/630/630
f 633/633/633 630/630/630 632/632/632
f 635/635/635 631/631/631 630/630/630
f 635/635/635 630/630/630 634/634/634
f 636/636/636 637/637/637 638/638/638
f 636/636/636 638/638/638 639/639/639
f 637/637/637 633/633/633 632/632/632
f 637/637/637 632/632/632 638/638/638
f 638/638/638 632/632/632 628/628/628
f 638/638/638 628/628/628 626/626/626
f 639/639/639 638/638/638 626/626/626
f 639/639/639 626/626/626 618/618/618
f 640/640/640 641/641/641 642/642/642
f 640/640/640 642/642/642 643/643/643
f 641/641/641 635/635/635 634/634/634
f 641/641/641 634/634/634 642/642/642
f 642/642/642 634/634/634 633/633/633
f 642/642/642 633/633/633 637/637/637
f 643/643/643 642/642/642 637/637/637
f 643/643/643 637/637/637 636/636/636
f 644/644/644 645/645/645 646/646/646
f 644/644/644 646/646/646 647/647/647
f 645/645/645 636/636/636 639/639/639
f 645/645/645 639/639/639 646/646/646
f 646/646/646 639/639/639 618/618/618
f 646/646/646 618/618/618 616/616/616
f 647/647/647 646/646/646 616/616/616
f 647/647/647 616/616/616 608/608/608
f 648/648/648 649/649/649 650/650/650
f 648/648/648 650/650/650 651/651/651
f 649/649/649 640/640/640 643/643/643
f 649/649/649 643/643/643 650/650/650
f 650/650/650 643/643/643 636/636/636
f 650/650/650 636/636/636 645/645/645
f 651/651/651 650/650/650 645/645/645
f 651/651/651 645/645/645 644/644/644
f 568/568/568 652/652/652 653/653/653
f 568/568/568 653/653/653 572/572/572
f 652/652/652 644/644/644 647/647/647
f 652/652/652 647/647/647 653/653/653
f 653/653/653 647/647/647 608/608/608
f 653/653/653 608/608/608 606/606/606
f 572/572/572 653/653/653 606/606/606
f 572/572/572 606/606/606 573/573/573
f 564/564/564 654/654/654 655/655/655
f 564/564/564 655/655/655 567/567/567
f 654/654/654 648/648/648 651/651/651
f 654/654/654 651/651/651 655/655/655
f 655/655/655 651/651/651 644/644/644
f 655/655/655 644/644/644 652/652/652
f 567/567/567 655/655/655 652/652/652
f 567/567/567 652/652/652 568/568/568
f 604/604/604 615/615/615 656/656/656
f 604/604/604 656/656/656 657/657/657
f 615/615/615 614/614/614 658/658/658
f 615/615/615 658/658/658 656/656/656
f 656/656/656 658/658/658 640/640/640
f 656/656/656 640/640/640 649/649/649
f 657/657/657 656/656/656 649/649/649
f 657/657/657 649/649/649 648/648/648
f 562/562/562 605/605/605 659/659/659
f 562/562/562 659/659/659 563/563/563
f 605/605/605 604/604/604 657/657/657
f 605/605/605 657/657/657 659/659/659
f 659/659/659 657/657/657 648/648/648
f 659/659/659 648/648/648 654/654/654
f 563/563/563 659/659/659 654/654/654
f 563/563/563 654/654/654 564/564/564
f 614/614/614 625/625/625 660/660/660
f 614/614/614 660/660/660 658/658/658
f 625/625/625 624/624/624 631/631/631
f 625/625/625 631/631/631 660/660/660
f 660/660/660 631/631/631 635/635/635
f 660/660/660 635/635/635 641/641/641
f 658/658/658 660/660/660 641/641/641
f 658/658/658 641/641/641 640/640/640
f 661/661/661 662/662/662 663/663/663
f 661/661/661 663/663/663 664/664/664
f 662/662/662 665/665/665 666/666/666
f 662/662/662 666/666/666 663/663/663
f 663/663/663 666/666/666 667/667/667
f 663/663/663 667/667/667 668/668/668
f 664/664/664 663/663/663 668/668/668
f 664/664/664 668/668/668 669/669/669
f 661/661/661 664/664/664 670/670/670
f 661/661/661 670/670/670 671/671/671
f 669/669/669 672/672/672 670/670/670
f 669/669/669 670/670/670 664/664/664
f 673/673/673 674/674/674 670/670/670
f 673/673/673 670/670/670 672/672/672
f 675/675/675 676/676/676 670/670/670
f 675/675/675 670/670/670 674/674/674
f 677/677/677 671/671/671 670/670/670
f 677/677/677 670/670/670 676/676/676
f 669/669/669 668/668/668 678/678/678
f 669/669/669 678/678/678 672/672/672
f 668/668/668 667/667/667 679/679/679
f 668/668/668 679/679/679 678/678/678
f 678/678/678 679/679/679 680/680/680
f 678/678/678 680/680/680 681/681/681
f 672/672/672 678/678/678 681/681/681
f 672/672/672 681/681/681 673/673/673
f 665/665/665 682/682/682 683/683/683
f 665/665/665 683/683/683 666/666/666
f 682/682/682 684/684/684 685/685/685
f 682/682/682 685/685/685 683/683/683
f 683/683/683 685/685/685 686/686/686
f 683/683/683 686/686/686 687/687/687
f 666/666/666 683/683/683 687/687/687
f 666/666/666 687/687/687 667/667/667
f 667/667/667 687/687/687 688/688/688
f 667/667/667 688/688/688 679/679/679
f 687/687/687 686/686/686 689/689/689
f 687/687/687 689/689/689 688/688/688
f 688/688/688 689/689/689 690/690/690
f 688/688/688 690/690/690 691/691/691
f 679/679/679 688/688/688 691/691/691
f 679/679/679 691/691/691 680/680/680
f 684/684/684 692/692/692 693/693/693
f 684/684/684 693/693/693 685/685/685
f 692/692/692 694/694/694 695/695/695
f 692/692/692 695/695/695 693/693/693
f 693/693/693 695/695/695 696/696/696
f 693/693/693 696/696/696 697/697/697
f 685/685/685 693/693/693 697/697/697
f 685/685/685 697/697/697 686/686/686
f 686/686/686 697/697/697 698/698/698
f 686/686/686 698/698/698 689/689/689
f 697/697/697 696/696/696 699/699/699
f 697/697/697 699/699/699 698/698/698
f 698/698/698 699/699/699 700/700/700
f 698/698/698 700/700/700 701/701/701
f 689/689/689 698/698/698 701/701/701
f 689/689/689 701/701/701 690/690/690
f 680/680/680 691/691/691 702/702/702
f 680/680/680 702/702/702 703/703/703
f 691/691/691 690/690/690 704/704/704
f 691/691/691 704/704/704 702/702/702
f 702/702/702 704/704/704 705/705/705
f 702/702/702 705/705/705 706/706/706
f 703/703/703 702/702/702 706/706/706
f 703/703/703 706/706/706 707/707/707
f 690/690/690 701/701/701 708/708/708
f 690/690/690 708/708/708 704/704/704
f 701/701/701 700/700/700 709/709/709
f 701/701/701 709/709/709 708/708/708
f 708/708/708 709/709/709 710/710/710
f 708/708/708 710/710/710 711/711/711
f 704/704/704 708/708/708 711/711/711
f 704/704/704 711/711/711 705/705/705
f 705/705/705 711/711/711 712/712/712
f 705/705/705 712/712/712 713/713/713
f 711/711/711 710/710/710 714/714/714
f 711/711/711 714/714/714 712/712/712
f 712/712/712 714/714/714 715/715/715
f 712/712/712 715/715/715 716/716/716
f 713/713/713 712/712/712 716/716/716
f 713/713/713 716/716/716 717/717/717
f 707/707/707 706/706/706 718/718/718
f 707/707/707 718/718/718 719/719/719
f 706/706/706 705/705/705 713/713/713
f 706/706/706 713/713/713 718/718/718
f 718/718/718 713/713/713 717/717/717
f 718/718/718 717/717/717 720/720/720
f 719/719/719 718/718/718 720/720/720
f 719/719/719 720/720/720 721/721/721
f 721/721/721 720/720/720 722/722/722
f 721/721/721 722/722/722 723/723/723
f 720/720/720 717/717/717 724/724/724
f 720/720/720 724/724/724 722/722/722
f 722/722/722 724/724/724 684/684/684
f 722/722/722 684/684/684 682/682/682
f 723/723/723 722/722/722 682/682/682
f 723/723/723 682/682/682 665/665/665
f 717/717/717 716/716/716 725/725/725
f 717/717/717 725/725/725 724/724/724
f 716/716/716 715/715/715 726/726/726
f 716/716/716 726/726/726 725/725/725
f 725/725/725 726/726/726 694/694/694
f 725/725/725 694/694/694 692/692/692
f 724/724/724 725/725/725 692/692/692
f 724/724/724 692/692/692 684/684/684
f 715/715/715 727/727/727 728/728/728
f 715/715/715 728/728/728 726/726/726
f 727/727/727 729/729/729 730/730/730
f 727/727/727 730/730/730 728/728/728
f 728/728/728 730/730/730 731/731/731
f 728/728/728 731/731/731 732/732/732
f 726/726/726 728/728/728 732/732/732
f 726/726/726 732/732/732 694/694/694
f 710/710/710 733/733/733 734/734/734
f 710/710/710 734/734/734 714/714/714
f 733/733/733 735/735/735 736/736/736
f 733/733/733 736/736/736 734/734/734
f 734/734/734 736/736/736 729/729/729
f 734/734/734 729/729/729 727/727/727
f 714/714/714 734/734/734 727/727/727
f 714/714/714 727/727/727 715/715/715
f 729/729/729 737/737/737 738/738/738
f 729/729/729 738/738/738 730/730/730
f 737/737/737 739/739/739 740/740/740
f 737/737/737 740/740/740 738/738/738
f 738/738/738 740/740/740 741/741/741
f 738/738/738 741/741/741 742/742/742
f 730/730/730 738/738/738 742/742/742
f 730/730/730 742/742/742 731/731/731
f 735/735/735 743/743/743 744/744/744
f 735/735/735 744/744/744 736/736/736
f 743/743/743 745/745/745 746/746/746
f 743/743/743 746/746/746 744/744/744
f 744/744/744 746/746/746 739/739/739
f 744/744/744 739/739/739 737/737/737
f 736/736/736 744/744/744 737/737/737
f 736/736/736 737/737/737 729/729/729
f 739/739/739 747/747/747 748/748/748
f 739/739/739 748/748/748 740/740/740
f 747/747/747 749/749/749 750/750/750
f 747/747/747 750/750/750 748/748/748
f 748/748/748 750/750/750 751/751/751
f 748/748/748 751/751/751 752/752/752
f 740/740/740 748/748/748 752/752/752
f 740/740/740 752/752/752 741/741/741
f 745/745/745 753/753/753 754/754/754
f 745/745/745 754/754/754 746/746/746
f 753/753/753 755/755/755 756/756/756
f 753/753/753 756/756/756 754/754/754
f 754/754/754 756/756/756 749/749/749
f 754/754/754 749/749/749 747/747/747
f 746/746/746 754/754/754 747/747/747
f 746/746/746 747/747/747 739/739/739
f 749/749/749 757/757/757 758/758/758
f 749/749/749 758/758/758 750/750/750
f 757/757/757 759/759/759 760/760/760
f 757/757/757 760/760/760 758/758/758
f 758/758/758 760/760/760 761/761/761
f 758/758/758 761/761/761 762/762/762
f 750/750/750 758/758/758 762/762/762
f 750/750/750 762/762/762 751/751/751
f 755/755/755 763/763/763 764/764/764
f 755/755/755 764/764/764 756/756/756
f 763/763/763 765/765/765 766/766/766
f 763/763/763 766/766/766 764/764/764
f 764/764/764 766/766/766 759/759/759
f 764/764/764 759/759/759 757/757/757
f 756/756/756 764/764/764 757/757/757
f 756/756/756 757/757/757 749/749/749
f 759/759/759 767/767/767 768/768/768
f 759/759/759 768/768/768 760/760/760
f 767/767/767 769/769/769 770/770/770
f 767/767/767 770/770/770 768/768/768
f 768/768/768 770/770/770 771/771/771
f 768/768/768 771/771/771 772/772/772
f 760/760/760 768/768/768 772/772/772
f 760/760/760 772/772/772 761/761/761
f 765/765/765 773/773/773 774/774/774
f 765/765/765 774/774/774 766/766/766
f 773/773/773 775/775/775 776/776/776
f 773/773/773 776/776/776 774/774/774
f 774/774/774 776/776/776 769/769/769
f 774/774/774 769/769/769 767/767/767
f 766/766/766 774/774/774 767/767/767
f 766/766/766 767/767/767 759/759/759
f 769/769/769 777/777/777 778/778/778
f 769/769/769 778/778/778 770/770/770
f 777/777/777 779/779/779 780/780/780
f 777/777/777 780/780/780 778/778/778
f 778/778/778 780/780/780 781/781/781
f 778/778/778 781/781/781 782/782/782
f 770/770/770 778/778/778 782/782/782
f 770/770/770 782/782/782 771/771/771
f 775/775/775 783/783/783 784/784/784
f 775/775/775 784/784/784 776/776/776
f 783/783/783 785/785/785 786/786/786
f 783/783/783 786/786/786 784/784/784
f 784/784/784 786/786/786 779/779/779
f 784/784/784 779/779/779 777/777/777
f 776/776/776 784/784/784 777/777/777
f 776/776/776 777/777/777 769/769/769
f 779/779/779 787/787/787 788/788/788
f 779/779/779 788/788/788 780/780/780
f 787/787/787 789/789/789 790/790/790
f 787/787/787 790/790/790 788/788/788
f 788/788/788 790/790/790 791/791/791
f 788/788/788 791/791/791 792/792/792
f 780/780/780 788/788/788 792/792/792
f 780/780/780 792/792/792 781/781/781
f 785/785/785 793/793/793 794/794/794
f 785/785/785 794/794/794 786/786/786
f 793/793/793 795/795/795 796/796/796
f 793/793/793 796/796/796 794/794/794
f 794/794/794 796/796/796 789/789/789
f 794/794/794 789/789/789 787/787/787
f 786/786/786 794/794/794 787/787/787
f 786/786/786 787/787/787 779/779/779
f 791/791/791 790/790/790 797/797/797
f 791/791/791 797/797/797 798/798/798
f 789/789/789 796/796/796 797/797/797
f 789/789/789 797/797/797 790/790/790
f 795/795/795 799/799/799 797/797/797
f 795/795/795 797/797/797 796/796/796
f 800/800/800 801/801/801 797/797/797
f 800/800/800 797/797/797 799/799/799
f 802/802/802 798/798/798 797/797/797
f 802/802/802 797/797/797 801/801/801
f 803/803/803 804/804/804 805/805/805
f 803/803/803 805/805/805 806/806/806
f 804/804/804 800/800/800 799/799/799
f 804/804/804 799/799/799 805/805/805
f 805/805/805 799/799/799 795/795/795
f 805/805/805 795/795/795 793/793/793
f 806/806/806 805/805/805 793/793/793
f 806/806/806 793/793/793 785/785/785
f 807/807/807 808/808/808 809/809/809
f 807/807/807 809/809/809 810/810/810
f 808/808/808 802/802/802 801/801/801
f 808/808/808 801/801/801 809/809/809
f 809/809/809 801/801/801 800/800/800
f 809/809/809 800/800/800 804/804/804
f 810/810/810 809/809/809 804/804/804
f 810/810/810 804/804/804 803/803/803
f 811/811/811 812/812/812 813/813/813
f 811/811/811 813/813/813 814/814/814
f 812/812/812 803/803/803 806/806/806
f 812/812/812 806/806/806 813/813/813
f 813/813/813 806/806/806 785/785/785
f 813/813/813 785/785/785 783/783/783
f 814/814/814 813/813/813 783/783/783
f 814/814/814 783/783/783 775/775/775
f 815/815/815 816/816/816 817/817/817
f 815/815/815 817/817/817 818/818/818
f 816/816/816 807/807/807 810/810/810
f 816/816/816 810/810/810 817/817/817
f 817/817/817 810/810/810 803/803/803
f 817/817/817 803/803/803 812/812/812
f 818/818/818 817/817/817 812/812/812
f 818/818/818 812/812/812 811/811/811
f 819/819/819 820/820/820 821/821/821
f 819/819/819 821/821/821 822/822/822
f 820/820/820 811/811/811 814/814/814
f 820/820/820 814/814/814 821/821/821
f 821/821/821 814/814/814 775/775/775
f 821/821/821 775/775/775 773/773/773
f 822/822/822 821/821/821 773/773/773
f 822/822/822 773/773/773 765/765/765
f 823/823/823 824/824/824 825/825/825
f 823/823/823 825/825/825 826/826/826
f 824/824/824 815/815/815 818/818/818
f 824/824/824 818/818/818 825/825/825
f 825/825/825 818/818/818 811/811/811
f 825/825/825 811/811/811 820/820/820
f 826/826/826 825/825/825 820/820/820
f 826/826/826 820/820/820 819/819/819
f 827/827/827 828/828/828 829/829/829
f 827/827/827 829/829/829 830/830/830
f 828/828/828 819/819/819 822/822/822
f 828/828/828 822/822/822 829/829/829
f 829/829/829 822/822/822 765/765/765
f 829/829/829 765/765/765 763/763/763
f 830/830/830 829/829/829 763/763/763
f 830/830/830 763/763/763 755/755/755
f 831/831/831 832/832/832 833/833/833
f 831/831/831 833/833/833 834/834/834
f 832/832/832 823/823/823 826/826/826
f 832/832/832 826/826/826 833/833/833
f 833/833/833 826/826/826 819/819/819
f 833/833/833 819/819/819 828/828/828
f 834/834/834 833/833/833 828/828/828
f 834/834/834 828/828/828 827/827/827
f 835/835/835 836/836/836 837/837/837
f 835/835/835 837/837/837 838/838/838
f 836/836/836 827/827/827 830/830/830
f 836/836/836 830/830/830 837/837/837
f 837/837/837 830/830/830 755/755/755
f 837/837/837 755/755/755 753/753/753
f 838/838/838 837/837/837 753/753/753
f 838/838/838 753/753/753 745/745/745
f 839/839/839 840/840/840 841/841/841
f 839/839/839 841/841/841 842/842/842
f 840/840/840 831/831/831 834/834/834
f 840/840/840 834/834/834 841/841/841
f 841/841/841 834/834/834 827/827/827
f 841/841/841 827/827/827 836/836/836
f 842/842/842 841/841/841 836/836/836
f 842/842/842 836/836/836 835/835/835
f 843/843/843 844/844/844 845/845/845
f 843/843/843 845/845/845 846/846/846
f 844/844/844 835/835/835 838/838/838
f 844/844/844 838/838/838 845/845/845
f 845/845/845 838/838/838 745/745/745
f 845/845/845 745/745/745 743/743/743
f 846/846/846 845/845/845 743/743/743
f 846/846/846 743/743/743 735/735/735
f 847/847/847 848/848/848 849/849/849
f 847/847/847 849/849/849 850/850/850
f 848/848/848 839/839/839 842/842/842
f 848/848/848 842/842/842 849/849/849
f 849/849/849 842/842/842 835/835/835
f 849/849/849 835/835/835 844/844/844
f 850/850/850 849/849/849 844/844/844
f 850/850/850 844/844/844 843/843/843
f 700/700/700 851/851/851 852/852/852
f 700/700/700 852/852/852 709/709/709
f 851/851/851 843/843/843 846/846/846
f 851/851/851 846/846/846 852/852/852
f 852/852/852 846/846/846 735/735/735
f 852/852/852 735/735/735 733/733/733
f 709/709/709 852/852/852 733/733/733
f 709/709/709 733/733/733 710/710/710
f 696/696/696 853/853/853 854/854/854
f 696/696/696 854/854/854 699/699/699
f 853/853/853 847/847/847 850/850/850
f 853/853/853 850/850/850 854/854/854
f 854/854/854 850/850/850 843/843/843
f 854/854/854 843/843/843 851/851/851
f 699/699/699 854/854/854 851/851/851
f 699/699/699 851/851/851 700/700/700
f 731/731/731 742/742/742 855/855/855
f 731/731/731 855/855/855 856/856/856
f 742/742/742 741/741/741 857/857/857
f 742/742/742 857/857/857 855/855/855
f 855/855/855 857/857/857 839/839/839
f 855/855/855 839/839/839 848/848/848
f 856/856/856 855/855/855 848/848/848
f 856/856/856 848/848/848 847/847/847
f 694/694/694 732/732/732 858/858/858
f 694/694/694 858/858/858 695/695/695
f 732/732/732 731/731/731 856/856/856
f 732/732/732 856/856/856 858/858/858
f 858/858/858 856/856/856 847/847/847
f 858/858/858 847/847/847 853/853/853
f 695/695/695 858/858/858 853/853/853
f 695/695/695 853/853/853 696/696/696
f 741/741/741 752/752/752 859/859/859
f 741/741/741 859/859/859 857/857/857
f 752/752/752 751/751/751 860/860/860
f 752/752/752 860/860/860 859/859/859
f 859/859/859 860/860/860 831/831/831
f 859/859/859 831/831/831 840/840/840
f 857/857/857 859/859/859 840/840/840
f 857/857/857 840/840/840 839/839/839
f 751/751/751 762/762/762 861/861/861
f 751/751/751 861/861/861 860/860/860
f 762/762/762 761/761/761 862/862/862
f 762/762/762 862/862/862 861/861/861
f 861/861/861 862/862/862 823/823/823
f 861/861/861 823/823/823 832/832/832
f 860/860/860 861/861/861 832/832/832
f 860/860/860 832/832/832 831/831/831
f 761/761/761 772/772/772 863/863/863
f 761/761/761 863/863/863 862/862/862
f 772/772/772 771/771/771 864/864/864
f 772/772/772 864/864/864 863/863/863
f 863/863/863 864/864/864 815/815/815
f 863/863/863 815/815/815 824/824/824
f 862/862/862 863/863/863 824/824/824
f 862/862/862 824/824/824 823/823/823
f 771/771/771 782/782/782 865/865/865
f 771/771/771 865/865/865 864/864/864
f 782/782/782 781/781/781 866/866/866
f 782/782/782 866/866/866 865/865/865
f 865/865/865 866/866/866 807/807/807
f 865/865/865 807/807/807 816/816/816
f 864/864/864 865/865/865 816/816/816
f 864/864/864 816/816/816 815/815/815
f 781/781/781 792/792/792 867/867/867
f 781/781/781 867/867/867 866/866/866
f 792/792/792 791/791/791 798/798/798
f 792/792/792 798/798/798 867/867/867
f 867/867/867 798/798/798 802/802/802
f 867/867/867 802/802/802 808/808/808
f 866/866/866 867/867/867 808/808/808
f 866/866/866 808/808/808 807/807/807
f 677/677/677 868/868/868 869/869/869
f 677/677/677 869/869/869 671/671/671
f 868/868/868 721/721/721 723/723/723
f 868/868/868 723/723/723 869/869/869
f 869/869/869 723/723/723 665/665/665
f 869/869/869 665/665/665 662/662/662
f 671/671/671 869/869/869 662/662/662
f 671/671/671 662/662/662 661/661/661
f 675/675/675 870/870/870 871/871/871
f 675/675/675 871/871/871 676/676/676
f 870/870/870 707/707/707 719/719/719
f 870/870/870 719/719/719 871/871/871
f 871/871/871 719/719/719 721/721/721
f 871/871/871 721/721/721 868/868/868
f 676/676/676 871/871/871 868/868/868
f 676/676/676 868/868/868 677/677/677
f 673/673/673 681/681/681 872/872/872
f 673/673/673 872/872/872 674/674/674
f 681/681/681 680/680/680 703/703/703
f 681/681/681 703/703/703 872/872/872
f 872/872/872 703/703/703 707/707/707
f 872/872/872 707/707/707 870/870/870
f 674/674/674 872/872/872 870/870/870
f 674/674/674 870/870/870 675/675/675
