v -1.0689 -0.102462 1.00421
v -1.06214 -0.0991736 1.00552
v -1.05823 -0.104666 0.999814
v -1.06399 -0.107509 0.998661
v -1.05434 -0.0968055 1.00727
v -1.05139 -0.102703 1.00139
v -1.04877 -0.109606 0.996958
v -1.05446 -0.111193 0.995617
v -1.05914 -0.113497 0.994633
v -1.02889 -0.1806 1.05467
v -1.03907 -0.185294 1.05307
v -1.03696 -0.182276 1.0377
v -1.0275 -0.177931 1.03919
v -1.04906 -0.188284 1.05118
v -1.04642 -0.185039 1.03589
v -1.04453 -0.179765 1.02455
v -1.03612 -0.177324 1.02617
v -1.02775 -0.173485 1.02751
v -1.0769 -0.1562 1.16902
v -1.06895 -0.154317 1.17064
v -1.06897 -0.158368 1.17372
v -1.07758 -0.160461 1.1718
v -1.06149 -0.150981 1.17178
v -1.06086 -0.154842 1.17479
v -1.05861 -0.160367 1.17704
v -1.06796 -0.164372 1.1762
v -1.07785 -0.166664 1.17419
v -1.0376 -0.177211 1.09783
v -1.048 -0.181713 1.09658
v -1.0429 -0.185249 1.07359
v -1.0326 -0.180467 1.07516
v -1.05772 -0.185209 1.09431
v -1.0528 -0.188382 1.07168
v -1.05694 -0.161895 1.183
v -1.06742 -0.165682 1.18386
v -1.06752 -0.166434 1.17956
v -1.05741 -0.162361 1.17972
v -1.07854 -0.167464 1.18364
v -1.07821 -0.168612 1.17813
v -1.08861 -0.0899347 1.06824
v -1.0806 -0.0858835 1.0697
v -1.0757 -0.0880383 1.04677
v -1.08354 -0.0920643 1.04536
v -1.0708 -0.0830555 1.07188
v -1.06634 -0.084987 1.04884
v -1.06181 -0.0879553 1.02885
v -1.07089 -0.091036 1.02686
v -1.07882 -0.0948832 1.0254
v -1.06635 -0.0946957 1.01366
v -1.07391 -0.0983056 1.01224
v -1.05779 -0.091895 1.01556
v -1.03596 -0.171412 1.01652
v -1.02874 -0.168151 1.01772
v -1.0431 -0.173492 1.01512
v -1.04225 -0.165891 1.00697
v -1.03643 -0.164196 1.00813
v -1.03044 -0.161567 1.00919
v -1.04475 -0.165056 1.13605
v -1.05197 -0.168472 1.13173
v -1.0538 -0.174734 1.11942
v -1.0422 -0.171257 1.1189
v -1.05718 -0.169293 1.13215
v -1.0617 -0.1718 1.12977
v -1.07029 -0.174158 1.13109
v -1.06379 -0.179552 1.11492
v -1.09883 -0.0877737 1.10454
v -1.08867 -0.0841922 1.10649
v -1.08521 -0.0847152 1.09085
v -1.09423 -0.0885685 1.08912
v -1.07719 -0.0818302 1.10905
v -1.07455 -0.0821426 1.09325
v -1.08192 -0.0883481 1.14982
v -1.08935 -0.0899861 1.14804
v -1.09012 -0.0847967 1.1486
v -1.08238 -0.0831852 1.15077
v -1.09627 -0.0926449 1.14676
v -1.09745 -0.0878237 1.14717
v -1.09982 -0.0806898 1.14482
v -1.09112 -0.0770465 1.14644
v -1.08207 -0.0752875 1.14892
v -1.08036 -0.0641294 1.19632
v -1.07313 -0.0662285 1.18983
v -1.0736 -0.0667527 1.18817
v -1.0821 -0.0649628 1.19472
v -1.06498 -0.0696832 1.1846
v -1.06438 -0.0703078 1.18301
v -1.06333 -0.0707914 1.18065
v -1.07334 -0.0670041 1.18545
v -1.08286 -0.0653878 1.19167
v -1.11337 -0.0860253 1.23631
v -1.11243 -0.0754103 1.22885
v -1.11703 -0.0791898 1.21887
v -1.1191 -0.0908109 1.22539
v -1.10894 -0.0690501 1.22113
v -1.11238 -0.0719326 1.21222
v -1.1153 -0.0747776 1.2015
v -1.12083 -0.0828734 1.20701
v -1.12363 -0.0952119 1.21268
v -1.05593 -0.119983 1.24252
v -1.06296 -0.116741 1.2493
v -1.06965 -0.128846 1.24411
v -1.06153 -0.132169 1.23691
v -1.07035 -0.11222 1.25418
v -1.07795 -0.123843 1.24955
v -1.08581 -0.134741 1.24136
v -1.07666 -0.140091 1.23577
v -1.0675 -0.143364 1.22863
v -1.09981 -0.0772195 1.24412
v -1.10167 -0.0697428 1.23512
v -1.10723 -0.0724218 1.2338
v -1.10672 -0.0815705 1.24215
v -1.10043 -0.065177 1.22635
v -1.10493 -0.0669488 1.22541
v -1.03376 -0.101262 1.19284
v -1.03255 -0.110022 1.19957
v -1.03316 -0.119635 1.19518
v -1.03348 -0.109412 1.18906
v -1.03436 -0.116782 1.20656
v -1.03586 -0.127192 1.20183
v -1.03788 -0.136521 1.19667
v -1.03419 -0.128679 1.1903
v -1.03345 -0.117461 1.1846
v -1.08207 -0.065334 1.18195
v -1.07199 -0.0672942 1.17785
v -1.07205 -0.0667932 1.17372
v -1.08234 -0.0648875 1.17683
v -1.06166 -0.0717977 1.1747
v -1.06153 -0.0713531 1.1714
v -1.06174 -0.07069 1.16782
v -1.07217 -0.0661156 1.16937
v -1.08246 -0.064393 1.17158
v -1.03502 -0.134638 1.18679
v -1.03339 -0.122767 1.18159
v -1.03955 -0.142734 1.19243
v -1.04041 -0.14622 1.1892
v -1.03526 -0.137779 1.18447
v -1.03305 -0.125408 1.17976
v -1.07258 -0.0672762 1.18188
v -1.08252 -0.0655101 1.18714
v -1.06232 -0.0714573 1.17782
v -1.08265 -0.148485 1.22539
v -1.07266 -0.151542 1.2192
v -1.09248 -0.143097 1.23025
v -1.09727 -0.149096 1.21895
v -1.0869 -0.154329 1.21522
v -1.07626 -0.157078 1.21032
v -1.07844 -0.163578 1.19691
v -1.08974 -0.161608 1.19936
v -1.08967 -0.164326 1.19081
v -1.07861 -0.16568 1.1902
v -1.10072 -0.156936 1.20085
v -1.10046 -0.160214 1.19059
v -1.0996 -0.163237 1.18042
v -1.08919 -0.166739 1.18237
v -1.08906 -0.158465 1.207
v -1.07794 -0.160879 1.20323
v -1.09987 -0.153445 1.2097
v -1.12364 -0.0856281 1.19642
v -1.12673 -0.0986309 1.20148
v -1.11766 -0.0768068 1.19181
v -1.11899 -0.0786746 1.18198
v -1.12508 -0.0882072 1.18585
v -1.12821 -0.101886 1.19043
v -1.03483 -0.139052 1.18268
v -1.03237 -0.126191 1.17836
v -1.04031 -0.147931 1.18669
v -1.04006 -0.148629 1.18432
v -1.03447 -0.139353 1.18088
v -1.032 -0.126123 1.17694
v -1.12681 -0.110113 1.16549
v -1.1238 -0.095267 1.16155
v -1.12202 -0.0991293 1.15168
v -1.12499 -0.114014 1.15564
v -1.11788 -0.0843455 1.1588
v -1.11621 -0.0880351 1.14909
v -1.11331 -0.0925618 1.14467
v -1.11882 -0.102927 1.14695
v -1.12167 -0.116839 1.15063
v -1.12496 -0.0914889 1.17373
v -1.12803 -0.10584 1.1779
v -1.11893 -0.0811896 1.17052
v -1.03491 -0.139452 1.17875
v -1.03254 -0.126101 1.17528
v -1.04045 -0.148961 1.18162
v -1.04122 -0.149291 1.17902
v -1.03583 -0.139677 1.17675
v -1.0336 -0.126368 1.17376
v -1.07181 -0.0658545 1.16465
v -1.08158 -0.0642685 1.16577
v -1.06209 -0.0706061 1.16393
v -1.06263 -0.0717977 1.16011
v -1.07162 -0.0669981 1.15953
v -1.0808 -0.0655195 1.15917
v -1.10939 -0.123302 1.10972
v -1.11111 -0.109101 1.10605
v -1.1044 -0.111069 1.09071
v -1.10285 -0.125965 1.09405
v -1.10944 -0.0992658 1.10421
v -1.10306 -0.100726 1.089
v -1.0956 -0.10233 1.06853
v -1.09634 -0.112978 1.07031
v -1.09473 -0.128397 1.07364
v -1.037 -0.139965 1.17535
v -1.03493 -0.126845 1.1728
v -1.04218 -0.149544 1.17706
v -1.04449 -0.148171 1.17572
v -1.03965 -0.139142 1.17456
v -1.03774 -0.126817 1.17243
v -1.07235 -0.0704345 1.15453
v -1.08121 -0.0691148 1.15235
v -1.0635 -0.0748207 1.15702
v -1.06499 -0.0797718 1.15605
v -1.07366 -0.0762555 1.15225
v -1.08843 -0.168359 1.17557
v -1.09844 -0.165368 1.17242
v -1.09667 -0.164249 1.16768
v -1.08734 -0.166724 1.1712
v -1.05089 -0.100615 1.16172
v -1.05866 -0.0931963 1.15797
v -1.05814 -0.0905254 1.16088
v -1.05001 -0.0989732 1.16473
v -1.06711 -0.0895289 1.15475
v -1.06693 -0.0859008 1.15725
v -1.05531 -0.0858087 1.15996
v -1.04632 -0.0959622 1.16416
v -1.05523 -0.146933 1.17202
v -1.05408 -0.150269 1.17494
v -1.04995 -0.141827 1.17164
v -1.04849 -0.144372 1.17452
v -1.05082 -0.155054 1.17669
v -1.10496 -0.143831 1.1577
v -1.09842 -0.151591 1.16131
v -1.10235 -0.154391 1.16279
v -1.10971 -0.14582 1.15902
v -1.0913 -0.155442 1.16429
v -1.09405 -0.158887 1.16615
v -1.10607 -0.158739 1.16398
v -1.11433 -0.14869 1.15987
v -1.10192 -0.0961508 1.14607
v -1.10366 -0.0918831 1.1464
v -1.10659 -0.101138 1.14613
v -1.10911 -0.0977551 1.1466
v -1.10706 -0.0855353 1.14408
v -1.08964 -0.114307 1.04769
v -1.08752 -0.12979 1.05113
v -1.08966 -0.103825 1.04581
v -1.08469 -0.105729 1.02578
v -1.08409 -0.11568 1.02766
v -1.08147 -0.130632 1.03109
v -1.02168 -0.132081 1.13422
v -1.02424 -0.145831 1.13642
v -1.02042 -0.149615 1.11963
v -1.0184 -0.135151 1.11757
v -1.03027 -0.155233 1.13701
v -1.02604 -0.159617 1.12001
v -1.02164 -0.163789 1.09895
v -1.01678 -0.153137 1.0983
v -1.0156 -0.138015 1.09596
v -1.06641 -0.0810372 1.1118
v -1.06397 -0.0812574 1.09596
v -1.05545 -0.0824676 1.11505
v -1.05291 -0.0827667 1.0992
v -1.05014 -0.0833778 1.07759
v -1.06079 -0.0819435 1.07445
v -1.0769 -0.176726 1.12965
v -1.07145 -0.181804 1.11275
v -1.08328 -0.176346 1.12773
v -1.07791 -0.180877 1.11084
v -1.07161 -0.184886 1.0904
v -1.06534 -0.186552 1.09233
v -1.0538 -0.0862832 1.03093
v -1.05034 -0.0904881 1.01748
v -1.04565 -0.0871376 1.03342
v -1.04296 -0.0914144 1.01974
v -1.04037 -0.096927 1.01116
v -1.04727 -0.0958349 1.00909
v -1.01431 -0.155204 1.07494
v -1.0143 -0.139764 1.07218
v -1.01789 -0.166212 1.07606
v -1.01576 -0.166542 1.05518
v -1.01332 -0.155699 1.05372
v -1.01418 -0.140575 1.05075
v -1.05734 -0.0835038 1.05115
v -1.04788 -0.0846188 1.054
v -1.0604 -0.189218 1.06993
v -1.06635 -0.187168 1.06802
v -1.06223 -0.186914 1.04759
v -1.05663 -0.189012 1.04946
v -1.07128 -0.13258 1.00829
v -1.07359 -0.120362 1.00567
v -1.06808 -0.123079 0.999677
v -1.06625 -0.133487 1.00172
v -1.07415 -0.112086 1.00426
v -1.06841 -0.115965 0.998603
v -1.06282 -0.120275 0.994441
v -1.0628 -0.125909 0.995155
v -1.06159 -0.134164 0.996608
v -1.05362 -0.185706 1.03424
v -1.05884 -0.183745 1.03245
v -1.05572 -0.178626 1.02141
v -1.05099 -0.180355 1.02304
v -1.07888 -0.117773 1.01416
v -1.07624 -0.13157 1.01728
v -1.0796 -0.108564 1.01246
v -1.01381 -0.154843 1.03806
v -1.01471 -0.140846 1.03531
v -1.01586 -0.164892 1.03948
v -1.01735 -0.161975 1.02783
v -1.01532 -0.153121 1.02668
v -1.01591 -0.140775 1.0244
v -1.01747 -0.150929 1.01744
v -1.01793 -0.140461 1.01565
v -1.01936 -0.158417 1.01828
v -1.02233 -0.153885 1.00994
v -1.02073 -0.148042 1.00942
v -1.02113 -0.139797 1.00812
v -1.04488 -0.102009 1.00306
v -1.03858 -0.103072 1.00492
v -1.03782 -0.109924 0.999963
v -1.04319 -0.10906 0.998406
v -1.04856 -0.173999 1.01384
v -1.05261 -0.172539 1.01246
v -1.05007 -0.165178 1.00482
v -1.04669 -0.166316 1.00593
v -1.03288 -0.101034 1.01378
v -1.03217 -0.106633 1.00711
v -1.02556 -0.110073 1.01707
v -1.02608 -0.114342 1.00978
v -1.02771 -0.118939 1.00374
v -1.03257 -0.112773 1.0017
v -1.01956 -0.124849 1.02091
v -1.02103 -0.126921 1.01286
v -1.02365 -0.129007 1.00605
v -1.03601 -0.0919577 1.0368
v -1.03442 -0.095919 1.02275
v -1.02637 -0.102993 1.04113
v -1.02587 -0.106113 1.02662
v -1.01873 -0.121078 1.04618
v -1.01895 -0.122821 1.03116
v -1.06692 -0.181082 1.04507
v -1.063 -0.178309 1.03008
v -1.07166 -0.169251 1.04131
v -1.06715 -0.167319 1.0266
v -1.06319 -0.164138 1.0162
v -1.05948 -0.173833 1.01926
v -1.0769 -0.150495 1.03614
v -1.07191 -0.14994 1.02189
v -1.06744 -0.148802 1.01217
v -1.05595 -0.168485 1.01062
v -1.0593 -0.160271 1.00807
v -1.05597 -0.15549 1.00137
v -1.05302 -0.161994 1.00335
v -1.06301 -0.147263 1.00481
v -1.05907 -0.145134 0.998894
v -1.03846 -0.0885646 1.08154
v -1.03709 -0.0897109 1.05771
v -1.02751 -0.0998741 1.08631
v -1.02665 -0.10112 1.06234
v -1.01942 -0.118281 1.09157
v -1.01864 -0.119745 1.06759
v -1.04339 -0.0871577 1.11922
v -1.04085 -0.0877629 1.10327
v -1.03227 -0.0973675 1.12427
v -1.02969 -0.09858 1.10811
v -1.02455 -0.114097 1.12975
v -1.02171 -0.116225 1.11333
v -1.0776 -0.17922 1.08777
v -1.07177 -0.181313 1.0654
v -1.08378 -0.167372 1.08389
v -1.07727 -0.169304 1.06152
v -1.09004 -0.14851 1.07867
v -1.08297 -0.150162 1.05625
v -1.11046 -0.108412 1.14718
v -1.11394 -0.106378 1.1481
v -1.11202 -0.118661 1.14957
v -1.1164 -0.118158 1.15091
v -1.10992 -0.131684 1.15343
v -1.11479 -0.132563 1.15481
v -1.11997 -0.133457 1.1552
v -1.04563 -0.134898 1.17094
v -1.04411 -0.136575 1.17381
v -1.04371 -0.125146 1.16919
v -1.0423 -0.125834 1.17209
v -1.04558 -0.112472 1.16582
v -1.0444 -0.112001 1.16879
v -1.04009 -0.111008 1.16866
v -1.05232 -0.0797616 1.16197
v -1.0534 -0.0820743 1.16019
v -1.04262 -0.0920656 1.16523
v -1.04391 -0.0935878 1.16414
v -1.03599 -0.109048 1.16957
v -1.03737 -0.109938 1.16873
v -1.05066 -0.0786076 1.16753
v -1.05135 -0.0786676 1.16463
v -1.04076 -0.0911361 1.16905
v -1.04149 -0.0912244 1.16703
v -1.0342 -0.108519 1.17258
v -1.03484 -0.108534 1.17099
v -1.11142 -0.149227 1.20097
v -1.11108 -0.152949 1.18946
v -1.12053 -0.136986 1.1992
v -1.12021 -0.141019 1.18691
v -1.11896 -0.144987 1.17477
v -1.10996 -0.156488 1.17804
v -1.12653 -0.119694 1.19531
v -1.12627 -0.123864 1.1827
v -1.125 -0.128151 1.17027
v -1.10847 -0.159135 1.16908
v -1.11725 -0.148146 1.16519
v -1.1232 -0.13178 1.16045
v -1.05098 -0.0796928 1.17274
v -1.05054 -0.0792543 1.17022
v -1.04157 -0.0920053 1.1728
v -1.04086 -0.0917153 1.17093
v -1.03526 -0.108711 1.17547
v -1.03447 -0.108896 1.17402
v -1.1074 -0.141 1.22112
v -1.11036 -0.145469 1.21088
v -1.11608 -0.128743 1.22091
v -1.11928 -0.13313 1.2099
v -1.12187 -0.111995 1.21775
v -1.12512 -0.115999 1.2064
v -1.05318 -0.0779108 1.17757
v -1.05188 -0.0791376 1.17523
v -1.04396 -0.0888219 1.17707
v -1.04262 -0.0910566 1.17486
v -1.03696 -0.103097 1.17978
v -1.03609 -0.106935 1.17726
v -1.05599 -0.0749812 1.18096
v -1.05472 -0.0765041 1.17957
v -1.04695 -0.0823182 1.18086
v -1.04554 -0.085618 1.17927
v -1.03898 -0.0915248 1.18569
v -1.03796 -0.0973147 1.18308
v -1.07835 -0.106151 1.25703
v -1.08663 -0.116852 1.25299
v -1.08659 -0.0979167 1.25659
v -1.09505 -0.107019 1.25318
v -1.10356 -0.115737 1.24572
v -1.09507 -0.12698 1.24507
v -1.09431 -0.0874495 1.25187
v -1.10227 -0.0941926 1.24916
v -1.11013 -0.100787 1.24244
v -1.10221 -0.135011 1.23342
v -1.11075 -0.123023 1.23387
v -1.1168 -0.106863 1.23085
v -1.09586 -0.159566 1.12093
v -1.10344 -0.141876 1.11527
v -1.09754 -0.145386 1.09913
v -1.09053 -0.163718 1.10439
v -1.04824 -0.156507 1.18122
v -1.04899 -0.156815 1.17867
v -1.08425 -0.156717 1.16688
v -1.08586 -0.160735 1.1692
v -1.07471 -0.0880928 1.15204
v -1.07486 -0.0835375 1.15377
v -1.10558 -0.0925218 1.10374
v -1.09994 -0.0936129 1.08848
v -1.09334 -0.0950828 1.06784
v -1.03738 -0.161394 1.1368
v -1.03334 -0.166497 1.11957
v -1.02866 -0.171494 1.09864
v -1.11186 -0.0722006 1.17892
v -1.11185 -0.0741805 1.16835
v -1.10341 -0.0678985 1.17636
v -1.10323 -0.0693127 1.16709
v -1.1024 -0.071666 1.15727
v -1.11095 -0.0769302 1.15739
v -1.07281 -0.106491 1.00378
v -1.06726 -0.111066 0.998258
v -1.06179 -0.116366 0.994253
v -1.08325 -0.0993422 1.02503
v -1.07821 -0.102553 1.01182
v -1.1095 -0.0805171 1.14815
v -1.10141 -0.0752387 1.14866
v -1.08796 -0.0969205 1.04504
v -1.02144 -0.168517 1.02809
v -1.02312 -0.163946 1.01835
v -1.02562 -0.158225 1.00983
v -1.02408 -0.174318 1.07605
v -1.02097 -0.174538 1.05544
v -1.05072 -0.125381 0.990748
v -1.04725 -0.125962 0.991269
v -1.04291 -0.136056 0.992137
v -1.05114 -0.128235 0.990421
v -1.045 -0.123335 0.992118
v -1.04205 -0.124983 0.992608
v -1.03907 -0.123422 0.993749
v -1.03716 -0.126584 0.994076
v -1.0337 -0.127926 0.995606
v -1.0332 -0.133154 0.995761
v -1.03043 -0.137583 0.997462
v -1.0321 -0.14043 0.996831
v -1.03122 -0.143883 0.998026
v -1.03443 -0.144234 0.996746
v -1.03567 -0.147447 0.997424
v -1.03944 -0.146798 0.995878
v -1.04221 -0.149713 0.996151
v -1.04473 -0.147804 0.994734
v -1.04734 -0.149519 0.994845
v -1.04861 -0.146103 0.993464
v -1.0513 -0.144905 0.993065
v -1.05167 -0.139457 0.991688
v -1.054 -0.135079 0.990992
v -1.05266 -0.13199 0.99044
v -1.05363 -0.128642 0.990286
v -1.02038 -0.172308 1.03983
v -1.09168 -0.0674995 1.15818
v -1.09142 -0.0711054 1.15025
v -1.09323 -0.0651732 1.17394
v -1.09258 -0.0657463 1.16644
v -1.04698 -0.152077 1.19387
v -1.04725 -0.154275 1.19047
v -1.05518 -0.155789 1.19891
v -1.05587 -0.158531 1.19442
v -1.05599 -0.160122 1.1906
v -1.04717 -0.15539 1.18748
v -1.0653 -0.1575 1.20462
v -1.06648 -0.160809 1.19883
v -1.0668 -0.162959 1.19385
v -1.04758 -0.156002 1.1843
v -1.05641 -0.161106 1.18674
v -1.06713 -0.164458 1.18878
v -1.04308 -0.141499 1.20375
v -1.04552 -0.148117 1.19831
v -1.04982 -0.144091 1.21164
v -1.05306 -0.151263 1.20477
v -1.05825 -0.144687 1.22026
v -1.06245 -0.152423 1.21201
v -1.10461 -0.0660014 1.21387
v -1.10701 -0.0678845 1.20601
v -1.09907 -0.0649677 1.20663
v -1.10047 -0.0659282 1.19986
v -1.10133 -0.0666666 1.19183
v -1.10889 -0.0696572 1.19658
v -1.09166 -0.0648117 1.199
v -1.09209 -0.065162 1.19337
v -1.09213 -0.0652181 1.1868
v -1.11068 -0.0709106 1.1879
v -1.10253 -0.0671783 1.18427
v -1.09279 -0.0651264 1.18049
v -1.03787 -0.120866 1.21495
v -1.04022 -0.131819 1.20975
v -1.04281 -0.122468 1.22435
v -1.04609 -0.133895 1.21871
v -1.04903 -0.122016 1.2339
v -1.05344 -0.133912 1.22811
v -1.09708 -0.0630217 1.21883
v -1.10121 -0.0644727 1.21781
v -1.09234 -0.0625029 1.21166
v -1.09617 -0.0638577 1.21036
v -1.08674 -0.0629188 1.20391
v -1.08972 -0.0640727 1.20242
v -1.0893 -0.171096 1.125
v -1.08403 -0.175426 1.10826
v -1.09547 -0.155306 1.15555
v -1.08918 -0.159438 1.15875
v -1.10172 -0.146663 1.15136
v -1.09985 -0.151766 1.14215
v -1.09352 -0.16194 1.14692
v -1.0876 -0.166691 1.1504
v -1.05127 -0.149123 1.1667
v -1.04534 -0.143902 1.1656
v -1.05804 -0.153312 1.16715
v -1.05205 -0.158078 1.16191
v -1.04534 -0.15389 1.15954
v -1.03856 -0.14823 1.15764
v -1.10393 -0.0955395 1.13531
v -1.1082 -0.100739 1.13573
v -1.09787 -0.0918674 1.13586
v -1.10021 -0.0888419 1.12202
v -1.10704 -0.0930034 1.12152
v -1.11121 -0.0989221 1.1223
v -1.10753 -0.133302 1.14585
v -1.11112 -0.119181 1.14062
v -1.11201 -0.120009 1.12893
v -1.1068 -0.136264 1.13549
v -1.03985 -0.112186 1.15735
v -1.04567 -0.0993414 1.15211
v -1.03795 -0.125979 1.16181
v -1.02985 -0.127753 1.15281
v -1.03197 -0.111938 1.14738
v -1.03867 -0.0972396 1.14107
v -1.05436 -0.0914687 1.14754
v -1.06385 -0.0878124 1.14393
v -1.0487 -0.0882815 1.13563
v -1.05968 -0.0841772 1.13141
v -1.0828 -0.160355 1.16161
v -1.07571 -0.159452 1.16411
v -1.08156 -0.167317 1.15382
v -1.07547 -0.166205 1.15774
v -1.07244 -0.0866584 1.14123
v -1.0808 -0.0872409 1.13909
v -1.06965 -0.0829324 1.12832
v -1.07957 -0.0836333 1.12586
v -1.04032 -0.136546 1.16429
v -1.03266 -0.139869 1.1559
v -1.11101 -0.108311 1.13732
v -1.11323 -0.107559 1.12457
v -1.0897 -0.0890768 1.13723
v -1.09039 -0.0857045 1.12363
v -1.06645 -0.157761 1.16567
v -1.06886 -0.163452 1.16163
v -1.06415 -0.162773 1.1622
v -1.05997 -0.160456 1.16326
v -1.09202 -0.167019 1.13728
v -1.08606 -0.172077 1.14052
v -1.0985 -0.1559 1.1327
v -1.04147 -0.158133 1.15022
v -1.03395 -0.151842 1.14887
v -1.04664 -0.159636 1.15561
v -1.04563 -0.160775 1.15153
v -1.04433 -0.161514 1.14655
v -1.10796 -0.0920342 1.11263
v -1.11209 -0.0984397 1.11332
v -1.10082 -0.0875391 1.11331
v -1.10609 -0.138997 1.12624
v -1.1121 -0.121314 1.11984
v -1.02727 -0.112571 1.13956
v -1.03459 -0.0966588 1.13341
v -1.0248 -0.129696 1.14474
v -1.04542 -0.086969 1.12796
v -1.05722 -0.0825345 1.12362
v -1.07953 -0.172364 1.14363
v -1.07674 -0.170074 1.15
v -1.07524 -0.172271 1.14059
v -1.07588 -0.171055 1.14563
v -1.06793 -0.0811878 1.12036
v -1.0786 -0.0819373 1.11768
v -1.02767 -0.142815 1.14754
v -1.11385 -0.107798 1.11555
v -1.09028 -0.0841612 1.11519
v -1.04895 -0.164812 1.1509
v -1.05076 -0.164238 1.1553
v -1.04886 -0.174979 1.15714
v -1.04692 -0.175551 1.15251
v -1.05397 -0.164345 1.15838
v -1.05237 -0.174987 1.16052
v -1.05039 -0.186399 1.16318
v -1.04649 -0.186489 1.15942
v -1.04437 -0.18708 1.15444
v -1.04564 -0.157108 0.999246
v -1.04854 -0.15654 0.998451
v -1.04207 -0.156954 1.00015
v -1.05104 -0.154179 0.997293
v -1.05357 -0.149753 0.995926
v -1.05653 -0.122325 0.991431
v -1.05443 -0.120111 0.991824
v -1.05777 -0.124937 0.991432
v -1.03422 -0.119546 0.997191
v -1.03051 -0.123838 0.998678
v -1.03811 -0.117367 0.995976
v -1.02764 -0.131106 1.00018
v -1.02569 -0.138704 1.00162
v -1.05805 -0.128889 0.991781
v -1.05764 -0.134606 0.992687
v -1.05583 -0.142327 0.994182
v -1.02938 -0.151158 1.00236
v -1.03296 -0.15371 1.00191
v -1.02672 -0.14832 1.00265
v -1.03759 -0.155484 1.00098
v -1.0422 -0.116937 0.994772
v -1.04645 -0.117189 0.993684
v -1.05072 -0.11855 0.992619
v -1.06363 -0.16337 1.16019
v -1.05806 -0.161585 1.16075
v -1.05801 -0.161705 1.16191
v -1.06372 -0.16361 1.16128
v -1.05313 -0.160382 1.15967
v -1.05251 -0.16038 1.1607
v -1.04757 -0.160899 1.1513
v -1.04711 -0.162086 1.14581
v -1.04594 -0.16234 1.14588
v -1.04653 -0.161119 1.15163
v -1.04869 -0.163616 1.14086
v -1.04754 -0.164166 1.14015
v -1.06954 -0.170588 1.13657
v -1.07281 -0.170637 1.14052
v -1.07354 -0.17155 1.14028
v -1.0699 -0.171672 1.1356
v -1.07432 -0.169772 1.14585
v -1.07506 -0.17059 1.1459
v -1.05262 -0.165379 1.13729
v -1.05195 -0.16622 1.13623
v -1.05818 -0.167326 1.13528
v -1.05775 -0.168174 1.13434
v -1.06428 -0.16929 1.1349
v -1.06402 -0.170264 1.13376
v -1.07274 -0.166929 1.15592
v -1.06887 -0.165204 1.15873
v -1.06917 -0.165435 1.15982
v -1.07348 -0.167395 1.15673
v -1.07444 -0.16848 1.15136
v -1.07527 -0.169249 1.1516
v -1.0496 -0.160222 1.15628
v -1.04857 -0.160352 1.15681
v -1.06348 -0.166716 1.15916
v -1.05845 -0.165285 1.15952
v -1.05854 -0.161439 1.15946
v -1.0637 -0.163079 1.15895
v -1.05396 -0.160338 1.15844
v -1.0486 -0.165811 1.146
v -1.04841 -0.161895 1.14566
v -1.04882 -0.160805 1.15073
v -1.0501 -0.167079 1.14151
v -1.04988 -0.163298 1.14106
v -1.06884 -0.172766 1.13775
v -1.07185 -0.172801 1.14127
v -1.07224 -0.169789 1.14074
v -1.06921 -0.169738 1.13709
v -1.07326 -0.172075 1.14595
v -1.07364 -0.168992 1.14564
v -1.05366 -0.168507 1.1382
v -1.05354 -0.16491 1.13775
v -1.05865 -0.170081 1.13636
v -1.05869 -0.166698 1.13588
v -1.06411 -0.171693 1.13613
v -1.06434 -0.168523 1.13554
v -1.0717 -0.169689 1.15504
v -1.06819 -0.168235 1.15774
v -1.06857 -0.164777 1.15758
v -1.07216 -0.166377 1.15496
v -1.07331 -0.170993 1.15086
v -1.07375 -0.167806 1.15073
v -1.05069 -0.160187 1.15531
v -1.06791 -0.192906 1.13954
v -1.06236 -0.192257 1.13717
v -1.06179 -0.198111 1.13759
v -1.06754 -0.19867 1.14014
v -1.05612 -0.191219 1.13696
v -1.05537 -0.197192 1.1373
v -1.05517 -0.199634 1.13805
v -1.06141 -0.200507 1.13835
v -1.067 -0.201037 1.14083
v -1.06765 -0.178161 1.16031
v -1.06263 -0.176865 1.162
v -1.07142 -0.179458 1.15706
v -1.07123 -0.190136 1.15952
v -1.06709 -0.188962 1.16337
v -1.06165 -0.187852 1.16539
v -1.05224 -0.178872 1.13873
v -1.05751 -0.180179 1.1367
v -1.0484 -0.17764 1.14244
v -1.04621 -0.189056 1.14344
v -1.05042 -0.190135 1.13923
v -1.04667 -0.176493 1.14732
v -1.0442 -0.187992 1.14882
v -1.07329 -0.180663 1.15244
v -1.07334 -0.181671 1.14724
v -1.07354 -0.192242 1.14872
v -1.0734 -0.191278 1.15434
v -1.06329 -0.181487 1.13669
v -1.06837 -0.182338 1.13867
v -1.07174 -0.182332 1.14239
v -1.07171 -0.192859 1.14358
v -1.05723 -0.175703 1.16212
v -1.05574 -0.186918 1.16527
v -1.07031 -0.198417 1.16088
v -1.07255 -0.199489 1.15561
v -1.0712 -0.201201 1.15563
v -1.06912 -0.200212 1.16049
v -1.07273 -0.200399 1.14998
v -1.07137 -0.20204 1.15043
v -1.06998 -0.203186 1.15082
v -1.06981 -0.202423 1.15554
v -1.06792 -0.201524 1.15997
v -1.07151 -0.198606 1.14429
v -1.07343 -0.19801 1.14955
v -1.07086 -0.200972 1.14487
v -1.05495 -0.192978 1.16678
v -1.0494 -0.192544 1.16449
v -1.06106 -0.193811 1.167
v -1.06068 -0.196359 1.16699
v -1.05474 -0.195566 1.16677
v -1.04933 -0.195158 1.16452
v -1.04535 -0.192676 1.16056
v -1.04315 -0.193275 1.15545
v -1.04539 -0.195292 1.1607
v -1.04325 -0.195872 1.15572
v -1.06667 -0.194838 1.16485
v -1.07095 -0.195955 1.16074
v -1.06614 -0.197343 1.16489
v -1.0495 -0.196207 1.13966
v -1.04515 -0.195196 1.14407
v -1.04522 -0.197724 1.14465
v -1.04946 -0.198693 1.14035
v -1.04303 -0.194172 1.14965
v -1.04314 -0.196738 1.15008
v -1.07325 -0.197067 1.15533
v -1.06902 -0.233421 1.16364
v -1.06936 -0.232474 1.15793
v -1.06963 -0.240371 1.15871
v -1.0702 -0.240231 1.16421
v -1.06939 -0.232699 1.1541
v -1.06956 -0.240656 1.15493
v -1.06911 -0.247002 1.15488
v -1.06906 -0.246726 1.15844
v -1.06892 -0.245548 1.16401
v -1.06094 -0.202137 1.13969
v -1.06609 -0.202627 1.14198
v -1.05518 -0.201331 1.13941
v -1.05528 -0.202535 1.1408
v -1.06051 -0.20327 1.14105
v -1.06519 -0.203717 1.14314
v -1.06965 -0.202568 1.14571
v -1.06842 -0.203665 1.14653
v -1.05475 -0.197581 1.16593
v -1.04977 -0.197204 1.16385
v -1.06023 -0.198313 1.16613
v -1.05983 -0.199797 1.1651
v -1.05484 -0.19913 1.16491
v -1.05031 -0.198786 1.16302
v -1.04613 -0.197326 1.16032
v -1.04417 -0.197861 1.15573
v -1.04701 -0.198897 1.15982
v -1.04524 -0.199383 1.15564
v -1.06527 -0.199221 1.16419
v -1.06442 -0.200623 1.16334
v -1.04991 -0.200463 1.14154
v -1.04599 -0.199569 1.14551
v -1.04691 -0.200934 1.14635
v -1.05048 -0.201746 1.14273
v -1.04407 -0.19866 1.15052
v -1.04516 -0.200109 1.15091
v -1.05955 -0.199902 1.16392
v -1.055 -0.199284 1.16375
v -1.05493 -0.199726 1.16422
v -1.05962 -0.200355 1.1644
v -1.05088 -0.198956 1.16203
v -1.05067 -0.1994 1.16245
v -1.04631 -0.199474 1.15538
v -1.04623 -0.200119 1.15109
v -1.04585 -0.200638 1.15111
v -1.04592 -0.199958 1.15554
v -1.04782 -0.200856 1.14693
v -1.0475 -0.20141 1.14682
v -1.06446 -0.203407 1.14399
v -1.06738 -0.203377 1.14706
v -1.0677 -0.203983 1.14697
v -1.06468 -0.204029 1.14379
v -1.06878 -0.202956 1.15093
v -1.06916 -0.203535 1.15099
v -1.05108 -0.201583 1.14363
v -1.05086 -0.20217 1.14341
v -1.05545 -0.2023 1.14186
v -1.05537 -0.20291 1.14159
v -1.06021 -0.202982 1.1421
v -1.06029 -0.203604 1.14183
v -1.06692 -0.201471 1.15924
v -1.06373 -0.200656 1.16231
v -1.06393 -0.201132 1.16274
v -1.06723 -0.201978 1.15957
v -1.06864 -0.202277 1.15521
v -1.069 -0.202821 1.15542
v -1.0479 -0.199045 1.15914
v -1.04758 -0.199503 1.15945
v -1.05997 -0.203884 1.1635
v -1.05569 -0.203262 1.16334
v -1.05516 -0.198808 1.16333
v -1.0596 -0.19943 1.16351
v -1.05182 -0.202892 1.16173
v -1.05113 -0.198462 1.16166
v -1.04755 -0.203241 1.1555
v -1.04749 -0.20378 1.15146
v -1.0466 -0.199509 1.151
v -1.04668 -0.198908 1.15518
v -1.04898 -0.204418 1.14753
v -1.04815 -0.200205 1.14693
v -1.06463 -0.206904 1.1447
v -1.06736 -0.206947 1.14757
v -1.06724 -0.202735 1.14703
v -1.0644 -0.202734 1.14405
v -1.06868 -0.206623 1.15121
v -1.06861 -0.202355 1.15081
v -1.05204 -0.205073 1.1444
v -1.05133 -0.200902 1.1437
v -1.05616 -0.205752 1.14271
v -1.0556 -0.201604 1.14197
v -1.06064 -0.206437 1.14292
v -1.06026 -0.202288 1.14219
v -1.06692 -0.205345 1.15905
v -1.06391 -0.204603 1.16196
v -1.06369 -0.20017 1.16193
v -1.06681 -0.200955 1.15892
v -1.06853 -0.206052 1.15524
v -1.06848 -0.20172 1.15498
v -1.04904 -0.202907 1.15903
v -1.04823 -0.198519 1.15885
v -1.05343 -0.244281 1.15218
v -1.05217 -0.243995 1.15541
v -1.05267 -0.253141 1.15471
v -1.05382 -0.253178 1.15181
v -1.05215 -0.243853 1.15873
v -1.05263 -0.253293 1.15767
v -1.05296 -0.262575 1.15625
v -1.05303 -0.262136 1.15366
v -1.05406 -0.261929 1.15111
v -1.06593 -0.232754 1.14836
v -1.06245 -0.232261 1.14682
v -1.06291 -0.240039 1.1479
v -1.06626 -0.240574 1.14937
v -1.05853 -0.231607 1.14669
v -1.05913 -0.239371 1.14779
v -1.05922 -0.245266 1.14814
v -1.06282 -0.245987 1.14823
v -1.066 -0.246626 1.14961
v -1.06829 -0.232886 1.15088
v -1.06852 -0.240768 1.15181
v -1.06814 -0.24696 1.15192
v -1.05452 -0.229476 1.16362
v -1.05797 -0.230055 1.16531
v -1.05848 -0.23804 1.16598
v -1.0552 -0.237584 1.1642
v -1.06277 -0.232163 1.16779
v -1.0625 -0.238703 1.16935
v -1.063 -0.244402 1.16797
v -1.05854 -0.244586 1.16534
v -1.0554 -0.244161 1.16378
v -1.05089 -0.229593 1.15812
v -1.05213 -0.229397 1.16125
v -1.05291 -0.237443 1.16191
v -1.05174 -0.237564 1.15888
v -1.05325 -0.243889 1.16161
v -1.07223 -0.2418 1.18633
v -1.07141 -0.23981 1.1867
v -1.07679 -0.240691 1.19838
v -1.07755 -0.242674 1.19795
v -1.07223 -0.238119 1.18594
v -1.07766 -0.23899 1.19769
v -1.08443 -0.242264 1.21152
v -1.08353 -0.24396 1.21208
v -1.08423 -0.245876 1.21153
v -1.05492 -0.231002 1.14822
v -1.05565 -0.238782 1.14928
v -1.05222 -0.230463 1.15103
v -1.05305 -0.238287 1.15201
v -1.05591 -0.244695 1.14958
v -1.05088 -0.229974 1.15453
v -1.05175 -0.237866 1.1554
v -1.05141 -0.27465 1.15165
v -1.05213 -0.275477 1.15359
v -1.04952 -0.286644 1.14778
v -1.04884 -0.285698 1.14604
v -1.0536 -0.276425 1.15503
v -1.0509 -0.287662 1.14904
v -1.04813 -0.298844 1.14296
v -1.04683 -0.297764 1.14189
v -1.0462 -0.296704 1.14035
v -1.0676 -0.256609 1.15702
v -1.06647 -0.256526 1.16012
v -1.0678 -0.256503 1.15404
v -1.06631 -0.265838 1.15286
v -1.06613 -0.266387 1.15551
v -1.06544 -0.26787 1.15903
v -1.06225 -0.254773 1.14821
v -1.06507 -0.255595 1.14939
v -1.05903 -0.253969 1.14817
v -1.05868 -0.262526 1.14788
v -1.0615 -0.263408 1.14785
v -1.06397 -0.264405 1.14884
v -1.06696 -0.256179 1.15143
v -1.06561 -0.265231 1.15059
v -1.05819 -0.254813 1.16325
v -1.05548 -0.254121 1.16214
v -1.06135 -0.255573 1.16356
v -1.06088 -0.267088 1.16213
v -1.05777 -0.26492 1.16111
v -1.05541 -0.263918 1.16012
v -1.05359 -0.253615 1.16024
v -1.05377 -0.263177 1.15849
v -1.06644 -0.246583 1.16697
v -1.06428 -0.256178 1.16249
v -1.0637 -0.266281 1.16164
v -1.05606 -0.253436 1.14948
v -1.05606 -0.262034 1.14905
v -1.04144 -0.333839 1.11065
v -1.04107 -0.332652 1.10946
v -1.03572 -0.342127 1.10226
v -1.036 -0.343339 1.10337
v -1.04007 -0.331427 1.10868
v -1.03485 -0.34088 1.10154
v -1.02954 -0.350129 1.09436
v -1.03029 -0.351393 1.09502
v -1.03048 -0.35263 1.09605
v -1.05907 -0.277539 1.15808
v -1.06113 -0.279701 1.15655
v -1.05746 -0.290108 1.14904
v -1.05527 -0.289661 1.14989
v -1.06328 -0.278149 1.15521
v -1.05909 -0.289961 1.14727
v -1.05597 -0.302865 1.14132
v -1.05496 -0.301828 1.14404
v -1.05236 -0.302868 1.14381
v -1.05658 -0.27391 1.14424
v -1.05423 -0.273492 1.14532
v -1.05149 -0.284092 1.14026
v -1.0537 -0.28441 1.13923
v -1.05244 -0.273544 1.14715
v -1.0498 -0.284283 1.14195
v -1.0471 -0.29499 1.13666
v -1.04868 -0.294662 1.1351
v -1.05075 -0.29488 1.13411
v -1.05149 -0.27397 1.14938
v -1.04892 -0.284867 1.144
v -1.04627 -0.295727 1.13852
v -1.06332 -0.278404 1.151
v -1.05993 -0.289302 1.14498
v -1.06338 -0.277784 1.14844
v -1.06008 -0.288444 1.14282
v -1.05673 -0.299057 1.13709
v -1.05659 -0.300235 1.13899
v -1.06129 -0.275915 1.14493
v -1.0591 -0.274812 1.14414
v -1.05606 -0.285268 1.13907
v -1.05812 -0.286387 1.13971
v -1.05296 -0.295693 1.13389
v -1.0549 -0.296825 1.13439
v -1.06275 -0.276923 1.14642
v -1.05949 -0.287469 1.14101
v -1.05618 -0.297977 1.13551
v -1.0558 -0.277356 1.15609
v -1.05291 -0.288718 1.14975
v -1.04999 -0.300104 1.14351
v -1.00516 -0.376431 1.0665
v -1.00589 -0.375657 1.0654
v -0.998327 -0.382437 1.0546
v -0.997719 -0.383276 1.05561
v -1.00617 -0.374658 1.06433
v -0.998499 -0.381442 1.05363
v -0.988924 -0.392771 1.03954
v -0.988877 -0.393679 1.04036
v -0.98842 -0.394509 1.04123
v -1.03397 -0.334068 1.11573
v -1.03556 -0.335099 1.11616
v -1.03021 -0.344714 1.10847
v -1.02883 -0.343612 1.10825
v -1.0382 -0.335593 1.11734
v -1.03188 -0.34557 1.10824
v -1.02582 -0.356499 1.09997
v -1.02481 -0.35422 1.10084
v -1.02362 -0.352945 1.10073
v -1.03251 -0.331729 1.11383
v -1.03295 -0.332904 1.11499
v -1.02793 -0.342429 1.10757
v -1.02757 -0.341227 1.10649
v -1.02283 -0.351741 1.1001
v -1.02257 -0.350518 1.0991
v -1.03928 -0.337223 1.11556
v -1.03354 -0.345801 1.10744
v -1.0414 -0.335398 1.11518
v -1.0349 -0.345381 1.1062
v -1.02877 -0.356275 1.09799
v -1.02818 -0.355557 1.10024
v -1.03668 -0.329499 1.10875
v -1.03489 -0.329345 1.10965
v -1.03003 -0.338768 1.10251
v -1.03173 -0.33892 1.10165
v -1.03347 -0.329766 1.11094
v -1.02863 -0.339207 1.10375
v -1.02372 -0.348457 1.09651
v -1.02509 -0.348008 1.09534
v -1.02671 -0.348155 1.09451
v -1.03267 -0.330624 1.11242
v -1.0278 -0.340092 1.10515
v -1.02286 -0.34936 1.09784
v -1.04131 -0.334867 1.11225
v -1.03571 -0.344455 1.10474
v -1.0301 -0.353929 1.09725
v -1.03852 -0.330279 1.10843
v -1.03344 -0.339711 1.10132
v -1.02828 -0.348951 1.09418
v -0.98552 -0.390589 1.03876
v -0.984364 -0.390908 1.03936
v -0.975658 -0.407745 1.02422
v -0.97658 -0.407424 1.02375
v -0.983487 -0.391571 1.04016
v -0.974988 -0.408317 1.02486
v -0.968117 -0.426014 1.01143
v -0.968628 -0.4256 1.01092
v -0.969346 -0.425343 1.01057
v -1.00537 -0.372555 1.06293
v -1.00441 -0.371568 1.06289
v -0.99644 -0.378843 1.05238
v -0.997519 -0.379553 1.05241
v -1.00371 -0.370117 1.06383
v -0.995177 -0.378456 1.05276
v -0.986747 -0.390724 1.03847
v -0.987826 -0.391214 1.03851
v -1.006 -0.373587 1.06346
v -0.998227 -0.380446 1.05287
v -0.988568 -0.391923 1.03889
v -1.00042 -0.375345 1.06831
v -1.00148 -0.376217 1.06844
v -0.994218 -0.383575 1.05745
v -0.993122 -0.382891 1.05736
v -1.00276 -0.376767 1.06815
v -0.995484 -0.383923 1.05715
v -0.986477 -0.395385 1.04258
v -0.985299 -0.395249 1.04285
v -0.984237 -0.394791 1.0428
v -0.999508 -0.373305 1.06698
v -0.999739 -0.37434 1.0678
v -0.992375 -0.382027 1.05692
v -0.992045 -0.381075 1.0562
v -0.983467 -0.394126 1.04243
v -0.983059 -0.393314 1.04181
v -1.00406 -0.37683 1.06747
v -0.996716 -0.383807 1.05651
v -0.987575 -0.395116 1.04201
v -1.00118 -0.371119 1.06313
v -0.993792 -0.378694 1.05335
v -1.00108 -0.370508 1.06565
v -0.992824 -0.379194 1.05438
v -0.999816 -0.372223 1.06606
v -0.992188 -0.380096 1.05531
v -0.983051 -0.392421 1.04102
v -0.968022 -0.426939 1.01258
v -0.968327 -0.42731 1.01305
v -0.96358 -0.441541 1.00391
v -0.963364 -0.441147 1.00354
v -0.968836 -0.427576 1.01337
v -0.964011 -0.441574 1.00431
v -0.961827 -0.449122 1.00009
v -0.961211 -0.450384 0.999028
v -0.961294 -0.448801 0.999434
v -0.974695 -0.409003 1.02557
v -0.974764 -0.409689 1.02624
v -0.967929 -0.426487 1.01202
v -0.979512 -0.40955 1.02519
v -0.97919 -0.410208 1.0259
v -0.979495 -0.408862 1.02451
v -0.971667 -0.42618 1.01138
v -0.971693 -0.426635 1.01196
v -0.971445 -0.427087 1.01255
v -0.977588 -0.407454 1.02355
v -0.978499 -0.407762 1.02363
v -0.970118 -0.425323 1.01046
v -0.970824 -0.425494 1.01058
v -0.979151 -0.408249 1.02396
v -0.971363 -0.42579 1.0109
v -0.9767 -0.41099 1.02716
v -0.975811 -0.410722 1.02709
v -0.977666 -0.411009 1.02697
v -0.970279 -0.427688 1.01337
v -0.969528 -0.427716 1.01348
v -0.975147 -0.410276 1.02677
v -0.97854 -0.410727 1.02652
v -0.970949 -0.427462 1.01305
v -0.961893 -0.450532 0.999393
v -0.961056 -0.453634 0.99659
v -0.962799 -0.449115 1.00018
v -0.962773 -0.450346 0.99916
v -0.963656 -0.448725 0.999595
v -0.9633 -0.449909 0.998438
v -0.963861 -0.448207 0.998693
v -0.963075 -0.449508 0.997706
v -0.963214 -0.447857 0.998044
v -0.962295 -0.44933 0.997345
v -0.962204 -0.447845 0.99795
v -0.961378 -0.449529 0.997588
v -0.961324 -0.448275 0.998562
v -0.96095 -0.449995 0.998307
v -0.965746 -0.441544 1.00404
v -0.965222 -0.441597 1.00439
v -0.96623 -0.441112 1.00368
v -0.963799 -0.440292 1.00199
v -0.964464 -0.439929 1.00176
v -0.96338 -0.440471 1.0025
v -0.96322 -0.440966 1.00296
v -0.966423 -0.440916 1.00307
v -0.966462 -0.440446 1.00261
v -0.965055 -0.440033 1.00164
v -0.965678 -0.439982 1.00186
v -0.966118 -0.440322 1.0021
v -0.964544 -0.441785 1.00437
v -1.04919 -0.216295 1.15291
v -1.0506 -0.216858 1.1492
v -1.04923 -0.215835 1.15671
v -1.05348 -0.217455 1.14624
v -1.05733 -0.218095 1.14463
v -1.06463 -0.217297 1.16307
v -1.06089 -0.216756 1.16446
v -1.06743 -0.218114 1.16022
v -1.06642 -0.230863 1.16671
v -1.05059 -0.21557 1.16003
v -1.05317 -0.215601 1.16256
v -1.0568 -0.21603 1.16411
v -1.06779 -0.219328 1.14915
v -1.069 -0.219071 1.15257
v -1.06525 -0.219241 1.14646
v -1.06153 -0.218763 1.1448
v -1.06886 -0.218625 1.15641
v -1.08661 -0.241884 1.21004
v -1.09491 -0.249059 1.22623
v -1.09282 -0.249572 1.22756
v -1.0887 -0.242855 1.20858
v -1.09688 -0.249814 1.22474
v -1.10523 -0.25953 1.24088
v -1.10346 -0.259034 1.24232
v -1.10156 -0.25964 1.24343
v -1.07442 -0.237831 1.18438
v -1.07985 -0.238679 1.19615
v -1.07661 -0.23892 1.18296
v -1.08201 -0.239748 1.1947
v -1.07662 -0.242589 1.18334
v -1.07443 -0.242883 1.18491
v -1.07971 -0.243736 1.1965
v -1.08191 -0.243419 1.19496
v -1.08633 -0.246841 1.21006
v -1.0885 -0.246455 1.20858
v -1.07744 -0.240903 1.18259
v -1.08278 -0.241724 1.19427
v -1.0894 -0.244765 1.20803
v -1.10573 -0.260976 1.23997
v -1.11258 -0.271396 1.25341
v -1.11224 -0.270323 1.25437
v -1.10486 -0.262465 1.24002
v -1.11177 -0.272576 1.25325
v -1.11665 -0.282375 1.26264
v -1.11737 -0.281547 1.26294
v -1.11718 -0.28084 1.26385
v -1.09192 -0.251222 1.22788
v -1.09254 -0.252962 1.22714
v -1.10068 -0.261134 1.24349
v -1.10119 -0.262585 1.24258
v -1.0975 -0.251548 1.224
v -1.0966 -0.253192 1.22432
v -1.09451 -0.253711 1.22565
v -1.10296 -0.263076 1.24114
v -1.11533 -0.282824 1.26324
v -1.11821 -0.29103 1.26804
v -1.11922 -0.290615 1.26761
v -1.1142 -0.282696 1.26429
v -1.11736 -0.290908 1.26883
v -1.11872 -0.295407 1.27029
v -1.11949 -0.296239 1.27
v -1.12002 -0.29519 1.26945
v -1.11014 -0.273144 1.2541
v -1.10869 -0.272866 1.25537
v -1.11078 -0.270041 1.25565
v -1.10915 -0.270605 1.2565
v -1.11606 -0.280709 1.2649
v -1.11474 -0.281155 1.2655
v -1.10834 -0.271789 1.25633
v -1.11402 -0.281985 1.2652
v -1.11911 -0.294791 1.2711
v -1.11995 -0.295533 1.27097
v -1.12004 -0.297764 1.27093
v -1.11895 -0.296015 1.27098
v -1.1204 -0.294576 1.27026
v -1.12048 -0.295757 1.26999
v -1.11891 -0.289683 1.26954
v -1.11787 -0.28992 1.26993
v -1.11973 -0.289632 1.2687
v -1.11728 -0.290556 1.26963
v -1.11984 -0.290158 1.26795
v -1.0572 -0.270903 1.15939
v -1.05499 -0.269894 1.15831
v -1.05981 -0.272117 1.16133
v -1.06453 -0.270791 1.14935
v -1.06518 -0.271556 1.15147
v -1.06301 -0.269842 1.14775
v -1.06072 -0.268763 1.14687
v -1.0581 -0.267848 1.14693
v -1.06512 -0.272197 1.15406
v -1.06528 -0.273012 1.15761
v -1.0528 -0.267691 1.15232
v -1.05378 -0.267358 1.14996
v -1.05272 -0.268276 1.15472
v -1.05565 -0.267382 1.14804
v -1.06574 -0.274119 1.17151
v -1.06738 -0.273824 1.1706
v -1.0706 -0.276378 1.17774
v -1.06898 -0.276694 1.17865
v -1.06887 -0.274653 1.16937
v -1.07209 -0.277187 1.17653
v -1.07722 -0.281898 1.18534
v -1.07577 -0.281298 1.18652
v -1.07428 -0.281771 1.18737
v -1.05347 -0.269019 1.15679
v -1.07421 -0.284636 1.18648
v -1.0737 -0.28318 1.18731
v -1.08235 -0.291905 1.1974
v -1.08304 -0.293014 1.19648
v -1.08259 -0.290527 1.19764
v -1.09227 -0.300245 1.2075
v -1.09233 -0.301515 1.20708
v -1.09313 -0.302236 1.20608
v -1.06534 -0.277122 1.17064
v -1.06495 -0.275521 1.17147
v -1.06824 -0.278105 1.17864
v -1.06865 -0.2797 1.17784
v -1.06924 -0.276247 1.16854
v -1.07249 -0.278775 1.17574
v -1.06844 -0.277643 1.16852
v -1.07173 -0.28018 1.17574
v -1.07712 -0.284755 1.18447
v -1.07772 -0.28335 1.18452
v -1.06682 -0.277944 1.16942
v -1.07013 -0.280502 1.17664
v -1.07565 -0.285232 1.18531
v -1.09426 -0.298776 1.20596
v -1.09505 -0.299502 1.20497
v -1.10326 -0.306649 1.21265
v -1.10249 -0.306113 1.2135
v -1.09509 -0.300778 1.20455
v -1.10329 -0.307627 1.21212
v -1.1077 -0.311266 1.2162
v -1.10844 -0.31132 1.21732
v -1.10716 -0.310233 1.21724
v -1.08578 -0.290924 1.1949
v -1.0851 -0.289814 1.19582
v -1.08552 -0.292302 1.19467
v -1.08376 -0.289704 1.19695
v -1.0931 -0.299136 1.207
v -1.08436 -0.293125 1.19535
v -1.09427 -0.301881 1.20505
v -1.10611 -0.311389 1.2181
v -1.1075 -0.311399 1.21846
v -1.10972 -0.313428 1.21926
v -1.10719 -0.312688 1.21834
v -1.10812 -0.312609 1.2172
v -1.10665 -0.312415 1.21705
v -1.10167 -0.306682 1.21444
v -1.10097 -0.307674 1.21473
v -1.10277 -0.308746 1.21254
v -1.10179 -0.309175 1.21333
v -1.10119 -0.308779 1.21432
v -1.05109 -0.30149 1.13064
v -1.05296 -0.30263 1.13107
v -1.04895 -0.300697 1.13089
v -1.04736 -0.304778 1.12784
v -1.04946 -0.305576 1.12759
v -1.05129 -0.306724 1.128
v -1.05468 -0.306121 1.13547
v -1.05491 -0.30794 1.13825
v -1.05472 -0.304952 1.13358
v -1.05301 -0.309085 1.13044
v -1.05294 -0.31018 1.13234
v -1.05293 -0.311277 1.13564
v -1.04462 -0.301718 1.13511
v -1.04542 -0.300911 1.13335
v -1.04455 -0.302763 1.13685
v -1.04301 -0.306907 1.13368
v -1.04309 -0.305838 1.13199
v -1.04388 -0.305007 1.13026
v -1.04695 -0.300522 1.13186
v -1.04539 -0.304606 1.1288
v -1.05649 -0.313486 1.15007
v -1.0578 -0.313018 1.14956
v -1.06066 -0.317295 1.15486
v -1.05943 -0.317753 1.15533
v -1.05879 -0.313406 1.14846
v -1.06161 -0.317649 1.15381
v -1.06583 -0.324234 1.15988
v -1.06492 -0.324011 1.16088
v -1.06379 -0.324548 1.16131
v -1.04516 -0.303877 1.13828
v -1.04641 -0.304993 1.13927
v -1.04483 -0.30918 1.13604
v -1.04361 -0.308041 1.13508
v -1.04823 -0.306188 1.1399
v -1.05051 -0.308045 1.1413
v -1.04948 -0.311379 1.13803
v -1.04667 -0.310288 1.13665
v -1.05419 -0.303815 1.1321
v -1.0525 -0.307923 1.12899
v -1.06522 -0.326263 1.15836
v -1.0641 -0.3268 1.15879
v -1.07107 -0.337066 1.16545
v -1.07204 -0.336326 1.1651
v -1.06321 -0.326577 1.15978
v -1.0702 -0.337113 1.16643
v -1.07859 -0.349167 1.17256
v -1.07939 -0.348866 1.17163
v -1.08019 -0.347972 1.17137
v -1.05565 -0.315769 1.14845
v -1.05564 -0.314643 1.14956
v -1.05864 -0.318857 1.15485
v -1.05866 -0.319921 1.1538
v -1.06312 -0.325621 1.16081
v -1.05879 -0.314531 1.14736
v -1.06162 -0.318712 1.15277
v -1.05793 -0.315687 1.14686
v -1.06082 -0.319815 1.1523
v -1.0659 -0.325189 1.15886
v -1.05663 -0.316156 1.14735
v -1.05959 -0.320274 1.15277
v -1.08017 -0.346389 1.17313
v -1.08049 -0.346956 1.17203
v -1.08818 -0.357569 1.1766
v -1.08782 -0.357076 1.17754
v -1.08787 -0.358282 1.17594
v -1.09235 -0.364158 1.17836
v -1.09335 -0.364803 1.17926
v -1.09235 -0.363356 1.17954
v -1.06998 -0.336339 1.16751
v -1.07045 -0.335269 1.1681
v -1.07856 -0.347589 1.17432
v -1.07827 -0.348602 1.17366
v -1.07251 -0.335254 1.16568
v -1.0723 -0.334478 1.16676
v -1.07142 -0.334527 1.16774
v -1.07936 -0.346693 1.17406
v -1.09144 -0.364233 1.18022
v -1.09281 -0.364857 1.18037
v -1.09473 -0.367688 1.18043
v -1.09227 -0.365842 1.18006
v -1.0928 -0.365787 1.17896
v -1.09145 -0.365032 1.17904
v -1.08725 -0.357564 1.17836
v -1.08652 -0.358272 1.17851
v -1.08733 -0.359209 1.17616
v -1.08658 -0.359472 1.1769
v -1.0864 -0.359204 1.17792
v -1.0463 -0.318443 1.11869
v -1.04438 -0.317202 1.11793
v -1.04292 -0.320639 1.11509
v -1.0448 -0.321953 1.11594
v -1.04068 -0.315716 1.11481
v -1.03954 -0.318538 1.11139
v -1.03881 -0.320804 1.11129
v -1.04214 -0.322698 1.11379
v -1.04394 -0.323946 1.1144
v -1.04688 -0.322823 1.12425
v -1.04772 -0.321982 1.12259
v -1.04619 -0.325519 1.11975
v -1.0454 -0.326435 1.12146
v -1.0479 -0.320862 1.12094
v -1.04636 -0.324372 1.11811
v -1.04546 -0.326351 1.11651
v -1.04533 -0.32756 1.11817
v -1.04489 -0.329195 1.12054
v -1.03724 -0.315964 1.11723
v -1.03823 -0.317485 1.12217
v -1.03677 -0.320935 1.11933
v -1.03524 -0.318842 1.1144
v -1.03836 -0.318674 1.12413
v -1.03696 -0.322199 1.1213
v -1.03615 -0.324204 1.11972
v -1.0361 -0.323 1.11794
v -1.03542 -0.32106 1.11366
v -1.03056 -0.315255 1.10431
v -1.03144 -0.313763 1.10478
v -1.03071 -0.316606 1.10336
v -1.02417 -0.312908 1.09032
v -1.02396 -0.311624 1.0911
v -1.02465 -0.310288 1.09123
v -1.04362 -0.322956 1.12647
v -1.04544 -0.323179 1.12561
v -1.044 -0.326803 1.12287
v -1.04217 -0.326585 1.12365
v -1.04372 -0.329315 1.12248
v -1.04162 -0.329378 1.12275
v -1.0389 -0.319845 1.12542
v -1.03748 -0.323366 1.12255
v -1.04005 -0.321024 1.1263
v -1.03861 -0.324553 1.1234
v -1.03776 -0.326543 1.12175
v -1.03666 -0.325362 1.12093
v -1.04172 -0.322151 1.12668
v -1.04025 -0.325709 1.12378
v -1.0394 -0.327763 1.1222
v -1.04743 -0.319664 1.1196
v -1.04591 -0.323166 1.1168
v -1.04502 -0.32515 1.11523
v -1.04119 -0.325087 1.1123
v -1.04284 -0.326234 1.11262
v -1.03915 -0.32423 1.11237
v -1.04423 -0.329802 1.11631
v -1.04428 -0.3313 1.1186
v -1.04432 -0.32863 1.11468
v -1.03522 -0.325403 1.11639
v -1.03588 -0.32448 1.11462
v -1.03512 -0.326507 1.11789
v -1.03632 -0.320855 1.11106
v -1.03724 -0.324062 1.11312
v -1.04486 -0.336946 1.1284
v -1.0461 -0.336541 1.12812
v -1.04822 -0.342205 1.13284
v -1.04711 -0.342551 1.13306
v -1.04691 -0.336772 1.12704
v -1.04894 -0.34235 1.13186
v -1.05233 -0.350623 1.13605
v -1.0517 -0.35063 1.13694
v -1.05073 -0.350997 1.13709
v -1.03561 -0.327667 1.11908
v -1.03668 -0.328834 1.11988
v -1.03828 -0.330019 1.12035
v -1.0402 -0.331534 1.12136
v -1.0439 -0.327442 1.11343
v -1.05217 -0.351034 1.13488
v -1.05748 -0.362356 1.13688
v -1.05761 -0.36212 1.13803
v -1.05141 -0.351584 1.1341
v -1.05683 -0.362874 1.13606
v -1.06282 -0.374738 1.13581
v -1.06337 -0.374243 1.13662
v -1.06348 -0.374151 1.13773
v -1.04372 -0.338644 1.12627
v -1.0439 -0.337828 1.12759
v -1.04625 -0.343243 1.13227
v -1.04608 -0.34386 1.13103
v -1.04999 -0.351548 1.1363
v -1.04983 -0.351958 1.13512
v -1.04576 -0.338467 1.12492
v -1.04452 -0.338873 1.1252
v -1.04679 -0.344003 1.13006
v -1.0479 -0.343657 1.12984
v -1.05045 -0.351951 1.13424
v -1.04671 -0.337586 1.12572
v -1.04876 -0.342965 1.13063
v -1.06211 -0.375383 1.13584
v -1.06716 -0.384596 1.13407
v -1.06769 -0.38392 1.1341
v -1.06165 -0.375808 1.13659
v -1.06675 -0.38497 1.13472
v -1.06962 -0.389466 1.13321
v -1.0704 -0.389952 1.13253
v -1.07028 -0.388694 1.13277
v -1.05706 -0.362357 1.13886
v -1.05623 -0.362875 1.13894
v -1.06302 -0.374579 1.13848
v -1.06231 -0.375226 1.13851
v -1.056 -0.36339 1.13614
v -1.05546 -0.363625 1.13696
v -1.05559 -0.363391 1.13812
v -1.06176 -0.375718 1.1377
v -1.07007 -0.389274 1.13438
v -1.07095 -0.389747 1.13391
v -1.07172 -0.391667 1.13248
v -1.07028 -0.390308 1.13348
v -1.07073 -0.3885 1.13394
v -1.07106 -0.389391 1.13297
v -1.06692 -0.38507 1.13563
v -1.06734 -0.384608 1.13637
v -1.06821 -0.383626 1.13477
v -1.06828 -0.383552 1.13574
v -1.06797 -0.3841 1.13632
v -1.01984 -0.354174 1.09339
v -1.02071 -0.353265 1.0921
v -1.01953 -0.355337 1.09461
v -1.01665 -0.358149 1.09054
v -1.01696 -0.35698 1.08933
v -1.01781 -0.356062 1.08805
v -1.02206 -0.352813 1.09096
v -1.02363 -0.35296 1.09015
v -1.01913 -0.355611 1.08692
v -1.02067 -0.355767 1.08613
v -1.02458 -0.367043 1.09919
v -1.0259 -0.366742 1.09894
v -1.02612 -0.376877 1.10152
v -1.02488 -0.377146 1.10173
v -1.0266 -0.36684 1.09786
v -1.02677 -0.376904 1.1005
v -1.02724 -0.390862 1.10212
v -1.02669 -0.391019 1.10304
v -1.02556 -0.391337 1.10319
v -1.01975 -0.356562 1.09558
v -1.02049 -0.357764 1.09618
v -1.01759 -0.360543 1.09208
v -1.01687 -0.359365 1.09149
v -1.02164 -0.358943 1.09637
v -1.02273 -0.360337 1.09643
v -1.02066 -0.362437 1.09276
v -1.0188 -0.36161 1.09232
v -1.02701 -0.356198 1.09062
v -1.02717 -0.357434 1.09161
v -1.02632 -0.354933 1.08999
v -1.0233 -0.357753 1.086
v -1.02397 -0.359006 1.08663
v -1.02412 -0.360218 1.0876
v -1.02513 -0.353755 1.08982
v -1.02214 -0.356572 1.08582
v -1.02685 -0.358638 1.09283
v -1.02635 -0.360054 1.09398
v -1.02383 -0.361315 1.08889
v -1.02348 -0.362216 1.09085
v -1.02402 -0.391764 1.10112
v -1.02448 -0.391639 1.10236
v -1.02589 -0.40792 1.10044
v -1.02535 -0.407776 1.0993
v -1.02695 -0.4077 1.10126
v -1.02954 -0.423223 1.09533
v -1.02856 -0.423392 1.0946
v -1.02795 -0.423055 1.09363
v -1.02494 -0.367909 1.09562
v -1.02364 -0.368209 1.09586
v -1.02395 -0.377961 1.09854
v -1.02518 -0.377693 1.09834
v -1.02296 -0.368109 1.09694
v -1.02331 -0.377933 1.09956
v -1.02456 -0.391609 1.10019
v -1.02568 -0.391294 1.10005
v -1.02615 -0.367337 1.09649
v -1.02632 -0.377253 1.09919
v -1.02677 -0.390989 1.10088
v -1.02339 -0.367614 1.09831
v -1.02374 -0.377584 1.10088
v -1.03035 -0.422575 1.09533
v -1.03395 -0.434385 1.08627
v -1.03331 -0.434861 1.08638
v -1.03056 -0.421866 1.09468
v -1.03399 -0.433608 1.08594
v -1.03641 -0.43979 1.07953
v -1.03684 -0.44135 1.07844
v -1.03599 -0.440659 1.0798
v -1.02794 -0.407199 1.10118
v -1.02832 -0.406727 1.10038
v -1.02572 -0.407307 1.0985
v -1.02671 -0.406809 1.09843
v -1.02815 -0.422351 1.09298
v -1.02896 -0.421708 1.09298
v -1.02777 -0.406586 1.09924
v -1.02995 -0.421533 1.0937
v -1.03748 -0.44358 1.07528
v -1.03606 -0.441755 1.07813
v -1.03653 -0.440745 1.07782
v -1.03547 -0.439622 1.07871
v -1.03575 -0.441149 1.0775
v -1.03506 -0.440487 1.07898
v -1.03212 -0.434078 1.08453
v -1.03265 -0.433388 1.08467
v -1.03197 -0.434633 1.08511
v -1.0335 -0.433378 1.0851
v -1.03257 -0.435086 1.0857
v -1.01233 -0.360892 1.08299
v -1.01311 -0.35993 1.08165
v -1.01204 -0.362077 1.08422
v -1.00728 -0.366144 1.07774
v -1.0075 -0.364974 1.07646
v -1.00772 -0.363959 1.07431
v -1.01445 -0.359412 1.08059
v -1.01589 -0.359654 1.07976
v -1.00978 -0.36272 1.07414
v -1.01048 -0.363681 1.07241
v -1.02144 -0.363216 1.09101
v -1.01689 -0.366358 1.08483
v -1.01553 -0.366142 1.08564
v -1.01817 -0.365952 1.08384
v -1.01315 -0.369893 1.07732
v -1.01197 -0.37023 1.07834
v -1.01061 -0.370073 1.07906
v -1.01226 -0.363278 1.08516
v -1.01297 -0.364422 1.08574
v -1.00818 -0.368422 1.07921
v -1.00749 -0.367313 1.07865
v -1.01412 -0.365439 1.0859
v -1.00928 -0.369408 1.07936
v -1.01914 -0.362933 1.08044
v -1.01928 -0.36411 1.08139
v -1.01849 -0.361698 1.07981
v -1.01351 -0.365782 1.07345
v -1.01413 -0.366981 1.07407
v -1.01427 -0.368122 1.075
v -1.01735 -0.360508 1.07957
v -1.01237 -0.364609 1.07311
v -1.01895 -0.36516 1.08258
v -1.01393 -0.369141 1.07614
v -1.00409 -0.368056 1.07193
v -1.00442 -0.366853 1.07067
v -1.00385 -0.369174 1.07305
v -1.00422 -0.363911 1.06316
v -1.00567 -0.362395 1.06409
v -1.00312 -0.357965 1.05823
v -1.0018 -0.359616 1.05755
v -1.0064 -0.360949 1.06553
v -1.00375 -0.356362 1.0594
v -0.998877 -0.352035 1.05004
v -0.998395 -0.353809 1.04923
v -0.997258 -0.355602 1.0489
v -1.00841 -0.373102 1.07363
v -1.00708 -0.372958 1.07433
v -1.00955 -0.372762 1.07263
v -1.00405 -0.370283 1.07393
v -1.00471 -0.371359 1.07448
v -1.00578 -0.372316 1.07462
v -1.01052 -0.369905 1.06945
v -1.01066 -0.371016 1.07036
v -1.00992 -0.368772 1.06886
v -1.0089 -0.367661 1.06861
v -1.00782 -0.366502 1.06831
v -1.01032 -0.372018 1.07148
v -0.995524 -0.355651 1.05019
v -0.99609 -0.356295 1.04933
v -0.988888 -0.354804 1.03775
v -0.988272 -0.354079 1.03846
v -0.989951 -0.354113 1.03719
v -0.980546 -0.35579 1.02344
v -0.979591 -0.356446 1.02411
v -0.978922 -0.355683 1.02466
v -1.00584 -0.360488 1.06666
v -1.00319 -0.355816 1.06041
v -1.00448 -0.361137 1.06689
v -1.00191 -0.356491 1.06073
v -0.997118 -0.352085 1.05135
v -0.998299 -0.351391 1.05091
v -1.00233 -0.364096 1.0645
v -1.00287 -0.364559 1.06338
v -1.00053 -0.36029 1.05786
v -0.999984 -0.359743 1.05887
v -1.00305 -0.362652 1.06595
v -1.0006 -0.358141 1.06005
v -0.995994 -0.353878 1.05102
v -0.979675 -0.351897 1.02433
v -0.978992 -0.35377 1.02473
v -0.968349 -0.358899 1.00954
v -0.968833 -0.357157 1.00891
v -0.968442 -0.360699 1.00975
v -0.957514 -0.369285 0.993374
v -0.95733 -0.36774 0.99303
v -0.957654 -0.366257 0.992312
v -0.990869 -0.352233 1.03713
v -0.991154 -0.35034 1.03755
v -0.981322 -0.352004 1.02309
v -0.981241 -0.353917 1.02303
v -0.988544 -0.352186 1.03889
v -0.989451 -0.350306 1.03884
v -0.990526 -0.349616 1.03827
v -0.980642 -0.351241 1.02365
v -0.947031 -0.379324 0.975834
v -0.947352 -0.378057 0.975416
v -0.947332 -0.380329 0.976388
v -0.941312 -0.387844 0.965501
v -0.940048 -0.388685 0.963099
v -0.941305 -0.386352 0.964809
v -0.969684 -0.356571 1.00817
v -0.970384 -0.357312 1.00775
v -0.958364 -0.365773 0.991611
v -0.959018 -0.366425 0.99131
v -0.96913 -0.361439 1.00933
v -0.96997 -0.360852 1.0086
v -0.958857 -0.369451 0.992384
v -0.958157 -0.369936 0.993079
v -0.970466 -0.359111 1.00796
v -0.959191 -0.367969 0.99166
v -0.942006 -0.386451 0.964305
v -0.940448 -0.38788 0.962399
v -0.937924 -0.39209 0.958409
v -0.940856 -0.3888 0.962517
v -0.940455 -0.389605 0.963217
v -0.942004 -0.387942 0.965002
v -0.947763 -0.377869 0.974647
v -0.948403 -0.3782 0.974653
v -0.947726 -0.380974 0.975985
v -0.948368 -0.38047 0.975634
v -0.948458 -0.379519 0.974798
v -1.04996 -0.313805 1.12428
v -1.05046 -0.314988 1.12568
v -1.04879 -0.312592 1.12333
v -1.04418 -0.316222 1.1316
v -1.04244 -0.315116 1.13116
v -1.0462 -0.317056 1.13153
v -1.04125 -0.313955 1.13024
v -1.04068 -0.312799 1.12889
v -1.05116 -0.312731 1.13666
v -1.04805 -0.317387 1.13065
v -1.04952 -0.316944 1.12925
v -1.04277 -0.310227 1.12364
v -1.04475 -0.310529 1.1228
v -1.04133 -0.310757 1.12518
v -1.03865 -0.314319 1.11553
v -1.04072 -0.311689 1.12717
v -1.05029 -0.316085 1.12741
v -1.04696 -0.311419 1.12286
v -1.02705 -0.310151 1.0895
v -1.02594 -0.309728 1.09054
v -1.0184 -0.307731 1.07593
v -1.01945 -0.308163 1.075
v -1.01722 -0.308248 1.07663
v -1.00907 -0.307818 1.06141
v -1.01014 -0.30735 1.06072
v -1.01112 -0.307782 1.0599
v -1.03181 -0.316962 1.10214
v -1.03326 -0.316414 1.10154
v -1.02655 -0.31277 1.0886
v -1.02527 -0.31333 1.08929
v -1.03406 -0.314997 1.10182
v -1.03401 -0.313573 1.10294
v -1.02725 -0.311435 1.08873
v -1.03283 -0.313058 1.10407
v -1.01086 -0.31018 1.05956
v -1.01137 -0.308974 1.05945
v -1.00239 -0.309857 1.04438
v -1.00194 -0.311021 1.0446
v -1.00212 -0.308691 1.04471
v -0.99322 -0.310922 1.03075
v -0.993501 -0.312034 1.03053
v -0.993104 -0.313132 1.03081
v -1.01791 -0.311208 1.07508
v -1.01687 -0.310777 1.07601
v -1.01908 -0.31069 1.07439
v -1.00979 -0.310649 1.06024
v -1.00882 -0.310218 1.06106
v -1.01968 -0.30941 1.07439
v -1.01663 -0.309529 1.07662
v -1.00856 -0.309025 1.06152
v -0.992334 -0.310489 1.03142
v -0.98473 -0.313874 1.02018
v -0.985565 -0.314205 1.01974
v -0.991407 -0.310885 1.03211
v -0.98403 -0.314154 1.02089
v -0.980024 -0.316653 1.01479
v -0.979776 -0.317003 1.01325
v -0.981125 -0.316697 1.01397
v -0.999734 -0.309851 1.04636
v -1.00018 -0.308686 1.04615
v -1.00002 -0.311017 1.04603
v -0.991306 -0.313098 1.03216
v -0.991018 -0.311985 1.03239
v -1.00118 -0.308252 1.04545
v -1.00095 -0.311456 1.04529
v -0.992184 -0.31353 1.0315
v -0.978076 -0.318763 1.01101
v -0.980408 -0.317834 1.01285
v -0.979105 -0.317781 1.01383
v -0.979993 -0.318008 1.01494
v -0.979737 -0.318612 1.01344
v -0.981087 -0.31805 1.01412
v -0.984644 -0.31646 1.02039
v -0.983972 -0.316041 1.02104
v -0.985497 -0.31609 1.01989
v -0.985736 -0.315202 1.01949
v -0.983638 -0.315133 1.02107
v -1.02561 -0.144313 1.00231
v -1.0042 -0.365356 1.06909
v -1.00589 -0.363748 1.07043
v -1.00318 -0.366935 1.06715
v -1.00363 -0.367422 1.06578
v -1.00519 -0.366704 1.06575
v -1.0074 -0.363034 1.0703
v -1.00794 -0.363522 1.06901
v -1.00697 -0.365049 1.06716
v -1.0232 -0.362547 1.09686
v -1.0226 -0.363293 1.09521
v -1.0246 -0.361605 1.09801
v -1.02612 -0.362274 1.0949
v -1.02676 -0.361403 1.09657
v -1.02473 -0.363094 1.09379
v -1.02329 -0.363503 1.09399
v -1.02609 -0.361148 1.09785
v -1.06414 -0.27665 1.16315
v -1.06585 -0.276158 1.16227
v -1.06264 -0.275634 1.16447
v -1.06678 -0.274379 1.16253
v -1.06649 -0.272431 1.16348
v -1.06236 -0.273645 1.16555
v -1.06321 -0.271881 1.16572
v -1.06498 -0.271463 1.16485
v -1.07302 -0.240494 1.17243
v -1.07213 -0.238023 1.17272
v -1.07221 -0.242557 1.17317
v -1.06997 -0.242977 1.17485
v -1.06765 -0.241712 1.17626
v -1.06986 -0.236685 1.17425
v -1.06755 -0.237158 1.17582
v -1.06679 -0.239326 1.17666
v -1.05399 -0.313007 1.14217
v -1.05542 -0.312394 1.14165
v -1.05292 -0.312483 1.14339
v -1.05643 -0.310941 1.14238
v -1.05654 -0.309392 1.14375
v -1.053 -0.311059 1.14477
v -1.05401 -0.309473 1.14551
v -1.05552 -0.308843 1.14509
v -1.04522 -0.33377 1.12173
v -1.04547 -0.332685 1.1232
v -1.04401 -0.3351 1.12067
v -1.04256 -0.33575 1.12094
v -1.04171 -0.335278 1.12222
v -1.04206 -0.334009 1.12385
v -1.04315 -0.332859 1.12476
v -1.04456 -0.332419 1.12443
v -1.0401 -0.0594469 1.20189
v -1.04248 -0.0582129 1.19985
v -1.05249 -0.053199 1.20811
v -1.04128 -0.0582514 1.20569
v -1.04312 -0.0574704 1.19587
v -1.04744 -0.0552937 1.19551
v -1.05107 -0.053919 1.19263
v -1.05483 -0.0528537 1.19486
v -1.05848 -0.051981 1.19446
v -1.05984 -0.0513467 1.19819
v -1.06262 -0.0500756 1.19975
v -1.06251 -0.0496011 1.20381
v -1.06479 -0.0482813 1.20679
v -1.06359 -0.0483957 1.20998
v -1.06494 -0.0474181 1.21368
v -1.06246 -0.0482008 1.21609
v -1.06157 -0.0481862 1.22056
v -1.05721 -0.0500794 1.22124
v -1.05371 -0.0514804 1.22431
v -1.05032 -0.0532659 1.22186
v -1.04704 -0.0548649 1.22206
v -1.04565 -0.0557909 1.2181
v -1.04267 -0.0570356 1.21642
v -1.0424 -0.0570234 1.21224
v -1.03991 -0.0581301 1.20905
v -1.03832 -0.0608164 1.19649
v -1.04063 -0.0590086 1.19281
v -1.03719 -0.0615421 1.20045
v -1.03574 -0.0658494 1.19989
v -1.03673 -0.0650522 1.19506
v -1.03931 -0.0628938 1.19073
v -1.04299 -0.0573285 1.22242
v -1.04044 -0.0584845 1.21868
v -1.04583 -0.0557088 1.22566
v -1.04605 -0.0590882 1.22878
v -1.0427 -0.0610606 1.22527
v -1.03984 -0.0624533 1.22091
v -1.04951 -0.0537407 1.2278
v -1.05408 -0.0514815 1.22863
v -1.05537 -0.0538807 1.23206
v -1.05022 -0.0566951 1.23133
v -1.06823 -0.0466022 1.21079
v -1.0681 -0.0462094 1.21507
v -1.06788 -0.047224 1.20655
v -1.07023 -0.0476386 1.20665
v -1.07087 -0.0469294 1.21154
v -1.07069 -0.0466703 1.21642
v -1.05588 -0.0529836 1.18918
v -1.06002 -0.0519615 1.19101
v -1.05078 -0.0543819 1.18854
v -1.05054 -0.0569616 1.18567
v -1.05628 -0.0549258 1.18631
v -1.06096 -0.0533872 1.1887
v -1.04526 -0.0565509 1.19011
v -1.04435 -0.0598777 1.18734
v -1.06681 -0.0463325 1.21946
v -1.06413 -0.0471482 1.22379
v -1.06947 -0.0469469 1.22157
v -1.06649 -0.0482186 1.22644
v -1.05938 -0.0491022 1.22694
v -1.06131 -0.0507783 1.23023
v -1.06664 -0.0482771 1.20208
v -1.06511 -0.0494729 1.19765
v -1.06688 -0.0502212 1.19641
v -1.06885 -0.0487784 1.20145
v -1.0629 -0.0508035 1.19405
v -1.06438 -0.0518113 1.19212
v -1.03838 -0.0590112 1.21413
v -1.03686 -0.059697 1.20942
v -1.03731 -0.0632279 1.21574
v -1.03562 -0.0639899 1.21025
v -1.03677 -0.0607743 1.20483
v -1.03525 -0.0651691 1.20496
v -1.08414 -0.0586782 1.21076
v -1.07998 -0.0594338 1.20355
v -1.08344 -0.061354 1.20411
v -1.08833 -0.0607869 1.2116
v -1.07536 -0.0610594 1.19646
v -1.07801 -0.0628001 1.19673
v -1.08987 -0.0603546 1.22458
v -1.0877 -0.058951 1.21741
v -1.09262 -0.0612421 1.2185
v -1.09546 -0.0630668 1.22591
v -1.03935 -0.102136 1.22582
v -1.04353 -0.101297 1.23423
v -1.04584 -0.111052 1.23608
v -1.04069 -0.111754 1.22695
v -1.04845 -0.099301 1.24186
v -1.05167 -0.108952 1.24427
v -1.03455 -0.0995348 1.20927
v -1.03641 -0.101531 1.21752
v -1.03674 -0.110608 1.21789
v -1.03407 -0.107467 1.20936
v -1.07312 -0.0819126 1.25401
v -1.08064 -0.0745869 1.24953
v -1.08717 -0.0808707 1.25204
v -1.07937 -0.0894864 1.25692
v -1.08671 -0.0677472 1.24209
v -1.0932 -0.0726059 1.24411
v -1.05934 -0.0927145 1.25208
v -1.06586 -0.0879756 1.25453
v -1.07153 -0.0964545 1.25761
v -1.06425 -0.10177 1.2551
v -1.04858 -0.0771075 1.18133
v -1.04099 -0.0842515 1.18552
v -1.03994 -0.0874627 1.18628
v -1.04788 -0.0796379 1.1814
v -1.03562 -0.0911165 1.19273
v -1.03449 -0.0954801 1.19387
v -1.06403 -0.0667658 1.18539
v -1.05661 -0.0712392 1.18177
v -1.05652 -0.073277 1.18156
v -1.06476 -0.0684962 1.18525
v -1.03384 -0.0961864 1.2009
v -1.03287 -0.102332 1.20154
v -1.08974 -0.0630821 1.23321
v -1.0959 -0.0666826 1.23483
v -1.05365 -0.0964445 1.24782
v -1.05773 -0.105869 1.25062
v -1.07019 -0.0634494 1.19038
v -1.07188 -0.0650998 1.19041
v -1.06554 -0.0548389 1.191
v -1.06847 -0.0528852 1.19582
v -1.06167 -0.05702 1.1871
v -1.06238 -0.0612922 1.18604
v -1.06683 -0.0585083 1.1904
v -1.07034 -0.0562347 1.1957
v -1.0443 -0.0691959 1.22881
v -1.04104 -0.0709648 1.22403
v -1.04805 -0.0667664 1.23257
v -1.05126 -0.0762055 1.23808
v -1.04701 -0.0791399 1.23414
v -1.04324 -0.0813324 1.22895
v -1.07266 -0.0500514 1.22391
v -1.06971 -0.0521064 1.22936
v -1.07371 -0.0493051 1.21817
v -1.07795 -0.0531141 1.2203
v -1.07717 -0.0544717 1.22684
v -1.07426 -0.0574372 1.23319
v -1.03623 -0.073493 1.19459
v -1.0387 -0.0708722 1.18937
v -1.03548 -0.0744998 1.20033
v -1.03552 -0.0844803 1.20236
v -1.03584 -0.0830682 1.19555
v -1.03807 -0.0798447 1.1892
v -1.05651 -0.0594912 1.18427
v -1.05034 -0.0627036 1.18342
v -1.04999 -0.0692106 1.18187
v -1.05664 -0.06474 1.1828
v -1.04385 -0.0668715 1.18534
v -1.04323 -0.0747368 1.18426
v -1.05264 -0.0637376 1.23523
v -1.05817 -0.0600304 1.23587
v -1.0623 -0.0678278 1.24111
v -1.05634 -0.0724919 1.24074
v -1.06439 -0.0557783 1.23368
v -1.06881 -0.0623345 1.23833
v -1.0353 -0.0740662 1.20611
v -1.03601 -0.0730185 1.21205
v -1.03714 -0.0838635 1.21562
v -1.03586 -0.0845591 1.20897
v -1.0381 -0.0720871 1.21823
v -1.03977 -0.0828313 1.22252
v -1.07363 -0.0493255 1.21273
v -1.07265 -0.0499804 1.20726
v -1.07575 -0.0531981 1.20829
v -1.07736 -0.0527418 1.21427
v -1.07087 -0.0512162 1.20145
v -1.07334 -0.0544175 1.20191
v -1.06842 -0.0613612 1.19026
v -1.07271 -0.0589572 1.196
v -1.06319 -0.0645085 1.18555
v -1.05014 -0.0879915 1.24138
v -1.04572 -0.0905522 1.2358
v -1.05506 -0.0846305 1.24548
v -1.08318 -0.0589548 1.23024
v -1.08017 -0.0627181 1.23794
v -1.08367 -0.0569578 1.22257
v -1.03497 -0.0903541 1.19825
v -1.03695 -0.0864202 1.19069
v -1.03517 -0.0924764 1.20614
v -1.05665 -0.0686026 1.18206
v -1.04934 -0.0739332 1.1813
v -1.04219 -0.0804206 1.18454
v -1.06081 -0.0803769 1.24803
v -1.06738 -0.0749904 1.24793
v -1.07439 -0.0685697 1.24428
v -1.03621 -0.0933972 1.21366
v -1.03825 -0.0933211 1.22111
v -1.04159 -0.0923463 1.22876
v -1.08233 -0.0560733 1.21591
v -1.07976 -0.0561612 1.20955
v -1.07649 -0.0571785 1.2027
vt 0 0.1585
vt 0 0.185
vt 0 0.1022
vt 0 0.1907
vt 0 0.1439
vt 0 0.1911
vt 0 0.1627
vt 0 0.1907
vt 0 0.1436
vt 0 0.1437
vt 0 0.1907
vt 0 0.1133
vt 0 0.1914
vt 0 0.1277
vt 0 0.1914
vt 0 0.1437
vt 0 0.1907
vt 0 0.1596
vt 0 0.1436
vt 0 0.1005
vt 0 0.1133
vt 0 0.185
vt 0 0.1598
vt 0 0.1898
vt 0 0.1282
vt 0 0.09654
vt 0 0.1436
vt 0 0.1436
vt 0 0.1898
vt 0 0.1022
vt 0 0.1911
vt 0 0.1275
vt 0 0.1911
vt 0 0.1436
vt 0 0.09683
vt 0 0.09589
vt 0 0.1907
vt 0 0.1591
vt 0 0.1907
vt 0 0.1437
vt 0 0.1898
vt 0 0.09622
vt 0 0.1914
vt 0 0.1277
vt 0 0.1914
vt 0 0.1292
vt 0 0.1898
vt 0 0.1439
vt 0 0.09622
vt 0 0.1911
vt 0 0.1907
vt 0 0.09589
vt 0 0.1911
vt 0 0.1911
vt 0 0.1591
vt 0 0.1898
vt 0 0.1438
vt 0 0.1448
vt 0 0.08662
vt 0 0.09622
vt 0 0.1911
vt 0 0.1448
vt 0 0.2006
vt 0 0.1438
vt 0 0.1911
vt 0 0.1282
vt 0 0.08763
vt 0 0.09654
vt 0 0.1907
vt 0 0.1436
vt 0 0.185
vt 0 0.1437
vt 0 0.185
vt 0 0.09654
vt 0 0.1898
vt 0 0.1596
vt 0 0.1898
vt 0 0.1282
vt 0 0.09622
vt 0 0.1436
vt 0 0.1664
vt 0 0.1662
vt 0 0.09622
vt 0 0.1911
vt 0 0.1918
vt 0 0.191
vt 0 0.1436
vt 0 0.09622
vt 0 0.1436
vt 0 0.1436
vt 0 0.187
vt 0 0.09622
vt 0 0.09644
vt 0 0.1436
vt 0 0.1914
vt 0 0.1434
vt 0 0.1868
vt 0 0.1275
vt 0 0.1902
vt 0 0.1878
vt 0 0.09654
vt 0 0.1914
vt 0 0.2038
vt 0 0.1866
vt 0 0.1589
vt 0 0.191
vt 0 0.1436
vt 0 0.1862
vt 0 0.2037
vt 0 0.09654
vt 0 0.09625
vt 0 0.2046
vt 0 0.123
vt 0 0.2038
vt 0 0.1878
vt 0 0.09622
vt 0 0.09683
vt 0 0.1902
vt 0 0.1448
vt 0 0.1591
vt 0 0.1914
vt 0 0.1436
vt 0 0.1436
vt 0 0.1009
vt 0 0.09589
vt 0 0.1911
vt 0 0.1436
vt 0 0.1905
vt 0 0.1283
vt 0 0.1003
vt 0 0.1591
vt 0 0.09622
vt 0 0.1007
vt 0 0.191
vt 0 0.1589
vt 0 0.191
vt 0 0.1275
vt 0 0.09622
vt 0 0.1911
vt 0 0.1905
vt 0 0.09589
vt 0 0.1907
vt 0 0.1914
vt 0 0.1574
vt 0 0.1914
vt 0 0.1436
vt 0 0.1591
vt 0 0.191
vt 0 0.1907
vt 0 0.1898
vt 0 0.1434
vt 0 0.187
vt 0 0.1436
vt 0 0.1908
vt 0 0.1911
vt 0 0.185
vt 0 0.186
vt 0 0.1911
vt 0 0.09622
vt 0 0.1905
vt 0 0.1295
vt 0 0.1898
vt 0 0.1275
vt 0 0.1907
vt 0 0.09589
vt 0 0.1823
vt 0 0.1436
vt 0 0.1908
vt 0 0.1275
vt 0 0.1436
vt 0 0.1907
vt 0 0.1911
vt 0 0.09654
vt 0 0.1598
vt 0 0.1736
vt 0 0.1436
vt 0 0.1907
vt 0 0.1438
vt 0 0.1914
vt 0 0.09622
vt 0 0.174
vt 0 0.1914
vt 0 0.09654
vt 0 0.1591
vt 0 0.1436
vt 0 0.1864
vt 0 0.1436
vt 0 0.1911
vt 0 0.1907
vt 0 0.1736
vt 0 0.1598
vt 0 0.0975
vt 0 0.1591
vt 0 0.1282
vt 0 0.08763
vt 0 0.1911
vt 0 0.09622
vt 0 0.1598
vt 0 0.1125
vt 0 0.1598
vt 0 0.1911
vt 0 0.1223
vt 0 0.1914
vt 0 0.09589
vt 0 0.1845
vt 0 0.1275
vt 0 0.1589
vt 0 0.1439
vt 0 0.1914
vt 0 0.1898
vt 0 0.1806
vt 0 0.1436
vt 0 0.09675
vt 0 0.1911
vt 0 0.1736
vt 0 0.1275
vt 0 0.174
vt 0 0.1439
vt 0 0.185
vt 0 0.1907
vt 0 0.09622
vt 0 0.1436
vt 0 0.1275
vt 0 0.1898
vt 0 0.1662
vt 0 0.09675
vt 0 0.1911
vt 0 0.1275
vt 0 0.1574
vt 0 0.09709
vt 0 0.1438
vt 0 0.1736
vt 0 0.1911
vt 0 0.1007
vt 0 0.1275
vt 0 0.1121
vt 0 0.185
vt 0 0.1661
vt 0 0.1707
vt 0 0.1907
vt 0 0.1436
vt 0 0.1125
vt 0 0.1845
vt 0 0.185
vt 0 0.09625
vt 0 0.1292
vt 0 0.1243
vt 0 0.1914
vt 0 0.1437
vt 0 0.1436
vt 0 0.08662
vt 0 0.1898
vt 0 0.09625
vt 0 0.16
vt 0 0.1013
vt 0 0.1436
vt 0 0.1277
vt 0 0.1215
vt 0 0.09323
vt 0 0.1898
vt 0 0.1436
vt 0 0.09622
vt 0 0.1598
vt 0 0.185
vt 0 0.09421
vt 0 0.185
vt 0 0.1591
vt 0 0.09589
vt 0 0.1436
vt 0 0.1121
vt 0 0.1898
vt 0 0.1898
vt 0 0.1264
vt 0 0.1892
vt 0 0.1436
vt 0 0.1898
vt 0 0.1907
vt 0 0.09589
vt 0 0.1898
vt 0 0.1436
vt 0 0.1154
vt 0 0.1438
vt 0 0.1907
vt 0 0.1892
vt 0 0.1898
vt 0 0.185
vt 0 0.1437
vt 0 0.1277
vt 0 0.1436
vt 0 0.1914
vt 0 0.1898
vt 0 0.09625
vt 0 0.1437
vt 0 0.1806
vt 0 0.1436
vt 0 0.1911
vt 0 0.1436
vt 0 0.1907
vt 0 0.1902
vt 0 0.163
vt 0 0.1898
vt 0 0.1907
vt 0 0.09589
vt 0 0.1892
vt 0 0.1898
vt 0 0.1007
vt 0 0.1864
vt 0 0.1608
vt 0 0.1845
vt 0 0.1436
vt 0 0.185
vt 0 0.09625
vt 0 0.1911
vt 0 0.1591
vt 0 0.1852
vt 0 0.1436
vt 0 0.1898
vt 0 0.1905
vt 0 0.1282
vt 0 0.185
vt 0 0.1898
vt 0 0.1907
vt 0 0.1436
vt 0 0.1845
vt 0 0.1911
vt 0 0.185
vt 0 0.1282
vt 0 0.1007
vt 0 0.1603
vt 0 0.1907
vt 0 0.1914
vt 0 0.1266
vt 0 0.1911
vt 0 0.1911
vt 0 0.1127
vt 0 0.1661
vt 0 0.09625
vt 0 0.1914
vt 0 0.1148
vt 0 0.1125
vt 0 0.1242
vt 0 0.1651
vt 0 0.09625
vt 0 0.1282
vt 0 0.1907
vt 0 0.1911
vt 0 0.1011
vt 0 0.1911
vt 0 0.1015
vt 0 0.09589
vt 0 0.1282
vt 0 0.1892
vt 0 0.1148
vt 0 0.1907
vt 0 0.1907
vt 0 0.1127
vt 0 0.1438
vt 0 0.09625
vt 0 0.1911
vt 0 0.1011
vt 0 0.0933
vt 0 0.1127
vt 0 0.1436
vt 0 0.09589
vt 0 0.08763
vt 0 0.1148
vt 0 0.1007
vt 0 0.1015
vt 0 0.1437
vt 0 0.1007
vt 0 0.1907
vt 0 0.1266
vt 0 0.1898
vt 0 0.1242
vt 0 0.1215
vt 0 0.09625
vt 0 0.185
vt 0 0.1148
vt 0 0.1898
vt 0 0.1707
vt 0 0.1127
vt 0 0.1214
vt 0 0.09589
vt 0 0.1898
vt 0 0.1257
vt 0 0.1907
vt 0 0.1898
vt 0 0.1242
vt 0 0.1598
vt 0 0.09622
vt 0 0.1907
vt 0 0.1148
vt 0 0.185
vt 0 0.1242
vt 0 0.1436
vt 0 0.09654
vt 0 0.1898
vt 0 0.1591
vt 0 0.1866
vt 0 0.174
vt 0 0.1436
vt 0 0.09622
vt 0 0.1598
vt 0 0.1905
vt 0 0.185
vt 0 0.174
vt 0 0.1898
vt 0 0.1591
vt 0 0.09654
vt 0 0.174
vt 0 0.1902
vt 0 0.185
vt 0 0.1436
vt 0 0.09622
vt 0 0.1905
vt 0 0.185
vt 0 0.191
vt 0 0.174
vt 0 0.1436
vt 0 0.09622
vt 0 0.1864
vt 0 0.174
vt 0 0.1905
vt 0 0.185
vt 0 0.1598
vt 0 0.09589
vt 0 0.1908
vt 0 0.185
vt 0 0.1878
vt 0 0.174
vt 0 0.1902
vt 0 0.09625
vt 0 0.2037
vt 0 0.1591
vt 0 0.123
vt 0 0.174
vt 0 0.2004
vt 0 0.1013
vt 0 0.1598
vt 0 0.1866
vt 0 0.1483
vt 0 0.174
vt 0 0.1868
vt 0 0.1591
vt 0 0.09589
vt 0 0.1914
vt 0 0.1591
vt 0 0.09421
vt 0 0.191
vt 0 0.1914
vt 0 0.09683
vt 0 0.1909
vt 0 0.1589
vt 0 0.1914
vt 0 0.1003
vt 0 0.191
vt 0 0.09926
vt 0 0.1862
vt 0 0.1013
vt 0 0.09589
vt 0 0.1858
vt 0 0.1898
vt 0 0.186
vt 0 0.1909
vt 0 0.1436
vt 0 0.1907
vt 0 0.1436
vt 0 0.1864
vt 0 0.1902
vt 0 0.1909
vt 0 0.1852
vt 0 0.1154
vt 0 0.1858
vt 0 0.1862
vt 0 0.1898
vt 0 0.191
vt 0 0.1907
vt 0 0.1914
vt 0 0.1898
vt 0 0.1909
vt 0 0.1907
vt 0 0.16
vt 0 0.09264
vt 0 0.191
vt 0 0.08763
vt 0 0.1436
vt 0 0.09294
vt 0 0.1437
vt 0 0.08105
vt 0 0.1436
vt 0 0.08733
vt 0 0.1591
vt 0 0.08
vt 0 0.163
vt 0 0.08638
vt 0 0.1607
vt 0 0.08662
vt 0 0.1497
vt 0 0.08105
vt 0 0.1651
vt 0 0.0933
vt 0 0.1436
vt 0 0.09294
vt 0 0.1591
vt 0 0.09323
vt 0 0.1437
vt 0 0.1914
vt 0 0.1902
vt 0 0.09654
vt 0 0.09644
vt 0 0.0975
vt 0 0.09589
vt 0 0.0975
vt 0 0.1282
vt 0 0.1898
vt 0 0.1436
vt 0 0.1013
vt 0 0.1052
vt 0 0.09654
vt 0 0.1009
vt 0 0.0975
vt 0 0.1898
vt 0 0.1022
vt 0 0.09675
vt 0 0.1022
vt 0 0.1282
vt 0 0.185
vt 0 0.09675
vt 0 0.0975
vt 0 0.1866
vt 0 0.0975
vt 0 0.1282
vt 0 0.1911
vt 0 0.1282
vt 0 0.191
vt 0 0.09644
vt 0 0.1022
vt 0 0.09683
vt 0 0.1022
vt 0 0.1907
vt 0 0.0975
vt 0 0.147
vt 0 0.09654
vt 0 0.1704
vt 0 0.1914
vt 0 0.1226
vt 0 0.0975
vt 0 0.1483
vt 0 0.0975
vt 0 0.1862
vt 0 0.1911
vt 0 0.1723
vt 0 0.09654
vt 0 0.09622
vt 0 0.1282
vt 0 0.1436
vt 0 0.1125
vt 0 0.09589
vt 0 0.1273
vt 0 0.09589
vt 0 0.1376
vt 0 0.1436
vt 0 0.1907
vt 0 0.09625
vt 0 0.1249
vt 0 0.09625
vt 0 0.1436
vt 0 0.1282
vt 0 0.1914
vt 0 0.1007
vt 0 0.1436
vt 0 0.09625
vt 0 0.1436
vt 0 0.1436
vt 0 0.1007
vt 0 0.1436
vt 0 0.09589
vt 0 0.1591
vt 0 0.1911
vt 0 0.1907
vt 0 0.1273
vt 0 0.09589
vt 0 0.1266
vt 0 0.1591
vt 0 0.1052
vt 0 0.09625
vt 0 0.1497
vt 0 0.1436
vt 0 0.09625
vt 0 0.1007
vt 0 0.1664
vt 0 0.1436
vt 0 0.09625
vt 0 0.09625
vt 0 0.1436
vt 0 0.1591
vt 0 0.09625
vt 0 0.1591
vt 0 0.1007
vt 0 0.1436
vt 0 0.09589
vt 0 0.1282
vt 0 0.1951
vt 0 0.1438
vt 0 0.09622
vt 0 0.1436
vt 0 0.1911
vt 0 0.09622
vt 0 0.1436
vt 0 0.09589
vt 0 0.1947
vt 0 0.123
vt 0 0.09622
vt 0 0.1282
vt 0 0.09622
vt 0 0.09654
vt 0 0.158
vt 0 0.09654
vt 0 0.1576
vt 0 0.09622
vt 0 0.09654
vt 0 0.1575
vt 0 0.1911
vt 0 0.1579
vt 0 0.1942
vt 0 0.09622
vt 0 0.1627
vt 0 0.1576
vt 0 0.09654
vt 0 0.1553
vt 0 0.1553
vt 0 0.1575
vt 0 0.1438
vt 0 0.2009
vt 0 0.1575
vt 0 0.2004
vt 0 0.1376
vt 0 0.2063
vt 0 0.2029
vt 0 0.2093
vt 0 0.203
vt 0 0.1553
vt 0 0.08638
vt 0 0.08614
vt 0 0.1553
vt 0 0.07964
vt 0 0.1575
vt 0 0.07982
vt 0 0.08662
vt 0 0.1579
vt 0 0.08638
vt 0 0.07982
vt 0 0.1575
vt 0 0.08638
vt 0 0.1575
vt 0 0.08
vt 0 0.1579
vt 0 0.1236
vt 0 0.1894
vt 0 0.08614
vt 0 0.1314
vt 0 0.1223
vt 0 0.1942
vt 0 0.1142
vt 0 0.1648
vt 0 0.2012
vt 0 0.1314
vt 0 0.2069
vt 0 0.1865
vt 0 0.2008
vt 0 0.1868
vt 0 0.2006
vt 0 0.1364
vt 0 0.1947
vt 0 0.1652
vt 0 0.1944
vt 0 0.2029
vt 0 0.2006
vt 0 0.1328
vt 0 0.2009
vt 0 0.1865
vt 0 0.2012
vt 0 0.2012
vt 0 0.1223
vt 0 0.2029
vt 0 0.1944
vt 0 0.2077
vt 0 0.1223
vt 0 0.1868
vt 0 0.2069
vt 0 0.1328
vt 0 0.1941
vt 0 0.1951
vt 0 0.1292
vt 0 0.2006
vt 0 0.1154
vt 0 0.127
vt 0 0.2007
vt 0 0.1142
vt 0 0.2075
vt 0 0.2077
vt 0 0.2009
vt 0 0.1223
vt 0 0.2046
vt 0 0.1436
vt 0 0.2098
vt 0 0.1436
vt 0 0.2009
vt 0 0.1154
vt 0 0.2093
vt 0 0.1249
vt 0 0.2038
vt 0 0.2007
vt 0 0.1052
vt 0 0.1436
vt 0 0.2098
vt 0 0.2073
vt 0 0.1193
vt 0 0.1275
vt 0 0.2075
vt 0 0.124
vt 0 0.2106
vt 0 0.2012
vt 0 0.1107
vt 0 0.1093
vt 0 0.1868
vt 0 0.2073
vt 0 0.124
vt 0 0.2073
vt 0 0.1871
vt 0 0.2075
vt 0 0.08433
vt 0 0.2077
vt 0 0.08425
vt 0 0.1236
vt 0 0.2108
vt 0 0.2106
vt 0 0.1657
vt 0 0.2063
vt 0 0.1868
vt 0 0.1142
vt 0 0.2102
vt 0 0.2104
vt 0 0.1871
vt 0 0.2102
vt 0 0.1107
vt 0 0.2093
vt 0 0.1107
vt 0 0.2108
vt 0 0.1652
vt 0 0.2038
vt 0 0.1142
vt 0 0.2109
vt 0 0.1052
vt 0 0.2093
vt 0 0.1009
vt 0 0.2102
vt 0 0.07775
vt 0 0.2102
vt 0 0.1093
vt 0 0.2046
vt 0 0.0777
vt 0 0.2098
vt 0 0.1009
vt 0 0.2041
vt 0 0.1005
vt 0 0.1107
vt 0 0.2034
vt 0 0.2104
vt 0 0.1009
vt 0 0.2097
vt 0 0.2096
vt 0 0.07667
vt 0 0.2105
vt 0 0.0777
vt 0 0.1003
vt 0 0.2041
vt 0 0.2104
vt 0 0.07775
vt 0 0.1356
vt 0 0.2096
vt 0 0.2075
vt 0 0.1313
vt 0 0.2106
vt 0 0.07669
vt 0 0.2105
vt 0 0.1227
vt 0 0.2104
vt 0 0.1323
vt 0 0.2037
vt 0 0.2109
vt 0 0.1313
vt 0 0.2096
vt 0 0.2101
vt 0 0.07654
vt 0 0.07747
vt 0 0.07639
vt 0 0.07758
vt 0 0.1241
vt 0 0.2108
vt 0 0.2106
vt 0 0.08431
vt 0 0.2106
vt 0 0.08454
vt 0 0.1152
vt 0 0.2097
vt 0 0.1227
vt 0 0.2106
vt 0 0.2108
vt 0 0.1228
vt 0 0.2106
vt 0 0.1009
vt 0 0.1227
vt 0 0.2108
vt 0 0.2097
vt 0 0.1005
vt 0 0.1152
vt 0 0.2098
vt 0 0.1065
vt 0 0.2109
vt 0 0.1223
vt 0 0.2106
vt 0 0.1163
vt 0 0.2097
vt 0 0.1005
vt 0 0.2109
vt 0 0.1323
vt 0 0.2108
vt 0 0.08431
vt 0 0.2106
vt 0 0.08388
vt 0 0.2108
vt 0 0.1227
vt 0 0.08367
vt 0 0.0999
vt 0 0.07719
vt 0 0.1005
vt 0 0.2108
vt 0 0.1163
vt 0 0.0772
vt 0 0.1223
vt 0 0.08371
vt 0 0.2109
vt 0 0.1295
vt 0 0.0999
vt 0 0.07719
vt 0 0.2109
vt 0 0.1675
vt 0 0.1215
vt 0 0.2108
vt 0 0.1625
vt 0 0.07639
vt 0 0.2106
vt 0 0.1755
vt 0 0.2108
vt 0 0.1774
vt 0 0.07775
vt 0 0.07639
vt 0 0.1625
vt 0 0.0772
vt 0 0.08433
vt 0 0.08373
vt 0 0.08435
vt 0 0.0772
vt 0 0.1626
vt 0 0.07639
vt 0 0.07776
vt 0 0.07654
vt 0 0.07775
vt 0 0.0772
vt 0 0.1716
vt 0 0.07654
vt 0 0.07669
vt 0 0.07639
vt 0 0.07639
vt 0 0.1755
vt 0 0.07776
vt 0 0.07654
vt 0 0.07639
vt 0 0.1755
vt 0 0.07669
vt 0 0.0772
vt 0 0.1716
vt 0 0.07669
vt 0 0.08371
vt 0 0.1806
vt 0 0.0772
vt 0 0.1852
vt 0 0.07662
vt 0 0.07654
vt 0 0.1774
vt 0 0.08652
vt 0 0.07758
vt 0 0.08037
vt 0 0.08425
vt 0 0.07759
vt 0 0.0777
vt 0 0.2101
vt 0 0.2108
vt 0 0.1755
vt 0 0.2106
vt 0 0.2037
vt 0 0.08373
vt 0 0.08406
vt 0 0.07669
vt 0 0.08388
vt 0 0.2106
vt 0 0.1852
vt 0 0.07654
vt 0 0.2101
vt 0 0.2108
vt 0 0.1864
vt 0 0.2096
vt 0 0.2109
vt 0 0.07759
vt 0 0.07658
vt 0 0.07669
vt 0 0.07747
vt 0 0.2101
vt 0 0.2108
vt 0 0.1679
vt 0 0.203
vt 0 0.07654
vt 0 0.0975
vt 0 0.1226
vt 0 0.1647
vt 0 0.1443
vt 0 0.09654
vt 0 0.2109
vt 0 0.1872
vt 0 0.2108
vt 0 0.1871
vt 0 0.203
vt 0 0.1777
vt 0 0.2109
vt 0 0.07639
vt 0 0.07669
vt 0 0.2096
vt 0 0.1779
vt 0 0.0999
vt 0 0.07654
vt 0 0.1647
vt 0 0.2108
vt 0 0.1215
vt 0 0.07982
vt 0 0.2102
vt 0 0.07695
vt 0 0.2102
vt 0 0.1675
vt 0 0.07654
vt 0 0.07639
vt 0 0.07662
vt 0 0.08406
vt 0 0.07667
vt 0 0.1774
vt 0 0.0768
vt 0 0.07695
vt 0 0.0777
vt 0 0.07964
vt 0 0.07758
vt 0 0.1777
vt 0 0.07759
vt 0 0.1777
vt 0 0.07669
vt 0 0.07654
vt 0 0.07758
vt 0 0.0768
vt 0 0.08406
vt 0 0.1774
vt 0 0.07759
vt 0 0.07654
vt 0 0.1864
vt 0 0.08037
vt 0 0.1868
vt 0 0.0768
vt 0 0.07776
vt 0 0.1264
vt 0 0.1779
vt 0 0.1651
vt 0 0.07669
vt 0 0.2096
vt 0 0.2102
vt 0 0.2096
vt 0 0.2109
vt 0 0.1212
vt 0 0.07765
vt 0 0.1777
vt 0 0.2109
vt 0 0.09961
vt 0 0.203
vt 0 0.2102
vt 0 0.07982
vt 0 0.2109
vt 0 0.08388
vt 0 0.08431
vt 0 0.1868
vt 0 0.2108
vt 0 0.0999
vt 0 0.2096
vt 0 0.2109
vt 0 0.0771
vt 0 0.2039
vt 0 0.07754
vt 0 0.187
vt 0 0.07695
vt 0 0.07765
vt 0 0.1241
vt 0 0.08368
vt 0 0.2096
vt 0 0.2102
vt 0 0.0768
vt 0 0.09961
vt 0 0.08454
vt 0 0.1246
vt 0 0.2108
vt 0 0.08
vt 0 0.204
vt 0 0.2107
vt 0 0.1117
vt 0 0.07695
vt 0 0.2108
vt 0 0.1152
vt 0 0.0771
vt 0 0.07776
vt 0 0.1282
vt 0 0.1246
vt 0 0.1295
vt 0 0.07669
vt 0 0.2108
vt 0 0.1872
vt 0 0.2106
vt 0 0.1873
vt 0 0.08435
vt 0 0.11
vt 0 0.1198
vt 0 0.1857
vt 0 0.07776
vt 0 0.2106
vt 0 0.2102
vt 0 0.2106
vt 0 0.2039
vt 0 0.08435
vt 0 0.09219
vt 0 0.1099
vt 0 0.2032
vt 0 0.2096
vt 0 0.2037
vt 0 0.1058
vt 0 0.1117
vt 0 0.07776
vt 0 0.2106
vt 0 0.2109
vt 0 0.2096
vt 0 0.07776
vt 0 0.11
vt 0 0.1117
vt 0 0.1874
vt 0 0.07669
vt 0 0.2108
vt 0 0.2101
vt 0 0.2106
vt 0 0.2101
vt 0 0.09788
vt 0 0.1099
vt 0 0.2096
vt 0 0.2008
vt 0 0.1009
vt 0 0.203
vt 0 0.1857
vt 0 0.1021
vt 0 0.2106
vt 0 0.203
vt 0 0.2109
vt 0 0.1152
vt 0 0.08367
vt 0 0.1661
vt 0 0.07719
vt 0 0.1884
vt 0 0.07639
vt 0 0.1884
vt 0 0.08435
vt 0 0.1133
vt 0 0.1117
vt 0 0.1163
vt 0 0.07776
vt 0 0.08365
vt 0 0.2109
vt 0 0.203
vt 0 0.1022
vt 0 0.1021
vt 0 0.2108
vt 0 0.08435
vt 0 0.1133
vt 0 0.1065
vt 0 0.1028
vt 0 0.07776
vt 0 0.07719
vt 0 0.1659
vt 0 0.2109
vt 0 0.1872
vt 0 0.07776
vt 0 0.1133
vt 0 0.1198
vt 0 0.1137
vt 0 0.2108
vt 0 0.1873
vt 0 0.1022
vt 0 0.1226
vt 0 0.2108
vt 0 0.1065
vt 0 0.1096
vt 0 0.07669
vt 0 0.07639
vt 0 0.1163
vt 0 0.1099
vt 0 0.2108
vt 0 0.2034
vt 0 0.07719
vt 0 0.1226
vt 0 0.07639
vt 0 0.203
vt 0 0.07654
vt 0 0.2101
vt 0 0.07654
vt 0 0.2101
vt 0 0.1193
vt 0 0.07639
vt 0 0.07719
vt 0 0.1093
vt 0 0.07654
vt 0 0.07654
vt 0 0.1661
vt 0 0.08366
vt 0 0.1675
vt 0 0.1096
vt 0 0.07639
vt 0 0.07639
vt 0 0.1873
vt 0 0.1096
vt 0 0.07719
vt 0 0.1093
vt 0 0.07669
vt 0 0.07654
vt 0 0.1873
vt 0 0.07639
vt 0 0.1003
vt 0 0.1005
vt 0 0.07719
vt 0 0.07669
vt 0 0.1099
vt 0 0.2109
vt 0 0.07654
vt 0 0.2101
vt 0 0.07639
vt 0 0.2101
vt 0 0.07654
vt 0 0.2037
vt 0 0.07669
vt 0 0.2037
vt 0 0.07669
vt 0 0.2109
vt 0 0.07654
vt 0 0.1096
vt 0 0.2096
vt 0 0.203
vt 0 0.1005
vt 0 0.203
vt 0 0.2096
vt 0 0.1009
vt 0 0.1523
vt 0 0.2096
vt 0 0.1569
vt 0 0.2107
vt 0 0.1658
vt 0 0.1556
vt 0 0.1569
vt 0 0.2096
vt 0 0.0772
vt 0 0.1643
vt 0 0.2096
vt 0 0.1735
vt 0 0.2106
vt 0 0.07639
vt 0 0.2107
vt 0 0.1658
vt 0 0.08406
vt 0 0.1658
vt 0 0.1735
vt 0 0.2106
vt 0 0.0772
vt 0 0.1823
vt 0 0.1722
vt 0 0.2109
vt 0 0.1556
vt 0 0.2029
vt 0 0.1659
vt 0 0.2096
vt 0 0.1872
vt 0 0.2096
vt 0 0.203
vt 0 0.1193
vt 0 0.1658
vt 0 0.0975
vt 0 0.2106
vt 0 0.09654
vt 0 0.1314
vt 0 0.1722
vt 0 0.124
vt 0 0.2109
vt 0 0.1657
vt 0 0.1436
vt 0 0.1585
vt 0 0.2108
vt 0 0.2029
vt 0 0.1364
vt 0 0.2096
vt 0 0.1871
vt 0 0.2107
vt 0 0.1872
vt 0 0.2096
vt 0 0.1872
vt 0 0.1443
vt 0 0.2096
vt 0 0.2106
vt 0 0.203
vt 0 0.1443
vt 0 0.2107
vt 0 0.1328
vt 0 0.2108
vt 0 0.2107
vt 0 0.1443
vt 0 0.2107
vt 0 0.203
vt 0 0.2108
vt 0 0.1872
vt 0 0.2096
vt 0 0.1659
vt 0 0.1523
vt 0 0.2029
vt 0 0.1556
vt 0 0.2096
vt 0 0.2107
vt 0 0.203
vt 0 0.1443
vt 0 0.2096
vt 0 0.1872
vt 0 0.2108
vt 0 0.1443
vt 0 0.203
vt 0 0.1659
vt 0 0.2107
vt 0 0.1556
vt 0 0.2109
vt 0 0.2108
vt 0 0.1585
vt 0 0.1439
vt 0 0.1328
vt 0 0.2109
vt 0 0.2096
vt 0 0.1443
vt 0 0.2107
vt 0 0.2106
vt 0 0.1439
vt 0 0.203
vt 0 0.1292
vt 0 0.2108
vt 0 0.1626
vt 0 0.2109
vt 0 0.07964
vt 0 0.155
vt 0 0.1022
vt 0 0.1314
vt 0 0.1637
vt 0 0.1634
vt 0 0.0975
vt 0 0.07643
vt 0 0.09961
vt 0 0.0765
vt 0 0.08368
vt 0 0.1716
vt 0 0.08365
vt 0 0.07754
vt 0 0.155
vt 0 0.0765
vt 0 0.07654
vt 0 0.09961
vt 0 0.08388
vt 0 0.09957
vt 0 0.1022
vt 0 0.1364
vt 0 0.1503
vt 0 0.1523
vt 0 0.1569
vt 0 0.1539
vt 0 0.0975
vt 0 0.07754
vt 0 0.09957
vt 0 0.07754
vt 0 0.1436
vt 0 0.1637
vt 0 0.0765
vt 0 0.1212
vt 0 0.07654
vt 0 0.1637
vt 0 0.07654
vt 0 0.1211
vt 0 0.07667
vt 0 0.1214
vt 0 0.07654
vt 0 0.1212
vt 0 0.1539
vt 0 0.07658
vt 0 0.07654
vt 0 0.1574
vt 0 0.07731
vt 0 0.1707
vt 0 0.07654
vt 0 0.09962
vt 0 0.07662
vt 0 0.1716
vt 0 0.07654
vt 0 0.07662
vt 0 0.09972
vt 0 0.1637
vt 0 0.0765
vt 0 0.1707
vt 0 0.07654
vt 0 0.1806
vt 0 0.1503
vt 0 0.07654
vt 0 0.2109
vt 0 0.09978
vt 0 0.0764
vt 0 0.09962
vt 0 0.143
vt 0 0.08368
vt 0 0.2034
vt 0 0.08367
vt 0 0.07721
vt 0 0.08371
vt 0 0.1431
vt 0 0.07731
vt 0 0.2108
vt 0 0.09972
vt 0 0.07721
vt 0 0.08373
vt 0 0.1539
vt 0 0.0764
vt 0 0.21
vt 0 0.1313
vt 0 0.143
vt 0 0.124
vt 0 0.2109
vt 0 0.07654
vt 0 0.1214
vt 0 0.07719
vt 0 0.09972
vt 0 0.1356
vt 0 0.2108
vt 0 0.09972
vt 0 0.07719
vt 0 0.1323
vt 0 0.08388
vt 0 0.08371
vt 0 0.08368
vt 0 0.1431
vt 0 0.07721
vt 0 0.1214
vt 0 0.07654
vt 0 0.1431
vt 0 0.07654
vt 0 0.09978
vt 0 0.07669
vt 0 0.09957
vt 0 0.07669
vt 0 0.1212
vt 0 0.2097
vt 0 0.1241
vt 0 0.1323
vt 0 0.1198
vt 0 0.08365
vt 0 0.1226
vt 0 0.1295
vt 0 0.2105
vt 0 0.07667
vt 0 0.07643
vt 0 0.1436
vt 0 0.1434
vt 0 0.1211
vt 0 0.07654
vt 0 0.1539
vt 0 0.09589
vt 0 0.09622
vt 0 0.09957
vt 0 0.09589
vt 0 0.09957
vt 0 0.1431
vt 0 0.0764
vt 0 0.09957
vt 0 0.07654
vt 0 0.1434
vt 0 0.07654
vt 0 0.1574
vt 0 0.07669
vt 0 0.08365
vt 0 0.07654
vt 0 0.1436
vt 0 0.07639
vt 0 0.09622
vt 0 0.08366
vt 0 0.1507
vt 0 0.09622
vt 0 0.1508
vt 0 0.09654
vt 0 0.1436
vt 0 0.2109
vt 0 0.1598
vt 0 0.1507
vt 0 0.09654
vt 0 0.21
vt 0 0.1282
vt 0 0.1212
vt 0 0.09622
vt 0 0.09957
vt 0 0.21
vt 0 0.1752
vt 0 0.1559
vt 0 0.09622
vt 0 0.21
vt 0 0.1282
vt 0 0.1212
vt 0 0.09589
vt 0 0.08367
vt 0 0.2109
vt 0 0.186
vt 0 0.1568
vt 0 0.09654
vt 0 0.2035
vt 0 0.1133
vt 0 0.09962
vt 0 0.2035
vt 0 0.09962
vt 0 0.1508
vt 0 0.1722
vt 0 0.1585
vt 0 0.1884
vt 0 0.1596
vt 0 0.1675
vt 0 0.21
vt 0 0.1752
vt 0 0.1508
vt 0 0.09622
vt 0 0.1874
vt 0 0.08366
vt 0 0.1866
vt 0 0.1568
vt 0 0.2035
vt 0 0.1133
vt 0 0.09957
vt 0 0.2032
vt 0 0.1022
vt 0 0.1607
vt 0 0.1877
vt 0 0.1133
vt 0 0.1497
vt 0 0.1662
vt 0 0.1436
vt 0 0.1661
vt 0 0.09622
vt 0 0.1508
vt 0 0.1874
vt 0 0.09654
vt 0 0.1497
vt 0 0.1661
vt 0 0.09589
vt 0 0.1877
vt 0 0.1436
vt 0 0.2035
vt 0 0.1598
vt 0 0.1586
vt 0 0.1246
vt 0 0.21
vt 0 0.1223
vt 0 0.07776
vt 0 0.1243
vt 0 0.08435
vt 0 0.1582
vt 0 0.09622
vt 0 0.1592
vt 0 0.1874
vt 0 0.1595
vt 0 0.1058
vt 0 0.1582
vt 0 0.1941
vt 0 0.07776
vt 0 0.1807
vt 0 0.07669
vt 0 0.188
vt 0 0.07669
vt 0 0.2032
vt 0 0.1752
vt 0 0.1559
vt 0 0.1866
vt 0 0.1058
vt 0 0.08435
vt 0 0.2097
vt 0 0.1866
vt 0 0.1568
vt 0 0.1752
vt 0 0.1243
vt 0 0.1752
vt 0 0.1592
vt 0 0.1762
vt 0 0.1592
vt 0 0.1862
vt 0 0.07776
vt 0 0.1664
vt 0 0.2101
vt 0 0.1627
vt 0 0.2109
vt 0 0.1568
vt 0 0.1762
vt 0 0.1017
vt 0 0.07776
vt 0 0.1607
vt 0 0.1603
vt 0 0.1631
vt 0 0.08652
vt 0 0.2101
vt 0 0.1627
vt 0 0.1595
vt 0 0.1807
vt 0 0.2109
vt 0 0.1807
vt 0 0.1592
vt 0 0.1941
vt 0 0.1631
vt 0 0.1807
vt 0 0.1616
vt 0 0.1313
vt 0 0.1282
vt 0 0.07719
vt 0 0.2036
vt 0 0.1282
vt 0 0.2101
vt 0 0.1291
vt 0 0.1022
vt 0 0.1133
vt 0 0.2037
vt 0 0.1022
vt 0 0.1569
vt 0 0.1281
vt 0 0.1625
vt 0 0.0975
vt 0 0.1752
vt 0 0.2109
vt 0 0.1133
vt 0 0.2101
vt 0 0.1305
vt 0 0.08366
vt 0 0.2037
vt 0 0.1282
vt 0 0.1291
vt 0 0.1133
vt 0 0.2101
vt 0 0.1282
vt 0 0.1287
vt 0 0.1862
vt 0 0.07719
vt 0 0.2101
vt 0 0.1133
vt 0 0.2101
vt 0 0.1279
vt 0 0.1022
vt 0 0.1281
vt 0 0.2106
vt 0 0.1133
vt 0 0.2037
vt 0 0.2109
vt 0 0.1862
vt 0 0.1281
vt 0 0.1752
vt 0 0.1598
vt 0 0.07776
vt 0 0.1752
vt 0 0.0771
vt 0 0.0975
vt 0 0.1643
vt 0 0.1279
vt 0 0.1634
vt 0 0.1022
vt 0 0.1746
vt 0 0.1746
vt 0 0.2101
vt 0 0.1647
vt 0 0.1257
vt 0 0.1022
vt 0 0.1436
vt 0 0.1242
vt 0 0.16
vt 0 0.1305
vt 0 0.08435
vt 0 0.07669
vt 0 0.1003
vt 0 0.07776
vt 0 0.1752
vt 0 0.08435
vt 0 0.1281
vt 0 0.1865
vt 0 0.1242
vt 0 0.1752
vt 0 0.16
vt 0 0.07817
vt 0 0.1266
vt 0 0.1752
vt 0 0.1559
vt 0 0.08435
vt 0 0.1866
vt 0 0.08472
vt 0 0.1002
vt 0 0.07817
vt 0 0.1507
vt 0 0.1218
vt 0 0.1002
vt 0 0.1508
vt 0 0.1568
vt 0 0.1507
vt 0 0.1226
vt 0 0.1133
vt 0 0.08
vt 0 0.1003
vt 0 0.08105
vt 0 0.1436
vt 0 0.1003
vt 0 0.08435
vt 0 0.08472
vt 0 0.1133
vt 0 0.1436
vt 0 0.1003
vt 0 0.2004
vt 0 0.0771
vt 0 0.1022
vt 0 0.08733
vt 0 0.1508
vt 0 0.1022
vt 0 0.08105
vt 0 0.1133
vt 0 0.1508
vt 0 0.1137
vt 0 0.1436
vt 0 0.1226
vt 0 0.1133
vt 0 0.07817
vt 0 0.1028
vt 0 0.07817
vt 0 0.1436
vt 0 0.1133
vt 0 0.1497
vt 0 0.1282
vt 0 0.1568
vt 0 0.1283
vt 0 0.1003
vt 0 0.0975
vt 0 0.1647
vt 0 0.1508
vt 0 0.143
vt 0 0.09654
vt 0 0.1282
vt 0 0.08435
vt 0 0.1133
vt 0 0.08435
vt 0 0.1497
vt 0 0.1137
vt 0 0.123
vt 0 0.1607
vt 0 0.08435
vt 0 0.1436
vt 0 0.1366
vt 0 0.1283
vt 0 0.1003
vt 0 0.1364
vt 0 0.1137
vt 0 0.1436
vt 0 0.07776
vt 0 0.1282
vt 0 0.1366
vt 0 0.08472
vt 0 0.1006
vt 0 0.07776
vt 0 0.1003
vt 0 0.07669
vt 0 0.1675
vt 0 0.1313
vt 0 0.0975
vt 0 0.1022
vt 0 0.07776
vt 0 0.1282
vt 0 0.09654
vt 0 0.155
vt 0 0.1305
vt 0 0.1625
vt 0 0.1436
vt 0 0.1364
vt 0 0.1133
vt 0 0.07669
vt 0 0.08435
vt 0 0.1364
vt 0 0.1024
vt 0 0.123
vt 0 0.2109
vt 0 0.1006
vt 0 0.2109
vt 0 0.1305
vt 0 0.1003
vt 0 0.07776
vt 0 0.1022
vt 0 0.1266
vt 0 0.123
vt 0 0.1376
vt 0 0.1133
vt 0 0.1436
vt 0 0.1022
vt 0 0.1133
vt 0 0.21
vt 0 0.1022
vt 0 0.2101
vt 0 0.1364
vt 0 0.08472
vt 0 0.1227
vt 0 0.2101
vt 0 0.1376
vt 0 0.1006
vt 0 0.21
vt 0 0.1227
vt 0 0.1436
vt 0 0.1006
vt 0 0.2036
vt 0 0.1024
vt 0 0.1314
vt 0 0.08733
vt 0 0.1133
vt 0 0.2035
vt 0 0.1366
vt 0 0.1133
vt 0 0.1365
vt 0 0.1282
vt 0 0.1305
vt 0 0.1366
vt 0 0.07643
vt 0 0.1282
vt 0 0.1436
vt 0 0.07731
vt 0 0.1133
vt 0 0.1436
vt 0 0.07721
vt 0 0.07639
vt 0 0.1365
vt 0 0.1022
vt 0 0.1365
vt 0 0.07643
vt 0 0.1133
vt 0 0.1749
vt 0 0.1436
vt 0 0.1436
vt 0 0.1376
vt 0 0.1705
vt 0 0.1596
vt 0 0.1305
vt 0 0.1866
vt 0 0.1752
vt 0 0.1884
vt 0 0.1752
vt 0 0.1905
vt 0 0.1365
vt 0 0.186
vt 0 0.1905
vt 0 0.1749
vt 0 0.1376
vt 0 0.1749
vt 0 0.1749
vt 0 0.1266
vt 0 0.2041
vt 0 0.1866
vt 0 0.1287
vt 0 0.1752
vt 0 0.1598
vt 0 0.1918
vt 0 0.1752
vt 0 0.2046
vt 0 0.1291
vt 0 0.1598
vt 0 0.1752
vt 0 0.1823
vt 0 0.2034
vt 0 0.1281
vt 0 0.1279
vt 0 0.1722
vt 0 0.1598
vt 0 0.1291
vt 0 0.1313
vt 0 0.1905
vt 0 0.1436
vt 0 0.1705
vt 0 0.143
vt 0 0.1723
vt 0 0.1314
vt 0 0.1752
vt 0 0.1866
vt 0 0.2041
vt 0 0.1598
vt 0 0.1305
vt 0 0.1281
vt 0 0.1752
vt 0 0.1281
vt 0 0.1356
vt 0 0.1752
vt 0 0.1905
vt 0 0.1866
vt 0 0.1918
vt 0 0.1305
vt 0 0.155
vt 0 0.1503
vt 0 0.1266
vt 0 0.1242
vt 0 0.1279
vt 0 0.1281
vt 0 0.1626
vt 0 0.1133
vt 0 0.1242
vt 0 0.1133
vt 0 0.1257
vt 0 0.1436
vt 0 0.1559
vt 0 0.1582
vt 0 0.1679
vt 0 0.1865
vt 0 0.1592
vt 0 0.1436
vt 0 0.1607
vt 0 0.1568
vt 0 0.1582
vt 0 0.1586
vt 0 0.1443
vt 0 0.08431
vt 0 0.1595
vt 0 0.1436
vt 0 0.1592
vt 0 0.07731
vt 0 0.1592
vt 0 0.1595
vt 0 0.1236
vt 0 0.2108
vt 0 0.1616
vt 0 0.2108
vt 0 0.1631
vt 0 0.1436
vt 0 0.1568
vt 0 0.1592
vt 0 0.1246
vt 0 0.07654
vt 0 0.1631
vt 0 0.1436
vt 0 0.1607
vt 0 0.0764
vt 0 0.1436
vt 0 0.1503
vt 0 0.1436
vt 0 0.1058
vt 0 0.1504
vt 0 0.09219
vt 0 0.1436
vt 0 0.1017
vt 0 0.1503
vt 0 0.1436
vt 0 0.1598
vt 0 0.1553
vt 0 0.1483
vt 0 0.1437
vt 0 0.1752
vt 0 0.1243
vt 0 0.1598
vt 0 0.1282
vt 0 0.1866
vt 0 0.1591
vt 0 0.1752
vt 0 0.1436
vt 0 0.1598
vt 0 0.1283
vt 0 0.1866
vt 0 0.1437
vt 0 0.1752
vt 0 0.1223
vt 0 0.1752
vt 0 0.1436
vt 0 0.1752
vt 0 0.1591
vt 0 0.123
vt 0 0.1436
vt 0 0.1556
vt 0 0.147
vt 0 0.1227
vt 0 0.2032
vt 0 0.09654
vt 0 0.2097
vt 0 0.1504
vt 0 0.1483
vt 0 0.1723
vt 0 0.2069
vt 0 0.1914
vt 0 0.2008
vt 0 0.1504
vt 0 0.1704
vt 0 0.2105
vt 0 0.191
vt 0 0.1556
vt 0 0.147
vt 0 0.147
vt 0 0.2097
vt 0 0.191
vt 0 0.2069
vt 0 0.1559
vt 0 0.1704
vt 0 0.1664
vt 0 0.1723
vt 0 0.1911
vt 0 0.2077
vt 0 0.1507
vt 0 0.1914
vt 0 0.1436
vt 0 0.1448
vt 0 0.1908
vt 0 0.1918
vt 0 0.1504
vt 0 0.1905
vt 0 0.1507
vt 0 0.1227
vt 0 0.1902
vt 0 0.09709
vt 0 0.1436
vt 0 0.1009
vt 0 0.158
vt 0 0.147
vt 0 0.1005
vt 0 0.1704
vt 0 0.1576
vt 0 0.09644
vt 0 0.1931
vt 0 0.1212
vt 0 0.1578
vt 0 0.147
vt 0 0.188
vt 0 0.1705
vt 0 0.1941
vt 0 0.1437
vt 0 0.1582
vt 0 0.1877
vt 0 0.1997
vt 0 0.1662
vt 0 0.1576
vt 0 0.1705
vt 0 0.2007
vt 0 0.147
vt 0 0.1997
vt 0 0.1438
vt 0 0.1553
vt 0 0.1662
vt 0 0.1941
vt 0 0.1437
vt 0 0.1555
vt 0 0.1448
vt 0 0.1931
vt 0 0.1675
vt 0 0.09998
vt 0 0.1662
vt 0 0.1578
vt 0 0.1218
vt 0 0.1017
vt 0 0.2035
vt 0 0.1578
vt 0 0.147
vt 0 0.1223
vt 0 0.1226
vt 0 0.1215
vt 0 0.1877
vt 0 0.1555
vt 0 0.1448
vt 0 0.1877
vt 0 0.1559
vt 0 0.2035
vt 0 0.1582
vt 0 0.1877
vt 0 0.1582
vt 0 0.1662
vt 0 0.1578
vt 0 0.1582
vt 0 0.1437
vt 0 0.1878
vt 0 0.09998
vt 0 0.1437
vt 0 0.1017
vt 0 0.1586
vt 0 0.2036
vt 0 0.1662
vt 0 0.1215
vt 0 0.1662
vt 0 0.08406
vt 0 0.1319
vt 0 0.1878
vt 0 0.191
vt 0 0.1214
vt 0 0.1437
vt 0 0.09998
vt 0 0.1297
vt 0 0.1877
vt 0 0.1866
vt 0 0.09978
vt 0 0.1211
vt 0 0.08373
vt 0 0.1295
vt 0 0.1662
vt 0 0.09978
vt 0 0.1212
vt 0 0.1317
vt 0 0.1437
vt 0 0.1297
vt 0 0.2037
vt 0 0.08406
vt 0 0.1437
vt 0 0.1293
vt 0 0.1212
vt 0 0.1291
vt 0 0.1877
vt 0 0.09998
vt 0 0.1212
vt 0 0.1295
vt 0 0.1437
vt 0 0.1295
vt 0 0.1662
vt 0 0.08652
vt 0 0.1662
vt 0 0.1291
vt 0 0.1437
vt 0 0.1287
vt 0 0.1877
vt 0 0.1437
vt 0 0.1291
vt 0 0.1662
vt 0 0.1662
vt 0 0.1317
vt 0 0.2035
vt 0 0.1662
vt 0 0.1295
vt 0 0.1877
vt 0 0.1878
vt 0 0.1291
vt 0 0.2036
vt 0 0.1313
vt 0 0.1553
vt 0 0.1877
vt 0 0.1503
vt 0 0.1504
vt 0 0.1877
vt 0 0.1555
vt 0 0.1503
vt 0 0.1662
vt 0 0.1436
vn -0.3486 0.6349 -0.6894
vn -0.1587 0.7476 -0.6449
vn -0.06558 0.61 -0.7897
vn -0.2397 0.5122 -0.8247
vn -0.02643 0.7835 -0.6207
vn 0.05741 0.6428 -0.7638
vn 0.1181 0.4994 -0.8583
vn 0.01617 0.4733 -0.8807
vn -0.1323 0.4003 -0.9068
vn 0.515 -0.8571 -0.002441
vn 0.3594 -0.9326 -0.03174
vn 0.3768 -0.8959 -0.2352
vn 0.5289 -0.8238 -0.2038
vn 0.207 -0.9761 -0.06574
vn 0.2353 -0.9342 -0.2682
vn 0.2571 -0.861 -0.4387
vn 0.3814 -0.8291 -0.4089
vn 0.5169 -0.7676 -0.3789
vn 0.1964 -0.9649 -0.174
vn 0.3415 -0.9305 -0.1321
vn 0.289 -0.4411 -0.8497
vn 0.2824 -0.4527 -0.8458
vn 0.4849 -0.8656 -0.1249
vn 0.281 -0.4166 -0.8646
vn 0.2878 -0.5149 -0.8075
vn 0.2918 -0.6047 -0.7411
vn 0.2403 -0.684 -0.6887
vn 0.4211 -0.8644 0.2747
vn 0.3073 -0.9112 0.2743
vn 0.3369 -0.9314 0.1376
vn 0.4779 -0.8642 0.157
vn 0.2001 -0.949 0.2435
vn 0.1926 -0.9757 0.1041
vn 0.4413 -0.8923 0.09525
vn 0.2487 -0.9501 0.1883
vn 0.2944 -0.9384 -0.1809
vn 0.4271 -0.8541 -0.2967
vn 0.02765 -0.9725 0.2313
vn 0.1082 -0.9886 -0.1043
vn -0.5551 0.8074 -0.1999
vn -0.3289 0.9339 -0.1399
vn -0.34 0.9217 -0.1865
vn -0.5656 0.7942 -0.2221
vn -0.1738 0.9802 -0.09449
vn -0.1962 0.9687 -0.1516
vn -0.1871 0.9479 -0.2577
vn -0.315 0.906 -0.2826
vn -0.5293 0.7873 -0.316
vn -0.2508 0.8548 -0.4543
vn -0.4536 0.7389 -0.4982
vn -0.1226 0.8929 -0.4331
vn 0.376 -0.7477 -0.5473
vn 0.4882 -0.7003 -0.5208
vn 0.2709 -0.774 -0.5722
vn 0.2773 -0.6567 -0.7013
vn 0.36 -0.6367 -0.6819
vn 0.4441 -0.6034 -0.6623
vn 0.3068 -0.884 0.3527
vn 0.2049 -0.8876 0.4124
vn 0.2656 -0.8873 0.377
vn 0.3578 -0.8665 0.3482
vn 0.2039 -0.8687 0.4513
vn 0.2535 -0.8606 0.4417
vn 0.2847 -0.8741 0.3934
vn 0.2245 -0.9097 0.3494
vn -0.4472 0.8806 -0.1565
vn -0.2597 0.9627 -0.07517
vn -0.293 0.9498 -0.1095
vn -0.5012 0.8435 -0.1932
vn -0.1338 0.9905 -0.03003
vn -0.1485 0.9871 -0.05963
vn 0.08466 0.809 -0.5817
vn -0.07337 0.77 -0.6337
vn 0.241 -0.05063 -0.9692
vn 0.3066 -0.02258 -0.9515
vn -0.2401 0.7232 -0.6475
vn 0.1908 -0.06546 -0.9794
vn 0.02573 0.192 -0.981
vn 0.1443 0.1914 -0.9708
vn 0.2715 0.146 -0.9513
vn -0.2432 0.8759 -0.4166
vn -0.1388 0.8383 -0.5271
vn 0.1325 0.9674 -0.2157
vn -0.06281 0.9701 -0.2344
vn 0.01947 0.7569 -0.6532
vn 0.3701 0.9074 -0.199
vn 0.4568 0.8887 -0.03992
vn 0.2373 0.9701 -0.051
vn 0.0492 0.995 -0.08698
vn -0.825 0.2237 0.5189
vn -0.7942 0.5141 0.324
vn -0.8707 0.4552 0.186
vn -0.9246 0.1575 0.3467
vn -0.6559 0.7453 0.1192
vn -0.7172 0.6958 0.03809
vn -0.7267 0.6863 0.02795
vn -0.885 0.4458 0.1338
vn -0.9554 0.1433 0.258
vn 0.5741 -0.4506 0.6836
vn 0.4139 -0.4288 0.803
vn 0.2711 -0.5946 0.7569
vn 0.4458 -0.6089 0.6561
vn 0.2206 -0.3509 0.91
vn 0.06735 -0.5246 0.8487
vn -0.1066 -0.6654 0.7388
vn 0.1151 -0.7291 0.6746
vn 0.3101 -0.7378 0.5996
vn -0.452 0.5078 0.7333
vn -0.4434 0.7363 0.5111
vn -0.6088 0.6329 0.4783
vn -0.6267 0.3644 0.6888
vn -0.3965 0.8834 0.2496
vn -0.5116 0.8277 0.2305
vn 0.969 0.1439 -0.2009
vn 0.9987 -0.02692 0.04193
vn 0.9921 -0.1128 0.0539
vn 0.9819 0.1022 -0.1592
vn 0.9597 -0.1736 0.2206
vn 0.9311 -0.2847 0.2279
vn 0.8938 -0.3719 0.2505
vn 0.979 -0.1778 0.09958
vn 0.995 0.06091 -0.07917
vn 0.1178 0.9919 0.04758
vn 0.3164 0.9462 0.06766
vn 0.3164 0.9415 0.116
vn 0.09647 0.9927 0.07193
vn 0.5166 0.8513 0.09192
vn 0.51 0.8482 0.1429
vn 0.5064 0.8607 0.05222
vn 0.2997 0.9501 0.08594
vn 0.04798 0.9981 0.03748
vn 0.9595 -0.2213 0.1744
vn 0.9974 0.03897 0.06009
vn 0.853 -0.4423 0.2771
vn 0.8168 -0.4754 0.3267
vn 0.9264 -0.232 0.2965
vn 0.9622 0.04425 0.2686
vn 0.2801 0.9599 9.156e-05
vn 0.09815 0.9951 -0.005646
vn 0.492 0.8706 -0.004883
vn -0.03067 -0.8191 0.5727
vn 0.1816 -0.8317 0.5246
vn -0.2626 -0.75 0.607
vn -0.3543 -0.7818 0.513
vn -0.1204 -0.8577 0.4998
vn 0.1007 -0.8757 0.4722
vn 0.02533 -0.9396 0.3413
vn -0.2124 -0.9161 0.34
vn -0.2272 -0.9348 0.273
vn 0.0166 -0.9608 0.2767
vn -0.4486 -0.8364 0.3148
vn -0.4621 -0.8541 0.2386
vn -0.4592 -0.8674 0.1917
vn -0.2222 -0.9479 0.2281
vn -0.1748 -0.8851 0.4312
vn 0.05493 -0.9049 0.422
vn -0.4111 -0.8071 0.4237
vn -0.903 0.4229 0.07593
vn -0.9786 0.1195 0.1673
vn -0.7454 0.6666 0.007477
vn -0.78 0.6208 -0.07837
vn -0.9269 0.3737 -0.034
vn -0.9963 0.07657 0.03925
vn 0.9191 -0.2635 0.2929
vn 0.9527 0.03442 0.302
vn 0.8015 -0.5158 0.3023
vn 0.7999 -0.5908 0.1053
vn 0.9399 -0.3399 0.03296
vn 0.9991 -0.0332 -0.02738
vn -0.9896 0.01379 -0.1431
vn -0.9318 0.2852 -0.2243
vn -0.8677 0.2023 -0.4541
vn -0.9352 -0.04614 -0.351
vn -0.8049 0.5253 -0.276
vn -0.7281 0.4196 -0.542
vn -0.299 0.05057 -0.9529
vn -0.441 -0.06619 -0.895
vn -0.5213 -0.2055 -0.8283
vn -0.9359 0.3237 -0.1387
vn -0.997 0.03916 -0.06662
vn -0.8021 0.5698 -0.1784
vn 0.8837 -0.3894 -0.2598
vn 0.904 -0.1162 -0.4114
vn 0.7735 -0.6261 -0.09836
vn 0.7522 -0.6184 -0.2275
vn 0.8042 -0.389 -0.4493
vn 0.7552 -0.161 -0.6354
vn 0.2988 0.9504 -0.08551
vn 0.017 0.9955 -0.09314
vn 0.5166 0.8383 -0.1745
vn 0.5102 0.6998 -0.4999
vn 0.3194 0.8612 -0.3952
vn 0.03171 0.9401 -0.3394
vn -0.9272 -0.2704 -0.259
vn -0.9446 -0.05066 -0.3241
vn -0.9269 -0.06671 -0.3692
vn -0.9108 -0.2551 -0.3244
vn -0.9023 0.2685 -0.3372
vn -0.9071 0.205 -0.3675
vn -0.9418 0.143 -0.3041
vn -0.9453 -0.08283 -0.3153
vn -0.9239 -0.2346 -0.3021
vn 0.5403 -0.3519 -0.7643
vn 0.4401 -0.2072 -0.8737
vn 0.5691 -0.5467 -0.6142
vn 0.216 -0.2942 -0.931
vn 0.1587 -0.2117 -0.9644
vn 0.09726 -0.204 -0.9741
vn 0.3548 0.5549 -0.7524
vn 0.131 0.7029 -0.6991
vn 0.4488 0.3516 -0.8215
vn 0.3272 -0.08728 -0.9409
vn 0.3585 0.03262 -0.9329
vn -0.1301 -0.9886 -0.07596
vn -0.3809 -0.9212 -0.0791
vn -0.06076 -0.7313 -0.6793
vn 0.117 -0.7333 -0.6697
vn 0.8209 0.5707 -0.02182
vn 0.6029 0.7788 -0.1732
vn 0.4305 0.0856 -0.8985
vn 0.4959 0.01764 -0.8682
vn 0.4065 0.8522 -0.3293
vn 0.3924 0.08585 -0.9157
vn 0.242 -0.1759 -0.9542
vn 0.1522 -0.2295 -0.9613
vn 0.6273 -0.7721 -0.101
vn 0.277 -0.3853 -0.8802
vn 0.7883 -0.614 -0.03888
vn 0.3205 -0.3417 -0.8834
vn 0.2559 -0.4106 -0.8751
vn -0.5299 -0.5499 -0.6456
vn -0.4156 -0.7396 -0.5293
vn 0.06415 -0.4113 -0.9092
vn -0.02899 -0.3587 -0.933
vn -0.2223 -0.9142 -0.3387
vn 0.1656 -0.4495 -0.8778
vn -0.272 -0.6622 -0.6982
vn -0.4431 -0.5126 -0.7355
vn -0.4743 0.6059 -0.6386
vn 0.1198 -0.08472 -0.9892
vn -0.6963 0.3813 -0.6081
vn 0.003113 -0.1187 -0.9929
vn -0.1321 0.1483 -0.98
vn -0.9571 -0.1169 -0.2652
vn -0.9333 -0.2343 -0.272
vn -0.9626 0.08756 -0.2561
vn -0.9503 0.04422 -0.308
vn -0.9427 -0.1605 -0.2926
vn -0.9213 -0.2535 -0.2949
vn 0.971 0.03674 0.2362
vn 0.8965 -0.3111 0.3154
vn 0.9274 -0.2856 0.2414
vn 0.986 0.04642 0.1603
vn 0.7203 -0.5958 0.3552
vn 0.7562 -0.5803 0.3022
vn 0.8152 -0.5314 0.2303
vn 0.9596 -0.2282 0.1647
vn 0.993 0.07358 0.0922
vn 0.0271 0.9996 0.003357
vn 0.02915 0.9993 -0.02136
vn 0.2401 0.9701 0.03464
vn 0.259 0.9658 0.0105
vn 0.2758 0.9611 -0.0126
vn 0.02078 0.9985 -0.04959
vn 0.03342 -0.9526 0.3024
vn -0.01041 -0.9666 0.2558
vn -0.4378 -0.8866 0.1489
vn -0.4445 -0.8926 0.07471
vn -0.4792 -0.8777 0.00528
vn -0.06912 -0.9853 0.1559
vn 0.01843 0.9765 -0.2146
vn 0.08072 0.9157 -0.3935
vn 0.3185 0.9355 -0.1531
vn 0.3683 0.8754 -0.3129
vn 0.4154 0.7689 -0.4859
vn 0.1627 0.7997 -0.5778
vn 0.9842 -0.1538 0.08731
vn 0.9936 0.1082 0.03174
vn 0.8751 -0.4627 0.1418
vn 0.9134 -0.4063 0.02594
vn 0.9949 -0.09995 0.008148
vn 0.9912 0.1312 -0.0145
vn 0.007477 0.9945 -0.1039
vn 0.2917 0.9547 -0.05783
vn -0.1027 -0.9941 0.03394
vn -0.512 -0.8556 -0.07505
vn -0.5045 -0.8397 -0.2011
vn -0.08951 -0.9882 -0.124
vn -0.8173 -0.285 -0.5008
vn -0.8137 -0.2041 -0.5442
vn -0.7302 -0.1914 -0.6558
vn -0.7525 -0.2785 -0.5969
vn -0.7788 -0.01419 -0.627
vn -0.6634 -0.02045 -0.7479
vn -0.552 0.001434 -0.8338
vn -0.6619 -0.1573 -0.7329
vn -0.7058 -0.2589 -0.6594
vn -0.0358 -0.9461 -0.3219
vn -0.4406 -0.8148 -0.3768
vn -0.3453 -0.7709 -0.5352
vn 0.02423 -0.8715 -0.4898
vn -0.8945 -0.1933 -0.4031
vn -0.8822 -0.2751 -0.3821
vn -0.8879 0.01099 -0.4599
vn 0.9914 -0.09336 -0.09119
vn 0.9891 0.1274 -0.07315
vn 0.9147 -0.3841 -0.1255
vn 0.8828 -0.3868 -0.2664
vn 0.9729 -0.1154 -0.2004
vn 0.9808 0.1035 -0.1653
vn 0.9311 -0.1391 -0.3371
vn 0.9499 0.0726 -0.3038
vn 0.8263 -0.3901 -0.4063
vn 0.7301 -0.37 -0.5744
vn 0.8442 -0.1515 -0.5142
vn 0.8748 0.03668 -0.4831
vn 0.217 0.6581 -0.721
vn 0.4288 0.6401 -0.6375
vn 0.412 0.4991 -0.7623
vn 0.2433 0.512 -0.8238
vn 0.0759 -0.785 -0.6148
vn -0.2411 -0.7163 -0.6548
vn -0.1263 -0.639 -0.7588
vn 0.1266 -0.6703 -0.7312
vn 0.6748 0.6472 -0.3546
vn 0.6641 0.5458 -0.511
vn 0.8659 0.4436 -0.2313
vn 0.843 0.3761 -0.3844
vn 0.7773 0.2935 -0.5564
vn 0.6154 0.4269 -0.6625
vn 0.95 0.2609 -0.1713
vn 0.9228 0.2189 -0.3169
vn 0.8535 0.1655 -0.4942
vn 0.6238 0.7756 -0.09632
vn 0.6536 0.727 -0.2105
vn 0.851 0.5223 -0.05423
vn 0.8616 0.4931 -0.1206
vn 0.9529 0.3016 -0.03174
vn 0.9541 0.2891 -0.07816
vn -0.7831 -0.5681 -0.253
vn -0.7328 -0.561 -0.385
vn -0.8787 -0.3867 -0.2799
vn -0.8419 -0.3885 -0.3745
vn -0.7744 -0.3992 -0.4908
vn -0.6438 -0.5589 -0.5225
vn -0.9046 -0.3089 -0.2938
vn -0.8701 -0.3194 -0.3752
vn -0.8103 -0.3297 -0.4845
vn -0.5346 -0.5549 -0.6373
vn -0.696 -0.4093 -0.5899
vn -0.6102 -0.4179 -0.6731
vn -0.41 -0.5375 -0.7369
vn -0.7481 -0.3323 -0.5744
vn -0.6979 -0.3295 -0.6359
vn 0.5713 0.8206 0.01035
vn 0.5981 0.8008 -0.03
vn 0.826 0.563 0.02738
vn 0.8406 0.5415 -0.01392
vn 0.9501 0.3082 0.04798
vn 0.9525 0.3046 0.0007019
vn 0.5124 0.8558 0.07093
vn 0.5418 0.8396 0.03845
vn 0.7833 0.6104 0.1174
vn 0.8066 0.5871 0.06793
vn 0.9296 0.3283 0.1671
vn 0.9434 0.3155 0.1019
vn -0.7671 -0.6276 -0.133
vn -0.7856 -0.5943 -0.1718
vn -0.8739 -0.4358 -0.2151
vn -0.8845 -0.405 -0.2316
vn -0.9046 -0.3321 -0.267
vn -0.9134 -0.3108 -0.2628
vn -0.7899 0.07962 -0.608
vn -0.1003 -0.1772 -0.979
vn -0.7439 -0.2075 -0.6352
vn -0.1341 -0.248 -0.9594
vn -0.6374 -0.3982 -0.6597
vn -0.1016 -0.307 -0.9463
vn -0.5191 -0.3507 -0.7794
vn 0.9417 -0.3353 0.02823
vn 0.3873 -0.2786 -0.8788
vn 0.9965 0.02387 0.07974
vn 0.4744 -0.1984 -0.8577
vn 0.9477 0.3121 0.06714
vn 0.5325 -0.08518 -0.8421
vn 0.09018 -0.2315 -0.9686
vn 0.6178 0.4921 -0.6133
vn 0.4532 0.1596 -0.877
vn 0.6828 0.2308 -0.6932
vn 0.4263 -0.02045 -0.9043
vn 0.7018 0.01202 -0.7123
vn 0.3895 -0.1341 -0.9112
vn 0.697 0.7168 -0.01926
vn 0.6824 0.6588 -0.3167
vn 0.8735 0.4817 -0.07077
vn 0.8125 0.3844 -0.4383
vn 0.9711 0.2284 -0.06861
vn 0.8697 0.1171 -0.4795
vn -0.687 -0.6767 0.2647
vn -0.6942 -0.6975 0.1776
vn -0.8818 -0.432 0.1893
vn -0.8845 -0.4572 0.09308
vn -0.8792 -0.4752 0.03247
vn -0.6901 -0.7128 0.1251
vn -0.9763 -0.1841 0.1136
vn -0.9769 -0.2132 0.01202
vn -0.9708 -0.233 -0.05606
vn -0.6312 -0.7675 -0.1116
vn -0.8303 -0.5275 -0.18
vn -0.9232 -0.2839 -0.2588
vn 0.7029 0.6895 0.1742
vn 0.6881 0.6995 0.1927
vn 0.839 0.4771 0.2618
vn 0.8331 0.4862 0.2638
vn 0.9235 0.2738 0.2685
vn 0.9101 0.2754 0.3094
vn -0.6032 -0.6218 0.4994
vn -0.656 -0.6455 0.3912
vn -0.8148 -0.3749 0.4422
vn -0.8578 -0.398 0.3253
vn -0.9254 -0.1237 0.3583
vn -0.9574 -0.1471 0.2485
vn 0.6629 0.742 -0.1003
vn 0.7013 0.7125 0.02457
vn 0.8371 0.5267 -0.1479
vn 0.8658 0.498 0.04773
vn 0.9413 0.296 -0.1622
vn 0.9606 0.2766 0.02838
vn 0.3107 0.6294 -0.7123
vn 0.5831 0.762 -0.2815
vn 0.6425 0.4662 -0.6081
vn 0.7692 0.5449 -0.3338
vn 0.8556 0.3008 -0.4212
vn 0.8993 0.3166 -0.3016
vn -0.01254 -0.1978 0.9802
vn -0.1745 -0.3756 0.9102
vn -0.2472 0.02863 0.9685
vn -0.413 -0.1437 0.8993
vn -0.6059 -0.2863 0.7422
vn -0.3628 -0.5199 0.7733
vn -0.3944 0.2662 0.8795
vn -0.5628 0.1038 0.82
vn -0.7572 -0.0394 0.6519
vn -0.5182 -0.5973 0.6121
vn -0.7464 -0.3558 0.5623
vn -0.8766 -0.1068 0.4691
vn -0.8753 -0.4697 -0.1147
vn -0.9036 -0.3875 -0.1825
vn -0.894 -0.3656 -0.2589
vn -0.8663 -0.4615 -0.1909
vn 0.6183 -0.7846 -0.04477
vn 0.5233 -0.725 -0.4476
vn 0.02194 -0.9739 -0.226
vn 0.248 -0.4574 -0.8539
vn 0.2534 0.8443 -0.4721
vn 0.3642 0.02817 -0.9309
vn -0.7215 0.6373 -0.2706
vn -0.7673 0.5651 -0.303
vn -0.8256 0.4967 -0.2677
vn 0.5293 -0.7738 0.348
vn 0.5454 -0.7703 0.3304
vn 0.6094 -0.7477 0.2638
vn -0.5897 0.8018 -0.09674
vn -0.6165 0.7627 -0.1952
vn -0.3783 0.9211 -0.0911
vn -0.4117 0.8907 -0.1924
vn -0.4076 0.8553 -0.3197
vn -0.6168 0.7249 -0.3066
vn -0.6208 0.3374 -0.7075
vn -0.489 0.2671 -0.8303
vn -0.3599 0.2193 -0.9068
vn -0.8286 0.4472 -0.3367
vn -0.7484 0.4094 -0.5218
vn -0.5225 0.6019 -0.6039
vn -0.3004 0.7122 -0.6344
vn -0.8507 0.4614 -0.2517
vn 0.7059 -0.6255 -0.3323
vn 0.6527 -0.5902 -0.475
vn 0.573 -0.5262 -0.6283
vn 0.6771 -0.7172 0.1643
vn 0.7254 -0.6879 0.02188
vn 0.08985 0.1625 -0.9826
vn 0.1925 0.1072 -0.9754
vn 0.2421 -0.1137 -0.9636
vn 0.09909 0.03165 -0.9946
vn 0.2076 0.1996 -0.9576
vn 0.2685 0.1178 -0.956
vn 0.3403 0.1925 -0.9204
vn 0.3902 0.08567 -0.9167
vn 0.5075 0.07938 -0.858
vn 0.4868 -0.005005 -0.8735
vn 0.557 -0.04358 -0.8293
vn 0.4509 -0.1414 -0.8813
vn 0.4799 -0.2597 -0.838
vn 0.3504 -0.2678 -0.8975
vn 0.3458 -0.3711 -0.8618
vn 0.2869 -0.3179 -0.9037
vn 0.2615 -0.4001 -0.8784
vn 0.2177 -0.3188 -0.9225
vn 0.09418 -0.407 -0.9085
vn 0.05722 -0.3085 -0.9495
vn -0.1624 -0.3015 -0.9395
vn -0.1128 -0.2363 -0.9651
vn -0.2096 -0.1923 -0.9587
vn -0.06696 -0.1043 -0.9923
vn -0.1293 -0.001465 -0.9916
vn 0.7352 -0.6573 -0.1657
vn -0.2188 0.9203 -0.3241
vn -0.1027 0.7447 -0.6594
vn -0.1785 0.983 -0.04312
vn -0.2236 0.9622 -0.1554
vn 0.6607 -0.6554 0.366
vn 0.637 -0.6954 0.3326
vn 0.4758 -0.7781 0.41
vn 0.4449 -0.8146 0.3721
vn 0.4295 -0.8652 0.2586
vn 0.6267 -0.7576 0.1825
vn 0.2934 -0.8472 0.4429
vn 0.256 -0.8791 0.4021
vn 0.2347 -0.9198 0.3144
vn 0.6155 -0.7872 0.03687
vn 0.4271 -0.8909 0.1541
vn 0.2326 -0.943 0.2378
vn 0.7746 -0.5196 0.3605
vn 0.7085 -0.6091 0.3563
vn 0.628 -0.6313 0.455
vn 0.5366 -0.728 0.4267
vn 0.475 -0.7031 0.5292
vn 0.3643 -0.7993 0.4778
vn -0.4532 0.8907 -0.03491
vn -0.4971 0.8659 -0.05481
vn -0.2459 0.9633 -0.1075
vn -0.2585 0.963 -0.0763
vn -0.2807 0.9591 -0.03623
vn -0.517 0.8554 -0.03116
vn -0.09412 0.9893 -0.1113
vn -0.06555 0.9969 -0.04282
vn -0.07208 0.9974 0.003388
vn -0.5465 0.837 -0.02707
vn -0.3234 0.9458 -0.02795
vn -0.1147 0.9933 0.01178
vn 0.8954 -0.2821 0.3445
vn 0.8397 -0.4119 0.3539
vn 0.8068 -0.3687 0.4616
vn 0.7217 -0.512 0.4657
vn 0.7001 -0.427 0.5722
vn 0.5906 -0.5789 0.5622
vn -0.3536 0.9353 -0.01169
vn -0.3759 0.9266 0.00473
vn -0.3277 0.9217 -0.2076
vn -0.255 0.9564 -0.1423
vn -0.3001 0.8995 -0.3175
vn -0.1715 0.9635 -0.2053
vn -0.771 -0.6365 -0.02084
vn -0.7593 -0.6434 -0.0968
vn -0.7347 -0.6488 0.1982
vn -0.4977 -0.7489 0.4375
vn -0.8648 -0.5017 -0.01779
vn -0.8918 -0.4443 0.08493
vn -0.7797 -0.5831 0.2281
vn -0.5093 -0.7568 0.4097
vn 0.5033 -0.5153 0.6936
vn 0.6129 -0.4031 0.6795
vn 0.3376 -0.6045 0.7215
vn 0.4398 -0.4915 0.7516
vn 0.5694 -0.5043 0.6492
vn 0.6374 -0.4416 0.6314
vn -0.6443 0.734 0.2147
vn -0.8422 0.5037 0.1922
vn -0.4387 0.8772 0.1949
vn -0.4322 0.8774 0.208
vn -0.6695 0.7149 0.2018
vn -0.8841 0.4342 0.1727
vn -0.9375 -0.3408 -0.06949
vn -0.9938 -0.1108 0.003632
vn -0.9842 -0.1632 0.06821
vn -0.9408 -0.3364 0.04239
vn 0.7319 0.407 0.5465
vn 0.6011 0.6534 0.4601
vn 0.7703 0.1403 0.622
vn 0.8073 0.1276 0.5761
vn 0.7584 0.4071 0.5089
vn 0.611 0.6601 0.4369
vn 0.3753 0.8565 0.3543
vn 0.1583 0.9511 0.2652
vn 0.3675 0.8617 0.3499
vn 0.1391 0.9496 0.2808
vn -0.2564 -0.7791 0.5721
vn -0.07947 -0.757 0.6485
vn -0.2614 -0.8152 0.5168
vn -0.1681 -0.7614 0.6261
vn -0.02066 0.9785 0.205
vn -0.1705 0.9703 0.1713
vn -0.03943 0.9707 0.237
vn -0.1759 0.9611 0.2126
vn 0.7206 -0.1723 0.6715
vn 0.7537 -0.2002 0.6259
vn -0.972 0.206 0.1134
vn -0.9857 0.116 0.122
vn -0.2915 0.941 0.1718
vn -0.2816 0.937 0.2066
vn 0.1068 -0.6786 0.7266
vn -0.04068 -0.6498 0.759
vn 0.06522 -0.6232 0.7793
vn 0.1736 -0.5578 0.8116
vn -0.7856 -0.6095 0.1065
vn -0.4644 -0.8455 0.2634
vn -0.8909 -0.4541 0.007752
vn 0.5882 -0.6923 0.418
vn 0.6933 -0.5506 0.4648
vn 0.5728 -0.6724 0.4688
vn 0.4922 -0.8216 0.2876
vn 0.4076 -0.868 0.2835
vn -0.7148 0.6974 -0.05148
vn -0.9292 0.3569 -0.09552
vn -0.4379 0.8989 0.01358
vn -0.928 -0.3703 -0.04059
vn -0.9691 -0.2344 -0.0762
vn 0.8688 0.3689 0.3302
vn 0.7154 0.6448 0.269
vn 0.9154 0.07096 0.3961
vn 0.4495 0.8704 0.2006
vn 0.1936 0.9698 0.1484
vn -0.0354 -0.941 0.3363
vn 0.04404 -0.9319 0.3601
vn 0.333 -0.89 0.3113
vn 0.2896 -0.9225 0.255
vn -0.002747 0.9937 0.1115
vn -0.1499 0.9852 0.0831
vn 0.8454 -0.2787 0.4556
vn -0.9948 0.01798 -0.09989
vn -0.2636 0.963 0.05649
vn 0.9733 0.0896 0.211
vn 0.8254 0.1084 0.5541
vn 0.8056 0.2544 0.5351
vn 0.9575 0.2227 0.1832
vn 0.4743 0.1188 0.8723
vn 0.4801 0.2672 0.8355
vn 0.5065 0.273 0.8179
vn 0.8042 0.2607 0.5341
vn 0.9572 0.227 0.1793
vn 0.1745 -0.5322 -0.8284
vn -0.001373 -0.5317 -0.8469
vn 0.2714 -0.5235 -0.8076
vn -0.2548 -0.4751 -0.8422
vn -0.4291 -0.3985 -0.8106
vn -0.1889 0.1744 -0.9663
vn -0.01856 0.2864 -0.9579
vn -0.3651 0.02667 -0.9305
vn 0.5334 0.2895 -0.7948
vn 0.658 0.1936 -0.7277
vn 0.3779 0.3466 -0.8585
vn 0.723 0.09809 -0.6838
vn 0.7345 -0.01044 -0.6785
vn -0.4987 -0.13 -0.8569
vn -0.5434 -0.2261 -0.8084
vn -0.5422 -0.3087 -0.7815
vn 0.477 -0.4337 -0.7644
vn 0.3941 -0.4845 -0.781
vn 0.5997 -0.3223 -0.7324
vn 0.3341 -0.5074 -0.7942
vn 0.2557 0.359 -0.8976
vn 0.167 0.3522 -0.9209
vn 0.094 0.3341 -0.9378
vn 0.3414 -0.9218 -0.1833
vn 0.2565 -0.9531 -0.1607
vn 0.2991 -0.8454 0.4425
vn 0.2358 -0.9043 0.3558
vn 0.0951 -0.991 -0.09394
vn 0.3489 -0.8155 0.4617
vn -0.1791 -0.9753 0.1291
vn -0.2033 -0.942 0.267
vn 0.04578 -0.9609 0.273
vn 0.1373 -0.9655 0.2214
vn -0.1657 -0.8836 0.4378
vn 0.04401 -0.9214 0.386
vn 0.5072 -0.6252 0.5931
vn 0.6795 -0.6091 0.409
vn 0.5436 -0.7524 0.3719
vn 0.4356 -0.7577 0.4858
vn 0.7378 -0.6325 0.2359
vn 0.5382 -0.8038 0.2534
vn -0.06391 -0.7924 0.6066
vn 0.07593 -0.862 0.5012
vn 0.08435 -0.7042 0.705
vn 0.1554 -0.8096 0.5661
vn 0.2757 -0.6538 0.7046
vn 0.2808 -0.7801 0.559
vn 0.5685 -0.8208 -0.05475
vn 0.4235 -0.893 -0.1519
vn 0.1505 -0.9098 0.3866
vn 0.1553 -0.9183 0.3641
vn 0.6983 -0.7106 0.08603
vn 0.2977 -0.9065 0.2994
vn -0.0799 -0.9968 0.007935
vn 0.3187 -0.8705 0.3748
vn -0.2137 0.1329 0.9678
vn 0.06409 0.1334 0.989
vn 0.2917 -0.7725 0.564
vn 0.1609 -0.7724 0.6144
vn 0.3974 -0.7985 0.4522
vn 0.989 0.04758 -0.1402
vn 0.5569 -0.8135 0.1677
vn 0.5556 -0.7813 0.2842
vn 0.8389 -0.007599 -0.5442
vn 0.5114 -0.8571 0.06101
vn -0.5431 -0.1592 -0.8244
vn -0.8719 -0.1281 -0.4725
vn -0.1087 -0.994 0.01141
vn 0.09851 -0.99 -0.101
vn -0.987 -0.0809 -0.1385
vn -0.2149 -0.9601 0.1788
vn 0.5331 -0.04855 -0.8447
vn 0.4605 -0.8852 -0.06595
vn 0.2163 -0.08197 -0.9728
vn 0.3745 -0.9139 -0.1563
vn -0.1181 -0.1295 -0.9845
vn 0.2564 -0.9512 -0.1716
vn -0.809 0.01004 0.5877
vn -0.4838 0.08832 0.8707
vn 0.06391 -0.8209 0.5675
vn -0.02329 -0.8806 0.4733
vn -0.9814 -0.04718 0.1858
vn -0.1655 -0.9226 0.3483
vn 0.4825 -0.7864 0.3857
vn -0.5657 -0.1002 -0.8185
vn -0.2019 -0.07562 -0.9765
vn -0.1987 -0.2066 -0.958
vn -0.5526 -0.2328 -0.8003
vn 0.1772 -0.02307 -0.9839
vn 0.1893 -0.1551 -0.9696
vn 0.2145 -0.4417 -0.8711
vn -0.1476 -0.4874 -0.8606
vn -0.4784 -0.5152 -0.711
vn -0.5273 0.1939 0.8272
vn -0.2231 0.2483 0.9426
vn -0.8241 0.1092 0.5557
vn -0.8275 0.09952 0.5526
vn -0.5445 0.1835 0.8184
vn -0.2067 0.2458 0.947
vn 0.5294 0.03787 -0.8475
vn 0.1869 -0.0134 -0.9823
vn 0.8235 0.1007 -0.5583
vn 0.826 0.101 -0.5545
vn 0.5417 0.0351 -0.8398
vn 0.9694 0.1697 -0.1776
vn 0.967 0.1709 -0.1886
vn -0.982 0.03629 0.1855
vn -0.9881 -0.01303 -0.1534
vn -0.9876 -0.02634 -0.1545
vn -0.9791 0.02777 0.2013
vn -0.1716 -0.06449 -0.983
vn -0.5606 -0.09046 -0.8231
vn -0.8643 -0.06323 -0.499
vn -0.8543 -0.07666 -0.514
vn 0.09467 0.2656 0.9594
vn 0.1463 0.2704 0.9515
vn -0.7292 -0.3545 0.5853
vn -0.8675 -0.4196 0.2673
vn -0.6992 -0.66 0.2747
vn -0.582 -0.6062 0.5419
vn -0.8775 -0.4734 -0.07669
vn -0.7078 -0.7062 -0.01648
vn -0.5342 -0.8448 0.03134
vn -0.5267 -0.808 0.264
vn -0.433 -0.7654 0.4761
vn -0.8367 -0.2181 -0.5023
vn -0.9759 -0.1725 -0.1335
vn -0.7455 -0.5109 -0.4279
vn 0.1911 0.137 0.972
vn 0.5372 0.146 0.8307
vn -0.1807 0.1017 0.9782
vn -0.1265 -0.22 0.9672
vn 0.2282 -0.1778 0.9572
vn 0.5455 -0.1628 0.8221
vn 0.8207 0.135 0.5552
vn 0.9749 0.1005 0.1987
vn 0.8045 -0.1737 0.568
vn 0.9499 -0.2074 0.2335
vn -0.5384 0.03504 0.8419
vn -0.8166 -0.04563 0.5754
vn -0.4698 -0.2835 0.836
vn 0.5627 -0.09354 -0.8213
vn 0.8431 -0.02567 -0.537
vn 0.8246 -0.3222 -0.4649
vn 0.5621 -0.385 -0.732
vn 0.9835 0.0441 -0.1755
vn 0.9581 -0.2587 -0.1227
vn -0.9658 -0.1161 0.2318
vn -0.9492 0.2856 0.1321
vn -0.9963 0.06546 0.05445
vn -0.9996 -0.02722 -0.009949
vn -0.987 -0.03229 -0.157
vn -0.9871 0.0108 -0.1599
vn -0.9875 -0.03278 -0.1544
vn -0.9846 -0.1014 -0.1418
vn -0.9862 -0.1547 0.0582
vn -0.9017 -0.4085 0.1415
vn -0.08267 -0.7116 -0.6977
vn -0.366 -0.7374 -0.5676
vn 0.221 -0.6749 -0.704
vn 0.2134 -0.8184 -0.5334
vn -0.02603 -0.8491 -0.5276
vn -0.2557 -0.8706 -0.4202
vn -0.5954 -0.7373 -0.3192
vn -0.4436 -0.8701 -0.2147
vn 0.2366 -0.4554 0.8582
vn 0.5015 -0.4422 0.7436
vn -0.06674 -0.4942 0.8668
vn -0.01697 -0.6759 0.7368
vn 0.228 -0.6434 0.7307
vn 0.4385 -0.6305 0.6405
vn 0.717 -0.4527 0.53
vn 0.8413 -0.4816 0.2454
vn 0.6099 -0.6376 0.4706
vn 0.7104 -0.6614 0.2405
vn -0.3619 -0.548 0.7541
vn -0.2561 -0.7196 0.6454
vn 0.5112 -0.6285 -0.5862
vn 0.7344 -0.5769 -0.3575
vn 0.6224 -0.7404 -0.2539
vn 0.4421 -0.7819 -0.4394
vn 0.8494 -0.5242 -0.06146
vn 0.7171 -0.6969 -0.01083
vn 0.2144 -0.6828 -0.6984
vn -0.08634 -0.7051 -0.7038
vn 0.1205 -0.9918 0.04169
vn 0.148 -0.9867 0.0665
vn -0.3822 -0.7007 -0.6025
vn 0.06586 -0.9967 0.04611
vn -0.7922 -0.6038 -0.08826
vn -0.8172 -0.5296 0.227
vn -0.04166 -0.9846 0.1699
vn -0.03156 -0.9918 0.1238
vn -0.712 -0.4494 0.5395
vn -0.02359 -0.9772 0.2111
vn 0.5604 -0.2815 0.7789
vn 0.7938 -0.3236 0.5148
vn 0.2037 -0.9613 0.1856
vn 0.2077 -0.9546 0.2134
vn 0.9017 -0.387 0.1928
vn 0.2079 -0.9646 0.1623
vn -0.4725 -0.3697 0.8
vn 0.01926 -0.9671 0.2537
vn -0.1213 -0.3058 0.9443
vn 0.105 -0.9573 0.2694
vn 0.2497 -0.2719 0.9293
vn 0.1819 -0.9493 0.2562
vn 0.7366 -0.5527 -0.3897
vn 0.5022 -0.6296 -0.5927
vn 0.1613 -0.9837 0.0795
vn 0.1799 -0.9786 0.09952
vn 0.8777 -0.4649 -0.1162
vn 0.2035 -0.9706 0.1281
vn -0.6405 -0.6653 -0.3835
vn 0.007813 -0.9968 0.07929
vn -0.1663 0.04743 0.9849
vn 0.2176 0.008667 0.976
vn 0.1851 -0.9604 0.208
vn 0.1625 -0.9536 0.2534
vn 0.5505 -0.0387 0.8339
vn 0.1587 -0.9753 0.1532
vn 0.9651 -0.1442 0.2183
vn 0.9723 -0.1833 -0.1449
vn 0.06091 -0.9829 0.1735
vn 0.07196 -0.9856 0.153
vn 0.8397 -0.2065 -0.5022
vn 0.07004 -0.9769 0.2019
vn -0.5702 -0.09204 -0.8163
vn -0.8508 -0.04038 -0.5239
vn 0.0325 -0.9944 0.1005
vn 0.1609 -0.9863 0.03528
vn -0.9877 0.004181 -0.1563
vn -0.02643 -0.9782 0.2059
vn 0.5699 -0.2071 -0.7952
vn 0.1269 -0.9691 0.2115
vn 0.1921 -0.1833 -0.9641
vn 0.2154 -0.9587 0.1854
vn -0.212 -0.141 -0.967
vn 0.239 -0.9674 0.0831
vn -0.835 0.06079 0.5468
vn -0.5505 0.06766 0.8321
vn 0.1036 -0.9514 0.29
vn 0.05112 -0.9534 0.2973
vn -0.9784 0.0369 0.2034
vn -0.007874 -0.9624 0.2714
vn 0.8196 -0.09314 0.5653
vn 0.1025 -0.9853 0.1365
vn 0.8466 -0.04209 -0.5306
vn 0.982 -0.05441 -0.1807
vn 0.9806 -0.02734 -0.1939
vn 0.8419 0.002258 -0.5396
vn 0.9808 -0.06925 0.1823
vn 0.9839 -0.06439 0.1664
vn 0.9861 -0.03204 0.163
vn 0.9805 0.03378 -0.1937
vn 0.8382 0.0867 -0.5383
vn -0.5707 -0.08454 -0.8168
vn -0.2041 -0.1271 -0.9706
vn -0.2105 -0.08863 -0.9735
vn -0.5781 -0.06809 -0.8131
vn 0.2031 -0.1588 -0.9662
vn 0.1997 -0.1072 -0.974
vn 0.1952 -0.03 -0.9803
vn -0.2113 -0.03351 -0.9768
vn -0.5754 -0.0481 -0.8164
vn -0.8569 -0.03519 -0.5143
vn -0.8628 -0.04837 -0.5031
vn -0.8602 -0.07303 -0.5047
vn 0.5749 0.01245 0.8181
vn 0.3976 0.07886 0.9142
vn 0.5097 -0.01651 0.8602
vn 0.5875 -0.02811 0.8087
vn 0.2802 0.3685 0.8864
vn 0.7199 -0.009217 0.694
vn 0.4447 -0.4262 0.7877
vn 0.4596 -0.1632 0.873
vn 0.588 -0.1079 0.8016
vn 0.976 -0.09098 0.198
vn 0.8322 -0.04001 0.553
vn 0.8321 -0.05106 0.5522
vn 0.9778 -0.07654 0.1949
vn 0.837 -0.08649 0.5403
vn 0.6581 -0.703 0.2696
vn 0.9026 0.06888 0.4248
vn 0.8906 0.09699 0.4443
vn 0.6836 -0.6974 0.2151
vn 0.4681 0.8366 0.2845
vn 0.4137 0.8494 0.3276
vn 0.3497 0.819 0.4549
vn 0.8708 0.08899 0.4834
vn 0.7162 -0.6857 0.1298
vn 0.5785 -0.1707 -0.7976
vn 0.5799 -0.1152 -0.8064
vn 0.8447 -0.1607 -0.5105
vn 0.8484 -0.1112 -0.5175
vn 0.5755 -0.0332 -0.8171
vn 0.9778 -0.1322 -0.1622
vn 0.9811 -0.09711 -0.1674
vn 0.9735 0.1153 0.1975
vn 0.8535 -0.07352 0.5159
vn 0.8456 -0.0766 0.5282
vn 0.9692 0.1187 0.2155
vn 0.6291 -0.2418 0.7387
vn 0.6124 -0.2542 0.7485
vn 0.6028 -0.268 0.7515
vn 0.8355 -0.0885 0.5423
vn 0.9643 0.1165 0.2379
vn -0.978 -0.1668 0.1252
vn -0.8841 -0.2203 0.412
vn -0.982 -0.1323 -0.1349
vn -0.9792 -0.1441 -0.143
vn -0.9845 -0.1515 0.08869
vn -0.974 0.04651 0.2216
vn -0.2057 0.005829 -0.9786
vn -0.5688 -0.02933 -0.8219
vn 0.1955 0.02182 -0.9804
vn 0.1812 0.1158 -0.9766
vn -0.2195 0.08329 -0.972
vn -0.5785 0.02091 -0.8154
vn -0.8556 -0.08136 -0.5111
vn -0.8587 -0.06668 -0.5082
vn 0.3775 -0.1831 0.9077
vn 0.5833 -0.1497 0.7983
vn 0.07614 -0.2429 0.967
vn 0.2649 0.08307 0.9607
vn 0.4084 -0.1662 0.8975
vn 0.5944 -0.1708 0.7858
vn 0.8444 -0.1078 0.5246
vn 0.8495 -0.1074 0.5165
vn -0.2946 -0.723 0.6249
vn -0.5008 -0.2779 0.8197
vn -0.5627 0.1812 0.8065
vn 0.5709 0.02036 -0.8207
vn 0.5613 0.117 -0.8193
vn -0.9101 -0.2765 -0.3087
vn -0.8176 -0.0145 -0.5756
vn -0.8235 -0.03739 -0.5661
vn -0.9072 -0.2994 -0.2955
vn -0.5813 0.2657 -0.7691
vn -0.5949 0.2497 -0.764
vn -0.6217 0.2409 -0.7452
vn -0.8325 -0.05979 -0.5507
vn -0.8999 -0.3207 -0.2955
vn 0.4507 -0.5334 0.7158
vn -0.3032 -0.7643 0.5691
vn -0.4458 -0.5329 0.7192
vn 0.134 -0.4605 0.8775
vn -0.8471 -0.5244 0.08576
vn -0.8541 -0.4217 0.3044
vn -0.9835 -0.1323 0.1234
vn -0.5368 -0.2235 0.8136
vn 0.3367 -0.1605 0.9278
vn 0.1012 0.4381 -0.8932
vn 0.4859 0.4616 -0.7421
vn 0.4952 0.4794 -0.7245
vn 0.1151 0.4579 -0.8815
vn 0.7842 0.4027 -0.472
vn 0.7891 0.4169 -0.4511
vn 0.7952 0.4348 -0.4225
vn 0.5043 0.5052 -0.7002
vn 0.126 0.487 -0.8643
vn 0.9501 0.2786 -0.1401
vn 0.9503 0.2877 -0.1191
vn 0.951 0.2954 -0.0911
vn -0.9514 -0.3079 0.006653
vn -0.953 -0.3024 0.01999
vn -0.9623 -0.1921 -0.1923
vn -0.9596 -0.1883 -0.2088
vn -0.9559 -0.1785 -0.2331
vn -0.9644 -0.2616 -0.03708
vn -0.606 0.1936 -0.7715
vn -0.2794 0.3421 -0.8971
vn -0.2633 0.362 -0.8942
vn -0.5918 0.2112 -0.7779
vn -0.252 0.39 -0.8856
vn -0.5819 0.2343 -0.7788
vn -0.8591 -0.00412 -0.5117
vn -0.8496 0.008393 -0.5273
vn -0.8423 0.02268 -0.5384
vn 0.4859 -0.3384 0.8058
vn 0.4274 -0.3519 0.8327
vn 0.451 -0.3283 0.8299
vn -0.6034 -0.7947 0.06522
vn -0.7667 -0.6195 -0.1685
vn -0.8216 -0.5401 -0.1822
vn -0.6824 -0.7288 0.05564
vn -0.8433 -0.3777 -0.3823
vn -0.8683 -0.2914 -0.4014
vn -0.8916 -0.191 -0.4106
vn -0.8828 -0.4368 -0.1727
vn -0.7712 -0.6314 0.08054
vn 0.5957 -0.2811 0.7523
vn 0.4373 -0.4234 0.7934
vn 0.3752 -0.445 0.8131
vn 0.5954 -0.2745 0.7551
vn 0.4183 -0.6169 0.6666
vn 0.05918 -0.6147 0.7865
vn 0.1697 -0.4582 0.8725
vn 0.3961 -0.4386 0.8067
vn 0.6149 -0.272 0.7402
vn 0.9225 0.2292 0.3104
vn 0.8139 -0.03207 0.58
vn 0.8199 -0.01147 0.5723
vn 0.92 0.2512 0.3007
vn 0.8272 0.003327 0.5618
vn 0.9132 0.2759 0.2999
vn -0.3312 -0.8473 0.4152
vn -0.4194 -0.7163 0.5577
vn -0.7911 -0.5999 -0.1193
vn -0.762 -0.6182 0.1929
vn -0.8523 -0.5043 0.1387
vn -0.465 -0.6276 0.6244
vn 0.08063 0.609 -0.789
vn 0.4654 0.6519 -0.5986
vn 0.4528 0.68 -0.5766
vn 0.09165 0.6344 -0.7676
vn 0.7533 0.5852 -0.3001
vn 0.7286 0.6144 -0.3027
vn 0.7121 0.6454 -0.2765
vn 0.4373 0.7134 -0.5475
vn 0.07022 0.6632 -0.7451
vn 0.8995 0.4366 0.01474
vn 0.8869 0.4619 0.003662
vn 0.8715 0.4901 0.01727
vn -0.8934 -0.4302 -0.1292
vn -0.8827 -0.464 -0.07477
vn -0.8779 -0.4713 -0.08457
vn -0.2781 0.4743 -0.8352
vn -0.2782 0.4812 -0.8313
vn -0.3081 0.4935 -0.8133
vn 0.2569 0.7652 -0.5902
vn 0.5777 0.7317 -0.3618
vn 0.6375 0.6395 -0.4297
vn 0.317 0.6824 -0.6586
vn 0.7948 0.5979 -0.1042
vn 0.8498 0.504 -0.1538
vn 0.872 0.446 -0.2016
vn 0.6538 0.5697 -0.4979
vn 0.3239 0.6051 -0.7272
vn -0.6419 0.3189 -0.6973
vn -0.4043 0.5697 -0.7155
vn -0.2537 0.6622 -0.705
vn -0.5675 0.4043 -0.7172
vn -0.1705 0.6008 -0.781
vn 0.1177 0.8131 -0.5701
vn -0.1201 0.6681 -0.7343
vn -0.4865 0.443 -0.753
vn -0.8151 -0.04816 -0.5773
vn -0.7979 0.0401 -0.6014
vn -0.7688 0.1212 -0.6279
vn 0.6335 -0.3696 0.6797
vn 0.3434 -0.6631 0.6651
vn 0.2544 -0.6933 0.6742
vn 0.5755 -0.4299 0.6956
vn -0.008881 -0.847 0.5314
vn -0.1112 -0.839 0.5326
vn -0.228 -0.7897 0.5696
vn 0.1458 -0.6902 0.7088
vn 0.4981 -0.4753 0.7252
vn 0.8665 0.3152 0.3871
vn 0.819 -0.01108 0.5737
vn 0.8011 -0.09024 0.5917
vn 0.8857 0.238 0.3984
vn 0.7726 -0.1743 0.6104
vn 0.9061 0.1331 0.4016
vn -0.348 -0.8846 0.3102
vn -0.4447 -0.8421 0.3051
vn -0.5524 -0.7611 0.3399
vn 0.4434 0.8099 -0.384
vn 0.4823 0.8123 -0.3279
vn 0.7894 0.6136 -0.0159
vn 0.7209 0.6903 -0.0614
vn 0.8246 0.528 0.2032
vn 0.852 0.4913 0.1808
vn 0.9062 0.3925 0.1571
vn 0.9186 0.05081 0.3919
vn 0.7575 -0.1756 0.6287
vn 0.7845 -0.1235 0.6077
vn 0.9235 0.05136 0.3801
vn 0.4458 -0.4099 0.7957
vn 0.4733 -0.3441 0.8109
vn 0.505 -0.3222 0.8007
vn 0.7777 -0.3045 0.5499
vn 0.9318 0.03235 0.3615
vn 0.9437 0.3018 0.1352
vn 0.9152 0.06326 0.3979
vn 0.9594 0.2528 0.1251
vn -0.9217 -0.3624 -0.1383
vn -0.8255 -0.5484 0.1335
vn -0.9055 -0.1284 -0.4043
vn -0.9144 -0.1057 -0.3907
vn -0.9403 -0.3303 -0.08194
vn -0.8446 -0.4947 0.2046
vn -0.06732 0.6088 -0.7905
vn -0.4413 0.4257 -0.7899
vn -0.06656 0.5358 -0.8417
vn -0.4325 0.3782 -0.8184
vn -0.7467 0.1549 -0.6469
vn -0.7347 0.1516 -0.6612
vn 0.07474 -0.647 0.7588
vn 0.4453 -0.4714 0.7612
vn -0.3009 -0.717 0.6288
vn -0.3227 -0.6377 0.6994
vn 0.05783 -0.573 0.8175
vn 0.7515 -0.2094 0.6256
vn -0.6181 -0.6762 0.401
vn -0.6408 -0.6042 0.4736
vn 0.09604 -0.6132 0.784
vn 0.253 -0.8725 -0.418
vn -0.3107 -0.5516 0.7741
vn -0.5926 -0.6364 0.4938
vn -0.8352 -0.4615 0.299
vn -0.8936 -0.4395 -0.0907
vn -0.9106 -0.1303 -0.3922
vn -0.6996 -0.09662 -0.7079
vn -0.434 0.2545 -0.8642
vn -0.0748 0.2054 -0.9758
vn 0.3039 0.457 -0.8359
vn 0.6482 0.2796 -0.7083
vn 0.8906 0.35 -0.2903
vn 0.997 0.05777 -0.051
vn -0.6353 -0.5448 0.5473
vn -0.3231 -0.5719 0.754
vn -0.8454 -0.4621 0.2678
vn 0.657 0.4953 -0.5683
vn 0.3049 0.5276 -0.7929
vn 0.8801 0.4008 -0.2546
vn 0.9706 0.2123 0.1129
vn -0.9448 -0.3273 -0.01196
vn -0.9168 -0.1072 -0.3845
vn -0.07715 0.444 -0.8926
vn -0.44 0.3144 -0.8411
vn -0.7248 0.1167 -0.679
vn 0.07324 -0.4947 0.866
vn 0.9772 -0.1449 -0.1551
vn 0.8435 -0.1732 -0.5083
vn 0.9728 -0.103 0.2075
vn 0.5746 -0.1814 -0.798
vn 0.1978 -0.1667 -0.9659
vn -0.5562 0.179 0.8115
vn -0.07736 0.1379 0.9874
vn -0.8781 0.1292 0.4607
vn -0.5289 0.5389 0.6555
vn 0.8273 -0.05078 0.5594
vn 0.5585 0.003174 0.8295
vn 0.2737 0.05878 0.96
vn -0.8533 -0.03626 -0.5201
vn -0.9877 0.01111 -0.1557
vn -0.5698 -0.08753 -0.8171
vn -0.2077 -0.1323 -0.9692
vn -0.9871 0.05792 0.1491
vn -0.2446 0.9505 0.1913
vn -0.2767 0.9025 0.33
vn 0.3145 0.7553 0.5749
vn -0.6982 0.7063 -0.1166
vn -0.7239 0.6897 -0.01624
vn -0.7411 0.6667 0.07898
vn -0.2901 0.8456 0.448
vn 0.3029 0.6803 0.6673
vn -0.1726 0.985 0.008484
vn -0.1901 0.9802 0.05463
vn -0.6718 0.6991 -0.2448
vn -0.6651 0.7166 -0.2102
vn -0.4859 -0.8382 -0.2477
vn 0.1494 -0.9883 0.0315
vn 0.1964 -0.9789 -0.0567
vn -0.4296 -0.8425 -0.3251
vn 0.2495 -0.949 -0.1926
vn -0.3731 -0.8118 -0.4492
vn -0.9127 -0.06003 -0.4042
vn -0.9024 -0.05506 -0.4273
vn -0.8936 -0.04303 -0.4467
vn -0.8953 0.01093 -0.4453
vn -0.9041 0.0282 -0.4263
vn -0.7696 0.614 0.1752
vn -0.3408 -0.6874 -0.6413
vn -0.3283 -0.6135 -0.7182
vn -0.2911 -0.5066 -0.8115
vn -0.911 0.02609 -0.4115
vn -0.8166 0.5064 0.2771
vn 0.8646 0.04358 0.5005
vn 0.7317 -0.6808 0.03284
vn 0.8643 -0.001312 0.503
vn 0.7422 -0.6681 -0.05121
vn -0.889 -0.02042 -0.4575
vn -0.3426 -0.7537 -0.5608
vn 0.2733 -0.9045 -0.3273
vn 0.2792 -0.855 -0.437
vn 0.363 -0.6526 -0.6651
vn 0.426 -0.4848 -0.7638
vn -0.2534 -0.3876 -0.8863
vn 0.8186 -0.5311 -0.2185
vn 0.8638 -0.4184 -0.2805
vn 0.8661 -0.3976 -0.303
vn 0.3661 -0.5672 -0.7377
vn -0.2303 -0.3563 -0.9055
vn 0.3037 -0.7823 -0.5438
vn 0.7678 -0.6268 -0.1325
vn -0.3203 0.7621 0.5626
vn 0.277 0.5938 0.7554
vn -0.3819 0.6201 0.6853
vn 0.2207 0.47 0.8546
vn 0.8616 -0.03046 0.5067
vn 0.8545 -0.04984 0.517
vn 0.1241 0.1405 0.9823
vn -0.5212 0.05725 0.8515
vn -0.2037 -0.9478 0.2454
vn 0.6992 -0.3945 0.5961
vn -0.8975 0.1903 0.3977
vn -0.9002 -0.2972 -0.3183
vn -0.4552 0.4098 0.7905
vn 0.1567 0.2991 0.9413
vn -0.8677 0.3426 0.3601
vn 0.8499 -0.1007 0.5172
vn -0.9101 -0.01691 -0.414
vn 0.5258 -0.2348 0.8175
vn 0.6191 -0.2106 0.7565
vn 0.7134 -0.1359 0.6874
vn -0.8659 -0.03552 -0.499
vn -0.9708 -0.1734 -0.1659
vn -0.6061 0.1205 -0.7862
vn -0.2655 0.2372 -0.9344
vn 0.1295 0.3091 -0.9421
vn -0.9759 -0.2181 -0.01041
vn -0.9784 -0.1537 -0.138
vn 0.9706 0.1737 -0.1664
vn 0.8162 0.2726 -0.5094
vn 0.982 0.04831 0.1825
vn 0.5218 0.3231 -0.7895
vn 0.4454 0.7563 0.4791
vn -0.286 0.9308 0.2275
vn -0.2784 0.9209 0.2728
vn 0.4073 0.7284 0.5508
vn -0.7747 0.6239 -0.1028
vn -0.7404 0.6669 -0.08396
vn -0.7082 0.706 -0.007416
vn -0.2631 0.8719 0.4129
vn 0.3915 0.6049 0.6934
vn 0.8506 -0.09317 0.5175
vn 0.7112 -0.7016 0.04425
vn 0.8415 -0.1285 0.5247
vn 0.8212 -0.3313 0.4646
vn 0.6166 -0.7797 -0.1091
vn 0.4612 0.4135 0.785
vn 0.553 0.207 0.807
vn 0.7766 -0.5149 0.363
vn 0.4916 -0.8348 -0.2478
vn 0.7576 -0.6358 0.1473
vn 0.9059 0.02887 0.4225
vn 0.88 -0.001068 0.475
vn 0.7524 -0.6492 0.1115
vn -0.916 -0.0394 -0.3992
vn -0.8917 0.01502 -0.4524
vn -0.4739 -0.7691 -0.4287
vn -0.4084 -0.7374 -0.5379
vn -0.4067 -0.6123 -0.678
vn -0.8611 0.1359 -0.4899
vn 0.2533 -0.9538 -0.1613
vn 0.2923 -0.9218 -0.2546
vn 0.2645 -0.8814 -0.3912
vn -0.5081 0.82 0.2633
vn -0.7984 0.4917 -0.3475
vn -0.7658 0.5817 -0.274
vn -0.4376 0.8285 0.3493
vn -0.5728 -0.2235 -0.7886
vn -0.6259 -0.1068 -0.7725
vn -0.6666 -0.08991 -0.7399
vn -0.8807 0.4543 -0.1338
vn -0.4431 0.8055 0.3934
vn -0.8363 0.3186 -0.4461
vn -0.6258 0.7702 0.1231
vn -0.4843 -0.4173 -0.7689
vn -0.1634 0.8075 0.5668
vn -0.02268 0.7262 0.6871
vn 0.1476 -0.8173 -0.5569
vn 0.001038 -0.7373 -0.6755
vn 0.5073 -0.002167 0.8618
vn -0.0857 0.4803 0.8729
vn -0.7023 -0.4793 0.5263
vn 0.4455 -0.7192 0.5331
vn -0.3608 -0.714 -0.6
vn 0.3195 -0.9042 -0.2833
vn 0.04465 0.6489 0.7595
vn 0.5589 0.07117 0.8261
vn -0.1068 -0.6838 -0.7218
vn 0.393 -0.87 -0.2976
vn 0.7016 -0.6306 0.3318
vn -0.2692 0.4547 -0.8489
vn -0.5923 0.2789 -0.7559
vn 0.1073 0.5646 -0.8183
vn 0.05115 0.6396 -0.767
vn -0.3073 0.5048 -0.8066
vn -0.6036 0.3156 -0.7321
vn -0.954 -0.2666 -0.137
vn -0.9468 -0.1859 -0.2626
vn -0.949 -0.183 -0.2567
vn -0.9441 -0.1945 -0.2661
vn -0.9307 -0.3473 -0.1148
vn -0.8149 -0.5606 -0.147
vn 0.9413 0.334 -0.04859
vn 0.7841 0.4977 -0.3706
vn 0.9559 0.1283 0.2641
vn 0.9498 0.1465 0.2763
vn 0.9293 0.3692 -0.006775
vn 0.7718 0.5593 -0.3025
vn 0.4896 0.5831 -0.6482
vn 0.4562 0.6705 -0.585
vn 0.4439 0.5489 0.7083
vn -0.3153 0.7964 0.5161
vn -0.3075 0.7782 0.5476
vn 0.4042 0.5175 0.7542
vn -0.8524 0.5228 0.004395
vn -0.8196 0.5718 0.03534
vn -0.8049 0.5849 0.09961
vn -0.3101 0.6938 0.6499
vn 0.3878 0.3854 0.8373
vn 0.83 -0.104 0.548
vn 0.6115 -0.2998 0.7322
vn 0.6194 -0.3302 0.7122
vn 0.8345 -0.1074 0.5404
vn 0.541 -0.3491 0.7651
vn 0.7203 -0.2234 0.6567
vn 0.5155 -0.632 0.5786
vn 0.4995 -0.4472 0.7419
vn -0.8439 0.04068 -0.535
vn -0.8443 0.05853 -0.5326
vn -0.4 -0.39 -0.8294
vn 0.3188 -0.7051 -0.6334
vn 0.2686 -0.6144 -0.7418
vn -0.4255 -0.2341 -0.8741
vn 0.8083 -0.5856 -0.06116
vn 0.7645 -0.6188 -0.1805
vn 0.7087 -0.649 -0.2767
vn 0.2123 -0.5416 -0.8133
vn -0.4559 -0.1034 -0.884
vn 0.8183 -0.5734 0.04004
vn 0.8763 -0.01715 0.4814
vn 0.8577 -0.04721 0.512
vn 0.824 -0.5665 0.007599
vn 0.8383 -0.1533 0.5231
vn -0.8913 -0.02149 -0.4529
vn -0.8739 0.04694 -0.4838
vn -0.4684 -0.5985 -0.6499
vn -0.4198 -0.5322 -0.7352
vn -0.8529 0.1548 -0.4986
vn 0.2733 -0.8544 -0.4418
vn 0.3159 -0.7935 -0.5202
vn -0.7154 0.6311 0.2999
vn -0.8346 0.3929 -0.3861
vn -0.8214 0.4527 -0.347
vn -0.6929 0.6274 0.3554
vn -0.4691 -0.02683 -0.8827
vn -0.4848 -0.01871 -0.8744
vn -0.9015 0.3235 -0.2872
vn -0.7047 0.6019 0.3755
vn 0.836 -0.2877 0.4673
vn 0.4187 0.2316 0.8781
vn 0.443 0.09012 0.8919
vn 0.8179 -0.4109 0.4026
vn -0.845 0.2818 -0.4545
vn -0.7662 0.6108 0.1995
vn -0.2657 0.6072 0.7488
vn -0.2153 0.5271 0.822
vn 0.3755 -0.08347 0.923
vn -0.3337 0.2628 0.9053
vn -0.6301 -0.7323 0.2582
vn 0.5849 -0.6606 0.4706
vn -0.01502 -0.5963 -0.8026
vn 0.6261 -0.7101 -0.3221
vn -0.2177 0.4544 0.8637
vn 0.4159 -0.01376 0.9093
vn 0.1728 -0.5005 -0.8483
vn 0.6636 -0.6775 -0.3172
vn 0.775 -0.5076 0.3765
vn -0.6404 0.2951 -0.709
vn -0.5838 0.3965 -0.7084
vn -0.6424 0.2625 -0.72
vn -0.6443 0.2741 -0.7139
vn -0.5979 0.6019 -0.5293
vn -0.8097 0.06537 -0.5831
vn -0.4394 -0.3463 -0.8289
vn -0.545 0.1805 -0.8187
vn -0.62 0.2676 -0.7375
vn -0.7529 -0.5781 0.3146
vn -0.9111 -0.4117 0.02023
vn -0.9329 -0.3601 -0.001129
vn -0.8424 -0.4325 0.3213
vn -0.9444 -0.2037 -0.2581
vn -0.9427 -0.2035 -0.2645
vn -0.9351 -0.2128 -0.2834
vn -0.948 -0.3079 -0.08075
vn -0.9827 -0.1096 0.1494
vn 0.8282 0.5066 0.2398
vn 0.9402 0.2669 0.2114
vn 0.9543 0.1699 0.2457
vn 0.9334 0.05301 0.3548
vn 0.9428 0.1322 0.3058
vn 0.9416 0.1241 0.3131
vn 0.9404 0.143 0.3085
vn 0.9773 0.1316 0.1657
vn 0.9557 -0.2929 -0.02707
vn 0.9044 0.008545 0.4265
vn 0.6462 0.6208 0.4438
vn 0.7353 -0.6675 0.1173
vn 0.6857 -0.7015 0.194
vn 0.8936 0.01404 0.4487
vn 0.5705 0.7009 0.4279
vn -0.02515 -0.639 0.7688
vn -0.4365 -0.6716 0.5987
vn -0.513 -0.4711 0.7175
vn 0.01108 -0.4812 0.8765
vn -0.5485 0.169 0.8188
vn 0.2976 -0.07538 0.9517
vn 0.8368 -0.1035 0.5376
vn 0.8354 -0.09848 0.5406
vn 0.6114 -0.3388 0.7151
vn 0.614 -0.3291 0.7174
vn 0.6168 -0.3118 0.7227
vn 0.8295 -0.08512 0.552
vn 0.3331 -0.5126 0.7914
vn 0.3665 -0.4499 0.8144
vn 0.4574 -0.364 0.8113
vn -0.8434 0.06055 -0.5337
vn -0.8408 0.05637 -0.5383
vn -0.8342 0.04218 -0.5498
vn -0.3764 0.334 -0.8641
vn -0.5902 0.2724 -0.7599
vn -0.08557 0.1969 -0.9767
vn -0.923 -0.348 -0.1639
vn -0.935 -0.2531 -0.2484
vn -0.9204 -0.2422 -0.3067
vn 0.9536 0.2936 0.06644
vn 0.9409 0.2339 -0.2449
vn 0.9315 0.1912 0.3095
vn 0.2931 -0.8122 -0.5044
vn 0.5883 0.08457 -0.8041
vn 0.4312 0.4806 0.7636
vn -0.3572 0.6833 0.6367
vn -0.3592 0.6021 0.713
vn 0.4071 0.3637 0.8378
vn -0.9066 0.4116 0.09354
vn -0.888 0.4396 0.1346
vn -0.8779 0.4408 0.1867
vn -0.3887 0.4264 0.8167
vn 0.3648 0.1251 0.9226
vn 0.8189 -0.05905 0.5708
vn 0.6099 -0.2927 0.7364
vn 0.5128 -0.3652 0.777
vn 0.6754 -0.2085 0.7073
vn -0.8231 0.01425 -0.5677
vn -0.8541 0.2142 -0.4738
vn -0.818 0.3549 -0.4527
vn -0.8732 0.428 0.2329
vn -0.3863 -0.1411 -0.9115
vn -0.3432 0.09598 -0.9344
vn -0.2977 0.2467 -0.9222
vn -0.7956 0.4414 -0.4148
vn -0.873 0.403 0.2748
vn 0.8842 -0.4668 -0.01444
vn 0.8834 0.02301 0.4679
vn 0.8683 -0.0524 0.4931
vn 0.8934 -0.4443 -0.06546
vn 0.8311 -0.217 0.5119
vn 0.8861 -0.4495 -0.1128
vn -0.4896 -0.5343 -0.689
vn 0.3051 -0.7768 -0.5509
vn 0.3735 -0.6483 -0.6635
vn -0.4317 -0.4077 -0.8047
vn 0.4167 -0.4612 -0.7833
vn -0.9038 -0.06818 -0.4223
vn -0.8907 0.03772 -0.4529
vn 0.4623 -0.1444 -0.8749
vn 0.4901 -0.06763 -0.869
vn -0.2502 0.3391 -0.9069
vn 0.8687 -0.433 -0.2405
vn 0.8571 -0.4434 -0.2623
vn 0.8311 -0.4764 -0.2869
vn 0.3276 -0.2055 -0.9222
vn -0.2376 0.3523 -0.9052
vn -0.4171 0.2566 0.8719
vn 0.3286 -0.1003 0.9391
vn -0.4547 0.1239 0.882
vn 0.272 -0.2621 0.9259
vn 0.4334 -0.2712 -0.8594
vn 0.8756 -0.4428 -0.1927
vn 0.8025 -0.3622 0.4742
vn 0.7726 -0.4645 0.4328
vn 0.1171 -0.4888 0.8645
vn -0.6522 -0.2398 0.7191
vn -0.5004 -0.8081 -0.3107
vn 0.5304 -0.7743 0.3452
vn -0.9084 0.3197 0.2692
vn -0.8329 0.3461 -0.4317
vn 0.7266 -0.5613 0.3961
vn 0.1822 -0.3923 0.9015
vn -0.7741 0.4917 -0.3988
vn -0.8859 0.3644 0.2871
vn -0.5277 0.006531 0.8494
vn 0.8263 0.5558 0.09119
vn 0.6587 0.7311 -0.1777
vn 0.8854 0.3174 0.3395
vn 0.8533 0.3601 0.377
vn 0.7765 0.6087 0.1628
vn 0.6014 0.7951 -0.07871
vn 0.3788 0.8107 -0.4464
vn 0.003754 0.7479 -0.6637
vn 0.3152 0.8849 -0.3429
vn -0.06256 0.812 -0.5802
vn 0.3041 0.2162 0.9278
vn -0.5284 0.1883 0.8278
vn -0.521 0.1702 0.8364
vn 0.2733 0.1559 0.9492
vn -0.9934 0.01724 0.1131
vn -0.9894 0.05161 0.1358
vn -0.9925 0.05435 0.1093
vn -0.5384 0.03519 0.8419
vn 0.251 -0.02548 0.9676
vn 0.8258 0.01108 0.5638
vn 0.6456 -0.2962 0.7038
vn 0.664 -0.3167 0.6773
vn 0.8224 0.03165 0.568
vn 0.5037 -0.4525 0.7358
vn 0.6397 -0.3054 0.7053
vn 0.4524 -0.7465 0.488
vn 0.4864 -0.5546 0.6751
vn -0.8312 -0.08841 -0.5488
vn -0.8682 -0.368 -0.3328
vn -0.6578 0.2465 -0.7117
vn -0.6739 0.26 -0.6915
vn -0.8188 -0.09909 -0.5654
vn -0.8327 -0.4089 -0.3733
vn -0.3702 0.5406 -0.7554
vn -0.4185 0.5768 -0.7015
vn -0.8404 -0.5047 -0.1971
vn -0.8569 -0.4298 -0.2846
vn -0.7683 -0.6003 -0.2222
vn -0.6225 -0.7454 -0.2384
vn 0.9965 -0.07031 -0.04511
vn 0.7886 -0.0632 0.6117
vn 0.7395 -0.2542 0.6232
vn 0.9909 -0.1332 0.017
vn 0.1924 -0.2597 0.9463
vn 0.06912 -0.4995 0.8635
vn 0.6569 -0.4918 0.5715
vn 0.9623 -0.2693 0.03742
vn -0.3136 -0.2879 -0.9048
vn 0.5212 -0.2893 -0.8029
vn 0.5398 -0.1798 -0.8223
vn -0.2809 -0.1814 -0.9424
vn 0.9915 -0.08341 -0.09909
vn 0.9936 -0.06198 -0.09442
vn 0.5714 -0.03653 -0.8198
vn -0.2598 0.001526 -0.9656
vn -0.8332 -0.1512 -0.5318
vn -0.8256 -0.08972 -0.5571
vn -0.805 0.03265 -0.5923
vn 0.8316 0.1128 0.5437
vn 0.8162 0.0651 0.574
vn -0.6795 -0.2105 0.7028
vn -0.783 -0.2425 0.5727
vn -0.0633 -0.6608 0.7479
vn -0.9785 0.2056 0.01382
vn -0.9515 0.3074 0.009857
vn -0.9361 0.3516 0.006684
vn -0.8593 -0.3245 0.3953
vn -0.1337 -0.7304 0.6698
vn -0.5925 -0.1099 0.798
vn -0.9937 0.1005 0.04978
vn 0.6391 0.1083 -0.7614
vn -0.1969 0.2362 -0.9515
vn 0.7276 0.1841 -0.6608
vn -0.0698 0.471 -0.8794
vn -0.7582 0.2181 -0.6144
vn -0.6814 0.4469 -0.5796
vn -0.3372 -0.6115 -0.7158
vn 0.4322 -0.8426 0.3213
vn -0.5573 0.6422 -0.5263
vn 0.1005 0.6615 -0.7432
vn 0.7171 0.1041 -0.6891
vn 0.8927 -0.4481 -0.04718
vn 0.7658 0.206 -0.6091
vn 0.05106 0.6176 -0.7848
vn 0.9207 -0.3901 -0.005127
vn -0.5839 0.636 -0.5044
vn 0.559 -0.6867 0.4646
vn 0.7754 0.5971 0.2056
vn 0.6113 0.7913 -0.009888
vn 0.8447 0.3658 0.3908
vn 0.8463 0.3597 0.3927
vn 0.7944 0.5563 0.2436
vn 0.6652 0.7189 0.2014
vn 0.2866 0.908 -0.3055
vn -0.1473 0.8015 -0.5796
vn 0.216 0.9545 -0.2053
vn -0.4514 0.6945 -0.5602
vn -0.1726 -0.9735 0.15
vn -0.2708 -0.9127 0.3058
vn 0.1068 -0.8302 0.5471
vn -0.5664 -0.8232 0.03854
vn -0.5546 -0.8284 0.07816
vn -0.2859 -0.9008 0.3268
vn 0.05573 -0.8357 0.5463
vn 0.8184 0.0394 0.5732
vn 0.659 -0.3233 0.6791
vn 0.6565 -0.3241 0.6811
vn 0.8186 0.04089 0.5728
vn 0.4225 -0.6097 0.6706
vn 0.3914 -0.6285 0.6721
vn -0.8145 -0.1066 -0.5702
vn -0.823 -0.4241 -0.3778
vn -0.6823 0.2465 -0.6882
vn -0.6883 0.2318 -0.6873
vn -0.815 -0.1101 -0.5688
vn -0.8224 -0.4277 -0.3749
vn -0.471 0.5416 -0.6962
vn -0.5329 0.4722 -0.7022
vn -0.74 -0.6475 -0.1821
vn -0.7318 -0.6627 -0.159
vn 0.8198 0.5157 0.2487
vn 0.8308 0.4732 0.293
vn 0.8542 0.3481 0.3862
vn -0.5199 -0.518 -0.6793
vn -0.8372 -0.1852 -0.5146
vn -0.8369 -0.1831 -0.5157
vn -0.5434 -0.5771 -0.6096
vn -0.933 0.3159 -0.172
vn -0.9016 0.3753 -0.2149
vn -0.8258 0.4435 -0.3484
vn -0.8283 -0.178 -0.5313
vn -0.5899 -0.6184 -0.5192
vn -0.2997 -0.8967 0.3258
vn 0.04044 -0.8383 0.5436
vn -0.564 -0.8219 0.07971
vn 0.8221 0.03137 0.5685
vn 0.6554 -0.3318 0.6785
vn 0.3825 -0.636 0.6702
vn -0.8176 -0.09738 -0.5675
vn -0.8281 -0.4186 -0.3727
vn -0.6807 0.2483 -0.6892
vn -0.5408 0.4377 -0.7183
vn -0.6539 0.2799 -0.7029
vn -0.7389 -0.6553 -0.1569
vn 0.8509 -0.3842 0.3582
vn 0.1725 -0.9695 -0.174
vn 0.05918 -0.9973 0.04282
vn 0.7697 -0.4115 0.4881
vn -0.636 -0.6484 -0.4184
vn -0.6838 -0.6517 -0.328
vn -0.02536 -0.9771 0.2112
vn 0.7164 -0.3922 0.577
vn -0.3271 0.8249 0.461
vn -0.3068 0.8692 0.3877
vn 0.525 0.5663 0.6353
vn 0.5135 0.6051 0.6084
vn 0.5555 0.6557 0.5113
vn -0.2018 0.9611 0.1885
vn 0.964 -0.2236 0.1434
vn 0.38 -0.7441 -0.5495
vn 0.2915 -0.874 -0.3887
vn 0.9201 -0.3215 0.2236
vn 0.8426 0.2119 0.4951
vn 0.8331 0.2088 0.5121
vn 0.8254 0.2099 0.524
vn 0.6715 0.6723 0.3116
vn 0.8279 0.2123 0.5192
vn 0.8479 0.2093 0.4871
vn 0.731 0.6465 0.218
vn 0.6908 -0.3647 0.6244
vn 0.6879 -0.3493 0.6362
vn 0.8777 0.1928 0.4388
vn 0.7851 0.6058 0.129
vn -0.8209 -0.1883 -0.5391
vn -0.748 0.4533 -0.4847
vn -0.6916 0.4271 -0.5824
vn -0.8234 -0.199 -0.5314
vn 0.8224 0.2083 0.5293
vn 0.6148 0.676 0.4062
vn -0.0791 0.9966 -0.02429
vn 0.01947 0.9799 -0.1982
vn 0.9026 0.1706 0.3953
vn 0.8166 0.5735 0.06449
vn 0.6929 -0.3486 0.6312
vn 0.6954 -0.3573 0.6235
vn 0.9356 0.1136 0.3343
vn 0.8304 0.5563 0.02857
vn 0.1044 0.9351 -0.3386
vn -0.6583 0.3924 -0.6424
vn 0.1644 0.8804 -0.4447
vn -0.6495 0.3659 -0.6666
vn -0.08884 -0.9346 0.3443
vn -0.7347 -0.6358 -0.2367
vn -0.7816 -0.6051 -0.1515
vn -0.1341 -0.8902 0.4354
vn -0.8403 -0.2028 -0.5027
vn -0.8676 -0.1959 -0.457
vn -0.6396 0.3518 -0.6835
vn 0.191 0.7253 -0.6614
vn 0.424 -0.5298 -0.7345
vn -0.8595 -0.1839 -0.4769
vn -0.03769 -0.9021 0.4298
vn -0.8127 -0.5763 -0.08554
vn 0.1969 0.8311 -0.5201
vn -0.6459 0.3567 -0.6749
vn -0.1659 -0.8632 0.4768
vn -0.8069 -0.5819 -0.1016
vn -0.8878 -0.1888 -0.4196
vn -0.8443 0.0618 -0.5323
vn -0.9443 -0.2014 -0.2602
vn -0.6194 0.3135 -0.7197
vn 0.3954 -0.5008 0.7699
vn 0.614 -0.3397 0.7124
vn 0.09775 -0.6695 0.7363
vn 0.8365 -0.1059 0.5376
vn 0.9466 0.1442 0.2885
vn -0.214 -0.9426 0.2561
vn -0.3945 -0.7489 0.5324
vn -0.7748 -0.5961 0.2103
vn 0.3835 0.801 -0.4597
vn -0.1908 0.6767 -0.7111
vn 0.8183 0.5657 -0.1017
vn 0.1426 0.984 -0.1063
vn 0.9369 0.3379 0.08969
vn -0.9171 -0.3977 -0.02817
vn -0.4336 0.4772 -0.7643
vn -0.6696 0.7118 -0.2119
vn -0.06449 0.9852 0.1588
vn -0.02109 0.9972 0.07202
vn -0.6278 0.7263 -0.2797
vn 0.5863 0.7215 0.3682
vn 0.6043 0.7261 0.3279
vn 0.01428 0.9998 -0.006745
vn -0.5971 0.7198 -0.3538
vn 0.1343 -0.9526 -0.273
vn -0.5267 -0.6711 -0.5217
vn -0.567 -0.6955 -0.4413
vn 0.07129 -0.9823 -0.173
vn -0.8739 0.000763 -0.4861
vn -0.7192 0.6496 -0.2463
vn -0.8848 0.005249 -0.466
vn -0.05582 0.9858 0.1584
vn -0.6102 -0.7143 -0.3426
vn -0.8659 -0.0112 -0.5001
vn -0.8506 -0.02521 -0.5251
vn -0.6234 -0.7178 -0.3101
vn -0.5658 0.7065 -0.4251
vn -0.5224 0.6877 -0.5042
vn -0.8325 -0.04135 -0.5525
vn -0.6399 -0.7171 -0.2761
vn 0.02081 -0.9966 -0.07984
vn 0.6447 -0.7152 0.2698
vn -0.5939 -0.7074 -0.3833
vn -0.01776 -0.9998 -0.0004273
vn 0.6074 -0.715 0.346
vn -0.8782 0.001038 -0.4783
vn 0.8875 0.01685 0.4604
vn 0.8742 0.02127 0.4851
vn 0.09174 0.9825 -0.1618
vn 0.1502 0.9558 -0.2527
vn -0.4712 0.663 -0.5817
vn 0.6384 0.729 0.247
vn 0.6677 0.7201 0.1888
vn 0.6984 0.702 0.139
vn 0.2655 0.854 -0.4474
vn -0.4304 0.634 -0.6425
vn 0.8585 0.03549 0.5116
vn 0.6172 0.7292 0.2954
vn 0.5762 -0.7013 0.4197
vn 0.5446 -0.6803 0.4904
vn 0.8483 0.05301 0.5268
vn 0.04648 0.9958 -0.07801
vn -0.05054 -0.9961 0.0719
vn -0.08835 -0.9852 0.1468
vn 0.5605 -0.2911 -0.7753
vn -0.65 -0.09418 -0.7541
vn 0.9369 0.01096 0.3493
vn 0.5306 -0.6603 0.5315
vn 0.01373 -0.9967 0.07996
vn -0.6328 -0.7269 -0.2667
vn -0.1151 -0.9725 0.2024
vn 0.5258 -0.6613 0.535
vn -0.6477 -0.7172 -0.2571
vn -0.8077 -0.0687 -0.5856
vn 0.8499 0.05853 0.5236
vn 0.7038 -0.1458 -0.6952
vn 0.8481 0.3084 0.4308
vn 0.6312 0.5968 0.4953
vn 0.9679 0.1985 0.1539
vn 0.6107 0.2055 -0.7647
vn -0.5631 -0.1584 -0.8111
vn -0.07279 0.9816 0.1765
vn -0.8509 0.3988 -0.3419
vn -0.809 -0.05338 -0.5854
vn 0.8048 -0.006409 0.5935
vn 0.931 -0.3182 0.1788
vn 0.3649 -0.0123 0.9309
vn -0.8552 -0.25 -0.454
vn -0.9776 -0.2065 0.04031
vn -0.546 -0.4942 -0.6765
vn 0.273 -0.8191 -0.5045
vn -0.555 -0.2304 0.7992
vn 0.0658 -0.9897 0.1267
vn -0.6953 -0.6737 -0.2502
vn 0.7298 -0.5826 0.3576
vn -0.9454 -0.0763 -0.3167
vn -0.9035 0.4279 -0.02371
vn 0.8718 -0.01541 0.4895
vn 0.472 0.5771 0.6664
vn -0.4258 0.7762 0.4649
vn -0.9424 -0.04077 -0.3321
vn -0.8123 0.5622 -0.1553
vn -0.6659 -0.7317 -0.1455
vn 0.04016 -0.9771 0.2091
vn 0.6503 -0.637 0.4139
vn -0.3046 0.9267 0.2201
vn 0.4985 0.7171 0.4871
vn 0.8715 0.03198 0.4894
vn 0.1378 -0.9603 -0.2424
vn -0.6268 -0.5895 -0.5094
vn 0.7844 -0.5836 0.2102
vn -0.9113 -0.08011 -0.4037
vn -0.9626 0.2706 -0.006043
vn 0.8529 -0.07462 0.5167
vn 0.4986 0.3121 0.8086
vn -0.4641 0.516 0.72
vn -0.9184 -0.1173 -0.3778
vn -0.939 0.3294 0.09864
vn -0.6784 -0.5466 -0.4908
vn 0.03818 -0.9861 -0.1612
vn 0.8074 -0.5147 0.2883
vn 0.839 -0.01538 0.5438
vn 0.4125 0.4227 0.8069
vn -0.4051 0.6247 0.6675
vn 0.4834 0.8701 -0.09647
vn 0.4878 0.8729 -0.00351
vn 0.3835 0.9217 -0.05802
vn 0.4246 0.8961 -0.1291
vn 0.504 0.8634 0.02316
vn 0.4093 0.9123 -0.008789
vn 0.3151 0.9475 -0.05414
vn 0.2685 0.9622 -0.04462
vn 0.2517 0.9654 -0.0676
vn 0.3146 0.9453 -0.08591
vn 0.3536 0.9272 -0.1233
vn 0.3636 0.924 -0.1182
vn 0.3533 0.9281 -0.1169
vn 0.3632 0.9257 -0.106
vn 0.3498 0.9322 -0.09314
vn 0.3726 0.9248 -0.07627
vn 0.3765 0.9254 -0.04248
vn 0.4033 0.9142 -0.03934
vn 0.4255 0.9049 -0.008332
vn 0.4422 0.8964 -0.02872
vn 0.476 0.8794 -0.009796
vn 0.4336 0.9011 -0.003967
vn 0.4201 0.9063 0.04587
vn 0.3982 0.9172 -0.01495
vn 0.4251 0.9002 -0.09461
vn 0.7704 0.6239 -0.131
vn 0.6749 0.6952 -0.2474
vn 0.7884 0.6014 -0.1297
vn 0.9763 0.1729 -0.1301
vn 0.9335 0.2275 -0.2771
vn 0.787 0.3283 -0.5224
vn 0.6972 0.6642 0.2697
vn 0.711 0.6538 0.2587
vn 0.6475 0.6945 0.3136
vn 0.6985 0.322 0.639
vn 0.8072 0.2455 0.5368
vn 0.8689 0.205 0.4504
vn 0.536 0.7648 0.3575
vn 0.3872 0.8469 0.3644
vn 0.256 0.5946 0.7622
vn 0.5102 0.4427 0.7373
vn 0.07361 0.9903 -0.1181
vn 0.06858 0.9967 -0.04288
vn 0.07492 0.9817 -0.1747
vn -0.4674 0.8467 -0.2543
vn -0.4574 0.8813 -0.1184
vn -0.4223 0.905 0.05118
vn 0.1483 0.9214 -0.3592
vn 0.07645 0.9434 -0.3228
vn 0.3209 0.8655 -0.3844
vn 0.2741 0.5465 -0.7913
vn -0.03803 0.6206 -0.7832
vn -0.2618 0.6673 -0.6973
vn 0.5107 0.7901 -0.339
vn 0.5542 0.4415 -0.7056
vn 0.0968 0.9934 0.06088
vn 0.1639 0.9665 0.1975
vn -0.3415 0.9002 0.2702
vn -0.1729 0.8391 0.5157
vn 0.2665 0.918 0.2936
vn 0.02704 0.7293 0.6837
vn 0.09305 0.9716 -0.2175
vn 0.09571 0.9615 -0.2575
vn -0.4377 0.7677 -0.4679
vn -0.4634 0.8083 -0.3633
vn 0.09088 0.9542 -0.2851
vn -0.3831 0.717 -0.5823
vn 0.7285 0.6589 0.1872
vn 0.7676 0.6409 0.01047
vn 0.9221 0.1798 0.3425
vn 0.9746 0.1612 0.1556
vn 0.7716 0.6214 -0.1355
vn 0.9875 0.1539 -0.03214
vn -0.5055 0.8081 -0.3022
vn -0.5258 0.7277 -0.4403
vn -0.4339 0.8052 -0.4042
vn -0.4276 0.8626 -0.2703
vn -0.5324 0.6122 -0.5846
vn -0.4238 0.721 -0.5482
vn -0.4209 0.8911 0.1695
vn -0.4701 0.8776 -0.09336
vn -0.4077 0.9113 -0.05789
vn -0.3908 0.896 0.2107
vn 0.9173 0.001526 0.3982
vn 0.8655 -0.005341 0.5008
vn 0.8013 -0.2211 0.5559
vn 0.8771 -0.183 0.444
vn 0.7979 0.01172 0.6027
vn 0.7037 -0.2291 0.6725
vn 0.9752 0.1027 0.1959
vn 0.9557 0.03601 0.2921
vn 0.9357 -0.1174 0.3326
vn 0.9738 -0.02753 0.2257
vn 0.1238 0.4376 0.8906
vn -0.07474 0.5839 0.8084
vn -0.25 0.4292 0.8679
vn -0.07828 0.2309 0.9698
vn -0.2362 0.7205 0.652
vn -0.3464 0.6229 0.7014
vn 0.5538 0.1491 0.8192
vn 0.3559 0.2779 0.8922
vn 0.1634 0.03168 0.9861
vn 0.3901 -0.1131 0.9138
vn 0.2242 0.01694 -0.9744
vn 0.6743 0.03461 -0.7376
vn 0.7958 0.1987 -0.572
vn 0.3943 0.1848 -0.9002
vn 0.9363 0.1419 -0.3211
vn 0.9579 0.1791 -0.2243
vn -0.4234 0.239 -0.8738
vn -0.2036 0.09088 -0.9748
vn -0.1008 0.2173 -0.9709
vn -0.3204 0.3811 -0.8672
vn 0.9847 0.1704 0.03574
vn 0.9948 0.08429 0.05713
vn -0.3559 0.8343 0.4211
vn -0.385 0.7954 0.468
vn 0.6966 0.06247 0.7147
vn 0.5673 -0.1957 0.7999
vn -0.508 0.4344 -0.7438
vn -0.3915 0.5741 -0.7191
vn -0.6117 0.4068 -0.6784
vn -0.702 0.4728 -0.5325
vn -0.4352 0.3613 -0.8246
vn -0.4594 0.2727 -0.8453
vn -0.615 0.3543 -0.7044
vn -0.6883 0.4589 -0.5618
vn 0.7918 0.1068 0.6013
vn 0.866 0.0564 0.4968
vn 0.6734 0.1855 0.7157
vn 0.6714 0.2467 0.6988
vn 0.7835 0.1623 0.5998
vn 0.8569 0.1036 0.505
vn -0.5146 0.7757 0.3653
vn -0.2952 0.7118 0.6372
vn -0.6362 0.7653 0.09796
vn -0.5813 0.8057 0.1138
vn -0.4515 0.8048 0.3852
vn -0.2261 0.7372 0.6367
vn 0.9639 0.04575 -0.2622
vn 0.8137 0.1135 -0.5701
vn 0.9974 0.006653 -0.07178
vn 0.9994 0.03238 0.01028
vn 0.9822 0.04382 -0.1823
vn 0.8483 0.05048 -0.5271
vn -0.1487 0.3342 -0.9307
vn 0.225 0.2872 -0.9311
vn 0.2114 0.1766 -0.9613
vn -0.184 0.2248 -0.9569
vn 0.5548 0.2049 -0.8064
vn 0.5782 0.1073 -0.8088
vn 0.479 0.3076 0.8221
vn 0.2095 0.4597 0.863
vn 0.2613 0.5078 0.8209
vn 0.4982 0.367 0.7855
vn -0.05002 0.5947 0.8024
vn 0.01874 0.6289 0.7773
vn 0.9986 -0.01465 0.05029
vn 0.9747 -0.007019 0.2232
vn 0.9621 0.02521 0.2715
vn 0.9922 0.01205 0.1234
vn 0.9225 0.02149 0.3853
vn 0.9115 0.06153 0.4067
vn -0.6937 0.7109 -0.1156
vn -0.7218 0.6306 -0.285
vn -0.6836 0.6611 -0.3092
vn -0.6464 0.7528 -0.124
vn -0.7278 0.5492 -0.4108
vn -0.7009 0.5625 -0.4385
vn -0.5672 0.384 -0.7285
vn -0.6113 0.5362 -0.582
vn -0.4497 0.2405 -0.8602
vn 0.7598 0.1955 0.62
vn 0.838 0.1351 0.5286
vn 0.6446 0.2828 0.7103
vn -0.3684 0.8419 0.3944
vn -0.176 0.7623 0.6228
vn -0.4799 0.8664 0.1377
vn 0.9894 0.1298 -0.06446
vn 0.8913 0.05234 -0.4503
vn 0.9871 0.1152 0.1115
vn -0.2039 0.1423 -0.9686
vn 0.199 0.07242 -0.9773
vn 0.6027 0.02481 -0.7975
vn 0.4763 0.4012 0.7824
vn 0.2586 0.5371 0.8029
vn 0.04089 0.6546 0.7549
vn 0.9739 0.07874 0.2129
vn 0.9399 0.07685 0.3327
vn 0.8925 0.09922 0.4399
vn -0.5426 0.8322 -0.1142
vn -0.5828 0.7497 -0.3134
vn -0.6075 0.6554 -0.4488
f 1/1/1 2/2/2 3/3/3
f 1/1/1 3/3/3 4/4/4
f 2/2/2 5/5/5 6/6/6
f 2/2/2 6/6/6 3/3/3
f 3/3/3 6/6/6 7/7/7
f 3/3/3 7/7/7 8/8/8
f 4/4/4 3/3/3 8/8/8
f 4/4/4 8/8/8 9/9/9
f 10/10/10 11/11/11 12/12/12
f 10/10/10 12/12/12 13/13/13
f 11/11/11 14/14/14 15/15/15
f 11/11/11 15/15/15 12/12/12
f 12/12/12 15/15/15 16/16/16
f 12/12/12 16/16/16 17/17/17
f 13/13/13 12/12/12 17/17/17
f 13/13/13 17/17/17 18/18/18
f 19/19/19 20/20/20 21/21/21
f 19/19/19 21/21/21 22/22/22
f 20/20/20 23/23/23 24/24/24
f 20/20/20 24/24/24 21/21/21
f 21/21/21 24/24/24 25/25/25
f 21/21/21 25/25/25 26/26/26
f 22/22/22 21/21/21 26/26/26
f 22/22/22 26/26/26 27/27/27
f 28/28/28 29/29/29 30/30/30
f 28/28/28 30/30/30 31/31/31
f 29/29/29 32/32/32 33/33/33
f 29/29/29 33/33/33 30/30/30
f 30/30/30 33/33/33 14/14/14
f 30/30/30 14/14/14 11/11/11
f 31/31/31 30/30/30 11/11/11
f 31/31/31 11/11/11 10/10/10
f 34/34/34 35/35/35 36/36/36
f 34/34/34 36/36/36 37/37/37
f 35/35/35 38/38/38 39/39/39
f 35/35/35 39/39/39 36/36/36
f 36/36/36 39/39/39 27/27/27
f 36/36/36 27/27/27 26/26/26
f 37/37/37 36/36/36 26/26/26
f 37/37/37 26/26/26 25/25/25
f 40/40/40 41/41/41 42/42/42
f 40/40/40 42/42/42 43/43/43
f 41/41/41 44/44/44 45/45/45
f 41/41/41 45/45/45 42/42/42
f 42/42/42 45/45/45 46/46/46
f 42/42/42 46/46/46 47/47/47
f 43/43/43 42/42/42 47/47/47
f 43/43/43 47/47/47 48/48/48
f 48/48/48 47/47/47 49/49/49
f 48/48/48 49/49/49 50/50/50
f 47/47/47 46/46/46 51/51/51
f 47/47/47 51/51/51 49/49/49
f 49/49/49 51/51/51 5/5/5
f 49/49/49 5/5/5 2/2/2
f 50/50/50 49/49/49 2/2/2
f 50/50/50 2/2/2 1/1/1
f 18/18/18 17/17/17 52/52/52
f 18/18/18 52/52/52 53/53/53
f 17/17/17 16/16/16 54/54/54
f 17/17/17 54/54/54 52/52/52
f 52/52/52 54/54/54 55/55/55
f 52/52/52 55/55/55 56/56/56
f 53/53/53 52/52/52 56/56/56
f 53/53/53 56/56/56 57/57/57
f 58/58/58 59/59/59 60/60/60
f 58/58/58 60/60/60 61/61/61
f 62/62/62 63/63/63 60/60/60
f 62/62/62 60/60/60 59/59/59
f 64/64/64 65/65/65 60/60/60
f 64/64/64 60/60/60 63/63/63
f 32/32/32 29/29/29 60/60/60
f 32/32/32 60/60/60 65/65/65
f 28/28/28 61/61/61 60/60/60
f 28/28/28 60/60/60 29/29/29
f 66/66/66 67/67/67 68/68/68
f 66/66/66 68/68/68 69/69/69
f 67/67/67 70/70/70 71/71/71
f 67/67/67 71/71/71 68/68/68
f 68/68/68 71/71/71 44/44/44
f 68/68/68 44/44/44 41/41/41
f 69/69/69 68/68/68 41/41/41
f 69/69/69 41/41/41 40/40/40
f 72/72/72 73/73/73 74/74/74
f 72/72/72 74/74/74 75/75/75
f 73/73/73 76/76/76 77/77/77
f 73/73/73 77/77/77 74/74/74
f 74/74/74 77/77/77 78/78/78
f 74/74/74 78/78/78 79/79/79
f 75/75/75 74/74/74 79/79/79
f 75/75/75 79/79/79 80/80/80
f 81/81/81 82/82/82 83/83/83
f 81/81/81 83/83/83 84/84/84
f 82/82/82 85/85/85 86/86/86
f 82/82/82 86/86/86 83/83/83
f 83/83/83 86/86/86 87/87/87
f 83/83/83 87/87/87 88/88/88
f 84/84/84 83/83/83 88/88/88
f 84/84/84 88/88/88 89/89/89
f 90/90/90 91/91/91 92/92/92
f 90/90/90 92/92/92 93/93/93
f 91/91/91 94/94/94 95/95/95
f 91/91/91 95/95/95 92/92/92
f 92/92/92 95/95/95 96/96/96
f 92/92/92 96/96/96 97/97/97
f 93/93/93 92/92/92 97/97/97
f 93/93/93 97/97/97 98/98/98
f 99/99/99 100/100/100 101/101/101
f 99/99/99 101/101/101 102/102/102
f 100/100/100 103/103/103 104/104/104
f 100/100/100 104/104/104 101/101/101
f 101/101/101 104/104/104 105/105/105
f 101/101/101 105/105/105 106/106/106
f 102/102/102 101/101/101 106/106/106
f 102/102/102 106/106/106 107/107/107
f 108/108/108 109/109/109 110/110/110
f 108/108/108 110/110/110 111/111/111
f 109/109/109 112/112/112 113/113/113
f 109/109/109 113/113/113 110/110/110
f 110/110/110 113/113/113 94/94/94
f 110/110/110 94/94/94 91/91/91
f 111/111/111 110/110/110 91/91/91
f 111/111/111 91/91/91 90/90/90
f 114/114/114 115/115/115 116/116/116
f 114/114/114 116/116/116 117/117/117
f 115/115/115 118/118/118 119/119/119
f 115/115/115 119/119/119 116/116/116
f 116/116/116 119/119/119 120/120/120
f 116/116/116 120/120/120 121/121/121
f 117/117/117 116/116/116 121/121/121
f 117/117/117 121/121/121 122/122/122
f 123/123/123 124/124/124 125/125/125
f 123/123/123 125/125/125 126/126/126
f 124/124/124 127/127/127 128/128/128
f 124/124/124 128/128/128 125/125/125
f 125/125/125 128/128/128 129/129/129
f 125/125/125 129/129/129 130/130/130
f 126/126/126 125/125/125 130/130/130
f 126/126/126 130/130/130 131/131/131
f 122/122/122 121/121/121 132/132/132
f 122/122/122 132/132/132 133/133/133
f 121/121/121 120/120/120 134/134/134
f 121/121/121 134/134/134 132/132/132
f 132/132/132 134/134/134 135/135/135
f 132/132/132 135/135/135 136/136/136
f 133/133/133 132/132/132 136/136/136
f 133/133/133 136/136/136 137/137/137
f 89/89/89 88/88/88 138/138/138
f 89/89/89 138/138/138 139/139/139
f 88/88/88 87/87/87 140/140/140
f 88/88/88 140/140/140 138/138/138
f 138/138/138 140/140/140 127/127/127
f 138/138/138 127/127/127 124/124/124
f 139/139/139 138/138/138 124/124/124
f 139/139/139 124/124/124 123/123/123
f 107/107/107 106/106/106 141/141/141
f 107/107/107 141/141/141 142/142/142
f 106/106/106 105/105/105 143/143/143
f 106/106/106 143/143/143 141/141/141
f 141/141/141 143/143/143 144/144/144
f 141/141/141 144/144/144 145/145/145
f 142/142/142 141/141/141 145/145/145
f 142/142/142 145/145/145 146/146/146
f 147/147/147 148/148/148 149/149/149
f 147/147/147 149/149/149 150/150/150
f 148/148/148 151/151/151 152/152/152
f 148/148/148 152/152/152 149/149/149
f 149/149/149 152/152/152 153/153/153
f 149/149/149 153/153/153 154/154/154
f 150/150/150 149/149/149 154/154/154
f 150/150/150 154/154/154 38/38/38
f 146/146/146 145/145/145 155/155/155
f 146/146/146 155/155/155 156/156/156
f 145/145/145 144/144/144 157/157/157
f 145/145/145 157/157/157 155/155/155
f 155/155/155 157/157/157 151/151/151
f 155/155/155 151/151/151 148/148/148
f 156/156/156 155/155/155 148/148/148
f 156/156/156 148/148/148 147/147/147
f 98/98/98 97/97/97 158/158/158
f 98/98/98 158/158/158 159/159/159
f 97/97/97 96/96/96 160/160/160
f 97/97/97 160/160/160 158/158/158
f 158/158/158 160/160/160 161/161/161
f 158/158/158 161/161/161 162/162/162
f 159/159/159 158/158/158 162/162/162
f 159/159/159 162/162/162 163/163/163
f 137/137/137 136/136/136 164/164/164
f 137/137/137 164/164/164 165/165/165
f 136/136/136 135/135/135 166/166/166
f 136/136/136 166/166/166 164/164/164
f 164/164/164 166/166/166 167/167/167
f 164/164/164 167/167/167 168/168/168
f 165/165/165 164/164/164 168/168/168
f 165/165/165 168/168/168 169/169/169
f 170/170/170 171/171/171 172/172/172
f 170/170/170 172/172/172 173/173/173
f 171/171/171 174/174/174 175/175/175
f 171/171/171 175/175/175 172/172/172
f 172/172/172 175/175/175 176/176/176
f 172/172/172 176/176/176 177/177/177
f 173/173/173 172/172/172 177/177/177
f 173/173/173 177/177/177 178/178/178
f 163/163/163 162/162/162 179/179/179
f 163/163/163 179/179/179 180/180/180
f 162/162/162 161/161/161 181/181/181
f 162/162/162 181/181/181 179/179/179
f 179/179/179 181/181/181 174/174/174
f 179/179/179 174/174/174 171/171/171
f 180/180/180 179/179/179 171/171/171
f 180/180/180 171/171/171 170/170/170
f 169/169/169 168/168/168 182/182/182
f 169/169/169 182/182/182 183/183/183
f 168/168/168 167/167/167 184/184/184
f 168/168/168 184/184/184 182/182/182
f 182/182/182 184/184/184 185/185/185
f 182/182/182 185/185/185 186/186/186
f 183/183/183 182/182/182 186/186/186
f 183/183/183 186/186/186 187/187/187
f 131/131/131 130/130/130 188/188/188
f 131/131/131 188/188/188 189/189/189
f 130/130/130 129/129/129 190/190/190
f 130/130/130 190/190/190 188/188/188
f 188/188/188 190/190/190 191/191/191
f 188/188/188 191/191/191 192/192/192
f 189/189/189 188/188/188 192/192/192
f 189/189/189 192/192/192 193/193/193
f 194/194/194 195/195/195 196/196/196
f 194/194/194 196/196/196 197/197/197
f 195/195/195 198/198/198 199/199/199
f 195/195/195 199/199/199 196/196/196
f 196/196/196 199/199/199 200/200/200
f 196/196/196 200/200/200 201/201/201
f 197/197/197 196/196/196 201/201/201
f 197/197/197 201/201/201 202/202/202
f 187/187/187 186/186/186 203/203/203
f 187/187/187 203/203/203 204/204/204
f 186/186/186 185/185/185 205/205/205
f 186/186/186 205/205/205 203/203/203
f 203/203/203 205/205/205 206/206/206
f 203/203/203 206/206/206 207/207/207
f 204/204/204 203/203/203 207/207/207
f 204/204/204 207/207/207 208/208/208
f 193/193/193 192/192/192 209/209/209
f 193/193/193 209/209/209 210/210/210
f 192/192/192 191/191/191 211/211/211
f 192/192/192 211/211/211 209/209/209
f 209/209/209 211/211/211 212/212/212
f 209/209/209 212/212/212 213/213/213
f 210/210/210 209/209/209 213/213/213
f 210/210/210 213/213/213 80/80/80
f 38/38/38 154/154/154 214/214/214
f 38/38/38 214/214/214 39/39/39
f 154/154/154 153/153/153 215/215/215
f 154/154/154 215/215/215 214/214/214
f 214/214/214 215/215/215 216/216/216
f 214/214/214 216/216/216 217/217/217
f 39/39/39 214/214/214 217/217/217
f 39/39/39 217/217/217 27/27/27
f 218/218/218 219/219/219 220/220/220
f 218/218/218 220/220/220 221/221/221
f 219/219/219 222/222/222 223/223/223
f 219/219/219 223/223/223 220/220/220
f 220/220/220 223/223/223 212/212/212
f 220/220/220 212/212/212 224/224/224
f 221/221/221 220/220/220 224/224/224
f 221/221/221 224/224/224 225/225/225
f 23/23/23 226/226/226 227/227/227
f 23/23/23 227/227/227 24/24/24
f 226/226/226 228/228/228 229/229/229
f 226/226/226 229/229/229 227/227/227
f 227/227/227 229/229/229 206/206/206
f 227/227/227 206/206/206 230/230/230
f 24/24/24 227/227/227 230/230/230
f 24/24/24 230/230/230 25/25/25
f 231/231/231 232/232/232 233/233/233
f 231/231/231 233/233/233 234/234/234
f 232/232/232 235/235/235 236/236/236
f 232/232/232 236/236/236 233/233/233
f 233/233/233 236/236/236 216/216/216
f 233/233/233 216/216/216 237/237/237
f 234/234/234 233/233/233 237/237/237
f 234/234/234 237/237/237 238/238/238
f 76/76/76 239/239/239 240/240/240
f 76/76/76 240/240/240 77/77/77
f 239/239/239 241/241/241 242/242/242
f 239/239/239 242/242/242 240/240/240
f 240/240/240 242/242/242 176/176/176
f 240/240/240 176/176/176 243/243/243
f 77/77/77 240/240/240 243/243/243
f 77/77/77 243/243/243 78/78/78
f 202/202/202 201/201/201 244/244/244
f 202/202/202 244/244/244 245/245/245
f 201/201/201 200/200/200 246/246/246
f 201/201/201 246/246/246 244/244/244
f 244/244/244 246/246/246 247/247/247
f 244/244/244 247/247/247 248/248/248
f 245/245/245 244/244/244 248/248/248
f 245/245/245 248/248/248 249/249/249
f 250/250/250 251/251/251 252/252/252
f 250/250/250 252/252/252 253/253/253
f 251/251/251 254/254/254 255/255/255
f 251/251/251 255/255/255 252/252/252
f 252/252/252 255/255/255 256/256/256
f 252/252/252 256/256/256 257/257/257
f 253/253/253 252/252/252 257/257/257
f 253/253/253 257/257/257 258/258/258
f 70/70/70 259/259/259 260/260/260
f 70/70/70 260/260/260 71/71/71
f 259/259/259 261/261/261 262/262/262
f 259/259/259 262/262/262 260/260/260
f 260/260/260 262/262/262 263/263/263
f 260/260/260 263/263/263 264/264/264
f 71/71/71 260/260/260 264/264/264
f 71/71/71 264/264/264 44/44/44
f 64/64/64 265/265/265 266/266/266
f 64/64/64 266/266/266 65/65/65
f 265/265/265 267/267/267 268/268/268
f 265/265/265 268/268/268 266/266/266
f 266/266/266 268/268/268 269/269/269
f 266/266/266 269/269/269 270/270/270
f 65/65/65 266/266/266 270/270/270
f 65/65/65 270/270/270 32/32/32
f 46/46/46 271/271/271 272/272/272
f 46/46/46 272/272/272 51/51/51
f 271/271/271 273/273/273 274/274/274
f 271/271/271 274/274/274 272/272/272
f 272/272/272 274/274/274 275/275/275
f 272/272/272 275/275/275 276/276/276
f 51/51/51 272/272/272 276/276/276
f 51/51/51 276/276/276 5/5/5
f 258/258/258 257/257/257 277/277/277
f 258/258/258 277/277/277 278/278/278
f 257/257/257 256/256/256 279/279/279
f 257/257/257 279/279/279 277/277/277
f 277/277/277 279/279/279 280/280/280
f 277/277/277 280/280/280 281/281/281
f 278/278/278 277/277/277 281/281/281
f 278/278/278 281/281/281 282/282/282
f 44/44/44 264/264/264 283/283/283
f 44/44/44 283/283/283 45/45/45
f 264/264/264 263/263/263 284/284/284
f 264/264/264 284/284/284 283/283/283
f 283/283/283 284/284/284 273/273/273
f 283/283/283 273/273/273 271/271/271
f 45/45/45 283/283/283 271/271/271
f 45/45/45 271/271/271 46/46/46
f 32/32/32 270/270/270 285/285/285
f 32/32/32 285/285/285 33/33/33
f 270/270/270 269/269/269 286/286/286
f 270/270/270 286/286/286 285/285/285
f 285/285/285 286/286/286 287/287/287
f 285/285/285 287/287/287 288/288/288
f 33/33/33 285/285/285 288/288/288
f 33/33/33 288/288/288 14/14/14
f 289/289/289 290/290/290 291/291/291
f 289/289/289 291/291/291 292/292/292
f 290/290/290 293/293/293 294/294/294
f 290/290/290 294/294/294 291/291/291
f 291/291/291 294/294/294 295/295/295
f 291/291/291 295/295/295 296/296/296
f 292/292/292 291/291/291 296/296/296
f 292/292/292 296/296/296 297/297/297
f 14/14/14 288/288/288 298/298/298
f 14/14/14 298/298/298 15/15/15
f 288/288/288 287/287/287 299/299/299
f 288/288/288 299/299/299 298/298/298
f 298/298/298 299/299/299 300/300/300
f 298/298/298 300/300/300 301/301/301
f 15/15/15 298/298/298 301/301/301
f 15/15/15 301/301/301 16/16/16
f 249/249/249 248/248/248 302/302/302
f 249/249/249 302/302/302 303/303/303
f 248/248/248 247/247/247 304/304/304
f 248/248/248 304/304/304 302/302/302
f 302/302/302 304/304/304 293/293/293
f 302/302/302 293/293/293 290/290/290
f 303/303/303 302/302/302 290/290/290
f 303/303/303 290/290/290 289/289/289
f 282/282/282 281/281/281 305/305/305
f 282/282/282 305/305/305 306/306/306
f 281/281/281 280/280/280 307/307/307
f 281/281/281 307/307/307 305/305/305
f 305/305/305 307/307/307 308/308/308
f 305/305/305 308/308/308 309/309/309
f 306/306/306 305/305/305 309/309/309
f 306/306/306 309/309/309 310/310/310
f 310/310/310 309/309/309 311/311/311
f 310/310/310 311/311/311 312/312/312
f 309/309/309 308/308/308 313/313/313
f 309/309/309 313/313/313 311/311/311
f 311/311/311 313/313/313 314/314/314
f 311/311/311 314/314/314 315/315/315
f 312/312/312 311/311/311 315/315/315
f 312/312/312 315/315/315 316/316/316
f 5/5/5 276/276/276 317/317/317
f 5/5/5 317/317/317 6/6/6
f 276/276/276 275/275/275 318/318/318
f 276/276/276 318/318/318 317/317/317
f 317/317/317 318/318/318 319/319/319
f 317/317/317 319/319/319 320/320/320
f 6/6/6 317/317/317 320/320/320
f 6/6/6 320/320/320 7/7/7
f 16/16/16 301/301/301 321/321/321
f 16/16/16 321/321/321 54/54/54
f 301/301/301 300/300/300 322/322/322
f 301/301/301 322/322/322 321/321/321
f 321/321/321 322/322/322 323/323/323
f 321/321/321 323/323/323 324/324/324
f 54/54/54 321/321/321 324/324/324
f 54/54/54 324/324/324 55/55/55
f 275/275/275 325/325/325 326/326/326
f 275/275/275 326/326/326 318/318/318
f 325/325/325 327/327/327 328/328/328
f 325/325/325 328/328/328 326/326/326
f 326/326/326 328/328/328 329/329/329
f 326/326/326 329/329/329 330/330/330
f 318/318/318 326/326/326 330/330/330
f 318/318/318 330/330/330 319/319/319
f 327/327/327 331/331/331 332/332/332
f 327/327/327 332/332/332 328/328/328
f 331/331/331 310/310/310 312/312/312
f 331/331/331 312/312/312 332/332/332
f 332/332/332 312/312/312 316/316/316
f 332/332/332 316/316/316 333/333/333
f 328/328/328 332/332/332 333/333/333
f 328/328/328 333/333/333 329/329/329
f 273/273/273 334/334/334 335/335/335
f 273/273/273 335/335/335 274/274/274
f 334/334/334 336/336/336 337/337/337
f 334/334/334 337/337/337 335/335/335
f 335/335/335 337/337/337 327/327/327
f 335/335/335 327/327/327 325/325/325
f 274/274/274 335/335/335 325/325/325
f 274/274/274 325/325/325 275/275/275
f 336/336/336 338/338/338 339/339/339
f 336/336/336 339/339/339 337/337/337
f 338/338/338 282/282/282 306/306/306
f 338/338/338 306/306/306 339/339/339
f 339/339/339 306/306/306 310/310/310
f 339/339/339 310/310/310 331/331/331
f 337/337/337 339/339/339 331/331/331
f 337/337/337 331/331/331 327/327/327
f 287/287/287 340/340/340 341/341/341
f 287/287/287 341/341/341 299/299/299
f 340/340/340 342/342/342 343/343/343
f 340/340/340 343/343/343 341/341/341
f 341/341/341 343/343/343 344/344/344
f 341/341/341 344/344/344 345/345/345
f 299/299/299 341/341/341 345/345/345
f 299/299/299 345/345/345 300/300/300
f 342/342/342 346/346/346 347/347/347
f 342/342/342 347/347/347 343/343/343
f 346/346/346 249/249/249 303/303/303
f 346/346/346 303/303/303 347/347/347
f 347/347/347 303/303/303 289/289/289
f 347/347/347 289/289/289 348/348/348
f 343/343/343 347/347/347 348/348/348
f 343/343/343 348/348/348 344/344/344
f 300/300/300 345/345/345 349/349/349
f 300/300/300 349/349/349 322/322/322
f 345/345/345 344/344/344 350/350/350
f 345/345/345 350/350/350 349/349/349
f 349/349/349 350/350/350 351/351/351
f 349/349/349 351/351/351 352/352/352
f 322/322/322 349/349/349 352/352/352
f 322/322/322 352/352/352 323/323/323
f 344/344/344 348/348/348 353/353/353
f 344/344/344 353/353/353 350/350/350
f 348/348/348 289/289/289 292/292/292
f 348/348/348 292/292/292 353/353/353
f 353/353/353 292/292/292 297/297/297
f 353/353/353 297/297/297 354/354/354
f 350/350/350 353/353/353 354/354/354
f 350/350/350 354/354/354 351/351/351
f 263/263/263 355/355/355 356/356/356
f 263/263/263 356/356/356 284/284/284
f 355/355/355 357/357/357 358/358/358
f 355/355/355 358/358/358 356/356/356
f 356/356/356 358/358/358 336/336/336
f 356/356/356 336/336/336 334/334/334
f 284/284/284 356/356/356 334/334/334
f 284/284/284 334/334/334 273/273/273
f 357/357/357 359/359/359 360/360/360
f 357/357/357 360/360/360 358/358/358
f 359/359/359 258/258/258 278/278/278
f 359/359/359 278/278/278 360/360/360
f 360/360/360 278/278/278 282/282/282
f 360/360/360 282/282/282 338/338/338
f 358/358/358 360/360/360 338/338/338
f 358/358/358 338/338/338 336/336/336
f 261/261/261 361/361/361 362/362/362
f 261/261/261 362/362/362 262/262/262
f 361/361/361 363/363/363 364/364/364
f 361/361/361 364/364/364 362/362/362
f 362/362/362 364/364/364 357/357/357
f 362/362/362 357/357/357 355/355/355
f 262/262/262 362/362/362 355/355/355
f 262/262/262 355/355/355 263/263/263
f 363/363/363 365/365/365 366/366/366
f 363/363/363 366/366/366 364/364/364
f 365/365/365 250/250/250 253/253/253
f 365/365/365 253/253/253 366/366/366
f 366/366/366 253/253/253 258/258/258
f 366/366/366 258/258/258 359/359/359
f 364/364/364 366/366/366 359/359/359
f 364/364/364 359/359/359 357/357/357
f 269/269/269 367/367/367 368/368/368
f 269/269/269 368/368/368 286/286/286
f 367/367/367 369/369/369 370/370/370
f 367/367/367 370/370/370 368/368/368
f 368/368/368 370/370/370 342/342/342
f 368/368/368 342/342/342 340/340/340
f 286/286/286 368/368/368 340/340/340
f 286/286/286 340/340/340 287/287/287
f 369/369/369 371/371/371 372/372/372
f 369/369/369 372/372/372 370/370/370
f 371/371/371 202/202/202 245/245/245
f 371/371/371 245/245/245 372/372/372
f 372/372/372 245/245/245 249/249/249
f 372/372/372 249/249/249 346/346/346
f 370/370/370 372/372/372 346/346/346
f 370/370/370 346/346/346 342/342/342
f 241/241/241 373/373/373 374/374/374
f 241/241/241 374/374/374 242/242/242
f 373/373/373 375/375/375 376/376/376
f 373/373/373 376/376/376 374/374/374
f 374/374/374 376/376/376 178/178/178
f 374/374/374 178/178/178 177/177/177
f 242/242/242 374/374/374 177/177/177
f 242/242/242 177/177/177 176/176/176
f 375/375/375 377/377/377 378/378/378
f 375/375/375 378/378/378 376/376/376
f 377/377/377 231/231/231 234/234/234
f 377/377/377 234/234/234 378/378/378
f 378/378/378 234/234/234 238/238/238
f 378/378/378 238/238/238 379/379/379
f 376/376/376 378/378/378 379/379/379
f 376/376/376 379/379/379 178/178/178
f 228/228/228 380/380/380 381/381/381
f 228/228/228 381/381/381 229/229/229
f 380/380/380 382/382/382 383/383/383
f 380/380/380 383/383/383 381/381/381
f 381/381/381 383/383/383 208/208/208
f 381/381/381 208/208/208 207/207/207
f 229/229/229 381/381/381 207/207/207
f 229/229/229 207/207/207 206/206/206
f 382/382/382 384/384/384 385/385/385
f 382/382/382 385/385/385 383/383/383
f 384/384/384 218/218/218 221/221/221
f 384/384/384 221/221/221 385/385/385
f 385/385/385 221/221/221 225/225/225
f 385/385/385 225/225/225 386/386/386
f 383/383/383 385/385/385 386/386/386
f 383/383/383 386/386/386 208/208/208
f 191/191/191 387/387/387 388/388/388
f 191/191/191 388/388/388 211/211/211
f 387/387/387 389/389/389 390/390/390
f 387/387/387 390/390/390 388/388/388
f 388/388/388 390/390/390 225/225/225
f 388/388/388 225/225/225 224/224/224
f 211/211/211 388/388/388 224/224/224
f 211/211/211 224/224/224 212/212/212
f 389/389/389 391/391/391 392/392/392
f 389/389/389 392/392/392 390/390/390
f 391/391/391 187/187/187 204/204/204
f 391/391/391 204/204/204 392/392/392
f 392/392/392 204/204/204 208/208/208
f 392/392/392 208/208/208 386/386/386
f 390/390/390 392/392/392 386/386/386
f 390/390/390 386/386/386 225/225/225
f 129/129/129 393/393/393 394/394/394
f 129/129/129 394/394/394 190/190/190
f 393/393/393 395/395/395 396/396/396
f 393/393/393 396/396/396 394/394/394
f 394/394/394 396/396/396 389/389/389
f 394/394/394 389/389/389 387/387/387
f 190/190/190 394/394/394 387/387/387
f 190/190/190 387/387/387 191/191/191
f 395/395/395 397/397/397 398/398/398
f 395/395/395 398/398/398 396/396/396
f 397/397/397 169/169/169 183/183/183
f 397/397/397 183/183/183 398/398/398
f 398/398/398 183/183/183 187/187/187
f 398/398/398 187/187/187 391/391/391
f 396/396/396 398/398/398 391/391/391
f 396/396/396 391/391/391 389/389/389
f 151/151/151 399/399/399 400/400/400
f 151/151/151 400/400/400 152/152/152
f 399/399/399 401/401/401 402/402/402
f 399/399/399 402/402/402 400/400/400
f 400/400/400 402/402/402 403/403/403
f 400/400/400 403/403/403 404/404/404
f 152/152/152 400/400/400 404/404/404
f 152/152/152 404/404/404 153/153/153
f 401/401/401 405/405/405 406/406/406
f 401/401/401 406/406/406 402/402/402
f 405/405/405 163/163/163 180/180/180
f 405/405/405 180/180/180 406/406/406
f 406/406/406 180/180/180 170/170/170
f 406/406/406 170/170/170 407/407/407
f 402/402/402 406/406/406 407/407/407
f 402/402/402 407/407/407 403/403/403
f 153/153/153 404/404/404 408/408/408
f 153/153/153 408/408/408 215/215/215
f 404/404/404 403/403/403 409/409/409
f 404/404/404 409/409/409 408/408/408
f 408/408/408 409/409/409 238/238/238
f 408/408/408 238/238/238 237/237/237
f 215/215/215 408/408/408 237/237/237
f 215/215/215 237/237/237 216/216/216
f 403/403/403 407/407/407 410/410/410
f 403/403/403 410/410/410 409/409/409
f 407/407/407 170/170/170 173/173/173
f 407/407/407 173/173/173 410/410/410
f 410/410/410 173/173/173 178/178/178
f 410/410/410 178/178/178 379/379/379
f 409/409/409 410/410/410 379/379/379
f 409/409/409 379/379/379 238/238/238
f 127/127/127 411/411/411 412/412/412
f 127/127/127 412/412/412 128/128/128
f 411/411/411 413/413/413 414/414/414
f 411/411/411 414/414/414 412/412/412
f 412/412/412 414/414/414 395/395/395
f 412/412/412 395/395/395 393/393/393
f 128/128/128 412/412/412 393/393/393
f 128/128/128 393/393/393 129/129/129
f 413/413/413 415/415/415 416/416/416
f 413/413/413 416/416/416 414/414/414
f 415/415/415 137/137/137 165/165/165
f 415/415/415 165/165/165 416/416/416
f 416/416/416 165/165/165 169/169/169
f 416/416/416 169/169/169 397/397/397
f 414/414/414 416/416/416 397/397/397
f 414/414/414 397/397/397 395/395/395
f 144/144/144 417/417/417 418/418/418
f 144/144/144 418/418/418 157/157/157
f 417/417/417 419/419/419 420/420/420
f 417/417/417 420/420/420 418/418/418
f 418/418/418 420/420/420 401/401/401
f 418/418/418 401/401/401 399/399/399
f 157/157/157 418/418/418 399/399/399
f 157/157/157 399/399/399 151/151/151
f 419/419/419 421/421/421 422/422/422
f 419/419/419 422/422/422 420/420/420
f 421/421/421 98/98/98 159/159/159
f 421/421/421 159/159/159 422/422/422
f 422/422/422 159/159/159 163/163/163
f 422/422/422 163/163/163 405/405/405
f 420/420/420 422/422/422 405/405/405
f 420/420/420 405/405/405 401/401/401
f 87/87/87 423/423/423 424/424/424
f 87/87/87 424/424/424 140/140/140
f 423/423/423 425/425/425 426/426/426
f 423/423/423 426/426/426 424/424/424
f 424/424/424 426/426/426 413/413/413
f 424/424/424 413/413/413 411/411/411
f 140/140/140 424/424/424 411/411/411
f 140/140/140 411/411/411 127/127/127
f 425/425/425 427/427/427 428/428/428
f 425/425/425 428/428/428 426/426/426
f 427/427/427 122/122/122 133/133/133
f 427/427/427 133/133/133 428/428/428
f 428/428/428 133/133/133 137/137/137
f 428/428/428 137/137/137 415/415/415
f 426/426/426 428/428/428 415/415/415
f 426/426/426 415/415/415 413/413/413
f 85/85/85 429/429/429 430/430/430
f 85/85/85 430/430/430 86/86/86
f 429/429/429 431/431/431 432/432/432
f 429/429/429 432/432/432 430/430/430
f 430/430/430 432/432/432 425/425/425
f 430/430/430 425/425/425 423/423/423
f 86/86/86 430/430/430 423/423/423
f 86/86/86 423/423/423 87/87/87
f 431/431/431 433/433/433 434/434/434
f 431/431/431 434/434/434 432/432/432
f 433/433/433 114/114/114 117/117/117
f 433/433/433 117/117/117 434/434/434
f 434/434/434 117/117/117 122/122/122
f 434/434/434 122/122/122 427/427/427
f 432/432/432 434/434/434 427/427/427
f 432/432/432 427/427/427 425/425/425
f 103/103/103 435/435/435 436/436/436
f 103/103/103 436/436/436 104/104/104
f 435/435/435 437/437/437 438/438/438
f 435/435/435 438/438/438 436/436/436
f 436/436/436 438/438/438 439/439/439
f 436/436/436 439/439/439 440/440/440
f 104/104/104 436/436/436 440/440/440
f 104/104/104 440/440/440 105/105/105
f 437/437/437 441/441/441 442/442/442
f 437/437/437 442/442/442 438/438/438
f 441/441/441 108/108/108 111/111/111
f 441/441/441 111/111/111 442/442/442
f 442/442/442 111/111/111 90/90/90
f 442/442/442 90/90/90 443/443/443
f 438/438/438 442/442/442 443/443/443
f 438/438/438 443/443/443 439/439/439
f 105/105/105 440/440/440 444/444/444
f 105/105/105 444/444/444 143/143/143
f 440/440/440 439/439/439 445/445/445
f 440/440/440 445/445/445 444/444/444
f 444/444/444 445/445/445 419/419/419
f 444/444/444 419/419/419 417/417/417
f 143/143/143 444/444/444 417/417/417
f 143/143/143 417/417/417 144/144/144
f 439/439/439 443/443/443 446/446/446
f 439/439/439 446/446/446 445/445/445
f 443/443/443 90/90/90 93/93/93
f 443/443/443 93/93/93 446/446/446
f 446/446/446 93/93/93 98/98/98
f 446/446/446 98/98/98 421/421/421
f 445/445/445 446/446/446 421/421/421
f 445/445/445 421/421/421 419/419/419
f 447/447/447 448/448/448 449/449/449
f 447/447/447 449/449/449 450/450/450
f 448/448/448 194/194/194 197/197/197
f 448/448/448 197/197/197 449/449/449
f 449/449/449 197/197/197 202/202/202
f 449/449/449 202/202/202 371/371/371
f 450/450/450 449/449/449 371/371/371
f 450/450/450 371/371/371 369/369/369
f 185/185/185 451/451/451 452/452/452
f 185/185/185 452/452/452 205/205/205
f 451/451/451 34/34/34 37/37/37
f 451/451/451 37/37/37 452/452/452
f 452/452/452 37/37/37 25/25/25
f 452/452/452 25/25/25 230/230/230
f 205/205/205 452/452/452 230/230/230
f 205/205/205 230/230/230 206/206/206
f 235/235/235 453/453/453 454/454/454
f 235/235/235 454/454/454 236/236/236
f 453/453/453 19/19/19 22/22/22
f 453/453/453 22/22/22 454/454/454
f 454/454/454 22/22/22 27/27/27
f 454/454/454 27/27/27 217/217/217
f 236/236/236 454/454/454 217/217/217
f 236/236/236 217/217/217 216/216/216
f 222/222/222 455/455/455 456/456/456
f 222/222/222 456/456/456 223/223/223
f 455/455/455 72/72/72 75/75/75
f 455/455/455 75/75/75 456/456/456
f 456/456/456 75/75/75 80/80/80
f 456/456/456 80/80/80 213/213/213
f 223/223/223 456/456/456 213/213/213
f 223/223/223 213/213/213 212/212/212
f 198/198/198 457/457/457 458/458/458
f 198/198/198 458/458/458 199/199/199
f 457/457/457 66/66/66 69/69/69
f 457/457/457 69/69/69 458/458/458
f 458/458/458 69/69/69 40/40/40
f 458/458/458 40/40/40 459/459/459
f 199/199/199 458/458/458 459/459/459
f 199/199/199 459/459/459 200/200/200
f 254/254/254 460/460/460 461/461/461
f 254/254/254 461/461/461 255/255/255
f 460/460/460 58/58/58 61/61/61
f 460/460/460 61/61/61 461/461/461
f 461/461/461 61/61/61 28/28/28
f 461/461/461 28/28/28 462/462/462
f 255/255/255 461/461/461 462/462/462
f 255/255/255 462/462/462 256/256/256
f 161/161/161 463/463/463 464/464/464
f 161/161/161 464/464/464 181/181/181
f 463/463/463 465/465/465 466/466/466
f 463/463/463 466/466/466 464/464/464
f 464/464/464 466/466/466 467/467/467
f 464/464/464 467/467/467 468/468/468
f 181/181/181 464/464/464 468/468/468
f 181/181/181 468/468/468 174/174/174
f 293/293/293 469/469/469 470/470/470
f 293/293/293 470/470/470 294/294/294
f 469/469/469 1/1/1 4/4/4
f 469/469/469 4/4/4 470/470/470
f 470/470/470 4/4/4 9/9/9
f 470/470/470 9/9/9 471/471/471
f 294/294/294 470/470/470 471/471/471
f 294/294/294 471/471/471 295/295/295
f 247/247/247 472/472/472 473/473/473
f 247/247/247 473/473/473 304/304/304
f 472/472/472 48/48/48 50/50/50
f 472/472/472 50/50/50 473/473/473
f 473/473/473 50/50/50 1/1/1
f 473/473/473 1/1/1 469/469/469
f 304/304/304 473/473/473 469/469/469
f 304/304/304 469/469/469 293/293/293
f 174/174/174 468/468/468 474/474/474
f 174/174/174 474/474/474 175/175/175
f 468/468/468 467/467/467 475/475/475
f 468/468/468 475/475/475 474/474/474
f 474/474/474 475/475/475 78/78/78
f 474/474/474 78/78/78 243/243/243
f 175/175/175 474/474/474 243/243/243
f 175/175/175 243/243/243 176/176/176
f 200/200/200 459/459/459 476/476/476
f 200/200/200 476/476/476 246/246/246
f 459/459/459 40/40/40 43/43/43
f 459/459/459 43/43/43 476/476/476
f 476/476/476 43/43/43 48/48/48
f 476/476/476 48/48/48 472/472/472
f 246/246/246 476/476/476 472/472/472
f 246/246/246 472/472/472 247/247/247
f 308/308/308 477/477/477 478/478/478
f 308/308/308 478/478/478 313/313/313
f 477/477/477 18/18/18 53/53/53
f 477/477/477 53/53/53 478/478/478
f 478/478/478 53/53/53 57/57/57
f 478/478/478 57/57/57 479/479/479
f 313/313/313 478/478/478 479/479/479
f 313/313/313 479/479/479 314/314/314
f 256/256/256 462/462/462 480/480/480
f 256/256/256 480/480/480 279/279/279
f 462/462/462 28/28/28 31/31/31
f 462/462/462 31/31/31 480/480/480
f 480/480/480 31/31/31 10/10/10
f 480/480/480 10/10/10 481/481/481
f 279/279/279 480/480/480 481/481/481
f 279/279/279 481/481/481 280/280/280
f 482/482/482 483/483/483 484/484/484
f 482/482/482 484/484/484 485/485/485
f 486/486/486 487/487/487 484/484/484
f 486/486/486 484/484/484 483/483/483
f 488/488/488 489/489/489 484/484/484
f 488/488/488 484/484/484 487/487/487
f 490/490/490 491/491/491 484/484/484
f 490/490/490 484/484/484 489/489/489
f 492/492/492 493/493/493 484/484/484
f 492/492/492 484/484/484 491/491/491
f 494/494/494 495/495/495 484/484/484
f 494/494/494 484/484/484 493/493/493
f 496/496/496 497/497/497 484/484/484
f 496/496/496 484/484/484 495/495/495
f 498/498/498 499/499/499 484/484/484
f 498/498/498 484/484/484 497/497/497
f 500/500/500 501/501/501 484/484/484
f 500/500/500 484/484/484 499/499/499
f 502/502/502 503/503/503 484/484/484
f 502/502/502 484/484/484 501/501/501
f 504/504/504 505/505/505 484/484/484
f 504/504/504 484/484/484 503/503/503
f 506/506/506 485/485/485 484/484/484
f 506/506/506 484/484/484 505/505/505
f 280/280/280 481/481/481 507/507/507
f 280/280/280 507/507/507 307/307/307
f 481/481/481 10/10/10 13/13/13
f 481/481/481 13/13/13 507/507/507
f 507/507/507 13/13/13 18/18/18
f 507/507/507 18/18/18 477/477/477
f 307/307/307 507/507/507 477/477/477
f 307/307/307 477/477/477 308/308/308
f 467/467/467 508/508/508 509/509/509
f 467/467/467 509/509/509 475/475/475
f 508/508/508 193/193/193 210/210/210
f 508/508/508 210/210/210 509/509/509
f 509/509/509 210/210/210 80/80/80
f 509/509/509 80/80/80 79/79/79
f 475/475/475 509/509/509 79/79/79
f 475/475/475 79/79/79 78/78/78
f 465/465/465 510/510/510 511/511/511
f 465/465/465 511/511/511 466/466/466
f 510/510/510 131/131/131 189/189/189
f 510/510/510 189/189/189 511/511/511
f 511/511/511 189/189/189 193/193/193
f 511/511/511 193/193/193 508/508/508
f 466/466/466 511/511/511 508/508/508
f 466/466/466 508/508/508 467/467/467
f 135/135/135 512/512/512 513/513/513
f 135/135/135 513/513/513 166/166/166
f 512/512/512 514/514/514 515/515/515
f 512/512/512 515/515/515 513/513/513
f 513/513/513 515/515/515 516/516/516
f 513/513/513 516/516/516 517/517/517
f 166/166/166 513/513/513 517/517/517
f 166/166/166 517/517/517 167/167/167
f 514/514/514 518/518/518 519/519/519
f 514/514/514 519/519/519 515/515/515
f 518/518/518 146/146/146 156/156/156
f 518/518/518 156/156/156 519/519/519
f 519/519/519 156/156/156 147/147/147
f 519/519/519 147/147/147 520/520/520
f 515/515/515 519/519/519 520/520/520
f 515/515/515 520/520/520 516/516/516
f 167/167/167 517/517/517 521/521/521
f 167/167/167 521/521/521 184/184/184
f 517/517/517 516/516/516 522/522/522
f 517/517/517 522/522/522 521/521/521
f 521/521/521 522/522/522 34/34/34
f 521/521/521 34/34/34 451/451/451
f 184/184/184 521/521/521 451/451/451
f 184/184/184 451/451/451 185/185/185
f 516/516/516 520/520/520 523/523/523
f 516/516/516 523/523/523 522/522/522
f 520/520/520 147/147/147 150/150/150
f 520/520/520 150/150/150 523/523/523
f 523/523/523 150/150/150 38/38/38
f 523/523/523 38/38/38 35/35/35
f 522/522/522 523/523/523 35/35/35
f 522/522/522 35/35/35 34/34/34
f 120/120/120 524/524/524 525/525/525
f 120/120/120 525/525/525 134/134/134
f 524/524/524 526/526/526 527/527/527
f 524/524/524 527/527/527 525/525/525
f 525/525/525 527/527/527 514/514/514
f 525/525/525 514/514/514 512/512/512
f 134/134/134 525/525/525 512/512/512
f 134/134/134 512/512/512 135/135/135
f 526/526/526 528/528/528 529/529/529
f 526/526/526 529/529/529 527/527/527
f 528/528/528 107/107/107 142/142/142
f 528/528/528 142/142/142 529/529/529
f 529/529/529 142/142/142 146/146/146
f 529/529/529 146/146/146 518/518/518
f 527/527/527 529/529/529 518/518/518
f 527/527/527 518/518/518 514/514/514
f 94/94/94 530/530/530 531/531/531
f 94/94/94 531/531/531 95/95/95
f 530/530/530 532/532/532 533/533/533
f 530/530/530 533/533/533 531/531/531
f 531/531/531 533/533/533 534/534/534
f 531/531/531 534/534/534 535/535/535
f 95/95/95 531/531/531 535/535/535
f 95/95/95 535/535/535 96/96/96
f 532/532/532 536/536/536 537/537/537
f 532/532/532 537/537/537 533/533/533
f 536/536/536 89/89/89 139/139/139
f 536/536/536 139/139/139 537/537/537
f 537/537/537 139/139/139 123/123/123
f 537/537/537 123/123/123 538/538/538
f 533/533/533 537/537/537 538/538/538
f 533/533/533 538/538/538 534/534/534
f 96/96/96 535/535/535 539/539/539
f 96/96/96 539/539/539 160/160/160
f 535/535/535 534/534/534 540/540/540
f 535/535/535 540/540/540 539/539/539
f 539/539/539 540/540/540 465/465/465
f 539/539/539 465/465/465 463/463/463
f 160/160/160 539/539/539 463/463/463
f 160/160/160 463/463/463 161/161/161
f 534/534/534 538/538/538 541/541/541
f 534/534/534 541/541/541 540/540/540
f 538/538/538 123/123/123 126/126/126
f 538/538/538 126/126/126 541/541/541
f 541/541/541 126/126/126 131/131/131
f 541/541/541 131/131/131 510/510/510
f 540/540/540 541/541/541 510/510/510
f 540/540/540 510/510/510 465/465/465
f 118/118/118 542/542/542 543/543/543
f 118/118/118 543/543/543 119/119/119
f 542/542/542 544/544/544 545/545/545
f 542/542/542 545/545/545 543/543/543
f 543/543/543 545/545/545 526/526/526
f 543/543/543 526/526/526 524/524/524
f 119/119/119 543/543/543 524/524/524
f 119/119/119 524/524/524 120/120/120
f 544/544/544 546/546/546 547/547/547
f 544/544/544 547/547/547 545/545/545
f 546/546/546 99/99/99 102/102/102
f 546/546/546 102/102/102 547/547/547
f 547/547/547 102/102/102 107/107/107
f 547/547/547 107/107/107 528/528/528
f 545/545/545 547/547/547 528/528/528
f 545/545/545 528/528/528 526/526/526
f 112/112/112 548/548/548 549/549/549
f 112/112/112 549/549/549 113/113/113
f 548/548/548 550/550/550 551/551/551
f 548/548/548 551/551/551 549/549/549
f 549/549/549 551/551/551 532/532/532
f 549/549/549 532/532/532 530/530/530
f 113/113/113 549/549/549 530/530/530
f 113/113/113 530/530/530 94/94/94
f 550/550/550 552/552/552 553/553/553
f 550/550/550 553/553/553 551/551/551
f 552/552/552 81/81/81 84/84/84
f 552/552/552 84/84/84 553/553/553
f 553/553/553 84/84/84 89/89/89
f 553/553/553 89/89/89 536/536/536
f 551/551/551 553/553/553 536/536/536
f 551/551/551 536/536/536 532/532/532
f 267/267/267 554/554/554 555/555/555
f 267/267/267 555/555/555 268/268/268
f 554/554/554 447/447/447 450/450/450
f 554/554/554 450/450/450 555/555/555
f 555/555/555 450/450/450 369/369/369
f 555/555/555 369/369/369 367/367/367
f 268/268/268 555/555/555 367/367/367
f 268/268/268 367/367/367 269/269/269
f 235/235/235 232/232/232 556/556/556
f 235/235/235 556/556/556 557/557/557
f 232/232/232 231/231/231 558/558/558
f 232/232/232 558/558/558 556/556/556
f 556/556/556 558/558/558 559/559/559
f 556/556/556 559/559/559 560/560/560
f 557/557/557 556/556/556 560/560/560
f 557/557/557 560/560/560 561/561/561
f 228/228/228 226/226/226 562/562/562
f 228/228/228 562/562/562 563/563/563
f 226/226/226 23/23/23 564/564/564
f 226/226/226 564/564/564 562/562/562
f 562/562/562 564/564/564 565/565/565
f 562/562/562 565/565/565 566/566/566
f 563/563/563 562/562/562 566/566/566
f 563/563/563 566/566/566 567/567/567
f 241/241/241 239/239/239 568/568/568
f 241/241/241 568/568/568 569/569/569
f 239/239/239 76/76/76 570/570/570
f 239/239/239 570/570/570 568/568/568
f 568/568/568 570/570/570 571/571/571
f 568/568/568 571/571/571 572/572/572
f 569/569/569 568/568/568 572/572/572
f 569/569/569 572/572/572 573/573/573
f 231/231/231 377/377/377 574/574/574
f 231/231/231 574/574/574 558/558/558
f 377/377/377 375/375/375 575/575/575
f 377/377/377 575/575/575 574/574/574
f 574/574/574 575/575/575 576/576/576
f 574/574/574 576/576/576 577/577/577
f 558/558/558 574/574/574 577/577/577
f 558/558/558 577/577/577 559/559/559
f 218/218/218 384/384/384 578/578/578
f 218/218/218 578/578/578 579/579/579
f 384/384/384 382/382/382 580/580/580
f 384/384/384 580/580/580 578/578/578
f 578/578/578 580/580/580 581/581/581
f 578/578/578 581/581/581 582/582/582
f 579/579/579 578/578/578 582/582/582
f 579/579/579 582/582/582 583/583/583
f 222/222/222 219/219/219 584/584/584
f 222/222/222 584/584/584 585/585/585
f 219/219/219 218/218/218 579/579/579
f 219/219/219 579/579/579 584/584/584
f 584/584/584 579/579/579 583/583/583
f 584/584/584 583/583/583 586/586/586
f 585/585/585 584/584/584 586/586/586
f 585/585/585 586/586/586 587/587/587
f 19/19/19 453/453/453 588/588/588
f 19/19/19 588/588/588 589/589/589
f 453/453/453 235/235/235 557/557/557
f 453/453/453 557/557/557 588/588/588
f 588/588/588 557/557/557 561/561/561
f 588/588/588 561/561/561 590/590/590
f 589/589/589 588/588/588 590/590/590
f 589/589/589 590/590/590 591/591/591
f 72/72/72 455/455/455 592/592/592
f 72/72/72 592/592/592 593/593/593
f 455/455/455 222/222/222 585/585/585
f 455/455/455 585/585/585 592/592/592
f 592/592/592 585/585/585 587/587/587
f 592/592/592 587/587/587 594/594/594
f 593/593/593 592/592/592 594/594/594
f 593/593/593 594/594/594 595/595/595
f 382/382/382 380/380/380 596/596/596
f 382/382/382 596/596/596 580/580/580
f 380/380/380 228/228/228 563/563/563
f 380/380/380 563/563/563 596/596/596
f 596/596/596 563/563/563 567/567/567
f 596/596/596 567/567/567 597/597/597
f 580/580/580 596/596/596 597/597/597
f 580/580/580 597/597/597 581/581/581
f 375/375/375 373/373/373 598/598/598
f 375/375/375 598/598/598 575/575/575
f 373/373/373 241/241/241 569/569/569
f 373/373/373 569/569/569 598/598/598
f 598/598/598 569/569/569 573/573/573
f 598/598/598 573/573/573 599/599/599
f 575/575/575 598/598/598 599/599/599
f 575/575/575 599/599/599 576/576/576
f 76/76/76 73/73/73 600/600/600
f 76/76/76 600/600/600 570/570/570
f 73/73/73 72/72/72 593/593/593
f 73/73/73 593/593/593 600/600/600
f 600/600/600 593/593/593 595/595/595
f 600/600/600 595/595/595 601/601/601
f 570/570/570 600/600/600 601/601/601
f 570/570/570 601/601/601 571/571/571
f 23/23/23 20/20/20 602/602/602
f 23/23/23 602/602/602 564/564/564
f 19/19/19 589/589/589 602/602/602
f 19/19/19 602/602/602 20/20/20
f 591/591/591 603/603/603 602/602/602
f 591/591/591 602/602/602 589/589/589
f 604/604/604 605/605/605 602/602/602
f 604/604/604 602/602/602 603/603/603
f 565/565/565 564/564/564 602/602/602
f 565/565/565 602/602/602 605/605/605
f 561/561/561 560/560/560 606/606/606
f 561/561/561 606/606/606 607/607/607
f 560/560/560 559/559/559 608/608/608
f 560/560/560 608/608/608 606/606/606
f 606/606/606 608/608/608 447/447/447
f 606/606/606 447/447/447 554/554/554
f 607/607/607 606/606/606 554/554/554
f 607/607/607 554/554/554 267/267/267
f 567/567/567 566/566/566 609/609/609
f 567/567/567 609/609/609 610/610/610
f 565/565/565 611/611/611 609/609/609
f 565/565/565 609/609/609 566/566/566
f 612/612/612 613/613/613 609/609/609
f 612/612/612 609/609/609 611/611/611
f 58/58/58 460/460/460 609/609/609
f 58/58/58 609/609/609 613/613/613
f 254/254/254 610/610/610 609/609/609
f 254/254/254 609/609/609 460/460/460
f 573/573/573 572/572/572 614/614/614
f 573/573/573 614/614/614 615/615/615
f 572/572/572 571/571/571 616/616/616
f 572/572/572 616/616/616 614/614/614
f 614/614/614 616/616/616 66/66/66
f 614/614/614 66/66/66 457/457/457
f 615/615/615 614/614/614 457/457/457
f 615/615/615 457/457/457 198/198/198
f 559/559/559 577/577/577 617/617/617
f 559/559/559 617/617/617 608/608/608
f 577/577/577 576/576/576 618/618/618
f 577/577/577 618/618/618 617/617/617
f 617/617/617 618/618/618 194/194/194
f 617/617/617 194/194/194 448/448/448
f 608/608/608 617/617/617 448/448/448
f 608/608/608 448/448/448 447/447/447
f 583/583/583 582/582/582 619/619/619
f 583/583/583 619/619/619 620/620/620
f 582/582/582 581/581/581 621/621/621
f 582/582/582 621/621/621 619/619/619
f 619/619/619 621/621/621 250/250/250
f 619/619/619 250/250/250 365/365/365
f 620/620/620 619/619/619 365/365/365
f 620/620/620 365/365/365 363/363/363
f 587/587/587 586/586/586 622/622/622
f 587/587/587 622/622/622 623/623/623
f 586/586/586 583/583/583 620/620/620
f 586/586/586 620/620/620 622/622/622
f 622/622/622 620/620/620 363/363/363
f 622/622/622 363/363/363 361/361/361
f 623/623/623 622/622/622 361/361/361
f 623/623/623 361/361/361 261/261/261
f 591/591/591 590/590/590 624/624/624
f 591/591/591 624/624/624 625/625/625
f 561/561/561 607/607/607 624/624/624
f 561/561/561 624/624/624 590/590/590
f 267/267/267 265/265/265 624/624/624
f 267/267/267 624/624/624 607/607/607
f 64/64/64 626/626/626 624/624/624
f 64/64/64 624/624/624 265/265/265
f 627/627/627 625/625/625 624/624/624
f 627/627/627 624/624/624 626/626/626
f 595/595/595 594/594/594 628/628/628
f 595/595/595 628/628/628 629/629/629
f 594/594/594 587/587/587 623/623/623
f 594/594/594 623/623/623 628/628/628
f 628/628/628 623/623/623 261/261/261
f 628/628/628 261/261/261 259/259/259
f 629/629/629 628/628/628 259/259/259
f 629/629/629 259/259/259 70/70/70
f 581/581/581 597/597/597 630/630/630
f 581/581/581 630/630/630 621/621/621
f 597/597/597 567/567/567 610/610/610
f 597/597/597 610/610/610 630/630/630
f 630/630/630 610/610/610 254/254/254
f 630/630/630 254/254/254 251/251/251
f 621/621/621 630/630/630 251/251/251
f 621/621/621 251/251/251 250/250/250
f 576/576/576 599/599/599 631/631/631
f 576/576/576 631/631/631 618/618/618
f 599/599/599 573/573/573 615/615/615
f 599/599/599 615/615/615 631/631/631
f 631/631/631 615/615/615 198/198/198
f 631/631/631 198/198/198 195/195/195
f 618/618/618 631/631/631 195/195/195
f 618/618/618 195/195/195 194/194/194
f 571/571/571 601/601/601 632/632/632
f 571/571/571 632/632/632 616/616/616
f 601/601/601 595/595/595 629/629/629
f 601/601/601 629/629/629 632/632/632
f 632/632/632 629/629/629 70/70/70
f 632/632/632 70/70/70 67/67/67
f 616/616/616 632/632/632 67/67/67
f 616/616/616 67/67/67 66/66/66
f 633/633/633 634/634/634 635/635/635
f 633/633/633 635/635/635 636/636/636
f 634/634/634 637/637/637 638/638/638
f 634/634/634 638/638/638 635/635/635
f 635/635/635 638/638/638 639/639/639
f 635/635/635 639/639/639 640/640/640
f 636/636/636 635/635/635 640/640/640
f 636/636/636 640/640/640 641/641/641
f 500/500/500 499/499/499 642/642/642
f 500/500/500 642/642/642 643/643/643
f 499/499/499 498/498/498 644/644/644
f 499/499/499 644/644/644 642/642/642
f 642/642/642 644/644/644 55/55/55
f 642/642/642 55/55/55 324/324/324
f 643/643/643 642/642/642 324/324/324
f 643/643/643 324/324/324 323/323/323
f 502/502/502 501/501/501 645/645/645
f 502/502/502 645/645/645 646/646/646
f 501/501/501 500/500/500 643/643/643
f 501/501/501 643/643/643 645/645/645
f 645/645/645 643/643/643 323/323/323
f 645/645/645 323/323/323 352/352/352
f 646/646/646 645/645/645 352/352/352
f 646/646/646 352/352/352 351/351/351
f 482/482/482 485/485/485 647/647/647
f 482/482/482 647/647/647 648/648/648
f 485/485/485 506/506/506 649/649/649
f 485/485/485 649/649/649 647/647/647
f 647/647/647 649/649/649 295/295/295
f 647/647/647 295/295/295 471/471/471
f 648/648/648 647/647/647 471/471/471
f 648/648/648 471/471/471 9/9/9
f 490/490/490 489/489/489 650/650/650
f 490/490/490 650/650/650 651/651/651
f 489/489/489 488/488/488 652/652/652
f 489/489/489 652/652/652 650/650/650
f 650/650/650 652/652/652 319/319/319
f 650/650/650 319/319/319 330/330/330
f 651/651/651 650/650/650 330/330/330
f 651/651/651 330/330/330 329/329/329
f 492/492/492 491/491/491 653/653/653
f 492/492/492 653/653/653 654/654/654
f 491/491/491 490/490/490 651/651/651
f 491/491/491 651/651/651 653/653/653
f 653/653/653 651/651/651 329/329/329
f 653/653/653 329/329/329 333/333/333
f 654/654/654 653/653/653 333/333/333
f 654/654/654 333/333/333 316/316/316
f 506/506/506 505/505/505 655/655/655
f 506/506/506 655/655/655 649/649/649
f 505/505/505 504/504/504 656/656/656
f 505/505/505 656/656/656 655/655/655
f 655/655/655 656/656/656 297/297/297
f 655/655/655 297/297/297 296/296/296
f 649/649/649 655/655/655 296/296/296
f 649/649/649 296/296/296 295/295/295
f 504/504/504 503/503/503 657/657/657
f 504/504/504 657/657/657 656/656/656
f 503/503/503 502/502/502 646/646/646
f 503/503/503 646/646/646 657/657/657
f 657/657/657 646/646/646 351/351/351
f 657/657/657 351/351/351 354/354/354
f 656/656/656 657/657/657 354/354/354
f 656/656/656 354/354/354 297/297/297
f 496/496/496 495/495/495 658/658/658
f 496/496/496 658/658/658 659/659/659
f 495/495/495 494/494/494 660/660/660
f 495/495/495 660/660/660 658/658/658
f 658/658/658 660/660/660 314/314/314
f 658/658/658 314/314/314 479/479/479
f 659/659/659 658/658/658 479/479/479
f 659/659/659 479/479/479 57/57/57
f 498/498/498 497/497/497 661/661/661
f 498/498/498 661/661/661 644/644/644
f 497/497/497 496/496/496 659/659/659
f 497/497/497 659/659/659 661/661/661
f 661/661/661 659/659/659 57/57/57
f 661/661/661 57/57/57 56/56/56
f 644/644/644 661/661/661 56/56/56
f 644/644/644 56/56/56 55/55/55
f 488/488/488 487/487/487 662/662/662
f 488/488/488 662/662/662 652/652/652
f 487/487/487 486/486/486 663/663/663
f 487/487/487 663/663/663 662/662/662
f 662/662/662 663/663/663 7/7/7
f 662/662/662 7/7/7 320/320/320
f 652/652/652 662/662/662 320/320/320
f 652/652/652 320/320/320 319/319/319
f 486/486/486 483/483/483 664/664/664
f 486/486/486 664/664/664 663/663/663
f 483/483/483 482/482/482 648/648/648
f 483/483/483 648/648/648 664/664/664
f 664/664/664 648/648/648 9/9/9
f 664/664/664 9/9/9 8/8/8
f 663/663/663 664/664/664 8/8/8
f 663/663/663 8/8/8 7/7/7
f 665/665/665 666/666/666 667/667/667
f 665/665/665 667/667/667 668/668/668
f 666/666/666 669/669/669 670/670/670
f 666/666/666 670/670/670 667/667/667
f 667/667/667 670/670/670 565/565/565
f 667/667/667 565/565/565 605/605/605
f 668/668/668 667/667/667 605/605/605
f 668/668/668 605/605/605 604/604/604
f 671/671/671 672/672/672 673/673/673
f 671/671/671 673/673/673 674/674/674
f 672/672/672 675/675/675 676/676/676
f 672/672/672 676/676/676 673/673/673
f 673/673/673 676/676/676 58/58/58
f 673/673/673 58/58/58 613/613/613
f 674/674/674 673/673/673 613/613/613
f 674/674/674 613/613/613 612/612/612
f 677/677/677 678/678/678 679/679/679
f 677/677/677 679/679/679 680/680/680
f 678/678/678 681/681/681 682/682/682
f 678/678/678 682/682/682 679/679/679
f 679/679/679 682/682/682 627/627/627
f 679/679/679 627/627/627 626/626/626
f 680/680/680 679/679/679 626/626/626
f 680/680/680 626/626/626 64/64/64
f 675/675/675 683/683/683 684/684/684
f 675/675/675 684/684/684 676/676/676
f 683/683/683 685/685/685 686/686/686
f 683/683/683 686/686/686 684/684/684
f 684/684/684 686/686/686 62/62/62
f 684/684/684 62/62/62 59/59/59
f 676/676/676 684/684/684 59/59/59
f 676/676/676 59/59/59 58/58/58
f 685/685/685 687/687/687 688/688/688
f 685/685/685 688/688/688 686/686/686
f 687/687/687 677/677/677 680/680/680
f 687/687/687 680/680/680 688/688/688
f 688/688/688 680/680/680 64/64/64
f 688/688/688 64/64/64 63/63/63
f 686/686/686 688/688/688 63/63/63
f 686/686/686 63/63/63 62/62/62
f 689/689/689 690/690/690 691/691/691
f 689/689/689 691/691/691 692/692/692
f 690/690/690 665/665/665 668/668/668
f 690/690/690 668/668/668 691/691/691
f 691/691/691 668/668/668 604/604/604
f 691/691/691 604/604/604 603/603/603
f 692/692/692 691/691/691 603/603/603
f 692/692/692 603/603/603 591/591/591
f 681/681/681 693/693/693 694/694/694
f 681/681/681 694/694/694 682/682/682
f 693/693/693 689/689/689 692/692/692
f 693/693/693 692/692/692 694/694/694
f 694/694/694 692/692/692 591/591/591
f 694/694/694 591/591/591 625/625/625
f 682/682/682 694/694/694 625/625/625
f 682/682/682 625/625/625 627/627/627
f 669/669/669 695/695/695 696/696/696
f 669/669/669 696/696/696 670/670/670
f 695/695/695 671/671/671 674/674/674
f 695/695/695 674/674/674 696/696/696
f 696/696/696 674/674/674 612/612/612
f 696/696/696 612/612/612 611/611/611
f 670/670/670 696/696/696 611/611/611
f 670/670/670 611/611/611 565/565/565
f 697/697/697 698/698/698 699/699/699
f 697/697/697 699/699/699 700/700/700
f 698/698/698 637/637/637 701/701/701
f 698/698/698 701/701/701 699/699/699
f 699/699/699 701/701/701 669/669/669
f 699/699/699 669/669/669 666/666/666
f 700/700/700 699/699/699 666/666/666
f 700/700/700 666/666/666 665/665/665
f 633/633/633 702/702/702 703/703/703
f 633/633/633 703/703/703 704/704/704
f 702/702/702 705/705/705 706/706/706
f 702/702/702 706/706/706 703/703/703
f 703/703/703 706/706/706 675/675/675
f 703/703/703 675/675/675 672/672/672
f 704/704/704 703/703/703 672/672/672
f 704/704/704 672/672/672 671/671/671
f 707/707/707 708/708/708 709/709/709
f 707/707/707 709/709/709 710/710/710
f 708/708/708 711/711/711 712/712/712
f 708/708/708 712/712/712 709/709/709
f 709/709/709 712/712/712 681/681/681
f 709/709/709 681/681/681 678/678/678
f 710/710/710 709/709/709 678/678/678
f 710/710/710 678/678/678 677/677/677
f 705/705/705 713/713/713 714/714/714
f 705/705/705 714/714/714 706/706/706
f 713/713/713 715/715/715 716/716/716
f 713/713/713 716/716/716 714/714/714
f 714/714/714 716/716/716 685/685/685
f 714/714/714 685/685/685 683/683/683
f 706/706/706 714/714/714 683/683/683
f 706/706/706 683/683/683 675/675/675
f 715/715/715 717/717/717 718/718/718
f 715/715/715 718/718/718 716/716/716
f 717/717/717 707/707/707 710/710/710
f 717/717/717 710/710/710 718/718/718
f 718/718/718 710/710/710 677/677/677
f 718/718/718 677/677/677 687/687/687
f 716/716/716 718/718/718 687/687/687
f 716/716/716 687/687/687 685/685/685
f 719/719/719 720/720/720 721/721/721
f 719/719/719 721/721/721 722/722/722
f 720/720/720 697/697/697 700/700/700
f 720/720/720 700/700/700 721/721/721
f 721/721/721 700/700/700 665/665/665
f 721/721/721 665/665/665 690/690/690
f 722/722/722 721/721/721 690/690/690
f 722/722/722 690/690/690 689/689/689
f 711/711/711 723/723/723 724/724/724
f 711/711/711 724/724/724 712/712/712
f 723/723/723 719/719/719 722/722/722
f 723/723/723 722/722/722 724/724/724
f 724/724/724 722/722/722 689/689/689
f 724/724/724 689/689/689 693/693/693
f 712/712/712 724/724/724 693/693/693
f 712/712/712 693/693/693 681/681/681
f 637/637/637 634/634/634 725/725/725
f 637/637/637 725/725/725 701/701/701
f 634/634/634 633/633/633 704/704/704
f 634/634/634 704/704/704 725/725/725
f 725/725/725 704/704/704 671/671/671
f 725/725/725 671/671/671 695/695/695
f 701/701/701 725/725/725 695/695/695
f 701/701/701 695/695/695 669/669/669
f 726/726/726 727/727/727 728/728/728
f 726/726/726 728/728/728 729/729/729
f 727/727/727 730/730/730 731/731/731
f 727/727/727 731/731/731 728/728/728
f 728/728/728 731/731/731 732/732/732
f 728/728/728 732/732/732 733/733/733
f 729/729/729 728/728/728 733/733/733
f 729/729/729 733/733/733 734/734/734
f 697/697/697 720/720/720 735/735/735
f 697/697/697 735/735/735 736/736/736
f 720/720/720 719/719/719 737/737/737
f 720/720/720 737/737/737 735/735/735
f 735/735/735 737/737/737 738/738/738
f 735/735/735 738/738/738 739/739/739
f 736/736/736 735/735/735 739/739/739
f 736/736/736 739/739/739 740/740/740
f 715/715/715 713/713/713 741/741/741
f 715/715/715 741/741/741 742/742/742
f 713/713/713 705/705/705 743/743/743
f 713/713/713 743/743/743 741/741/741
f 741/741/741 743/743/743 744/744/744
f 741/741/741 744/744/744 745/745/745
f 742/742/742 741/741/741 745/745/745
f 742/742/742 745/745/745 730/730/730
f 705/705/705 702/702/702 746/746/746
f 705/705/705 746/746/746 743/743/743
f 702/702/702 633/633/633 636/636/636
f 702/702/702 636/636/636 746/746/746
f 746/746/746 636/636/636 641/641/641
f 746/746/746 641/641/641 747/747/747
f 743/743/743 746/746/746 747/747/747
f 743/743/743 747/747/747 744/744/744
f 719/719/719 723/723/723 748/748/748
f 719/719/719 748/748/748 737/737/737
f 723/723/723 711/711/711 749/749/749
f 723/723/723 749/749/749 748/748/748
f 748/748/748 749/749/749 750/750/750
f 748/748/748 750/750/750 751/751/751
f 737/737/737 748/748/748 751/751/751
f 737/737/737 751/751/751 738/738/738
f 707/707/707 717/717/717 752/752/752
f 707/707/707 752/752/752 753/753/753
f 717/717/717 715/715/715 742/742/742
f 717/717/717 742/742/742 752/752/752
f 752/752/752 742/742/742 730/730/730
f 752/752/752 730/730/730 727/727/727
f 753/753/753 752/752/752 727/727/727
f 753/753/753 727/727/727 726/726/726
f 711/711/711 708/708/708 754/754/754
f 711/711/711 754/754/754 749/749/749
f 708/708/708 707/707/707 753/753/753
f 708/708/708 753/753/753 754/754/754
f 754/754/754 753/753/753 726/726/726
f 754/754/754 726/726/726 755/755/755
f 749/749/749 754/754/754 755/755/755
f 749/749/749 755/755/755 750/750/750
f 637/637/637 698/698/698 756/756/756
f 637/637/637 756/756/756 638/638/638
f 698/698/698 697/697/697 736/736/736
f 698/698/698 736/736/736 756/756/756
f 756/756/756 736/736/736 740/740/740
f 756/756/756 740/740/740 757/757/757
f 638/638/638 756/756/756 757/757/757
f 638/638/638 757/757/757 639/639/639
f 758/758/758 759/759/759 760/760/760
f 758/758/758 760/760/760 761/761/761
f 759/759/759 762/762/762 763/763/763
f 759/759/759 763/763/763 760/760/760
f 760/760/760 763/763/763 764/764/764
f 760/760/760 764/764/764 765/765/765
f 761/761/761 760/760/760 765/765/765
f 761/761/761 765/765/765 766/766/766
f 750/750/750 755/755/755 767/767/767
f 750/750/750 767/767/767 768/768/768
f 755/755/755 726/726/726 729/729/729
f 755/755/755 729/729/729 767/767/767
f 767/767/767 729/729/729 734/734/734
f 767/767/767 734/734/734 769/769/769
f 768/768/768 767/767/767 769/769/769
f 768/768/768 769/769/769 762/762/762
f 639/639/639 757/757/757 770/770/770
f 639/639/639 770/770/770 771/771/771
f 757/757/757 740/740/740 772/772/772
f 757/757/757 772/772/772 770/770/770
f 770/770/770 772/772/772 773/773/773
f 770/770/770 773/773/773 774/774/774
f 771/771/771 770/770/770 774/774/774
f 771/771/771 774/774/774 775/775/775
f 641/641/641 640/640/640 776/776/776
f 641/641/641 776/776/776 777/777/777
f 640/640/640 639/639/639 771/771/771
f 640/640/640 771/771/771 776/776/776
f 776/776/776 771/771/771 775/775/775
f 776/776/776 775/775/775 778/778/778
f 777/777/777 776/776/776 778/778/778
f 777/777/777 778/778/778 779/779/779
f 740/740/740 739/739/739 780/780/780
f 740/740/740 780/780/780 772/772/772
f 739/739/739 738/738/738 781/781/781
f 739/739/739 781/781/781 780/780/780
f 780/780/780 781/781/781 758/758/758
f 780/780/780 758/758/758 782/782/782
f 772/772/772 780/780/780 782/782/782
f 772/772/772 782/782/782 773/773/773
f 730/730/730 745/745/745 783/783/783
f 730/730/730 783/783/783 731/731/731
f 745/745/745 744/744/744 784/784/784
f 745/745/745 784/784/784 783/783/783
f 783/783/783 784/784/784 785/785/785
f 783/783/783 785/785/785 786/786/786
f 731/731/731 783/783/783 786/786/786
f 731/731/731 786/786/786 732/732/732
f 744/744/744 747/747/747 787/787/787
f 744/744/744 787/787/787 784/784/784
f 747/747/747 641/641/641 777/777/777
f 747/747/747 777/777/777 787/787/787
f 787/787/787 777/777/777 779/779/779
f 787/787/787 779/779/779 788/788/788
f 784/784/784 787/787/787 788/788/788
f 784/784/784 788/788/788 785/785/785
f 738/738/738 751/751/751 789/789/789
f 738/738/738 789/789/789 781/781/781
f 751/751/751 750/750/750 768/768/768
f 751/751/751 768/768/768 789/789/789
f 789/789/789 768/768/768 762/762/762
f 789/789/789 762/762/762 759/759/759
f 781/781/781 789/789/789 759/759/759
f 781/781/781 759/759/759 758/758/758
f 790/790/790 791/791/791 792/792/792
f 790/790/790 792/792/792 793/793/793
f 791/791/791 794/794/794 795/795/795
f 791/791/791 795/795/795 792/792/792
f 792/792/792 795/795/795 796/796/796
f 792/792/792 796/796/796 797/797/797
f 793/793/793 792/792/792 797/797/797
f 793/793/793 797/797/797 798/798/798
f 734/734/734 733/733/733 799/799/799
f 734/734/734 799/799/799 800/800/800
f 733/733/733 732/732/732 801/801/801
f 733/733/733 801/801/801 799/799/799
f 799/799/799 801/801/801 802/802/802
f 799/799/799 802/802/802 803/803/803
f 800/800/800 799/799/799 803/803/803
f 800/800/800 803/803/803 804/804/804
f 762/762/762 769/769/769 805/805/805
f 762/762/762 805/805/805 763/763/763
f 769/769/769 734/734/734 800/800/800
f 769/769/769 800/800/800 805/805/805
f 805/805/805 800/800/800 804/804/804
f 805/805/805 804/804/804 806/806/806
f 763/763/763 805/805/805 806/806/806
f 763/763/763 806/806/806 764/764/764
f 775/775/775 774/774/774 807/807/807
f 775/775/775 807/807/807 808/808/808
f 774/774/774 773/773/773 809/809/809
f 774/774/774 809/809/809 807/807/807
f 807/807/807 809/809/809 810/810/810
f 807/807/807 810/810/810 811/811/811
f 808/808/808 807/807/807 811/811/811
f 808/808/808 811/811/811 812/812/812
f 779/779/779 778/778/778 813/813/813
f 779/779/779 813/813/813 814/814/814
f 778/778/778 775/775/775 808/808/808
f 778/778/778 808/808/808 813/813/813
f 813/813/813 808/808/808 812/812/812
f 813/813/813 812/812/812 815/815/815
f 814/814/814 813/813/813 815/815/815
f 814/814/814 815/815/815 816/816/816
f 773/773/773 782/782/782 817/817/817
f 773/773/773 817/817/817 809/809/809
f 782/782/782 758/758/758 761/761/761
f 782/782/782 761/761/761 817/817/817
f 817/817/817 761/761/761 766/766/766
f 817/817/817 766/766/766 818/818/818
f 809/809/809 817/817/817 818/818/818
f 809/809/809 818/818/818 810/810/810
f 732/732/732 786/786/786 819/819/819
f 732/732/732 819/819/819 801/801/801
f 786/786/786 785/785/785 820/820/820
f 786/786/786 820/820/820 819/819/819
f 819/819/819 820/820/820 821/821/821
f 819/819/819 821/821/821 822/822/822
f 801/801/801 819/819/819 822/822/822
f 801/801/801 822/822/822 802/802/802
f 785/785/785 788/788/788 823/823/823
f 785/785/785 823/823/823 820/820/820
f 788/788/788 779/779/779 814/814/814
f 788/788/788 814/814/814 823/823/823
f 823/823/823 814/814/814 816/816/816
f 823/823/823 816/816/816 824/824/824
f 820/820/820 823/823/823 824/824/824
f 820/820/820 824/824/824 821/821/821
f 825/825/825 826/826/826 827/827/827
f 825/825/825 827/827/827 828/828/828
f 826/826/826 829/829/829 830/830/830
f 826/826/826 830/830/830 827/827/827
f 827/827/827 830/830/830 812/812/812
f 827/827/827 812/812/812 811/811/811
f 828/828/828 827/827/827 811/811/811
f 828/828/828 811/811/811 810/810/810
f 831/831/831 832/832/832 833/833/833
f 831/831/831 833/833/833 834/834/834
f 832/832/832 835/835/835 836/836/836
f 832/832/832 836/836/836 833/833/833
f 833/833/833 836/836/836 821/821/821
f 833/833/833 821/821/821 824/824/824
f 834/834/834 833/833/833 824/824/824
f 834/834/834 824/824/824 816/816/816
f 837/837/837 838/838/838 839/839/839
f 837/837/837 839/839/839 840/840/840
f 838/838/838 841/841/841 842/842/842
f 838/838/838 842/842/842 839/839/839
f 839/839/839 842/842/842 764/764/764
f 839/839/839 764/764/764 806/806/806
f 840/840/840 839/839/839 806/806/806
f 840/840/840 806/806/806 804/804/804
f 835/835/835 843/843/843 844/844/844
f 835/835/835 844/844/844 836/836/836
f 843/843/843 845/845/845 846/846/846
f 843/843/843 846/846/846 844/844/844
f 844/844/844 846/846/846 802/802/802
f 844/844/844 802/802/802 822/822/822
f 836/836/836 844/844/844 822/822/822
f 836/836/836 822/822/822 821/821/821
f 845/845/845 847/847/847 848/848/848
f 845/845/845 848/848/848 846/846/846
f 847/847/847 837/837/837 840/840/840
f 847/847/847 840/840/840 848/848/848
f 848/848/848 840/840/840 804/804/804
f 848/848/848 804/804/804 803/803/803
f 846/846/846 848/848/848 803/803/803
f 846/846/846 803/803/803 802/802/802
f 849/849/849 850/850/850 851/851/851
f 849/849/849 851/851/851 852/852/852
f 850/850/850 825/825/825 828/828/828
f 850/850/850 828/828/828 851/851/851
f 851/851/851 828/828/828 810/810/810
f 851/851/851 810/810/810 818/818/818
f 852/852/852 851/851/851 818/818/818
f 852/852/852 818/818/818 766/766/766
f 841/841/841 853/853/853 854/854/854
f 841/841/841 854/854/854 842/842/842
f 853/853/853 849/849/849 852/852/852
f 853/853/853 852/852/852 854/854/854
f 854/854/854 852/852/852 766/766/766
f 854/854/854 766/766/766 765/765/765
f 842/842/842 854/854/854 765/765/765
f 842/842/842 765/765/765 764/764/764
f 829/829/829 855/855/855 856/856/856
f 829/829/829 856/856/856 830/830/830
f 855/855/855 831/831/831 834/834/834
f 855/855/855 834/834/834 856/856/856
f 856/856/856 834/834/834 816/816/816
f 856/856/856 816/816/816 815/815/815
f 830/830/830 856/856/856 815/815/815
f 830/830/830 815/815/815 812/812/812
f 857/857/857 858/858/858 859/859/859
f 857/857/857 859/859/859 860/860/860
f 858/858/858 861/861/861 862/862/862
f 858/858/858 862/862/862 859/859/859
f 859/859/859 862/862/862 829/829/829
f 859/859/859 829/829/829 826/826/826
f 860/860/860 859/859/859 826/826/826
f 860/860/860 826/826/826 825/825/825
f 863/863/863 864/864/864 865/865/865
f 863/863/863 865/865/865 866/866/866
f 864/864/864 867/867/867 868/868/868
f 864/864/864 868/868/868 865/865/865
f 865/865/865 868/868/868 835/835/835
f 865/865/865 835/835/835 832/832/832
f 866/866/866 865/865/865 832/832/832
f 866/866/866 832/832/832 831/831/831
f 869/869/869 870/870/870 871/871/871
f 869/869/869 871/871/871 872/872/872
f 870/870/870 873/873/873 874/874/874
f 870/870/870 874/874/874 871/871/871
f 871/871/871 874/874/874 841/841/841
f 871/871/871 841/841/841 838/838/838
f 872/872/872 871/871/871 838/838/838
f 872/872/872 838/838/838 837/837/837
f 867/867/867 875/875/875 876/876/876
f 867/867/867 876/876/876 868/868/868
f 875/875/875 877/877/877 878/878/878
f 875/875/875 878/878/878 876/876/876
f 876/876/876 878/878/878 845/845/845
f 876/876/876 845/845/845 843/843/843
f 868/868/868 876/876/876 843/843/843
f 868/868/868 843/843/843 835/835/835
f 877/877/877 879/879/879 880/880/880
f 877/877/877 880/880/880 878/878/878
f 879/879/879 869/869/869 872/872/872
f 879/879/879 872/872/872 880/880/880
f 880/880/880 872/872/872 837/837/837
f 880/880/880 837/837/837 847/847/847
f 878/878/878 880/880/880 847/847/847
f 878/878/878 847/847/847 845/845/845
f 881/881/881 882/882/882 883/883/883
f 881/881/881 883/883/883 884/884/884
f 882/882/882 857/857/857 860/860/860
f 882/882/882 860/860/860 883/883/883
f 883/883/883 860/860/860 825/825/825
f 883/883/883 825/825/825 850/850/850
f 884/884/884 883/883/883 850/850/850
f 884/884/884 850/850/850 849/849/849
f 873/873/873 885/885/885 886/886/886
f 873/873/873 886/886/886 874/874/874
f 885/885/885 881/881/881 884/884/884
f 885/885/885 884/884/884 886/886/886
f 886/886/886 884/884/884 849/849/849
f 886/886/886 849/849/849 853/853/853
f 874/874/874 886/886/886 853/853/853
f 874/874/874 853/853/853 841/841/841
f 861/861/861 887/887/887 888/888/888
f 861/861/861 888/888/888 862/862/862
f 887/887/887 863/863/863 866/866/866
f 887/887/887 866/866/866 888/888/888
f 888/888/888 866/866/866 831/831/831
f 888/888/888 831/831/831 855/855/855
f 862/862/862 888/888/888 855/855/855
f 862/862/862 855/855/855 829/829/829
f 889/889/889 890/890/890 891/891/891
f 889/889/889 891/891/891 892/892/892
f 890/890/890 893/893/893 894/894/894
f 890/890/890 894/894/894 891/891/891
f 891/891/891 894/894/894 895/895/895
f 891/891/891 895/895/895 896/896/896
f 892/892/892 891/891/891 896/896/896
f 892/892/892 896/896/896 897/897/897
f 898/898/898 899/899/899 900/900/900
f 898/898/898 900/900/900 901/901/901
f 899/899/899 902/902/902 903/903/903
f 899/899/899 903/903/903 900/900/900
f 900/900/900 903/903/903 904/904/904
f 900/900/900 904/904/904 905/905/905
f 901/901/901 900/900/900 905/905/905
f 901/901/901 905/905/905 906/906/906
f 794/794/794 907/907/907 908/908/908
f 794/794/794 908/908/908 795/795/795
f 907/907/907 898/898/898 901/901/901
f 907/907/907 901/901/901 908/908/908
f 908/908/908 901/901/901 906/906/906
f 908/908/908 906/906/906 909/909/909
f 795/795/795 908/908/908 909/909/909
f 795/795/795 909/909/909 796/796/796
f 910/910/910 911/911/911 912/912/912
f 910/910/910 912/912/912 913/913/913
f 911/911/911 914/914/914 915/915/915
f 911/911/911 915/915/915 912/912/912
f 912/912/912 915/915/915 916/916/916
f 912/912/912 916/916/916 917/917/917
f 913/913/913 912/912/912 917/917/917
f 913/913/913 917/917/917 918/918/918
f 919/919/919 920/920/920 921/921/921
f 919/919/919 921/921/921 922/922/922
f 920/920/920 910/910/910 913/913/913
f 920/920/920 913/913/913 921/921/921
f 921/921/921 913/913/913 918/918/918
f 921/921/921 918/918/918 923/923/923
f 922/922/922 921/921/921 923/923/923
f 922/922/922 923/923/923 893/893/893
f 924/924/924 925/925/925 926/926/926
f 924/924/924 926/926/926 927/927/927
f 925/925/925 928/928/928 929/929/929
f 925/925/925 929/929/929 926/926/926
f 926/926/926 929/929/929 930/930/930
f 926/926/926 930/930/930 931/931/931
f 927/927/927 926/926/926 931/931/931
f 927/927/927 931/931/931 932/932/932
f 902/902/902 933/933/933 934/934/934
f 902/902/902 934/934/934 903/903/903
f 933/933/933 935/935/935 936/936/936
f 933/933/933 936/936/936 934/934/934
f 934/934/934 936/936/936 889/889/889
f 934/934/934 889/889/889 937/937/937
f 903/903/903 934/934/934 937/937/937
f 903/903/903 937/937/937 904/904/904
f 935/935/935 938/938/938 939/939/939
f 935/935/935 939/939/939 936/936/936
f 938/938/938 919/919/919 922/922/922
f 938/938/938 922/922/922 939/939/939
f 939/939/939 922/922/922 893/893/893
f 939/939/939 893/893/893 890/890/890
f 936/936/936 939/939/939 890/890/890
f 936/936/936 890/890/890 889/889/889
f 940/940/940 941/941/941 942/942/942
f 940/940/940 942/942/942 943/943/943
f 941/941/941 944/944/944 945/945/945
f 941/941/941 945/945/945 942/942/942
f 942/942/942 945/945/945 946/946/946
f 942/942/942 946/946/946 947/947/947
f 943/943/943 942/942/942 947/947/947
f 943/943/943 947/947/947 948/948/948
f 798/798/798 797/797/797 949/949/949
f 798/798/798 949/949/949 950/950/950
f 797/797/797 796/796/796 951/951/951
f 797/797/797 951/951/951 949/949/949
f 949/949/949 951/951/951 952/952/952
f 949/949/949 952/952/952 953/953/953
f 950/950/950 949/949/949 953/953/953
f 950/950/950 953/953/953 954/954/954
f 906/906/906 905/905/905 955/955/955
f 906/906/906 955/955/955 956/956/956
f 905/905/905 904/904/904 957/957/957
f 905/905/905 957/957/957 955/955/955
f 955/955/955 957/957/957 958/958/958
f 955/955/955 958/958/958 959/959/959
f 956/956/956 955/955/955 959/959/959
f 956/956/956 959/959/959 960/960/960
f 796/796/796 909/909/909 961/961/961
f 796/796/796 961/961/961 951/951/951
f 909/909/909 906/906/906 956/956/956
f 909/909/909 956/956/956 961/961/961
f 961/961/961 956/956/956 960/960/960
f 961/961/961 960/960/960 962/962/962
f 951/951/951 961/961/961 962/962/962
f 951/951/951 962/962/962 952/952/952
f 918/918/918 917/917/917 963/963/963
f 918/918/918 963/963/963 964/964/964
f 917/917/917 916/916/916 965/965/965
f 917/917/917 965/965/965 963/963/963
f 963/963/963 965/965/965 966/966/966
f 963/963/963 966/966/966 967/967/967
f 964/964/964 963/963/963 967/967/967
f 964/964/964 967/967/967 968/968/968
f 893/893/893 923/923/923 969/969/969
f 893/893/893 969/969/969 894/894/894
f 923/923/923 918/918/918 964/964/964
f 923/923/923 964/964/964 969/969/969
f 969/969/969 964/964/964 968/968/968
f 969/969/969 968/968/968 970/970/970
f 894/894/894 969/969/969 970/970/970
f 894/894/894 970/970/970 895/895/895
f 916/916/916 971/971/971 972/972/972
f 916/916/916 972/972/972 965/965/965
f 971/971/971 798/798/798 950/950/950
f 971/971/971 950/950/950 972/972/972
f 972/972/972 950/950/950 954/954/954
f 972/972/972 954/954/954 973/973/973
f 965/965/965 972/972/972 973/973/973
f 965/965/965 973/973/973 966/966/966
f 904/904/904 937/937/937 974/974/974
f 904/904/904 974/974/974 957/957/957
f 937/937/937 889/889/889 892/892/892
f 937/937/937 892/892/892 974/974/974
f 974/974/974 892/892/892 897/897/897
f 974/974/974 897/897/897 975/975/975
f 957/957/957 974/974/974 975/975/975
f 957/957/957 975/975/975 958/958/958
f 976/976/976 977/977/977 978/978/978
f 976/976/976 978/978/978 979/979/979
f 977/977/977 980/980/980 981/981/981
f 977/977/977 981/981/981 978/978/978
f 978/978/978 981/981/981 982/982/982
f 978/978/978 982/982/982 983/983/983
f 979/979/979 978/978/978 983/983/983
f 979/979/979 983/983/983 984/984/984
f 985/985/985 986/986/986 987/987/987
f 985/985/985 987/987/987 988/988/988
f 986/986/986 989/989/989 990/990/990
f 986/986/986 990/990/990 987/987/987
f 987/987/987 990/990/990 991/991/991
f 987/987/987 991/991/991 992/992/992
f 988/988/988 987/987/987 992/992/992
f 988/988/988 992/992/992 993/993/993
f 994/994/994 995/995/995 996/996/996
f 994/994/994 996/996/996 997/997/997
f 995/995/995 998/998/998 999/999/999
f 995/995/995 999/999/999 996/996/996
f 996/996/996 999/999/999 1000/1000/1000
f 996/996/996 1000/1000/1000 1001/1001/1001
f 997/997/997 996/996/996 1001/1001/1001
f 997/997/997 1001/1001/1001 1002/1002/1002
f 998/998/998 1003/1003/1003 1004/1004/1004
f 998/998/998 1004/1004/1004 999/999/999
f 1003/1003/1003 940/940/940 943/943/943
f 1003/1003/1003 943/943/943 1004/1004/1004
f 1004/1004/1004 943/943/943 948/948/948
f 1004/1004/1004 948/948/948 1005/1005/1005
f 999/999/999 1004/1004/1004 1005/1005/1005
f 999/999/999 1005/1005/1005 1000/1000/1000
f 989/989/989 1006/1006/1006 1007/1007/1007
f 989/989/989 1007/1007/1007 990/990/990
f 1006/1006/1006 1008/1008/1008 1009/1009/1009
f 1006/1006/1006 1009/1009/1009 1007/1007/1007
f 1007/1007/1007 1009/1009/1009 1010/1010/1010
f 1007/1007/1007 1010/1010/1010 1011/1011/1011
f 990/990/990 1007/1007/1007 1011/1011/1011
f 990/990/990 1011/1011/1011 991/991/991
f 1012/1012/1012 1013/1013/1013 1014/1014/1014
f 1012/1012/1012 1014/1014/1014 1015/1015/1015
f 1013/1013/1013 994/994/994 997/997/997
f 1013/1013/1013 997/997/997 1014/1014/1014
f 1014/1014/1014 997/997/997 1002/1002/1002
f 1014/1014/1014 1002/1002/1002 1016/1016/1016
f 1015/1015/1015 1014/1014/1014 1016/1016/1016
f 1015/1015/1015 1016/1016/1016 1017/1017/1017
f 1008/1008/1008 1018/1018/1018 1019/1019/1019
f 1008/1008/1008 1019/1019/1019 1009/1009/1009
f 1018/1018/1018 1012/1012/1012 1015/1015/1015
f 1018/1018/1018 1015/1015/1015 1019/1019/1019
f 1019/1019/1019 1015/1015/1015 1017/1017/1017
f 1019/1019/1019 1017/1017/1017 1020/1020/1020
f 1009/1009/1009 1019/1019/1019 1020/1020/1020
f 1009/1009/1009 1020/1020/1020 1010/1010/1010
f 944/944/944 1021/1021/1021 1022/1022/1022
f 944/944/944 1022/1022/1022 945/945/945
f 1021/1021/1021 985/985/985 988/988/988
f 1021/1021/1021 988/988/988 1022/1022/1022
f 1022/1022/1022 988/988/988 993/993/993
f 1022/1022/1022 993/993/993 1023/1023/1023
f 945/945/945 1022/1022/1022 1023/1023/1023
f 945/945/945 1023/1023/1023 946/946/946
f 1024/1024/1024 1025/1025/1025 1026/1026/1026
f 1024/1024/1024 1026/1026/1026 1027/1027/1027
f 1025/1025/1025 1028/1028/1028 1029/1029/1029
f 1025/1025/1025 1029/1029/1029 1026/1026/1026
f 1026/1026/1026 1029/1029/1029 1030/1030/1030
f 1026/1026/1026 1030/1030/1030 1031/1031/1031
f 1027/1027/1027 1026/1026/1026 1031/1031/1031
f 1027/1027/1027 1031/1031/1031 1032/1032/1032
f 1033/1033/1033 1034/1034/1034 1035/1035/1035
f 1033/1033/1033 1035/1035/1035 1036/1036/1036
f 1034/1034/1034 1037/1037/1037 1038/1038/1038
f 1034/1034/1034 1038/1038/1038 1035/1035/1035
f 1035/1035/1035 1038/1038/1038 1039/1039/1039
f 1035/1035/1035 1039/1039/1039 1040/1040/1040
f 1036/1036/1036 1035/1035/1035 1040/1040/1040
f 1036/1036/1036 1040/1040/1040 1041/1041/1041
f 1042/1042/1042 1043/1043/1043 1044/1044/1044
f 1042/1042/1042 1044/1044/1044 1045/1045/1045
f 1043/1043/1043 1033/1033/1033 1036/1036/1036
f 1043/1043/1043 1036/1036/1036 1044/1044/1044
f 1044/1044/1044 1036/1036/1036 1041/1041/1041
f 1044/1044/1044 1041/1041/1041 1046/1046/1046
f 1045/1045/1045 1044/1044/1044 1046/1046/1046
f 1045/1045/1045 1046/1046/1046 1047/1047/1047
f 1037/1037/1037 1048/1048/1048 1049/1049/1049
f 1037/1037/1037 1049/1049/1049 1038/1038/1038
f 1048/1048/1048 1050/1050/1050 1051/1051/1051
f 1048/1048/1048 1051/1051/1051 1049/1049/1049
f 1049/1049/1049 1051/1051/1051 1052/1052/1052
f 1049/1049/1049 1052/1052/1052 1053/1053/1053
f 1038/1038/1038 1049/1049/1049 1053/1053/1053
f 1038/1038/1038 1053/1053/1053 1039/1039/1039
f 1054/1054/1054 1055/1055/1055 1056/1056/1056
f 1054/1054/1054 1056/1056/1056 1057/1057/1057
f 1055/1055/1055 1058/1058/1058 1059/1059/1059
f 1055/1055/1055 1059/1059/1059 1056/1056/1056
f 1056/1056/1056 1059/1059/1059 1060/1060/1060
f 1056/1056/1056 1060/1060/1060 1061/1061/1061
f 1057/1057/1057 1056/1056/1056 1061/1061/1061
f 1057/1057/1057 1061/1061/1061 1062/1062/1062
f 1058/1058/1058 1063/1063/1063 1064/1064/1064
f 1058/1058/1058 1064/1064/1064 1059/1059/1059
f 1063/1063/1063 1042/1042/1042 1045/1045/1045
f 1063/1063/1063 1045/1045/1045 1064/1064/1064
f 1064/1064/1064 1045/1045/1045 1047/1047/1047
f 1064/1064/1064 1047/1047/1047 1065/1065/1065
f 1059/1059/1059 1064/1064/1064 1065/1065/1065
f 1059/1059/1059 1065/1065/1065 1060/1060/1060
f 1050/1050/1050 1066/1066/1066 1067/1067/1067
f 1050/1050/1050 1067/1067/1067 1051/1051/1051
f 1066/1066/1066 976/976/976 979/979/979
f 1066/1066/1066 979/979/979 1067/1067/1067
f 1067/1067/1067 979/979/979 984/984/984
f 1067/1067/1067 984/984/984 1068/1068/1068
f 1051/1051/1051 1067/1067/1067 1068/1068/1068
f 1051/1051/1051 1068/1068/1068 1052/1052/1052
f 980/980/980 1069/1069/1069 1070/1070/1070
f 980/980/980 1070/1070/1070 981/981/981
f 1069/1069/1069 1054/1054/1054 1057/1057/1057
f 1069/1069/1069 1057/1057/1057 1070/1070/1070
f 1070/1070/1070 1057/1057/1057 1062/1062/1062
f 1070/1070/1070 1062/1062/1062 1071/1071/1071
f 981/981/981 1070/1070/1070 1071/1071/1071
f 981/981/981 1071/1071/1071 982/982/982
f 1072/1072/1072 1073/1073/1073 1074/1074/1074
f 1072/1072/1072 1074/1074/1074 1075/1075/1075
f 1073/1073/1073 1076/1076/1076 1077/1077/1077
f 1073/1073/1073 1077/1077/1077 1074/1074/1074
f 1074/1074/1074 1077/1077/1077 1078/1078/1078
f 1074/1074/1074 1078/1078/1078 1079/1079/1079
f 1075/1075/1075 1074/1074/1074 1079/1079/1079
f 1075/1075/1075 1079/1079/1079 1080/1080/1080
f 1081/1081/1081 1082/1082/1082 1083/1083/1083
f 1081/1081/1081 1083/1083/1083 1084/1084/1084
f 1082/1082/1082 1085/1085/1085 1086/1086/1086
f 1082/1082/1082 1086/1086/1086 1083/1083/1083
f 1083/1083/1083 1086/1086/1086 1072/1072/1072
f 1083/1083/1083 1072/1072/1072 1087/1087/1087
f 1084/1084/1084 1083/1083/1083 1087/1087/1087
f 1084/1084/1084 1087/1087/1087 1088/1088/1088
f 1028/1028/1028 1089/1089/1089 1090/1090/1090
f 1028/1028/1028 1090/1090/1090 1029/1029/1029
f 1089/1089/1089 1081/1081/1081 1084/1084/1084
f 1089/1089/1089 1084/1084/1084 1090/1090/1090
f 1090/1090/1090 1084/1084/1084 1088/1088/1088
f 1090/1090/1090 1088/1088/1088 1091/1091/1091
f 1029/1029/1029 1090/1090/1090 1091/1091/1091
f 1029/1029/1029 1091/1091/1091 1030/1030/1030
f 1092/1092/1092 1093/1093/1093 1094/1094/1094
f 1092/1092/1092 1094/1094/1094 1095/1095/1095
f 1093/1093/1093 1096/1096/1096 1097/1097/1097
f 1093/1093/1093 1097/1097/1097 1094/1094/1094
f 1094/1094/1094 1097/1097/1097 1098/1098/1098
f 1094/1094/1094 1098/1098/1098 1099/1099/1099
f 1095/1095/1095 1094/1094/1094 1099/1099/1099
f 1095/1095/1095 1099/1099/1099 1100/1100/1100
f 1101/1101/1101 1102/1102/1102 1103/1103/1103
f 1101/1101/1101 1103/1103/1103 1104/1104/1104
f 1102/1102/1102 1092/1092/1092 1095/1095/1095
f 1102/1102/1102 1095/1095/1095 1103/1103/1103
f 1103/1103/1103 1095/1095/1095 1100/1100/1100
f 1103/1103/1103 1100/1100/1100 1105/1105/1105
f 1104/1104/1104 1103/1103/1103 1105/1105/1105
f 1104/1104/1104 1105/1105/1105 1106/1106/1106
f 1096/1096/1096 1107/1107/1107 1108/1108/1108
f 1096/1096/1096 1108/1108/1108 1097/1097/1097
f 1107/1107/1107 1024/1024/1024 1027/1027/1027
f 1107/1107/1107 1027/1027/1027 1108/1108/1108
f 1108/1108/1108 1027/1027/1027 1032/1032/1032
f 1108/1108/1108 1032/1032/1032 1109/1109/1109
f 1097/1097/1097 1108/1108/1108 1109/1109/1109
f 1097/1097/1097 1109/1109/1109 1098/1098/1098
f 1085/1085/1085 1110/1110/1110 1111/1111/1111
f 1085/1085/1085 1111/1111/1111 1086/1086/1086
f 1110/1110/1110 1112/1112/1112 1113/1113/1113
f 1110/1110/1110 1113/1113/1113 1111/1111/1111
f 1111/1111/1111 1113/1113/1113 1076/1076/1076
f 1111/1111/1111 1076/1076/1076 1073/1073/1073
f 1086/1086/1086 1111/1111/1111 1073/1073/1073
f 1086/1086/1086 1073/1073/1073 1072/1072/1072
f 1112/1112/1112 1114/1114/1114 1115/1115/1115
f 1112/1112/1112 1115/1115/1115 1113/1113/1113
f 1114/1114/1114 1101/1101/1101 1104/1104/1104
f 1114/1114/1114 1104/1104/1104 1115/1115/1115
f 1115/1115/1115 1104/1104/1104 1106/1106/1106
f 1115/1115/1115 1106/1106/1106 1116/1116/1116
f 1113/1113/1113 1115/1115/1115 1116/1116/1116
f 1113/1113/1113 1116/1116/1116 1076/1076/1076
f 1117/1117/1117 1118/1118/1118 1119/1119/1119
f 1117/1117/1117 1119/1119/1119 1120/1120/1120
f 1118/1118/1118 1121/1121/1121 1122/1122/1122
f 1118/1118/1118 1122/1122/1122 1119/1119/1119
f 1119/1119/1119 1122/1122/1122 1123/1123/1123
f 1119/1119/1119 1123/1123/1123 1124/1124/1124
f 1120/1120/1120 1119/1119/1119 1124/1124/1124
f 1120/1120/1120 1124/1124/1124 1125/1125/1125
f 1076/1076/1076 1116/1116/1116 1126/1126/1126
f 1076/1076/1076 1126/1126/1126 1077/1077/1077
f 1116/1116/1116 1106/1106/1106 1127/1127/1127
f 1116/1116/1116 1127/1127/1127 1126/1126/1126
f 1126/1126/1126 1127/1127/1127 1117/1117/1117
f 1126/1126/1126 1117/1117/1117 1128/1128/1128
f 1077/1077/1077 1126/1126/1126 1128/1128/1128
f 1077/1077/1077 1128/1128/1128 1078/1078/1078
f 1032/1032/1032 1031/1031/1031 1129/1129/1129
f 1032/1032/1032 1129/1129/1129 1130/1130/1130
f 1031/1031/1031 1030/1030/1030 1131/1131/1131
f 1031/1031/1031 1131/1131/1131 1129/1129/1129
f 1129/1129/1129 1131/1131/1131 1132/1132/1132
f 1129/1129/1129 1132/1132/1132 1133/1133/1133
f 1130/1130/1130 1129/1129/1129 1133/1133/1133
f 1130/1130/1130 1133/1133/1133 1134/1134/1134
f 1088/1088/1088 1087/1087/1087 1135/1135/1135
f 1088/1088/1088 1135/1135/1135 1136/1136/1136
f 1087/1087/1087 1072/1072/1072 1075/1075/1075
f 1087/1087/1087 1075/1075/1075 1135/1135/1135
f 1135/1135/1135 1075/1075/1075 1080/1080/1080
f 1135/1135/1135 1080/1080/1080 1137/1137/1137
f 1136/1136/1136 1135/1135/1135 1137/1137/1137
f 1136/1136/1136 1137/1137/1137 1138/1138/1138
f 1030/1030/1030 1091/1091/1091 1139/1139/1139
f 1030/1030/1030 1139/1139/1139 1131/1131/1131
f 1091/1091/1091 1088/1088/1088 1136/1136/1136
f 1091/1091/1091 1136/1136/1136 1139/1139/1139
f 1139/1139/1139 1136/1136/1136 1138/1138/1138
f 1139/1139/1139 1138/1138/1138 1140/1140/1140
f 1131/1131/1131 1139/1139/1139 1140/1140/1140
f 1131/1131/1131 1140/1140/1140 1132/1132/1132
f 1100/1100/1100 1099/1099/1099 1141/1141/1141
f 1100/1100/1100 1141/1141/1141 1142/1142/1142
f 1099/1099/1099 1098/1098/1098 1143/1143/1143
f 1099/1099/1099 1143/1143/1143 1141/1141/1141
f 1141/1141/1141 1143/1143/1143 1144/1144/1144
f 1141/1141/1141 1144/1144/1144 1145/1145/1145
f 1142/1142/1142 1141/1141/1141 1145/1145/1145
f 1142/1142/1142 1145/1145/1145 1121/1121/1121
f 1106/1106/1106 1105/1105/1105 1146/1146/1146
f 1106/1106/1106 1146/1146/1146 1127/1127/1127
f 1105/1105/1105 1100/1100/1100 1142/1142/1142
f 1105/1105/1105 1142/1142/1142 1146/1146/1146
f 1146/1146/1146 1142/1142/1142 1121/1121/1121
f 1146/1146/1146 1121/1121/1121 1118/1118/1118
f 1127/1127/1127 1146/1146/1146 1118/1118/1118
f 1127/1127/1127 1118/1118/1118 1117/1117/1117
f 1098/1098/1098 1109/1109/1109 1147/1147/1147
f 1098/1098/1098 1147/1147/1147 1143/1143/1143
f 1109/1109/1109 1032/1032/1032 1130/1130/1130
f 1109/1109/1109 1130/1130/1130 1147/1147/1147
f 1147/1147/1147 1130/1130/1130 1134/1134/1134
f 1147/1147/1147 1134/1134/1134 1148/1148/1148
f 1143/1143/1143 1147/1147/1147 1148/1148/1148
f 1143/1143/1143 1148/1148/1148 1144/1144/1144
f 1123/1123/1123 1149/1149/1149 1150/1150/1150
f 1123/1123/1123 1150/1150/1150 1124/1124/1124
f 1151/1151/1151 1152/1152/1152 1150/1150/1150
f 1151/1151/1151 1150/1150/1150 1149/1149/1149
f 1153/1153/1153 1154/1154/1154 1150/1150/1150
f 1153/1153/1153 1150/1150/1150 1152/1152/1152
f 1155/1155/1155 1156/1156/1156 1150/1150/1150
f 1155/1155/1155 1150/1150/1150 1154/1154/1154
f 1157/1157/1157 1158/1158/1158 1150/1150/1150
f 1157/1157/1157 1150/1150/1150 1156/1156/1156
f 1159/1159/1159 1160/1160/1160 1150/1150/1150
f 1159/1159/1159 1150/1150/1150 1158/1158/1158
f 1161/1161/1161 1162/1162/1162 1150/1150/1150
f 1161/1161/1161 1150/1150/1150 1160/1160/1160
f 1125/1125/1125 1124/1124/1124 1150/1150/1150
f 1125/1125/1125 1150/1150/1150 1162/1162/1162
f 1144/1144/1144 1148/1148/1148 1163/1163/1163
f 1144/1144/1144 1163/1163/1163 1164/1164/1164
f 1148/1148/1148 1134/1134/1134 1165/1165/1165
f 1148/1148/1148 1165/1165/1165 1163/1163/1163
f 1163/1163/1163 1165/1165/1165 1153/1153/1153
f 1163/1163/1163 1153/1153/1153 1152/1152/1152
f 1164/1164/1164 1163/1163/1163 1152/1152/1152
f 1164/1164/1164 1152/1152/1152 1151/1151/1151
f 1080/1080/1080 1079/1079/1079 1166/1166/1166
f 1080/1080/1080 1166/1166/1166 1167/1167/1167
f 1079/1079/1079 1078/1078/1078 1168/1168/1168
f 1079/1079/1079 1168/1168/1168 1166/1166/1166
f 1166/1166/1166 1168/1168/1168 1161/1161/1161
f 1166/1166/1166 1161/1161/1161 1160/1160/1160
f 1167/1167/1167 1166/1166/1166 1160/1160/1160
f 1167/1167/1167 1160/1160/1160 1159/1159/1159
f 1078/1078/1078 1128/1128/1128 1169/1169/1169
f 1078/1078/1078 1169/1169/1169 1168/1168/1168
f 1128/1128/1128 1117/1117/1117 1120/1120/1120
f 1128/1128/1128 1120/1120/1120 1169/1169/1169
f 1169/1169/1169 1120/1120/1120 1125/1125/1125
f 1169/1169/1169 1125/1125/1125 1162/1162/1162
f 1168/1168/1168 1169/1169/1169 1162/1162/1162
f 1168/1168/1168 1162/1162/1162 1161/1161/1161
f 1134/1134/1134 1133/1133/1133 1170/1170/1170
f 1134/1134/1134 1170/1170/1170 1165/1165/1165
f 1133/1133/1133 1132/1132/1132 1171/1171/1171
f 1133/1133/1133 1171/1171/1171 1170/1170/1170
f 1170/1170/1170 1171/1171/1171 1155/1155/1155
f 1170/1170/1170 1155/1155/1155 1154/1154/1154
f 1165/1165/1165 1170/1170/1170 1154/1154/1154
f 1165/1165/1165 1154/1154/1154 1153/1153/1153
f 1138/1138/1138 1137/1137/1137 1172/1172/1172
f 1138/1138/1138 1172/1172/1172 1173/1173/1173
f 1137/1137/1137 1080/1080/1080 1167/1167/1167
f 1137/1137/1137 1167/1167/1167 1172/1172/1172
f 1172/1172/1172 1167/1167/1167 1159/1159/1159
f 1172/1172/1172 1159/1159/1159 1158/1158/1158
f 1173/1173/1173 1172/1172/1172 1158/1158/1158
f 1173/1173/1173 1158/1158/1158 1157/1157/1157
f 1132/1132/1132 1140/1140/1140 1174/1174/1174
f 1132/1132/1132 1174/1174/1174 1171/1171/1171
f 1140/1140/1140 1138/1138/1138 1173/1173/1173
f 1140/1140/1140 1173/1173/1173 1174/1174/1174
f 1174/1174/1174 1173/1173/1173 1157/1157/1157
f 1174/1174/1174 1157/1157/1157 1156/1156/1156
f 1171/1171/1171 1174/1174/1174 1156/1156/1156
f 1171/1171/1171 1156/1156/1156 1155/1155/1155
f 1121/1121/1121 1145/1145/1145 1175/1175/1175
f 1121/1121/1121 1175/1175/1175 1122/1122/1122
f 1145/1145/1145 1144/1144/1144 1164/1164/1164
f 1145/1145/1145 1164/1164/1164 1175/1175/1175
f 1175/1175/1175 1164/1164/1164 1151/1151/1151
f 1175/1175/1175 1151/1151/1151 1149/1149/1149
f 1122/1122/1122 1175/1175/1175 1149/1149/1149
f 1122/1122/1122 1149/1149/1149 1123/1123/1123
f 867/867/867 864/864/864 1176/1176/1176
f 867/867/867 1176/1176/1176 1177/1177/1177
f 864/864/864 863/863/863 1178/1178/1178
f 864/864/864 1178/1178/1178 1176/1176/1176
f 1176/1176/1176 1178/1178/1178 919/919/919
f 1176/1176/1176 919/919/919 938/938/938
f 1177/1177/1177 1176/1176/1176 938/938/938
f 1177/1177/1177 938/938/938 935/935/935
f 877/877/877 875/875/875 1179/1179/1179
f 877/877/877 1179/1179/1179 1180/1180/1180
f 875/875/875 867/867/867 1177/1177/1177
f 875/875/875 1177/1177/1177 1179/1179/1179
f 1179/1179/1179 1177/1177/1177 935/935/935
f 1179/1179/1179 935/935/935 933/933/933
f 1180/1180/1180 1179/1179/1179 933/933/933
f 1180/1180/1180 933/933/933 902/902/902
f 857/857/857 882/882/882 1181/1181/1181
f 857/857/857 1181/1181/1181 1182/1182/1182
f 882/882/882 881/881/881 1183/1183/1183
f 882/882/882 1183/1183/1183 1181/1181/1181
f 1181/1181/1181 1183/1183/1183 790/790/790
f 1181/1181/1181 790/790/790 1184/1184/1184
f 1182/1182/1182 1181/1181/1181 1184/1184/1184
f 1182/1182/1182 1184/1184/1184 914/914/914
f 863/863/863 887/887/887 1185/1185/1185
f 863/863/863 1185/1185/1185 1178/1178/1178
f 887/887/887 861/861/861 1186/1186/1186
f 887/887/887 1186/1186/1186 1185/1185/1185
f 1185/1185/1185 1186/1186/1186 910/910/910
f 1185/1185/1185 910/910/910 920/920/920
f 1178/1178/1178 1185/1185/1185 920/920/920
f 1178/1178/1178 920/920/920 919/919/919
f 861/861/861 858/858/858 1187/1187/1187
f 861/861/861 1187/1187/1187 1186/1186/1186
f 858/858/858 857/857/857 1182/1182/1182
f 858/858/858 1182/1182/1182 1187/1187/1187
f 1187/1187/1187 1182/1182/1182 914/914/914
f 1187/1187/1187 914/914/914 911/911/911
f 1186/1186/1186 1187/1187/1187 911/911/911
f 1186/1186/1186 911/911/911 910/910/910
f 873/873/873 870/870/870 1188/1188/1188
f 873/873/873 1188/1188/1188 1189/1189/1189
f 870/870/870 869/869/869 1190/1190/1190
f 870/870/870 1190/1190/1190 1188/1188/1188
f 1188/1188/1188 1190/1190/1190 898/898/898
f 1188/1188/1188 898/898/898 907/907/907
f 1189/1189/1189 1188/1188/1188 907/907/907
f 1189/1189/1189 907/907/907 794/794/794
f 869/869/869 879/879/879 1191/1191/1191
f 869/869/869 1191/1191/1191 1190/1190/1190
f 879/879/879 877/877/877 1180/1180/1180
f 879/879/879 1180/1180/1180 1191/1191/1191
f 1191/1191/1191 1180/1180/1180 902/902/902
f 1191/1191/1191 902/902/902 899/899/899
f 1190/1190/1190 1191/1191/1191 899/899/899
f 1190/1190/1190 899/899/899 898/898/898
f 881/881/881 885/885/885 1192/1192/1192
f 881/881/881 1192/1192/1192 1183/1183/1183
f 885/885/885 873/873/873 1189/1189/1189
f 885/885/885 1189/1189/1189 1192/1192/1192
f 1192/1192/1192 1189/1189/1189 794/794/794
f 1192/1192/1192 794/794/794 791/791/791
f 1183/1183/1183 1192/1192/1192 791/791/791
f 1183/1183/1183 791/791/791 790/790/790
f 930/930/930 1193/1193/1193 1194/1194/1194
f 930/930/930 1194/1194/1194 1195/1195/1195
f 1193/1193/1193 1196/1196/1196 1197/1197/1197
f 1193/1193/1193 1197/1197/1197 1194/1194/1194
f 1194/1194/1194 1197/1197/1197 1198/1198/1198
f 1194/1194/1194 1198/1198/1198 1199/1199/1199
f 1195/1195/1195 1194/1194/1194 1199/1199/1199
f 1195/1195/1195 1199/1199/1199 1200/1200/1200
f 928/928/928 1201/1201/1201 1202/1202/1202
f 928/928/928 1202/1202/1202 929/929/929
f 1201/1201/1201 1203/1203/1203 1204/1204/1204
f 1201/1201/1201 1204/1204/1204 1202/1202/1202
f 1202/1202/1202 1204/1204/1204 1196/1196/1196
f 1202/1202/1202 1196/1196/1196 1193/1193/1193
f 929/929/929 1202/1202/1202 1193/1193/1193
f 929/929/929 1193/1193/1193 930/930/930
f 1205/1205/1205 1206/1206/1206 1207/1207/1207
f 1205/1205/1205 1207/1207/1207 1208/1208/1208
f 1206/1206/1206 924/924/924 927/927/927
f 1206/1206/1206 927/927/927 1207/1207/1207
f 1207/1207/1207 927/927/927 932/932/932
f 1207/1207/1207 932/932/932 1209/1209/1209
f 1208/1208/1208 1207/1207/1207 1209/1209/1209
f 1208/1208/1208 1209/1209/1209 1210/1210/1210
f 1203/1203/1203 1211/1211/1211 1212/1212/1212
f 1203/1203/1203 1212/1212/1212 1204/1204/1204
f 1211/1211/1211 1205/1205/1205 1208/1208/1208
f 1211/1211/1211 1208/1208/1208 1212/1212/1212
f 1212/1212/1212 1208/1208/1208 1210/1210/1210
f 1212/1212/1212 1210/1210/1210 1213/1213/1213
f 1204/1204/1204 1212/1212/1212 1213/1213/1213
f 1204/1204/1204 1213/1213/1213 1196/1196/1196
f 1198/1198/1198 1214/1214/1214 1215/1215/1215
f 1198/1198/1198 1215/1215/1215 1216/1216/1216
f 1214/1214/1214 1217/1217/1217 1218/1218/1218
f 1214/1214/1214 1218/1218/1218 1215/1215/1215
f 1215/1215/1215 1218/1218/1218 1219/1219/1219
f 1215/1215/1215 1219/1219/1219 1220/1220/1220
f 1216/1216/1216 1215/1215/1215 1220/1220/1220
f 1216/1216/1216 1220/1220/1220 1221/1221/1221
f 932/932/932 931/931/931 1222/1222/1222
f 932/932/932 1222/1222/1222 1223/1223/1223
f 931/931/931 930/930/930 1195/1195/1195
f 931/931/931 1195/1195/1195 1222/1222/1222
f 1222/1222/1222 1195/1195/1195 1200/1200/1200
f 1222/1222/1222 1200/1200/1200 1224/1224/1224
f 1223/1223/1223 1222/1222/1222 1224/1224/1224
f 1223/1223/1223 1224/1224/1224 1225/1225/1225
f 1196/1196/1196 1213/1213/1213 1226/1226/1226
f 1196/1196/1196 1226/1226/1226 1197/1197/1197
f 1213/1213/1213 1210/1210/1210 1227/1227/1227
f 1213/1213/1213 1227/1227/1227 1226/1226/1226
f 1226/1226/1226 1227/1227/1227 1217/1217/1217
f 1226/1226/1226 1217/1217/1217 1214/1214/1214
f 1197/1197/1197 1226/1226/1226 1214/1214/1214
f 1197/1197/1197 1214/1214/1214 1198/1198/1198
f 1210/1210/1210 1209/1209/1209 1228/1228/1228
f 1210/1210/1210 1228/1228/1228 1227/1227/1227
f 1209/1209/1209 932/932/932 1223/1223/1223
f 1209/1209/1209 1223/1223/1223 1228/1228/1228
f 1228/1228/1228 1223/1223/1223 1225/1225/1225
f 1228/1228/1228 1225/1225/1225 1229/1229/1229
f 1227/1227/1227 1228/1228/1228 1229/1229/1229
f 1227/1227/1227 1229/1229/1229 1217/1217/1217
f 1219/1219/1219 1230/1230/1230 1231/1231/1231
f 1219/1219/1219 1231/1231/1231 1232/1232/1232
f 1230/1230/1230 1233/1233/1233 1234/1234/1234
f 1230/1230/1230 1234/1234/1234 1231/1231/1231
f 1231/1231/1231 1234/1234/1234 1235/1235/1235
f 1231/1231/1231 1235/1235/1235 1236/1236/1236
f 1232/1232/1232 1231/1231/1231 1236/1236/1236
f 1232/1232/1232 1236/1236/1236 1237/1237/1237
f 1217/1217/1217 1229/1229/1229 1238/1238/1238
f 1217/1217/1217 1238/1238/1238 1218/1218/1218
f 1229/1229/1229 1225/1225/1225 1239/1239/1239
f 1229/1229/1229 1239/1239/1239 1238/1238/1238
f 1238/1238/1238 1239/1239/1239 1233/1233/1233
f 1238/1238/1238 1233/1233/1233 1230/1230/1230
f 1218/1218/1218 1238/1238/1238 1230/1230/1230
f 1218/1218/1218 1230/1230/1230 1219/1219/1219
f 1200/1200/1200 1199/1199/1199 1240/1240/1240
f 1200/1200/1200 1240/1240/1240 1241/1241/1241
f 1199/1199/1199 1198/1198/1198 1216/1216/1216
f 1199/1199/1199 1216/1216/1216 1240/1240/1240
f 1240/1240/1240 1216/1216/1216 1221/1221/1221
f 1240/1240/1240 1221/1221/1221 1242/1242/1242
f 1241/1241/1241 1240/1240/1240 1242/1242/1242
f 1241/1241/1241 1242/1242/1242 1243/1243/1243
f 1225/1225/1225 1224/1224/1224 1244/1244/1244
f 1225/1225/1225 1244/1244/1244 1239/1239/1239
f 1224/1224/1224 1200/1200/1200 1241/1241/1241
f 1224/1224/1224 1241/1241/1241 1244/1244/1244
f 1244/1244/1244 1241/1241/1241 1243/1243/1243
f 1244/1244/1244 1243/1243/1243 1245/1245/1245
f 1239/1239/1239 1244/1244/1244 1245/1245/1245
f 1239/1239/1239 1245/1245/1245 1233/1233/1233
f 1246/1246/1246 1247/1247/1247 1248/1248/1248
f 1246/1246/1246 1248/1248/1248 1249/1249/1249
f 1247/1247/1247 1250/1250/1250 1251/1251/1251
f 1247/1247/1247 1251/1251/1251 1248/1248/1248
f 1248/1248/1248 1251/1251/1251 1237/1237/1237
f 1248/1248/1248 1237/1237/1237 1236/1236/1236
f 1249/1249/1249 1248/1248/1248 1236/1236/1236
f 1249/1249/1249 1236/1236/1236 1235/1235/1235
f 1243/1243/1243 1242/1242/1242 1252/1252/1252
f 1243/1243/1243 1252/1252/1252 1253/1253/1253
f 1242/1242/1242 1221/1221/1221 1254/1254/1254
f 1242/1242/1242 1254/1254/1254 1252/1252/1252
f 1252/1252/1252 1254/1254/1254 1250/1250/1250
f 1252/1252/1252 1250/1250/1250 1247/1247/1247
f 1253/1253/1253 1252/1252/1252 1247/1247/1247
f 1253/1253/1253 1247/1247/1247 1246/1246/1246
f 1233/1233/1233 1245/1245/1245 1255/1255/1255
f 1233/1233/1233 1255/1255/1255 1234/1234/1234
f 1245/1245/1245 1243/1243/1243 1253/1253/1253
f 1245/1245/1245 1253/1253/1253 1255/1255/1255
f 1255/1255/1255 1253/1253/1253 1246/1246/1246
f 1255/1255/1255 1246/1246/1246 1249/1249/1249
f 1234/1234/1234 1255/1255/1255 1249/1249/1249
f 1234/1234/1234 1249/1249/1249 1235/1235/1235
f 1221/1221/1221 1220/1220/1220 1256/1256/1256
f 1221/1221/1221 1256/1256/1256 1254/1254/1254
f 1220/1220/1220 1219/1219/1219 1232/1232/1232
f 1220/1220/1220 1232/1232/1232 1256/1256/1256
f 1256/1256/1256 1232/1232/1232 1237/1237/1237
f 1256/1256/1256 1237/1237/1237 1251/1251/1251
f 1254/1254/1254 1256/1256/1256 1251/1251/1251
f 1254/1254/1254 1251/1251/1251 1250/1250/1250
f 968/968/968 967/967/967 1257/1257/1257
f 968/968/968 1257/1257/1257 1258/1258/1258
f 967/967/967 966/966/966 1259/1259/1259
f 967/967/967 1259/1259/1259 1257/1257/1257
f 1257/1257/1257 1259/1259/1259 985/985/985
f 1257/1257/1257 985/985/985 1021/1021/1021
f 1258/1258/1258 1257/1257/1257 1021/1021/1021
f 1258/1258/1258 1021/1021/1021 944/944/944
f 952/952/952 962/962/962 1260/1260/1260
f 952/952/952 1260/1260/1260 1261/1261/1261
f 962/962/962 960/960/960 1262/1262/1262
f 962/962/962 1262/1262/1262 1260/1260/1260
f 1260/1260/1260 1262/1262/1262 1012/1012/1012
f 1260/1260/1260 1012/1012/1012 1018/1018/1018
f 1261/1261/1261 1260/1260/1260 1018/1018/1018
f 1261/1261/1261 1018/1018/1018 1008/1008/1008
f 960/960/960 959/959/959 1263/1263/1263
f 960/960/960 1263/1263/1263 1262/1262/1262
f 959/959/959 958/958/958 1264/1264/1264
f 959/959/959 1264/1264/1264 1263/1263/1263
f 1263/1263/1263 1264/1264/1264 994/994/994
f 1263/1263/1263 994/994/994 1013/1013/1013
f 1262/1262/1262 1263/1263/1263 1013/1013/1013
f 1262/1262/1262 1013/1013/1013 1012/1012/1012
f 954/954/954 953/953/953 1265/1265/1265
f 954/954/954 1265/1265/1265 1266/1266/1266
f 953/953/953 952/952/952 1261/1261/1261
f 953/953/953 1261/1261/1261 1265/1265/1265
f 1265/1265/1265 1261/1261/1261 1008/1008/1008
f 1265/1265/1265 1008/1008/1008 1006/1006/1006
f 1266/1266/1266 1265/1265/1265 1006/1006/1006
f 1266/1266/1266 1006/1006/1006 989/989/989
f 897/897/897 896/896/896 1267/1267/1267
f 897/897/897 1267/1267/1267 1268/1268/1268
f 896/896/896 895/895/895 1269/1269/1269
f 896/896/896 1269/1269/1269 1267/1267/1267
f 1267/1267/1267 1269/1269/1269 940/940/940
f 1267/1267/1267 940/940/940 1003/1003/1003
f 1268/1268/1268 1267/1267/1267 1003/1003/1003
f 1268/1268/1268 1003/1003/1003 998/998/998
f 958/958/958 975/975/975 1270/1270/1270
f 958/958/958 1270/1270/1270 1264/1264/1264
f 975/975/975 897/897/897 1268/1268/1268
f 975/975/975 1268/1268/1268 1270/1270/1270
f 1270/1270/1270 1268/1268/1268 998/998/998
f 1270/1270/1270 998/998/998 995/995/995
f 1264/1264/1264 1270/1270/1270 995/995/995
f 1264/1264/1264 995/995/995 994/994/994
f 1271/1271/1271 1272/1272/1272 1273/1273/1273
f 1271/1271/1271 1273/1273/1273 1274/1274/1274
f 1272/1272/1272 1275/1275/1275 1276/1276/1276
f 1272/1272/1272 1276/1276/1276 1273/1273/1273
f 1273/1273/1273 1276/1276/1276 1277/1277/1277
f 1273/1273/1273 1277/1277/1277 1278/1278/1278
f 1274/1274/1274 1273/1273/1273 1278/1278/1278
f 1274/1274/1274 1278/1278/1278 1279/1279/1279
f 895/895/895 970/970/970 1280/1280/1280
f 895/895/895 1280/1280/1280 1269/1269/1269
f 970/970/970 968/968/968 1258/1258/1258
f 970/970/970 1258/1258/1258 1280/1280/1280
f 1280/1280/1280 1258/1258/1258 944/944/944
f 1280/1280/1280 944/944/944 941/941/941
f 1269/1269/1269 1280/1280/1280 941/941/941
f 1269/1269/1269 941/941/941 940/940/940
f 1281/1281/1281 1282/1282/1282 1283/1283/1283
f 1281/1281/1281 1283/1283/1283 1284/1284/1284
f 1282/1282/1282 1279/1279/1279 1285/1285/1285
f 1282/1282/1282 1285/1285/1285 1283/1283/1283
f 1283/1283/1283 1285/1285/1285 1286/1286/1286
f 1283/1283/1283 1286/1286/1286 1287/1287/1287
f 1284/1284/1284 1283/1283/1283 1287/1287/1287
f 1284/1284/1284 1287/1287/1287 1288/1288/1288
f 1289/1289/1289 1290/1290/1290 1291/1291/1291
f 1289/1289/1289 1291/1291/1291 1292/1292/1292
f 1290/1290/1290 1271/1271/1271 1274/1274/1274
f 1290/1290/1290 1274/1274/1274 1291/1291/1291
f 1291/1291/1291 1274/1274/1274 1279/1279/1279
f 1291/1291/1291 1279/1279/1279 1282/1282/1282
f 1292/1292/1292 1291/1291/1291 1282/1282/1282
f 1292/1292/1292 1282/1282/1282 1281/1281/1281
f 1275/1275/1275 1293/1293/1293 1294/1294/1294
f 1275/1275/1275 1294/1294/1294 1276/1276/1276
f 1293/1293/1293 1295/1295/1295 1296/1296/1296
f 1293/1293/1293 1296/1296/1296 1294/1294/1294
f 1294/1294/1294 1296/1296/1296 1297/1297/1297
f 1294/1294/1294 1297/1297/1297 1298/1298/1298
f 1276/1276/1276 1294/1294/1294 1298/1298/1298
f 1276/1276/1276 1298/1298/1298 1277/1277/1277
f 1295/1295/1295 1299/1299/1299 1300/1300/1300
f 1295/1295/1295 1300/1300/1300 1296/1296/1296
f 1299/1299/1299 1289/1289/1289 1292/1292/1292
f 1299/1299/1299 1292/1292/1292 1300/1300/1300
f 1300/1300/1300 1292/1292/1292 1281/1281/1281
f 1300/1300/1300 1281/1281/1281 1301/1301/1301
f 1296/1296/1296 1300/1300/1300 1301/1301/1301
f 1296/1296/1296 1301/1301/1301 1297/1297/1297
f 1302/1302/1302 1303/1303/1303 1304/1304/1304
f 1302/1302/1302 1304/1304/1304 1305/1305/1305
f 1303/1303/1303 1306/1306/1306 1307/1307/1307
f 1303/1303/1303 1307/1307/1307 1304/1304/1304
f 1304/1304/1304 1307/1307/1307 1308/1308/1308
f 1304/1304/1304 1308/1308/1308 1309/1309/1309
f 1305/1305/1305 1304/1304/1304 1309/1309/1309
f 1305/1305/1305 1309/1309/1309 1310/1310/1310
f 1277/1277/1277 1298/1298/1298 1311/1311/1311
f 1277/1277/1277 1311/1311/1311 1312/1312/1312
f 1298/1298/1298 1297/1297/1297 1313/1313/1313
f 1298/1298/1298 1313/1313/1313 1311/1311/1311
f 1311/1311/1311 1313/1313/1313 1306/1306/1306
f 1311/1311/1311 1306/1306/1306 1303/1303/1303
f 1312/1312/1312 1311/1311/1311 1303/1303/1303
f 1312/1312/1312 1303/1303/1303 1302/1302/1302
f 1279/1279/1279 1278/1278/1278 1314/1314/1314
f 1279/1279/1279 1314/1314/1314 1285/1285/1285
f 1278/1278/1278 1277/1277/1277 1312/1312/1312
f 1278/1278/1278 1312/1312/1312 1314/1314/1314
f 1314/1314/1314 1312/1312/1312 1302/1302/1302
f 1314/1314/1314 1302/1302/1302 1315/1315/1315
f 1285/1285/1285 1314/1314/1314 1315/1315/1315
f 1285/1285/1285 1315/1315/1315 1286/1286/1286
f 1297/1297/1297 1301/1301/1301 1316/1316/1316
f 1297/1297/1297 1316/1316/1316 1313/1313/1313
f 1301/1301/1301 1281/1281/1281 1284/1284/1284
f 1301/1301/1301 1284/1284/1284 1316/1316/1316
f 1316/1316/1316 1284/1284/1284 1288/1288/1288
f 1316/1316/1316 1288/1288/1288 1317/1317/1317
f 1313/1313/1313 1316/1316/1316 1317/1317/1317
f 1313/1313/1313 1317/1317/1317 1306/1306/1306
f 1318/1318/1318 1319/1319/1319 1320/1320/1320
f 1318/1318/1318 1320/1320/1320 1321/1321/1321
f 1319/1319/1319 1310/1310/1310 1309/1309/1309
f 1319/1319/1319 1309/1309/1309 1320/1320/1320
f 1320/1320/1320 1309/1309/1309 1308/1308/1308
f 1320/1320/1320 1308/1308/1308 1322/1322/1322
f 1321/1321/1321 1320/1320/1320 1322/1322/1322
f 1321/1321/1321 1322/1322/1322 1323/1323/1323
f 1286/1286/1286 1315/1315/1315 1324/1324/1324
f 1286/1286/1286 1324/1324/1324 1325/1325/1325
f 1315/1315/1315 1302/1302/1302 1305/1305/1305
f 1315/1315/1315 1305/1305/1305 1324/1324/1324
f 1324/1324/1324 1305/1305/1305 1310/1310/1310
f 1324/1324/1324 1310/1310/1310 1319/1319/1319
f 1325/1325/1325 1324/1324/1324 1319/1319/1319
f 1325/1325/1325 1319/1319/1319 1318/1318/1318
f 1306/1306/1306 1317/1317/1317 1326/1326/1326
f 1306/1306/1306 1326/1326/1326 1307/1307/1307
f 1317/1317/1317 1288/1288/1288 1327/1327/1327
f 1317/1317/1317 1327/1327/1327 1326/1326/1326
f 1326/1326/1326 1327/1327/1327 1323/1323/1323
f 1326/1326/1326 1323/1323/1323 1322/1322/1322
f 1307/1307/1307 1326/1326/1326 1322/1322/1322
f 1307/1307/1307 1322/1322/1322 1308/1308/1308
f 1288/1288/1288 1287/1287/1287 1328/1328/1328
f 1288/1288/1288 1328/1328/1328 1327/1327/1327
f 1287/1287/1287 1286/1286/1286 1325/1325/1325
f 1287/1287/1287 1325/1325/1325 1328/1328/1328
f 1328/1328/1328 1325/1325/1325 1318/1318/1318
f 1328/1328/1328 1318/1318/1318 1321/1321/1321
f 1327/1327/1327 1328/1328/1328 1321/1321/1321
f 1327/1327/1327 1321/1321/1321 1323/1323/1323
f 1017/1017/1017 1016/1016/1016 1329/1329/1329
f 1017/1017/1017 1329/1329/1329 1330/1330/1330
f 1016/1016/1016 1002/1002/1002 1331/1331/1331
f 1016/1016/1016 1331/1331/1331 1329/1329/1329
f 1329/1329/1329 1331/1331/1331 1332/1332/1332
f 1329/1329/1329 1332/1332/1332 1333/1333/1333
f 1330/1330/1330 1329/1329/1329 1333/1333/1333
f 1330/1330/1330 1333/1333/1333 1334/1334/1334
f 991/991/991 1011/1011/1011 1335/1335/1335
f 991/991/991 1335/1335/1335 1336/1336/1336
f 1011/1011/1011 1010/1010/1010 1337/1337/1337
f 1011/1011/1011 1337/1337/1337 1335/1335/1335
f 1335/1335/1335 1337/1337/1337 1338/1338/1338
f 1335/1335/1335 1338/1338/1338 1339/1339/1339
f 1336/1336/1336 1335/1335/1335 1339/1339/1339
f 1336/1336/1336 1339/1339/1339 1340/1340/1340
f 1000/1000/1000 1005/1005/1005 1341/1341/1341
f 1000/1000/1000 1341/1341/1341 1342/1342/1342
f 1005/1005/1005 948/948/948 1343/1343/1343
f 1005/1005/1005 1343/1343/1343 1341/1341/1341
f 1341/1341/1341 1343/1343/1343 1344/1344/1344
f 1341/1341/1341 1344/1344/1344 1345/1345/1345
f 1342/1342/1342 1341/1341/1341 1345/1345/1345
f 1342/1342/1342 1345/1345/1345 1346/1346/1346
f 1002/1002/1002 1001/1001/1001 1347/1347/1347
f 1002/1002/1002 1347/1347/1347 1331/1331/1331
f 1001/1001/1001 1000/1000/1000 1342/1342/1342
f 1001/1001/1001 1342/1342/1342 1347/1347/1347
f 1347/1347/1347 1342/1342/1342 1346/1346/1346
f 1347/1347/1347 1346/1346/1346 1348/1348/1348
f 1331/1331/1331 1347/1347/1347 1348/1348/1348
f 1331/1331/1331 1348/1348/1348 1332/1332/1332
f 1349/1349/1349 1350/1350/1350 1351/1351/1351
f 1349/1349/1349 1351/1351/1351 1352/1352/1352
f 1350/1350/1350 1353/1353/1353 1354/1354/1354
f 1350/1350/1350 1354/1354/1354 1351/1351/1351
f 1351/1351/1351 1354/1354/1354 1355/1355/1355
f 1351/1351/1351 1355/1355/1355 1356/1356/1356
f 1352/1352/1352 1351/1351/1351 1356/1356/1356
f 1352/1352/1352 1356/1356/1356 1357/1357/1357
f 948/948/948 947/947/947 1358/1358/1358
f 948/948/948 1358/1358/1358 1343/1343/1343
f 947/947/947 946/946/946 1359/1359/1359
f 947/947/947 1359/1359/1359 1358/1358/1358
f 1358/1358/1358 1359/1359/1359 1360/1360/1360
f 1358/1358/1358 1360/1360/1360 1361/1361/1361
f 1343/1343/1343 1358/1358/1358 1361/1361/1361
f 1343/1343/1343 1361/1361/1361 1344/1344/1344
f 946/946/946 1023/1023/1023 1362/1362/1362
f 946/946/946 1362/1362/1362 1359/1359/1359
f 1023/1023/1023 993/993/993 1363/1363/1363
f 1023/1023/1023 1363/1363/1363 1362/1362/1362
f 1362/1362/1362 1363/1363/1363 1364/1364/1364
f 1362/1362/1362 1364/1364/1364 1365/1365/1365
f 1359/1359/1359 1362/1362/1362 1365/1365/1365
f 1359/1359/1359 1365/1365/1365 1360/1360/1360
f 1010/1010/1010 1020/1020/1020 1366/1366/1366
f 1010/1010/1010 1366/1366/1366 1337/1337/1337
f 1020/1020/1020 1017/1017/1017 1330/1330/1330
f 1020/1020/1020 1330/1330/1330 1366/1366/1366
f 1366/1366/1366 1330/1330/1330 1334/1334/1334
f 1366/1366/1366 1334/1334/1334 1367/1367/1367
f 1337/1337/1337 1366/1366/1366 1367/1367/1367
f 1337/1337/1337 1367/1367/1367 1338/1338/1338
f 1368/1368/1368 1369/1369/1369 1370/1370/1370
f 1368/1368/1368 1370/1370/1370 1371/1371/1371
f 1369/1369/1369 1372/1372/1372 1373/1373/1373
f 1369/1369/1369 1373/1373/1373 1370/1370/1370
f 1370/1370/1370 1373/1373/1373 1374/1374/1374
f 1370/1370/1370 1374/1374/1374 1375/1375/1375
f 1371/1371/1371 1370/1370/1370 1375/1375/1375
f 1371/1371/1371 1375/1375/1375 1376/1376/1376
f 1377/1377/1377 1378/1378/1378 1379/1379/1379
f 1377/1377/1377 1379/1379/1379 1380/1380/1380
f 1378/1378/1378 1349/1349/1349 1352/1352/1352
f 1378/1378/1378 1352/1352/1352 1379/1379/1379
f 1379/1379/1379 1352/1352/1352 1357/1357/1357
f 1379/1379/1379 1357/1357/1357 1381/1381/1381
f 1380/1380/1380 1379/1379/1379 1381/1381/1381
f 1380/1380/1380 1381/1381/1381 1372/1372/1372
f 1353/1353/1353 1382/1382/1382 1383/1383/1383
f 1353/1353/1353 1383/1383/1383 1354/1354/1354
f 1382/1382/1382 1384/1384/1384 1385/1385/1385
f 1382/1382/1382 1385/1385/1385 1383/1383/1383
f 1383/1383/1383 1385/1385/1385 1368/1368/1368
f 1383/1383/1383 1368/1368/1368 1386/1386/1386
f 1354/1354/1354 1383/1383/1383 1386/1386/1386
f 1354/1354/1354 1386/1386/1386 1355/1355/1355
f 1384/1384/1384 1387/1387/1387 1388/1388/1388
f 1384/1384/1384 1388/1388/1388 1385/1385/1385
f 1387/1387/1387 1377/1377/1377 1380/1380/1380
f 1387/1387/1387 1380/1380/1380 1388/1388/1388
f 1388/1388/1388 1380/1380/1380 1372/1372/1372
f 1388/1388/1388 1372/1372/1372 1369/1369/1369
f 1385/1385/1385 1388/1388/1388 1369/1369/1369
f 1385/1385/1385 1369/1369/1369 1368/1368/1368
f 1389/1389/1389 1390/1390/1390 1391/1391/1391
f 1389/1389/1389 1391/1391/1391 1392/1392/1392
f 1390/1390/1390 1376/1376/1376 1393/1393/1393
f 1390/1390/1390 1393/1393/1393 1391/1391/1391
f 1391/1391/1391 1393/1393/1393 1394/1394/1394
f 1391/1391/1391 1394/1394/1394 1395/1395/1395
f 1392/1392/1392 1391/1391/1391 1395/1395/1395
f 1392/1392/1392 1395/1395/1395 1396/1396/1396
f 1372/1372/1372 1381/1381/1381 1397/1397/1397
f 1372/1372/1372 1397/1397/1397 1373/1373/1373
f 1381/1381/1381 1357/1357/1357 1398/1398/1398
f 1381/1381/1381 1398/1398/1398 1397/1397/1397
f 1397/1397/1397 1398/1398/1398 1399/1399/1399
f 1397/1397/1397 1399/1399/1399 1400/1400/1400
f 1373/1373/1373 1397/1397/1397 1400/1400/1400
f 1373/1373/1373 1400/1400/1400 1374/1374/1374
f 1355/1355/1355 1386/1386/1386 1401/1401/1401
f 1355/1355/1355 1401/1401/1401 1402/1402/1402
f 1386/1386/1386 1368/1368/1368 1371/1371/1371
f 1386/1386/1386 1371/1371/1371 1401/1401/1401
f 1401/1401/1401 1371/1371/1371 1376/1376/1376
f 1401/1401/1401 1376/1376/1376 1390/1390/1390
f 1402/1402/1402 1401/1401/1401 1390/1390/1390
f 1402/1402/1402 1390/1390/1390 1389/1389/1389
f 1357/1357/1357 1356/1356/1356 1403/1403/1403
f 1357/1357/1357 1403/1403/1403 1398/1398/1398
f 1356/1356/1356 1355/1355/1355 1402/1402/1402
f 1356/1356/1356 1402/1402/1402 1403/1403/1403
f 1403/1403/1403 1402/1402/1402 1389/1389/1389
f 1403/1403/1403 1389/1389/1389 1404/1404/1404
f 1398/1398/1398 1403/1403/1403 1404/1404/1404
f 1398/1398/1398 1404/1404/1404 1399/1399/1399
f 1405/1405/1405 1406/1406/1406 1407/1407/1407
f 1405/1405/1405 1407/1407/1407 1408/1408/1408
f 1406/1406/1406 1396/1396/1396 1395/1395/1395
f 1406/1406/1406 1395/1395/1395 1407/1407/1407
f 1407/1407/1407 1395/1395/1395 1394/1394/1394
f 1407/1407/1407 1394/1394/1394 1409/1409/1409
f 1408/1408/1408 1407/1407/1407 1409/1409/1409
f 1408/1408/1408 1409/1409/1409 1410/1410/1410
f 1399/1399/1399 1404/1404/1404 1411/1411/1411
f 1399/1399/1399 1411/1411/1411 1412/1412/1412
f 1404/1404/1404 1389/1389/1389 1392/1392/1392
f 1404/1404/1404 1392/1392/1392 1411/1411/1411
f 1411/1411/1411 1392/1392/1392 1396/1396/1396
f 1411/1411/1411 1396/1396/1396 1406/1406/1406
f 1412/1412/1412 1411/1411/1411 1406/1406/1406
f 1412/1412/1412 1406/1406/1406 1405/1405/1405
f 1376/1376/1376 1375/1375/1375 1413/1413/1413
f 1376/1376/1376 1413/1413/1413 1393/1393/1393
f 1375/1375/1375 1374/1374/1374 1414/1414/1414
f 1375/1375/1375 1414/1414/1414 1413/1413/1413
f 1413/1413/1413 1414/1414/1414 1410/1410/1410
f 1413/1413/1413 1410/1410/1410 1409/1409/1409
f 1393/1393/1393 1413/1413/1413 1409/1409/1409
f 1393/1393/1393 1409/1409/1409 1394/1394/1394
f 1374/1374/1374 1400/1400/1400 1415/1415/1415
f 1374/1374/1374 1415/1415/1415 1414/1414/1414
f 1400/1400/1400 1399/1399/1399 1412/1412/1412
f 1400/1400/1400 1412/1412/1412 1415/1415/1415
f 1415/1415/1415 1412/1412/1412 1405/1405/1405
f 1415/1415/1415 1405/1405/1405 1408/1408/1408
f 1414/1414/1414 1415/1415/1415 1408/1408/1408
f 1414/1414/1414 1408/1408/1408 1410/1410/1410
f 1416/1416/1416 1417/1417/1417 1418/1418/1418
f 1416/1416/1416 1418/1418/1418 1419/1419/1419
f 1417/1417/1417 1420/1420/1420 1421/1421/1421
f 1417/1417/1417 1421/1421/1421 1418/1418/1418
f 1418/1418/1418 1421/1421/1421 1422/1422/1422
f 1418/1418/1418 1422/1422/1422 1423/1423/1423
f 1419/1419/1419 1418/1418/1418 1423/1423/1423
f 1419/1419/1419 1423/1423/1423 1424/1424/1424
f 1425/1425/1425 1426/1426/1426 1427/1427/1427
f 1425/1425/1425 1427/1427/1427 1428/1428/1428
f 1426/1426/1426 1429/1429/1429 1430/1430/1430
f 1426/1426/1426 1430/1430/1430 1427/1427/1427
f 1427/1427/1427 1430/1430/1430 1431/1431/1431
f 1427/1427/1427 1431/1431/1431 1432/1432/1432
f 1428/1428/1428 1427/1427/1427 1432/1432/1432
f 1428/1428/1428 1432/1432/1432 1433/1433/1433
f 1434/1434/1434 1435/1435/1435 1436/1436/1436
f 1434/1434/1434 1436/1436/1436 1437/1437/1437
f 1435/1435/1435 1438/1438/1438 1439/1439/1439
f 1435/1435/1435 1439/1439/1439 1436/1436/1436
f 1436/1436/1436 1439/1439/1439 1440/1440/1440
f 1436/1436/1436 1440/1440/1440 1441/1441/1441
f 1437/1437/1437 1436/1436/1436 1441/1441/1441
f 1437/1437/1437 1441/1441/1441 1442/1442/1442
f 1434/1434/1434 1437/1437/1437 1443/1443/1443
f 1434/1434/1434 1443/1443/1443 1444/1444/1444
f 1437/1437/1437 1442/1442/1442 1445/1445/1445
f 1437/1437/1437 1445/1445/1445 1443/1443/1443
f 1443/1443/1443 1445/1445/1445 1446/1446/1446
f 1443/1443/1443 1446/1446/1446 1447/1447/1447
f 1444/1444/1444 1443/1443/1443 1447/1447/1447
f 1444/1444/1444 1447/1447/1447 1448/1448/1448
f 1449/1449/1449 1450/1450/1450 1451/1451/1451
f 1449/1449/1449 1451/1451/1451 1452/1452/1452
f 1450/1450/1450 1425/1425/1425 1428/1428/1428
f 1450/1450/1450 1428/1428/1428 1451/1451/1451
f 1451/1451/1451 1428/1428/1428 1433/1433/1433
f 1451/1451/1451 1433/1433/1433 1453/1453/1453
f 1452/1452/1452 1451/1451/1451 1453/1453/1453
f 1452/1452/1452 1453/1453/1453 1454/1454/1454
f 1438/1438/1438 1455/1455/1455 1456/1456/1456
f 1438/1438/1438 1456/1456/1456 1439/1439/1439
f 1455/1455/1455 1457/1457/1457 1458/1458/1458
f 1455/1455/1455 1458/1458/1458 1456/1456/1456
f 1456/1456/1456 1458/1458/1458 1459/1459/1459
f 1456/1456/1456 1459/1459/1459 1460/1460/1460
f 1439/1439/1439 1456/1456/1456 1460/1460/1460
f 1439/1439/1439 1460/1460/1460 1440/1440/1440
f 1457/1457/1457 1461/1461/1461 1462/1462/1462
f 1457/1457/1457 1462/1462/1462 1458/1458/1458
f 1461/1461/1461 1449/1449/1449 1452/1452/1452
f 1461/1461/1461 1452/1452/1452 1462/1462/1462
f 1462/1462/1462 1452/1452/1452 1454/1454/1454
f 1462/1462/1462 1454/1454/1454 1463/1463/1463
f 1458/1458/1458 1462/1462/1462 1463/1463/1463
f 1458/1458/1458 1463/1463/1463 1459/1459/1459
f 1429/1429/1429 1464/1464/1464 1465/1465/1465
f 1429/1429/1429 1465/1465/1465 1430/1430/1430
f 1464/1464/1464 1416/1416/1416 1419/1419/1419
f 1464/1464/1464 1419/1419/1419 1465/1465/1465
f 1465/1465/1465 1419/1419/1419 1424/1424/1424
f 1465/1465/1465 1424/1424/1424 1466/1466/1466
f 1430/1430/1430 1465/1465/1465 1466/1466/1466
f 1430/1430/1430 1466/1466/1466 1431/1431/1431
f 1424/1424/1424 1423/1423/1423 1467/1467/1467
f 1424/1424/1424 1467/1467/1467 1468/1468/1468
f 1423/1423/1423 1422/1422/1422 1469/1469/1469
f 1423/1423/1423 1469/1469/1469 1467/1467/1467
f 1467/1467/1467 1469/1469/1469 1054/1054/1054
f 1467/1467/1467 1054/1054/1054 1069/1069/1069
f 1468/1468/1468 1467/1467/1467 1069/1069/1069
f 1468/1468/1468 1069/1069/1069 980/980/980
f 1433/1433/1433 1432/1432/1432 1470/1470/1470
f 1433/1433/1433 1470/1470/1470 1471/1471/1471
f 1432/1432/1432 1431/1431/1431 1472/1472/1472
f 1432/1432/1432 1472/1472/1472 1470/1470/1470
f 1470/1470/1470 1472/1472/1472 976/976/976
f 1470/1470/1470 976/976/976 1066/1066/1066
f 1471/1471/1471 1470/1470/1470 1066/1066/1066
f 1471/1471/1471 1066/1066/1066 1050/1050/1050
f 1442/1442/1442 1441/1441/1441 1473/1473/1473
f 1442/1442/1442 1473/1473/1473 1474/1474/1474
f 1441/1441/1441 1440/1440/1440 1475/1475/1475
f 1441/1441/1441 1475/1475/1475 1473/1473/1473
f 1473/1473/1473 1475/1475/1475 1042/1042/1042
f 1473/1473/1473 1042/1042/1042 1063/1063/1063
f 1474/1474/1474 1473/1473/1473 1063/1063/1063
f 1474/1474/1474 1063/1063/1063 1058/1058/1058
f 1422/1422/1422 1476/1476/1476 1477/1477/1477
f 1422/1422/1422 1477/1477/1477 1469/1469/1469
f 1476/1476/1476 1442/1442/1442 1474/1474/1474
f 1476/1476/1476 1474/1474/1474 1477/1477/1477
f 1477/1477/1477 1474/1474/1474 1058/1058/1058
f 1477/1477/1477 1058/1058/1058 1055/1055/1055
f 1469/1469/1469 1477/1477/1477 1055/1055/1055
f 1469/1469/1469 1055/1055/1055 1054/1054/1054
f 1478/1478/1478 1479/1479/1479 1480/1480/1480
f 1478/1478/1478 1480/1480/1480 1481/1481/1481
f 1479/1479/1479 1482/1482/1482 1483/1483/1483
f 1479/1479/1479 1483/1483/1483 1480/1480/1480
f 1480/1480/1480 1483/1483/1483 1484/1484/1484
f 1480/1480/1480 1484/1484/1484 1485/1485/1485
f 1481/1481/1481 1480/1480/1480 1485/1485/1485
f 1481/1481/1481 1485/1485/1485 1486/1486/1486
f 1440/1440/1440 1460/1460/1460 1487/1487/1487
f 1440/1440/1440 1487/1487/1487 1475/1475/1475
f 1460/1460/1460 1459/1459/1459 1488/1488/1488
f 1460/1460/1460 1488/1488/1488 1487/1487/1487
f 1487/1487/1487 1488/1488/1488 1033/1033/1033
f 1487/1487/1487 1033/1033/1033 1043/1043/1043
f 1475/1475/1475 1487/1487/1487 1043/1043/1043
f 1475/1475/1475 1043/1043/1043 1042/1042/1042
f 1459/1459/1459 1463/1463/1463 1489/1489/1489
f 1459/1459/1459 1489/1489/1489 1488/1488/1488
f 1463/1463/1463 1454/1454/1454 1490/1490/1490
f 1463/1463/1463 1490/1490/1490 1489/1489/1489
f 1489/1489/1489 1490/1490/1490 1037/1037/1037
f 1489/1489/1489 1037/1037/1037 1034/1034/1034
f 1488/1488/1488 1489/1489/1489 1034/1034/1034
f 1488/1488/1488 1034/1034/1034 1033/1033/1033
f 1431/1431/1431 1466/1466/1466 1491/1491/1491
f 1431/1431/1431 1491/1491/1491 1472/1472/1472
f 1466/1466/1466 1424/1424/1424 1468/1468/1468
f 1466/1466/1466 1468/1468/1468 1491/1491/1491
f 1491/1491/1491 1468/1468/1468 980/980/980
f 1491/1491/1491 980/980/980 977/977/977
f 1472/1472/1472 1491/1491/1491 977/977/977
f 1472/1472/1472 977/977/977 976/976/976
f 1484/1484/1484 1492/1492/1492 1493/1493/1493
f 1484/1484/1484 1493/1493/1493 1494/1494/1494
f 1492/1492/1492 1495/1495/1495 1496/1496/1496
f 1492/1492/1492 1496/1496/1496 1493/1493/1493
f 1493/1493/1493 1496/1496/1496 1497/1497/1497
f 1493/1493/1493 1497/1497/1497 1498/1498/1498
f 1494/1494/1494 1493/1493/1493 1498/1498/1498
f 1494/1494/1494 1498/1498/1498 1499/1499/1499
f 1500/1500/1500 1501/1501/1501 1502/1502/1502
f 1500/1500/1500 1502/1502/1502 1503/1503/1503
f 1501/1501/1501 1478/1478/1478 1481/1481/1481
f 1501/1501/1501 1481/1481/1481 1502/1502/1502
f 1502/1502/1502 1481/1481/1481 1486/1486/1486
f 1502/1502/1502 1486/1486/1486 1504/1504/1504
f 1503/1503/1503 1502/1502/1502 1504/1504/1504
f 1503/1503/1503 1504/1504/1504 1505/1505/1505
f 1506/1506/1506 1507/1507/1507 1508/1508/1508
f 1506/1506/1506 1508/1508/1508 1509/1509/1509
f 1507/1507/1507 1500/1500/1500 1503/1503/1503
f 1507/1507/1507 1503/1503/1503 1508/1508/1508
f 1508/1508/1508 1503/1503/1503 1505/1505/1505
f 1508/1508/1508 1505/1505/1505 1510/1510/1510
f 1509/1509/1509 1508/1508/1508 1510/1510/1510
f 1509/1509/1509 1510/1510/1510 1495/1495/1495
f 1482/1482/1482 1511/1511/1511 1512/1512/1512
f 1482/1482/1482 1512/1512/1512 1483/1483/1483
f 1511/1511/1511 1506/1506/1506 1509/1509/1509
f 1511/1511/1511 1509/1509/1509 1512/1512/1512
f 1512/1512/1512 1509/1509/1509 1495/1495/1495
f 1512/1512/1512 1495/1495/1495 1492/1492/1492
f 1483/1483/1483 1512/1512/1512 1492/1492/1492
f 1483/1483/1483 1492/1492/1492 1484/1484/1484
f 1497/1497/1497 1513/1513/1513 1514/1514/1514
f 1497/1497/1497 1514/1514/1514 1515/1515/1515
f 1513/1513/1513 1516/1516/1516 1517/1517/1517
f 1513/1513/1513 1517/1517/1517 1514/1514/1514
f 1514/1514/1514 1517/1517/1517 1518/1518/1518
f 1514/1514/1514 1518/1518/1518 1519/1519/1519
f 1515/1515/1515 1514/1514/1514 1519/1519/1519
f 1515/1515/1515 1519/1519/1519 1520/1520/1520
f 1486/1486/1486 1485/1485/1485 1521/1521/1521
f 1486/1486/1486 1521/1521/1521 1522/1522/1522
f 1485/1485/1485 1484/1484/1484 1494/1494/1494
f 1485/1485/1485 1494/1494/1494 1521/1521/1521
f 1521/1521/1521 1494/1494/1494 1499/1499/1499
f 1521/1521/1521 1499/1499/1499 1523/1523/1523
f 1522/1522/1522 1521/1521/1521 1523/1523/1523
f 1522/1522/1522 1523/1523/1523 1524/1524/1524
f 1495/1495/1495 1510/1510/1510 1525/1525/1525
f 1495/1495/1495 1525/1525/1525 1496/1496/1496
f 1510/1510/1510 1505/1505/1505 1526/1526/1526
f 1510/1510/1510 1526/1526/1526 1525/1525/1525
f 1525/1525/1525 1526/1526/1526 1516/1516/1516
f 1525/1525/1525 1516/1516/1516 1513/1513/1513
f 1496/1496/1496 1525/1525/1525 1513/1513/1513
f 1496/1496/1496 1513/1513/1513 1497/1497/1497
f 1505/1505/1505 1504/1504/1504 1527/1527/1527
f 1505/1505/1505 1527/1527/1527 1526/1526/1526
f 1504/1504/1504 1486/1486/1486 1522/1522/1522
f 1504/1504/1504 1522/1522/1522 1527/1527/1527
f 1527/1527/1527 1522/1522/1522 1524/1524/1524
f 1527/1527/1527 1524/1524/1524 1528/1528/1528
f 1526/1526/1526 1527/1527/1527 1528/1528/1528
f 1526/1526/1526 1528/1528/1528 1516/1516/1516
f 1529/1529/1529 1530/1530/1530 1531/1531/1531
f 1529/1529/1529 1531/1531/1531 1532/1532/1532
f 1530/1530/1530 1533/1533/1533 1534/1534/1534
f 1530/1530/1530 1534/1534/1534 1531/1531/1531
f 1531/1531/1531 1534/1534/1534 1520/1520/1520
f 1531/1531/1531 1520/1520/1520 1519/1519/1519
f 1532/1532/1532 1531/1531/1531 1519/1519/1519
f 1532/1532/1532 1519/1519/1519 1518/1518/1518
f 1516/1516/1516 1528/1528/1528 1535/1535/1535
f 1516/1516/1516 1535/1535/1535 1517/1517/1517
f 1528/1528/1528 1524/1524/1524 1536/1536/1536
f 1528/1528/1528 1536/1536/1536 1535/1535/1535
f 1535/1535/1535 1536/1536/1536 1529/1529/1529
f 1535/1535/1535 1529/1529/1529 1532/1532/1532
f 1517/1517/1517 1535/1535/1535 1532/1532/1532
f 1517/1517/1517 1532/1532/1532 1518/1518/1518
f 1499/1499/1499 1498/1498/1498 1537/1537/1537
f 1499/1499/1499 1537/1537/1537 1538/1538/1538
f 1498/1498/1498 1497/1497/1497 1515/1515/1515
f 1498/1498/1498 1515/1515/1515 1537/1537/1537
f 1537/1537/1537 1515/1515/1515 1520/1520/1520
f 1537/1537/1537 1520/1520/1520 1534/1534/1534
f 1538/1538/1538 1537/1537/1537 1534/1534/1534
f 1538/1538/1538 1534/1534/1534 1533/1533/1533
f 1524/1524/1524 1523/1523/1523 1539/1539/1539
f 1524/1524/1524 1539/1539/1539 1536/1536/1536
f 1523/1523/1523 1499/1499/1499 1538/1538/1538
f 1523/1523/1523 1538/1538/1538 1539/1539/1539
f 1539/1539/1539 1538/1538/1538 1533/1533/1533
f 1539/1539/1539 1533/1533/1533 1530/1530/1530
f 1536/1536/1536 1539/1539/1539 1530/1530/1530
f 1536/1536/1536 1530/1530/1530 1529/1529/1529
f 1060/1060/1060 1065/1065/1065 1540/1540/1540
f 1060/1060/1060 1540/1540/1540 1541/1541/1541
f 1065/1065/1065 1047/1047/1047 1542/1542/1542
f 1065/1065/1065 1542/1542/1542 1540/1540/1540
f 1540/1540/1540 1542/1542/1542 1543/1543/1543
f 1540/1540/1540 1543/1543/1543 1544/1544/1544
f 1541/1541/1541 1540/1540/1540 1544/1544/1544
f 1541/1541/1541 1544/1544/1544 1545/1545/1545
f 1062/1062/1062 1061/1061/1061 1546/1546/1546
f 1062/1062/1062 1546/1546/1546 1547/1547/1547
f 1061/1061/1061 1060/1060/1060 1541/1541/1541
f 1061/1061/1061 1541/1541/1541 1546/1546/1546
f 1546/1546/1546 1541/1541/1541 1545/1545/1545
f 1546/1546/1546 1545/1545/1545 1548/1548/1548
f 1547/1547/1547 1546/1546/1546 1548/1548/1548
f 1547/1547/1547 1548/1548/1548 1549/1549/1549
f 1550/1550/1550 1551/1551/1551 1552/1552/1552
f 1550/1550/1550 1552/1552/1552 1553/1553/1553
f 1551/1551/1551 1554/1554/1554 1555/1555/1555
f 1551/1551/1551 1555/1555/1555 1552/1552/1552
f 1552/1552/1552 1555/1555/1555 1556/1556/1556
f 1552/1552/1552 1556/1556/1556 1557/1557/1557
f 1553/1553/1553 1552/1552/1552 1557/1557/1557
f 1553/1553/1553 1557/1557/1557 1558/1558/1558
f 1047/1047/1047 1046/1046/1046 1559/1559/1559
f 1047/1047/1047 1559/1559/1559 1542/1542/1542
f 1046/1046/1046 1041/1041/1041 1560/1560/1560
f 1046/1046/1046 1560/1560/1560 1559/1559/1559
f 1559/1559/1559 1560/1560/1560 1561/1561/1561
f 1559/1559/1559 1561/1561/1561 1562/1562/1562
f 1542/1542/1542 1559/1559/1559 1562/1562/1562
f 1542/1542/1542 1562/1562/1562 1543/1543/1543
f 1041/1041/1041 1040/1040/1040 1563/1563/1563
f 1041/1041/1041 1563/1563/1563 1560/1560/1560
f 1040/1040/1040 1039/1039/1039 1564/1564/1564
f 1040/1040/1040 1564/1564/1564 1563/1563/1563
f 1563/1563/1563 1564/1564/1564 1565/1565/1565
f 1563/1563/1563 1565/1565/1565 1566/1566/1566
f 1560/1560/1560 1563/1563/1563 1566/1566/1566
f 1560/1560/1560 1566/1566/1566 1561/1561/1561
f 984/984/984 983/983/983 1567/1567/1567
f 984/984/984 1567/1567/1567 1568/1568/1568
f 983/983/983 982/982/982 1569/1569/1569
f 983/983/983 1569/1569/1569 1567/1567/1567
f 1567/1567/1567 1569/1569/1569 1570/1570/1570
f 1567/1567/1567 1570/1570/1570 1571/1571/1571
f 1568/1568/1568 1567/1567/1567 1571/1571/1571
f 1568/1568/1568 1571/1571/1571 1572/1572/1572
f 982/982/982 1071/1071/1071 1573/1573/1573
f 982/982/982 1573/1573/1573 1569/1569/1569
f 1071/1071/1071 1062/1062/1062 1547/1547/1547
f 1071/1071/1071 1547/1547/1547 1573/1573/1573
f 1573/1573/1573 1547/1547/1547 1549/1549/1549
f 1573/1573/1573 1549/1549/1549 1574/1574/1574
f 1569/1569/1569 1573/1573/1573 1574/1574/1574
f 1569/1569/1569 1574/1574/1574 1570/1570/1570
f 1052/1052/1052 1068/1068/1068 1575/1575/1575
f 1052/1052/1052 1575/1575/1575 1576/1576/1576
f 1068/1068/1068 984/984/984 1568/1568/1568
f 1068/1068/1068 1568/1568/1568 1575/1575/1575
f 1575/1575/1575 1568/1568/1568 1572/1572/1572
f 1575/1575/1575 1572/1572/1572 1577/1577/1577
f 1576/1576/1576 1575/1575/1575 1577/1577/1577
f 1576/1576/1576 1577/1577/1577 1578/1578/1578
f 1579/1579/1579 1580/1580/1580 1581/1581/1581
f 1579/1579/1579 1581/1581/1581 1582/1582/1582
f 1580/1580/1580 1558/1558/1558 1583/1583/1583
f 1580/1580/1580 1583/1583/1583 1581/1581/1581
f 1581/1581/1581 1583/1583/1583 1584/1584/1584
f 1581/1581/1581 1584/1584/1584 1585/1585/1585
f 1582/1582/1582 1581/1581/1581 1585/1585/1585
f 1582/1582/1582 1585/1585/1585 1586/1586/1586
f 1587/1587/1587 1588/1588/1588 1589/1589/1589
f 1587/1587/1587 1589/1589/1589 1590/1590/1590
f 1588/1588/1588 1591/1591/1591 1592/1592/1592
f 1588/1588/1588 1592/1592/1592 1589/1589/1589
f 1589/1589/1589 1592/1592/1592 1579/1579/1579
f 1589/1589/1589 1579/1579/1579 1593/1593/1593
f 1590/1590/1590 1589/1589/1589 1593/1593/1593
f 1590/1590/1590 1593/1593/1593 1594/1594/1594
f 1554/1554/1554 1595/1595/1595 1596/1596/1596
f 1554/1554/1554 1596/1596/1596 1555/1555/1555
f 1595/1595/1595 1587/1587/1587 1590/1590/1590
f 1595/1595/1595 1590/1590/1590 1596/1596/1596
f 1596/1596/1596 1590/1590/1590 1594/1594/1594
f 1596/1596/1596 1594/1594/1594 1597/1597/1597
f 1555/1555/1555 1596/1596/1596 1597/1597/1597
f 1555/1555/1555 1597/1597/1597 1556/1556/1556
f 1591/1591/1591 1598/1598/1598 1599/1599/1599
f 1591/1591/1591 1599/1599/1599 1592/1592/1592
f 1598/1598/1598 1550/1550/1550 1553/1553/1553
f 1598/1598/1598 1553/1553/1553 1599/1599/1599
f 1599/1599/1599 1553/1553/1553 1558/1558/1558
f 1599/1599/1599 1558/1558/1558 1580/1580/1580
f 1592/1592/1592 1599/1599/1599 1580/1580/1580
f 1592/1592/1592 1580/1580/1580 1579/1579/1579
f 1584/1584/1584 1600/1600/1600 1601/1601/1601
f 1584/1584/1584 1601/1601/1601 1602/1602/1602
f 1600/1600/1600 1603/1603/1603 1604/1604/1604
f 1600/1600/1600 1604/1604/1604 1601/1601/1601
f 1601/1601/1601 1604/1604/1604 1605/1605/1605
f 1601/1601/1601 1605/1605/1605 1606/1606/1606
f 1602/1602/1602 1601/1601/1601 1606/1606/1606
f 1602/1602/1602 1606/1606/1606 1607/1607/1607
f 1558/1558/1558 1557/1557/1557 1608/1608/1608
f 1558/1558/1558 1608/1608/1608 1583/1583/1583
f 1557/1557/1557 1556/1556/1556 1609/1609/1609
f 1557/1557/1557 1609/1609/1609 1608/1608/1608
f 1608/1608/1608 1609/1609/1609 1603/1603/1603
f 1608/1608/1608 1603/1603/1603 1600/1600/1600
f 1583/1583/1583 1608/1608/1608 1600/1600/1600
f 1583/1583/1583 1600/1600/1600 1584/1584/1584
f 1594/1594/1594 1593/1593/1593 1610/1610/1610
f 1594/1594/1594 1610/1610/1610 1611/1611/1611
f 1593/1593/1593 1579/1579/1579 1582/1582/1582
f 1593/1593/1593 1582/1582/1582 1610/1610/1610
f 1610/1610/1610 1582/1582/1582 1586/1586/1586
f 1610/1610/1610 1586/1586/1586 1612/1612/1612
f 1611/1611/1611 1610/1610/1610 1612/1612/1612
f 1611/1611/1611 1612/1612/1612 1613/1613/1613
f 1556/1556/1556 1597/1597/1597 1614/1614/1614
f 1556/1556/1556 1614/1614/1614 1609/1609/1609
f 1597/1597/1597 1594/1594/1594 1611/1611/1611
f 1597/1597/1597 1611/1611/1611 1614/1614/1614
f 1614/1614/1614 1611/1611/1611 1613/1613/1613
f 1614/1614/1614 1613/1613/1613 1615/1615/1615
f 1609/1609/1609 1614/1614/1614 1615/1615/1615
f 1609/1609/1609 1615/1615/1615 1603/1603/1603
f 1607/1607/1607 1606/1606/1606 1616/1616/1616
f 1607/1607/1607 1616/1616/1616 1617/1617/1617
f 1606/1606/1606 1605/1605/1605 1618/1618/1618
f 1606/1606/1606 1618/1618/1618 1616/1616/1616
f 1616/1616/1616 1618/1618/1618 1619/1619/1619
f 1616/1616/1616 1619/1619/1619 1620/1620/1620
f 1617/1617/1617 1616/1616/1616 1620/1620/1620
f 1617/1617/1617 1620/1620/1620 1621/1621/1621
f 1613/1613/1613 1612/1612/1612 1622/1622/1622
f 1613/1613/1613 1622/1622/1622 1623/1623/1623
f 1612/1612/1612 1586/1586/1586 1624/1624/1624
f 1612/1612/1612 1624/1624/1624 1622/1622/1622
f 1622/1622/1622 1624/1624/1624 1621/1621/1621
f 1622/1622/1622 1621/1621/1621 1620/1620/1620
f 1623/1623/1623 1622/1622/1622 1620/1620/1620
f 1623/1623/1623 1620/1620/1620 1619/1619/1619
f 1603/1603/1603 1615/1615/1615 1625/1625/1625
f 1603/1603/1603 1625/1625/1625 1604/1604/1604
f 1615/1615/1615 1613/1613/1613 1623/1623/1623
f 1615/1615/1615 1623/1623/1623 1625/1625/1625
f 1625/1625/1625 1623/1623/1623 1619/1619/1619
f 1625/1625/1625 1619/1619/1619 1618/1618/1618
f 1604/1604/1604 1625/1625/1625 1618/1618/1618
f 1604/1604/1604 1618/1618/1618 1605/1605/1605
f 1586/1586/1586 1585/1585/1585 1626/1626/1626
f 1586/1586/1586 1626/1626/1626 1624/1624/1624
f 1585/1585/1585 1584/1584/1584 1602/1602/1602
f 1585/1585/1585 1602/1602/1602 1626/1626/1626
f 1626/1626/1626 1602/1602/1602 1607/1607/1607
f 1626/1626/1626 1607/1607/1607 1617/1617/1617
f 1624/1624/1624 1626/1626/1626 1617/1617/1617
f 1624/1624/1624 1617/1617/1617 1621/1621/1621
f 1545/1545/1545 1544/1544/1544 1627/1627/1627
f 1545/1545/1545 1627/1627/1627 1628/1628/1628
f 1544/1544/1544 1543/1543/1543 1629/1629/1629
f 1544/1544/1544 1629/1629/1629 1627/1627/1627
f 1627/1627/1627 1629/1629/1629 1630/1630/1630
f 1627/1627/1627 1630/1630/1630 1631/1631/1631
f 1628/1628/1628 1627/1627/1627 1631/1631/1631
f 1628/1628/1628 1631/1631/1631 1632/1632/1632
f 1549/1549/1549 1548/1548/1548 1633/1633/1633
f 1549/1549/1549 1633/1633/1633 1634/1634/1634
f 1548/1548/1548 1545/1545/1545 1628/1628/1628
f 1548/1548/1548 1628/1628/1628 1633/1633/1633
f 1633/1633/1633 1628/1628/1628 1632/1632/1632
f 1633/1633/1633 1632/1632/1632 1635/1635/1635
f 1634/1634/1634 1633/1633/1633 1635/1635/1635
f 1634/1634/1634 1635/1635/1635 1636/1636/1636
f 1565/1565/1565 1637/1637/1637 1638/1638/1638
f 1565/1565/1565 1638/1638/1638 1639/1639/1639
f 1637/1637/1637 1578/1578/1578 1640/1640/1640
f 1637/1637/1637 1640/1640/1640 1638/1638/1638
f 1638/1638/1638 1640/1640/1640 1641/1641/1641
f 1638/1638/1638 1641/1641/1641 1642/1642/1642
f 1639/1639/1639 1638/1638/1638 1642/1642/1642
f 1639/1639/1639 1642/1642/1642 1643/1643/1643
f 1543/1543/1543 1562/1562/1562 1644/1644/1644
f 1543/1543/1543 1644/1644/1644 1629/1629/1629
f 1562/1562/1562 1561/1561/1561 1645/1645/1645
f 1562/1562/1562 1645/1645/1645 1644/1644/1644
f 1644/1644/1644 1645/1645/1645 1646/1646/1646
f 1644/1644/1644 1646/1646/1646 1647/1647/1647
f 1629/1629/1629 1644/1644/1644 1647/1647/1647
f 1629/1629/1629 1647/1647/1647 1630/1630/1630
f 1561/1561/1561 1566/1566/1566 1648/1648/1648
f 1561/1561/1561 1648/1648/1648 1645/1645/1645
f 1566/1566/1566 1565/1565/1565 1639/1639/1639
f 1566/1566/1566 1639/1639/1639 1648/1648/1648
f 1648/1648/1648 1639/1639/1639 1643/1643/1643
f 1648/1648/1648 1643/1643/1643 1649/1649/1649
f 1645/1645/1645 1648/1648/1648 1649/1649/1649
f 1645/1645/1645 1649/1649/1649 1646/1646/1646
f 1572/1572/1572 1571/1571/1571 1650/1650/1650
f 1572/1572/1572 1650/1650/1650 1651/1651/1651
f 1571/1571/1571 1570/1570/1570 1652/1652/1652
f 1571/1571/1571 1652/1652/1652 1650/1650/1650
f 1650/1650/1650 1652/1652/1652 1653/1653/1653
f 1650/1650/1650 1653/1653/1653 1654/1654/1654
f 1651/1651/1651 1650/1650/1650 1654/1654/1654
f 1651/1651/1651 1654/1654/1654 1655/1655/1655
f 1570/1570/1570 1574/1574/1574 1656/1656/1656
f 1570/1570/1570 1656/1656/1656 1652/1652/1652
f 1574/1574/1574 1549/1549/1549 1634/1634/1634
f 1574/1574/1574 1634/1634/1634 1656/1656/1656
f 1656/1656/1656 1634/1634/1634 1636/1636/1636
f 1656/1656/1656 1636/1636/1636 1657/1657/1657
f 1652/1652/1652 1656/1656/1656 1657/1657/1657
f 1652/1652/1652 1657/1657/1657 1653/1653/1653
f 1578/1578/1578 1577/1577/1577 1658/1658/1658
f 1578/1578/1578 1658/1658/1658 1640/1640/1640
f 1577/1577/1577 1572/1572/1572 1651/1651/1651
f 1577/1577/1577 1651/1651/1651 1658/1658/1658
f 1658/1658/1658 1651/1651/1651 1655/1655/1655
f 1658/1658/1658 1655/1655/1655 1659/1659/1659
f 1640/1640/1640 1658/1658/1658 1659/1659/1659
f 1640/1640/1640 1659/1659/1659 1641/1641/1641
f 1632/1632/1632 1631/1631/1631 1660/1660/1660
f 1632/1632/1632 1660/1660/1660 1661/1661/1661
f 1631/1631/1631 1630/1630/1630 1662/1662/1662
f 1631/1631/1631 1662/1662/1662 1660/1660/1660
f 1660/1660/1660 1662/1662/1662 1101/1101/1101
f 1660/1660/1660 1101/1101/1101 1114/1114/1114
f 1661/1661/1661 1660/1660/1660 1114/1114/1114
f 1661/1661/1661 1114/1114/1114 1112/1112/1112
f 1663/1663/1663 1664/1664/1664 1665/1665/1665
f 1663/1663/1663 1665/1665/1665 1666/1666/1666
f 1664/1664/1664 1667/1667/1667 1668/1668/1668
f 1664/1664/1664 1668/1668/1668 1665/1665/1665
f 1665/1665/1665 1668/1668/1668 1669/1669/1669
f 1665/1665/1665 1669/1669/1669 1670/1670/1670
f 1666/1666/1666 1665/1665/1665 1670/1670/1670
f 1666/1666/1666 1670/1670/1670 1671/1671/1671
f 1643/1643/1643 1642/1642/1642 1672/1672/1672
f 1643/1643/1643 1672/1672/1672 1673/1673/1673
f 1642/1642/1642 1641/1641/1641 1674/1674/1674
f 1642/1642/1642 1674/1674/1674 1672/1672/1672
f 1672/1672/1672 1674/1674/1674 1024/1024/1024
f 1672/1672/1672 1024/1024/1024 1107/1107/1107
f 1673/1673/1673 1672/1672/1672 1107/1107/1107
f 1673/1673/1673 1107/1107/1107 1096/1096/1096
f 1630/1630/1630 1647/1647/1647 1675/1675/1675
f 1630/1630/1630 1675/1675/1675 1662/1662/1662
f 1647/1647/1647 1646/1646/1646 1676/1676/1676
f 1647/1647/1647 1676/1676/1676 1675/1675/1675
f 1675/1675/1675 1676/1676/1676 1092/1092/1092
f 1675/1675/1675 1092/1092/1092 1102/1102/1102
f 1662/1662/1662 1675/1675/1675 1102/1102/1102
f 1662/1662/1662 1102/1102/1102 1101/1101/1101
f 1646/1646/1646 1649/1649/1649 1677/1677/1677
f 1646/1646/1646 1677/1677/1677 1676/1676/1676
f 1649/1649/1649 1643/1643/1643 1673/1673/1673
f 1649/1649/1649 1673/1673/1673 1677/1677/1677
f 1677/1677/1677 1673/1673/1673 1096/1096/1096
f 1677/1677/1677 1096/1096/1096 1093/1093/1093
f 1676/1676/1676 1677/1677/1677 1093/1093/1093
f 1676/1676/1676 1093/1093/1093 1092/1092/1092
f 1655/1655/1655 1654/1654/1654 1678/1678/1678
f 1655/1655/1655 1678/1678/1678 1679/1679/1679
f 1654/1654/1654 1653/1653/1653 1680/1680/1680
f 1654/1654/1654 1680/1680/1680 1678/1678/1678
f 1678/1678/1678 1680/1680/1680 1081/1081/1081
f 1678/1678/1678 1081/1081/1081 1089/1089/1089
f 1679/1679/1679 1678/1678/1678 1089/1089/1089
f 1679/1679/1679 1089/1089/1089 1028/1028/1028
f 1653/1653/1653 1657/1657/1657 1681/1681/1681
f 1653/1653/1653 1681/1681/1681 1680/1680/1680
f 1657/1657/1657 1636/1636/1636 1682/1682/1682
f 1657/1657/1657 1682/1682/1682 1681/1681/1681
f 1681/1681/1681 1682/1682/1682 1085/1085/1085
f 1681/1681/1681 1085/1085/1085 1082/1082/1082
f 1680/1680/1680 1681/1681/1681 1082/1082/1082
f 1680/1680/1680 1082/1082/1082 1081/1081/1081
f 1641/1641/1641 1659/1659/1659 1683/1683/1683
f 1641/1641/1641 1683/1683/1683 1674/1674/1674
f 1659/1659/1659 1655/1655/1655 1679/1679/1679
f 1659/1659/1659 1679/1679/1679 1683/1683/1683
f 1683/1683/1683 1679/1679/1679 1028/1028/1028
f 1683/1683/1683 1028/1028/1028 1025/1025/1025
f 1674/1674/1674 1683/1683/1683 1025/1025/1025
f 1674/1674/1674 1025/1025/1025 1024/1024/1024
f 1684/1684/1684 1685/1685/1685 1686/1686/1686
f 1684/1684/1684 1686/1686/1686 1687/1687/1687
f 1685/1685/1685 1671/1671/1671 1688/1688/1688
f 1685/1685/1685 1688/1688/1688 1686/1686/1686
f 1686/1686/1686 1688/1688/1688 1689/1689/1689
f 1686/1686/1686 1689/1689/1689 1690/1690/1690
f 1687/1687/1687 1686/1686/1686 1690/1690/1690
f 1687/1687/1687 1690/1690/1690 1691/1691/1691
f 1667/1667/1667 1692/1692/1692 1693/1693/1693
f 1667/1667/1667 1693/1693/1693 1668/1668/1668
f 1692/1692/1692 1694/1694/1694 1695/1695/1695
f 1692/1692/1692 1695/1695/1695 1693/1693/1693
f 1693/1693/1693 1695/1695/1695 1696/1696/1696
f 1693/1693/1693 1696/1696/1696 1697/1697/1697
f 1668/1668/1668 1693/1693/1693 1697/1697/1697
f 1668/1668/1668 1697/1697/1697 1669/1669/1669
f 1698/1698/1698 1699/1699/1699 1700/1700/1700
f 1698/1698/1698 1700/1700/1700 1701/1701/1701
f 1699/1699/1699 1663/1663/1663 1666/1666/1666
f 1699/1699/1699 1666/1666/1666 1700/1700/1700
f 1700/1700/1700 1666/1666/1666 1671/1671/1671
f 1700/1700/1700 1671/1671/1671 1685/1685/1685
f 1701/1701/1701 1700/1700/1700 1685/1685/1685
f 1701/1701/1701 1685/1685/1685 1684/1684/1684
f 1694/1694/1694 1702/1702/1702 1703/1703/1703
f 1694/1694/1694 1703/1703/1703 1695/1695/1695
f 1702/1702/1702 1698/1698/1698 1701/1701/1701
f 1702/1702/1702 1701/1701/1701 1703/1703/1703
f 1703/1703/1703 1701/1701/1701 1684/1684/1684
f 1703/1703/1703 1684/1684/1684 1704/1704/1704
f 1695/1695/1695 1703/1703/1703 1704/1704/1704
f 1695/1695/1695 1704/1704/1704 1696/1696/1696
f 1705/1705/1705 1706/1706/1706 1707/1707/1707
f 1705/1705/1705 1707/1707/1707 1708/1708/1708
f 1706/1706/1706 1691/1691/1691 1709/1709/1709
f 1706/1706/1706 1709/1709/1709 1707/1707/1707
f 1707/1707/1707 1709/1709/1709 1710/1710/1710
f 1707/1707/1707 1710/1710/1710 1711/1711/1711
f 1708/1708/1708 1707/1707/1707 1711/1711/1711
f 1708/1708/1708 1711/1711/1711 1712/1712/1712
f 1671/1671/1671 1670/1670/1670 1713/1713/1713
f 1671/1671/1671 1713/1713/1713 1688/1688/1688
f 1670/1670/1670 1669/1669/1669 1714/1714/1714
f 1670/1670/1670 1714/1714/1714 1713/1713/1713
f 1713/1713/1713 1714/1714/1714 1715/1715/1715
f 1713/1713/1713 1715/1715/1715 1716/1716/1716
f 1688/1688/1688 1713/1713/1713 1716/1716/1716
f 1688/1688/1688 1716/1716/1716 1689/1689/1689
f 1696/1696/1696 1704/1704/1704 1717/1717/1717
f 1696/1696/1696 1717/1717/1717 1718/1718/1718
f 1704/1704/1704 1684/1684/1684 1687/1687/1687
f 1704/1704/1704 1687/1687/1687 1717/1717/1717
f 1717/1717/1717 1687/1687/1687 1691/1691/1691
f 1717/1717/1717 1691/1691/1691 1706/1706/1706
f 1718/1718/1718 1717/1717/1717 1706/1706/1706
f 1718/1718/1718 1706/1706/1706 1705/1705/1705
f 1669/1669/1669 1697/1697/1697 1719/1719/1719
f 1669/1669/1669 1719/1719/1719 1714/1714/1714
f 1697/1697/1697 1696/1696/1696 1718/1718/1718
f 1697/1697/1697 1718/1718/1718 1719/1719/1719
f 1719/1719/1719 1718/1718/1718 1705/1705/1705
f 1719/1719/1719 1705/1705/1705 1720/1720/1720
f 1714/1714/1714 1719/1719/1719 1720/1720/1720
f 1714/1714/1714 1720/1720/1720 1715/1715/1715
f 1712/1712/1712 1711/1711/1711 1721/1721/1721
f 1712/1712/1712 1721/1721/1721 1722/1722/1722
f 1711/1711/1711 1710/1710/1710 1723/1723/1723
f 1711/1711/1711 1723/1723/1723 1721/1721/1721
f 1721/1721/1721 1723/1723/1723 1724/1724/1724
f 1721/1721/1721 1724/1724/1724 1725/1725/1725
f 1722/1722/1722 1721/1721/1721 1725/1725/1725
f 1722/1722/1722 1725/1725/1725 1726/1726/1726
f 1715/1715/1715 1720/1720/1720 1727/1727/1727
f 1715/1715/1715 1727/1727/1727 1728/1728/1728
f 1720/1720/1720 1705/1705/1705 1708/1708/1708
f 1720/1720/1720 1708/1708/1708 1727/1727/1727
f 1727/1727/1727 1708/1708/1708 1712/1712/1712
f 1727/1727/1727 1712/1712/1712 1729/1729/1729
f 1728/1728/1728 1727/1727/1727 1729/1729/1729
f 1728/1728/1728 1729/1729/1729 1730/1730/1730
f 1691/1691/1691 1690/1690/1690 1731/1731/1731
f 1691/1691/1691 1731/1731/1731 1709/1709/1709
f 1690/1690/1690 1689/1689/1689 1732/1732/1732
f 1690/1690/1690 1732/1732/1732 1731/1731/1731
f 1731/1731/1731 1732/1732/1732 1733/1733/1733
f 1731/1731/1731 1733/1733/1733 1734/1734/1734
f 1709/1709/1709 1731/1731/1731 1734/1734/1734
f 1709/1709/1709 1734/1734/1734 1710/1710/1710
f 1689/1689/1689 1716/1716/1716 1735/1735/1735
f 1689/1689/1689 1735/1735/1735 1732/1732/1732
f 1716/1716/1716 1715/1715/1715 1728/1728/1728
f 1716/1716/1716 1728/1728/1728 1735/1735/1735
f 1735/1735/1735 1728/1728/1728 1730/1730/1730
f 1735/1735/1735 1730/1730/1730 1736/1736/1736
f 1732/1732/1732 1735/1735/1735 1736/1736/1736
f 1732/1732/1732 1736/1736/1736 1733/1733/1733
f 1737/1737/1737 1738/1738/1738 1739/1739/1739
f 1737/1737/1737 1739/1739/1739 1740/1740/1740
f 1738/1738/1738 1726/1726/1726 1725/1725/1725
f 1738/1738/1738 1725/1725/1725 1739/1739/1739
f 1739/1739/1739 1725/1725/1725 1724/1724/1724
f 1739/1739/1739 1724/1724/1724 1741/1741/1741
f 1740/1740/1740 1739/1739/1739 1741/1741/1741
f 1740/1740/1740 1741/1741/1741 1742/1742/1742
f 1730/1730/1730 1729/1729/1729 1743/1743/1743
f 1730/1730/1730 1743/1743/1743 1744/1744/1744
f 1729/1729/1729 1712/1712/1712 1722/1722/1722
f 1729/1729/1729 1722/1722/1722 1743/1743/1743
f 1743/1743/1743 1722/1722/1722 1726/1726/1726
f 1743/1743/1743 1726/1726/1726 1738/1738/1738
f 1744/1744/1744 1743/1743/1743 1738/1738/1738
f 1744/1744/1744 1738/1738/1738 1737/1737/1737
f 1710/1710/1710 1734/1734/1734 1745/1745/1745
f 1710/1710/1710 1745/1745/1745 1723/1723/1723
f 1734/1734/1734 1733/1733/1733 1746/1746/1746
f 1734/1734/1734 1746/1746/1746 1745/1745/1745
f 1745/1745/1745 1746/1746/1746 1742/1742/1742
f 1745/1745/1745 1742/1742/1742 1741/1741/1741
f 1723/1723/1723 1745/1745/1745 1741/1741/1741
f 1723/1723/1723 1741/1741/1741 1724/1724/1724
f 1733/1733/1733 1736/1736/1736 1747/1747/1747
f 1733/1733/1733 1747/1747/1747 1746/1746/1746
f 1736/1736/1736 1730/1730/1730 1744/1744/1744
f 1736/1736/1736 1744/1744/1744 1747/1747/1747
f 1747/1747/1747 1744/1744/1744 1737/1737/1737
f 1747/1747/1747 1737/1737/1737 1740/1740/1740
f 1746/1746/1746 1747/1747/1747 1740/1740/1740
f 1746/1746/1746 1740/1740/1740 1742/1742/1742
f 1338/1338/1338 1367/1367/1367 1748/1748/1748
f 1338/1338/1338 1748/1748/1748 1749/1749/1749
f 1367/1367/1367 1334/1334/1334 1750/1750/1750
f 1367/1367/1367 1750/1750/1750 1748/1748/1748
f 1748/1748/1748 1750/1750/1750 1416/1416/1416
f 1748/1748/1748 1416/1416/1416 1464/1464/1464
f 1749/1749/1749 1748/1748/1748 1464/1464/1464
f 1749/1749/1749 1464/1464/1464 1429/1429/1429
f 1360/1360/1360 1365/1365/1365 1751/1751/1751
f 1360/1360/1360 1751/1751/1751 1752/1752/1752
f 1365/1365/1365 1364/1364/1364 1753/1753/1753
f 1365/1365/1365 1753/1753/1753 1751/1751/1751
f 1751/1751/1751 1753/1753/1753 1449/1449/1449
f 1751/1751/1751 1449/1449/1449 1461/1461/1461
f 1752/1752/1752 1751/1751/1751 1461/1461/1461
f 1752/1752/1752 1461/1461/1461 1457/1457/1457
f 1344/1344/1344 1361/1361/1361 1754/1754/1754
f 1344/1344/1344 1754/1754/1754 1755/1755/1755
f 1361/1361/1361 1360/1360/1360 1752/1752/1752
f 1361/1361/1361 1752/1752/1752 1754/1754/1754
f 1754/1754/1754 1752/1752/1752 1457/1457/1457
f 1754/1754/1754 1457/1457/1457 1455/1455/1455
f 1755/1755/1755 1754/1754/1754 1455/1455/1455
f 1755/1755/1755 1455/1455/1455 1438/1438/1438
f 1364/1364/1364 1756/1756/1756 1757/1757/1757
f 1364/1364/1364 1757/1757/1757 1753/1753/1753
f 1756/1756/1756 1340/1340/1340 1758/1758/1758
f 1756/1756/1756 1758/1758/1758 1757/1757/1757
f 1757/1757/1757 1758/1758/1758 1425/1425/1425
f 1757/1757/1757 1425/1425/1425 1450/1450/1450
f 1753/1753/1753 1757/1757/1757 1450/1450/1450
f 1753/1753/1753 1450/1450/1450 1449/1449/1449
f 1332/1332/1332 1348/1348/1348 1759/1759/1759
f 1332/1332/1332 1759/1759/1759 1760/1760/1760
f 1348/1348/1348 1346/1346/1346 1761/1761/1761
f 1348/1348/1348 1761/1761/1761 1759/1759/1759
f 1759/1759/1759 1761/1761/1761 1434/1434/1434
f 1759/1759/1759 1434/1434/1434 1762/1762/1762
f 1760/1760/1760 1759/1759/1759 1762/1762/1762
f 1760/1760/1760 1762/1762/1762 1420/1420/1420
f 1346/1346/1346 1345/1345/1345 1763/1763/1763
f 1346/1346/1346 1763/1763/1763 1761/1761/1761
f 1345/1345/1345 1344/1344/1344 1755/1755/1755
f 1345/1345/1345 1755/1755/1755 1763/1763/1763
f 1763/1763/1763 1755/1755/1755 1438/1438/1438
f 1763/1763/1763 1438/1438/1438 1435/1435/1435
f 1761/1761/1761 1763/1763/1763 1435/1435/1435
f 1761/1761/1761 1435/1435/1435 1434/1434/1434
f 1340/1340/1340 1339/1339/1339 1764/1764/1764
f 1340/1340/1340 1764/1764/1764 1758/1758/1758
f 1339/1339/1339 1338/1338/1338 1749/1749/1749
f 1339/1339/1339 1749/1749/1749 1764/1764/1764
f 1764/1764/1764 1749/1749/1749 1429/1429/1429
f 1764/1764/1764 1429/1429/1429 1426/1426/1426
f 1758/1758/1758 1764/1764/1764 1426/1426/1426
f 1758/1758/1758 1426/1426/1426 1425/1425/1425
f 1334/1334/1334 1333/1333/1333 1765/1765/1765
f 1334/1334/1334 1765/1765/1765 1750/1750/1750
f 1333/1333/1333 1332/1332/1332 1760/1760/1760
f 1333/1333/1333 1760/1760/1760 1765/1765/1765
f 1765/1765/1765 1760/1760/1760 1420/1420/1420
f 1765/1765/1765 1420/1420/1420 1417/1417/1417
f 1750/1750/1750 1765/1765/1765 1417/1417/1417
f 1750/1750/1750 1417/1417/1417 1416/1416/1416
f 1766/1766/1766 1767/1767/1767 1768/1768/1768
f 1766/1766/1766 1768/1768/1768 1769/1769/1769
f 1767/1767/1767 1448/1448/1448 1770/1770/1770
f 1767/1767/1767 1770/1770/1770 1768/1768/1768
f 1768/1768/1768 1770/1770/1770 1771/1771/1771
f 1768/1768/1768 1771/1771/1771 1772/1772/1772
f 1769/1769/1769 1768/1768/1768 1772/1772/1772
f 1769/1769/1769 1772/1772/1772 1773/1773/1773
f 1442/1442/1442 1476/1476/1476 1774/1774/1774
f 1442/1442/1442 1774/1774/1774 1445/1445/1445
f 1476/1476/1476 1422/1422/1422 1775/1775/1775
f 1476/1476/1476 1775/1775/1775 1774/1774/1774
f 1774/1774/1774 1775/1775/1775 1776/1776/1776
f 1774/1774/1774 1776/1776/1776 1777/1777/1777
f 1445/1445/1445 1774/1774/1774 1777/1777/1777
f 1445/1445/1445 1777/1777/1777 1446/1446/1446
f 1422/1422/1422 1421/1421/1421 1778/1778/1778
f 1422/1422/1422 1778/1778/1778 1775/1775/1775
f 1421/1421/1421 1420/1420/1420 1779/1779/1779
f 1421/1421/1421 1779/1779/1779 1778/1778/1778
f 1778/1778/1778 1779/1779/1779 1766/1766/1766
f 1778/1778/1778 1766/1766/1766 1780/1780/1780
f 1775/1775/1775 1778/1778/1778 1780/1780/1780
f 1775/1775/1775 1780/1780/1780 1776/1776/1776
f 1420/1420/1420 1762/1762/1762 1781/1781/1781
f 1420/1420/1420 1781/1781/1781 1779/1779/1779
f 1762/1762/1762 1434/1434/1434 1444/1444/1444
f 1762/1762/1762 1444/1444/1444 1781/1781/1781
f 1781/1781/1781 1444/1444/1444 1448/1448/1448
f 1781/1781/1781 1448/1448/1448 1767/1767/1767
f 1779/1779/1779 1781/1781/1781 1767/1767/1767
f 1779/1779/1779 1767/1767/1767 1766/1766/1766
f 1782/1782/1782 1783/1783/1783 1784/1784/1784
f 1782/1782/1782 1784/1784/1784 1785/1785/1785
f 1783/1783/1783 1773/1773/1773 1786/1786/1786
f 1783/1783/1783 1786/1786/1786 1784/1784/1784
f 1784/1784/1784 1786/1786/1786 1787/1787/1787
f 1784/1784/1784 1787/1787/1787 1788/1788/1788
f 1785/1785/1785 1784/1784/1784 1788/1788/1788
f 1785/1785/1785 1788/1788/1788 1789/1789/1789
f 1446/1446/1446 1777/1777/1777 1790/1790/1790
f 1446/1446/1446 1790/1790/1790 1791/1791/1791
f 1777/1777/1777 1776/1776/1776 1792/1792/1792
f 1777/1777/1777 1792/1792/1792 1790/1790/1790
f 1790/1790/1790 1792/1792/1792 1782/1782/1782
f 1790/1790/1790 1782/1782/1782 1793/1793/1793
f 1791/1791/1791 1790/1790/1790 1793/1793/1793
f 1791/1791/1791 1793/1793/1793 1794/1794/1794
f 1776/1776/1776 1780/1780/1780 1795/1795/1795
f 1776/1776/1776 1795/1795/1795 1792/1792/1792
f 1780/1780/1780 1766/1766/1766 1769/1769/1769
f 1780/1780/1780 1769/1769/1769 1795/1795/1795
f 1795/1795/1795 1769/1769/1769 1773/1773/1773
f 1795/1795/1795 1773/1773/1773 1783/1783/1783
f 1792/1792/1792 1795/1795/1795 1783/1783/1783
f 1792/1792/1792 1783/1783/1783 1782/1782/1782
f 1448/1448/1448 1447/1447/1447 1796/1796/1796
f 1448/1448/1448 1796/1796/1796 1770/1770/1770
f 1447/1447/1447 1446/1446/1446 1791/1791/1791
f 1447/1447/1447 1791/1791/1791 1796/1796/1796
f 1796/1796/1796 1791/1791/1791 1794/1794/1794
f 1796/1796/1796 1794/1794/1794 1797/1797/1797
f 1770/1770/1770 1796/1796/1796 1797/1797/1797
f 1770/1770/1770 1797/1797/1797 1771/1771/1771
f 1787/1787/1787 1798/1798/1798 1799/1799/1799
f 1787/1787/1787 1799/1799/1799 1800/1800/1800
f 1798/1798/1798 1801/1801/1801 1802/1802/1802
f 1798/1798/1798 1802/1802/1802 1799/1799/1799
f 1799/1799/1799 1802/1802/1802 1803/1803/1803
f 1799/1799/1799 1803/1803/1803 1804/1804/1804
f 1800/1800/1800 1799/1799/1799 1804/1804/1804
f 1800/1800/1800 1804/1804/1804 1805/1805/1805
f 1771/1771/1771 1797/1797/1797 1806/1806/1806
f 1771/1771/1771 1806/1806/1806 1807/1807/1807
f 1797/1797/1797 1794/1794/1794 1808/1808/1808
f 1797/1797/1797 1808/1808/1808 1806/1806/1806
f 1806/1806/1806 1808/1808/1808 1809/1809/1809
f 1806/1806/1806 1809/1809/1809 1810/1810/1810
f 1807/1807/1807 1806/1806/1806 1810/1810/1810
f 1807/1807/1807 1810/1810/1810 1801/1801/1801
f 1773/1773/1773 1772/1772/1772 1811/1811/1811
f 1773/1773/1773 1811/1811/1811 1786/1786/1786
f 1772/1772/1772 1771/1771/1771 1807/1807/1807
f 1772/1772/1772 1807/1807/1807 1811/1811/1811
f 1811/1811/1811 1807/1807/1807 1801/1801/1801
f 1811/1811/1811 1801/1801/1801 1798/1798/1798
f 1786/1786/1786 1811/1811/1811 1798/1798/1798
f 1786/1786/1786 1798/1798/1798 1787/1787/1787
f 1794/1794/1794 1793/1793/1793 1812/1812/1812
f 1794/1794/1794 1812/1812/1812 1808/1808/1808
f 1793/1793/1793 1782/1782/1782 1785/1785/1785
f 1793/1793/1793 1785/1785/1785 1812/1812/1812
f 1812/1812/1812 1785/1785/1785 1789/1789/1789
f 1812/1812/1812 1789/1789/1789 1813/1813/1813
f 1808/1808/1808 1812/1812/1812 1813/1813/1813
f 1808/1808/1808 1813/1813/1813 1809/1809/1809
f 1805/1805/1805 1804/1804/1804 1814/1814/1814
f 1805/1805/1805 1814/1814/1814 1815/1815/1815
f 1804/1804/1804 1803/1803/1803 1816/1816/1816
f 1804/1804/1804 1816/1816/1816 1814/1814/1814
f 1814/1814/1814 1816/1816/1816 1817/1817/1817
f 1814/1814/1814 1817/1817/1817 1818/1818/1818
f 1815/1815/1815 1814/1814/1814 1818/1818/1818
f 1815/1815/1815 1818/1818/1818 1819/1819/1819
f 1809/1809/1809 1813/1813/1813 1820/1820/1820
f 1809/1809/1809 1820/1820/1820 1821/1821/1821
f 1813/1813/1813 1789/1789/1789 1822/1822/1822
f 1813/1813/1813 1822/1822/1822 1820/1820/1820
f 1820/1820/1820 1822/1822/1822 1819/1819/1819
f 1820/1820/1820 1819/1819/1819 1818/1818/1818
f 1821/1821/1821 1820/1820/1820 1818/1818/1818
f 1821/1821/1821 1818/1818/1818 1817/1817/1817
f 1789/1789/1789 1788/1788/1788 1823/1823/1823
f 1789/1789/1789 1823/1823/1823 1822/1822/1822
f 1788/1788/1788 1787/1787/1787 1800/1800/1800
f 1788/1788/1788 1800/1800/1800 1823/1823/1823
f 1823/1823/1823 1800/1800/1800 1805/1805/1805
f 1823/1823/1823 1805/1805/1805 1815/1815/1815
f 1822/1822/1822 1823/1823/1823 1815/1815/1815
f 1822/1822/1822 1815/1815/1815 1819/1819/1819
f 1801/1801/1801 1810/1810/1810 1824/1824/1824
f 1801/1801/1801 1824/1824/1824 1802/1802/1802
f 1810/1810/1810 1809/1809/1809 1821/1821/1821
f 1810/1810/1810 1821/1821/1821 1824/1824/1824
f 1824/1824/1824 1821/1821/1821 1817/1817/1817
f 1824/1824/1824 1817/1817/1817 1816/1816/1816
f 1802/1802/1802 1824/1824/1824 1816/1816/1816
f 1802/1802/1802 1816/1816/1816 1803/1803/1803
f 494/494/494 493/493/493 1825/1825/1825
f 494/494/494 1825/1825/1825 660/660/660
f 493/493/493 492/492/492 654/654/654
f 493/493/493 654/654/654 1825/1825/1825
f 1825/1825/1825 654/654/654 316/316/316
f 1825/1825/1825 316/316/316 315/315/315
f 660/660/660 1825/1825/1825 315/315/315
f 660/660/660 315/315/315 314/314/314
f 1632/1632/1632 1661/1661/1661 1826/1826/1826
f 1632/1632/1632 1826/1826/1826 1827/1827/1827
f 1661/1661/1661 1112/1112/1112 1828/1828/1828
f 1661/1661/1661 1828/1828/1828 1826/1826/1826
f 1826/1826/1826 1828/1828/1828 1698/1698/1698
f 1826/1826/1826 1698/1698/1698 1702/1702/1702
f 1827/1827/1827 1826/1826/1826 1702/1702/1702
f 1827/1827/1827 1702/1702/1702 1694/1694/1694
f 1112/1112/1112 1110/1110/1110 1829/1829/1829
f 1112/1112/1112 1829/1829/1829 1828/1828/1828
f 1110/1110/1110 1085/1085/1085 1830/1830/1830
f 1110/1110/1110 1830/1830/1830 1829/1829/1829
f 1829/1829/1829 1830/1830/1830 1663/1663/1663
f 1829/1829/1829 1663/1663/1663 1699/1699/1699
f 1828/1828/1828 1829/1829/1829 1699/1699/1699
f 1828/1828/1828 1699/1699/1699 1698/1698/1698
f 1636/1636/1636 1635/1635/1635 1831/1831/1831
f 1636/1636/1636 1831/1831/1831 1832/1832/1832
f 1635/1635/1635 1632/1632/1632 1827/1827/1827
f 1635/1635/1635 1827/1827/1827 1831/1831/1831
f 1831/1831/1831 1827/1827/1827 1694/1694/1694
f 1831/1831/1831 1694/1694/1694 1692/1692/1692
f 1832/1832/1832 1831/1831/1831 1692/1692/1692
f 1832/1832/1832 1692/1692/1692 1667/1667/1667
f 1085/1085/1085 1682/1682/1682 1833/1833/1833
f 1085/1085/1085 1833/1833/1833 1830/1830/1830
f 1682/1682/1682 1636/1636/1636 1832/1832/1832
f 1682/1682/1682 1832/1832/1832 1833/1833/1833
f 1833/1833/1833 1832/1832/1832 1667/1667/1667
f 1833/1833/1833 1667/1667/1667 1664/1664/1664
f 1830/1830/1830 1833/1833/1833 1664/1664/1664
f 1830/1830/1830 1664/1664/1664 1663/1663/1663
f 1565/1565/1565 1564/1564/1564 1834/1834/1834
f 1565/1565/1565 1834/1834/1834 1835/1835/1835
f 1564/1564/1564 1039/1039/1039 1836/1836/1836
f 1564/1564/1564 1836/1836/1836 1834/1834/1834
f 1834/1834/1834 1836/1836/1836 1550/1550/1550
f 1834/1834/1834 1550/1550/1550 1598/1598/1598
f 1835/1835/1835 1834/1834/1834 1598/1598/1598
f 1835/1835/1835 1598/1598/1598 1591/1591/1591
f 1052/1052/1052 1576/1576/1576 1837/1837/1837
f 1052/1052/1052 1837/1837/1837 1838/1838/1838
f 1576/1576/1576 1578/1578/1578 1839/1839/1839
f 1576/1576/1576 1839/1839/1839 1837/1837/1837
f 1837/1837/1837 1839/1839/1839 1587/1587/1587
f 1837/1837/1837 1587/1587/1587 1595/1595/1595
f 1838/1838/1838 1837/1837/1837 1595/1595/1595
f 1838/1838/1838 1595/1595/1595 1554/1554/1554
f 1578/1578/1578 1637/1637/1637 1840/1840/1840
f 1578/1578/1578 1840/1840/1840 1839/1839/1839
f 1637/1637/1637 1565/1565/1565 1835/1835/1835
f 1637/1637/1637 1835/1835/1835 1840/1840/1840
f 1840/1840/1840 1835/1835/1835 1591/1591/1591
f 1840/1840/1840 1591/1591/1591 1588/1588/1588
f 1839/1839/1839 1840/1840/1840 1588/1588/1588
f 1839/1839/1839 1588/1588/1588 1587/1587/1587
f 1039/1039/1039 1053/1053/1053 1841/1841/1841
f 1039/1039/1039 1841/1841/1841 1836/1836/1836
f 1053/1053/1053 1052/1052/1052 1838/1838/1838
f 1053/1053/1053 1838/1838/1838 1841/1841/1841
f 1841/1841/1841 1838/1838/1838 1554/1554/1554
f 1841/1841/1841 1554/1554/1554 1551/1551/1551
f 1836/1836/1836 1841/1841/1841 1551/1551/1551
f 1836/1836/1836 1551/1551/1551 1550/1550/1550
f 989/989/989 986/986/986 1842/1842/1842
f 989/989/989 1842/1842/1842 1843/1843/1843
f 986/986/986 985/985/985 1844/1844/1844
f 986/986/986 1844/1844/1844 1842/1842/1842
f 1842/1842/1842 1844/1844/1844 1289/1289/1289
f 1842/1842/1842 1289/1289/1289 1299/1299/1299
f 1843/1843/1843 1842/1842/1842 1299/1299/1299
f 1843/1843/1843 1299/1299/1299 1295/1295/1295
f 954/954/954 1266/1266/1266 1845/1845/1845
f 954/954/954 1845/1845/1845 1846/1846/1846
f 1266/1266/1266 989/989/989 1843/1843/1843
f 1266/1266/1266 1843/1843/1843 1845/1845/1845
f 1845/1845/1845 1843/1843/1843 1295/1295/1295
f 1845/1845/1845 1295/1295/1295 1293/1293/1293
f 1846/1846/1846 1845/1845/1845 1293/1293/1293
f 1846/1846/1846 1293/1293/1293 1275/1275/1275
f 985/985/985 1259/1259/1259 1847/1847/1847
f 985/985/985 1847/1847/1847 1844/1844/1844
f 1259/1259/1259 966/966/966 1848/1848/1848
f 1259/1259/1259 1848/1848/1848 1847/1847/1847
f 1847/1847/1847 1848/1848/1848 1271/1271/1271
f 1847/1847/1847 1271/1271/1271 1290/1290/1290
f 1844/1844/1844 1847/1847/1847 1290/1290/1290
f 1844/1844/1844 1290/1290/1290 1289/1289/1289
f 966/966/966 973/973/973 1849/1849/1849
f 966/966/966 1849/1849/1849 1848/1848/1848
f 973/973/973 954/954/954 1846/1846/1846
f 973/973/973 1846/1846/1846 1849/1849/1849
f 1849/1849/1849 1846/1846/1846 1275/1275/1275
f 1849/1849/1849 1275/1275/1275 1272/1272/1272
f 1848/1848/1848 1849/1849/1849 1272/1272/1272
f 1848/1848/1848 1272/1272/1272 1271/1271/1271
f 790/790/790 793/793/793 1850/1850/1850
f 790/790/790 1850/1850/1850 1851/1851/1851
f 793/793/793 798/798/798 1852/1852/1852
f 793/793/793 1852/1852/1852 1850/1850/1850
f 1850/1850/1850 1852/1852/1852 1205/1205/1205
f 1850/1850/1850 1205/1205/1205 1211/1211/1211
f 1851/1851/1851 1850/1850/1850 1211/1211/1211
f 1851/1851/1851 1211/1211/1211 1203/1203/1203
f 798/798/798 971/971/971 1853/1853/1853
f 798/798/798 1853/1853/1853 1852/1852/1852
f 971/971/971 916/916/916 1854/1854/1854
f 971/971/971 1854/1854/1854 1853/1853/1853
f 1853/1853/1853 1854/1854/1854 924/924/924
f 1853/1853/1853 924/924/924 1206/1206/1206
f 1852/1852/1852 1853/1853/1853 1206/1206/1206
f 1852/1852/1852 1206/1206/1206 1205/1205/1205
f 914/914/914 1184/1184/1184 1855/1855/1855
f 914/914/914 1855/1855/1855 1856/1856/1856
f 1184/1184/1184 790/790/790 1851/1851/1851
f 1184/1184/1184 1851/1851/1851 1855/1855/1855
f 1855/1855/1855 1851/1851/1851 1203/1203/1203
f 1855/1855/1855 1203/1203/1203 1201/1201/1201
f 1856/1856/1856 1855/1855/1855 1201/1201/1201
f 1856/1856/1856 1201/1201/1201 928/928/928
f 916/916/916 915/915/915 1857/1857/1857
f 916/916/916 1857/1857/1857 1854/1854/1854
f 915/915/915 914/914/914 1856/1856/1856
f 915/915/915 1856/1856/1856 1857/1857/1857
f 1857/1857/1857 1856/1856/1856 928/928/928
f 1857/1857/1857 928/928/928 925/925/925
f 1854/1854/1854 1857/1857/1857 925/925/925
f 1854/1854/1854 925/925/925 924/924/924
f 1340/1340/1340 1756/1756/1756 1858/1858/1858
f 1340/1340/1340 1858/1858/1858 1859/1859/1859
f 1756/1756/1756 1364/1364/1364 1860/1860/1860
f 1756/1756/1756 1860/1860/1860 1858/1858/1858
f 1858/1858/1858 1860/1860/1860 1377/1377/1377
f 1858/1858/1858 1377/1377/1377 1387/1387/1387
f 1859/1859/1859 1858/1858/1858 1387/1387/1387
f 1859/1859/1859 1387/1387/1387 1384/1384/1384
f 991/991/991 1336/1336/1336 1861/1861/1861
f 991/991/991 1861/1861/1861 1862/1862/1862
f 1336/1336/1336 1340/1340/1340 1859/1859/1859
f 1336/1336/1336 1859/1859/1859 1861/1861/1861
f 1861/1861/1861 1859/1859/1859 1384/1384/1384
f 1861/1861/1861 1384/1384/1384 1382/1382/1382
f 1862/1862/1862 1861/1861/1861 1382/1382/1382
f 1862/1862/1862 1382/1382/1382 1353/1353/1353
f 1364/1364/1364 1363/1363/1363 1863/1863/1863
f 1364/1364/1364 1863/1863/1863 1860/1860/1860
f 1363/1363/1363 993/993/993 1864/1864/1864
f 1363/1363/1363 1864/1864/1864 1863/1863/1863
f 1863/1863/1863 1864/1864/1864 1349/1349/1349
f 1863/1863/1863 1349/1349/1349 1378/1378/1378
f 1860/1860/1860 1863/1863/1863 1378/1378/1378
f 1860/1860/1860 1378/1378/1378 1377/1377/1377
f 993/993/993 992/992/992 1865/1865/1865
f 993/993/993 1865/1865/1865 1864/1864/1864
f 992/992/992 991/991/991 1862/1862/1862
f 992/992/992 1862/1862/1862 1865/1865/1865
f 1865/1865/1865 1862/1862/1862 1353/1353/1353
f 1865/1865/1865 1353/1353/1353 1350/1350/1350
f 1864/1864/1864 1865/1865/1865 1350/1350/1350
f 1864/1864/1864 1350/1350/1350 1349/1349/1349
f 1433/1433/1433 1471/1471/1471 1866/1866/1866
f 1433/1433/1433 1866/1866/1866 1867/1867/1867
f 1471/1471/1471 1050/1050/1050 1868/1868/1868
f 1471/1471/1471 1868/1868/1868 1866/1866/1866
f 1866/1866/1866 1868/1868/1868 1506/1506/1506
f 1866/1866/1866 1506/1506/1506 1511/1511/1511
f 1867/1867/1867 1866/1866/1866 1511/1511/1511
f 1867/1867/1867 1511/1511/1511 1482/1482/1482
f 1050/1050/1050 1048/1048/1048 1869/1869/1869
f 1050/1050/1050 1869/1869/1869 1868/1868/1868
f 1048/1048/1048 1037/1037/1037 1870/1870/1870
f 1048/1048/1048 1870/1870/1870 1869/1869/1869
f 1869/1869/1869 1870/1870/1870 1500/1500/1500
f 1869/1869/1869 1500/1500/1500 1507/1507/1507
f 1868/1868/1868 1869/1869/1869 1507/1507/1507
f 1868/1868/1868 1507/1507/1507 1506/1506/1506
f 1037/1037/1037 1490/1490/1490 1871/1871/1871
f 1037/1037/1037 1871/1871/1871 1870/1870/1870
f 1490/1490/1490 1454/1454/1454 1872/1872/1872
f 1490/1490/1490 1872/1872/1872 1871/1871/1871
f 1871/1871/1871 1872/1872/1872 1478/1478/1478
f 1871/1871/1871 1478/1478/1478 1501/1501/1501
f 1870/1870/1870 1871/1871/1871 1501/1501/1501
f 1870/1870/1870 1501/1501/1501 1500/1500/1500
f 1454/1454/1454 1453/1453/1453 1873/1873/1873
f 1454/1454/1454 1873/1873/1873 1872/1872/1872
f 1453/1453/1453 1433/1433/1433 1867/1867/1867
f 1453/1453/1453 1867/1867/1867 1873/1873/1873
f 1873/1873/1873 1867/1867/1867 1482/1482/1482
f 1873/1873/1873 1482/1482/1482 1479/1479/1479
f 1872/1872/1872 1873/1873/1873 1479/1479/1479
f 1872/1872/1872 1479/1479/1479 1478/1478/1478
f 1874/1874/1874 1875/1875/1875 1876/1876/1876
f 1874/1874/1874 1876/1876/1876 1877/1877/1877
f 1878/1878/1878 1879/1879/1879 1876/1876/1876
f 1878/1878/1878 1876/1876/1876 1875/1875/1875
f 1880/1880/1880 1881/1881/1881 1876/1876/1876
f 1880/1880/1880 1876/1876/1876 1879/1879/1879
f 1882/1882/1882 1883/1883/1883 1876/1876/1876
f 1882/1882/1882 1876/1876/1876 1881/1881/1881
f 1884/1884/1884 1885/1885/1885 1876/1876/1876
f 1884/1884/1884 1876/1876/1876 1883/1883/1883
f 1886/1886/1886 1887/1887/1887 1876/1876/1876
f 1886/1886/1886 1876/1876/1876 1885/1885/1885
f 1888/1888/1888 1889/1889/1889 1876/1876/1876
f 1888/1888/1888 1876/1876/1876 1887/1887/1887
f 1890/1890/1890 1891/1891/1891 1876/1876/1876
f 1890/1890/1890 1876/1876/1876 1889/1889/1889
f 1892/1892/1892 1893/1893/1893 1876/1876/1876
f 1892/1892/1892 1876/1876/1876 1891/1891/1891
f 1894/1894/1894 1895/1895/1895 1876/1876/1876
f 1894/1894/1894 1876/1876/1876 1893/1893/1893
f 1896/1896/1896 1897/1897/1897 1876/1876/1876
f 1896/1896/1896 1876/1876/1876 1895/1895/1895
f 1898/1898/1898 1877/1877/1877 1876/1876/1876
f 1898/1898/1898 1876/1876/1876 1897/1897/1897
f 1878/1878/1878 1875/1875/1875 1899/1899/1899
f 1878/1878/1878 1899/1899/1899 1900/1900/1900
f 1875/1875/1875 1874/1874/1874 1901/1901/1901
f 1875/1875/1875 1901/1901/1901 1899/1899/1899
f 1899/1899/1899 1901/1901/1901 1902/1902/1902
f 1899/1899/1899 1902/1902/1902 1903/1903/1903
f 1900/1900/1900 1899/1899/1899 1903/1903/1903
f 1900/1900/1900 1903/1903/1903 1904/1904/1904
f 1896/1896/1896 1895/1895/1895 1905/1905/1905
f 1896/1896/1896 1905/1905/1905 1906/1906/1906
f 1895/1895/1895 1894/1894/1894 1907/1907/1907
f 1895/1895/1895 1907/1907/1907 1905/1905/1905
f 1905/1905/1905 1907/1907/1907 1908/1908/1908
f 1905/1905/1905 1908/1908/1908 1909/1909/1909
f 1906/1906/1906 1905/1905/1905 1909/1909/1909
f 1906/1906/1906 1909/1909/1909 1910/1910/1910
f 1894/1894/1894 1893/1893/1893 1911/1911/1911
f 1894/1894/1894 1911/1911/1911 1907/1907/1907
f 1893/1893/1893 1892/1892/1892 1912/1912/1912
f 1893/1893/1893 1912/1912/1912 1911/1911/1911
f 1911/1911/1911 1912/1912/1912 1913/1913/1913
f 1911/1911/1911 1913/1913/1913 1914/1914/1914
f 1907/1907/1907 1911/1911/1911 1914/1914/1914
f 1907/1907/1907 1914/1914/1914 1908/1908/1908
f 1888/1888/1888 1887/1887/1887 1915/1915/1915
f 1888/1888/1888 1915/1915/1915 1916/1916/1916
f 1887/1887/1887 1886/1886/1886 1917/1917/1917
f 1887/1887/1887 1917/1917/1917 1915/1915/1915
f 1915/1915/1915 1917/1917/1917 1918/1918/1918
f 1915/1915/1915 1918/1918/1918 1919/1919/1919
f 1916/1916/1916 1915/1915/1915 1919/1919/1919
f 1916/1916/1916 1919/1919/1919 1920/1920/1920
f 1882/1882/1882 1881/1881/1881 1921/1921/1921
f 1882/1882/1882 1921/1921/1921 1922/1922/1922
f 1881/1881/1881 1880/1880/1880 1923/1923/1923
f 1881/1881/1881 1923/1923/1923 1921/1921/1921
f 1921/1921/1921 1923/1923/1923 1924/1924/1924
f 1921/1921/1921 1924/1924/1924 1925/1925/1925
f 1922/1922/1922 1921/1921/1921 1925/1925/1925
f 1922/1922/1922 1925/1925/1925 1926/1926/1926
f 1880/1880/1880 1879/1879/1879 1927/1927/1927
f 1880/1880/1880 1927/1927/1927 1923/1923/1923
f 1879/1879/1879 1878/1878/1878 1900/1900/1900
f 1879/1879/1879 1900/1900/1900 1927/1927/1927
f 1927/1927/1927 1900/1900/1900 1904/1904/1904
f 1927/1927/1927 1904/1904/1904 1928/1928/1928
f 1923/1923/1923 1927/1927/1927 1928/1928/1928
f 1923/1923/1923 1928/1928/1928 1924/1924/1924
f 1890/1890/1890 1889/1889/1889 1929/1929/1929
f 1890/1890/1890 1929/1929/1929 1930/1930/1930
f 1889/1889/1889 1888/1888/1888 1916/1916/1916
f 1889/1889/1889 1916/1916/1916 1929/1929/1929
f 1929/1929/1929 1916/1916/1916 1920/1920/1920
f 1929/1929/1929 1920/1920/1920 1931/1931/1931
f 1930/1930/1930 1929/1929/1929 1931/1931/1931
f 1930/1930/1930 1931/1931/1931 1932/1932/1932
f 1892/1892/1892 1891/1891/1891 1933/1933/1933
f 1892/1892/1892 1933/1933/1933 1912/1912/1912
f 1891/1891/1891 1890/1890/1890 1930/1930/1930
f 1891/1891/1891 1930/1930/1930 1933/1933/1933
f 1933/1933/1933 1930/1930/1930 1932/1932/1932
f 1933/1933/1933 1932/1932/1932 1934/1934/1934
f 1912/1912/1912 1933/1933/1933 1934/1934/1934
f 1912/1912/1912 1934/1934/1934 1913/1913/1913
f 1886/1886/1886 1885/1885/1885 1935/1935/1935
f 1886/1886/1886 1935/1935/1935 1917/1917/1917
f 1885/1885/1885 1884/1884/1884 1936/1936/1936
f 1885/1885/1885 1936/1936/1936 1935/1935/1935
f 1935/1935/1935 1936/1936/1936 1937/1937/1937
f 1935/1935/1935 1937/1937/1937 1938/1938/1938
f 1917/1917/1917 1935/1935/1935 1938/1938/1938
f 1917/1917/1917 1938/1938/1938 1918/1918/1918
f 1884/1884/1884 1883/1883/1883 1939/1939/1939
f 1884/1884/1884 1939/1939/1939 1936/1936/1936
f 1883/1883/1883 1882/1882/1882 1922/1922/1922
f 1883/1883/1883 1922/1922/1922 1939/1939/1939
f 1939/1939/1939 1922/1922/1922 1926/1926/1926
f 1939/1939/1939 1926/1926/1926 1940/1940/1940
f 1936/1936/1936 1939/1939/1939 1940/1940/1940
f 1936/1936/1936 1940/1940/1940 1937/1937/1937
f 1898/1898/1898 1897/1897/1897 1941/1941/1941
f 1898/1898/1898 1941/1941/1941 1942/1942/1942
f 1897/1897/1897 1896/1896/1896 1906/1906/1906
f 1897/1897/1897 1906/1906/1906 1941/1941/1941
f 1941/1941/1941 1906/1906/1906 1910/1910/1910
f 1941/1941/1941 1910/1910/1910 1943/1943/1943
f 1942/1942/1942 1941/1941/1941 1943/1943/1943
f 1942/1942/1942 1943/1943/1943 1944/1944/1944
f 1874/1874/1874 1877/1877/1877 1945/1945/1945
f 1874/1874/1874 1945/1945/1945 1901/1901/1901
f 1877/1877/1877 1898/1898/1898 1942/1942/1942
f 1877/1877/1877 1942/1942/1942 1945/1945/1945
f 1945/1945/1945 1942/1942/1942 1944/1944/1944
f 1945/1945/1945 1944/1944/1944 1946/1946/1946
f 1901/1901/1901 1945/1945/1945 1946/1946/1946
f 1901/1901/1901 1946/1946/1946 1902/1902/1902
f 1947/1947/1947 1948/1948/1948 1949/1949/1949
f 1947/1947/1947 1949/1949/1949 1950/1950/1950
f 1948/1948/1948 1951/1951/1951 1952/1952/1952
f 1948/1948/1948 1952/1952/1952 1949/1949/1949
f 1949/1949/1949 1952/1952/1952 81/81/81
f 1949/1949/1949 81/81/81 552/552/552
f 1950/1950/1950 1949/1949/1949 552/552/552
f 1950/1950/1950 552/552/552 550/550/550
f 1953/1953/1953 1954/1954/1954 1955/1955/1955
f 1953/1953/1953 1955/1955/1955 1956/1956/1956
f 1954/1954/1954 1947/1947/1947 1950/1950/1950
f 1954/1954/1954 1950/1950/1950 1955/1955/1955
f 1955/1955/1955 1950/1950/1950 550/550/550
f 1955/1955/1955 550/550/550 548/548/548
f 1956/1956/1956 1955/1955/1955 548/548/548
f 1956/1956/1956 548/548/548 112/112/112
f 1957/1957/1957 1958/1958/1958 1959/1959/1959
f 1957/1957/1957 1959/1959/1959 1960/1960/1960
f 1958/1958/1958 1961/1961/1961 1962/1962/1962
f 1958/1958/1958 1962/1962/1962 1959/1959/1959
f 1959/1959/1959 1962/1962/1962 99/99/99
f 1959/1959/1959 99/99/99 546/546/546
f 1960/1960/1960 1959/1959/1959 546/546/546
f 1960/1960/1960 546/546/546 544/544/544
f 1963/1963/1963 1964/1964/1964 1965/1965/1965
f 1963/1963/1963 1965/1965/1965 1966/1966/1966
f 1964/1964/1964 1957/1957/1957 1960/1960/1960
f 1964/1964/1964 1960/1960/1960 1965/1965/1965
f 1965/1965/1965 1960/1960/1960 544/544/544
f 1965/1965/1965 544/544/544 542/542/542
f 1966/1966/1966 1965/1965/1965 542/542/542
f 1966/1966/1966 542/542/542 118/118/118
f 1967/1967/1967 1968/1968/1968 1969/1969/1969
f 1967/1967/1967 1969/1969/1969 1970/1970/1970
f 1968/1968/1968 1971/1971/1971 1972/1972/1972
f 1968/1968/1968 1972/1972/1972 1969/1969/1969
f 1969/1969/1969 1972/1972/1972 108/108/108
f 1969/1969/1969 108/108/108 441/441/441
f 1970/1970/1970 1969/1969/1969 441/441/441
f 1970/1970/1970 441/441/441 437/437/437
f 1973/1973/1973 1974/1974/1974 1975/1975/1975
f 1973/1973/1973 1975/1975/1975 1976/1976/1976
f 1974/1974/1974 1967/1967/1967 1970/1970/1970
f 1974/1974/1974 1970/1970/1970 1975/1975/1975
f 1975/1975/1975 1970/1970/1970 437/437/437
f 1975/1975/1975 437/437/437 435/435/435
f 1976/1976/1976 1975/1975/1975 435/435/435
f 1976/1976/1976 435/435/435 103/103/103
f 1977/1977/1977 1978/1978/1978 1979/1979/1979
f 1977/1977/1977 1979/1979/1979 1980/1980/1980
f 1978/1978/1978 1981/1981/1981 1982/1982/1982
f 1978/1978/1978 1982/1982/1982 1979/1979/1979
f 1979/1979/1979 1982/1982/1982 114/114/114
f 1979/1979/1979 114/114/114 433/433/433
f 1980/1980/1980 1979/1979/1979 433/433/433
f 1980/1980/1980 433/433/433 431/431/431
f 1983/1983/1983 1984/1984/1984 1985/1985/1985
f 1983/1983/1983 1985/1985/1985 1986/1986/1986
f 1984/1984/1984 1977/1977/1977 1980/1980/1980
f 1984/1984/1984 1980/1980/1980 1985/1985/1985
f 1985/1985/1985 1980/1980/1980 431/431/431
f 1985/1985/1985 431/431/431 429/429/429
f 1986/1986/1986 1985/1985/1985 429/429/429
f 1986/1986/1986 429/429/429 85/85/85
f 1981/1981/1981 1987/1987/1987 1988/1988/1988
f 1981/1981/1981 1988/1988/1988 1982/1982/1982
f 1987/1987/1987 1963/1963/1963 1966/1966/1966
f 1987/1987/1987 1966/1966/1966 1988/1988/1988
f 1988/1988/1988 1966/1966/1966 118/118/118
f 1988/1988/1988 118/118/118 115/115/115
f 1982/1982/1982 1988/1988/1988 115/115/115
f 1982/1982/1982 115/115/115 114/114/114
f 1971/1971/1971 1989/1989/1989 1990/1990/1990
f 1971/1971/1971 1990/1990/1990 1972/1972/1972
f 1989/1989/1989 1953/1953/1953 1956/1956/1956
f 1989/1989/1989 1956/1956/1956 1990/1990/1990
f 1990/1990/1990 1956/1956/1956 112/112/112
f 1990/1990/1990 112/112/112 109/109/109
f 1972/1972/1972 1990/1990/1990 109/109/109
f 1972/1972/1972 109/109/109 108/108/108
f 1961/1961/1961 1991/1991/1991 1992/1992/1992
f 1961/1961/1961 1992/1992/1992 1962/1962/1962
f 1991/1991/1991 1973/1973/1973 1976/1976/1976
f 1991/1991/1991 1976/1976/1976 1992/1992/1992
f 1992/1992/1992 1976/1976/1976 103/103/103
f 1992/1992/1992 103/103/103 100/100/100
f 1962/1962/1962 1992/1992/1992 100/100/100
f 1962/1962/1962 100/100/100 99/99/99
f 1951/1951/1951 1993/1993/1993 1994/1994/1994
f 1951/1951/1951 1994/1994/1994 1952/1952/1952
f 1993/1993/1993 1983/1983/1983 1986/1986/1986
f 1993/1993/1993 1986/1986/1986 1994/1994/1994
f 1994/1994/1994 1986/1986/1986 85/85/85
f 1994/1994/1994 85/85/85 82/82/82
f 1952/1952/1952 1994/1994/1994 82/82/82
f 1952/1952/1952 82/82/82 81/81/81
f 1937/1937/1937 1940/1940/1940 1995/1995/1995
f 1937/1937/1937 1995/1995/1995 1996/1996/1996
f 1940/1940/1940 1926/1926/1926 1997/1997/1997
f 1940/1940/1940 1997/1997/1997 1995/1995/1995
f 1995/1995/1995 1997/1997/1997 1998/1998/1998
f 1995/1995/1995 1998/1998/1998 1999/1999/1999
f 1996/1996/1996 1995/1995/1995 1999/1999/1999
f 1996/1996/1996 1999/1999/1999 2000/2000/2000
f 1910/1910/1910 1909/1909/1909 2001/2001/2001
f 1910/1910/1910 2001/2001/2001 2002/2002/2002
f 1909/1909/1909 1908/1908/1908 2003/2003/2003
f 1909/1909/1909 2003/2003/2003 2001/2001/2001
f 2001/2001/2001 2003/2003/2003 2004/2004/2004
f 2001/2001/2001 2004/2004/2004 2005/2005/2005
f 2002/2002/2002 2001/2001/2001 2005/2005/2005
f 2002/2002/2002 2005/2005/2005 2006/2006/2006
f 1932/1932/1932 1931/1931/1931 2007/2007/2007
f 1932/1932/1932 2007/2007/2007 2008/2008/2008
f 1931/1931/1931 1920/1920/1920 2009/2009/2009
f 1931/1931/1931 2009/2009/2009 2007/2007/2007
f 2007/2007/2007 2009/2009/2009 2010/2010/2010
f 2007/2007/2007 2010/2010/2010 2011/2011/2011
f 2008/2008/2008 2007/2007/2007 2011/2011/2011
f 2008/2008/2008 2011/2011/2011 2012/2012/2012
f 1904/1904/1904 1903/1903/1903 2013/2013/2013
f 1904/1904/1904 2013/2013/2013 2014/2014/2014
f 1903/1903/1903 1902/1902/1902 2015/2015/2015
f 1903/1903/1903 2015/2015/2015 2013/2013/2013
f 2013/2013/2013 2015/2015/2015 2016/2016/2016
f 2013/2013/2013 2016/2016/2016 2017/2017/2017
f 2014/2014/2014 2013/2013/2013 2017/2017/2017
f 2014/2014/2014 2017/2017/2017 2018/2018/2018
f 1926/1926/1926 1925/1925/1925 2019/2019/2019
f 1926/1926/1926 2019/2019/2019 1997/1997/1997
f 1925/1925/1925 1924/1924/1924 2020/2020/2020
f 1925/1925/1925 2020/2020/2020 2019/2019/2019
f 2019/2019/2019 2020/2020/2020 2021/2021/2021
f 2019/2019/2019 2021/2021/2021 2022/2022/2022
f 1997/1997/1997 2019/2019/2019 2022/2022/2022
f 1997/1997/1997 2022/2022/2022 1998/1998/1998
f 1924/1924/1924 1928/1928/1928 2023/2023/2023
f 1924/1924/1924 2023/2023/2023 2020/2020/2020
f 1928/1928/1928 1904/1904/1904 2014/2014/2014
f 1928/1928/1928 2014/2014/2014 2023/2023/2023
f 2023/2023/2023 2014/2014/2014 2018/2018/2018
f 2023/2023/2023 2018/2018/2018 2024/2024/2024
f 2020/2020/2020 2023/2023/2023 2024/2024/2024
f 2020/2020/2020 2024/2024/2024 2021/2021/2021
f 1908/1908/1908 1914/1914/1914 2025/2025/2025
f 1908/1908/1908 2025/2025/2025 2003/2003/2003
f 1914/1914/1914 1913/1913/1913 2026/2026/2026
f 1914/1914/1914 2026/2026/2026 2025/2025/2025
f 2025/2025/2025 2026/2026/2026 2027/2027/2027
f 2025/2025/2025 2027/2027/2027 2028/2028/2028
f 2003/2003/2003 2025/2025/2025 2028/2028/2028
f 2003/2003/2003 2028/2028/2028 2004/2004/2004
f 1913/1913/1913 1934/1934/1934 2029/2029/2029
f 1913/1913/1913 2029/2029/2029 2026/2026/2026
f 1934/1934/1934 1932/1932/1932 2008/2008/2008
f 1934/1934/1934 2008/2008/2008 2029/2029/2029
f 2029/2029/2029 2008/2008/2008 2012/2012/2012
f 2029/2029/2029 2012/2012/2012 2030/2030/2030
f 2026/2026/2026 2029/2029/2029 2030/2030/2030
f 2026/2026/2026 2030/2030/2030 2027/2027/2027
f 1902/1902/1902 1946/1946/1946 2031/2031/2031
f 1902/1902/1902 2031/2031/2031 2015/2015/2015
f 1946/1946/1946 1944/1944/1944 2032/2032/2032
f 1946/1946/1946 2032/2032/2032 2031/2031/2031
f 2031/2031/2031 2032/2032/2032 2033/2033/2033
f 2031/2031/2031 2033/2033/2033 2034/2034/2034
f 2015/2015/2015 2031/2031/2031 2034/2034/2034
f 2015/2015/2015 2034/2034/2034 2016/2016/2016
f 1944/1944/1944 1943/1943/1943 2035/2035/2035
f 1944/1944/1944 2035/2035/2035 2032/2032/2032
f 1943/1943/1943 1910/1910/1910 2002/2002/2002
f 1943/1943/1943 2002/2002/2002 2035/2035/2035
f 2035/2035/2035 2002/2002/2002 2006/2006/2006
f 2035/2035/2035 2006/2006/2006 2036/2036/2036
f 2032/2032/2032 2035/2035/2035 2036/2036/2036
f 2032/2032/2032 2036/2036/2036 2033/2033/2033
f 1920/1920/1920 1919/1919/1919 2037/2037/2037
f 1920/1920/1920 2037/2037/2037 2009/2009/2009
f 1919/1919/1919 1918/1918/1918 2038/2038/2038
f 1919/1919/1919 2038/2038/2038 2037/2037/2037
f 2037/2037/2037 2038/2038/2038 2039/2039/2039
f 2037/2037/2037 2039/2039/2039 2040/2040/2040
f 2009/2009/2009 2037/2037/2037 2040/2040/2040
f 2009/2009/2009 2040/2040/2040 2010/2010/2010
f 1918/1918/1918 1938/1938/1938 2041/2041/2041
f 1918/1918/1918 2041/2041/2041 2038/2038/2038
f 1938/1938/1938 1937/1937/1937 1996/1996/1996
f 1938/1938/1938 1996/1996/1996 2041/2041/2041
f 2041/2041/2041 1996/1996/1996 2000/2000/2000
f 2041/2041/2041 2000/2000/2000 2042/2042/2042
f 2038/2038/2038 2041/2041/2041 2042/2042/2042
f 2038/2038/2038 2042/2042/2042 2039/2039/2039
f 2000/2000/2000 1999/1999/1999 2043/2043/2043
f 2000/2000/2000 2043/2043/2043 2044/2044/2044
f 1999/1999/1999 1998/1998/1998 2045/2045/2045
f 1999/1999/1999 2045/2045/2045 2043/2043/2043
f 2043/2043/2043 2045/2045/2045 1983/1983/1983
f 2043/2043/2043 1983/1983/1983 1993/1993/1993
f 2044/2044/2044 2043/2043/2043 1993/1993/1993
f 2044/2044/2044 1993/1993/1993 1951/1951/1951
f 2006/2006/2006 2005/2005/2005 2046/2046/2046
f 2006/2006/2006 2046/2046/2046 2047/2047/2047
f 2005/2005/2005 2004/2004/2004 2048/2048/2048
f 2005/2005/2005 2048/2048/2048 2046/2046/2046
f 2046/2046/2046 2048/2048/2048 1973/1973/1973
f 2046/2046/2046 1973/1973/1973 1991/1991/1991
f 2047/2047/2047 2046/2046/2046 1991/1991/1991
f 2047/2047/2047 1991/1991/1991 1961/1961/1961
f 2012/2012/2012 2011/2011/2011 2049/2049/2049
f 2012/2012/2012 2049/2049/2049 2050/2050/2050
f 2011/2011/2011 2010/2010/2010 2051/2051/2051
f 2011/2011/2011 2051/2051/2051 2049/2049/2049
f 2049/2049/2049 2051/2051/2051 1953/1953/1953
f 2049/2049/2049 1953/1953/1953 1989/1989/1989
f 2050/2050/2050 2049/2049/2049 1989/1989/1989
f 2050/2050/2050 1989/1989/1989 1971/1971/1971
f 2018/2018/2018 2017/2017/2017 2052/2052/2052
f 2018/2018/2018 2052/2052/2052 2053/2053/2053
f 2017/2017/2017 2016/2016/2016 2054/2054/2054
f 2017/2017/2017 2054/2054/2054 2052/2052/2052
f 2052/2052/2052 2054/2054/2054 1963/1963/1963
f 2052/2052/2052 1963/1963/1963 1987/1987/1987
f 2053/2053/2053 2052/2052/2052 1987/1987/1987
f 2053/2053/2053 1987/1987/1987 1981/1981/1981
f 1998/1998/1998 2022/2022/2022 2055/2055/2055
f 1998/1998/1998 2055/2055/2055 2045/2045/2045
f 2022/2022/2022 2021/2021/2021 2056/2056/2056
f 2022/2022/2022 2056/2056/2056 2055/2055/2055
f 2055/2055/2055 2056/2056/2056 1977/1977/1977
f 2055/2055/2055 1977/1977/1977 1984/1984/1984
f 2045/2045/2045 2055/2055/2055 1984/1984/1984
f 2045/2045/2045 1984/1984/1984 1983/1983/1983
f 2021/2021/2021 2024/2024/2024 2057/2057/2057
f 2021/2021/2021 2057/2057/2057 2056/2056/2056
f 2024/2024/2024 2018/2018/2018 2053/2053/2053
f 2024/2024/2024 2053/2053/2053 2057/2057/2057
f 2057/2057/2057 2053/2053/2053 1981/1981/1981
f 2057/2057/2057 1981/1981/1981 1978/1978/1978
f 2056/2056/2056 2057/2057/2057 1978/1978/1978
f 2056/2056/2056 1978/1978/1978 1977/1977/1977
f 2004/2004/2004 2028/2028/2028 2058/2058/2058
f 2004/2004/2004 2058/2058/2058 2048/2048/2048
f 2028/2028/2028 2027/2027/2027 2059/2059/2059
f 2028/2028/2028 2059/2059/2059 2058/2058/2058
f 2058/2058/2058 2059/2059/2059 1967/1967/1967
f 2058/2058/2058 1967/1967/1967 1974/1974/1974
f 2048/2048/2048 2058/2058/2058 1974/1974/1974
f 2048/2048/2048 1974/1974/1974 1973/1973/1973
f 2027/2027/2027 2030/2030/2030 2060/2060/2060
f 2027/2027/2027 2060/2060/2060 2059/2059/2059
f 2030/2030/2030 2012/2012/2012 2050/2050/2050
f 2030/2030/2030 2050/2050/2050 2060/2060/2060
f 2060/2060/2060 2050/2050/2050 1971/1971/1971
f 2060/2060/2060 1971/1971/1971 1968/1968/1968
f 2059/2059/2059 2060/2060/2060 1968/1968/1968
f 2059/2059/2059 1968/1968/1968 1967/1967/1967
f 2016/2016/2016 2034/2034/2034 2061/2061/2061
f 2016/2016/2016 2061/2061/2061 2054/2054/2054
f 2034/2034/2034 2033/2033/2033 2062/2062/2062
f 2034/2034/2034 2062/2062/2062 2061/2061/2061
f 2061/2061/2061 2062/2062/2062 1957/1957/1957
f 2061/2061/2061 1957/1957/1957 1964/1964/1964
f 2054/2054/2054 2061/2061/2061 1964/1964/1964
f 2054/2054/2054 1964/1964/1964 1963/1963/1963
f 2033/2033/2033 2036/2036/2036 2063/2063/2063
f 2033/2033/2033 2063/2063/2063 2062/2062/2062
f 2036/2036/2036 2006/2006/2006 2047/2047/2047
f 2036/2036/2036 2047/2047/2047 2063/2063/2063
f 2063/2063/2063 2047/2047/2047 1961/1961/1961
f 2063/2063/2063 1961/1961/1961 1958/1958/1958
f 2062/2062/2062 2063/2063/2063 1958/1958/1958
f 2062/2062/2062 1958/1958/1958 1957/1957/1957
f 2010/2010/2010 2040/2040/2040 2064/2064/2064
f 2010/2010/2010 2064/2064/2064 2051/2051/2051
f 2040/2040/2040 2039/2039/2039 2065/2065/2065
f 2040/2040/2040 2065/2065/2065 2064/2064/2064
f 2064/2064/2064 2065/2065/2065 1947/1947/1947
f 2064/2064/2064 1947/1947/1947 1954/1954/1954
f 2051/2051/2051 2064/2064/2064 1954/1954/1954
f 2051/2051/2051 1954/1954/1954 1953/1953/1953
f 2039/2039/2039 2042/2042/2042 2066/2066/2066
f 2039/2039/2039 2066/2066/2066 2065/2065/2065
f 2042/2042/2042 2000/2000/2000 2044/2044/2044
f 2042/2042/2042 2044/2044/2044 2066/2066/2066
f 2066/2066/2066 2044/2044/2044 1951/1951/1951
f 2066/2066/2066 1951/1951/1951 1948/1948/1948
f 2065/2065/2065 2066/2066/2066 1948/1948/1948
f 2065/2065/2065 1948/1948/1948 1947/1947/1947
