v -1.0689 0.102454 1.00421
v -1.06399 0.107502 0.998661
v -1.05823 0.104659 0.999814
v -1.06214 0.0991663 1.00552
v -1.05914 0.11349 0.994633
v -1.05446 0.111185 0.995617
v -1.04877 0.109598 0.996958
v -1.05139 0.102696 1.00139
v -1.05434 0.0967982 1.00727
v -1.02889 0.180593 1.05467
v -1.0275 0.177924 1.03919
v -1.03696 0.182269 1.0377
v -1.03907 0.185287 1.05307
v -1.02775 0.173478 1.02751
v -1.03612 0.177317 1.02617
v -1.04453 0.179758 1.02455
v -1.04642 0.185032 1.03589
v -1.04906 0.188277 1.05118
v -1.0769 0.156193 1.16902
v -1.07758 0.160453 1.1718
v -1.06897 0.158361 1.17372
v -1.06895 0.15431 1.17064
v -1.07786 0.166657 1.17419
v -1.06796 0.164365 1.1762
v -1.05861 0.16036 1.17704
v -1.06086 0.154834 1.17479
v -1.06149 0.150974 1.17178
v -1.0376 0.177204 1.09783
v -1.0326 0.18046 1.07516
v -1.0429 0.185242 1.07359
v -1.048 0.181705 1.09658
v -1.0528 0.188375 1.07168
v -1.05772 0.185202 1.09431
v -1.05694 0.161888 1.183
v -1.05741 0.162354 1.17972
v -1.06752 0.166427 1.17956
v -1.06742 0.165674 1.18386
v -1.07821 0.168605 1.17813
v -1.07854 0.167457 1.18364
v -1.08861 0.0899274 1.06824
v -1.08354 0.0920569 1.04536
v -1.0757 0.088031 1.04677
v -1.0806 0.0858762 1.0697
v -1.07882 0.094876 1.0254
v -1.07089 0.0910287 1.02686
v -1.06181 0.087948 1.02885
v -1.06634 0.0849797 1.04884
v -1.0708 0.0830482 1.07188
v -1.07391 0.0982984 1.01224
v -1.06635 0.0946884 1.01366
v -1.05779 0.0918877 1.01556
v -1.02874 0.168144 1.01772
v -1.03596 0.171405 1.01652
v -1.03044 0.16156 1.00919
v -1.03643 0.164189 1.00813
v -1.04225 0.165884 1.00697
v -1.0431 0.173484 1.01512
v -1.04475 0.165049 1.13605
v -1.0422 0.17125 1.1189
v -1.0538 0.174726 1.11942
v -1.05197 0.168465 1.13173
v -1.06379 0.179545 1.11492
v -1.07029 0.174151 1.13109
v -1.0617 0.171793 1.12977
v -1.05718 0.169286 1.13215
v -1.09883 0.0877664 1.10454
v -1.09423 0.0885612 1.08912
v -1.08521 0.0847079 1.09085
v -1.08867 0.0841849 1.10649
v -1.07455 0.0821353 1.09325
v -1.07719 0.0818228 1.10905
v -1.08192 0.0883408 1.14982
v -1.08238 0.0831779 1.15077
v -1.09012 0.0847894 1.1486
v -1.08935 0.0899788 1.14804
v -1.08207 0.0752802 1.14892
v -1.09112 0.0770391 1.14644
v -1.09982 0.0806825 1.14482
v -1.09745 0.0878164 1.14717
v -1.09627 0.0926375 1.14676
v -1.08036 0.0641221 1.19632
v -1.0821 0.0649555 1.19472
v -1.0736 0.0667454 1.18817
v -1.07313 0.0662212 1.18983
v -1.08286 0.0653805 1.19167
v -1.07334 0.0669968 1.18545
v -1.06333 0.0707841 1.18065
v -1.06438 0.0703005 1.18301
v -1.06498 0.0696759 1.1846
v -1.11337 0.086018 1.23631
v -1.1191 0.0908036 1.22539
v -1.11703 0.0791825 1.21887
v -1.11243 0.0754029 1.22885
v -1.12363 0.0952046 1.21268
v -1.12083 0.0828661 1.20701
v -1.1153 0.0747702 1.2015
v -1.11238 0.0719253 1.21222
v -1.10894 0.0690428 1.22113
v -1.05593 0.119976 1.24252
v -1.06153 0.132162 1.23691
v -1.06965 0.128839 1.24411
v -1.06296 0.116734 1.2493
v -1.0675 0.143356 1.22863
v -1.07666 0.140084 1.23577
v -1.08581 0.134734 1.24136
v -1.07795 0.123836 1.24955
v -1.07035 0.112213 1.25418
v -1.09981 0.0772122 1.24412
v -1.10672 0.0815632 1.24215
v -1.10723 0.0724145 1.2338
v -1.10167 0.0697355 1.23512
v -1.10493 0.0669415 1.22541
v -1.10043 0.0651697 1.22635
v -1.03376 0.101255 1.19284
v -1.03348 0.109404 1.18906
v -1.03316 0.119628 1.19518
v -1.03255 0.110014 1.19957
v -1.03345 0.117453 1.1846
v -1.03419 0.128672 1.19031
v -1.03788 0.136514 1.19667
v -1.03586 0.127184 1.20183
v -1.03436 0.116775 1.20656
v -1.08207 0.0653267 1.18195
v -1.08234 0.0648802 1.17683
v -1.07205 0.0667859 1.17372
v -1.07199 0.0672869 1.17785
v -1.08246 0.0643857 1.17158
v -1.07217 0.0661083 1.16937
v -1.06174 0.0706827 1.16782
v -1.06153 0.0713458 1.1714
v -1.06166 0.0717904 1.1747
v -1.03339 0.12276 1.18159
v -1.03502 0.134631 1.18679
v -1.03305 0.125401 1.17976
v -1.03526 0.137772 1.18447
v -1.04041 0.146212 1.1892
v -1.03955 0.142726 1.19243
v -1.08252 0.0655028 1.18714
v -1.07258 0.0672689 1.18188
v -1.06232 0.07145 1.17782
v -1.07266 0.151534 1.2192
v -1.08265 0.148478 1.22539
v -1.07626 0.157071 1.21032
v -1.0869 0.154322 1.21522
v -1.09727 0.149089 1.21895
v -1.09249 0.14309 1.23025
v -1.07844 0.16357 1.19691
v -1.07861 0.165673 1.1902
v -1.08967 0.164319 1.19081
v -1.08974 0.1616 1.19936
v -1.08919 0.166732 1.18237
v -1.0996 0.16323 1.18042
v -1.10046 0.160206 1.19059
v -1.10072 0.156929 1.20085
v -1.07794 0.160872 1.20323
v -1.08906 0.158458 1.207
v -1.09987 0.153438 1.2097
v -1.12673 0.0986236 1.20148
v -1.12364 0.0856208 1.19642
v -1.12821 0.101879 1.19044
v -1.12508 0.0881998 1.18585
v -1.11899 0.0786673 1.18198
v -1.11766 0.0767995 1.19181
v -1.03237 0.126183 1.17836
v -1.03483 0.139045 1.18268
v -1.032 0.126116 1.17694
v -1.03447 0.139345 1.18088
v -1.04006 0.148622 1.18432
v -1.04031 0.147923 1.18669
v -1.12681 0.110106 1.16549
v -1.12499 0.114007 1.15564
v -1.12202 0.099122 1.15168
v -1.1238 0.0952597 1.16155
v -1.12167 0.116831 1.15063
v -1.11883 0.102919 1.14695
v -1.11331 0.0925545 1.14467
v -1.11621 0.0880277 1.14909
v -1.11788 0.0843382 1.1588
v -1.12803 0.105832 1.1779
v -1.12496 0.0914816 1.17373
v -1.11893 0.0811822 1.17052
v -1.03254 0.126094 1.17528
v -1.03491 0.139445 1.17875
v -1.0336 0.126361 1.17376
v -1.03583 0.13967 1.17675
v -1.04122 0.149283 1.17902
v -1.04045 0.148954 1.18162
v -1.08159 0.0642612 1.16577
v -1.07181 0.0658471 1.16465
v -1.08081 0.0655122 1.15917
v -1.07162 0.0669908 1.15953
v -1.06263 0.0717904 1.16011
v -1.06209 0.0705989 1.16393
v -1.10939 0.123295 1.10972
v -1.10285 0.125958 1.09405
v -1.1044 0.111061 1.09071
v -1.11111 0.109094 1.10605
v -1.09473 0.12839 1.07364
v -1.09634 0.11297 1.07031
v -1.0956 0.102323 1.06853
v -1.10306 0.100719 1.089
v -1.10944 0.0992585 1.10421
v -1.03493 0.126838 1.1728
v -1.037 0.139958 1.17535
v -1.03774 0.12681 1.17243
v -1.03965 0.139135 1.17456
v -1.04449 0.148163 1.17572
v -1.04218 0.149537 1.17706
v -1.08121 0.0691075 1.15235
v -1.07235 0.0704273 1.15453
v -1.07366 0.0762482 1.15225
v -1.06499 0.0797645 1.15605
v -1.0635 0.0748134 1.15702
v -1.08843 0.168352 1.17557
v -1.08734 0.166717 1.1712
v -1.09667 0.164242 1.16768
v -1.09844 0.16536 1.17242
v -1.05089 0.100608 1.16172
v -1.05001 0.098966 1.16473
v -1.05814 0.0905181 1.16088
v -1.05866 0.093189 1.15797
v -1.04632 0.0959549 1.16416
v -1.05531 0.0858014 1.15996
v -1.06693 0.0858935 1.15725
v -1.06711 0.0895216 1.15475
v -1.05408 0.150262 1.17494
v -1.05523 0.146926 1.17202
v -1.05082 0.155047 1.17669
v -1.04849 0.144365 1.17452
v -1.04995 0.14182 1.17164
v -1.10496 0.143824 1.1577
v -1.10971 0.145813 1.15902
v -1.10235 0.154383 1.16279
v -1.09842 0.151584 1.16131
v -1.11434 0.148682 1.15987
v -1.10607 0.158732 1.16398
v -1.09405 0.158879 1.16615
v -1.0913 0.155434 1.16429
v -1.10366 0.0918758 1.1464
v -1.10192 0.0961435 1.14607
v -1.10706 0.085528 1.14408
v -1.10911 0.0977479 1.1466
v -1.10659 0.10113 1.14614
v -1.08752 0.129782 1.05113
v -1.08964 0.1143 1.04769
v -1.08147 0.130625 1.03109
v -1.08409 0.115672 1.02766
v -1.08469 0.105722 1.02578
v -1.08966 0.103817 1.04581
v -1.02168 0.132074 1.13422
v -1.0184 0.135144 1.11757
v -1.02042 0.149607 1.11963
v -1.02424 0.145824 1.13642
v -1.01561 0.138008 1.09596
v -1.01678 0.15313 1.0983
v -1.02164 0.163782 1.09895
v -1.02604 0.15961 1.12001
v -1.03027 0.155226 1.13701
v -1.06397 0.0812501 1.09596
v -1.06641 0.0810299 1.1118
v -1.06079 0.0819362 1.07445
v -1.05014 0.0833705 1.07759
v -1.05291 0.0827594 1.0992
v -1.05545 0.0824603 1.11505
v -1.07145 0.181797 1.11275
v -1.0769 0.176719 1.12965
v -1.06534 0.186545 1.09233
v -1.07161 0.184878 1.0904
v -1.07791 0.18087 1.11084
v -1.08328 0.176339 1.12773
v -1.05034 0.0904808 1.01748
v -1.0538 0.0862759 1.03093
v -1.04727 0.0958276 1.00909
v -1.04037 0.0969197 1.01116
v -1.04296 0.0914071 1.01974
v -1.04565 0.0871302 1.03342
v -1.0143 0.139757 1.07218
v -1.01431 0.155196 1.07494
v -1.01418 0.140568 1.05075
v -1.01332 0.155692 1.05372
v -1.01576 0.166535 1.05518
v -1.01789 0.166204 1.07606
v -1.05734 0.0834965 1.05115
v -1.04788 0.0846114 1.054
v -1.0604 0.189211 1.06993
v -1.05663 0.189005 1.04946
v -1.06223 0.186907 1.04759
v -1.06635 0.187161 1.06802
v -1.07128 0.132573 1.00829
v -1.06625 0.13348 1.00172
v -1.06808 0.123072 0.999677
v -1.07359 0.120355 1.00567
v -1.06159 0.134157 0.996609
v -1.0628 0.125902 0.995155
v -1.06282 0.120267 0.994441
v -1.06841 0.115957 0.998603
v -1.07415 0.112079 1.00426
v -1.05362 0.185699 1.03424
v -1.05099 0.180348 1.02304
v -1.05572 0.178619 1.02142
v -1.05884 0.183737 1.03245
v -1.07624 0.131563 1.01728
v -1.07888 0.117766 1.01416
v -1.0796 0.108556 1.01246
v -1.01472 0.140839 1.03531
v -1.01381 0.154836 1.03806
v -1.01591 0.140768 1.0244
v -1.01532 0.153114 1.02668
v -1.01735 0.161967 1.02783
v -1.01586 0.164885 1.03948
v -1.01793 0.140454 1.01565
v -1.01747 0.150922 1.01744
v -1.02113 0.13979 1.00812
v -1.02073 0.148035 1.00942
v -1.02233 0.153878 1.00994
v -1.01936 0.158409 1.01828
v -1.04488 0.102002 1.00306
v -1.04319 0.109052 0.998406
v -1.03782 0.109917 0.999963
v -1.03858 0.103065 1.00492
v -1.04856 0.173992 1.01384
v -1.04669 0.166309 1.00593
v -1.05007 0.165171 1.00482
v -1.05261 0.172532 1.01246
v -1.03217 0.106625 1.00712
v -1.03288 0.101027 1.01378
v -1.03257 0.112766 1.0017
v -1.02771 0.118932 1.00374
v -1.02608 0.114335 1.00978
v -1.02556 0.110065 1.01707
v -1.02103 0.126913 1.01286
v -1.01956 0.124841 1.02091
v -1.02365 0.129 1.00605
v -1.03442 0.0959117 1.02275
v -1.03601 0.0919504 1.0368
v -1.02587 0.106106 1.02662
v -1.02637 0.102986 1.04113
v -1.01895 0.122814 1.03116
v -1.01873 0.121071 1.04618
v -1.063 0.178302 1.03008
v -1.06692 0.181075 1.04507
v -1.05948 0.173826 1.01926
v -1.06319 0.164131 1.0162
v -1.06715 0.167312 1.0266
v -1.07166 0.169243 1.04131
v -1.07191 0.149933 1.02189
v -1.0769 0.150488 1.03614
v -1.06744 0.148795 1.01217
v -1.05595 0.168478 1.01062
v -1.05302 0.161987 1.00335
v -1.05597 0.155483 1.00137
v -1.0593 0.160263 1.00807
v -1.06301 0.147256 1.00481
v -1.05907 0.145126 0.998894
v -1.03709 0.0897036 1.05771
v -1.03846 0.0885573 1.08154
v -1.02665 0.101113 1.06234
v -1.02751 0.0998668 1.08631
v -1.01864 0.119738 1.06759
v -1.01943 0.118274 1.09157
v -1.04085 0.0877555 1.10327
v -1.0434 0.0871504 1.11922
v -1.02969 0.0985727 1.10811
v -1.03227 0.0973602 1.12427
v -1.02171 0.116217 1.11333
v -1.02455 0.11409 1.12975
v -1.07177 0.181305 1.0654
v -1.0776 0.179213 1.08777
v -1.07727 0.169297 1.06152
v -1.08378 0.167365 1.08389
v -1.08297 0.150155 1.05625
v -1.09004 0.148503 1.07867
v -1.11395 0.10637 1.1481
v -1.11046 0.108405 1.14718
v -1.1164 0.118151 1.15091
v -1.11202 0.118654 1.14957
v -1.1148 0.132555 1.15481
v -1.10992 0.131676 1.15343
v -1.11997 0.13345 1.1552
v -1.04411 0.136567 1.17381
v -1.04563 0.134891 1.17094
v -1.0423 0.125827 1.17209
v -1.04371 0.125139 1.16919
v -1.0444 0.111994 1.16879
v -1.04558 0.112465 1.16582
v -1.0401 0.111001 1.16866
v -1.0534 0.082067 1.16019
v -1.05232 0.0797543 1.16197
v -1.04391 0.0935805 1.16414
v -1.04262 0.0920583 1.16523
v -1.03737 0.109931 1.16873
v -1.03599 0.109041 1.16957
v -1.05135 0.0786603 1.16463
v -1.05066 0.0786003 1.16753
v -1.04149 0.0912171 1.16703
v -1.04076 0.0911288 1.16905
v -1.03484 0.108527 1.17099
v -1.0342 0.108511 1.17258
v -1.11108 0.152941 1.18946
v -1.11142 0.14922 1.20097
v -1.10996 0.156481 1.17804
v -1.11896 0.14498 1.17477
v -1.12021 0.141012 1.18691
v -1.12053 0.136979 1.1992
v -1.12627 0.123857 1.1827
v -1.12653 0.119687 1.19531
v -1.125 0.128144 1.17027
v -1.10847 0.159128 1.16908
v -1.11725 0.148138 1.16519
v -1.1232 0.131773 1.16045
v -1.05054 0.079247 1.17022
v -1.05098 0.0796855 1.17274
v -1.04086 0.091708 1.17093
v -1.04157 0.091998 1.1728
v -1.03447 0.108889 1.17402
v -1.03526 0.108704 1.17547
v -1.11036 0.145462 1.21088
v -1.1074 0.140992 1.22112
v -1.11928 0.133122 1.2099
v -1.11608 0.128735 1.22091
v -1.12512 0.115992 1.2064
v -1.12187 0.111988 1.21775
v -1.05188 0.0791303 1.17523
v -1.05318 0.0779036 1.17757
v -1.04262 0.0910493 1.17486
v -1.04396 0.0888145 1.17707
v -1.03609 0.106928 1.17726
v -1.03696 0.103089 1.17978
v -1.05472 0.0764968 1.17957
v -1.05599 0.0749739 1.18096
v -1.04554 0.0856107 1.17927
v -1.04695 0.0823108 1.18086
v -1.03796 0.0973074 1.18308
v -1.03898 0.0915175 1.18569
v -1.08663 0.116845 1.25299
v -1.07835 0.106143 1.25703
v -1.09507 0.126973 1.24507
v -1.10356 0.115729 1.24572
v -1.09505 0.107012 1.25318
v -1.08659 0.0979095 1.25659
v -1.10227 0.0941853 1.24916
v -1.09431 0.0874422 1.25187
v -1.11013 0.10078 1.24244
v -1.10221 0.135003 1.23342
v -1.11075 0.123016 1.23387
v -1.1168 0.106855 1.23085
v -1.09586 0.159559 1.12093
v -1.09053 0.163711 1.10439
v -1.09754 0.145379 1.09914
v -1.10344 0.141868 1.11527
v -1.04899 0.156807 1.17867
v -1.04825 0.1565 1.18122
v -1.08586 0.160728 1.1692
v -1.08425 0.15671 1.16688
v -1.07486 0.0835302 1.15377
v -1.07471 0.0880856 1.15204
v -1.09994 0.0936056 1.08848
v -1.10558 0.0925145 1.10374
v -1.09334 0.0950755 1.06784
v -1.03334 0.16649 1.11957
v -1.03738 0.161386 1.1368
v -1.02866 0.171487 1.09864
v -1.11185 0.0741732 1.16835
v -1.11186 0.0721933 1.17892
v -1.11095 0.0769228 1.15739
v -1.1024 0.0716587 1.15727
v -1.10323 0.0693054 1.16709
v -1.10342 0.0678912 1.17636
v -1.06726 0.111059 0.998258
v -1.07281 0.106483 1.00378
v -1.06179 0.116359 0.994253
v -1.07821 0.102546 1.01182
v -1.08325 0.0993349 1.02503
v -1.1095 0.0805098 1.14815
v -1.10141 0.0752314 1.14866
v -1.08796 0.0969132 1.04504
v -1.02312 0.163939 1.01835
v -1.02144 0.16851 1.02809
v -1.02562 0.158217 1.00983
v -1.02408 0.174311 1.07605
v -1.02097 0.17453 1.05544
v -1.05072 0.125374 0.990748
v -1.05114 0.128227 0.990421
v -1.04291 0.136048 0.992137
v -1.04725 0.125955 0.991269
v -1.05363 0.128635 0.990286
v -1.05266 0.131982 0.99044
v -1.054 0.135072 0.990992
v -1.05167 0.13945 0.991689
v -1.0513 0.144897 0.993066
v -1.04861 0.146096 0.993464
v -1.04734 0.149511 0.994846
v -1.04473 0.147797 0.994734
v -1.04221 0.149706 0.996151
v -1.03944 0.146791 0.995878
v -1.03567 0.14744 0.997424
v -1.03443 0.144226 0.996746
v -1.03123 0.143876 0.998026
v -1.0321 0.140423 0.996831
v -1.03043 0.137576 0.997462
v -1.0332 0.133147 0.995761
v -1.0337 0.127918 0.995606
v -1.03716 0.126576 0.994076
v -1.03907 0.123415 0.993749
v -1.04205 0.124975 0.992608
v -1.045 0.123328 0.992118
v -1.02038 0.172301 1.03983
v -1.09142 0.0710981 1.15025
v -1.09168 0.0674922 1.15818
v -1.09258 0.065739 1.16644
v -1.09323 0.0651659 1.17394
v -1.04725 0.154267 1.19047
v -1.04698 0.152069 1.19387
v -1.04717 0.155383 1.18748
v -1.05599 0.160114 1.1906
v -1.05587 0.158523 1.19442
v -1.05518 0.155782 1.19891
v -1.06648 0.160801 1.19883
v -1.0653 0.157493 1.20462
v -1.0668 0.162951 1.19385
v -1.04758 0.155994 1.1843
v -1.05641 0.161099 1.18674
v -1.06713 0.164451 1.18878
v -1.04552 0.14811 1.19831
v -1.04308 0.141492 1.20375
v -1.05306 0.151256 1.20477
v -1.04982 0.144084 1.21164
v -1.06245 0.152415 1.21201
v -1.05825 0.14468 1.22026
v -1.10701 0.0678772 1.20601
v -1.10462 0.0659941 1.21387
v -1.10889 0.0696499 1.19658
v -1.10133 0.0666593 1.19183
v -1.10047 0.0659209 1.19986
v -1.09907 0.0649604 1.20663
v -1.09209 0.0651547 1.19338
v -1.09166 0.0648044 1.199
v -1.09213 0.0652108 1.1868
v -1.11068 0.0709033 1.1879
v -1.10253 0.067171 1.18427
v -1.09279 0.0651191 1.18049
v -1.04022 0.131811 1.20975
v -1.03787 0.120858 1.21495
v -1.0461 0.133888 1.21871
v -1.04281 0.122461 1.22435
v -1.05344 0.133905 1.22811
v -1.04903 0.122009 1.2339
v -1.10121 0.0644654 1.21781
v -1.09708 0.0630144 1.21883
v -1.09617 0.0638504 1.21036
v -1.09234 0.0624956 1.21166
v -1.08972 0.0640653 1.20242
v -1.08674 0.0629115 1.20391
v -1.08403 0.175419 1.10826
v -1.0893 0.171089 1.125
v -1.08918 0.159431 1.15875
v -1.09547 0.155298 1.15555
v -1.0876 0.166683 1.1504
v -1.09352 0.161932 1.14692
v -1.09985 0.151759 1.14215
v -1.10172 0.146656 1.15136
v -1.04534 0.143895 1.1656
v -1.05127 0.149116 1.1667
v -1.03856 0.148222 1.15764
v -1.04534 0.153883 1.15954
v -1.05205 0.15807 1.16191
v -1.05804 0.153305 1.16715
v -1.1082 0.100732 1.13573
v -1.10393 0.0955322 1.13531
v -1.11121 0.0989149 1.1223
v -1.10704 0.0929961 1.12152
v -1.10021 0.0888346 1.12202
v -1.09787 0.0918601 1.13586
v -1.10753 0.133294 1.14585
v -1.1068 0.136257 1.13549
v -1.11201 0.120002 1.12893
v -1.11112 0.119173 1.14063
v -1.04567 0.0993341 1.15211
v -1.03985 0.112179 1.15735
v -1.03867 0.0972323 1.14107
v -1.03197 0.111931 1.14738
v -1.02985 0.127745 1.15281
v -1.03795 0.125972 1.16181
v -1.06385 0.0878051 1.14393
v -1.05436 0.0914614 1.14754
v -1.05968 0.0841699 1.13141
v -1.0487 0.0882742 1.13563
v -1.07571 0.159445 1.16411
v -1.0828 0.160348 1.16161
v -1.07547 0.166198 1.15774
v -1.08156 0.16731 1.15382
v -1.0808 0.0872336 1.13909
v -1.07244 0.0866511 1.14123
v -1.07957 0.083626 1.12586
v -1.06965 0.082925 1.12832
v -1.04032 0.136539 1.16429
v -1.03266 0.139861 1.1559
v -1.11101 0.108304 1.13732
v -1.11323 0.107552 1.12457
v -1.0897 0.0890695 1.13723
v -1.09039 0.0856971 1.12363
v -1.06645 0.157754 1.16567
v -1.05997 0.160449 1.16326
v -1.06415 0.162766 1.1622
v -1.06886 0.163445 1.16163
v -1.08606 0.172069 1.14052
v -1.09202 0.167012 1.13728
v -1.0985 0.155892 1.1327
v -1.03395 0.151834 1.14887
v -1.04147 0.158125 1.15022
v -1.04433 0.161507 1.14655
v -1.04563 0.160767 1.15153
v -1.04664 0.159629 1.15561
v -1.11209 0.0984324 1.11332
v -1.10796 0.0920269 1.11263
v -1.10082 0.0875318 1.11331
v -1.10609 0.138989 1.12624
v -1.1121 0.121307 1.11984
v -1.03459 0.0966515 1.13341
v -1.02727 0.112564 1.13956
v -1.0248 0.129689 1.14474
v -1.05722 0.0825272 1.12362
v -1.04542 0.0869617 1.12796
v -1.07674 0.170067 1.15
v -1.07953 0.172357 1.14363
v -1.07588 0.171048 1.14563
v -1.07524 0.172264 1.14059
v -1.0786 0.08193 1.11768
v -1.06793 0.0811805 1.12036
v -1.02767 0.142808 1.14754
v -1.11385 0.10779 1.11555
v -1.09028 0.0841538 1.11519
v -1.04895 0.164804 1.1509
v -1.04692 0.175544 1.15251
v -1.04886 0.174972 1.15714
v -1.05076 0.164231 1.1553
v -1.04437 0.187073 1.15444
v -1.04649 0.186482 1.15942
v -1.05039 0.186392 1.16318
v -1.05237 0.17498 1.16052
v -1.05397 0.164338 1.15838
v -1.04854 0.156533 0.998451
v -1.04564 0.1571 0.999246
v -1.04207 0.156946 1.00015
v -1.05357 0.149746 0.995926
v -1.05104 0.154171 0.997293
v -1.05443 0.120104 0.991824
v -1.05653 0.122318 0.991432
v -1.05777 0.12493 0.991432
v -1.03051 0.123831 0.998678
v -1.03422 0.119538 0.997191
v -1.03811 0.11736 0.995976
v -1.02569 0.138697 1.00162
v -1.02765 0.131099 1.00018
v -1.05805 0.128881 0.991781
v -1.05764 0.134599 0.992687
v -1.05583 0.14232 0.994182
v -1.03296 0.153702 1.00191
v -1.02938 0.151151 1.00236
v -1.02672 0.148313 1.00265
v -1.03759 0.155477 1.00098
v -1.0422 0.11693 0.994772
v -1.04645 0.117182 0.993685
v -1.05072 0.118543 0.992619
v -1.06363 0.163363 1.16019
v -1.06372 0.163603 1.16128
v -1.05801 0.161697 1.16191
v -1.05806 0.161578 1.16075
v -1.05251 0.160373 1.1607
v -1.05313 0.160375 1.15967
v -1.04757 0.160892 1.1513
v -1.04653 0.161112 1.15163
v -1.04594 0.162332 1.14588
v -1.04711 0.162079 1.14581
v -1.04754 0.164158 1.14015
v -1.04869 0.163608 1.14086
v -1.06954 0.170581 1.13657
v -1.0699 0.171665 1.1356
v -1.07354 0.171542 1.14028
v -1.07281 0.170629 1.14052
v -1.07506 0.170583 1.1459
v -1.07432 0.169765 1.14585
v -1.05195 0.166213 1.13623
v -1.05262 0.165372 1.13729
v -1.05775 0.168167 1.13434
v -1.05818 0.167318 1.13528
v -1.06402 0.170256 1.13376
v -1.06428 0.169283 1.1349
v -1.07274 0.166922 1.15592
v -1.07348 0.167388 1.15673
v -1.06917 0.165428 1.15982
v -1.06887 0.165196 1.15873
v -1.07527 0.169241 1.1516
v -1.07444 0.168473 1.15136
v -1.04857 0.160345 1.15681
v -1.0496 0.160214 1.15628
v -1.06348 0.166709 1.15916
v -1.0637 0.163072 1.15895
v -1.05854 0.161432 1.15946
v -1.05845 0.165278 1.15952
v -1.05396 0.160331 1.15844
v -1.04882 0.160798 1.15073
v -1.04841 0.161888 1.14566
v -1.0486 0.165804 1.146
v -1.04988 0.163291 1.14106
v -1.0501 0.167072 1.14151
v -1.06884 0.172759 1.13775
v -1.06921 0.169731 1.13709
v -1.07224 0.169781 1.14074
v -1.07185 0.172794 1.14127
v -1.07364 0.168985 1.14564
v -1.07326 0.172068 1.14595
v -1.05354 0.164902 1.13775
v -1.05366 0.1685 1.1382
v -1.05869 0.166691 1.13588
v -1.05865 0.170074 1.13636
v -1.06434 0.168515 1.13554
v -1.06411 0.171686 1.13613
v -1.0717 0.169682 1.15504
v -1.07216 0.16637 1.15496
v -1.06857 0.16477 1.15758
v -1.06819 0.168228 1.15774
v -1.07375 0.167799 1.15073
v -1.07331 0.170985 1.15086
v -1.05069 0.16018 1.15531
v -1.06791 0.192899 1.13954
v -1.06754 0.198663 1.14014
v -1.0618 0.198103 1.13759
v -1.06236 0.19225 1.13717
v -1.067 0.201029 1.14083
v -1.06141 0.2005 1.13835
v -1.05517 0.199627 1.13805
v -1.05537 0.197185 1.1373
v -1.05612 0.191212 1.13696
v -1.06263 0.176858 1.162
v -1.06765 0.178154 1.16031
v -1.06165 0.187845 1.16539
v -1.06709 0.188955 1.16337
v -1.07123 0.190129 1.15952
v -1.07142 0.179451 1.15706
v -1.05751 0.180172 1.1367
v -1.05224 0.178865 1.13873
v -1.05042 0.190128 1.13923
v -1.04621 0.189049 1.14344
v -1.0484 0.177633 1.14244
v -1.04667 0.176485 1.14732
v -1.0442 0.187985 1.14882
v -1.07329 0.180656 1.15244
v -1.0734 0.191271 1.15434
v -1.07354 0.192235 1.14872
v -1.07334 0.181663 1.14724
v -1.06837 0.182331 1.13867
v -1.06329 0.18148 1.13669
v -1.07174 0.182325 1.14239
v -1.07171 0.192852 1.14358
v -1.05723 0.175696 1.16212
v -1.05574 0.186911 1.16527
v -1.07031 0.198409 1.16088
v -1.06912 0.200204 1.16049
v -1.0712 0.201194 1.15563
v -1.07255 0.199482 1.15561
v -1.06792 0.201516 1.15997
v -1.06981 0.202415 1.15554
v -1.06998 0.203178 1.15082
v -1.07137 0.202033 1.15043
v -1.07273 0.200392 1.14998
v -1.07343 0.198003 1.14955
v -1.07151 0.198598 1.14429
v -1.07086 0.200965 1.14487
v -1.0494 0.192537 1.16449
v -1.05495 0.19297 1.16678
v -1.04933 0.195151 1.16452
v -1.05474 0.195559 1.16677
v -1.06068 0.196352 1.16699
v -1.06106 0.193804 1.167
v -1.04315 0.193267 1.15545
v -1.04535 0.192669 1.16056
v -1.04325 0.195864 1.15572
v -1.04539 0.195285 1.1607
v -1.06667 0.194831 1.16485
v -1.06614 0.197336 1.16489
v -1.07095 0.195948 1.16074
v -1.0495 0.1962 1.13966
v -1.04946 0.198686 1.14035
v -1.04522 0.197717 1.14465
v -1.04515 0.195189 1.14407
v -1.04303 0.194164 1.14965
v -1.04314 0.196731 1.15008
v -1.07325 0.19706 1.15533
v -1.06902 0.233414 1.16364
v -1.0702 0.240224 1.16421
v -1.06963 0.240364 1.15871
v -1.06936 0.232466 1.15793
v -1.06892 0.245541 1.16401
v -1.06906 0.246718 1.15844
v -1.06911 0.246995 1.15488
v -1.06956 0.240649 1.15493
v -1.06939 0.232692 1.1541
v -1.06609 0.20262 1.14198
v -1.06094 0.20213 1.13969
v -1.06519 0.20371 1.14314
v -1.06051 0.203263 1.14105
v -1.05528 0.202528 1.1408
v -1.05519 0.201324 1.13941
v -1.06965 0.202561 1.14571
v -1.06842 0.203658 1.14653
v -1.04977 0.197196 1.16385
v -1.05475 0.197573 1.16593
v -1.05031 0.198779 1.16302
v -1.05484 0.199122 1.16491
v -1.05983 0.199789 1.1651
v -1.06023 0.198306 1.16613
v -1.04417 0.197854 1.15573
v -1.04613 0.197319 1.16032
v -1.04524 0.199376 1.15564
v -1.04701 0.19889 1.15982
v -1.06527 0.199213 1.16419
v -1.06442 0.200615 1.16334
v -1.04991 0.200456 1.14154
v -1.05048 0.201739 1.14273
v -1.04691 0.200927 1.14635
v -1.04599 0.199562 1.14551
v -1.04407 0.198652 1.15052
v -1.04516 0.200101 1.15091
v -1.05955 0.199895 1.16392
v -1.05962 0.200348 1.1644
v -1.05493 0.199719 1.16422
v -1.055 0.199276 1.16375
v -1.05067 0.199393 1.16245
v -1.05088 0.198949 1.16203
v -1.04631 0.199466 1.15538
v -1.04592 0.199951 1.15554
v -1.04585 0.20063 1.15111
v -1.04623 0.200112 1.15109
v -1.0475 0.201403 1.14682
v -1.04782 0.200849 1.14693
v -1.06446 0.2034 1.14399
v -1.06468 0.204022 1.14379
v -1.0677 0.203976 1.14697
v -1.06738 0.20337 1.14706
v -1.06916 0.203528 1.15099
v -1.06878 0.202949 1.15093
v -1.05086 0.202163 1.14341
v -1.05108 0.201576 1.14363
v -1.05537 0.202903 1.14159
v -1.05545 0.202293 1.14186
v -1.06029 0.203597 1.14183
v -1.06021 0.202974 1.1421
v -1.06692 0.201463 1.15924
v -1.06723 0.201971 1.15957
v -1.06393 0.201125 1.16274
v -1.06373 0.200649 1.16231
v -1.069 0.202813 1.15542
v -1.06864 0.202269 1.15521
v -1.04758 0.199496 1.15945
v -1.0479 0.199037 1.15914
v -1.05997 0.203877 1.1635
v -1.0596 0.199423 1.16351
v -1.05516 0.198801 1.16333
v -1.05569 0.203254 1.16334
v -1.05113 0.198455 1.16166
v -1.05182 0.202885 1.16173
v -1.04755 0.203234 1.1555
v -1.04668 0.198901 1.15518
v -1.0466 0.199502 1.151
v -1.04749 0.203773 1.15146
v -1.04815 0.200197 1.14693
v -1.04898 0.204411 1.14753
v -1.06463 0.206897 1.1447
v -1.0644 0.202727 1.14405
v -1.06724 0.202728 1.14703
v -1.06736 0.20694 1.14757
v -1.06862 0.202348 1.15081
v -1.06868 0.206616 1.15121
v -1.05133 0.200894 1.1437
v -1.05204 0.205066 1.1444
v -1.0556 0.201596 1.14197
v -1.05616 0.205745 1.14271
v -1.06026 0.202281 1.14219
v -1.06064 0.20643 1.14292
v -1.06692 0.205338 1.15905
v -1.06681 0.200948 1.15892
v -1.06369 0.200163 1.16193
v -1.06391 0.204595 1.16196
v -1.06848 0.201713 1.15498
v -1.06853 0.206044 1.15524
v -1.04823 0.198512 1.15885
v -1.04904 0.2029 1.15903
v -1.05343 0.244274 1.15218
v -1.05382 0.25317 1.15181
v -1.05267 0.253134 1.15471
v -1.05217 0.243988 1.15541
v -1.05406 0.261921 1.15111
v -1.05303 0.262129 1.15366
v -1.05296 0.262568 1.15625
v -1.05263 0.253286 1.15767
v -1.05215 0.243846 1.15873
v -1.06593 0.232747 1.14836
v -1.06626 0.240566 1.14937
v -1.06291 0.240032 1.1479
v -1.06245 0.232254 1.14682
v -1.066 0.246619 1.14961
v -1.06282 0.245979 1.14823
v -1.05923 0.245259 1.14814
v -1.05913 0.239363 1.14779
v -1.05853 0.2316 1.14669
v -1.06852 0.240761 1.15181
v -1.06829 0.232879 1.15088
v -1.06814 0.246953 1.15192
v -1.05452 0.229469 1.16362
v -1.0552 0.237576 1.1642
v -1.05848 0.238032 1.16598
v -1.05797 0.230048 1.16531
v -1.0554 0.244154 1.16378
v -1.05854 0.244579 1.16534
v -1.063 0.244395 1.16797
v -1.0625 0.238696 1.16935
v -1.06277 0.232156 1.16779
v -1.05089 0.229586 1.15812
v -1.05174 0.237557 1.15888
v -1.05291 0.237436 1.16191
v -1.05213 0.229389 1.16125
v -1.05325 0.243882 1.16161
v -1.07224 0.241793 1.18633
v -1.07755 0.242667 1.19795
v -1.07679 0.240684 1.19838
v -1.07141 0.239803 1.1867
v -1.08423 0.245869 1.21153
v -1.08353 0.243953 1.21208
v -1.08443 0.242257 1.21152
v -1.07766 0.238983 1.19769
v -1.07223 0.238112 1.18594
v -1.05565 0.238774 1.14928
v -1.05492 0.230995 1.14822
v -1.05591 0.244687 1.14958
v -1.05305 0.23828 1.15201
v -1.05222 0.230456 1.15103
v -1.05175 0.237859 1.1554
v -1.05088 0.229967 1.15453
v -1.05141 0.274643 1.15165
v -1.04884 0.285691 1.14604
v -1.04952 0.286637 1.14778
v -1.05213 0.27547 1.15359
v -1.0462 0.296697 1.14035
v -1.04683 0.297757 1.14189
v -1.04813 0.298836 1.14296
v -1.0509 0.287654 1.14904
v -1.0536 0.276417 1.15503
v -1.06647 0.256519 1.16012
v -1.0676 0.256602 1.15702
v -1.06544 0.267863 1.15903
v -1.06613 0.266379 1.15551
v -1.06631 0.26583 1.15286
v -1.0678 0.256496 1.15404
v -1.06507 0.255588 1.14939
v -1.06225 0.254766 1.14821
v -1.06397 0.264398 1.14884
v -1.0615 0.263401 1.14785
v -1.05868 0.262519 1.14788
v -1.05903 0.253962 1.14817
v -1.06696 0.256172 1.15143
v -1.06561 0.265224 1.15059
v -1.05548 0.254114 1.16214
v -1.05819 0.254806 1.16325
v -1.05541 0.26391 1.16012
v -1.05777 0.264913 1.16111
v -1.06088 0.267081 1.16213
v -1.06135 0.255566 1.16356
v -1.05359 0.253608 1.16024
v -1.05377 0.263169 1.15849
v -1.06429 0.256171 1.16249
v -1.06644 0.246576 1.16697
v -1.0637 0.266274 1.16164
v -1.05606 0.253428 1.14948
v -1.05606 0.262027 1.14905
v -1.04144 0.333831 1.11065
v -1.036 0.343331 1.10337
v -1.03572 0.34212 1.10226
v -1.04107 0.332644 1.10946
v -1.03048 0.352623 1.09605
v -1.03029 0.351386 1.09502
v -1.02954 0.350122 1.09436
v -1.03485 0.340872 1.10154
v -1.04007 0.33142 1.10868
v -1.05907 0.277532 1.15808
v -1.05527 0.289654 1.14989
v -1.05746 0.290101 1.14904
v -1.06113 0.279694 1.15655
v -1.05236 0.302861 1.14381
v -1.05496 0.301821 1.14404
v -1.05597 0.302858 1.14132
v -1.05909 0.289954 1.14727
v -1.06328 0.278142 1.15521
v -1.05658 0.273902 1.14424
v -1.0537 0.284402 1.13923
v -1.05149 0.284085 1.14026
v -1.05423 0.273484 1.14532
v -1.05075 0.294873 1.13411
v -1.04868 0.294655 1.1351
v -1.0471 0.294983 1.13666
v -1.0498 0.284276 1.14195
v -1.05244 0.273537 1.14715
v -1.04892 0.28486 1.144
v -1.05149 0.273963 1.14938
v -1.04627 0.29572 1.13852
v -1.05993 0.289295 1.14498
v -1.06332 0.278397 1.151
v -1.05659 0.300228 1.13899
v -1.05673 0.29905 1.13709
v -1.06008 0.288437 1.14282
v -1.06338 0.277777 1.14844
v -1.06129 0.275908 1.14493
v -1.05812 0.28638 1.13971
v -1.05606 0.28526 1.13907
v -1.0591 0.274805 1.14414
v -1.0549 0.296818 1.13439
v -1.05296 0.295685 1.13389
v -1.05949 0.287462 1.14101
v -1.06275 0.276916 1.14642
v -1.05618 0.29797 1.13551
v -1.05291 0.288711 1.14975
v -1.0558 0.277349 1.15609
v -1.04999 0.300097 1.14351
v -1.00516 0.376424 1.0665
v -0.997719 0.383269 1.05561
v -0.998327 0.38243 1.0546
v -1.00589 0.37565 1.0654
v -0.98842 0.394502 1.04124
v -0.988877 0.393672 1.04036
v -0.988924 0.392764 1.03954
v -0.998499 0.381435 1.05363
v -1.00617 0.374651 1.06433
v -1.03397 0.334061 1.11573
v -1.02883 0.343605 1.10825
v -1.03021 0.344707 1.10847
v -1.03556 0.335091 1.11616
v -1.02362 0.352938 1.10073
v -1.02481 0.354213 1.10084
v -1.02582 0.356492 1.09997
v -1.03188 0.345563 1.10824
v -1.0382 0.335586 1.11734
v -1.03251 0.331721 1.11383
v -1.02757 0.34122 1.10649
v -1.02793 0.342422 1.10757
v -1.03295 0.332897 1.11499
v -1.02257 0.350511 1.0991
v -1.02283 0.351734 1.1001
v -1.03354 0.345794 1.10744
v -1.03928 0.337216 1.11556
v -1.02818 0.35555 1.10024
v -1.02877 0.356267 1.09799
v -1.0349 0.345374 1.1062
v -1.0414 0.335391 1.11518
v -1.03668 0.329492 1.10875
v -1.03173 0.338912 1.10165
v -1.03003 0.338761 1.10251
v -1.03489 0.329338 1.10965
v -1.02671 0.348148 1.09451
v -1.02509 0.348 1.09534
v -1.02372 0.34845 1.09651
v -1.02863 0.339199 1.10375
v -1.03347 0.329759 1.11094
v -1.0278 0.340084 1.10515
v -1.03267 0.330616 1.11242
v -1.02286 0.349353 1.09784
v -1.03571 0.344447 1.10474
v -1.04131 0.33486 1.11225
v -1.0301 0.353922 1.09725
v -1.03344 0.339704 1.10132
v -1.03852 0.330272 1.10843
v -1.02828 0.348943 1.09418
v -0.98552 0.390582 1.03876
v -0.97658 0.407417 1.02375
v -0.975658 0.407738 1.02422
v -0.984364 0.390901 1.03936
v -0.969346 0.425336 1.01057
v -0.968629 0.425592 1.01092
v -0.968117 0.426007 1.01143
v -0.974988 0.408309 1.02486
v -0.983487 0.391564 1.04016
v -1.00537 0.372548 1.06293
v -0.997519 0.379546 1.05241
v -0.99644 0.378836 1.05238
v -1.00441 0.371561 1.06289
v -0.987826 0.391207 1.03851
v -0.986747 0.390717 1.03847
v -0.995177 0.378449 1.05277
v -1.00371 0.37011 1.06383
v -0.998227 0.380439 1.05287
v -1.006 0.37358 1.06346
v -0.988568 0.391916 1.03889
v -1.00042 0.375338 1.06831
v -0.993122 0.382883 1.05736
v -0.994218 0.383568 1.05745
v -1.00149 0.37621 1.06844
v -0.984237 0.394784 1.0428
v -0.985299 0.395241 1.04285
v -0.986477 0.395378 1.04258
v -0.995484 0.383916 1.05715
v -1.00276 0.37676 1.06815
v -0.999508 0.373298 1.06698
v -0.992045 0.381068 1.0562
v -0.992375 0.38202 1.05692
v -0.999739 0.374333 1.0678
v -0.983059 0.393306 1.04181
v -0.983467 0.394118 1.04243
v -0.996716 0.3838 1.05651
v -1.00406 0.376823 1.06747
v -0.987575 0.395109 1.04201
v -0.993792 0.378687 1.05335
v -1.00118 0.371111 1.06313
v -0.992824 0.379187 1.05438
v -1.00108 0.370501 1.06565
v -0.992189 0.380089 1.05531
v -0.999816 0.372216 1.06606
v -0.983052 0.392413 1.04102
v -0.968022 0.426932 1.01258
v -0.963364 0.441139 1.00354
v -0.96358 0.441533 1.00391
v -0.968327 0.427303 1.01305
v -0.961294 0.448794 0.999434
v -0.961211 0.450377 0.999028
v -0.961827 0.449115 1.0001
v -0.964011 0.441566 1.00431
v -0.968836 0.427569 1.01337
v -0.974695 0.408996 1.02557
v -0.967929 0.42648 1.01202
v -0.974764 0.409682 1.02624
v -0.97919 0.410201 1.0259
v -0.979512 0.409542 1.02519
v -0.971445 0.42708 1.01255
v -0.971693 0.426628 1.01196
v -0.971667 0.426173 1.01138
v -0.979495 0.408855 1.02451
v -0.978499 0.407755 1.02363
v -0.977588 0.407446 1.02355
v -0.970824 0.425487 1.01058
v -0.970118 0.425316 1.01046
v -0.979151 0.408242 1.02396
v -0.971363 0.425783 1.0109
v -0.975811 0.410714 1.02709
v -0.9767 0.410983 1.02716
v -0.969528 0.427709 1.01348
v -0.970279 0.427681 1.01337
v -0.977666 0.411002 1.02697
v -0.975147 0.410268 1.02677
v -0.97854 0.41072 1.02652
v -0.970949 0.427454 1.01305
v -0.961056 0.453627 0.99659
v -0.961893 0.450525 0.999393
v -0.96095 0.449988 0.998307
v -0.961324 0.448268 0.998562
v -0.961378 0.449522 0.997588
v -0.962205 0.447838 0.997949
v -0.962295 0.449323 0.997345
v -0.963214 0.447849 0.998044
v -0.963075 0.449501 0.997706
v -0.963861 0.4482 0.998693
v -0.9633 0.449902 0.998438
v -0.963656 0.448718 0.999595
v -0.962773 0.450339 0.99916
v -0.9628 0.449108 1.00018
v -0.965222 0.44159 1.00439
v -0.965746 0.441536 1.00404
v -0.96623 0.441105 1.00368
v -0.964464 0.439921 1.00176
v -0.963799 0.440285 1.00199
v -0.96338 0.440463 1.0025
v -0.96322 0.440958 1.00296
v -0.966423 0.440909 1.00307
v -0.966462 0.440438 1.00261
v -0.965678 0.439975 1.00186
v -0.965056 0.440025 1.00164
v -0.966118 0.440315 1.0021
v -0.964544 0.441777 1.00437
v -1.0506 0.216851 1.1492
v -1.04919 0.216288 1.15291
v -1.04923 0.215828 1.15671
v -1.05733 0.218088 1.14463
v -1.05348 0.217447 1.14624
v -1.06089 0.216749 1.16446
v -1.06463 0.217289 1.16307
v -1.06642 0.230856 1.16671
v -1.06743 0.218107 1.16022
v -1.05059 0.215562 1.16003
v -1.05317 0.215593 1.16256
v -1.0568 0.216023 1.16411
v -1.069 0.219064 1.15257
v -1.0678 0.21932 1.14915
v -1.06525 0.219234 1.14646
v -1.06153 0.218755 1.1448
v -1.06886 0.218618 1.15641
v -1.09282 0.249565 1.22756
v -1.09491 0.249051 1.22623
v -1.08661 0.241876 1.21005
v -1.10156 0.259633 1.24344
v -1.10346 0.259026 1.24232
v -1.10523 0.259523 1.24088
v -1.09688 0.249807 1.22474
v -1.08871 0.242848 1.20858
v -1.07985 0.238672 1.19615
v -1.07442 0.237823 1.18438
v -1.08201 0.23974 1.1947
v -1.07661 0.238913 1.18296
v -1.07662 0.242582 1.18334
v -1.08191 0.243412 1.19496
v -1.07971 0.243729 1.1965
v -1.07443 0.242876 1.18491
v -1.0885 0.246448 1.20859
v -1.08633 0.246834 1.21006
v -1.08278 0.241717 1.19427
v -1.07744 0.240896 1.18259
v -1.08941 0.244758 1.20803
v -1.11224 0.270316 1.25437
v -1.11258 0.271389 1.25341
v -1.10574 0.260968 1.23997
v -1.11718 0.280833 1.26385
v -1.11737 0.28154 1.26294
v -1.11665 0.282367 1.26264
v -1.11177 0.272569 1.25325
v -1.10486 0.262457 1.24002
v -1.09254 0.252954 1.22714
v -1.09192 0.251215 1.22788
v -1.10119 0.262577 1.24258
v -1.10068 0.261127 1.24349
v -1.0975 0.25154 1.224
v -1.0966 0.253185 1.22432
v -1.09451 0.253704 1.22565
v -1.10296 0.263069 1.24114
v -1.11922 0.290608 1.26761
v -1.11821 0.291023 1.26804
v -1.11533 0.282817 1.26324
v -1.12002 0.295183 1.26945
v -1.11949 0.296231 1.27
v -1.11872 0.295399 1.27029
v -1.11736 0.2909 1.26883
v -1.11421 0.282689 1.26429
v -1.11014 0.273137 1.2541
v -1.10869 0.272859 1.25537
v -1.10916 0.270598 1.2565
v -1.11078 0.270034 1.25565
v -1.11474 0.281148 1.2655
v -1.11606 0.280702 1.2649
v -1.10834 0.271782 1.25634
v -1.11402 0.281978 1.2652
v -1.11911 0.294784 1.2711
v -1.11895 0.296008 1.27098
v -1.12004 0.297757 1.27093
v -1.11995 0.295526 1.27097
v -1.12048 0.29575 1.26999
v -1.1204 0.294569 1.27026
v -1.11787 0.289913 1.26993
v -1.11891 0.289676 1.26955
v -1.11973 0.289624 1.2687
v -1.11728 0.290549 1.26963
v -1.11984 0.290151 1.26795
v -1.05499 0.269887 1.15831
v -1.0572 0.270896 1.15939
v -1.05981 0.27211 1.16133
v -1.06518 0.271549 1.15147
v -1.06453 0.270783 1.14935
v -1.06301 0.269835 1.14775
v -1.06072 0.268756 1.14687
v -1.0581 0.267841 1.14693
v -1.06528 0.273005 1.15761
v -1.06512 0.27219 1.15406
v -1.05378 0.267351 1.14996
v -1.0528 0.267683 1.15232
v -1.05272 0.268269 1.15472
v -1.05565 0.267375 1.14804
v -1.06574 0.274112 1.17151
v -1.06898 0.276687 1.17865
v -1.0706 0.276371 1.17774
v -1.06738 0.273817 1.1706
v -1.07428 0.281763 1.18737
v -1.07577 0.281291 1.18652
v -1.07722 0.281891 1.18534
v -1.07209 0.27718 1.17653
v -1.06887 0.274646 1.16937
v -1.05347 0.269012 1.15679
v -1.07421 0.284629 1.18648
v -1.08304 0.293007 1.19648
v -1.08235 0.291897 1.1974
v -1.0737 0.283173 1.18731
v -1.09313 0.302229 1.20608
v -1.09233 0.301508 1.20708
v -1.09227 0.300238 1.2075
v -1.08259 0.29052 1.19764
v -1.06534 0.277114 1.17064
v -1.06865 0.279692 1.17784
v -1.06824 0.278098 1.17864
v -1.06495 0.275514 1.17147
v -1.07249 0.278768 1.17574
v -1.06924 0.27624 1.16854
v -1.07772 0.283342 1.18452
v -1.07712 0.284748 1.18447
v -1.07173 0.280173 1.17574
v -1.06845 0.277636 1.16852
v -1.07013 0.280495 1.17664
v -1.06682 0.277937 1.16942
v -1.07565 0.285225 1.18531
v -1.09426 0.298768 1.20596
v -1.10249 0.306106 1.2135
v -1.10326 0.306641 1.21265
v -1.09505 0.299495 1.20497
v -1.10716 0.310226 1.21724
v -1.10844 0.311313 1.21732
v -1.1077 0.311259 1.2162
v -1.10329 0.30762 1.21212
v -1.09509 0.30077 1.20455
v -1.0851 0.289806 1.19582
v -1.08578 0.290917 1.1949
v -1.08552 0.292295 1.19467
v -1.08376 0.289697 1.19695
v -1.0931 0.299129 1.207
v -1.08436 0.293118 1.19536
v -1.09427 0.301874 1.20505
v -1.10611 0.311382 1.2181
v -1.10719 0.312681 1.21834
v -1.10972 0.313421 1.21926
v -1.1075 0.311392 1.21846
v -1.10665 0.312408 1.21705
v -1.10813 0.312602 1.2172
v -1.10097 0.307666 1.21473
v -1.10167 0.306675 1.21444
v -1.10277 0.308739 1.21254
v -1.10179 0.309168 1.21333
v -1.10119 0.308772 1.21432
v -1.05296 0.302623 1.13107
v -1.05109 0.301483 1.13064
v -1.05129 0.306717 1.128
v -1.04946 0.305568 1.12759
v -1.04736 0.304771 1.12784
v -1.04895 0.30069 1.13089
v -1.05491 0.307932 1.13825
v -1.05468 0.306114 1.13547
v -1.05293 0.311269 1.13564
v -1.05294 0.310173 1.13234
v -1.05301 0.309077 1.13044
v -1.05472 0.304944 1.13358
v -1.04542 0.300904 1.13335
v -1.04462 0.301711 1.13511
v -1.04388 0.304999 1.13026
v -1.04309 0.30583 1.13199
v -1.04301 0.3069 1.13368
v -1.04455 0.302756 1.13685
v -1.04695 0.300515 1.13186
v -1.04539 0.304598 1.1288
v -1.05649 0.313479 1.15007
v -1.05943 0.317746 1.15533
v -1.06066 0.317287 1.15486
v -1.0578 0.313011 1.14956
v -1.06379 0.324541 1.16131
v -1.06492 0.324004 1.16088
v -1.06583 0.324227 1.15988
v -1.06161 0.317641 1.15381
v -1.05879 0.313398 1.14846
v -1.04516 0.303869 1.13828
v -1.04361 0.308034 1.13508
v -1.04483 0.309173 1.13604
v -1.04641 0.304986 1.13927
v -1.04823 0.306181 1.1399
v -1.04667 0.310281 1.13665
v -1.04948 0.311372 1.13803
v -1.05051 0.308038 1.1413
v -1.05419 0.303808 1.1321
v -1.0525 0.307916 1.12899
v -1.06522 0.326255 1.15836
v -1.07204 0.336318 1.1651
v -1.07107 0.337058 1.16545
v -1.0641 0.326793 1.15879
v -1.08019 0.347965 1.17137
v -1.07939 0.348859 1.17163
v -1.07859 0.349159 1.17256
v -1.0702 0.337106 1.16643
v -1.06321 0.32657 1.15978
v -1.05565 0.315762 1.14845
v -1.05866 0.319913 1.1538
v -1.05864 0.318849 1.15485
v -1.05564 0.314635 1.14956
v -1.06312 0.325614 1.16081
v -1.06162 0.318705 1.15277
v -1.05879 0.314524 1.14736
v -1.0659 0.325182 1.15886
v -1.06082 0.319808 1.1523
v -1.05793 0.31568 1.14686
v -1.05959 0.320267 1.15277
v -1.05663 0.316149 1.14735
v -1.08017 0.346382 1.17313
v -1.08782 0.357069 1.17754
v -1.08818 0.357562 1.1766
v -1.08049 0.346949 1.17203
v -1.09235 0.363348 1.17954
v -1.09335 0.364795 1.17926
v -1.09235 0.364151 1.17837
v -1.08787 0.358275 1.17594
v -1.06998 0.336332 1.16751
v -1.07827 0.348595 1.17366
v -1.07856 0.347582 1.17432
v -1.07045 0.335262 1.1681
v -1.0723 0.334471 1.16676
v -1.07252 0.335247 1.16569
v -1.07142 0.33452 1.16774
v -1.07936 0.346686 1.17406
v -1.09144 0.364225 1.18022
v -1.09227 0.365834 1.18006
v -1.09473 0.367681 1.18043
v -1.09282 0.36485 1.18037
v -1.09145 0.365025 1.17904
v -1.0928 0.36578 1.17896
v -1.08652 0.358264 1.17851
v -1.08725 0.357557 1.17836
v -1.08733 0.359202 1.17616
v -1.08658 0.359465 1.1769
v -1.0864 0.359197 1.17792
v -1.0463 0.318436 1.11869
v -1.0448 0.321945 1.11594
v -1.04292 0.320632 1.11509
v -1.04438 0.317194 1.11793
v -1.04394 0.323939 1.1144
v -1.04214 0.322691 1.11379
v -1.03881 0.320797 1.11129
v -1.03954 0.318531 1.11139
v -1.04068 0.315709 1.11481
v -1.04688 0.322816 1.12425
v -1.0454 0.326428 1.12146
v -1.04619 0.325512 1.11975
v -1.04772 0.321975 1.12259
v -1.04489 0.329188 1.12054
v -1.04533 0.327552 1.11817
v -1.04546 0.326344 1.11651
v -1.04636 0.324364 1.11811
v -1.0479 0.320855 1.12094
v -1.03724 0.315957 1.11723
v -1.03524 0.318835 1.1144
v -1.03677 0.320927 1.11933
v -1.03823 0.317478 1.12217
v -1.03542 0.321053 1.11366
v -1.0361 0.322993 1.11794
v -1.03615 0.324197 1.11972
v -1.03696 0.322192 1.1213
v -1.03836 0.318667 1.12413
v -1.03144 0.313756 1.10478
v -1.03056 0.315248 1.10431
v -1.02465 0.310281 1.09123
v -1.02396 0.311617 1.0911
v -1.02417 0.312901 1.09032
v -1.03071 0.316598 1.10336
v -1.04362 0.322949 1.12647
v -1.04217 0.326578 1.12365
v -1.044 0.326796 1.12287
v -1.04544 0.323172 1.12561
v -1.04162 0.329371 1.12275
v -1.04372 0.329308 1.12248
v -1.03748 0.323359 1.12255
v -1.0389 0.319838 1.12542
v -1.03666 0.325355 1.12093
v -1.03776 0.326536 1.12175
v -1.03861 0.324545 1.1234
v -1.04005 0.321017 1.1263
v -1.04025 0.325701 1.12378
v -1.04172 0.322144 1.12668
v -1.0394 0.327756 1.1222
v -1.04591 0.323159 1.1168
v -1.04743 0.319656 1.1196
v -1.04502 0.325143 1.11523
v -1.04284 0.326227 1.11262
v -1.04119 0.325079 1.1123
v -1.03915 0.324223 1.11237
v -1.04428 0.331292 1.1186
v -1.04423 0.329794 1.11631
v -1.04432 0.328623 1.11468
v -1.03588 0.324473 1.11462
v -1.03522 0.325396 1.11639
v -1.03512 0.3265 1.11789
v -1.03724 0.324055 1.11312
v -1.03632 0.320848 1.11106
v -1.04486 0.336939 1.1284
v -1.04711 0.342544 1.13306
v -1.04822 0.342198 1.13284
v -1.0461 0.336534 1.12812
v -1.05074 0.35099 1.13709
v -1.0517 0.350623 1.13694
v -1.05233 0.350616 1.13605
v -1.04894 0.342342 1.13186
v -1.04691 0.336765 1.12704
v -1.03561 0.327659 1.11908
v -1.03668 0.328827 1.11988
v -1.03828 0.330012 1.12035
v -1.0402 0.331526 1.12136
v -1.0439 0.327435 1.11343
v -1.05761 0.362113 1.13803
v -1.05748 0.362349 1.13688
v -1.05217 0.351027 1.13488
v -1.06348 0.374143 1.13773
v -1.06337 0.374236 1.13662
v -1.06282 0.374731 1.13581
v -1.05683 0.362866 1.13606
v -1.05141 0.351577 1.1341
v -1.04372 0.338637 1.12627
v -1.04608 0.343852 1.13103
v -1.04625 0.343236 1.13227
v -1.0439 0.337821 1.12759
v -1.04983 0.351951 1.13512
v -1.04999 0.351541 1.1363
v -1.04576 0.33846 1.12492
v -1.0479 0.343649 1.12984
v -1.04679 0.343996 1.13006
v -1.04452 0.338866 1.1252
v -1.05045 0.351944 1.13424
v -1.04876 0.342958 1.13063
v -1.04671 0.337579 1.12572
v -1.06769 0.383913 1.1341
v -1.06716 0.384589 1.13407
v -1.06211 0.375376 1.13584
v -1.07028 0.388687 1.13278
v -1.0704 0.389945 1.13253
v -1.06962 0.389459 1.13321
v -1.06675 0.384963 1.13472
v -1.06165 0.375801 1.13659
v -1.05623 0.362868 1.13894
v -1.05706 0.362349 1.13886
v -1.06231 0.375219 1.13851
v -1.06302 0.374571 1.13848
v -1.056 0.363383 1.13614
v -1.05546 0.363618 1.13696
v -1.05559 0.363384 1.13812
v -1.06176 0.375711 1.1377
v -1.07007 0.389267 1.13438
v -1.07028 0.390301 1.13348
v -1.07172 0.39166 1.13248
v -1.07095 0.38974 1.13391
v -1.07107 0.389383 1.13297
v -1.07073 0.388492 1.13394
v -1.06692 0.385063 1.13563
v -1.06734 0.384601 1.13637
v -1.06828 0.383545 1.13574
v -1.06821 0.383619 1.13477
v -1.06797 0.384093 1.13633
v -1.02071 0.353258 1.09211
v -1.01984 0.354166 1.09339
v -1.01781 0.356055 1.08805
v -1.01696 0.356973 1.08933
v -1.01665 0.358142 1.09054
v -1.01953 0.355329 1.09461
v -1.02363 0.352953 1.09015
v -1.02206 0.352806 1.09096
v -1.02067 0.35576 1.08613
v -1.01913 0.355604 1.08692
v -1.02458 0.367036 1.09919
v -1.02488 0.377139 1.10173
v -1.02612 0.37687 1.10152
v -1.0259 0.366735 1.09894
v -1.02556 0.39133 1.10319
v -1.02669 0.391012 1.10304
v -1.02724 0.390855 1.10212
v -1.02677 0.376897 1.1005
v -1.0266 0.366833 1.09786
v -1.01975 0.356555 1.09558
v -1.01687 0.359358 1.09149
v -1.01759 0.360536 1.09208
v -1.02049 0.357757 1.09618
v -1.02164 0.358936 1.09637
v -1.0188 0.361603 1.09232
v -1.02066 0.36243 1.09276
v -1.02273 0.36033 1.09643
v -1.02717 0.357427 1.09161
v -1.02701 0.356191 1.09062
v -1.02412 0.360211 1.0876
v -1.02397 0.358999 1.08663
v -1.0233 0.357746 1.086
v -1.02632 0.354926 1.08999
v -1.02513 0.353748 1.08982
v -1.02214 0.356565 1.08582
v -1.02635 0.360047 1.09398
v -1.02685 0.35863 1.09283
v -1.02348 0.362208 1.09085
v -1.02383 0.361307 1.08889
v -1.02402 0.391757 1.10112
v -1.02535 0.407769 1.0993
v -1.02589 0.407913 1.10045
v -1.02448 0.391632 1.10236
v -1.02795 0.423048 1.09363
v -1.02856 0.423385 1.0946
v -1.02954 0.423216 1.09533
v -1.02695 0.407693 1.10126
v -1.02494 0.367902 1.09562
v -1.02518 0.377686 1.09834
v -1.02395 0.377954 1.09854
v -1.02364 0.368202 1.09586
v -1.02568 0.391287 1.10005
v -1.02456 0.391602 1.10019
v -1.02331 0.377926 1.09956
v -1.02296 0.368101 1.09694
v -1.02632 0.377246 1.09919
v -1.02615 0.36733 1.09649
v -1.02678 0.390982 1.10088
v -1.02374 0.377577 1.10088
v -1.0234 0.367606 1.09831
v -1.03331 0.434854 1.08638
v -1.03396 0.434378 1.08627
v -1.03035 0.422568 1.09533
v -1.03599 0.440652 1.0798
v -1.03684 0.441343 1.07844
v -1.03641 0.439783 1.07953
v -1.03399 0.433601 1.08594
v -1.03056 0.421859 1.09468
v -1.02794 0.407192 1.10118
v -1.02832 0.406719 1.10038
v -1.02671 0.406802 1.09843
v -1.02573 0.4073 1.0985
v -1.02896 0.421701 1.09298
v -1.02815 0.422344 1.09298
v -1.02777 0.406579 1.09924
v -1.02995 0.421526 1.0937
v -1.03606 0.441748 1.07813
v -1.03748 0.443572 1.07528
v -1.03506 0.44048 1.07898
v -1.03575 0.441142 1.0775
v -1.03547 0.439615 1.07871
v -1.03653 0.440737 1.07782
v -1.03265 0.433381 1.08467
v -1.03212 0.434071 1.08453
v -1.03197 0.434626 1.08511
v -1.0335 0.43337 1.0851
v -1.03257 0.435079 1.0857
v -1.01311 0.359923 1.08165
v -1.01233 0.360885 1.08299
v -1.00772 0.363952 1.07431
v -1.0075 0.364967 1.07646
v -1.00728 0.366137 1.07774
v -1.01205 0.36207 1.08422
v -1.01589 0.359646 1.07976
v -1.01445 0.359405 1.08059
v -1.01048 0.363673 1.07241
v -1.00978 0.362713 1.07414
v -1.01553 0.366135 1.08564
v -1.01689 0.366351 1.08483
v -1.02144 0.363209 1.09101
v -1.01061 0.370066 1.07906
v -1.01197 0.370223 1.07834
v -1.01315 0.369886 1.07732
v -1.01817 0.365945 1.08384
v -1.01226 0.363271 1.08517
v -1.00749 0.367306 1.07865
v -1.00818 0.368414 1.07921
v -1.01297 0.364415 1.08574
v -1.01412 0.365432 1.0859
v -1.00928 0.369401 1.07936
v -1.01928 0.364103 1.08139
v -1.01914 0.362925 1.08044
v -1.01427 0.368115 1.075
v -1.01413 0.366973 1.07407
v -1.01351 0.365775 1.07345
v -1.01849 0.361691 1.07981
v -1.01735 0.3605 1.07957
v -1.01237 0.364602 1.07311
v -1.01895 0.365153 1.08258
v -1.01393 0.369134 1.07614
v -1.00442 0.366846 1.07067
v -1.00409 0.368049 1.07193
v -1.00385 0.369167 1.07305
v -1.00422 0.363903 1.06316
v -1.0018 0.359609 1.05755
v -1.00312 0.357958 1.05823
v -1.00567 0.362387 1.06409
v -0.997258 0.355595 1.0489
v -0.998395 0.353802 1.04923
v -0.998877 0.352027 1.05004
v -1.00375 0.356355 1.0594
v -1.0064 0.360941 1.06553
v -1.00708 0.37295 1.07433
v -1.00841 0.373094 1.07363
v -1.00955 0.372755 1.07263
v -1.00405 0.370276 1.07393
v -1.00472 0.371351 1.07448
v -1.00578 0.372309 1.07462
v -1.01066 0.371009 1.07036
v -1.01052 0.369898 1.06945
v -1.00992 0.368765 1.06886
v -1.0089 0.367654 1.06861
v -1.00782 0.366495 1.06831
v -1.01032 0.372011 1.07148
v -0.995524 0.355644 1.05019
v -0.988272 0.354072 1.03846
v -0.988888 0.354796 1.03775
v -0.99609 0.356288 1.04933
v -0.978922 0.355676 1.02466
v -0.979591 0.356439 1.02411
v -0.980546 0.355783 1.02344
v -0.989951 0.354106 1.03719
v -1.00319 0.355809 1.06041
v -1.00584 0.360481 1.06666
v -0.998299 0.351384 1.05091
v -0.997118 0.352078 1.05135
v -1.00191 0.356484 1.06073
v -1.00448 0.36113 1.06689
v -1.00233 0.364089 1.0645
v -0.999984 0.359736 1.05887
v -1.00053 0.360283 1.05786
v -1.00287 0.364551 1.06338
v -1.0006 0.358134 1.06005
v -1.00305 0.362645 1.06595
v -0.995994 0.35387 1.05102
v -0.979675 0.351889 1.02433
v -0.968833 0.35715 1.00891
v -0.968349 0.358892 1.00954
v -0.978992 0.353762 1.02473
v -0.957654 0.36625 0.992312
v -0.95733 0.367733 0.99303
v -0.957514 0.369278 0.993373
v -0.968442 0.360692 1.00975
v -0.990869 0.352226 1.03713
v -0.981241 0.35391 1.02303
v -0.981322 0.351997 1.02309
v -0.991154 0.350333 1.03755
v -0.989451 0.350299 1.03884
v -0.988545 0.352179 1.03889
v -0.990526 0.349608 1.03827
v -0.980642 0.351233 1.02365
v -0.947352 0.37805 0.975416
v -0.947031 0.379317 0.975834
v -0.941305 0.386345 0.964809
v -0.940048 0.388678 0.963099
v -0.941312 0.387837 0.965501
v -0.947332 0.380322 0.976387
v -0.970384 0.357305 1.00775
v -0.969684 0.356564 1.00817
v -0.959018 0.366417 0.99131
v -0.958364 0.365766 0.991611
v -0.96913 0.361432 1.00933
v -0.958158 0.369929 0.993079
v -0.958858 0.369444 0.992384
v -0.96997 0.360845 1.0086
v -0.970466 0.359104 1.00796
v -0.959192 0.367962 0.99166
v -0.942006 0.386444 0.964305
v -0.940856 0.388793 0.962517
v -0.937924 0.392083 0.958409
v -0.940448 0.387873 0.962399
v -0.942004 0.387935 0.965002
v -0.940456 0.389598 0.963217
v -0.948403 0.378193 0.974653
v -0.947763 0.377862 0.974647
v -0.947726 0.380967 0.975985
v -0.948368 0.380463 0.975634
v -0.948459 0.379511 0.974798
v -1.05046 0.31498 1.12568
v -1.04996 0.313798 1.12428
v -1.04879 0.312585 1.12333
v -1.04244 0.315109 1.13116
v -1.04418 0.316215 1.1316
v -1.0462 0.317049 1.13153
v -1.04068 0.312792 1.12889
v -1.04125 0.313947 1.13024
v -1.04805 0.31738 1.13065
v -1.05116 0.312724 1.13666
v -1.04952 0.316936 1.12925
v -1.04475 0.310522 1.1228
v -1.04277 0.310219 1.12364
v -1.03865 0.314311 1.11553
v -1.04133 0.31075 1.12518
v -1.04072 0.311682 1.12717
v -1.05029 0.316077 1.12741
v -1.04696 0.311411 1.12286
v -1.02705 0.310144 1.0895
v -1.01945 0.308156 1.075
v -1.0184 0.307724 1.07593
v -1.02594 0.309721 1.09054
v -1.01112 0.307774 1.0599
v -1.01014 0.307343 1.06072
v -1.00907 0.307811 1.06141
v -1.01722 0.308241 1.07663
v -1.03182 0.316955 1.10214
v -1.02527 0.313323 1.08929
v -1.02655 0.312763 1.0886
v -1.03326 0.316407 1.10154
v -1.03406 0.31499 1.10182
v -1.02725 0.311427 1.08873
v -1.03401 0.313566 1.10294
v -1.03283 0.313051 1.10407
v -1.01086 0.310172 1.05956
v -1.00194 0.311013 1.0446
v -1.00239 0.30985 1.04438
v -1.01137 0.308966 1.05945
v -0.993104 0.313125 1.03081
v -0.993501 0.312027 1.03053
v -0.993221 0.310915 1.03075
v -1.00212 0.308684 1.04471
v -1.01687 0.31077 1.07601
v -1.01791 0.311201 1.07508
v -1.00883 0.310211 1.06106
v -1.00979 0.310642 1.06024
v -1.01908 0.310683 1.07439
v -1.01968 0.309403 1.07439
v -1.01663 0.309522 1.07662
v -1.00856 0.309018 1.06152
v -0.985565 0.314198 1.01974
v -0.98473 0.313867 1.02018
v -0.992334 0.310481 1.03142
v -0.981125 0.31669 1.01397
v -0.979776 0.316996 1.01325
v -0.980025 0.316646 1.01479
v -0.98403 0.314146 1.02089
v -0.991407 0.310878 1.03211
v -1.00018 0.308679 1.04615
v -0.999734 0.309843 1.04636
v -0.991018 0.311977 1.03239
v -0.991306 0.313091 1.03216
v -1.00002 0.31101 1.04603
v -1.00118 0.308244 1.04545
v -1.00095 0.311449 1.04529
v -0.992185 0.313523 1.0315
v -0.980408 0.317827 1.01285
v -0.978076 0.318756 1.01101
v -0.981087 0.318043 1.01412
v -0.979738 0.318605 1.01344
v -0.979993 0.318001 1.01494
v -0.979105 0.317774 1.01383
v -0.983973 0.316034 1.02104
v -0.984645 0.316453 1.02039
v -0.985497 0.316083 1.01989
v -0.985736 0.315194 1.01949
v -0.983638 0.315125 1.02107
v -1.02561 0.144306 1.00231
v -1.00589 0.363741 1.07043
v -1.0042 0.365348 1.06909
v -1.00318 0.366928 1.06715
v -1.00364 0.367415 1.06578
v -1.00519 0.366696 1.06575
v -1.00794 0.363515 1.06901
v -1.0074 0.363027 1.0703
v -1.00697 0.365042 1.06716
v -1.0226 0.363286 1.09522
v -1.0232 0.36254 1.09686
v -1.0246 0.361598 1.09801
v -1.02676 0.361396 1.09657
v -1.02612 0.362267 1.0949
v -1.02473 0.363087 1.09379
v -1.02329 0.363496 1.09399
v -1.02609 0.36114 1.09785
v -1.06585 0.276151 1.16227
v -1.06414 0.276643 1.16315
v -1.06264 0.275627 1.16447
v -1.06649 0.272423 1.16348
v -1.06678 0.274372 1.16253
v -1.06236 0.273638 1.16555
v -1.06321 0.271874 1.16572
v -1.06498 0.271456 1.16485
v -1.07213 0.238016 1.17272
v -1.07302 0.240487 1.17243
v -1.07221 0.24255 1.17317
v -1.06997 0.24297 1.17485
v -1.06765 0.241704 1.17626
v -1.06755 0.237151 1.17582
v -1.06986 0.236678 1.17425
v -1.06679 0.239318 1.17666
v -1.05542 0.312387 1.14165
v -1.05399 0.313 1.14217
v -1.05292 0.312475 1.14339
v -1.05654 0.309385 1.14375
v -1.05643 0.310934 1.14238
v -1.053 0.311051 1.14477
v -1.05401 0.309465 1.14551
v -1.05552 0.308836 1.14509
v -1.04547 0.332677 1.1232
v -1.04522 0.333762 1.12173
v -1.04402 0.335093 1.12067
v -1.04256 0.335742 1.12094
v -1.04171 0.335271 1.12222
v -1.04206 0.334002 1.12385
v -1.04315 0.332851 1.12476
v -1.04456 0.332412 1.12443
v -1.0401 0.0594395 1.20189
v -1.04128 0.0582441 1.20569
v -1.05249 0.0531917 1.20811
v -1.04248 0.0582056 1.19985
v -1.03991 0.0581227 1.20905
v -1.0424 0.057016 1.21224
v -1.04267 0.0570283 1.21642
v -1.04565 0.0557836 1.2181
v -1.04704 0.0548576 1.22206
v -1.05032 0.0532586 1.22186
v -1.05371 0.0514731 1.22431
v -1.05721 0.0500721 1.22124
v -1.06157 0.0481788 1.22056
v -1.06246 0.0481934 1.21609
v -1.06494 0.0474107 1.21368
v -1.06359 0.0483884 1.20998
v -1.06479 0.048274 1.20679
v -1.06251 0.0495938 1.20381
v -1.06262 0.0500683 1.19975
v -1.05984 0.0513394 1.19819
v -1.05848 0.0519737 1.19446
v -1.05483 0.0528464 1.19486
v -1.05107 0.0539117 1.19263
v -1.04744 0.0552864 1.19551
v -1.04312 0.0574631 1.19587
v -1.04063 0.0590013 1.19281
v -1.03832 0.0608091 1.19649
v -1.03931 0.0628865 1.19074
v -1.03673 0.0650449 1.19506
v -1.03574 0.0658421 1.19989
v -1.03719 0.0615347 1.20045
v -1.04044 0.0584772 1.21869
v -1.04299 0.0573212 1.22242
v -1.03985 0.0624459 1.22091
v -1.0427 0.0610533 1.22527
v -1.04605 0.0590809 1.22878
v -1.04583 0.0557015 1.22566
v -1.04951 0.0537334 1.2278
v -1.05022 0.0566878 1.23134
v -1.05537 0.0538734 1.23206
v -1.05408 0.0514742 1.22863
v -1.0681 0.0462021 1.21507
v -1.06823 0.0465949 1.21079
v -1.07069 0.046663 1.21642
v -1.07087 0.0469221 1.21154
v -1.07023 0.0476312 1.20665
v -1.06788 0.0472167 1.20655
v -1.06002 0.0519542 1.19101
v -1.05588 0.0529763 1.18918
v -1.06096 0.0533799 1.1887
v -1.05628 0.0549185 1.18631
v -1.05054 0.0569542 1.18567
v -1.05078 0.0543746 1.18854
v -1.04526 0.0565435 1.19011
v -1.04435 0.0598704 1.18734
v -1.06413 0.0471409 1.22379
v -1.06681 0.0463252 1.21946
v -1.06649 0.0482112 1.22644
v -1.06948 0.0469396 1.22157
v -1.05938 0.0490949 1.22694
v -1.06131 0.0507709 1.23024
v -1.06664 0.0482698 1.20208
v -1.06885 0.048771 1.20145
v -1.06688 0.0502139 1.19641
v -1.06511 0.0494656 1.19765
v -1.0629 0.0507962 1.19405
v -1.06438 0.051804 1.19212
v -1.03687 0.0596897 1.20942
v -1.03838 0.0590039 1.21413
v -1.03562 0.0639826 1.21025
v -1.03731 0.0632206 1.21574
v -1.03677 0.0607669 1.20483
v -1.03525 0.0651618 1.20496
v -1.08414 0.0586708 1.21076
v -1.08833 0.0607795 1.2116
v -1.08344 0.0613467 1.20411
v -1.07998 0.0594264 1.20355
v -1.07801 0.0627928 1.19673
v -1.07536 0.061052 1.19646
v -1.08987 0.0603473 1.22458
v -1.09546 0.0630595 1.22591
v -1.09262 0.0612348 1.2185
v -1.0877 0.0589437 1.21741
v -1.03935 0.102129 1.22582
v -1.04069 0.111747 1.22695
v -1.04584 0.111045 1.23608
v -1.04353 0.10129 1.23423
v -1.05167 0.108945 1.24427
v -1.04845 0.0992938 1.24186
v -1.03455 0.0995276 1.20927
v -1.03407 0.10746 1.20936
v -1.03674 0.110601 1.21789
v -1.03641 0.101523 1.21752
v -1.07312 0.0819053 1.25401
v -1.07937 0.0894791 1.25692
v -1.08717 0.0808634 1.25204
v -1.08064 0.0745796 1.24953
v -1.0932 0.0725986 1.24411
v -1.08671 0.0677399 1.24209
v -1.05934 0.0927072 1.25208
v -1.06425 0.101763 1.2551
v -1.07153 0.0964473 1.25761
v -1.06586 0.0879683 1.25453
v -1.04858 0.0771002 1.18133
v -1.04788 0.0796306 1.1814
v -1.03995 0.0874554 1.18628
v -1.04099 0.0842441 1.18552
v -1.03449 0.0954728 1.19387
v -1.03562 0.0911091 1.19273
v -1.06403 0.0667585 1.18539
v -1.06476 0.0684889 1.18525
v -1.05652 0.0732697 1.18156
v -1.05661 0.0712319 1.18177
v -1.03287 0.102324 1.20154
v -1.03384 0.0961791 1.2009
v -1.0959 0.0666753 1.23483
v -1.08974 0.0630748 1.23321
v -1.05773 0.105861 1.25062
v -1.05365 0.0964372 1.24782
v -1.07188 0.0650925 1.19041
v -1.07019 0.0634421 1.19038
v -1.06847 0.0528779 1.19582
v -1.06554 0.0548316 1.191
v -1.07034 0.0562274 1.1957
v -1.06683 0.058501 1.1904
v -1.06238 0.0612848 1.18604
v -1.06167 0.0570127 1.1871
v -1.04104 0.0709575 1.22403
v -1.0443 0.0691886 1.22881
v -1.04324 0.0813251 1.22895
v -1.04701 0.0791326 1.23414
v -1.05126 0.0761982 1.23808
v -1.04805 0.0667591 1.23257
v -1.06971 0.0520991 1.22936
v -1.07266 0.0500441 1.22391
v -1.07426 0.0574299 1.23319
v -1.07717 0.0544644 1.22684
v -1.07795 0.0531068 1.2203
v -1.07371 0.0492977 1.21817
v -1.0387 0.0708648 1.18937
v -1.03623 0.0734856 1.19459
v -1.03807 0.0798374 1.1892
v -1.03584 0.0830609 1.19555
v -1.03552 0.084473 1.20236
v -1.03548 0.0744925 1.20033
v -1.05651 0.0594839 1.18427
v -1.05664 0.0647327 1.1828
v -1.04999 0.0692033 1.18187
v -1.05035 0.0626963 1.18342
v -1.04385 0.0668642 1.18534
v -1.04323 0.0747295 1.18426
v -1.05264 0.0637303 1.23523
v -1.05634 0.0724846 1.24074
v -1.0623 0.0678205 1.24111
v -1.05817 0.0600231 1.23587
v -1.06439 0.055771 1.23368
v -1.06881 0.0623272 1.23833
v -1.0353 0.0740589 1.20611
v -1.03586 0.0845518 1.20897
v -1.03714 0.0838562 1.21562
v -1.03601 0.0730112 1.21205
v -1.0381 0.0720798 1.21823
v -1.03977 0.0828239 1.22252
v -1.07363 0.0493182 1.21273
v -1.07736 0.0527345 1.21427
v -1.07575 0.0531907 1.20829
v -1.07265 0.0499731 1.20726
v -1.07087 0.0512089 1.20145
v -1.07334 0.0544101 1.20191
v -1.07271 0.0589499 1.196
v -1.06842 0.0613538 1.19026
v -1.06319 0.0645012 1.18555
v -1.04572 0.0905449 1.2358
v -1.05014 0.0879842 1.24138
v -1.05506 0.0846231 1.24548
v -1.08017 0.0627108 1.23794
v -1.08318 0.0589475 1.23024
v -1.08367 0.0569505 1.22257
v -1.03695 0.0864129 1.19069
v -1.03497 0.0903468 1.19825
v -1.03517 0.0924691 1.20614
v -1.05665 0.0685953 1.18206
v -1.04934 0.0739259 1.1813
v -1.04219 0.0804133 1.18454
v -1.06081 0.0803696 1.24803
v -1.06738 0.0749831 1.24794
v -1.07439 0.0685624 1.24428
v -1.03622 0.0933899 1.21366
v -1.03825 0.0933138 1.22111
v -1.04159 0.092339 1.22876
v -1.08233 0.056066 1.21591
v -1.07976 0.0561538 1.20955
v -1.07649 0.0571712 1.2027
vt 0 0.1275
vt 0 0.1911
vt 0 0.1133
vt 0 0.1898
vt 0 0.1436
vt 0 0.1907
vt 0 0.1436
vt 0 0.1907
vt 0 0.1277
vt 0 0.1437
vt 0 0.1907
vt 0 0.1133
vt 0 0.1898
vt 0 0.1436
vt 0 0.1907
vt 0 0.1437
vt 0 0.1911
vt 0 0.1439
vt 0 0.1596
vt 0 0.1898
vt 0 0.1282
vt 0 0.09709
vt 0 0.1436
vt 0 0.1003
vt 0 0.1436
vt 0 0.185
vt 0 0.1598
vt 0 0.1596
vt 0 0.1911
vt 0 0.1282
vt 0 0.1898
vt 0 0.1911
vt 0 0.1585
vt 0 0.1436
vt 0 0.185
vt 0 0.09589
vt 0 0.09683
vt 0 0.1898
vt 0 0.1436
vt 0 0.1437
vt 0 0.1911
vt 0 0.09589
vt 0 0.185
vt 0 0.1277
vt 0 0.1898
vt 0 0.1292
vt 0 0.1914
vt 0 0.1439
vt 0 0.1914
vt 0 0.09622
vt 0 0.1911
vt 0 0.1907
vt 0 0.09622
vt 0 0.1438
vt 0 0.1907
vt 0 0.1591
vt 0 0.1911
vt 0 0.1249
vt 0 0.1911
vt 0 0.09589
vt 0 0.08105
vt 0 0.1914
vt 0 0.1438
vt 0 0.2006
vt 0 0.1249
vt 0 0.1436
vt 0 0.1914
vt 0 0.09589
vt 0 0.08763
vt 0 0.185
vt 0 0.1282
vt 0 0.1437
vt 0 0.185
vt 0 0.09622
vt 0 0.185
vt 0 0.1591
vt 0 0.09644
vt 0 0.1591
vt 0 0.1898
vt 0 0.1436
vt 0 0.2046
vt 0 0.1911
vt 0 0.09622
vt 0 0.2036
vt 0 0.1591
vt 0 0.09644
vt 0 0.1283
vt 0 0.191
vt 0 0.1704
vt 0 0.1436
vt 0 0.1009
vt 0 0.09622
vt 0 0.187
vt 0 0.1436
vt 0 0.1908
vt 0 0.1589
vt 0 0.1866
vt 0 0.1436
vt 0 0.1902
vt 0 0.1911
vt 0 0.09622
vt 0 0.2037
vt 0 0.1436
vt 0 0.1914
vt 0 0.1434
vt 0 0.191
vt 0 0.1862
vt 0 0.2038
vt 0 0.1013
vt 0 0.09654
vt 0 0.1878
vt 0 0.1723
vt 0 0.1664
vt 0 0.1862
vt 0 0.09683
vt 0 0.09654
vt 0 0.1878
vt 0 0.1598
vt 0 0.191
vt 0 0.1295
vt 0 0.1226
vt 0 0.1902
vt 0 0.1436
vt 0 0.1907
vt 0 0.09622
vt 0 0.09644
vt 0 0.1436
vt 0 0.1003
vt 0 0.1436
vt 0 0.1905
vt 0 0.1436
vt 0 0.1007
vt 0 0.09622
vt 0 0.1598
vt 0 0.1866
vt 0 0.1434
vt 0 0.1908
vt 0 0.1911
vt 0 0.09654
vt 0 0.1905
vt 0 0.1907
vt 0 0.09654
vt 0 0.1282
vt 0 0.191
vt 0 0.1574
vt 0 0.1914
vt 0 0.1282
vt 0 0.1907
vt 0 0.1907
vt 0 0.1908
vt 0 0.191
vt 0 0.1436
vt 0 0.1866
vt 0 0.1589
vt 0 0.1898
vt 0 0.1907
vt 0 0.1864
vt 0 0.09654
vt 0 0.1911
vt 0 0.1275
vt 0 0.1898
vt 0 0.1591
vt 0 0.1905
vt 0 0.09622
vt 0 0.1911
vt 0 0.1436
vt 0 0.191
vt 0 0.1436
vt 0 0.1823
vt 0 0.1275
vt 0 0.09654
vt 0 0.1907
vt 0 0.1898
vt 0 0.1438
vt 0 0.1907
vt 0 0.1275
vt 0 0.1736
vt 0 0.1436
vt 0 0.09622
vt 0 0.1907
vt 0 0.1589
vt 0 0.09622
vt 0 0.1911
vt 0 0.1436
vt 0 0.186
vt 0 0.1598
vt 0 0.1591
vt 0 0.1907
vt 0 0.1911
vt 0 0.1591
vt 0 0.1022
vt 0 0.1598
vt 0 0.1736
vt 0 0.1282
vt 0 0.09589
vt 0 0.1911
vt 0 0.08763
vt 0 0.1223
vt 0 0.1911
vt 0 0.1275
vt 0 0.1125
vt 0 0.1436
vt 0 0.09622
vt 0 0.1911
vt 0 0.1661
vt 0 0.174
vt 0 0.1436
vt 0 0.1707
vt 0 0.1898
vt 0 0.1914
vt 0 0.09675
vt 0 0.1436
vt 0 0.1806
vt 0 0.1914
vt 0 0.1589
vt 0 0.1275
vt 0 0.1736
vt 0 0.1661
vt 0 0.09589
vt 0 0.1911
vt 0 0.1898
vt 0 0.1662
vt 0 0.1898
vt 0 0.1275
vt 0 0.1598
vt 0 0.1911
vt 0 0.09675
vt 0 0.1005
vt 0 0.185
vt 0 0.1598
vt 0 0.1438
vt 0 0.09589
vt 0 0.1914
vt 0 0.1736
vt 0 0.1439
vt 0 0.1574
vt 0 0.1277
vt 0 0.1436
vt 0 0.1914
vt 0 0.1845
vt 0 0.1707
vt 0 0.1125
vt 0 0.1436
vt 0 0.09625
vt 0 0.185
vt 0 0.1215
vt 0 0.1911
vt 0 0.1436
vt 0 0.1007
vt 0 0.1376
vt 0 0.09589
vt 0 0.185
vt 0 0.08105
vt 0 0.1437
vt 0 0.1121
vt 0 0.1436
vt 0 0.1154
vt 0 0.1497
vt 0 0.1898
vt 0 0.08733
vt 0 0.1898
vt 0 0.1436
vt 0 0.09622
vt 0 0.1436
vt 0 0.1898
vt 0 0.0933
vt 0 0.1277
vt 0 0.1275
vt 0 0.09622
vt 0 0.1436
vt 0 0.185
vt 0 0.1898
vt 0 0.1907
vt 0 0.1243
vt 0 0.1892
vt 0 0.1264
vt 0 0.09625
vt 0 0.185
vt 0 0.1438
vt 0 0.1013
vt 0 0.1243
vt 0 0.1845
vt 0 0.1898
vt 0 0.1892
vt 0 0.1898
vt 0 0.1121
vt 0 0.1437
vt 0 0.185
vt 0 0.1436
vt 0 0.09625
vt 0 0.1898
vt 0 0.1914
vt 0 0.1627
vt 0 0.1914
vt 0 0.1591
vt 0 0.1907
vt 0 0.1437
vt 0 0.1898
vt 0 0.1845
vt 0 0.1437
vt 0 0.1852
vt 0 0.1007
vt 0 0.1907
vt 0 0.1892
vt 0 0.09625
vt 0 0.1907
vt 0 0.1282
vt 0 0.1898
vt 0 0.1223
vt 0 0.1864
vt 0 0.1007
vt 0 0.1898
vt 0 0.1436
vt 0 0.1902
vt 0 0.1436
vt 0 0.1902
vt 0 0.1898
vt 0 0.1907
vt 0 0.1591
vt 0 0.1905
vt 0 0.1907
vt 0 0.1898
vt 0 0.1591
vt 0 0.1907
vt 0 0.1907
vt 0 0.1911
vt 0 0.1911
vt 0 0.1603
vt 0 0.1007
vt 0 0.1282
vt 0 0.1266
vt 0 0.1911
vt 0 0.1911
vt 0 0.1242
vt 0 0.1907
vt 0 0.09625
vt 0 0.1439
vt 0 0.1148
vt 0 0.1907
vt 0 0.1127
vt 0 0.1125
vt 0 0.1806
vt 0 0.1436
vt 0 0.1007
vt 0 0.1214
vt 0 0.1257
vt 0 0.1911
vt 0 0.1914
vt 0 0.1242
vt 0 0.1892
vt 0 0.1436
vt 0 0.09625
vt 0 0.1148
vt 0 0.1914
vt 0 0.1242
vt 0 0.1907
vt 0 0.09625
vt 0 0.1438
vt 0 0.1266
vt 0 0.1907
vt 0 0.1127
vt 0 0.09421
vt 0 0.09589
vt 0 0.1436
vt 0 0.1148
vt 0 0.08763
vt 0 0.1242
vt 0 0.1292
vt 0 0.09625
vt 0 0.1215
vt 0 0.1011
vt 0 0.1911
vt 0 0.1015
vt 0 0.1907
vt 0 0.09589
vt 0 0.1437
vt 0 0.1148
vt 0 0.1907
vt 0 0.1907
vt 0 0.1127
vt 0 0.1845
vt 0 0.09589
vt 0 0.1651
vt 0 0.1011
vt 0 0.1898
vt 0 0.1898
vt 0 0.1127
vt 0 0.185
vt 0 0.09622
vt 0 0.1436
vt 0 0.1148
vt 0 0.185
vt 0 0.1015
vt 0 0.185
vt 0 0.09589
vt 0 0.1436
vt 0 0.1591
vt 0 0.185
vt 0 0.1591
vt 0 0.187
vt 0 0.1905
vt 0 0.1275
vt 0 0.09622
vt 0 0.1275
vt 0 0.174
vt 0 0.1898
vt 0 0.1898
vt 0 0.174
vt 0 0.09622
vt 0 0.1591
vt 0 0.1591
vt 0 0.1911
vt 0 0.09654
vt 0 0.1598
vt 0 0.174
vt 0 0.1905
vt 0 0.174
vt 0 0.191
vt 0 0.09622
vt 0 0.1436
vt 0 0.174
vt 0 0.1914
vt 0 0.174
vt 0 0.1905
vt 0 0.09654
vt 0 0.1598
vt 0 0.185
vt 0 0.1868
vt 0 0.185
vt 0 0.2037
vt 0 0.1013
vt 0 0.1902
vt 0 0.174
vt 0 0.2037
vt 0 0.174
vt 0 0.1675
vt 0 0.1914
vt 0 0.1436
vt 0 0.09625
vt 0 0.2004
vt 0 0.185
vt 0 0.1705
vt 0 0.1908
vt 0 0.185
vt 0 0.1052
vt 0 0.1914
vt 0 0.1282
vt 0 0.1911
vt 0 0.1914
vt 0 0.0933
vt 0 0.1909
vt 0 0.09683
vt 0 0.191
vt 0 0.174
vt 0 0.1914
vt 0 0.09654
vt 0 0.1914
vt 0 0.09926
vt 0 0.1154
vt 0 0.191
vt 0 0.09654
vt 0 0.185
vt 0 0.1909
vt 0 0.1864
vt 0 0.186
vt 0 0.1591
vt 0 0.1898
vt 0 0.1436
vt 0 0.1909
vt 0 0.1852
vt 0 0.1902
vt 0 0.191
vt 0 0.1013
vt 0 0.1862
vt 0 0.1898
vt 0 0.1858
vt 0 0.191
vt 0 0.1898
vt 0 0.1898
vt 0 0.1909
vt 0 0.185
vt 0 0.1497
vt 0 0.08763
vt 0 0.1858
vt 0 0.08
vt 0 0.163
vt 0 0.09323
vt 0 0.1436
vt 0 0.08662
vt 0 0.1436
vt 0 0.09421
vt 0 0.1651
vt 0 0.08662
vt 0 0.16
vt 0 0.09294
vt 0 0.1607
vt 0 0.08638
vt 0 0.1437
vt 0 0.08
vt 0 0.1282
vt 0 0.09323
vt 0 0.1282
vt 0 0.08662
vt 0 0.1437
vt 0 0.08662
vt 0 0.1436
vt 0 0.1862
vt 0 0.09654
vt 0 0.1911
vt 0 0.09654
vt 0 0.1009
vt 0 0.0975
vt 0 0.09589
vt 0 0.09625
vt 0 0.1282
vt 0 0.1907
vt 0 0.1282
vt 0 0.0975
vt 0 0.09589
vt 0 0.09644
vt 0 0.09654
vt 0 0.1898
vt 0 0.09654
vt 0 0.0975
vt 0 0.09675
vt 0 0.1907
vt 0 0.1436
vt 0 0.0975
vt 0 0.09675
vt 0 0.0975
vt 0 0.191
vt 0 0.1866
vt 0 0.1436
vt 0 0.1907
vt 0 0.1591
vt 0 0.0975
vt 0 0.09622
vt 0 0.09683
vt 0 0.1022
vt 0 0.1911
vt 0 0.1022
vt 0 0.0975
vt 0 0.147
vt 0 0.1907
vt 0 0.1918
vt 0 0.0975
vt 0 0.1448
vt 0 0.1022
vt 0 0.1705
vt 0 0.1911
vt 0 0.2038
vt 0 0.1022
vt 0 0.1723
vt 0 0.1282
vt 0 0.09654
vt 0 0.1125
vt 0 0.1282
vt 0 0.1436
vt 0 0.09625
vt 0 0.1273
vt 0 0.1007
vt 0 0.1911
vt 0 0.1436
vt 0 0.1436
vt 0 0.09625
vt 0 0.1448
vt 0 0.1007
vt 0 0.1914
vt 0 0.1436
vt 0 0.1598
vt 0 0.09625
vt 0 0.1376
vt 0 0.09625
vt 0 0.1282
vt 0 0.09625
vt 0 0.1436
vt 0 0.1007
vt 0 0.1914
vt 0 0.1282
vt 0 0.1275
vt 0 0.09589
vt 0 0.1273
vt 0 0.1914
vt 0 0.1052
vt 0 0.1436
vt 0 0.16
vt 0 0.09589
vt 0 0.09625
vt 0 0.1436
vt 0 0.127
vt 0 0.09625
vt 0 0.1007
vt 0 0.1436
vt 0 0.1436
vt 0 0.09625
vt 0 0.1436
vt 0 0.09589
vt 0 0.1591
vt 0 0.09589
vt 0 0.1591
vt 0 0.09589
vt 0 0.1436
vt 0 0.09589
vt 0 0.1438
vt 0 0.1942
vt 0 0.1914
vt 0 0.1436
vt 0 0.09654
vt 0 0.09622
vt 0 0.1591
vt 0 0.09622
vt 0 0.123
vt 0 0.2008
vt 0 0.09622
vt 0 0.1591
vt 0 0.09622
vt 0 0.158
vt 0 0.09622
vt 0 0.09589
vt 0 0.1579
vt 0 0.09589
vt 0 0.1911
vt 0 0.1575
vt 0 0.1951
vt 0 0.1576
vt 0 0.1436
vt 0 0.09622
vt 0 0.09654
vt 0 0.1579
vt 0 0.1579
vt 0 0.1575
vt 0 0.1575
vt 0 0.1438
vt 0 0.2106
vt 0 0.1575
vt 0 0.2009
vt 0 0.203
vt 0 0.2093
vt 0 0.1871
vt 0 0.2102
vt 0 0.1436
vt 0 0.08638
vt 0 0.1575
vt 0 0.07982
vt 0 0.07964
vt 0 0.1553
vt 0 0.08614
vt 0 0.1553
vt 0 0.09294
vt 0 0.08638
vt 0 0.1576
vt 0 0.08614
vt 0 0.08638
vt 0 0.1575
vt 0 0.1553
vt 0 0.09264
vt 0 0.1553
vt 0 0.1894
vt 0 0.1236
vt 0 0.07982
vt 0 0.1142
vt 0 0.1223
vt 0 0.1951
vt 0 0.1314
vt 0 0.1648
vt 0 0.2012
vt 0 0.1142
vt 0 0.2069
vt 0 0.1947
vt 0 0.1652
vt 0 0.1868
vt 0 0.1947
vt 0 0.1052
vt 0 0.2006
vt 0 0.2012
vt 0 0.1865
vt 0 0.1657
vt 0 0.2009
vt 0 0.1154
vt 0 0.2006
vt 0 0.1944
vt 0 0.1652
vt 0 0.1223
vt 0 0.2069
vt 0 0.2012
vt 0 0.1871
vt 0 0.1223
vt 0 0.2077
vt 0 0.1868
vt 0 0.2077
vt 0 0.1154
vt 0 0.2012
vt 0 0.1292
vt 0 0.1942
vt 0 0.1328
vt 0 0.2006
vt 0 0.1664
vt 0 0.2007
vt 0 0.1314
vt 0 0.2075
vt 0 0.1941
vt 0 0.2046
vt 0 0.1223
vt 0 0.2009
vt 0 0.2038
vt 0 0.1282
vt 0 0.1436
vt 0 0.2093
vt 0 0.1328
vt 0 0.2009
vt 0 0.2098
vt 0 0.1448
vt 0 0.1364
vt 0 0.2075
vt 0 0.2038
vt 0 0.1627
vt 0 0.1193
vt 0 0.2073
vt 0 0.1266
vt 0 0.2004
vt 0 0.1093
vt 0 0.2007
vt 0 0.1107
vt 0 0.1944
vt 0 0.124
vt 0 0.1868
vt 0 0.2109
vt 0 0.1093
vt 0 0.2073
vt 0 0.07669
vt 0 0.2077
vt 0 0.07776
vt 0 0.2105
vt 0 0.2029
vt 0 0.2102
vt 0 0.1003
vt 0 0.1868
vt 0 0.2102
vt 0 0.2029
vt 0 0.2106
vt 0 0.2108
vt 0 0.1009
vt 0 0.2063
vt 0 0.2029
vt 0 0.2104
vt 0 0.1107
vt 0 0.2093
vt 0 0.1107
vt 0 0.2098
vt 0 0.1865
vt 0 0.2102
vt 0 0.2073
vt 0 0.1009
vt 0 0.1052
vt 0 0.2093
vt 0 0.1142
vt 0 0.2063
vt 0 0.07775
vt 0 0.2106
vt 0 0.124
vt 0 0.2108
vt 0 0.1005
vt 0 0.2096
vt 0 0.1223
vt 0 0.2106
vt 0 0.07669
vt 0 0.2034
vt 0 0.1107
vt 0 0.2104
vt 0 0.2097
vt 0 0.1142
vt 0 0.07669
vt 0 0.2075
vt 0 0.07667
vt 0 0.2041
vt 0 0.2096
vt 0 0.1236
vt 0 0.07775
vt 0 0.2104
vt 0 0.1356
vt 0 0.2105
vt 0 0.2041
vt 0 0.1323
vt 0 0.2075
vt 0 0.0777
vt 0 0.2046
vt 0 0.1227
vt 0 0.2104
vt 0 0.1313
vt 0 0.2101
vt 0 0.2096
vt 0 0.1323
vt 0 0.2106
vt 0 0.07758
vt 0 0.07654
vt 0 0.07662
vt 0 0.07669
vt 0 0.2101
vt 0 0.2106
vt 0 0.1295
vt 0 0.1215
vt 0 0.2106
vt 0 0.0999
vt 0 0.2106
vt 0 0.1163
vt 0 0.2097
vt 0 0.2108
vt 0 0.1227
vt 0 0.1223
vt 0 0.2098
vt 0 0.1228
vt 0 0.2108
vt 0 0.2106
vt 0 0.1227
vt 0 0.1005
vt 0 0.2097
vt 0 0.1163
vt 0 0.2106
vt 0 0.1065
vt 0 0.2098
vt 0 0.1009
vt 0 0.2106
vt 0 0.1152
vt 0 0.2097
vt 0 0.1005
vt 0 0.2109
vt 0 0.1313
vt 0 0.2108
vt 0 0.2109
vt 0 0.0999
vt 0 0.08388
vt 0 0.08367
vt 0 0.1227
vt 0 0.2108
vt 0 0.08371
vt 0 0.08431
vt 0 0.1005
vt 0 0.0772
vt 0 0.1152
vt 0 0.2108
vt 0 0.07719
vt 0 0.1009
vt 0 0.1241
vt 0 0.2108
vt 0 0.08371
vt 0 0.08431
vt 0 0.1675
vt 0 0.2109
vt 0 0.08454
vt 0 0.08373
vt 0 0.1774
vt 0 0.2109
vt 0 0.1755
vt 0 0.2108
vt 0 0.1625
vt 0 0.2108
vt 0 0.07775
vt 0 0.07639
vt 0 0.1774
vt 0 0.0772
vt 0 0.07639
vt 0 0.07776
vt 0 0.08435
vt 0 0.07639
vt 0 0.1864
vt 0 0.0772
vt 0 0.07639
vt 0 0.08433
vt 0 0.07775
vt 0 0.07654
vt 0 0.1852
vt 0 0.0772
vt 0 0.07654
vt 0 0.0777
vt 0 0.1755
vt 0 0.0772
vt 0 0.07639
vt 0 0.08433
vt 0 0.1755
vt 0 0.07639
vt 0 0.08425
vt 0 0.07639
vt 0 0.1852
vt 0 0.07639
vt 0 0.1806
vt 0 0.07719
vt 0 0.1716
vt 0 0.0772
vt 0 0.07747
vt 0 0.07639
vt 0 0.1625
vt 0 0.07654
vt 0 0.08406
vt 0 0.07759
vt 0 0.08425
vt 0 0.0768
vt 0 0.07758
vt 0 0.2037
vt 0 0.2096
vt 0 0.1755
vt 0 0.2106
vt 0 0.07667
vt 0 0.07669
vt 0 0.0777
vt 0 0.08373
vt 0 0.2037
vt 0 0.1716
vt 0 0.2108
vt 0 0.07654
vt 0 0.2101
vt 0 0.2106
vt 0 0.1626
vt 0 0.2108
vt 0 0.07662
vt 0 0.07654
vt 0 0.07658
vt 0 0.07759
vt 0 0.2101
vt 0 0.2037
vt 0 0.2096
vt 0 0.1679
vt 0 0.2106
vt 0 0.07654
vt 0 0.0975
vt 0 0.1569
vt 0 0.1779
vt 0 0.1625
vt 0 0.1659
vt 0 0.2108
vt 0 0.1872
vt 0 0.2109
vt 0 0.0975
vt 0 0.1777
vt 0 0.2107
vt 0 0.07654
vt 0 0.08652
vt 0 0.2037
vt 0 0.1647
vt 0 0.2106
vt 0 0.1212
vt 0 0.2108
vt 0 0.1779
vt 0 0.08388
vt 0 0.2102
vt 0 0.07695
vt 0 0.2109
vt 0 0.0771
vt 0 0.1215
vt 0 0.0768
vt 0 0.187
vt 0 0.08388
vt 0 0.0772
vt 0 0.07747
vt 0 0.07639
vt 0 0.07654
vt 0 0.1868
vt 0 0.07758
vt 0 0.07964
vt 0 0.08406
vt 0 0.07695
vt 0 0.1777
vt 0 0.07759
vt 0 0.07964
vt 0 0.1777
vt 0 0.0777
vt 0 0.08037
vt 0 0.07758
vt 0 0.0768
vt 0 0.1868
vt 0 0.07759
vt 0 0.1864
vt 0 0.07669
vt 0 0.0768
vt 0 0.1774
vt 0 0.08037
vt 0 0.07669
vt 0 0.1651
vt 0 0.1647
vt 0 0.08652
vt 0 0.2102
vt 0 0.2096
vt 0 0.2102
vt 0 0.2106
vt 0 0.07669
vt 0 0.0999
vt 0 0.2108
vt 0 0.1777
vt 0 0.08431
vt 0 0.2109
vt 0 0.0771
vt 0 0.2102
vt 0 0.203
vt 0 0.09961
vt 0 0.1211
vt 0 0.2109
vt 0 0.1774
vt 0 0.07765
vt 0 0.2101
vt 0 0.07982
vt 0 0.2102
vt 0 0.2096
vt 0 0.1212
vt 0 0.1675
vt 0 0.07754
vt 0 0.07695
vt 0 0.1241
vt 0 0.08431
vt 0 0.07654
vt 0 0.2109
vt 0 0.203
vt 0 0.09957
vt 0 0.09961
vt 0 0.2108
vt 0 0.1152
vt 0 0.08454
vt 0 0.2109
vt 0 0.08
vt 0 0.1117
vt 0 0.2109
vt 0 0.07695
vt 0 0.1246
vt 0 0.2109
vt 0 0.07982
vt 0 0.07669
vt 0 0.1295
vt 0 0.1152
vt 0 0.1022
vt 0 0.1873
vt 0 0.2108
vt 0 0.1661
vt 0 0.2109
vt 0 0.07669
vt 0 0.07669
vt 0 0.1661
vt 0 0.1065
vt 0 0.09219
vt 0 0.2101
vt 0 0.2096
vt 0 0.2102
vt 0 0.2106
vt 0 0.07669
vt 0 0.07776
vt 0 0.1877
vt 0 0.1021
vt 0 0.11
vt 0 0.2037
vt 0 0.2096
vt 0 0.1117
vt 0 0.1058
vt 0 0.2106
vt 0 0.204
vt 0 0.2108
vt 0 0.07776
vt 0 0.07776
vt 0 0.1874
vt 0 0.1117
vt 0 0.09219
vt 0 0.2039
vt 0 0.2096
vt 0 0.2039
vt 0 0.2106
vt 0 0.07776
vt 0 0.1021
vt 0 0.09788
vt 0 0.2096
vt 0 0.1009
vt 0 0.1662
vt 0 0.2096
vt 0 0.1099
vt 0 0.1661
vt 0 0.2106
vt 0 0.1884
vt 0 0.07639
vt 0 0.1246
vt 0 0.2108
vt 0 0.203
vt 0 0.07719
vt 0 0.203
vt 0 0.07639
vt 0 0.1872
vt 0 0.07669
vt 0 0.1283
vt 0 0.1117
vt 0 0.1022
vt 0 0.1675
vt 0 0.2109
vt 0 0.08365
vt 0 0.07669
vt 0 0.1099
vt 0 0.1133
vt 0 0.2108
vt 0 0.07776
vt 0 0.1133
vt 0 0.1198
vt 0 0.1133
vt 0 0.1661
vt 0 0.2108
vt 0 0.1659
vt 0 0.07719
vt 0 0.07776
vt 0 0.07776
vt 0 0.1137
vt 0 0.1198
vt 0 0.1022
vt 0 0.1873
vt 0 0.2108
vt 0 0.1099
vt 0 0.1022
vt 0 0.2109
vt 0 0.1096
vt 0 0.1282
vt 0 0.08367
vt 0 0.07776
vt 0 0.1226
vt 0 0.1283
vt 0 0.2108
vt 0 0.2034
vt 0 0.07669
vt 0 0.1099
vt 0 0.07719
vt 0 0.2101
vt 0 0.07654
vt 0 0.2109
vt 0 0.07669
vt 0 0.1884
vt 0 0.1009
vt 0 0.07719
vt 0 0.07639
vt 0 0.07654
vt 0 0.1005
vt 0 0.203
vt 0 0.07719
vt 0 0.1872
vt 0 0.07639
vt 0 0.07654
vt 0 0.1096
vt 0 0.1873
vt 0 0.07639
vt 0 0.1096
vt 0 0.07719
vt 0 0.07639
vt 0 0.1005
vt 0 0.07719
vt 0 0.1873
vt 0 0.07639
vt 0 0.1003
vt 0 0.1093
vt 0 0.07639
vt 0 0.1226
vt 0 0.07654
vt 0 0.07654
vt 0 0.2101
vt 0 0.07654
vt 0 0.2101
vt 0 0.07669
vt 0 0.2109
vt 0 0.07654
vt 0 0.2109
vt 0 0.07654
vt 0 0.2101
vt 0 0.07669
vt 0 0.2109
vt 0 0.203
vt 0 0.1096
vt 0 0.203
vt 0 0.2096
vt 0 0.1093
vt 0 0.2096
vt 0 0.1193
vt 0 0.1523
vt 0 0.203
vt 0 0.203
vt 0 0.1556
vt 0 0.1658
vt 0 0.1569
vt 0 0.2096
vt 0 0.1556
vt 0 0.08406
vt 0 0.2096
vt 0 0.1585
vt 0 0.2106
vt 0 0.1722
vt 0 0.2107
vt 0 0.07669
vt 0 0.1658
vt 0 0.0772
vt 0 0.1658
vt 0 0.2096
vt 0 0.1722
vt 0 0.08406
vt 0 0.1823
vt 0 0.1735
vt 0 0.2096
vt 0 0.1569
vt 0 0.2108
vt 0 0.1872
vt 0 0.2029
vt 0 0.1872
vt 0 0.2096
vt 0 0.1871
vt 0 0.1658
vt 0 0.1675
vt 0 0.2108
vt 0 0.1022
vt 0 0.1022
vt 0 0.1647
vt 0 0.1735
vt 0 0.1634
vt 0 0.1657
vt 0 0.2108
vt 0 0.1643
vt 0 0.1436
vt 0 0.2108
vt 0 0.2107
vt 0 0.1364
vt 0 0.2029
vt 0 0.203
vt 0 0.2096
vt 0 0.1872
vt 0 0.2107
vt 0 0.1659
vt 0 0.2029
vt 0 0.1328
vt 0 0.1659
vt 0 0.2109
vt 0 0.1443
vt 0 0.203
vt 0 0.1443
vt 0 0.2109
vt 0 0.2108
vt 0 0.1328
vt 0 0.2096
vt 0 0.1871
vt 0 0.2107
vt 0 0.1872
vt 0 0.2108
vt 0 0.1872
vt 0 0.1292
vt 0 0.2096
vt 0 0.2096
vt 0 0.1439
vt 0 0.203
vt 0 0.2096
vt 0 0.1443
vt 0 0.2096
vt 0 0.203
vt 0 0.2107
vt 0 0.1443
vt 0 0.2107
vt 0 0.2107
vt 0 0.203
vt 0 0.2107
vt 0 0.1439
vt 0 0.2107
vt 0 0.1585
vt 0 0.1556
vt 0 0.2108
vt 0 0.1443
vt 0 0.203
vt 0 0.2108
vt 0 0.1443
vt 0 0.2034
vt 0 0.1556
vt 0 0.2096
vt 0 0.2108
vt 0 0.1523
vt 0 0.2109
vt 0 0.1626
vt 0 0.07669
vt 0 0.1716
vt 0 0.0975
vt 0 0.1314
vt 0 0.1637
vt 0 0.1634
vt 0 0.09957
vt 0 0.07731
vt 0 0.09961
vt 0 0.07643
vt 0 0.0975
vt 0 0.155
vt 0 0.08365
vt 0 0.07654
vt 0 0.1716
vt 0 0.07754
vt 0 0.08368
vt 0 0.07654
vt 0 0.09961
vt 0 0.07654
vt 0 0.1022
vt 0 0.1523
vt 0 0.1806
vt 0 0.1643
vt 0 0.1707
vt 0 0.1443
vt 0 0.07754
vt 0 0.08368
vt 0 0.07754
vt 0 0.1022
vt 0 0.1637
vt 0 0.1436
vt 0 0.07731
vt 0 0.0999
vt 0 0.07662
vt 0 0.1637
vt 0 0.07654
vt 0 0.1212
vt 0 0.07654
vt 0 0.09962
vt 0 0.07667
vt 0 0.08388
vt 0 0.07643
vt 0 0.1707
vt 0 0.0765
vt 0 0.1574
vt 0 0.0765
vt 0 0.1539
vt 0 0.0765
vt 0 0.1214
vt 0 0.07654
vt 0 0.155
vt 0 0.07654
vt 0 0.09972
vt 0 0.07654
vt 0 0.07654
vt 0 0.1637
vt 0 0.1539
vt 0 0.07654
vt 0 0.1503
vt 0 0.07662
vt 0 0.1503
vt 0 0.1214
vt 0 0.07719
vt 0 0.08371
vt 0 0.2106
vt 0 0.07731
vt 0 0.1539
vt 0 0.09978
vt 0 0.07721
vt 0 0.1214
vt 0 0.2106
vt 0 0.08368
vt 0 0.1431
vt 0 0.08373
vt 0 0.07721
vt 0 0.09972
vt 0 0.2108
vt 0 0.143
vt 0 0.07719
vt 0 0.2105
vt 0 0.1647
vt 0 0.1539
vt 0 0.143
vt 0 0.09972
vt 0 0.0764
vt 0 0.09962
vt 0 0.07654
vt 0 0.2109
vt 0 0.1574
vt 0 0.0764
vt 0 0.09972
vt 0 0.2106
vt 0 0.1434
vt 0 0.07731
vt 0 0.09978
vt 0 0.08388
vt 0 0.1431
vt 0 0.07721
vt 0 0.08367
vt 0 0.07669
vt 0 0.1431
vt 0 0.0764
vt 0 0.09957
vt 0 0.07654
vt 0 0.09957
vt 0 0.07669
vt 0 0.08371
vt 0 0.2097
vt 0 0.1626
vt 0 0.1434
vt 0 0.1503
vt 0 0.07643
vt 0 0.1295
vt 0 0.1625
vt 0 0.07643
vt 0 0.07639
vt 0 0.21
vt 0 0.1323
vt 0 0.1436
vt 0 0.1211
vt 0 0.09622
vt 0 0.143
vt 0 0.07654
vt 0 0.1212
vt 0 0.09589
vt 0 0.09957
vt 0 0.09622
vt 0 0.1431
vt 0 0.07654
vt 0 0.1212
vt 0 0.07654
vt 0 0.07654
vt 0 0.1323
vt 0 0.1356
vt 0 0.07654
vt 0 0.1212
vt 0 0.07667
vt 0 0.1436
vt 0 0.07669
vt 0 0.09962
vt 0 0.09589
vt 0 0.09589
vt 0 0.1436
vt 0 0.1508
vt 0 0.09589
vt 0 0.1507
vt 0 0.2101
vt 0 0.09622
vt 0 0.1436
vt 0 0.1823
vt 0 0.09957
vt 0 0.09654
vt 0 0.08365
vt 0 0.1133
vt 0 0.2035
vt 0 0.2035
vt 0 0.09622
vt 0 0.1436
vt 0 0.186
vt 0 0.08367
vt 0 0.09654
vt 0 0.09957
vt 0 0.1133
vt 0 0.21
vt 0 0.2036
vt 0 0.09622
vt 0 0.1497
vt 0 0.1752
vt 0 0.08366
vt 0 0.2035
vt 0 0.08366
vt 0 0.1133
vt 0 0.2035
vt 0 0.1596
vt 0 0.1508
vt 0 0.1675
vt 0 0.1722
vt 0 0.1705
vt 0 0.1585
vt 0 0.21
vt 0 0.09622
vt 0 0.1508
vt 0 0.186
vt 0 0.09962
vt 0 0.1874
vt 0 0.1497
vt 0 0.1866
vt 0 0.1877
vt 0 0.09957
vt 0 0.1133
vt 0 0.21
vt 0 0.1607
vt 0 0.1282
vt 0 0.2032
vt 0 0.1568
vt 0 0.1282
vt 0 0.2008
vt 0 0.1857
vt 0 0.1507
vt 0 0.09622
vt 0 0.1874
vt 0 0.1508
vt 0 0.09654
vt 0 0.1857
vt 0 0.1568
vt 0 0.09622
vt 0 0.1559
vt 0 0.2032
vt 0 0.2077
vt 0 0.155
vt 0 0.1586
vt 0 0.1866
vt 0 0.07776
vt 0 0.1017
vt 0 0.07776
vt 0 0.1223
vt 0 0.2105
vt 0 0.1595
vt 0 0.09654
vt 0 0.1592
vt 0 0.1874
vt 0 0.1582
vt 0 0.1762
vt 0 0.1595
vt 0 0.1058
vt 0 0.07776
vt 0 0.188
vt 0 0.08435
vt 0 0.1807
vt 0 0.08435
vt 0 0.2069
vt 0 0.1866
vt 0 0.1616
vt 0 0.1866
vt 0 0.08435
vt 0 0.1058
vt 0 0.2097
vt 0 0.1866
vt 0 0.1631
vt 0 0.1752
vt 0 0.1017
vt 0 0.1592
vt 0 0.1752
vt 0 0.1627
vt 0 0.1592
vt 0 0.1941
vt 0 0.2101
vt 0 0.1862
vt 0 0.2101
vt 0 0.1664
vt 0 0.08435
vt 0 0.1941
vt 0 0.1631
vt 0 0.07776
vt 0 0.1243
vt 0 0.1607
vt 0 0.2004
vt 0 0.1568
vt 0 0.1264
vt 0 0.2109
vt 0 0.1807
vt 0 0.1582
vt 0 0.1862
vt 0 0.1807
vt 0 0.2109
vt 0 0.1592
vt 0 0.1762
vt 0 0.1807
vt 0 0.1568
vt 0 0.1559
vt 0 0.1022
vt 0 0.1313
vt 0 0.2037
vt 0 0.1133
vt 0 0.2036
vt 0 0.08366
vt 0 0.1022
vt 0 0.1305
vt 0 0.2101
vt 0 0.1133
vt 0 0.09654
vt 0 0.1226
vt 0 0.1281
vt 0 0.1443
vt 0 0.2101
vt 0 0.1282
vt 0 0.2101
vt 0 0.1752
vt 0 0.09654
vt 0 0.1291
vt 0 0.1133
vt 0 0.2101
vt 0 0.07719
vt 0 0.1305
vt 0 0.1282
vt 0 0.2101
vt 0 0.1133
vt 0 0.1627
vt 0 0.1266
vt 0 0.2109
vt 0 0.1282
vt 0 0.2101
vt 0 0.08366
vt 0 0.1242
vt 0 0.1133
vt 0 0.2109
vt 0 0.1281
vt 0 0.2109
vt 0 0.1133
vt 0 0.2037
vt 0 0.16
vt 0 0.1281
vt 0 0.1862
vt 0 0.07776
vt 0 0.1752
vt 0 0.0771
vt 0 0.1598
vt 0 0.0975
vt 0 0.1314
vt 0 0.1242
vt 0 0.1364
vt 0 0.2037
vt 0 0.1865
vt 0 0.1865
vt 0 0.0975
vt 0 0.1257
vt 0 0.124
vt 0 0.1282
vt 0 0.1279
vt 0 0.1436
vt 0 0.1002
vt 0 0.1291
vt 0 0.1752
vt 0 0.08
vt 0 0.16
vt 0 0.0771
vt 0 0.1003
vt 0 0.07669
vt 0 0.1281
vt 0 0.1746
vt 0 0.1752
vt 0 0.1279
vt 0 0.07817
vt 0 0.1752
vt 0 0.1287
vt 0 0.1752
vt 0 0.08435
vt 0 0.1559
vt 0 0.07817
vt 0 0.08435
vt 0 0.08105
vt 0 0.1607
vt 0 0.08435
vt 0 0.1568
vt 0 0.08435
vt 0 0.1508
vt 0 0.1507
vt 0 0.1003
vt 0 0.1568
vt 0 0.08472
vt 0 0.1226
vt 0 0.08435
vt 0 0.1022
vt 0 0.1003
vt 0 0.1607
vt 0 0.08105
vt 0 0.1218
vt 0 0.1003
vt 0 0.1497
vt 0 0.1133
vt 0 0.08733
vt 0 0.1022
vt 0 0.07776
vt 0 0.1603
vt 0 0.1508
vt 0 0.1028
vt 0 0.08472
vt 0 0.1133
vt 0 0.1508
vt 0 0.1137
vt 0 0.1003
vt 0 0.1497
vt 0 0.07817
vt 0 0.1133
vt 0 0.07817
vt 0 0.1022
vt 0 0.1436
vt 0 0.1028
vt 0 0.1436
vt 0 0.1065
vt 0 0.1163
vt 0 0.1507
vt 0 0.1003
vt 0 0.09654
vt 0 0.1313
vt 0 0.1508
vt 0 0.124
vt 0 0.08435
vt 0 0.1133
vt 0 0.07776
vt 0 0.1282
vt 0 0.09654
vt 0 0.1137
vt 0 0.1436
vt 0 0.123
vt 0 0.1436
vt 0 0.1002
vt 0 0.1436
vt 0 0.1163
vt 0 0.1436
vt 0 0.1226
vt 0 0.1364
vt 0 0.1137
vt 0 0.1366
vt 0 0.08435
vt 0 0.1003
vt 0 0.1436
vt 0 0.1133
vt 0 0.08435
vt 0 0.08472
vt 0 0.08435
vt 0 0.1006
vt 0 0.1436
vt 0 0.1193
vt 0 0.1133
vt 0 0.07776
vt 0 0.1133
vt 0 0.0975
vt 0 0.0975
vt 0 0.1226
vt 0 0.1376
vt 0 0.1246
vt 0 0.1364
vt 0 0.1436
vt 0 0.1133
vt 0 0.07776
vt 0 0.1227
vt 0 0.1364
vt 0 0.08435
vt 0 0.2109
vt 0 0.1006
vt 0 0.2101
vt 0 0.123
vt 0 0.1376
vt 0 0.1282
vt 0 0.07776
vt 0 0.08472
vt 0 0.08733
vt 0 0.1266
vt 0 0.1305
vt 0 0.1282
vt 0 0.1133
vt 0 0.1366
vt 0 0.2109
vt 0 0.1022
vt 0 0.21
vt 0 0.1133
vt 0 0.1003
vt 0 0.1364
vt 0 0.2109
vt 0 0.1024
vt 0 0.1305
vt 0 0.1024
vt 0 0.21
vt 0 0.1006
vt 0 0.1313
vt 0 0.1006
vt 0 0.2109
vt 0 0.123
vt 0 0.1314
vt 0 0.1227
vt 0 0.21
vt 0 0.1022
vt 0 0.1022
vt 0 0.1305
vt 0 0.1365
vt 0 0.1022
vt 0 0.1366
vt 0 0.07658
vt 0 0.1305
vt 0 0.1282
vt 0 0.08368
vt 0 0.1266
vt 0 0.1282
vt 0 0.07721
vt 0 0.1376
vt 0 0.1365
vt 0 0.07639
vt 0 0.1133
vt 0 0.08365
vt 0 0.1365
vt 0 0.1749
vt 0 0.1133
vt 0 0.1376
vt 0 0.1436
vt 0 0.1436
vt 0 0.1884
vt 0 0.1752
vt 0 0.1366
vt 0 0.1722
vt 0 0.1905
vt 0 0.1866
vt 0 0.1705
vt 0 0.1752
vt 0 0.1365
vt 0 0.1749
vt 0 0.1905
vt 0 0.1752
vt 0 0.1436
vt 0 0.1749
vt 0 0.1749
vt 0 0.1436
vt 0 0.1918
vt 0 0.1598
vt 0 0.1287
vt 0 0.1866
vt 0 0.2046
vt 0 0.1752
vt 0 0.2041
vt 0 0.1598
vt 0 0.1866
vt 0 0.1279
vt 0 0.1723
vt 0 0.1598
vt 0 0.1866
vt 0 0.1281
vt 0 0.1291
vt 0 0.1596
vt 0 0.143
vt 0 0.1279
vt 0 0.1752
vt 0 0.2034
vt 0 0.1313
vt 0 0.1884
vt 0 0.1436
vt 0 0.1905
vt 0 0.1752
vt 0 0.1257
vt 0 0.1752
vt 0 0.1918
vt 0 0.1752
vt 0 0.1242
vt 0 0.1281
vt 0 0.1752
vt 0 0.1356
vt 0 0.1281
vt 0 0.2041
vt 0 0.1598
vt 0 0.1905
vt 0 0.1598
vt 0 0.1246
vt 0 0.1242
vt 0 0.1241
vt 0 0.1266
vt 0 0.1305
vt 0 0.1291
vt 0 0.1198
vt 0 0.1281
vt 0 0.1133
vt 0 0.1305
vt 0 0.1282
vt 0 0.1436
vt 0 0.1314
vt 0 0.1559
vt 0 0.1236
vt 0 0.1568
vt 0 0.1746
vt 0 0.1436
vt 0 0.1592
vt 0 0.1866
vt 0 0.1582
vt 0 0.1568
vt 0 0.1569
vt 0 0.1607
vt 0 0.07765
vt 0 0.1436
vt 0 0.1631
vt 0 0.1592
vt 0 0.0765
vt 0 0.1592
vt 0 0.1679
vt 0 0.1631
vt 0 0.2108
vt 0 0.1616
vt 0 0.2109
vt 0 0.1436
vt 0 0.1595
vt 0 0.1582
vt 0 0.155
vt 0 0.1592
vt 0 0.0764
vt 0 0.1436
vt 0 0.1595
vt 0 0.1586
vt 0 0.07654
vt 0 0.1436
vt 0 0.1436
vt 0 0.1436
vt 0 0.1058
vt 0 0.1504
vt 0 0.11
vt 0 0.1503
vt 0 0.1243
vt 0 0.1436
vt 0 0.1283
vt 0 0.1227
vt 0 0.1436
vt 0 0.1752
vt 0 0.1436
vt 0 0.123
vt 0 0.1436
vt 0 0.1752
vt 0 0.1436
vt 0 0.1752
vt 0 0.1608
vt 0 0.1752
vt 0 0.163
vt 0 0.1752
vt 0 0.1436
vt 0 0.1752
vt 0 0.1591
vt 0 0.1598
vt 0 0.1591
vt 0 0.1598
vt 0 0.1282
vt 0 0.1598
vt 0 0.1436
vt 0 0.1598
vt 0 0.1437
vt 0 0.147
vt 0 0.1507
vt 0 0.2097
vt 0 0.1022
vt 0 0.2069
vt 0 0.1483
vt 0 0.1227
vt 0 0.1504
vt 0 0.2008
vt 0 0.1914
vt 0 0.2032
vt 0 0.123
vt 0 0.1504
vt 0 0.1914
vt 0 0.21
vt 0 0.1448
vt 0 0.147
vt 0 0.1507
vt 0 0.2032
vt 0 0.191
vt 0 0.2097
vt 0 0.147
vt 0 0.1448
vt 0 0.1559
vt 0 0.2035
vt 0 0.1902
vt 0 0.1723
vt 0 0.1664
vt 0 0.1556
vt 0 0.1864
vt 0 0.1704
vt 0 0.1503
vt 0 0.1704
vt 0 0.1868
vt 0 0.1504
vt 0 0.1905
vt 0 0.1556
vt 0 0.1005
vt 0 0.1902
vt 0 0.1483
vt 0 0.1553
vt 0 0.1009
vt 0 0.147
vt 0 0.158
vt 0 0.1918
vt 0 0.09709
vt 0 0.1582
vt 0 0.09622
vt 0 0.2007
vt 0 0.147
vt 0 0.1578
vt 0 0.1662
vt 0 0.1483
vt 0 0.2073
vt 0 0.2063
vt 0 0.1877
vt 0 0.1576
vt 0 0.1662
vt 0 0.1997
vt 0 0.1483
vt 0 0.1582
vt 0 0.1437
vt 0 0.147
vt 0 0.1931
vt 0 0.1997
vt 0 0.1877
vt 0 0.1586
vt 0 0.1438
vt 0 0.1941
vt 0 0.1226
vt 0 0.1582
vt 0 0.1662
vt 0 0.123
vt 0 0.2007
vt 0 0.09998
vt 0 0.1218
vt 0 0.1578
vt 0 0.1662
vt 0 0.08406
vt 0 0.147
vt 0 0.1578
vt 0 0.1662
vt 0 0.1448
vt 0 0.08373
vt 0 0.09978
vt 0 0.1704
vt 0 0.1582
vt 0 0.1662
vt 0 0.1559
vt 0 0.1877
vt 0 0.1555
vt 0 0.1877
vt 0 0.1576
vt 0 0.1662
vt 0 0.1578
vt 0 0.1662
vt 0 0.1662
vt 0 0.1555
vt 0 0.08406
vt 0 0.1437
vt 0 0.09998
vt 0 0.1878
vt 0 0.1662
vt 0 0.1553
vt 0 0.1017
vt 0 0.1437
vt 0 0.09978
vt 0 0.1877
vt 0 0.1878
vt 0 0.1319
vt 0 0.09998
vt 0 0.1662
vt 0 0.1214
vt 0 0.191
vt 0 0.1662
vt 0 0.1317
vt 0 0.1223
vt 0 0.1662
vt 0 0.1215
vt 0 0.1866
vt 0 0.1295
vt 0 0.1437
vt 0 0.1215
vt 0 0.1662
vt 0 0.1297
vt 0 0.1437
vt 0 0.1317
vt 0 0.1437
vt 0 0.1017
vt 0 0.1878
vt 0 0.1313
vt 0 0.1437
vt 0 0.1291
vt 0 0.1212
vt 0 0.09998
vt 0 0.1662
vt 0 0.1295
vt 0 0.1212
vt 0 0.1295
vt 0 0.1437
vt 0 0.08652
vt 0 0.1662
vt 0 0.1291
vt 0 0.1437
vt 0 0.1877
vt 0 0.1287
vt 0 0.1212
vt 0 0.2035
vt 0 0.1291
vt 0 0.1211
vt 0 0.1877
vt 0 0.1297
vt 0 0.1877
vt 0 0.2035
vt 0 0.1295
vt 0 0.1878
vt 0 0.1291
vt 0 0.2036
vt 0 0.1293
vt 0 0.1553
vt 0 0.1877
vt 0 0.1555
vt 0 0.1504
vt 0 0.2035
vt 0 0.1503
vt 0 0.1555
vt 0 0.1877
vt 0 0.1559
vn -0.3486 -0.6349 -0.6894
vn -0.2397 -0.5122 -0.8247
vn -0.06555 -0.6099 -0.7897
vn -0.1587 -0.7476 -0.6449
vn -0.1322 -0.4003 -0.9068
vn 0.01617 -0.4733 -0.8807
vn 0.1181 -0.4994 -0.8583
vn 0.05741 -0.6428 -0.7638
vn -0.02643 -0.7835 -0.6207
vn 0.515 0.8571 -0.002441
vn 0.5288 0.8238 -0.2038
vn 0.3768 0.8959 -0.2352
vn 0.3594 0.9326 -0.03174
vn 0.5169 0.7676 -0.3789
vn 0.3814 0.8291 -0.4089
vn 0.2571 0.861 -0.4387
vn 0.2353 0.9342 -0.2682
vn 0.207 0.9761 -0.06574
vn 0.1964 0.9649 -0.174
vn 0.2824 0.4527 -0.8458
vn 0.2889 0.4411 -0.8497
vn 0.3415 0.9305 -0.1321
vn 0.2403 0.684 -0.6887
vn 0.2918 0.6047 -0.7411
vn 0.2878 0.5149 -0.8075
vn 0.281 0.4166 -0.8646
vn 0.4849 0.8656 -0.1249
vn 0.4211 0.8644 0.2747
vn 0.4779 0.8642 0.157
vn 0.3369 0.9314 0.1376
vn 0.3073 0.9112 0.2743
vn 0.1926 0.9757 0.1041
vn 0.2001 0.949 0.2435
vn 0.4413 0.8923 0.09525
vn 0.4271 0.8541 -0.2967
vn 0.2944 0.9384 -0.1809
vn 0.2487 0.9501 0.1883
vn 0.1082 0.9886 -0.1043
vn 0.02765 0.9725 0.2313
vn -0.5551 -0.8074 -0.1999
vn -0.5656 -0.7942 -0.2221
vn -0.34 -0.9217 -0.1865
vn -0.3289 -0.9339 -0.1398
vn -0.5294 -0.7873 -0.316
vn -0.315 -0.906 -0.2826
vn -0.1871 -0.9479 -0.2577
vn -0.1962 -0.9687 -0.1516
vn -0.1738 -0.9802 -0.09449
vn -0.4536 -0.7389 -0.4982
vn -0.2508 -0.8548 -0.4543
vn -0.1226 -0.8929 -0.4331
vn 0.4882 0.7003 -0.5208
vn 0.376 0.7477 -0.5473
vn 0.4441 0.6034 -0.6623
vn 0.36 0.6367 -0.6819
vn 0.2773 0.6567 -0.7013
vn 0.2709 0.774 -0.5722
vn 0.3068 0.884 0.3527
vn 0.3578 0.8665 0.3482
vn 0.2656 0.8873 0.3769
vn 0.2049 0.8876 0.4124
vn 0.2245 0.9097 0.3494
vn 0.2847 0.8741 0.3934
vn 0.2535 0.8606 0.4417
vn 0.2039 0.8687 0.4513
vn -0.4472 -0.8806 -0.1565
vn -0.5012 -0.8435 -0.1932
vn -0.293 -0.9498 -0.1095
vn -0.2597 -0.9627 -0.07517
vn -0.1485 -0.9871 -0.05963
vn -0.1338 -0.9905 -0.03003
vn 0.08466 -0.809 -0.5817
vn 0.3066 0.02258 -0.9515
vn 0.241 0.05063 -0.9692
vn -0.07337 -0.77 -0.6337
vn 0.2715 -0.146 -0.9513
vn 0.1443 -0.1914 -0.9708
vn 0.02573 -0.192 -0.981
vn 0.1908 0.06546 -0.9794
vn -0.2401 -0.7232 -0.6475
vn -0.2432 -0.8759 -0.4166
vn -0.06278 -0.9701 -0.2344
vn 0.1325 -0.9674 -0.2157
vn -0.1388 -0.8383 -0.5271
vn 0.0492 -0.995 -0.08698
vn 0.2373 -0.9701 -0.05097
vn 0.4568 -0.8887 -0.03992
vn 0.3701 -0.9074 -0.199
vn 0.01947 -0.7569 -0.6532
vn -0.825 -0.2237 0.5189
vn -0.9246 -0.1575 0.3467
vn -0.8707 -0.4552 0.186
vn -0.7942 -0.5141 0.324
vn -0.9554 -0.1433 0.258
vn -0.885 -0.4458 0.1338
vn -0.7267 -0.6864 0.02795
vn -0.7172 -0.6958 0.03809
vn -0.6559 -0.7453 0.1192
vn 0.5741 0.4506 0.6836
vn 0.4458 0.6089 0.6561
vn 0.2711 0.5946 0.7569
vn 0.4139 0.4288 0.803
vn 0.3101 0.7378 0.5996
vn 0.1151 0.7291 0.6746
vn -0.1066 0.6654 0.7388
vn 0.06735 0.5246 0.8487
vn 0.2206 0.3509 0.91
vn -0.452 -0.5078 0.7333
vn -0.6267 -0.3644 0.6888
vn -0.6088 -0.6329 0.4783
vn -0.4434 -0.7363 0.5111
vn -0.5116 -0.8277 0.2305
vn -0.3965 -0.8834 0.2496
vn 0.969 -0.1439 -0.2009
vn 0.9819 -0.1022 -0.1592
vn 0.9921 0.1128 0.0539
vn 0.9987 0.02692 0.04193
vn 0.995 -0.06091 -0.07917
vn 0.979 0.1778 0.09955
vn 0.8938 0.3719 0.2505
vn 0.9311 0.2847 0.2279
vn 0.9597 0.1736 0.2206
vn 0.1178 -0.9919 0.04758
vn 0.09647 -0.9927 0.07193
vn 0.3164 -0.9415 0.116
vn 0.3164 -0.9462 0.06766
vn 0.04798 -0.9981 0.03748
vn 0.2997 -0.9501 0.08594
vn 0.5064 -0.8607 0.05222
vn 0.51 -0.8482 0.143
vn 0.5166 -0.8513 0.09192
vn 0.9974 -0.03897 0.06009
vn 0.9595 0.2213 0.1744
vn 0.9622 -0.04425 0.2686
vn 0.9264 0.232 0.2965
vn 0.8168 0.4754 0.3267
vn 0.853 0.4423 0.2771
vn 0.09815 -0.9951 -0.005646
vn 0.2801 -0.9599 9.156e-05
vn 0.492 -0.8706 -0.004883
vn 0.1816 0.8317 0.5246
vn -0.03067 0.8191 0.5727
vn 0.1007 0.8757 0.4722
vn -0.1203 0.8577 0.4998
vn -0.3543 0.7818 0.513
vn -0.2626 0.75 0.607
vn 0.0253 0.9396 0.3413
vn 0.0166 0.9608 0.2767
vn -0.2272 0.9348 0.273
vn -0.2123 0.9161 0.34
vn -0.2221 0.9479 0.2281
vn -0.4592 0.8674 0.1917
vn -0.4621 0.8541 0.2386
vn -0.4486 0.8365 0.3148
vn 0.05496 0.9049 0.422
vn -0.1748 0.8852 0.4312
vn -0.4112 0.8071 0.4237
vn -0.9786 -0.1195 0.1673
vn -0.903 -0.4229 0.07593
vn -0.9963 -0.07657 0.03925
vn -0.9269 -0.3737 -0.034
vn -0.78 -0.6209 -0.07837
vn -0.7454 -0.6666 0.007477
vn 0.9527 -0.03442 0.302
vn 0.9191 0.2635 0.2929
vn 0.9991 0.0332 -0.02738
vn 0.9399 0.3399 0.03296
vn 0.7999 0.5908 0.1053
vn 0.8015 0.5158 0.3023
vn -0.9896 -0.01379 -0.1431
vn -0.9352 0.04614 -0.351
vn -0.8677 -0.2023 -0.4541
vn -0.9318 -0.2852 -0.2243
vn -0.5213 0.2055 -0.8283
vn -0.441 0.06619 -0.895
vn -0.2991 -0.05057 -0.9529
vn -0.7281 -0.4196 -0.542
vn -0.8049 -0.5253 -0.276
vn -0.997 -0.03916 -0.06662
vn -0.9359 -0.3237 -0.1387
vn -0.8021 -0.5698 -0.1784
vn 0.904 0.1162 -0.4114
vn 0.8837 0.3893 -0.2598
vn 0.7552 0.161 -0.6354
vn 0.8042 0.389 -0.4493
vn 0.7522 0.6184 -0.2275
vn 0.7734 0.6261 -0.09836
vn 0.017 -0.9955 -0.09314
vn 0.2988 -0.9504 -0.08551
vn 0.03171 -0.9401 -0.3394
vn 0.3194 -0.8612 -0.3952
vn 0.5102 -0.6999 -0.4998
vn 0.5166 -0.8383 -0.1745
vn -0.9272 0.2704 -0.259
vn -0.9108 0.2551 -0.3244
vn -0.9269 0.06671 -0.3692
vn -0.9446 0.05066 -0.3241
vn -0.9239 0.2346 -0.3021
vn -0.9453 0.08283 -0.3153
vn -0.9418 -0.143 -0.3041
vn -0.9071 -0.205 -0.3675
vn -0.9023 -0.2685 -0.3372
vn 0.4401 0.2072 -0.8737
vn 0.5403 0.3519 -0.7643
vn 0.09726 0.204 -0.9741
vn 0.1587 0.2117 -0.9643
vn 0.216 0.2942 -0.931
vn 0.5691 0.5467 -0.6142
vn 0.131 -0.7029 -0.6991
vn 0.3548 -0.5549 -0.7524
vn 0.3585 -0.03262 -0.9329
vn 0.3272 0.08731 -0.9409
vn 0.4488 -0.3516 -0.8215
vn -0.1301 0.9886 -0.07596
vn 0.1171 0.7333 -0.6697
vn -0.06076 0.7313 -0.6793
vn -0.3809 0.9212 -0.07907
vn 0.8209 -0.5707 -0.02182
vn 0.4959 -0.01764 -0.8682
vn 0.4305 -0.0856 -0.8985
vn 0.6029 -0.7788 -0.1732
vn 0.1522 0.2296 -0.9613
vn 0.2419 0.1759 -0.9542
vn 0.3924 -0.08588 -0.9157
vn 0.4065 -0.8522 -0.3293
vn 0.277 0.3854 -0.8802
vn 0.6273 0.7721 -0.101
vn 0.2559 0.4106 -0.8751
vn 0.3205 0.3417 -0.8834
vn 0.7883 0.614 -0.03891
vn -0.5299 0.5499 -0.6456
vn -0.02899 0.3587 -0.933
vn 0.06412 0.4113 -0.9092
vn -0.4156 0.7396 -0.5293
vn -0.4431 0.5126 -0.7354
vn -0.272 0.6622 -0.6982
vn 0.1656 0.4495 -0.8778
vn -0.2223 0.9142 -0.3387
vn 0.1197 0.08475 -0.9892
vn -0.4743 -0.6059 -0.6387
vn -0.1322 -0.1483 -0.98
vn 0.003113 0.1187 -0.9929
vn -0.6963 -0.3813 -0.6081
vn -0.9333 0.2343 -0.272
vn -0.9571 0.1169 -0.2652
vn -0.9213 0.2535 -0.2949
vn -0.9427 0.1605 -0.2926
vn -0.9503 -0.04422 -0.308
vn -0.9626 -0.08756 -0.2561
vn 0.971 -0.03674 0.2362
vn 0.986 -0.04642 0.1603
vn 0.9274 0.2856 0.2414
vn 0.8965 0.3111 0.3154
vn 0.993 -0.07358 0.0922
vn 0.9596 0.2282 0.1647
vn 0.8152 0.5313 0.2303
vn 0.7562 0.5803 0.3022
vn 0.7203 0.5958 0.3552
vn 0.02915 -0.9993 -0.02136
vn 0.0271 -0.9996 0.003357
vn 0.02078 -0.9985 -0.04959
vn 0.2758 -0.9611 -0.0126
vn 0.259 -0.9658 0.0105
vn 0.2401 -0.9701 0.03464
vn -0.01041 0.9666 0.2558
vn 0.03342 0.9526 0.3024
vn -0.06912 0.9853 0.1559
vn -0.4792 0.8777 0.00528
vn -0.4445 0.8926 0.07471
vn -0.4378 0.8866 0.1489
vn 0.08072 -0.9157 -0.3935
vn 0.0184 -0.9765 -0.2146
vn 0.1627 -0.7997 -0.5778
vn 0.4154 -0.7689 -0.4859
vn 0.3683 -0.8754 -0.3129
vn 0.3185 -0.9355 -0.1531
vn 0.9936 -0.1082 0.03174
vn 0.9842 0.1538 0.08731
vn 0.9912 -0.1312 -0.0145
vn 0.9949 0.09995 0.008148
vn 0.9134 0.4062 0.02594
vn 0.8751 0.4627 0.1418
vn 0.007477 -0.9945 -0.1039
vn 0.2917 -0.9547 -0.05783
vn -0.1027 0.9941 0.03394
vn -0.08951 0.9882 -0.124
vn -0.5045 0.8397 -0.201
vn -0.5121 0.8556 -0.07505
vn -0.8173 0.285 -0.5008
vn -0.7524 0.2785 -0.5969
vn -0.7302 0.1914 -0.6558
vn -0.8137 0.2041 -0.5443
vn -0.7058 0.2589 -0.6594
vn -0.6619 0.1573 -0.7329
vn -0.552 -0.001465 -0.8338
vn -0.6634 0.02042 -0.7479
vn -0.7788 0.01419 -0.627
vn -0.0358 0.9461 -0.3219
vn 0.02423 0.8715 -0.4898
vn -0.3453 0.7709 -0.5352
vn -0.4406 0.8148 -0.3768
vn -0.8822 0.2751 -0.3821
vn -0.8945 0.1933 -0.4031
vn -0.8879 -0.01102 -0.4599
vn 0.9891 -0.1274 -0.07315
vn 0.9914 0.09336 -0.09119
vn 0.9808 -0.1035 -0.1653
vn 0.9729 0.1154 -0.2004
vn 0.8828 0.3868 -0.2664
vn 0.9147 0.3841 -0.1255
vn 0.9499 -0.0726 -0.3038
vn 0.9311 0.1391 -0.3371
vn 0.8748 -0.03668 -0.4831
vn 0.8442 0.1515 -0.5142
vn 0.7301 0.37 -0.5744
vn 0.8262 0.3902 -0.4063
vn 0.217 -0.6581 -0.721
vn 0.2433 -0.512 -0.8238
vn 0.412 -0.4991 -0.7623
vn 0.4288 -0.6401 -0.6375
vn 0.0759 0.785 -0.6148
vn 0.1266 0.6703 -0.7312
vn -0.1262 0.639 -0.7588
vn -0.2411 0.7163 -0.6548
vn 0.6641 -0.5458 -0.511
vn 0.6748 -0.6472 -0.3546
vn 0.6154 -0.4269 -0.6625
vn 0.7773 -0.2935 -0.5565
vn 0.843 -0.3761 -0.3845
vn 0.8658 -0.4436 -0.2313
vn 0.9228 -0.2189 -0.3169
vn 0.95 -0.2609 -0.1713
vn 0.8535 -0.1655 -0.4942
vn 0.6536 -0.727 -0.2105
vn 0.6238 -0.7756 -0.09632
vn 0.8616 -0.4931 -0.1206
vn 0.851 -0.5223 -0.05423
vn 0.9541 -0.2891 -0.07816
vn 0.9529 -0.3016 -0.03174
vn -0.7328 0.561 -0.385
vn -0.7831 0.5681 -0.253
vn -0.6438 0.5589 -0.5225
vn -0.7744 0.3992 -0.4908
vn -0.8419 0.3885 -0.3745
vn -0.8787 0.3867 -0.2799
vn -0.8701 0.3194 -0.3752
vn -0.9046 0.3089 -0.2938
vn -0.8103 0.3297 -0.4845
vn -0.5346 0.5549 -0.6373
vn -0.41 0.5375 -0.7369
vn -0.6102 0.4179 -0.6731
vn -0.696 0.4093 -0.5899
vn -0.7481 0.3323 -0.5744
vn -0.6979 0.3295 -0.6359
vn 0.5981 -0.8008 -0.03
vn 0.5713 -0.8206 0.01038
vn 0.8406 -0.5415 -0.01392
vn 0.826 -0.563 0.02738
vn 0.9525 -0.3046 0.0006714
vn 0.9501 -0.3082 0.04798
vn 0.5418 -0.8396 0.03845
vn 0.5124 -0.8558 0.07089
vn 0.8066 -0.5871 0.0679
vn 0.7833 -0.6104 0.1173
vn 0.9434 -0.3155 0.1019
vn 0.9296 -0.3283 0.1671
vn -0.7856 0.5943 -0.1718
vn -0.7671 0.6276 -0.133
vn -0.8845 0.405 -0.2316
vn -0.8739 0.4358 -0.2151
vn -0.9134 0.3108 -0.2628
vn -0.9046 0.3321 -0.267
vn -0.1003 0.1772 -0.979
vn -0.7899 -0.07962 -0.6081
vn -0.1341 0.248 -0.9594
vn -0.7439 0.2075 -0.6352
vn -0.1016 0.307 -0.9463
vn -0.6374 0.3982 -0.6597
vn -0.5191 0.3507 -0.7794
vn 0.3873 0.2786 -0.8788
vn 0.9417 0.3353 0.02823
vn 0.4744 0.1984 -0.8576
vn 0.9965 -0.02387 0.07974
vn 0.5325 0.08518 -0.8421
vn 0.9477 -0.3121 0.06711
vn 0.09018 0.2315 -0.9686
vn 0.4531 -0.1596 -0.877
vn 0.6178 -0.4921 -0.6133
vn 0.4263 0.02045 -0.9043
vn 0.6828 -0.2308 -0.6932
vn 0.3894 0.1341 -0.9112
vn 0.7018 -0.01202 -0.7123
vn 0.6824 -0.6588 -0.3167
vn 0.697 -0.7168 -0.01926
vn 0.8125 -0.3844 -0.4383
vn 0.8735 -0.4817 -0.07071
vn 0.8697 -0.1171 -0.4795
vn 0.9711 -0.2284 -0.06858
vn -0.6942 0.6975 0.1776
vn -0.687 0.6767 0.2647
vn -0.6901 0.7128 0.1251
vn -0.8792 0.4753 0.03247
vn -0.8845 0.4572 0.09308
vn -0.8818 0.432 0.1893
vn -0.9769 0.2132 0.01202
vn -0.9763 0.1841 0.1135
vn -0.9708 0.233 -0.05606
vn -0.6312 0.7675 -0.1116
vn -0.8303 0.5275 -0.18
vn -0.9232 0.2839 -0.2588
vn 0.6881 -0.6995 0.1927
vn 0.703 -0.6895 0.1742
vn 0.833 -0.4862 0.2638
vn 0.839 -0.4771 0.2618
vn 0.9101 -0.2754 0.3095
vn 0.9235 -0.2738 0.2685
vn -0.656 0.6455 0.3911
vn -0.6032 0.6218 0.4994
vn -0.8578 0.398 0.3253
vn -0.8148 0.3749 0.4422
vn -0.9574 0.1471 0.2485
vn -0.9254 0.1237 0.3583
vn 0.7013 -0.7125 0.02454
vn 0.6629 -0.742 -0.1003
vn 0.8658 -0.498 0.0477
vn 0.8371 -0.5267 -0.1479
vn 0.9606 -0.2766 0.02838
vn 0.9413 -0.296 -0.1622
vn 0.5831 -0.762 -0.2815
vn 0.3107 -0.6294 -0.7123
vn 0.7692 -0.5449 -0.3338
vn 0.6425 -0.4662 -0.6081
vn 0.8993 -0.3166 -0.3016
vn 0.8556 -0.3008 -0.4212
vn -0.1745 0.3756 0.9102
vn -0.01254 0.1978 0.9801
vn -0.3628 0.5199 0.7733
vn -0.6059 0.2863 0.7422
vn -0.413 0.1437 0.8993
vn -0.2472 -0.02863 0.9685
vn -0.5628 -0.1038 0.82
vn -0.3944 -0.2662 0.8795
vn -0.7572 0.0394 0.6519
vn -0.5182 0.5973 0.6121
vn -0.7465 0.3558 0.5623
vn -0.8766 0.1068 0.4691
vn -0.8753 0.4697 -0.1147
vn -0.8663 0.4615 -0.1909
vn -0.894 0.3656 -0.2589
vn -0.9036 0.3875 -0.1825
vn 0.5233 0.725 -0.4477
vn 0.6183 0.7846 -0.04477
vn 0.248 0.4574 -0.8539
vn 0.02191 0.9739 -0.226
vn 0.3642 -0.02817 -0.9309
vn 0.2534 -0.8443 -0.4721
vn -0.7673 -0.5651 -0.303
vn -0.7216 -0.6373 -0.2706
vn -0.8256 -0.4966 -0.2677
vn 0.5454 0.7703 0.3304
vn 0.5292 0.7738 0.348
vn 0.6094 0.7477 0.2638
vn -0.6166 -0.7627 -0.1952
vn -0.5897 -0.8018 -0.09674
vn -0.6168 -0.7248 -0.3066
vn -0.4076 -0.8553 -0.3197
vn -0.4118 -0.8907 -0.1924
vn -0.3783 -0.9211 -0.0911
vn -0.489 -0.2671 -0.8303
vn -0.6208 -0.3374 -0.7075
vn -0.3599 -0.2193 -0.9068
vn -0.7484 -0.4094 -0.5218
vn -0.8286 -0.4472 -0.3367
vn -0.5225 -0.6019 -0.6039
vn -0.3004 -0.7122 -0.6344
vn -0.8507 -0.4614 -0.2517
vn 0.6527 0.5902 -0.475
vn 0.7059 0.6254 -0.3323
vn 0.573 0.5262 -0.6283
vn 0.6771 0.7172 0.1643
vn 0.7254 0.6879 0.02188
vn 0.08985 -0.1625 -0.9826
vn 0.09909 -0.03165 -0.9946
vn 0.2421 0.1137 -0.9636
vn 0.1925 -0.1072 -0.9754
vn -0.1293 0.001495 -0.9916
vn -0.06696 0.1043 -0.9923
vn -0.2096 0.1923 -0.9587
vn -0.1128 0.2363 -0.9651
vn -0.1624 0.3015 -0.9395
vn 0.05722 0.3085 -0.9495
vn 0.09418 0.407 -0.9086
vn 0.2178 0.3188 -0.9225
vn 0.2615 0.4001 -0.8784
vn 0.2869 0.3179 -0.9037
vn 0.3458 0.3711 -0.8618
vn 0.3504 0.2678 -0.8975
vn 0.4799 0.2597 -0.838
vn 0.4509 0.1414 -0.8813
vn 0.557 0.04358 -0.8293
vn 0.4868 0.005005 -0.8735
vn 0.5075 -0.07941 -0.858
vn 0.3902 -0.08567 -0.9167
vn 0.3403 -0.1925 -0.9203
vn 0.2685 -0.1178 -0.956
vn 0.2076 -0.1996 -0.9576
vn 0.7352 0.6573 -0.1657
vn -0.1027 -0.7447 -0.6594
vn -0.2188 -0.9203 -0.3241
vn -0.2236 -0.9622 -0.1554
vn -0.1785 -0.983 -0.04312
vn 0.637 0.6954 0.3326
vn 0.6607 0.6554 0.366
vn 0.6267 0.7576 0.1825
vn 0.4295 0.8652 0.2586
vn 0.4449 0.8146 0.3721
vn 0.4758 0.7781 0.41
vn 0.256 0.8791 0.4021
vn 0.2934 0.8472 0.4429
vn 0.2347 0.9198 0.3144
vn 0.6156 0.7872 0.0369
vn 0.4271 0.8909 0.1541
vn 0.2326 0.943 0.2378
vn 0.7085 0.6091 0.3563
vn 0.7746 0.5196 0.3605
vn 0.5366 0.728 0.4267
vn 0.628 0.6313 0.455
vn 0.3643 0.7993 0.4778
vn 0.475 0.7031 0.5292
vn -0.4971 -0.8659 -0.05481
vn -0.4532 -0.8907 -0.03491
vn -0.517 -0.8554 -0.03116
vn -0.2807 -0.9591 -0.03623
vn -0.2586 -0.963 -0.0763
vn -0.2459 -0.9633 -0.1075
vn -0.06555 -0.9969 -0.04282
vn -0.09412 -0.9893 -0.1113
vn -0.07208 -0.9974 0.003388
vn -0.5465 -0.837 -0.02707
vn -0.3234 -0.9458 -0.02795
vn -0.1147 -0.9933 0.01178
vn 0.8397 0.4119 0.354
vn 0.8954 0.2821 0.3445
vn 0.7217 0.512 0.4657
vn 0.8068 0.3687 0.4616
vn 0.5906 0.5789 0.5622
vn 0.7001 0.427 0.5722
vn -0.3759 -0.9266 0.00473
vn -0.3536 -0.9353 -0.01169
vn -0.255 -0.9564 -0.1423
vn -0.3278 -0.9217 -0.2076
vn -0.1715 -0.9635 -0.2053
vn -0.3002 -0.8995 -0.3175
vn -0.7593 0.6434 -0.0968
vn -0.771 0.6365 -0.02084
vn -0.4977 0.7489 0.4375
vn -0.7347 0.6488 0.1982
vn -0.5093 0.7568 0.4097
vn -0.7797 0.5831 0.2281
vn -0.8918 0.4443 0.08493
vn -0.8648 0.5017 -0.01779
vn 0.6129 0.4031 0.6795
vn 0.5033 0.5153 0.6936
vn 0.6374 0.4416 0.6314
vn 0.5694 0.5042 0.6492
vn 0.4398 0.4916 0.7516
vn 0.3376 0.6045 0.7215
vn -0.8422 -0.5037 0.1922
vn -0.6442 -0.734 0.2147
vn -0.8841 -0.4342 0.1727
vn -0.6694 -0.7149 0.2018
vn -0.4322 -0.8774 0.208
vn -0.4387 -0.8772 0.1949
vn -0.9375 0.3408 -0.06949
vn -0.9408 0.3364 0.04239
vn -0.9842 0.1632 0.06818
vn -0.9938 0.1108 0.003632
vn 0.6011 -0.6534 0.4601
vn 0.7319 -0.407 0.5465
vn 0.611 -0.6601 0.4369
vn 0.7584 -0.4071 0.5089
vn 0.8073 -0.1276 0.5761
vn 0.7703 -0.1403 0.622
vn 0.1583 -0.9511 0.2652
vn 0.3753 -0.8565 0.3543
vn 0.1391 -0.9496 0.2808
vn 0.3675 -0.8617 0.3499
vn -0.07947 0.757 0.6485
vn -0.2564 0.7791 0.5721
vn -0.1681 0.7614 0.6261
vn -0.2614 0.8152 0.5168
vn -0.1705 -0.9703 0.1713
vn -0.02066 -0.9785 0.205
vn -0.1759 -0.9611 0.2126
vn -0.03943 -0.9707 0.237
vn 0.7206 0.1723 0.6715
vn 0.7537 0.2001 0.6259
vn -0.972 -0.206 0.1134
vn -0.9857 -0.116 0.122
vn -0.2915 -0.941 0.1718
vn -0.2816 -0.937 0.2066
vn 0.1068 0.6786 0.7266
vn 0.1736 0.5578 0.8116
vn 0.06522 0.6232 0.7793
vn -0.04068 0.6498 0.759
vn -0.4644 0.8455 0.2634
vn -0.7856 0.6095 0.1065
vn -0.8909 0.4541 0.007752
vn 0.6933 0.5506 0.4648
vn 0.5882 0.6923 0.418
vn 0.4076 0.868 0.2836
vn 0.4922 0.8216 0.2876
vn 0.5728 0.6724 0.4688
vn -0.9292 -0.3569 -0.09552
vn -0.7148 -0.6974 -0.05148
vn -0.4379 -0.8989 0.01358
vn -0.928 0.3703 -0.04059
vn -0.9691 0.2344 -0.0762
vn 0.7154 -0.6448 0.269
vn 0.8688 -0.3689 0.3302
vn 0.9154 -0.07096 0.3961
vn 0.1936 -0.9698 0.1484
vn 0.4495 -0.8704 0.2006
vn 0.04404 0.9319 0.3601
vn -0.0354 0.941 0.3363
vn 0.2896 0.9225 0.255
vn 0.333 0.89 0.3113
vn -0.1499 -0.9852 0.0831
vn -0.002747 -0.9937 0.1115
vn 0.8454 0.2787 0.4556
vn -0.9948 -0.01798 -0.09989
vn -0.2636 -0.963 0.05649
vn 0.9733 -0.0896 0.211
vn 0.9575 -0.2227 0.1832
vn 0.8056 -0.2544 0.535
vn 0.8254 -0.1084 0.554
vn 0.9572 -0.227 0.1793
vn 0.8042 -0.2607 0.5341
vn 0.5065 -0.273 0.8179
vn 0.4801 -0.2672 0.8355
vn 0.4743 -0.1188 0.8723
vn -0.001373 0.5317 -0.8469
vn 0.1745 0.5322 -0.8284
vn 0.2714 0.5235 -0.8076
vn -0.4291 0.3985 -0.8106
vn -0.2548 0.4751 -0.8422
vn -0.01856 -0.2864 -0.9579
vn -0.1889 -0.1744 -0.9663
vn -0.3651 -0.02664 -0.9306
vn 0.658 -0.1936 -0.7277
vn 0.5334 -0.2895 -0.7948
vn 0.3779 -0.3466 -0.8585
vn 0.7344 0.01044 -0.6785
vn 0.723 -0.09809 -0.6838
vn -0.4988 0.1301 -0.8569
vn -0.5434 0.2261 -0.8084
vn -0.5422 0.3087 -0.7815
vn 0.3941 0.4845 -0.781
vn 0.477 0.4337 -0.7644
vn 0.5997 0.3223 -0.7324
vn 0.3341 0.5074 -0.7943
vn 0.2557 -0.359 -0.8976
vn 0.167 -0.3522 -0.9209
vn 0.094 -0.3341 -0.9378
vn 0.3413 0.9219 -0.1833
vn 0.2358 0.9043 0.3558
vn 0.2991 0.8454 0.4425
vn 0.2565 0.9531 -0.1607
vn 0.3489 0.8155 0.4617
vn 0.0951 0.991 -0.09394
vn -0.1791 0.9753 0.1291
vn 0.1372 0.9655 0.2213
vn 0.04578 0.9609 0.273
vn -0.2034 0.942 0.267
vn 0.04401 0.9214 0.386
vn -0.1658 0.8836 0.4378
vn 0.5073 0.6251 0.5931
vn 0.4356 0.7577 0.4858
vn 0.5436 0.7524 0.3719
vn 0.6795 0.609 0.409
vn 0.5382 0.8038 0.2534
vn 0.7378 0.6324 0.2359
vn 0.0759 0.862 0.5012
vn -0.06394 0.7924 0.6066
vn 0.1553 0.8096 0.5661
vn 0.08432 0.7041 0.705
vn 0.2808 0.7801 0.559
vn 0.2757 0.6537 0.7047
vn 0.5686 0.8208 -0.05475
vn 0.1553 0.9183 0.3641
vn 0.1505 0.9098 0.3866
vn 0.4235 0.893 -0.1519
vn 0.2977 0.9065 0.2994
vn 0.6984 0.7105 0.08603
vn 0.3187 0.8706 0.3748
vn -0.0799 0.9968 0.007904
vn -0.2137 -0.1329 0.9678
vn 0.1609 0.7724 0.6144
vn 0.2917 0.7725 0.564
vn 0.06409 -0.1334 0.989
vn 0.3974 0.7985 0.4522
vn 0.5556 0.7813 0.2842
vn 0.5569 0.8135 0.1677
vn 0.989 -0.04758 -0.1402
vn 0.5114 0.8571 0.06101
vn 0.8389 0.007599 -0.5442
vn -0.5431 0.1592 -0.8244
vn 0.09854 0.99 -0.101
vn -0.1086 0.994 0.01147
vn -0.8719 0.1281 -0.4725
vn -0.2149 0.9601 0.1788
vn -0.987 0.08094 -0.1385
vn 0.4605 0.8852 -0.06601
vn 0.5331 0.04855 -0.8447
vn 0.3745 0.9139 -0.1563
vn 0.2163 0.08197 -0.9728
vn 0.2564 0.9512 -0.1715
vn -0.1181 0.1295 -0.9845
vn -0.809 -0.01004 0.5877
vn -0.02329 0.8806 0.4733
vn 0.06397 0.8209 0.5675
vn -0.4838 -0.08829 0.8707
vn -0.1655 0.9226 0.3483
vn -0.9814 0.04721 0.1858
vn 0.4825 0.7864 0.3857
vn -0.5657 0.1002 -0.8185
vn -0.5526 0.2328 -0.8003
vn -0.1987 0.2066 -0.958
vn -0.2019 0.07562 -0.9765
vn -0.4784 0.5153 -0.711
vn -0.1476 0.4874 -0.8606
vn 0.2145 0.4418 -0.8711
vn 0.1894 0.1552 -0.9695
vn 0.1772 0.02304 -0.9839
vn -0.2231 -0.2483 0.9426
vn -0.5273 -0.1939 0.8272
vn -0.2067 -0.2458 0.947
vn -0.5445 -0.1835 0.8184
vn -0.8275 -0.09955 0.5526
vn -0.8241 -0.1092 0.5557
vn 0.1869 0.0134 -0.9823
vn 0.5294 -0.03784 -0.8475
vn 0.5417 -0.03513 -0.8398
vn 0.826 -0.101 -0.5545
vn 0.8235 -0.1007 -0.5583
vn 0.9694 -0.1697 -0.1776
vn 0.967 -0.1709 -0.1886
vn -0.982 -0.03629 0.1855
vn -0.9791 -0.02777 0.2013
vn -0.9876 0.02631 -0.1545
vn -0.9881 0.01303 -0.1534
vn -0.5606 0.09046 -0.8231
vn -0.1715 0.06449 -0.983
vn -0.8643 0.06323 -0.499
vn -0.8543 0.07666 -0.514
vn 0.09467 -0.2656 0.9594
vn 0.1463 -0.2704 0.9515
vn -0.7291 0.3545 0.5853
vn -0.582 0.6062 0.5419
vn -0.6992 0.66 0.2747
vn -0.8675 0.4196 0.2673
vn -0.433 0.7654 0.4761
vn -0.5267 0.808 0.264
vn -0.5342 0.8448 0.03134
vn -0.7078 0.7061 -0.01648
vn -0.8775 0.4734 -0.07669
vn -0.9759 0.1725 -0.1335
vn -0.8367 0.2181 -0.5023
vn -0.7455 0.5109 -0.4279
vn 0.5372 -0.146 0.8307
vn 0.1911 -0.137 0.972
vn 0.5455 0.1629 0.8221
vn 0.2282 0.1779 0.9572
vn -0.1266 0.22 0.9672
vn -0.1808 -0.1017 0.9782
vn 0.9749 -0.1004 0.1987
vn 0.8207 -0.135 0.5552
vn 0.9499 0.2074 0.2335
vn 0.8045 0.1737 0.568
vn -0.5384 -0.035 0.8419
vn -0.4699 0.2835 0.836
vn -0.8166 0.04563 0.5754
vn 0.5627 0.09354 -0.8213
vn 0.5621 0.385 -0.732
vn 0.8246 0.3222 -0.4649
vn 0.8431 0.02564 -0.537
vn 0.9835 -0.0441 -0.1754
vn 0.9581 0.2587 -0.1227
vn -0.9658 0.1161 0.2319
vn -0.9492 -0.2856 0.1321
vn -0.9871 0.03229 -0.157
vn -0.9996 0.02722 -0.009949
vn -0.9963 -0.06546 0.05441
vn -0.9017 0.4085 0.1416
vn -0.9862 0.1547 0.0582
vn -0.9846 0.1014 -0.1418
vn -0.9875 0.03278 -0.1544
vn -0.9871 -0.0108 -0.1599
vn -0.366 0.7374 -0.5676
vn -0.08271 0.7116 -0.6977
vn -0.2557 0.8707 -0.4201
vn -0.02603 0.8491 -0.5276
vn 0.2135 0.8184 -0.5335
vn 0.221 0.6749 -0.7041
vn -0.5954 0.7373 -0.3192
vn -0.4436 0.8701 -0.2147
vn 0.5015 0.4422 0.7436
vn 0.2365 0.4554 0.8582
vn 0.4385 0.6305 0.6405
vn 0.228 0.6435 0.7307
vn -0.017 0.6759 0.7368
vn -0.06677 0.4942 0.8668
vn 0.8413 0.4816 0.2454
vn 0.7171 0.4527 0.53
vn 0.7104 0.6614 0.2405
vn 0.6099 0.6376 0.4706
vn -0.3619 0.548 0.7541
vn -0.2562 0.7195 0.6454
vn 0.5112 0.6285 -0.5862
vn 0.4421 0.7819 -0.4394
vn 0.6224 0.7403 -0.2539
vn 0.7344 0.5769 -0.3575
vn 0.8493 0.5242 -0.06143
vn 0.7171 0.6969 -0.01083
vn 0.2144 0.6827 -0.6985
vn 0.148 0.9868 0.06638
vn 0.1205 0.9918 0.04151
vn -0.08637 0.705 -0.7038
vn 0.06586 0.9967 0.04605
vn -0.3822 0.7006 -0.6025
vn -0.7922 0.6038 -0.08823
vn -0.03156 0.9918 0.1238
vn -0.04163 0.9846 0.1699
vn -0.8172 0.5297 0.227
vn -0.02353 0.9772 0.2111
vn -0.7119 0.4495 0.5395
vn 0.5603 0.2814 0.779
vn 0.2077 0.9546 0.2134
vn 0.2036 0.9613 0.1856
vn 0.7938 0.3237 0.5148
vn 0.2079 0.9646 0.1623
vn 0.9016 0.3871 0.1928
vn 0.01926 0.9671 0.2537
vn -0.4725 0.3697 0.8
vn 0.105 0.9573 0.2694
vn -0.1213 0.3059 0.9443
vn 0.1819 0.9493 0.2561
vn 0.2497 0.2718 0.9293
vn 0.7366 0.5528 -0.3897
vn 0.1799 0.9786 0.09952
vn 0.1613 0.9837 0.0795
vn 0.5023 0.6296 -0.5927
vn 0.2036 0.9706 0.1281
vn 0.8777 0.4649 -0.1162
vn 0.007813 0.9968 0.07932
vn -0.6404 0.6654 -0.3835
vn -0.1663 -0.04743 0.9849
vn 0.1625 0.9536 0.2534
vn 0.1852 0.9604 0.2081
vn 0.2176 -0.008667 0.976
vn 0.1588 0.9753 0.1532
vn 0.5505 0.0387 0.8339
vn 0.9652 0.1442 0.2182
vn 0.07208 0.9856 0.1529
vn 0.06101 0.9829 0.1735
vn 0.9723 0.1833 -0.1449
vn 0.07007 0.9769 0.2019
vn 0.8397 0.2065 -0.5022
vn -0.5703 0.09204 -0.8163
vn 0.1609 0.9863 0.03528
vn 0.03256 0.9944 0.1003
vn -0.8508 0.04035 -0.5239
vn -0.02655 0.9782 0.2059
vn -0.9877 -0.004181 -0.1563
vn 0.1269 0.9691 0.2113
vn 0.5699 0.2071 -0.7952
vn 0.2156 0.9587 0.1854
vn 0.1921 0.1833 -0.9641
vn 0.239 0.9674 0.08319
vn -0.212 0.141 -0.967
vn -0.835 -0.06082 0.5467
vn 0.05106 0.9534 0.2974
vn 0.1035 0.9514 0.29
vn -0.5505 -0.06766 0.832
vn -0.007904 0.9624 0.2715
vn -0.9784 -0.0369 0.2034
vn 0.1026 0.9853 0.1366
vn 0.8196 0.09311 0.5653
vn 0.8466 0.04209 -0.5306
vn 0.8419 -0.002258 -0.5396
vn 0.9806 0.02734 -0.1939
vn 0.982 0.05441 -0.1807
vn 0.8382 -0.0867 -0.5383
vn 0.9805 -0.03375 -0.1937
vn 0.9861 0.03207 0.163
vn 0.9839 0.06442 0.1664
vn 0.9808 0.06925 0.1823
vn -0.5707 0.08454 -0.8168
vn -0.5781 0.06809 -0.8131
vn -0.2105 0.08863 -0.9735
vn -0.2041 0.1271 -0.9706
vn -0.5754 0.0481 -0.8164
vn -0.2113 0.03351 -0.9768
vn 0.1952 0.02997 -0.9803
vn 0.1997 0.1072 -0.974
vn 0.2031 0.1588 -0.9662
vn -0.8628 0.04837 -0.5031
vn -0.8569 0.03519 -0.5143
vn -0.8602 0.07303 -0.5047
vn 0.5749 -0.01245 0.8181
vn 0.5875 0.02811 0.8087
vn 0.5098 0.01648 0.8601
vn 0.3976 -0.07886 0.9142
vn 0.588 0.1079 0.8016
vn 0.4596 0.1632 0.873
vn 0.4447 0.4262 0.7877
vn 0.7199 0.009217 0.694
vn 0.2802 -0.3685 0.8864
vn 0.976 0.09101 0.198
vn 0.9778 0.07654 0.1949
vn 0.8321 0.05106 0.5522
vn 0.8322 0.04001 0.553
vn 0.837 0.08649 0.5403
vn 0.6581 0.703 0.2696
vn 0.6836 0.6974 0.2151
vn 0.8906 -0.09702 0.4442
vn 0.9026 -0.06888 0.4248
vn 0.7162 0.6857 0.1298
vn 0.8709 -0.08896 0.4834
vn 0.3497 -0.819 0.455
vn 0.4137 -0.8494 0.3276
vn 0.4682 -0.8366 0.2845
vn 0.5799 0.1152 -0.8065
vn 0.5785 0.1707 -0.7976
vn 0.5755 0.0332 -0.8171
vn 0.8484 0.1112 -0.5175
vn 0.8447 0.1607 -0.5105
vn 0.9811 0.09711 -0.1675
vn 0.9778 0.1322 -0.1623
vn 0.9735 -0.1152 0.1975
vn 0.9692 -0.1187 0.2155
vn 0.8456 0.0766 0.5282
vn 0.8535 0.07352 0.5159
vn 0.9643 -0.1165 0.2379
vn 0.8355 0.08853 0.5423
vn 0.6028 0.268 0.7515
vn 0.6124 0.2542 0.7485
vn 0.6291 0.2418 0.7388
vn -0.8841 0.2203 0.412
vn -0.978 0.1668 0.1252
vn -0.974 -0.04651 0.2216
vn -0.9845 0.1515 0.08866
vn -0.9792 0.1441 -0.143
vn -0.982 0.1323 -0.1349
vn -0.5688 0.02933 -0.8219
vn -0.2057 -0.00586 -0.9786
vn -0.5785 -0.02091 -0.8154
vn -0.2195 -0.08329 -0.972
vn 0.1812 -0.1158 -0.9766
vn 0.1955 -0.02182 -0.9804
vn -0.8556 0.08136 -0.5111
vn -0.8587 0.06668 -0.5081
vn 0.5833 0.1497 0.7983
vn 0.3775 0.1831 0.9077
vn 0.5944 0.1708 0.7858
vn 0.4084 0.1662 0.8975
vn 0.2649 -0.08307 0.9607
vn 0.07611 0.2429 0.967
vn 0.8444 0.1078 0.5246
vn 0.8495 0.1074 0.5165
vn -0.5008 0.2779 0.8197
vn -0.2946 0.723 0.6249
vn -0.5628 -0.1812 0.8065
vn 0.5709 -0.02036 -0.8207
vn 0.5613 -0.117 -0.8193
vn -0.9101 0.2765 -0.3087
vn -0.9072 0.2993 -0.2955
vn -0.8235 0.03742 -0.5661
vn -0.8175 0.01447 -0.5757
vn -0.8999 0.3207 -0.2955
vn -0.8325 0.05982 -0.5506
vn -0.6217 -0.2409 -0.7452
vn -0.5949 -0.2497 -0.764
vn -0.5812 -0.2657 -0.7691
vn 0.4507 0.5334 0.7158
vn 0.134 0.4605 0.8775
vn -0.4458 0.5329 0.7192
vn -0.3033 0.7643 0.5691
vn 0.3367 0.1605 0.9278
vn -0.5368 0.2235 0.8135
vn -0.9835 0.1323 0.1234
vn -0.8541 0.4217 0.3044
vn -0.8471 0.5245 0.08576
vn 0.1013 -0.4381 -0.8932
vn 0.1151 -0.4579 -0.8815
vn 0.4951 -0.4794 -0.7245
vn 0.4859 -0.4616 -0.7422
vn 0.126 -0.487 -0.8643
vn 0.5043 -0.5052 -0.7003
vn 0.7952 -0.4348 -0.4225
vn 0.7891 -0.4169 -0.4511
vn 0.7842 -0.4027 -0.472
vn 0.9503 -0.2877 -0.1191
vn 0.9501 -0.2786 -0.1401
vn 0.951 -0.2954 -0.09107
vn -0.953 0.3024 0.02002
vn -0.9514 0.3079 0.006653
vn -0.9644 0.2616 -0.03708
vn -0.9559 0.1785 -0.2331
vn -0.9596 0.1883 -0.2088
vn -0.9623 0.1921 -0.1923
vn -0.606 -0.1936 -0.7715
vn -0.5918 -0.2112 -0.7779
vn -0.2633 -0.362 -0.8942
vn -0.2794 -0.3421 -0.8972
vn -0.5818 -0.2343 -0.7788
vn -0.2519 -0.3901 -0.8856
vn -0.8497 -0.008362 -0.5272
vn -0.8592 0.00412 -0.5116
vn -0.8423 -0.02264 -0.5384
vn 0.4274 0.3519 0.8327
vn 0.4859 0.3384 0.8058
vn 0.451 0.3283 0.8299
vn -0.6034 0.7947 0.06525
vn -0.6824 0.7288 0.05564
vn -0.8217 0.54 -0.1823
vn -0.7667 0.6195 -0.1685
vn -0.7712 0.6314 0.08054
vn -0.8829 0.4367 -0.1727
vn -0.8916 0.191 -0.4106
vn -0.8683 0.2914 -0.4014
vn -0.8433 0.3777 -0.3823
vn 0.5958 0.2811 0.7523
vn 0.5954 0.2745 0.7551
vn 0.3752 0.445 0.8131
vn 0.4373 0.4234 0.7934
vn 0.6149 0.2719 0.7402
vn 0.3961 0.4386 0.8067
vn 0.1697 0.4583 0.8724
vn 0.05918 0.6147 0.7866
vn 0.4182 0.6169 0.6667
vn 0.9225 -0.2292 0.3104
vn 0.92 -0.2511 0.3008
vn 0.8199 0.01151 0.5723
vn 0.8139 0.03207 0.5801
vn 0.9132 -0.2758 0.2999
vn 0.8272 -0.003327 0.5618
vn -0.4194 0.7162 0.5577
vn -0.3312 0.8473 0.4152
vn -0.465 0.6276 0.6244
vn -0.8523 0.5043 0.1387
vn -0.7619 0.6182 0.193
vn -0.7911 0.5999 -0.1193
vn 0.08063 -0.609 -0.789
vn 0.09165 -0.6343 -0.7676
vn 0.4528 -0.68 -0.5766
vn 0.4654 -0.6519 -0.5986
vn 0.07019 -0.6632 -0.7451
vn 0.4373 -0.7134 -0.5475
vn 0.7121 -0.6453 -0.2765
vn 0.7285 -0.6144 -0.3027
vn 0.7533 -0.5852 -0.3002
vn 0.8869 -0.4619 0.003693
vn 0.8995 -0.4366 0.01474
vn 0.8715 -0.4901 0.01724
vn -0.8827 0.4639 -0.0748
vn -0.8934 0.4302 -0.1292
vn -0.8779 0.4712 -0.0846
vn -0.2782 -0.4812 -0.8313
vn -0.2781 -0.4743 -0.8352
vn -0.3081 -0.4935 -0.8133
vn 0.2569 -0.7652 -0.5902
vn 0.317 -0.6824 -0.6587
vn 0.6374 -0.6395 -0.4297
vn 0.5777 -0.7317 -0.3618
vn 0.3239 -0.6051 -0.7272
vn 0.6537 -0.5698 -0.498
vn 0.872 -0.446 -0.2017
vn 0.8498 -0.5041 -0.1538
vn 0.7948 -0.5979 -0.1042
vn -0.6419 -0.3189 -0.6973
vn -0.5675 -0.4043 -0.7172
vn -0.2537 -0.6622 -0.705
vn -0.4042 -0.5697 -0.7155
vn -0.4865 -0.443 -0.753
vn -0.1201 -0.6681 -0.7343
vn 0.1177 -0.8131 -0.5701
vn -0.1705 -0.6007 -0.781
vn -0.7979 -0.04004 -0.6014
vn -0.8151 0.04819 -0.5773
vn -0.7688 -0.1212 -0.6279
vn 0.6334 0.3696 0.6797
vn 0.5755 0.4299 0.6956
vn 0.2544 0.6933 0.6742
vn 0.3434 0.6631 0.6651
vn 0.4982 0.4753 0.7252
vn 0.1459 0.6901 0.7088
vn -0.228 0.7897 0.5696
vn -0.1112 0.839 0.5326
vn -0.008911 0.847 0.5314
vn 0.8664 -0.3153 0.3871
vn 0.8857 -0.2381 0.3984
vn 0.8011 0.09027 0.5917
vn 0.8189 0.01108 0.5737
vn 0.9061 -0.1331 0.4016
vn 0.7726 0.1744 0.6104
vn -0.4447 0.8421 0.3052
vn -0.348 0.8846 0.3102
vn -0.5524 0.7611 0.3399
vn 0.4823 -0.8123 -0.3279
vn 0.4434 -0.8099 -0.384
vn 0.7209 -0.6903 -0.0614
vn 0.7894 -0.6137 -0.01593
vn 0.852 -0.4913 0.1807
vn 0.8245 -0.528 0.2031
vn 0.9062 -0.3926 0.1571
vn 0.9186 -0.05075 0.3919
vn 0.9235 -0.0513 0.3801
vn 0.7845 0.1235 0.6076
vn 0.7574 0.1757 0.6288
vn 0.9318 -0.03235 0.3614
vn 0.7778 0.3044 0.5499
vn 0.5049 0.3223 0.8007
vn 0.4732 0.3441 0.8109
vn 0.4458 0.4099 0.7957
vn 0.9437 -0.3019 0.1352
vn 0.9594 -0.2528 0.1251
vn 0.9152 -0.06326 0.3979
vn -0.8255 0.5484 0.1335
vn -0.9217 0.3624 -0.1383
vn -0.8445 0.4948 0.2047
vn -0.9403 0.3303 -0.08191
vn -0.9144 0.1056 -0.3908
vn -0.9055 0.1284 -0.4043
vn -0.4413 -0.4257 -0.7899
vn -0.06729 -0.6088 -0.7905
vn -0.4325 -0.3782 -0.8184
vn -0.06647 -0.5358 -0.8417
vn -0.7467 -0.1549 -0.6469
vn -0.7348 -0.1516 -0.6611
vn 0.4453 0.4714 0.7612
vn 0.07477 0.647 0.7588
vn 0.05786 0.573 0.8175
vn -0.3228 0.6377 0.6994
vn -0.3009 0.717 0.6288
vn 0.7514 0.2095 0.6257
vn -0.6181 0.6762 0.401
vn -0.6408 0.6041 0.4736
vn 0.253 0.8725 -0.418
vn 0.09607 0.6132 0.784
vn 0.997 -0.05792 -0.05115
vn 0.8906 -0.35 -0.2903
vn 0.6482 -0.2796 -0.7083
vn 0.3038 -0.457 -0.836
vn -0.0748 -0.2054 -0.9758
vn -0.4339 -0.2545 -0.8643
vn -0.6996 0.09662 -0.7079
vn -0.9106 0.1302 -0.3923
vn -0.8936 0.4395 -0.09082
vn -0.8353 0.4614 0.2989
vn -0.5926 0.6364 0.4938
vn -0.3107 0.5515 0.7741
vn -0.3231 0.5719 0.754
vn -0.6353 0.5447 0.5473
vn -0.8454 0.4622 0.2678
vn 0.3048 -0.5276 -0.7929
vn 0.657 -0.4953 -0.5683
vn 0.8801 -0.4008 -0.2546
vn 0.9706 -0.2123 0.113
vn -0.9448 0.3273 -0.01196
vn -0.9168 0.1071 -0.3847
vn -0.44 -0.3144 -0.8411
vn -0.07712 -0.444 -0.8927
vn -0.7247 -0.1168 -0.6791
vn 0.07312 0.4947 0.8659
vn 0.8435 0.1732 -0.5083
vn 0.9772 0.1449 -0.1552
vn 0.9728 0.103 0.2075
vn 0.1978 0.1667 -0.9659
vn 0.5746 0.1814 -0.798
vn -0.07739 -0.1379 0.9874
vn -0.5562 -0.179 0.8115
vn -0.5289 -0.5389 0.6555
vn -0.8781 -0.1292 0.4606
vn 0.8273 0.05078 0.5594
vn 0.5585 -0.003174 0.8295
vn 0.2737 -0.05878 0.96
vn -0.9877 -0.01111 -0.1557
vn -0.8533 0.03626 -0.5201
vn -0.5698 0.08753 -0.8171
vn -0.2077 0.1323 -0.9692
vn -0.9871 -0.05792 0.1491
vn 0.3146 -0.7553 0.5749
vn -0.2768 -0.9025 0.33
vn -0.2446 -0.9505 0.1913
vn 0.3029 -0.6804 0.6673
vn -0.2901 -0.8456 0.448
vn -0.7411 -0.6667 0.07901
vn -0.7239 -0.6897 -0.01624
vn -0.6982 -0.7063 -0.1166
vn -0.1901 -0.9802 0.05463
vn -0.1726 -0.985 0.008484
vn -0.6651 -0.7166 -0.2102
vn -0.6718 -0.6991 -0.2448
vn -0.4859 0.8382 -0.2477
vn -0.4296 0.8425 -0.3251
vn 0.1964 0.9789 -0.0567
vn 0.1494 0.9883 0.0315
vn -0.3731 0.8118 -0.4492
vn 0.2495 0.949 -0.1926
vn -0.9024 0.05506 -0.4273
vn -0.9127 0.06003 -0.4042
vn -0.8936 0.04303 -0.4467
vn -0.7696 -0.614 0.1752
vn -0.9041 -0.02823 -0.4263
vn -0.8953 -0.01093 -0.4453
vn -0.8166 -0.5064 0.2771
vn -0.911 -0.02615 -0.4115
vn -0.2912 0.5066 -0.8115
vn -0.3283 0.6135 -0.7182
vn -0.3407 0.6874 -0.6413
vn 0.7317 0.6808 0.03284
vn 0.8646 -0.04358 0.5005
vn 0.7422 0.6681 -0.05124
vn 0.8643 0.001312 0.503
vn -0.889 0.02042 -0.4575
vn -0.3426 0.7537 -0.5608
vn 0.2733 0.9045 -0.3273
vn 0.2792 0.855 -0.437
vn -0.2536 0.3876 -0.8862
vn 0.4259 0.4848 -0.7638
vn 0.3631 0.6526 -0.665
vn -0.2303 0.3563 -0.9055
vn 0.3661 0.5672 -0.7377
vn 0.866 0.3976 -0.3032
vn 0.8638 0.4184 -0.2806
vn 0.8186 0.5311 -0.2185
vn 0.3036 0.7823 -0.5438
vn 0.7678 0.6268 -0.1325
vn 0.2771 -0.5938 0.7553
vn -0.3203 -0.7622 0.5626
vn 0.2208 -0.47 0.8546
vn -0.3819 -0.6201 0.6853
vn 0.8616 0.03049 0.5067
vn 0.8545 0.0499 0.517
vn 0.1241 -0.1405 0.9823
vn 0.6993 0.3945 0.5961
vn -0.2035 0.9478 0.2452
vn -0.5212 -0.05716 0.8515
vn -0.9001 0.2973 -0.3185
vn -0.8976 -0.1903 0.3976
vn 0.1567 -0.2991 0.9413
vn -0.4551 -0.4098 0.7905
vn -0.8678 -0.3426 0.36
vn 0.8499 0.1007 0.5172
vn -0.9101 0.01691 -0.414
vn 0.6191 0.2106 0.7565
vn 0.5258 0.2348 0.8175
vn 0.7134 0.1359 0.6874
vn -0.9708 0.1734 -0.1659
vn -0.8659 0.03552 -0.4989
vn -0.6061 -0.1204 -0.7862
vn -0.2655 -0.2372 -0.9344
vn 0.1295 -0.3091 -0.9421
vn -0.9784 0.1537 -0.1379
vn -0.9759 0.2181 -0.01041
vn 0.8162 -0.2726 -0.5094
vn 0.9706 -0.1737 -0.1664
vn 0.982 -0.04831 0.1825
vn 0.5218 -0.3231 -0.7895
vn 0.4454 -0.7563 0.4791
vn 0.4074 -0.7284 0.5508
vn -0.2784 -0.9209 0.2728
vn -0.286 -0.9308 0.2275
vn 0.3914 -0.605 0.6934
vn -0.2631 -0.8719 0.4129
vn -0.7082 -0.706 -0.007416
vn -0.7404 -0.6669 -0.08396
vn -0.7748 -0.6238 -0.1028
vn 0.8506 0.09317 0.5175
vn 0.7112 0.7016 0.04422
vn 0.6165 0.7797 -0.1091
vn 0.8212 0.3313 0.4645
vn 0.8415 0.1285 0.5247
vn 0.4916 0.8348 -0.2478
vn 0.7766 0.515 0.3629
vn 0.553 -0.207 0.807
vn 0.4612 -0.4135 0.785
vn 0.7576 0.6358 0.1473
vn 0.7524 0.6492 0.1115
vn 0.88 0.001099 0.475
vn 0.9059 -0.02884 0.4225
vn -0.8917 -0.01505 -0.4524
vn -0.916 0.0394 -0.3992
vn -0.8611 -0.1359 -0.4899
vn -0.4068 0.6122 -0.678
vn -0.4084 0.7374 -0.5379
vn -0.474 0.7691 -0.4287
vn 0.2923 0.9218 -0.2546
vn 0.2534 0.9538 -0.1613
vn 0.2645 0.8814 -0.3912
vn -0.5081 -0.8201 0.2633
vn -0.4377 -0.8285 0.3493
vn -0.7658 -0.5817 -0.2741
vn -0.7984 -0.4917 -0.3476
vn -0.4431 -0.8056 0.3933
vn -0.8806 -0.4545 -0.1337
vn -0.6667 0.08982 -0.7399
vn -0.6259 0.1068 -0.7725
vn -0.5728 0.2234 -0.7886
vn -0.6258 -0.7702 0.1231
vn -0.8363 -0.3186 -0.4461
vn -0.4844 0.4172 -0.7689
vn -0.1635 -0.8075 0.5667
vn -0.02271 -0.7262 0.6871
vn 0.1476 0.8173 -0.557
vn 0.001007 0.7373 -0.6755
vn 0.5073 0.002258 0.8618
vn 0.4455 0.7192 0.5331
vn -0.7024 0.4792 0.5264
vn -0.08563 -0.4804 0.8729
vn 0.3195 0.9042 -0.2832
vn -0.3609 0.714 -0.6
vn 0.5589 -0.07114 0.8261
vn 0.04462 -0.6489 0.7595
vn -0.1068 0.6839 -0.7217
vn 0.3929 0.8701 -0.2976
vn 0.7016 0.6306 0.3318
vn -0.5923 -0.2789 -0.7559
vn -0.2692 -0.4547 -0.8489
vn -0.6036 -0.3156 -0.7321
vn -0.3073 -0.5048 -0.8066
vn 0.05115 -0.6396 -0.767
vn 0.1074 -0.5647 -0.8183
vn -0.9468 0.1858 -0.2626
vn -0.954 0.2665 -0.137
vn -0.8149 0.5606 -0.147
vn -0.9307 0.3473 -0.1149
vn -0.9441 0.1945 -0.2661
vn -0.949 0.183 -0.2568
vn 0.7841 -0.4977 -0.3706
vn 0.9413 -0.334 -0.04859
vn 0.7718 -0.5593 -0.3025
vn 0.9293 -0.3692 -0.006806
vn 0.9498 -0.1465 0.2763
vn 0.9559 -0.1283 0.2641
vn 0.4896 -0.5831 -0.6482
vn 0.4562 -0.6705 -0.585
vn 0.4439 -0.5488 0.7083
vn 0.4042 -0.5175 0.7542
vn -0.3075 -0.7782 0.5476
vn -0.3153 -0.7964 0.5161
vn 0.3878 -0.3854 0.8373
vn -0.3101 -0.6939 0.6499
vn -0.8049 -0.5849 0.09964
vn -0.8196 -0.5718 0.03537
vn -0.8524 -0.5228 0.004395
vn 0.83 0.1039 0.548
vn 0.8345 0.1074 0.5404
vn 0.6195 0.3302 0.7122
vn 0.6116 0.2997 0.7322
vn 0.541 0.3491 0.7651
vn 0.4994 0.4472 0.7419
vn 0.5154 0.632 0.5787
vn 0.7202 0.2234 0.6567
vn -0.8439 -0.04065 -0.5349
vn -0.8443 -0.0585 -0.5326
vn -0.4001 0.39 -0.8293
vn -0.4256 0.234 -0.8741
vn 0.2686 0.6144 -0.7418
vn 0.3188 0.7051 -0.6334
vn -0.4559 0.1033 -0.884
vn 0.2123 0.5416 -0.8134
vn 0.7087 0.6489 -0.2767
vn 0.7645 0.6188 -0.1805
vn 0.8083 0.5855 -0.06113
vn 0.8182 0.5734 0.04004
vn 0.824 0.5665 0.007569
vn 0.8577 0.04721 0.512
vn 0.8763 0.01721 0.4814
vn 0.8383 0.1533 0.5231
vn -0.8739 -0.047 -0.4838
vn -0.8913 0.02139 -0.4529
vn -0.8529 -0.1548 -0.4986
vn -0.4198 0.5322 -0.7352
vn -0.4684 0.5984 -0.6499
vn 0.3159 0.7935 -0.5202
vn 0.2733 0.8545 -0.4418
vn -0.7153 -0.6311 0.2999
vn -0.6929 -0.6274 0.3553
vn -0.8214 -0.4526 -0.347
vn -0.8346 -0.393 -0.3859
vn -0.7048 -0.6019 0.3754
vn -0.9015 -0.3234 -0.2875
vn -0.4848 0.01871 -0.8744
vn -0.4692 0.02683 -0.8827
vn 0.836 0.2876 0.4672
vn 0.818 0.4109 0.4026
vn 0.4431 -0.09009 0.8919
vn 0.4187 -0.2316 0.878
vn -0.7662 -0.6108 0.1995
vn -0.845 -0.2818 -0.4544
vn -0.2658 -0.6072 0.7488
vn -0.2154 -0.5271 0.822
vn 0.3756 0.08356 0.923
vn 0.5849 0.6605 0.4706
vn -0.6301 0.7324 0.2581
vn -0.3338 -0.2628 0.9053
vn 0.6261 0.7101 -0.3221
vn -0.0148 0.5963 -0.8026
vn 0.4159 0.01386 0.9093
vn -0.2177 -0.4544 0.8638
vn 0.1727 0.5004 -0.8484
vn 0.6636 0.6775 -0.3172
vn 0.775 0.5076 0.3764
vn -0.6405 -0.2951 -0.709
vn -0.6443 -0.2741 -0.7139
vn -0.6424 -0.2625 -0.72
vn -0.5839 -0.3965 -0.7084
vn -0.62 -0.2676 -0.7375
vn -0.545 -0.1805 -0.8187
vn -0.4394 0.3463 -0.8289
vn -0.8097 -0.06534 -0.5831
vn -0.5979 -0.6019 -0.5293
vn -0.7529 0.5781 0.3146
vn -0.8424 0.4325 0.3213
vn -0.9329 0.3601 -0.001129
vn -0.9111 0.4117 0.02023
vn -0.9827 0.1096 0.1494
vn -0.948 0.3078 -0.08075
vn -0.9351 0.2127 -0.2834
vn -0.9427 0.2035 -0.2645
vn -0.9444 0.2036 -0.2582
vn 0.8282 -0.5066 0.2398
vn 0.9334 -0.05304 0.3547
vn 0.9543 -0.1699 0.2457
vn 0.9402 -0.2669 0.2114
vn 0.9557 0.2929 -0.02707
vn 0.9773 -0.1317 0.1657
vn 0.9404 -0.143 0.3085
vn 0.9416 -0.1242 0.3131
vn 0.9428 -0.1322 0.3058
vn 0.6462 -0.6208 0.4438
vn 0.9044 -0.008515 0.4265
vn 0.5705 -0.7009 0.428
vn 0.8936 -0.01404 0.4487
vn 0.6858 0.7015 0.194
vn 0.7353 0.6675 0.1173
vn -0.02512 0.639 0.7688
vn 0.01108 0.4812 0.8766
vn -0.513 0.4711 0.7175
vn -0.4365 0.6716 0.5987
vn 0.2976 0.07538 0.9517
vn -0.5485 -0.169 0.8188
vn 0.8354 0.09851 0.5407
vn 0.8368 0.1035 0.5376
vn 0.8295 0.08512 0.552
vn 0.6168 0.3118 0.7227
vn 0.614 0.3291 0.7174
vn 0.6114 0.3388 0.7151
vn 0.3665 0.4499 0.8144
vn 0.3331 0.5126 0.7914
vn 0.4574 0.364 0.8113
vn -0.8408 -0.0564 -0.5383
vn -0.8434 -0.06058 -0.5338
vn -0.8342 -0.04218 -0.5498
vn -0.5901 -0.2725 -0.7599
vn -0.3764 -0.3341 -0.8641
vn -0.0856 -0.1969 -0.9767
vn -0.935 0.2531 -0.2484
vn -0.923 0.348 -0.1639
vn -0.9204 0.2422 -0.3067
vn 0.9409 -0.2339 -0.245
vn 0.9536 -0.2936 0.06644
vn 0.9315 -0.1912 0.3095
vn 0.5884 -0.08457 -0.8041
vn 0.293 0.8122 -0.5044
vn 0.4311 -0.4807 0.7636
vn 0.4071 -0.3638 0.8378
vn -0.3592 -0.6021 0.713
vn -0.3573 -0.6833 0.6367
vn 0.3648 -0.1251 0.9226
vn -0.3887 -0.4264 0.8167
vn -0.8779 -0.4408 0.1867
vn -0.888 -0.4396 0.1346
vn -0.9066 -0.4116 0.09354
vn 0.8189 0.05905 0.5708
vn 0.61 0.2927 0.7364
vn 0.5128 0.3652 0.777
vn 0.6754 0.2085 0.7073
vn -0.8231 -0.01428 -0.5677
vn -0.8732 -0.428 0.233
vn -0.818 -0.3549 -0.4527
vn -0.8542 -0.2142 -0.4738
vn -0.873 -0.403 0.2748
vn -0.7956 -0.4414 -0.4148
vn -0.2977 -0.2467 -0.9222
vn -0.3432 -0.09601 -0.9343
vn -0.3863 0.1411 -0.9115
vn 0.8842 0.4668 -0.01447
vn 0.8934 0.4443 -0.06546
vn 0.8683 0.05237 0.4931
vn 0.8835 -0.02301 0.4679
vn 0.8861 0.4495 -0.1127
vn 0.8311 0.217 0.512
vn -0.4896 0.5343 -0.689
vn -0.4317 0.4076 -0.8047
vn 0.3735 0.6483 -0.6635
vn 0.3051 0.7768 -0.5509
vn 0.4167 0.4611 -0.7833
vn -0.8908 -0.03775 -0.4529
vn -0.9039 0.06815 -0.4223
vn -0.2501 -0.3391 -0.9069
vn 0.49 0.06754 -0.869
vn 0.4623 0.1444 -0.8749
vn -0.2375 -0.3523 -0.9052
vn 0.3276 0.2054 -0.9222
vn 0.831 0.4763 -0.2871
vn 0.857 0.4434 -0.2624
vn 0.8687 0.433 -0.2405
vn 0.3285 0.1003 0.9391
vn -0.4171 -0.2566 0.8719
vn 0.2719 0.262 0.9259
vn -0.4546 -0.124 0.882
vn 0.4335 0.2712 -0.8594
vn 0.8756 0.4428 -0.1927
vn 0.8025 0.3622 0.4742
vn 0.7725 0.4645 0.4329
vn 0.1169 0.4888 0.8645
vn 0.5304 0.7743 0.3452
vn -0.5004 0.808 -0.3109
vn -0.6522 0.2398 0.7191
vn -0.8329 -0.3461 -0.4317
vn -0.9084 -0.3197 0.2693
vn 0.7266 0.5613 0.3961
vn 0.1821 0.3923 0.9016
vn -0.8858 -0.3644 0.2871
vn -0.774 -0.4917 -0.3988
vn -0.5278 -0.006561 0.8493
vn 0.6587 -0.7311 -0.1777
vn 0.8263 -0.5558 0.09116
vn 0.6014 -0.7951 -0.07868
vn 0.7765 -0.6087 0.1628
vn 0.8533 -0.3601 0.377
vn 0.8854 -0.3173 0.3395
vn 0.003754 -0.7479 -0.6637
vn 0.3788 -0.8107 -0.4464
vn -0.06253 -0.812 -0.5802
vn 0.3153 -0.8849 -0.3429
vn 0.3041 -0.2162 0.9278
vn 0.2734 -0.1559 0.9492
vn -0.521 -0.1701 0.8364
vn -0.5284 -0.1882 0.8278
vn 0.251 0.02548 0.9676
vn -0.5384 -0.03519 0.8419
vn -0.9925 -0.05435 0.1094
vn -0.9894 -0.05158 0.1358
vn -0.9934 -0.01724 0.1131
vn 0.8258 -0.01108 0.5638
vn 0.8224 -0.03159 0.568
vn 0.664 0.3167 0.6773
vn 0.6456 0.2961 0.7038
vn 0.5038 0.4525 0.7358
vn 0.4864 0.5546 0.6751
vn 0.4523 0.7465 0.488
vn 0.6397 0.3054 0.7053
vn -0.8682 0.3681 -0.3328
vn -0.8312 0.08844 -0.5488
vn -0.8327 0.409 -0.3732
vn -0.8188 0.09915 -0.5654
vn -0.6738 -0.26 -0.6915
vn -0.6578 -0.2466 -0.7117
vn -0.3702 -0.5406 -0.7555
vn -0.4185 -0.5768 -0.7015
vn -0.8569 0.4298 -0.2846
vn -0.8404 0.5047 -0.1972
vn -0.6226 0.7453 -0.2384
vn -0.7683 0.6002 -0.2222
vn 0.9965 0.07031 -0.04508
vn 0.9909 0.1332 0.01703
vn 0.7395 0.2542 0.6233
vn 0.7886 0.0632 0.6116
vn 0.9623 0.2693 0.03739
vn 0.6568 0.4917 0.5716
vn 0.06909 0.4995 0.8635
vn 0.1925 0.2597 0.9463
vn -0.3136 0.2879 -0.9048
vn -0.2809 0.1814 -0.9424
vn 0.5398 0.1798 -0.8223
vn 0.5212 0.2892 -0.8029
vn -0.2598 -0.001526 -0.9656
vn 0.5715 0.03653 -0.8198
vn 0.9936 0.06198 -0.09442
vn 0.9915 0.08341 -0.09906
vn -0.8255 0.08972 -0.5571
vn -0.8332 0.1512 -0.5318
vn -0.805 -0.03265 -0.5923
vn 0.8162 -0.0651 0.574
vn 0.8316 -0.1128 0.5437
vn -0.0633 0.6608 0.7479
vn -0.783 0.2426 0.5727
vn -0.6794 0.2106 0.7028
vn -0.1337 0.7304 0.6698
vn -0.8593 0.3244 0.3953
vn -0.9361 -0.3516 0.006745
vn -0.9515 -0.3074 0.009857
vn -0.9785 -0.2056 0.01382
vn -0.5925 0.1099 0.798
vn -0.9937 -0.1005 0.04981
vn -0.1969 -0.2362 -0.9515
vn 0.6391 -0.1083 -0.7614
vn -0.06989 -0.471 -0.8794
vn 0.7275 -0.1841 -0.6609
vn -0.7582 -0.2181 -0.6144
vn -0.6814 -0.4469 -0.5796
vn 0.4323 0.8426 0.3213
vn -0.3368 0.6114 -0.7161
vn 0.8927 0.4481 -0.04715
vn 0.7172 -0.104 -0.6891
vn 0.1006 -0.6615 -0.7432
vn -0.5572 -0.6423 -0.5263
vn 0.05109 -0.6176 -0.7848
vn 0.7659 -0.2058 -0.6091
vn 0.9207 0.3902 -0.005097
vn -0.5839 -0.6361 -0.5044
vn 0.5591 0.6866 0.4646
vn 0.6113 -0.7913 -0.009888
vn 0.7754 -0.5971 0.2056
vn 0.6652 -0.7189 0.2015
vn 0.7944 -0.5564 0.2436
vn 0.8463 -0.3597 0.3927
vn 0.8447 -0.3658 0.3908
vn -0.1473 -0.8015 -0.5796
vn 0.2866 -0.908 -0.3055
vn -0.4514 -0.6945 -0.5602
vn 0.216 -0.9545 -0.2053
vn 0.1068 0.8302 0.5471
vn -0.2708 0.9128 0.3058
vn -0.1726 0.9735 0.15
vn 0.05576 0.8357 0.5463
vn -0.2859 0.9008 0.3268
vn -0.5546 0.8284 0.07816
vn -0.5664 0.8232 0.03851
vn 0.8184 -0.03937 0.5732
vn 0.8187 -0.04089 0.5728
vn 0.6565 0.3241 0.6811
vn 0.659 0.3233 0.6791
vn 0.4225 0.6097 0.6706
vn 0.3914 0.6285 0.6721
vn -0.823 0.4242 -0.3778
vn -0.8145 0.1066 -0.5702
vn -0.8224 0.4278 -0.3749
vn -0.815 0.1101 -0.5689
vn -0.6883 -0.2317 -0.6873
vn -0.6823 -0.2465 -0.6882
vn -0.4711 -0.5416 -0.6962
vn -0.5329 -0.4722 -0.7022
vn -0.74 0.6474 -0.1822
vn -0.7317 0.6627 -0.159
vn 0.8308 -0.4732 0.293
vn 0.8198 -0.5157 0.2487
vn 0.8542 -0.3481 0.3862
vn -0.5199 0.5179 -0.6793
vn -0.5434 0.577 -0.6097
vn -0.8369 0.1831 -0.5157
vn -0.8372 0.1852 -0.5146
vn -0.5899 0.6185 -0.5192
vn -0.8283 0.178 -0.5313
vn -0.8257 -0.4436 -0.3484
vn -0.9016 -0.3753 -0.2149
vn -0.933 -0.3159 -0.1721
vn 0.04041 0.8383 0.5436
vn -0.2997 0.8967 0.3258
vn -0.564 0.8219 0.07971
vn 0.8221 -0.03137 0.5685
vn 0.6554 0.3319 0.6785
vn 0.3825 0.636 0.6702
vn -0.8281 0.4187 -0.3727
vn -0.8175 0.09738 -0.5676
vn -0.6807 -0.2483 -0.6892
vn -0.5408 -0.4376 -0.7183
vn -0.6539 -0.2799 -0.7029
vn -0.7389 0.6553 -0.1569
vn 0.8509 0.3842 0.3583
vn 0.7697 0.4115 0.4881
vn 0.05918 0.9973 0.04282
vn 0.1725 0.9695 -0.174
vn 0.7164 0.3922 0.577
vn -0.02536 0.9771 0.2111
vn -0.6838 0.6517 -0.328
vn -0.6359 0.6485 -0.4184
vn -0.3068 -0.8692 0.3877
vn -0.327 -0.8249 0.461
vn -0.2018 -0.9611 0.1885
vn 0.5555 -0.6557 0.5113
vn 0.5134 -0.6051 0.6084
vn 0.525 -0.5663 0.6353
vn 0.964 0.2237 0.1434
vn 0.9201 0.3215 0.2236
vn 0.2915 0.8741 -0.3887
vn 0.3798 0.7441 -0.5495
vn 0.8331 -0.2089 0.5121
vn 0.8426 -0.2119 0.4951
vn 0.8254 -0.2099 0.524
vn 0.6715 -0.6723 0.3116
vn 0.731 -0.6465 0.218
vn 0.8479 -0.2093 0.4871
vn 0.8279 -0.2123 0.5192
vn 0.7851 -0.6058 0.1289
vn 0.8777 -0.1928 0.4388
vn 0.6879 0.3493 0.6362
vn 0.6907 0.3647 0.6243
vn -0.8209 0.1883 -0.5391
vn -0.8234 0.199 -0.5314
vn -0.6916 -0.4271 -0.5824
vn -0.748 -0.4533 -0.4847
vn 0.6148 -0.676 0.4062
vn 0.8224 -0.2084 0.5293
vn -0.0791 -0.9966 -0.02426
vn 0.0195 -0.9799 -0.1982
vn 0.8166 -0.5736 0.06446
vn 0.9026 -0.1705 0.3953
vn 0.8304 -0.5563 0.02853
vn 0.9356 -0.1137 0.3343
vn 0.6954 0.3573 0.6235
vn 0.6929 0.3486 0.6312
vn -0.6583 -0.3924 -0.6424
vn 0.1043 -0.9351 -0.3386
vn -0.6495 -0.3658 -0.6666
vn 0.1643 -0.8804 -0.4447
vn -0.0889 0.9347 0.3442
vn -0.1341 0.8902 0.4353
vn -0.7816 0.6051 -0.1515
vn -0.7347 0.6358 -0.2367
vn -0.8403 0.2028 -0.5027
vn -0.8676 0.1959 -0.457
vn -0.6396 -0.3517 -0.6835
vn -0.8594 0.184 -0.4769
vn 0.4241 0.53 -0.7343
vn 0.191 -0.7253 -0.6614
vn -0.8127 0.5763 -0.08554
vn -0.03766 0.9021 0.4298
vn -0.6459 -0.3567 -0.6749
vn 0.1969 -0.8311 -0.5201
vn -0.1658 0.8632 0.4768
vn -0.8069 0.5819 -0.1016
vn -0.8878 0.1888 -0.4196
vn -0.9443 0.2013 -0.2603
vn -0.8443 -0.0618 -0.5323
vn -0.6194 -0.3135 -0.7197
vn 0.6141 0.3397 0.7124
vn 0.3954 0.5008 0.7699
vn 0.09778 0.6695 0.7363
vn 0.9465 -0.1442 0.2885
vn 0.8365 0.1059 0.5376
vn -0.3945 0.7489 0.5324
vn -0.2139 0.9427 0.2562
vn -0.7748 0.5961 0.2103
vn -0.1908 -0.6767 -0.7111
vn 0.3835 -0.801 -0.4597
vn 0.1426 -0.984 -0.1063
vn 0.8183 -0.5657 -0.1017
vn 0.9369 -0.3379 0.08966
vn -0.9171 0.3977 -0.02817
vn -0.4336 -0.4772 -0.7643
vn -0.6696 -0.7118 -0.2119
vn -0.6278 -0.7263 -0.2797
vn -0.02109 -0.9972 0.07202
vn -0.06452 -0.9852 0.1588
vn -0.5971 -0.7199 -0.3538
vn 0.01425 -0.9998 -0.006745
vn 0.6044 -0.7261 0.3279
vn 0.5863 -0.7215 0.3682
vn 0.1343 0.9526 -0.273
vn 0.07126 0.9823 -0.173
vn -0.567 0.6955 -0.4413
vn -0.5267 0.6711 -0.5217
vn -0.8739 -0.000824 -0.486
vn -0.8848 -0.00528 -0.466
vn -0.7192 -0.6496 -0.2463
vn -0.05585 -0.9858 0.1584
vn -0.6102 0.7143 -0.3426
vn -0.6233 0.7178 -0.31
vn -0.8506 0.02521 -0.5251
vn -0.8659 0.01117 -0.5001
vn -0.6399 0.7171 -0.2761
vn -0.8325 0.04138 -0.5525
vn -0.5223 -0.6877 -0.5042
vn -0.5658 -0.7065 -0.4251
vn 0.6447 0.7152 0.2698
vn 0.02081 0.9966 -0.07987
vn 0.6074 0.715 0.346
vn -0.01776 0.9998 -0.0004273
vn -0.5939 0.7074 -0.3833
vn -0.8782 -0.001099 -0.4783
vn 0.8875 -0.01688 0.4604
vn 0.8742 -0.02124 0.4851
vn -0.4711 -0.663 -0.5817
vn 0.1502 -0.9558 -0.2527
vn 0.09174 -0.9825 -0.1618
vn -0.4304 -0.634 -0.6425
vn 0.2655 -0.854 -0.4474
vn 0.6983 -0.7021 0.139
vn 0.6677 -0.7201 0.1887
vn 0.6383 -0.729 0.247
vn 0.6172 -0.7292 0.2954
vn 0.8584 -0.03546 0.5116
vn 0.8483 -0.05298 0.5268
vn 0.5446 0.6803 0.4904
vn 0.5761 0.7013 0.4197
vn 0.04645 -0.9958 -0.07804
vn -0.05054 0.9961 0.0719
vn -0.08832 0.9852 0.1468
vn -0.65 0.09415 -0.7541
vn 0.5606 0.2911 -0.7752
vn -0.6328 0.7269 -0.2666
vn 0.01364 0.9967 0.07993
vn 0.5305 0.6603 0.5315
vn 0.9369 -0.01096 0.3493
vn 0.5257 0.6613 0.535
vn -0.1151 0.9725 0.2024
vn -0.6477 0.7172 -0.257
vn -0.8077 0.06876 -0.5856
vn 0.8499 -0.05853 0.5236
vn 0.7038 0.1458 -0.6952
vn 0.6312 -0.5968 0.4953
vn 0.8481 -0.3085 0.4308
vn 0.9679 -0.1985 0.1539
vn 0.6107 -0.2055 -0.7647
vn -0.5631 0.1584 -0.8111
vn -0.8509 -0.3989 -0.3419
vn -0.07282 -0.9816 0.1765
vn -0.809 0.05344 -0.5854
vn 0.931 0.3182 0.1788
vn 0.8048 0.006378 0.5935
vn 0.3649 0.01227 0.9309
vn -0.9776 0.2065 0.04031
vn -0.8552 0.25 -0.454
vn -0.546 0.4942 -0.6764
vn 0.273 0.8191 -0.5045
vn -0.555 0.2304 0.7992
vn -0.6953 0.6737 -0.2502
vn 0.0658 0.9897 0.1266
vn 0.7298 0.5826 0.3576
vn -0.9035 -0.4278 -0.02371
vn -0.9454 0.0763 -0.3167
vn 0.8718 0.01541 0.4895
vn 0.472 -0.5771 0.6664
vn -0.4259 -0.7762 0.4649
vn -0.8123 -0.5622 -0.1553
vn -0.9424 0.04077 -0.3321
vn -0.6659 0.7317 -0.1455
vn 0.04016 0.9771 0.2091
vn 0.6503 0.637 0.414
vn 0.4985 -0.7171 0.4871
vn -0.3046 -0.9267 0.2201
vn 0.8715 -0.03195 0.4894
vn -0.6269 0.5895 -0.5094
vn 0.1379 0.9603 -0.2424
vn 0.7843 0.5836 0.2102
vn -0.9626 -0.2706 -0.006073
vn -0.9113 0.08008 -0.4037
vn 0.8529 0.07465 0.5167
vn 0.4986 -0.3121 0.8086
vn -0.4641 -0.516 0.7199
vn -0.939 -0.3294 0.09861
vn -0.9184 0.1173 -0.3778
vn -0.6784 0.5466 -0.4908
vn 0.03824 0.9862 -0.1612
vn 0.8074 0.5147 0.2883
vn 0.839 0.01541 0.5438
vn 0.4125 -0.4227 0.8069
vn -0.4051 -0.6247 0.6675
vn 0.4834 -0.8701 -0.09647
vn 0.4246 -0.8961 -0.1291
vn 0.3835 -0.9217 -0.05802
vn 0.4878 -0.8729 -0.00351
vn 0.4251 -0.9002 -0.09464
vn 0.3982 -0.9172 -0.01492
vn 0.4201 -0.9063 0.04587
vn 0.4336 -0.9011 -0.003937
vn 0.476 -0.8794 -0.009796
vn 0.4422 -0.8964 -0.02872
vn 0.4255 -0.9049 -0.008301
vn 0.4033 -0.9142 -0.03934
vn 0.3765 -0.9254 -0.04248
vn 0.3726 -0.9248 -0.07627
vn 0.3498 -0.9322 -0.09314
vn 0.3632 -0.9257 -0.106
vn 0.3533 -0.9281 -0.1169
vn 0.3636 -0.924 -0.1182
vn 0.3536 -0.9272 -0.1233
vn 0.3146 -0.9453 -0.08591
vn 0.2517 -0.9654 -0.0676
vn 0.2685 -0.9622 -0.04462
vn 0.3151 -0.9475 -0.05411
vn 0.4093 -0.9123 -0.008789
vn 0.504 -0.8634 0.02316
vn 0.6749 -0.6952 -0.2474
vn 0.7704 -0.6239 -0.131
vn 0.787 -0.3283 -0.5224
vn 0.9335 -0.2275 -0.277
vn 0.9763 -0.1729 -0.1301
vn 0.7883 -0.6014 -0.1297
vn 0.711 -0.6539 0.2587
vn 0.6972 -0.6642 0.2697
vn 0.869 -0.205 0.4504
vn 0.8072 -0.2455 0.5368
vn 0.6986 -0.322 0.639
vn 0.6475 -0.6945 0.3136
vn 0.536 -0.7648 0.3575
vn 0.5102 -0.4427 0.7373
vn 0.256 -0.5946 0.7622
vn 0.3872 -0.8469 0.3644
vn 0.06858 -0.9967 -0.04288
vn 0.07361 -0.9903 -0.1181
vn -0.4223 -0.905 0.05118
vn -0.4574 -0.8813 -0.1184
vn -0.4674 -0.8467 -0.2543
vn 0.07492 -0.9817 -0.1747
vn 0.07642 -0.9434 -0.3228
vn 0.1483 -0.9214 -0.3593
vn -0.2618 -0.6673 -0.6973
vn -0.03803 -0.6205 -0.7832
vn 0.2741 -0.5465 -0.7913
vn 0.3209 -0.8655 -0.3844
vn 0.5107 -0.7901 -0.339
vn 0.5542 -0.4415 -0.7056
vn 0.164 -0.9665 0.1975
vn 0.09684 -0.9934 0.06088
vn -0.1729 -0.8391 0.5157
vn -0.3415 -0.9002 0.2702
vn 0.2665 -0.918 0.2936
vn 0.02704 -0.7293 0.6837
vn 0.09305 -0.9716 -0.2175
vn -0.4634 -0.8083 -0.3633
vn -0.4377 -0.7677 -0.4679
vn 0.09571 -0.9615 -0.2575
vn 0.09088 -0.9542 -0.2851
vn -0.3831 -0.717 -0.5823
vn 0.7676 -0.6409 0.01047
vn 0.7285 -0.6589 0.1873
vn 0.9746 -0.1612 0.1556
vn 0.9221 -0.1798 0.3425
vn 0.7716 -0.6214 -0.1355
vn 0.9875 -0.1539 -0.03214
vn -0.5055 -0.8082 -0.3022
vn -0.4276 -0.8626 -0.2702
vn -0.4339 -0.8052 -0.4042
vn -0.5258 -0.7277 -0.4403
vn -0.4238 -0.721 -0.5482
vn -0.5324 -0.6121 -0.5846
vn -0.4209 -0.8911 0.1695
vn -0.3908 -0.896 0.2107
vn -0.4078 -0.9112 -0.05789
vn -0.4701 -0.8776 -0.09336
vn 0.9173 -0.001526 0.3982
vn 0.8771 0.183 0.444
vn 0.8013 0.2211 0.5559
vn 0.8655 0.005341 0.5008
vn 0.7037 0.2291 0.6725
vn 0.7979 -0.01172 0.6027
vn 0.9752 -0.1027 0.1959
vn 0.9738 0.02753 0.2257
vn 0.9357 0.1174 0.3326
vn 0.9557 -0.03601 0.2921
vn 0.1238 -0.4377 0.8906
vn -0.07828 -0.2309 0.9698
vn -0.25 -0.4292 0.8679
vn -0.07474 -0.5838 0.8084
vn -0.3464 -0.6229 0.7014
vn -0.2362 -0.7204 0.6521
vn 0.5538 -0.1491 0.8192
vn 0.3902 0.1131 0.9138
vn 0.1634 -0.03168 0.9861
vn 0.3559 -0.2779 0.8922
vn 0.2242 -0.017 -0.9744
vn 0.3943 -0.1848 -0.9002
vn 0.7957 -0.1987 -0.5721
vn 0.6743 -0.03464 -0.7376
vn 0.9579 -0.1791 -0.2242
vn 0.9363 -0.1418 -0.3212
vn -0.4234 -0.239 -0.8738
vn -0.3204 -0.3811 -0.8672
vn -0.1009 -0.2174 -0.9709
vn -0.2035 -0.09088 -0.9748
vn 0.9948 -0.08426 0.05713
vn 0.9847 -0.1704 0.03574
vn -0.385 -0.7954 0.468
vn -0.3559 -0.8343 0.4211
vn 0.5673 0.1957 0.7999
vn 0.6966 -0.06247 0.7147
vn -0.3915 -0.5741 -0.7191
vn -0.508 -0.4344 -0.7438
vn -0.702 -0.4728 -0.5325
vn -0.6117 -0.4068 -0.6784
vn -0.6883 -0.4589 -0.5618
vn -0.615 -0.3543 -0.7044
vn -0.4595 -0.2727 -0.8453
vn -0.4352 -0.3613 -0.8246
vn 0.866 -0.0564 0.4968
vn 0.7918 -0.1068 0.6013
vn 0.8569 -0.1036 0.505
vn 0.7835 -0.1623 0.5998
vn 0.6714 -0.2467 0.6988
vn 0.6734 -0.1854 0.7157
vn -0.2952 -0.7118 0.6372
vn -0.5146 -0.7757 0.3653
vn -0.2261 -0.7372 0.6367
vn -0.4515 -0.8048 0.3852
vn -0.5813 -0.8057 0.1138
vn -0.6362 -0.7653 0.09796
vn 0.8137 -0.1135 -0.5701
vn 0.9639 -0.04575 -0.2622
vn 0.8483 -0.05048 -0.5271
vn 0.9822 -0.04386 -0.1823
vn 0.9994 -0.03235 0.01028
vn 0.9974 -0.006653 -0.07178
vn -0.1487 -0.3342 -0.9307
vn -0.184 -0.2248 -0.9568
vn 0.2114 -0.1766 -0.9613
vn 0.225 -0.2872 -0.9311
vn 0.5548 -0.2049 -0.8064
vn 0.5782 -0.1073 -0.8088
vn 0.479 -0.3076 0.8221
vn 0.4982 -0.367 0.7855
vn 0.2613 -0.5078 0.8209
vn 0.2095 -0.4597 0.863
vn -0.05005 -0.5947 0.8024
vn 0.01877 -0.6289 0.7773
vn 0.9986 0.01465 0.05029
vn 0.9922 -0.01202 0.1235
vn 0.9621 -0.02518 0.2715
vn 0.9747 0.007019 0.2232
vn 0.9225 -0.02152 0.3853
vn 0.9115 -0.06153 0.4067
vn -0.6937 -0.7109 -0.1156
vn -0.6464 -0.7529 -0.124
vn -0.6836 -0.6611 -0.3092
vn -0.7218 -0.6306 -0.285
vn -0.7278 -0.5492 -0.4108
vn -0.7009 -0.5625 -0.4385
vn -0.6113 -0.5362 -0.582
vn -0.5672 -0.384 -0.7285
vn -0.4497 -0.2405 -0.8602
vn 0.838 -0.1351 0.5286
vn 0.7598 -0.1956 0.62
vn 0.6446 -0.2828 0.7103
vn -0.176 -0.7623 0.6228
vn -0.3684 -0.8419 0.3944
vn -0.4799 -0.8664 0.1377
vn 0.8914 -0.05237 -0.4502
vn 0.9894 -0.1297 -0.06449
vn 0.9871 -0.1152 0.1115
vn -0.2039 -0.1423 -0.9686
vn 0.199 -0.07242 -0.9773
vn 0.6027 -0.02484 -0.7975
vn 0.4763 -0.4012 0.7824
vn 0.2586 -0.5371 0.8029
vn 0.04093 -0.6546 0.7549
vn 0.9739 -0.07874 0.2129
vn 0.9399 -0.07685 0.3327
vn 0.8925 -0.09922 0.4399
vn -0.5426 -0.8322 -0.1142
vn -0.5828 -0.7497 -0.3134
vn -0.6075 -0.6553 -0.4488
f 1/1/1 2/2/2 3/3/3
f 1/1/1 3/3/3 4/4/4
f 2/2/2 5/5/5 6/6/6
f 2/2/2 6/6/6 3/3/3
f 3/3/3 6/6/6 7/7/7
f 3/3/3 7/7/7 8/8/8
f 4/4/4 3/3/3 8/8/8
f 4/4/4 8/8/8 9/9/9
f 10/10/10 11/11/11 12/12/12
f 10/10/10 12/12/12 13/13/13
f 11/11/11 14/14/14 15/15/15
f 11/11/11 15/15/15 12/12/12
f 12/12/12 15/15/15 16/16/16
f 12/12/12 16/16/16 17/17/17
f 13/13/13 12/12/12 17/17/17
f 13/13/13 17/17/17 18/18/18
f 19/19/19 20/20/20 21/21/21
f 19/19/19 21/21/21 22/22/22
f 20/20/20 23/23/23 24/24/24
f 20/20/20 24/24/24 21/21/21
f 21/21/21 24/24/24 25/25/25
f 21/21/21 25/25/25 26/26/26
f 22/22/22 21/21/21 26/26/26
f 22/22/22 26/26/26 27/27/27
f 28/28/28 29/29/29 30/30/30
f 28/28/28 30/30/30 31/31/31
f 29/29/29 10/10/10 13/13/13
f 29/29/29 13/13/13 30/30/30
f 30/30/30 13/13/13 18/18/18
f 30/30/30 18/18/18 32/32/32
f 31/31/31 30/30/30 32/32/32
f 31/31/31 32/32/32 33/33/33
f 34/34/34 35/35/35 36/36/36
f 34/34/34 36/36/36 37/37/37
f 35/35/35 25/25/25 24/24/24
f 35/35/35 24/24/24 36/36/36
f 36/36/36 24/24/24 23/23/23
f 36/36/36 23/23/23 38/38/38
f 37/37/37 36/36/36 38/38/38
f 37/37/37 38/38/38 39/39/39
f 40/40/40 41/41/41 42/42/42
f 40/40/40 42/42/42 43/43/43
f 41/41/41 44/44/44 45/45/45
f 41/41/41 45/45/45 42/42/42
f 42/42/42 45/45/45 46/46/46
f 42/42/42 46/46/46 47/47/47
f 43/43/43 42/42/42 47/47/47
f 43/43/43 47/47/47 48/48/48
f 44/44/44 49/49/49 50/50/50
f 44/44/44 50/50/50 45/45/45
f 49/49/49 1/1/1 4/4/4
f 49/49/49 4/4/4 50/50/50
f 50/50/50 4/4/4 9/9/9
f 50/50/50 9/9/9 51/51/51
f 45/45/45 50/50/50 51/51/51
f 45/45/45 51/51/51 46/46/46
f 14/14/14 52/52/52 53/53/53
f 14/14/14 53/53/53 15/15/15
f 52/52/52 54/54/54 55/55/55
f 52/52/52 55/55/55 53/53/53
f 53/53/53 55/55/55 56/56/56
f 53/53/53 56/56/56 57/57/57
f 15/15/15 53/53/53 57/57/57
f 15/15/15 57/57/57 16/16/16
f 58/58/58 59/59/59 60/60/60
f 58/58/58 60/60/60 61/61/61
f 28/28/28 31/31/31 60/60/60
f 28/28/28 60/60/60 59/59/59
f 33/33/33 62/62/62 60/60/60
f 33/33/33 60/60/60 31/31/31
f 63/63/63 64/64/64 60/60/60
f 63/63/63 60/60/60 62/62/62
f 65/65/65 61/61/61 60/60/60
f 65/65/65 60/60/60 64/64/64
f 66/66/66 67/67/67 68/68/68
f 66/66/66 68/68/68 69/69/69
f 67/67/67 40/40/40 43/43/43
f 67/67/67 43/43/43 68/68/68
f 68/68/68 43/43/43 48/48/48
f 68/68/68 48/48/48 70/70/70
f 69/69/69 68/68/68 70/70/70
f 69/69/69 70/70/70 71/71/71
f 72/72/72 73/73/73 74/74/74
f 72/72/72 74/74/74 75/75/75
f 73/73/73 76/76/76 77/77/77
f 73/73/73 77/77/77 74/74/74
f 74/74/74 77/77/77 78/78/78
f 74/74/74 78/78/78 79/79/79
f 75/75/75 74/74/74 79/79/79
f 75/75/75 79/79/79 80/80/80
f 81/81/81 82/82/82 83/83/83
f 81/81/81 83/83/83 84/84/84
f 82/82/82 85/85/85 86/86/86
f 82/82/82 86/86/86 83/83/83
f 83/83/83 86/86/86 87/87/87
f 83/83/83 87/87/87 88/88/88
f 84/84/84 83/83/83 88/88/88
f 84/84/84 88/88/88 89/89/89
f 90/90/90 91/91/91 92/92/92
f 90/90/90 92/92/92 93/93/93
f 91/91/91 94/94/94 95/95/95
f 91/91/91 95/95/95 92/92/92
f 92/92/92 95/95/95 96/96/96
f 92/92/92 96/96/96 97/97/97
f 93/93/93 92/92/92 97/97/97
f 93/93/93 97/97/97 98/98/98
f 99/99/99 100/100/100 101/101/101
f 99/99/99 101/101/101 102/102/102
f 100/100/100 103/103/103 104/104/104
f 100/100/100 104/104/104 101/101/101
f 101/101/101 104/104/104 105/105/105
f 101/101/101 105/105/105 106/106/106
f 102/102/102 101/101/101 106/106/106
f 102/102/102 106/106/106 107/107/107
f 108/108/108 109/109/109 110/110/110
f 108/108/108 110/110/110 111/111/111
f 109/109/109 90/90/90 93/93/93
f 109/109/109 93/93/93 110/110/110
f 110/110/110 93/93/93 98/98/98
f 110/110/110 98/98/98 112/112/112
f 111/111/111 110/110/110 112/112/112
f 111/111/111 112/112/112 113/113/113
f 114/114/114 115/115/115 116/116/116
f 114/114/114 116/116/116 117/117/117
f 115/115/115 118/118/118 119/119/119
f 115/115/115 119/119/119 116/116/116
f 116/116/116 119/119/119 120/120/120
f 116/116/116 120/120/120 121/121/121
f 117/117/117 116/116/116 121/121/121
f 117/117/117 121/121/121 122/122/122
f 123/123/123 124/124/124 125/125/125
f 123/123/123 125/125/125 126/126/126
f 124/124/124 127/127/127 128/128/128
f 124/124/124 128/128/128 125/125/125
f 125/125/125 128/128/128 129/129/129
f 125/125/125 129/129/129 130/130/130
f 126/126/126 125/125/125 130/130/130
f 126/126/126 130/130/130 131/131/131
f 118/118/118 132/132/132 133/133/133
f 118/118/118 133/133/133 119/119/119
f 132/132/132 134/134/134 135/135/135
f 132/132/132 135/135/135 133/133/133
f 133/133/133 135/135/135 136/136/136
f 133/133/133 136/136/136 137/137/137
f 119/119/119 133/133/133 137/137/137
f 119/119/119 137/137/137 120/120/120
f 85/85/85 138/138/138 139/139/139
f 85/85/85 139/139/139 86/86/86
f 138/138/138 123/123/123 126/126/126
f 138/138/138 126/126/126 139/139/139
f 139/139/139 126/126/126 131/131/131
f 139/139/139 131/131/131 140/140/140
f 86/86/86 139/139/139 140/140/140
f 86/86/86 140/140/140 87/87/87
f 103/103/103 141/141/141 142/142/142
f 103/103/103 142/142/142 104/104/104
f 141/141/141 143/143/143 144/144/144
f 141/141/141 144/144/144 142/142/142
f 142/142/142 144/144/144 145/145/145
f 142/142/142 145/145/145 146/146/146
f 104/104/104 142/142/142 146/146/146
f 104/104/104 146/146/146 105/105/105
f 147/147/147 148/148/148 149/149/149
f 147/147/147 149/149/149 150/150/150
f 148/148/148 39/39/39 151/151/151
f 148/148/148 151/151/151 149/149/149
f 149/149/149 151/151/151 152/152/152
f 149/149/149 152/152/152 153/153/153
f 150/150/150 149/149/149 153/153/153
f 150/150/150 153/153/153 154/154/154
f 143/143/143 155/155/155 156/156/156
f 143/143/143 156/156/156 144/144/144
f 155/155/155 147/147/147 150/150/150
f 155/155/155 150/150/150 156/156/156
f 156/156/156 150/150/150 154/154/154
f 156/156/156 154/154/154 157/157/157
f 144/144/144 156/156/156 157/157/157
f 144/144/144 157/157/157 145/145/145
f 94/94/94 158/158/158 159/159/159
f 94/94/94 159/159/159 95/95/95
f 158/158/158 160/160/160 161/161/161
f 158/158/158 161/161/161 159/159/159
f 159/159/159 161/161/161 162/162/162
f 159/159/159 162/162/162 163/163/163
f 95/95/95 159/159/159 163/163/163
f 95/95/95 163/163/163 96/96/96
f 134/134/134 164/164/164 165/165/165
f 134/134/134 165/165/165 135/135/135
f 164/164/164 166/166/166 167/167/167
f 164/164/164 167/167/167 165/165/165
f 165/165/165 167/167/167 168/168/168
f 165/165/165 168/168/168 169/169/169
f 135/135/135 165/165/165 169/169/169
f 135/135/135 169/169/169 136/136/136
f 170/170/170 171/171/171 172/172/172
f 170/170/170 172/172/172 173/173/173
f 171/171/171 174/174/174 175/175/175
f 171/171/171 175/175/175 172/172/172
f 172/172/172 175/175/175 176/176/176
f 172/172/172 176/176/176 177/177/177
f 173/173/173 172/172/172 177/177/177
f 173/173/173 177/177/177 178/178/178
f 160/160/160 179/179/179 180/180/180
f 160/160/160 180/180/180 161/161/161
f 179/179/179 170/170/170 173/173/173
f 179/179/179 173/173/173 180/180/180
f 180/180/180 173/173/173 178/178/178
f 180/180/180 178/178/178 181/181/181
f 161/161/161 180/180/180 181/181/181
f 161/161/161 181/181/181 162/162/162
f 166/166/166 182/182/182 183/183/183
f 166/166/166 183/183/183 167/167/167
f 182/182/182 184/184/184 185/185/185
f 182/182/182 185/185/185 183/183/183
f 183/183/183 185/185/185 186/186/186
f 183/183/183 186/186/186 187/187/187
f 167/167/167 183/183/183 187/187/187
f 167/167/167 187/187/187 168/168/168
f 127/127/127 188/188/188 189/189/189
f 127/127/127 189/189/189 128/128/128
f 188/188/188 190/190/190 191/191/191
f 188/188/188 191/191/191 189/189/189
f 189/189/189 191/191/191 192/192/192
f 189/189/189 192/192/192 193/193/193
f 128/128/128 189/189/189 193/193/193
f 128/128/128 193/193/193 129/129/129
f 194/194/194 195/195/195 196/196/196
f 194/194/194 196/196/196 197/197/197
f 195/195/195 198/198/198 199/199/199
f 195/195/195 199/199/199 196/196/196
f 196/196/196 199/199/199 200/200/200
f 196/196/196 200/200/200 201/201/201
f 197/197/197 196/196/196 201/201/201
f 197/197/197 201/201/201 202/202/202
f 184/184/184 203/203/203 204/204/204
f 184/184/184 204/204/204 185/185/185
f 203/203/203 205/205/205 206/206/206
f 203/203/203 206/206/206 204/204/204
f 204/204/204 206/206/206 207/207/207
f 204/204/204 207/207/207 208/208/208
f 185/185/185 204/204/204 208/208/208
f 185/185/185 208/208/208 186/186/186
f 190/190/190 209/209/209 210/210/210
f 190/190/190 210/210/210 191/191/191
f 209/209/209 76/76/76 211/211/211
f 209/209/209 211/211/211 210/210/210
f 210/210/210 211/211/211 212/212/212
f 210/210/210 212/212/212 213/213/213
f 191/191/191 210/210/210 213/213/213
f 191/191/191 213/213/213 192/192/192
f 39/39/39 38/38/38 214/214/214
f 39/39/39 214/214/214 151/151/151
f 38/38/38 23/23/23 215/215/215
f 38/38/38 215/215/215 214/214/214
f 214/214/214 215/215/215 216/216/216
f 214/214/214 216/216/216 217/217/217
f 151/151/151 214/214/214 217/217/217
f 151/151/151 217/217/217 152/152/152
f 218/218/218 219/219/219 220/220/220
f 218/218/218 220/220/220 221/221/221
f 219/219/219 222/222/222 223/223/223
f 219/219/219 223/223/223 220/220/220
f 220/220/220 223/223/223 212/212/212
f 220/220/220 212/212/212 224/224/224
f 221/221/221 220/220/220 224/224/224
f 221/221/221 224/224/224 225/225/225
f 27/27/27 26/26/26 226/226/226
f 27/27/27 226/226/226 227/227/227
f 26/26/26 25/25/25 228/228/228
f 26/26/26 228/228/228 226/226/226
f 226/226/226 228/228/228 207/207/207
f 226/226/226 207/207/207 229/229/229
f 227/227/227 226/226/226 229/229/229
f 227/227/227 229/229/229 230/230/230
f 231/231/231 232/232/232 233/233/233
f 231/231/231 233/233/233 234/234/234
f 232/232/232 235/235/235 236/236/236
f 232/232/232 236/236/236 233/233/233
f 233/233/233 236/236/236 216/216/216
f 233/233/233 216/216/216 237/237/237
f 234/234/234 233/233/233 237/237/237
f 234/234/234 237/237/237 238/238/238
f 80/80/80 79/79/79 239/239/239
f 80/80/80 239/239/239 240/240/240
f 79/79/79 78/78/78 241/241/241
f 79/79/79 241/241/241 239/239/239
f 239/239/239 241/241/241 176/176/176
f 239/239/239 176/176/176 242/242/242
f 240/240/240 239/239/239 242/242/242
f 240/240/240 242/242/242 243/243/243
f 198/198/198 244/244/244 245/245/245
f 198/198/198 245/245/245 199/199/199
f 244/244/244 246/246/246 247/247/247
f 244/244/244 247/247/247 245/245/245
f 245/245/245 247/247/247 248/248/248
f 245/245/245 248/248/248 249/249/249
f 199/199/199 245/245/245 249/249/249
f 199/199/199 249/249/249 200/200/200
f 250/250/250 251/251/251 252/252/252
f 250/250/250 252/252/252 253/253/253
f 251/251/251 254/254/254 255/255/255
f 251/251/251 255/255/255 252/252/252
f 252/252/252 255/255/255 256/256/256
f 252/252/252 256/256/256 257/257/257
f 253/253/253 252/252/252 257/257/257
f 253/253/253 257/257/257 258/258/258
f 71/71/71 70/70/70 259/259/259
f 71/71/71 259/259/259 260/260/260
f 70/70/70 48/48/48 261/261/261
f 70/70/70 261/261/261 259/259/259
f 259/259/259 261/261/261 262/262/262
f 259/259/259 262/262/262 263/263/263
f 260/260/260 259/259/259 263/263/263
f 260/260/260 263/263/263 264/264/264
f 63/63/63 62/62/62 265/265/265
f 63/63/63 265/265/265 266/266/266
f 62/62/62 33/33/33 267/267/267
f 62/62/62 267/267/267 265/265/265
f 265/265/265 267/267/267 268/268/268
f 265/265/265 268/268/268 269/269/269
f 266/266/266 265/265/265 269/269/269
f 266/266/266 269/269/269 270/270/270
f 46/46/46 51/51/51 271/271/271
f 46/46/46 271/271/271 272/272/272
f 51/51/51 9/9/9 273/273/273
f 51/51/51 273/273/273 271/271/271
f 271/271/271 273/273/273 274/274/274
f 271/271/271 274/274/274 275/275/275
f 272/272/272 271/271/271 275/275/275
f 272/272/272 275/275/275 276/276/276
f 254/254/254 277/277/277 278/278/278
f 254/254/254 278/278/278 255/255/255
f 277/277/277 279/279/279 280/280/280
f 277/277/277 280/280/280 278/278/278
f 278/278/278 280/280/280 281/281/281
f 278/278/278 281/281/281 282/282/282
f 255/255/255 278/278/278 282/282/282
f 255/255/255 282/282/282 256/256/256
f 48/48/48 47/47/47 283/283/283
f 48/48/48 283/283/283 261/261/261
f 47/47/47 46/46/46 272/272/272
f 47/47/47 272/272/272 283/283/283
f 283/283/283 272/272/272 276/276/276
f 283/283/283 276/276/276 284/284/284
f 261/261/261 283/283/283 284/284/284
f 261/261/261 284/284/284 262/262/262
f 33/33/33 32/32/32 285/285/285
f 33/33/33 285/285/285 267/267/267
f 32/32/32 18/18/18 286/286/286
f 32/32/32 286/286/286 285/285/285
f 285/285/285 286/286/286 287/287/287
f 285/285/285 287/287/287 288/288/288
f 267/267/267 285/285/285 288/288/288
f 267/267/267 288/288/288 268/268/268
f 289/289/289 290/290/290 291/291/291
f 289/289/289 291/291/291 292/292/292
f 290/290/290 293/293/293 294/294/294
f 290/290/290 294/294/294 291/291/291
f 291/291/291 294/294/294 295/295/295
f 291/291/291 295/295/295 296/296/296
f 292/292/292 291/291/291 296/296/296
f 292/292/292 296/296/296 297/297/297
f 18/18/18 17/17/17 298/298/298
f 18/18/18 298/298/298 286/286/286
f 17/17/17 16/16/16 299/299/299
f 17/17/17 299/299/299 298/298/298
f 298/298/298 299/299/299 300/300/300
f 298/298/298 300/300/300 301/301/301
f 286/286/286 298/298/298 301/301/301
f 286/286/286 301/301/301 287/287/287
f 246/246/246 302/302/302 303/303/303
f 246/246/246 303/303/303 247/247/247
f 302/302/302 289/289/289 292/292/292
f 302/302/302 292/292/292 303/303/303
f 303/303/303 292/292/292 297/297/297
f 303/303/303 297/297/297 304/304/304
f 247/247/247 303/303/303 304/304/304
f 247/247/247 304/304/304 248/248/248
f 279/279/279 305/305/305 306/306/306
f 279/279/279 306/306/306 280/280/280
f 305/305/305 307/307/307 308/308/308
f 305/305/305 308/308/308 306/306/306
f 306/306/306 308/308/308 309/309/309
f 306/306/306 309/309/309 310/310/310
f 280/280/280 306/306/306 310/310/310
f 280/280/280 310/310/310 281/281/281
f 307/307/307 311/311/311 312/312/312
f 307/307/307 312/312/312 308/308/308
f 311/311/311 313/313/313 314/314/314
f 311/311/311 314/314/314 312/312/312
f 312/312/312 314/314/314 315/315/315
f 312/312/312 315/315/315 316/316/316
f 308/308/308 312/312/312 316/316/316
f 308/308/308 316/316/316 309/309/309
f 9/9/9 8/8/8 317/317/317
f 9/9/9 317/317/317 273/273/273
f 8/8/8 7/7/7 318/318/318
f 8/8/8 318/318/318 317/317/317
f 317/317/317 318/318/318 319/319/319
f 317/317/317 319/319/319 320/320/320
f 273/273/273 317/317/317 320/320/320
f 273/273/273 320/320/320 274/274/274
f 16/16/16 57/57/57 321/321/321
f 16/16/16 321/321/321 299/299/299
f 57/57/57 56/56/56 322/322/322
f 57/57/57 322/322/322 321/321/321
f 321/321/321 322/322/322 323/323/323
f 321/321/321 323/323/323 324/324/324
f 299/299/299 321/321/321 324/324/324
f 299/299/299 324/324/324 300/300/300
f 274/274/274 320/320/320 325/325/325
f 274/274/274 325/325/325 326/326/326
f 320/320/320 319/319/319 327/327/327
f 320/320/320 327/327/327 325/325/325
f 325/325/325 327/327/327 328/328/328
f 325/325/325 328/328/328 329/329/329
f 326/326/326 325/325/325 329/329/329
f 326/326/326 329/329/329 330/330/330
f 330/330/330 329/329/329 331/331/331
f 330/330/330 331/331/331 332/332/332
f 329/329/329 328/328/328 333/333/333
f 329/329/329 333/333/333 331/331/331
f 331/331/331 333/333/333 313/313/313
f 331/331/331 313/313/313 311/311/311
f 332/332/332 331/331/331 311/311/311
f 332/332/332 311/311/311 307/307/307
f 276/276/276 275/275/275 334/334/334
f 276/276/276 334/334/334 335/335/335
f 275/275/275 274/274/274 326/326/326
f 275/275/275 326/326/326 334/334/334
f 334/334/334 326/326/326 330/330/330
f 334/334/334 330/330/330 336/336/336
f 335/335/335 334/334/334 336/336/336
f 335/335/335 336/336/336 337/337/337
f 337/337/337 336/336/336 338/338/338
f 337/337/337 338/338/338 339/339/339
f 336/336/336 330/330/330 332/332/332
f 336/336/336 332/332/332 338/338/338
f 338/338/338 332/332/332 307/307/307
f 338/338/338 307/307/307 305/305/305
f 339/339/339 338/338/338 305/305/305
f 339/339/339 305/305/305 279/279/279
f 287/287/287 301/301/301 340/340/340
f 287/287/287 340/340/340 341/341/341
f 301/301/301 300/300/300 342/342/342
f 301/301/301 342/342/342 340/340/340
f 340/340/340 342/342/342 343/343/343
f 340/340/340 343/343/343 344/344/344
f 341/341/341 340/340/340 344/344/344
f 341/341/341 344/344/344 345/345/345
f 345/345/345 344/344/344 346/346/346
f 345/345/345 346/346/346 347/347/347
f 344/344/344 343/343/343 348/348/348
f 344/344/344 348/348/348 346/346/346
f 346/346/346 348/348/348 289/289/289
f 346/346/346 289/289/289 302/302/302
f 347/347/347 346/346/346 302/302/302
f 347/347/347 302/302/302 246/246/246
f 300/300/300 324/324/324 349/349/349
f 300/300/300 349/349/349 342/342/342
f 324/324/324 323/323/323 350/350/350
f 324/324/324 350/350/350 349/349/349
f 349/349/349 350/350/350 351/351/351
f 349/349/349 351/351/351 352/352/352
f 342/342/342 349/349/349 352/352/352
f 342/342/342 352/352/352 343/343/343
f 343/343/343 352/352/352 353/353/353
f 343/343/343 353/353/353 348/348/348
f 352/352/352 351/351/351 354/354/354
f 352/352/352 354/354/354 353/353/353
f 353/353/353 354/354/354 293/293/293
f 353/353/353 293/293/293 290/290/290
f 348/348/348 353/353/353 290/290/290
f 348/348/348 290/290/290 289/289/289
f 262/262/262 284/284/284 355/355/355
f 262/262/262 355/355/355 356/356/356
f 284/284/284 276/276/276 335/335/335
f 284/284/284 335/335/335 355/355/355
f 355/355/355 335/335/335 337/337/337
f 355/355/355 337/337/337 357/357/357
f 356/356/356 355/355/355 357/357/357
f 356/356/356 357/357/357 358/358/358
f 358/358/358 357/357/357 359/359/359
f 358/358/358 359/359/359 360/360/360
f 357/357/357 337/337/337 339/339/339
f 357/357/357 339/339/339 359/359/359
f 359/359/359 339/339/339 279/279/279
f 359/359/359 279/279/279 277/277/277
f 360/360/360 359/359/359 277/277/277
f 360/360/360 277/277/277 254/254/254
f 264/264/264 263/263/263 361/361/361
f 264/264/264 361/361/361 362/362/362
f 263/263/263 262/262/262 356/356/356
f 263/263/263 356/356/356 361/361/361
f 361/361/361 356/356/356 358/358/358
f 361/361/361 358/358/358 363/363/363
f 362/362/362 361/361/361 363/363/363
f 362/362/362 363/363/363 364/364/364
f 364/364/364 363/363/363 365/365/365
f 364/364/364 365/365/365 366/366/366
f 363/363/363 358/358/358 360/360/360
f 363/363/363 360/360/360 365/365/365
f 365/365/365 360/360/360 254/254/254
f 365/365/365 254/254/254 251/251/251
f 366/366/366 365/365/365 251/251/251
f 366/366/366 251/251/251 250/250/250
f 268/268/268 288/288/288 367/367/367
f 268/268/268 367/367/367 368/368/368
f 288/288/288 287/287/287 341/341/341
f 288/288/288 341/341/341 367/367/367
f 367/367/367 341/341/341 345/345/345
f 367/367/367 345/345/345 369/369/369
f 368/368/368 367/367/367 369/369/369
f 368/368/368 369/369/369 370/370/370
f 370/370/370 369/369/369 371/371/371
f 370/370/370 371/371/371 372/372/372
f 369/369/369 345/345/345 347/347/347
f 369/369/369 347/347/347 371/371/371
f 371/371/371 347/347/347 246/246/246
f 371/371/371 246/246/246 244/244/244
f 372/372/372 371/371/371 244/244/244
f 372/372/372 244/244/244 198/198/198
f 243/243/243 242/242/242 373/373/373
f 243/243/243 373/373/373 374/374/374
f 242/242/242 176/176/176 175/175/175
f 242/242/242 175/175/175 373/373/373
f 373/373/373 175/175/175 174/174/174
f 373/373/373 174/174/174 375/375/375
f 374/374/374 373/373/373 375/375/375
f 374/374/374 375/375/375 376/376/376
f 376/376/376 375/375/375 377/377/377
f 376/376/376 377/377/377 378/378/378
f 375/375/375 174/174/174 379/379/379
f 375/375/375 379/379/379 377/377/377
f 377/377/377 379/379/379 235/235/235
f 377/377/377 235/235/235 232/232/232
f 378/378/378 377/377/377 232/232/232
f 378/378/378 232/232/232 231/231/231
f 230/230/230 229/229/229 380/380/380
f 230/230/230 380/380/380 381/381/381
f 229/229/229 207/207/207 206/206/206
f 229/229/229 206/206/206 380/380/380
f 380/380/380 206/206/206 205/205/205
f 380/380/380 205/205/205 382/382/382
f 381/381/381 380/380/380 382/382/382
f 381/381/381 382/382/382 383/383/383
f 383/383/383 382/382/382 384/384/384
f 383/383/383 384/384/384 385/385/385
f 382/382/382 205/205/205 386/386/386
f 382/382/382 386/386/386 384/384/384
f 384/384/384 386/386/386 222/222/222
f 384/384/384 222/222/222 219/219/219
f 385/385/385 384/384/384 219/219/219
f 385/385/385 219/219/219 218/218/218
f 192/192/192 213/213/213 387/387/387
f 192/192/192 387/387/387 388/388/388
f 213/213/213 212/212/212 223/223/223
f 213/213/213 223/223/223 387/387/387
f 387/387/387 223/223/223 222/222/222
f 387/387/387 222/222/222 389/389/389
f 388/388/388 387/387/387 389/389/389
f 388/388/388 389/389/389 390/390/390
f 390/390/390 389/389/389 391/391/391
f 390/390/390 391/391/391 392/392/392
f 389/389/389 222/222/222 386/386/386
f 389/389/389 386/386/386 391/391/391
f 391/391/391 386/386/386 205/205/205
f 391/391/391 205/205/205 203/203/203
f 392/392/392 391/391/391 203/203/203
f 392/392/392 203/203/203 184/184/184
f 129/129/129 193/193/193 393/393/393
f 129/129/129 393/393/393 394/394/394
f 193/193/193 192/192/192 388/388/388
f 193/193/193 388/388/388 393/393/393
f 393/393/393 388/388/388 390/390/390
f 393/393/393 390/390/390 395/395/395
f 394/394/394 393/393/393 395/395/395
f 394/394/394 395/395/395 396/396/396
f 396/396/396 395/395/395 397/397/397
f 396/396/396 397/397/397 398/398/398
f 395/395/395 390/390/390 392/392/392
f 395/395/395 392/392/392 397/397/397
f 397/397/397 392/392/392 184/184/184
f 397/397/397 184/184/184 182/182/182
f 398/398/398 397/397/397 182/182/182
f 398/398/398 182/182/182 166/166/166
f 154/154/154 153/153/153 399/399/399
f 154/154/154 399/399/399 400/400/400
f 153/153/153 152/152/152 401/401/401
f 153/153/153 401/401/401 399/399/399
f 399/399/399 401/401/401 402/402/402
f 399/399/399 402/402/402 403/403/403
f 400/400/400 399/399/399 403/403/403
f 400/400/400 403/403/403 404/404/404
f 404/404/404 403/403/403 405/405/405
f 404/404/404 405/405/405 406/406/406
f 403/403/403 402/402/402 407/407/407
f 403/403/403 407/407/407 405/405/405
f 405/405/405 407/407/407 170/170/170
f 405/405/405 170/170/170 179/179/179
f 406/406/406 405/405/405 179/179/179
f 406/406/406 179/179/179 160/160/160
f 152/152/152 217/217/217 408/408/408
f 152/152/152 408/408/408 401/401/401
f 217/217/217 216/216/216 236/236/236
f 217/217/217 236/236/236 408/408/408
f 408/408/408 236/236/236 235/235/235
f 408/408/408 235/235/235 409/409/409
f 401/401/401 408/408/408 409/409/409
f 401/401/401 409/409/409 402/402/402
f 402/402/402 409/409/409 410/410/410
f 402/402/402 410/410/410 407/407/407
f 409/409/409 235/235/235 379/379/379
f 409/409/409 379/379/379 410/410/410
f 410/410/410 379/379/379 174/174/174
f 410/410/410 174/174/174 171/171/171
f 407/407/407 410/410/410 171/171/171
f 407/407/407 171/171/171 170/170/170
f 131/131/131 130/130/130 411/411/411
f 131/131/131 411/411/411 412/412/412
f 130/130/130 129/129/129 394/394/394
f 130/130/130 394/394/394 411/411/411
f 411/411/411 394/394/394 396/396/396
f 411/411/411 396/396/396 413/413/413
f 412/412/412 411/411/411 413/413/413
f 412/412/412 413/413/413 414/414/414
f 414/414/414 413/413/413 415/415/415
f 414/414/414 415/415/415 416/416/416
f 413/413/413 396/396/396 398/398/398
f 413/413/413 398/398/398 415/415/415
f 415/415/415 398/398/398 166/166/166
f 415/415/415 166/166/166 164/164/164
f 416/416/416 415/415/415 164/164/164
f 416/416/416 164/164/164 134/134/134
f 145/145/145 157/157/157 417/417/417
f 145/145/145 417/417/417 418/418/418
f 157/157/157 154/154/154 400/400/400
f 157/157/157 400/400/400 417/417/417
f 417/417/417 400/400/400 404/404/404
f 417/417/417 404/404/404 419/419/419
f 418/418/418 417/417/417 419/419/419
f 418/418/418 419/419/419 420/420/420
f 420/420/420 419/419/419 421/421/421
f 420/420/420 421/421/421 422/422/422
f 419/419/419 404/404/404 406/406/406
f 419/419/419 406/406/406 421/421/421
f 421/421/421 406/406/406 160/160/160
f 421/421/421 160/160/160 158/158/158
f 422/422/422 421/421/421 158/158/158
f 422/422/422 158/158/158 94/94/94
f 87/87/87 140/140/140 423/423/423
f 87/87/87 423/423/423 424/424/424
f 140/140/140 131/131/131 412/412/412
f 140/140/140 412/412/412 423/423/423
f 423/423/423 412/412/412 414/414/414
f 423/423/423 414/414/414 425/425/425
f 424/424/424 423/423/423 425/425/425
f 424/424/424 425/425/425 426/426/426
f 426/426/426 425/425/425 427/427/427
f 426/426/426 427/427/427 428/428/428
f 425/425/425 414/414/414 416/416/416
f 425/425/425 416/416/416 427/427/427
f 427/427/427 416/416/416 134/134/134
f 427/427/427 134/134/134 132/132/132
f 428/428/428 427/427/427 132/132/132
f 428/428/428 132/132/132 118/118/118
f 89/89/89 88/88/88 429/429/429
f 89/89/89 429/429/429 430/430/430
f 88/88/88 87/87/87 424/424/424
f 88/88/88 424/424/424 429/429/429
f 429/429/429 424/424/424 426/426/426
f 429/429/429 426/426/426 431/431/431
f 430/430/430 429/429/429 431/431/431
f 430/430/430 431/431/431 432/432/432
f 432/432/432 431/431/431 433/433/433
f 432/432/432 433/433/433 434/434/434
f 431/431/431 426/426/426 428/428/428
f 431/431/431 428/428/428 433/433/433
f 433/433/433 428/428/428 118/118/118
f 433/433/433 118/118/118 115/115/115
f 434/434/434 433/433/433 115/115/115
f 434/434/434 115/115/115 114/114/114
f 107/107/107 106/106/106 435/435/435
f 107/107/107 435/435/435 436/436/436
f 106/106/106 105/105/105 437/437/437
f 106/106/106 437/437/437 435/435/435
f 435/435/435 437/437/437 438/438/438
f 435/435/435 438/438/438 439/439/439
f 436/436/436 435/435/435 439/439/439
f 436/436/436 439/439/439 440/440/440
f 440/440/440 439/439/439 441/441/441
f 440/440/440 441/441/441 442/442/442
f 439/439/439 438/438/438 443/443/443
f 439/439/439 443/443/443 441/441/441
f 441/441/441 443/443/443 90/90/90
f 441/441/441 90/90/90 109/109/109
f 442/442/442 441/441/441 109/109/109
f 442/442/442 109/109/109 108/108/108
f 105/105/105 146/146/146 444/444/444
f 105/105/105 444/444/444 437/437/437
f 146/146/146 145/145/145 418/418/418
f 146/146/146 418/418/418 444/444/444
f 444/444/444 418/418/418 420/420/420
f 444/444/444 420/420/420 445/445/445
f 437/437/437 444/444/444 445/445/445
f 437/437/437 445/445/445 438/438/438
f 438/438/438 445/445/445 446/446/446
f 438/438/438 446/446/446 443/443/443
f 445/445/445 420/420/420 422/422/422
f 445/445/445 422/422/422 446/446/446
f 446/446/446 422/422/422 94/94/94
f 446/446/446 94/94/94 91/91/91
f 443/443/443 446/446/446 91/91/91
f 443/443/443 91/91/91 90/90/90
f 447/447/447 448/448/448 449/449/449
f 447/447/447 449/449/449 450/450/450
f 448/448/448 370/370/370 372/372/372
f 448/448/448 372/372/372 449/449/449
f 449/449/449 372/372/372 198/198/198
f 449/449/449 198/198/198 195/195/195
f 450/450/450 449/449/449 195/195/195
f 450/450/450 195/195/195 194/194/194
f 186/186/186 208/208/208 451/451/451
f 186/186/186 451/451/451 452/452/452
f 208/208/208 207/207/207 228/228/228
f 208/208/208 228/228/228 451/451/451
f 451/451/451 228/228/228 25/25/25
f 451/451/451 25/25/25 35/35/35
f 452/452/452 451/451/451 35/35/35
f 452/452/452 35/35/35 34/34/34
f 238/238/238 237/237/237 453/453/453
f 238/238/238 453/453/453 454/454/454
f 237/237/237 216/216/216 215/215/215
f 237/237/237 215/215/215 453/453/453
f 453/453/453 215/215/215 23/23/23
f 453/453/453 23/23/23 20/20/20
f 454/454/454 453/453/453 20/20/20
f 454/454/454 20/20/20 19/19/19
f 225/225/225 224/224/224 455/455/455
f 225/225/225 455/455/455 456/456/456
f 224/224/224 212/212/212 211/211/211
f 224/224/224 211/211/211 455/455/455
f 455/455/455 211/211/211 76/76/76
f 455/455/455 76/76/76 73/73/73
f 456/456/456 455/455/455 73/73/73
f 456/456/456 73/73/73 72/72/72
f 202/202/202 201/201/201 457/457/457
f 202/202/202 457/457/457 458/458/458
f 201/201/201 200/200/200 459/459/459
f 201/201/201 459/459/459 457/457/457
f 457/457/457 459/459/459 40/40/40
f 457/457/457 40/40/40 67/67/67
f 458/458/458 457/457/457 67/67/67
f 458/458/458 67/67/67 66/66/66
f 258/258/258 257/257/257 460/460/460
f 258/258/258 460/460/460 461/461/461
f 257/257/257 256/256/256 462/462/462
f 257/257/257 462/462/462 460/460/460
f 460/460/460 462/462/462 28/28/28
f 460/460/460 28/28/28 59/59/59
f 461/461/461 460/460/460 59/59/59
f 461/461/461 59/59/59 58/58/58
f 162/162/162 181/181/181 463/463/463
f 162/162/162 463/463/463 464/464/464
f 181/181/181 178/178/178 465/465/465
f 181/181/181 465/465/465 463/463/463
f 463/463/463 465/465/465 466/466/466
f 463/463/463 466/466/466 467/467/467
f 464/464/464 463/463/463 467/467/467
f 464/464/464 467/467/467 468/468/468
f 297/297/297 296/296/296 469/469/469
f 297/297/297 469/469/469 470/470/470
f 296/296/296 295/295/295 471/471/471
f 296/296/296 471/471/471 469/469/469
f 469/469/469 471/471/471 5/5/5
f 469/469/469 5/5/5 2/2/2
f 470/470/470 469/469/469 2/2/2
f 470/470/470 2/2/2 1/1/1
f 248/248/248 304/304/304 472/472/472
f 248/248/248 472/472/472 473/473/473
f 304/304/304 297/297/297 470/470/470
f 304/304/304 470/470/470 472/472/472
f 472/472/472 470/470/470 1/1/1
f 472/472/472 1/1/1 49/49/49
f 473/473/473 472/472/472 49/49/49
f 473/473/473 49/49/49 44/44/44
f 178/178/178 177/177/177 474/474/474
f 178/178/178 474/474/474 465/465/465
f 177/177/177 176/176/176 241/241/241
f 177/177/177 241/241/241 474/474/474
f 474/474/474 241/241/241 78/78/78
f 474/474/474 78/78/78 475/475/475
f 465/465/465 474/474/474 475/475/475
f 465/465/465 475/475/475 466/466/466
f 200/200/200 249/249/249 476/476/476
f 200/200/200 476/476/476 459/459/459
f 249/249/249 248/248/248 473/473/473
f 249/249/249 473/473/473 476/476/476
f 476/476/476 473/473/473 44/44/44
f 476/476/476 44/44/44 41/41/41
f 459/459/459 476/476/476 41/41/41
f 459/459/459 41/41/41 40/40/40
f 309/309/309 316/316/316 477/477/477
f 309/309/309 477/477/477 478/478/478
f 316/316/316 315/315/315 479/479/479
f 316/316/316 479/479/479 477/477/477
f 477/477/477 479/479/479 54/54/54
f 477/477/477 54/54/54 52/52/52
f 478/478/478 477/477/477 52/52/52
f 478/478/478 52/52/52 14/14/14
f 256/256/256 282/282/282 480/480/480
f 256/256/256 480/480/480 462/462/462
f 282/282/282 281/281/281 481/481/481
f 282/282/282 481/481/481 480/480/480
f 480/480/480 481/481/481 10/10/10
f 480/480/480 10/10/10 29/29/29
f 462/462/462 480/480/480 29/29/29
f 462/462/462 29/29/29 28/28/28
f 482/482/482 483/483/483 484/484/484
f 482/482/482 484/484/484 485/485/485
f 486/486/486 487/487/487 484/484/484
f 486/486/486 484/484/484 483/483/483
f 488/488/488 489/489/489 484/484/484
f 488/488/488 484/484/484 487/487/487
f 490/490/490 491/491/491 484/484/484
f 490/490/490 484/484/484 489/489/489
f 492/492/492 493/493/493 484/484/484
f 492/492/492 484/484/484 491/491/491
f 494/494/494 495/495/495 484/484/484
f 494/494/494 484/484/484 493/493/493
f 496/496/496 497/497/497 484/484/484
f 496/496/496 484/484/484 495/495/495
f 498/498/498 499/499/499 484/484/484
f 498/498/498 484/484/484 497/497/497
f 500/500/500 501/501/501 484/484/484
f 500/500/500 484/484/484 499/499/499
f 502/502/502 503/503/503 484/484/484
f 502/502/502 484/484/484 501/501/501
f 504/504/504 505/505/505 484/484/484
f 504/504/504 484/484/484 503/503/503
f 506/506/506 485/485/485 484/484/484
f 506/506/506 484/484/484 505/505/505
f 281/281/281 310/310/310 507/507/507
f 281/281/281 507/507/507 481/481/481
f 310/310/310 309/309/309 478/478/478
f 310/310/310 478/478/478 507/507/507
f 507/507/507 478/478/478 14/14/14
f 507/507/507 14/14/14 11/11/11
f 481/481/481 507/507/507 11/11/11
f 481/481/481 11/11/11 10/10/10
f 466/466/466 475/475/475 508/508/508
f 466/466/466 508/508/508 509/509/509
f 475/475/475 78/78/78 77/77/77
f 475/475/475 77/77/77 508/508/508
f 508/508/508 77/77/77 76/76/76
f 508/508/508 76/76/76 209/209/209
f 509/509/509 508/508/508 209/209/209
f 509/509/509 209/209/209 190/190/190
f 468/468/468 467/467/467 510/510/510
f 468/468/468 510/510/510 511/511/511
f 467/467/467 466/466/466 509/509/509
f 467/467/467 509/509/509 510/510/510
f 510/510/510 509/509/509 190/190/190
f 510/510/510 190/190/190 188/188/188
f 511/511/511 510/510/510 188/188/188
f 511/511/511 188/188/188 127/127/127
f 136/136/136 169/169/169 512/512/512
f 136/136/136 512/512/512 513/513/513
f 169/169/169 168/168/168 514/514/514
f 169/169/169 514/514/514 512/512/512
f 512/512/512 514/514/514 515/515/515
f 512/512/512 515/515/515 516/516/516
f 513/513/513 512/512/512 516/516/516
f 513/513/513 516/516/516 517/517/517
f 517/517/517 516/516/516 518/518/518
f 517/517/517 518/518/518 519/519/519
f 516/516/516 515/515/515 520/520/520
f 516/516/516 520/520/520 518/518/518
f 518/518/518 520/520/520 147/147/147
f 518/518/518 147/147/147 155/155/155
f 519/519/519 518/518/518 155/155/155
f 519/519/519 155/155/155 143/143/143
f 168/168/168 187/187/187 521/521/521
f 168/168/168 521/521/521 514/514/514
f 187/187/187 186/186/186 452/452/452
f 187/187/187 452/452/452 521/521/521
f 521/521/521 452/452/452 34/34/34
f 521/521/521 34/34/34 522/522/522
f 514/514/514 521/521/521 522/522/522
f 514/514/514 522/522/522 515/515/515
f 515/515/515 522/522/522 523/523/523
f 515/515/515 523/523/523 520/520/520
f 522/522/522 34/34/34 37/37/37
f 522/522/522 37/37/37 523/523/523
f 523/523/523 37/37/37 39/39/39
f 523/523/523 39/39/39 148/148/148
f 520/520/520 523/523/523 148/148/148
f 520/520/520 148/148/148 147/147/147
f 120/120/120 137/137/137 524/524/524
f 120/120/120 524/524/524 525/525/525
f 137/137/137 136/136/136 513/513/513
f 137/137/137 513/513/513 524/524/524
f 524/524/524 513/513/513 517/517/517
f 524/524/524 517/517/517 526/526/526
f 525/525/525 524/524/524 526/526/526
f 525/525/525 526/526/526 527/527/527
f 527/527/527 526/526/526 528/528/528
f 527/527/527 528/528/528 529/529/529
f 526/526/526 517/517/517 519/519/519
f 526/526/526 519/519/519 528/528/528
f 528/528/528 519/519/519 143/143/143
f 528/528/528 143/143/143 141/141/141
f 529/529/529 528/528/528 141/141/141
f 529/529/529 141/141/141 103/103/103
f 98/98/98 97/97/97 530/530/530
f 98/98/98 530/530/530 531/531/531
f 97/97/97 96/96/96 532/532/532
f 97/97/97 532/532/532 530/530/530
f 530/530/530 532/532/532 533/533/533
f 530/530/530 533/533/533 534/534/534
f 531/531/531 530/530/530 534/534/534
f 531/531/531 534/534/534 535/535/535
f 535/535/535 534/534/534 536/536/536
f 535/535/535 536/536/536 537/537/537
f 534/534/534 533/533/533 538/538/538
f 534/534/534 538/538/538 536/536/536
f 536/536/536 538/538/538 123/123/123
f 536/536/536 123/123/123 138/138/138
f 537/537/537 536/536/536 138/138/138
f 537/537/537 138/138/138 85/85/85
f 96/96/96 163/163/163 539/539/539
f 96/96/96 539/539/539 532/532/532
f 163/163/163 162/162/162 464/464/464
f 163/163/163 464/464/464 539/539/539
f 539/539/539 464/464/464 468/468/468
f 539/539/539 468/468/468 540/540/540
f 532/532/532 539/539/539 540/540/540
f 532/532/532 540/540/540 533/533/533
f 533/533/533 540/540/540 541/541/541
f 533/533/533 541/541/541 538/538/538
f 540/540/540 468/468/468 511/511/511
f 540/540/540 511/511/511 541/541/541
f 541/541/541 511/511/511 127/127/127
f 541/541/541 127/127/127 124/124/124
f 538/538/538 541/541/541 124/124/124
f 538/538/538 124/124/124 123/123/123
f 122/122/122 121/121/121 542/542/542
f 122/122/122 542/542/542 543/543/543
f 121/121/121 120/120/120 525/525/525
f 121/121/121 525/525/525 542/542/542
f 542/542/542 525/525/525 527/527/527
f 542/542/542 527/527/527 544/544/544
f 543/543/543 542/542/542 544/544/544
f 543/543/543 544/544/544 545/545/545
f 545/545/545 544/544/544 546/546/546
f 545/545/545 546/546/546 547/547/547
f 544/544/544 527/527/527 529/529/529
f 544/544/544 529/529/529 546/546/546
f 546/546/546 529/529/529 103/103/103
f 546/546/546 103/103/103 100/100/100
f 547/547/547 546/546/546 100/100/100
f 547/547/547 100/100/100 99/99/99
f 113/113/113 112/112/112 548/548/548
f 113/113/113 548/548/548 549/549/549
f 112/112/112 98/98/98 531/531/531
f 112/112/112 531/531/531 548/548/548
f 548/548/548 531/531/531 535/535/535
f 548/548/548 535/535/535 550/550/550
f 549/549/549 548/548/548 550/550/550
f 549/549/549 550/550/550 551/551/551
f 551/551/551 550/550/550 552/552/552
f 551/551/551 552/552/552 553/553/553
f 550/550/550 535/535/535 537/537/537
f 550/550/550 537/537/537 552/552/552
f 552/552/552 537/537/537 85/85/85
f 552/552/552 85/85/85 82/82/82
f 553/553/553 552/552/552 82/82/82
f 553/553/553 82/82/82 81/81/81
f 270/270/270 269/269/269 554/554/554
f 270/270/270 554/554/554 555/555/555
f 269/269/269 268/268/268 368/368/368
f 269/269/269 368/368/368 554/554/554
f 554/554/554 368/368/368 370/370/370
f 554/554/554 370/370/370 448/448/448
f 555/555/555 554/554/554 448/448/448
f 555/555/555 448/448/448 447/447/447
f 238/238/238 556/556/556 557/557/557
f 238/238/238 557/557/557 234/234/234
f 556/556/556 558/558/558 559/559/559
f 556/556/556 559/559/559 557/557/557
f 557/557/557 559/559/559 560/560/560
f 557/557/557 560/560/560 561/561/561
f 234/234/234 557/557/557 561/561/561
f 234/234/234 561/561/561 231/231/231
f 230/230/230 562/562/562 563/563/563
f 230/230/230 563/563/563 227/227/227
f 562/562/562 564/564/564 565/565/565
f 562/562/562 565/565/565 563/563/563
f 563/563/563 565/565/565 566/566/566
f 563/563/563 566/566/566 567/567/567
f 227/227/227 563/563/563 567/567/567
f 227/227/227 567/567/567 27/27/27
f 243/243/243 568/568/568 569/569/569
f 243/243/243 569/569/569 240/240/240
f 568/568/568 570/570/570 571/571/571
f 568/568/568 571/571/571 569/569/569
f 569/569/569 571/571/571 572/572/572
f 569/569/569 572/572/572 573/573/573
f 240/240/240 569/569/569 573/573/573
f 240/240/240 573/573/573 80/80/80
f 231/231/231 561/561/561 574/574/574
f 231/231/231 574/574/574 378/378/378
f 561/561/561 560/560/560 575/575/575
f 561/561/561 575/575/575 574/574/574
f 574/574/574 575/575/575 576/576/576
f 574/574/574 576/576/576 577/577/577
f 378/378/378 574/574/574 577/577/577
f 378/378/378 577/577/577 376/376/376
f 218/218/218 578/578/578 579/579/579
f 218/218/218 579/579/579 385/385/385
f 578/578/578 580/580/580 581/581/581
f 578/578/578 581/581/581 579/579/579
f 579/579/579 581/581/581 582/582/582
f 579/579/579 582/582/582 583/583/583
f 385/385/385 579/579/579 583/583/583
f 385/385/385 583/583/583 383/383/383
f 225/225/225 584/584/584 585/585/585
f 225/225/225 585/585/585 221/221/221
f 584/584/584 586/586/586 587/587/587
f 584/584/584 587/587/587 585/585/585
f 585/585/585 587/587/587 580/580/580
f 585/585/585 580/580/580 578/578/578
f 221/221/221 585/585/585 578/578/578
f 221/221/221 578/578/578 218/218/218
f 19/19/19 588/588/588 589/589/589
f 19/19/19 589/589/589 454/454/454
f 588/588/588 590/590/590 591/591/591
f 588/588/588 591/591/591 589/589/589
f 589/589/589 591/591/591 558/558/558
f 589/589/589 558/558/558 556/556/556
f 454/454/454 589/589/589 556/556/556
f 454/454/454 556/556/556 238/238/238
f 72/72/72 592/592/592 593/593/593
f 72/72/72 593/593/593 456/456/456
f 592/592/592 594/594/594 595/595/595
f 592/592/592 595/595/595 593/593/593
f 593/593/593 595/595/595 586/586/586
f 593/593/593 586/586/586 584/584/584
f 456/456/456 593/593/593 584/584/584
f 456/456/456 584/584/584 225/225/225
f 383/383/383 583/583/583 596/596/596
f 383/383/383 596/596/596 381/381/381
f 583/583/583 582/582/582 597/597/597
f 583/583/583 597/597/597 596/596/596
f 596/596/596 597/597/597 564/564/564
f 596/596/596 564/564/564 562/562/562
f 381/381/381 596/596/596 562/562/562
f 381/381/381 562/562/562 230/230/230
f 376/376/376 577/577/577 598/598/598
f 376/376/376 598/598/598 374/374/374
f 577/577/577 576/576/576 599/599/599
f 577/577/577 599/599/599 598/598/598
f 598/598/598 599/599/599 570/570/570
f 598/598/598 570/570/570 568/568/568
f 374/374/374 598/598/598 568/568/568
f 374/374/374 568/568/568 243/243/243
f 80/80/80 573/573/573 600/600/600
f 80/80/80 600/600/600 75/75/75
f 573/573/573 572/572/572 601/601/601
f 573/573/573 601/601/601 600/600/600
f 600/600/600 601/601/601 594/594/594
f 600/600/600 594/594/594 592/592/592
f 75/75/75 600/600/600 592/592/592
f 75/75/75 592/592/592 72/72/72
f 27/27/27 567/567/567 602/602/602
f 27/27/27 602/602/602 22/22/22
f 566/566/566 603/603/603 602/602/602
f 566/566/566 602/602/602 567/567/567
f 604/604/604 605/605/605 602/602/602
f 604/604/604 602/602/602 603/603/603
f 590/590/590 588/588/588 602/602/602
f 590/590/590 602/602/602 605/605/605
f 19/19/19 22/22/22 602/602/602
f 19/19/19 602/602/602 588/588/588
f 558/558/558 606/606/606 607/607/607
f 558/558/558 607/607/607 559/559/559
f 606/606/606 270/270/270 555/555/555
f 606/606/606 555/555/555 607/607/607
f 607/607/607 555/555/555 447/447/447
f 607/607/607 447/447/447 608/608/608
f 559/559/559 607/607/607 608/608/608
f 559/559/559 608/608/608 560/560/560
f 564/564/564 609/609/609 610/610/610
f 564/564/564 610/610/610 565/565/565
f 258/258/258 461/461/461 610/610/610
f 258/258/258 610/610/610 609/609/609
f 58/58/58 611/611/611 610/610/610
f 58/58/58 610/610/610 461/461/461
f 612/612/612 613/613/613 610/610/610
f 612/612/612 610/610/610 611/611/611
f 566/566/566 565/565/565 610/610/610
f 566/566/566 610/610/610 613/613/613
f 570/570/570 614/614/614 615/615/615
f 570/570/570 615/615/615 571/571/571
f 614/614/614 202/202/202 458/458/458
f 614/614/614 458/458/458 615/615/615
f 615/615/615 458/458/458 66/66/66
f 615/615/615 66/66/66 616/616/616
f 571/571/571 615/615/615 616/616/616
f 571/571/571 616/616/616 572/572/572
f 560/560/560 608/608/608 617/617/617
f 560/560/560 617/617/617 575/575/575
f 608/608/608 447/447/447 450/450/450
f 608/608/608 450/450/450 617/617/617
f 617/617/617 450/450/450 194/194/194
f 617/617/617 194/194/194 618/618/618
f 575/575/575 617/617/617 618/618/618
f 575/575/575 618/618/618 576/576/576
f 580/580/580 619/619/619 620/620/620
f 580/580/580 620/620/620 581/581/581
f 619/619/619 364/364/364 366/366/366
f 619/619/619 366/366/366 620/620/620
f 620/620/620 366/366/366 250/250/250
f 620/620/620 250/250/250 621/621/621
f 581/581/581 620/620/620 621/621/621
f 581/581/581 621/621/621 582/582/582
f 586/586/586 622/622/622 623/623/623
f 586/586/586 623/623/623 587/587/587
f 622/622/622 264/264/264 362/362/362
f 622/622/622 362/362/362 623/623/623
f 623/623/623 362/362/362 364/364/364
f 623/623/623 364/364/364 619/619/619
f 587/587/587 623/623/623 619/619/619
f 587/587/587 619/619/619 580/580/580
f 590/590/590 624/624/624 625/625/625
f 590/590/590 625/625/625 591/591/591
f 626/626/626 627/627/627 625/625/625
f 626/626/626 625/625/625 624/624/624
f 63/63/63 266/266/266 625/625/625
f 63/63/63 625/625/625 627/627/627
f 270/270/270 606/606/606 625/625/625
f 270/270/270 625/625/625 266/266/266
f 558/558/558 591/591/591 625/625/625
f 558/558/558 625/625/625 606/606/606
f 594/594/594 628/628/628 629/629/629
f 594/594/594 629/629/629 595/595/595
f 628/628/628 71/71/71 260/260/260
f 628/628/628 260/260/260 629/629/629
f 629/629/629 260/260/260 264/264/264
f 629/629/629 264/264/264 622/622/622
f 595/595/595 629/629/629 622/622/622
f 595/595/595 622/622/622 586/586/586
f 582/582/582 621/621/621 630/630/630
f 582/582/582 630/630/630 597/597/597
f 621/621/621 250/250/250 253/253/253
f 621/621/621 253/253/253 630/630/630
f 630/630/630 253/253/253 258/258/258
f 630/630/630 258/258/258 609/609/609
f 597/597/597 630/630/630 609/609/609
f 597/597/597 609/609/609 564/564/564
f 576/576/576 618/618/618 631/631/631
f 576/576/576 631/631/631 599/599/599
f 618/618/618 194/194/194 197/197/197
f 618/618/618 197/197/197 631/631/631
f 631/631/631 197/197/197 202/202/202
f 631/631/631 202/202/202 614/614/614
f 599/599/599 631/631/631 614/614/614
f 599/599/599 614/614/614 570/570/570
f 572/572/572 616/616/616 632/632/632
f 572/572/572 632/632/632 601/601/601
f 616/616/616 66/66/66 69/69/69
f 616/616/616 69/69/69 632/632/632
f 632/632/632 69/69/69 71/71/71
f 632/632/632 71/71/71 628/628/628
f 601/601/601 632/632/632 628/628/628
f 601/601/601 628/628/628 594/594/594
f 633/633/633 634/634/634 635/635/635
f 633/633/633 635/635/635 636/636/636
f 634/634/634 637/637/637 638/638/638
f 634/634/634 638/638/638 635/635/635
f 635/635/635 638/638/638 639/639/639
f 635/635/635 639/639/639 640/640/640
f 636/636/636 635/635/635 640/640/640
f 636/636/636 640/640/640 641/641/641
f 492/492/492 642/642/642 643/643/643
f 492/492/492 643/643/643 493/493/493
f 642/642/642 323/323/323 322/322/322
f 642/642/642 322/322/322 643/643/643
f 643/643/643 322/322/322 56/56/56
f 643/643/643 56/56/56 644/644/644
f 493/493/493 643/643/643 644/644/644
f 493/493/493 644/644/644 494/494/494
f 490/490/490 645/645/645 646/646/646
f 490/490/490 646/646/646 491/491/491
f 645/645/645 351/351/351 350/350/350
f 645/645/645 350/350/350 646/646/646
f 646/646/646 350/350/350 323/323/323
f 646/646/646 323/323/323 642/642/642
f 491/491/491 646/646/646 642/642/642
f 491/491/491 642/642/642 492/492/492
f 482/482/482 647/647/647 648/648/648
f 482/482/482 648/648/648 483/483/483
f 647/647/647 5/5/5 471/471/471
f 647/647/647 471/471/471 648/648/648
f 648/648/648 471/471/471 295/295/295
f 648/648/648 295/295/295 649/649/649
f 483/483/483 648/648/648 649/649/649
f 483/483/483 649/649/649 486/486/486
f 502/502/502 650/650/650 651/651/651
f 502/502/502 651/651/651 503/503/503
f 650/650/650 328/328/328 327/327/327
f 650/650/650 327/327/327 651/651/651
f 651/651/651 327/327/327 319/319/319
f 651/651/651 319/319/319 652/652/652
f 503/503/503 651/651/651 652/652/652
f 503/503/503 652/652/652 504/504/504
f 500/500/500 653/653/653 654/654/654
f 500/500/500 654/654/654 501/501/501
f 653/653/653 313/313/313 333/333/333
f 653/653/653 333/333/333 654/654/654
f 654/654/654 333/333/333 328/328/328
f 654/654/654 328/328/328 650/650/650
f 501/501/501 654/654/654 650/650/650
f 501/501/501 650/650/650 502/502/502
f 486/486/486 649/649/649 655/655/655
f 486/486/486 655/655/655 487/487/487
f 649/649/649 295/295/295 294/294/294
f 649/649/649 294/294/294 655/655/655
f 655/655/655 294/294/294 293/293/293
f 655/655/655 293/293/293 656/656/656
f 487/487/487 655/655/655 656/656/656
f 487/487/487 656/656/656 488/488/488
f 488/488/488 656/656/656 657/657/657
f 488/488/488 657/657/657 489/489/489
f 656/656/656 293/293/293 354/354/354
f 656/656/656 354/354/354 657/657/657
f 657/657/657 354/354/354 351/351/351
f 657/657/657 351/351/351 645/645/645
f 489/489/489 657/657/657 645/645/645
f 489/489/489 645/645/645 490/490/490
f 496/496/496 658/658/658 659/659/659
f 496/496/496 659/659/659 497/497/497
f 658/658/658 54/54/54 479/479/479
f 658/658/658 479/479/479 659/659/659
f 659/659/659 479/479/479 315/315/315
f 659/659/659 315/315/315 660/660/660
f 497/497/497 659/659/659 660/660/660
f 497/497/497 660/660/660 498/498/498
f 494/494/494 644/644/644 661/661/661
f 494/494/494 661/661/661 495/495/495
f 644/644/644 56/56/56 55/55/55
f 644/644/644 55/55/55 661/661/661
f 661/661/661 55/55/55 54/54/54
f 661/661/661 54/54/54 658/658/658
f 495/495/495 661/661/661 658/658/658
f 495/495/495 658/658/658 496/496/496
f 504/504/504 652/652/652 662/662/662
f 504/504/504 662/662/662 505/505/505
f 652/652/652 319/319/319 318/318/318
f 652/652/652 318/318/318 662/662/662
f 662/662/662 318/318/318 7/7/7
f 662/662/662 7/7/7 663/663/663
f 505/505/505 662/662/662 663/663/663
f 505/505/505 663/663/663 506/506/506
f 506/506/506 663/663/663 664/664/664
f 506/506/506 664/664/664 485/485/485
f 663/663/663 7/7/7 6/6/6
f 663/663/663 6/6/6 664/664/664
f 664/664/664 6/6/6 5/5/5
f 664/664/664 5/5/5 647/647/647
f 485/485/485 664/664/664 647/647/647
f 485/485/485 647/647/647 482/482/482
f 665/665/665 666/666/666 667/667/667
f 665/665/665 667/667/667 668/668/668
f 666/666/666 604/604/604 603/603/603
f 666/666/666 603/603/603 667/667/667
f 667/667/667 603/603/603 566/566/566
f 667/667/667 566/566/566 669/669/669
f 668/668/668 667/667/667 669/669/669
f 668/668/668 669/669/669 670/670/670
f 671/671/671 672/672/672 673/673/673
f 671/671/671 673/673/673 674/674/674
f 672/672/672 612/612/612 611/611/611
f 672/672/672 611/611/611 673/673/673
f 673/673/673 611/611/611 58/58/58
f 673/673/673 58/58/58 675/675/675
f 674/674/674 673/673/673 675/675/675
f 674/674/674 675/675/675 676/676/676
f 677/677/677 678/678/678 679/679/679
f 677/677/677 679/679/679 680/680/680
f 678/678/678 63/63/63 627/627/627
f 678/678/678 627/627/627 679/679/679
f 679/679/679 627/627/627 626/626/626
f 679/679/679 626/626/626 681/681/681
f 680/680/680 679/679/679 681/681/681
f 680/680/680 681/681/681 682/682/682
f 676/676/676 675/675/675 683/683/683
f 676/676/676 683/683/683 684/684/684
f 675/675/675 58/58/58 61/61/61
f 675/675/675 61/61/61 683/683/683
f 683/683/683 61/61/61 65/65/65
f 683/683/683 65/65/65 685/685/685
f 684/684/684 683/683/683 685/685/685
f 684/684/684 685/685/685 686/686/686
f 686/686/686 685/685/685 687/687/687
f 686/686/686 687/687/687 688/688/688
f 685/685/685 65/65/65 64/64/64
f 685/685/685 64/64/64 687/687/687
f 687/687/687 64/64/64 63/63/63
f 687/687/687 63/63/63 678/678/678
f 688/688/688 687/687/687 678/678/678
f 688/688/688 678/678/678 677/677/677
f 689/689/689 690/690/690 691/691/691
f 689/689/689 691/691/691 692/692/692
f 690/690/690 590/590/590 605/605/605
f 690/690/690 605/605/605 691/691/691
f 691/691/691 605/605/605 604/604/604
f 691/691/691 604/604/604 666/666/666
f 692/692/692 691/691/691 666/666/666
f 692/692/692 666/666/666 665/665/665
f 682/682/682 681/681/681 693/693/693
f 682/682/682 693/693/693 694/694/694
f 681/681/681 626/626/626 624/624/624
f 681/681/681 624/624/624 693/693/693
f 693/693/693 624/624/624 590/590/590
f 693/693/693 590/590/590 690/690/690
f 694/694/694 693/693/693 690/690/690
f 694/694/694 690/690/690 689/689/689
f 670/670/670 669/669/669 695/695/695
f 670/670/670 695/695/695 696/696/696
f 669/669/669 566/566/566 613/613/613
f 669/669/669 613/613/613 695/695/695
f 695/695/695 613/613/613 612/612/612
f 695/695/695 612/612/612 672/672/672
f 696/696/696 695/695/695 672/672/672
f 696/696/696 672/672/672 671/671/671
f 697/697/697 698/698/698 699/699/699
f 697/697/697 699/699/699 700/700/700
f 698/698/698 665/665/665 668/668/668
f 698/698/698 668/668/668 699/699/699
f 699/699/699 668/668/668 670/670/670
f 699/699/699 670/670/670 701/701/701
f 700/700/700 699/699/699 701/701/701
f 700/700/700 701/701/701 641/641/641
f 633/633/633 702/702/702 703/703/703
f 633/633/633 703/703/703 704/704/704
f 702/702/702 671/671/671 674/674/674
f 702/702/702 674/674/674 703/703/703
f 703/703/703 674/674/674 676/676/676
f 703/703/703 676/676/676 705/705/705
f 704/704/704 703/703/703 705/705/705
f 704/704/704 705/705/705 706/706/706
f 707/707/707 708/708/708 709/709/709
f 707/707/707 709/709/709 710/710/710
f 708/708/708 677/677/677 680/680/680
f 708/708/708 680/680/680 709/709/709
f 709/709/709 680/680/680 682/682/682
f 709/709/709 682/682/682 711/711/711
f 710/710/710 709/709/709 711/711/711
f 710/710/710 711/711/711 712/712/712
f 706/706/706 705/705/705 713/713/713
f 706/706/706 713/713/713 714/714/714
f 705/705/705 676/676/676 684/684/684
f 705/705/705 684/684/684 713/713/713
f 713/713/713 684/684/684 686/686/686
f 713/713/713 686/686/686 715/715/715
f 714/714/714 713/713/713 715/715/715
f 714/714/714 715/715/715 716/716/716
f 716/716/716 715/715/715 717/717/717
f 716/716/716 717/717/717 718/718/718
f 715/715/715 686/686/686 688/688/688
f 715/715/715 688/688/688 717/717/717
f 717/717/717 688/688/688 677/677/677
f 717/717/717 677/677/677 708/708/708
f 718/718/718 717/717/717 708/708/708
f 718/718/718 708/708/708 707/707/707
f 719/719/719 720/720/720 721/721/721
f 719/719/719 721/721/721 722/722/722
f 720/720/720 689/689/689 692/692/692
f 720/720/720 692/692/692 721/721/721
f 721/721/721 692/692/692 665/665/665
f 721/721/721 665/665/665 698/698/698
f 722/722/722 721/721/721 698/698/698
f 722/722/722 698/698/698 697/697/697
f 712/712/712 711/711/711 723/723/723
f 712/712/712 723/723/723 724/724/724
f 711/711/711 682/682/682 694/694/694
f 711/711/711 694/694/694 723/723/723
f 723/723/723 694/694/694 689/689/689
f 723/723/723 689/689/689 720/720/720
f 724/724/724 723/723/723 720/720/720
f 724/724/724 720/720/720 719/719/719
f 641/641/641 701/701/701 725/725/725
f 641/641/641 725/725/725 636/636/636
f 701/701/701 670/670/670 696/696/696
f 701/701/701 696/696/696 725/725/725
f 725/725/725 696/696/696 671/671/671
f 725/725/725 671/671/671 702/702/702
f 636/636/636 725/725/725 702/702/702
f 636/636/636 702/702/702 633/633/633
f 726/726/726 727/727/727 728/728/728
f 726/726/726 728/728/728 729/729/729
f 727/727/727 730/730/730 731/731/731
f 727/727/727 731/731/731 728/728/728
f 728/728/728 731/731/731 732/732/732
f 728/728/728 732/732/732 733/733/733
f 729/729/729 728/728/728 733/733/733
f 729/729/729 733/733/733 734/734/734
f 697/697/697 735/735/735 736/736/736
f 697/697/697 736/736/736 722/722/722
f 735/735/735 737/737/737 738/738/738
f 735/735/735 738/738/738 736/736/736
f 736/736/736 738/738/738 739/739/739
f 736/736/736 739/739/739 740/740/740
f 722/722/722 736/736/736 740/740/740
f 722/722/722 740/740/740 719/719/719
f 716/716/716 741/741/741 742/742/742
f 716/716/716 742/742/742 714/714/714
f 741/741/741 734/734/734 743/743/743
f 741/741/741 743/743/743 742/742/742
f 742/742/742 743/743/743 744/744/744
f 742/742/742 744/744/744 745/745/745
f 714/714/714 742/742/742 745/745/745
f 714/714/714 745/745/745 706/706/706
f 706/706/706 745/745/745 746/746/746
f 706/706/706 746/746/746 704/704/704
f 745/745/745 744/744/744 747/747/747
f 745/745/745 747/747/747 746/746/746
f 746/746/746 747/747/747 637/637/637
f 746/746/746 637/637/637 634/634/634
f 704/704/704 746/746/746 634/634/634
f 704/704/704 634/634/634 633/633/633
f 719/719/719 740/740/740 748/748/748
f 719/719/719 748/748/748 724/724/724
f 740/740/740 739/739/739 749/749/749
f 740/740/740 749/749/749 748/748/748
f 748/748/748 749/749/749 750/750/750
f 748/748/748 750/750/750 751/751/751
f 724/724/724 748/748/748 751/751/751
f 724/724/724 751/751/751 712/712/712
f 707/707/707 752/752/752 753/753/753
f 707/707/707 753/753/753 718/718/718
f 752/752/752 726/726/726 729/729/729
f 752/752/752 729/729/729 753/753/753
f 753/753/753 729/729/729 734/734/734
f 753/753/753 734/734/734 741/741/741
f 718/718/718 753/753/753 741/741/741
f 718/718/718 741/741/741 716/716/716
f 712/712/712 751/751/751 754/754/754
f 712/712/712 754/754/754 710/710/710
f 751/751/751 750/750/750 755/755/755
f 751/751/751 755/755/755 754/754/754
f 754/754/754 755/755/755 726/726/726
f 754/754/754 726/726/726 752/752/752
f 710/710/710 754/754/754 752/752/752
f 710/710/710 752/752/752 707/707/707
f 641/641/641 640/640/640 756/756/756
f 641/641/641 756/756/756 700/700/700
f 640/640/640 639/639/639 757/757/757
f 640/640/640 757/757/757 756/756/756
f 756/756/756 757/757/757 737/737/737
f 756/756/756 737/737/737 735/735/735
f 700/700/700 756/756/756 735/735/735
f 700/700/700 735/735/735 697/697/697
f 758/758/758 759/759/759 760/760/760
f 758/758/758 760/760/760 761/761/761
f 759/759/759 762/762/762 763/763/763
f 759/759/759 763/763/763 760/760/760
f 760/760/760 763/763/763 764/764/764
f 760/760/760 764/764/764 765/765/765
f 761/761/761 760/760/760 765/765/765
f 761/761/761 765/765/765 766/766/766
f 750/750/750 767/767/767 768/768/768
f 750/750/750 768/768/768 755/755/755
f 767/767/767 766/766/766 769/769/769
f 767/767/767 769/769/769 768/768/768
f 768/768/768 769/769/769 730/730/730
f 768/768/768 730/730/730 727/727/727
f 755/755/755 768/768/768 727/727/727
f 755/755/755 727/727/727 726/726/726
f 639/639/639 770/770/770 771/771/771
f 639/639/639 771/771/771 757/757/757
f 770/770/770 772/772/772 773/773/773
f 770/770/770 773/773/773 771/771/771
f 771/771/771 773/773/773 774/774/774
f 771/771/771 774/774/774 775/775/775
f 757/757/757 771/771/771 775/775/775
f 757/757/757 775/775/775 737/737/737
f 637/637/637 776/776/776 777/777/777
f 637/637/637 777/777/777 638/638/638
f 776/776/776 778/778/778 779/779/779
f 776/776/776 779/779/779 777/777/777
f 777/777/777 779/779/779 772/772/772
f 777/777/777 772/772/772 770/770/770
f 638/638/638 777/777/777 770/770/770
f 638/638/638 770/770/770 639/639/639
f 737/737/737 775/775/775 780/780/780
f 737/737/737 780/780/780 738/738/738
f 775/775/775 774/774/774 781/781/781
f 775/775/775 781/781/781 780/780/780
f 780/780/780 781/781/781 758/758/758
f 780/780/780 758/758/758 782/782/782
f 738/738/738 780/780/780 782/782/782
f 738/738/738 782/782/782 739/739/739
f 734/734/734 733/733/733 783/783/783
f 734/734/734 783/783/783 743/743/743
f 733/733/733 732/732/732 784/784/784
f 733/733/733 784/784/784 783/783/783
f 783/783/783 784/784/784 785/785/785
f 783/783/783 785/785/785 786/786/786
f 743/743/743 783/783/783 786/786/786
f 743/743/743 786/786/786 744/744/744
f 744/744/744 786/786/786 787/787/787
f 744/744/744 787/787/787 747/747/747
f 786/786/786 785/785/785 788/788/788
f 786/786/786 788/788/788 787/787/787
f 787/787/787 788/788/788 778/778/778
f 787/787/787 778/778/778 776/776/776
f 747/747/747 787/787/787 776/776/776
f 747/747/747 776/776/776 637/637/637
f 739/739/739 782/782/782 789/789/789
f 739/739/739 789/789/789 749/749/749
f 782/782/782 758/758/758 761/761/761
f 782/782/782 761/761/761 789/789/789
f 789/789/789 761/761/761 766/766/766
f 789/789/789 766/766/766 767/767/767
f 749/749/749 789/789/789 767/767/767
f 749/749/749 767/767/767 750/750/750
f 790/790/790 791/791/791 792/792/792
f 790/790/790 792/792/792 793/793/793
f 791/791/791 794/794/794 795/795/795
f 791/791/791 795/795/795 792/792/792
f 792/792/792 795/795/795 796/796/796
f 792/792/792 796/796/796 797/797/797
f 793/793/793 792/792/792 797/797/797
f 793/793/793 797/797/797 798/798/798
f 730/730/730 799/799/799 800/800/800
f 730/730/730 800/800/800 731/731/731
f 799/799/799 801/801/801 802/802/802
f 799/799/799 802/802/802 800/800/800
f 800/800/800 802/802/802 803/803/803
f 800/800/800 803/803/803 804/804/804
f 731/731/731 800/800/800 804/804/804
f 731/731/731 804/804/804 732/732/732
f 766/766/766 765/765/765 805/805/805
f 766/766/766 805/805/805 769/769/769
f 765/765/765 764/764/764 806/806/806
f 765/765/765 806/806/806 805/805/805
f 805/805/805 806/806/806 801/801/801
f 805/805/805 801/801/801 799/799/799
f 769/769/769 805/805/805 799/799/799
f 769/769/769 799/799/799 730/730/730
f 772/772/772 807/807/807 808/808/808
f 772/772/772 808/808/808 773/773/773
f 807/807/807 809/809/809 810/810/810
f 807/807/807 810/810/810 808/808/808
f 808/808/808 810/810/810 811/811/811
f 808/808/808 811/811/811 812/812/812
f 773/773/773 808/808/808 812/812/812
f 773/773/773 812/812/812 774/774/774
f 778/778/778 813/813/813 814/814/814
f 778/778/778 814/814/814 779/779/779
f 813/813/813 815/815/815 816/816/816
f 813/813/813 816/816/816 814/814/814
f 814/814/814 816/816/816 809/809/809
f 814/814/814 809/809/809 807/807/807
f 779/779/779 814/814/814 807/807/807
f 779/779/779 807/807/807 772/772/772
f 774/774/774 812/812/812 817/817/817
f 774/774/774 817/817/817 781/781/781
f 812/812/812 811/811/811 818/818/818
f 812/812/812 818/818/818 817/817/817
f 817/817/817 818/818/818 762/762/762
f 817/817/817 762/762/762 759/759/759
f 781/781/781 817/817/817 759/759/759
f 781/781/781 759/759/759 758/758/758
f 732/732/732 804/804/804 819/819/819
f 732/732/732 819/819/819 784/784/784
f 804/804/804 803/803/803 820/820/820
f 804/804/804 820/820/820 819/819/819
f 819/819/819 820/820/820 821/821/821
f 819/819/819 821/821/821 822/822/822
f 784/784/784 819/819/819 822/822/822
f 784/784/784 822/822/822 785/785/785
f 785/785/785 822/822/822 823/823/823
f 785/785/785 823/823/823 788/788/788
f 822/822/822 821/821/821 824/824/824
f 822/822/822 824/824/824 823/823/823
f 823/823/823 824/824/824 815/815/815
f 823/823/823 815/815/815 813/813/813
f 788/788/788 823/823/823 813/813/813
f 788/788/788 813/813/813 778/778/778
f 825/825/825 826/826/826 827/827/827
f 825/825/825 827/827/827 828/828/828
f 826/826/826 811/811/811 810/810/810
f 826/826/826 810/810/810 827/827/827
f 827/827/827 810/810/810 809/809/809
f 827/827/827 809/809/809 829/829/829
f 828/828/828 827/827/827 829/829/829
f 828/828/828 829/829/829 830/830/830
f 831/831/831 832/832/832 833/833/833
f 831/831/831 833/833/833 834/834/834
f 832/832/832 815/815/815 824/824/824
f 832/832/832 824/824/824 833/833/833
f 833/833/833 824/824/824 821/821/821
f 833/833/833 821/821/821 835/835/835
f 834/834/834 833/833/833 835/835/835
f 834/834/834 835/835/835 836/836/836
f 837/837/837 838/838/838 839/839/839
f 837/837/837 839/839/839 840/840/840
f 838/838/838 801/801/801 806/806/806
f 838/838/838 806/806/806 839/839/839
f 839/839/839 806/806/806 764/764/764
f 839/839/839 764/764/764 841/841/841
f 840/840/840 839/839/839 841/841/841
f 840/840/840 841/841/841 842/842/842
f 836/836/836 835/835/835 843/843/843
f 836/836/836 843/843/843 844/844/844
f 835/835/835 821/821/821 820/820/820
f 835/835/835 820/820/820 843/843/843
f 843/843/843 820/820/820 803/803/803
f 843/843/843 803/803/803 845/845/845
f 844/844/844 843/843/843 845/845/845
f 844/844/844 845/845/845 846/846/846
f 846/846/846 845/845/845 847/847/847
f 846/846/846 847/847/847 848/848/848
f 845/845/845 803/803/803 802/802/802
f 845/845/845 802/802/802 847/847/847
f 847/847/847 802/802/802 801/801/801
f 847/847/847 801/801/801 838/838/838
f 848/848/848 847/847/847 838/838/838
f 848/848/848 838/838/838 837/837/837
f 849/849/849 850/850/850 851/851/851
f 849/849/849 851/851/851 852/852/852
f 850/850/850 762/762/762 818/818/818
f 850/850/850 818/818/818 851/851/851
f 851/851/851 818/818/818 811/811/811
f 851/851/851 811/811/811 826/826/826
f 852/852/852 851/851/851 826/826/826
f 852/852/852 826/826/826 825/825/825
f 842/842/842 841/841/841 853/853/853
f 842/842/842 853/853/853 854/854/854
f 841/841/841 764/764/764 763/763/763
f 841/841/841 763/763/763 853/853/853
f 853/853/853 763/763/763 762/762/762
f 853/853/853 762/762/762 850/850/850
f 854/854/854 853/853/853 850/850/850
f 854/854/854 850/850/850 849/849/849
f 830/830/830 829/829/829 855/855/855
f 830/830/830 855/855/855 856/856/856
f 829/829/829 809/809/809 816/816/816
f 829/829/829 816/816/816 855/855/855
f 855/855/855 816/816/816 815/815/815
f 855/855/855 815/815/815 832/832/832
f 856/856/856 855/855/855 832/832/832
f 856/856/856 832/832/832 831/831/831
f 857/857/857 858/858/858 859/859/859
f 857/857/857 859/859/859 860/860/860
f 858/858/858 825/825/825 828/828/828
f 858/858/858 828/828/828 859/859/859
f 859/859/859 828/828/828 830/830/830
f 859/859/859 830/830/830 861/861/861
f 860/860/860 859/859/859 861/861/861
f 860/860/860 861/861/861 862/862/862
f 863/863/863 864/864/864 865/865/865
f 863/863/863 865/865/865 866/866/866
f 864/864/864 831/831/831 834/834/834
f 864/864/864 834/834/834 865/865/865
f 865/865/865 834/834/834 836/836/836
f 865/865/865 836/836/836 867/867/867
f 866/866/866 865/865/865 867/867/867
f 866/866/866 867/867/867 868/868/868
f 869/869/869 870/870/870 871/871/871
f 869/869/869 871/871/871 872/872/872
f 870/870/870 837/837/837 840/840/840
f 870/870/870 840/840/840 871/871/871
f 871/871/871 840/840/840 842/842/842
f 871/871/871 842/842/842 873/873/873
f 872/872/872 871/871/871 873/873/873
f 872/872/872 873/873/873 874/874/874
f 868/868/868 867/867/867 875/875/875
f 868/868/868 875/875/875 876/876/876
f 867/867/867 836/836/836 844/844/844
f 867/867/867 844/844/844 875/875/875
f 875/875/875 844/844/844 846/846/846
f 875/875/875 846/846/846 877/877/877
f 876/876/876 875/875/875 877/877/877
f 876/876/876 877/877/877 878/878/878
f 878/878/878 877/877/877 879/879/879
f 878/878/878 879/879/879 880/880/880
f 877/877/877 846/846/846 848/848/848
f 877/877/877 848/848/848 879/879/879
f 879/879/879 848/848/848 837/837/837
f 879/879/879 837/837/837 870/870/870
f 880/880/880 879/879/879 870/870/870
f 880/880/880 870/870/870 869/869/869
f 881/881/881 882/882/882 883/883/883
f 881/881/881 883/883/883 884/884/884
f 882/882/882 849/849/849 852/852/852
f 882/882/882 852/852/852 883/883/883
f 883/883/883 852/852/852 825/825/825
f 883/883/883 825/825/825 858/858/858
f 884/884/884 883/883/883 858/858/858
f 884/884/884 858/858/858 857/857/857
f 874/874/874 873/873/873 885/885/885
f 874/874/874 885/885/885 886/886/886
f 873/873/873 842/842/842 854/854/854
f 873/873/873 854/854/854 885/885/885
f 885/885/885 854/854/854 849/849/849
f 885/885/885 849/849/849 882/882/882
f 886/886/886 885/885/885 882/882/882
f 886/886/886 882/882/882 881/881/881
f 862/862/862 861/861/861 887/887/887
f 862/862/862 887/887/887 888/888/888
f 861/861/861 830/830/830 856/856/856
f 861/861/861 856/856/856 887/887/887
f 887/887/887 856/856/856 831/831/831
f 887/887/887 831/831/831 864/864/864
f 888/888/888 887/887/887 864/864/864
f 888/888/888 864/864/864 863/863/863
f 889/889/889 890/890/890 891/891/891
f 889/889/889 891/891/891 892/892/892
f 890/890/890 893/893/893 894/894/894
f 890/890/890 894/894/894 891/891/891
f 891/891/891 894/894/894 895/895/895
f 891/891/891 895/895/895 896/896/896
f 892/892/892 891/891/891 896/896/896
f 892/892/892 896/896/896 897/897/897
f 898/898/898 899/899/899 900/900/900
f 898/898/898 900/900/900 901/901/901
f 899/899/899 902/902/902 903/903/903
f 899/899/899 903/903/903 900/900/900
f 900/900/900 903/903/903 904/904/904
f 900/900/900 904/904/904 905/905/905
f 901/901/901 900/900/900 905/905/905
f 901/901/901 905/905/905 906/906/906
f 798/798/798 797/797/797 907/907/907
f 798/798/798 907/907/907 908/908/908
f 797/797/797 796/796/796 909/909/909
f 797/797/797 909/909/909 907/907/907
f 907/907/907 909/909/909 902/902/902
f 907/907/907 902/902/902 899/899/899
f 908/908/908 907/907/907 899/899/899
f 908/908/908 899/899/899 898/898/898
f 910/910/910 911/911/911 912/912/912
f 910/910/910 912/912/912 913/913/913
f 911/911/911 914/914/914 915/915/915
f 911/911/911 915/915/915 912/912/912
f 912/912/912 915/915/915 916/916/916
f 912/912/912 916/916/916 917/917/917
f 913/913/913 912/912/912 917/917/917
f 913/913/913 917/917/917 918/918/918
f 919/919/919 920/920/920 921/921/921
f 919/919/919 921/921/921 922/922/922
f 920/920/920 897/897/897 923/923/923
f 920/920/920 923/923/923 921/921/921
f 921/921/921 923/923/923 914/914/914
f 921/921/921 914/914/914 911/911/911
f 922/922/922 921/921/921 911/911/911
f 922/922/922 911/911/911 910/910/910
f 924/924/924 925/925/925 926/926/926
f 924/924/924 926/926/926 927/927/927
f 925/925/925 928/928/928 929/929/929
f 925/925/925 929/929/929 926/926/926
f 926/926/926 929/929/929 930/930/930
f 926/926/926 930/930/930 931/931/931
f 927/927/927 926/926/926 931/931/931
f 927/927/927 931/931/931 932/932/932
f 906/906/906 905/905/905 933/933/933
f 906/906/906 933/933/933 934/934/934
f 905/905/905 904/904/904 935/935/935
f 905/905/905 935/935/935 933/933/933
f 933/933/933 935/935/935 889/889/889
f 933/933/933 889/889/889 936/936/936
f 934/934/934 933/933/933 936/936/936
f 934/934/934 936/936/936 937/937/937
f 937/937/937 936/936/936 938/938/938
f 937/937/937 938/938/938 939/939/939
f 936/936/936 889/889/889 892/892/892
f 936/936/936 892/892/892 938/938/938
f 938/938/938 892/892/892 897/897/897
f 938/938/938 897/897/897 920/920/920
f 939/939/939 938/938/938 920/920/920
f 939/939/939 920/920/920 919/919/919
f 940/940/940 941/941/941 942/942/942
f 940/940/940 942/942/942 943/943/943
f 941/941/941 944/944/944 945/945/945
f 941/941/941 945/945/945 942/942/942
f 942/942/942 945/945/945 946/946/946
f 942/942/942 946/946/946 947/947/947
f 943/943/943 942/942/942 947/947/947
f 943/943/943 947/947/947 948/948/948
f 794/794/794 949/949/949 950/950/950
f 794/794/794 950/950/950 795/795/795
f 949/949/949 951/951/951 952/952/952
f 949/949/949 952/952/952 950/950/950
f 950/950/950 952/952/952 953/953/953
f 950/950/950 953/953/953 954/954/954
f 795/795/795 950/950/950 954/954/954
f 795/795/795 954/954/954 796/796/796
f 902/902/902 955/955/955 956/956/956
f 902/902/902 956/956/956 903/903/903
f 955/955/955 957/957/957 958/958/958
f 955/955/955 958/958/958 956/956/956
f 956/956/956 958/958/958 959/959/959
f 956/956/956 959/959/959 960/960/960
f 903/903/903 956/956/956 960/960/960
f 903/903/903 960/960/960 904/904/904
f 796/796/796 954/954/954 961/961/961
f 796/796/796 961/961/961 909/909/909
f 954/954/954 953/953/953 962/962/962
f 954/954/954 962/962/962 961/961/961
f 961/961/961 962/962/962 957/957/957
f 961/961/961 957/957/957 955/955/955
f 909/909/909 961/961/961 955/955/955
f 909/909/909 955/955/955 902/902/902
f 914/914/914 963/963/963 964/964/964
f 914/914/914 964/964/964 915/915/915
f 963/963/963 965/965/965 966/966/966
f 963/963/963 966/966/966 964/964/964
f 964/964/964 966/966/966 967/967/967
f 964/964/964 967/967/967 968/968/968
f 915/915/915 964/964/964 968/968/968
f 915/915/915 968/968/968 916/916/916
f 897/897/897 896/896/896 969/969/969
f 897/897/897 969/969/969 923/923/923
f 896/896/896 895/895/895 970/970/970
f 896/896/896 970/970/970 969/969/969
f 969/969/969 970/970/970 965/965/965
f 969/969/969 965/965/965 963/963/963
f 923/923/923 969/969/969 963/963/963
f 923/923/923 963/963/963 914/914/914
f 916/916/916 968/968/968 971/971/971
f 916/916/916 971/971/971 972/972/972
f 968/968/968 967/967/967 973/973/973
f 968/968/968 973/973/973 971/971/971
f 971/971/971 973/973/973 951/951/951
f 971/971/971 951/951/951 949/949/949
f 972/972/972 971/971/971 949/949/949
f 972/972/972 949/949/949 794/794/794
f 904/904/904 960/960/960 974/974/974
f 904/904/904 974/974/974 935/935/935
f 960/960/960 959/959/959 975/975/975
f 960/960/960 975/975/975 974/974/974
f 974/974/974 975/975/975 893/893/893
f 974/974/974 893/893/893 890/890/890
f 935/935/935 974/974/974 890/890/890
f 935/935/935 890/890/890 889/889/889
f 976/976/976 977/977/977 978/978/978
f 976/976/976 978/978/978 979/979/979
f 977/977/977 980/980/980 981/981/981
f 977/977/977 981/981/981 978/978/978
f 978/978/978 981/981/981 982/982/982
f 978/978/978 982/982/982 983/983/983
f 979/979/979 978/978/978 983/983/983
f 979/979/979 983/983/983 984/984/984
f 985/985/985 986/986/986 987/987/987
f 985/985/985 987/987/987 988/988/988
f 986/986/986 989/989/989 990/990/990
f 986/986/986 990/990/990 987/987/987
f 987/987/987 990/990/990 991/991/991
f 987/987/987 991/991/991 992/992/992
f 988/988/988 987/987/987 992/992/992
f 988/988/988 992/992/992 993/993/993
f 994/994/994 995/995/995 996/996/996
f 994/994/994 996/996/996 997/997/997
f 995/995/995 998/998/998 999/999/999
f 995/995/995 999/999/999 996/996/996
f 996/996/996 999/999/999 1000/1000/1000
f 996/996/996 1000/1000/1000 1001/1001/1001
f 997/997/997 996/996/996 1001/1001/1001
f 997/997/997 1001/1001/1001 1002/1002/1002
f 1002/1002/1002 1001/1001/1001 1003/1003/1003
f 1002/1002/1002 1003/1003/1003 1004/1004/1004
f 1001/1001/1001 1000/1000/1000 1005/1005/1005
f 1001/1001/1001 1005/1005/1005 1003/1003/1003
f 1003/1003/1003 1005/1005/1005 944/944/944
f 1003/1003/1003 944/944/944 941/941/941
f 1004/1004/1004 1003/1003/1003 941/941/941
f 1004/1004/1004 941/941/941 940/940/940
f 993/993/993 992/992/992 1006/1006/1006
f 993/993/993 1006/1006/1006 1007/1007/1007
f 992/992/992 991/991/991 1008/1008/1008
f 992/992/992 1008/1008/1008 1006/1006/1006
f 1006/1006/1006 1008/1008/1008 1009/1009/1009
f 1006/1006/1006 1009/1009/1009 1010/1010/1010
f 1007/1007/1007 1006/1006/1006 1010/1010/1010
f 1007/1007/1007 1010/1010/1010 1011/1011/1011
f 1012/1012/1012 1013/1013/1013 1014/1014/1014
f 1012/1012/1012 1014/1014/1014 1015/1015/1015
f 1013/1013/1013 1016/1016/1016 1017/1017/1017
f 1013/1013/1013 1017/1017/1017 1014/1014/1014
f 1014/1014/1014 1017/1017/1017 998/998/998
f 1014/1014/1014 998/998/998 995/995/995
f 1015/1015/1015 1014/1014/1014 995/995/995
f 1015/1015/1015 995/995/995 994/994/994
f 1011/1011/1011 1010/1010/1010 1018/1018/1018
f 1011/1011/1011 1018/1018/1018 1019/1019/1019
f 1010/1010/1010 1009/1009/1009 1020/1020/1020
f 1010/1010/1010 1020/1020/1020 1018/1018/1018
f 1018/1018/1018 1020/1020/1020 1016/1016/1016
f 1018/1018/1018 1016/1016/1016 1013/1013/1013
f 1019/1019/1019 1018/1018/1018 1013/1013/1013
f 1019/1019/1019 1013/1013/1013 1012/1012/1012
f 948/948/948 947/947/947 1021/1021/1021
f 948/948/948 1021/1021/1021 1022/1022/1022
f 947/947/947 946/946/946 1023/1023/1023
f 947/947/947 1023/1023/1023 1021/1021/1021
f 1021/1021/1021 1023/1023/1023 989/989/989
f 1021/1021/1021 989/989/989 986/986/986
f 1022/1022/1022 1021/1021/1021 986/986/986
f 1022/1022/1022 986/986/986 985/985/985
f 1024/1024/1024 1025/1025/1025 1026/1026/1026
f 1024/1024/1024 1026/1026/1026 1027/1027/1027
f 1025/1025/1025 1028/1028/1028 1029/1029/1029
f 1025/1025/1025 1029/1029/1029 1026/1026/1026
f 1026/1026/1026 1029/1029/1029 1030/1030/1030
f 1026/1026/1026 1030/1030/1030 1031/1031/1031
f 1027/1027/1027 1026/1026/1026 1031/1031/1031
f 1027/1027/1027 1031/1031/1031 1032/1032/1032
f 1033/1033/1033 1034/1034/1034 1035/1035/1035
f 1033/1033/1033 1035/1035/1035 1036/1036/1036
f 1034/1034/1034 1037/1037/1037 1038/1038/1038
f 1034/1034/1034 1038/1038/1038 1035/1035/1035
f 1035/1035/1035 1038/1038/1038 1039/1039/1039
f 1035/1035/1035 1039/1039/1039 1040/1040/1040
f 1036/1036/1036 1035/1035/1035 1040/1040/1040
f 1036/1036/1036 1040/1040/1040 1041/1041/1041
f 1042/1042/1042 1043/1043/1043 1044/1044/1044
f 1042/1042/1042 1044/1044/1044 1045/1045/1045
f 1043/1043/1043 1046/1046/1046 1047/1047/1047
f 1043/1043/1043 1047/1047/1047 1044/1044/1044
f 1044/1044/1044 1047/1047/1047 1037/1037/1037
f 1044/1044/1044 1037/1037/1037 1034/1034/1034
f 1045/1045/1045 1044/1044/1044 1034/1034/1034
f 1045/1045/1045 1034/1034/1034 1033/1033/1033
f 1041/1041/1041 1040/1040/1040 1048/1048/1048
f 1041/1041/1041 1048/1048/1048 1049/1049/1049
f 1040/1040/1040 1039/1039/1039 1050/1050/1050
f 1040/1040/1040 1050/1050/1050 1048/1048/1048
f 1048/1048/1048 1050/1050/1050 1051/1051/1051
f 1048/1048/1048 1051/1051/1051 1052/1052/1052
f 1049/1049/1049 1048/1048/1048 1052/1052/1052
f 1049/1049/1049 1052/1052/1052 1053/1053/1053
f 1054/1054/1054 1055/1055/1055 1056/1056/1056
f 1054/1054/1054 1056/1056/1056 1057/1057/1057
f 1055/1055/1055 1058/1058/1058 1059/1059/1059
f 1055/1055/1055 1059/1059/1059 1056/1056/1056
f 1056/1056/1056 1059/1059/1059 1060/1060/1060
f 1056/1056/1056 1060/1060/1060 1061/1061/1061
f 1057/1057/1057 1056/1056/1056 1061/1061/1061
f 1057/1057/1057 1061/1061/1061 1062/1062/1062
f 1062/1062/1062 1061/1061/1061 1063/1063/1063
f 1062/1062/1062 1063/1063/1063 1064/1064/1064
f 1061/1061/1061 1060/1060/1060 1065/1065/1065
f 1061/1061/1061 1065/1065/1065 1063/1063/1063
f 1063/1063/1063 1065/1065/1065 1046/1046/1046
f 1063/1063/1063 1046/1046/1046 1043/1043/1043
f 1064/1064/1064 1063/1063/1063 1043/1043/1043
f 1064/1064/1064 1043/1043/1043 1042/1042/1042
f 1053/1053/1053 1052/1052/1052 1066/1066/1066
f 1053/1053/1053 1066/1066/1066 1067/1067/1067
f 1052/1052/1052 1051/1051/1051 1068/1068/1068
f 1052/1052/1052 1068/1068/1068 1066/1066/1066
f 1066/1066/1066 1068/1068/1068 980/980/980
f 1066/1066/1066 980/980/980 977/977/977
f 1067/1067/1067 1066/1066/1066 977/977/977
f 1067/1067/1067 977/977/977 976/976/976
f 984/984/984 983/983/983 1069/1069/1069
f 984/984/984 1069/1069/1069 1070/1070/1070
f 983/983/983 982/982/982 1071/1071/1071
f 983/983/983 1071/1071/1071 1069/1069/1069
f 1069/1069/1069 1071/1071/1071 1058/1058/1058
f 1069/1069/1069 1058/1058/1058 1055/1055/1055
f 1070/1070/1070 1069/1069/1069 1055/1055/1055
f 1070/1070/1070 1055/1055/1055 1054/1054/1054
f 1072/1072/1072 1073/1073/1073 1074/1074/1074
f 1072/1072/1072 1074/1074/1074 1075/1075/1075
f 1073/1073/1073 1076/1076/1076 1077/1077/1077
f 1073/1073/1073 1077/1077/1077 1074/1074/1074
f 1074/1074/1074 1077/1077/1077 1078/1078/1078
f 1074/1074/1074 1078/1078/1078 1079/1079/1079
f 1075/1075/1075 1074/1074/1074 1079/1079/1079
f 1075/1075/1075 1079/1079/1079 1080/1080/1080
f 1081/1081/1081 1082/1082/1082 1083/1083/1083
f 1081/1081/1081 1083/1083/1083 1084/1084/1084
f 1082/1082/1082 1085/1085/1085 1086/1086/1086
f 1082/1082/1082 1086/1086/1086 1083/1083/1083
f 1083/1083/1083 1086/1086/1086 1072/1072/1072
f 1083/1083/1083 1072/1072/1072 1087/1087/1087
f 1084/1084/1084 1083/1083/1083 1087/1087/1087
f 1084/1084/1084 1087/1087/1087 1088/1088/1088
f 1032/1032/1032 1031/1031/1031 1089/1089/1089
f 1032/1032/1032 1089/1089/1089 1090/1090/1090
f 1031/1031/1031 1030/1030/1030 1091/1091/1091
f 1031/1031/1031 1091/1091/1091 1089/1089/1089
f 1089/1089/1089 1091/1091/1091 1085/1085/1085
f 1089/1089/1089 1085/1085/1085 1082/1082/1082
f 1090/1090/1090 1089/1089/1089 1082/1082/1082
f 1090/1090/1090 1082/1082/1082 1081/1081/1081
f 1092/1092/1092 1093/1093/1093 1094/1094/1094
f 1092/1092/1092 1094/1094/1094 1095/1095/1095
f 1093/1093/1093 1096/1096/1096 1097/1097/1097
f 1093/1093/1093 1097/1097/1097 1094/1094/1094
f 1094/1094/1094 1097/1097/1097 1098/1098/1098
f 1094/1094/1094 1098/1098/1098 1099/1099/1099
f 1095/1095/1095 1094/1094/1094 1099/1099/1099
f 1095/1095/1095 1099/1099/1099 1100/1100/1100
f 1101/1101/1101 1102/1102/1102 1103/1103/1103
f 1101/1101/1101 1103/1103/1103 1104/1104/1104
f 1102/1102/1102 1105/1105/1105 1106/1106/1106
f 1102/1102/1102 1106/1106/1106 1103/1103/1103
f 1103/1103/1103 1106/1106/1106 1096/1096/1096
f 1103/1103/1103 1096/1096/1096 1093/1093/1093
f 1104/1104/1104 1103/1103/1103 1093/1093/1093
f 1104/1104/1104 1093/1093/1093 1092/1092/1092
f 1100/1100/1100 1099/1099/1099 1107/1107/1107
f 1100/1100/1100 1107/1107/1107 1108/1108/1108
f 1099/1099/1099 1098/1098/1098 1109/1109/1109
f 1099/1099/1099 1109/1109/1109 1107/1107/1107
f 1107/1107/1107 1109/1109/1109 1028/1028/1028
f 1107/1107/1107 1028/1028/1028 1025/1025/1025
f 1108/1108/1108 1107/1107/1107 1025/1025/1025
f 1108/1108/1108 1025/1025/1025 1024/1024/1024
f 1088/1088/1088 1087/1087/1087 1110/1110/1110
f 1088/1088/1088 1110/1110/1110 1111/1111/1111
f 1087/1087/1087 1072/1072/1072 1075/1075/1075
f 1087/1087/1087 1075/1075/1075 1110/1110/1110
f 1110/1110/1110 1075/1075/1075 1080/1080/1080
f 1110/1110/1110 1080/1080/1080 1112/1112/1112
f 1111/1111/1111 1110/1110/1110 1112/1112/1112
f 1111/1111/1111 1112/1112/1112 1113/1113/1113
f 1113/1113/1113 1112/1112/1112 1114/1114/1114
f 1113/1113/1113 1114/1114/1114 1115/1115/1115
f 1112/1112/1112 1080/1080/1080 1116/1116/1116
f 1112/1112/1112 1116/1116/1116 1114/1114/1114
f 1114/1114/1114 1116/1116/1116 1105/1105/1105
f 1114/1114/1114 1105/1105/1105 1102/1102/1102
f 1115/1115/1115 1114/1114/1114 1102/1102/1102
f 1115/1115/1115 1102/1102/1102 1101/1101/1101
f 1117/1117/1117 1118/1118/1118 1119/1119/1119
f 1117/1117/1117 1119/1119/1119 1120/1120/1120
f 1118/1118/1118 1121/1121/1121 1122/1122/1122
f 1118/1118/1118 1122/1122/1122 1119/1119/1119
f 1119/1119/1119 1122/1122/1122 1123/1123/1123
f 1119/1119/1119 1123/1123/1123 1124/1124/1124
f 1120/1120/1120 1119/1119/1119 1124/1124/1124
f 1120/1120/1120 1124/1124/1124 1125/1125/1125
f 1080/1080/1080 1079/1079/1079 1126/1126/1126
f 1080/1080/1080 1126/1126/1126 1116/1116/1116
f 1079/1079/1079 1078/1078/1078 1127/1127/1127
f 1079/1079/1079 1127/1127/1127 1126/1126/1126
f 1126/1126/1126 1127/1127/1127 1117/1117/1117
f 1126/1126/1126 1117/1117/1117 1128/1128/1128
f 1116/1116/1116 1126/1126/1126 1128/1128/1128
f 1116/1116/1116 1128/1128/1128 1105/1105/1105
f 1028/1028/1028 1129/1129/1129 1130/1130/1130
f 1028/1028/1028 1130/1130/1130 1029/1029/1029
f 1129/1129/1129 1131/1131/1131 1132/1132/1132
f 1129/1129/1129 1132/1132/1132 1130/1130/1130
f 1130/1130/1130 1132/1132/1132 1133/1133/1133
f 1130/1130/1130 1133/1133/1133 1134/1134/1134
f 1029/1029/1029 1130/1130/1130 1134/1134/1134
f 1029/1029/1029 1134/1134/1134 1030/1030/1030
f 1085/1085/1085 1135/1135/1135 1136/1136/1136
f 1085/1085/1085 1136/1136/1136 1086/1086/1086
f 1135/1135/1135 1137/1137/1137 1138/1138/1138
f 1135/1135/1135 1138/1138/1138 1136/1136/1136
f 1136/1136/1136 1138/1138/1138 1076/1076/1076
f 1136/1136/1136 1076/1076/1076 1073/1073/1073
f 1086/1086/1086 1136/1136/1136 1073/1073/1073
f 1086/1086/1086 1073/1073/1073 1072/1072/1072
f 1030/1030/1030 1134/1134/1134 1139/1139/1139
f 1030/1030/1030 1139/1139/1139 1091/1091/1091
f 1134/1134/1134 1133/1133/1133 1140/1140/1140
f 1134/1134/1134 1140/1140/1140 1139/1139/1139
f 1139/1139/1139 1140/1140/1140 1137/1137/1137
f 1139/1139/1139 1137/1137/1137 1135/1135/1135
f 1091/1091/1091 1139/1139/1139 1135/1135/1135
f 1091/1091/1091 1135/1135/1135 1085/1085/1085
f 1096/1096/1096 1141/1141/1141 1142/1142/1142
f 1096/1096/1096 1142/1142/1142 1097/1097/1097
f 1141/1141/1141 1125/1125/1125 1143/1143/1143
f 1141/1141/1141 1143/1143/1143 1142/1142/1142
f 1142/1142/1142 1143/1143/1143 1144/1144/1144
f 1142/1142/1142 1144/1144/1144 1145/1145/1145
f 1097/1097/1097 1142/1142/1142 1145/1145/1145
f 1097/1097/1097 1145/1145/1145 1098/1098/1098
f 1105/1105/1105 1128/1128/1128 1146/1146/1146
f 1105/1105/1105 1146/1146/1146 1106/1106/1106
f 1128/1128/1128 1117/1117/1117 1120/1120/1120
f 1128/1128/1128 1120/1120/1120 1146/1146/1146
f 1146/1146/1146 1120/1120/1120 1125/1125/1125
f 1146/1146/1146 1125/1125/1125 1141/1141/1141
f 1106/1106/1106 1146/1146/1146 1141/1141/1141
f 1106/1106/1106 1141/1141/1141 1096/1096/1096
f 1098/1098/1098 1145/1145/1145 1147/1147/1147
f 1098/1098/1098 1147/1147/1147 1109/1109/1109
f 1145/1145/1145 1144/1144/1144 1148/1148/1148
f 1145/1145/1145 1148/1148/1148 1147/1147/1147
f 1147/1147/1147 1148/1148/1148 1131/1131/1131
f 1147/1147/1147 1131/1131/1131 1129/1129/1129
f 1109/1109/1109 1147/1147/1147 1129/1129/1129
f 1109/1109/1109 1129/1129/1129 1028/1028/1028
f 1123/1123/1123 1122/1122/1122 1149/1149/1149
f 1123/1123/1123 1149/1149/1149 1150/1150/1150
f 1121/1121/1121 1151/1151/1151 1149/1149/1149
f 1121/1121/1121 1149/1149/1149 1122/1122/1122
f 1152/1152/1152 1153/1153/1153 1149/1149/1149
f 1152/1152/1152 1149/1149/1149 1151/1151/1151
f 1154/1154/1154 1155/1155/1155 1149/1149/1149
f 1154/1154/1154 1149/1149/1149 1153/1153/1153
f 1156/1156/1156 1157/1157/1157 1149/1149/1149
f 1156/1156/1156 1149/1149/1149 1155/1155/1155
f 1158/1158/1158 1159/1159/1159 1149/1149/1149
f 1158/1158/1158 1149/1149/1149 1157/1157/1157
f 1160/1160/1160 1161/1161/1161 1149/1149/1149
f 1160/1160/1160 1149/1149/1149 1159/1159/1159
f 1162/1162/1162 1150/1150/1150 1149/1149/1149
f 1162/1162/1162 1149/1149/1149 1161/1161/1161
f 1144/1144/1144 1163/1163/1163 1164/1164/1164
f 1144/1144/1144 1164/1164/1164 1148/1148/1148
f 1163/1163/1163 1162/1162/1162 1161/1161/1161
f 1163/1163/1163 1161/1161/1161 1164/1164/1164
f 1164/1164/1164 1161/1161/1161 1160/1160/1160
f 1164/1164/1164 1160/1160/1160 1165/1165/1165
f 1148/1148/1148 1164/1164/1164 1165/1165/1165
f 1148/1148/1148 1165/1165/1165 1131/1131/1131
f 1076/1076/1076 1166/1166/1166 1167/1167/1167
f 1076/1076/1076 1167/1167/1167 1077/1077/1077
f 1166/1166/1166 1154/1154/1154 1153/1153/1153
f 1166/1166/1166 1153/1153/1153 1167/1167/1167
f 1167/1167/1167 1153/1153/1153 1152/1152/1152
f 1167/1167/1167 1152/1152/1152 1168/1168/1168
f 1077/1077/1077 1167/1167/1167 1168/1168/1168
f 1077/1077/1077 1168/1168/1168 1078/1078/1078
f 1078/1078/1078 1168/1168/1168 1169/1169/1169
f 1078/1078/1078 1169/1169/1169 1127/1127/1127
f 1168/1168/1168 1152/1152/1152 1151/1151/1151
f 1168/1168/1168 1151/1151/1151 1169/1169/1169
f 1169/1169/1169 1151/1151/1151 1121/1121/1121
f 1169/1169/1169 1121/1121/1121 1118/1118/1118
f 1127/1127/1127 1169/1169/1169 1118/1118/1118
f 1127/1127/1127 1118/1118/1118 1117/1117/1117
f 1131/1131/1131 1165/1165/1165 1170/1170/1170
f 1131/1131/1131 1170/1170/1170 1132/1132/1132
f 1165/1165/1165 1160/1160/1160 1159/1159/1159
f 1165/1165/1165 1159/1159/1159 1170/1170/1170
f 1170/1170/1170 1159/1159/1159 1158/1158/1158
f 1170/1170/1170 1158/1158/1158 1171/1171/1171
f 1132/1132/1132 1170/1170/1170 1171/1171/1171
f 1132/1132/1132 1171/1171/1171 1133/1133/1133
f 1137/1137/1137 1172/1172/1172 1173/1173/1173
f 1137/1137/1137 1173/1173/1173 1138/1138/1138
f 1172/1172/1172 1156/1156/1156 1155/1155/1155
f 1172/1172/1172 1155/1155/1155 1173/1173/1173
f 1173/1173/1173 1155/1155/1155 1154/1154/1154
f 1173/1173/1173 1154/1154/1154 1166/1166/1166
f 1138/1138/1138 1173/1173/1173 1166/1166/1166
f 1138/1138/1138 1166/1166/1166 1076/1076/1076
f 1133/1133/1133 1171/1171/1171 1174/1174/1174
f 1133/1133/1133 1174/1174/1174 1140/1140/1140
f 1171/1171/1171 1158/1158/1158 1157/1157/1157
f 1171/1171/1171 1157/1157/1157 1174/1174/1174
f 1174/1174/1174 1157/1157/1157 1156/1156/1156
f 1174/1174/1174 1156/1156/1156 1172/1172/1172
f 1140/1140/1140 1174/1174/1174 1172/1172/1172
f 1140/1140/1140 1172/1172/1172 1137/1137/1137
f 1125/1125/1125 1124/1124/1124 1175/1175/1175
f 1125/1125/1125 1175/1175/1175 1143/1143/1143
f 1124/1124/1124 1123/1123/1123 1150/1150/1150
f 1124/1124/1124 1150/1150/1150 1175/1175/1175
f 1175/1175/1175 1150/1150/1150 1162/1162/1162
f 1175/1175/1175 1162/1162/1162 1163/1163/1163
f 1143/1143/1143 1175/1175/1175 1163/1163/1163
f 1143/1143/1143 1163/1163/1163 1144/1144/1144
f 868/868/868 1176/1176/1176 1177/1177/1177
f 868/868/868 1177/1177/1177 866/866/866
f 1176/1176/1176 937/937/937 939/939/939
f 1176/1176/1176 939/939/939 1177/1177/1177
f 1177/1177/1177 939/939/939 919/919/919
f 1177/1177/1177 919/919/919 1178/1178/1178
f 866/866/866 1177/1177/1177 1178/1178/1178
f 866/866/866 1178/1178/1178 863/863/863
f 878/878/878 1179/1179/1179 1180/1180/1180
f 878/878/878 1180/1180/1180 876/876/876
f 1179/1179/1179 906/906/906 934/934/934
f 1179/1179/1179 934/934/934 1180/1180/1180
f 1180/1180/1180 934/934/934 937/937/937
f 1180/1180/1180 937/937/937 1176/1176/1176
f 876/876/876 1180/1180/1180 1176/1176/1176
f 876/876/876 1176/1176/1176 868/868/868
f 857/857/857 1181/1181/1181 1182/1182/1182
f 857/857/857 1182/1182/1182 884/884/884
f 1181/1181/1181 918/918/918 1183/1183/1183
f 1181/1181/1181 1183/1183/1183 1182/1182/1182
f 1182/1182/1182 1183/1183/1183 790/790/790
f 1182/1182/1182 790/790/790 1184/1184/1184
f 884/884/884 1182/1182/1182 1184/1184/1184
f 884/884/884 1184/1184/1184 881/881/881
f 863/863/863 1178/1178/1178 1185/1185/1185
f 863/863/863 1185/1185/1185 888/888/888
f 1178/1178/1178 919/919/919 922/922/922
f 1178/1178/1178 922/922/922 1185/1185/1185
f 1185/1185/1185 922/922/922 910/910/910
f 1185/1185/1185 910/910/910 1186/1186/1186
f 888/888/888 1185/1185/1185 1186/1186/1186
f 888/888/888 1186/1186/1186 862/862/862
f 862/862/862 1186/1186/1186 1187/1187/1187
f 862/862/862 1187/1187/1187 860/860/860
f 1186/1186/1186 910/910/910 913/913/913
f 1186/1186/1186 913/913/913 1187/1187/1187
f 1187/1187/1187 913/913/913 918/918/918
f 1187/1187/1187 918/918/918 1181/1181/1181
f 860/860/860 1187/1187/1187 1181/1181/1181
f 860/860/860 1181/1181/1181 857/857/857
f 874/874/874 1188/1188/1188 1189/1189/1189
f 874/874/874 1189/1189/1189 872/872/872
f 1188/1188/1188 798/798/798 908/908/908
f 1188/1188/1188 908/908/908 1189/1189/1189
f 1189/1189/1189 908/908/908 898/898/898
f 1189/1189/1189 898/898/898 1190/1190/1190
f 872/872/872 1189/1189/1189 1190/1190/1190
f 872/872/872 1190/1190/1190 869/869/869
f 869/869/869 1190/1190/1190 1191/1191/1191
f 869/869/869 1191/1191/1191 880/880/880
f 1190/1190/1190 898/898/898 901/901/901
f 1190/1190/1190 901/901/901 1191/1191/1191
f 1191/1191/1191 901/901/901 906/906/906
f 1191/1191/1191 906/906/906 1179/1179/1179
f 880/880/880 1191/1191/1191 1179/1179/1179
f 880/880/880 1179/1179/1179 878/878/878
f 881/881/881 1184/1184/1184 1192/1192/1192
f 881/881/881 1192/1192/1192 886/886/886
f 1184/1184/1184 790/790/790 793/793/793
f 1184/1184/1184 793/793/793 1192/1192/1192
f 1192/1192/1192 793/793/793 798/798/798
f 1192/1192/1192 798/798/798 1188/1188/1188
f 886/886/886 1192/1192/1192 1188/1188/1188
f 886/886/886 1188/1188/1188 874/874/874
f 930/930/930 1193/1193/1193 1194/1194/1194
f 930/930/930 1194/1194/1194 1195/1195/1195
f 1193/1193/1193 1196/1196/1196 1197/1197/1197
f 1193/1193/1193 1197/1197/1197 1194/1194/1194
f 1194/1194/1194 1197/1197/1197 1198/1198/1198
f 1194/1194/1194 1198/1198/1198 1199/1199/1199
f 1195/1195/1195 1194/1194/1194 1199/1199/1199
f 1195/1195/1195 1199/1199/1199 1200/1200/1200
f 932/932/932 931/931/931 1201/1201/1201
f 932/932/932 1201/1201/1201 1202/1202/1202
f 931/931/931 930/930/930 1195/1195/1195
f 931/931/931 1195/1195/1195 1201/1201/1201
f 1201/1201/1201 1195/1195/1195 1200/1200/1200
f 1201/1201/1201 1200/1200/1200 1203/1203/1203
f 1202/1202/1202 1201/1201/1201 1203/1203/1203
f 1202/1202/1202 1203/1203/1203 1204/1204/1204
f 1205/1205/1205 1206/1206/1206 1207/1207/1207
f 1205/1205/1205 1207/1207/1207 1208/1208/1208
f 1206/1206/1206 1209/1209/1209 1210/1210/1210
f 1206/1206/1206 1210/1210/1210 1207/1207/1207
f 1207/1207/1207 1210/1210/1210 928/928/928
f 1207/1207/1207 928/928/928 925/925/925
f 1208/1208/1208 1207/1207/1207 925/925/925
f 1208/1208/1208 925/925/925 924/924/924
f 1204/1204/1204 1203/1203/1203 1211/1211/1211
f 1204/1204/1204 1211/1211/1211 1212/1212/1212
f 1203/1203/1203 1200/1200/1200 1213/1213/1213
f 1203/1203/1203 1213/1213/1213 1211/1211/1211
f 1211/1211/1211 1213/1213/1213 1209/1209/1209
f 1211/1211/1211 1209/1209/1209 1206/1206/1206
f 1212/1212/1212 1211/1211/1211 1206/1206/1206
f 1212/1212/1212 1206/1206/1206 1205/1205/1205
f 1198/1198/1198 1214/1214/1214 1215/1215/1215
f 1198/1198/1198 1215/1215/1215 1216/1216/1216
f 1214/1214/1214 1217/1217/1217 1218/1218/1218
f 1214/1214/1214 1218/1218/1218 1215/1215/1215
f 1215/1215/1215 1218/1218/1218 1219/1219/1219
f 1215/1215/1215 1219/1219/1219 1220/1220/1220
f 1216/1216/1216 1215/1215/1215 1220/1220/1220
f 1216/1216/1216 1220/1220/1220 1221/1221/1221
f 928/928/928 1222/1222/1222 1223/1223/1223
f 928/928/928 1223/1223/1223 929/929/929
f 1222/1222/1222 1224/1224/1224 1225/1225/1225
f 1222/1222/1222 1225/1225/1225 1223/1223/1223
f 1223/1223/1223 1225/1225/1225 1196/1196/1196
f 1223/1223/1223 1196/1196/1196 1193/1193/1193
f 929/929/929 1223/1223/1223 1193/1193/1193
f 929/929/929 1193/1193/1193 930/930/930
f 1200/1200/1200 1199/1199/1199 1226/1226/1226
f 1200/1200/1200 1226/1226/1226 1213/1213/1213
f 1199/1199/1199 1198/1198/1198 1216/1216/1216
f 1199/1199/1199 1216/1216/1216 1226/1226/1226
f 1226/1226/1226 1216/1216/1216 1221/1221/1221
f 1226/1226/1226 1221/1221/1221 1227/1227/1227
f 1213/1213/1213 1226/1226/1226 1227/1227/1227
f 1213/1213/1213 1227/1227/1227 1209/1209/1209
f 1209/1209/1209 1227/1227/1227 1228/1228/1228
f 1209/1209/1209 1228/1228/1228 1210/1210/1210
f 1227/1227/1227 1221/1221/1221 1229/1229/1229
f 1227/1227/1227 1229/1229/1229 1228/1228/1228
f 1228/1228/1228 1229/1229/1229 1224/1224/1224
f 1228/1228/1228 1224/1224/1224 1222/1222/1222
f 1210/1210/1210 1228/1228/1228 1222/1222/1222
f 1210/1210/1210 1222/1222/1222 928/928/928
f 1219/1219/1219 1230/1230/1230 1231/1231/1231
f 1219/1219/1219 1231/1231/1231 1232/1232/1232
f 1230/1230/1230 1233/1233/1233 1234/1234/1234
f 1230/1230/1230 1234/1234/1234 1231/1231/1231
f 1231/1231/1231 1234/1234/1234 1235/1235/1235
f 1231/1231/1231 1235/1235/1235 1236/1236/1236
f 1232/1232/1232 1231/1231/1231 1236/1236/1236
f 1232/1232/1232 1236/1236/1236 1237/1237/1237
f 1221/1221/1221 1220/1220/1220 1238/1238/1238
f 1221/1221/1221 1238/1238/1238 1229/1229/1229
f 1220/1220/1220 1219/1219/1219 1232/1232/1232
f 1220/1220/1220 1232/1232/1232 1238/1238/1238
f 1238/1238/1238 1232/1232/1232 1237/1237/1237
f 1238/1238/1238 1237/1237/1237 1239/1239/1239
f 1229/1229/1229 1238/1238/1238 1239/1239/1239
f 1229/1229/1229 1239/1239/1239 1224/1224/1224
f 1196/1196/1196 1240/1240/1240 1241/1241/1241
f 1196/1196/1196 1241/1241/1241 1197/1197/1197
f 1240/1240/1240 1242/1242/1242 1243/1243/1243
f 1240/1240/1240 1243/1243/1243 1241/1241/1241
f 1241/1241/1241 1243/1243/1243 1217/1217/1217
f 1241/1241/1241 1217/1217/1217 1214/1214/1214
f 1197/1197/1197 1241/1241/1241 1214/1214/1214
f 1197/1197/1197 1214/1214/1214 1198/1198/1198
f 1224/1224/1224 1239/1239/1239 1244/1244/1244
f 1224/1224/1224 1244/1244/1244 1225/1225/1225
f 1239/1239/1239 1237/1237/1237 1245/1245/1245
f 1239/1239/1239 1245/1245/1245 1244/1244/1244
f 1244/1244/1244 1245/1245/1245 1242/1242/1242
f 1244/1244/1244 1242/1242/1242 1240/1240/1240
f 1225/1225/1225 1244/1244/1244 1240/1240/1240
f 1225/1225/1225 1240/1240/1240 1196/1196/1196
f 1246/1246/1246 1247/1247/1247 1248/1248/1248
f 1246/1246/1246 1248/1248/1248 1249/1249/1249
f 1247/1247/1247 1235/1235/1235 1234/1234/1234
f 1247/1247/1247 1234/1234/1234 1248/1248/1248
f 1248/1248/1248 1234/1234/1234 1233/1233/1233
f 1248/1248/1248 1233/1233/1233 1250/1250/1250
f 1249/1249/1249 1248/1248/1248 1250/1250/1250
f 1249/1249/1249 1250/1250/1250 1251/1251/1251
f 1242/1242/1242 1252/1252/1252 1253/1253/1253
f 1242/1242/1242 1253/1253/1253 1243/1243/1243
f 1252/1252/1252 1246/1246/1246 1249/1249/1249
f 1252/1252/1252 1249/1249/1249 1253/1253/1253
f 1253/1253/1253 1249/1249/1249 1251/1251/1251
f 1253/1253/1253 1251/1251/1251 1254/1254/1254
f 1243/1243/1243 1253/1253/1253 1254/1254/1254
f 1243/1243/1243 1254/1254/1254 1217/1217/1217
f 1237/1237/1237 1236/1236/1236 1255/1255/1255
f 1237/1237/1237 1255/1255/1255 1245/1245/1245
f 1236/1236/1236 1235/1235/1235 1247/1247/1247
f 1236/1236/1236 1247/1247/1247 1255/1255/1255
f 1255/1255/1255 1247/1247/1247 1246/1246/1246
f 1255/1255/1255 1246/1246/1246 1252/1252/1252
f 1245/1245/1245 1255/1255/1255 1252/1252/1252
f 1245/1245/1245 1252/1252/1252 1242/1242/1242
f 1217/1217/1217 1254/1254/1254 1256/1256/1256
f 1217/1217/1217 1256/1256/1256 1218/1218/1218
f 1254/1254/1254 1251/1251/1251 1250/1250/1250
f 1254/1254/1254 1250/1250/1250 1256/1256/1256
f 1256/1256/1256 1250/1250/1250 1233/1233/1233
f 1256/1256/1256 1233/1233/1233 1230/1230/1230
f 1218/1218/1218 1256/1256/1256 1230/1230/1230
f 1218/1218/1218 1230/1230/1230 1219/1219/1219
f 965/965/965 1257/1257/1257 1258/1258/1258
f 965/965/965 1258/1258/1258 966/966/966
f 1257/1257/1257 948/948/948 1022/1022/1022
f 1257/1257/1257 1022/1022/1022 1258/1258/1258
f 1258/1258/1258 1022/1022/1022 985/985/985
f 1258/1258/1258 985/985/985 1259/1259/1259
f 966/966/966 1258/1258/1258 1259/1259/1259
f 966/966/966 1259/1259/1259 967/967/967
f 953/953/953 1260/1260/1260 1261/1261/1261
f 953/953/953 1261/1261/1261 962/962/962
f 1260/1260/1260 1011/1011/1011 1019/1019/1019
f 1260/1260/1260 1019/1019/1019 1261/1261/1261
f 1261/1261/1261 1019/1019/1019 1012/1012/1012
f 1261/1261/1261 1012/1012/1012 1262/1262/1262
f 962/962/962 1261/1261/1261 1262/1262/1262
f 962/962/962 1262/1262/1262 957/957/957
f 957/957/957 1262/1262/1262 1263/1263/1263
f 957/957/957 1263/1263/1263 958/958/958
f 1262/1262/1262 1012/1012/1012 1015/1015/1015
f 1262/1262/1262 1015/1015/1015 1263/1263/1263
f 1263/1263/1263 1015/1015/1015 994/994/994
f 1263/1263/1263 994/994/994 1264/1264/1264
f 958/958/958 1263/1263/1263 1264/1264/1264
f 958/958/958 1264/1264/1264 959/959/959
f 951/951/951 1265/1265/1265 1266/1266/1266
f 951/951/951 1266/1266/1266 952/952/952
f 1265/1265/1265 993/993/993 1007/1007/1007
f 1265/1265/1265 1007/1007/1007 1266/1266/1266
f 1266/1266/1266 1007/1007/1007 1011/1011/1011
f 1266/1266/1266 1011/1011/1011 1260/1260/1260
f 952/952/952 1266/1266/1266 1260/1260/1260
f 952/952/952 1260/1260/1260 953/953/953
f 893/893/893 1267/1267/1267 1268/1268/1268
f 893/893/893 1268/1268/1268 894/894/894
f 1267/1267/1267 1002/1002/1002 1004/1004/1004
f 1267/1267/1267 1004/1004/1004 1268/1268/1268
f 1268/1268/1268 1004/1004/1004 940/940/940
f 1268/1268/1268 940/940/940 1269/1269/1269
f 894/894/894 1268/1268/1268 1269/1269/1269
f 894/894/894 1269/1269/1269 895/895/895
f 959/959/959 1264/1264/1264 1270/1270/1270
f 959/959/959 1270/1270/1270 975/975/975
f 1264/1264/1264 994/994/994 997/997/997
f 1264/1264/1264 997/997/997 1270/1270/1270
f 1270/1270/1270 997/997/997 1002/1002/1002
f 1270/1270/1270 1002/1002/1002 1267/1267/1267
f 975/975/975 1270/1270/1270 1267/1267/1267
f 975/975/975 1267/1267/1267 893/893/893
f 1271/1271/1271 1272/1272/1272 1273/1273/1273
f 1271/1271/1271 1273/1273/1273 1274/1274/1274
f 1272/1272/1272 1275/1275/1275 1276/1276/1276
f 1272/1272/1272 1276/1276/1276 1273/1273/1273
f 1273/1273/1273 1276/1276/1276 1277/1277/1277
f 1273/1273/1273 1277/1277/1277 1278/1278/1278
f 1274/1274/1274 1273/1273/1273 1278/1278/1278
f 1274/1274/1274 1278/1278/1278 1279/1279/1279
f 895/895/895 1269/1269/1269 1280/1280/1280
f 895/895/895 1280/1280/1280 970/970/970
f 1269/1269/1269 940/940/940 943/943/943
f 1269/1269/1269 943/943/943 1280/1280/1280
f 1280/1280/1280 943/943/943 948/948/948
f 1280/1280/1280 948/948/948 1257/1257/1257
f 970/970/970 1280/1280/1280 1257/1257/1257
f 970/970/970 1257/1257/1257 965/965/965
f 1281/1281/1281 1282/1282/1282 1283/1283/1283
f 1281/1281/1281 1283/1283/1283 1284/1284/1284
f 1282/1282/1282 1285/1285/1285 1286/1286/1286
f 1282/1282/1282 1286/1286/1286 1283/1283/1283
f 1283/1283/1283 1286/1286/1286 1287/1287/1287
f 1283/1283/1283 1287/1287/1287 1288/1288/1288
f 1284/1284/1284 1283/1283/1283 1288/1288/1288
f 1284/1284/1284 1288/1288/1288 1275/1275/1275
f 1289/1289/1289 1290/1290/1290 1291/1291/1291
f 1289/1289/1289 1291/1291/1291 1292/1292/1292
f 1290/1290/1290 1281/1281/1281 1284/1284/1284
f 1290/1290/1290 1284/1284/1284 1291/1291/1291
f 1291/1291/1291 1284/1284/1284 1275/1275/1275
f 1291/1291/1291 1275/1275/1275 1272/1272/1272
f 1292/1292/1292 1291/1291/1291 1272/1272/1272
f 1292/1292/1292 1272/1272/1272 1271/1271/1271
f 1279/1279/1279 1278/1278/1278 1293/1293/1293
f 1279/1279/1279 1293/1293/1293 1294/1294/1294
f 1278/1278/1278 1277/1277/1277 1295/1295/1295
f 1278/1278/1278 1295/1295/1295 1293/1293/1293
f 1293/1293/1293 1295/1295/1295 1296/1296/1296
f 1293/1293/1293 1296/1296/1296 1297/1297/1297
f 1294/1294/1294 1293/1293/1293 1297/1297/1297
f 1294/1294/1294 1297/1297/1297 1298/1298/1298
f 1298/1298/1298 1297/1297/1297 1299/1299/1299
f 1298/1298/1298 1299/1299/1299 1300/1300/1300
f 1297/1297/1297 1296/1296/1296 1301/1301/1301
f 1297/1297/1297 1301/1301/1301 1299/1299/1299
f 1299/1299/1299 1301/1301/1301 1281/1281/1281
f 1299/1299/1299 1281/1281/1281 1290/1290/1290
f 1300/1300/1300 1299/1299/1299 1290/1290/1290
f 1300/1300/1300 1290/1290/1290 1289/1289/1289
f 1302/1302/1302 1303/1303/1303 1304/1304/1304
f 1302/1302/1302 1304/1304/1304 1305/1305/1305
f 1303/1303/1303 1306/1306/1306 1307/1307/1307
f 1303/1303/1303 1307/1307/1307 1304/1304/1304
f 1304/1304/1304 1307/1307/1307 1308/1308/1308
f 1304/1304/1304 1308/1308/1308 1309/1309/1309
f 1305/1305/1305 1304/1304/1304 1309/1309/1309
f 1305/1305/1305 1309/1309/1309 1310/1310/1310
f 1277/1277/1277 1311/1311/1311 1312/1312/1312
f 1277/1277/1277 1312/1312/1312 1295/1295/1295
f 1311/1311/1311 1302/1302/1302 1305/1305/1305
f 1311/1311/1311 1305/1305/1305 1312/1312/1312
f 1312/1312/1312 1305/1305/1305 1310/1310/1310
f 1312/1312/1312 1310/1310/1310 1313/1313/1313
f 1295/1295/1295 1312/1312/1312 1313/1313/1313
f 1295/1295/1295 1313/1313/1313 1296/1296/1296
f 1275/1275/1275 1288/1288/1288 1314/1314/1314
f 1275/1275/1275 1314/1314/1314 1276/1276/1276
f 1288/1288/1288 1287/1287/1287 1315/1315/1315
f 1288/1288/1288 1315/1315/1315 1314/1314/1314
f 1314/1314/1314 1315/1315/1315 1302/1302/1302
f 1314/1314/1314 1302/1302/1302 1311/1311/1311
f 1276/1276/1276 1314/1314/1314 1311/1311/1311
f 1276/1276/1276 1311/1311/1311 1277/1277/1277
f 1296/1296/1296 1313/1313/1313 1316/1316/1316
f 1296/1296/1296 1316/1316/1316 1301/1301/1301
f 1313/1313/1313 1310/1310/1310 1317/1317/1317
f 1313/1313/1313 1317/1317/1317 1316/1316/1316
f 1316/1316/1316 1317/1317/1317 1285/1285/1285
f 1316/1316/1316 1285/1285/1285 1282/1282/1282
f 1301/1301/1301 1316/1316/1316 1282/1282/1282
f 1301/1301/1301 1282/1282/1282 1281/1281/1281
f 1318/1318/1318 1319/1319/1319 1320/1320/1320
f 1318/1318/1318 1320/1320/1320 1321/1321/1321
f 1319/1319/1319 1322/1322/1322 1323/1323/1323
f 1319/1319/1319 1323/1323/1323 1320/1320/1320
f 1320/1320/1320 1323/1323/1323 1308/1308/1308
f 1320/1320/1320 1308/1308/1308 1307/1307/1307
f 1321/1321/1321 1320/1320/1320 1307/1307/1307
f 1321/1321/1321 1307/1307/1307 1306/1306/1306
f 1287/1287/1287 1324/1324/1324 1325/1325/1325
f 1287/1287/1287 1325/1325/1325 1315/1315/1315
f 1324/1324/1324 1318/1318/1318 1321/1321/1321
f 1324/1324/1324 1321/1321/1321 1325/1325/1325
f 1325/1325/1325 1321/1321/1321 1306/1306/1306
f 1325/1325/1325 1306/1306/1306 1303/1303/1303
f 1315/1315/1315 1325/1325/1325 1303/1303/1303
f 1315/1315/1315 1303/1303/1303 1302/1302/1302
f 1310/1310/1310 1309/1309/1309 1326/1326/1326
f 1310/1310/1310 1326/1326/1326 1317/1317/1317
f 1309/1309/1309 1308/1308/1308 1323/1323/1323
f 1309/1309/1309 1323/1323/1323 1326/1326/1326
f 1326/1326/1326 1323/1323/1323 1322/1322/1322
f 1326/1326/1326 1322/1322/1322 1327/1327/1327
f 1317/1317/1317 1326/1326/1326 1327/1327/1327
f 1317/1317/1317 1327/1327/1327 1285/1285/1285
f 1285/1285/1285 1327/1327/1327 1328/1328/1328
f 1285/1285/1285 1328/1328/1328 1286/1286/1286
f 1327/1327/1327 1322/1322/1322 1319/1319/1319
f 1327/1327/1327 1319/1319/1319 1328/1328/1328
f 1328/1328/1328 1319/1319/1319 1318/1318/1318
f 1328/1328/1328 1318/1318/1318 1324/1324/1324
f 1286/1286/1286 1328/1328/1328 1324/1324/1324
f 1286/1286/1286 1324/1324/1324 1287/1287/1287
f 1016/1016/1016 1329/1329/1329 1330/1330/1330
f 1016/1016/1016 1330/1330/1330 1017/1017/1017
f 1329/1329/1329 1331/1331/1331 1332/1332/1332
f 1329/1329/1329 1332/1332/1332 1330/1330/1330
f 1330/1330/1330 1332/1332/1332 1333/1333/1333
f 1330/1330/1330 1333/1333/1333 1334/1334/1334
f 1017/1017/1017 1330/1330/1330 1334/1334/1334
f 1017/1017/1017 1334/1334/1334 998/998/998
f 991/991/991 1335/1335/1335 1336/1336/1336
f 991/991/991 1336/1336/1336 1008/1008/1008
f 1335/1335/1335 1337/1337/1337 1338/1338/1338
f 1335/1335/1335 1338/1338/1338 1336/1336/1336
f 1336/1336/1336 1338/1338/1338 1339/1339/1339
f 1336/1336/1336 1339/1339/1339 1340/1340/1340
f 1008/1008/1008 1336/1336/1336 1340/1340/1340
f 1008/1008/1008 1340/1340/1340 1009/1009/1009
f 1000/1000/1000 1341/1341/1341 1342/1342/1342
f 1000/1000/1000 1342/1342/1342 1005/1005/1005
f 1341/1341/1341 1343/1343/1343 1344/1344/1344
f 1341/1341/1341 1344/1344/1344 1342/1342/1342
f 1342/1342/1342 1344/1344/1344 1345/1345/1345
f 1342/1342/1342 1345/1345/1345 1346/1346/1346
f 1005/1005/1005 1342/1342/1342 1346/1346/1346
f 1005/1005/1005 1346/1346/1346 944/944/944
f 998/998/998 1334/1334/1334 1347/1347/1347
f 998/998/998 1347/1347/1347 999/999/999
f 1334/1334/1334 1333/1333/1333 1348/1348/1348
f 1334/1334/1334 1348/1348/1348 1347/1347/1347
f 1347/1347/1347 1348/1348/1348 1343/1343/1343
f 1347/1347/1347 1343/1343/1343 1341/1341/1341
f 999/999/999 1347/1347/1347 1341/1341/1341
f 999/999/999 1341/1341/1341 1000/1000/1000
f 1349/1349/1349 1350/1350/1350 1351/1351/1351
f 1349/1349/1349 1351/1351/1351 1352/1352/1352
f 1350/1350/1350 1353/1353/1353 1354/1354/1354
f 1350/1350/1350 1354/1354/1354 1351/1351/1351
f 1351/1351/1351 1354/1354/1354 1355/1355/1355
f 1351/1351/1351 1355/1355/1355 1356/1356/1356
f 1352/1352/1352 1351/1351/1351 1356/1356/1356
f 1352/1352/1352 1356/1356/1356 1357/1357/1357
f 944/944/944 1346/1346/1346 1358/1358/1358
f 944/944/944 1358/1358/1358 945/945/945
f 1346/1346/1346 1345/1345/1345 1359/1359/1359
f 1346/1346/1346 1359/1359/1359 1358/1358/1358
f 1358/1358/1358 1359/1359/1359 1360/1360/1360
f 1358/1358/1358 1360/1360/1360 1361/1361/1361
f 945/945/945 1358/1358/1358 1361/1361/1361
f 945/945/945 1361/1361/1361 946/946/946
f 946/946/946 1361/1361/1361 1362/1362/1362
f 946/946/946 1362/1362/1362 1023/1023/1023
f 1361/1361/1361 1360/1360/1360 1363/1363/1363
f 1361/1361/1361 1363/1363/1363 1362/1362/1362
f 1362/1362/1362 1363/1363/1363 1364/1364/1364
f 1362/1362/1362 1364/1364/1364 1365/1365/1365
f 1023/1023/1023 1362/1362/1362 1365/1365/1365
f 1023/1023/1023 1365/1365/1365 989/989/989
f 1009/1009/1009 1340/1340/1340 1366/1366/1366
f 1009/1009/1009 1366/1366/1366 1020/1020/1020
f 1340/1340/1340 1339/1339/1339 1367/1367/1367
f 1340/1340/1340 1367/1367/1367 1366/1366/1366
f 1366/1366/1366 1367/1367/1367 1331/1331/1331
f 1366/1366/1366 1331/1331/1331 1329/1329/1329
f 1020/1020/1020 1366/1366/1366 1329/1329/1329
f 1020/1020/1020 1329/1329/1329 1016/1016/1016
f 1368/1368/1368 1369/1369/1369 1370/1370/1370
f 1368/1368/1368 1370/1370/1370 1371/1371/1371
f 1369/1369/1369 1372/1372/1372 1373/1373/1373
f 1369/1369/1369 1373/1373/1373 1370/1370/1370
f 1370/1370/1370 1373/1373/1373 1374/1374/1374
f 1370/1370/1370 1374/1374/1374 1375/1375/1375
f 1371/1371/1371 1370/1370/1370 1375/1375/1375
f 1371/1371/1371 1375/1375/1375 1376/1376/1376
f 1377/1377/1377 1378/1378/1378 1379/1379/1379
f 1377/1377/1377 1379/1379/1379 1380/1380/1380
f 1378/1378/1378 1376/1376/1376 1381/1381/1381
f 1378/1378/1378 1381/1381/1381 1379/1379/1379
f 1379/1379/1379 1381/1381/1381 1353/1353/1353
f 1379/1379/1379 1353/1353/1353 1350/1350/1350
f 1380/1380/1380 1379/1379/1379 1350/1350/1350
f 1380/1380/1380 1350/1350/1350 1349/1349/1349
f 1357/1357/1357 1356/1356/1356 1382/1382/1382
f 1357/1357/1357 1382/1382/1382 1383/1383/1383
f 1356/1356/1356 1355/1355/1355 1384/1384/1384
f 1356/1356/1356 1384/1384/1384 1382/1382/1382
f 1382/1382/1382 1384/1384/1384 1368/1368/1368
f 1382/1382/1382 1368/1368/1368 1385/1385/1385
f 1383/1383/1383 1382/1382/1382 1385/1385/1385
f 1383/1383/1383 1385/1385/1385 1386/1386/1386
f 1386/1386/1386 1385/1385/1385 1387/1387/1387
f 1386/1386/1386 1387/1387/1387 1388/1388/1388
f 1385/1385/1385 1368/1368/1368 1371/1371/1371
f 1385/1385/1385 1371/1371/1371 1387/1387/1387
f 1387/1387/1387 1371/1371/1371 1376/1376/1376
f 1387/1387/1387 1376/1376/1376 1378/1378/1378
f 1388/1388/1388 1387/1387/1387 1378/1378/1378
f 1388/1388/1388 1378/1378/1378 1377/1377/1377
f 1389/1389/1389 1390/1390/1390 1391/1391/1391
f 1389/1389/1389 1391/1391/1391 1392/1392/1392
f 1390/1390/1390 1393/1393/1393 1394/1394/1394
f 1390/1390/1390 1394/1394/1394 1391/1391/1391
f 1391/1391/1391 1394/1394/1394 1395/1395/1395
f 1391/1391/1391 1395/1395/1395 1396/1396/1396
f 1392/1392/1392 1391/1391/1391 1396/1396/1396
f 1392/1392/1392 1396/1396/1396 1372/1372/1372
f 1376/1376/1376 1375/1375/1375 1397/1397/1397
f 1376/1376/1376 1397/1397/1397 1381/1381/1381
f 1375/1375/1375 1374/1374/1374 1398/1398/1398
f 1375/1375/1375 1398/1398/1398 1397/1397/1397
f 1397/1397/1397 1398/1398/1398 1399/1399/1399
f 1397/1397/1397 1399/1399/1399 1400/1400/1400
f 1381/1381/1381 1397/1397/1397 1400/1400/1400
f 1381/1381/1381 1400/1400/1400 1353/1353/1353
f 1355/1355/1355 1401/1401/1401 1402/1402/1402
f 1355/1355/1355 1402/1402/1402 1384/1384/1384
f 1401/1401/1401 1389/1389/1389 1392/1392/1392
f 1401/1401/1401 1392/1392/1392 1402/1402/1402
f 1402/1402/1402 1392/1392/1392 1372/1372/1372
f 1402/1402/1402 1372/1372/1372 1369/1369/1369
f 1384/1384/1384 1402/1402/1402 1369/1369/1369
f 1384/1384/1384 1369/1369/1369 1368/1368/1368
f 1353/1353/1353 1400/1400/1400 1403/1403/1403
f 1353/1353/1353 1403/1403/1403 1354/1354/1354
f 1400/1400/1400 1399/1399/1399 1404/1404/1404
f 1400/1400/1400 1404/1404/1404 1403/1403/1403
f 1403/1403/1403 1404/1404/1404 1389/1389/1389
f 1403/1403/1403 1389/1389/1389 1401/1401/1401
f 1354/1354/1354 1403/1403/1403 1401/1401/1401
f 1354/1354/1354 1401/1401/1401 1355/1355/1355
f 1405/1405/1405 1406/1406/1406 1407/1407/1407
f 1405/1405/1405 1407/1407/1407 1408/1408/1408
f 1406/1406/1406 1409/1409/1409 1410/1410/1410
f 1406/1406/1406 1410/1410/1410 1407/1407/1407
f 1407/1407/1407 1410/1410/1410 1395/1395/1395
f 1407/1407/1407 1395/1395/1395 1394/1394/1394
f 1408/1408/1408 1407/1407/1407 1394/1394/1394
f 1408/1408/1408 1394/1394/1394 1393/1393/1393
f 1399/1399/1399 1411/1411/1411 1412/1412/1412
f 1399/1399/1399 1412/1412/1412 1404/1404/1404
f 1411/1411/1411 1405/1405/1405 1408/1408/1408
f 1411/1411/1411 1408/1408/1408 1412/1412/1412
f 1412/1412/1412 1408/1408/1408 1393/1393/1393
f 1412/1412/1412 1393/1393/1393 1390/1390/1390
f 1404/1404/1404 1412/1412/1412 1390/1390/1390
f 1404/1404/1404 1390/1390/1390 1389/1389/1389
f 1372/1372/1372 1396/1396/1396 1413/1413/1413
f 1372/1372/1372 1413/1413/1413 1373/1373/1373
f 1396/1396/1396 1395/1395/1395 1410/1410/1410
f 1396/1396/1396 1410/1410/1410 1413/1413/1413
f 1413/1413/1413 1410/1410/1410 1409/1409/1409
f 1413/1413/1413 1409/1409/1409 1414/1414/1414
f 1373/1373/1373 1413/1413/1413 1414/1414/1414
f 1373/1373/1373 1414/1414/1414 1374/1374/1374
f 1374/1374/1374 1414/1414/1414 1415/1415/1415
f 1374/1374/1374 1415/1415/1415 1398/1398/1398
f 1414/1414/1414 1409/1409/1409 1406/1406/1406
f 1414/1414/1414 1406/1406/1406 1415/1415/1415
f 1415/1415/1415 1406/1406/1406 1405/1405/1405
f 1415/1415/1415 1405/1405/1405 1411/1411/1411
f 1398/1398/1398 1415/1415/1415 1411/1411/1411
f 1398/1398/1398 1411/1411/1411 1399/1399/1399
f 1416/1416/1416 1417/1417/1417 1418/1418/1418
f 1416/1416/1416 1418/1418/1418 1419/1419/1419
f 1417/1417/1417 1420/1420/1420 1421/1421/1421
f 1417/1417/1417 1421/1421/1421 1418/1418/1418
f 1418/1418/1418 1421/1421/1421 1422/1422/1422
f 1418/1418/1418 1422/1422/1422 1423/1423/1423
f 1419/1419/1419 1418/1418/1418 1423/1423/1423
f 1419/1419/1419 1423/1423/1423 1424/1424/1424
f 1425/1425/1425 1426/1426/1426 1427/1427/1427
f 1425/1425/1425 1427/1427/1427 1428/1428/1428
f 1426/1426/1426 1429/1429/1429 1430/1430/1430
f 1426/1426/1426 1430/1430/1430 1427/1427/1427
f 1427/1427/1427 1430/1430/1430 1431/1431/1431
f 1427/1427/1427 1431/1431/1431 1432/1432/1432
f 1428/1428/1428 1427/1427/1427 1432/1432/1432
f 1428/1428/1428 1432/1432/1432 1433/1433/1433
f 1434/1434/1434 1435/1435/1435 1436/1436/1436
f 1434/1434/1434 1436/1436/1436 1437/1437/1437
f 1435/1435/1435 1438/1438/1438 1439/1439/1439
f 1435/1435/1435 1439/1439/1439 1436/1436/1436
f 1436/1436/1436 1439/1439/1439 1440/1440/1440
f 1436/1436/1436 1440/1440/1440 1441/1441/1441
f 1437/1437/1437 1436/1436/1436 1441/1441/1441
f 1437/1437/1437 1441/1441/1441 1442/1442/1442
f 1434/1434/1434 1443/1443/1443 1444/1444/1444
f 1434/1434/1434 1444/1444/1444 1435/1435/1435
f 1443/1443/1443 1445/1445/1445 1446/1446/1446
f 1443/1443/1443 1446/1446/1446 1444/1444/1444
f 1444/1444/1444 1446/1446/1446 1447/1447/1447
f 1444/1444/1444 1447/1447/1447 1448/1448/1448
f 1435/1435/1435 1444/1444/1444 1448/1448/1448
f 1435/1435/1435 1448/1448/1448 1438/1438/1438
f 1449/1449/1449 1450/1450/1450 1451/1451/1451
f 1449/1449/1449 1451/1451/1451 1452/1452/1452
f 1450/1450/1450 1453/1453/1453 1454/1454/1454
f 1450/1450/1450 1454/1454/1454 1451/1451/1451
f 1451/1451/1451 1454/1454/1454 1429/1429/1429
f 1451/1451/1451 1429/1429/1429 1426/1426/1426
f 1452/1452/1452 1451/1451/1451 1426/1426/1426
f 1452/1452/1452 1426/1426/1426 1425/1425/1425
f 1442/1442/1442 1441/1441/1441 1455/1455/1455
f 1442/1442/1442 1455/1455/1455 1456/1456/1456
f 1441/1441/1441 1440/1440/1440 1457/1457/1457
f 1441/1441/1441 1457/1457/1457 1455/1455/1455
f 1455/1455/1455 1457/1457/1457 1458/1458/1458
f 1455/1455/1455 1458/1458/1458 1459/1459/1459
f 1456/1456/1456 1455/1455/1455 1459/1459/1459
f 1456/1456/1456 1459/1459/1459 1460/1460/1460
f 1460/1460/1460 1459/1459/1459 1461/1461/1461
f 1460/1460/1460 1461/1461/1461 1462/1462/1462
f 1459/1459/1459 1458/1458/1458 1463/1463/1463
f 1459/1459/1459 1463/1463/1463 1461/1461/1461
f 1461/1461/1461 1463/1463/1463 1453/1453/1453
f 1461/1461/1461 1453/1453/1453 1450/1450/1450
f 1462/1462/1462 1461/1461/1461 1450/1450/1450
f 1462/1462/1462 1450/1450/1450 1449/1449/1449
f 1433/1433/1433 1432/1432/1432 1464/1464/1464
f 1433/1433/1433 1464/1464/1464 1465/1465/1465
f 1432/1432/1432 1431/1431/1431 1466/1466/1466
f 1432/1432/1432 1466/1466/1466 1464/1464/1464
f 1464/1464/1464 1466/1466/1466 1420/1420/1420
f 1464/1464/1464 1420/1420/1420 1417/1417/1417
f 1465/1465/1465 1464/1464/1464 1417/1417/1417
f 1465/1465/1465 1417/1417/1417 1416/1416/1416
f 1420/1420/1420 1467/1467/1467 1468/1468/1468
f 1420/1420/1420 1468/1468/1468 1421/1421/1421
f 1467/1467/1467 984/984/984 1070/1070/1070
f 1467/1467/1467 1070/1070/1070 1468/1468/1468
f 1468/1468/1468 1070/1070/1070 1054/1054/1054
f 1468/1468/1468 1054/1054/1054 1469/1469/1469
f 1421/1421/1421 1468/1468/1468 1469/1469/1469
f 1421/1421/1421 1469/1469/1469 1422/1422/1422
f 1429/1429/1429 1470/1470/1470 1471/1471/1471
f 1429/1429/1429 1471/1471/1471 1430/1430/1430
f 1470/1470/1470 1053/1053/1053 1067/1067/1067
f 1470/1470/1470 1067/1067/1067 1471/1471/1471
f 1471/1471/1471 1067/1067/1067 976/976/976
f 1471/1471/1471 976/976/976 1472/1472/1472
f 1430/1430/1430 1471/1471/1471 1472/1472/1472
f 1430/1430/1430 1472/1472/1472 1431/1431/1431
f 1438/1438/1438 1473/1473/1473 1474/1474/1474
f 1438/1438/1438 1474/1474/1474 1439/1439/1439
f 1473/1473/1473 1062/1062/1062 1064/1064/1064
f 1473/1473/1473 1064/1064/1064 1474/1474/1474
f 1474/1474/1474 1064/1064/1064 1042/1042/1042
f 1474/1474/1474 1042/1042/1042 1475/1475/1475
f 1439/1439/1439 1474/1474/1474 1475/1475/1475
f 1439/1439/1439 1475/1475/1475 1440/1440/1440
f 1422/1422/1422 1469/1469/1469 1476/1476/1476
f 1422/1422/1422 1476/1476/1476 1477/1477/1477
f 1469/1469/1469 1054/1054/1054 1057/1057/1057
f 1469/1469/1469 1057/1057/1057 1476/1476/1476
f 1476/1476/1476 1057/1057/1057 1062/1062/1062
f 1476/1476/1476 1062/1062/1062 1473/1473/1473
f 1477/1477/1477 1476/1476/1476 1473/1473/1473
f 1477/1477/1477 1473/1473/1473 1438/1438/1438
f 1478/1478/1478 1479/1479/1479 1480/1480/1480
f 1478/1478/1478 1480/1480/1480 1481/1481/1481
f 1479/1479/1479 1482/1482/1482 1483/1483/1483
f 1479/1479/1479 1483/1483/1483 1480/1480/1480
f 1480/1480/1480 1483/1483/1483 1484/1484/1484
f 1480/1480/1480 1484/1484/1484 1485/1485/1485
f 1481/1481/1481 1480/1480/1480 1485/1485/1485
f 1481/1481/1481 1485/1485/1485 1486/1486/1486
f 1440/1440/1440 1475/1475/1475 1487/1487/1487
f 1440/1440/1440 1487/1487/1487 1457/1457/1457
f 1475/1475/1475 1042/1042/1042 1045/1045/1045
f 1475/1475/1475 1045/1045/1045 1487/1487/1487
f 1487/1487/1487 1045/1045/1045 1033/1033/1033
f 1487/1487/1487 1033/1033/1033 1488/1488/1488
f 1457/1457/1457 1487/1487/1487 1488/1488/1488
f 1457/1457/1457 1488/1488/1488 1458/1458/1458
f 1458/1458/1458 1488/1488/1488 1489/1489/1489
f 1458/1458/1458 1489/1489/1489 1463/1463/1463
f 1488/1488/1488 1033/1033/1033 1036/1036/1036
f 1488/1488/1488 1036/1036/1036 1489/1489/1489
f 1489/1489/1489 1036/1036/1036 1041/1041/1041
f 1489/1489/1489 1041/1041/1041 1490/1490/1490
f 1463/1463/1463 1489/1489/1489 1490/1490/1490
f 1463/1463/1463 1490/1490/1490 1453/1453/1453
f 1431/1431/1431 1472/1472/1472 1491/1491/1491
f 1431/1431/1431 1491/1491/1491 1466/1466/1466
f 1472/1472/1472 976/976/976 979/979/979
f 1472/1472/1472 979/979/979 1491/1491/1491
f 1491/1491/1491 979/979/979 984/984/984
f 1491/1491/1491 984/984/984 1467/1467/1467
f 1466/1466/1466 1491/1491/1491 1467/1467/1467
f 1466/1466/1466 1467/1467/1467 1420/1420/1420
f 1484/1484/1484 1492/1492/1492 1493/1493/1493
f 1484/1484/1484 1493/1493/1493 1494/1494/1494
f 1492/1492/1492 1495/1495/1495 1496/1496/1496
f 1492/1492/1492 1496/1496/1496 1493/1493/1493
f 1493/1493/1493 1496/1496/1496 1497/1497/1497
f 1493/1493/1493 1497/1497/1497 1498/1498/1498
f 1494/1494/1494 1493/1493/1493 1498/1498/1498
f 1494/1494/1494 1498/1498/1498 1499/1499/1499
f 1500/1500/1500 1501/1501/1501 1502/1502/1502
f 1500/1500/1500 1502/1502/1502 1503/1503/1503
f 1501/1501/1501 1504/1504/1504 1505/1505/1505
f 1501/1501/1501 1505/1505/1505 1502/1502/1502
f 1502/1502/1502 1505/1505/1505 1482/1482/1482
f 1502/1502/1502 1482/1482/1482 1479/1479/1479
f 1503/1503/1503 1502/1502/1502 1479/1479/1479
f 1503/1503/1503 1479/1479/1479 1478/1478/1478
f 1506/1506/1506 1507/1507/1507 1508/1508/1508
f 1506/1506/1506 1508/1508/1508 1509/1509/1509
f 1507/1507/1507 1499/1499/1499 1510/1510/1510
f 1507/1507/1507 1510/1510/1510 1508/1508/1508
f 1508/1508/1508 1510/1510/1510 1504/1504/1504
f 1508/1508/1508 1504/1504/1504 1501/1501/1501
f 1509/1509/1509 1508/1508/1508 1501/1501/1501
f 1509/1509/1509 1501/1501/1501 1500/1500/1500
f 1486/1486/1486 1485/1485/1485 1511/1511/1511
f 1486/1486/1486 1511/1511/1511 1512/1512/1512
f 1485/1485/1485 1484/1484/1484 1494/1494/1494
f 1485/1485/1485 1494/1494/1494 1511/1511/1511
f 1511/1511/1511 1494/1494/1494 1499/1499/1499
f 1511/1511/1511 1499/1499/1499 1507/1507/1507
f 1512/1512/1512 1511/1511/1511 1507/1507/1507
f 1512/1512/1512 1507/1507/1507 1506/1506/1506
f 1497/1497/1497 1513/1513/1513 1514/1514/1514
f 1497/1497/1497 1514/1514/1514 1515/1515/1515
f 1513/1513/1513 1516/1516/1516 1517/1517/1517
f 1513/1513/1513 1517/1517/1517 1514/1514/1514
f 1514/1514/1514 1517/1517/1517 1518/1518/1518
f 1514/1514/1514 1518/1518/1518 1519/1519/1519
f 1515/1515/1515 1514/1514/1514 1519/1519/1519
f 1515/1515/1515 1519/1519/1519 1520/1520/1520
f 1482/1482/1482 1521/1521/1521 1522/1522/1522
f 1482/1482/1482 1522/1522/1522 1483/1483/1483
f 1521/1521/1521 1523/1523/1523 1524/1524/1524
f 1521/1521/1521 1524/1524/1524 1522/1522/1522
f 1522/1522/1522 1524/1524/1524 1495/1495/1495
f 1522/1522/1522 1495/1495/1495 1492/1492/1492
f 1483/1483/1483 1522/1522/1522 1492/1492/1492
f 1483/1483/1483 1492/1492/1492 1484/1484/1484
f 1499/1499/1499 1498/1498/1498 1525/1525/1525
f 1499/1499/1499 1525/1525/1525 1510/1510/1510
f 1498/1498/1498 1497/1497/1497 1515/1515/1515
f 1498/1498/1498 1515/1515/1515 1525/1525/1525
f 1525/1525/1525 1515/1515/1515 1520/1520/1520
f 1525/1525/1525 1520/1520/1520 1526/1526/1526
f 1510/1510/1510 1525/1525/1525 1526/1526/1526
f 1510/1510/1510 1526/1526/1526 1504/1504/1504
f 1504/1504/1504 1526/1526/1526 1527/1527/1527
f 1504/1504/1504 1527/1527/1527 1505/1505/1505
f 1526/1526/1526 1520/1520/1520 1528/1528/1528
f 1526/1526/1526 1528/1528/1528 1527/1527/1527
f 1527/1527/1527 1528/1528/1528 1523/1523/1523
f 1527/1527/1527 1523/1523/1523 1521/1521/1521
f 1505/1505/1505 1527/1527/1527 1521/1521/1521
f 1505/1505/1505 1521/1521/1521 1482/1482/1482
f 1529/1529/1529 1530/1530/1530 1531/1531/1531
f 1529/1529/1529 1531/1531/1531 1532/1532/1532
f 1530/1530/1530 1518/1518/1518 1517/1517/1517
f 1530/1530/1530 1517/1517/1517 1531/1531/1531
f 1531/1531/1531 1517/1517/1517 1516/1516/1516
f 1531/1531/1531 1516/1516/1516 1533/1533/1533
f 1532/1532/1532 1531/1531/1531 1533/1533/1533
f 1532/1532/1532 1533/1533/1533 1534/1534/1534
f 1520/1520/1520 1519/1519/1519 1535/1535/1535
f 1520/1520/1520 1535/1535/1535 1528/1528/1528
f 1519/1519/1519 1518/1518/1518 1530/1530/1530
f 1519/1519/1519 1530/1530/1530 1535/1535/1535
f 1535/1535/1535 1530/1530/1530 1529/1529/1529
f 1535/1535/1535 1529/1529/1529 1536/1536/1536
f 1528/1528/1528 1535/1535/1535 1536/1536/1536
f 1528/1528/1528 1536/1536/1536 1523/1523/1523
f 1495/1495/1495 1537/1537/1537 1538/1538/1538
f 1495/1495/1495 1538/1538/1538 1496/1496/1496
f 1537/1537/1537 1534/1534/1534 1533/1533/1533
f 1537/1537/1537 1533/1533/1533 1538/1538/1538
f 1538/1538/1538 1533/1533/1533 1516/1516/1516
f 1538/1538/1538 1516/1516/1516 1513/1513/1513
f 1496/1496/1496 1538/1538/1538 1513/1513/1513
f 1496/1496/1496 1513/1513/1513 1497/1497/1497
f 1523/1523/1523 1536/1536/1536 1539/1539/1539
f 1523/1523/1523 1539/1539/1539 1524/1524/1524
f 1536/1536/1536 1529/1529/1529 1532/1532/1532
f 1536/1536/1536 1532/1532/1532 1539/1539/1539
f 1539/1539/1539 1532/1532/1532 1534/1534/1534
f 1539/1539/1539 1534/1534/1534 1537/1537/1537
f 1524/1524/1524 1539/1539/1539 1537/1537/1537
f 1524/1524/1524 1537/1537/1537 1495/1495/1495
f 1060/1060/1060 1540/1540/1540 1541/1541/1541
f 1060/1060/1060 1541/1541/1541 1065/1065/1065
f 1540/1540/1540 1542/1542/1542 1543/1543/1543
f 1540/1540/1540 1543/1543/1543 1541/1541/1541
f 1541/1541/1541 1543/1543/1543 1544/1544/1544
f 1541/1541/1541 1544/1544/1544 1545/1545/1545
f 1065/1065/1065 1541/1541/1541 1545/1545/1545
f 1065/1065/1065 1545/1545/1545 1046/1046/1046
f 1058/1058/1058 1546/1546/1546 1547/1547/1547
f 1058/1058/1058 1547/1547/1547 1059/1059/1059
f 1546/1546/1546 1548/1548/1548 1549/1549/1549
f 1546/1546/1546 1549/1549/1549 1547/1547/1547
f 1547/1547/1547 1549/1549/1549 1542/1542/1542
f 1547/1547/1547 1542/1542/1542 1540/1540/1540
f 1059/1059/1059 1547/1547/1547 1540/1540/1540
f 1059/1059/1059 1540/1540/1540 1060/1060/1060
f 1550/1550/1550 1551/1551/1551 1552/1552/1552
f 1550/1550/1550 1552/1552/1552 1553/1553/1553
f 1551/1551/1551 1554/1554/1554 1555/1555/1555
f 1551/1551/1551 1555/1555/1555 1552/1552/1552
f 1552/1552/1552 1555/1555/1555 1556/1556/1556
f 1552/1552/1552 1556/1556/1556 1557/1557/1557
f 1553/1553/1553 1552/1552/1552 1557/1557/1557
f 1553/1553/1553 1557/1557/1557 1558/1558/1558
f 1046/1046/1046 1545/1545/1545 1559/1559/1559
f 1046/1046/1046 1559/1559/1559 1047/1047/1047
f 1545/1545/1545 1544/1544/1544 1560/1560/1560
f 1545/1545/1545 1560/1560/1560 1559/1559/1559
f 1559/1559/1559 1560/1560/1560 1561/1561/1561
f 1559/1559/1559 1561/1561/1561 1562/1562/1562
f 1047/1047/1047 1559/1559/1559 1562/1562/1562
f 1047/1047/1047 1562/1562/1562 1037/1037/1037
f 1037/1037/1037 1562/1562/1562 1563/1563/1563
f 1037/1037/1037 1563/1563/1563 1038/1038/1038
f 1562/1562/1562 1561/1561/1561 1564/1564/1564
f 1562/1562/1562 1564/1564/1564 1563/1563/1563
f 1563/1563/1563 1564/1564/1564 1565/1565/1565
f 1563/1563/1563 1565/1565/1565 1566/1566/1566
f 1038/1038/1038 1563/1563/1563 1566/1566/1566
f 1038/1038/1038 1566/1566/1566 1039/1039/1039
f 980/980/980 1567/1567/1567 1568/1568/1568
f 980/980/980 1568/1568/1568 981/981/981
f 1567/1567/1567 1569/1569/1569 1570/1570/1570
f 1567/1567/1567 1570/1570/1570 1568/1568/1568
f 1568/1568/1568 1570/1570/1570 1571/1571/1571
f 1568/1568/1568 1571/1571/1571 1572/1572/1572
f 981/981/981 1568/1568/1568 1572/1572/1572
f 981/981/981 1572/1572/1572 982/982/982
f 982/982/982 1572/1572/1572 1573/1573/1573
f 982/982/982 1573/1573/1573 1071/1071/1071
f 1572/1572/1572 1571/1571/1571 1574/1574/1574
f 1572/1572/1572 1574/1574/1574 1573/1573/1573
f 1573/1573/1573 1574/1574/1574 1548/1548/1548
f 1573/1573/1573 1548/1548/1548 1546/1546/1546
f 1071/1071/1071 1573/1573/1573 1546/1546/1546
f 1071/1071/1071 1546/1546/1546 1058/1058/1058
f 1051/1051/1051 1575/1575/1575 1576/1576/1576
f 1051/1051/1051 1576/1576/1576 1068/1068/1068
f 1575/1575/1575 1577/1577/1577 1578/1578/1578
f 1575/1575/1575 1578/1578/1578 1576/1576/1576
f 1576/1576/1576 1578/1578/1578 1569/1569/1569
f 1576/1576/1576 1569/1569/1569 1567/1567/1567
f 1068/1068/1068 1576/1576/1576 1567/1567/1567
f 1068/1068/1068 1567/1567/1567 980/980/980
f 1579/1579/1579 1580/1580/1580 1581/1581/1581
f 1579/1579/1579 1581/1581/1581 1582/1582/1582
f 1580/1580/1580 1583/1583/1583 1584/1584/1584
f 1580/1580/1580 1584/1584/1584 1581/1581/1581
f 1581/1581/1581 1584/1584/1584 1585/1585/1585
f 1581/1581/1581 1585/1585/1585 1586/1586/1586
f 1582/1582/1582 1581/1581/1581 1586/1586/1586
f 1582/1582/1582 1586/1586/1586 1554/1554/1554
f 1587/1587/1587 1588/1588/1588 1589/1589/1589
f 1587/1587/1587 1589/1589/1589 1590/1590/1590
f 1588/1588/1588 1591/1591/1591 1592/1592/1592
f 1588/1588/1588 1592/1592/1592 1589/1589/1589
f 1589/1589/1589 1592/1592/1592 1579/1579/1579
f 1589/1589/1589 1579/1579/1579 1593/1593/1593
f 1590/1590/1590 1589/1589/1589 1593/1593/1593
f 1590/1590/1590 1593/1593/1593 1594/1594/1594
f 1558/1558/1558 1557/1557/1557 1595/1595/1595
f 1558/1558/1558 1595/1595/1595 1596/1596/1596
f 1557/1557/1557 1556/1556/1556 1597/1597/1597
f 1557/1557/1557 1597/1597/1597 1595/1595/1595
f 1595/1595/1595 1597/1597/1597 1591/1591/1591
f 1595/1595/1595 1591/1591/1591 1588/1588/1588
f 1596/1596/1596 1595/1595/1595 1588/1588/1588
f 1596/1596/1596 1588/1588/1588 1587/1587/1587
f 1594/1594/1594 1593/1593/1593 1598/1598/1598
f 1594/1594/1594 1598/1598/1598 1599/1599/1599
f 1593/1593/1593 1579/1579/1579 1582/1582/1582
f 1593/1593/1593 1582/1582/1582 1598/1598/1598
f 1598/1598/1598 1582/1582/1582 1554/1554/1554
f 1598/1598/1598 1554/1554/1554 1551/1551/1551
f 1599/1599/1599 1598/1598/1598 1551/1551/1551
f 1599/1599/1599 1551/1551/1551 1550/1550/1550
f 1585/1585/1585 1600/1600/1600 1601/1601/1601
f 1585/1585/1585 1601/1601/1601 1602/1602/1602
f 1600/1600/1600 1603/1603/1603 1604/1604/1604
f 1600/1600/1600 1604/1604/1604 1601/1601/1601
f 1601/1601/1601 1604/1604/1604 1605/1605/1605
f 1601/1601/1601 1605/1605/1605 1606/1606/1606
f 1602/1602/1602 1601/1601/1601 1606/1606/1606
f 1602/1602/1602 1606/1606/1606 1607/1607/1607
f 1554/1554/1554 1586/1586/1586 1608/1608/1608
f 1554/1554/1554 1608/1608/1608 1555/1555/1555
f 1586/1586/1586 1585/1585/1585 1602/1602/1602
f 1586/1586/1586 1602/1602/1602 1608/1608/1608
f 1608/1608/1608 1602/1602/1602 1607/1607/1607
f 1608/1608/1608 1607/1607/1607 1609/1609/1609
f 1555/1555/1555 1608/1608/1608 1609/1609/1609
f 1555/1555/1555 1609/1609/1609 1556/1556/1556
f 1591/1591/1591 1610/1610/1610 1611/1611/1611
f 1591/1591/1591 1611/1611/1611 1592/1592/1592
f 1610/1610/1610 1612/1612/1612 1613/1613/1613
f 1610/1610/1610 1613/1613/1613 1611/1611/1611
f 1611/1611/1611 1613/1613/1613 1583/1583/1583
f 1611/1611/1611 1583/1583/1583 1580/1580/1580
f 1592/1592/1592 1611/1611/1611 1580/1580/1580
f 1592/1592/1592 1580/1580/1580 1579/1579/1579
f 1556/1556/1556 1609/1609/1609 1614/1614/1614
f 1556/1556/1556 1614/1614/1614 1597/1597/1597
f 1609/1609/1609 1607/1607/1607 1615/1615/1615
f 1609/1609/1609 1615/1615/1615 1614/1614/1614
f 1614/1614/1614 1615/1615/1615 1612/1612/1612
f 1614/1614/1614 1612/1612/1612 1610/1610/1610
f 1597/1597/1597 1614/1614/1614 1610/1610/1610
f 1597/1597/1597 1610/1610/1610 1591/1591/1591
f 1603/1603/1603 1616/1616/1616 1617/1617/1617
f 1603/1603/1603 1617/1617/1617 1604/1604/1604
f 1616/1616/1616 1618/1618/1618 1619/1619/1619
f 1616/1616/1616 1619/1619/1619 1617/1617/1617
f 1617/1617/1617 1619/1619/1619 1620/1620/1620
f 1617/1617/1617 1620/1620/1620 1621/1621/1621
f 1604/1604/1604 1617/1617/1617 1621/1621/1621
f 1604/1604/1604 1621/1621/1621 1605/1605/1605
f 1612/1612/1612 1622/1622/1622 1623/1623/1623
f 1612/1612/1612 1623/1623/1623 1613/1613/1613
f 1622/1622/1622 1620/1620/1620 1619/1619/1619
f 1622/1622/1622 1619/1619/1619 1623/1623/1623
f 1623/1623/1623 1619/1619/1619 1618/1618/1618
f 1623/1623/1623 1618/1618/1618 1624/1624/1624
f 1613/1613/1613 1623/1623/1623 1624/1624/1624
f 1613/1613/1613 1624/1624/1624 1583/1583/1583
f 1607/1607/1607 1606/1606/1606 1625/1625/1625
f 1607/1607/1607 1625/1625/1625 1615/1615/1615
f 1606/1606/1606 1605/1605/1605 1621/1621/1621
f 1606/1606/1606 1621/1621/1621 1625/1625/1625
f 1625/1625/1625 1621/1621/1621 1620/1620/1620
f 1625/1625/1625 1620/1620/1620 1622/1622/1622
f 1615/1615/1615 1625/1625/1625 1622/1622/1622
f 1615/1615/1615 1622/1622/1622 1612/1612/1612
f 1583/1583/1583 1624/1624/1624 1626/1626/1626
f 1583/1583/1583 1626/1626/1626 1584/1584/1584
f 1624/1624/1624 1618/1618/1618 1616/1616/1616
f 1624/1624/1624 1616/1616/1616 1626/1626/1626
f 1626/1626/1626 1616/1616/1616 1603/1603/1603
f 1626/1626/1626 1603/1603/1603 1600/1600/1600
f 1584/1584/1584 1626/1626/1626 1600/1600/1600
f 1584/1584/1584 1600/1600/1600 1585/1585/1585
f 1542/1542/1542 1627/1627/1627 1628/1628/1628
f 1542/1542/1542 1628/1628/1628 1543/1543/1543
f 1627/1627/1627 1629/1629/1629 1630/1630/1630
f 1627/1627/1627 1630/1630/1630 1628/1628/1628
f 1628/1628/1628 1630/1630/1630 1631/1631/1631
f 1628/1628/1628 1631/1631/1631 1632/1632/1632
f 1543/1543/1543 1628/1628/1628 1632/1632/1632
f 1543/1543/1543 1632/1632/1632 1544/1544/1544
f 1548/1548/1548 1633/1633/1633 1634/1634/1634
f 1548/1548/1548 1634/1634/1634 1549/1549/1549
f 1633/1633/1633 1635/1635/1635 1636/1636/1636
f 1633/1633/1633 1636/1636/1636 1634/1634/1634
f 1634/1634/1634 1636/1636/1636 1629/1629/1629
f 1634/1634/1634 1629/1629/1629 1627/1627/1627
f 1549/1549/1549 1634/1634/1634 1627/1627/1627
f 1549/1549/1549 1627/1627/1627 1542/1542/1542
f 1565/1565/1565 1637/1637/1637 1638/1638/1638
f 1565/1565/1565 1638/1638/1638 1639/1639/1639
f 1637/1637/1637 1640/1640/1640 1641/1641/1641
f 1637/1637/1637 1641/1641/1641 1638/1638/1638
f 1638/1638/1638 1641/1641/1641 1642/1642/1642
f 1638/1638/1638 1642/1642/1642 1643/1643/1643
f 1639/1639/1639 1638/1638/1638 1643/1643/1643
f 1639/1639/1639 1643/1643/1643 1577/1577/1577
f 1544/1544/1544 1632/1632/1632 1644/1644/1644
f 1544/1544/1544 1644/1644/1644 1560/1560/1560
f 1632/1632/1632 1631/1631/1631 1645/1645/1645
f 1632/1632/1632 1645/1645/1645 1644/1644/1644
f 1644/1644/1644 1645/1645/1645 1646/1646/1646
f 1644/1644/1644 1646/1646/1646 1647/1647/1647
f 1560/1560/1560 1644/1644/1644 1647/1647/1647
f 1560/1560/1560 1647/1647/1647 1561/1561/1561
f 1561/1561/1561 1647/1647/1647 1648/1648/1648
f 1561/1561/1561 1648/1648/1648 1564/1564/1564
f 1647/1647/1647 1646/1646/1646 1649/1649/1649
f 1647/1647/1647 1649/1649/1649 1648/1648/1648
f 1648/1648/1648 1649/1649/1649 1640/1640/1640
f 1648/1648/1648 1640/1640/1640 1637/1637/1637
f 1564/1564/1564 1648/1648/1648 1637/1637/1637
f 1564/1564/1564 1637/1637/1637 1565/1565/1565
f 1569/1569/1569 1650/1650/1650 1651/1651/1651
f 1569/1569/1569 1651/1651/1651 1570/1570/1570
f 1650/1650/1650 1652/1652/1652 1653/1653/1653
f 1650/1650/1650 1653/1653/1653 1651/1651/1651
f 1651/1651/1651 1653/1653/1653 1654/1654/1654
f 1651/1651/1651 1654/1654/1654 1655/1655/1655
f 1570/1570/1570 1651/1651/1651 1655/1655/1655
f 1570/1570/1570 1655/1655/1655 1571/1571/1571
f 1571/1571/1571 1655/1655/1655 1656/1656/1656
f 1571/1571/1571 1656/1656/1656 1574/1574/1574
f 1655/1655/1655 1654/1654/1654 1657/1657/1657
f 1655/1655/1655 1657/1657/1657 1656/1656/1656
f 1656/1656/1656 1657/1657/1657 1635/1635/1635
f 1656/1656/1656 1635/1635/1635 1633/1633/1633
f 1574/1574/1574 1656/1656/1656 1633/1633/1633
f 1574/1574/1574 1633/1633/1633 1548/1548/1548
f 1577/1577/1577 1643/1643/1643 1658/1658/1658
f 1577/1577/1577 1658/1658/1658 1578/1578/1578
f 1643/1643/1643 1642/1642/1642 1659/1659/1659
f 1643/1643/1643 1659/1659/1659 1658/1658/1658
f 1658/1658/1658 1659/1659/1659 1652/1652/1652
f 1658/1658/1658 1652/1652/1652 1650/1650/1650
f 1578/1578/1578 1658/1658/1658 1650/1650/1650
f 1578/1578/1578 1650/1650/1650 1569/1569/1569
f 1629/1629/1629 1660/1660/1660 1661/1661/1661
f 1629/1629/1629 1661/1661/1661 1630/1630/1630
f 1660/1660/1660 1113/1113/1113 1115/1115/1115
f 1660/1660/1660 1115/1115/1115 1661/1661/1661
f 1661/1661/1661 1115/1115/1115 1101/1101/1101
f 1661/1661/1661 1101/1101/1101 1662/1662/1662
f 1630/1630/1630 1661/1661/1661 1662/1662/1662
f 1630/1630/1630 1662/1662/1662 1631/1631/1631
f 1663/1663/1663 1664/1664/1664 1665/1665/1665
f 1663/1663/1663 1665/1665/1665 1666/1666/1666
f 1664/1664/1664 1667/1667/1667 1668/1668/1668
f 1664/1664/1664 1668/1668/1668 1665/1665/1665
f 1665/1665/1665 1668/1668/1668 1669/1669/1669
f 1665/1665/1665 1669/1669/1669 1670/1670/1670
f 1666/1666/1666 1665/1665/1665 1670/1670/1670
f 1666/1666/1666 1670/1670/1670 1671/1671/1671
f 1640/1640/1640 1672/1672/1672 1673/1673/1673
f 1640/1640/1640 1673/1673/1673 1641/1641/1641
f 1672/1672/1672 1100/1100/1100 1108/1108/1108
f 1672/1672/1672 1108/1108/1108 1673/1673/1673
f 1673/1673/1673 1108/1108/1108 1024/1024/1024
f 1673/1673/1673 1024/1024/1024 1674/1674/1674
f 1641/1641/1641 1673/1673/1673 1674/1674/1674
f 1641/1641/1641 1674/1674/1674 1642/1642/1642
f 1631/1631/1631 1662/1662/1662 1675/1675/1675
f 1631/1631/1631 1675/1675/1675 1645/1645/1645
f 1662/1662/1662 1101/1101/1101 1104/1104/1104
f 1662/1662/1662 1104/1104/1104 1675/1675/1675
f 1675/1675/1675 1104/1104/1104 1092/1092/1092
f 1675/1675/1675 1092/1092/1092 1676/1676/1676
f 1645/1645/1645 1675/1675/1675 1676/1676/1676
f 1645/1645/1645 1676/1676/1676 1646/1646/1646
f 1646/1646/1646 1676/1676/1676 1677/1677/1677
f 1646/1646/1646 1677/1677/1677 1649/1649/1649
f 1676/1676/1676 1092/1092/1092 1095/1095/1095
f 1676/1676/1676 1095/1095/1095 1677/1677/1677
f 1677/1677/1677 1095/1095/1095 1100/1100/1100
f 1677/1677/1677 1100/1100/1100 1672/1672/1672
f 1649/1649/1649 1677/1677/1677 1672/1672/1672
f 1649/1649/1649 1672/1672/1672 1640/1640/1640
f 1652/1652/1652 1678/1678/1678 1679/1679/1679
f 1652/1652/1652 1679/1679/1679 1653/1653/1653
f 1678/1678/1678 1032/1032/1032 1090/1090/1090
f 1678/1678/1678 1090/1090/1090 1679/1679/1679
f 1679/1679/1679 1090/1090/1090 1081/1081/1081
f 1679/1679/1679 1081/1081/1081 1680/1680/1680
f 1653/1653/1653 1679/1679/1679 1680/1680/1680
f 1653/1653/1653 1680/1680/1680 1654/1654/1654
f 1654/1654/1654 1680/1680/1680 1681/1681/1681
f 1654/1654/1654 1681/1681/1681 1657/1657/1657
f 1680/1680/1680 1081/1081/1081 1084/1084/1084
f 1680/1680/1680 1084/1084/1084 1681/1681/1681
f 1681/1681/1681 1084/1084/1084 1088/1088/1088
f 1681/1681/1681 1088/1088/1088 1682/1682/1682
f 1657/1657/1657 1681/1681/1681 1682/1682/1682
f 1657/1657/1657 1682/1682/1682 1635/1635/1635
f 1642/1642/1642 1674/1674/1674 1683/1683/1683
f 1642/1642/1642 1683/1683/1683 1659/1659/1659
f 1674/1674/1674 1024/1024/1024 1027/1027/1027
f 1674/1674/1674 1027/1027/1027 1683/1683/1683
f 1683/1683/1683 1027/1027/1027 1032/1032/1032
f 1683/1683/1683 1032/1032/1032 1678/1678/1678
f 1659/1659/1659 1683/1683/1683 1678/1678/1678
f 1659/1659/1659 1678/1678/1678 1652/1652/1652
f 1684/1684/1684 1685/1685/1685 1686/1686/1686
f 1684/1684/1684 1686/1686/1686 1687/1687/1687
f 1685/1685/1685 1688/1688/1688 1689/1689/1689
f 1685/1685/1685 1689/1689/1689 1686/1686/1686
f 1686/1686/1686 1689/1689/1689 1690/1690/1690
f 1686/1686/1686 1690/1690/1690 1691/1691/1691
f 1687/1687/1687 1686/1686/1686 1691/1691/1691
f 1687/1687/1687 1691/1691/1691 1667/1667/1667
f 1671/1671/1671 1670/1670/1670 1692/1692/1692
f 1671/1671/1671 1692/1692/1692 1693/1693/1693
f 1670/1670/1670 1669/1669/1669 1694/1694/1694
f 1670/1670/1670 1694/1694/1694 1692/1692/1692
f 1692/1692/1692 1694/1694/1694 1695/1695/1695
f 1692/1692/1692 1695/1695/1695 1696/1696/1696
f 1693/1693/1693 1692/1692/1692 1696/1696/1696
f 1693/1693/1693 1696/1696/1696 1697/1697/1697
f 1698/1698/1698 1699/1699/1699 1700/1700/1700
f 1698/1698/1698 1700/1700/1700 1701/1701/1701
f 1699/1699/1699 1684/1684/1684 1687/1687/1687
f 1699/1699/1699 1687/1687/1687 1700/1700/1700
f 1700/1700/1700 1687/1687/1687 1667/1667/1667
f 1700/1700/1700 1667/1667/1667 1664/1664/1664
f 1701/1701/1701 1700/1700/1700 1664/1664/1664
f 1701/1701/1701 1664/1664/1664 1663/1663/1663
f 1697/1697/1697 1696/1696/1696 1702/1702/1702
f 1697/1697/1697 1702/1702/1702 1703/1703/1703
f 1696/1696/1696 1695/1695/1695 1704/1704/1704
f 1696/1696/1696 1704/1704/1704 1702/1702/1702
f 1702/1702/1702 1704/1704/1704 1684/1684/1684
f 1702/1702/1702 1684/1684/1684 1699/1699/1699
f 1703/1703/1703 1702/1702/1702 1699/1699/1699
f 1703/1703/1703 1699/1699/1699 1698/1698/1698
f 1705/1705/1705 1706/1706/1706 1707/1707/1707
f 1705/1705/1705 1707/1707/1707 1708/1708/1708
f 1706/1706/1706 1709/1709/1709 1710/1710/1710
f 1706/1706/1706 1710/1710/1710 1707/1707/1707
f 1707/1707/1707 1710/1710/1710 1711/1711/1711
f 1707/1707/1707 1711/1711/1711 1712/1712/1712
f 1708/1708/1708 1707/1707/1707 1712/1712/1712
f 1708/1708/1708 1712/1712/1712 1688/1688/1688
f 1667/1667/1667 1691/1691/1691 1713/1713/1713
f 1667/1667/1667 1713/1713/1713 1668/1668/1668
f 1691/1691/1691 1690/1690/1690 1714/1714/1714
f 1691/1691/1691 1714/1714/1714 1713/1713/1713
f 1713/1713/1713 1714/1714/1714 1715/1715/1715
f 1713/1713/1713 1715/1715/1715 1716/1716/1716
f 1668/1668/1668 1713/1713/1713 1716/1716/1716
f 1668/1668/1668 1716/1716/1716 1669/1669/1669
f 1695/1695/1695 1717/1717/1717 1718/1718/1718
f 1695/1695/1695 1718/1718/1718 1704/1704/1704
f 1717/1717/1717 1705/1705/1705 1708/1708/1708
f 1717/1717/1717 1708/1708/1708 1718/1718/1718
f 1718/1718/1718 1708/1708/1708 1688/1688/1688
f 1718/1718/1718 1688/1688/1688 1685/1685/1685
f 1704/1704/1704 1718/1718/1718 1685/1685/1685
f 1704/1704/1704 1685/1685/1685 1684/1684/1684
f 1669/1669/1669 1716/1716/1716 1719/1719/1719
f 1669/1669/1669 1719/1719/1719 1694/1694/1694
f 1716/1716/1716 1715/1715/1715 1720/1720/1720
f 1716/1716/1716 1720/1720/1720 1719/1719/1719
f 1719/1719/1719 1720/1720/1720 1705/1705/1705
f 1719/1719/1719 1705/1705/1705 1717/1717/1717
f 1694/1694/1694 1719/1719/1719 1717/1717/1717
f 1694/1694/1694 1717/1717/1717 1695/1695/1695
f 1709/1709/1709 1721/1721/1721 1722/1722/1722
f 1709/1709/1709 1722/1722/1722 1710/1710/1710
f 1721/1721/1721 1723/1723/1723 1724/1724/1724
f 1721/1721/1721 1724/1724/1724 1722/1722/1722
f 1722/1722/1722 1724/1724/1724 1725/1725/1725
f 1722/1722/1722 1725/1725/1725 1726/1726/1726
f 1710/1710/1710 1722/1722/1722 1726/1726/1726
f 1710/1710/1710 1726/1726/1726 1711/1711/1711
f 1715/1715/1715 1727/1727/1727 1728/1728/1728
f 1715/1715/1715 1728/1728/1728 1720/1720/1720
f 1727/1727/1727 1729/1729/1729 1730/1730/1730
f 1727/1727/1727 1730/1730/1730 1728/1728/1728
f 1728/1728/1728 1730/1730/1730 1709/1709/1709
f 1728/1728/1728 1709/1709/1709 1706/1706/1706
f 1720/1720/1720 1728/1728/1728 1706/1706/1706
f 1720/1720/1720 1706/1706/1706 1705/1705/1705
f 1688/1688/1688 1712/1712/1712 1731/1731/1731
f 1688/1688/1688 1731/1731/1731 1689/1689/1689
f 1712/1712/1712 1711/1711/1711 1732/1732/1732
f 1712/1712/1712 1732/1732/1732 1731/1731/1731
f 1731/1731/1731 1732/1732/1732 1733/1733/1733
f 1731/1731/1731 1733/1733/1733 1734/1734/1734
f 1689/1689/1689 1731/1731/1731 1734/1734/1734
f 1689/1689/1689 1734/1734/1734 1690/1690/1690
f 1690/1690/1690 1734/1734/1734 1735/1735/1735
f 1690/1690/1690 1735/1735/1735 1714/1714/1714
f 1734/1734/1734 1733/1733/1733 1736/1736/1736
f 1734/1734/1734 1736/1736/1736 1735/1735/1735
f 1735/1735/1735 1736/1736/1736 1729/1729/1729
f 1735/1735/1735 1729/1729/1729 1727/1727/1727
f 1714/1714/1714 1735/1735/1735 1727/1727/1727
f 1714/1714/1714 1727/1727/1727 1715/1715/1715
f 1737/1737/1737 1738/1738/1738 1739/1739/1739
f 1737/1737/1737 1739/1739/1739 1740/1740/1740
f 1738/1738/1738 1741/1741/1741 1742/1742/1742
f 1738/1738/1738 1742/1742/1742 1739/1739/1739
f 1739/1739/1739 1742/1742/1742 1725/1725/1725
f 1739/1739/1739 1725/1725/1725 1724/1724/1724
f 1740/1740/1740 1739/1739/1739 1724/1724/1724
f 1740/1740/1740 1724/1724/1724 1723/1723/1723
f 1729/1729/1729 1743/1743/1743 1744/1744/1744
f 1729/1729/1729 1744/1744/1744 1730/1730/1730
f 1743/1743/1743 1737/1737/1737 1740/1740/1740
f 1743/1743/1743 1740/1740/1740 1744/1744/1744
f 1744/1744/1744 1740/1740/1740 1723/1723/1723
f 1744/1744/1744 1723/1723/1723 1721/1721/1721
f 1730/1730/1730 1744/1744/1744 1721/1721/1721
f 1730/1730/1730 1721/1721/1721 1709/1709/1709
f 1711/1711/1711 1726/1726/1726 1745/1745/1745
f 1711/1711/1711 1745/1745/1745 1732/1732/1732
f 1726/1726/1726 1725/1725/1725 1742/1742/1742
f 1726/1726/1726 1742/1742/1742 1745/1745/1745
f 1745/1745/1745 1742/1742/1742 1741/1741/1741
f 1745/1745/1745 1741/1741/1741 1746/1746/1746
f 1732/1732/1732 1745/1745/1745 1746/1746/1746
f 1732/1732/1732 1746/1746/1746 1733/1733/1733
f 1733/1733/1733 1746/1746/1746 1747/1747/1747
f 1733/1733/1733 1747/1747/1747 1736/1736/1736
f 1746/1746/1746 1741/1741/1741 1738/1738/1738
f 1746/1746/1746 1738/1738/1738 1747/1747/1747
f 1747/1747/1747 1738/1738/1738 1737/1737/1737
f 1747/1747/1747 1737/1737/1737 1743/1743/1743
f 1736/1736/1736 1747/1747/1747 1743/1743/1743
f 1736/1736/1736 1743/1743/1743 1729/1729/1729
f 1339/1339/1339 1748/1748/1748 1749/1749/1749
f 1339/1339/1339 1749/1749/1749 1367/1367/1367
f 1748/1748/1748 1433/1433/1433 1465/1465/1465
f 1748/1748/1748 1465/1465/1465 1749/1749/1749
f 1749/1749/1749 1465/1465/1465 1416/1416/1416
f 1749/1749/1749 1416/1416/1416 1750/1750/1750
f 1367/1367/1367 1749/1749/1749 1750/1750/1750
f 1367/1367/1367 1750/1750/1750 1331/1331/1331
f 1360/1360/1360 1751/1751/1751 1752/1752/1752
f 1360/1360/1360 1752/1752/1752 1363/1363/1363
f 1751/1751/1751 1460/1460/1460 1462/1462/1462
f 1751/1751/1751 1462/1462/1462 1752/1752/1752
f 1752/1752/1752 1462/1462/1462 1449/1449/1449
f 1752/1752/1752 1449/1449/1449 1753/1753/1753
f 1363/1363/1363 1752/1752/1752 1753/1753/1753
f 1363/1363/1363 1753/1753/1753 1364/1364/1364
f 1345/1345/1345 1754/1754/1754 1755/1755/1755
f 1345/1345/1345 1755/1755/1755 1359/1359/1359
f 1754/1754/1754 1442/1442/1442 1456/1456/1456
f 1754/1754/1754 1456/1456/1456 1755/1755/1755
f 1755/1755/1755 1456/1456/1456 1460/1460/1460
f 1755/1755/1755 1460/1460/1460 1751/1751/1751
f 1359/1359/1359 1755/1755/1755 1751/1751/1751
f 1359/1359/1359 1751/1751/1751 1360/1360/1360
f 1364/1364/1364 1753/1753/1753 1756/1756/1756
f 1364/1364/1364 1756/1756/1756 1757/1757/1757
f 1753/1753/1753 1449/1449/1449 1452/1452/1452
f 1753/1753/1753 1452/1452/1452 1756/1756/1756
f 1756/1756/1756 1452/1452/1452 1425/1425/1425
f 1756/1756/1756 1425/1425/1425 1758/1758/1758
f 1757/1757/1757 1756/1756/1756 1758/1758/1758
f 1757/1757/1757 1758/1758/1758 1337/1337/1337
f 1333/1333/1333 1759/1759/1759 1760/1760/1760
f 1333/1333/1333 1760/1760/1760 1348/1348/1348
f 1759/1759/1759 1424/1424/1424 1761/1761/1761
f 1759/1759/1759 1761/1761/1761 1760/1760/1760
f 1760/1760/1760 1761/1761/1761 1434/1434/1434
f 1760/1760/1760 1434/1434/1434 1762/1762/1762
f 1348/1348/1348 1760/1760/1760 1762/1762/1762
f 1348/1348/1348 1762/1762/1762 1343/1343/1343
f 1343/1343/1343 1762/1762/1762 1763/1763/1763
f 1343/1343/1343 1763/1763/1763 1344/1344/1344
f 1762/1762/1762 1434/1434/1434 1437/1437/1437
f 1762/1762/1762 1437/1437/1437 1763/1763/1763
f 1763/1763/1763 1437/1437/1437 1442/1442/1442
f 1763/1763/1763 1442/1442/1442 1754/1754/1754
f 1344/1344/1344 1763/1763/1763 1754/1754/1754
f 1344/1344/1344 1754/1754/1754 1345/1345/1345
f 1337/1337/1337 1758/1758/1758 1764/1764/1764
f 1337/1337/1337 1764/1764/1764 1338/1338/1338
f 1758/1758/1758 1425/1425/1425 1428/1428/1428
f 1758/1758/1758 1428/1428/1428 1764/1764/1764
f 1764/1764/1764 1428/1428/1428 1433/1433/1433
f 1764/1764/1764 1433/1433/1433 1748/1748/1748
f 1338/1338/1338 1764/1764/1764 1748/1748/1748
f 1338/1338/1338 1748/1748/1748 1339/1339/1339
f 1331/1331/1331 1750/1750/1750 1765/1765/1765
f 1331/1331/1331 1765/1765/1765 1332/1332/1332
f 1750/1750/1750 1416/1416/1416 1419/1419/1419
f 1750/1750/1750 1419/1419/1419 1765/1765/1765
f 1765/1765/1765 1419/1419/1419 1424/1424/1424
f 1765/1765/1765 1424/1424/1424 1759/1759/1759
f 1332/1332/1332 1765/1765/1765 1759/1759/1759
f 1332/1332/1332 1759/1759/1759 1333/1333/1333
f 1766/1766/1766 1767/1767/1767 1768/1768/1768
f 1766/1766/1766 1768/1768/1768 1769/1769/1769
f 1767/1767/1767 1770/1770/1770 1771/1771/1771
f 1767/1767/1767 1771/1771/1771 1768/1768/1768
f 1768/1768/1768 1771/1771/1771 1772/1772/1772
f 1768/1768/1768 1772/1772/1772 1773/1773/1773
f 1769/1769/1769 1768/1768/1768 1773/1773/1773
f 1769/1769/1769 1773/1773/1773 1445/1445/1445
f 1438/1438/1438 1448/1448/1448 1774/1774/1774
f 1438/1438/1438 1774/1774/1774 1477/1477/1477
f 1448/1448/1448 1447/1447/1447 1775/1775/1775
f 1448/1448/1448 1775/1775/1775 1774/1774/1774
f 1774/1774/1774 1775/1775/1775 1776/1776/1776
f 1774/1774/1774 1776/1776/1776 1777/1777/1777
f 1477/1477/1477 1774/1774/1774 1777/1777/1777
f 1477/1477/1477 1777/1777/1777 1422/1422/1422
f 1422/1422/1422 1777/1777/1777 1778/1778/1778
f 1422/1422/1422 1778/1778/1778 1423/1423/1423
f 1777/1777/1777 1776/1776/1776 1779/1779/1779
f 1777/1777/1777 1779/1779/1779 1778/1778/1778
f 1778/1778/1778 1779/1779/1779 1766/1766/1766
f 1778/1778/1778 1766/1766/1766 1780/1780/1780
f 1423/1423/1423 1778/1778/1778 1780/1780/1780
f 1423/1423/1423 1780/1780/1780 1424/1424/1424
f 1424/1424/1424 1780/1780/1780 1781/1781/1781
f 1424/1424/1424 1781/1781/1781 1761/1761/1761
f 1780/1780/1780 1766/1766/1766 1769/1769/1769
f 1780/1780/1780 1769/1769/1769 1781/1781/1781
f 1781/1781/1781 1769/1769/1769 1445/1445/1445
f 1781/1781/1781 1445/1445/1445 1443/1443/1443
f 1761/1761/1761 1781/1781/1781 1443/1443/1443
f 1761/1761/1761 1443/1443/1443 1434/1434/1434
f 1782/1782/1782 1783/1783/1783 1784/1784/1784
f 1782/1782/1782 1784/1784/1784 1785/1785/1785
f 1783/1783/1783 1786/1786/1786 1787/1787/1787
f 1783/1783/1783 1787/1787/1787 1784/1784/1784
f 1784/1784/1784 1787/1787/1787 1788/1788/1788
f 1784/1784/1784 1788/1788/1788 1789/1789/1789
f 1785/1785/1785 1784/1784/1784 1789/1789/1789
f 1785/1785/1785 1789/1789/1789 1770/1770/1770
f 1447/1447/1447 1790/1790/1790 1791/1791/1791
f 1447/1447/1447 1791/1791/1791 1775/1775/1775
f 1790/1790/1790 1792/1792/1792 1793/1793/1793
f 1790/1790/1790 1793/1793/1793 1791/1791/1791
f 1791/1791/1791 1793/1793/1793 1782/1782/1782
f 1791/1791/1791 1782/1782/1782 1794/1794/1794
f 1775/1775/1775 1791/1791/1791 1794/1794/1794
f 1775/1775/1775 1794/1794/1794 1776/1776/1776
f 1776/1776/1776 1794/1794/1794 1795/1795/1795
f 1776/1776/1776 1795/1795/1795 1779/1779/1779
f 1794/1794/1794 1782/1782/1782 1785/1785/1785
f 1794/1794/1794 1785/1785/1785 1795/1795/1795
f 1795/1795/1795 1785/1785/1785 1770/1770/1770
f 1795/1795/1795 1770/1770/1770 1767/1767/1767
f 1779/1779/1779 1795/1795/1795 1767/1767/1767
f 1779/1779/1779 1767/1767/1767 1766/1766/1766
f 1445/1445/1445 1773/1773/1773 1796/1796/1796
f 1445/1445/1445 1796/1796/1796 1446/1446/1446
f 1773/1773/1773 1772/1772/1772 1797/1797/1797
f 1773/1773/1773 1797/1797/1797 1796/1796/1796
f 1796/1796/1796 1797/1797/1797 1792/1792/1792
f 1796/1796/1796 1792/1792/1792 1790/1790/1790
f 1446/1446/1446 1796/1796/1796 1790/1790/1790
f 1446/1446/1446 1790/1790/1790 1447/1447/1447
f 1788/1788/1788 1798/1798/1798 1799/1799/1799
f 1788/1788/1788 1799/1799/1799 1800/1800/1800
f 1798/1798/1798 1801/1801/1801 1802/1802/1802
f 1798/1798/1798 1802/1802/1802 1799/1799/1799
f 1799/1799/1799 1802/1802/1802 1803/1803/1803
f 1799/1799/1799 1803/1803/1803 1804/1804/1804
f 1800/1800/1800 1799/1799/1799 1804/1804/1804
f 1800/1800/1800 1804/1804/1804 1805/1805/1805
f 1772/1772/1772 1806/1806/1806 1807/1807/1807
f 1772/1772/1772 1807/1807/1807 1797/1797/1797
f 1806/1806/1806 1805/1805/1805 1808/1808/1808
f 1806/1806/1806 1808/1808/1808 1807/1807/1807
f 1807/1807/1807 1808/1808/1808 1809/1809/1809
f 1807/1807/1807 1809/1809/1809 1810/1810/1810
f 1797/1797/1797 1807/1807/1807 1810/1810/1810
f 1797/1797/1797 1810/1810/1810 1792/1792/1792
f 1770/1770/1770 1789/1789/1789 1811/1811/1811
f 1770/1770/1770 1811/1811/1811 1771/1771/1771
f 1789/1789/1789 1788/1788/1788 1800/1800/1800
f 1789/1789/1789 1800/1800/1800 1811/1811/1811
f 1811/1811/1811 1800/1800/1800 1805/1805/1805
f 1811/1811/1811 1805/1805/1805 1806/1806/1806
f 1771/1771/1771 1811/1811/1811 1806/1806/1806
f 1771/1771/1771 1806/1806/1806 1772/1772/1772
f 1792/1792/1792 1810/1810/1810 1812/1812/1812
f 1792/1792/1792 1812/1812/1812 1793/1793/1793
f 1810/1810/1810 1809/1809/1809 1813/1813/1813
f 1810/1810/1810 1813/1813/1813 1812/1812/1812
f 1812/1812/1812 1813/1813/1813 1786/1786/1786
f 1812/1812/1812 1786/1786/1786 1783/1783/1783
f 1793/1793/1793 1812/1812/1812 1783/1783/1783
f 1793/1793/1793 1783/1783/1783 1782/1782/1782
f 1801/1801/1801 1814/1814/1814 1815/1815/1815
f 1801/1801/1801 1815/1815/1815 1802/1802/1802
f 1814/1814/1814 1816/1816/1816 1817/1817/1817
f 1814/1814/1814 1817/1817/1817 1815/1815/1815
f 1815/1815/1815 1817/1817/1817 1818/1818/1818
f 1815/1815/1815 1818/1818/1818 1819/1819/1819
f 1802/1802/1802 1815/1815/1815 1819/1819/1819
f 1802/1802/1802 1819/1819/1819 1803/1803/1803
f 1809/1809/1809 1820/1820/1820 1821/1821/1821
f 1809/1809/1809 1821/1821/1821 1813/1813/1813
f 1820/1820/1820 1818/1818/1818 1817/1817/1817
f 1820/1820/1820 1817/1817/1817 1821/1821/1821
f 1821/1821/1821 1817/1817/1817 1816/1816/1816
f 1821/1821/1821 1816/1816/1816 1822/1822/1822
f 1813/1813/1813 1821/1821/1821 1822/1822/1822
f 1813/1813/1813 1822/1822/1822 1786/1786/1786
f 1786/1786/1786 1822/1822/1822 1823/1823/1823
f 1786/1786/1786 1823/1823/1823 1787/1787/1787
f 1822/1822/1822 1816/1816/1816 1814/1814/1814
f 1822/1822/1822 1814/1814/1814 1823/1823/1823
f 1823/1823/1823 1814/1814/1814 1801/1801/1801
f 1823/1823/1823 1801/1801/1801 1798/1798/1798
f 1787/1787/1787 1823/1823/1823 1798/1798/1798
f 1787/1787/1787 1798/1798/1798 1788/1788/1788
f 1805/1805/1805 1804/1804/1804 1824/1824/1824
f 1805/1805/1805 1824/1824/1824 1808/1808/1808
f 1804/1804/1804 1803/1803/1803 1819/1819/1819
f 1804/1804/1804 1819/1819/1819 1824/1824/1824
f 1824/1824/1824 1819/1819/1819 1818/1818/1818
f 1824/1824/1824 1818/1818/1818 1820/1820/1820
f 1808/1808/1808 1824/1824/1824 1820/1820/1820
f 1808/1808/1808 1820/1820/1820 1809/1809/1809
f 498/498/498 660/660/660 1825/1825/1825
f 498/498/498 1825/1825/1825 499/499/499
f 660/660/660 315/315/315 314/314/314
f 660/660/660 314/314/314 1825/1825/1825
f 1825/1825/1825 314/314/314 313/313/313
f 1825/1825/1825 313/313/313 653/653/653
f 499/499/499 1825/1825/1825 653/653/653
f 499/499/499 653/653/653 500/500/500
f 1629/1629/1629 1826/1826/1826 1827/1827/1827
f 1629/1629/1629 1827/1827/1827 1660/1660/1660
f 1826/1826/1826 1697/1697/1697 1703/1703/1703
f 1826/1826/1826 1703/1703/1703 1827/1827/1827
f 1827/1827/1827 1703/1703/1703 1698/1698/1698
f 1827/1827/1827 1698/1698/1698 1828/1828/1828
f 1660/1660/1660 1827/1827/1827 1828/1828/1828
f 1660/1660/1660 1828/1828/1828 1113/1113/1113
f 1113/1113/1113 1828/1828/1828 1829/1829/1829
f 1113/1113/1113 1829/1829/1829 1111/1111/1111
f 1828/1828/1828 1698/1698/1698 1701/1701/1701
f 1828/1828/1828 1701/1701/1701 1829/1829/1829
f 1829/1829/1829 1701/1701/1701 1663/1663/1663
f 1829/1829/1829 1663/1663/1663 1830/1830/1830
f 1111/1111/1111 1829/1829/1829 1830/1830/1830
f 1111/1111/1111 1830/1830/1830 1088/1088/1088
f 1635/1635/1635 1831/1831/1831 1832/1832/1832
f 1635/1635/1635 1832/1832/1832 1636/1636/1636
f 1831/1831/1831 1671/1671/1671 1693/1693/1693
f 1831/1831/1831 1693/1693/1693 1832/1832/1832
f 1832/1832/1832 1693/1693/1693 1697/1697/1697
f 1832/1832/1832 1697/1697/1697 1826/1826/1826
f 1636/1636/1636 1832/1832/1832 1826/1826/1826
f 1636/1636/1636 1826/1826/1826 1629/1629/1629
f 1088/1088/1088 1830/1830/1830 1833/1833/1833
f 1088/1088/1088 1833/1833/1833 1682/1682/1682
f 1830/1830/1830 1663/1663/1663 1666/1666/1666
f 1830/1830/1830 1666/1666/1666 1833/1833/1833
f 1833/1833/1833 1666/1666/1666 1671/1671/1671
f 1833/1833/1833 1671/1671/1671 1831/1831/1831
f 1682/1682/1682 1833/1833/1833 1831/1831/1831
f 1682/1682/1682 1831/1831/1831 1635/1635/1635
f 1565/1565/1565 1834/1834/1834 1835/1835/1835
f 1565/1565/1565 1835/1835/1835 1566/1566/1566
f 1834/1834/1834 1594/1594/1594 1599/1599/1599
f 1834/1834/1834 1599/1599/1599 1835/1835/1835
f 1835/1835/1835 1599/1599/1599 1550/1550/1550
f 1835/1835/1835 1550/1550/1550 1836/1836/1836
f 1566/1566/1566 1835/1835/1835 1836/1836/1836
f 1566/1566/1566 1836/1836/1836 1039/1039/1039
f 1051/1051/1051 1837/1837/1837 1838/1838/1838
f 1051/1051/1051 1838/1838/1838 1575/1575/1575
f 1837/1837/1837 1558/1558/1558 1596/1596/1596
f 1837/1837/1837 1596/1596/1596 1838/1838/1838
f 1838/1838/1838 1596/1596/1596 1587/1587/1587
f 1838/1838/1838 1587/1587/1587 1839/1839/1839
f 1575/1575/1575 1838/1838/1838 1839/1839/1839
f 1575/1575/1575 1839/1839/1839 1577/1577/1577
f 1577/1577/1577 1839/1839/1839 1840/1840/1840
f 1577/1577/1577 1840/1840/1840 1639/1639/1639
f 1839/1839/1839 1587/1587/1587 1590/1590/1590
f 1839/1839/1839 1590/1590/1590 1840/1840/1840
f 1840/1840/1840 1590/1590/1590 1594/1594/1594
f 1840/1840/1840 1594/1594/1594 1834/1834/1834
f 1639/1639/1639 1840/1840/1840 1834/1834/1834
f 1639/1639/1639 1834/1834/1834 1565/1565/1565
f 1039/1039/1039 1836/1836/1836 1841/1841/1841
f 1039/1039/1039 1841/1841/1841 1050/1050/1050
f 1836/1836/1836 1550/1550/1550 1553/1553/1553
f 1836/1836/1836 1553/1553/1553 1841/1841/1841
f 1841/1841/1841 1553/1553/1553 1558/1558/1558
f 1841/1841/1841 1558/1558/1558 1837/1837/1837
f 1050/1050/1050 1841/1841/1841 1837/1837/1837
f 1050/1050/1050 1837/1837/1837 1051/1051/1051
f 993/993/993 1842/1842/1842 1843/1843/1843
f 993/993/993 1843/1843/1843 988/988/988
f 1842/1842/1842 1298/1298/1298 1300/1300/1300
f 1842/1842/1842 1300/1300/1300 1843/1843/1843
f 1843/1843/1843 1300/1300/1300 1289/1289/1289
f 1843/1843/1843 1289/1289/1289 1844/1844/1844
f 988/988/988 1843/1843/1843 1844/1844/1844
f 988/988/988 1844/1844/1844 985/985/985
f 951/951/951 1845/1845/1845 1846/1846/1846
f 951/951/951 1846/1846/1846 1265/1265/1265
f 1845/1845/1845 1279/1279/1279 1294/1294/1294
f 1845/1845/1845 1294/1294/1294 1846/1846/1846
f 1846/1846/1846 1294/1294/1294 1298/1298/1298
f 1846/1846/1846 1298/1298/1298 1842/1842/1842
f 1265/1265/1265 1846/1846/1846 1842/1842/1842
f 1265/1265/1265 1842/1842/1842 993/993/993
f 985/985/985 1844/1844/1844 1847/1847/1847
f 985/985/985 1847/1847/1847 1259/1259/1259
f 1844/1844/1844 1289/1289/1289 1292/1292/1292
f 1844/1844/1844 1292/1292/1292 1847/1847/1847
f 1847/1847/1847 1292/1292/1292 1271/1271/1271
f 1847/1847/1847 1271/1271/1271 1848/1848/1848
f 1259/1259/1259 1847/1847/1847 1848/1848/1848
f 1259/1259/1259 1848/1848/1848 967/967/967
f 967/967/967 1848/1848/1848 1849/1849/1849
f 967/967/967 1849/1849/1849 973/973/973
f 1848/1848/1848 1271/1271/1271 1274/1274/1274
f 1848/1848/1848 1274/1274/1274 1849/1849/1849
f 1849/1849/1849 1274/1274/1274 1279/1279/1279
f 1849/1849/1849 1279/1279/1279 1845/1845/1845
f 973/973/973 1849/1849/1849 1845/1845/1845
f 973/973/973 1845/1845/1845 951/951/951
f 790/790/790 1850/1850/1850 1851/1851/1851
f 790/790/790 1851/1851/1851 791/791/791
f 1850/1850/1850 1204/1204/1204 1212/1212/1212
f 1850/1850/1850 1212/1212/1212 1851/1851/1851
f 1851/1851/1851 1212/1212/1212 1205/1205/1205
f 1851/1851/1851 1205/1205/1205 1852/1852/1852
f 791/791/791 1851/1851/1851 1852/1852/1852
f 791/791/791 1852/1852/1852 794/794/794
f 794/794/794 1852/1852/1852 1853/1853/1853
f 794/794/794 1853/1853/1853 972/972/972
f 1852/1852/1852 1205/1205/1205 1208/1208/1208
f 1852/1852/1852 1208/1208/1208 1853/1853/1853
f 1853/1853/1853 1208/1208/1208 924/924/924
f 1853/1853/1853 924/924/924 1854/1854/1854
f 972/972/972 1853/1853/1853 1854/1854/1854
f 972/972/972 1854/1854/1854 916/916/916
f 918/918/918 1855/1855/1855 1856/1856/1856
f 918/918/918 1856/1856/1856 1183/1183/1183
f 1855/1855/1855 932/932/932 1202/1202/1202
f 1855/1855/1855 1202/1202/1202 1856/1856/1856
f 1856/1856/1856 1202/1202/1202 1204/1204/1204
f 1856/1856/1856 1204/1204/1204 1850/1850/1850
f 1183/1183/1183 1856/1856/1856 1850/1850/1850
f 1183/1183/1183 1850/1850/1850 790/790/790
f 916/916/916 1854/1854/1854 1857/1857/1857
f 916/916/916 1857/1857/1857 917/917/917
f 1854/1854/1854 924/924/924 927/927/927
f 1854/1854/1854 927/927/927 1857/1857/1857
f 1857/1857/1857 927/927/927 932/932/932
f 1857/1857/1857 932/932/932 1855/1855/1855
f 917/917/917 1857/1857/1857 1855/1855/1855
f 917/917/917 1855/1855/1855 918/918/918
f 1337/1337/1337 1858/1858/1858 1859/1859/1859
f 1337/1337/1337 1859/1859/1859 1757/1757/1757
f 1858/1858/1858 1386/1386/1386 1388/1388/1388
f 1858/1858/1858 1388/1388/1388 1859/1859/1859
f 1859/1859/1859 1388/1388/1388 1377/1377/1377
f 1859/1859/1859 1377/1377/1377 1860/1860/1860
f 1757/1757/1757 1859/1859/1859 1860/1860/1860
f 1757/1757/1757 1860/1860/1860 1364/1364/1364
f 991/991/991 1861/1861/1861 1862/1862/1862
f 991/991/991 1862/1862/1862 1335/1335/1335
f 1861/1861/1861 1357/1357/1357 1383/1383/1383
f 1861/1861/1861 1383/1383/1383 1862/1862/1862
f 1862/1862/1862 1383/1383/1383 1386/1386/1386
f 1862/1862/1862 1386/1386/1386 1858/1858/1858
f 1335/1335/1335 1862/1862/1862 1858/1858/1858
f 1335/1335/1335 1858/1858/1858 1337/1337/1337
f 1364/1364/1364 1860/1860/1860 1863/1863/1863
f 1364/1364/1364 1863/1863/1863 1365/1365/1365
f 1860/1860/1860 1377/1377/1377 1380/1380/1380
f 1860/1860/1860 1380/1380/1380 1863/1863/1863
f 1863/1863/1863 1380/1380/1380 1349/1349/1349
f 1863/1863/1863 1349/1349/1349 1864/1864/1864
f 1365/1365/1365 1863/1863/1863 1864/1864/1864
f 1365/1365/1365 1864/1864/1864 989/989/989
f 989/989/989 1864/1864/1864 1865/1865/1865
f 989/989/989 1865/1865/1865 990/990/990
f 1864/1864/1864 1349/1349/1349 1352/1352/1352
f 1864/1864/1864 1352/1352/1352 1865/1865/1865
f 1865/1865/1865 1352/1352/1352 1357/1357/1357
f 1865/1865/1865 1357/1357/1357 1861/1861/1861
f 990/990/990 1865/1865/1865 1861/1861/1861
f 990/990/990 1861/1861/1861 991/991/991
f 1429/1429/1429 1866/1866/1866 1867/1867/1867
f 1429/1429/1429 1867/1867/1867 1470/1470/1470
f 1866/1866/1866 1486/1486/1486 1512/1512/1512
f 1866/1866/1866 1512/1512/1512 1867/1867/1867
f 1867/1867/1867 1512/1512/1512 1506/1506/1506
f 1867/1867/1867 1506/1506/1506 1868/1868/1868
f 1470/1470/1470 1867/1867/1867 1868/1868/1868
f 1470/1470/1470 1868/1868/1868 1053/1053/1053
f 1053/1053/1053 1868/1868/1868 1869/1869/1869
f 1053/1053/1053 1869/1869/1869 1049/1049/1049
f 1868/1868/1868 1506/1506/1506 1509/1509/1509
f 1868/1868/1868 1509/1509/1509 1869/1869/1869
f 1869/1869/1869 1509/1509/1509 1500/1500/1500
f 1869/1869/1869 1500/1500/1500 1870/1870/1870
f 1049/1049/1049 1869/1869/1869 1870/1870/1870
f 1049/1049/1049 1870/1870/1870 1041/1041/1041
f 1041/1041/1041 1870/1870/1870 1871/1871/1871
f 1041/1041/1041 1871/1871/1871 1490/1490/1490
f 1870/1870/1870 1500/1500/1500 1503/1503/1503
f 1870/1870/1870 1503/1503/1503 1871/1871/1871
f 1871/1871/1871 1503/1503/1503 1478/1478/1478
f 1871/1871/1871 1478/1478/1478 1872/1872/1872
f 1490/1490/1490 1871/1871/1871 1872/1872/1872
f 1490/1490/1490 1872/1872/1872 1453/1453/1453
f 1453/1453/1453 1872/1872/1872 1873/1873/1873
f 1453/1453/1453 1873/1873/1873 1454/1454/1454
f 1872/1872/1872 1478/1478/1478 1481/1481/1481
f 1872/1872/1872 1481/1481/1481 1873/1873/1873
f 1873/1873/1873 1481/1481/1481 1486/1486/1486
f 1873/1873/1873 1486/1486/1486 1866/1866/1866
f 1454/1454/1454 1873/1873/1873 1866/1866/1866
f 1454/1454/1454 1866/1866/1866 1429/1429/1429
f 1874/1874/1874 1875/1875/1875 1876/1876/1876
f 1874/1874/1874 1876/1876/1876 1877/1877/1877
f 1878/1878/1878 1879/1879/1879 1876/1876/1876
f 1878/1878/1878 1876/1876/1876 1875/1875/1875
f 1880/1880/1880 1881/1881/1881 1876/1876/1876
f 1880/1880/1880 1876/1876/1876 1879/1879/1879
f 1882/1882/1882 1883/1883/1883 1876/1876/1876
f 1882/1882/1882 1876/1876/1876 1881/1881/1881
f 1884/1884/1884 1885/1885/1885 1876/1876/1876
f 1884/1884/1884 1876/1876/1876 1883/1883/1883
f 1886/1886/1886 1887/1887/1887 1876/1876/1876
f 1886/1886/1886 1876/1876/1876 1885/1885/1885
f 1888/1888/1888 1889/1889/1889 1876/1876/1876
f 1888/1888/1888 1876/1876/1876 1887/1887/1887
f 1890/1890/1890 1891/1891/1891 1876/1876/1876
f 1890/1890/1890 1876/1876/1876 1889/1889/1889
f 1892/1892/1892 1893/1893/1893 1876/1876/1876
f 1892/1892/1892 1876/1876/1876 1891/1891/1891
f 1894/1894/1894 1895/1895/1895 1876/1876/1876
f 1894/1894/1894 1876/1876/1876 1893/1893/1893
f 1896/1896/1896 1897/1897/1897 1876/1876/1876
f 1896/1896/1896 1876/1876/1876 1895/1895/1895
f 1898/1898/1898 1877/1877/1877 1876/1876/1876
f 1898/1898/1898 1876/1876/1876 1897/1897/1897
f 1898/1898/1898 1899/1899/1899 1900/1900/1900
f 1898/1898/1898 1900/1900/1900 1877/1877/1877
f 1899/1899/1899 1901/1901/1901 1902/1902/1902
f 1899/1899/1899 1902/1902/1902 1900/1900/1900
f 1900/1900/1900 1902/1902/1902 1903/1903/1903
f 1900/1900/1900 1903/1903/1903 1904/1904/1904
f 1877/1877/1877 1900/1900/1900 1904/1904/1904
f 1877/1877/1877 1904/1904/1904 1874/1874/1874
f 1880/1880/1880 1905/1905/1905 1906/1906/1906
f 1880/1880/1880 1906/1906/1906 1881/1881/1881
f 1905/1905/1905 1907/1907/1907 1908/1908/1908
f 1905/1905/1905 1908/1908/1908 1906/1906/1906
f 1906/1906/1906 1908/1908/1908 1909/1909/1909
f 1906/1906/1906 1909/1909/1909 1910/1910/1910
f 1881/1881/1881 1906/1906/1906 1910/1910/1910
f 1881/1881/1881 1910/1910/1910 1882/1882/1882
f 1882/1882/1882 1910/1910/1910 1911/1911/1911
f 1882/1882/1882 1911/1911/1911 1883/1883/1883
f 1910/1910/1910 1909/1909/1909 1912/1912/1912
f 1910/1910/1910 1912/1912/1912 1911/1911/1911
f 1911/1911/1911 1912/1912/1912 1913/1913/1913
f 1911/1911/1911 1913/1913/1913 1914/1914/1914
f 1883/1883/1883 1911/1911/1911 1914/1914/1914
f 1883/1883/1883 1914/1914/1914 1884/1884/1884
f 1888/1888/1888 1915/1915/1915 1916/1916/1916
f 1888/1888/1888 1916/1916/1916 1889/1889/1889
f 1915/1915/1915 1917/1917/1917 1918/1918/1918
f 1915/1915/1915 1918/1918/1918 1916/1916/1916
f 1916/1916/1916 1918/1918/1918 1919/1919/1919
f 1916/1916/1916 1919/1919/1919 1920/1920/1920
f 1889/1889/1889 1916/1916/1916 1920/1920/1920
f 1889/1889/1889 1920/1920/1920 1890/1890/1890
f 1894/1894/1894 1921/1921/1921 1922/1922/1922
f 1894/1894/1894 1922/1922/1922 1895/1895/1895
f 1921/1921/1921 1923/1923/1923 1924/1924/1924
f 1921/1921/1921 1924/1924/1924 1922/1922/1922
f 1922/1922/1922 1924/1924/1924 1925/1925/1925
f 1922/1922/1922 1925/1925/1925 1926/1926/1926
f 1895/1895/1895 1922/1922/1922 1926/1926/1926
f 1895/1895/1895 1926/1926/1926 1896/1896/1896
f 1896/1896/1896 1926/1926/1926 1927/1927/1927
f 1896/1896/1896 1927/1927/1927 1897/1897/1897
f 1926/1926/1926 1925/1925/1925 1928/1928/1928
f 1926/1926/1926 1928/1928/1928 1927/1927/1927
f 1927/1927/1927 1928/1928/1928 1901/1901/1901
f 1927/1927/1927 1901/1901/1901 1899/1899/1899
f 1897/1897/1897 1927/1927/1927 1899/1899/1899
f 1897/1897/1897 1899/1899/1899 1898/1898/1898
f 1886/1886/1886 1929/1929/1929 1930/1930/1930
f 1886/1886/1886 1930/1930/1930 1887/1887/1887
f 1929/1929/1929 1931/1931/1931 1932/1932/1932
f 1929/1929/1929 1932/1932/1932 1930/1930/1930
f 1930/1930/1930 1932/1932/1932 1917/1917/1917
f 1930/1930/1930 1917/1917/1917 1915/1915/1915
f 1887/1887/1887 1930/1930/1930 1915/1915/1915
f 1887/1887/1887 1915/1915/1915 1888/1888/1888
f 1884/1884/1884 1914/1914/1914 1933/1933/1933
f 1884/1884/1884 1933/1933/1933 1885/1885/1885
f 1914/1914/1914 1913/1913/1913 1934/1934/1934
f 1914/1914/1914 1934/1934/1934 1933/1933/1933
f 1933/1933/1933 1934/1934/1934 1931/1931/1931
f 1933/1933/1933 1931/1931/1931 1929/1929/1929
f 1885/1885/1885 1933/1933/1933 1929/1929/1929
f 1885/1885/1885 1929/1929/1929 1886/1886/1886
f 1890/1890/1890 1920/1920/1920 1935/1935/1935
f 1890/1890/1890 1935/1935/1935 1891/1891/1891
f 1920/1920/1920 1919/1919/1919 1936/1936/1936
f 1920/1920/1920 1936/1936/1936 1935/1935/1935
f 1935/1935/1935 1936/1936/1936 1937/1937/1937
f 1935/1935/1935 1937/1937/1937 1938/1938/1938
f 1891/1891/1891 1935/1935/1935 1938/1938/1938
f 1891/1891/1891 1938/1938/1938 1892/1892/1892
f 1892/1892/1892 1938/1938/1938 1939/1939/1939
f 1892/1892/1892 1939/1939/1939 1893/1893/1893
f 1938/1938/1938 1937/1937/1937 1940/1940/1940
f 1938/1938/1938 1940/1940/1940 1939/1939/1939
f 1939/1939/1939 1940/1940/1940 1923/1923/1923
f 1939/1939/1939 1923/1923/1923 1921/1921/1921
f 1893/1893/1893 1939/1939/1939 1921/1921/1921
f 1893/1893/1893 1921/1921/1921 1894/1894/1894
f 1878/1878/1878 1941/1941/1941 1942/1942/1942
f 1878/1878/1878 1942/1942/1942 1879/1879/1879
f 1941/1941/1941 1943/1943/1943 1944/1944/1944
f 1941/1941/1941 1944/1944/1944 1942/1942/1942
f 1942/1942/1942 1944/1944/1944 1907/1907/1907
f 1942/1942/1942 1907/1907/1907 1905/1905/1905
f 1879/1879/1879 1942/1942/1942 1905/1905/1905
f 1879/1879/1879 1905/1905/1905 1880/1880/1880
f 1874/1874/1874 1904/1904/1904 1945/1945/1945
f 1874/1874/1874 1945/1945/1945 1875/1875/1875
f 1904/1904/1904 1903/1903/1903 1946/1946/1946
f 1904/1904/1904 1946/1946/1946 1945/1945/1945
f 1945/1945/1945 1946/1946/1946 1943/1943/1943
f 1945/1945/1945 1943/1943/1943 1941/1941/1941
f 1875/1875/1875 1945/1945/1945 1941/1941/1941
f 1875/1875/1875 1941/1941/1941 1878/1878/1878
f 1947/1947/1947 1948/1948/1948 1949/1949/1949
f 1947/1947/1947 1949/1949/1949 1950/1950/1950
f 1948/1948/1948 551/551/551 553/553/553
f 1948/1948/1948 553/553/553 1949/1949/1949
f 1949/1949/1949 553/553/553 81/81/81
f 1949/1949/1949 81/81/81 1951/1951/1951
f 1950/1950/1950 1949/1949/1949 1951/1951/1951
f 1950/1950/1950 1951/1951/1951 1952/1952/1952
f 1953/1953/1953 1954/1954/1954 1955/1955/1955
f 1953/1953/1953 1955/1955/1955 1956/1956/1956
f 1954/1954/1954 113/113/113 549/549/549
f 1954/1954/1954 549/549/549 1955/1955/1955
f 1955/1955/1955 549/549/549 551/551/551
f 1955/1955/1955 551/551/551 1948/1948/1948
f 1956/1956/1956 1955/1955/1955 1948/1948/1948
f 1956/1956/1956 1948/1948/1948 1947/1947/1947
f 1957/1957/1957 1958/1958/1958 1959/1959/1959
f 1957/1957/1957 1959/1959/1959 1960/1960/1960
f 1958/1958/1958 545/545/545 547/547/547
f 1958/1958/1958 547/547/547 1959/1959/1959
f 1959/1959/1959 547/547/547 99/99/99
f 1959/1959/1959 99/99/99 1961/1961/1961
f 1960/1960/1960 1959/1959/1959 1961/1961/1961
f 1960/1960/1960 1961/1961/1961 1962/1962/1962
f 1963/1963/1963 1964/1964/1964 1965/1965/1965
f 1963/1963/1963 1965/1965/1965 1966/1966/1966
f 1964/1964/1964 122/122/122 543/543/543
f 1964/1964/1964 543/543/543 1965/1965/1965
f 1965/1965/1965 543/543/543 545/545/545
f 1965/1965/1965 545/545/545 1958/1958/1958
f 1966/1966/1966 1965/1965/1965 1958/1958/1958
f 1966/1966/1966 1958/1958/1958 1957/1957/1957
f 1967/1967/1967 1968/1968/1968 1969/1969/1969
f 1967/1967/1967 1969/1969/1969 1970/1970/1970
f 1968/1968/1968 440/440/440 442/442/442
f 1968/1968/1968 442/442/442 1969/1969/1969
f 1969/1969/1969 442/442/442 108/108/108
f 1969/1969/1969 108/108/108 1971/1971/1971
f 1970/1970/1970 1969/1969/1969 1971/1971/1971
f 1970/1970/1970 1971/1971/1971 1972/1972/1972
f 1973/1973/1973 1974/1974/1974 1975/1975/1975
f 1973/1973/1973 1975/1975/1975 1976/1976/1976
f 1974/1974/1974 107/107/107 436/436/436
f 1974/1974/1974 436/436/436 1975/1975/1975
f 1975/1975/1975 436/436/436 440/440/440
f 1975/1975/1975 440/440/440 1968/1968/1968
f 1976/1976/1976 1975/1975/1975 1968/1968/1968
f 1976/1976/1976 1968/1968/1968 1967/1967/1967
f 1977/1977/1977 1978/1978/1978 1979/1979/1979
f 1977/1977/1977 1979/1979/1979 1980/1980/1980
f 1978/1978/1978 432/432/432 434/434/434
f 1978/1978/1978 434/434/434 1979/1979/1979
f 1979/1979/1979 434/434/434 114/114/114
f 1979/1979/1979 114/114/114 1981/1981/1981
f 1980/1980/1980 1979/1979/1979 1981/1981/1981
f 1980/1980/1980 1981/1981/1981 1982/1982/1982
f 1983/1983/1983 1984/1984/1984 1985/1985/1985
f 1983/1983/1983 1985/1985/1985 1986/1986/1986
f 1984/1984/1984 89/89/89 430/430/430
f 1984/1984/1984 430/430/430 1985/1985/1985
f 1985/1985/1985 430/430/430 432/432/432
f 1985/1985/1985 432/432/432 1978/1978/1978
f 1986/1986/1986 1985/1985/1985 1978/1978/1978
f 1986/1986/1986 1978/1978/1978 1977/1977/1977
f 1982/1982/1982 1981/1981/1981 1987/1987/1987
f 1982/1982/1982 1987/1987/1987 1988/1988/1988
f 1981/1981/1981 114/114/114 117/117/117
f 1981/1981/1981 117/117/117 1987/1987/1987
f 1987/1987/1987 117/117/117 122/122/122
f 1987/1987/1987 122/122/122 1964/1964/1964
f 1988/1988/1988 1987/1987/1987 1964/1964/1964
f 1988/1988/1988 1964/1964/1964 1963/1963/1963
f 1972/1972/1972 1971/1971/1971 1989/1989/1989
f 1972/1972/1972 1989/1989/1989 1990/1990/1990
f 1971/1971/1971 108/108/108 111/111/111
f 1971/1971/1971 111/111/111 1989/1989/1989
f 1989/1989/1989 111/111/111 113/113/113
f 1989/1989/1989 113/113/113 1954/1954/1954
f 1990/1990/1990 1989/1989/1989 1954/1954/1954
f 1990/1990/1990 1954/1954/1954 1953/1953/1953
f 1962/1962/1962 1961/1961/1961 1991/1991/1991
f 1962/1962/1962 1991/1991/1991 1992/1992/1992
f 1961/1961/1961 99/99/99 102/102/102
f 1961/1961/1961 102/102/102 1991/1991/1991
f 1991/1991/1991 102/102/102 107/107/107
f 1991/1991/1991 107/107/107 1974/1974/1974
f 1992/1992/1992 1991/1991/1991 1974/1974/1974
f 1992/1992/1992 1974/1974/1974 1973/1973/1973
f 1952/1952/1952 1951/1951/1951 1993/1993/1993
f 1952/1952/1952 1993/1993/1993 1994/1994/1994
f 1951/1951/1951 81/81/81 84/84/84
f 1951/1951/1951 84/84/84 1993/1993/1993
f 1993/1993/1993 84/84/84 89/89/89
f 1993/1993/1993 89/89/89 1984/1984/1984
f 1994/1994/1994 1993/1993/1993 1984/1984/1984
f 1994/1994/1994 1984/1984/1984 1983/1983/1983
f 1937/1937/1937 1995/1995/1995 1996/1996/1996
f 1937/1937/1937 1996/1996/1996 1940/1940/1940
f 1995/1995/1995 1997/1997/1997 1998/1998/1998
f 1995/1995/1995 1998/1998/1998 1996/1996/1996
f 1996/1996/1996 1998/1998/1998 1999/1999/1999
f 1996/1996/1996 1999/1999/1999 2000/2000/2000
f 1940/1940/1940 1996/1996/1996 2000/2000/2000
f 1940/1940/1940 2000/2000/2000 1923/1923/1923
f 1907/1907/1907 2001/2001/2001 2002/2002/2002
f 1907/1907/1907 2002/2002/2002 1908/1908/1908
f 2001/2001/2001 2003/2003/2003 2004/2004/2004
f 2001/2001/2001 2004/2004/2004 2002/2002/2002
f 2002/2002/2002 2004/2004/2004 2005/2005/2005
f 2002/2002/2002 2005/2005/2005 2006/2006/2006
f 1908/1908/1908 2002/2002/2002 2006/2006/2006
f 1908/1908/1908 2006/2006/2006 1909/1909/1909
f 1931/1931/1931 2007/2007/2007 2008/2008/2008
f 1931/1931/1931 2008/2008/2008 1932/1932/1932
f 2007/2007/2007 2009/2009/2009 2010/2010/2010
f 2007/2007/2007 2010/2010/2010 2008/2008/2008
f 2008/2008/2008 2010/2010/2010 2011/2011/2011
f 2008/2008/2008 2011/2011/2011 2012/2012/2012
f 1932/1932/1932 2008/2008/2008 2012/2012/2012
f 1932/1932/1932 2012/2012/2012 1917/1917/1917
f 1901/1901/1901 2013/2013/2013 2014/2014/2014
f 1901/1901/1901 2014/2014/2014 1902/1902/1902
f 2013/2013/2013 2015/2015/2015 2016/2016/2016
f 2013/2013/2013 2016/2016/2016 2014/2014/2014
f 2014/2014/2014 2016/2016/2016 2017/2017/2017
f 2014/2014/2014 2017/2017/2017 2018/2018/2018
f 1902/1902/1902 2014/2014/2014 2018/2018/2018
f 1902/1902/1902 2018/2018/2018 1903/1903/1903
f 1923/1923/1923 2000/2000/2000 2019/2019/2019
f 1923/1923/1923 2019/2019/2019 1924/1924/1924
f 2000/2000/2000 1999/1999/1999 2020/2020/2020
f 2000/2000/2000 2020/2020/2020 2019/2019/2019
f 2019/2019/2019 2020/2020/2020 2021/2021/2021
f 2019/2019/2019 2021/2021/2021 2022/2022/2022
f 1924/1924/1924 2019/2019/2019 2022/2022/2022
f 1924/1924/1924 2022/2022/2022 1925/1925/1925
f 1925/1925/1925 2022/2022/2022 2023/2023/2023
f 1925/1925/1925 2023/2023/2023 1928/1928/1928
f 2022/2022/2022 2021/2021/2021 2024/2024/2024
f 2022/2022/2022 2024/2024/2024 2023/2023/2023
f 2023/2023/2023 2024/2024/2024 2015/2015/2015
f 2023/2023/2023 2015/2015/2015 2013/2013/2013
f 1928/1928/1928 2023/2023/2023 2013/2013/2013
f 1928/1928/1928 2013/2013/2013 1901/1901/1901
f 1909/1909/1909 2006/2006/2006 2025/2025/2025
f 1909/1909/1909 2025/2025/2025 1912/1912/1912
f 2006/2006/2006 2005/2005/2005 2026/2026/2026
f 2006/2006/2006 2026/2026/2026 2025/2025/2025
f 2025/2025/2025 2026/2026/2026 2027/2027/2027
f 2025/2025/2025 2027/2027/2027 2028/2028/2028
f 1912/1912/1912 2025/2025/2025 2028/2028/2028
f 1912/1912/1912 2028/2028/2028 1913/1913/1913
f 1913/1913/1913 2028/2028/2028 2029/2029/2029
f 1913/1913/1913 2029/2029/2029 1934/1934/1934
f 2028/2028/2028 2027/2027/2027 2030/2030/2030
f 2028/2028/2028 2030/2030/2030 2029/2029/2029
f 2029/2029/2029 2030/2030/2030 2009/2009/2009
f 2029/2029/2029 2009/2009/2009 2007/2007/2007
f 1934/1934/1934 2029/2029/2029 2007/2007/2007
f 1934/1934/1934 2007/2007/2007 1931/1931/1931
f 1903/1903/1903 2018/2018/2018 2031/2031/2031
f 1903/1903/1903 2031/2031/2031 1946/1946/1946
f 2018/2018/2018 2017/2017/2017 2032/2032/2032
f 2018/2018/2018 2032/2032/2032 2031/2031/2031
f 2031/2031/2031 2032/2032/2032 2033/2033/2033
f 2031/2031/2031 2033/2033/2033 2034/2034/2034
f 1946/1946/1946 2031/2031/2031 2034/2034/2034
f 1946/1946/1946 2034/2034/2034 1943/1943/1943
f 1943/1943/1943 2034/2034/2034 2035/2035/2035
f 1943/1943/1943 2035/2035/2035 1944/1944/1944
f 2034/2034/2034 2033/2033/2033 2036/2036/2036
f 2034/2034/2034 2036/2036/2036 2035/2035/2035
f 2035/2035/2035 2036/2036/2036 2003/2003/2003
f 2035/2035/2035 2003/2003/2003 2001/2001/2001
f 1944/1944/1944 2035/2035/2035 2001/2001/2001
f 1944/1944/1944 2001/2001/2001 1907/1907/1907
f 1917/1917/1917 2012/2012/2012 2037/2037/2037
f 1917/1917/1917 2037/2037/2037 1918/1918/1918
f 2012/2012/2012 2011/2011/2011 2038/2038/2038
f 2012/2012/2012 2038/2038/2038 2037/2037/2037
f 2037/2037/2037 2038/2038/2038 2039/2039/2039
f 2037/2037/2037 2039/2039/2039 2040/2040/2040
f 1918/1918/1918 2037/2037/2037 2040/2040/2040
f 1918/1918/1918 2040/2040/2040 1919/1919/1919
f 1919/1919/1919 2040/2040/2040 2041/2041/2041
f 1919/1919/1919 2041/2041/2041 1936/1936/1936
f 2040/2040/2040 2039/2039/2039 2042/2042/2042
f 2040/2040/2040 2042/2042/2042 2041/2041/2041
f 2041/2041/2041 2042/2042/2042 1997/1997/1997
f 2041/2041/2041 1997/1997/1997 1995/1995/1995
f 1936/1936/1936 2041/2041/2041 1995/1995/1995
f 1936/1936/1936 1995/1995/1995 1937/1937/1937
f 1997/1997/1997 2043/2043/2043 2044/2044/2044
f 1997/1997/1997 2044/2044/2044 1998/1998/1998
f 2043/2043/2043 1952/1952/1952 1994/1994/1994
f 2043/2043/2043 1994/1994/1994 2044/2044/2044
f 2044/2044/2044 1994/1994/1994 1983/1983/1983
f 2044/2044/2044 1983/1983/1983 2045/2045/2045
f 1998/1998/1998 2044/2044/2044 2045/2045/2045
f 1998/1998/1998 2045/2045/2045 1999/1999/1999
f 2003/2003/2003 2046/2046/2046 2047/2047/2047
f 2003/2003/2003 2047/2047/2047 2004/2004/2004
f 2046/2046/2046 1962/1962/1962 1992/1992/1992
f 2046/2046/2046 1992/1992/1992 2047/2047/2047
f 2047/2047/2047 1992/1992/1992 1973/1973/1973
f 2047/2047/2047 1973/1973/1973 2048/2048/2048
f 2004/2004/2004 2047/2047/2047 2048/2048/2048
f 2004/2004/2004 2048/2048/2048 2005/2005/2005
f 2009/2009/2009 2049/2049/2049 2050/2050/2050
f 2009/2009/2009 2050/2050/2050 2010/2010/2010
f 2049/2049/2049 1972/1972/1972 1990/1990/1990
f 2049/2049/2049 1990/1990/1990 2050/2050/2050
f 2050/2050/2050 1990/1990/1990 1953/1953/1953
f 2050/2050/2050 1953/1953/1953 2051/2051/2051
f 2010/2010/2010 2050/2050/2050 2051/2051/2051
f 2010/2010/2010 2051/2051/2051 2011/2011/2011
f 2015/2015/2015 2052/2052/2052 2053/2053/2053
f 2015/2015/2015 2053/2053/2053 2016/2016/2016
f 2052/2052/2052 1982/1982/1982 1988/1988/1988
f 2052/2052/2052 1988/1988/1988 2053/2053/2053
f 2053/2053/2053 1988/1988/1988 1963/1963/1963
f 2053/2053/2053 1963/1963/1963 2054/2054/2054
f 2016/2016/2016 2053/2053/2053 2054/2054/2054
f 2016/2016/2016 2054/2054/2054 2017/2017/2017
f 1999/1999/1999 2045/2045/2045 2055/2055/2055
f 1999/1999/1999 2055/2055/2055 2020/2020/2020
f 2045/2045/2045 1983/1983/1983 1986/1986/1986
f 2045/2045/2045 1986/1986/1986 2055/2055/2055
f 2055/2055/2055 1986/1986/1986 1977/1977/1977
f 2055/2055/2055 1977/1977/1977 2056/2056/2056
f 2020/2020/2020 2055/2055/2055 2056/2056/2056
f 2020/2020/2020 2056/2056/2056 2021/2021/2021
f 2021/2021/2021 2056/2056/2056 2057/2057/2057
f 2021/2021/2021 2057/2057/2057 2024/2024/2024
f 2056/2056/2056 1977/1977/1977 1980/1980/1980
f 2056/2056/2056 1980/1980/1980 2057/2057/2057
f 2057/2057/2057 1980/1980/1980 1982/1982/1982
f 2057/2057/2057 1982/1982/1982 2052/2052/2052
f 2024/2024/2024 2057/2057/2057 2052/2052/2052
f 2024/2024/2024 2052/2052/2052 2015/2015/2015
f 2005/2005/2005 2048/2048/2048 2058/2058/2058
f 2005/2005/2005 2058/2058/2058 2026/2026/2026
f 2048/2048/2048 1973/1973/1973 1976/1976/1976
f 2048/2048/2048 1976/1976/1976 2058/2058/2058
f 2058/2058/2058 1976/1976/1976 1967/1967/1967
f 2058/2058/2058 1967/1967/1967 2059/2059/2059
f 2026/2026/2026 2058/2058/2058 2059/2059/2059
f 2026/2026/2026 2059/2059/2059 2027/2027/2027
f 2027/2027/2027 2059/2059/2059 2060/2060/2060
f 2027/2027/2027 2060/2060/2060 2030/2030/2030
f 2059/2059/2059 1967/1967/1967 1970/1970/1970
f 2059/2059/2059 1970/1970/1970 2060/2060/2060
f 2060/2060/2060 1970/1970/1970 1972/1972/1972
f 2060/2060/2060 1972/1972/1972 2049/2049/2049
f 2030/2030/2030 2060/2060/2060 2049/2049/2049
f 2030/2030/2030 2049/2049/2049 2009/2009/2009
f 2017/2017/2017 2054/2054/2054 2061/2061/2061
f 2017/2017/2017 2061/2061/2061 2032/2032/2032
f 2054/2054/2054 1963/1963/1963 1966/1966/1966
f 2054/2054/2054 1966/1966/1966 2061/2061/2061
f 2061/2061/2061 1966/1966/1966 1957/1957/1957
f 2061/2061/2061 1957/1957/1957 2062/2062/2062
f 2032/2032/2032 2061/2061/2061 2062/2062/2062
f 2032/2032/2032 2062/2062/2062 2033/2033/2033
f 2033/2033/2033 2062/2062/2062 2063/2063/2063
f 2033/2033/2033 2063/2063/2063 2036/2036/2036
f 2062/2062/2062 1957/1957/1957 1960/1960/1960
f 2062/2062/2062 1960/1960/1960 2063/2063/2063
f 2063/2063/2063 1960/1960/1960 1962/1962/1962
f 2063/2063/2063 1962/1962/1962 2046/2046/2046
f 2036/2036/2036 2063/2063/2063 2046/2046/2046
f 2036/2036/2036 2046/2046/2046 2003/2003/2003
f 2011/2011/2011 2051/2051/2051 2064/2064/2064
f 2011/2011/2011 2064/2064/2064 2038/2038/2038
f 2051/2051/2051 1953/1953/1953 1956/1956/1956
f 2051/2051/2051 1956/1956/1956 2064/2064/2064
f 2064/2064/2064 1956/1956/1956 1947/1947/1947
f 2064/2064/2064 1947/1947/1947 2065/2065/2065
f 2038/2038/2038 2064/2064/2064 2065/2065/2065
f 2038/2038/2038 2065/2065/2065 2039/2039/2039
f 2039/2039/2039 2065/2065/2065 2066/2066/2066
f 2039/2039/2039 2066/2066/2066 2042/2042/2042
f 2065/2065/2065 1947/1947/1947 1950/1950/1950
f 2065/2065/2065 1950/1950/1950 2066/2066/2066
f 2066/2066/2066 1950/1950/1950 1952/1952/1952
f 2066/2066/2066 1952/1952/1952 2043/2043/2043
f 2042/2042/2042 2066/2066/2066 2043/2043/2043
f 2042/2042/2042 2043/2043/2043 1997/1997/1997
