v -1.08934 0.132034 1.23593
v -1.08921 0.133774 1.23507
v -1.08874 0.133893 1.23627
v -1.0891 0.131571 1.23694
v -1.08918 0.135487 1.23392
v -1.08889 0.136092 1.23431
v -1.08879 0.136441 1.23452
v -1.08862 0.133967 1.23676
v -1.08904 0.13135 1.23749
v -1.08998 0.131216 1.23481
v -1.09016 0.133545 1.23267
v -1.09063 0.130669 1.23343
v -1.091 0.131876 1.23159
v -1.09126 0.133278 1.22988
v -1.09085 0.134843 1.22986
v -1.09036 0.136256 1.23018
v -1.08975 0.136016 1.23201
v -1.08955 0.137261 1.23168
v -1.09044 0.137099 1.22941
v -1.09053 0.137572 1.229
v -1.08953 0.137777 1.23156
v -1.08913 0.134218 1.23695
v -1.08958 0.131528 1.23771
v -1.08927 0.136754 1.23465
v -1.09214 0.137856 1.23494
v -1.09218 0.135484 1.23718
v -1.09273 0.132932 1.23792
v -1.09 0.138116 1.23159
v -1.09101 0.137896 1.22895
v -1.09355 0.138823 1.22942
v -1.09268 0.13909 1.23197
v -1.0992 0.1385 1.23745
v -1.09995 0.1363 1.23813
v -1.09877 0.140463 1.23541
v -1.1072 0.144421 1.23499
v -1.10806 0.142978 1.23673
v -1.10902 0.141229 1.2373
v -1.09886 0.141389 1.23271
v -1.0994 0.141018 1.23038
v -1.10695 0.144462 1.23066
v -1.10679 0.144958 1.23267
v -1.09443 0.137035 1.22832
v -1.10021 0.139391 1.22938
v -1.095 0.134498 1.22898
v -1.10097 0.137199 1.22998
v -1.10863 0.141297 1.23029
v -1.10767 0.143045 1.22979
v -1.09141 0.13578 1.22791
v -1.09192 0.136047 1.22782
v -1.09186 0.13318 1.22856
v -1.0924 0.133375 1.22849
v -1.09166 0.130737 1.23085
v -1.09223 0.130871 1.23086
v -1.09093 0.129334 1.23381
v -1.09152 0.12944 1.23391
v -1.09449 0.130857 1.23423
v -1.09501 0.132158 1.23127
v -1.10138 0.135267 1.23207
v -1.10132 0.134283 1.23477
v -1.10991 0.139299 1.23439
v -1.10948 0.139884 1.23207
v -1.09362 0.131199 1.23674
v -1.10076 0.134716 1.23706
v -1.10972 0.139843 1.23636
v -1.08993 0.129616 1.23632
v -1.0905 0.12974 1.2365
v -1.0899 0.130049 1.23588
v -1.09079 0.129783 1.23367
v -1.09143 0.131042 1.23105
v -1.09161 0.133199 1.22901
v -1.09121 0.135498 1.22846
v -1.11787 0.145902 1.23359
v -1.1178 0.145272 1.23198
v -1.11729 0.14709 1.23439
v -1.12417 0.153469 1.22959
v -1.12465 0.152482 1.22894
v -1.12444 0.151824 1.2277
v -1.11705 0.145497 1.23013
v -1.11593 0.146428 1.22873
v -1.12356 0.151782 1.22631
v -1.12238 0.152326 1.22531
v -1.12998 0.159163 1.223
v -1.12973 0.158555 1.2221
v -1.1296 0.159941 1.22351
v -1.13347 0.165792 1.21717
v -1.13374 0.165229 1.2168
v -1.13352 0.164739 1.2162
v -1.1289 0.158372 1.22114
v -1.12784 0.158648 1.22048
v -1.13286 0.164524 1.21559
v -1.13203 0.16464 1.21519
v -1.13588 0.169923 1.21146
v -1.13572 0.169549 1.21116
v -1.1357 0.170235 1.21175
v -1.13655 0.172511 1.20869
v -1.13674 0.172749 1.20798
v -1.13655 0.172101 1.20834
v -1.1353 0.169428 1.21076
v -1.13473 0.169419 1.21059
v -1.13645 0.172498 1.20765
v -1.13596 0.172009 1.20802
v -1.13644 0.173034 1.2081
v -1.13675 0.173767 1.20662
v -1.13595 0.172673 1.20858
v -1.13596 0.172959 1.20784
v -1.13559 0.172364 1.20817
v -1.13597 0.172628 1.20756
v -1.13105 0.165632 1.21553
v -1.13135 0.165071 1.21518
v -1.13432 0.169717 1.21056
v -1.1341 0.170026 1.21083
v -1.13194 0.166344 1.21676
v -1.1313 0.166114 1.21614
v -1.1343 0.170391 1.21114
v -1.1347 0.17053 1.21155
v -1.12084 0.154282 1.22573
v -1.12136 0.153287 1.22511
v -1.12694 0.159313 1.2204
v -1.12654 0.160092 1.22089
v -1.12195 0.154988 1.22838
v -1.12109 0.154917 1.22699
v -1.12682 0.160686 1.2218
v -1.12763 0.160891 1.22277
v -1.11488 0.147754 1.22838
v -1.11426 0.148959 1.22912
v -1.11437 0.149554 1.23076
v -1.1151 0.149368 1.23262
v -1.12313 0.15442 1.22936
v -1.1287 0.160594 1.22341
v -1.13277 0.166211 1.21714
v -1.11622 0.148409 1.23398
v -1.13526 0.170518 1.2117
v -1.11434 0.107474 1.22559
v -1.11387 0.108953 1.22441
v -1.11369 0.10935 1.22563
v -1.11438 0.107262 1.22671
v -1.11345 0.110341 1.22294
v -1.11321 0.111017 1.22324
v -1.11314 0.111406 1.22339
v -1.11369 0.109536 1.2261
v -1.11446 0.107178 1.22729
v -1.11475 0.106421 1.22456
v -1.11425 0.108173 1.22197
v -1.1151 0.105572 1.22323
v -1.11493 0.106309 1.22113
v -1.11469 0.107264 1.21913
v -1.11417 0.108773 1.21886
v -1.11367 0.110212 1.21895
v -1.11352 0.110407 1.22088
v -1.11316 0.111534 1.22034
v -1.11349 0.110847 1.21802
v -1.11345 0.111211 1.2175
v -1.11307 0.112005 1.22011
v -1.11421 0.109835 1.2261
v -1.11502 0.107413 1.22732
v -1.11362 0.111748 1.22332
v -1.11639 0.112934 1.22264
v -1.11712 0.111167 1.22528
v -1.11802 0.108876 1.22642
v -1.11351 0.11235 1.21994
v -1.11389 0.111521 1.21726
v -1.11639 0.112574 1.21687
v -1.11612 0.113431 1.21943
v -1.12377 0.114275 1.22313
v -1.12482 0.112313 1.22408
v -1.12273 0.115686 1.22086
v -1.13051 0.119564 1.21749
v -1.13186 0.118594 1.21925
v -1.13305 0.117047 1.21994
v -1.12211 0.115938 1.21808
v -1.12212 0.115029 1.21583
v -1.12925 0.118564 1.21346
v -1.12953 0.119523 1.21528
v -1.11712 0.11059 1.21603
v -1.12279 0.113223 1.21506
v -1.11801 0.108293 1.21708
v -1.12383 0.111251 1.21594
v -1.13102 0.115429 1.21342
v -1.12985 0.116991 1.21279
v -1.11418 0.109223 1.21666
v -1.11464 0.109471 1.2164
v -1.11496 0.106863 1.21776
v -1.11546 0.107045 1.21752
v -1.11548 0.105035 1.22053
v -1.11603 0.105177 1.22036
v -1.11558 0.10437 1.22381
v -1.11616 0.104507 1.22374
v -1.11902 0.106008 1.22299
v -1.11873 0.10657 1.21977
v -1.12486 0.109883 1.21825
v -1.1255 0.109573 1.22104
v -1.13337 0.114491 1.21742
v -1.13237 0.114498 1.21521
v -1.11873 0.106927 1.22549
v -1.12547 0.110533 1.22323
v -1.13361 0.115488 1.21921
v -1.11518 0.105229 1.22636
v -1.11577 0.105402 1.22636
v -1.11501 0.105545 1.22586
v -1.11538 0.104771 1.22362
v -1.11529 0.105377 1.22071
v -1.11483 0.106986 1.21825
v -1.11414 0.109078 1.21729
v -1.14042 0.12084 1.21321
v -1.14002 0.119842 1.21186
v -1.13995 0.122173 1.21383
v -1.14502 0.127331 1.20617
v -1.14541 0.126224 1.20566
v -1.14496 0.125284 1.20469
v -1.13883 0.119604 1.21024
v -1.13736 0.120155 1.20899
v -1.14378 0.124899 1.20362
v -1.14237 0.125167 1.20284
v -1.14868 0.131376 1.19724
v -1.14827 0.130565 1.19659
v -1.14838 0.132248 1.19764
v -1.1502 0.136472 1.18937
v -1.15042 0.135841 1.18909
v -1.15011 0.135218 1.18869
v -1.14726 0.130144 1.19593
v -1.14605 0.130237 1.1955
v -1.14934 0.134852 1.18832
v -1.14843 0.134856 1.18812
v -1.1509 0.139155 1.18246
v -1.1507 0.138716 1.1823
v -1.15077 0.139524 1.18271
v -1.1507 0.141015 1.1791
v -1.15071 0.141079 1.17832
v -1.15066 0.140534 1.17886
v -1.1502 0.138496 1.18205
v -1.14962 0.138438 1.18203
v -1.15037 0.140752 1.17814
v -1.15002 0.140359 1.17872
v -1.15042 0.14138 1.17844
v -1.15032 0.141743 1.17681
v -1.15008 0.141137 1.1791
v -1.1499 0.141238 1.17834
v -1.14966 0.140732 1.17887
v -1.14987 0.14085 1.17815
v -1.14749 0.135886 1.18846
v -1.14774 0.135261 1.18818
v -1.14918 0.138713 1.18204
v -1.14902 0.139075 1.18228
v -1.14859 0.136885 1.18924
v -1.14783 0.136503 1.18887
v -1.14925 0.139506 1.18244
v -1.14973 0.139746 1.18269
v -1.14083 0.127142 1.20317
v -1.14126 0.126037 1.20269
v -1.14512 0.130849 1.1955
v -1.14478 0.131716 1.19588
v -1.14247 0.12848 1.20523
v -1.14132 0.128065 1.20415
v -1.14523 0.132515 1.19653
v -1.14622 0.132959 1.1972
v -1.13615 0.121341 1.20861
v -1.13564 0.12268 1.20919
v -1.13608 0.123651 1.21057
v -1.13724 0.123927 1.21219
v -1.14388 0.12818 1.20599
v -1.14743 0.132841 1.19761
v -1.14949 0.136861 1.18942
v -1.13872 0.123341 1.21342
v -1.15031 0.139779 1.1827
v -1.09596 0.078324 1.19893
v -1.09648 0.0791141 1.19722
v -1.09674 0.0799794 1.19816
v -1.09596 0.0786108 1.20003
v -1.09694 0.0797023 1.1953
v -1.09725 0.0804163 1.19528
v -1.09747 0.0807744 1.19526
v -1.0969 0.0802951 1.19852
v -1.09603 0.0787377 1.20061
v -1.09545 0.076961 1.19846
v -1.09598 0.0773846 1.19536
v -1.09501 0.0756475 1.19762
v -1.09516 0.0753933 1.19541
v -1.09541 0.0753716 1.19319
v -1.09601 0.0765775 1.1923
v -1.0966 0.0778776 1.19176
v -1.09682 0.0788771 1.19342
v -1.09725 0.0796237 1.19244
v -1.0968 0.0780269 1.19064
v -1.09696 0.078085 1.19004
v -1.09747 0.0798955 1.19204
v -1.09749 0.0801547 1.19851
v -1.0966 0.07854 1.20067
v -1.09804 0.0806625 1.19517
v -1.10081 0.0793762 1.19467
v -1.10044 0.0788126 1.19786
v -1.0997 0.0772032 1.19991
v -1.09801 0.0797691 1.19186
v -1.09746 0.0779101 1.18979
v -1.09997 0.076828 1.18955
v -1.10061 0.0785829 1.19152
v -1.1072 0.0756938 1.19611
v -1.10677 0.0741209 1.1979
v -1.10714 0.076374 1.19333
v -1.11512 0.0725412 1.19041
v -1.11565 0.0717453 1.19263
v -1.11557 0.0702441 1.19406
v -1.10656 0.075817 1.19058
v -1.10573 0.0743221 1.18887
v -1.11311 0.0710796 1.18686
v -1.11414 0.0722568 1.18822
v -1.0991 0.0747283 1.18965
v -1.10494 0.0724049 1.18896
v -1.09834 0.0730801 1.19163
v -1.10449 0.0708008 1.19068
v -1.11232 0.0678792 1.18831
v -1.11243 0.0694026 1.18693
v -1.09609 0.0759843 1.19014
v -1.09656 0.0757432 1.1899
v -1.0952 0.074386 1.19215
v -1.09567 0.0740865 1.19197
v -1.09466 0.0739667 1.19544
v -1.09514 0.0736406 1.19534
v -1.09462 0.0747894 1.19869
v -1.09514 0.0744758 1.19869
v -1.09817 0.073312 1.19803
v -1.098 0.0725757 1.19485
v -1.10458 0.070173 1.19349
v -1.10513 0.0706764 1.19626
v -1.11385 0.0673628 1.19276
v -1.11288 0.0671272 1.19055
v -1.09883 0.0751 1.19992
v -1.10597 0.0722056 1.1979
v -1.11487 0.068575 1.19407
v -1.09516 0.0766309 1.20061
v -1.09571 0.0763671 1.20067
v -1.0952 0.076744 1.20001
v -1.09472 0.0751056 1.19832
v -1.09476 0.0743888 1.19544
v -1.09524 0.0747447 1.19252
v -1.09602 0.0761685 1.19076
v -1.12284 0.0652717 1.18804
v -1.12174 0.0643351 1.18708
v -1.12345 0.0666934 1.18803
v -1.12984 0.0637102 1.1802
v -1.12934 0.0625343 1.18021
v -1.12828 0.0618228 1.17958
v -1.12054 0.0642963 1.18547
v -1.11969 0.0651003 1.18383
v -1.12705 0.0618971 1.17851
v -1.1261 0.0626694 1.17742
v -1.13432 0.0603993 1.17133
v -1.13341 0.0598751 1.17095
v -1.13472 0.0613226 1.17132
v -1.13803 0.0595848 1.16263
v -1.13774 0.0589181 1.16264
v -1.13705 0.0585549 1.16244
v -1.13231 0.0599916 1.1703
v -1.13144 0.0606568 1.16964
v -1.1362 0.0586649 1.16209
v -1.13551 0.0591712 1.16172
v -1.13961 0.0581084 1.1555
v -1.13916 0.0578873 1.15548
v -1.13979 0.0585328 1.15557
v -1.14036 0.0580979 1.15173
v -1.14033 0.0578258 1.151
v -1.13998 0.0577175 1.15168
v -1.13862 0.0579646 1.15523
v -1.13815 0.0582957 1.15512
v -1.13984 0.0577586 1.15089
v -1.13938 0.0579626 1.15149
v -1.14033 0.0582548 1.15095
v -1.14033 0.0579025 1.14931
v -1.13999 0.0585781 1.15157
v -1.13984 0.0584528 1.1508
v -1.13938 0.0584944 1.15142
v -1.13954 0.0581461 1.15076
v -1.13554 0.060582 1.16147
v -1.13528 0.0599059 1.16149
v -1.13801 0.0587566 1.15494
v -1.13815 0.0591935 1.15499
v -1.1371 0.0608377 1.16203
v -1.13625 0.0609261 1.16168
v -1.13863 0.0593899 1.15503
v -1.13917 0.0593401 1.15527
v -1.12631 0.0650801 1.17669
v -1.12584 0.0638912 1.17674
v -1.13116 0.0616522 1.16922
v -1.13153 0.0625875 1.16919
v -1.12863 0.0657233 1.17841
v -1.12739 0.0657609 1.17735
v -1.13245 0.0630861 1.16958
v -1.13355 0.062999 1.17023
v -1.11956 0.066498 1.18282
v -1.12013 0.0679314 1.18276
v -1.12125 0.0688342 1.18375
v -1.12245 0.0689161 1.18535
v -1.12955 0.0649223 1.17949
v -1.13441 0.0623118 1.17088
v -1.13777 0.0603156 1.16239
v -1.12328 0.0680762 1.18697
v -1.13962 0.0589893 1.15538
v -1.10046 0.0850126 1.23686
v -1.10113 0.0868327 1.23668
v -1.10033 0.0868039 1.2377
v -1.09976 0.0844311 1.23754
v -1.10199 0.0886595 1.23627
v -1.10177 0.0892072 1.23677
v -1.10171 0.0894983 1.23707
v -1.10008 0.0867901 1.23814
v -1.09945 0.0841174 1.23794
v -1.10118 0.084337 1.23569
v -1.10275 0.0868895 1.23466
v -1.10209 0.0839595 1.23441
v -1.1034 0.0853687 1.23327
v -1.10463 0.0869555 1.2323
v -1.10471 0.088502 1.23277
v -1.10457 0.0898602 1.23345
v -1.10332 0.0894068 1.23487
v -1.10361 0.0906716 1.23498
v -1.10514 0.0907798 1.23308
v -1.1055 0.0912698 1.23291
v -1.10378 0.091169 1.23506
v -1.10053 0.0867667 1.23852
v -1.09991 0.0840107 1.23833
v -1.10218 0.0895586 1.23741
v -1.10496 0.0893571 1.23875
v -1.10354 0.0866607 1.2399
v -1.10305 0.0839963 1.23976
v -1.10429 0.0912805 1.23532
v -1.10604 0.0913836 1.2331
v -1.10841 0.0911123 1.23445
v -1.10683 0.0910172 1.23665
v -1.11058 0.0865714 1.24289
v -1.1104 0.0841568 1.24287
v -1.11146 0.0890065 1.24167
v -1.12027 0.0893954 1.2447
v -1.12002 0.0873351 1.24595
v -1.12019 0.0852687 1.24604
v -1.11275 0.0904968 1.23959
v -1.11393 0.0905685 1.23748
v -1.12156 0.0906518 1.24076
v -1.12086 0.0906308 1.24271
v -1.10907 0.089474 1.23302
v -1.11454 0.089075 1.23617
v -1.10863 0.0868364 1.23281
v -1.11439 0.0866842 1.23609
v -1.12229 0.0873014 1.23966
v -1.1221 0.0893488 1.23962
v -1.10616 0.0896296 1.23148
v -1.10672 0.0896918 1.23162
v -1.10559 0.0869837 1.23122
v -1.10616 0.0869636 1.23136
v -1.10392 0.0842993 1.23234
v -1.10447 0.0841961 1.23253
v -1.10185 0.0825633 1.23433
v -1.10237 0.0824069 1.23459
v -1.10532 0.0824385 1.2361
v -1.10718 0.0841637 1.23402
v -1.11348 0.0842709 1.23737
v -1.11221 0.0827215 1.23942
v -1.12145 0.0839745 1.24292
v -1.12203 0.0852608 1.24095
v -1.10376 0.082425 1.23828
v -1.11104 0.0827235 1.24152
v -1.12074 0.0840163 1.24485
v -1.10016 0.0825444 1.23646
v -1.10065 0.0823883 1.2368
v -1.10041 0.083054 1.23622
v -1.1019 0.0830519 1.23434
v -1.10373 0.0846041 1.23258
v -1.10522 0.0869756 1.23158
v -1.10571 0.089312 1.23182
v -1.13072 0.0869828 1.24647
v -1.13103 0.0868708 1.24478
v -1.13026 0.0880534 1.24749
v -1.13989 0.0923178 1.24711
v -1.14026 0.0914289 1.24627
v -1.14032 0.0912492 1.24486
v -1.13106 0.0878419 1.24301
v -1.13082 0.0894566 1.24183
v -1.14 0.0919093 1.24339
v -1.13945 0.0931024 1.24241
v -1.14898 0.0968537 1.2446
v -1.1489 0.0966443 1.24351
v -1.14869 0.0975541 1.24526
v -1.15601 0.10291 1.24258
v -1.15622 0.102403 1.24211
v -1.15609 0.102209 1.24133
v -1.14844 0.0970499 1.24238
v -1.1478 0.0978745 1.24164
v -1.15565 0.102431 1.24055
v -1.15508 0.102955 1.24004
v -1.16132 0.107131 1.23951
v -1.16118 0.10694 1.23906
v -1.16115 0.107402 1.23984
v -1.16361 0.109891 1.23811
v -1.1641 0.110212 1.23761
v -1.16362 0.109614 1.23765
v -1.1609 0.1071 1.23856
v -1.16046 0.107351 1.23827
v -1.16389 0.110187 1.23715
v -1.16318 0.109844 1.23719
v -1.16387 0.11055 1.23775
v -1.16487 0.111465 1.23676
v -1.16316 0.110292 1.23794
v -1.16351 0.110733 1.23738
v -1.16289 0.110263 1.23737
v -1.16352 0.110509 1.23701
v -1.15437 0.104118 1.24049
v -1.1546 0.103599 1.24003
v -1.16018 0.107784 1.23825
v -1.15998 0.108068 1.23856
v -1.15494 0.10409 1.24206
v -1.15452 0.104294 1.24127
v -1.16015 0.108237 1.23902
v -1.16041 0.108099 1.23953
v -1.13848 0.0953162 1.24315
v -1.13887 0.0943992 1.24235
v -1.14722 0.0988256 1.2416
v -1.14691 0.0995446 1.24223
v -1.13875 0.0948313 1.24605
v -1.13844 0.0954577 1.24457
v -1.14701 0.0997268 1.24334
v -1.14746 0.0993465 1.24447
v -1.13038 0.0911273 1.24175
v -1.12991 0.0922372 1.24272
v -1.1296 0.0922987 1.24444
v -1.12956 0.0913699 1.24622
v -1.1393 0.0936219 1.24699
v -1.1481 0.0985081 1.24519
v -1.15552 0.103555 1.24255
v -1.12982 0.0897372 1.24736
v -1.16086 0.107834 1.2398
v -1.07985 0.121453 1.22465
v -1.07899 0.121818 1.22294
v -1.07825 0.120966 1.22359
v -1.07966 0.120819 1.22558
v -1.0783 0.122383 1.22108
v -1.07763 0.122036 1.22091
v -1.07723 0.121904 1.22082
v -1.07792 0.120688 1.22385
v -1.07953 0.120539 1.22608
v -1.08108 0.122356 1.22454
v -1.08045 0.123531 1.22166
v -1.08224 0.123395 1.22409
v -1.0823 0.124518 1.22216
v -1.08215 0.125526 1.22017
v -1.08096 0.125317 1.2191
v -1.07972 0.1249 1.21832
v -1.07892 0.123648 1.21958
v -1.07814 0.123715 1.21853
v -1.07949 0.125331 1.21728
v -1.07933 0.125611 1.21674
v -1.07781 0.123793 1.21813
v -1.07754 0.121118 1.22402
v -1.07918 0.120984 1.22633
v -1.07685 0.122341 1.22089
v -1.07541 0.125021 1.22145
v -1.07599 0.124004 1.2245
v -1.07752 0.12398 1.22673
v -1.07745 0.124259 1.21812
v -1.07904 0.126114 1.21668
v -1.07768 0.1284 1.21735
v -1.07609 0.12671 1.21875
v -1.07247 0.13074 1.22535
v -1.07373 0.130967 1.2274
v -1.07215 0.131276 1.22255
v -1.06811 0.139666 1.22283
v -1.06812 0.139692 1.22525
v -1.06906 0.140203 1.22703
v -1.07299 0.132425 1.22007
v -1.07458 0.133718 1.21878
v -1.07064 0.140991 1.21957
v -1.06909 0.140175 1.22068
v -1.07963 0.129421 1.21792
v -1.07636 0.134655 1.2193
v -1.0812 0.129449 1.2201
v -1.07765 0.134919 1.22129
v -1.07317 0.142347 1.22175
v -1.07219 0.141817 1.22002
v -1.08129 0.12663 1.21731
v -1.08106 0.127165 1.21727
v -1.08292 0.126537 1.21948
v -1.08273 0.127088 1.21951
v -1.08356 0.125277 1.22252
v -1.08337 0.12582 1.22265
v -1.08304 0.123402 1.22525
v -1.08282 0.123918 1.22547
v -1.0811 0.126717 1.2259
v -1.08173 0.12839 1.22315
v -1.07792 0.134349 1.2241
v -1.07713 0.133218 1.22663
v -1.07219 0.14186 1.22636
v -1.07314 0.142348 1.22418
v -1.07947 0.125042 1.22722
v -1.07551 0.131929 1.22784
v -1.07062 0.141036 1.22741
v -1.08148 0.121605 1.22657
v -1.0812 0.122083 1.22682
v -1.08139 0.121774 1.22598
v -1.08278 0.123362 1.22484
v -1.08323 0.125022 1.22241
v -1.08267 0.126151 1.21972
v -1.08122 0.126222 1.21781
v -1.06631 0.150235 1.22464
v -1.06777 0.150677 1.22381
v -1.06497 0.149531 1.22431
v -1.06176 0.158304 1.21943
v -1.06287 0.158882 1.21971
v -1.06415 0.159058 1.21912
v -1.06877 0.150659 1.22207
v -1.069 0.150225 1.22012
v -1.06511 0.158729 1.21784
v -1.06542 0.158053 1.21638
v -1.06029 0.16665 1.21328
v -1.06134 0.166674 1.2129
v -1.05942 0.166199 1.21306
v -1.05795 0.172666 1.20633
v -1.05858 0.172991 1.20649
v -1.05935 0.172952 1.20626
v -1.06216 0.166226 1.21202
v -1.06247 0.165506 1.21101
v -1.05997 0.172533 1.20572
v -1.06022 0.171919 1.20507
v -1.05767 0.177383 1.20057
v -1.05817 0.177301 1.20051
v -1.05727 0.177144 1.20053
v -1.05714 0.179261 1.19725
v -1.05734 0.179722 1.19666
v -1.05767 0.179349 1.19724
v -1.05856 0.177038 1.20014
v -1.05874 0.176575 1.19983
v -1.05777 0.179544 1.19647
v -1.05801 0.178905 1.19686
v -1.05708 0.179429 1.19647
v -1.05732 0.180317 1.19507
v -1.05715 0.178761 1.19687
v -1.05735 0.179069 1.19616
v -1.05769 0.178541 1.19663
v -1.05778 0.17914 1.19616
v -1.05936 0.170995 1.2044
v -1.05998 0.171335 1.20457
v -1.05857 0.17623 1.19949
v -1.0582 0.175969 1.19943
v -1.05795 0.171457 1.20517
v -1.05858 0.171052 1.20464
v -1.0577 0.176075 1.1995
v -1.05729 0.17632 1.19986
v -1.06382 0.156678 1.21499
v -1.06491 0.157272 1.21531
v -1.06211 0.164777 1.21025
v -1.06125 0.164308 1.21
v -1.06156 0.156833 1.21688
v -1.06254 0.156524 1.21562
v -1.06021 0.164306 1.21041
v -1.05937 0.164736 1.21127
v -1.06829 0.14951 1.21871
v -1.06697 0.148799 1.21833
v -1.06552 0.148375 1.2192
v -1.06448 0.14837 1.22092
v -1.06128 0.15752 1.21834
v -1.05909 0.165464 1.21229
v -1.05772 0.172076 1.20582
v -1.0643 0.148823 1.22286
v -1.05714 0.176788 1.20017
v -1.08304 0.120483 1.23195
v -1.08356 0.119762 1.23219
v -1.08398 0.119874 1.23183
v -1.08316 0.120731 1.23168
v -1.08394 0.119007 1.23254
v -1.08428 0.118889 1.23242
v -1.08442 0.1189 1.23243
v -1.0841 0.119944 1.23179
v -1.08323 0.12085 1.23165
v -1.08224 0.120626 1.23238
v -1.08257 0.119512 1.23307
v -1.08149 0.120616 1.2329
v -1.08137 0.11995 1.23352
v -1.08143 0.119223 1.23408
v -1.08215 0.118668 1.23404
v -1.08294 0.118229 1.23386
v -1.0835 0.118552 1.23321
v -1.0839 0.118158 1.23328
v -1.08304 0.117917 1.23406
v -1.0831 0.117873 1.23417
v -1.08402 0.118121 1.23334
v -1.08427 0.120149 1.23199
v -1.08339 0.12106 1.23184
v -1.0846 0.119101 1.23264
v -1.0852 0.119885 1.23345
v -1.08485 0.120908 1.23277
v -1.08396 0.121803 1.2326
v -1.0842 0.118322 1.23356
v -1.08328 0.118075 1.23441
v -1.08391 0.118899 1.23526
v -1.08482 0.11913 1.2344
v -1.08611 0.122585 1.23446
v -1.08519 0.123442 1.23426
v -1.0865 0.121622 1.23519
v -1.08834 0.124232 1.23753
v -1.08789 0.125089 1.23674
v -1.08694 0.125877 1.2365
v -1.08617 0.120927 1.23619
v -1.08528 0.120734 1.23709
v -1.08723 0.123509 1.23953
v -1.08807 0.123639 1.2386
v -1.08199 0.118298 1.23459
v -1.08215 0.118504 1.23483
v -1.0811 0.119188 1.23447
v -1.08125 0.119399 1.2347
v -1.08187 0.120209 1.23554
v -1.08278 0.119328 1.23568
v -1.08415 0.121162 1.23751
v -1.08322 0.122006 1.23733
v -1.08515 0.124707 1.23973
v -1.08611 0.123931 1.23994
v -1.08155 0.121229 1.23484
v -1.08286 0.122965 1.23659
v -1.0819 0.122004 1.2339
v -1.08316 0.123679 1.23558
v -1.08497 0.126171 1.23785
v -1.08473 0.12556 1.23892
v -1.08081 0.120229 1.23381
v -1.08095 0.120444 1.23404
v -1.08118 0.121028 1.23291
v -1.08132 0.121244 1.23311
v -1.08212 0.121247 1.23209
v -1.08226 0.121461 1.23228
v -1.08283 0.122205 1.23305
v -1.08407 0.123844 1.2347
v -1.08583 0.126276 1.23694
v -1.08786 0.129306 1.23928
v -1.08707 0.129286 1.24021
v -1.08894 0.128916 1.23885
v -1.09096 0.132464 1.24082
v -1.08994 0.132837 1.24123
v -1.08924 0.132921 1.24214
v -1.08691 0.128827 1.24132
v -1.0874 0.128133 1.24218
v -1.08918 0.132659 1.24325
v -1.08972 0.132173 1.24412
v -1.09188 0.136835 1.24234
v -1.09129 0.137035 1.24319
v -1.09283 0.136487 1.24196
v -1.09453 0.141111 1.2421
v -1.09367 0.141431 1.24245
v -1.09317 0.141728 1.24322
v -1.09131 0.136996 1.24423
v -1.0919 0.13675 1.24506
v -1.09326 0.141884 1.24416
v -1.09386 0.141851 1.2449
v -1.0953 0.146746 1.24146
v -1.09487 0.147096 1.24216
v -1.09609 0.146453 1.24115
v -1.09742 0.152431 1.23901
v -1.09671 0.152698 1.2393
v -1.09633 0.153069 1.2399
v -1.09499 0.147369 1.24299
v -1.09558 0.147471 1.24364
v -1.09646 0.153403 1.24062
v -1.09701 0.153583 1.24118
v -1.09781 0.15901 1.23596
v -1.09747 0.159385 1.23647
v -1.09844 0.158771 1.23571
v -1.09899 0.164616 1.23168
v -1.09844 0.164827 1.2319
v -1.09815 0.165199 1.23231
v -1.0976 0.159759 1.23707
v -1.0981 0.159994 1.23752
v -1.09826 0.165598 1.23277
v -1.09871 0.165876 1.23311
v -1.0985 0.169376 1.22757
v -1.09825 0.169739 1.22789
v -1.09899 0.169192 1.22738
v -1.09852 0.17264 1.22296
v -1.0981 0.172797 1.22312
v -1.09789 0.173134 1.22336
v -1.09834 0.170151 1.22823
v -1.09873 0.170457 1.22845
v -1.09796 0.173531 1.22358
v -1.09828 0.173838 1.22371
v -1.09739 0.175411 1.21862
v -1.09721 0.175696 1.21879
v -1.09773 0.175283 1.21849
v -1.09674 0.177255 1.21415
v -1.09648 0.177353 1.21425
v -1.09634 0.177577 1.21437
v -1.09727 0.176039 1.21894
v -1.09752 0.17631 1.21901
v -1.09638 0.177847 1.21446
v -1.09657 0.178062 1.2145
v -1.09553 0.178701 1.21034
v -1.09543 0.178854 1.21046
v -1.09572 0.178617 1.21031
v -1.09509 0.179315 1.20809
v -1.09486 0.179498 1.20771
v -1.09489 0.17948 1.20819
v -1.09545 0.179066 1.21048
v -1.0956 0.179217 1.21054
v -1.09481 0.179716 1.20779
v -1.095 0.179733 1.20824
v -1.09509 0.179492 1.20765
v -1.09471 0.179892 1.20675
v -1.09533 0.179466 1.20807
v -1.09518 0.179705 1.20768
v -1.09527 0.179724 1.20816
v -1.09501 0.179844 1.20777
v -1.09711 0.178041 1.21436
v -1.09685 0.178132 1.21446
v -1.09579 0.179278 1.21046
v -1.09599 0.179204 1.21043
v -1.09721 0.177543 1.21414
v -1.09724 0.177814 1.21424
v -1.09607 0.179045 1.21031
v -1.09607 0.178833 1.21029
v -1.09915 0.173779 1.22353
v -1.09874 0.173926 1.22369
v -1.09789 0.176394 1.21897
v -1.09822 0.176276 1.21884
v -1.0993 0.173038 1.22307
v -1.09936 0.173436 1.22329
v -1.0984 0.175985 1.21867
v -1.09835 0.175641 1.21852
v -1.09989 0.165711 1.23297
v -1.09933 0.165912 1.23318
v -1.09927 0.170527 1.22846
v -1.09976 0.170354 1.22828
v -1.10007 0.164933 1.23208
v -1.10016 0.165335 1.23255
v -1.1 0.169985 1.22796
v -1.09992 0.169572 1.22762
v -1.09852 0.153263 1.24108
v -1.0978 0.153522 1.24134
v -1.0988 0.159986 1.23763
v -1.09945 0.159756 1.2374
v -1.09877 0.152551 1.23974
v -1.09888 0.15289 1.24046
v -1.09976 0.159377 1.23687
v -1.09966 0.159 1.23628
v -1.09565 0.14131 1.24482
v -1.09478 0.141627 1.24514
v -1.09643 0.147346 1.24384
v -1.09723 0.147058 1.24355
v -1.09606 0.140852 1.24309
v -1.09613 0.141016 1.24403
v -1.09764 0.146708 1.24284
v -1.09754 0.146429 1.24201
v -1.09174 0.131252 1.24401
v -1.09071 0.131637 1.24439
v -1.09286 0.136378 1.24532
v -1.09382 0.136026 1.24497
v -1.09251 0.131432 1.24197
v -1.09242 0.131184 1.24307
v -1.09439 0.135835 1.24409
v -1.09439 0.135863 1.24305
v -1.08838 0.127459 1.24243
v -1.08947 0.127051 1.24203
v -1.09024 0.127093 1.24108
v -1.09043 0.127535 1.23997
v -1.09194 0.131925 1.24112
v -1.09378 0.136117 1.24225
v -1.09544 0.140895 1.24236
v -1.08991 0.128235 1.23913
v -1.09694 0.146338 1.24137
v -1.09821 0.152381 1.23919
v -1.09914 0.158774 1.23584
v -1.09962 0.164664 1.23176
v -1.09953 0.169274 1.22741
v -1.09897 0.172738 1.22294
v -1.09809 0.175377 1.21846
v -1.09701 0.177332 1.21411
v -1.09591 0.178688 1.21023
v -1.08211 0.1211 1.2321
v -1.08122 0.120898 1.23287
v -1.08088 0.120141 1.23372
v -1.08115 0.119159 1.23434
v -1.08199 0.118322 1.23445
vt 0 0.2063
vt 0 0.1439
vt 0 0.1507
vt 0 0.1437
vt 0 0.1997
vt 0 0.1438
vt 0 0.1941
vt 0 0.1439
vt 0 0.1931
vt 0 0.1662
vt 0 0.1504
vt 0 0.1857
vt 0 0.188
vt 0 0.2008
vt 0 0.1878
vt 0 0.2004
vt 0 0.1438
vt 0 0.1504
vt 0 0.1214
vt 0 0.1997
vt 0 0.1214
vt 0 0.1507
vt 0 0.1214
vt 0 0.1214
vt 0 0.1941
vt 0 0.1438
vt 0 0.1608
vt 0 0.1436
vt 0 0.2037
vt 0 0.163
vt 0 0.1214
vt 0 0.1436
vt 0 0.1213
vt 0 0.1437
vt 0 0.188
vt 0 0.1213
vt 0 0.1951
vt 0 0.1503
vt 0 0.1212
vt 0 0.1815
vt 0 0.1435
vt 0 0.2037
vt 0 0.1504
vt 0 0.1773
vt 0 0.188
vt 0 0.1651
vt 0 0.1214
vt 0 0.1436
vt 0 0.1436
vt 0 0.163
vt 0 0.1878
vt 0 0.1878
vt 0 0.1436
vt 0 0.1815
vt 0 0.1878
vt 0 0.1857
vt 0 0.2037
vt 0 0.1436
vt 0 0.2037
vt 0 0.1815
vt 0 0.1665
vt 0 0.1878
vt 0 0.1436
vt 0 0.1665
vt 0 0.1878
vt 0 0.1368
vt 0 0.1369
vt 0 0.1662
vt 0 0.1436
vt 0 0.1662
vt 0 0.1436
vt 0 0.1366
vt 0 0.1662
vt 0 0.1214
vt 0 0.1815
vt 0 0.1437
vt 0 0.1773
vt 0 0.1368
vt 0 0.1001
vt 0 0.1441
vt 0 0.1951
vt 0 0.1368
vt 0 0.1662
vt 0 0.1
vt 0 0.09264
vt 0 0.1662
vt 0 0.1894
vt 0 0.1366
vt 0 0.1214
vt 0 0.1437
vt 0 0.08614
vt 0 0.1313
vt 0 0.1437
vt 0 0.1214
vt 0 0.09308
vt 0 0.1437
vt 0 0.08672
vt 0 0.1317
vt 0 0.1212
vt 0 0.1437
vt 0 0.08614
vt 0 0.1001
vt 0 0.1369
vt 0 0.08037
vt 0 0.1441
vt 0 0.07964
vt 0 0.1211
vt 0 0.08672
vt 0 0.1212
vt 0 0.1368
vt 0 0.1437
vt 0 0.08672
vt 0 0.1215
vt 0 0.1317
vt 0 0.1001
vt 0 0.08037
vt 0 0.08433
vt 0 0.1319
vt 0 0.08425
vt 0 0.08652
vt 0 0.1001
vt 0 0.132
vt 0 0.1001
vt 0 0.1318
vt 0 0.1
vt 0 0.1369
vt 0 0.08435
vt 0 0.08433
vt 0 0.137
vt 0 0.1001
vt 0 0.1318
vt 0 0.1314
vt 0 0.09308
vt 0 0.1436
vt 0 0.1366
vt 0 0.1448
vt 0 0.09219
vt 0 0.1437
vt 0 0.09219
vt 0 0.1659
vt 0 0.09788
vt 0 0.1001
vt 0 0.1369
vt 0 0.1111
vt 0 0.1001
vt 0 0.1067
vt 0 0.1215
vt 0 0.08672
vt 0 0.1436
vt 0 0.1369
vt 0 0.1441
vt 0 0.127
vt 0 0.1659
vt 0 0.1366
vt 0 0.1665
vt 0 0.1435
vt 0 0.1249
vt 0 0.1659
vt 0 0.1111
vt 0 0.1436
vt 0 0.08435
vt 0 0.1249
vt 0 0.1657
vt 0 0.1436
vt 0 0.1672
vt 0 0.1436
vt 0 0.1067
vt 0 0.1676
vt 0 0.0933
vt 0 0.137
vt 0 0.08435
vt 0 0.123
vt 0 0.1672
vt 0 0.1001
vt 0 0.1369
vt 0 0.1024
vt 0 0.08435
vt 0 0.1067
vt 0 0.1448
vt 0 0.1453
vt 0 0.1436
vt 0 0.1067
vt 0 0.1001
vt 0 0.1218
vt 0 0.1436
vt 0 0.0933
vt 0 0.1001
vt 0 0.1024
vt 0 0.08435
vt 0 0.1293
vt 0 0.1002
vt 0 0.08733
vt 0 0.1215
vt 0 0.1001
vt 0 0.1291
vt 0 0.1214
vt 0 0.1002
vt 0 0.1296
vt 0 0.1298
vt 0 0.1215
vt 0 0.1291
vt 0 0.1214
vt 0 0.1287
vt 0 0.1291
vt 0 0.1438
vt 0 0.1676
vt 0 0.09654
vt 0 0.1437
vt 0 0.09926
vt 0 0.1296
vt 0 0.1672
vt 0 0.1215
vt 0 0.09654
vt 0 0.1296
vt 0 0.1218
vt 0 0.1883
vt 0 0.0975
vt 0 0.1448
vt 0 0.0975
vt 0 0.1291
vt 0 0.1886
vt 0 0.1438
vt 0 0.09654
vt 0 0.1314
vt 0 0.1438
vt 0 0.1672
vt 0 0.0975
vt 0 0.1448
vt 0 0.09654
vt 0 0.1318
vt 0 0.1437
vt 0 0.1675
vt 0 0.0975
vt 0 0.1665
vt 0 0.1298
vt 0 0.0975
vt 0 0.1438
vt 0 0.0975
vt 0 0.1661
vt 0 0.1022
vt 0 0.1659
vt 0 0.1296
vt 0 0.1661
vt 0 0.1022
vt 0 0.204
vt 0 0.1318
vt 0 0.188
vt 0 0.0975
vt 0 0.1883
vt 0 0.132
vt 0 0.2039
vt 0 0.0975
vt 0 0.1886
vt 0 0.1553
vt 0 0.1883
vt 0 0.1556
vt 0 0.2039
vt 0 0.1578
vt 0 0.188
vt 0 0.2037
vt 0 0.1576
vt 0 0.1883
vt 0 0.1556
vt 0 0.1559
vt 0 0.1022
vt 0 0.1448
vt 0 0.1582
vt 0 0.09586
vt 0 0.1022
vt 0 0.1215
vt 0 0.1914
vt 0 0.1223
vt 0 0.191
vt 0 0.09981
vt 0 0.1578
vt 0 0.1862
vt 0 0.121
vt 0 0.1591
vt 0 0.1208
vt 0 0.1914
vt 0 0.1441
vt 0 0.1578
vt 0 0.09586
vt 0 0.191
vt 0 0.1453
vt 0 0.1582
vt 0 0.0963
vt 0 0.1448
vt 0 0.1914
vt 0 0.1228
vt 0 0.191
vt 0 0.1586
vt 0 0.09981
vt 0 0.191
vt 0 0.08388
vt 0 0.1582
vt 0 0.09586
vt 0 0.1223
vt 0 0.1914
vt 0 0.1004
vt 0 0.1591
vt 0 0.1576
vt 0 0.08406
vt 0 0.191
vt 0 0.1011
vt 0 0.09961
vt 0 0.1578
vt 0 0.191
vt 0 0.08425
vt 0 0.1865
vt 0 0.09308
vt 0 0.1004
vt 0 0.1582
vt 0 0.1866
vt 0 0.08406
vt 0 0.121
vt 0 0.158
vt 0 0.1865
vt 0 0.09981
vt 0 0.191
vt 0 0.1
vt 0 0.132
vt 0 0.09981
vt 0 0.191
vt 0 0.1431
vt 0 0.1
vt 0 0.132
vt 0 0.121
vt 0 0.1213
vt 0 0.137
vt 0 0.137
vt 0 0.09961
vt 0 0.132
vt 0 0.1208
vt 0 0.132
vt 0 0.137
vt 0 0.1427
vt 0 0.09788
vt 0 0.174
vt 0 0.121
vt 0 0.174
vt 0 0.137
vt 0 0.09589
vt 0 0.1213
vt 0 0.1591
vt 0 0.137
vt 0 0.1435
vt 0 0.09589
vt 0 0.174
vt 0 0.1431
vt 0 0.1591
vt 0 0.137
vt 0 0.09626
vt 0 0.1431
vt 0 0.174
vt 0 0.1436
vt 0 0.1435
vt 0 0.0963
vt 0 0.174
vt 0 0.1657
vt 0 0.174
vt 0 0.1436
vt 0 0.1431
vt 0 0.1652
vt 0 0.185
vt 0 0.09589
vt 0 0.137
vt 0 0.174
vt 0 0.1652
vt 0 0.185
vt 0 0.1427
vt 0 0.174
vt 0 0.1011
vt 0 0.137
vt 0 0.1648
vt 0 0.185
vt 0 0.1008
vt 0 0.1436
vt 0 0.09589
vt 0 0.185
vt 0 0.0963
vt 0 0.1436
vt 0 0.09626
vt 0 0.1266
vt 0 0.1008
vt 0 0.1436
vt 0 0.09626
vt 0 0.1436
vt 0 0.1007
vt 0 0.1371
vt 0 0.09626
vt 0 0.09625
vt 0 0.137
vt 0 0.09625
vt 0 0.1436
vt 0 0.1436
vt 0 0.1121
vt 0 0.0963
vt 0 0.1371
vt 0 0.1911
vt 0 0.1273
vt 0 0.09549
vt 0 0.1273
vt 0 0.09308
vt 0 0.1275
vt 0 0.1601
vt 0 0.1371
vt 0 0.174
vt 0 0.1608
vt 0 0.174
vt 0 0.09926
vt 0 0.1127
vt 0 0.09589
vt 0 0.1371
vt 0 0.1915
vt 0 0.1121
vt 0 0.09586
vt 0 0.1371
vt 0 0.1915
vt 0 0.09549
vt 0 0.1121
vt 0 0.1894
vt 0 0.1121
vt 0 0.1321
vt 0 0.1773
vt 0 0.1007
vt 0 0.1869
vt 0 0.1321
vt 0 0.1944
vt 0 0.09264
vt 0 0.1121
vt 0 0.1915
vt 0 0.1591
vt 0 0.137
vt 0 0.1754
vt 0 0.1008
vt 0 0.1911
vt 0 0.1869
vt 0 0.1371
vt 0 0.1127
vt 0 0.1746
vt 0 0.1008
vt 0 0.1912
vt 0 0.1907
vt 0 0.1321
vt 0 0.1121
vt 0 0.1862
vt 0 0.1773
vt 0 0.132
vt 0 0.1591
vt 0 0.1746
vt 0 0.1011
vt 0 0.1754
vt 0 0.1436
vt 0 0.1754
vt 0 0.1591
vt 0 0.1111
vt 0 0.1607
vt 0 0.1436
vt 0 0.113
vt 0 0.1601
vt 0 0.1503
vt 0 0.1503
vt 0 0.1754
vt 0 0.1436
vt 0 0.1019
vt 0 0.1436
vt 0 0.1503
vt 0 0.1019
vt 0 0.1912
vt 0 0.174
vt 0 0.1022
vt 0 0.1591
vt 0 0.1503
vt 0 0.1941
vt 0 0.1133
vt 0 0.174
vt 0 0.1503
vt 0 0.113
vt 0 0.09323
vt 0 0.174
vt 0 0.113
vt 0 0.174
vt 0 0.1503
vt 0 0.09613
vt 0 0.1133
vt 0 0.185
vt 0 0.1552
vt 0 0.1282
vt 0 0.09581
vt 0 0.174
vt 0 0.128
vt 0 0.185
vt 0 0.1552
vt 0 0.128
vt 0 0.1111
vt 0 0.174
vt 0 0.09294
vt 0 0.1503
vt 0 0.185
vt 0 0.127
vt 0 0.185
vt 0 0.113
vt 0 0.1914
vt 0 0.09549
vt 0 0.1503
vt 0 0.09264
vt 0 0.1914
vt 0 0.09581
vt 0 0.1552
vt 0 0.09613
vt 0 0.191
vt 0 0.09549
vt 0 0.1553
vt 0 0.09294
vt 0 0.191
vt 0 0.09589
vt 0 0.1553
vt 0 0.09622
vt 0 0.1552
vt 0 0.09622
vt 0 0.1575
vt 0 0.09581
vt 0 0.09581
vt 0 0.1576
vt 0 0.09654
vt 0 0.1552
vt 0 0.1552
vt 0 0.1914
vt 0 0.1914
vt 0 0.1575
vt 0 0.1862
vt 0 0.1914
vt 0 0.1944
vt 0 0.191
vt 0 0.1915
vt 0 0.191
vt 0 0.1941
vt 0 0.1575
vt 0 0.1591
vt 0 0.1264
vt 0 0.174
vt 0 0.1272
vt 0 0.191
vt 0 0.1918
vt 0 0.1575
vt 0 0.191
vt 0 0.191
vt 0 0.1918
vt 0 0.1575
vt 0 0.1914
vt 0 0.1947
vt 0 0.1866
vt 0 0.1854
vt 0 0.191
vt 0 0.1579
vt 0 0.1854
vt 0 0.191
vt 0 0.1902
vt 0 0.1579
vt 0 0.1918
vt 0 0.188
vt 0 0.1866
vt 0 0.1942
vt 0 0.174
vt 0 0.1576
vt 0 0.1931
vt 0 0.1866
vt 0 0.1914
vt 0 0.185
vt 0 0.1575
vt 0 0.1866
vt 0 0.1902
vt 0 0.1591
vt 0 0.1914
vt 0 0.191
vt 0 0.1579
vt 0 0.1591
vt 0 0.1898
vt 0 0.1902
vt 0 0.158
vt 0 0.1591
vt 0 0.1907
vt 0 0.174
vt 0 0.1902
vt 0 0.132
vt 0 0.1898
vt 0 0.174
vt 0 0.1272
vt 0 0.1912
vt 0 0.1321
vt 0 0.11
vt 0 0.1931
vt 0 0.1299
vt 0 0.1298
vt 0 0.1912
vt 0 0.1321
vt 0 0.1119
vt 0 0.1321
vt 0 0.1299
vt 0 0.1266
vt 0 0.1914
vt 0 0.174
vt 0 0.1127
vt 0 0.174
vt 0 0.1299
vt 0 0.1918
vt 0 0.1119
vt 0 0.185
vt 0 0.1299
vt 0 0.1119
vt 0 0.1947
vt 0 0.174
vt 0 0.1127
vt 0 0.185
vt 0 0.1299
vt 0 0.188
vt 0 0.1011
vt 0 0.174
vt 0 0.1294
vt 0 0.1004
vt 0 0.1854
vt 0 0.185
vt 0 0.11
vt 0 0.185
vt 0 0.1294
vt 0 0.09788
vt 0 0.1119
vt 0 0.1275
vt 0 0.1743
vt 0 0.1298
vt 0 0.1121
vt 0 0.1603
vt 0 0.1275
vt 0 0.1004
vt 0 0.1121
vt 0 0.1743
vt 0 0.1299
vt 0 0.1593
vt 0 0.1275
vt 0 0.1762
vt 0 0.1294
vt 0 0.1762
vt 0 0.1275
vt 0 0.1591
vt 0 0.1293
vt 0 0.1593
vt 0 0.1121
vt 0 0.174
vt 0 0.1319
vt 0 0.185
vt 0 0.132
vt 0 0.1743
vt 0 0.137
vt 0 0.174
vt 0 0.1743
vt 0 0.1369
vt 0 0.1854
vt 0 0.132
vt 0 0.132
vt 0 0.1121
vt 0 0.1869
vt 0 0.137
vt 0 0.1282
vt 0 0.1121
vt 0 0.1914
vt 0 0.1007
vt 0 0.1869
vt 0 0.1007
vt 0 0.1133
vt 0 0.137
vt 0 0.0975
vt 0 0.1133
vt 0 0.0975
vt 0 0.1022
vt 0 0.1121
vt 0 0.1942
vt 0 0.137
vt 0 0.1282
vt 0 0.1121
vt 0 0.1894
vt 0 0.137
vt 0 0.1133
vt 0 0.09323
vt 0 0.1121
vt 0 0.09709
vt 0 0.1007
vt 0 0.1436
vt 0 0.09613
vt 0 0.09654
vt 0 0.09421
vt 0 0.1436
vt 0 0.1725
vt 0 0.09613
vt 0 0.1007
vt 0 0.1746
vt 0 0.09807
vt 0 0.1369
vt 0 0.09654
vt 0 0.09709
vt 0 0.1133
vt 0 0.1133
vt 0 0.137
vt 0 0.09709
vt 0 0.09709
vt 0 0.09807
vt 0 0.0975
vt 0 0.1436
vt 0 0.09709
vt 0 0.0975
vt 0 0.1133
vt 0 0.0975
vt 0 0.1436
vt 0 0.1009
vt 0 0.1019
vt 0 0.09807
vt 0 0.1019
vt 0 0.1022
vt 0 0.1293
vt 0 0.1021
vt 0 0.1022
vt 0 0.1631
vt 0 0.1294
vt 0 0.09421
vt 0 0.1298
vt 0 0.09709
vt 0 0.1297
vt 0 0.09926
vt 0 0.1607
vt 0 0.1065
vt 0 0.127
vt 0 0.1021
vt 0 0.1294
vt 0 0.1631
vt 0 0.128
vt 0 0.1028
vt 0 0.1294
vt 0 0.1436
vt 0 0.1725
vt 0 0.09807
vt 0 0.1436
vt 0 0.0975
vt 0 0.1298
vt 0 0.1631
vt 0 0.128
vt 0 0.1028
vt 0 0.1298
vt 0 0.1282
vt 0 0.1616
vt 0 0.1275
vt 0 0.1436
vt 0 0.1022
vt 0 0.1298
vt 0 0.1746
vt 0 0.1436
vt 0 0.1275
vt 0 0.1298
vt 0 0.1436
vt 0 0.1725
vt 0 0.1121
vt 0 0.1436
vt 0 0.1121
vt 0 0.132
vt 0 0.1631
vt 0 0.1591
vt 0 0.1275
vt 0 0.132
vt 0 0.1593
vt 0 0.1607
vt 0 0.1121
vt 0 0.1436
vt 0 0.1275
vt 0 0.1297
vt 0 0.1858
vt 0 0.1436
vt 0 0.1121
vt 0 0.1298
vt 0 0.1593
vt 0 0.1725
vt 0 0.1121
vt 0 0.1603
vt 0 0.1121
vt 0 0.132
vt 0 0.1746
vt 0 0.1608
vt 0 0.1007
vt 0 0.1319
vt 0 0.1601
vt 0 0.1862
vt 0 0.1121
vt 0 0.1436
vt 0 0.1007
vt 0 0.1553
vt 0 0.1497
vt 0 0.1436
vt 0 0.1121
vt 0 0.1746
vt 0 0.1553
vt 0 0.1007
vt 0 0.1436
vt 0 0.1007
vt 0 0.1607
vt 0 0.09654
vt 0 0.1436
vt 0 0.1503
vt 0 0.1601
vt 0 0.09654
vt 0 0.1376
vt 0 0.1503
vt 0 0.1725
vt 0 0.0975
vt 0 0.1497
vt 0 0.1553
vt 0 0.1436
vt 0 0.0975
vt 0 0.1266
vt 0 0.1553
vt 0 0.1862
vt 0 0.09654
vt 0 0.1436
vt 0 0.1502
vt 0 0.1272
vt 0 0.09654
vt 0 0.1376
vt 0 0.1503
vt 0 0.09589
vt 0 0.0975
vt 0 0.1436
vt 0 0.1503
vt 0 0.1264
vt 0 0.0975
vt 0 0.1436
vt 0 0.1502
vt 0 0.0963
vt 0 0.0975
vt 0 0.1011
vt 0 0.1436
vt 0 0.1272
vt 0 0.0975
vt 0 0.1015
vt 0 0.1436
vt 0 0.09589
vt 0 0.1022
vt 0 0.0963
vt 0 0.1503
vt 0 0.09635
vt 0 0.1022
vt 0 0.1015
vt 0 0.1503
vt 0 0.09635
vt 0 0.1436
vt 0 0.1011
vt 0 0.1436
vt 0 0.09635
vt 0 0.0963
vt 0 0.1321
vt 0 0.0963
vt 0 0.1321
vt 0 0.1299
vt 0 0.09589
vt 0 0.1299
vt 0 0.09635
vt 0 0.1321
vt 0 0.09589
vt 0 0.1323
vt 0 0.1858
vt 0 0.13
vt 0 0.1299
vt 0 0.1022
vt 0 0.1299
vt 0 0.1022
vt 0 0.13
vn 0.9117 -0.2411 -0.3325
vn 0.9122 -0.2378 -0.3335
vn 0.9445 -0.1957 -0.2637
vn 0.9322 -0.2523 -0.2593
vn 0.9124 -0.2356 -0.3345
vn 0.9427 -0.1678 -0.2881
vn 0.9091 0.3866 0.1551
vn 0.8965 0.1507 0.4165
vn 0.7645 -0.3386 0.5485
vn 0.9098 -0.2441 -0.3356
vn 0.9101 -0.2402 -0.3377
vn 0.9082 -0.246 -0.3385
vn 0.908 -0.2445 -0.3403
vn 0.9078 -0.243 -0.3418
vn 0.9089 -0.2397 -0.3411
vn 0.9103 -0.2362 -0.3398
vn 0.9115 -0.2358 -0.3369
vn 0.9323 -0.1618 -0.3234
vn 0.9124 -0.1812 -0.367
vn 0.7393 0.3529 -0.5734
vn 0.8705 0.4631 -0.1668
vn 0.3736 0.4257 0.8241
vn 0.1549 -0.1957 0.9683
vn 0.4619 0.7512 0.4714
vn 0.3482 0.7855 0.5117
vn 0.2419 0.4599 0.8544
vn -0.01315 -0.1344 0.9908
vn 0.4659 0.8848 0.005097
vn 0.3226 0.7215 -0.6126
vn 0.1927 0.7885 -0.5841
vn 0.3501 0.9353 0.05045
vn 0.2002 0.4685 0.8604
vn -0.08258 -0.1099 0.9905
vn 0.3431 0.7865 0.5135
vn 0.3409 0.7885 0.5119
vn 0.1169 0.5021 0.8569
vn -0.2288 -0.03772 0.9727
vn 0.3811 0.9236 0.04126
vn 0.2583 0.7611 -0.595
vn 0.4146 0.6836 -0.6006
vn 0.4613 0.8866 0.03272
vn -0.116 0.1727 -0.9781
vn -0.04929 0.148 -0.9877
vn -0.3392 -0.4322 -0.8356
vn -0.307 -0.4423 -0.8426
vn -0.2254 -0.4777 -0.8491
vn 0.1086 0.07443 -0.9913
vn 0.5287 -0.07636 -0.8454
vn 0.02561 0.1299 -0.9912
vn 0.3887 -0.4886 -0.7811
vn -0.2093 -0.4569 -0.8645
vn 0.3424 -0.7424 -0.5758
vn -0.315 -0.7918 -0.5232
vn 0.37 -0.895 -0.249
vn -0.3154 -0.9474 -0.05478
vn -0.441 -0.8973 -0.01541
vn -0.4296 -0.7615 -0.4854
vn -0.4342 -0.7598 -0.4839
vn -0.4779 -0.8784 -0.00238
vn -0.5554 -0.8316 0.002594
vn -0.436 -0.7575 -0.4859
vn -0.3145 -0.7339 0.6021
vn -0.3775 -0.6966 0.6101
vn -0.5157 -0.6091 0.6025
vn 0.5246 -0.8191 0.2319
vn -0.1539 -0.8054 0.5723
vn 0.9024 -0.3111 -0.2981
vn 0.8783 -0.3275 -0.3483
vn 0.8698 -0.3126 -0.3816
vn 0.8725 -0.2807 -0.3999
vn 0.8878 -0.2307 -0.3981
vn -0.6802 -0.4845 0.5501
vn -0.6467 -0.7623 -0.02377
vn -0.3982 0.07788 0.914
vn -0.5256 0.1949 0.8281
vn -0.8058 -0.3646 0.4666
vn -0.715 -0.6954 -0.07212
vn -0.4339 -0.7522 -0.4959
vn -0.122 -0.5292 -0.8397
vn -0.428 -0.7478 -0.5075
vn -0.03705 -0.5829 -0.8117
vn -0.8861 -0.268 0.378
vn -0.7566 -0.6416 -0.1257
vn -0.6053 0.293 0.7401
vn -0.6556 0.3731 0.6564
vn -0.937 -0.1903 0.293
vn -0.7829 -0.5964 -0.1769
vn -0.4217 -0.744 -0.5181
vn 0.01825 -0.6272 -0.7786
vn -0.4179 -0.7385 -0.5291
vn 0.04953 -0.6602 -0.7494
vn -0.9705 -0.1251 0.2061
vn -0.8021 -0.5542 -0.2226
vn -0.6892 0.4359 0.5788
vn -0.7067 0.4782 0.5214
vn -0.9966 0.0539 0.06235
vn -0.8123 -0.5223 -0.2596
vn -0.4144 -0.7279 -0.5462
vn 0.06528 -0.6781 -0.7321
vn -0.442 -0.6315 -0.637
vn 0.06934 -0.6746 -0.7349
vn -0.2185 0.8486 0.4817
vn -0.2707 0.6138 -0.7415
vn 0.3513 0.8307 0.4319
vn 0.7238 0.6899 0.002564
vn 0.9163 0.2278 -0.3294
vn 0.6068 -0.226 -0.762
vn 0.8819 0.2808 -0.3785
vn 0.5906 -0.2976 -0.7501
vn 0.6223 -0.3413 -0.7045
vn 0.9107 0.2386 -0.3372
vn 0.3579 0.8081 0.4679
vn 0.7233 0.6807 0.1162
vn 0.7404 0.659 0.1323
vn 0.3554 0.8174 0.4532
vn 0.7394 0.4423 -0.5075
vn 0.4441 -0.1445 -0.8842
vn 0.5358 -0.2321 -0.8118
vn 0.8282 0.3482 -0.4392
vn 0.3489 0.7989 0.4899
vn 0.6406 0.7656 0.05948
vn 0.6926 0.7158 0.08887
vn 0.3554 0.8028 0.4788
vn 0.2979 -0.03497 -0.9539
vn 0.5984 0.5626 -0.5704
vn 0.5604 0.8274 0.03681
vn 0.3428 0.7942 0.5018
vn -0.04654 0.6274 0.7773
vn -0.0871 0.6826 0.7255
vn -0.111 0.7291 0.6753
vn 0.02237 0.563 0.8261
vn -0.1216 0.773 0.6226
vn 0.9439 -0.3285 -0.03439
vn 0.9448 -0.3255 -0.03604
vn 0.9628 -0.2687 0.02799
vn 0.9457 -0.3222 0.04202
vn 0.9454 -0.3236 -0.03735
vn 0.9689 -0.2473 -0.001679
vn 0.8734 0.3977 0.2811
vn 0.7824 0.2314 0.5782
vn 0.5871 -0.2098 0.7818
vn 0.9425 -0.3321 -0.03708
vn 0.9435 -0.3288 -0.03983
vn 0.9415 -0.3347 -0.03974
vn 0.9418 -0.3336 -0.0419
vn 0.942 -0.3325 -0.04376
vn 0.9432 -0.3292 -0.04349
vn 0.9446 -0.3254 -0.04266
vn 0.9451 -0.3244 -0.0398
vn 0.9675 -0.2497 -0.03885
vn 0.957 -0.2786 -0.08036
vn 0.8773 0.1934 -0.4393
vn 0.9171 0.3955 -0.04907
vn 0.2002 0.6044 0.7711
vn -0.09168 0.03928 0.995
vn 0.3926 0.8347 0.3862
vn 0.2755 0.8794 0.3883
vn 0.06803 0.6471 0.7594
vn -0.2551 0.1069 0.961
vn 0.5158 0.8527 -0.08267
vn 0.5098 0.5486 -0.6626
vn 0.3822 0.6225 -0.6829
vn 0.3968 0.9144 -0.0799
vn 0.02686 0.6575 0.7529
vn -0.3206 0.1317 0.938
vn 0.2703 0.8809 0.3886
vn 0.2686 0.8824 0.3861
vn -0.05054 0.6906 0.7215
vn -0.4528 0.1999 0.8689
vn 0.4281 0.9003 -0.07822
vn 0.4463 0.5923 -0.6708
vn 0.5934 0.5132 -0.62
vn 0.5051 0.861 -0.05817
vn 0.1299 -0.06452 -0.9894
vn 0.195 -0.09189 -0.9765
vn -0.1646 -0.6141 -0.7719
vn -0.1326 -0.6261 -0.7683
vn -0.05469 -0.6633 -0.7463
vn 0.3434 -0.1667 -0.9243
vn 0.7051 -0.285 -0.6493
vn 0.267 -0.1115 -0.9572
vn 0.5238 -0.6676 -0.5291
vn -0.03385 -0.6471 -0.7617
vn 0.412 -0.8641 -0.2889
vn -0.2412 -0.8888 -0.3896
vn 0.3507 -0.9345 0.06049
vn -0.3631 -0.9277 0.08704
vn -0.4903 -0.8677 0.08191
vn -0.3588 -0.8484 -0.389
vn -0.3635 -0.8464 -0.3891
vn -0.5277 -0.8456 0.08081
vn -0.6005 -0.7977 0.05579
vn -0.3646 -0.8446 -0.3919
vn -0.5004 -0.5632 0.6575
vn -0.5606 -0.5241 0.6411
vn -0.6863 -0.4388 0.58
vn 0.3934 -0.7482 0.5343
vn -0.3432 -0.6424 0.6851
vn 0.9216 -0.388 0.01163
vn 0.9088 -0.4155 -0.03778
vn 0.9095 -0.4088 -0.07453
vn 0.9187 -0.3825 -0.09839
vn 0.9368 -0.3338 -0.1044
vn -0.8242 -0.3277 0.4618
vn -0.6777 -0.7353 -0.007324
vn -0.5946 0.3009 0.7456
vn -0.6893 0.396 0.6066
vn -0.9175 -0.2291 0.3249
vn -0.7276 -0.6807 -0.08484
vn -0.3599 -0.8419 -0.4021
vn 0.03958 -0.7127 -0.7003
vn -0.3512 -0.8405 -0.4125
vn 0.1114 -0.7596 -0.6408
vn -0.9674 -0.1553 0.1997
vn -0.7514 -0.6407 -0.1578
vn -0.7386 0.4714 0.4818
vn -0.7618 0.53 0.3724
vn -0.991 -0.09937 0.08939
vn -0.7615 -0.6087 -0.2228
vn -0.3423 -0.8395 -0.4219
vn 0.154 -0.7956 -0.586
vn -0.3357 -0.8367 -0.4326
vn 0.175 -0.8211 -0.5432
vn -0.9983 -0.05625 -0.01556
vn -0.7662 -0.5782 -0.2802
vn -0.7715 0.5728 0.2767
vn -0.7719 0.6005 0.2088
vn -0.9766 0.0835 -0.1981
vn -0.765 -0.556 -0.3249
vn -0.3276 -0.8307 -0.4501
vn 0.185 -0.8345 -0.519
vn -0.3255 -0.7584 -0.5647
vn 0.19 -0.8318 -0.5215
vn -0.2617 0.9427 0.2066
vn -0.0427 0.4228 -0.9052
vn 0.3009 0.904 0.3036
vn 0.7521 0.6586 0.0228
vn 0.9823 0.1274 -0.1375
vn 0.7504 -0.4114 -0.5174
vn 0.9644 0.1677 -0.2041
vn 0.7265 -0.4779 -0.4937
vn 0.7433 -0.5098 -0.433
vn 0.9795 0.1361 -0.1485
vn 0.2969 0.8906 0.3443
vn 0.7242 0.6768 0.1317
vn 0.7354 0.6594 0.156
vn 0.2988 0.8963 0.3277
vn 0.8686 0.2958 -0.3975
vn 0.6272 -0.3591 -0.691
vn 0.6927 -0.4283 -0.5802
vn 0.9315 0.2194 -0.2899
vn 0.2824 0.8872 0.3649
vn 0.6637 0.747 0.03858
vn 0.7035 0.7049 0.09043
vn 0.2915 0.8881 0.3551
vn 0.51 -0.2671 -0.8176
vn 0.7555 0.3999 -0.5189
vn 0.5958 0.8029 -0.01651
vn 0.2733 0.8855 0.3757
vn -0.181 0.7958 0.5778
vn -0.2041 0.8377 0.5065
vn -0.212 0.8713 0.4426
vn -0.1304 0.7439 0.6554
vn -0.2067 0.9014 0.3803
vn 0.9194 0.38 -0.1011
vn 0.9183 0.3819 -0.1038
vn 0.8871 0.4562 -0.06983
vn 0.9087 0.4159 -0.03415
vn 0.9177 0.3829 -0.1059
vn 0.8805 0.4621 -0.1058
vn 0.3511 0.9342 -0.06339
vn 0.3639 0.8866 0.2855
vn 0.4928 0.5552 0.6699
vn 0.9211 0.3757 -0.1019
vn 0.92 0.3773 -0.1059
vn 0.9224 0.3723 -0.1032
vn 0.9221 0.3722 -0.1057
vn 0.9218 0.3723 -0.1078
vn 0.9204 0.3755 -0.109
vn 0.9187 0.3792 -0.1099
vn 0.9181 0.3813 -0.1078
vn 0.8849 0.4447 -0.1385
vn 0.9006 0.4025 -0.1638
vn 0.5645 0.5145 -0.6454
vn 0.419 0.8284 -0.3717
vn -0.3344 0.8322 0.4423
vn -0.1964 0.366 0.9096
vn -0.306 0.9515 -0.03003
vn -0.4226 0.9061 -0.02084
vn -0.4593 0.7701 0.4427
vn -0.3589 0.291 0.8868
vn -0.1785 0.8544 -0.4879
vn 0.07953 0.4197 -0.9041
vn -0.06211 0.3775 -0.9239
vn -0.308 0.819 -0.484
vn -0.496 0.7478 0.4412
vn -0.4214 0.2559 0.87
vn -0.4274 0.9038 -0.02014
vn -0.4295 0.9028 -0.02268
vn -0.5719 0.7069 0.4161
vn -0.5573 0.1874 0.8089
vn -0.2757 0.8307 -0.4836
vn 0.004151 0.4039 -0.9148
vn 0.1602 0.4675 -0.8694
vn -0.1947 0.8628 -0.4665
vn 0.241 -0.3556 -0.903
vn 0.306 -0.3263 -0.8943
vn 0.3673 -0.8158 -0.4467
vn 0.3986 -0.8016 -0.4455
vn 0.4787 -0.7668 -0.4276
vn 0.4601 -0.2584 -0.8494
vn 0.7777 0.007752 -0.6286
vn 0.3704 -0.2849 -0.8841
vn 0.8862 -0.31 -0.3441
vn 0.4848 -0.7491 -0.4515
vn 0.9099 -0.4134 -0.03189
vn 0.4543 -0.8907 0.0163
vn 0.8755 -0.3584 0.3239
vn 0.341 -0.8031 0.4885
vn 0.2077 -0.848 0.4876
vn 0.3405 -0.9399 0.0257
vn 0.3357 -0.9416 0.02582
vn 0.1654 -0.8581 0.4861
vn 0.08234 -0.8838 0.4605
vn 0.334 -0.9423 0.0228
vn -0.06211 -0.4252 0.903
vn -0.1309 -0.445 0.8859
vn -0.2743 -0.4949 0.8245
vn 0.734 -0.01947 0.6789
vn 0.1039 -0.3644 0.9254
vn 0.9378 0.3455 -0.03323
vn 0.9518 0.2995 -0.06565
vn 0.9517 0.2896 -0.1016
vn 0.9434 0.303 -0.1348
vn 0.925 0.3439 -0.1617
vn -0.438 -0.5587 0.7042
vn -0.009766 -0.9182 0.3959
vn -0.7166 0.1123 0.6884
vn -0.8355 0.05759 0.5464
vn -0.5584 -0.6096 0.5626
vn -0.07492 -0.946 0.3155
vn 0.3367 -0.9415 0.01163
vn 0.5765 -0.7198 -0.3866
vn 0.3433 -0.9392 -0.0001526
vn 0.6545 -0.6803 -0.3298
vn -0.6315 -0.644 0.4318
vn -0.1116 -0.9645 0.2393
vn -0.9093 0.02481 0.4153
vn -0.9542 0.004089 0.2991
vn -0.6748 -0.667 0.3159
vn -0.1337 -0.9762 0.1705
vn 0.3502 -0.9366 -0.01083
vn 0.7043 -0.6543 -0.2754
vn 0.3544 -0.9348 -0.02286
vn 0.7324 -0.6402 -0.2314
vn -0.698 -0.6858 0.2061
vn -0.1514 -0.9825 0.1082
vn -0.98 -0.01254 0.1983
vn -0.9917 -0.02191 0.1266
vn -0.7562 -0.6541 -0.01508
vn -0.1607 -0.9852 0.05921
vn 0.3581 -0.9327 -0.04266
vn 0.7463 -0.6328 -0.2065
vn 0.3232 -0.9303 -0.1735
vn 0.7485 -0.6287 -0.2108
vn -0.843 0.5282 -0.1016
vn -0.2202 -0.1155 -0.9686
vn -0.4116 0.9044 -0.112
vn 0.114 0.9225 -0.3687
vn 0.6547 0.6602 -0.368
vn 0.8817 0.007599 -0.4717
vn 0.6215 0.6483 -0.4398
vn 0.9059 -0.04172 -0.4213
vn 0.9333 -0.02728 -0.3579
vn 0.6479 0.6597 -0.3807
vn -0.4097 0.9096 -0.06931
vn 0.07016 0.9601 -0.2708
vn 0.08759 0.9656 -0.2445
vn -0.4104 0.9077 -0.08683
vn 0.4852 0.5924 -0.6431
vn 0.7738 -0.1074 -0.6242
vn 0.8568 -0.06577 -0.5113
vn 0.5716 0.6264 -0.53
vn -0.4203 0.9062 -0.04639
vn -0.01166 0.9294 -0.3688
vn 0.04047 0.9484 -0.3143
vn -0.4132 0.9088 -0.05744
vn 0.639 -0.1737 -0.7493
vn 0.345 0.5387 -0.7686
vn -0.09339 0.9 -0.4257
vn -0.427 0.9036 -0.03415
vn -0.7237 0.6337 0.2733
vn -0.7612 0.6175 0.1978
vn -0.7828 0.6087 0.129
vn -0.6597 0.6636 0.3526
vn -0.7926 0.6067 0.0604
vn 0.7681 0.2221 -0.6006
vn 0.7672 0.2255 -0.6004
vn 0.8084 0.257 -0.5295
vn 0.8151 0.201 -0.5434
vn 0.7665 0.2277 -0.6005
vn 0.7904 0.2874 -0.5409
vn 0.7563 0.6506 0.06879
vn 0.9028 0.3687 0.2213
vn 0.9698 -0.1498 0.1922
vn 0.7662 0.2195 -0.6039
vn 0.7646 0.2235 -0.6044
vn 0.7643 0.2178 -0.6069
vn 0.763 0.2196 -0.608
vn 0.7618 0.2211 -0.6088
vn 0.7622 0.2245 -0.6071
vn 0.763 0.2279 -0.6049
vn 0.7649 0.2279 -0.6024
vn 0.7671 0.2977 -0.5682
vn 0.7397 0.2843 -0.6099
vn 0.3617 0.745 -0.5604
vn 0.5884 0.7872 -0.1844
vn 0.4987 0.306 0.8109
vn 0.53 -0.3659 0.7649
vn 0.3626 0.7202 0.5915
vn 0.2651 0.6965 0.6668
vn 0.3816 0.2781 0.8815
vn 0.3701 -0.3818 0.8469
vn 0.1664 0.9614 0.2191
vn -0.1293 0.9225 -0.3638
vn -0.2547 0.9246 -0.2832
vn 0.0643 0.95 0.3055
vn 0.3441 0.2681 0.8998
vn 0.301 -0.3866 0.8717
vn 0.261 0.695 0.67
vn 0.2579 0.6962 0.6699
vn 0.2589 0.2669 0.9283
vn 0.1436 -0.3741 0.9162
vn 0.09217 0.9539 0.2857
vn -0.1921 0.9283 -0.3184
vn -0.03226 0.921 -0.3882
vn 0.1714 0.954 0.2457
vn -0.4921 0.363 -0.7912
vn -0.4287 0.3692 -0.8245
vn -0.47 -0.2957 -0.8317
vn -0.4408 -0.2905 -0.8493
vn -0.3601 -0.2889 -0.8871
vn -0.2679 0.3655 -0.8914
vn 0.2013 0.3547 -0.913
vn -0.3576 0.3828 -0.8518
vn 0.2156 -0.0809 -0.9731
vn -0.3568 -0.2602 -0.8972
vn 0.3178 -0.377 -0.87
vn -0.2377 -0.6864 -0.6872
vn 0.499 -0.5867 -0.6377
vn -0.03137 -0.9463 -0.3218
vn -0.1442 -0.9603 -0.2388
vn -0.3356 -0.7132 -0.6153
vn -0.3397 -0.7139 -0.6123
vn -0.178 -0.961 -0.2116
vn -0.2589 -0.9505 -0.1719
vn -0.3426 -0.712 -0.6128
vn 0.1365 -0.9275 0.3478
vn 0.07245 -0.9207 0.3834
vn -0.07859 -0.8942 0.4407
vn 0.7824 -0.5852 -0.2128
vn 0.29 -0.9217 0.2575
vn 0.7916 0.1478 -0.5929
vn 0.7573 0.137 -0.6384
vn 0.7342 0.1555 -0.6609
vn 0.7211 0.1895 -0.6664
vn 0.721 0.2391 -0.6503
vn -0.2792 -0.8331 0.4774
vn -0.3694 -0.9172 -0.149
vn -0.06101 -0.3211 0.945
vn -0.238 -0.2439 0.9401
vn -0.4546 -0.7532 0.4754
vn -0.4662 -0.8715 -0.1522
vn -0.3458 -0.7039 -0.6204
vn -0.2497 -0.2973 -0.9215
vn -0.3457 -0.6948 -0.6306
vn -0.1488 -0.3197 -0.9357
vn -0.5846 -0.6754 0.4496
vn -0.5373 -0.8258 -0.1711
vn -0.3677 -0.1646 0.9153
vn -0.4644 -0.09119 0.8809
vn -0.6817 -0.6038 0.4132
vn -0.5913 -0.7825 -0.1947
vn -0.3449 -0.6863 -0.6403
vn -0.07523 -0.3464 -0.935
vn -0.3469 -0.6771 -0.649
vn -0.0278 -0.3713 -0.9281
vn -0.7604 -0.5362 0.3665
vn -0.6363 -0.7405 -0.216
vn -0.5392 -0.02817 0.8417
vn -0.5867 0.01761 0.8096
vn -0.8844 -0.3503 0.3085
vn -0.6674 -0.7065 -0.2354
vn -0.3528 -0.6619 -0.6613
vn -0.002594 -0.3855 -0.9227
vn -0.4361 -0.5632 -0.7018
vn -0.000885 -0.38 -0.925
vn -0.2696 0.543 0.7952
vn -0.6738 0.6332 -0.3807
vn 0.2275 0.7585 0.6106
vn 0.4515 0.8881 0.0856
vn 0.6398 0.6386 -0.4276
vn 0.3425 0.2307 -0.9107
vn 0.577 0.6853 -0.4443
vn 0.3524 0.1577 -0.9224
vn 0.409 0.1194 -0.9047
vn 0.629 0.6481 -0.4292
vn 0.2522 0.7316 0.6333
vn 0.4931 0.8502 0.1845
vn 0.5201 0.8333 0.187
vn 0.2423 0.7428 0.6241
vn 0.359 0.8073 -0.4684
vn 0.1314 0.272 -0.9532
vn 0.2635 0.2108 -0.9413
vn 0.4888 0.7401 -0.4618
vn 0.2544 0.7143 0.6519
vn 0.3753 0.9085 0.1838
vn 0.4462 0.8766 0.1799
vn 0.2553 0.7231 0.6418
vn -0.05463 0.3312 -0.942
vn 0.1769 0.8762 -0.4482
vn 0.2782 0.9384 0.2047
vn 0.2544 0.7046 0.6623
vn 0.04953 0.3361 0.9405
vn -0.02039 0.3829 0.9236
vn -0.07242 0.4281 0.9008
vn 0.1464 0.2927 0.9449
vn -0.1127 0.4765 0.8719
vn -0.5102 -0.753 -0.4155
vn -0.5083 -0.7527 -0.4183
vn -0.438 -0.8032 -0.4036
vn -0.479 -0.7993 -0.3628
vn -0.5071 -0.7524 -0.4204
vn -0.4298 -0.7899 -0.4373
vn 0.2775 -0.8583 -0.4316
vn 0.244 -0.9648 -0.09732
vn -0.05185 -0.9411 0.3341
vn -0.5141 -0.7505 -0.4153
vn -0.5123 -0.7495 -0.4191
vn -0.5171 -0.7482 -0.4157
vn -0.517 -0.7471 -0.4178
vn -0.5167 -0.7462 -0.4197
vn -0.5138 -0.7472 -0.4216
vn -0.5103 -0.7486 -0.4232
vn -0.5084 -0.7507 -0.4218
vn -0.4444 -0.7669 -0.4629
vn -0.4827 -0.735 -0.4762
vn -0.1537 -0.4443 -0.8825
vn 0.1549 -0.6996 -0.6975
vn 0.773 -0.5959 0.2177
vn 0.3905 -0.51 0.7664
vn 0.8144 -0.5176 -0.2622
vn 0.8806 -0.4228 -0.2138
vn 0.8357 -0.4809 0.2651
vn 0.4752 -0.3556 0.8048
vn 0.6472 -0.3408 -0.6819
vn 0.1739 -0.004578 -0.9847
vn 0.2616 0.1128 -0.9585
vn 0.7297 -0.2442 -0.6386
vn 0.8518 -0.4435 0.2789
vn 0.504 -0.2885 0.8141
vn 0.8832 -0.4187 -0.2113
vn 0.8842 -0.4158 -0.2128
vn 0.8877 -0.3614 0.2853
vn 0.5709 -0.1388 0.8092
vn 0.7108 -0.2709 -0.6491
vn 0.2245 0.05298 -0.973
vn 0.1383 -0.09824 -0.9855
vn 0.6654 -0.3463 -0.6612
vn -0.4198 0.475 -0.7734
vn -0.4541 0.4139 -0.7889
vn -0.7895 0.5673 -0.234
vn -0.8061 0.539 -0.2444
vn -0.8491 0.4619 -0.2564
vn -0.5362 0.2608 -0.8028
vn -0.6278 -0.197 -0.753
vn -0.4807 0.3437 -0.8067
vn -0.9006 -0.1335 -0.4137
vn -0.8437 0.4546 -0.2855
vn -0.9767 -0.1907 -0.09796
vn -0.8969 0.3956 0.1977
vn -0.9107 -0.3491 0.2206
vn -0.7464 0.2124 0.6306
vn -0.6666 0.3201 0.6732
vn -0.8351 0.4915 0.247
vn -0.8323 0.4954 0.2486
vn -0.6389 0.3516 0.6842
vn -0.5882 0.4267 0.687
vn -0.8314 0.4981 0.2464
vn -0.191 -0.0004883 0.9816
vn -0.1481 0.05902 0.9872
vn -0.06403 0.1993 0.9778
vn -0.5889 -0.6562 0.4717
vn -0.2872 -0.1463 0.9466
vn -0.5446 -0.764 -0.346
vn -0.5838 -0.7255 -0.3643
vn -0.5903 -0.7043 -0.3943
vn -0.5761 -0.6967 -0.4274
vn -0.5372 -0.7063 -0.461
vn 0.02692 0.3838 0.923
vn -0.536 0.5283 0.6585
vn 0.6516 0.05158 0.7567
vn 0.7119 0.2128 0.6692
vn 0.0907 0.5429 0.8349
vn -0.5016 0.616 0.6074
vn -0.8332 0.5003 0.2353
vn -0.8986 0.357 -0.255
vn -0.8374 0.4994 0.2222
vn -0.9365 0.2625 -0.2323
vn 0.1267 0.6593 0.7411
vn -0.4845 0.6794 0.551
vn 0.7494 0.3286 0.5748
vn 0.7711 0.4136 0.484
vn 0.1457 0.745 0.6509
vn -0.4748 0.7269 0.4961
vn -0.8415 0.4978 0.2101
vn -0.96 0.1946 -0.2013
vn -0.8439 0.4988 0.1975
vn -0.9734 0.1517 -0.1714
vn 0.1515 0.814 0.5607
vn -0.4653 0.7654 0.4446
vn 0.7802 0.4791 0.4021
vn 0.7829 0.5201 0.3414
vn 0.2137 0.9084 0.3594
vn -0.4601 0.7915 0.4022
vn -0.8459 0.5028 0.1777
vn -0.9796 0.129 -0.1537
vn -0.8184 0.571 0.06415
vn -0.9791 0.1266 -0.1592
vn 0.9897 0.1205 -0.07633
vn 0.09204 0.5809 -0.8087
vn 0.8695 -0.3925 -0.2997
vn 0.4553 -0.6 -0.6578
vn -0.1343 -0.7088 -0.6925
vn -0.7088 -0.3151 -0.6311
vn -0.1162 -0.6539 -0.7476
vn -0.7569 -0.312 -0.5743
vn -0.7691 -0.3624 -0.5264
vn -0.1295 -0.6997 -0.7026
vn 0.8717 -0.4138 -0.2623
vn 0.5146 -0.6409 -0.5695
vn 0.5043 -0.6648 -0.551
vn 0.8709 -0.4053 -0.2777
vn -0.0437 -0.4584 -0.8876
vn -0.6936 -0.1119 -0.7116
vn -0.7334 -0.2322 -0.6389
vn -0.09076 -0.5752 -0.813
vn 0.8785 -0.4143 -0.2379
vn 0.5603 -0.535 -0.6324
vn 0.5308 -0.599 -0.5995
vn 0.8742 -0.4159 -0.2504
vn -0.6272 0.06021 -0.7765
vn 0.03446 -0.2924 -0.9557
vn 0.6072 -0.4459 -0.6576
vn 0.8825 -0.4134 -0.2243
vn 0.9631 -0.168 0.21
vn 0.9824 -0.106 0.1537
vn 0.9933 -0.06095 0.09787
vn 0.9311 -0.2562 0.2597
vn 0.9989 -0.02753 0.03742
vn 0.4633 -0.5488 -0.6958
vn 0.4584 -0.5557 -0.6935
vn 0.1937 -0.4671 -0.8627
vn 0.3409 -0.3229 -0.8829
vn 0.4543 -0.5631 -0.6903
vn 0.1276 -0.6416 -0.7563
vn -0.5655 -0.5537 -0.6112
vn -0.4107 -0.1196 -0.9039
vn -0.0249 0.2503 -0.9678
vn 0.4708 -0.5477 -0.6916
vn 0.4679 -0.558 -0.6853
vn 0.4781 -0.5475 -0.6867
vn 0.4793 -0.5539 -0.6807
vn 0.4794 -0.5611 -0.6748
vn 0.4721 -0.5666 -0.6753
vn 0.464 -0.5713 -0.677
vn 0.4586 -0.5676 -0.6838
vn 0.1846 -0.7814 -0.5961
vn 0.3445 -0.8284 -0.4416
vn -0.02435 -0.9828 0.1831
vn -0.4211 -0.8857 -0.1954
vn -0.697 0.1425 -0.7027
vn -0.2553 0.5644 -0.785
vn -0.868 -0.3427 -0.3592
vn -0.8829 -0.3262 -0.3376
vn -0.7111 0.158 -0.685
vn -0.2681 0.5804 -0.7689
vn -0.7012 -0.7035 0.1158
vn -0.2606 -0.8016 0.5381
vn -0.2766 -0.7795 0.562
vn -0.7158 -0.6841 0.1397
vn -0.7054 0.1489 -0.693
vn -0.2573 0.5657 -0.7834
vn -0.8849 -0.3261 -0.3326
vn -0.8877 -0.3242 -0.327
vn -0.6897 0.128 -0.7127
vn -0.2308 0.53 -0.816
vn -0.7241 -0.6717 0.1568
vn -0.2907 -0.7578 0.5841
vn -0.3221 -0.7094 0.6269
vn -0.743 -0.6424 0.1876
vn 0.4686 -0.8011 0.3724
vn 0.2844 -0.6007 0.7471
vn 0.8611 -0.4141 0.2949
vn 0.7274 -0.1779 0.6627
vn 0.71 -0.1592 0.6859
vn 0.2665 -0.5796 0.7701
vn 0.249 -0.5592 0.7907
vn 0.6972 -0.1486 0.7013
vn 0.6725 -0.1214 0.73
vn 0.2132 -0.5124 0.8318
vn 0.8833 0.3239 0.3388
vn 0.8814 0.3241 0.3436
vn 0.7167 0.6835 -0.138
vn 0.7236 0.6747 -0.1453
vn 0.7388 0.6534 -0.165
vn 0.8785 0.3262 0.3488
vn 0.9996 0.02332 -0.01218
vn 0.8973 0.3071 0.317
vn 0.8391 0.3403 -0.4244
vn 0.7285 0.6668 -0.1571
vn 0.4485 0.4243 -0.7866
vn 0.2878 0.7645 -0.5768
vn 0.2762 0.7808 -0.5604
vn 0.2871 0.7661 -0.575
vn 0.3122 0.7298 -0.6082
vn 0.3579 0.6588 -0.6617
vn 0.767 0.6109 -0.1962
vn -0.184 0.4595 -0.8689
vn -0.1102 0.3297 -0.9376
vn 0.432 0.529 -0.7304
vn 0.8125 0.5331 -0.2358
vn 0.8744 0.33 0.3558
vn 0.6319 -0.06879 0.772
vn 0.869 0.3373 0.362
vn 0.574 0.02493 0.8184
vn 0.5199 0.3431 -0.7823
vn 0.8659 0.4219 -0.2686
vn -0.02179 0.1442 -0.9893
vn 0.05322 -0.05402 -0.9971
vn 0.5964 0.1453 -0.7894
vn 0.9133 0.3007 -0.2746
vn 0.8665 0.3462 0.3597
vn 0.517 0.1495 0.8428
vn 0.8686 0.3481 0.3526
vn 0.4783 0.27 0.8356
vn 0.6513 -0.02872 -0.7582
vn 0.9475 0.1928 -0.255
vn 0.1041 -0.2297 -0.9677
vn 0.1371 -0.3741 -0.9172
vn 0.6856 -0.1725 -0.7072
vn 0.9689 0.1039 -0.2246
vn 0.8715 0.3468 0.3468
vn 0.4552 0.3743 0.8079
vn 0.8735 0.3466 0.3417
vn 0.44 0.4621 0.77
vn 0.7053 -0.2933 -0.6454
vn 0.9815 0.02869 -0.1891
vn 0.1586 -0.4942 -0.8547
vn 0.1708 -0.6133 -0.7712
vn 0.7168 -0.4126 -0.5621
vn 0.9894 -0.04447 -0.1383
vn 0.8749 0.3468 0.3379
vn 0.4287 0.5365 0.7269
vn 0.8748 0.3489 0.3363
vn 0.4194 0.611 0.6713
vn 0.7173 -0.5317 -0.4503
vn 0.9904 -0.1181 -0.07147
vn 0.172 -0.732 -0.6591
vn 0.1608 -0.8254 -0.5411
vn 0.7067 -0.6248 -0.3319
vn 0.9844 -0.1758 -0.001312
vn 0.8762 0.3498 0.3314
vn 0.4205 0.6845 0.5954
vn 0.8797 0.3484 0.3236
vn 0.4345 0.7403 0.5128
vn 0.6906 -0.6873 -0.225
vn 0.9749 -0.2138 0.06293
vn 0.1421 -0.889 -0.4353
vn 0.1221 -0.9304 -0.3454
vn 0.6716 -0.7285 -0.1349
vn 0.9639 -0.2391 0.1174
vn 0.8829 0.3463 0.317
vn 0.4535 0.7758 0.4385
vn 0.8859 0.3423 0.313
vn 0.4705 0.7971 0.3783
vn 0.6554 -0.7513 -0.07703
vn 0.9567 -0.2508 0.1474
vn 0.1087 -0.9503 -0.2916
vn 0.1065 -0.9538 -0.2808
vn 0.6756 -0.7169 -0.1716
vn 0.9564 -0.2525 0.1468
vn 0.8919 0.3366 0.302
vn 0.4824 0.8106 0.3319
vn 0.9149 0.3662 0.1696
vn 0.4929 0.8184 0.2954
vn -0.4375 -0.7457 -0.5025
vn 0.2722 0.2335 -0.9335
vn -0.8711 -0.2999 -0.3889
vn -0.8761 0.3168 -0.3633
vn -0.6208 0.7833 -0.03232
vn -0.04376 0.9978 0.05005
vn -0.6541 0.7517 0.0839
vn -0.1147 0.9499 0.2907
vn -0.09153 0.9725 0.214
vn -0.635 0.7724 0.01492
vn -0.8806 -0.3048 -0.3627
vn -0.9476 0.2734 -0.1652
vn -0.934 0.2826 -0.2186
vn -0.8777 -0.3033 -0.3709
vn -0.695 0.656 0.2945
vn -0.1633 0.8515 0.4983
vn -0.1391 0.9125 0.3846
vn -0.6755 0.7153 0.1789
vn -0.8865 -0.3002 -0.3521
vn -0.9749 0.221 -0.0271
vn -0.9615 0.2545 -0.1035
vn -0.883 -0.3023 -0.3589
vn -0.7116 0.4496 0.5398
vn -0.1821 0.6443 0.7427
vn -0.1802 0.7601 0.6243
vn -0.7084 0.5658 0.4218
vn -0.8917 -0.2999 -0.3389
vn -0.9868 0.09278 0.1322
vn -0.9843 0.1668 0.05707
vn -0.8902 -0.2987 -0.344
vn -0.6867 0.213 0.695
vn -0.1527 0.4093 0.8995
vn -0.171 0.5275 0.8321
vn -0.7041 0.3315 0.6279
vn -0.8928 -0.3027 -0.3335
vn -0.9717 -0.05786 0.2287
vn -0.9824 0.01657 0.1859
vn -0.8914 -0.3023 -0.3375
vn -0.6061 -0.0893 0.7903
vn -0.08121 0.1036 0.9913
vn -0.1243 0.2691 0.955
vn -0.6553 0.07401 0.7517
vn -0.8974 -0.3016 -0.3219
vn -0.9222 -0.2457 0.2984
vn -0.9525 -0.1442 0.268
vn -0.8948 -0.3027 -0.3281
vn -0.4534 -0.4687 0.7581
vn 0.07025 -0.2762 0.9585
vn -0.0163 -0.08426 0.9963
vn -0.5377 -0.2759 0.7967
vn -0.8968 -0.3132 -0.3123
vn -0.825 -0.4899 0.2818
vn -0.879 -0.3645 0.3073
vn -0.8993 -0.3038 -0.3144
vn 0.1543 -0.4251 0.8919
vn -0.3752 -0.6198 0.6892
vn -0.7757 -0.5867 0.2324
vn -0.8917 -0.3206 -0.3194
vn -0.6185 0.006623 -0.7858
vn -0.5646 -0.1047 -0.8187
vn -0.5181 -0.2266 -0.8247
vn -0.6619 0.08536 -0.7447
vn -0.4874 -0.336 -0.8059
vn -0.4667 -0.4252 -0.7755
vn -0.4519 -0.4996 -0.739
vn -0.4444 -0.5732 -0.6884
vn -0.4426 -0.6467 -0.6211
vn -0.4482 -0.7043 -0.5505
vn -0.4599 -0.7427 -0.4867
vn -0.4708 -0.769 -0.4324
vn -0.4734 -0.785 -0.3994
vn 0.522 -0.2582 -0.8129
vn 0.6771 -0.2874 -0.6774
vn 0.7473 -0.4132 -0.5204
vn 0.7024 -0.5914 -0.3961
vn 0.5466 -0.7528 -0.3667
f 1/1/1 2/2/2 3/3/3
f 1/1/1 3/3/3 4/4/4
f 2/2/2 5/5/5 6/6/6
f 2/2/2 6/6/6 3/3/3
f 3/3/3 6/6/6 7/7/7
f 3/3/3 7/7/7 8/8/8
f 4/4/4 3/3/3 8/8/8
f 4/4/4 8/8/8 9/9/9
f 1/1/1 10/10/10 11/11/11
f 1/1/1 11/11/11 2/2/2
f 12/12/12 13/13/13 11/11/11
f 12/12/12 11/11/11 10/10/10
f 14/14/14 15/15/15 11/11/11
f 14/14/14 11/11/11 13/13/13
f 16/16/16 17/17/17 11/11/11
f 16/16/16 11/11/11 15/15/15
f 5/5/5 2/2/2 11/11/11
f 5/5/5 11/11/11 17/17/17
f 5/5/5 17/17/17 18/18/18
f 5/5/5 18/18/18 6/6/6
f 17/17/17 16/16/16 19/19/19
f 17/17/17 19/19/19 18/18/18
f 18/18/18 19/19/19 20/20/20
f 18/18/18 20/20/20 21/21/21
f 6/6/6 18/18/18 21/21/21
f 6/6/6 21/21/21 7/7/7
f 9/9/9 8/8/8 22/22/22
f 9/9/9 22/22/22 23/23/23
f 8/8/8 7/7/7 24/24/24
f 8/8/8 24/24/24 22/22/22
f 22/22/22 24/24/24 25/25/25
f 22/22/22 25/25/25 26/26/26
f 23/23/23 22/22/22 26/26/26
f 23/23/23 26/26/26 27/27/27
f 7/7/7 21/21/21 28/28/28
f 7/7/7 28/28/28 24/24/24
f 21/21/21 20/20/20 29/29/29
f 21/21/21 29/29/29 28/28/28
f 28/28/28 29/29/29 30/30/30
f 28/28/28 30/30/30 31/31/31
f 24/24/24 28/28/28 31/31/31
f 24/24/24 31/31/31 25/25/25
f 27/27/27 26/26/26 32/32/32
f 27/27/27 32/32/32 33/33/33
f 26/26/26 25/25/25 34/34/34
f 26/26/26 34/34/34 32/32/32
f 32/32/32 34/34/34 35/35/35
f 32/32/32 35/35/35 36/36/36
f 33/33/33 32/32/32 36/36/36
f 33/33/33 36/36/36 37/37/37
f 25/25/25 31/31/31 38/38/38
f 25/25/25 38/38/38 34/34/34
f 31/31/31 30/30/30 39/39/39
f 31/31/31 39/39/39 38/38/38
f 38/38/38 39/39/39 40/40/40
f 38/38/38 40/40/40 41/41/41
f 34/34/34 38/38/38 41/41/41
f 34/34/34 41/41/41 35/35/35
f 30/30/30 42/42/42 43/43/43
f 30/30/30 43/43/43 39/39/39
f 42/42/42 44/44/44 45/45/45
f 42/42/42 45/45/45 43/43/43
f 43/43/43 45/45/45 46/46/46
f 43/43/43 46/46/46 47/47/47
f 39/39/39 43/43/43 47/47/47
f 39/39/39 47/47/47 40/40/40
f 20/20/20 48/48/48 49/49/49
f 20/20/20 49/49/49 29/29/29
f 48/48/48 50/50/50 51/51/51
f 48/48/48 51/51/51 49/49/49
f 49/49/49 51/51/51 44/44/44
f 49/49/49 44/44/44 42/42/42
f 29/29/29 49/49/49 42/42/42
f 29/29/29 42/42/42 30/30/30
f 50/50/50 52/52/52 53/53/53
f 50/50/50 53/53/53 51/51/51
f 52/52/52 54/54/54 55/55/55
f 52/52/52 55/55/55 53/53/53
f 53/53/53 55/55/55 56/56/56
f 53/53/53 56/56/56 57/57/57
f 51/51/51 53/53/53 57/57/57
f 51/51/51 57/57/57 44/44/44
f 44/44/44 57/57/57 58/58/58
f 44/44/44 58/58/58 45/45/45
f 57/57/57 56/56/56 59/59/59
f 57/57/57 59/59/59 58/58/58
f 58/58/58 59/59/59 60/60/60
f 58/58/58 60/60/60 61/61/61
f 45/45/45 58/58/58 61/61/61
f 45/45/45 61/61/61 46/46/46
f 56/56/56 62/62/62 63/63/63
f 56/56/56 63/63/63 59/59/59
f 62/62/62 27/27/27 33/33/33
f 62/62/62 33/33/33 63/63/63
f 63/63/63 33/33/33 37/37/37
f 63/63/63 37/37/37 64/64/64
f 59/59/59 63/63/63 64/64/64
f 59/59/59 64/64/64 60/60/60
f 54/54/54 65/65/65 66/66/66
f 54/54/54 66/66/66 55/55/55
f 65/65/65 9/9/9 23/23/23
f 65/65/65 23/23/23 66/66/66
f 66/66/66 23/23/23 27/27/27
f 66/66/66 27/27/27 62/62/62
f 55/55/55 66/66/66 62/62/62
f 55/55/55 62/62/62 56/56/56
f 12/12/12 10/10/10 67/67/67
f 12/12/12 67/67/67 68/68/68
f 10/10/10 1/1/1 4/4/4
f 10/10/10 4/4/4 67/67/67
f 67/67/67 4/4/4 9/9/9
f 67/67/67 9/9/9 65/65/65
f 68/68/68 67/67/67 65/65/65
f 68/68/68 65/65/65 54/54/54
f 14/14/14 13/13/13 69/69/69
f 14/14/14 69/69/69 70/70/70
f 13/13/13 12/12/12 68/68/68
f 13/13/13 68/68/68 69/69/69
f 69/69/69 68/68/68 54/54/54
f 69/69/69 54/54/54 52/52/52
f 70/70/70 69/69/69 52/52/52
f 70/70/70 52/52/52 50/50/50
f 16/16/16 15/15/15 71/71/71
f 16/16/16 71/71/71 19/19/19
f 15/15/15 14/14/14 70/70/70
f 15/15/15 70/70/70 71/71/71
f 71/71/71 70/70/70 50/50/50
f 71/71/71 50/50/50 48/48/48
f 19/19/19 71/71/71 48/48/48
f 19/19/19 48/48/48 20/20/20
f 60/60/60 64/64/64 72/72/72
f 60/60/60 72/72/72 73/73/73
f 64/64/64 37/37/37 74/74/74
f 64/64/64 74/74/74 72/72/72
f 72/72/72 74/74/74 75/75/75
f 72/72/72 75/75/75 76/76/76
f 73/73/73 72/72/72 76/76/76
f 73/73/73 76/76/76 77/77/77
f 46/46/46 61/61/61 78/78/78
f 46/46/46 78/78/78 79/79/79
f 61/61/61 60/60/60 73/73/73
f 61/61/61 73/73/73 78/78/78
f 78/78/78 73/73/73 77/77/77
f 78/78/78 77/77/77 80/80/80
f 79/79/79 78/78/78 80/80/80
f 79/79/79 80/80/80 81/81/81
f 77/77/77 76/76/76 82/82/82
f 77/77/77 82/82/82 83/83/83
f 76/76/76 75/75/75 84/84/84
f 76/76/76 84/84/84 82/82/82
f 82/82/82 84/84/84 85/85/85
f 82/82/82 85/85/85 86/86/86
f 83/83/83 82/82/82 86/86/86
f 83/83/83 86/86/86 87/87/87
f 81/81/81 80/80/80 88/88/88
f 81/81/81 88/88/88 89/89/89
f 80/80/80 77/77/77 83/83/83
f 80/80/80 83/83/83 88/88/88
f 88/88/88 83/83/83 87/87/87
f 88/88/88 87/87/87 90/90/90
f 89/89/89 88/88/88 90/90/90
f 89/89/89 90/90/90 91/91/91
f 87/87/87 86/86/86 92/92/92
f 87/87/87 92/92/92 93/93/93
f 86/86/86 85/85/85 94/94/94
f 86/86/86 94/94/94 92/92/92
f 92/92/92 94/94/94 95/95/95
f 92/92/92 95/95/95 96/96/96
f 93/93/93 92/92/92 96/96/96
f 93/93/93 96/96/96 97/97/97
f 91/91/91 90/90/90 98/98/98
f 91/91/91 98/98/98 99/99/99
f 90/90/90 87/87/87 93/93/93
f 90/90/90 93/93/93 98/98/98
f 98/98/98 93/93/93 97/97/97
f 98/98/98 97/97/97 100/100/100
f 99/99/99 98/98/98 100/100/100
f 99/99/99 100/100/100 101/101/101
f 95/95/95 102/102/102 103/103/103
f 95/95/95 103/103/103 96/96/96
f 104/104/104 105/105/105 103/103/103
f 104/104/104 103/103/103 102/102/102
f 106/106/106 107/107/107 103/103/103
f 106/106/106 103/103/103 105/105/105
f 101/101/101 100/100/100 103/103/103
f 101/101/101 103/103/103 107/107/107
f 97/97/97 96/96/96 103/103/103
f 97/97/97 103/103/103 100/100/100
f 108/108/108 109/109/109 110/110/110
f 108/108/108 110/110/110 111/111/111
f 109/109/109 91/91/91 99/99/99
f 109/109/109 99/99/99 110/110/110
f 110/110/110 99/99/99 101/101/101
f 110/110/110 101/101/101 107/107/107
f 111/111/111 110/110/110 107/107/107
f 111/111/111 107/107/107 106/106/106
f 112/112/112 113/113/113 114/114/114
f 112/112/112 114/114/114 115/115/115
f 113/113/113 108/108/108 111/111/111
f 113/113/113 111/111/111 114/114/114
f 114/114/114 111/111/111 106/106/106
f 114/114/114 106/106/106 105/105/105
f 115/115/115 114/114/114 105/105/105
f 115/115/115 105/105/105 104/104/104
f 116/116/116 117/117/117 118/118/118
f 116/116/116 118/118/118 119/119/119
f 117/117/117 81/81/81 89/89/89
f 117/117/117 89/89/89 118/118/118
f 118/118/118 89/89/89 91/91/91
f 118/118/118 91/91/91 109/109/109
f 119/119/119 118/118/118 109/109/109
f 119/119/119 109/109/109 108/108/108
f 120/120/120 121/121/121 122/122/122
f 120/120/120 122/122/122 123/123/123
f 121/121/121 116/116/116 119/119/119
f 121/121/121 119/119/119 122/122/122
f 122/122/122 119/119/119 108/108/108
f 122/122/122 108/108/108 113/113/113
f 123/123/123 122/122/122 113/113/113
f 123/123/123 113/113/113 112/112/112
f 40/40/40 47/47/47 124/124/124
f 40/40/40 124/124/124 125/125/125
f 47/47/47 46/46/46 79/79/79
f 47/47/47 79/79/79 124/124/124
f 124/124/124 79/79/79 81/81/81
f 124/124/124 81/81/81 117/117/117
f 125/125/125 124/124/124 117/117/117
f 125/125/125 117/117/117 116/116/116
f 35/35/35 41/41/41 126/126/126
f 35/35/35 126/126/126 127/127/127
f 41/41/41 40/40/40 125/125/125
f 41/41/41 125/125/125 126/126/126
f 126/126/126 125/125/125 116/116/116
f 126/126/126 116/116/116 121/121/121
f 127/127/127 126/126/126 121/121/121
f 127/127/127 121/121/121 120/120/120
f 75/75/75 128/128/128 129/129/129
f 75/75/75 129/129/129 84/84/84
f 128/128/128 120/120/120 123/123/123
f 128/128/128 123/123/123 129/129/129
f 129/129/129 123/123/123 112/112/112
f 129/129/129 112/112/112 130/130/130
f 84/84/84 129/129/129 130/130/130
f 84/84/84 130/130/130 85/85/85
f 37/37/37 36/36/36 131/131/131
f 37/37/37 131/131/131 74/74/74
f 36/36/36 35/35/35 127/127/127
f 36/36/36 127/127/127 131/131/131
f 131/131/131 127/127/127 120/120/120
f 131/131/131 120/120/120 128/128/128
f 74/74/74 131/131/131 128/128/128
f 74/74/74 128/128/128 75/75/75
f 85/85/85 130/130/130 132/132/132
f 85/85/85 132/132/132 94/94/94
f 130/130/130 112/112/112 115/115/115
f 130/130/130 115/115/115 132/132/132
f 132/132/132 115/115/115 104/104/104
f 132/132/132 104/104/104 102/102/102
f 94/94/94 132/132/132 102/102/102
f 94/94/94 102/102/102 95/95/95
f 133/133/133 134/134/134 135/135/135
f 133/133/133 135/135/135 136/136/136
f 134/134/134 137/137/137 138/138/138
f 134/134/134 138/138/138 135/135/135
f 135/135/135 138/138/138 139/139/139
f 135/135/135 139/139/139 140/140/140
f 136/136/136 135/135/135 140/140/140
f 136/136/136 140/140/140 141/141/141
f 133/133/133 142/142/142 143/143/143
f 133/133/133 143/143/143 134/134/134
f 144/144/144 145/145/145 143/143/143
f 144/144/144 143/143/143 142/142/142
f 146/146/146 147/147/147 143/143/143
f 146/146/146 143/143/143 145/145/145
f 148/148/148 149/149/149 143/143/143
f 148/148/148 143/143/143 147/147/147
f 137/137/137 134/134/134 143/143/143
f 137/137/137 143/143/143 149/149/149
f 137/137/137 149/149/149 150/150/150
f 137/137/137 150/150/150 138/138/138
f 149/149/149 148/148/148 151/151/151
f 149/149/149 151/151/151 150/150/150
f 150/150/150 151/151/151 152/152/152
f 150/150/150 152/152/152 153/153/153
f 138/138/138 150/150/150 153/153/153
f 138/138/138 153/153/153 139/139/139
f 141/141/141 140/140/140 154/154/154
f 141/141/141 154/154/154 155/155/155
f 140/140/140 139/139/139 156/156/156
f 140/140/140 156/156/156 154/154/154
f 154/154/154 156/156/156 157/157/157
f 154/154/154 157/157/157 158/158/158
f 155/155/155 154/154/154 158/158/158
f 155/155/155 158/158/158 159/159/159
f 139/139/139 153/153/153 160/160/160
f 139/139/139 160/160/160 156/156/156
f 153/153/153 152/152/152 161/161/161
f 153/153/153 161/161/161 160/160/160
f 160/160/160 161/161/161 162/162/162
f 160/160/160 162/162/162 163/163/163
f 156/156/156 160/160/160 163/163/163
f 156/156/156 163/163/163 157/157/157
f 159/159/159 158/158/158 164/164/164
f 159/159/159 164/164/164 165/165/165
f 158/158/158 157/157/157 166/166/166
f 158/158/158 166/166/166 164/164/164
f 164/164/164 166/166/166 167/167/167
f 164/164/164 167/167/167 168/168/168
f 165/165/165 164/164/164 168/168/168
f 165/165/165 168/168/168 169/169/169
f 157/157/157 163/163/163 170/170/170
f 157/157/157 170/170/170 166/166/166
f 163/163/163 162/162/162 171/171/171
f 163/163/163 171/171/171 170/170/170
f 170/170/170 171/171/171 172/172/172
f 170/170/170 172/172/172 173/173/173
f 166/166/166 170/170/170 173/173/173
f 166/166/166 173/173/173 167/167/167
f 162/162/162 174/174/174 175/175/175
f 162/162/162 175/175/175 171/171/171
f 174/174/174 176/176/176 177/177/177
f 174/174/174 177/177/177 175/175/175
f 175/175/175 177/177/177 178/178/178
f 175/175/175 178/178/178 179/179/179
f 171/171/171 175/175/175 179/179/179
f 171/171/171 179/179/179 172/172/172
f 152/152/152 180/180/180 181/181/181
f 152/152/152 181/181/181 161/161/161
f 180/180/180 182/182/182 183/183/183
f 180/180/180 183/183/183 181/181/181
f 181/181/181 183/183/183 176/176/176
f 181/181/181 176/176/176 174/174/174
f 161/161/161 181/181/181 174/174/174
f 161/161/161 174/174/174 162/162/162
f 182/182/182 184/184/184 185/185/185
f 182/182/182 185/185/185 183/183/183
f 184/184/184 186/186/186 187/187/187
f 184/184/184 187/187/187 185/185/185
f 185/185/185 187/187/187 188/188/188
f 185/185/185 188/188/188 189/189/189
f 183/183/183 185/185/185 189/189/189
f 183/183/183 189/189/189 176/176/176
f 176/176/176 189/189/189 190/190/190
f 176/176/176 190/190/190 177/177/177
f 189/189/189 188/188/188 191/191/191
f 189/189/189 191/191/191 190/190/190
f 190/190/190 191/191/191 192/192/192
f 190/190/190 192/192/192 193/193/193
f 177/177/177 190/190/190 193/193/193
f 177/177/177 193/193/193 178/178/178
f 188/188/188 194/194/194 195/195/195
f 188/188/188 195/195/195 191/191/191
f 194/194/194 159/159/159 165/165/165
f 194/194/194 165/165/165 195/195/195
f 195/195/195 165/165/165 169/169/169
f 195/195/195 169/169/169 196/196/196
f 191/191/191 195/195/195 196/196/196
f 191/191/191 196/196/196 192/192/192
f 186/186/186 197/197/197 198/198/198
f 186/186/186 198/198/198 187/187/187
f 197/197/197 141/141/141 155/155/155
f 197/197/197 155/155/155 198/198/198
f 198/198/198 155/155/155 159/159/159
f 198/198/198 159/159/159 194/194/194
f 187/187/187 198/198/198 194/194/194
f 187/187/187 194/194/194 188/188/188
f 144/144/144 142/142/142 199/199/199
f 144/144/144 199/199/199 200/200/200
f 142/142/142 133/133/133 136/136/136
f 142/142/142 136/136/136 199/199/199
f 199/199/199 136/136/136 141/141/141
f 199/199/199 141/141/141 197/197/197
f 200/200/200 199/199/199 197/197/197
f 200/200/200 197/197/197 186/186/186
f 146/146/146 145/145/145 201/201/201
f 146/146/146 201/201/201 202/202/202
f 145/145/145 144/144/144 200/200/200
f 145/145/145 200/200/200 201/201/201
f 201/201/201 200/200/200 186/186/186
f 201/201/201 186/186/186 184/184/184
f 202/202/202 201/201/201 184/184/184
f 202/202/202 184/184/184 182/182/182
f 148/148/148 147/147/147 203/203/203
f 148/148/148 203/203/203 151/151/151
f 147/147/147 146/146/146 202/202/202
f 147/147/147 202/202/202 203/203/203
f 203/203/203 202/202/202 182/182/182
f 203/203/203 182/182/182 180/180/180
f 151/151/151 203/203/203 180/180/180
f 151/151/151 180/180/180 152/152/152
f 192/192/192 196/196/196 204/204/204
f 192/192/192 204/204/204 205/205/205
f 196/196/196 169/169/169 206/206/206
f 196/196/196 206/206/206 204/204/204
f 204/204/204 206/206/206 207/207/207
f 204/204/204 207/207/207 208/208/208
f 205/205/205 204/204/204 208/208/208
f 205/205/205 208/208/208 209/209/209
f 178/178/178 193/193/193 210/210/210
f 178/178/178 210/210/210 211/211/211
f 193/193/193 192/192/192 205/205/205
f 193/193/193 205/205/205 210/210/210
f 210/210/210 205/205/205 209/209/209
f 210/210/210 209/209/209 212/212/212
f 211/211/211 210/210/210 212/212/212
f 211/211/211 212/212/212 213/213/213
f 209/209/209 208/208/208 214/214/214
f 209/209/209 214/214/214 215/215/215
f 208/208/208 207/207/207 216/216/216
f 208/208/208 216/216/216 214/214/214
f 214/214/214 216/216/216 217/217/217
f 214/214/214 217/217/217 218/218/218
f 215/215/215 214/214/214 218/218/218
f 215/215/215 218/218/218 219/219/219
f 213/213/213 212/212/212 220/220/220
f 213/213/213 220/220/220 221/221/221
f 212/212/212 209/209/209 215/215/215
f 212/212/212 215/215/215 220/220/220
f 220/220/220 215/215/215 219/219/219
f 220/220/220 219/219/219 222/222/222
f 221/221/221 220/220/220 222/222/222
f 221/221/221 222/222/222 223/223/223
f 219/219/219 218/218/218 224/224/224
f 219/219/219 224/224/224 225/225/225
f 218/218/218 217/217/217 226/226/226
f 218/218/218 226/226/226 224/224/224
f 224/224/224 226/226/226 227/227/227
f 224/224/224 227/227/227 228/228/228
f 225/225/225 224/224/224 228/228/228
f 225/225/225 228/228/228 229/229/229
f 223/223/223 222/222/222 230/230/230
f 223/223/223 230/230/230 231/231/231
f 222/222/222 219/219/219 225/225/225
f 222/222/222 225/225/225 230/230/230
f 230/230/230 225/225/225 229/229/229
f 230/230/230 229/229/229 232/232/232
f 231/231/231 230/230/230 232/232/232
f 231/231/231 232/232/232 233/233/233
f 227/227/227 234/234/234 235/235/235
f 227/227/227 235/235/235 228/228/228
f 236/236/236 237/237/237 235/235/235
f 236/236/236 235/235/235 234/234/234
f 238/238/238 239/239/239 235/235/235
f 238/238/238 235/235/235 237/237/237
f 233/233/233 232/232/232 235/235/235
f 233/233/233 235/235/235 239/239/239
f 229/229/229 228/228/228 235/235/235
f 229/229/229 235/235/235 232/232/232
f 240/240/240 241/241/241 242/242/242
f 240/240/240 242/242/242 243/243/243
f 241/241/241 223/223/223 231/231/231
f 241/241/241 231/231/231 242/242/242
f 242/242/242 231/231/231 233/233/233
f 242/242/242 233/233/233 239/239/239
f 243/243/243 242/242/242 239/239/239
f 243/243/243 239/239/239 238/238/238
f 244/244/244 245/245/245 246/246/246
f 244/244/244 246/246/246 247/247/247
f 245/245/245 240/240/240 243/243/243
f 245/245/245 243/243/243 246/246/246
f 246/246/246 243/243/243 238/238/238
f 246/246/246 238/238/238 237/237/237
f 247/247/247 246/246/246 237/237/237
f 247/247/247 237/237/237 236/236/236
f 248/248/248 249/249/249 250/250/250
f 248/248/248 250/250/250 251/251/251
f 249/249/249 213/213/213 221/221/221
f 249/249/249 221/221/221 250/250/250
f 250/250/250 221/221/221 223/223/223
f 250/250/250 223/223/223 241/241/241
f 251/251/251 250/250/250 241/241/241
f 251/251/251 241/241/241 240/240/240
f 252/252/252 253/253/253 254/254/254
f 252/252/252 254/254/254 255/255/255
f 253/253/253 248/248/248 251/251/251
f 253/253/253 251/251/251 254/254/254
f 254/254/254 251/251/251 240/240/240
f 254/254/254 240/240/240 245/245/245
f 255/255/255 254/254/254 245/245/245
f 255/255/255 245/245/245 244/244/244
f 172/172/172 179/179/179 256/256/256
f 172/172/172 256/256/256 257/257/257
f 179/179/179 178/178/178 211/211/211
f 179/179/179 211/211/211 256/256/256
f 256/256/256 211/211/211 213/213/213
f 256/256/256 213/213/213 249/249/249
f 257/257/257 256/256/256 249/249/249
f 257/257/257 249/249/249 248/248/248
f 167/167/167 173/173/173 258/258/258
f 167/167/167 258/258/258 259/259/259
f 173/173/173 172/172/172 257/257/257
f 173/173/173 257/257/257 258/258/258
f 258/258/258 257/257/257 248/248/248
f 258/258/258 248/248/248 253/253/253
f 259/259/259 258/258/258 253/253/253
f 259/259/259 253/253/253 252/252/252
f 207/207/207 260/260/260 261/261/261
f 207/207/207 261/261/261 216/216/216
f 260/260/260 252/252/252 255/255/255
f 260/260/260 255/255/255 261/261/261
f 261/261/261 255/255/255 244/244/244
f 261/261/261 244/244/244 262/262/262
f 216/216/216 261/261/261 262/262/262
f 216/216/216 262/262/262 217/217/217
f 169/169/169 168/168/168 263/263/263
f 169/169/169 263/263/263 206/206/206
f 168/168/168 167/167/167 259/259/259
f 168/168/168 259/259/259 263/263/263
f 263/263/263 259/259/259 252/252/252
f 263/263/263 252/252/252 260/260/260
f 206/206/206 263/263/263 260/260/260
f 206/206/206 260/260/260 207/207/207
f 217/217/217 262/262/262 264/264/264
f 217/217/217 264/264/264 226/226/226
f 262/262/262 244/244/244 247/247/247
f 262/262/262 247/247/247 264/264/264
f 264/264/264 247/247/247 236/236/236
f 264/264/264 236/236/236 234/234/234
f 226/226/226 264/264/264 234/234/234
f 226/226/226 234/234/234 227/227/227
f 265/265/265 266/266/266 267/267/267
f 265/265/265 267/267/267 268/268/268
f 266/266/266 269/269/269 270/270/270
f 266/266/266 270/270/270 267/267/267
f 267/267/267 270/270/270 271/271/271
f 267/267/267 271/271/271 272/272/272
f 268/268/268 267/267/267 272/272/272
f 268/268/268 272/272/272 273/273/273
f 265/265/265 274/274/274 275/275/275
f 265/265/265 275/275/275 266/266/266
f 276/276/276 277/277/277 275/275/275
f 276/276/276 275/275/275 274/274/274
f 278/278/278 279/279/279 275/275/275
f 278/278/278 275/275/275 277/277/277
f 280/280/280 281/281/281 275/275/275
f 280/280/280 275/275/275 279/279/279
f 269/269/269 266/266/266 275/275/275
f 269/269/269 275/275/275 281/281/281
f 269/269/269 281/281/281 282/282/282
f 269/269/269 282/282/282 270/270/270
f 281/281/281 280/280/280 283/283/283
f 281/281/281 283/283/283 282/282/282
f 282/282/282 283/283/283 284/284/284
f 282/282/282 284/284/284 285/285/285
f 270/270/270 282/282/282 285/285/285
f 270/270/270 285/285/285 271/271/271
f 273/273/273 272/272/272 286/286/286
f 273/273/273 286/286/286 287/287/287
f 272/272/272 271/271/271 288/288/288
f 272/272/272 288/288/288 286/286/286
f 286/286/286 288/288/288 289/289/289
f 286/286/286 289/289/289 290/290/290
f 287/287/287 286/286/286 290/290/290
f 287/287/287 290/290/290 291/291/291
f 271/271/271 285/285/285 292/292/292
f 271/271/271 292/292/292 288/288/288
f 285/285/285 284/284/284 293/293/293
f 285/285/285 293/293/293 292/292/292
f 292/292/292 293/293/293 294/294/294
f 292/292/292 294/294/294 295/295/295
f 288/288/288 292/292/292 295/295/295
f 288/288/288 295/295/295 289/289/289
f 291/291/291 290/290/290 296/296/296
f 291/291/291 296/296/296 297/297/297
f 290/290/290 289/289/289 298/298/298
f 290/290/290 298/298/298 296/296/296
f 296/296/296 298/298/298 299/299/299
f 296/296/296 299/299/299 300/300/300
f 297/297/297 296/296/296 300/300/300
f 297/297/297 300/300/300 301/301/301
f 289/289/289 295/295/295 302/302/302
f 289/289/289 302/302/302 298/298/298
f 295/295/295 294/294/294 303/303/303
f 295/295/295 303/303/303 302/302/302
f 302/302/302 303/303/303 304/304/304
f 302/302/302 304/304/304 305/305/305
f 298/298/298 302/302/302 305/305/305
f 298/298/298 305/305/305 299/299/299
f 294/294/294 306/306/306 307/307/307
f 294/294/294 307/307/307 303/303/303
f 306/306/306 308/308/308 309/309/309
f 306/306/306 309/309/309 307/307/307
f 307/307/307 309/309/309 310/310/310
f 307/307/307 310/310/310 311/311/311
f 303/303/303 307/307/307 311/311/311
f 303/303/303 311/311/311 304/304/304
f 284/284/284 312/312/312 313/313/313
f 284/284/284 313/313/313 293/293/293
f 312/312/312 314/314/314 315/315/315
f 312/312/312 315/315/315 313/313/313
f 313/313/313 315/315/315 308/308/308
f 313/313/313 308/308/308 306/306/306
f 293/293/293 313/313/313 306/306/306
f 293/293/293 306/306/306 294/294/294
f 314/314/314 316/316/316 317/317/317
f 314/314/314 317/317/317 315/315/315
f 316/316/316 318/318/318 319/319/319
f 316/316/316 319/319/319 317/317/317
f 317/317/317 319/319/319 320/320/320
f 317/317/317 320/320/320 321/321/321
f 315/315/315 317/317/317 321/321/321
f 315/315/315 321/321/321 308/308/308
f 308/308/308 321/321/321 322/322/322
f 308/308/308 322/322/322 309/309/309
f 321/321/321 320/320/320 323/323/323
f 321/321/321 323/323/323 322/322/322
f 322/322/322 323/323/323 324/324/324
f 322/322/322 324/324/324 325/325/325
f 309/309/309 322/322/322 325/325/325
f 309/309/309 325/325/325 310/310/310
f 320/320/320 326/326/326 327/327/327
f 320/320/320 327/327/327 323/323/323
f 326/326/326 291/291/291 297/297/297
f 326/326/326 297/297/297 327/327/327
f 327/327/327 297/297/297 301/301/301
f 327/327/327 301/301/301 328/328/328
f 323/323/323 327/327/327 328/328/328
f 323/323/323 328/328/328 324/324/324
f 318/318/318 329/329/329 330/330/330
f 318/318/318 330/330/330 319/319/319
f 329/329/329 273/273/273 287/287/287
f 329/329/329 287/287/287 330/330/330
f 330/330/330 287/287/287 291/291/291
f 330/330/330 291/291/291 326/326/326
f 319/319/319 330/330/330 326/326/326
f 319/319/319 326/326/326 320/320/320
f 276/276/276 274/274/274 331/331/331
f 276/276/276 331/331/331 332/332/332
f 274/274/274 265/265/265 268/268/268
f 274/274/274 268/268/268 331/331/331
f 331/331/331 268/268/268 273/273/273
f 331/331/331 273/273/273 329/329/329
f 332/332/332 331/331/331 329/329/329
f 332/332/332 329/329/329 318/318/318
f 278/278/278 277/277/277 333/333/333
f 278/278/278 333/333/333 334/334/334
f 277/277/277 276/276/276 332/332/332
f 277/277/277 332/332/332 333/333/333
f 333/333/333 332/332/332 318/318/318
f 333/333/333 318/318/318 316/316/316
f 334/334/334 333/333/333 316/316/316
f 334/334/334 316/316/316 314/314/314
f 280/280/280 279/279/279 335/335/335
f 280/280/280 335/335/335 283/283/283
f 279/279/279 278/278/278 334/334/334
f 279/279/279 334/334/334 335/335/335
f 335/335/335 334/334/334 314/314/314
f 335/335/335 314/314/314 312/312/312
f 283/283/283 335/335/335 312/312/312
f 283/283/283 312/312/312 284/284/284
f 324/324/324 328/328/328 336/336/336
f 324/324/324 336/336/336 337/337/337
f 328/328/328 301/301/301 338/338/338
f 328/328/328 338/338/338 336/336/336
f 336/336/336 338/338/338 339/339/339
f 336/336/336 339/339/339 340/340/340
f 337/337/337 336/336/336 340/340/340
f 337/337/337 340/340/340 341/341/341
f 310/310/310 325/325/325 342/342/342
f 310/310/310 342/342/342 343/343/343
f 325/325/325 324/324/324 337/337/337
f 325/325/325 337/337/337 342/342/342
f 342/342/342 337/337/337 341/341/341
f 342/342/342 341/341/341 344/344/344
f 343/343/343 342/342/342 344/344/344
f 343/343/343 344/344/344 345/345/345
f 341/341/341 340/340/340 346/346/346
f 341/341/341 346/346/346 347/347/347
f 340/340/340 339/339/339 348/348/348
f 340/340/340 348/348/348 346/346/346
f 346/346/346 348/348/348 349/349/349
f 346/346/346 349/349/349 350/350/350
f 347/347/347 346/346/346 350/350/350
f 347/347/347 350/350/350 351/351/351
f 345/345/345 344/344/344 352/352/352
f 345/345/345 352/352/352 353/353/353
f 344/344/344 341/341/341 347/347/347
f 344/344/344 347/347/347 352/352/352
f 352/352/352 347/347/347 351/351/351
f 352/352/352 351/351/351 354/354/354
f 353/353/353 352/352/352 354/354/354
f 353/353/353 354/354/354 355/355/355
f 351/351/351 350/350/350 356/356/356
f 351/351/351 356/356/356 357/357/357
f 350/350/350 349/349/349 358/358/358
f 350/350/350 358/358/358 356/356/356
f 356/356/356 358/358/358 359/359/359
f 356/356/356 359/359/359 360/360/360
f 357/357/357 356/356/356 360/360/360
f 357/357/357 360/360/360 361/361/361
f 355/355/355 354/354/354 362/362/362
f 355/355/355 362/362/362 363/363/363
f 354/354/354 351/351/351 357/357/357
f 354/354/354 357/357/357 362/362/362
f 362/362/362 357/357/357 361/361/361
f 362/362/362 361/361/361 364/364/364
f 363/363/363 362/362/362 364/364/364
f 363/363/363 364/364/364 365/365/365
f 359/359/359 366/366/366 367/367/367
f 359/359/359 367/367/367 360/360/360
f 368/368/368 369/369/369 367/367/367
f 368/368/368 367/367/367 366/366/366
f 370/370/370 371/371/371 367/367/367
f 370/370/370 367/367/367 369/369/369
f 365/365/365 364/364/364 367/367/367
f 365/365/365 367/367/367 371/371/371
f 361/361/361 360/360/360 367/367/367
f 361/361/361 367/367/367 364/364/364
f 372/372/372 373/373/373 374/374/374
f 372/372/372 374/374/374 375/375/375
f 373/373/373 355/355/355 363/363/363
f 373/373/373 363/363/363 374/374/374
f 374/374/374 363/363/363 365/365/365
f 374/374/374 365/365/365 371/371/371
f 375/375/375 374/374/374 371/371/371
f 375/375/375 371/371/371 370/370/370
f 376/376/376 377/377/377 378/378/378
f 376/376/376 378/378/378 379/379/379
f 377/377/377 372/372/372 375/375/375
f 377/377/377 375/375/375 378/378/378
f 378/378/378 375/375/375 370/370/370
f 378/378/378 370/370/370 369/369/369
f 379/379/379 378/378/378 369/369/369
f 379/379/379 369/369/369 368/368/368
f 380/380/380 381/381/381 382/382/382
f 380/380/380 382/382/382 383/383/383
f 381/381/381 345/345/345 353/353/353
f 381/381/381 353/353/353 382/382/382
f 382/382/382 353/353/353 355/355/355
f 382/382/382 355/355/355 373/373/373
f 383/383/383 382/382/382 373/373/373
f 383/383/383 373/373/373 372/372/372
f 384/384/384 385/385/385 386/386/386
f 384/384/384 386/386/386 387/387/387
f 385/385/385 380/380/380 383/383/383
f 385/385/385 383/383/383 386/386/386
f 386/386/386 383/383/383 372/372/372
f 386/386/386 372/372/372 377/377/377
f 387/387/387 386/386/386 377/377/377
f 387/387/387 377/377/377 376/376/376
f 304/304/304 311/311/311 388/388/388
f 304/304/304 388/388/388 389/389/389
f 311/311/311 310/310/310 343/343/343
f 311/311/311 343/343/343 388/388/388
f 388/388/388 343/343/343 345/345/345
f 388/388/388 345/345/345 381/381/381
f 389/389/389 388/388/388 381/381/381
f 389/389/389 381/381/381 380/380/380
f 299/299/299 305/305/305 390/390/390
f 299/299/299 390/390/390 391/391/391
f 305/305/305 304/304/304 389/389/389
f 305/305/305 389/389/389 390/390/390
f 390/390/390 389/389/389 380/380/380
f 390/390/390 380/380/380 385/385/385
f 391/391/391 390/390/390 385/385/385
f 391/391/391 385/385/385 384/384/384
f 339/339/339 392/392/392 393/393/393
f 339/339/339 393/393/393 348/348/348
f 392/392/392 384/384/384 387/387/387
f 392/392/392 387/387/387 393/393/393
f 393/393/393 387/387/387 376/376/376
f 393/393/393 376/376/376 394/394/394
f 348/348/348 393/393/393 394/394/394
f 348/348/348 394/394/394 349/349/349
f 301/301/301 300/300/300 395/395/395
f 301/301/301 395/395/395 338/338/338
f 300/300/300 299/299/299 391/391/391
f 300/300/300 391/391/391 395/395/395
f 395/395/395 391/391/391 384/384/384
f 395/395/395 384/384/384 392/392/392
f 338/338/338 395/395/395 392/392/392
f 338/338/338 392/392/392 339/339/339
f 349/349/349 394/394/394 396/396/396
f 349/349/349 396/396/396 358/358/358
f 394/394/394 376/376/376 379/379/379
f 394/394/394 379/379/379 396/396/396
f 396/396/396 379/379/379 368/368/368
f 396/396/396 368/368/368 366/366/366
f 358/358/358 396/396/396 366/366/366
f 358/358/358 366/366/366 359/359/359
f 397/397/397 398/398/398 399/399/399
f 397/397/397 399/399/399 400/400/400
f 398/398/398 401/401/401 402/402/402
f 398/398/398 402/402/402 399/399/399
f 399/399/399 402/402/402 403/403/403
f 399/399/399 403/403/403 404/404/404
f 400/400/400 399/399/399 404/404/404
f 400/400/400 404/404/404 405/405/405
f 397/397/397 406/406/406 407/407/407
f 397/397/397 407/407/407 398/398/398
f 408/408/408 409/409/409 407/407/407
f 408/408/408 407/407/407 406/406/406
f 410/410/410 411/411/411 407/407/407
f 410/410/410 407/407/407 409/409/409
f 412/412/412 413/413/413 407/407/407
f 412/412/412 407/407/407 411/411/411
f 401/401/401 398/398/398 407/407/407
f 401/401/401 407/407/407 413/413/413
f 401/401/401 413/413/413 414/414/414
f 401/401/401 414/414/414 402/402/402
f 413/413/413 412/412/412 415/415/415
f 413/413/413 415/415/415 414/414/414
f 414/414/414 415/415/415 416/416/416
f 414/414/414 416/416/416 417/417/417
f 402/402/402 414/414/414 417/417/417
f 402/402/402 417/417/417 403/403/403
f 405/405/405 404/404/404 418/418/418
f 405/405/405 418/418/418 419/419/419
f 404/404/404 403/403/403 420/420/420
f 404/404/404 420/420/420 418/418/418
f 418/418/418 420/420/420 421/421/421
f 418/418/418 421/421/421 422/422/422
f 419/419/419 418/418/418 422/422/422
f 419/419/419 422/422/422 423/423/423
f 403/403/403 417/417/417 424/424/424
f 403/403/403 424/424/424 420/420/420
f 417/417/417 416/416/416 425/425/425
f 417/417/417 425/425/425 424/424/424
f 424/424/424 425/425/425 426/426/426
f 424/424/424 426/426/426 427/427/427
f 420/420/420 424/424/424 427/427/427
f 420/420/420 427/427/427 421/421/421
f 423/423/423 422/422/422 428/428/428
f 423/423/423 428/428/428 429/429/429
f 422/422/422 421/421/421 430/430/430
f 422/422/422 430/430/430 428/428/428
f 428/428/428 430/430/430 431/431/431
f 428/428/428 431/431/431 432/432/432
f 429/429/429 428/428/428 432/432/432
f 429/429/429 432/432/432 433/433/433
f 421/421/421 427/427/427 434/434/434
f 421/421/421 434/434/434 430/430/430
f 427/427/427 426/426/426 435/435/435
f 427/427/427 435/435/435 434/434/434
f 434/434/434 435/435/435 436/436/436
f 434/434/434 436/436/436 437/437/437
f 430/430/430 434/434/434 437/437/437
f 430/430/430 437/437/437 431/431/431
f 426/426/426 438/438/438 439/439/439
f 426/426/426 439/439/439 435/435/435
f 438/438/438 440/440/440 441/441/441
f 438/438/438 441/441/441 439/439/439
f 439/439/439 441/441/441 442/442/442
f 439/439/439 442/442/442 443/443/443
f 435/435/435 439/439/439 443/443/443
f 435/435/435 443/443/443 436/436/436
f 416/416/416 444/444/444 445/445/445
f 416/416/416 445/445/445 425/425/425
f 444/444/444 446/446/446 447/447/447
f 444/444/444 447/447/447 445/445/445
f 445/445/445 447/447/447 440/440/440
f 445/445/445 440/440/440 438/438/438
f 425/425/425 445/445/445 438/438/438
f 425/425/425 438/438/438 426/426/426
f 446/446/446 448/448/448 449/449/449
f 446/446/446 449/449/449 447/447/447
f 448/448/448 450/450/450 451/451/451
f 448/448/448 451/451/451 449/449/449
f 449/449/449 451/451/451 452/452/452
f 449/449/449 452/452/452 453/453/453
f 447/447/447 449/449/449 453/453/453
f 447/447/447 453/453/453 440/440/440
f 440/440/440 453/453/453 454/454/454
f 440/440/440 454/454/454 441/441/441
f 453/453/453 452/452/452 455/455/455
f 453/453/453 455/455/455 454/454/454
f 454/454/454 455/455/455 456/456/456
f 454/454/454 456/456/456 457/457/457
f 441/441/441 454/454/454 457/457/457
f 441/441/441 457/457/457 442/442/442
f 452/452/452 458/458/458 459/459/459
f 452/452/452 459/459/459 455/455/455
f 458/458/458 423/423/423 429/429/429
f 458/458/458 429/429/429 459/459/459
f 459/459/459 429/429/429 433/433/433
f 459/459/459 433/433/433 460/460/460
f 455/455/455 459/459/459 460/460/460
f 455/455/455 460/460/460 456/456/456
f 450/450/450 461/461/461 462/462/462
f 450/450/450 462/462/462 451/451/451
f 461/461/461 405/405/405 419/419/419
f 461/461/461 419/419/419 462/462/462
f 462/462/462 419/419/419 423/423/423
f 462/462/462 423/423/423 458/458/458
f 451/451/451 462/462/462 458/458/458
f 451/451/451 458/458/458 452/452/452
f 408/408/408 406/406/406 463/463/463
f 408/408/408 463/463/463 464/464/464
f 406/406/406 397/397/397 400/400/400
f 406/406/406 400/400/400 463/463/463
f 463/463/463 400/400/400 405/405/405
f 463/463/463 405/405/405 461/461/461
f 464/464/464 463/463/463 461/461/461
f 464/464/464 461/461/461 450/450/450
f 410/410/410 409/409/409 465/465/465
f 410/410/410 465/465/465 466/466/466
f 409/409/409 408/408/408 464/464/464
f 409/409/409 464/464/464 465/465/465
f 465/465/465 464/464/464 450/450/450
f 465/465/465 450/450/450 448/448/448
f 466/466/466 465/465/465 448/448/448
f 466/466/466 448/448/448 446/446/446
f 412/412/412 411/411/411 467/467/467
f 412/412/412 467/467/467 415/415/415
f 411/411/411 410/410/410 466/466/466
f 411/411/411 466/466/466 467/467/467
f 467/467/467 466/466/466 446/446/446
f 467/467/467 446/446/446 444/444/444
f 415/415/415 467/467/467 444/444/444
f 415/415/415 444/444/444 416/416/416
f 456/456/456 460/460/460 468/468/468
f 456/456/456 468/468/468 469/469/469
f 460/460/460 433/433/433 470/470/470
f 460/460/460 470/470/470 468/468/468
f 468/468/468 470/470/470 471/471/471
f 468/468/468 471/471/471 472/472/472
f 469/469/469 468/468/468 472/472/472
f 469/469/469 472/472/472 473/473/473
f 442/442/442 457/457/457 474/474/474
f 442/442/442 474/474/474 475/475/475
f 457/457/457 456/456/456 469/469/469
f 457/457/457 469/469/469 474/474/474
f 474/474/474 469/469/469 473/473/473
f 474/474/474 473/473/473 476/476/476
f 475/475/475 474/474/474 476/476/476
f 475/475/475 476/476/476 477/477/477
f 473/473/473 472/472/472 478/478/478
f 473/473/473 478/478/478 479/479/479
f 472/472/472 471/471/471 480/480/480
f 472/472/472 480/480/480 478/478/478
f 478/478/478 480/480/480 481/481/481
f 478/478/478 481/481/481 482/482/482
f 479/479/479 478/478/478 482/482/482
f 479/479/479 482/482/482 483/483/483
f 477/477/477 476/476/476 484/484/484
f 477/477/477 484/484/484 485/485/485
f 476/476/476 473/473/473 479/479/479
f 476/476/476 479/479/479 484/484/484
f 484/484/484 479/479/479 483/483/483
f 484/484/484 483/483/483 486/486/486
f 485/485/485 484/484/484 486/486/486
f 485/485/485 486/486/486 487/487/487
f 483/483/483 482/482/482 488/488/488
f 483/483/483 488/488/488 489/489/489
f 482/482/482 481/481/481 490/490/490
f 482/482/482 490/490/490 488/488/488
f 488/488/488 490/490/490 491/491/491
f 488/488/488 491/491/491 492/492/492
f 489/489/489 488/488/488 492/492/492
f 489/489/489 492/492/492 493/493/493
f 487/487/487 486/486/486 494/494/494
f 487/487/487 494/494/494 495/495/495
f 486/486/486 483/483/483 489/489/489
f 486/486/486 489/489/489 494/494/494
f 494/494/494 489/489/489 493/493/493
f 494/494/494 493/493/493 496/496/496
f 495/495/495 494/494/494 496/496/496
f 495/495/495 496/496/496 497/497/497
f 491/491/491 498/498/498 499/499/499
f 491/491/491 499/499/499 492/492/492
f 500/500/500 501/501/501 499/499/499
f 500/500/500 499/499/499 498/498/498
f 502/502/502 503/503/503 499/499/499
f 502/502/502 499/499/499 501/501/501
f 497/497/497 496/496/496 499/499/499
f 497/497/497 499/499/499 503/503/503
f 493/493/493 492/492/492 499/499/499
f 493/493/493 499/499/499 496/496/496
f 504/504/504 505/505/505 506/506/506
f 504/504/504 506/506/506 507/507/507
f 505/505/505 487/487/487 495/495/495
f 505/505/505 495/495/495 506/506/506
f 506/506/506 495/495/495 497/497/497
f 506/506/506 497/497/497 503/503/503
f 507/507/507 506/506/506 503/503/503
f 507/507/507 503/503/503 502/502/502
f 508/508/508 509/509/509 510/510/510
f 508/508/508 510/510/510 511/511/511
f 509/509/509 504/504/504 507/507/507
f 509/509/509 507/507/507 510/510/510
f 510/510/510 507/507/507 502/502/502
f 510/510/510 502/502/502 501/501/501
f 511/511/511 510/510/510 501/501/501
f 511/511/511 501/501/501 500/500/500
f 512/512/512 513/513/513 514/514/514
f 512/512/512 514/514/514 515/515/515
f 513/513/513 477/477/477 485/485/485
f 513/513/513 485/485/485 514/514/514
f 514/514/514 485/485/485 487/487/487
f 514/514/514 487/487/487 505/505/505
f 515/515/515 514/514/514 505/505/505
f 515/515/515 505/505/505 504/504/504
f 516/516/516 517/517/517 518/518/518
f 516/516/516 518/518/518 519/519/519
f 517/517/517 512/512/512 515/515/515
f 517/517/517 515/515/515 518/518/518
f 518/518/518 515/515/515 504/504/504
f 518/518/518 504/504/504 509/509/509
f 519/519/519 518/518/518 509/509/509
f 519/519/519 509/509/509 508/508/508
f 436/436/436 443/443/443 520/520/520
f 436/436/436 520/520/520 521/521/521
f 443/443/443 442/442/442 475/475/475
f 443/443/443 475/475/475 520/520/520
f 520/520/520 475/475/475 477/477/477
f 520/520/520 477/477/477 513/513/513
f 521/521/521 520/520/520 513/513/513
f 521/521/521 513/513/513 512/512/512
f 431/431/431 437/437/437 522/522/522
f 431/431/431 522/522/522 523/523/523
f 437/437/437 436/436/436 521/521/521
f 437/437/437 521/521/521 522/522/522
f 522/522/522 521/521/521 512/512/512
f 522/522/522 512/512/512 517/517/517
f 523/523/523 522/522/522 517/517/517
f 523/523/523 517/517/517 516/516/516
f 471/471/471 524/524/524 525/525/525
f 471/471/471 525/525/525 480/480/480
f 524/524/524 516/516/516 519/519/519
f 524/524/524 519/519/519 525/525/525
f 525/525/525 519/519/519 508/508/508
f 525/525/525 508/508/508 526/526/526
f 480/480/480 525/525/525 526/526/526
f 480/480/480 526/526/526 481/481/481
f 433/433/433 432/432/432 527/527/527
f 433/433/433 527/527/527 470/470/470
f 432/432/432 431/431/431 523/523/523
f 432/432/432 523/523/523 527/527/527
f 527/527/527 523/523/523 516/516/516
f 527/527/527 516/516/516 524/524/524
f 470/470/470 527/527/527 524/524/524
f 470/470/470 524/524/524 471/471/471
f 481/481/481 526/526/526 528/528/528
f 481/481/481 528/528/528 490/490/490
f 526/526/526 508/508/508 511/511/511
f 526/526/526 511/511/511 528/528/528
f 528/528/528 511/511/511 500/500/500
f 528/528/528 500/500/500 498/498/498
f 490/490/490 528/528/528 498/498/498
f 490/490/490 498/498/498 491/491/491
f 529/529/529 530/530/530 531/531/531
f 529/529/529 531/531/531 532/532/532
f 530/530/530 533/533/533 534/534/534
f 530/530/530 534/534/534 531/531/531
f 531/531/531 534/534/534 535/535/535
f 531/531/531 535/535/535 536/536/536
f 532/532/532 531/531/531 536/536/536
f 532/532/532 536/536/536 537/537/537
f 529/529/529 538/538/538 539/539/539
f 529/529/529 539/539/539 530/530/530
f 540/540/540 541/541/541 539/539/539
f 540/540/540 539/539/539 538/538/538
f 542/542/542 543/543/543 539/539/539
f 542/542/542 539/539/539 541/541/541
f 544/544/544 545/545/545 539/539/539
f 544/544/544 539/539/539 543/543/543
f 533/533/533 530/530/530 539/539/539
f 533/533/533 539/539/539 545/545/545
f 533/533/533 545/545/545 546/546/546
f 533/533/533 546/546/546 534/534/534
f 545/545/545 544/544/544 547/547/547
f 545/545/545 547/547/547 546/546/546
f 546/546/546 547/547/547 548/548/548
f 546/546/546 548/548/548 549/549/549
f 534/534/534 546/546/546 549/549/549
f 534/534/534 549/549/549 535/535/535
f 537/537/537 536/536/536 550/550/550
f 537/537/537 550/550/550 551/551/551
f 536/536/536 535/535/535 552/552/552
f 536/536/536 552/552/552 550/550/550
f 550/550/550 552/552/552 553/553/553
f 550/550/550 553/553/553 554/554/554
f 551/551/551 550/550/550 554/554/554
f 551/551/551 554/554/554 555/555/555
f 535/535/535 549/549/549 556/556/556
f 535/535/535 556/556/556 552/552/552
f 549/549/549 548/548/548 557/557/557
f 549/549/549 557/557/557 556/556/556
f 556/556/556 557/557/557 558/558/558
f 556/556/556 558/558/558 559/559/559
f 552/552/552 556/556/556 559/559/559
f 552/552/552 559/559/559 553/553/553
f 555/555/555 554/554/554 560/560/560
f 555/555/555 560/560/560 561/561/561
f 554/554/554 553/553/553 562/562/562
f 554/554/554 562/562/562 560/560/560
f 560/560/560 562/562/562 563/563/563
f 560/560/560 563/563/563 564/564/564
f 561/561/561 560/560/560 564/564/564
f 561/561/561 564/564/564 565/565/565
f 553/553/553 559/559/559 566/566/566
f 553/553/553 566/566/566 562/562/562
f 559/559/559 558/558/558 567/567/567
f 559/559/559 567/567/567 566/566/566
f 566/566/566 567/567/567 568/568/568
f 566/566/566 568/568/568 569/569/569
f 562/562/562 566/566/566 569/569/569
f 562/562/562 569/569/569 563/563/563
f 558/558/558 570/570/570 571/571/571
f 558/558/558 571/571/571 567/567/567
f 570/570/570 572/572/572 573/573/573
f 570/570/570 573/573/573 571/571/571
f 571/571/571 573/573/573 574/574/574
f 571/571/571 574/574/574 575/575/575
f 567/567/567 571/571/571 575/575/575
f 567/567/567 575/575/575 568/568/568
f 548/548/548 576/576/576 577/577/577
f 548/548/548 577/577/577 557/557/557
f 576/576/576 578/578/578 579/579/579
f 576/576/576 579/579/579 577/577/577
f 577/577/577 579/579/579 572/572/572
f 577/577/577 572/572/572 570/570/570
f 557/557/557 577/577/577 570/570/570
f 557/557/557 570/570/570 558/558/558
f 578/578/578 580/580/580 581/581/581
f 578/578/578 581/581/581 579/579/579
f 580/580/580 582/582/582 583/583/583
f 580/580/580 583/583/583 581/581/581
f 581/581/581 583/583/583 584/584/584
f 581/581/581 584/584/584 585/585/585
f 579/579/579 581/581/581 585/585/585
f 579/579/579 585/585/585 572/572/572
f 572/572/572 585/585/585 586/586/586
f 572/572/572 586/586/586 573/573/573
f 585/585/585 584/584/584 587/587/587
f 585/585/585 587/587/587 586/586/586
f 586/586/586 587/587/587 588/588/588
f 586/586/586 588/588/588 589/589/589
f 573/573/573 586/586/586 589/589/589
f 573/573/573 589/589/589 574/574/574
f 584/584/584 590/590/590 591/591/591
f 584/584/584 591/591/591 587/587/587
f 590/590/590 555/555/555 561/561/561
f 590/590/590 561/561/561 591/591/591
f 591/591/591 561/561/561 565/565/565
f 591/591/591 565/565/565 592/592/592
f 587/587/587 591/591/591 592/592/592
f 587/587/587 592/592/592 588/588/588
f 582/582/582 593/593/593 594/594/594
f 582/582/582 594/594/594 583/583/583
f 593/593/593 537/537/537 551/551/551
f 593/593/593 551/551/551 594/594/594
f 594/594/594 551/551/551 555/555/555
f 594/594/594 555/555/555 590/590/590
f 583/583/583 594/594/594 590/590/590
f 583/583/583 590/590/590 584/584/584
f 540/540/540 538/538/538 595/595/595
f 540/540/540 595/595/595 596/596/596
f 538/538/538 529/529/529 532/532/532
f 538/538/538 532/532/532 595/595/595
f 595/595/595 532/532/532 537/537/537
f 595/595/595 537/537/537 593/593/593
f 596/596/596 595/595/595 593/593/593
f 596/596/596 593/593/593 582/582/582
f 542/542/542 541/541/541 597/597/597
f 542/542/542 597/597/597 598/598/598
f 541/541/541 540/540/540 596/596/596
f 541/541/541 596/596/596 597/597/597
f 597/597/597 596/596/596 582/582/582
f 597/597/597 582/582/582 580/580/580
f 598/598/598 597/597/597 580/580/580
f 598/598/598 580/580/580 578/578/578
f 544/544/544 543/543/543 599/599/599
f 544/544/544 599/599/599 547/547/547
f 543/543/543 542/542/542 598/598/598
f 543/543/543 598/598/598 599/599/599
f 599/599/599 598/598/598 578/578/578
f 599/599/599 578/578/578 576/576/576
f 547/547/547 599/599/599 576/576/576
f 547/547/547 576/576/576 548/548/548
f 588/588/588 592/592/592 600/600/600
f 588/588/588 600/600/600 601/601/601
f 592/592/592 565/565/565 602/602/602
f 592/592/592 602/602/602 600/600/600
f 600/600/600 602/602/602 603/603/603
f 600/600/600 603/603/603 604/604/604
f 601/601/601 600/600/600 604/604/604
f 601/601/601 604/604/604 605/605/605
f 574/574/574 589/589/589 606/606/606
f 574/574/574 606/606/606 607/607/607
f 589/589/589 588/588/588 601/601/601
f 589/589/589 601/601/601 606/606/606
f 606/606/606 601/601/601 605/605/605
f 606/606/606 605/605/605 608/608/608
f 607/607/607 606/606/606 608/608/608
f 607/607/607 608/608/608 609/609/609
f 605/605/605 604/604/604 610/610/610
f 605/605/605 610/610/610 611/611/611
f 604/604/604 603/603/603 612/612/612
f 604/604/604 612/612/612 610/610/610
f 610/610/610 612/612/612 613/613/613
f 610/610/610 613/613/613 614/614/614
f 611/611/611 610/610/610 614/614/614
f 611/611/611 614/614/614 615/615/615
f 609/609/609 608/608/608 616/616/616
f 609/609/609 616/616/616 617/617/617
f 608/608/608 605/605/605 611/611/611
f 608/608/608 611/611/611 616/616/616
f 616/616/616 611/611/611 615/615/615
f 616/616/616 615/615/615 618/618/618
f 617/617/617 616/616/616 618/618/618
f 617/617/617 618/618/618 619/619/619
f 615/615/615 614/614/614 620/620/620
f 615/615/615 620/620/620 621/621/621
f 614/614/614 613/613/613 622/622/622
f 614/614/614 622/622/622 620/620/620
f 620/620/620 622/622/622 623/623/623
f 620/620/620 623/623/623 624/624/624
f 621/621/621 620/620/620 624/624/624
f 621/621/621 624/624/624 625/625/625
f 619/619/619 618/618/618 626/626/626
f 619/619/619 626/626/626 627/627/627
f 618/618/618 615/615/615 621/621/621
f 618/618/618 621/621/621 626/626/626
f 626/626/626 621/621/621 625/625/625
f 626/626/626 625/625/625 628/628/628
f 627/627/627 626/626/626 628/628/628
f 627/627/627 628/628/628 629/629/629
f 623/623/623 630/630/630 631/631/631
f 623/623/623 631/631/631 624/624/624
f 632/632/632 633/633/633 631/631/631
f 632/632/632 631/631/631 630/630/630
f 634/634/634 635/635/635 631/631/631
f 634/634/634 631/631/631 633/633/633
f 629/629/629 628/628/628 631/631/631
f 629/629/629 631/631/631 635/635/635
f 625/625/625 624/624/624 631/631/631
f 625/625/625 631/631/631 628/628/628
f 636/636/636 637/637/637 638/638/638
f 636/636/636 638/638/638 639/639/639
f 637/637/637 619/619/619 627/627/627
f 637/637/637 627/627/627 638/638/638
f 638/638/638 627/627/627 629/629/629
f 638/638/638 629/629/629 635/635/635
f 639/639/639 638/638/638 635/635/635
f 639/639/639 635/635/635 634/634/634
f 640/640/640 641/641/641 642/642/642
f 640/640/640 642/642/642 643/643/643
f 641/641/641 636/636/636 639/639/639
f 641/641/641 639/639/639 642/642/642
f 642/642/642 639/639/639 634/634/634
f 642/642/642 634/634/634 633/633/633
f 643/643/643 642/642/642 633/633/633
f 643/643/643 633/633/633 632/632/632
f 644/644/644 645/645/645 646/646/646
f 644/644/644 646/646/646 647/647/647
f 645/645/645 609/609/609 617/617/617
f 645/645/645 617/617/617 646/646/646
f 646/646/646 617/617/617 619/619/619
f 646/646/646 619/619/619 637/637/637
f 647/647/647 646/646/646 637/637/637
f 647/647/647 637/637/637 636/636/636
f 648/648/648 649/649/649 650/650/650
f 648/648/648 650/650/650 651/651/651
f 649/649/649 644/644/644 647/647/647
f 649/649/649 647/647/647 650/650/650
f 650/650/650 647/647/647 636/636/636
f 650/650/650 636/636/636 641/641/641
f 651/651/651 650/650/650 641/641/641
f 651/651/651 641/641/641 640/640/640
f 568/568/568 575/575/575 652/652/652
f 568/568/568 652/652/652 653/653/653
f 575/575/575 574/574/574 607/607/607
f 575/575/575 607/607/607 652/652/652
f 652/652/652 607/607/607 609/609/609
f 652/652/652 609/609/609 645/645/645
f 653/653/653 652/652/652 645/645/645
f 653/653/653 645/645/645 644/644/644
f 563/563/563 569/569/569 654/654/654
f 563/563/563 654/654/654 655/655/655
f 569/569/569 568/568/568 653/653/653
f 569/569/569 653/653/653 654/654/654
f 654/654/654 653/653/653 644/644/644
f 654/654/654 644/644/644 649/649/649
f 655/655/655 654/654/654 649/649/649
f 655/655/655 649/649/649 648/648/648
f 603/603/603 656/656/656 657/657/657
f 603/603/603 657/657/657 612/612/612
f 656/656/656 648/648/648 651/651/651
f 656/656/656 651/651/651 657/657/657
f 657/657/657 651/651/651 640/640/640
f 657/657/657 640/640/640 658/658/658
f 612/612/612 657/657/657 658/658/658
f 612/612/612 658/658/658 613/613/613
f 565/565/565 564/564/564 659/659/659
f 565/565/565 659/659/659 602/602/602
f 564/564/564 563/563/563 655/655/655
f 564/564/564 655/655/655 659/659/659
f 659/659/659 655/655/655 648/648/648
f 659/659/659 648/648/648 656/656/656
f 602/602/602 659/659/659 656/656/656
f 602/602/602 656/656/656 603/603/603
f 613/613/613 658/658/658 660/660/660
f 613/613/613 660/660/660 622/622/622
f 658/658/658 640/640/640 643/643/643
f 658/658/658 643/643/643 660/660/660
f 660/660/660 643/643/643 632/632/632
f 660/660/660 632/632/632 630/630/630
f 622/622/622 660/660/660 630/630/630
f 622/622/622 630/630/630 623/623/623
f 661/661/661 662/662/662 663/663/663
f 661/661/661 663/663/663 664/664/664
f 662/662/662 665/665/665 666/666/666
f 662/662/662 666/666/666 663/663/663
f 663/663/663 666/666/666 667/667/667
f 663/663/663 667/667/667 668/668/668
f 664/664/664 663/663/663 668/668/668
f 664/664/664 668/668/668 669/669/669
f 661/661/661 670/670/670 671/671/671
f 661/661/661 671/671/671 662/662/662
f 672/672/672 673/673/673 671/671/671
f 672/672/672 671/671/671 670/670/670
f 674/674/674 675/675/675 671/671/671
f 674/674/674 671/671/671 673/673/673
f 676/676/676 677/677/677 671/671/671
f 676/676/676 671/671/671 675/675/675
f 665/665/665 662/662/662 671/671/671
f 665/665/665 671/671/671 677/677/677
f 665/665/665 677/677/677 678/678/678
f 665/665/665 678/678/678 666/666/666
f 677/677/677 676/676/676 679/679/679
f 677/677/677 679/679/679 678/678/678
f 678/678/678 679/679/679 680/680/680
f 678/678/678 680/680/680 681/681/681
f 666/666/666 678/678/678 681/681/681
f 666/666/666 681/681/681 667/667/667
f 669/669/669 668/668/668 682/682/682
f 669/669/669 682/682/682 683/683/683
f 668/668/668 667/667/667 684/684/684
f 668/668/668 684/684/684 682/682/682
f 682/682/682 684/684/684 685/685/685
f 682/682/682 685/685/685 686/686/686
f 683/683/683 682/682/682 686/686/686
f 683/683/683 686/686/686 687/687/687
f 667/667/667 681/681/681 688/688/688
f 667/667/667 688/688/688 684/684/684
f 681/681/681 680/680/680 689/689/689
f 681/681/681 689/689/689 688/688/688
f 688/688/688 689/689/689 690/690/690
f 688/688/688 690/690/690 691/691/691
f 684/684/684 688/688/688 691/691/691
f 684/684/684 691/691/691 685/685/685
f 687/687/687 686/686/686 692/692/692
f 687/687/687 692/692/692 693/693/693
f 686/686/686 685/685/685 694/694/694
f 686/686/686 694/694/694 692/692/692
f 692/692/692 694/694/694 695/695/695
f 692/692/692 695/695/695 696/696/696
f 693/693/693 692/692/692 696/696/696
f 693/693/693 696/696/696 697/697/697
f 685/685/685 691/691/691 698/698/698
f 685/685/685 698/698/698 694/694/694
f 691/691/691 690/690/690 699/699/699
f 691/691/691 699/699/699 698/698/698
f 698/698/698 699/699/699 700/700/700
f 698/698/698 700/700/700 701/701/701
f 694/694/694 698/698/698 701/701/701
f 694/694/694 701/701/701 695/695/695
f 680/680/680 702/702/702 703/703/703
f 680/680/680 703/703/703 689/689/689
f 702/702/702 704/704/704 705/705/705
f 702/702/702 705/705/705 703/703/703
f 703/703/703 705/705/705 706/706/706
f 703/703/703 706/706/706 707/707/707
f 689/689/689 703/703/703 707/707/707
f 689/689/689 707/707/707 690/690/690
f 690/690/690 707/707/707 708/708/708
f 690/690/690 708/708/708 699/699/699
f 707/707/707 706/706/706 709/709/709
f 707/707/707 709/709/709 708/708/708
f 708/708/708 709/709/709 710/710/710
f 708/708/708 710/710/710 711/711/711
f 699/699/699 708/708/708 711/711/711
f 699/699/699 711/711/711 700/700/700
f 706/706/706 712/712/712 713/713/713
f 706/706/706 713/713/713 709/709/709
f 712/712/712 714/714/714 715/715/715
f 712/712/712 715/715/715 713/713/713
f 713/713/713 715/715/715 716/716/716
f 713/713/713 716/716/716 717/717/717
f 709/709/709 713/713/713 717/717/717
f 709/709/709 717/717/717 710/710/710
f 704/704/704 718/718/718 719/719/719
f 704/704/704 719/719/719 705/705/705
f 718/718/718 720/720/720 721/721/721
f 718/718/718 721/721/721 719/719/719
f 719/719/719 721/721/721 714/714/714
f 719/719/719 714/714/714 712/712/712
f 705/705/705 719/719/719 712/712/712
f 705/705/705 712/712/712 706/706/706
f 720/720/720 722/722/722 723/723/723
f 720/720/720 723/723/723 721/721/721
f 722/722/722 669/669/669 683/683/683
f 722/722/722 683/683/683 723/723/723
f 723/723/723 683/683/683 687/687/687
f 723/723/723 687/687/687 724/724/724
f 721/721/721 723/723/723 724/724/724
f 721/721/721 724/724/724 714/714/714
f 714/714/714 724/724/724 725/725/725
f 714/714/714 725/725/725 715/715/715
f 724/724/724 687/687/687 693/693/693
f 724/724/724 693/693/693 725/725/725
f 725/725/725 693/693/693 697/697/697
f 725/725/725 697/697/697 726/726/726
f 715/715/715 725/725/725 726/726/726
f 715/715/715 726/726/726 716/716/716
f 716/716/716 726/726/726 727/727/727
f 716/716/716 727/727/727 728/728/728
f 726/726/726 697/697/697 729/729/729
f 726/726/726 729/729/729 727/727/727
f 727/727/727 729/729/729 730/730/730
f 727/727/727 730/730/730 731/731/731
f 728/728/728 727/727/727 731/731/731
f 728/728/728 731/731/731 732/732/732
f 710/710/710 717/717/717 733/733/733
f 710/710/710 733/733/733 734/734/734
f 717/717/717 716/716/716 728/728/728
f 717/717/717 728/728/728 733/733/733
f 733/733/733 728/728/728 732/732/732
f 733/733/733 732/732/732 735/735/735
f 734/734/734 733/733/733 735/735/735
f 734/734/734 735/735/735 736/736/736
f 732/732/732 731/731/731 737/737/737
f 732/732/732 737/737/737 738/738/738
f 731/731/731 730/730/730 739/739/739
f 731/731/731 739/739/739 737/737/737
f 737/737/737 739/739/739 740/740/740
f 737/737/737 740/740/740 741/741/741
f 738/738/738 737/737/737 741/741/741
f 738/738/738 741/741/741 742/742/742
f 736/736/736 735/735/735 743/743/743
f 736/736/736 743/743/743 744/744/744
f 735/735/735 732/732/732 738/738/738
f 735/735/735 738/738/738 743/743/743
f 743/743/743 738/738/738 742/742/742
f 743/743/743 742/742/742 745/745/745
f 744/744/744 743/743/743 745/745/745
f 744/744/744 745/745/745 746/746/746
f 742/742/742 741/741/741 747/747/747
f 742/742/742 747/747/747 748/748/748
f 741/741/741 740/740/740 749/749/749
f 741/741/741 749/749/749 747/747/747
f 747/747/747 749/749/749 750/750/750
f 747/747/747 750/750/750 751/751/751
f 748/748/748 747/747/747 751/751/751
f 748/748/748 751/751/751 752/752/752
f 746/746/746 745/745/745 753/753/753
f 746/746/746 753/753/753 754/754/754
f 745/745/745 742/742/742 748/748/748
f 745/745/745 748/748/748 753/753/753
f 753/753/753 748/748/748 752/752/752
f 753/753/753 752/752/752 755/755/755
f 754/754/754 753/753/753 755/755/755
f 754/754/754 755/755/755 756/756/756
f 752/752/752 751/751/751 757/757/757
f 752/752/752 757/757/757 758/758/758
f 751/751/751 750/750/750 759/759/759
f 751/751/751 759/759/759 757/757/757
f 757/757/757 759/759/759 760/760/760
f 757/757/757 760/760/760 761/761/761
f 758/758/758 757/757/757 761/761/761
f 758/758/758 761/761/761 762/762/762
f 756/756/756 755/755/755 763/763/763
f 756/756/756 763/763/763 764/764/764
f 755/755/755 752/752/752 758/758/758
f 755/755/755 758/758/758 763/763/763
f 763/763/763 758/758/758 762/762/762
f 763/763/763 762/762/762 765/765/765
f 764/764/764 763/763/763 765/765/765
f 764/764/764 765/765/765 766/766/766
f 762/762/762 761/761/761 767/767/767
f 762/762/762 767/767/767 768/768/768
f 761/761/761 760/760/760 769/769/769
f 761/761/761 769/769/769 767/767/767
f 767/767/767 769/769/769 770/770/770
f 767/767/767 770/770/770 771/771/771
f 768/768/768 767/767/767 771/771/771
f 768/768/768 771/771/771 772/772/772
f 766/766/766 765/765/765 773/773/773
f 766/766/766 773/773/773 774/774/774
f 765/765/765 762/762/762 768/768/768
f 765/765/765 768/768/768 773/773/773
f 773/773/773 768/768/768 772/772/772
f 773/773/773 772/772/772 775/775/775
f 774/774/774 773/773/773 775/775/775
f 774/774/774 775/775/775 776/776/776
f 772/772/772 771/771/771 777/777/777
f 772/772/772 777/777/777 778/778/778
f 771/771/771 770/770/770 779/779/779
f 771/771/771 779/779/779 777/777/777
f 777/777/777 779/779/779 780/780/780
f 777/777/777 780/780/780 781/781/781
f 778/778/778 777/777/777 781/781/781
f 778/778/778 781/781/781 782/782/782
f 776/776/776 775/775/775 783/783/783
f 776/776/776 783/783/783 784/784/784
f 775/775/775 772/772/772 778/778/778
f 775/775/775 778/778/778 783/783/783
f 783/783/783 778/778/778 782/782/782
f 783/783/783 782/782/782 785/785/785
f 784/784/784 783/783/783 785/785/785
f 784/784/784 785/785/785 786/786/786
f 782/782/782 781/781/781 787/787/787
f 782/782/782 787/787/787 788/788/788
f 781/781/781 780/780/780 789/789/789
f 781/781/781 789/789/789 787/787/787
f 787/787/787 789/789/789 790/790/790
f 787/787/787 790/790/790 791/791/791
f 788/788/788 787/787/787 791/791/791
f 788/788/788 791/791/791 792/792/792
f 786/786/786 785/785/785 793/793/793
f 786/786/786 793/793/793 794/794/794
f 785/785/785 782/782/782 788/788/788
f 785/785/785 788/788/788 793/793/793
f 793/793/793 788/788/788 792/792/792
f 793/793/793 792/792/792 795/795/795
f 794/794/794 793/793/793 795/795/795
f 794/794/794 795/795/795 796/796/796
f 790/790/790 797/797/797 798/798/798
f 790/790/790 798/798/798 791/791/791
f 799/799/799 800/800/800 798/798/798
f 799/799/799 798/798/798 797/797/797
f 801/801/801 802/802/802 798/798/798
f 801/801/801 798/798/798 800/800/800
f 796/796/796 795/795/795 798/798/798
f 796/796/796 798/798/798 802/802/802
f 792/792/792 791/791/791 798/798/798
f 792/792/792 798/798/798 795/795/795
f 803/803/803 804/804/804 805/805/805
f 803/803/803 805/805/805 806/806/806
f 804/804/804 786/786/786 794/794/794
f 804/804/804 794/794/794 805/805/805
f 805/805/805 794/794/794 796/796/796
f 805/805/805 796/796/796 802/802/802
f 806/806/806 805/805/805 802/802/802
f 806/806/806 802/802/802 801/801/801
f 807/807/807 808/808/808 809/809/809
f 807/807/807 809/809/809 810/810/810
f 808/808/808 803/803/803 806/806/806
f 808/808/808 806/806/806 809/809/809
f 809/809/809 806/806/806 801/801/801
f 809/809/809 801/801/801 800/800/800
f 810/810/810 809/809/809 800/800/800
f 810/810/810 800/800/800 799/799/799
f 811/811/811 812/812/812 813/813/813
f 811/811/811 813/813/813 814/814/814
f 812/812/812 776/776/776 784/784/784
f 812/812/812 784/784/784 813/813/813
f 813/813/813 784/784/784 786/786/786
f 813/813/813 786/786/786 804/804/804
f 814/814/814 813/813/813 804/804/804
f 814/814/814 804/804/804 803/803/803
f 815/815/815 816/816/816 817/817/817
f 815/815/815 817/817/817 818/818/818
f 816/816/816 811/811/811 814/814/814
f 816/816/816 814/814/814 817/817/817
f 817/817/817 814/814/814 803/803/803
f 817/817/817 803/803/803 808/808/808
f 818/818/818 817/817/817 808/808/808
f 818/818/818 808/808/808 807/807/807
f 819/819/819 820/820/820 821/821/821
f 819/819/819 821/821/821 822/822/822
f 820/820/820 766/766/766 774/774/774
f 820/820/820 774/774/774 821/821/821
f 821/821/821 774/774/774 776/776/776
f 821/821/821 776/776/776 812/812/812
f 822/822/822 821/821/821 812/812/812
f 822/822/822 812/812/812 811/811/811
f 823/823/823 824/824/824 825/825/825
f 823/823/823 825/825/825 826/826/826
f 824/824/824 819/819/819 822/822/822
f 824/824/824 822/822/822 825/825/825
f 825/825/825 822/822/822 811/811/811
f 825/825/825 811/811/811 816/816/816
f 826/826/826 825/825/825 816/816/816
f 826/826/826 816/816/816 815/815/815
f 827/827/827 828/828/828 829/829/829
f 827/827/827 829/829/829 830/830/830
f 828/828/828 756/756/756 764/764/764
f 828/828/828 764/764/764 829/829/829
f 829/829/829 764/764/764 766/766/766
f 829/829/829 766/766/766 820/820/820
f 830/830/830 829/829/829 820/820/820
f 830/830/830 820/820/820 819/819/819
f 831/831/831 832/832/832 833/833/833
f 831/831/831 833/833/833 834/834/834
f 832/832/832 827/827/827 830/830/830
f 832/832/832 830/830/830 833/833/833
f 833/833/833 830/830/830 819/819/819
f 833/833/833 819/819/819 824/824/824
f 834/834/834 833/833/833 824/824/824
f 834/834/834 824/824/824 823/823/823
f 835/835/835 836/836/836 837/837/837
f 835/835/835 837/837/837 838/838/838
f 836/836/836 746/746/746 754/754/754
f 836/836/836 754/754/754 837/837/837
f 837/837/837 754/754/754 756/756/756
f 837/837/837 756/756/756 828/828/828
f 838/838/838 837/837/837 828/828/828
f 838/838/838 828/828/828 827/827/827
f 839/839/839 840/840/840 841/841/841
f 839/839/839 841/841/841 842/842/842
f 840/840/840 835/835/835 838/838/838
f 840/840/840 838/838/838 841/841/841
f 841/841/841 838/838/838 827/827/827
f 841/841/841 827/827/827 832/832/832
f 842/842/842 841/841/841 832/832/832
f 842/842/842 832/832/832 831/831/831
f 843/843/843 844/844/844 845/845/845
f 843/843/843 845/845/845 846/846/846
f 844/844/844 736/736/736 744/744/744
f 844/844/844 744/744/744 845/845/845
f 845/845/845 744/744/744 746/746/746
f 845/845/845 746/746/746 836/836/836
f 846/846/846 845/845/845 836/836/836
f 846/846/846 836/836/836 835/835/835
f 847/847/847 848/848/848 849/849/849
f 847/847/847 849/849/849 850/850/850
f 848/848/848 843/843/843 846/846/846
f 848/848/848 846/846/846 849/849/849
f 849/849/849 846/846/846 835/835/835
f 849/849/849 835/835/835 840/840/840
f 850/850/850 849/849/849 840/840/840
f 850/850/850 840/840/840 839/839/839
f 700/700/700 711/711/711 851/851/851
f 700/700/700 851/851/851 852/852/852
f 711/711/711 710/710/710 734/734/734
f 711/711/711 734/734/734 851/851/851
f 851/851/851 734/734/734 736/736/736
f 851/851/851 736/736/736 844/844/844
f 852/852/852 851/851/851 844/844/844
f 852/852/852 844/844/844 843/843/843
f 695/695/695 701/701/701 853/853/853
f 695/695/695 853/853/853 854/854/854
f 701/701/701 700/700/700 852/852/852
f 701/701/701 852/852/852 853/853/853
f 853/853/853 852/852/852 843/843/843
f 853/853/853 843/843/843 848/848/848
f 854/854/854 853/853/853 848/848/848
f 854/854/854 848/848/848 847/847/847
f 730/730/730 855/855/855 856/856/856
f 730/730/730 856/856/856 739/739/739
f 855/855/855 847/847/847 850/850/850
f 855/855/855 850/850/850 856/856/856
f 856/856/856 850/850/850 839/839/839
f 856/856/856 839/839/839 857/857/857
f 739/739/739 856/856/856 857/857/857
f 739/739/739 857/857/857 740/740/740
f 697/697/697 696/696/696 858/858/858
f 697/697/697 858/858/858 729/729/729
f 696/696/696 695/695/695 854/854/854
f 696/696/696 854/854/854 858/858/858
f 858/858/858 854/854/854 847/847/847
f 858/858/858 847/847/847 855/855/855
f 729/729/729 858/858/858 855/855/855
f 729/729/729 855/855/855 730/730/730
f 740/740/740 857/857/857 859/859/859
f 740/740/740 859/859/859 749/749/749
f 857/857/857 839/839/839 842/842/842
f 857/857/857 842/842/842 859/859/859
f 859/859/859 842/842/842 831/831/831
f 859/859/859 831/831/831 860/860/860
f 749/749/749 859/859/859 860/860/860
f 749/749/749 860/860/860 750/750/750
f 750/750/750 860/860/860 861/861/861
f 750/750/750 861/861/861 759/759/759
f 860/860/860 831/831/831 834/834/834
f 860/860/860 834/834/834 861/861/861
f 861/861/861 834/834/834 823/823/823
f 861/861/861 823/823/823 862/862/862
f 759/759/759 861/861/861 862/862/862
f 759/759/759 862/862/862 760/760/760
f 760/760/760 862/862/862 863/863/863
f 760/760/760 863/863/863 769/769/769
f 862/862/862 823/823/823 826/826/826
f 862/862/862 826/826/826 863/863/863
f 863/863/863 826/826/826 815/815/815
f 863/863/863 815/815/815 864/864/864
f 769/769/769 863/863/863 864/864/864
f 769/769/769 864/864/864 770/770/770
f 770/770/770 864/864/864 865/865/865
f 770/770/770 865/865/865 779/779/779
f 864/864/864 815/815/815 818/818/818
f 864/864/864 818/818/818 865/865/865
f 865/865/865 818/818/818 807/807/807
f 865/865/865 807/807/807 866/866/866
f 779/779/779 865/865/865 866/866/866
f 779/779/779 866/866/866 780/780/780
f 780/780/780 866/866/866 867/867/867
f 780/780/780 867/867/867 789/789/789
f 866/866/866 807/807/807 810/810/810
f 866/866/866 810/810/810 867/867/867
f 867/867/867 810/810/810 799/799/799
f 867/867/867 799/799/799 797/797/797
f 789/789/789 867/867/867 797/797/797
f 789/789/789 797/797/797 790/790/790
f 672/672/672 670/670/670 868/868/868
f 672/672/672 868/868/868 869/869/869
f 670/670/670 661/661/661 664/664/664
f 670/670/670 664/664/664 868/868/868
f 868/868/868 664/664/664 669/669/669
f 868/868/868 669/669/669 722/722/722
f 869/869/869 868/868/868 722/722/722
f 869/869/869 722/722/722 720/720/720
f 674/674/674 673/673/673 870/870/870
f 674/674/674 870/870/870 871/871/871
f 673/673/673 672/672/672 869/869/869
f 673/673/673 869/869/869 870/870/870
f 870/870/870 869/869/869 720/720/720
f 870/870/870 720/720/720 718/718/718
f 871/871/871 870/870/870 718/718/718
f 871/871/871 718/718/718 704/704/704
f 676/676/676 675/675/675 872/872/872
f 676/676/676 872/872/872 679/679/679
f 675/675/675 674/674/674 871/871/871
f 675/675/675 871/871/871 872/872/872
f 872/872/872 871/871/871 704/704/704
f 872/872/872 704/704/704 702/702/702
f 679/679/679 872/872/872 702/702/702
f 679/679/679 702/702/702 680/680/680
