v 0.122142 -0.149827 0.787686
v 0.115921 -0.165422 0.78846
v 0.124958 -0.152527 0.774388
v 0.130386 -0.139003 0.774412
v 0.110058 -0.177734 0.787942
v 0.119407 -0.163334 0.773478
v 0.129579 -0.147802 0.75978
v 0.134784 -0.138845 0.760876
v 0.139642 -0.127803 0.761466
v 0.0305577 -0.170064 0.704526
v 0.0261958 -0.157194 0.699044
v 0.0303819 -0.143069 0.690559
v 0.0345879 -0.154612 0.694617
v 0.023702 -0.14315 0.695436
v 0.0280975 -0.13075 0.688031
v 0.0333323 -0.115226 0.678646
v 0.0350201 -0.12661 0.680322
v 0.0386597 -0.137565 0.683272
v 0.143487 -0.0545211 0.760837
v 0.143505 -0.0635441 0.765342
v 0.148381 -0.0604802 0.757961
v 0.148293 -0.0514311 0.754348
v 0.142369 -0.0729889 0.769515
v 0.147351 -0.0697888 0.761489
v 0.156265 -0.0663887 0.752171
v 0.157589 -0.0574601 0.748996
v 0.157902 -0.0488062 0.745916
v 0.0675427 -0.0226438 0.691645
v 0.0792925 -0.0158388 0.694382
v 0.0858792 -0.0139944 0.692515
v 0.0742776 -0.0202056 0.689313
v 0.0924131 -0.01228 0.699398
v 0.0987315 -0.0107769 0.697766
v 0.105147 -0.00898532 0.695826
v 0.0926925 -0.0117747 0.690489
v 0.0815048 -0.0171087 0.68685
v 0.0513334 -0.213072 0.732752
v 0.045971 -0.203894 0.724741
v 0.0502672 -0.188255 0.710444
v 0.0561229 -0.198439 0.71757
v 0.0407766 -0.193697 0.717308
v 0.0447441 -0.177372 0.704161
v 0.048015 -0.160145 0.690426
v 0.0535961 -0.171352 0.695756
v 0.0598091 -0.182036 0.702034
v 0.093123 -0.204162 0.781527
v 0.0869656 -0.216342 0.777884
v 0.0936342 -0.19963 0.763388
v 0.100294 -0.187843 0.766183
v 0.0806363 -0.227276 0.773117
v 0.086926 -0.210486 0.759304
v 0.0926446 -0.192017 0.746279
v 0.100357 -0.181384 0.750236
v 0.108189 -0.16989 0.752456
v 0.164571 -0.10353 0.731383
v 0.159611 -0.108805 0.730626
v 0.173656 -0.0958774 0.710271
v 0.178602 -0.091936 0.710713
v 0.154672 -0.113298 0.729784
v 0.168607 -0.0997707 0.710026
v 0.180137 -0.0909334 0.691082
v 0.185241 -0.0869291 0.690405
v 0.189973 -0.0833998 0.690256
v 0.0471501 -0.0977724 0.656923
v 0.0462033 -0.0864161 0.655446
v 0.0519347 -0.0699646 0.647292
v 0.051632 -0.0801648 0.648252
v 0.0471682 -0.0748707 0.654572
v 0.0541012 -0.0598691 0.646602
v 0.0602014 -0.0503578 0.641334
v 0.0571676 -0.0586199 0.641978
v 0.0559009 -0.0672789 0.642715
v 0.192113 -0.046666 0.720406
v 0.190279 -0.0532878 0.723386
v 0.202683 -0.0526498 0.704672
v 0.204133 -0.0468257 0.702445
v 0.187817 -0.0603423 0.726104
v 0.200821 -0.0587433 0.706697
v 0.20947 -0.0580611 0.68646
v 0.210306 -0.0525775 0.685167
v 0.21088 -0.0471892 0.683989
v 0.0952447 -0.00940915 0.680438
v 0.105166 -0.00669436 0.684599
v 0.109841 -0.00518407 0.680568
v 0.10031 -0.00699583 0.676437
v 0.116829 -0.00521999 0.689465
v 0.121262 -0.00416428 0.68484
v 0.124314 -0.00379602 0.680636
v 0.113068 -0.00449282 0.676871
v 0.103775 -0.00577983 0.672782
v 0.0637883 -0.139589 0.670029
v 0.0572241 -0.129847 0.664583
v 0.0598404 -0.109467 0.65443
v 0.0663947 -0.118077 0.659651
v 0.0522275 -0.119933 0.660514
v 0.0548289 -0.100713 0.650708
v 0.0577011 -0.0858632 0.644701
v 0.0627557 -0.0937207 0.648219
v 0.0691724 -0.101422 0.653266
v 0.128102 -0.131138 0.726964
v 0.115067 -0.143087 0.726508
v 0.121338 -0.130832 0.717306
v 0.138088 -0.119123 0.714719
v 0.102658 -0.152868 0.722765
v 0.105764 -0.139244 0.71567
v 0.107619 -0.130268 0.711178
v 0.125776 -0.123438 0.71034
v 0.14576 -0.112396 0.704463
v 0.107741 -0.161216 0.737744
v 0.117704 -0.149515 0.739545
v 0.098084 -0.171627 0.733516
v 0.0555229 -0.151357 0.67943
v 0.061972 -0.161867 0.685178
v 0.0502334 -0.140521 0.674834
v 0.0992917 -0.00911538 0.687925
v 0.0887454 -0.0131476 0.68394
v 0.11132 -0.00697715 0.693152
v 0.173321 -0.0549464 0.737945
v 0.174541 -0.047235 0.734871
v 0.171261 -0.0630502 0.740963
v 0.0404052 -0.106598 0.667528
v 0.0428226 -0.117871 0.669649
v 0.039932 -0.0950242 0.666366
v 0.146354 -0.123783 0.747067
v 0.151159 -0.115824 0.74789
v 0.14137 -0.130285 0.745968
v 0.0825113 -0.198596 0.731188
v 0.0780412 -0.199451 0.723188
v 0.0819568 -0.177732 0.706137
v 0.0866506 -0.175795 0.715147
v 0.0728096 -0.197782 0.715723
v 0.0763208 -0.177614 0.698374
v 0.0787252 -0.154989 0.683241
v 0.0848994 -0.154221 0.691518
v 0.0899983 -0.15232 0.701638
v 0.0870374 -0.132705 0.682057
v 0.0927155 -0.132638 0.693409
v 0.0802651 -0.132796 0.672959
v 0.0815369 -0.11543 0.666744
v 0.088793 -0.116619 0.676615
v 0.0949198 -0.118752 0.688933
v 0.0713831 -0.232235 0.761806
v 0.0671428 -0.230874 0.755646
v 0.0730816 -0.216614 0.739707
v 0.0774354 -0.21694 0.74672
v 0.0624084 -0.227478 0.748807
v 0.0681072 -0.213831 0.732508
v 0.152365 -0.0848394 0.756895
v 0.15009 -0.094409 0.759058
v 0.16308 -0.0887426 0.747089
v 0.165998 -0.0800109 0.745265
v 0.147352 -0.104714 0.760756
v 0.159729 -0.0977165 0.748307
v 0.174377 -0.0900295 0.732021
v 0.178475 -0.0826081 0.731133
v 0.181979 -0.0751015 0.729703
v 0.192918 -0.0764838 0.710127
v 0.196379 -0.0706703 0.709042
v 0.18859 -0.0820867 0.710927
v 0.199395 -0.0759775 0.689736
v 0.203719 -0.0719789 0.688845
v 0.206967 -0.0677204 0.687893
v 0.138886 -0.0935263 0.776162
v 0.136231 -0.10463 0.779056
v 0.141879 -0.0995463 0.769304
v 0.144098 -0.0892721 0.766875
v 0.132609 -0.117541 0.782066
v 0.138967 -0.111124 0.771555
v 0.118254 -0.0080769 0.702548
v 0.124075 -0.00647602 0.699421
v 0.13067 -0.00908798 0.709753
v 0.136657 -0.00786927 0.706066
v 0.142183 -0.00705814 0.701018
v 0.129283 -0.0051479 0.695004
v 0.133346 -0.00429953 0.689429
v 0.146435 -0.00664038 0.694894
v 0.149129 -0.00669962 0.689589
v 0.136016 -0.00404629 0.684465
v 0.106507 -0.0111968 0.706331
v 0.112336 -0.00972305 0.7047
v 0.119597 -0.0122354 0.714037
v 0.124981 -0.0106695 0.712262
v 0.038437 -0.0885936 0.680776
v 0.0438038 -0.0733146 0.682207
v 0.0536054 -0.0567601 0.672064
v 0.0472745 -0.0698009 0.669265
v 0.0500065 -0.0586704 0.683158
v 0.0603342 -0.0448271 0.674833
v 0.0711913 -0.0311974 0.66584
v 0.0642079 -0.040452 0.661434
v 0.0570017 -0.0512638 0.657589
v 0.0739204 -0.0298207 0.652614
v 0.0660095 -0.039315 0.648901
v 0.0809288 -0.0219684 0.657497
v 0.0881851 -0.0173559 0.650452
v 0.0814106 -0.0245208 0.645786
v 0.0732551 -0.0331376 0.642781
v 0.0265397 -0.110323 0.695246
v 0.0302315 -0.092628 0.695472
v 0.0361473 -0.0848615 0.689759
v 0.0317529 -0.101504 0.689095
v 0.0350069 -0.0755532 0.694918
v 0.0415771 -0.0687065 0.689712
v 0.154323 -0.023027 0.733139
v 0.155002 -0.0275819 0.737537
v 0.172415 -0.0282727 0.727505
v 0.16969 -0.0236732 0.724721
v 0.155656 -0.0333664 0.741063
v 0.173848 -0.0336802 0.730031
v 0.192293 -0.0351715 0.715701
v 0.18985 -0.0301999 0.714523
v 0.185028 -0.0255826 0.713972
v 0.200162 -0.0324834 0.700799
v 0.194303 -0.0281281 0.702853
v 0.203524 -0.0368792 0.700009
v 0.208801 -0.0382247 0.684913
v 0.204797 -0.0344006 0.687889
v 0.198653 -0.0304417 0.692596
v 0.139933 -0.0257069 0.740128
v 0.139761 -0.0310528 0.745909
v 0.144699 -0.0287302 0.743081
v 0.144892 -0.0239503 0.737797
v 0.14012 -0.0378399 0.751372
v 0.145052 -0.0349547 0.7476
v 0.105404 -0.0994904 0.672396
v 0.0994995 -0.0948007 0.659398
v 0.10143 -0.0925857 0.656383
v 0.107254 -0.0976387 0.669546
v 0.0921851 -0.0920451 0.648755
v 0.0942422 -0.0897624 0.645724
v 0.0963622 -0.0876455 0.643826
v 0.103369 -0.0904782 0.654427
v 0.10901 -0.0958189 0.66763
v 0.0782384 -0.0599136 0.610166
v 0.0808192 -0.0543239 0.606686
v 0.0842344 -0.0560299 0.603099
v 0.0816919 -0.0613086 0.606706
v 0.0841881 -0.0488108 0.604002
v 0.087436 -0.0507953 0.600212
v 0.0901911 -0.0520932 0.59986
v 0.0870396 -0.057051 0.602715
v 0.0844833 -0.062042 0.606157
v 0.157419 -0.10613 0.675749
v 0.134539 -0.110983 0.689648
v 0.136037 -0.109779 0.687015
v 0.158328 -0.105093 0.673239
v 0.115283 -0.114133 0.694793
v 0.117021 -0.112705 0.692293
v 0.118493 -0.111207 0.690392
v 0.137106 -0.10843 0.684984
v 0.15878 -0.103755 0.67127
v 0.126493 -0.00799984 0.673442
v 0.137108 -0.00902681 0.677176
v 0.136936 -0.0101761 0.676422
v 0.126465 -0.00918941 0.672717
v 0.149959 -0.0123685 0.681604
v 0.149748 -0.0135144 0.680639
v 0.149405 -0.0149366 0.679795
v 0.136776 -0.0116656 0.675779
v 0.126482 -0.0107045 0.672174
v 0.0923625 -0.0380064 0.603917
v 0.097061 -0.0315576 0.608654
v 0.0991873 -0.0337107 0.60532
v 0.0948685 -0.0403086 0.600099
v 0.10094 -0.0252038 0.617499
v 0.102717 -0.0271326 0.614765
v 0.104434 -0.0287527 0.614719
v 0.101222 -0.0353214 0.605305
v 0.0972171 -0.0419099 0.599954
v 0.0832212 -0.082078 0.631916
v 0.0797298 -0.0762724 0.624896
v 0.0825989 -0.0762414 0.621752
v 0.0857076 -0.0812697 0.629016
v 0.0772909 -0.070643 0.618902
v 0.0805159 -0.071214 0.615489
v 0.0831678 -0.0714286 0.614123
v 0.0850699 -0.0760822 0.620266
v 0.0880062 -0.0805264 0.627492
v 0.194738 -0.10272 0.610947
v 0.192773 -0.106902 0.613157
v 0.188461 -0.106098 0.608549
v 0.19048 -0.10182 0.606439
v 0.189817 -0.111049 0.615642
v 0.185504 -0.110474 0.610853
v 0.182303 -0.108447 0.608514
v 0.185057 -0.10417 0.606244
v 0.18707 -0.100021 0.604112
v 0.200674 -0.0857145 0.60748
v 0.199252 -0.0903063 0.607313
v 0.194929 -0.0898923 0.602558
v 0.19625 -0.0856219 0.602757
v 0.197733 -0.094286 0.607822
v 0.193558 -0.0936296 0.603122
v 0.190178 -0.0922555 0.600602
v 0.191416 -0.0888035 0.59996
v 0.192639 -0.084906 0.600138
v 0.195835 -0.0390618 0.63855
v 0.198511 -0.0424758 0.629754
v 0.195962 -0.0433902 0.626588
v 0.193513 -0.0398877 0.635656
v 0.200793 -0.046843 0.623096
v 0.197985 -0.047887 0.619876
v 0.195469 -0.0486412 0.61845
v 0.19362 -0.0439973 0.625472
v 0.191265 -0.0404104 0.634879
v 0.10889 -0.00859724 0.663171
v 0.116537 -0.00768511 0.669111
v 0.116729 -0.00892305 0.668281
v 0.109358 -0.00992901 0.662094
v 0.116906 -0.010441 0.66776
v 0.109758 -0.0114871 0.66152
v 0.202097 -0.0589446 0.613989
v 0.202339 -0.0658984 0.611267
v 0.198348 -0.0671209 0.606983
v 0.198315 -0.0603768 0.610002
v 0.202335 -0.0729716 0.609433
v 0.198234 -0.0737623 0.604964
v 0.1948 -0.0740703 0.602475
v 0.194936 -0.0679069 0.604586
v 0.195023 -0.0614183 0.607802
v 0.165975 -0.0191301 0.686718
v 0.16581 -0.0203174 0.685382
v 0.180249 -0.0263108 0.687029
v 0.179994 -0.0274408 0.685517
v 0.179202 -0.0285298 0.684417
v 0.165286 -0.0216171 0.684275
v 0.129674 -0.0149919 0.721392
v 0.134906 -0.0134109 0.719432
v 0.136187 -0.0184439 0.728133
v 0.141387 -0.016907 0.726035
v 0.148424 -0.0156997 0.722716
v 0.141008 -0.0119795 0.716552
v 0.155179 -0.0112361 0.707024
v 0.160759 -0.0118121 0.70119
v 0.167268 -0.0163701 0.711558
v 0.174515 -0.0180515 0.705474
v 0.179037 -0.0198589 0.700374
v 0.164368 -0.0127019 0.696308
v 0.148156 -0.0112459 0.712343
v 0.157779 -0.0155075 0.717648
v 0.103962 -0.0154712 0.64366
v 0.105212 -0.0114293 0.654802
v 0.105992 -0.0129295 0.653336
v 0.105071 -0.0171438 0.641769
v 0.10674 -0.0146001 0.652667
v 0.106198 -0.0188931 0.641137
v 0.0636825 -0.0355269 0.684095
v 0.0718944 -0.0254215 0.68492
v 0.0801583 -0.0192458 0.68116
v 0.0730434 -0.0267288 0.679077
v 0.087799 -0.0132828 0.676891
v 0.0820662 -0.0181368 0.673528
v 0.0937906 -0.00944512 0.672313
v 0.0894029 -0.0125243 0.667842
v 0.0979332 -0.0075806 0.668167
v 0.094592 -0.00984098 0.662743
v 0.0483073 -0.046073 0.692131
v 0.0571839 -0.0331424 0.69116
v 0.0640845 -0.0299369 0.688169
v 0.0553135 -0.0418328 0.688374
v 0.0409684 -0.0601314 0.693624
v 0.0478956 -0.0545539 0.689093
v 0.0565376 -0.0463235 0.683669
v 0.0769098 -0.0239213 0.669903
v 0.0856956 -0.0164224 0.662772
v 0.0920673 -0.0127386 0.656483
v 0.0666749 -0.0350215 0.677104
v 0.102994 -0.0199447 0.63019
v 0.104435 -0.0217335 0.627913
v 0.105869 -0.0234337 0.627575
v 0.182219 -0.112415 0.644235
v 0.173907 -0.107524 0.659498
v 0.173755 -0.106519 0.657674
v 0.18074 -0.111523 0.642618
v 0.173456 -0.104917 0.65615
v 0.179718 -0.109582 0.641377
v 0.119243 -0.157966 0.756348
v 0.11424 -0.162484 0.754407
v 0.125209 -0.142537 0.741132
v 0.130954 -0.138725 0.742836
v 0.137475 -0.124351 0.727286
v 0.144024 -0.120894 0.727973
v 0.14955 -0.11219 0.712392
v 0.156994 -0.108302 0.710983
v 0.159124 -0.105247 0.699213
v 0.167475 -0.100669 0.695407
v 0.101381 -0.19054 0.785315
v 0.0976941 -0.195907 0.783792
v 0.105394 -0.179956 0.768324
v 0.109689 -0.174918 0.770185
v 0.0880251 -0.0435894 0.602722
v 0.0909388 -0.0458096 0.59879
v 0.0935378 -0.047309 0.598514
v 0.0240532 -0.127404 0.694656
v 0.0287653 -0.116929 0.68799
v 0.034649 -0.102646 0.679154
v 0.0509675 -0.0629724 0.655232
v 0.0590083 -0.0495339 0.646971
v 0.06578 -0.0418719 0.641428
v 0.0424007 -0.0827128 0.667102
v 0.0692914 -0.0433615 0.632345
v 0.0748934 -0.0365673 0.632394
v 0.0783738 -0.0366968 0.627293
v 0.0729418 -0.0430209 0.627312
v 0.0816376 -0.0297649 0.633556
v 0.0846091 -0.0304125 0.62851
v 0.0873351 -0.0322074 0.621531
v 0.0816521 -0.0381584 0.620301
v 0.0765606 -0.0440531 0.620601
v 0.176992 -0.095231 0.676784
v 0.16707 -0.0998626 0.68406
v 0.169229 -0.0992416 0.677902
v 0.179603 -0.0954057 0.669235
v 0.151554 -0.106772 0.692796
v 0.153426 -0.105558 0.687997
v 0.159216 -0.105148 0.679605
v 0.173725 -0.100516 0.668987
v 0.1831 -0.0977511 0.660276
v 0.0942744 -0.0173636 0.640399
v 0.0974418 -0.0131103 0.647582
v 0.0988931 -0.0144194 0.643808
v 0.0959722 -0.0187343 0.635853
v 0.0993266 -0.00992877 0.655694
v 0.100643 -0.0109391 0.652859
v 0.101806 -0.0122153 0.64989
v 0.100263 -0.0159789 0.639555
v 0.0976184 -0.0204896 0.630323
v 0.101762 -0.00730615 0.662785
v 0.102803 -0.0079331 0.660775
v 0.106752 -0.00544413 0.668512
v 0.107447 -0.00583577 0.667097
v 0.107989 -0.00650099 0.665777
v 0.103679 -0.00884946 0.658797
v 0.150483 -0.00816369 0.685533
v 0.166239 -0.0145937 0.692159
v 0.166322 -0.0155736 0.690988
v 0.15044 -0.00912511 0.684615
v 0.181539 -0.0221168 0.694504
v 0.181789 -0.0230949 0.692295
v 0.183397 -0.0251516 0.68911
v 0.166403 -0.0167123 0.689704
v 0.150312 -0.0101461 0.683675
v 0.214917 -0.0478949 0.654953
v 0.21557 -0.0533868 0.654556
v 0.215088 -0.0551673 0.643076
v 0.214052 -0.0492383 0.64412
v 0.215967 -0.0590981 0.655099
v 0.215869 -0.0613843 0.643075
v 0.214508 -0.0643361 0.633217
v 0.213537 -0.0576132 0.6338
v 0.212313 -0.0511913 0.635368
v 0.115573 -0.00459533 0.673013
v 0.115978 -0.00506861 0.671923
v 0.126439 -0.00450119 0.676749
v 0.126616 -0.00520655 0.675804
v 0.126617 -0.00603337 0.674996
v 0.116214 -0.00574796 0.670966
v 0.20106 -0.032612 0.676704
v 0.207154 -0.0360771 0.667552
v 0.206277 -0.0367029 0.659405
v 0.20056 -0.0332649 0.670069
v 0.211379 -0.0393626 0.661125
v 0.210282 -0.0400969 0.651923
v 0.208567 -0.0411967 0.644007
v 0.2049 -0.0375865 0.651839
v 0.199822 -0.0341774 0.662912
v 0.214786 -0.0688033 0.656944
v 0.211481 -0.0722722 0.658223
v 0.212644 -0.0763051 0.645334
v 0.215321 -0.0722553 0.644182
v 0.207214 -0.0752302 0.659426
v 0.209131 -0.0797013 0.646587
v 0.209913 -0.0848934 0.635238
v 0.212525 -0.0809662 0.634059
v 0.214453 -0.0763051 0.633217
v 0.199484 -0.0812174 0.661403
v 0.195584 -0.08433 0.663264
v 0.199356 -0.0884407 0.65167
v 0.202727 -0.0857582 0.649193
v 0.190859 -0.0876386 0.666319
v 0.194739 -0.0907965 0.655717
v 0.19782 -0.095342 0.645695
v 0.202081 -0.0936809 0.641155
v 0.204906 -0.0913009 0.638303
v 0.0730641 -0.088663 0.646142
v 0.067228 -0.0810286 0.641182
v 0.0694011 -0.0784556 0.637808
v 0.074873 -0.0861293 0.642982
v 0.0628316 -0.0733672 0.637729
v 0.0654128 -0.0708468 0.634155
v 0.0686936 -0.0696388 0.629608
v 0.0722268 -0.0768708 0.633804
v 0.0771746 -0.0842534 0.639455
v 0.0886223 -0.0231196 0.635912
v 0.0909006 -0.0242315 0.630991
v 0.0930305 -0.0261001 0.624508
v 0.137594 -0.00516691 0.680442
v 0.137603 -0.00604718 0.679557
v 0.137475 -0.00699019 0.678757
v 0.129145 -0.116121 0.701872
v 0.130429 -0.114289 0.698538
v 0.109564 -0.120983 0.70497
v 0.110761 -0.11868 0.702404
v 0.11219 -0.117021 0.699914
v 0.132106 -0.113015 0.695147
v 0.0628645 -0.0574453 0.634733
v 0.0653674 -0.050201 0.633367
v 0.0688035 -0.0494709 0.628604
v 0.0659529 -0.0562149 0.630375
v 0.0724506 -0.0501253 0.62227
v 0.0694945 -0.0563894 0.624534
v 0.0984067 -0.107678 0.683465
v 0.0923592 -0.104113 0.67079
v 0.0941381 -0.101304 0.668316
v 0.100113 -0.105196 0.680956
v 0.0847926 -0.101835 0.660443
v 0.08652 -0.0988024 0.657938
v 0.0882953 -0.0962542 0.655162
v 0.0958989 -0.0989075 0.665592
v 0.10186 -0.103122 0.678269
v 0.203224 -0.0781851 0.660326
v 0.205837 -0.0828329 0.647713
v 0.207383 -0.0883418 0.636521
v 0.196285 -0.0984448 0.609095
v 0.19211 -0.0976099 0.60452
v 0.188746 -0.0959978 0.602107
v 0.143869 -0.116078 0.761509
v 0.155698 -0.106923 0.748453
v 0.169618 -0.0971553 0.731991
v 0.183682 -0.0873148 0.71105
v 0.194716 -0.0797834 0.69015
v 0.127844 -0.133135 0.785258
v 0.135123 -0.124655 0.773377
v 0.216033 -0.064362 0.655911
v 0.216209 -0.0672147 0.643448
v 0.214994 -0.0706936 0.632991
v 0.201759 -0.0797929 0.608193
v 0.197462 -0.0801168 0.603575
v 0.193921 -0.0798889 0.601005
v 0.140847 -0.0830162 0.773071
v 0.145891 -0.0793983 0.76438
v 0.154447 -0.0755254 0.754711
v 0.185055 -0.067648 0.72812
v 0.19886 -0.0647611 0.70803
v 0.208629 -0.0631154 0.687242
v 0.168751 -0.0714327 0.743317
v 0.101489 -0.115811 0.697061
v 0.102934 -0.113398 0.694628
v 0.104541 -0.111543 0.692139
v 0.107909 -0.108289 0.686796
v 0.109724 -0.106683 0.68419
v 0.111373 -0.105054 0.682323
v 0.0755972 -0.231958 0.767666
v 0.0817183 -0.215704 0.753515
v 0.0869501 -0.197034 0.739454
v 0.0949431 -0.153969 0.713353
v 0.0973867 -0.137403 0.706299
v 0.0990357 -0.126089 0.702441
v 0.0914168 -0.175195 0.725191
v 0.0786014 -0.0962927 0.652402
v 0.0802891 -0.093481 0.649602
v 0.0822299 -0.0911941 0.646528
v 0.0869752 -0.0876994 0.639761
v 0.0891996 -0.0859992 0.636843
v 0.0914106 -0.08446 0.635141
v 0.0664892 -0.191504 0.708702
v 0.0693057 -0.171614 0.691474
v 0.0713453 -0.149219 0.676205
v 0.0733031 -0.127064 0.665696
v 0.0752046 -0.109672 0.659225
v 0.0569785 -0.221264 0.740996
v 0.0622713 -0.207424 0.725046
v 0.0616438 -0.0653398 0.635898
v 0.0644871 -0.0633799 0.631975
v 0.0679576 -0.0628433 0.626772
v 0.076881 -0.0652788 0.614119
v 0.0802893 -0.0663098 0.610654
v 0.0830405 -0.0667931 0.609686
v 0.043054 -0.148778 0.686472
v 0.0460865 -0.129258 0.671843
v 0.0490381 -0.109112 0.658294
v 0.0523405 -0.0907086 0.649017
v 0.0557136 -0.0767289 0.643238
v 0.0355747 -0.182313 0.710628
v 0.0394894 -0.16607 0.699046
v 0.213752 -0.0432162 0.657023
v 0.212662 -0.0441999 0.646947
v 0.210847 -0.0456825 0.638645
v 0.201807 -0.0524424 0.617899
v 0.198506 -0.0537384 0.614351
v 0.195592 -0.0547068 0.612521
v 0.156928 -0.0405953 0.743549
v 0.174626 -0.0400631 0.732339
v 0.192911 -0.040634 0.717727
v 0.20464 -0.0415943 0.700695
v 0.210623 -0.0424124 0.68373
v 0.141848 -0.0458196 0.756263
v 0.146704 -0.0427165 0.751117
v 0.134521 -0.0444988 0.756458
v 0.135671 -0.0522743 0.762946
v 0.138612 -0.0491272 0.760236
v 0.13715 -0.0411781 0.75434
v 0.136437 -0.0601087 0.769198
v 0.139852 -0.0574539 0.76585
v 0.0339433 -0.221464 0.742233
v 0.0290466 -0.209275 0.731919
v 0.031774 -0.198147 0.722412
v 0.0368375 -0.209962 0.731103
v 0.0240275 -0.194885 0.721925
v 0.0267231 -0.184695 0.714157
v 0.0513505 -0.248248 0.776474
v 0.0469603 -0.243252 0.769104
v 0.051367 -0.234455 0.756888
v 0.0562616 -0.240092 0.76458
v 0.0425413 -0.2373 0.760692
v 0.0463621 -0.227423 0.748391
v 0.0679913 -0.25241 0.799205
v 0.0631987 -0.255891 0.793054
v 0.068801 -0.246574 0.782018
v 0.0737257 -0.242556 0.787776
v 0.0592692 -0.254699 0.787569
v 0.0647128 -0.245961 0.77648
v 0.134151 -0.0781839 0.780959
v 0.131952 -0.0891063 0.786189
v 0.136281 -0.0863758 0.780828
v 0.138153 -0.0758209 0.776309
v 0.129092 -0.101087 0.790949
v 0.133841 -0.0977257 0.784858
v 0.120297 -0.129271 0.800356
v 0.114013 -0.147693 0.806107
v 0.120441 -0.141551 0.797257
v 0.126127 -0.124183 0.792633
v 0.106904 -0.167566 0.810955
v 0.11386 -0.160235 0.801063
v 0.016879 -0.16244 0.708076
v 0.0168433 -0.143474 0.706007
v 0.0197832 -0.136773 0.700796
v 0.0196574 -0.154471 0.702327
v 0.0188827 -0.123377 0.705589
v 0.0220071 -0.117899 0.700817
v 0.0871243 -0.216248 0.81365
v 0.0841599 -0.221946 0.81326
v 0.0902278 -0.211298 0.80046
v 0.0934778 -0.205697 0.801405
v 0.0799526 -0.23026 0.811063
v 0.0858977 -0.219688 0.798179
v 0.0265768 -0.0842578 0.703366
v 0.0320882 -0.0670011 0.701219
v 0.0356973 -0.0641858 0.697633
v 0.0299923 -0.0806714 0.699438
v 0.0390008 -0.0514928 0.69886
v 0.042807 -0.0492435 0.695625
v 0.0475363 -0.0377334 0.696927
v 0.0515209 -0.0357551 0.694123
v 0.0574443 -0.0266973 0.696419
v 0.0617422 -0.0248316 0.694092
v 0.109799 -0.0152083 0.716849
v 0.120675 -0.0179872 0.724289
v 0.124912 -0.0163061 0.722934
v 0.114436 -0.0135407 0.715515
v 0.127948 -0.0214492 0.731091
v 0.13183 -0.0197547 0.729735
v 0.133375 -0.0296331 0.743234
v 0.133943 -0.036524 0.749751
v 0.136709 -0.0337216 0.748114
v 0.136528 -0.0275373 0.741882
v 0.0221874 -0.103304 0.704846
v 0.0254565 -0.0988484 0.700512
v 0.0813084 -0.0152929 0.702588
v 0.0958501 -0.0141042 0.709196
v 0.100909 -0.0124501 0.70783
v 0.086507 -0.0136172 0.701059
v 0.12529 -0.11405 0.795424
v 0.130547 -0.109892 0.788593
v 0.0554223 -0.252011 0.782363
v 0.0606611 -0.24378 0.770916
v 0.0740698 -0.242177 0.80584
v 0.0799156 -0.231884 0.793595
v 0.0383271 -0.230453 0.751796
v 0.0416078 -0.219495 0.739772
v 0.0685319 -0.0193054 0.698246
v 0.0733605 -0.0175458 0.696375
v 0.135817 -0.0686022 0.775247
v 0.139561 -0.0662562 0.771261
v 0.0195799 -0.179416 0.713576
v 0.0222856 -0.170291 0.707043
v 0.099711 -0.186381 0.813262
v 0.107008 -0.177773 0.802709
v 0.0937151 -0.201301 0.81381
v 0.101007 -0.19162 0.802771
v 0.205166 -0.0441315 0.631391
v 0.206952 -0.0492704 0.626396
v 0.204631 -0.050946 0.621877
v 0.203192 -0.045572 0.626864
v 0.208047 -0.0554841 0.622949
v 0.205363 -0.057328 0.618281
v 0.07243 -0.0637945 0.620158
v 0.0730067 -0.0698372 0.624075
v 0.0738765 -0.0579459 0.616948
v 0.0845568 -0.0893581 0.643145
v 0.0901909 -0.0941202 0.652033
v 0.0801728 -0.0829881 0.635599
v 0.106186 -0.109886 0.689511
v 0.113677 -0.115552 0.697376
v 0.103611 -0.101279 0.675387
v 0.209518 -0.0697459 0.619509
v 0.209556 -0.0766435 0.618713
v 0.205876 -0.0786296 0.61326
v 0.206169 -0.071653 0.614283
v 0.20884 -0.0826329 0.618401
v 0.204958 -0.0846738 0.612734
v 0.205503 -0.0914921 0.619388
v 0.203911 -0.0955024 0.620655
v 0.200354 -0.0976217 0.614535
v 0.201815 -0.0934605 0.613298
v 0.202314 -0.0991855 0.622662
v 0.198857 -0.101694 0.616456
v 0.0848908 -0.0407507 0.610993
v 0.0804275 -0.0462748 0.611809
v 0.0898775 -0.0350258 0.612185
v 0.190671 -0.108715 0.638295
v 0.187542 -0.109702 0.643525
v 0.187103 -0.113977 0.636181
v 0.188173 -0.114069 0.629798
v 0.184007 -0.10955 0.649094
v 0.183897 -0.11153 0.646202
v 0.183615 -0.116145 0.632122
v 0.183279 -0.11712 0.623668
v 0.101613 -0.0179239 0.634548
v 0.099251 -0.0228166 0.623439
v 0.10289 -0.0137796 0.646608
v 0.104457 -0.0100443 0.656729
v 0.108447 -0.00743976 0.664448
v 0.166121 -0.0178738 0.688243
v 0.150145 -0.0112443 0.682647
v 0.180644 -0.0251538 0.688709
v 0.208935 -0.062492 0.620796
v 0.205916 -0.0643813 0.615858
v 0.116378 -0.00662699 0.670029
v 0.126556 -0.00696256 0.674214
v 0.198823 -0.0370095 0.647005
v 0.202287 -0.0401658 0.638163
v 0.200633 -0.041397 0.633456
v 0.19766 -0.038147 0.641987
v 0.207312 -0.087395 0.618637
v 0.203468 -0.0893883 0.612723
v 0.20033 -0.102216 0.625603
v 0.196952 -0.105381 0.619028
v 0.197645 -0.104744 0.629324
v 0.19427 -0.108822 0.62204
v 0.0759781 -0.0763071 0.629221
v 0.095039 -0.0287822 0.616046
v 0.137296 -0.00798242 0.677964
v 0.133215 -0.112073 0.692343
v 0.156932 -0.106626 0.678127
v 0.076666 -0.0520493 0.614014
v 0.0976672 -0.0968362 0.662575
v 0.0709853 -0.243791 0.810395
v 0.065116 -0.253613 0.803681
v 0.0766688 -0.232261 0.815652
v 0.0755039 -0.229236 0.814383
v 0.0700827 -0.240342 0.809411
v 0.0644793 -0.249791 0.803023
v 0.128241 -0.0909356 0.787854
v 0.125352 -0.102946 0.792629
v 0.13046 -0.0800761 0.78264
v 0.127156 -0.0818242 0.781872
v 0.125218 -0.0923534 0.786651
v 0.122655 -0.104017 0.791026
v 0.132234 -0.070695 0.776861
v 0.133054 -0.0625335 0.770617
v 0.129882 -0.0649477 0.770219
v 0.128905 -0.0727754 0.77638
v 0.0370323 -0.232637 0.757177
v 0.0329095 -0.224057 0.747417
v 0.0409351 -0.238893 0.766048
v 0.0411237 -0.235598 0.766235
v 0.0373911 -0.229624 0.757567
v 0.033456 -0.221377 0.748062
v 0.020862 -0.105533 0.708142
v 0.024845 -0.086368 0.706579
v 0.0179748 -0.12562 0.708978
v 0.0188981 -0.126041 0.710765
v 0.021243 -0.106547 0.710064
v 0.0246979 -0.087759 0.708647
v 0.121429 -0.115974 0.79727
v 0.116283 -0.131251 0.802564
v 0.118899 -0.116655 0.795468
v 0.113857 -0.131456 0.800753
v 0.0282028 -0.211965 0.736636
v 0.02332 -0.197491 0.726134
v 0.0289602 -0.209686 0.737579
v 0.0242841 -0.195665 0.727378
v 0.131806 -0.0249535 0.737202
v 0.128234 -0.027624 0.738125
v 0.129874 -0.0323165 0.743958
v 0.124406 -0.0241827 0.732222
v 0.121391 -0.0276277 0.732699
v 0.125036 -0.0309562 0.738314
v 0.126627 -0.0354822 0.743809
v 0.091672 -0.0167253 0.710305
v 0.10602 -0.0178452 0.718033
v 0.0771247 -0.017772 0.703735
v 0.074331 -0.0209799 0.704407
v 0.0886808 -0.0199913 0.71095
v 0.103181 -0.0211263 0.718716
v 0.132527 -0.0550977 0.764054
v 0.131465 -0.0475409 0.757271
v 0.128549 -0.0505067 0.756694
v 0.129548 -0.0578295 0.763555
v 0.03014 -0.0687784 0.70431
v 0.0370055 -0.0529452 0.701701
v 0.0297602 -0.070231 0.706429
v 0.0366043 -0.0544753 0.703698
v 0.016182 -0.145779 0.709534
v 0.0163002 -0.164845 0.711769
v 0.0175227 -0.16404 0.71344
v 0.017372 -0.145571 0.711266
v 0.117111 -0.0206855 0.725504
v 0.114262 -0.0240695 0.726145
v 0.0651744 -0.0213747 0.699674
v 0.0550555 -0.0283136 0.698306
v 0.0542078 -0.0308123 0.69956
v 0.0633108 -0.0243255 0.700564
v 0.109892 -0.149695 0.80885
v 0.10272 -0.169611 0.814181
v 0.107639 -0.149316 0.807149
v 0.100672 -0.168601 0.812575
v 0.0604884 -0.256801 0.797565
v 0.0566973 -0.255408 0.792214
v 0.0600314 -0.252837 0.797192
v 0.0563587 -0.251461 0.792034
v 0.0450276 -0.244266 0.774321
v 0.0491314 -0.248881 0.781499
v 0.0490146 -0.245132 0.781445
v 0.0450545 -0.240719 0.774359
v 0.0189709 -0.18192 0.717463
v 0.0201017 -0.180581 0.718965
v 0.0529995 -0.252582 0.787189
v 0.0527657 -0.248706 0.78709
v 0.0955041 -0.188536 0.816726
v 0.0895951 -0.203572 0.817417
v 0.093633 -0.186936 0.815103
v 0.0878738 -0.201506 0.815748
v 0.0455268 -0.0391209 0.699331
v 0.0450981 -0.0410594 0.701001
v 0.0898498 -0.210463 0.813794
v 0.0859717 -0.212786 0.817633
v 0.0835165 -0.218554 0.81779
v 0.084389 -0.210431 0.815991
v 0.0820598 -0.216011 0.81623
v 0.191985 -0.0442044 0.627758
v 0.189537 -0.0404568 0.637678
v 0.19379 -0.0490662 0.619975
v 0.192214 -0.0492209 0.62379
v 0.190441 -0.0442525 0.632183
v 0.187869 -0.0403695 0.642439
v 0.112571 -0.10339 0.68181
v 0.119287 -0.109575 0.689633
v 0.110484 -0.0941312 0.667381
v 0.111484 -0.0924788 0.668738
v 0.113191 -0.101624 0.682762
v 0.11936 -0.107729 0.690274
v 0.172639 -0.103065 0.655447
v 0.178891 -0.107398 0.640896
v 0.158262 -0.10213 0.670442
v 0.15686 -0.100143 0.671002
v 0.171265 -0.101 0.655807
v 0.178064 -0.105124 0.641343
v 0.116982 -0.0122969 0.667849
v 0.109977 -0.0133044 0.661794
v 0.12649 -0.0126467 0.672058
v 0.126207 -0.0147012 0.672969
v 0.116808 -0.0142809 0.669017
v 0.109945 -0.0152413 0.663251
v 0.0937717 -0.0832816 0.635323
v 0.0984906 -0.0860728 0.643854
v 0.0905319 -0.0798274 0.627832
v 0.0928765 -0.0790005 0.630138
v 0.0959111 -0.0822325 0.637406
v 0.10032 -0.0848018 0.645725
v 0.0894783 -0.057517 0.604374
v 0.087014 -0.0622777 0.607564
v 0.0925284 -0.0528004 0.601682
v 0.0943176 -0.0532057 0.605261
v 0.0914516 -0.0577379 0.607766
v 0.0891711 -0.0622943 0.61074
v 0.105171 -0.0887725 0.654338
v 0.106591 -0.0872916 0.655991
v 0.183308 -0.102404 0.607005
v 0.185222 -0.0983808 0.604935
v 0.180802 -0.10647 0.60916
v 0.180294 -0.104376 0.611987
v 0.182399 -0.100551 0.610005
v 0.18409 -0.0966122 0.608143
v 0.107361 -0.016482 0.653107
v 0.107256 -0.0208117 0.641848
v 0.107686 -0.0184276 0.654882
v 0.107954 -0.0227389 0.644023
v 0.18686 -0.0944981 0.602976
v 0.188252 -0.0909236 0.601499
v 0.185613 -0.092794 0.606428
v 0.186955 -0.0892732 0.605163
v 0.191851 -0.0793243 0.601947
v 0.192755 -0.073872 0.603445
v 0.19057 -0.0840149 0.601051
v 0.189205 -0.0825062 0.604882
v 0.190409 -0.0780445 0.605789
v 0.191264 -0.072886 0.607281
v 0.164121 -0.0232084 0.683525
v 0.148777 -0.0168136 0.679247
v 0.177526 -0.0297217 0.683869
v 0.174956 -0.0308599 0.684469
v 0.162213 -0.0248039 0.683863
v 0.147632 -0.018762 0.679733
v 0.0856845 -0.0668621 0.610725
v 0.0858766 -0.0713342 0.614811
v 0.0880216 -0.0666708 0.61369
v 0.0883316 -0.0709341 0.617566
v 0.137229 -0.106847 0.684123
v 0.136467 -0.104927 0.684715
v 0.107166 -0.0252299 0.628746
v 0.105891 -0.0303192 0.616355
v 0.108044 -0.0270193 0.631427
v 0.10687 -0.0318391 0.619526
v 0.136557 -0.0136428 0.675459
v 0.13597 -0.0157211 0.676151
v 0.192906 -0.0680569 0.60556
v 0.193052 -0.0618242 0.608796
v 0.191445 -0.0673603 0.609377
v 0.19161 -0.0614429 0.612541
v 0.193767 -0.05521 0.613635
v 0.19225 -0.0551757 0.617277
v 0.0877265 -0.0757475 0.620745
v 0.0901817 -0.0751364 0.623278
v 0.102915 -0.0366381 0.60721
v 0.0991767 -0.0429997 0.60194
v 0.104072 -0.0377867 0.610721
v 0.10056 -0.0437972 0.605621
v 0.189413 -0.0876643 0.600864
v 0.188089 -0.0860537 0.604648
v 0.0957181 -0.0482112 0.600455
v 0.0973134 -0.0487813 0.604145
v 0.06321 -0.0317445 0.7028
v 0.0732919 -0.0272864 0.705995
v 0.0548265 -0.0372659 0.7016
v 0.0579554 -0.05346 0.709611
v 0.0663727 -0.0580707 0.71542
v 0.0738417 -0.0445995 0.713306
v 0.0837258 -0.205214 0.810666
v 0.0815868 -0.211081 0.811405
v 0.0871017 -0.197314 0.810872
v 0.0856499 -0.186603 0.800947
v 0.0819837 -0.186936 0.7957
v 0.0807475 -0.198727 0.801456
v 0.0239106 -0.177413 0.720116
v 0.0211051 -0.162194 0.714711
v 0.0273857 -0.191948 0.727693
v 0.0353715 -0.182617 0.731208
v 0.0373318 -0.166358 0.728193
v 0.03033 -0.157514 0.720541
v 0.0466122 -0.0472411 0.703541
v 0.0383326 -0.0587141 0.705832
v 0.0444004 -0.0710987 0.712975
v 0.0538766 -0.069726 0.715836
v 0.0470133 -0.233487 0.771685
v 0.0430819 -0.229478 0.764078
v 0.0505265 -0.238431 0.778632
v 0.0546864 -0.221601 0.77369
v 0.0543577 -0.208396 0.766258
v 0.0484742 -0.214118 0.761477
v 0.12443 -0.0768575 0.773903
v 0.123244 -0.084914 0.779122
v 0.125955 -0.0690618 0.768185
v 0.117523 -0.0795969 0.765124
v 0.111755 -0.0914003 0.768163
v 0.115356 -0.0929653 0.774281
v 0.0704457 -0.233122 0.804762
v 0.0652058 -0.242663 0.79926
v 0.075421 -0.223606 0.809723
v 0.0754671 -0.209645 0.799752
v 0.0719211 -0.208012 0.7912
v 0.0672119 -0.224536 0.791403
v 0.105435 -0.148305 0.802214
v 0.0991138 -0.166509 0.80778
v 0.111538 -0.131688 0.796486
v 0.105843 -0.132424 0.788919
v 0.0980108 -0.144916 0.789162
v 0.0954669 -0.161255 0.797998
v 0.121382 -0.0951329 0.783167
v 0.119696 -0.105812 0.787311
v 0.109679 -0.105073 0.775035
v 0.112529 -0.110433 0.781102
v 0.024485 -0.108301 0.71202
v 0.0270684 -0.0902461 0.710484
v 0.0221737 -0.126494 0.712196
v 0.0309209 -0.127726 0.718121
v 0.0375272 -0.114802 0.72186
v 0.0349966 -0.0972578 0.716769
v 0.110939 -0.0309517 0.726897
v 0.118009 -0.0336263 0.732845
v 0.100587 -0.0271854 0.719604
v 0.0959735 -0.0442193 0.724424
v 0.101387 -0.0567106 0.73302
v 0.11074 -0.0495132 0.735492
v 0.0320806 -0.204535 0.737296
v 0.0358919 -0.216042 0.746916
v 0.0423725 -0.202547 0.746986
v 0.0432025 -0.186546 0.740662
v 0.0923603 -0.183306 0.809794
v 0.08845 -0.170496 0.794786
v 0.032128 -0.0739757 0.708834
v 0.0432201 -0.0891799 0.719603
v 0.086692 -0.02693 0.712534
v 0.0836883 -0.0538482 0.722512
v 0.11599 -0.117857 0.791122
v 0.105835 -0.122216 0.78104
v 0.125568 -0.0629454 0.761649
v 0.125221 -0.0554248 0.7551
v 0.117307 -0.0679485 0.754145
v 0.112859 -0.0808256 0.758975
v 0.0213463 -0.144776 0.712962
v 0.0353929 -0.141975 0.722742
v 0.0542716 -0.240931 0.783886
v 0.0575178 -0.24438 0.788908
v 0.0606114 -0.226604 0.782607
v 0.059799 -0.213952 0.77556
v 0.121172 -0.0376247 0.738223
v 0.123161 -0.0411727 0.743162
v 0.109409 -0.0619055 0.741556
v 0.115519 -0.0563083 0.744248
v 0.0611272 -0.244732 0.793475
v 0.0650674 -0.216375 0.782982
v 0.0398622 -0.223122 0.755841
v 0.0489827 -0.200459 0.754355
v 0.127614 -0.0425011 0.749985
v 0.123883 -0.048513 0.748861
v 0.111807 -0.0701103 0.749492
v 0.188533 -0.0348265 0.662282
v 0.189734 -0.037358 0.647672
v 0.187795 -0.037482 0.650162
v 0.186446 -0.0352232 0.663821
v 0.18565 -0.0375123 0.654304
v 0.183787 -0.0355611 0.666711
v 0.130693 -0.0394269 0.750427
v 0.191497 -0.0336355 0.663722
v 0.192394 -0.0329543 0.66529
v 0.195009 -0.0354484 0.652671
v 0.193651 -0.0362032 0.650031
v 0.192955 -0.032486 0.666581
v 0.195461 -0.0343206 0.657655
v 0.13534 -0.0231942 0.735896
v 0.139218 -0.021787 0.734281
v 0.192954 -0.0281538 0.687712
v 0.192895 -0.0289532 0.683247
v 0.193253 -0.0302647 0.676957
v 0.191768 -0.036886 0.648007
v 0.19021 -0.0342874 0.662462
v 0.1443 -0.0202567 0.732122
v 0.152544 -0.0192711 0.728211
v 0.177408 -0.0211142 0.713485
v 0.185793 -0.0234777 0.705328
v 0.190359 -0.0257819 0.698102
v 0.164929 -0.0195799 0.721619
v 0.079392 -0.221431 0.816239
v 0.0790537 -0.215548 0.81099
v 0.0782222 -0.195337 0.795776
v 0.17892 -0.112539 0.611449
v 0.17784 -0.110217 0.611894
v 0.177393 -0.114723 0.617256
v 0.176651 -0.112157 0.61742
v 0.17695 -0.109305 0.619543
v 0.177883 -0.107663 0.614514
v 0.0807287 -0.224166 0.817689
v 0.194175 -0.106958 0.633604
v 0.190826 -0.112027 0.625413
v 0.185846 -0.114958 0.618659
v 0.0967191 -0.200177 0.802185
v 0.105295 -0.185427 0.786753
v 0.184699 -0.0912641 0.670843
v 0.188047 -0.0928874 0.661702
v 0.191259 -0.0963632 0.652292
v 0.114284 -0.170212 0.771974
v 0.12433 -0.153741 0.758206
v 0.149562 -0.117369 0.728858
v 0.163121 -0.104131 0.710229
v 0.174246 -0.0957891 0.692719
v 0.136244 -0.135063 0.74451
v 0.181635 -0.114659 0.613817
v 0.179515 -0.116894 0.619418
v 0.180851 -0.091869 0.680238
v 0.186832 -0.0872269 0.67718
v 0.173659 -0.096709 0.68459
v 0.192416 -0.0272634 0.692372
v 0.181036 -0.0211719 0.696915
v 0.200605 -0.0318391 0.683982
v 0.213311 -0.0427944 0.669143
v 0.211079 -0.0389083 0.671973
v 0.214134 -0.0473837 0.668091
v 0.0587998 -0.0689633 0.639289
v 0.0603512 -0.0774811 0.640847
v 0.0596116 -0.0603681 0.638555
v 0.0769493 -0.100414 0.655243
v 0.0830725 -0.106111 0.663016
v 0.0713207 -0.092567 0.649213
v 0.100281 -0.119462 0.699582
v 0.108683 -0.12454 0.707797
v 0.0967418 -0.111271 0.685942
v 0.21396 -0.0629536 0.670056
v 0.214183 -0.0580725 0.669281
v 0.212598 -0.0671265 0.670887
v 0.200421 -0.0767996 0.673729
v 0.204829 -0.0736999 0.673058
v 0.196136 -0.0799835 0.674331
v 0.0905592 -0.108059 0.673264
v 0.0615954 -0.0526231 0.637609
v 0.0651788 -0.0453546 0.636827
v 0.12802 -0.118905 0.705483
v 0.149765 -0.108738 0.697591
v 0.137256 -0.00441462 0.68171
v 0.125867 -0.00397258 0.678099
v 0.150268 -0.00727926 0.686763
v 0.0859197 -0.0228082 0.640505
v 0.0781851 -0.0303878 0.637987
v 0.0921929 -0.0163942 0.644967
v 0.0651608 -0.0850803 0.644272
v 0.191768 -0.0833406 0.675333
v 0.209253 -0.0705949 0.672002
v 0.206815 -0.0354776 0.676871
v 0.1148 -0.00435776 0.674468
v 0.105728 -0.00535652 0.670241
v 0.214275 -0.0526732 0.668401
v 0.165909 -0.0136489 0.693563
v 0.100366 -0.00704693 0.66509
v 0.0976135 -0.00929216 0.658808
v 0.0955991 -0.0121153 0.651572
v 0.164478 -0.101589 0.690293
v 0.0709079 -0.0379808 0.636854
v 0.177194 -0.103433 0.618994
v 0.179011 -0.100963 0.616336
v 0.17691 -0.105173 0.623315
v 0.172643 -0.0975327 0.62838
v 0.169646 -0.0923724 0.627222
v 0.173748 -0.0941821 0.622368
v 0.094494 -0.0581377 0.613283
v 0.0920891 -0.0623307 0.615796
v 0.0966628 -0.0538027 0.610712
v 0.103767 -0.0553093 0.618116
v 0.10652 -0.0593734 0.623153
v 0.100143 -0.0623874 0.622274
v 0.108887 -0.0215953 0.657213
v 0.109008 -0.0253586 0.647122
v 0.110689 -0.0182376 0.665111
v 0.115742 -0.0256831 0.663393
v 0.117188 -0.0321837 0.655667
v 0.113846 -0.0314323 0.648396
v 0.0989464 -0.0805348 0.640874
v 0.102667 -0.0830686 0.648628
v 0.0957579 -0.0776115 0.634064
v 0.103189 -0.074942 0.637664
v 0.110056 -0.0757868 0.643859
v 0.109184 -0.079534 0.649949
v 0.188215 -0.0658218 0.615487
v 0.188736 -0.0604736 0.618265
v 0.188353 -0.07093 0.61318
v 0.180949 -0.0687347 0.620454
v 0.1768 -0.0642548 0.625227
v 0.181336 -0.0602015 0.624837
v 0.135543 -0.101467 0.684998
v 0.154614 -0.0972739 0.671933
v 0.119833 -0.104436 0.690503
v 0.124148 -0.0964109 0.683662
v 0.13715 -0.0911683 0.675741
v 0.151509 -0.0920838 0.66897
v 0.168625 -0.0977513 0.656694
v 0.176181 -0.101862 0.642729
v 0.161062 -0.0889513 0.654986
v 0.170457 -0.0949802 0.644269
v 0.182825 -0.0897502 0.612034
v 0.184406 -0.0864918 0.610873
v 0.181818 -0.0936875 0.613036
v 0.175648 -0.0881704 0.619735
v 0.172827 -0.0823524 0.622156
v 0.177728 -0.0819604 0.618316
v 0.187262 -0.0755341 0.612019
v 0.186573 -0.0797756 0.610866
v 0.179575 -0.0760457 0.618471
v 0.176085 -0.0713308 0.622523
v 0.105903 -0.0395831 0.616222
v 0.102373 -0.0449007 0.611179
v 0.108155 -0.0339531 0.624277
v 0.113106 -0.038807 0.629741
v 0.114727 -0.045506 0.625768
v 0.108515 -0.0476882 0.618755
v 0.159275 -0.0272571 0.684166
v 0.146041 -0.0214565 0.680615
v 0.171066 -0.0324422 0.685107
v 0.16493 -0.0368213 0.679839
v 0.154117 -0.0360962 0.675791
v 0.145143 -0.0283627 0.676821
v 0.186991 -0.0450178 0.63699
v 0.184828 -0.0410967 0.646791
v 0.18895 -0.0495649 0.628823
v 0.181192 -0.0514659 0.633638
v 0.175608 -0.0494076 0.641225
v 0.177792 -0.0444677 0.648602
v 0.0915082 -0.0662735 0.618854
v 0.0914574 -0.070143 0.622344
v 0.104474 -0.0653259 0.627445
v 0.0997168 -0.0688069 0.628058
v 0.180182 -0.0971862 0.614796
v 0.171079 -0.0879652 0.623878
v 0.109484 -0.0297066 0.635468
v 0.117272 -0.0382123 0.639816
v 0.135224 -0.0189387 0.676976
v 0.125965 -0.0176148 0.67423
v 0.136718 -0.030171 0.670795
v 0.127983 -0.0248663 0.67122
v 0.185182 -0.0830751 0.610859
v 0.174603 -0.0770681 0.621594
v 0.188778 -0.05497 0.622862
v 0.177042 -0.0565238 0.630808
v 0.0997321 -0.0496899 0.610007
v 0.11028 -0.052953 0.620954
v 0.108612 -0.0851916 0.658218
v 0.112612 -0.0903169 0.670446
v 0.116853 -0.0796615 0.656941
v 0.116629 -0.0862091 0.668368
v 0.181905 -0.0385623 0.657823
v 0.17985 -0.036623 0.669318
v 0.171664 -0.0445483 0.656659
v 0.173208 -0.0406641 0.667337
v 0.114331 -0.0985856 0.683328
v 0.121575 -0.0890079 0.674781
v 0.0936224 -0.0739039 0.627838
v 0.106012 -0.0708535 0.634224
v 0.117303 -0.017625 0.670341
v 0.123447 -0.0291881 0.665548
v 0.178415 -0.108346 0.628775
v 0.177403 -0.104251 0.631406
v 0.169259 -0.0930429 0.636283
v 0.193892 -0.101353 0.642756
v 0.198884 -0.100116 0.637042
v 0.187963 -0.102665 0.649229
v 0.179239 -0.113487 0.627736
v 0.178521 -0.111004 0.627567
v 0.202291 -0.0983211 0.632696
v 0.204613 -0.0957971 0.629668
v 0.181854 -0.104532 0.655705
v 0.176459 -0.106392 0.66065
v 0.174412 -0.107534 0.660998
v 0.180831 -0.115617 0.629343
v 0.181365 -0.0340089 0.677936
v 0.176912 -0.0355049 0.679177
v 0.16703 -0.0419933 0.672053
v 0.188092 -0.0308603 0.67792
v 0.187416 -0.0317351 0.676647
v 0.1862 -0.0325231 0.676037
v 0.188692 -0.0299922 0.679094
v 0.190488 -0.0301438 0.67683
v 0.194629 -0.0324095 0.666968
v 0.199374 -0.0355524 0.654591
v 0.184198 -0.0332963 0.676384
v 0.210565 -0.0846668 0.625409
v 0.212155 -0.0798331 0.624884
v 0.208498 -0.088784 0.626393
v 0.203615 -0.0388143 0.644515
v 0.206883 -0.0426063 0.637127
v 0.211461 -0.0601661 0.626564
v 0.210312 -0.0533701 0.62847
v 0.212331 -0.0672393 0.625574
v 0.212681 -0.0739423 0.624988
v 0.208955 -0.0474502 0.631883
v 0.206555 -0.0925441 0.627703
v 0.0755315 -0.133941 0.754961
v 0.143482 -0.0629849 0.644899
vt 0.8748 1
vt 0.004116 1
vt 0.4342 1
vt 1 1
vt 0.9732 1
vt 0.677 1
vt 0.3688 1
vt 1 1
vt 0.4366 1
vt 0.8986 1
vt 0.004116 1
vt 0.5156 1
vt 0.1061 1
vt 0.9967 1
vt 0.677 1
vt 0.3688 1
vt 0.2651 1
vt 0.3512 1
vt 0.9535 1
vt 0.0301 1
vt 0.5154 1
vt 0.1843 1
vt 0.9966 1
vt 0.106 1
vt 0.4366 1
vt 0.1843 1
vt 0.177 1
vt 0.8173 1
vt 0.03034 1
vt 0.4343 1
vt 0.5105 1
vt 0.9967 1
vt 0.7577 1
vt 0.4366 1
vt 0.5699 1
vt 0.8323 1
vt 0.8986 1
vt 0.004283 1
vt 0.3513 1
vt 0.3513 1
vt 0.9732 1
vt 0.8385 1
vt 0.4366 1
vt 0 1
vt 0.177 1
vt 0.8986 1
vt 0.0001486 1
vt 0.4342 1
vt 0.5692 1
vt 0.9731 1
vt 0.7577 1
vt 0.3688 1
vt 0.6796 1
vt 0.003687 1
vt 0.5158 1
vt 1 1
vt 0.4343 1
vt 1 1
vt 0.2646 1
vt 0.7584 1
vt 0.177 1
vt 1 1
vt 0.4368 1
vt 0.2651 1
vt 0.3513 1
vt 0.3513 1
vt 0.1851 1
vt 0.3473 1
vt 0.7577 1
vt 0.5155 1
vt 0.3513 1
vt 0.3513 1
vt 0.9966 1
vt 0.03491 1
vt 0.3485 1
vt 0.1059 1
vt 0.2646 1
vt 0.6776 1
vt 0.2648 1
vt 0.1061 1
vt 1 1
vt 0.768 1
vt 0.6548 1
vt 0.4255 1
vt 0.5881 1
vt 0.3485 1
vt 0.8385 1
vt 0.4366 1
vt 0.6311 1
vt 0.8235 1
vt 0.3504 1
vt 0 1
vt 0.4216 1
vt 0.3512 1
vt 0.2648 1
vt 0.8385 1
vt 0.4366 1
vt 0 1
vt 0.265 1
vt 0.0295 1
vt 0.5169 1
vt 0.3473 1
vt 0.4984 1
vt 0.177 1
vt 0.7577 1
vt 0.5155 1
vt 0.605 1
vt 0.003687 1
vt 0.4255 1
vt 0.519 1
vt 0.682 1
vt 0.4984 1
vt 0.2652 1
vt 0.7632 1
vt 0.491 1
vt 0.5699 1
vt 0.8391 1
vt 0.4216 1
vt 0.03491 1
vt 0.7577 1
vt 0.4216 1
vt 0.177 1
vt 0.7584 1
vt 0.491 1
vt 1 1
vt 0.7632 1
vt 0.4368 1
vt 0 1
vt 0.49 1
vt 0 1
vt 0.3473 1
vt 0.677 1
vt 0.2646 1
vt 0 1
vt 0.5183 1
vt 0.4211 1
vt 0 1
vt 0.677 1
vt 0.3471 1
vt 0 1
vt 0.4381 1
vt 0.9535 1
vt 0.004116 1
vt 0.3473 1
vt 0 1
vt 0.9741 1
vt 0.7577 1
vt 0.4368 1
vt 1 1
vt 0.4216 1
vt 0 1
vt 0.2646 1
vt 0.8849 1
vt 0.177 1
vt 1 1
vt 0.3689 1
vt 0.4211 1
vt 1 1
vt 0.9413 1
vt 0.2646 1
vt 1 1
vt 0.4368 1
vt 0.9308 1
vt 0.004283 1
vt 0.3471 1
vt 1 1
vt 0.9968 1
vt 0.9518 1
vt 0.677 1
vt 0.3504 1
vt 0.9966 1
vt 0.9518 1
vt 1 1
vt 0.7577 1
vt 0.4315 1
vt 0.9518 1
vt 0.9966 1
vt 0.677 1
vt 0.0002068 1
vt 0.4342 1
vt 1 1
vt 0.9849 1
vt 0 1
vt 0.491 1
vt 0.3512 1
vt 0.6143 1
vt 0.9731 1
vt 0.9695 1
vt 0.9966 1
vt 0.6309 1
vt 0.003687 1
vt 0.4315 1
vt 0.6166 1
vt 0.9308 1
vt 0.9731 1
vt 0.5692 1
vt 0.003687 1
vt 0.8386 1
vt 0.5154 1
vt 0.5105 1
vt 0.5582 1
vt 0.9967 1
vt 0.9308 1
vt 1 1
vt 0.8173 1
vt 0.5169 1
vt 0.7931 1
vt 0.9731 1
vt 0.9908 1
vt 0.9966 1
vt 0.7104 1
vt 0.9731 1
vt 0.4342 1
vt 0.7577 1
vt 0.9957 1
vt 0.9731 1
vt 0.7732 1
vt 0.9966 1
vt 0.9966 1
vt 0.738 1
vt 0.4342 1
vt 0.8032 1
vt 0.9968 1
vt 0.9839 1
vt 0 1
vt 1 1
vt 0.5169 1
vt 0 1
vt 0.9671 1
vt 0.8936 1
vt 0.8323 1
vt 0 1
vt 0.177 1
vt 0.003687 1
vt 1 1
vt 0.519 1
vt 0.2651 1
vt 0.912 1
vt 0.9885 1
vt 1 1
vt 0.2651 1
vt 0.177 1
vt 0.003687 1
vt 1 1
vt 0.4348 1
vt 0.605 1
vt 0.003687 1
vt 0.5159 1
vt 1 1
vt 0.5999 1
vt 0.0295 1
vt 0.003687 1
vt 1 1
vt 0.3512 1
vt 0.3757 1
vt 0.8386 1
vt 0.9469 1
vt 0.8587 1
vt 0.9987 1
vt 0.9966 1
vt 0 1
vt 1 1
vt 0.4342 1
vt 0.5582 1
vt 0.8986 1
vt 0.9813 1
vt 0.9183 1
vt 0.6166 1
vt 0 1
vt 0.003687 1
vt 0.8385 1
vt 0.4348 1
vt 0.1772 1
vt 0.0295 1
vt 0.4382 1
vt 0.9966 1
vt 0.1772 1
vt 0.3512 1
vt 0.0295 1
vt 0.7577 1
vt 0.3513 1
vt 1 1
vt 0.0295 1
vt 0.3747 1
vt 0.7989 1
vt 1 1
vt 0.4366 1
vt 0.003687 1
vt 0.7587 1
vt 0.3471 1
vt 1 1
vt 0.003687 1
vt 0.4375 1
vt 0.7751 1
vt 1 1
vt 0.3693 1
vt 0.9731 1
vt 0.738 1
vt 0.4211 1
vt 0.8497 1
vt 0.912 1
vt 0.9469 1
vt 0.8936 1
vt 0.7448 1
vt 0.9731 1
vt 0 1
vt 0.7577 1
vt 0.4257 1
vt 0.4989 1
vt 0.5881 1
vt 0 1
vt 0 1
vt 0.677 1
vt 0.3486 1
vt 0.03491 1
vt 0.0295 1
vt 0.4375 1
vt 0.8587 1
vt 0.03491 1
vt 0.9967 1
vt 0.6781 1
vt 0.4211 1
vt 0.8497 1
vt 0.4989 1
vt 0.8235 1
vt 0.9183 1
vt 0.5956 1
vt 0.49 1
vt 1 1
vt 0.5565 1
vt 0.8323 1
vt 0.9413 1
vt 0.9849 1
vt 0.4989 1
vt 0.8849 1
vt 0.6143 1
vt 0.8936 1
vt 0.9813 1
vt 0.4257 1
vt 0.6311 1
vt 0.003687 1
vt 0.7587 1
vt 0.4257 1
vt 0.5999 1
vt 0.5881 1
vt 0.0295 1
vt 0.003687 1
vt 0.5881 1
vt 0.4989 1
vt 0.5999 1
vt 0.5169 1
vt 0.003687 1
vt 0.5105 1
vt 0.6715 1
vt 0.5999 1
vt 0 1
vt 0.8748 1
vt 0.5156 1
vt 0.4315 1
vt 0.6548 1
vt 0.5948 1
vt 0.3486 1
vt 0.9695 1
vt 0.9518 1
vt 0.4257 1
vt 0.9022 1
vt 0.4315 1
vt 0.7587 1
vt 0.3504 1
vt 0.9624 1
vt 0 1
vt 0.1866 1
vt 0.3513 1
vt 0.2427 1
vt 0.1866 1
vt 0 1
vt 0.9966 1
vt 0.7677 1
vt 0.4347 1
vt 0.6775 1
vt 0.7524 1
vt 0.177 1
vt 0.4347 1
vt 0.6309 1
vt 0.715 1
vt 1 1
vt 0.177 1
vt 0.7524 1
vt 0.3513 1
vt 0.6916 1
vt 0.6857 1
vt 0.4347 1
vt 0.9927 1
vt 0.6655 1
vt 0.5188 1
vt 0.7577 1
vt 0.7577 1
vt 0.5182 1
vt 0.6776 1
vt 0.4347 1
vt 0.177 1
vt 0.7179 1
vt 0.4347 1
vt 0.5582 1
vt 0.4366 1
vt 1 1
vt 0.1866 1
vt 1 1
vt 0.1062 1
vt 0.5155 1
vt 0.7202 1
vt 0.5182 1
vt 0.7257 1
vt 0.3688 1
vt 1 1
vt 0.1062 1
vt 0.696 1
vt 0.2648 1
vt 0.4366 1
vt 0.6677 1
vt 0.5175 1
vt 1 1
vt 0.3688 1
vt 1 1
vt 0.1062 1
vt 1 1
vt 0.1062 1
vt 0.6548 1
vt 0.4345 1
vt 0.4366 1
vt 1 1
vt 0.1866 1
vt 1 1
vt 0.5155 1
vt 0.7022 1
vt 0.3513 1
vt 1 1
vt 0.5155 1
vt 1 1
vt 0.1062 1
vt 1 1
vt 0.03491 1
vt 0.4366 1
vt 0.6757 1
vt 0.4347 1
vt 0.106 1
vt 0.2648 1
vt 0.6607 1
vt 0.03491 1
vt 0.106 1
vt 1 1
vt 0.6311 1
vt 0.4345 1
vt 0.265 1
vt 0.696 1
vt 0.03491 1
vt 1 1
vt 0.4366 1
vt 0.7022 1
vt 0.3513 1
vt 0.8386 1
vt 0.4366 1
vt 1 1
vt 0.03491 1
vt 0.7732 1
vt 0.9966 1
vt 0.3688 1
vt 0.738 1
vt 0.2817 1
vt 1 1
vt 0.177 1
vt 0.6607 1
vt 0.1062 1
vt 1 1
vt 0.4381 1
vt 0.4366 1
vt 0.7104 1
vt 0.2427 1
vt 1 1
vt 0.3504 1
vt 0.715 1
vt 0.1062 1
vt 1 1
vt 0.3688 1
vt 0.4366 1
vt 0.6757 1
vt 0.2438 1
vt 0.2651 1
vt 0.3486 1
vt 0.6775 1
vt 0.1866 1
vt 0.2652 1
vt 0.2651 1
vt 0.6757 1
vt 0.2822 1
vt 1 1
vt 0.7104 1
vt 0.2427 1
vt 1 1
vt 0.6916 1
vt 0.1866 1
vt 0.2648 1
vt 0.6166 1
vt 0.1062 1
vt 1 1
vt 0.5155 1
vt 0.6574 1
vt 0.188 1
vt 0.2651 1
vt 0.1772 1
vt 0.2651 1
vt 0.3688 1
vt 0.6311 1
vt 0.2438 1
vt 0 1
vt 0.265 1
vt 0.5565 1
vt 0.1866 1
vt 0 1
vt 0.265 1
vt 0.6757 1
vt 0.2438 1
vt 1 1
vt 0.7659 1
vt 0.188 1
vt 0.9671 1
vt 0.7577 1
vt 0.2007 1
vt 0.8385 1
vt 0.2517 1
vt 0.7577 1
vt 0.5956 1
vt 0.2822 1
vt 0.6574 1
vt 0.2438 1
vt 1 1
vt 0.8392 1
vt 0.2517 1
vt 0.9839 1
vt 0.5956 1
vt 0.2858 1
vt 0.7577 1
vt 0.7577 1
vt 0.6791 1
vt 0.8391 1
vt 0.7312 1
vt 0.6143 1
vt 0.7286 1
vt 1 1
vt 0.7587 1
vt 0.6765 1
vt 0.9535 1
vt 0.6655 1
vt 0.7312 1
vt 0.8385 1
vt 0.8385 1
vt 0.7691 1
vt 0.7584 1
vt 0.7672 1
vt 0.6796 1
vt 0.7286 1
vt 1 1
vt 0.7659 1
vt 0.7286 1
vt 0.9927 1
vt 0.677 1
vt 0.7672 1
vt 0.7577 1
vt 0.7653 1
vt 0.7577 1
vt 0.6677 1
vt 0.7258 1
vt 0.731 1
vt 0.6765 1
vt 1 1
vt 0.8443 1
vt 0.7286 1
vt 0.9957 1
vt 0.677 1
vt 0.7258 1
vt 0.8385 1
vt 0.6736 1
vt 0.7577 1
vt 0.5969 1
vt 0.7691 1
vt 0.7213 1
vt 0.8059 1
vt 1 1
vt 0.5155 1
vt 0.8049 1
vt 0.9469 1
vt 0.9839 1
vt 0.7672 1
vt 0.9695 1
vt 0.8059 1
vt 0.9535 1
vt 0.5156 1
vt 0.8539 1
vt 0.9966 1
vt 0.9695 1
vt 0.8536 1
vt 0.9966 1
vt 0.2651 1
vt 0.5956 1
vt 0.4366 1
vt 0 1
vt 0.8049 1
vt 0.1839 1
vt 0.2651 1
vt 0.5969 1
vt 0.2646 1
vt 0.677 1
vt 0.8049 1
vt 0.9731 1
vt 0.2651 1
vt 0.516 1
vt 0.5155 1
vt 0.8385 1
vt 0.8536 1
vt 0.1059 1
vt 0.5158 1
vt 0.9731 1
vt 0.3688 1
vt 0 1
vt 0.8533 1
vt 0 1
vt 0.3689 1
vt 0.9966 1
vt 0.177 1
vt 0.8385 1
vt 0.8039 1
vt 0.9966 1
vt 0.5155 1
vt 0.9966 1
vt 0.5155 1
vt 0 1
vt 0.7672 1
vt 0.9966 1
vt 0.003687 1
vt 0.9731 1
vt 0.9966 1
vt 0.8032 1
vt 0.8049 1
vt 0.7313 1
vt 0.0295 1
vt 0.9966 1
vt 0.9966 1
vt 0.9908 1
vt 0.8039 1
vt 1 1
vt 0.003687 1
vt 1 1
vt 0.5105 1
vt 0.7653 1
vt 0.7751 1
vt 1 1
vt 1 1
vt 0.9022 1
vt 1 1
vt 1 1
vt 0.8323 1
vt 0.9966 1
vt 0.9966 1
vt 0.7876 1
vt 1 1
vt 0.7931 1
vt 0.5582 1
vt 1 1
vt 0.4366 1
vt 0 1
vt 1 1
vt 0.9731 1
vt 1 1
vt 1 1
vt 0 1
vt 1 1
vt 0.6715 1
vt 1 1
vt 0 1
vt 1 1
vt 0.5699 1
vt 1 1
vt 0.106 1
vt 1 1
vt 0.2651 1
vt 1 1
vt 1 1
vt 1 1
vt 0.4366 1
vt 0.9966 1
vt 0 1
vt 0.5156 1
vt 1 1
vt 0.004116 1
vt 0 1
vt 0.4374 1
vt 1 1
vt 0.5565 1
vt 0.4375 1
vt 1 1
vt 0.0301 1
vt 0.5159 1
vt 1 1
vt 0.491 1
vt 0.4374 1
vt 0 1
vt 0.516 1
vt 1 1
vt 0.2427 1
vt 0 1
vt 0.3757 1
vt 0 1
vt 0.4342 1
vt 0.9974 1
vt 0.2817 1
vt 0 1
vt 0.3757 1
vt 0.9977 1
vt 0.02971 1
vt 0.4375 1
vt 0 1
vt 0.2427 1
vt 1 1
vt 0.696 1
vt 0 1
vt 0.2817 1
vt 0.7989 1
vt 0.2646 1
vt 0.9974 1
vt 0.0001486 1
vt 0.5188 1
vt 0.979 1
vt 5.169e-05 1
vt 0.9817 1
vt 0.003836 1
vt 0.003836 1
vt 0.4342 1
vt 0.9977 1
vt 0.9977 1
vt 1 1
vt 0 1
vt 0.3513 1
vt 0.9817 1
vt 0.7931 1
vt 0.4342 1
vt 0.983 1
vt 0.2427 1
vt 0.9979 1
vt 0 1
vt 0.2817 1
vt 1 1
vt 0.9977 1
vt 0.9979 1
vt 1 1
vt 0.4382 1
vt 0.8539 1
vt 0.9178 1
vt 0.9178 1
vt 0.8523 1
vt 0.9176 1
vt 0.1062 1
vt 0.8523 1
vt 0.1866 1
vt 0.8536 1
vt 0.9176 1
vt 0.9176 1
vt 0.03491 1
vt 1 1
vt 0.1062 1
vt 0.9178 1
vt 0.8521 1
vt 0.03491 1
vt 0.9731 1
vt 0.9731 1
vt 0.9968 1
vt 1 1
vt 0.1866 1
vt 0.9176 1
vt 0.1062 1
vt 0.9731 1
vt 1 1
vt 0.9967 1
vt 0.1866 1
vt 0.9176 1
vt 0.03491 1
vt 0.9178 1
vt 0.9968 1
vt 0.9731 1
vt 0.1062 1
vt 0.9178 1
vt 0.9741 1
vt 1 1
vt 0.1062 1
vt 0.9413 1
vt 0.9731 1
vt 0.8386 1
vt 0.9732 1
vt 0.1062 1
vt 0.8526 1
vt 0.9731 1
vt 0.9731 1
vt 0.9732 1
vt 0.9967 1
vt 0.1062 1
vt 1 1
vt 0.1062 1
vt 0.9177 1
vt 0.9967 1
vt 0.03491 1
vt 1 1
vt 0.8536 1
vt 0.9731 1
vt 1 1
vt 0.1062 1
vt 0.9178 1
vt 0.9966 1
vt 0.1866 1
vt 1 1
vt 0.9177 1
vt 1 1
vt 0.8533 1
vt 1 1
vt 0.1866 1
vt 0.9176 1
vt 1 1
vt 0.9967 1
vt 1 1
vt 0.1866 1
vt 1 1
vt 0.9966 1
vt 1 1
vt 0.1062 1
vt 1 1
vt 1 1
vt 0.03491 1
vt 1 1
vt 1 1
vt 0.9731 1
vt 1 1
vt 0.9176 1
vt 1 1
vt 1 1
vt 0.9731 1
vt 0.1062 1
vt 1 1
vt 0.9176 1
vt 0.7577 1
vt 1 1
vt 0.7257 1
vt 1 1
vt 0.3471 1
vt 1 1
vt 0.8173 1
vt 0.9979 1
vt 0 1
vt 0.7931 1
vt 0.9966 1
vt 1 1
vt 1 1
vt 1 1
vt 0.003687 1
vt 1 1
vt 0.03491 1
vt 1 1
vt 0.2817 1
vt 0.9977 1
vt 0.003687 1
vt 0.2427 1
vt 0 1
vt 1 1
vt 0.9977 1
vt 0.9979 1
vt 0.1062 1
vt 1 1
vt 0.003687 1
vt 1 1
vt 0.9908 1
vt 0.9813 1
vt 0.0295 1
vt 1 1
vt 0.1866 1
vt 1 1
vt 0.9995 1
vt 0.9989 1
vt 0.03491 1
vt 1 1
vt 0.0295 1
vt 1 1
vt 0.9832 1
vt 1 1
vt 0.9957 1
vt 0.9832 1
vt 0.03491 1
vt 0.9986 1
vt 0.0295 1
vt 0.8675 1
vt 0.9989 1
vt 1 1
vt 0 1
vt 0.7903 1
vt 1 1
vt 1 1
vt 0.1062 1
vt 0.8057 1
vt 0.9995 1
vt 1 1
vt 0.003687 1
vt 1 1
vt 0.1062 1
vt 0.8809 1
vt 0.9995 1
vt 0.9979 1
vt 0.003687 1
vt 1 1
vt 0.1062 1
vt 0.7903 1
vt 1 1
vt 1 1
vt 0.1062 1
vt 0.7069 1
vt 1 1
vt 0.7209 1
vt 1 1
vt 1 1
vt 0.1866 1
vt 0.8057 1
vt 1 1
vt 0.8057 1
vt 0.9998 1
vt 1 1
vt 0.003687 1
vt 0.7209 1
vt 1 1
vt 0.7303 1
vt 0.9986 1
vt 0.8149 1
vt 0.9957 1
vt 0.9885 1
vt 0.0295 1
vt 0.8809 1
vt 0.9979 1
vt 0.8057 1
vt 1 1
vt 0.8149 1
vt 0.8018 1
vt 0.7595 1
vt 0.8433 1
vt 1 1
vt 0.003687 1
vt 0.8878 1
vt 0.7751 1
vt 0.8526 1
vt 0.768 1
vt 0.9981 1
vt 0.2648 1
vt 0.5318 1
vt 0.8008 1
vt 0.8008 1
vt 1 1
vt 0.8018 1
vt 0 1
vt 0.4451 1
vt 0.8523 1
vt 0.9022 1
vt 1 1
vt 0.4481 1
vt 0.8001 1
vt 0.8521 1
vt 0.8433 1
vt 0.9849 1
vt 0.8173 1
vt 0.5383 1
vt 0.8008 1
vt 0.7595 1
vt 0.9966 1
vt 0.8008 1
vt 0.8235 1
vt 0.4451 1
vt 0.8001 1
vt 0.8523 1
vt 0.9308 1
vt 0.9989 1
vt 0 1
vt 0.3715 1
vt 0.6916 1
vt 0.7583 1
vt 0.7876 1
vt 0.9977 1
vt 0.7876 1
vt 0.3723 1
vt 0.7257 1
vt 0.9995 1
vt 0.8433 1
vt 0.4481 1
vt 0.7104 1
vt 0.7448 1
vt 0.8748 1
vt 0.9849 1
vt 0.8849 1
vt 0.4481 1
vt 0.768 1
vt 0.7257 1
vt 0.8235 1
vt 1 1
vt 0.8433 1
vt 0.3723 1
vt 0.7876 1
vt 0.003687 1
vt 0.9998 1
vt 0.3722 1
vt 0.9981 1
vt 0.4487 1
vt 1 1
vt 0.5383 1
vt 0.9987 1
vt 0.4481 1
vt 0.9989 1
vt 0.4487 1
vt 0.7448 1
vt 0.9022 1
vt 0.9981 1
vt 0.5414 1
vt 0.9813 1
vt 0 1
vt 0.7448 1
vt 0.8748 1
vt 0.9908 1
vt 0.003687 1
vt 0.7732 1
vt 0.9981 1
vt 1 1
vt 0.003706 1
vt 0.9977 1
vt 6.462e-06 1
vt 0.7613 1
vt 0.7732 1
vt 0.003687 1
vt 0.7577 1
vt 0 1
vt 0.2427 1
vt 0.0295 1
vt 0.4342 1
vt 0.1866 1
vt 0 1
vt 0.02952 1
vt 0 1
vt 0.2427 1
vt 0.003706 1
vt 0.2427 1
vt 0 1
vt 0.2817 1
vt 0.003706 1
vt 0.5948 1
vt 0.6715 1
vt 0.02952 1
vt 1 1
vt 0.02971 1
vt 0.2427 1
vt 0.003836 1
vt 0.8849 1
vt 0.5565 1
vt 6.462e-06 1
vt 0.49 1
vt 0.003706 1
vt 0.7751 1
vt 0.003836 1
vt 0.7313 1
vt 0.9839 1
vt 5.169e-05 1
vt 0.2646 1
vt 0.768 1
vt 0.3486 1
vt 1 1
vt 0.5188 1
vt 0.2427 1
vt 0.6045 1
vt 0.6781 1
vt 0.6028 1
vt 0.6641 1
vt 0.731 1
vt 0.5182 1
vt 1 1
vt 0.6045 1
vt 0.7577 1
vt 0.8433 1
vt 0.6791 1
vt 0.7584 1
vt 0.6765 1
vt 0.6028 1
vt 0.6607 1
vt 0.6028 1
vt 0.9469 1
vt 0.7677 1
vt 0.6765 1
vt 0.6574 1
vt 0.7577 1
vt 0.6736 1
vt 0.6607 1
vt 0.7213 1
vt 0.6009 1
vt 0.9832 1
vt 0.7213 1
vt 0.5182 1
vt 0.696 1
vt 0.7577 1
vt 0.6028 1
vt 0.9624 1
vt 0.738 1
vt 0.6009 1
vt 0.8936 1
vt 0.7022 1
vt 0.5175 1
vt 0.9413 1
vt 0.6715 1
vt 0.9731 1
vt 0.9966 1
vt 0.6916 1
vt 0.9966 1
vt 0.7022 1
vt 0.9731 1
vt 0.9832 1
vt 0.6574 1
vt 0.9966 1
vt 0.7213 1
vt 0.6166 1
vt 1 1
vt 1 1
vt 0.9966 1
vt 0.9966 1
vt 1 1
vt 0.6143 1
vt 1 1
vt 0.9966 1
vt 0.9731 1
vt 0.6548 1
vt 0.9966 1
vt 0.9966 1
vt 0.9731 1
vt 0.1866 1
vt 0.2676 1
vt 0.2342 1
vt 0 1
vt 0.7179 1
vt 0 1
vt 0.1062 1
vt 0.2342 1
vt 0.2356 1
vt 0 1
vt 0.2356 1
vt 0 1
vt 0.1066 1
vt 0.2817 1
vt 0.2656 1
vt 0 1
vt 0.2703 1
vt 0 1
vt 0.188 1
vt 0.2427 1
vt 0.2427 1
vt 0 1
vt 0.7595 1
vt 0 1
vt 0.1062 1
vt 0.2427 1
vt 0.2817 1
vt 0 1
vt 0.2356 1
vt 0 1
vt 0.03491 1
vt 0.1866 1
vt 0.1866 1
vt 0 1
vt 0.2378 1
vt 0 1
vt 0.03491 1
vt 0.1866 1
vt 0.1866 1
vt 0 1
vt 0.1066 1
vt 0.2427 1
vt 0.2427 1
vt 0 1
vt 0.7583 1
vt 0 1
vt 0.1066 1
vt 0.1866 1
vt 0 1
vt 0.6655 1
vt 0.03491 1
vt 0.2427 1
vt 0.1866 1
vt 0 1
vt 0.2356 1
vt 0 1
vt 0.03491 1
vt 0.2427 1
vt 0.2817 1
vt 0 1
vt 0.7164 1
vt 0 1
vt 0.1075 1
vt 0.2817 1
vt 0.2427 1
vt 0 1
vt 0.1843 1
vt 0 1
vt 0.188 1
vt 0.2817 1
vt 0.7202 1
vt 0 1
vt 0.1066 1
vt 0.2676 1
vt 0.1075 1
vt 0.6655 1
vt 0.2007 1
vt 0.2427 1
vt 0.7613 1
vt 0 1
vt 0.177 1
vt 0.2378 1
vt 0.2651 1
vt 0.7179 1
vt 0.2651 1
vt 0.7595 1
vt 0.177 1
vt 0.2427 1
vt 0.1851 1
vt 0 1
vt 0.2651 1
vt 0.2817 1
vt 0.2427 1
vt 0 1
vt 0.3513 1
vt 0.7179 1
vt 0.3513 1
vt 0.1843 1
vt 0.2651 1
vt 0.6641 1
vt 0.7313 1
vt 0.2651 1
vt 0.1839 1
vt 0.3513 1
vt 0.49 1
vt 0.2427 1
vt 0.7313 1
vt 0.3513 1
vt 0.2651 1
vt 0.2427 1
vt 0.177 1
vt 0.2817 1
vt 0.2651 1
vt 0.2651 1
vt 1 1
vt 0.177 1
vt 0.7164 1
vt 0.8392 1
vt 0 1
vt 0.5699 1
vt 0 1
vt 0.3512 1
vt 0 1
vt 0.1866 1
vt 0 1
vt 0 1
vt 0.1866 1
vt 1 1
vt 0 1
vt 0.1866 1
vt 0 1
vt 0.2427 1
vt 1 1
vt 0 1
vt 0 1
vt 0 1
vt 0 1
vt 0 1
vn 0.8995 -0.2997 0.3178
vn 0.8955 -0.3887 0.2167
vn 0.8868 -0.4188 0.1952
vn 0.8911 -0.3203 0.3214
vn 0.8728 -0.4818 0.07727
vn 0.8476 -0.5304 0.01459
vn 0.8145 -0.578 -0.04984
vn 0.8651 -0.4707 0.1729
vn 0.8628 -0.3703 0.3442
vn -0.263 -0.4806 -0.8365
vn -0.4195 -0.3792 -0.8248
vn -0.5001 -0.3451 -0.7942
vn -0.3745 -0.4435 -0.8143
vn -0.7092 -0.158 -0.687
vn -0.7665 -0.1125 -0.6322
vn -0.8493 -0.03778 -0.5264
vn -0.6319 -0.2849 -0.7208
vn -0.5348 -0.3919 -0.7486
vn 0.6118 0.3998 0.6825
vn 0.7495 0.245 0.6149
vn 0.6984 0.23 0.6777
vn 0.6023 0.3391 0.7226
vn 0.8226 0.1108 0.5577
vn 0.7655 0.1115 0.6337
vn 0.6351 0.1307 0.7613
vn 0.5845 0.2281 0.7786
vn 0.5407 0.2911 0.7892
vn -0.4665 0.7037 -0.5359
vn -0.3315 0.9219 -0.2004
vn -0.3293 0.9389 -0.1
vn -0.4659 0.7678 -0.4397
vn -0.213 0.9728 0.09134
vn -0.2221 0.9643 0.1441
vn -0.2254 0.9535 0.2001
vn -0.3385 0.9388 0.06305
vn -0.4967 0.8488 -0.1811
vn -0.08194 -0.7112 -0.6982
vn -0.1233 -0.6604 -0.7407
vn -0.232 -0.6149 -0.7537
vn -0.1675 -0.6686 -0.7245
vn -0.1816 -0.5997 -0.7794
vn -0.3055 -0.5531 -0.7751
vn -0.4338 -0.516 -0.7386
vn -0.3113 -0.5812 -0.7518
vn -0.2063 -0.6282 -0.7501
vn 0.8859 -0.4596 -0.06241
vn 0.8863 -0.4552 -0.08435
vn 0.868 -0.4658 -0.1717
vn 0.8582 -0.492 -0.1459
vn 0.8383 -0.515 -0.1786
vn 0.8412 -0.4838 -0.2413
vn 0.8187 -0.4682 -0.3324
vn 0.8186 -0.4938 -0.2934
vn 0.7958 -0.5408 -0.2725
vn 0.7526 -0.6373 0.1653
vn 0.723 -0.6901 0.03327
vn 0.6419 -0.7667 0.004425
vn 0.6683 -0.7412 0.06323
vn 0.681 -0.7272 -0.08597
vn 0.6339 -0.7732 -0.02017
vn 0.6311 -0.7735 0.05811
vn 0.6176 -0.7851 0.04584
vn 0.6193 -0.7833 0.0521
vn -0.7479 -0.1833 -0.638
vn -0.8081 -0.06388 -0.5855
vn -0.8123 0.04669 -0.5813
vn -0.7539 -0.07941 -0.6522
vn -0.9165 0.1749 -0.3598
vn -0.887 0.29 -0.3593
vn -0.8364 0.4006 -0.3741
vn -0.8157 0.1544 -0.5575
vn -0.7625 0.004212 -0.647
vn 0.7364 0.1415 0.6616
vn 0.7448 0.05594 0.6649
vn 0.8843 -0.05463 0.4636
vn 0.8915 0.02911 0.4519
vn 0.7524 -0.03595 0.6577
vn 0.8731 -0.1203 0.4723
vn 0.9407 -0.08817 0.3275
vn 0.9529 -0.05155 0.2988
vn 0.9625 0.0191 0.2707
vn -0.4042 0.9075 0.114
vn -0.2518 0.9548 0.1577
vn -0.1775 0.9791 0.09885
vn -0.3137 0.946 0.08179
vn -0.1358 0.9763 0.1683
vn -0.07547 0.9924 0.09711
vn -0.02042 0.9998 0.00531
vn -0.1137 0.993 0.03092
vn -0.234 0.9719 0.02383
vn 0.01474 -0.5045 -0.8632
vn -0.1425 -0.4934 -0.858
vn 0.05301 -0.417 -0.9073
vn 0.204 -0.4133 -0.8874
vn -0.414 -0.4211 -0.8069
vn -0.2867 -0.3562 -0.8893
vn -0.2459 -0.3342 -0.9098
vn 0.1026 -0.4091 -0.9067
vn 0.2447 -0.4131 -0.8772
vn 0.5777 -0.7078 -0.4064
vn 0.6012 -0.6061 -0.5206
vn 0.4496 -0.6949 -0.5611
vn 0.4705 -0.8162 -0.3353
vn 0.6753 -0.4861 -0.5546
vn 0.5528 -0.5061 -0.662
vn 0.4126 -0.5358 -0.7367
vn 0.3049 -0.7584 -0.5759
vn 0.3759 -0.8737 -0.3085
vn 0.729 -0.5365 -0.425
vn 0.6935 -0.6045 -0.3918
vn 0.7636 -0.4711 -0.4415
vn -0.2986 -0.5514 -0.7789
vn -0.1584 -0.5844 -0.7958
vn -0.4915 -0.477 -0.7286
vn -0.316 0.9344 0.1646
vn -0.4775 0.8772 0.04993
vn -0.1958 0.9573 0.2126
vn 0.5905 0.1788 0.787
vn 0.5699 0.2446 0.7844
vn 0.6209 0.08365 0.7794
vn -0.7557 -0.182 -0.6291
vn -0.6813 -0.2993 -0.668
vn -0.9092 0.06507 -0.4113
vn 0.8137 -0.5701 0.1129
vn 0.8216 -0.4881 0.2947
vn 0.7578 -0.6454 -0.09549
vn 0.7886 -0.4832 -0.3802
vn 0.6718 -0.5717 -0.471
vn 0.7708 -0.4443 -0.4566
vn 0.8418 -0.3833 -0.38
vn 0.3583 -0.6785 -0.6412
vn 0.4702 -0.5778 -0.6671
vn 0.5642 -0.455 -0.6889
vn 0.8112 -0.3449 -0.4721
vn 0.8614 -0.3145 -0.3986
vn 0.8155 -0.2842 -0.504
vn 0.8648 -0.2745 -0.4203
vn 0.636 -0.3446 -0.6904
vn 0.6521 -0.342 -0.6766
vn 0.7877 -0.32 -0.5264
vn 0.8363 -0.3194 -0.4455
vn 0.5471 -0.7056 -0.4503
vn 0.3751 -0.7644 -0.5244
vn 0.5237 -0.693 -0.4954
vn 0.6833 -0.6072 -0.4054
vn 0.1605 -0.7846 -0.5988
vn 0.2403 -0.7508 -0.6153
vn 0.7142 -0.01144 0.6999
vn 0.7499 -0.0744 0.6573
vn 0.7221 -0.1454 0.6763
vn 0.6845 -0.07004 0.7256
vn 0.7925 -0.1747 0.5843
vn 0.7653 -0.2698 0.5843
vn 0.7843 -0.439 0.4382
vn 0.7817 -0.31 0.5411
vn 0.7705 -0.212 0.6011
vn 0.7986 -0.4836 0.3582
vn 0.834 -0.3429 0.4321
vn 0.7555 -0.6025 0.2573
vn 0.6783 -0.7202 0.1456
vn 0.7504 -0.6195 0.2304
vn 0.8543 -0.4166 0.3108
vn 0.8754 -0.05148 0.4805
vn 0.8821 -0.1155 0.4567
vn 0.8455 -0.09296 0.5259
vn 0.8295 -0.03311 0.5576
vn 0.8862 -0.1662 0.4324
vn 0.861 -0.1626 0.4818
vn -0.1398 0.9497 0.2802
vn -0.08432 0.9661 0.244
vn -0.04114 0.9363 0.3488
vn 0.04584 0.9577 0.284
vn 0.1299 0.9678 0.2157
vn -0.01465 0.9821 0.1879
vn 0.04669 0.992 0.117
vn 0.201 0.9696 0.1394
vn 0.2747 0.9614 0.01764
vn 0.1091 0.994 0.004242
vn -0.1534 0.9482 0.2781
vn -0.1613 0.9429 0.2914
vn -0.1155 0.9048 0.4099
vn -0.1026 0.9113 0.3988
vn -0.9199 0.3107 -0.2392
vn -0.8825 0.367 -0.294
vn -0.8724 0.4769 -0.1074
vn -0.91 0.4057 -0.08475
vn -0.83 0.4159 -0.3714
vn -0.8296 0.5341 -0.1627
vn -0.7714 0.6287 -0.09842
vn -0.8094 0.5844 -0.05689
vn -0.8575 0.5123 -0.047
vn -0.7241 0.6764 -0.1344
vn -0.7772 0.6161 -0.1275
vn -0.6901 0.7076 -0.1516
vn -0.6004 0.7649 -0.2332
vn -0.6457 0.7264 -0.2352
vn -0.6961 0.6795 -0.2315
vn -0.8619 0.1663 -0.479
vn -0.8146 0.1953 -0.5461
vn -0.8411 0.264 -0.472
vn -0.889 0.2274 -0.3974
vn -0.7526 0.2144 -0.6225
vn -0.7758 0.2913 -0.5596
vn 0.2894 0.7485 0.5966
vn 0.3696 0.6024 0.7074
vn 0.4852 0.5591 0.6722
vn 0.4103 0.7204 0.5592
vn 0.4413 0.4525 0.7749
vn 0.5297 0.4105 0.7421
vn 0.6933 0.3901 0.6058
vn 0.6258 0.573 0.5291
vn 0.5205 0.7414 0.4235
vn 0.7016 0.6535 0.284
vn 0.5721 0.7973 0.1922
vn 0.8266 0.4239 0.3701
vn 0.8401 0.5105 0.183
vn 0.6621 0.7429 0.09818
vn 0.5287 0.8485 0.01862
vn -0.03018 0.7791 0.6261
vn 0.04901 0.6781 0.7333
vn 0.2113 0.6575 0.7232
vn 0.1206 0.7817 0.6118
vn 0.2073 0.5857 0.7836
vn 0.3412 0.5228 0.7812
vn 0.1243 -0.8707 -0.4758
vn 0.26 -0.8684 -0.4222
vn 0.3322 -0.827 -0.4536
vn 0.2358 -0.837 -0.4937
vn 0.1789 -0.8746 -0.4506
vn 0.2715 -0.8395 -0.4707
vn 0.412 -0.7607 -0.5016
vn 0.4814 -0.7214 -0.4978
vn 0.4898 -0.7144 -0.4997
vn -0.7958 -0.09973 -0.5972
vn -0.7858 0.09586 -0.611
vn -0.5312 -0.2018 -0.8228
vn -0.5495 -0.333 -0.7662
vn -0.743 0.2868 -0.6047
vn -0.4893 -0.02832 -0.8716
vn 0.0824 -0.4264 -0.9008
vn 0.02857 -0.5399 -0.8412
vn -0.005554 -0.5793 -0.8151
vn -0.1481 -0.9428 -0.2986
vn 0.02469 -0.9268 -0.3746
vn -0.06653 -0.8548 -0.5147
vn -0.3709 -0.7698 -0.5194
vn -0.01984 -0.8772 -0.4797
vn -0.01477 -0.847 -0.5313
vn 0.03107 -0.7112 -0.7023
vn -0.2286 -0.6286 -0.7434
vn -0.5146 -0.5754 -0.6357
vn 0.3355 0.54 -0.7719
vn 0.3614 0.5233 -0.7717
vn 0.3592 0.4285 -0.8291
vn 0.3601 0.421 -0.8325
vn 0.4302 0.568 -0.7016
vn 0.4107 0.4822 -0.7738
vn 0.367 0.2889 -0.8842
vn 0.3464 0.2389 -0.9071
vn 0.3767 0.195 -0.9055
vn -0.5011 0.6565 -0.5638
vn -0.3089 0.7884 -0.532
vn 0.1146 0.6842 -0.7202
vn -0.1198 0.5015 -0.8568
vn -0.02115 0.8879 -0.4595
vn 0.3505 0.7736 -0.5278
vn 0.7213 0.5135 -0.4647
vn 0.6186 0.3704 -0.6929
vn 0.4535 0.1376 -0.8806
vn -0.307 -0.8213 -0.4809
vn -0.4873 -0.7489 -0.4491
vn -0.3515 -0.8042 -0.4793
vn -0.1632 -0.8559 -0.4907
vn -0.6462 -0.5952 -0.4777
vn -0.4894 -0.6807 -0.5451
vn -0.08155 -0.7413 -0.6662
vn -0.01645 -0.8189 -0.5736
vn 0.1133 -0.8354 -0.5377
vn 0.6494 -0.5425 -0.5328
vn 0.6176 -0.6397 -0.4574
vn 0.392 -0.5934 -0.703
vn 0.4305 -0.5348 -0.7271
vn 0.5694 -0.7398 -0.3584
vn 0.3337 -0.6807 -0.6521
vn -0.1874 -0.415 -0.8903
vn -0.141 -0.3913 -0.9094
vn -0.129 -0.3917 -0.911
vn 0.756 -0.143 -0.6388
vn 0.7384 -0.2905 -0.6085
vn 0.6154 -0.2526 -0.7466
vn 0.6536 -0.1028 -0.7497
vn 0.709 -0.3951 -0.584
vn 0.5484 -0.3928 -0.7382
vn -0.0126 -0.2661 -0.9638
vn 0.08258 -0.0968 -0.9919
vn 0.1439 0.06516 -0.9874
vn 0.03125 0.956 -0.2916
vn 0.1922 0.8966 -0.3988
vn 0.09366 0.8902 -0.4457
vn -0.03885 0.9494 -0.3115
vn 0.388 0.7497 -0.5361
vn 0.2578 0.756 -0.6016
vn -0.226 0.7183 -0.658
vn -0.3577 0.7753 -0.5205
vn -0.3895 0.8434 -0.37
vn 0.4441 0.7054 -0.5523
vn 0.3767 0.6155 -0.6922
vn 0.4497 0.4704 -0.7593
vn 0.5966 0.5511 -0.5833
vn 0.5267 0.1869 -0.8292
vn 0.7706 0.2648 -0.5797
vn 0.6443 0.3614 -0.674
vn 0.702 0.2346 -0.6723
vn 0.5854 0.2835 -0.7596
vn 0.5029 0.4151 -0.7581
vn 0.7398 0.1169 -0.6626
vn 0.6424 0.1521 -0.7511
vn 0.1223 0.2639 -0.9568
vn 0.04535 0.3718 -0.9272
vn -0.04031 0.5023 -0.8637
vn 0.4158 0.6552 -0.6307
vn 0.3823 0.5835 -0.7165
vn 0.1178 0.7936 -0.5969
vn 0.04559 0.7616 -0.6464
vn -0.0629 0.6572 -0.7511
vn 0.3005 0.3812 -0.8743
vn -0.08106 0.87 0.4863
vn -0.03864 0.8854 0.4631
vn -0.06552 0.8596 0.5066
vn 0.01093 0.8762 0.4819
vn 0.138 0.8908 0.4328
vn 0.05966 0.914 0.4013
vn 0.2518 0.937 0.242
vn 0.3258 0.9343 0.1447
vn 0.333 0.9031 0.271
vn 0.4027 0.9049 0.1375
vn 0.445 0.8955 -0.0007935
vn 0.3935 0.9191 0.01813
vn 0.1643 0.9308 0.3264
vn 0.2471 0.8962 0.3685
vn 0.4953 0.8054 -0.3257
vn 0.5058 0.7595 -0.409
vn 0.706 0.6034 -0.3707
vn 0.6923 0.6683 -0.2719
vn 0.8739 0.3892 -0.2912
vn 0.8378 0.5066 -0.2034
vn -0.704 0.544 -0.4565
vn -0.6242 0.6701 -0.4017
vn -0.6327 0.7665 -0.1096
vn -0.7256 0.6598 -0.1952
vn -0.5673 0.8234 0.01114
vn -0.6766 0.7316 -0.08362
vn -0.4732 0.8809 0.002319
vn -0.5921 0.8004 -0.09348
vn -0.3757 0.9252 -0.0539
vn -0.4812 0.864 -0.1477
vn -0.6134 0.3056 -0.7283
vn -0.5479 0.4431 -0.7095
vn -0.5559 0.5218 -0.647
vn -0.6294 0.3913 -0.6713
vn -0.6839 0.2455 -0.687
vn -0.7039 0.3303 -0.6288
vn -0.7693 0.4725 -0.4299
vn -0.7339 0.6688 -0.1181
vn -0.6551 0.7412 -0.146
vn -0.5448 0.813 -0.2054
vn -0.7822 0.5904 -0.199
vn 0.3007 0.8824 -0.3617
vn 0.5686 0.7507 -0.3365
vn 0.7817 0.5607 -0.273
vn -0.2239 -0.9559 0.19
vn -0.3356 -0.9373 -0.09424
vn -0.6729 -0.6697 -0.314
vn -0.7345 -0.6778 0.03323
vn -0.7735 -0.5076 -0.3795
vn -0.9044 -0.4255 -0.03204
vn 0.6805 -0.6486 -0.3409
vn 0.7334 -0.6043 -0.3115
vn 0.6198 -0.6665 -0.4141
vn 0.5879 -0.6983 -0.4082
vn 0.5105 -0.7715 -0.3797
vn 0.5125 -0.7903 -0.3357
vn 0.4407 -0.8621 -0.25
vn 0.4921 -0.8538 -0.1699
vn 0.4071 -0.8975 -0.1696
vn 0.5073 -0.86 -0.05496
vn 0.8197 -0.5589 -0.1252
vn 0.8559 -0.5085 -0.09378
vn 0.8118 -0.5546 -0.1824
vn 0.7587 -0.6112 -0.2254
vn -0.647 0.484 -0.5891
vn -0.3471 0.2267 -0.91
vn 0.2387 -0.174 -0.9554
vn -0.8616 0.06912 -0.5028
vn -0.896 0.1243 -0.4262
vn -0.9348 0.1996 -0.2939
vn -0.9116 0.3919 -0.1239
vn -0.848 0.5021 -0.1694
vn -0.7678 0.588 -0.2542
vn -0.9425 0.2896 -0.1666
vn -0.7356 0.4804 -0.4776
vn -0.6526 0.6289 -0.4227
vn -0.6403 0.6291 -0.4406
vn -0.728 0.4911 -0.4784
vn -0.5881 0.7029 -0.3999
vn -0.5781 0.7017 -0.4164
vn -0.5981 0.6976 -0.3943
vn -0.6613 0.6207 -0.4211
vn -0.7458 0.4823 -0.4596
vn 0.5215 -0.8415 0.1412
vn 0.4088 -0.9124 -0.01923
vn 0.4968 -0.8371 0.2289
vn 0.563 -0.7566 0.3324
vn 0.3032 -0.928 -0.2163
vn 0.3727 -0.9275 0.02963
vn 0.4473 -0.836 0.3178
vn 0.6101 -0.6269 0.4845
vn 0.6248 -0.6133 0.4832
vn -0.3952 0.8337 -0.3856
vn -0.2094 0.9095 -0.359
vn -0.1237 0.9192 -0.3739
vn -0.3634 0.8451 -0.3921
vn -0.1247 0.9385 -0.3219
vn 0.01285 0.9331 -0.3594
vn 0.1353 0.9203 -0.367
vn -0.04724 0.9282 -0.3691
vn -0.34 0.8586 -0.3835
vn -0.1134 0.9567 -0.2679
vn 0.02957 0.9353 -0.3525
vn -0.04251 0.9754 -0.2163
vn 0.08054 0.9315 -0.3547
vn 0.2057 0.8651 -0.4574
vn 0.1731 0.8996 -0.401
vn 0.4453 0.7206 -0.5314
vn 0.4791 0.764 -0.432
vn 0.4643 0.7212 -0.514
vn 0.4547 0.6195 -0.6399
vn 0.4146 0.8656 -0.2806
vn 0.3695 0.863 -0.3445
vn 0.1198 0.8947 -0.4301
vn 0.4208 0.6716 -0.6098
vn 0.4493 0.5909 -0.67
vn 0.9806 0.1932 -0.03192
vn 0.9955 0.09473 0.009766
vn 0.9777 0.1574 -0.1392
vn 0.9432 0.278 -0.1817
vn 0.9978 0.04617 0.047
vn 0.9915 0.08649 -0.09711
vn 0.9637 0.1131 -0.2415
vn 0.9413 0.1967 -0.2741
vn 0.8961 0.3244 -0.3028
vn 0.06323 0.9577 -0.2806
vn 0.1668 0.8735 -0.4573
vn 0.1674 0.8851 -0.4342
vn 0.2436 0.7565 -0.6069
vn 0.2877 0.6615 -0.6926
vn 0.2524 0.7781 -0.5751
vn 0.38 0.9199 -0.09647
vn 0.482 0.8731 -0.07303
vn 0.3903 0.9093 -0.1443
vn 0.2967 0.9445 -0.1408
vn 0.7013 0.7096 -0.06769
vn 0.6059 0.7749 -0.18
vn 0.5481 0.7951 -0.2595
vn 0.3383 0.9207 -0.1943
vn 0.2394 0.9563 -0.1678
vn 0.8948 -0.4131 0.1693
vn 0.7066 -0.6688 0.231
vn 0.7923 -0.565 0.2303
vn 0.9372 -0.3366 0.09131
vn 0.6285 -0.7318 0.2634
vn 0.7172 -0.6201 0.3178
vn 0.8267 -0.529 0.1914
vn 0.8804 -0.466 0.0875
vn 0.9637 -0.2593 -0.06354
vn 0.6711 -0.6668 0.324
vn 0.6769 -0.6498 0.3457
vn 0.7107 -0.5533 0.4344
vn 0.7319 -0.5486 0.4042
vn 0.6508 -0.6806 0.3364
vn 0.6472 -0.6201 0.4432
vn 0.6601 -0.6009 0.4508
vn 0.7472 -0.5419 0.3846
vn 0.8026 -0.5079 0.3127
vn -0.1133 -0.6456 -0.7551
vn -0.2563 -0.5863 -0.7684
vn -0.4217 -0.6314 -0.6507
vn -0.2616 -0.7096 -0.6542
vn -0.5072 -0.4015 -0.7625
vn -0.6345 -0.4239 -0.6462
vn -0.6904 -0.4611 -0.5574
vn -0.5067 -0.6619 -0.5523
vn -0.3425 -0.7478 -0.5687
vn -0.5244 0.7554 -0.3929
vn -0.5137 0.7581 -0.4016
vn -0.5254 0.7594 -0.3837
vn 0.307 0.7867 -0.5355
vn 0.347 0.6501 -0.676
vn 0.3594 0.5878 -0.7248
vn 0.1695 -0.8547 -0.4906
vn 0.1958 -0.9275 -0.3182
vn 0.183 -0.7175 -0.6721
vn 0.09656 -0.8197 -0.5646
vn 0.04169 -0.8755 -0.4813
vn 0.2257 -0.9626 -0.1495
vn -0.8043 0.1035 -0.5851
vn -0.7941 0.2762 -0.5414
vn -0.8022 0.3037 -0.514
vn -0.8317 0.1255 -0.5408
vn -0.8171 0.2988 -0.4931
vn -0.8479 0.1067 -0.5192
vn 0.5072 -0.6992 -0.5039
vn 0.5445 -0.6738 -0.4995
vn 0.4229 -0.7746 -0.4702
vn 0.3265 -0.8041 -0.4967
vn 0.4227 -0.6637 -0.6171
vn 0.3074 -0.7664 -0.5641
vn 0.2085 -0.8381 -0.5041
vn 0.3198 -0.839 -0.4403
vn 0.1982 -0.8518 -0.4849
vn 0.6439 -0.7067 0.2932
vn 0.7197 -0.5884 0.3684
vn 0.8187 -0.5151 0.2539
vn 0.6796 -0.4641 -0.5681
vn 0.4816 -0.4805 -0.7329
vn -0.08963 -0.3652 -0.9266
vn 0.8336 -0.2774 0.4776
vn 0.801 -0.3937 0.451
vn 0.773 -0.5568 0.3038
vn 0.7089 -0.6887 0.1517
vn 0.6398 -0.7638 0.08518
vn 0.8937 -0.2211 0.3905
vn 0.8787 -0.2357 0.4149
vn 0.9908 -0.09839 0.09333
vn 0.9977 -0.05771 -0.03357
vn 0.9825 -0.02121 -0.1853
vn 0.7557 -0.003967 -0.6549
vn 0.6623 0.02463 -0.7488
vn 0.1539 0.1736 -0.9727
vn 0.8579 0.02106 0.5133
vn 0.8055 0.02515 0.592
vn 0.6795 0.04163 0.7325
vn 0.7605 -0.1295 0.6362
vn 0.8584 -0.2103 0.4678
vn 0.9199 -0.1922 0.3416
vn 0.6533 -0.009552 0.757
vn 0.3953 -0.6899 -0.6064
vn 0.1863 -0.7981 -0.573
vn 0.04709 -0.8374 -0.5446
vn -0.04364 -0.8462 -0.5311
vn 0.03082 -0.8258 -0.5631
vn 0.3068 -0.7171 -0.6258
vn 0.7066 -0.6231 -0.3352
vn 0.771 -0.5417 -0.3347
vn 0.8082 -0.4648 -0.3616
vn 0.7912 -0.3785 -0.4803
vn 0.7645 -0.3478 -0.5427
vn 0.7125 -0.3776 -0.5913
vn 0.8097 -0.4147 -0.4151
vn 0.1292 -0.6688 -0.7321
vn -0.002899 -0.7582 -0.652
vn -0.0933 -0.8154 -0.5713
vn -0.06235 -0.8665 -0.4952
vn 0.06973 -0.8626 -0.5009
vn 0.2754 -0.8094 -0.5187
vn -0.0119 -0.6773 -0.7356
vn 0.06943 -0.6109 -0.7887
vn 0.2177 -0.5041 -0.8357
vn 0.3745 -0.3949 -0.8389
vn 0.4273 -0.3887 -0.8162
vn -0.01221 -0.7554 -0.6551
vn -0.0387 -0.7233 -0.6894
vn -0.7414 -0.1063 -0.6625
vn -0.7992 -0.1089 -0.591
vn -0.823 -0.1504 -0.5478
vn -0.7613 -0.3444 -0.5494
vn -0.5545 -0.4949 -0.6691
vn -0.06369 -0.6361 -0.769
vn -0.5196 -0.4445 -0.7296
vn -0.6457 -0.3715 -0.6671
vn -0.6688 -0.2824 -0.6877
vn -0.629 -0.2016 -0.7508
vn -0.6321 -0.1457 -0.761
vn -0.2274 -0.538 -0.8117
vn -0.3573 -0.4926 -0.7935
vn 0.9029 0.4252 -0.06238
vn 0.8334 0.5138 -0.2034
vn 0.7768 0.5498 -0.3071
vn 0.5509 0.5375 -0.6384
vn 0.3994 0.5741 -0.7147
vn -0.1194 0.6221 -0.7738
vn 0.4987 0.3483 0.7937
vn 0.5537 0.3089 0.7733
vn 0.7231 0.2449 0.6458
vn 0.886 0.1798 0.4275
vn 0.9485 0.2088 0.2381
vn 0.4196 0.5086 0.7518
vn 0.4844 0.4214 0.7667
vn -0.2174 0.6071 0.7642
vn -0.07309 0.6167 0.7838
vn 0.2299 0.5833 0.779
vn 0.02438 0.618 0.7858
vn 0.1292 0.5834 0.8018
vn 0.4611 0.4903 0.7396
vn -0.3408 -0.714 -0.6116
vn -0.4319 -0.639 -0.6365
vn -0.1739 -0.5902 -0.7883
vn -0.1091 -0.6531 -0.7493
vn -0.5229 -0.557 -0.6452
vn -0.244 -0.5235 -0.8163
vn -0.1952 -0.8737 -0.4455
vn -0.2252 -0.8518 -0.473
vn 0.009095 -0.7878 -0.6158
vn 0.08884 -0.8104 -0.579
vn -0.2246 -0.8267 -0.5159
vn -0.01059 -0.7549 -0.6557
vn 0.7121 -0.6998 0.05609
vn 0.3944 -0.8995 -0.1881
vn 0.626 -0.7063 -0.3305
vn 0.8184 -0.5608 -0.1248
vn 0.07425 -0.9232 -0.3769
vn 0.3935 -0.7827 -0.4821
vn 0.4382 0.3573 0.8248
vn 0.5158 0.2426 0.8216
vn 0.7986 0.07993 0.5965
vn 0.7442 0.1895 0.6405
vn 0.5669 0.1464 0.8106
vn 0.8293 -0.01315 0.5587
vn 0.6503 0.02521 0.7592
vn 0.7076 -0.04672 0.705
vn 0.8711 -0.1868 0.4542
vn 0.8571 -0.1349 0.4971
vn 0.765 -0.1636 0.6228
vn 0.885 -0.269 0.3799
vn -0.8535 -0.1907 -0.4849
vn -0.9398 0.01865 -0.3411
vn -0.8643 0.03278 -0.5019
vn -0.7159 -0.1863 -0.6728
vn -0.9387 0.1151 -0.3248
vn -0.8724 0.1293 -0.4714
vn 0.8547 -0.4383 0.278
vn 0.8533 -0.4666 0.2326
vn 0.8778 -0.4788 -0.01175
vn 0.865 -0.5017 -0.01068
vn 0.8473 -0.4908 0.2028
vn 0.8913 -0.4534 0.003845
vn -0.8726 0.1956 -0.4476
vn -0.8332 0.2533 -0.4915
vn -0.7353 0.2253 -0.6392
vn -0.7906 0.1872 -0.5829
vn -0.7878 0.3474 -0.5086
vn -0.6749 0.2962 -0.6758
vn -0.7215 0.496 -0.4831
vn -0.61 0.4387 -0.6598
vn -0.6103 0.7214 -0.3272
vn -0.5188 0.6912 -0.503
vn -0.2259 0.7928 0.566
vn -0.2182 0.7633 0.608
vn -0.1158 0.8498 0.5142
vn -0.1376 0.8866 0.4416
vn -0.2369 0.759 0.6065
vn -0.1156 0.8363 0.536
vn -0.2795 0.6865 0.6713
vn -0.277 0.6236 0.731
vn -0.09812 0.6644 0.7409
vn -0.1374 0.7456 0.652
vn -0.9097 0.1572 -0.3844
vn -0.8378 0.1623 -0.5213
vn -0.3168 0.8952 0.3133
vn -0.2531 0.8401 0.4798
vn -0.1721 0.9326 0.3173
vn -0.2402 0.9622 0.128
vn 0.6071 0.07483 0.791
vn 0.846 -0.08771 0.5258
vn -0.1041 -0.8979 -0.4276
vn 0.2237 -0.8106 -0.5412
vn 0.8248 -0.5394 0.1695
vn 0.8838 -0.4675 -0.01593
vn -0.256 -0.7821 -0.5681
vn -0.04047 -0.7105 -0.7025
vn -0.4509 0.8925 0.01321
vn -0.3725 0.9116 -0.1736
vn 0.3131 0.4827 0.8179
vn 0.6406 0.3354 0.6907
vn -0.6737 -0.4175 -0.6098
vn -0.4338 -0.4081 -0.8032
vn 0.8011 -0.2733 0.5325
vn 0.891 -0.3534 0.285
vn 0.8252 -0.3434 0.4485
vn 0.888 -0.4257 0.174
vn 0.4964 0.7683 -0.4041
vn 0.6895 0.5381 -0.4848
vn 0.6229 0.5337 -0.572
vn 0.4416 0.7571 -0.4814
vn 0.7884 0.3388 -0.5135
vn 0.7181 0.3439 -0.605
vn -0.8161 -0.2363 -0.5273
vn -0.6905 -0.5244 -0.4981
vn -0.8491 0.03207 -0.5271
vn -0.122 -0.8496 -0.5131
vn 0.1503 -0.8769 -0.4566
vn -0.3594 -0.7822 -0.5089
vn -0.02753 -0.8477 -0.5297
vn 0.002533 -0.8853 -0.465
vn 0.1232 -0.8722 -0.4733
vn 0.8508 0.1124 -0.5134
vn 0.8676 -0.009156 -0.4971
vn 0.8068 -0.01028 -0.5907
vn 0.7909 0.1085 -0.6023
vn 0.8784 -0.1939 -0.4369
vn 0.8162 -0.1707 -0.5519
vn 0.8539 -0.4361 -0.2839
vn 0.8559 -0.4627 -0.2308
vn 0.7923 -0.4526 -0.4092
vn 0.7981 -0.4057 -0.4454
vn 0.8325 -0.5386 -0.1295
vn 0.7729 -0.5405 -0.3322
vn -0.6866 0.5812 -0.4367
vn -0.7693 0.4263 -0.4758
vn -0.604 0.684 -0.4091
vn 0.733 -0.5965 0.3269
vn 0.713 -0.5616 0.4198
vn 0.5302 -0.8083 0.2561
vn 0.5965 -0.796 0.1028
vn 0.6226 -0.5856 0.519
vn 0.3562 -0.8597 0.3661
vn -0.009125 -0.9821 0.1883
vn 0.1757 -0.9844 -0.004608
vn 0.08518 0.927 -0.3652
vn -0.2503 0.8822 -0.3987
vn 0.2954 0.8865 -0.3562
vn 0.3279 0.8471 -0.4181
vn 0.3243 0.7919 -0.5174
vn 0.4011 0.6214 -0.673
vn 0.4409 0.5842 -0.6813
vn 0.1717 0.7101 -0.6828
vn 0.8297 0.2115 -0.5165
vn 0.7644 0.216 -0.6074
vn 0.3184 0.6966 -0.6429
vn 0.3142 0.6005 -0.7352
vn 0.1534 0.961 -0.23
vn 0.2907 0.9088 -0.2993
vn 0.2348 0.9023 -0.3616
vn 0.08045 0.9589 -0.272
vn 0.8627 -0.3683 -0.3465
vn 0.8079 -0.3278 -0.4897
vn 0.7789 -0.6269 0.01782
vn 0.737 -0.6435 -0.2065
vn 0.7189 -0.6752 0.1651
vn 0.6891 -0.7208 -0.07401
vn -0.5236 -0.7013 -0.4837
vn -0.4959 0.7691 -0.4031
vn 0.3619 0.5593 -0.7457
vn 0.148 -0.9646 -0.2181
vn 0.1783 -0.9839 -0.01093
vn -0.8277 0.2387 -0.5078
vn 0.2541 -0.8729 -0.4165
vn 0.02466 -0.5089 0.8605
vn -0.08765 -0.6917 0.7168
vn 0.0842 -0.3883 0.9177
vn -0.7799 0.1886 0.5968
vn -0.8216 0.1434 0.5516
vn -0.8181 0.1256 0.5611
vn -0.1253 0.4094 0.9037
vn -0.1365 0.3688 0.9194
vn -0.1355 0.4856 0.8636
vn -0.5963 0.4579 0.6593
vn -0.6385 0.3995 0.6577
vn -0.6884 0.3967 0.6072
vn -0.1974 0.5642 0.8017
vn -0.3038 0.5966 0.7428
vn -0.6288 0.5181 0.5797
vn -0.595 0.5171 0.6153
vn -0.8689 -0.4949 -0.0001526
vn -0.9034 -0.4284 -0.0163
vn -0.8524 -0.5205 0.04837
vn -0.8214 0.2273 0.523
vn -0.8153 0.2396 0.5271
vn -0.7855 0.2473 0.5673
vn -0.9852 0.1713 -0.0009156
vn -0.9651 0.2361 -0.1136
vn -0.9842 0.115 0.1347
vn -0.69 0.09171 0.718
vn -0.7535 0.15 0.6401
vn -0.7923 0.2415 0.5603
vn -0.1236 0.3565 0.9261
vn -0.06156 0.339 0.9387
vn -0.7045 0.4246 0.5687
vn -0.6879 0.4411 0.5763
vn -0.9362 -0.3515 0.003906
vn -0.9557 -0.2924 0.03314
vn -0.7418 0.2423 0.6252
vn -0.7072 0.2185 0.6724
vn -0.2635 0.7451 0.6127
vn -0.442 0.6297 0.6388
vn -0.4598 0.5962 0.6581
vn -0.3995 0.6164 0.6785
vn -0.5372 0.4468 0.7154
vn -0.6102 0.4799 0.6304
vn -0.6468 0.4666 0.6033
vn -0.3475 0.6391 0.6861
vn -0.3378 0.6105 0.7163
vn -0.3924 0.6985 0.5984
vn -0.4099 0.4083 0.8156
vn -0.4053 0.4107 0.8167
vn -0.4178 0.412 0.8097
vn -0.4147 0.5738 0.7061
vn -0.4754 0.5415 0.6934
vn -0.6858 0.4311 0.5863
vn -0.6709 0.4724 0.5716
vn -0.9344 0.3289 -0.1369
vn -0.8855 0.4612 -0.05664
vn -0.7617 0.3506 0.5448
vn -0.6566 0.4452 0.6087
vn -0.9821 0.04279 0.1832
vn -0.9878 -0.07898 0.1341
vn -0.6596 0.1184 0.7422
vn -0.6533 0.08039 0.7527
vn -0.3526 0.6003 0.7178
vn -0.4584 0.4176 0.7845
vn -0.5215 0.7536 0.4002
vn -0.6806 0.6959 0.2288
vn -0.4225 0.4419 0.7913
vn -0.4091 0.4112 0.8146
vn 0.03549 0.2668 0.9631
vn 0.105 0.1364 0.985
vn -0.6641 0.4276 0.6133
vn -0.6594 0.3799 0.6487
vn -0.3533 -0.8296 0.4324
vn -0.6513 -0.726 0.2207
vn -0.8092 0.1217 0.5748
vn -0.7739 0.1618 0.6123
vn -0.8369 -0.538 0.1001
vn -0.8101 -0.5664 0.1515
vn -0.7764 0.2006 0.5974
vn -0.8045 0.2138 0.5541
vn -0.9744 -0.2134 0.0708
vn -0.6794 0.1728 0.713
vn -0.76 -0.6235 0.1834
vn -0.7529 0.1859 0.6313
vn 0.1253 0.02335 0.9918
vn 0.1412 -0.03458 0.9893
vn -0.6797 0.3254 0.6573
vn -0.698 0.2985 0.6509
vn -0.7977 0.5953 0.09632
vn -0.5123 0.4785 0.7131
vn 0.845 -0.397 0.3583
vn 0.1902 -0.07212 0.9791
vn 0.2371 -0.1303 0.9627
vn -0.6907 0.3013 0.6574
vn -0.6589 0.3173 0.682
vn -0.8043 0.4432 -0.3958
vn -0.7229 0.6104 -0.3237
vn -0.7628 0.4589 -0.4556
vn -0.8345 0.3795 -0.3995
vn -0.8419 0.3779 -0.3851
vn -0.6755 0.6576 -0.3334
vn 0.7455 -0.3671 -0.5562
vn 0.1525 -0.2453 -0.9574
vn 0.7864 -0.4292 -0.4443
vn 0.898 -0.2565 -0.3574
vn 0.8643 -0.1252 -0.4871
vn 0.2822 0.1112 -0.9529
vn -0.8018 -0.428 -0.4171
vn -0.943 -0.3255 -0.06915
vn -0.6033 -0.364 -0.7096
vn -0.6286 -0.2196 -0.7461
vn -0.7875 -0.4068 -0.463
vn -0.9218 -0.3706 -0.1139
vn 0.5335 -0.2375 -0.8118
vn 0.8578 -0.09751 -0.5047
vn 0.3454 -0.1922 -0.9185
vn 0.3014 -0.3869 -0.8715
vn 0.499 -0.3809 -0.7783
vn 0.8451 -0.1927 -0.4986
vn 0.575 -0.6209 -0.5328
vn 0.6493 -0.5348 -0.5407
vn 0.5138 -0.651 -0.5588
vn 0.7537 -0.4122 -0.5118
vn 0.7713 -0.3725 -0.5161
vn 0.7977 -0.28 -0.5341
vn 0.5022 -0.6475 -0.5732
vn 0.4996 -0.6207 -0.6042
vn 0.5408 -0.6024 -0.587
vn 0.6864 -0.6094 -0.3967
vn 0.6658 -0.6229 -0.4108
vn 0.6918 -0.5661 -0.4482
vn 0.7241 -0.4372 -0.5334
vn 0.8403 -0.2275 -0.492
vn -0.7418 0.04556 -0.669
vn -0.7533 0.0002441 -0.6576
vn -0.7387 0.09571 -0.6672
vn -0.8668 0.2736 -0.4169
vn -0.874 0.202 -0.442
vn -0.8795 0.1583 -0.4488
vn 0.9661 0.1698 -0.1946
vn 0.9351 0.3311 -0.1257
vn 0.9794 0.1058 -0.172
vn 0.9603 0.2659 -0.08463
vn -0.746 0.002136 -0.6659
vn -0.711 0.06339 -0.7003
vn -0.8779 0.1661 -0.4491
vn -0.8691 0.2054 -0.4498
vn -0.6304 0.3026 -0.7148
vn -0.6643 0.2855 -0.6908
vn -0.6253 0.2713 -0.7317
vn -0.83 0.3067 -0.4657
vn -0.8383 0.289 -0.4621
vn -0.8615 0.2352 -0.45
vn 0.1386 -0.01453 -0.9902
vn 0.2564 -0.08371 -0.9629
vn -0.2085 0.4335 -0.8767
vn -0.263 0.2203 -0.9393
vn 0.04196 -0.2638 -0.9637
vn 0.1619 -0.3373 -0.9274
vn 0.478 -0.5953 -0.6459
vn 0.4551 -0.6222 -0.6369
vn 0.7296 -0.471 -0.4958
vn 0.7423 -0.4201 -0.522
vn -0.4096 -0.2014 -0.8897
vn -0.435 0.0434 -0.8993
vn 0.9167 0.3521 -0.1891
vn 0.9145 0.2413 -0.3248
vn 0.9578 0.251 -0.1396
vn 0.9645 0.1067 -0.2414
vn 0.288 -0.1234 -0.9496
vn 0.2233 -0.3607 -0.9055
vn -0.7009 0.2958 -0.649
vn -0.7114 0.3897 -0.5848
vn -0.8729 0.2214 -0.4348
vn -0.8424 0.33 -0.426
vn -0.7136 0.4777 -0.5124
vn -0.8157 0.4074 -0.4107
vn 0.4701 -0.6498 -0.5972
vn 0.7511 -0.3962 -0.5281
vn 0.8801 0.04727 -0.4724
vn 0.7943 -0.1822 -0.5795
vn 0.9348 -0.1158 -0.3357
vn 0.8682 -0.3157 -0.3829
vn -0.6567 0.1756 -0.7334
vn -0.8504 0.2616 -0.4565
vn 0.6558 -0.4325 -0.6187
vn 0.7691 -0.5013 -0.3964
vn -0.3646 0.3112 0.8776
vn -0.4118 0.3146 0.8553
vn -0.2717 0.3303 0.9039
vn -0.3188 0.3832 0.8669
vn -0.3895 0.3805 0.8387
vn -0.4214 0.3549 0.8345
vn -0.8145 0.3417 0.4688
vn -0.7853 0.3712 0.4954
vn -0.8157 0.3437 0.4653
vn -0.7931 0.337 0.5072
vn -0.7667 0.3391 0.5451
vn -0.7714 0.3579 0.5261
vn -0.5354 0.2355 0.8111
vn -0.4964 0.1462 0.8556
vn -0.5752 0.3042 0.7593
vn -0.6554 0.2474 0.7136
vn -0.646 0.1859 0.7403
vn -0.6039 0.1238 0.7873
vn -0.2418 0.3588 0.9015
vn -0.3215 0.3409 0.8834
vn -0.352 0.357 0.8652
vn -0.3408 0.3877 0.8564
vn -0.7035 0.3802 0.6004
vn -0.7191 0.3868 0.5773
vn -0.6755 0.3802 0.6317
vn -0.7055 0.3394 0.6222
vn -0.7494 0.3143 0.5827
vn -0.7531 0.3383 0.5643
vn -0.7369 0.4645 0.491
vn -0.7321 0.4075 0.5458
vn -0.7458 0.4671 0.475
vn -0.75 0.4741 0.4613
vn -0.7306 0.4494 0.5141
vn -0.7237 0.3981 0.5637
vn -0.8874 0.2716 0.3725
vn -0.8567 0.294 0.4238
vn -0.8688 0.2945 0.3981
vn -0.8632 0.281 0.4193
vn -0.8615 0.2631 0.4341
vn -0.8558 0.2765 0.4371
vn -0.769 0.4265 0.476
vn -0.7851 0.3959 0.4762
vn -0.7656 0.435 0.474
vn -0.7099 0.4419 0.5484
vn -0.7136 0.4239 0.5576
vn -0.7423 0.3971 0.5397
vn -0.7443 0.3578 0.5639
vn -0.7638 0.368 0.5301
vn -0.7026 0.3764 0.6039
vn -0.7124 0.3737 0.594
vn -0.5034 0.1121 0.8567
vn -0.4877 0.1889 0.8523
vn -0.4933 0.06784 0.8672
vn -0.5902 0.07193 0.804
vn -0.5831 0.1286 0.8021
vn -0.5362 0.1891 0.8226
vn -0.489 0.3444 0.8014
vn -0.5812 0.368 0.7257
vn -0.4403 0.3338 0.8335
vn -0.4324 0.3611 0.8262
vn -0.4813 0.3815 0.7891
vn -0.564 0.3862 0.7299
vn -0.6158 0.3444 0.7086
vn -0.6599 0.3742 0.6515
vn -0.7167 0.3147 0.6223
vn -0.7027 0.2745 0.6563
vn -0.8084 0.3578 0.4673
vn -0.7601 0.3604 0.5407
vn -0.4197 0.2795 0.8635
vn -0.4593 0.2903 0.8395
vn -0.4228 0.3286 0.8445
vn -0.4261 0.3693 0.8259
vn -0.769 0.4125 0.4884
vn -0.6996 0.4101 0.5851
vn -0.7512 0.433 0.4982
vn -0.7377 0.3926 0.5492
vn -0.7093 0.4241 0.563
vn -0.7199 0.4596 0.5201
vn -0.4846 0.0766 0.8713
vn -0.6111 0.08963 0.7865
vn -0.6481 0.3738 0.6635
vn -0.6816 0.3663 0.6334
vn -0.7021 0.3327 0.6296
vn -0.7232 0.3091 0.6175
vn -0.6738 0.3951 0.6244
vn -0.7147 0.3918 0.5793
vn -0.6039 0.4084 0.6844
vn -0.685 0.4061 0.6049
vn -0.7762 0.3343 0.5345
vn -0.7942 0.2866 0.5358
vn -0.7013 0.3835 0.6008
vn -0.7543 0.3103 0.5785
vn -0.6692 0.4324 0.6043
vn -0.7255 0.3826 0.5719
vn -0.6722 0.4244 0.6066
vn -0.3068 0.9306 -0.1996
vn -0.2971 0.9251 -0.2365
vn -0.4708 0.8498 -0.2368
vn -0.3453 0.9174 -0.1978
vn -0.4577 0.8547 -0.2449
vn -0.3706 0.9059 -0.205
vn -0.4751 0.5488 0.6879
vn -0.282 0.9301 -0.2354
vn -0.2506 0.9349 -0.2513
vn -0.06247 0.9714 -0.2292
vn -0.1107 0.9669 -0.2299
vn -0.1067 0.9657 -0.2367
vn 0.01907 0.9773 -0.2107
vn -0.1304 0.813 0.5675
vn -0.05875 0.8426 0.5352
vn 0.3611 0.9189 -0.1587
vn 0.2642 0.9408 -0.2121
vn 0.1562 0.9607 -0.2293
vn -0.1466 0.9626 -0.2276
vn -0.272 0.9386 -0.2123
vn 0.05783 0.8542 0.5166
vn 0.2093 0.8461 0.4902
vn 0.4143 0.8492 0.3274
vn 0.4738 0.8692 0.1416
vn 0.4693 0.8828 -0.01651
vn 0.3227 0.8367 0.4425
vn -0.6953 0.2724 0.6651
vn -0.8156 0.347 0.463
vn -0.8072 0.3096 0.5024
vn -0.4667 -0.5512 -0.6916
vn -0.8675 0.005432 -0.4974
vn -0.7813 -0.5989 -0.1756
vn -0.9909 -0.1213 -0.05786
vn -0.9998 -0.007874 0.01654
vn -0.9351 0.227 -0.2719
vn 0.1714 -0.2501 0.9529
vn 0.6966 -0.6656 0.2679
vn 0.6459 -0.7632 0.01584
vn 0.459 -0.8517 -0.2527
vn 0.8732 -0.4839 0.05747
vn 0.8307 -0.5528 -0.06659
vn 0.602 -0.7519 0.2688
vn 0.5919 -0.697 0.4049
vn 0.6108 -0.6308 0.4786
vn 0.7772 -0.6081 -0.1621
vn 0.72 -0.6455 -0.255
vn 0.6077 -0.7659 -0.2099
vn 0.5975 -0.7995 -0.06204
vn 0.6114 -0.7902 0.04151
vn 0.6576 -0.6938 -0.2935
vn 0.08115 -0.8521 -0.517
vn -0.3654 -0.9254 -0.1008
vn 0.6155 -0.7766 0.1345
vn 0.6441 -0.7441 0.1771
vn 0.5158 -0.8565 0.01978
vn 0.4279 0.8982 -0.1005
vn 0.4498 0.8802 -0.1512
vn 0.4603 0.8865 -0.04746
vn 0.947 0.3082 0.09064
vn 0.7881 0.6129 0.05646
vn 0.9879 0.09455 0.1232
vn -0.683 -0.114 -0.7214
vn -0.3518 -0.3639 -0.8624
vn -0.7818 0.06647 -0.6199
vn 0.3158 -0.5203 -0.7934
vn 0.5703 -0.4898 -0.6594
vn 0.09677 -0.5279 -0.8437
vn 0.5979 -0.5125 -0.6163
vn 0.2889 -0.605 -0.7419
vn 0.7152 -0.5007 -0.4876
vn 0.9655 -0.1403 0.2192
vn 0.9813 -0.0112 0.1923
vn 0.8681 -0.4411 0.2274
vn 0.612 -0.7779 0.1427
vn 0.6146 -0.7739 0.1524
vn 0.6253 -0.7649 0.1544
vn 0.6913 -0.4934 -0.5279
vn -0.8046 0.2356 -0.545
vn -0.7765 0.4627 -0.4278
vn 0.2001 -0.794 -0.574
vn 0.3088 -0.9008 -0.3052
vn 0.2123 0.9443 -0.2512
vn 0.06333 0.981 -0.1832
vn 0.3804 0.8885 -0.2567
vn -0.5757 0.7482 -0.3298
vn -0.6333 0.7015 -0.3268
vn -0.4819 0.8127 -0.3273
vn -0.04019 -0.4963 -0.8672
vn 0.6386 -0.7499 0.1728
vn 0.6959 -0.6921 0.1918
vn 0.5785 0.8157 0.005707
vn -0.03763 0.995 -0.09232
vn -0.1497 0.986 -0.0737
vn 0.9871 0.01929 0.1588
vn 0.4605 0.862 -0.2118
vn -0.259 0.9539 -0.1513
vn -0.317 0.9182 -0.2375
vn -0.3673 0.8828 -0.2926
vn 0.3916 -0.9112 -0.1277
vn -0.6995 0.6244 -0.3475
vn -0.9388 -0.04379 -0.3415
vn -0.8471 0.08362 -0.5247
vn -0.953 -0.303 -0.004273
vn -0.8424 -0.5364 -0.05051
vn -0.819 -0.4288 -0.3812
vn -0.7747 -0.1132 -0.6221
vn 0.5844 -0.6223 -0.5208
vn 0.619 -0.5783 -0.5314
vn 0.6264 -0.5904 -0.509
vn 0.4985 -0.5489 -0.6709
vn 0.4057 -0.579 -0.7072
vn 0.4566 -0.6063 -0.6511
vn 0.8739 0.3992 -0.2772
vn 0.8752 0.4577 -0.1567
vn 0.7625 0.1978 -0.616
vn 0.5845 0.5893 -0.5576
vn 0.654 0.6518 -0.384
vn 0.7438 0.6287 -0.2271
vn 0.662 -0.5295 -0.5304
vn 0.6822 -0.5073 -0.5264
vn 0.6644 -0.5219 -0.535
vn 0.4343 -0.7153 -0.5474
vn 0.3812 -0.7859 -0.4869
vn 0.4242 -0.7843 -0.4526
vn -0.7197 0.3186 -0.6169
vn -0.6838 0.4404 -0.5817
vn -0.7327 0.2889 -0.6162
vn -0.5726 0.3286 -0.751
vn -0.483 0.4364 -0.7591
vn -0.5183 0.5066 -0.689
vn -0.3575 -0.3284 -0.8742
vn -0.55 -0.4205 -0.7215
vn 0.1902 -0.2794 -0.9411
vn -0.01367 -0.6887 -0.7249
vn -0.2505 -0.6718 -0.6971
vn -0.4751 -0.6238 -0.6206
vn -0.7207 -0.5252 -0.4524
vn -0.8335 -0.5354 -0.1363
vn -0.6459 -0.6439 -0.4101
vn -0.7615 -0.628 -0.1604
vn -0.7839 0.1046 -0.612
vn -0.7819 0.167 -0.6006
vn -0.8044 0.07144 -0.5897
vn -0.7059 -0.006012 -0.7083
vn -0.6225 0.0387 -0.7816
vn -0.6652 0.1191 -0.7371
vn -0.7139 0.2985 -0.6334
vn -0.7259 0.3003 -0.6188
vn -0.5973 0.2774 -0.7525
vn -0.5116 0.3126 -0.8003
vn 0.8896 0.04685 -0.4542
vn 0.8337 -0.2049 -0.5127
vn 0.9042 0.2926 -0.3112
vn 0.7642 0.5086 -0.3965
vn 0.7246 0.3252 -0.6076
vn 0.7224 -0.00528 -0.6915
vn 0.2255 0.1244 -0.9662
vn 0.3041 0.04486 -0.9516
vn -0.05136 0.3888 -0.9199
vn 0.1244 0.7099 -0.6932
vn 0.3057 0.62 -0.7225
vn 0.3999 0.5106 -0.7611
vn -0.6009 0.6617 -0.4484
vn -0.5293 0.7731 -0.3494
vn -0.6328 0.5895 -0.502
vn -0.4578 0.7024 -0.5449
vn -0.427 0.7771 -0.4622
vn -0.4454 0.8186 -0.3627
vn 0.6499 -0.5118 -0.5618
vn 0.6794 -0.4715 -0.5622
vn 0.3795 -0.6461 -0.6621
vn 0.4613 -0.6236 -0.6311
vn -0.8128 0.05206 -0.5801
vn -0.6989 -0.1268 -0.7038
vn 0.8809 0.432 -0.1935
vn 0.7268 0.6142 -0.3073
vn 0.3094 0.05234 -0.9495
vn 0.3544 0.05725 -0.9333
vn 0.3626 0.5648 -0.7413
vn 0.3362 0.523 -0.7832
vn -0.7439 0.234 -0.626
vn -0.5584 0.1922 -0.807
vn -0.6411 0.5371 -0.5481
vn -0.4412 0.6326 -0.6365
vn 0.7196 -0.4497 -0.529
vn 0.5732 -0.2463 -0.7815
vn 0.6804 -0.5485 -0.4859
vn 0.6818 -0.5618 -0.4686
vn 0.3626 -0.8062 -0.4675
vn 0.3714 -0.7834 -0.4982
vn -0.4547 0.8526 -0.2573
vn -0.4104 0.8835 -0.2258
vn -0.4391 0.8459 -0.3026
vn -0.4397 0.862 -0.2523
vn 0.6263 -0.4912 -0.6053
vn 0.1684 -0.7685 -0.6172
vn 0.666 -0.4841 -0.5675
vn 0.3773 -0.7146 -0.589
vn 0.5058 0.09925 -0.8569
vn 0.4358 0.6041 -0.6671
vn -0.9721 -0.2122 0.09998
vn -0.8878 -0.4578 0.04627
vn -0.7831 -0.6176 -0.07282
vn 0.6593 -0.6071 0.4436
vn 0.694 -0.6276 0.3529
vn 0.6938 -0.5202 0.4978
vn -0.8972 -0.4074 0.1704
vn -0.9674 -0.2046 0.1489
vn 0.7773 -0.5877 0.2244
vn 0.8449 -0.526 0.09757
vn 0.7016 -0.46 0.5441
vn 0.5573 -0.6337 0.5365
vn 0.1704 -0.9507 0.2591
vn -0.6146 -0.769 0.1757
vn -0.4257 0.7606 -0.4902
vn -0.332 0.7985 -0.5022
vn -0.1743 0.8592 -0.481
vn -0.2764 0.8679 -0.4127
vn -0.3056 0.8724 -0.3813
vn -0.3318 0.8636 -0.3795
vn -0.1994 0.8574 -0.4743
vn -0.08676 0.953 -0.2902
vn 0.1002 0.975 -0.1981
vn 0.2077 0.9595 -0.1903
vn -0.3683 0.832 -0.4147
vn 0.9011 -0.4086 -0.1449
vn 0.9393 -0.2157 -0.2668
vn 0.8765 -0.4777 -0.05887
vn 0.3221 0.9161 -0.2386
vn 0.5289 0.784 -0.325
vn 0.8917 0.2107 -0.4006
vn 0.8478 0.338 -0.4087
vn 0.9142 0.1195 -0.3873
vn 0.9347 -0.006714 -0.3553
vn 0.7389 0.5479 -0.3921
vn 0.8739 -0.4861 0.00473
vn -0.6612 0.3191 0.6789
vn -0.05368 0.02918 -0.9981
f 1/1/1 2/2/2 3/3/3
f 1/1/1 3/3/3 4/4/4
f 2/2/2 5/5/5 6/6/6
f 2/2/2 6/6/6 3/3/3
f 3/3/3 6/6/6 7/7/7
f 3/3/3 7/7/7 8/8/8
f 4/4/4 3/3/3 8/8/8
f 4/4/4 8/8/8 9/9/9
f 10/10/10 11/11/11 12/12/12
f 10/10/10 12/12/12 13/13/13
f 11/11/11 14/14/14 15/15/15
f 11/11/11 15/15/15 12/12/12
f 12/12/12 15/15/15 16/16/16
f 12/12/12 16/16/16 17/17/17
f 13/13/13 12/12/12 17/17/17
f 13/13/13 17/17/17 18/18/18
f 19/19/19 20/20/20 21/21/21
f 19/19/19 21/21/21 22/22/22
f 20/20/20 23/23/23 24/24/24
f 20/20/20 24/24/24 21/21/21
f 21/21/21 24/24/24 25/25/25
f 21/21/21 25/25/25 26/26/26
f 22/22/22 21/21/21 26/26/26
f 22/22/22 26/26/26 27/27/27
f 28/28/28 29/29/29 30/30/30
f 28/28/28 30/30/30 31/31/31
f 29/29/29 32/32/32 33/33/33
f 29/29/29 33/33/33 30/30/30
f 30/30/30 33/33/33 34/34/34
f 30/30/30 34/34/34 35/35/35
f 31/31/31 30/30/30 35/35/35
f 31/31/31 35/35/35 36/36/36
f 37/37/37 38/38/38 39/39/39
f 37/37/37 39/39/39 40/40/40
f 38/38/38 41/41/41 42/42/42
f 38/38/38 42/42/42 39/39/39
f 39/39/39 42/42/42 43/43/43
f 39/39/39 43/43/43 44/44/44
f 40/40/40 39/39/39 44/44/44
f 40/40/40 44/44/44 45/45/45
f 46/46/46 47/47/47 48/48/48
f 46/46/46 48/48/48 49/49/49
f 47/47/47 50/50/50 51/51/51
f 47/47/47 51/51/51 48/48/48
f 48/48/48 51/51/51 52/52/52
f 48/48/48 52/52/52 53/53/53
f 49/49/49 48/48/48 53/53/53
f 49/49/49 53/53/53 54/54/54
f 55/55/55 56/56/56 57/57/57
f 55/55/55 57/57/57 58/58/58
f 56/56/56 59/59/59 60/60/60
f 56/56/56 60/60/60 57/57/57
f 57/57/57 60/60/60 61/61/61
f 57/57/57 61/61/61 62/62/62
f 58/58/58 57/57/57 62/62/62
f 58/58/58 62/62/62 63/63/63
f 64/64/64 65/65/65 66/66/66
f 64/64/64 66/66/66 67/67/67
f 65/65/65 68/68/68 69/69/69
f 65/65/65 69/69/69 66/66/66
f 66/66/66 69/69/69 70/70/70
f 66/66/66 70/70/70 71/71/71
f 67/67/67 66/66/66 71/71/71
f 67/67/67 71/71/71 72/72/72
f 73/73/73 74/74/74 75/75/75
f 73/73/73 75/75/75 76/76/76
f 74/74/74 77/77/77 78/78/78
f 74/74/74 78/78/78 75/75/75
f 75/75/75 78/78/78 79/79/79
f 75/75/75 79/79/79 80/80/80
f 76/76/76 75/75/75 80/80/80
f 76/76/76 80/80/80 81/81/81
f 82/82/82 83/83/83 84/84/84
f 82/82/82 84/84/84 85/85/85
f 83/83/83 86/86/86 87/87/87
f 83/83/83 87/87/87 84/84/84
f 84/84/84 87/87/87 88/88/88
f 84/84/84 88/88/88 89/89/89
f 85/85/85 84/84/84 89/89/89
f 85/85/85 89/89/89 90/90/90
f 91/91/91 92/92/92 93/93/93
f 91/91/91 93/93/93 94/94/94
f 92/92/92 95/95/95 96/96/96
f 92/92/92 96/96/96 93/93/93
f 93/93/93 96/96/96 97/97/97
f 93/93/93 97/97/97 98/98/98
f 94/94/94 93/93/93 98/98/98
f 94/94/94 98/98/98 99/99/99
f 100/100/100 101/101/101 102/102/102
f 100/100/100 102/102/102 103/103/103
f 101/101/101 104/104/104 105/105/105
f 101/101/101 105/105/105 102/102/102
f 102/102/102 105/105/105 106/106/106
f 102/102/102 106/106/106 107/107/107
f 103/103/103 102/102/102 107/107/107
f 103/103/103 107/107/107 108/108/108
f 54/54/54 53/53/53 109/109/109
f 54/54/54 109/109/109 110/110/110
f 53/53/53 52/52/52 111/111/111
f 53/53/53 111/111/111 109/109/109
f 109/109/109 111/111/111 104/104/104
f 109/109/109 104/104/104 101/101/101
f 110/110/110 109/109/109 101/101/101
f 110/110/110 101/101/101 100/100/100
f 45/45/45 44/44/44 112/112/112
f 45/45/45 112/112/112 113/113/113
f 44/44/44 43/43/43 114/114/114
f 44/44/44 114/114/114 112/112/112
f 112/112/112 114/114/114 95/95/95
f 112/112/112 95/95/95 92/92/92
f 113/113/113 112/112/112 92/92/92
f 113/113/113 92/92/92 91/91/91
f 36/36/36 35/35/35 115/115/115
f 36/36/36 115/115/115 116/116/116
f 35/35/35 34/34/34 117/117/117
f 35/35/35 117/117/117 115/115/115
f 115/115/115 117/117/117 86/86/86
f 115/115/115 86/86/86 83/83/83
f 116/116/116 115/115/115 83/83/83
f 116/116/116 83/83/83 82/82/82
f 27/27/27 26/26/26 118/118/118
f 27/27/27 118/118/118 119/119/119
f 26/26/26 25/25/25 120/120/120
f 26/26/26 120/120/120 118/118/118
f 118/118/118 120/120/120 77/77/77
f 118/118/118 77/77/77 74/74/74
f 119/119/119 118/118/118 74/74/74
f 119/119/119 74/74/74 73/73/73
f 18/18/18 17/17/17 121/121/121
f 18/18/18 121/121/121 122/122/122
f 17/17/17 16/16/16 123/123/123
f 17/17/17 123/123/123 121/121/121
f 121/121/121 123/123/123 68/68/68
f 121/121/121 68/68/68 65/65/65
f 122/122/122 121/121/121 65/65/65
f 122/122/122 65/65/65 64/64/64
f 9/9/9 8/8/8 124/124/124
f 9/9/9 124/124/124 125/125/125
f 8/8/8 7/7/7 126/126/126
f 8/8/8 126/126/126 124/124/124
f 124/124/124 126/126/126 59/59/59
f 124/124/124 59/59/59 56/56/56
f 125/125/125 124/124/124 56/56/56
f 125/125/125 56/56/56 55/55/55
f 127/127/127 128/128/128 129/129/129
f 127/127/127 129/129/129 130/130/130
f 128/128/128 131/131/131 132/132/132
f 128/128/128 132/132/132 129/129/129
f 129/129/129 132/132/132 133/133/133
f 129/129/129 133/133/133 134/134/134
f 130/130/130 129/129/129 134/134/134
f 130/130/130 134/134/134 135/135/135
f 135/135/135 134/134/134 136/136/136
f 135/135/135 136/136/136 137/137/137
f 134/134/134 133/133/133 138/138/138
f 134/134/134 138/138/138 136/136/136
f 136/136/136 138/138/138 139/139/139
f 136/136/136 139/139/139 140/140/140
f 137/137/137 136/136/136 140/140/140
f 137/137/137 140/140/140 141/141/141
f 142/142/142 143/143/143 144/144/144
f 142/142/142 144/144/144 145/145/145
f 143/143/143 146/146/146 147/147/147
f 143/143/143 147/147/147 144/144/144
f 144/144/144 147/147/147 131/131/131
f 144/144/144 131/131/131 128/128/128
f 145/145/145 144/144/144 128/128/128
f 145/145/145 128/128/128 127/127/127
f 148/148/148 149/149/149 150/150/150
f 148/148/148 150/150/150 151/151/151
f 149/149/149 152/152/152 153/153/153
f 149/149/149 153/153/153 150/150/150
f 150/150/150 153/153/153 154/154/154
f 150/150/150 154/154/154 155/155/155
f 151/151/151 150/150/150 155/155/155
f 151/151/151 155/155/155 156/156/156
f 156/156/156 155/155/155 157/157/157
f 156/156/156 157/157/157 158/158/158
f 155/155/155 154/154/154 159/159/159
f 155/155/155 159/159/159 157/157/157
f 157/157/157 159/159/159 160/160/160
f 157/157/157 160/160/160 161/161/161
f 158/158/158 157/157/157 161/161/161
f 158/158/158 161/161/161 162/162/162
f 163/163/163 164/164/164 165/165/165
f 163/163/163 165/165/165 166/166/166
f 164/164/164 167/167/167 168/168/168
f 164/164/164 168/168/168 165/165/165
f 165/165/165 168/168/168 152/152/152
f 165/165/165 152/152/152 149/149/149
f 166/166/166 165/165/165 149/149/149
f 166/166/166 149/149/149 148/148/148
f 34/34/34 169/169/169 170/170/170
f 34/34/34 170/170/170 117/117/117
f 169/169/169 171/171/171 172/172/172
f 169/169/169 172/172/172 170/170/170
f 170/170/170 172/172/172 173/173/173
f 170/170/170 173/173/173 174/174/174
f 117/117/117 170/170/170 174/174/174
f 117/117/117 174/174/174 86/86/86
f 86/86/86 174/174/174 175/175/175
f 86/86/86 175/175/175 87/87/87
f 174/174/174 173/173/173 176/176/176
f 174/174/174 176/176/176 175/175/175
f 175/175/175 176/176/176 177/177/177
f 175/175/175 177/177/177 178/178/178
f 87/87/87 175/175/175 178/178/178
f 87/87/87 178/178/178 88/88/88
f 32/32/32 179/179/179 180/180/180
f 32/32/32 180/180/180 33/33/33
f 179/179/179 181/181/181 182/182/182
f 179/179/179 182/182/182 180/180/180
f 180/180/180 182/182/182 171/171/171
f 180/180/180 171/171/171 169/169/169
f 33/33/33 180/180/180 169/169/169
f 33/33/33 169/169/169 34/34/34
f 183/183/183 184/184/184 185/185/185
f 183/183/183 185/185/185 186/186/186
f 184/184/184 187/187/187 188/188/188
f 184/184/184 188/188/188 185/185/185
f 185/185/185 188/188/188 189/189/189
f 185/185/185 189/189/189 190/190/190
f 186/186/186 185/185/185 190/190/190
f 186/186/186 190/190/190 191/191/191
f 191/191/191 190/190/190 192/192/192
f 191/191/191 192/192/192 193/193/193
f 190/190/190 189/189/189 194/194/194
f 190/190/190 194/194/194 192/192/192
f 192/192/192 194/194/194 195/195/195
f 192/192/192 195/195/195 196/196/196
f 193/193/193 192/192/192 196/196/196
f 193/193/193 196/196/196 197/197/197
f 198/198/198 199/199/199 200/200/200
f 198/198/198 200/200/200 201/201/201
f 199/199/199 202/202/202 203/203/203
f 199/199/199 203/203/203 200/200/200
f 200/200/200 203/203/203 187/187/187
f 200/200/200 187/187/187 184/184/184
f 201/201/201 200/200/200 184/184/184
f 201/201/201 184/184/184 183/183/183
f 204/204/204 205/205/205 206/206/206
f 204/204/204 206/206/206 207/207/207
f 205/205/205 208/208/208 209/209/209
f 205/205/205 209/209/209 206/206/206
f 206/206/206 209/209/209 210/210/210
f 206/206/206 210/210/210 211/211/211
f 207/207/207 206/206/206 211/211/211
f 207/207/207 211/211/211 212/212/212
f 212/212/212 211/211/211 213/213/213
f 212/212/212 213/213/213 214/214/214
f 211/211/211 210/210/210 215/215/215
f 211/211/211 215/215/215 213/213/213
f 213/213/213 215/215/215 216/216/216
f 213/213/213 216/216/216 217/217/217
f 214/214/214 213/213/213 217/217/217
f 214/214/214 217/217/217 218/218/218
f 219/219/219 220/220/220 221/221/221
f 219/219/219 221/221/221 222/222/222
f 220/220/220 223/223/223 224/224/224
f 220/220/220 224/224/224 221/221/221
f 221/221/221 224/224/224 208/208/208
f 221/221/221 208/208/208 205/205/205
f 222/222/222 221/221/221 205/205/205
f 222/222/222 205/205/205 204/204/204
f 225/225/225 226/226/226 227/227/227
f 225/225/225 227/227/227 228/228/228
f 226/226/226 229/229/229 230/230/230
f 226/226/226 230/230/230 227/227/227
f 227/227/227 230/230/230 231/231/231
f 227/227/227 231/231/231 232/232/232
f 228/228/228 227/227/227 232/232/232
f 228/228/228 232/232/232 233/233/233
f 234/234/234 235/235/235 236/236/236
f 234/234/234 236/236/236 237/237/237
f 235/235/235 238/238/238 239/239/239
f 235/235/235 239/239/239 236/236/236
f 236/236/236 239/239/239 240/240/240
f 236/236/236 240/240/240 241/241/241
f 237/237/237 236/236/236 241/241/241
f 237/237/237 241/241/241 242/242/242
f 243/243/243 244/244/244 245/245/245
f 243/243/243 245/245/245 246/246/246
f 244/244/244 247/247/247 248/248/248
f 244/244/244 248/248/248 245/245/245
f 245/245/245 248/248/248 249/249/249
f 245/245/245 249/249/249 250/250/250
f 246/246/246 245/245/245 250/250/250
f 246/246/246 250/250/250 251/251/251
f 252/252/252 253/253/253 254/254/254
f 252/252/252 254/254/254 255/255/255
f 253/253/253 256/256/256 257/257/257
f 253/253/253 257/257/257 254/254/254
f 254/254/254 257/257/257 258/258/258
f 254/254/254 258/258/258 259/259/259
f 255/255/255 254/254/254 259/259/259
f 255/255/255 259/259/259 260/260/260
f 261/261/261 262/262/262 263/263/263
f 261/261/261 263/263/263 264/264/264
f 262/262/262 265/265/265 266/266/266
f 262/262/262 266/266/266 263/263/263
f 263/263/263 266/266/266 267/267/267
f 263/263/263 267/267/267 268/268/268
f 264/264/264 263/263/263 268/268/268
f 264/264/264 268/268/268 269/269/269
f 270/270/270 271/271/271 272/272/272
f 270/270/270 272/272/272 273/273/273
f 271/271/271 274/274/274 275/275/275
f 271/271/271 275/275/275 272/272/272
f 272/272/272 275/275/275 276/276/276
f 272/272/272 276/276/276 277/277/277
f 273/273/273 272/272/272 277/277/277
f 273/273/273 277/277/277 278/278/278
f 279/279/279 280/280/280 281/281/281
f 279/279/279 281/281/281 282/282/282
f 280/280/280 283/283/283 284/284/284
f 280/280/280 284/284/284 281/281/281
f 281/281/281 284/284/284 285/285/285
f 281/281/281 285/285/285 286/286/286
f 282/282/282 281/281/281 286/286/286
f 282/282/282 286/286/286 287/287/287
f 288/288/288 289/289/289 290/290/290
f 288/288/288 290/290/290 291/291/291
f 289/289/289 292/292/292 293/293/293
f 289/289/289 293/293/293 290/290/290
f 290/290/290 293/293/293 294/294/294
f 290/290/290 294/294/294 295/295/295
f 291/291/291 290/290/290 295/295/295
f 291/291/291 295/295/295 296/296/296
f 297/297/297 298/298/298 299/299/299
f 297/297/297 299/299/299 300/300/300
f 298/298/298 301/301/301 302/302/302
f 298/298/298 302/302/302 299/299/299
f 299/299/299 302/302/302 303/303/303
f 299/299/299 303/303/303 304/304/304
f 300/300/300 299/299/299 304/304/304
f 300/300/300 304/304/304 305/305/305
f 306/306/306 307/307/307 308/308/308
f 306/306/306 308/308/308 309/309/309
f 307/307/307 252/252/252 255/255/255
f 307/307/307 255/255/255 308/308/308
f 308/308/308 255/255/255 260/260/260
f 308/308/308 260/260/260 310/310/310
f 309/309/309 308/308/308 310/310/310
f 309/309/309 310/310/310 311/311/311
f 312/312/312 313/313/313 314/314/314
f 312/312/312 314/314/314 315/315/315
f 313/313/313 316/316/316 317/317/317
f 313/313/313 317/317/317 314/314/314
f 314/314/314 317/317/317 318/318/318
f 314/314/314 318/318/318 319/319/319
f 315/315/315 314/314/314 319/319/319
f 315/315/315 319/319/319 320/320/320
f 256/256/256 321/321/321 322/322/322
f 256/256/256 322/322/322 257/257/257
f 321/321/321 323/323/323 324/324/324
f 321/321/321 324/324/324 322/322/322
f 322/322/322 324/324/324 325/325/325
f 322/322/322 325/325/325 326/326/326
f 257/257/257 322/322/322 326/326/326
f 257/257/257 326/326/326 258/258/258
f 181/181/181 327/327/327 328/328/328
f 181/181/181 328/328/328 182/182/182
f 327/327/327 329/329/329 330/330/330
f 327/327/327 330/330/330 328/328/328
f 328/328/328 330/330/330 331/331/331
f 328/328/328 331/331/331 332/332/332
f 182/182/182 328/328/328 332/332/332
f 182/182/182 332/332/332 171/171/171
f 173/173/173 333/333/333 334/334/334
f 173/173/173 334/334/334 176/176/176
f 333/333/333 335/335/335 336/336/336
f 333/333/333 336/336/336 334/334/334
f 334/334/334 336/336/336 337/337/337
f 334/334/334 337/337/337 338/338/338
f 176/176/176 334/334/334 338/338/338
f 176/176/176 338/338/338 177/177/177
f 171/171/171 332/332/332 339/339/339
f 171/171/171 339/339/339 172/172/172
f 332/332/332 331/331/331 340/340/340
f 332/332/332 340/340/340 339/339/339
f 339/339/339 340/340/340 335/335/335
f 339/339/339 335/335/335 333/333/333
f 172/172/172 339/339/339 333/333/333
f 172/172/172 333/333/333 173/173/173
f 341/341/341 342/342/342 343/343/343
f 341/341/341 343/343/343 344/344/344
f 342/342/342 306/306/306 309/309/309
f 342/342/342 309/309/309 343/343/343
f 343/343/343 309/309/309 311/311/311
f 343/343/343 311/311/311 345/345/345
f 344/344/344 343/343/343 345/345/345
f 344/344/344 345/345/345 346/346/346
f 347/347/347 348/348/348 349/349/349
f 347/347/347 349/349/349 350/350/350
f 348/348/348 36/36/36 116/116/116
f 348/348/348 116/116/116 349/349/349
f 349/349/349 116/116/116 82/82/82
f 349/349/349 82/82/82 351/351/351
f 350/350/350 349/349/349 351/351/351
f 350/350/350 351/351/351 352/352/352
f 352/352/352 351/351/351 353/353/353
f 352/352/352 353/353/353 354/354/354
f 351/351/351 82/82/82 85/85/85
f 351/351/351 85/85/85 353/353/353
f 353/353/353 85/85/85 90/90/90
f 353/353/353 90/90/90 355/355/355
f 354/354/354 353/353/353 355/355/355
f 354/354/354 355/355/355 356/356/356
f 357/357/357 358/358/358 359/359/359
f 357/357/357 359/359/359 360/360/360
f 358/358/358 28/28/28 31/31/31
f 358/358/358 31/31/31 359/359/359
f 359/359/359 31/31/31 36/36/36
f 359/359/359 36/36/36 348/348/348
f 360/360/360 359/359/359 348/348/348
f 360/360/360 348/348/348 347/347/347
f 202/202/202 361/361/361 362/362/362
f 202/202/202 362/362/362 203/203/203
f 361/361/361 357/357/357 360/360/360
f 361/361/361 360/360/360 362/362/362
f 362/362/362 360/360/360 347/347/347
f 362/362/362 347/347/347 363/363/363
f 203/203/203 362/362/362 363/363/363
f 203/203/203 363/363/363 187/187/187
f 189/189/189 364/364/364 365/365/365
f 189/189/189 365/365/365 194/194/194
f 364/364/364 352/352/352 354/354/354
f 364/364/364 354/354/354 365/365/365
f 365/365/365 354/354/354 356/356/356
f 365/365/365 356/356/356 366/366/366
f 194/194/194 365/365/365 366/366/366
f 194/194/194 366/366/366 195/195/195
f 187/187/187 363/363/363 367/367/367
f 187/187/187 367/367/367 188/188/188
f 363/363/363 347/347/347 350/350/350
f 363/363/363 350/350/350 367/367/367
f 367/367/367 350/350/350 352/352/352
f 367/367/367 352/352/352 364/364/364
f 188/188/188 367/367/367 364/364/364
f 188/188/188 364/364/364 189/189/189
f 265/265/265 368/368/368 369/369/369
f 265/265/265 369/369/369 266/266/266
f 368/368/368 341/341/341 344/344/344
f 368/368/368 344/344/344 369/369/369
f 369/369/369 344/344/344 346/346/346
f 369/369/369 346/346/346 370/370/370
f 266/266/266 369/369/369 370/370/370
f 266/266/266 370/370/370 267/267/267
f 371/371/371 372/372/372 373/373/373
f 371/371/371 373/373/373 374/374/374
f 372/372/372 243/243/243 246/246/246
f 372/372/372 246/246/246 373/373/373
f 373/373/373 246/246/246 251/251/251
f 373/373/373 251/251/251 375/375/375
f 374/374/374 373/373/373 375/375/375
f 374/374/374 375/375/375 376/376/376
f 377/377/377 378/378/378 379/379/379
f 377/377/377 379/379/379 380/380/380
f 378/378/378 54/54/54 110/110/110
f 378/378/378 110/110/110 379/379/379
f 379/379/379 110/110/110 100/100/100
f 379/379/379 100/100/100 381/381/381
f 380/380/380 379/379/379 381/381/381
f 380/380/380 381/381/381 382/382/382
f 382/382/382 381/381/381 383/383/383
f 382/382/382 383/383/383 384/384/384
f 381/381/381 100/100/100 103/103/103
f 381/381/381 103/103/103 383/383/383
f 383/383/383 103/103/103 108/108/108
f 383/383/383 108/108/108 385/385/385
f 384/384/384 383/383/383 385/385/385
f 384/384/384 385/385/385 386/386/386
f 387/387/387 388/388/388 389/389/389
f 387/387/387 389/389/389 390/390/390
f 388/388/388 46/46/46 49/49/49
f 388/388/388 49/49/49 389/389/389
f 389/389/389 49/49/49 54/54/54
f 389/389/389 54/54/54 378/378/378
f 390/390/390 389/389/389 378/378/378
f 390/390/390 378/378/378 377/377/377
f 238/238/238 391/391/391 392/392/392
f 238/238/238 392/392/392 239/239/239
f 391/391/391 261/261/261 264/264/264
f 391/391/391 264/264/264 392/392/392
f 392/392/392 264/264/264 269/269/269
f 392/392/392 269/269/269 393/393/393
f 239/239/239 392/392/392 393/393/393
f 239/239/239 393/393/393 240/240/240
f 14/14/14 394/394/394 395/395/395
f 14/14/14 395/395/395 15/15/15
f 394/394/394 198/198/198 201/201/201
f 394/394/394 201/201/201 395/395/395
f 395/395/395 201/201/201 183/183/183
f 395/395/395 183/183/183 396/396/396
f 15/15/15 395/395/395 396/396/396
f 15/15/15 396/396/396 16/16/16
f 68/68/68 397/397/397 398/398/398
f 68/68/68 398/398/398 69/69/69
f 397/397/397 191/191/191 193/193/193
f 397/397/397 193/193/193 398/398/398
f 398/398/398 193/193/193 197/197/197
f 398/398/398 197/197/197 399/399/399
f 69/69/69 398/398/398 399/399/399
f 69/69/69 399/399/399 70/70/70
f 16/16/16 396/396/396 400/400/400
f 16/16/16 400/400/400 123/123/123
f 396/396/396 183/183/183 186/186/186
f 396/396/396 186/186/186 400/400/400
f 400/400/400 186/186/186 191/191/191
f 400/400/400 191/191/191 397/397/397
f 123/123/123 400/400/400 397/397/397
f 123/123/123 397/397/397 68/68/68
f 401/401/401 402/402/402 403/403/403
f 401/401/401 403/403/403 404/404/404
f 402/402/402 405/405/405 406/406/406
f 402/402/402 406/406/406 403/403/403
f 403/403/403 406/406/406 407/407/407
f 403/403/403 407/407/407 408/408/408
f 404/404/404 403/403/403 408/408/408
f 404/404/404 408/408/408 409/409/409
f 410/410/410 411/411/411 412/412/412
f 410/410/410 412/412/412 413/413/413
f 411/411/411 414/414/414 415/415/415
f 411/411/411 415/415/415 412/412/412
f 412/412/412 415/415/415 416/416/416
f 412/412/412 416/416/416 417/417/417
f 413/413/413 412/412/412 417/417/417
f 413/413/413 417/417/417 418/418/418
f 419/419/419 420/420/420 421/421/421
f 419/419/419 421/421/421 422/422/422
f 420/420/420 423/423/423 424/424/424
f 420/420/420 424/424/424 421/421/421
f 421/421/421 424/424/424 425/425/425
f 421/421/421 425/425/425 426/426/426
f 422/422/422 421/421/421 426/426/426
f 422/422/422 426/426/426 427/427/427
f 423/423/423 428/428/428 429/429/429
f 423/423/423 429/429/429 424/424/424
f 428/428/428 430/430/430 431/431/431
f 428/428/428 431/431/431 429/429/429
f 429/429/429 431/431/431 432/432/432
f 429/429/429 432/432/432 433/433/433
f 424/424/424 429/429/429 433/433/433
f 424/424/424 433/433/433 425/425/425
f 434/434/434 435/435/435 436/436/436
f 434/434/434 436/436/436 437/437/437
f 435/435/435 438/438/438 439/439/439
f 435/435/435 439/439/439 436/436/436
f 436/436/436 439/439/439 440/440/440
f 436/436/436 440/440/440 441/441/441
f 437/437/437 436/436/436 441/441/441
f 437/437/437 441/441/441 442/442/442
f 443/443/443 444/444/444 445/445/445
f 443/443/443 445/445/445 446/446/446
f 444/444/444 447/447/447 448/448/448
f 444/444/444 448/448/448 445/445/445
f 445/445/445 448/448/448 449/449/449
f 445/445/445 449/449/449 450/450/450
f 446/446/446 445/445/445 450/450/450
f 446/446/446 450/450/450 451/451/451
f 430/430/430 452/452/452 453/453/453
f 430/430/430 453/453/453 431/431/431
f 452/452/452 454/454/454 455/455/455
f 452/452/452 455/455/455 453/453/453
f 453/453/453 455/455/455 456/456/456
f 453/453/453 456/456/456 457/457/457
f 431/431/431 453/453/453 457/457/457
f 431/431/431 457/457/457 432/432/432
f 458/458/458 459/459/459 460/460/460
f 458/458/458 460/460/460 461/461/461
f 459/459/459 462/462/462 463/463/463
f 459/459/459 463/463/463 460/460/460
f 460/460/460 463/463/463 464/464/464
f 460/460/460 464/464/464 465/465/465
f 461/461/461 460/460/460 465/465/465
f 461/461/461 465/465/465 466/466/466
f 467/467/467 468/468/468 469/469/469
f 467/467/467 469/469/469 470/470/470
f 468/468/468 471/471/471 472/472/472
f 468/468/468 472/472/472 469/469/469
f 469/469/469 472/472/472 473/473/473
f 469/469/469 473/473/473 474/474/474
f 470/470/470 469/469/469 474/474/474
f 470/470/470 474/474/474 475/475/475
f 476/476/476 477/477/477 478/478/478
f 476/476/476 478/478/478 479/479/479
f 477/477/477 480/480/480 481/481/481
f 477/477/477 481/481/481 478/478/478
f 478/478/478 481/481/481 482/482/482
f 478/478/478 482/482/482 483/483/483
f 479/479/479 478/478/478 483/483/483
f 479/479/479 483/483/483 484/484/484
f 485/485/485 486/486/486 487/487/487
f 485/485/485 487/487/487 488/488/488
f 486/486/486 489/489/489 490/490/490
f 486/486/486 490/490/490 487/487/487
f 487/487/487 490/490/490 491/491/491
f 487/487/487 491/491/491 492/492/492
f 488/488/488 487/487/487 492/492/492
f 488/488/488 492/492/492 493/493/493
f 405/405/405 494/494/494 495/495/495
f 405/405/405 495/495/495 406/406/406
f 494/494/494 419/419/419 422/422/422
f 494/494/494 422/422/422 495/495/495
f 495/495/495 422/422/422 427/427/427
f 495/495/495 427/427/427 496/496/496
f 406/406/406 495/495/495 496/496/496
f 406/406/406 496/496/496 407/407/407
f 454/454/454 497/497/497 498/498/498
f 454/454/454 498/498/498 455/455/455
f 497/497/497 434/434/434 437/437/437
f 497/497/497 437/437/437 498/498/498
f 498/498/498 437/437/437 442/442/442
f 498/498/498 442/442/442 499/499/499
f 455/455/455 498/498/498 499/499/499
f 455/455/455 499/499/499 456/456/456
f 414/414/414 500/500/500 501/501/501
f 414/414/414 501/501/501 415/415/415
f 500/500/500 502/502/502 503/503/503
f 500/500/500 503/503/503 501/501/501
f 501/501/501 503/503/503 504/504/504
f 501/501/501 504/504/504 505/505/505
f 415/415/415 501/501/501 505/505/505
f 415/415/415 505/505/505 416/416/416
f 506/506/506 507/507/507 508/508/508
f 506/506/506 508/508/508 509/509/509
f 507/507/507 401/401/401 404/404/404
f 507/507/507 404/404/404 508/508/508
f 508/508/508 404/404/404 409/409/409
f 508/508/508 409/409/409 510/510/510
f 509/509/509 508/508/508 510/510/510
f 509/509/509 510/510/510 511/511/511
f 512/512/512 513/513/513 514/514/514
f 512/512/512 514/514/514 515/515/515
f 513/513/513 516/516/516 517/517/517
f 513/513/513 517/517/517 514/514/514
f 514/514/514 517/517/517 518/518/518
f 514/514/514 518/518/518 519/519/519
f 515/515/515 514/514/514 519/519/519
f 515/515/515 519/519/519 520/520/520
f 471/471/471 521/521/521 522/522/522
f 471/471/471 522/522/522 472/472/472
f 521/521/521 476/476/476 479/479/479
f 521/521/521 479/479/479 522/522/522
f 522/522/522 479/479/479 484/484/484
f 522/522/522 484/484/484 523/523/523
f 472/472/472 522/522/522 523/523/523
f 472/472/472 523/523/523 473/473/473
f 292/292/292 524/524/524 525/525/525
f 292/292/292 525/525/525 293/293/293
f 524/524/524 279/279/279 282/282/282
f 524/524/524 282/282/282 525/525/525
f 525/525/525 282/282/282 287/287/287
f 525/525/525 287/287/287 526/526/526
f 293/293/293 525/525/525 526/526/526
f 293/293/293 526/526/526 294/294/294
f 152/152/152 527/527/527 528/528/528
f 152/152/152 528/528/528 153/153/153
f 527/527/527 9/9/9 125/125/125
f 527/527/527 125/125/125 528/528/528
f 528/528/528 125/125/125 55/55/55
f 528/528/528 55/55/55 529/529/529
f 153/153/153 528/528/528 529/529/529
f 153/153/153 529/529/529 154/154/154
f 154/154/154 529/529/529 530/530/530
f 154/154/154 530/530/530 159/159/159
f 529/529/529 55/55/55 58/58/58
f 529/529/529 58/58/58 530/530/530
f 530/530/530 58/58/58 63/63/63
f 530/530/530 63/63/63 531/531/531
f 159/159/159 530/530/530 531/531/531
f 159/159/159 531/531/531 160/160/160
f 167/167/167 532/532/532 533/533/533
f 167/167/167 533/533/533 168/168/168
f 532/532/532 1/1/1 4/4/4
f 532/532/532 4/4/4 533/533/533
f 533/533/533 4/4/4 9/9/9
f 533/533/533 9/9/9 527/527/527
f 168/168/168 533/533/533 527/527/527
f 168/168/168 527/527/527 152/152/152
f 447/447/447 534/534/534 535/535/535
f 447/447/447 535/535/535 448/448/448
f 534/534/534 467/467/467 470/470/470
f 534/534/534 470/470/470 535/535/535
f 535/535/535 470/470/470 475/475/475
f 535/535/535 475/475/475 536/536/536
f 448/448/448 535/535/535 536/536/536
f 448/448/448 536/536/536 449/449/449
f 316/316/316 537/537/537 538/538/538
f 316/316/316 538/538/538 317/317/317
f 537/537/537 288/288/288 291/291/291
f 537/537/537 291/291/291 538/538/538
f 538/538/538 291/291/291 296/296/296
f 538/538/538 296/296/296 539/539/539
f 317/317/317 538/538/538 539/539/539
f 317/317/317 539/539/539 318/318/318
f 23/23/23 540/540/540 541/541/541
f 23/23/23 541/541/541 24/24/24
f 540/540/540 163/163/163 166/166/166
f 540/540/540 166/166/166 541/541/541
f 541/541/541 166/166/166 148/148/148
f 541/541/541 148/148/148 542/542/542
f 24/24/24 541/541/541 542/542/542
f 24/24/24 542/542/542 25/25/25
f 77/77/77 543/543/543 544/544/544
f 77/77/77 544/544/544 78/78/78
f 543/543/543 156/156/156 158/158/158
f 543/543/543 158/158/158 544/544/544
f 544/544/544 158/158/158 162/162/162
f 544/544/544 162/162/162 545/545/545
f 78/78/78 544/544/544 545/545/545
f 78/78/78 545/545/545 79/79/79
f 25/25/25 542/542/542 546/546/546
f 25/25/25 546/546/546 120/120/120
f 542/542/542 148/148/148 151/151/151
f 542/542/542 151/151/151 546/546/546
f 546/546/546 151/151/151 156/156/156
f 546/546/546 156/156/156 543/543/543
f 120/120/120 546/546/546 543/543/543
f 120/120/120 543/543/543 77/77/77
f 502/502/502 547/547/547 548/548/548
f 502/502/502 548/548/548 503/503/503
f 547/547/547 512/512/512 515/515/515
f 547/547/547 515/515/515 548/548/548
f 548/548/548 515/515/515 520/520/520
f 548/548/548 520/520/520 549/549/549
f 503/503/503 548/548/548 549/549/549
f 503/503/503 549/549/549 504/504/504
f 247/247/247 550/550/550 551/551/551
f 247/247/247 551/551/551 248/248/248
f 550/550/550 225/225/225 228/228/228
f 550/550/550 228/228/228 551/551/551
f 551/551/551 228/228/228 233/233/233
f 551/551/551 233/233/233 552/552/552
f 248/248/248 551/551/551 552/552/552
f 248/248/248 552/552/552 249/249/249
f 50/50/50 553/553/553 554/554/554
f 50/50/50 554/554/554 51/51/51
f 553/553/553 142/142/142 145/145/145
f 553/553/553 145/145/145 554/554/554
f 554/554/554 145/145/145 127/127/127
f 554/554/554 127/127/127 555/555/555
f 51/51/51 554/554/554 555/555/555
f 51/51/51 555/555/555 52/52/52
f 104/104/104 556/556/556 557/557/557
f 104/104/104 557/557/557 105/105/105
f 556/556/556 135/135/135 137/137/137
f 556/556/556 137/137/137 557/557/557
f 557/557/557 137/137/137 141/141/141
f 557/557/557 141/141/141 558/558/558
f 105/105/105 557/557/557 558/558/558
f 105/105/105 558/558/558 106/106/106
f 52/52/52 555/555/555 559/559/559
f 52/52/52 559/559/559 111/111/111
f 555/555/555 127/127/127 130/130/130
f 555/555/555 130/130/130 559/559/559
f 559/559/559 130/130/130 135/135/135
f 559/559/559 135/135/135 556/556/556
f 111/111/111 559/559/559 556/556/556
f 111/111/111 556/556/556 104/104/104
f 516/516/516 560/560/560 561/561/561
f 516/516/516 561/561/561 517/517/517
f 560/560/560 485/485/485 488/488/488
f 560/560/560 488/488/488 561/561/561
f 561/561/561 488/488/488 493/493/493
f 561/561/561 493/493/493 562/562/562
f 517/517/517 561/561/561 562/562/562
f 517/517/517 562/562/562 518/518/518
f 229/229/229 563/563/563 564/564/564
f 229/229/229 564/564/564 230/230/230
f 563/563/563 270/270/270 273/273/273
f 563/563/563 273/273/273 564/564/564
f 564/564/564 273/273/273 278/278/278
f 564/564/564 278/278/278 565/565/565
f 230/230/230 564/564/564 565/565/565
f 230/230/230 565/565/565 231/231/231
f 131/131/131 566/566/566 567/567/567
f 131/131/131 567/567/567 132/132/132
f 566/566/566 45/45/45 113/113/113
f 566/566/566 113/113/113 567/567/567
f 567/567/567 113/113/113 91/91/91
f 567/567/567 91/91/91 568/568/568
f 132/132/132 567/567/567 568/568/568
f 132/132/132 568/568/568 133/133/133
f 133/133/133 568/568/568 569/569/569
f 133/133/133 569/569/569 138/138/138
f 568/568/568 91/91/91 94/94/94
f 568/568/568 94/94/94 569/569/569
f 569/569/569 94/94/94 99/99/99
f 569/569/569 99/99/99 570/570/570
f 138/138/138 569/569/569 570/570/570
f 138/138/138 570/570/570 139/139/139
f 146/146/146 571/571/571 572/572/572
f 146/146/146 572/572/572 147/147/147
f 571/571/571 37/37/37 40/40/40
f 571/571/571 40/40/40 572/572/572
f 572/572/572 40/40/40 45/45/45
f 572/572/572 45/45/45 566/566/566
f 147/147/147 572/572/572 566/566/566
f 147/147/147 566/566/566 131/131/131
f 489/489/489 573/573/573 574/574/574
f 489/489/489 574/574/574 490/490/490
f 573/573/573 506/506/506 509/509/509
f 573/573/573 509/509/509 574/574/574
f 574/574/574 509/509/509 511/511/511
f 574/574/574 511/511/511 575/575/575
f 490/490/490 574/574/574 575/575/575
f 490/490/490 575/575/575 491/491/491
f 274/274/274 576/576/576 577/577/577
f 274/274/274 577/577/577 275/275/275
f 576/576/576 234/234/234 237/237/237
f 576/576/576 237/237/237 577/577/577
f 577/577/577 237/237/237 242/242/242
f 577/577/577 242/242/242 578/578/578
f 275/275/275 577/577/577 578/578/578
f 275/275/275 578/578/578 276/276/276
f 43/43/43 579/579/579 580/580/580
f 43/43/43 580/580/580 114/114/114
f 579/579/579 18/18/18 122/122/122
f 579/579/579 122/122/122 580/580/580
f 580/580/580 122/122/122 64/64/64
f 580/580/580 64/64/64 581/581/581
f 114/114/114 580/580/580 581/581/581
f 114/114/114 581/581/581 95/95/95
f 95/95/95 581/581/581 582/582/582
f 95/95/95 582/582/582 96/96/96
f 581/581/581 64/64/64 67/67/67
f 581/581/581 67/67/67 582/582/582
f 582/582/582 67/67/67 72/72/72
f 582/582/582 72/72/72 583/583/583
f 96/96/96 582/582/582 583/583/583
f 96/96/96 583/583/583 97/97/97
f 41/41/41 584/584/584 585/585/585
f 41/41/41 585/585/585 42/42/42
f 584/584/584 10/10/10 13/13/13
f 584/584/584 13/13/13 585/585/585
f 585/585/585 13/13/13 18/18/18
f 585/585/585 18/18/18 579/579/579
f 42/42/42 585/585/585 579/579/579
f 42/42/42 579/579/579 43/43/43
f 462/462/462 586/586/586 587/587/587
f 462/462/462 587/587/587 463/463/463
f 586/586/586 443/443/443 446/446/446
f 586/586/586 446/446/446 587/587/587
f 587/587/587 446/446/446 451/451/451
f 587/587/587 451/451/451 588/588/588
f 463/463/463 587/587/587 588/588/588
f 463/463/463 588/588/588 464/464/464
f 301/301/301 589/589/589 590/590/590
f 301/301/301 590/590/590 302/302/302
f 589/589/589 312/312/312 315/315/315
f 589/589/589 315/315/315 590/590/590
f 590/590/590 315/315/315 320/320/320
f 590/590/590 320/320/320 591/591/591
f 302/302/302 590/590/590 591/591/591
f 302/302/302 591/591/591 303/303/303
f 208/208/208 592/592/592 593/593/593
f 208/208/208 593/593/593 209/209/209
f 592/592/592 27/27/27 119/119/119
f 592/592/592 119/119/119 593/593/593
f 593/593/593 119/119/119 73/73/73
f 593/593/593 73/73/73 594/594/594
f 209/209/209 593/593/593 594/594/594
f 209/209/209 594/594/594 210/210/210
f 210/210/210 594/594/594 595/595/595
f 210/210/210 595/595/595 215/215/215
f 594/594/594 73/73/73 76/76/76
f 594/594/594 76/76/76 595/595/595
f 595/595/595 76/76/76 81/81/81
f 595/595/595 81/81/81 596/596/596
f 215/215/215 595/595/595 596/596/596
f 215/215/215 596/596/596 216/216/216
f 223/223/223 597/597/597 598/598/598
f 223/223/223 598/598/598 224/224/224
f 597/597/597 19/19/19 22/22/22
f 597/597/597 22/22/22 598/598/598
f 598/598/598 22/22/22 27/27/27
f 598/598/598 27/27/27 592/592/592
f 224/224/224 598/598/598 592/592/592
f 224/224/224 592/592/592 208/208/208
f 599/599/599 600/600/600 601/601/601
f 599/599/599 601/601/601 602/602/602
f 600/600/600 603/603/603 604/604/604
f 600/600/600 604/604/604 601/601/601
f 601/601/601 604/604/604 19/19/19
f 601/601/601 19/19/19 597/597/597
f 602/602/602 601/601/601 597/597/597
f 602/602/602 597/597/597 223/223/223
f 605/605/605 606/606/606 607/607/607
f 605/605/605 607/607/607 608/608/608
f 606/606/606 609/609/609 610/610/610
f 606/606/606 610/610/610 607/607/607
f 607/607/607 610/610/610 10/10/10
f 607/607/607 10/10/10 584/584/584
f 608/608/608 607/607/607 584/584/584
f 608/608/608 584/584/584 41/41/41
f 611/611/611 612/612/612 613/613/613
f 611/611/611 613/613/613 614/614/614
f 612/612/612 615/615/615 616/616/616
f 612/612/612 616/616/616 613/613/613
f 613/613/613 616/616/616 37/37/37
f 613/613/613 37/37/37 571/571/571
f 614/614/614 613/613/613 571/571/571
f 614/614/614 571/571/571 146/146/146
f 617/617/617 618/618/618 619/619/619
f 617/617/617 619/619/619 620/620/620
f 618/618/618 621/621/621 622/622/622
f 618/618/618 622/622/622 619/619/619
f 619/619/619 622/622/622 142/142/142
f 619/619/619 142/142/142 553/553/553
f 620/620/620 619/619/619 553/553/553
f 620/620/620 553/553/553 50/50/50
f 623/623/623 624/624/624 625/625/625
f 623/623/623 625/625/625 626/626/626
f 624/624/624 627/627/627 628/628/628
f 624/624/624 628/628/628 625/625/625
f 625/625/625 628/628/628 163/163/163
f 625/625/625 163/163/163 540/540/540
f 626/626/626 625/625/625 540/540/540
f 626/626/626 540/540/540 23/23/23
f 629/629/629 630/630/630 631/631/631
f 629/629/629 631/631/631 632/632/632
f 630/630/630 633/633/633 634/634/634
f 630/630/630 634/634/634 631/631/631
f 631/631/631 634/634/634 1/1/1
f 631/631/631 1/1/1 532/532/532
f 632/632/632 631/631/631 532/532/532
f 632/632/632 532/532/532 167/167/167
f 635/635/635 636/636/636 637/637/637
f 635/635/635 637/637/637 638/638/638
f 636/636/636 639/639/639 640/640/640
f 636/636/636 640/640/640 637/637/637
f 637/637/637 640/640/640 198/198/198
f 637/637/637 198/198/198 394/394/394
f 638/638/638 637/637/637 394/394/394
f 638/638/638 394/394/394 14/14/14
f 641/641/641 642/642/642 643/643/643
f 641/641/641 643/643/643 644/644/644
f 642/642/642 645/645/645 646/646/646
f 642/642/642 646/646/646 643/643/643
f 643/643/643 646/646/646 46/46/46
f 643/643/643 46/46/46 388/388/388
f 644/644/644 643/643/643 388/388/388
f 644/644/644 388/388/388 387/387/387
f 647/647/647 648/648/648 649/649/649
f 647/647/647 649/649/649 650/650/650
f 648/648/648 651/651/651 652/652/652
f 648/648/648 652/652/652 649/649/649
f 649/649/649 652/652/652 357/357/357
f 649/649/649 357/357/357 361/361/361
f 650/650/650 649/649/649 361/361/361
f 650/650/650 361/361/361 202/202/202
f 651/651/651 653/653/653 654/654/654
f 651/651/651 654/654/654 652/652/652
f 653/653/653 655/655/655 656/656/656
f 653/653/653 656/656/656 654/654/654
f 654/654/654 656/656/656 28/28/28
f 654/654/654 28/28/28 358/358/358
f 652/652/652 654/654/654 358/358/358
f 652/652/652 358/358/358 357/357/357
f 657/657/657 658/658/658 659/659/659
f 657/657/657 659/659/659 660/660/660
f 658/658/658 661/661/661 662/662/662
f 658/658/658 662/662/662 659/659/659
f 659/659/659 662/662/662 329/329/329
f 659/659/659 329/329/329 327/327/327
f 660/660/660 659/659/659 327/327/327
f 660/660/660 327/327/327 181/181/181
f 663/663/663 664/664/664 665/665/665
f 663/663/663 665/665/665 666/666/666
f 664/664/664 599/599/599 602/602/602
f 664/664/664 602/602/602 665/665/665
f 665/665/665 602/602/602 223/223/223
f 665/665/665 223/223/223 220/220/220
f 666/666/666 665/665/665 220/220/220
f 666/666/666 220/220/220 219/219/219
f 639/639/639 667/667/667 668/668/668
f 639/639/639 668/668/668 640/640/640
f 667/667/667 647/647/647 650/650/650
f 667/667/667 650/650/650 668/668/668
f 668/668/668 650/650/650 202/202/202
f 668/668/668 202/202/202 199/199/199
f 640/640/640 668/668/668 199/199/199
f 640/640/640 199/199/199 198/198/198
f 669/669/669 670/670/670 671/671/671
f 669/669/669 671/671/671 672/672/672
f 670/670/670 657/657/657 660/660/660
f 670/670/670 660/660/660 671/671/671
f 671/671/671 660/660/660 181/181/181
f 671/671/671 181/181/181 179/179/179
f 672/672/672 671/671/671 179/179/179
f 672/672/672 179/179/179 32/32/32
f 627/627/627 673/673/673 674/674/674
f 627/627/627 674/674/674 628/628/628
f 673/673/673 629/629/629 632/632/632
f 673/673/673 632/632/632 674/674/674
f 674/674/674 632/632/632 167/167/167
f 674/674/674 167/167/167 164/164/164
f 628/628/628 674/674/674 164/164/164
f 628/628/628 164/164/164 163/163/163
f 621/621/621 675/675/675 676/676/676
f 621/621/621 676/676/676 622/622/622
f 675/675/675 611/611/611 614/614/614
f 675/675/675 614/614/614 676/676/676
f 676/676/676 614/614/614 146/146/146
f 676/676/676 146/146/146 143/143/143
f 622/622/622 676/676/676 143/143/143
f 622/622/622 143/143/143 142/142/142
f 645/645/645 677/677/677 678/678/678
f 645/645/645 678/678/678 646/646/646
f 677/677/677 617/617/617 620/620/620
f 677/677/677 620/620/620 678/678/678
f 678/678/678 620/620/620 50/50/50
f 678/678/678 50/50/50 47/47/47
f 646/646/646 678/678/678 47/47/47
f 646/646/646 47/47/47 46/46/46
f 615/615/615 679/679/679 680/680/680
f 615/615/615 680/680/680 616/616/616
f 679/679/679 605/605/605 608/608/608
f 679/679/679 608/608/608 680/680/680
f 680/680/680 608/608/608 41/41/41
f 680/680/680 41/41/41 38/38/38
f 616/616/616 680/680/680 38/38/38
f 616/616/616 38/38/38 37/37/37
f 655/655/655 681/681/681 682/682/682
f 655/655/655 682/682/682 656/656/656
f 681/681/681 669/669/669 672/672/672
f 681/681/681 672/672/672 682/682/682
f 682/682/682 672/672/672 32/32/32
f 682/682/682 32/32/32 29/29/29
f 656/656/656 682/682/682 29/29/29
f 656/656/656 29/29/29 28/28/28
f 603/603/603 683/683/683 684/684/684
f 603/603/603 684/684/684 604/604/604
f 683/683/683 623/623/623 626/626/626
f 683/683/683 626/626/626 684/684/684
f 684/684/684 626/626/626 23/23/23
f 684/684/684 23/23/23 20/20/20
f 604/604/604 684/684/684 20/20/20
f 604/604/604 20/20/20 19/19/19
f 609/609/609 685/685/685 686/686/686
f 609/609/609 686/686/686 610/610/610
f 685/685/685 635/635/635 638/638/638
f 685/685/685 638/638/638 686/686/686
f 686/686/686 638/638/638 14/14/14
f 686/686/686 14/14/14 11/11/11
f 610/610/610 686/686/686 11/11/11
f 610/610/610 11/11/11 10/10/10
f 633/633/633 687/687/687 688/688/688
f 633/633/633 688/688/688 634/634/634
f 687/687/687 689/689/689 690/690/690
f 687/687/687 690/690/690 688/688/688
f 688/688/688 690/690/690 5/5/5
f 688/688/688 5/5/5 2/2/2
f 634/634/634 688/688/688 2/2/2
f 634/634/634 2/2/2 1/1/1
f 691/691/691 692/692/692 693/693/693
f 691/691/691 693/693/693 694/694/694
f 692/692/692 695/695/695 696/696/696
f 692/692/692 696/696/696 693/693/693
f 693/693/693 696/696/696 312/312/312
f 693/693/693 312/312/312 589/589/589
f 694/694/694 693/693/693 589/589/589
f 694/694/694 589/589/589 301/301/301
f 491/491/491 575/575/575 697/697/697
f 491/491/491 697/697/697 698/698/698
f 575/575/575 511/511/511 699/699/699
f 575/575/575 699/699/699 697/697/697
f 697/697/697 699/699/699 234/234/234
f 697/697/697 234/234/234 576/576/576
f 698/698/698 697/697/697 576/576/576
f 698/698/698 576/576/576 274/274/274
f 518/518/518 562/562/562 700/700/700
f 518/518/518 700/700/700 701/701/701
f 562/562/562 493/493/493 702/702/702
f 562/562/562 702/702/702 700/700/700
f 700/700/700 702/702/702 270/270/270
f 700/700/700 270/270/270 563/563/563
f 701/701/701 700/700/700 563/563/563
f 701/701/701 563/563/563 229/229/229
f 504/504/504 549/549/549 703/703/703
f 504/504/504 703/703/703 704/704/704
f 549/549/549 520/520/520 705/705/705
f 549/549/549 705/705/705 703/703/703
f 703/703/703 705/705/705 225/225/225
f 703/703/703 225/225/225 550/550/550
f 704/704/704 703/703/703 550/550/550
f 704/704/704 550/550/550 247/247/247
f 706/706/706 707/707/707 708/708/708
f 706/706/706 708/708/708 709/709/709
f 707/707/707 710/710/710 711/711/711
f 707/707/707 711/711/711 708/708/708
f 708/708/708 711/711/711 288/288/288
f 708/708/708 288/288/288 537/537/537
f 709/709/709 708/708/708 537/537/537
f 709/709/709 537/537/537 316/316/316
f 712/712/712 713/713/713 714/714/714
f 712/712/712 714/714/714 715/715/715
f 713/713/713 716/716/716 717/717/717
f 713/713/713 717/717/717 714/714/714
f 714/714/714 717/717/717 279/279/279
f 714/714/714 279/279/279 524/524/524
f 715/715/715 714/714/714 524/524/524
f 715/715/715 524/524/524 292/292/292
f 409/409/409 408/408/408 718/718/718
f 409/409/409 718/718/718 719/719/719
f 408/408/408 407/407/407 720/720/720
f 408/408/408 720/720/720 718/718/718
f 718/718/718 720/720/720 261/261/261
f 718/718/718 261/261/261 391/391/391
f 719/719/719 718/718/718 391/391/391
f 719/719/719 391/391/391 238/238/238
f 721/721/721 722/722/722 723/723/723
f 721/721/721 723/723/723 724/724/724
f 722/722/722 725/725/725 726/726/726
f 722/722/722 726/726/726 723/723/723
f 723/723/723 726/726/726 371/371/371
f 723/723/723 371/371/371 727/727/727
f 724/724/724 723/723/723 727/727/727
f 724/724/724 727/727/727 728/728/728
f 427/427/427 426/426/426 729/729/729
f 427/427/427 729/729/729 730/730/730
f 426/426/426 425/425/425 731/731/731
f 426/426/426 731/731/731 729/729/729
f 729/729/729 731/731/731 341/341/341
f 729/729/729 341/341/341 368/368/368
f 730/730/730 729/729/729 368/368/368
f 730/730/730 368/368/368 265/265/265
f 425/425/425 433/433/433 732/732/732
f 425/425/425 732/732/732 731/731/731
f 433/433/433 432/432/432 733/733/733
f 433/433/433 733/733/733 732/732/732
f 732/732/732 733/733/733 306/306/306
f 732/732/732 306/306/306 342/342/342
f 731/731/731 732/732/732 342/342/342
f 731/731/731 342/342/342 341/341/341
f 442/442/442 441/441/441 734/734/734
f 442/442/442 734/734/734 735/735/735
f 441/441/441 440/440/440 736/736/736
f 441/441/441 736/736/736 734/734/734
f 734/734/734 736/736/736 323/323/323
f 734/734/734 323/323/323 321/321/321
f 735/735/735 734/734/734 321/321/321
f 735/735/735 321/321/321 256/256/256
f 695/695/695 737/737/737 738/738/738
f 695/695/695 738/738/738 696/696/696
f 737/737/737 706/706/706 709/709/709
f 737/737/737 709/709/709 738/738/738
f 738/738/738 709/709/709 316/316/316
f 738/738/738 316/316/316 313/313/313
f 696/696/696 738/738/738 313/313/313
f 696/696/696 313/313/313 312/312/312
f 432/432/432 457/457/457 739/739/739
f 432/432/432 739/739/739 733/733/733
f 457/457/457 456/456/456 740/740/740
f 457/457/457 740/740/740 739/739/739
f 739/739/739 740/740/740 252/252/252
f 739/739/739 252/252/252 307/307/307
f 733/733/733 739/739/739 307/307/307
f 733/733/733 307/307/307 306/306/306
f 741/741/741 742/742/742 743/743/743
f 741/741/741 743/743/743 744/744/744
f 742/742/742 691/691/691 694/694/694
f 742/742/742 694/694/694 743/743/743
f 743/743/743 694/694/694 301/301/301
f 743/743/743 301/301/301 298/298/298
f 744/744/744 743/743/743 298/298/298
f 744/744/744 298/298/298 297/297/297
f 710/710/710 745/745/745 746/746/746
f 710/710/710 746/746/746 711/711/711
f 745/745/745 712/712/712 715/715/715
f 745/745/745 715/715/715 746/746/746
f 746/746/746 715/715/715 292/292/292
f 746/746/746 292/292/292 289/289/289
f 711/711/711 746/746/746 289/289/289
f 711/711/711 289/289/289 288/288/288
f 716/716/716 747/747/747 748/748/748
f 716/716/716 748/748/748 717/717/717
f 747/747/747 749/749/749 750/750/750
f 747/747/747 750/750/750 748/748/748
f 748/748/748 750/750/750 283/283/283
f 748/748/748 283/283/283 280/280/280
f 717/717/717 748/748/748 280/280/280
f 717/717/717 280/280/280 279/279/279
f 493/493/493 492/492/492 751/751/751
f 493/493/493 751/751/751 702/702/702
f 492/492/492 491/491/491 698/698/698
f 492/492/492 698/698/698 751/751/751
f 751/751/751 698/698/698 274/274/274
f 751/751/751 274/274/274 271/271/271
f 702/702/702 751/751/751 271/271/271
f 702/702/702 271/271/271 270/270/270
f 407/407/407 496/496/496 752/752/752
f 407/407/407 752/752/752 720/720/720
f 496/496/496 427/427/427 730/730/730
f 496/496/496 730/730/730 752/752/752
f 752/752/752 730/730/730 265/265/265
f 752/752/752 265/265/265 262/262/262
f 720/720/720 752/752/752 262/262/262
f 720/720/720 262/262/262 261/261/261
f 456/456/456 499/499/499 753/753/753
f 456/456/456 753/753/753 740/740/740
f 499/499/499 442/442/442 735/735/735
f 499/499/499 735/735/735 753/753/753
f 753/753/753 735/735/735 256/256/256
f 753/753/753 256/256/256 253/253/253
f 740/740/740 753/753/753 253/253/253
f 740/740/740 253/253/253 252/252/252
f 416/416/416 505/505/505 754/754/754
f 416/416/416 754/754/754 755/755/755
f 505/505/505 504/504/504 704/704/704
f 505/505/505 704/704/704 754/754/754
f 754/754/754 704/704/704 247/247/247
f 754/754/754 247/247/247 244/244/244
f 755/755/755 754/754/754 244/244/244
f 755/755/755 244/244/244 243/243/243
f 511/511/511 510/510/510 756/756/756
f 511/511/511 756/756/756 699/699/699
f 510/510/510 409/409/409 719/719/719
f 510/510/510 719/719/719 756/756/756
f 756/756/756 719/719/719 238/238/238
f 756/756/756 238/238/238 235/235/235
f 699/699/699 756/756/756 235/235/235
f 699/699/699 235/235/235 234/234/234
f 520/520/520 519/519/519 757/757/757
f 520/520/520 757/757/757 705/705/705
f 519/519/519 518/518/518 701/701/701
f 519/519/519 701/701/701 757/757/757
f 757/757/757 701/701/701 229/229/229
f 757/757/757 229/229/229 226/226/226
f 705/705/705 757/757/757 226/226/226
f 705/705/705 226/226/226 225/225/225
f 617/617/617 677/677/677 758/758/758
f 617/617/617 758/758/758 759/759/759
f 677/677/677 645/645/645 760/760/760
f 677/677/677 760/760/760 758/758/758
f 758/758/758 760/760/760 761/761/761
f 758/758/758 761/761/761 762/762/762
f 759/759/759 758/758/758 762/762/762
f 759/759/759 762/762/762 763/763/763
f 627/627/627 624/624/624 764/764/764
f 627/627/627 764/764/764 765/765/765
f 624/624/624 623/623/623 766/766/766
f 624/624/624 766/766/766 764/764/764
f 764/764/764 766/766/766 767/767/767
f 764/764/764 767/767/767 768/768/768
f 765/765/765 764/764/764 768/768/768
f 765/765/765 768/768/768 769/769/769
f 623/623/623 683/683/683 770/770/770
f 623/623/623 770/770/770 766/766/766
f 683/683/683 603/603/603 771/771/771
f 683/683/683 771/771/771 770/770/770
f 770/770/770 771/771/771 772/772/772
f 770/770/770 772/772/772 773/773/773
f 766/766/766 770/770/770 773/773/773
f 766/766/766 773/773/773 767/767/767
f 605/605/605 679/679/679 774/774/774
f 605/605/605 774/774/774 775/775/775
f 679/679/679 615/615/615 776/776/776
f 679/679/679 776/776/776 774/774/774
f 774/774/774 776/776/776 777/777/777
f 774/774/774 777/777/777 778/778/778
f 775/775/775 774/774/774 778/778/778
f 775/775/775 778/778/778 779/779/779
f 647/647/647 667/667/667 780/780/780
f 647/647/647 780/780/780 781/781/781
f 667/667/667 639/639/639 782/782/782
f 667/667/667 782/782/782 780/780/780
f 780/780/780 782/782/782 783/783/783
f 780/780/780 783/783/783 784/784/784
f 781/781/781 780/780/780 784/784/784
f 781/781/781 784/784/784 785/785/785
f 629/629/629 673/673/673 786/786/786
f 629/629/629 786/786/786 787/787/787
f 673/673/673 627/627/627 765/765/765
f 673/673/673 765/765/765 786/786/786
f 786/786/786 765/765/765 769/769/769
f 786/786/786 769/769/769 788/788/788
f 787/787/787 786/786/786 788/788/788
f 787/787/787 788/788/788 789/789/789
f 609/609/609 606/606/606 790/790/790
f 609/609/609 790/790/790 791/791/791
f 606/606/606 605/605/605 775/775/775
f 606/606/606 775/775/775 790/790/790
f 790/790/790 775/775/775 779/779/779
f 790/790/790 779/779/779 792/792/792
f 791/791/791 790/790/790 792/792/792
f 791/791/791 792/792/792 793/793/793
f 663/663/663 794/794/794 795/795/795
f 663/663/663 795/795/795 796/796/796
f 794/794/794 661/661/661 797/797/797
f 794/794/794 797/797/797 795/795/795
f 795/795/795 797/797/797 798/798/798
f 795/795/795 798/798/798 799/799/799
f 796/796/796 795/795/795 799/799/799
f 796/796/796 799/799/799 800/800/800
f 657/657/657 670/670/670 801/801/801
f 657/657/657 801/801/801 802/802/802
f 670/670/670 669/669/669 803/803/803
f 670/670/670 803/803/803 801/801/801
f 801/801/801 803/803/803 804/804/804
f 801/801/801 804/804/804 805/805/805
f 802/802/802 801/801/801 805/805/805
f 802/802/802 805/805/805 806/806/806
f 603/603/603 600/600/600 807/807/807
f 603/603/603 807/807/807 771/771/771
f 600/600/600 599/599/599 808/808/808
f 600/600/600 808/808/808 807/807/807
f 807/807/807 808/808/808 809/809/809
f 807/807/807 809/809/809 810/810/810
f 771/771/771 807/807/807 810/810/810
f 771/771/771 810/810/810 772/772/772
f 651/651/651 648/648/648 811/811/811
f 651/651/651 811/811/811 812/812/812
f 648/648/648 647/647/647 781/781/781
f 648/648/648 781/781/781 811/811/811
f 811/811/811 781/781/781 785/785/785
f 811/811/811 785/785/785 813/813/813
f 812/812/812 811/811/811 813/813/813
f 812/812/812 813/813/813 814/814/814
f 639/639/639 636/636/636 815/815/815
f 639/639/639 815/815/815 782/782/782
f 636/636/636 635/635/635 816/816/816
f 636/636/636 816/816/816 815/815/815
f 815/815/815 816/816/816 817/817/817
f 815/815/815 817/817/817 818/818/818
f 782/782/782 815/815/815 818/818/818
f 782/782/782 818/818/818 783/783/783
f 661/661/661 658/658/658 819/819/819
f 661/661/661 819/819/819 797/797/797
f 658/658/658 657/657/657 802/802/802
f 658/658/658 802/802/802 819/819/819
f 819/819/819 802/802/802 806/806/806
f 819/819/819 806/806/806 820/820/820
f 797/797/797 819/819/819 820/820/820
f 797/797/797 820/820/820 798/798/798
f 669/669/669 681/681/681 821/821/821
f 669/669/669 821/821/821 803/803/803
f 681/681/681 655/655/655 822/822/822
f 681/681/681 822/822/822 821/821/821
f 821/821/821 822/822/822 823/823/823
f 821/821/821 823/823/823 824/824/824
f 803/803/803 821/821/821 824/824/824
f 803/803/803 824/824/824 804/804/804
f 633/633/633 630/630/630 825/825/825
f 633/633/633 825/825/825 826/826/826
f 630/630/630 629/629/629 787/787/787
f 630/630/630 787/787/787 825/825/825
f 825/825/825 787/787/787 789/789/789
f 825/825/825 789/789/789 827/827/827
f 826/826/826 825/825/825 827/827/827
f 826/826/826 827/827/827 828/828/828
f 621/621/621 618/618/618 829/829/829
f 621/621/621 829/829/829 830/830/830
f 618/618/618 617/617/617 759/759/759
f 618/618/618 759/759/759 829/829/829
f 829/829/829 759/759/759 763/763/763
f 829/829/829 763/763/763 831/831/831
f 830/830/830 829/829/829 831/831/831
f 830/830/830 831/831/831 832/832/832
f 615/615/615 612/612/612 833/833/833
f 615/615/615 833/833/833 776/776/776
f 612/612/612 611/611/611 834/834/834
f 612/612/612 834/834/834 833/833/833
f 833/833/833 834/834/834 835/835/835
f 833/833/833 835/835/835 836/836/836
f 776/776/776 833/833/833 836/836/836
f 776/776/776 836/836/836 777/777/777
f 635/635/635 685/685/685 837/837/837
f 635/635/635 837/837/837 816/816/816
f 685/685/685 609/609/609 791/791/791
f 685/685/685 791/791/791 837/837/837
f 837/837/837 791/791/791 793/793/793
f 837/837/837 793/793/793 838/838/838
f 816/816/816 837/837/837 838/838/838
f 816/816/816 838/838/838 817/817/817
f 611/611/611 675/675/675 839/839/839
f 611/611/611 839/839/839 834/834/834
f 675/675/675 621/621/621 830/830/830
f 675/675/675 830/830/830 839/839/839
f 839/839/839 830/830/830 832/832/832
f 839/839/839 832/832/832 840/840/840
f 834/834/834 839/839/839 840/840/840
f 834/834/834 840/840/840 835/835/835
f 689/689/689 687/687/687 841/841/841
f 689/689/689 841/841/841 842/842/842
f 687/687/687 633/633/633 826/826/826
f 687/687/687 826/826/826 841/841/841
f 841/841/841 826/826/826 828/828/828
f 841/841/841 828/828/828 843/843/843
f 842/842/842 841/841/841 843/843/843
f 842/842/842 843/843/843 844/844/844
f 655/655/655 653/653/653 845/845/845
f 655/655/655 845/845/845 822/822/822
f 653/653/653 651/651/651 812/812/812
f 653/653/653 812/812/812 845/845/845
f 845/845/845 812/812/812 814/814/814
f 845/845/845 814/814/814 846/846/846
f 822/822/822 845/845/845 846/846/846
f 822/822/822 846/846/846 823/823/823
f 641/641/641 847/847/847 848/848/848
f 641/641/641 848/848/848 849/849/849
f 847/847/847 689/689/689 842/842/842
f 847/847/847 842/842/842 848/848/848
f 848/848/848 842/842/842 844/844/844
f 848/848/848 844/844/844 850/850/850
f 849/849/849 848/848/848 850/850/850
f 849/849/849 850/850/850 851/851/851
f 305/305/305 304/304/304 852/852/852
f 305/305/305 852/852/852 853/853/853
f 304/304/304 303/303/303 854/854/854
f 304/304/304 854/854/854 852/852/852
f 852/852/852 854/854/854 855/855/855
f 852/852/852 855/855/855 856/856/856
f 853/853/853 852/852/852 856/856/856
f 853/853/853 856/856/856 857/857/857
f 249/249/249 552/552/552 858/858/858
f 249/249/249 858/858/858 859/859/859
f 552/552/552 233/233/233 860/860/860
f 552/552/552 860/860/860 858/858/858
f 858/858/858 860/860/860 861/861/861
f 858/858/858 861/861/861 862/862/862
f 859/859/859 858/858/858 862/862/862
f 859/859/859 862/862/862 863/863/863
f 376/376/376 375/375/375 864/864/864
f 376/376/376 864/864/864 865/865/865
f 375/375/375 251/251/251 866/866/866
f 375/375/375 866/866/866 864/864/864
f 864/864/864 866/866/866 867/867/867
f 864/864/864 867/867/867 868/868/868
f 865/865/865 864/864/864 868/868/868
f 865/865/865 868/868/868 869/869/869
f 311/311/311 310/310/310 870/870/870
f 311/311/311 870/870/870 871/871/871
f 310/310/310 260/260/260 872/872/872
f 310/310/310 872/872/872 870/870/870
f 870/870/870 872/872/872 873/873/873
f 870/870/870 873/873/873 874/874/874
f 871/871/871 870/870/870 874/874/874
f 871/871/871 874/874/874 875/875/875
f 231/231/231 565/565/565 876/876/876
f 231/231/231 876/876/876 877/877/877
f 565/565/565 278/278/278 878/878/878
f 565/565/565 878/878/878 876/876/876
f 876/876/876 878/878/878 879/879/879
f 876/876/876 879/879/879 880/880/880
f 877/877/877 876/876/876 880/880/880
f 877/877/877 880/880/880 881/881/881
f 242/242/242 241/241/241 882/882/882
f 242/242/242 882/882/882 883/883/883
f 241/241/241 240/240/240 884/884/884
f 241/241/241 884/884/884 882/882/882
f 882/882/882 884/884/884 885/885/885
f 882/882/882 885/885/885 886/886/886
f 883/883/883 882/882/882 886/886/886
f 883/883/883 886/886/886 887/887/887
f 233/233/233 232/232/232 888/888/888
f 233/233/233 888/888/888 860/860/860
f 232/232/232 231/231/231 877/877/877
f 232/232/232 877/877/877 888/888/888
f 888/888/888 877/877/877 881/881/881
f 888/888/888 881/881/881 889/889/889
f 860/860/860 888/888/888 889/889/889
f 860/860/860 889/889/889 861/861/861
f 287/287/287 286/286/286 890/890/890
f 287/287/287 890/890/890 891/891/891
f 286/286/286 285/285/285 892/892/892
f 286/286/286 892/892/892 890/890/890
f 890/890/890 892/892/892 893/893/893
f 890/890/890 893/893/893 894/894/894
f 891/891/891 890/890/890 894/894/894
f 891/891/891 894/894/894 895/895/895
f 346/346/346 345/345/345 896/896/896
f 346/346/346 896/896/896 897/897/897
f 345/345/345 311/311/311 871/871/871
f 345/345/345 871/871/871 896/896/896
f 896/896/896 871/871/871 875/875/875
f 896/896/896 875/875/875 898/898/898
f 897/897/897 896/896/896 898/898/898
f 897/897/897 898/898/898 899/899/899
f 294/294/294 526/526/526 900/900/900
f 294/294/294 900/900/900 901/901/901
f 526/526/526 287/287/287 891/891/891
f 526/526/526 891/891/891 900/900/900
f 900/900/900 891/891/891 895/895/895
f 900/900/900 895/895/895 902/902/902
f 901/901/901 900/900/900 902/902/902
f 901/901/901 902/902/902 903/903/903
f 318/318/318 539/539/539 904/904/904
f 318/318/318 904/904/904 905/905/905
f 539/539/539 296/296/296 906/906/906
f 539/539/539 906/906/906 904/904/904
f 904/904/904 906/906/906 907/907/907
f 904/904/904 907/907/907 908/908/908
f 905/905/905 904/904/904 908/908/908
f 905/905/905 908/908/908 909/909/909
f 258/258/258 326/326/326 910/910/910
f 258/258/258 910/910/910 911/911/911
f 326/326/326 325/325/325 912/912/912
f 326/326/326 912/912/912 910/910/910
f 910/910/910 912/912/912 913/913/913
f 910/910/910 913/913/913 914/914/914
f 911/911/911 910/910/910 914/914/914
f 911/911/911 914/914/914 915/915/915
f 276/276/276 578/578/578 916/916/916
f 276/276/276 916/916/916 917/917/917
f 578/578/578 242/242/242 883/883/883
f 578/578/578 883/883/883 916/916/916
f 916/916/916 883/883/883 887/887/887
f 916/916/916 887/887/887 918/918/918
f 917/917/917 916/916/916 918/918/918
f 917/917/917 918/918/918 919/919/919
f 251/251/251 250/250/250 920/920/920
f 251/251/251 920/920/920 866/866/866
f 250/250/250 249/249/249 859/859/859
f 250/250/250 859/859/859 920/920/920
f 920/920/920 859/859/859 863/863/863
f 920/920/920 863/863/863 921/921/921
f 866/866/866 920/920/920 921/921/921
f 866/866/866 921/921/921 867/867/867
f 267/267/267 370/370/370 922/922/922
f 267/267/267 922/922/922 923/923/923
f 370/370/370 346/346/346 897/897/897
f 370/370/370 897/897/897 922/922/922
f 922/922/922 897/897/897 899/899/899
f 922/922/922 899/899/899 924/924/924
f 923/923/923 922/922/922 924/924/924
f 923/923/923 924/924/924 925/925/925
f 260/260/260 259/259/259 926/926/926
f 260/260/260 926/926/926 872/872/872
f 259/259/259 258/258/258 911/911/911
f 259/259/259 911/911/911 926/926/926
f 926/926/926 911/911/911 915/915/915
f 926/926/926 915/915/915 927/927/927
f 872/872/872 926/926/926 927/927/927
f 872/872/872 927/927/927 873/873/873
f 320/320/320 319/319/319 928/928/928
f 320/320/320 928/928/928 929/929/929
f 319/319/319 318/318/318 905/905/905
f 319/319/319 905/905/905 928/928/928
f 928/928/928 905/905/905 909/909/909
f 928/928/928 909/909/909 930/930/930
f 929/929/929 928/928/928 930/930/930
f 929/929/929 930/930/930 931/931/931
f 303/303/303 591/591/591 932/932/932
f 303/303/303 932/932/932 854/854/854
f 591/591/591 320/320/320 929/929/929
f 591/591/591 929/929/929 932/932/932
f 932/932/932 929/929/929 931/931/931
f 932/932/932 931/931/931 933/933/933
f 854/854/854 932/932/932 933/933/933
f 854/854/854 933/933/933 855/855/855
f 278/278/278 277/277/277 934/934/934
f 278/278/278 934/934/934 878/878/878
f 277/277/277 276/276/276 917/917/917
f 277/277/277 917/917/917 934/934/934
f 934/934/934 917/917/917 919/919/919
f 934/934/934 919/919/919 935/935/935
f 878/878/878 934/934/934 935/935/935
f 878/878/878 935/935/935 879/879/879
f 269/269/269 268/268/268 936/936/936
f 269/269/269 936/936/936 937/937/937
f 268/268/268 267/267/267 923/923/923
f 268/268/268 923/923/923 936/936/936
f 936/936/936 923/923/923 925/925/925
f 936/936/936 925/925/925 938/938/938
f 937/937/937 936/936/936 938/938/938
f 937/937/937 938/938/938 939/939/939
f 296/296/296 295/295/295 940/940/940
f 296/296/296 940/940/940 906/906/906
f 295/295/295 294/294/294 901/901/901
f 295/295/295 901/901/901 940/940/940
f 940/940/940 901/901/901 903/903/903
f 940/940/940 903/903/903 941/941/941
f 906/906/906 940/940/940 941/941/941
f 906/906/906 941/941/941 907/907/907
f 240/240/240 393/393/393 942/942/942
f 240/240/240 942/942/942 884/884/884
f 393/393/393 269/269/269 937/937/937
f 393/393/393 937/937/937 942/942/942
f 942/942/942 937/937/937 939/939/939
f 942/942/942 939/939/939 943/943/943
f 884/884/884 942/942/942 943/943/943
f 884/884/884 943/943/943 885/885/885
f 804/804/804 824/824/824 944/944/944
f 804/804/804 944/944/944 945/945/945
f 824/824/824 823/823/823 946/946/946
f 824/824/824 946/946/946 944/944/944
f 944/944/944 946/946/946 947/947/947
f 944/944/944 947/947/947 948/948/948
f 945/945/945 944/944/944 948/948/948
f 945/945/945 948/948/948 949/949/949
f 851/851/851 850/850/850 950/950/950
f 851/851/851 950/950/950 951/951/951
f 850/850/850 844/844/844 952/952/952
f 850/850/850 952/952/952 950/950/950
f 950/950/950 952/952/952 953/953/953
f 950/950/950 953/953/953 954/954/954
f 951/951/951 950/950/950 954/954/954
f 951/951/951 954/954/954 955/955/955
f 817/817/817 838/838/838 956/956/956
f 817/817/817 956/956/956 957/957/957
f 838/838/838 793/793/793 958/958/958
f 838/838/838 958/958/958 956/956/956
f 956/956/956 958/958/958 959/959/959
f 956/956/956 959/959/959 960/960/960
f 957/957/957 956/956/956 960/960/960
f 957/957/957 960/960/960 961/961/961
f 823/823/823 846/846/846 962/962/962
f 823/823/823 962/962/962 946/946/946
f 846/846/846 814/814/814 963/963/963
f 846/846/846 963/963/963 962/962/962
f 962/962/962 963/963/963 964/964/964
f 962/962/962 964/964/964 965/965/965
f 946/946/946 962/962/962 965/965/965
f 946/946/946 965/965/965 947/947/947
f 777/777/777 836/836/836 966/966/966
f 777/777/777 966/966/966 967/967/967
f 836/836/836 835/835/835 968/968/968
f 836/836/836 968/968/968 966/966/966
f 966/966/966 968/968/968 969/969/969
f 966/966/966 969/969/969 970/970/970
f 967/967/967 966/966/966 970/970/970
f 967/967/967 970/970/970 971/971/971
f 767/767/767 773/773/773 972/972/972
f 767/767/767 972/972/972 973/973/973
f 773/773/773 772/772/772 974/974/974
f 773/773/773 974/974/974 972/972/972
f 972/972/972 974/974/974 975/975/975
f 972/972/972 975/975/975 976/976/976
f 973/973/973 972/972/972 976/976/976
f 973/973/973 976/976/976 977/977/977
f 763/763/763 762/762/762 978/978/978
f 763/763/763 978/978/978 979/979/979
f 762/762/762 761/761/761 980/980/980
f 762/762/762 980/980/980 978/978/978
f 978/978/978 980/980/980 981/981/981
f 978/978/978 981/981/981 982/982/982
f 979/979/979 978/978/978 982/982/982
f 979/979/979 982/982/982 983/983/983
f 828/828/828 827/827/827 984/984/984
f 828/828/828 984/984/984 985/985/985
f 827/827/827 789/789/789 986/986/986
f 827/827/827 986/986/986 984/984/984
f 984/984/984 986/986/986 987/987/987
f 984/984/984 987/987/987 988/988/988
f 985/985/985 984/984/984 988/988/988
f 985/985/985 988/988/988 989/989/989
f 769/769/769 768/768/768 990/990/990
f 769/769/769 990/990/990 991/991/991
f 768/768/768 767/767/767 973/973/973
f 768/768/768 973/973/973 990/990/990
f 990/990/990 973/973/973 977/977/977
f 990/990/990 977/977/977 992/992/992
f 991/991/991 990/990/990 992/992/992
f 991/991/991 992/992/992 993/993/993
f 785/785/785 784/784/784 994/994/994
f 785/785/785 994/994/994 995/995/995
f 784/784/784 783/783/783 996/996/996
f 784/784/784 996/996/996 994/994/994
f 994/994/994 996/996/996 997/997/997
f 994/994/994 997/997/997 998/998/998
f 995/995/995 994/994/994 998/998/998
f 995/995/995 998/998/998 999/999/999
f 798/798/798 820/820/820 1000/1000/1000
f 798/798/798 1000/1000/1000 1001/1001/1001
f 820/820/820 806/806/806 1002/1002/1002
f 820/820/820 1002/1002/1002 1000/1000/1000
f 1000/1000/1000 1002/1002/1002 1003/1003/1003
f 1000/1000/1000 1003/1003/1003 1004/1004/1004
f 1001/1001/1001 1000/1000/1000 1004/1004/1004
f 1001/1001/1001 1004/1004/1004 1005/1005/1005
f 793/793/793 792/792/792 1006/1006/1006
f 793/793/793 1006/1006/1006 958/958/958
f 792/792/792 779/779/779 1007/1007/1007
f 792/792/792 1007/1007/1007 1006/1006/1006
f 1006/1006/1006 1007/1007/1007 1008/1008/1008
f 1006/1006/1006 1008/1008/1008 1009/1009/1009
f 958/958/958 1006/1006/1006 1009/1009/1009
f 958/958/958 1009/1009/1009 959/959/959
f 844/844/844 843/843/843 1010/1010/1010
f 844/844/844 1010/1010/1010 952/952/952
f 843/843/843 828/828/828 985/985/985
f 843/843/843 985/985/985 1010/1010/1010
f 1010/1010/1010 985/985/985 989/989/989
f 1010/1010/1010 989/989/989 1011/1011/1011
f 952/952/952 1010/1010/1010 1011/1011/1011
f 952/952/952 1011/1011/1011 953/953/953
f 814/814/814 813/813/813 1012/1012/1012
f 814/814/814 1012/1012/1012 963/963/963
f 813/813/813 785/785/785 995/995/995
f 813/813/813 995/995/995 1012/1012/1012
f 1012/1012/1012 995/995/995 999/999/999
f 1012/1012/1012 999/999/999 1013/1013/1013
f 963/963/963 1012/1012/1012 1013/1013/1013
f 963/963/963 1013/1013/1013 964/964/964
f 806/806/806 805/805/805 1014/1014/1014
f 806/806/806 1014/1014/1014 1002/1002/1002
f 805/805/805 804/804/804 945/945/945
f 805/805/805 945/945/945 1014/1014/1014
f 1014/1014/1014 945/945/945 949/949/949
f 1014/1014/1014 949/949/949 1015/1015/1015
f 1002/1002/1002 1014/1014/1014 1015/1015/1015
f 1002/1002/1002 1015/1015/1015 1003/1003/1003
f 789/789/789 788/788/788 1016/1016/1016
f 789/789/789 1016/1016/1016 986/986/986
f 788/788/788 769/769/769 991/991/991
f 788/788/788 991/991/991 1016/1016/1016
f 1016/1016/1016 991/991/991 993/993/993
f 1016/1016/1016 993/993/993 1017/1017/1017
f 986/986/986 1016/1016/1016 1017/1017/1017
f 986/986/986 1017/1017/1017 987/987/987
f 772/772/772 810/810/810 1018/1018/1018
f 772/772/772 1018/1018/1018 974/974/974
f 810/810/810 809/809/809 1019/1019/1019
f 810/810/810 1019/1019/1019 1018/1018/1018
f 1018/1018/1018 1019/1019/1019 1020/1020/1020
f 1018/1018/1018 1020/1020/1020 1021/1021/1021
f 974/974/974 1018/1018/1018 1021/1021/1021
f 974/974/974 1021/1021/1021 975/975/975
f 783/783/783 818/818/818 1022/1022/1022
f 783/783/783 1022/1022/1022 996/996/996
f 818/818/818 817/817/817 957/957/957
f 818/818/818 957/957/957 1022/1022/1022
f 1022/1022/1022 957/957/957 961/961/961
f 1022/1022/1022 961/961/961 1023/1023/1023
f 996/996/996 1022/1022/1022 1023/1023/1023
f 996/996/996 1023/1023/1023 997/997/997
f 835/835/835 840/840/840 1024/1024/1024
f 835/835/835 1024/1024/1024 968/968/968
f 840/840/840 832/832/832 1025/1025/1025
f 840/840/840 1025/1025/1025 1024/1024/1024
f 1024/1024/1024 1025/1025/1025 1026/1026/1026
f 1024/1024/1024 1026/1026/1026 1027/1027/1027
f 968/968/968 1024/1024/1024 1027/1027/1027
f 968/968/968 1027/1027/1027 969/969/969
f 800/800/800 799/799/799 1028/1028/1028
f 800/800/800 1028/1028/1028 1029/1029/1029
f 799/799/799 798/798/798 1001/1001/1001
f 799/799/799 1001/1001/1001 1028/1028/1028
f 1028/1028/1028 1001/1001/1001 1005/1005/1005
f 1028/1028/1028 1005/1005/1005 1030/1030/1030
f 1029/1029/1029 1028/1028/1028 1030/1030/1030
f 1029/1029/1029 1030/1030/1030 1031/1031/1031
f 832/832/832 831/831/831 1032/1032/1032
f 832/832/832 1032/1032/1032 1025/1025/1025
f 831/831/831 763/763/763 979/979/979
f 831/831/831 979/979/979 1032/1032/1032
f 1032/1032/1032 979/979/979 983/983/983
f 1032/1032/1032 983/983/983 1033/1033/1033
f 1025/1025/1025 1032/1032/1032 1033/1033/1033
f 1025/1025/1025 1033/1033/1033 1026/1026/1026
f 779/779/779 778/778/778 1034/1034/1034
f 779/779/779 1034/1034/1034 1007/1007/1007
f 778/778/778 777/777/777 967/967/967
f 778/778/778 967/967/967 1034/1034/1034
f 1034/1034/1034 967/967/967 971/971/971
f 1034/1034/1034 971/971/971 1035/1035/1035
f 1007/1007/1007 1034/1034/1034 1035/1035/1035
f 1007/1007/1007 1035/1035/1035 1008/1008/1008
f 809/809/809 1036/1036/1036 1037/1037/1037
f 809/809/809 1037/1037/1037 1019/1019/1019
f 1036/1036/1036 800/800/800 1029/1029/1029
f 1036/1036/1036 1029/1029/1029 1037/1037/1037
f 1037/1037/1037 1029/1029/1029 1031/1031/1031
f 1037/1037/1037 1031/1031/1031 1038/1038/1038
f 1019/1019/1019 1037/1037/1037 1038/1038/1038
f 1019/1019/1019 1038/1038/1038 1020/1020/1020
f 1039/1039/1039 1040/1040/1040 1041/1041/1041
f 1039/1039/1039 1041/1041/1041 1042/1042/1042
f 1040/1040/1040 305/305/305 853/853/853
f 1040/1040/1040 853/853/853 1041/1041/1041
f 1041/1041/1041 853/853/853 857/857/857
f 1041/1041/1041 857/857/857 1043/1043/1043
f 1042/1042/1042 1041/1041/1041 1043/1043/1043
f 1042/1042/1042 1043/1043/1043 1044/1044/1044
f 599/599/599 664/664/664 1045/1045/1045
f 599/599/599 1045/1045/1045 808/808/808
f 664/664/664 663/663/663 796/796/796
f 664/664/664 796/796/796 1045/1045/1045
f 1045/1045/1045 796/796/796 800/800/800
f 1045/1045/1045 800/800/800 1036/1036/1036
f 808/808/808 1045/1045/1045 1036/1036/1036
f 808/808/808 1036/1036/1036 809/809/809
f 1046/1046/1046 1047/1047/1047 1048/1048/1048
f 1046/1046/1046 1048/1048/1048 1049/1049/1049
f 1047/1047/1047 1050/1050/1050 1051/1051/1051
f 1047/1047/1047 1051/1051/1051 1048/1048/1048
f 1048/1048/1048 1051/1051/1051 741/741/741
f 1048/1048/1048 741/741/741 744/744/744
f 1049/1049/1049 1048/1048/1048 744/744/744
f 1049/1049/1049 744/744/744 297/297/297
f 661/661/661 794/794/794 1052/1052/1052
f 661/661/661 1052/1052/1052 662/662/662
f 794/794/794 663/663/663 666/666/666
f 794/794/794 666/666/666 1052/1052/1052
f 1052/1052/1052 666/666/666 219/219/219
f 1052/1052/1052 219/219/219 1053/1053/1053
f 662/662/662 1052/1052/1052 1053/1053/1053
f 662/662/662 1053/1053/1053 329/329/329
f 438/438/438 1054/1054/1054 1055/1055/1055
f 438/438/438 1055/1055/1055 439/439/439
f 1054/1054/1054 458/458/458 461/461/461
f 1054/1054/1054 461/461/461 1055/1055/1055
f 1055/1055/1055 461/461/461 466/466/466
f 1055/1055/1055 466/466/466 1056/1056/1056
f 439/439/439 1055/1055/1055 1056/1056/1056
f 439/439/439 1056/1056/1056 440/440/440
f 1046/1046/1046 1049/1049/1049 1057/1057/1057
f 1046/1046/1046 1057/1057/1057 1058/1058/1058
f 1049/1049/1049 297/297/297 300/300/300
f 1049/1049/1049 300/300/300 1057/1057/1057
f 1057/1057/1057 300/300/300 305/305/305
f 1057/1057/1057 305/305/305 1040/1040/1040
f 1058/1058/1058 1057/1057/1057 1040/1040/1040
f 1058/1058/1058 1040/1040/1040 1039/1039/1039
f 329/329/329 1053/1053/1053 1059/1059/1059
f 329/329/329 1059/1059/1059 330/330/330
f 1053/1053/1053 219/219/219 222/222/222
f 1053/1053/1053 222/222/222 1059/1059/1059
f 1059/1059/1059 222/222/222 204/204/204
f 1059/1059/1059 204/204/204 1060/1060/1060
f 330/330/330 1059/1059/1059 1060/1060/1060
f 330/330/330 1060/1060/1060 331/331/331
f 335/335/335 1061/1061/1061 1062/1062/1062
f 335/335/335 1062/1062/1062 336/336/336
f 1061/1061/1061 212/212/212 214/214/214
f 1061/1061/1061 214/214/214 1062/1062/1062
f 1062/1062/1062 214/214/214 218/218/218
f 1062/1062/1062 218/218/218 1063/1063/1063
f 336/336/336 1062/1062/1062 1063/1063/1063
f 336/336/336 1063/1063/1063 337/337/337
f 331/331/331 1060/1060/1060 1064/1064/1064
f 331/331/331 1064/1064/1064 340/340/340
f 1060/1060/1060 204/204/204 207/207/207
f 1060/1060/1060 207/207/207 1064/1064/1064
f 1064/1064/1064 207/207/207 212/212/212
f 1064/1064/1064 212/212/212 1061/1061/1061
f 340/340/340 1064/1064/1064 1061/1061/1061
f 340/340/340 1061/1061/1061 335/335/335
f 761/761/761 1065/1065/1065 1066/1066/1066
f 761/761/761 1066/1066/1066 980/980/980
f 1065/1065/1065 851/851/851 951/951/951
f 1065/1065/1065 951/951/951 1066/1066/1066
f 1066/1066/1066 951/951/951 955/955/955
f 1066/1066/1066 955/955/955 1067/1067/1067
f 980/980/980 1066/1066/1066 1067/1067/1067
f 980/980/980 1067/1067/1067 981/981/981
f 285/285/285 1068/1068/1068 1069/1069/1069
f 285/285/285 1069/1069/1069 892/892/892
f 1068/1068/1068 1070/1070/1070 1071/1071/1071
f 1068/1068/1068 1071/1071/1071 1069/1069/1069
f 1069/1069/1069 1071/1071/1071 1072/1072/1072
f 1069/1069/1069 1072/1072/1072 1073/1073/1073
f 892/892/892 1069/1069/1069 1073/1073/1073
f 892/892/892 1073/1073/1073 893/893/893
f 645/645/645 642/642/642 1074/1074/1074
f 645/645/645 1074/1074/1074 760/760/760
f 642/642/642 641/641/641 849/849/849
f 642/642/642 849/849/849 1074/1074/1074
f 1074/1074/1074 849/849/849 851/851/851
f 1074/1074/1074 851/851/851 1065/1065/1065
f 760/760/760 1074/1074/1074 1065/1065/1065
f 760/760/760 1065/1065/1065 761/761/761
f 749/749/749 1075/1075/1075 1076/1076/1076
f 749/749/749 1076/1076/1076 750/750/750
f 1075/1075/1075 721/721/721 724/724/724
f 1075/1075/1075 724/724/724 1076/1076/1076
f 1076/1076/1076 724/724/724 728/728/728
f 1076/1076/1076 728/728/728 1077/1077/1077
f 750/750/750 1076/1076/1076 1077/1077/1077
f 750/750/750 1077/1077/1077 283/283/283
f 689/689/689 847/847/847 1078/1078/1078
f 689/689/689 1078/1078/1078 690/690/690
f 847/847/847 641/641/641 644/644/644
f 847/847/847 644/644/644 1078/1078/1078
f 1078/1078/1078 644/644/644 387/387/387
f 1078/1078/1078 387/387/387 1079/1079/1079
f 690/690/690 1078/1078/1078 1079/1079/1079
f 690/690/690 1079/1079/1079 5/5/5
f 480/480/480 1080/1080/1080 1081/1081/1081
f 480/480/480 1081/1081/1081 481/481/481
f 1080/1080/1080 410/410/410 413/413/413
f 1080/1080/1080 413/413/413 1081/1081/1081
f 1081/1081/1081 413/413/413 418/418/418
f 1081/1081/1081 418/418/418 1082/1082/1082
f 481/481/481 1081/1081/1081 1082/1082/1082
f 481/481/481 1082/1082/1082 482/482/482
f 5/5/5 1079/1079/1079 1083/1083/1083
f 5/5/5 1083/1083/1083 6/6/6
f 1079/1079/1079 387/387/387 390/390/390
f 1079/1079/1079 390/390/390 1083/1083/1083
f 1083/1083/1083 390/390/390 377/377/377
f 1083/1083/1083 377/377/377 1084/1084/1084
f 6/6/6 1083/1083/1083 1084/1084/1084
f 6/6/6 1084/1084/1084 7/7/7
f 59/59/59 1085/1085/1085 1086/1086/1086
f 59/59/59 1086/1086/1086 60/60/60
f 1085/1085/1085 382/382/382 384/384/384
f 1085/1085/1085 384/384/384 1086/1086/1086
f 1086/1086/1086 384/384/384 386/386/386
f 1086/1086/1086 386/386/386 1087/1087/1087
f 60/60/60 1086/1086/1086 1087/1087/1087
f 60/60/60 1087/1087/1087 61/61/61
f 7/7/7 1084/1084/1084 1088/1088/1088
f 7/7/7 1088/1088/1088 126/126/126
f 1084/1084/1084 377/377/377 380/380/380
f 1084/1084/1084 380/380/380 1088/1088/1088
f 1088/1088/1088 380/380/380 382/382/382
f 1088/1088/1088 382/382/382 1085/1085/1085
f 126/126/126 1088/1088/1088 1085/1085/1085
f 126/126/126 1085/1085/1085 59/59/59
f 283/283/283 1077/1077/1077 1089/1089/1089
f 283/283/283 1089/1089/1089 284/284/284
f 1077/1077/1077 728/728/728 1090/1090/1090
f 1077/1077/1077 1090/1090/1090 1089/1089/1089
f 1089/1089/1089 1090/1090/1090 1070/1070/1070
f 1089/1089/1089 1070/1070/1070 1068/1068/1068
f 284/284/284 1089/1089/1089 1068/1068/1068
f 284/284/284 1068/1068/1068 285/285/285
f 61/61/61 1087/1087/1087 1091/1091/1091
f 61/61/61 1091/1091/1091 1092/1092/1092
f 1087/1087/1087 386/386/386 1093/1093/1093
f 1087/1087/1087 1093/1093/1093 1091/1091/1091
f 1091/1091/1091 1093/1093/1093 410/410/410
f 1091/1091/1091 410/410/410 1080/1080/1080
f 1092/1092/1092 1091/1091/1091 1080/1080/1080
f 1092/1092/1092 1080/1080/1080 480/480/480
f 337/337/337 1063/1063/1063 1094/1094/1094
f 337/337/337 1094/1094/1094 1095/1095/1095
f 1063/1063/1063 218/218/218 1096/1096/1096
f 1063/1063/1063 1096/1096/1096 1094/1094/1094
f 1094/1094/1094 1096/1096/1096 458/458/458
f 1094/1094/1094 458/458/458 1054/1054/1054
f 1095/1095/1095 1094/1094/1094 1054/1054/1054
f 1095/1095/1095 1054/1054/1054 438/438/438
f 216/216/216 596/596/596 1097/1097/1097
f 216/216/216 1097/1097/1097 1098/1098/1098
f 596/596/596 81/81/81 1099/1099/1099
f 596/596/596 1099/1099/1099 1097/1097/1097
f 1097/1097/1097 1099/1099/1099 443/443/443
f 1097/1097/1097 443/443/443 586/586/586
f 1098/1098/1098 1097/1097/1097 586/586/586
f 1098/1098/1098 586/586/586 462/462/462
f 97/97/97 583/583/583 1100/1100/1100
f 97/97/97 1100/1100/1100 1101/1101/1101
f 583/583/583 72/72/72 1102/1102/1102
f 583/583/583 1102/1102/1102 1100/1100/1100
f 1100/1100/1100 1102/1102/1102 506/506/506
f 1100/1100/1100 506/506/506 573/573/573
f 1101/1101/1101 1100/1100/1100 573/573/573
f 1101/1101/1101 573/573/573 489/489/489
f 139/139/139 570/570/570 1103/1103/1103
f 139/139/139 1103/1103/1103 1104/1104/1104
f 570/570/570 99/99/99 1105/1105/1105
f 570/570/570 1105/1105/1105 1103/1103/1103
f 1103/1103/1103 1105/1105/1105 485/485/485
f 1103/1103/1103 485/485/485 560/560/560
f 1104/1104/1104 1103/1103/1103 560/560/560
f 1104/1104/1104 560/560/560 516/516/516
f 106/106/106 558/558/558 1106/1106/1106
f 106/106/106 1106/1106/1106 1107/1107/1107
f 558/558/558 141/141/141 1108/1108/1108
f 558/558/558 1108/1108/1108 1106/1106/1106
f 1106/1106/1106 1108/1108/1108 512/512/512
f 1106/1106/1106 512/512/512 547/547/547
f 1107/1107/1107 1106/1106/1106 547/547/547
f 1107/1107/1107 547/547/547 502/502/502
f 79/79/79 545/545/545 1109/1109/1109
f 79/79/79 1109/1109/1109 1110/1110/1110
f 545/545/545 162/162/162 1111/1111/1111
f 545/545/545 1111/1111/1111 1109/1109/1109
f 1109/1109/1109 1111/1111/1111 467/467/467
f 1109/1109/1109 467/467/467 534/534/534
f 1110/1110/1110 1109/1109/1109 534/534/534
f 1110/1110/1110 534/534/534 447/447/447
f 160/160/160 531/531/531 1112/1112/1112
f 160/160/160 1112/1112/1112 1113/1113/1113
f 531/531/531 63/63/63 1114/1114/1114
f 531/531/531 1114/1114/1114 1112/1112/1112
f 1112/1112/1112 1114/1114/1114 476/476/476
f 1112/1112/1112 476/476/476 521/521/521
f 1113/1113/1113 1112/1112/1112 521/521/521
f 1113/1113/1113 521/521/521 471/471/471
f 141/141/141 140/140/140 1115/1115/1115
f 141/141/141 1115/1115/1115 1108/1108/1108
f 140/140/140 139/139/139 1104/1104/1104
f 140/140/140 1104/1104/1104 1115/1115/1115
f 1115/1115/1115 1104/1104/1104 516/516/516
f 1115/1115/1115 516/516/516 513/513/513
f 1108/1108/1108 1115/1115/1115 513/513/513
f 1108/1108/1108 513/513/513 512/512/512
f 72/72/72 71/71/71 1116/1116/1116
f 72/72/72 1116/1116/1116 1102/1102/1102
f 71/71/71 70/70/70 1117/1117/1117
f 71/71/71 1117/1117/1117 1116/1116/1116
f 1116/1116/1116 1117/1117/1117 401/401/401
f 1116/1116/1116 401/401/401 507/507/507
f 1102/1102/1102 1116/1116/1116 507/507/507
f 1102/1102/1102 507/507/507 506/506/506
f 108/108/108 107/107/107 1118/1118/1118
f 108/108/108 1118/1118/1118 1119/1119/1119
f 107/107/107 106/106/106 1107/1107/1107
f 107/107/107 1107/1107/1107 1118/1118/1118
f 1118/1118/1118 1107/1107/1107 502/502/502
f 1118/1118/1118 502/502/502 500/500/500
f 1119/1119/1119 1118/1118/1118 500/500/500
f 1119/1119/1119 500/500/500 414/414/414
f 88/88/88 178/178/178 1120/1120/1120
f 88/88/88 1120/1120/1120 1121/1121/1121
f 178/178/178 177/177/177 1122/1122/1122
f 178/178/178 1122/1122/1122 1120/1120/1120
f 1120/1120/1120 1122/1122/1122 434/434/434
f 1120/1120/1120 434/434/434 497/497/497
f 1121/1121/1121 1120/1120/1120 497/497/497
f 1121/1121/1121 497/497/497 454/454/454
f 197/197/197 196/196/196 1123/1123/1123
f 197/197/197 1123/1123/1123 1124/1124/1124
f 196/196/196 195/195/195 1125/1125/1125
f 196/196/196 1125/1125/1125 1123/1123/1123
f 1123/1123/1123 1125/1125/1125 419/419/419
f 1123/1123/1123 419/419/419 494/494/494
f 1124/1124/1124 1123/1123/1123 494/494/494
f 1124/1124/1124 494/494/494 405/405/405
f 99/99/99 98/98/98 1126/1126/1126
f 99/99/99 1126/1126/1126 1105/1105/1105
f 98/98/98 97/97/97 1101/1101/1101
f 98/98/98 1101/1101/1101 1126/1126/1126
f 1126/1126/1126 1101/1101/1101 489/489/489
f 1126/1126/1126 489/489/489 486/486/486
f 1105/1105/1105 1126/1126/1126 486/486/486
f 1105/1105/1105 486/486/486 485/485/485
f 63/63/63 62/62/62 1127/1127/1127
f 63/63/63 1127/1127/1127 1114/1114/1114
f 62/62/62 61/61/61 1092/1092/1092
f 62/62/62 1092/1092/1092 1127/1127/1127
f 1127/1127/1127 1092/1092/1092 480/480/480
f 1127/1127/1127 480/480/480 477/477/477
f 1114/1114/1114 1127/1127/1127 477/477/477
f 1114/1114/1114 477/477/477 476/476/476
f 162/162/162 161/161/161 1128/1128/1128
f 162/162/162 1128/1128/1128 1111/1111/1111
f 161/161/161 160/160/160 1113/1113/1113
f 161/161/161 1113/1113/1113 1128/1128/1128
f 1128/1128/1128 1113/1113/1113 471/471/471
f 1128/1128/1128 471/471/471 468/468/468
f 1111/1111/1111 1128/1128/1128 468/468/468
f 1111/1111/1111 468/468/468 467/467/467
f 218/218/218 217/217/217 1129/1129/1129
f 218/218/218 1129/1129/1129 1096/1096/1096
f 217/217/217 216/216/216 1098/1098/1098
f 217/217/217 1098/1098/1098 1129/1129/1129
f 1129/1129/1129 1098/1098/1098 462/462/462
f 1129/1129/1129 462/462/462 459/459/459
f 1096/1096/1096 1129/1129/1129 459/459/459
f 1096/1096/1096 459/459/459 458/458/458
f 90/90/90 89/89/89 1130/1130/1130
f 90/90/90 1130/1130/1130 1131/1131/1131
f 89/89/89 88/88/88 1121/1121/1121
f 89/89/89 1121/1121/1121 1130/1130/1130
f 1130/1130/1130 1121/1121/1121 454/454/454
f 1130/1130/1130 454/454/454 452/452/452
f 1131/1131/1131 1130/1130/1130 452/452/452
f 1131/1131/1131 452/452/452 430/430/430
f 81/81/81 80/80/80 1132/1132/1132
f 81/81/81 1132/1132/1132 1099/1099/1099
f 80/80/80 79/79/79 1110/1110/1110
f 80/80/80 1110/1110/1110 1132/1132/1132
f 1132/1132/1132 1110/1110/1110 447/447/447
f 1132/1132/1132 447/447/447 444/444/444
f 1099/1099/1099 1132/1132/1132 444/444/444
f 1099/1099/1099 444/444/444 443/443/443
f 177/177/177 338/338/338 1133/1133/1133
f 177/177/177 1133/1133/1133 1122/1122/1122
f 338/338/338 337/337/337 1095/1095/1095
f 338/338/338 1095/1095/1095 1133/1133/1133
f 1133/1133/1133 1095/1095/1095 438/438/438
f 1133/1133/1133 438/438/438 435/435/435
f 1122/1122/1122 1133/1133/1133 435/435/435
f 1122/1122/1122 435/435/435 434/434/434
f 356/356/356 355/355/355 1134/1134/1134
f 356/356/356 1134/1134/1134 1135/1135/1135
f 355/355/355 90/90/90 1131/1131/1131
f 355/355/355 1131/1131/1131 1134/1134/1134
f 1134/1134/1134 1131/1131/1131 430/430/430
f 1134/1134/1134 430/430/430 428/428/428
f 1135/1135/1135 1134/1134/1134 428/428/428
f 1135/1135/1135 428/428/428 423/423/423
f 195/195/195 366/366/366 1136/1136/1136
f 195/195/195 1136/1136/1136 1125/1125/1125
f 366/366/366 356/356/356 1135/1135/1135
f 366/366/366 1135/1135/1135 1136/1136/1136
f 1136/1136/1136 1135/1135/1135 423/423/423
f 1136/1136/1136 423/423/423 420/420/420
f 1125/1125/1125 1136/1136/1136 420/420/420
f 1125/1125/1125 420/420/420 419/419/419
f 386/386/386 385/385/385 1137/1137/1137
f 386/386/386 1137/1137/1137 1093/1093/1093
f 385/385/385 108/108/108 1119/1119/1119
f 385/385/385 1119/1119/1119 1137/1137/1137
f 1137/1137/1137 1119/1119/1119 414/414/414
f 1137/1137/1137 414/414/414 411/411/411
f 1093/1093/1093 1137/1137/1137 411/411/411
f 1093/1093/1093 411/411/411 410/410/410
f 70/70/70 399/399/399 1138/1138/1138
f 70/70/70 1138/1138/1138 1117/1117/1117
f 399/399/399 197/197/197 1124/1124/1124
f 399/399/399 1124/1124/1124 1138/1138/1138
f 1138/1138/1138 1124/1124/1124 405/405/405
f 1138/1138/1138 405/405/405 402/402/402
f 1117/1117/1117 1138/1138/1138 402/402/402
f 1117/1117/1117 402/402/402 401/401/401
f 893/893/893 1073/1073/1073 1139/1139/1139
f 893/893/893 1139/1139/1139 1140/1140/1140
f 1073/1073/1073 1072/1072/1072 1141/1141/1141
f 1073/1073/1073 1141/1141/1141 1139/1139/1139
f 1139/1139/1139 1141/1141/1141 1142/1142/1142
f 1139/1139/1139 1142/1142/1142 1143/1143/1143
f 1140/1140/1140 1139/1139/1139 1143/1143/1143
f 1140/1140/1140 1143/1143/1143 1144/1144/1144
f 887/887/887 886/886/886 1145/1145/1145
f 887/887/887 1145/1145/1145 1146/1146/1146
f 886/886/886 885/885/885 1147/1147/1147
f 886/886/886 1147/1147/1147 1145/1145/1145
f 1145/1145/1145 1147/1147/1147 1148/1148/1148
f 1145/1145/1145 1148/1148/1148 1149/1149/1149
f 1146/1146/1146 1145/1145/1145 1149/1149/1149
f 1146/1146/1146 1149/1149/1149 1150/1150/1150
f 899/899/899 898/898/898 1151/1151/1151
f 899/899/899 1151/1151/1151 1152/1152/1152
f 898/898/898 875/875/875 1153/1153/1153
f 898/898/898 1153/1153/1153 1151/1151/1151
f 1151/1151/1151 1153/1153/1153 1154/1154/1154
f 1151/1151/1151 1154/1154/1154 1155/1155/1155
f 1152/1152/1152 1151/1151/1151 1155/1155/1155
f 1152/1152/1152 1155/1155/1155 1156/1156/1156
f 881/881/881 880/880/880 1157/1157/1157
f 881/881/881 1157/1157/1157 1158/1158/1158
f 880/880/880 879/879/879 1159/1159/1159
f 880/880/880 1159/1159/1159 1157/1157/1157
f 1157/1157/1157 1159/1159/1159 1160/1160/1160
f 1157/1157/1157 1160/1160/1160 1161/1161/1161
f 1158/1158/1158 1157/1157/1157 1161/1161/1161
f 1158/1158/1158 1161/1161/1161 1162/1162/1162
f 931/931/931 930/930/930 1163/1163/1163
f 931/931/931 1163/1163/1163 1164/1164/1164
f 930/930/930 909/909/909 1165/1165/1165
f 930/930/930 1165/1165/1165 1163/1163/1163
f 1163/1163/1163 1165/1165/1165 1166/1166/1166
f 1163/1163/1163 1166/1166/1166 1167/1167/1167
f 1164/1164/1164 1163/1163/1163 1167/1167/1167
f 1164/1164/1164 1167/1167/1167 1168/1168/1168
f 867/867/867 921/921/921 1169/1169/1169
f 867/867/867 1169/1169/1169 1170/1170/1170
f 921/921/921 863/863/863 1171/1171/1171
f 921/921/921 1171/1171/1171 1169/1169/1169
f 1169/1169/1169 1171/1171/1171 1172/1172/1172
f 1169/1169/1169 1172/1172/1172 1173/1173/1173
f 1170/1170/1170 1169/1169/1169 1173/1173/1173
f 1170/1170/1170 1173/1173/1173 1174/1174/1174
f 869/869/869 868/868/868 1175/1175/1175
f 869/869/869 1175/1175/1175 1176/1176/1176
f 868/868/868 867/867/867 1170/1170/1170
f 868/868/868 1170/1170/1170 1175/1175/1175
f 1175/1175/1175 1170/1170/1170 1174/1174/1174
f 1175/1175/1175 1174/1174/1174 1177/1177/1177
f 1176/1176/1176 1175/1175/1175 1177/1177/1177
f 1176/1176/1176 1177/1177/1177 1178/1178/1178
f 903/903/903 902/902/902 1179/1179/1179
f 903/903/903 1179/1179/1179 1180/1180/1180
f 902/902/902 895/895/895 1181/1181/1181
f 902/902/902 1181/1181/1181 1179/1179/1179
f 1179/1179/1179 1181/1181/1181 1182/1182/1182
f 1179/1179/1179 1182/1182/1182 1183/1183/1183
f 1180/1180/1180 1179/1179/1179 1183/1183/1183
f 1180/1180/1180 1183/1183/1183 1184/1184/1184
f 909/909/909 908/908/908 1185/1185/1185
f 909/909/909 1185/1185/1185 1165/1165/1165
f 908/908/908 907/907/907 1186/1186/1186
f 908/908/908 1186/1186/1186 1185/1185/1185
f 1185/1185/1185 1186/1186/1186 1187/1187/1187
f 1185/1185/1185 1187/1187/1187 1188/1188/1188
f 1165/1165/1165 1185/1185/1185 1188/1188/1188
f 1165/1165/1165 1188/1188/1188 1166/1166/1166
f 939/939/939 938/938/938 1189/1189/1189
f 939/939/939 1189/1189/1189 1190/1190/1190
f 938/938/938 925/925/925 1191/1191/1191
f 938/938/938 1191/1191/1191 1189/1189/1189
f 1189/1189/1189 1191/1191/1191 1192/1192/1192
f 1189/1189/1189 1192/1192/1192 1193/1193/1193
f 1190/1190/1190 1189/1189/1189 1193/1193/1193
f 1190/1190/1190 1193/1193/1193 1194/1194/1194
f 915/915/915 914/914/914 1195/1195/1195
f 915/915/915 1195/1195/1195 1196/1196/1196
f 914/914/914 913/913/913 1197/1197/1197
f 914/914/914 1197/1197/1197 1195/1195/1195
f 1195/1195/1195 1197/1197/1197 1198/1198/1198
f 1195/1195/1195 1198/1198/1198 1199/1199/1199
f 1196/1196/1196 1195/1195/1195 1199/1199/1199
f 1196/1196/1196 1199/1199/1199 1200/1200/1200
f 857/857/857 856/856/856 1201/1201/1201
f 857/857/857 1201/1201/1201 1202/1202/1202
f 856/856/856 855/855/855 1203/1203/1203
f 856/856/856 1203/1203/1203 1201/1201/1201
f 1201/1201/1201 1203/1203/1203 1204/1204/1204
f 1201/1201/1201 1204/1204/1204 1205/1205/1205
f 1202/1202/1202 1201/1201/1201 1205/1205/1205
f 1202/1202/1202 1205/1205/1205 1206/1206/1206
f 919/919/919 918/918/918 1207/1207/1207
f 919/919/919 1207/1207/1207 1208/1208/1208
f 918/918/918 887/887/887 1146/1146/1146
f 918/918/918 1146/1146/1146 1207/1207/1207
f 1207/1207/1207 1146/1146/1146 1150/1150/1150
f 1207/1207/1207 1150/1150/1150 1209/1209/1209
f 1208/1208/1208 1207/1207/1207 1209/1209/1209
f 1208/1208/1208 1209/1209/1209 1210/1210/1210
f 895/895/895 894/894/894 1211/1211/1211
f 895/895/895 1211/1211/1211 1181/1181/1181
f 894/894/894 893/893/893 1140/1140/1140
f 894/894/894 1140/1140/1140 1211/1211/1211
f 1211/1211/1211 1140/1140/1140 1144/1144/1144
f 1211/1211/1211 1144/1144/1144 1212/1212/1212
f 1181/1181/1181 1211/1211/1211 1212/1212/1212
f 1181/1181/1181 1212/1212/1212 1182/1182/1182
f 925/925/925 924/924/924 1213/1213/1213
f 925/925/925 1213/1213/1213 1191/1191/1191
f 924/924/924 899/899/899 1152/1152/1152
f 924/924/924 1152/1152/1152 1213/1213/1213
f 1213/1213/1213 1152/1152/1152 1156/1156/1156
f 1213/1213/1213 1156/1156/1156 1214/1214/1214
f 1191/1191/1191 1213/1213/1213 1214/1214/1214
f 1191/1191/1191 1214/1214/1214 1192/1192/1192
f 873/873/873 927/927/927 1215/1215/1215
f 873/873/873 1215/1215/1215 1216/1216/1216
f 927/927/927 915/915/915 1196/1196/1196
f 927/927/927 1196/1196/1196 1215/1215/1215
f 1215/1215/1215 1196/1196/1196 1200/1200/1200
f 1215/1215/1215 1200/1200/1200 1217/1217/1217
f 1216/1216/1216 1215/1215/1215 1217/1217/1217
f 1216/1216/1216 1217/1217/1217 1218/1218/1218
f 907/907/907 941/941/941 1219/1219/1219
f 907/907/907 1219/1219/1219 1186/1186/1186
f 941/941/941 903/903/903 1180/1180/1180
f 941/941/941 1180/1180/1180 1219/1219/1219
f 1219/1219/1219 1180/1180/1180 1184/1184/1184
f 1219/1219/1219 1184/1184/1184 1220/1220/1220
f 1186/1186/1186 1219/1219/1219 1220/1220/1220
f 1186/1186/1186 1220/1220/1220 1187/1187/1187
f 855/855/855 933/933/933 1221/1221/1221
f 855/855/855 1221/1221/1221 1203/1203/1203
f 933/933/933 931/931/931 1164/1164/1164
f 933/933/933 1164/1164/1164 1221/1221/1221
f 1221/1221/1221 1164/1164/1164 1168/1168/1168
f 1221/1221/1221 1168/1168/1168 1222/1222/1222
f 1203/1203/1203 1221/1221/1221 1222/1222/1222
f 1203/1203/1203 1222/1222/1222 1204/1204/1204
f 885/885/885 943/943/943 1223/1223/1223
f 885/885/885 1223/1223/1223 1147/1147/1147
f 943/943/943 939/939/939 1190/1190/1190
f 943/943/943 1190/1190/1190 1223/1223/1223
f 1223/1223/1223 1190/1190/1190 1194/1194/1194
f 1223/1223/1223 1194/1194/1194 1224/1224/1224
f 1147/1147/1147 1223/1223/1223 1224/1224/1224
f 1147/1147/1147 1224/1224/1224 1148/1148/1148
f 861/861/861 889/889/889 1225/1225/1225
f 861/861/861 1225/1225/1225 1226/1226/1226
f 889/889/889 881/881/881 1158/1158/1158
f 889/889/889 1158/1158/1158 1225/1225/1225
f 1225/1225/1225 1158/1158/1158 1162/1162/1162
f 1225/1225/1225 1162/1162/1162 1227/1227/1227
f 1226/1226/1226 1225/1225/1225 1227/1227/1227
f 1226/1226/1226 1227/1227/1227 1228/1228/1228
f 1044/1044/1044 1043/1043/1043 1229/1229/1229
f 1044/1044/1044 1229/1229/1229 1230/1230/1230
f 1043/1043/1043 857/857/857 1202/1202/1202
f 1043/1043/1043 1202/1202/1202 1229/1229/1229
f 1229/1229/1229 1202/1202/1202 1206/1206/1206
f 1229/1229/1229 1206/1206/1206 1231/1231/1231
f 1230/1230/1230 1229/1229/1229 1231/1231/1231
f 1230/1230/1230 1231/1231/1231 1232/1232/1232
f 863/863/863 862/862/862 1233/1233/1233
f 863/863/863 1233/1233/1233 1171/1171/1171
f 862/862/862 861/861/861 1226/1226/1226
f 862/862/862 1226/1226/1226 1233/1233/1233
f 1233/1233/1233 1226/1226/1226 1228/1228/1228
f 1233/1233/1233 1228/1228/1228 1234/1234/1234
f 1171/1171/1171 1233/1233/1233 1234/1234/1234
f 1171/1171/1171 1234/1234/1234 1172/1172/1172
f 879/879/879 935/935/935 1235/1235/1235
f 879/879/879 1235/1235/1235 1159/1159/1159
f 935/935/935 919/919/919 1208/1208/1208
f 935/935/935 1208/1208/1208 1235/1235/1235
f 1235/1235/1235 1208/1208/1208 1210/1210/1210
f 1235/1235/1235 1210/1210/1210 1236/1236/1236
f 1159/1159/1159 1235/1235/1235 1236/1236/1236
f 1159/1159/1159 1236/1236/1236 1160/1160/1160
f 875/875/875 874/874/874 1237/1237/1237
f 875/875/875 1237/1237/1237 1153/1153/1153
f 874/874/874 873/873/873 1216/1216/1216
f 874/874/874 1216/1216/1216 1237/1237/1237
f 1237/1237/1237 1216/1216/1216 1218/1218/1218
f 1237/1237/1237 1218/1218/1218 1238/1238/1238
f 1153/1153/1153 1237/1237/1237 1238/1238/1238
f 1153/1153/1153 1238/1238/1238 1154/1154/1154
f 1072/1072/1072 1239/1239/1239 1240/1240/1240
f 1072/1072/1072 1240/1240/1240 1141/1141/1141
f 1239/1239/1239 869/869/869 1176/1176/1176
f 1239/1239/1239 1176/1176/1176 1240/1240/1240
f 1240/1240/1240 1176/1176/1176 1178/1178/1178
f 1240/1240/1240 1178/1178/1178 1241/1241/1241
f 1141/1141/1141 1240/1240/1240 1241/1241/1241
f 1141/1141/1141 1241/1241/1241 1142/1142/1142
f 482/482/482 1082/1082/1082 1242/1242/1242
f 482/482/482 1242/1242/1242 1243/1243/1243
f 1082/1082/1082 418/418/418 1244/1244/1244
f 1082/1082/1082 1244/1244/1244 1242/1242/1242
f 1242/1242/1242 1244/1244/1244 721/721/721
f 1242/1242/1242 721/721/721 1075/1075/1075
f 1243/1243/1243 1242/1242/1242 1075/1075/1075
f 1243/1243/1243 1075/1075/1075 749/749/749
f 1070/1070/1070 1245/1245/1245 1246/1246/1246
f 1070/1070/1070 1246/1246/1246 1071/1071/1071
f 1245/1245/1245 376/376/376 865/865/865
f 1245/1245/1245 865/865/865 1246/1246/1246
f 1246/1246/1246 865/865/865 869/869/869
f 1246/1246/1246 869/869/869 1239/1239/1239
f 1071/1071/1071 1246/1246/1246 1239/1239/1239
f 1071/1071/1071 1239/1239/1239 1072/1072/1072
f 484/484/484 483/483/483 1247/1247/1247
f 484/484/484 1247/1247/1247 1248/1248/1248
f 483/483/483 482/482/482 1243/1243/1243
f 483/483/483 1243/1243/1243 1247/1247/1247
f 1247/1247/1247 1243/1243/1243 749/749/749
f 1247/1247/1247 749/749/749 747/747/747
f 1248/1248/1248 1247/1247/1247 747/747/747
f 1248/1248/1248 747/747/747 716/716/716
f 418/418/418 417/417/417 1249/1249/1249
f 418/418/418 1249/1249/1249 1244/1244/1244
f 417/417/417 416/416/416 1250/1250/1250
f 417/417/417 1250/1250/1250 1249/1249/1249
f 1249/1249/1249 1250/1250/1250 725/725/725
f 1249/1249/1249 725/725/725 722/722/722
f 1244/1244/1244 1249/1249/1249 722/722/722
f 1244/1244/1244 722/722/722 721/721/721
f 416/416/416 755/755/755 1251/1251/1251
f 416/416/416 1251/1251/1251 1250/1250/1250
f 755/755/755 243/243/243 372/372/372
f 755/755/755 372/372/372 1251/1251/1251
f 1251/1251/1251 372/372/372 371/371/371
f 1251/1251/1251 371/371/371 726/726/726
f 1250/1250/1250 1251/1251/1251 726/726/726
f 1250/1250/1250 726/726/726 725/725/725
f 728/728/728 727/727/727 1252/1252/1252
f 728/728/728 1252/1252/1252 1090/1090/1090
f 727/727/727 371/371/371 374/374/374
f 727/727/727 374/374/374 1252/1252/1252
f 1252/1252/1252 374/374/374 376/376/376
f 1252/1252/1252 376/376/376 1245/1245/1245
f 1090/1090/1090 1252/1252/1252 1245/1245/1245
f 1090/1090/1090 1245/1245/1245 1070/1070/1070
f 913/913/913 1253/1253/1253 1254/1254/1254
f 913/913/913 1254/1254/1254 1197/1197/1197
f 1253/1253/1253 1044/1044/1044 1230/1230/1230
f 1253/1253/1253 1230/1230/1230 1254/1254/1254
f 1254/1254/1254 1230/1230/1230 1232/1232/1232
f 1254/1254/1254 1232/1232/1232 1255/1255/1255
f 1197/1197/1197 1254/1254/1254 1255/1255/1255
f 1197/1197/1197 1255/1255/1255 1198/1198/1198
f 323/323/323 1256/1256/1256 1257/1257/1257
f 323/323/323 1257/1257/1257 324/324/324
f 1256/1256/1256 1046/1046/1046 1058/1058/1058
f 1256/1256/1256 1058/1058/1058 1257/1257/1257
f 1257/1257/1257 1058/1058/1058 1039/1039/1039
f 1257/1257/1257 1039/1039/1039 1258/1258/1258
f 324/324/324 1257/1257/1257 1258/1258/1258
f 324/324/324 1258/1258/1258 325/325/325
f 323/323/323 736/736/736 1259/1259/1259
f 323/323/323 1259/1259/1259 1256/1256/1256
f 736/736/736 440/440/440 1260/1260/1260
f 736/736/736 1260/1260/1260 1259/1259/1259
f 1259/1259/1259 1260/1260/1260 1050/1050/1050
f 1259/1259/1259 1050/1050/1050 1047/1047/1047
f 1256/1256/1256 1259/1259/1259 1047/1047/1047
f 1256/1256/1256 1047/1047/1047 1046/1046/1046
f 440/440/440 1056/1056/1056 1260/1260/1260
f 1056/1056/1056 1261/1261/1261 1260/1260/1260
f 1056/1056/1056 466/466/466 1262/1262/1262
f 1056/1056/1056 1262/1262/1262 1261/1261/1261
f 1261/1261/1261 1262/1262/1262 741/741/741
f 1261/1261/1261 741/741/741 1051/1051/1051
f 1260/1260/1260 1261/1261/1261 1051/1051/1051
f 1260/1260/1260 1051/1051/1051 1050/1050/1050
f 325/325/325 1258/1258/1258 1263/1263/1263
f 325/325/325 1263/1263/1263 912/912/912
f 1258/1258/1258 1039/1039/1039 1042/1042/1042
f 1258/1258/1258 1042/1042/1042 1263/1263/1263
f 1263/1263/1263 1042/1042/1042 1044/1044/1044
f 1263/1263/1263 1044/1044/1044 1253/1253/1253
f 912/912/912 1263/1263/1263 1253/1253/1253
f 912/912/912 1253/1253/1253 913/913/913
f 475/475/475 474/474/474 1264/1264/1264
f 475/475/475 1264/1264/1264 1265/1265/1265
f 474/474/474 473/473/473 1266/1266/1266
f 474/474/474 1266/1266/1266 1264/1264/1264
f 1264/1264/1264 1266/1266/1266 712/712/712
f 1264/1264/1264 712/712/712 745/745/745
f 1265/1265/1265 1264/1264/1264 745/745/745
f 1265/1265/1265 745/745/745 710/710/710
f 466/466/466 465/465/465 1267/1267/1267
f 466/466/466 1267/1267/1267 1262/1262/1262
f 465/465/465 464/464/464 1268/1268/1268
f 465/465/465 1268/1268/1268 1267/1267/1267
f 1267/1267/1267 1268/1268/1268 691/691/691
f 1267/1267/1267 691/691/691 742/742/742
f 1262/1262/1262 1267/1267/1267 742/742/742
f 1262/1262/1262 742/742/742 741/741/741
f 451/451/451 450/450/450 1269/1269/1269
f 451/451/451 1269/1269/1269 1270/1270/1270
f 450/450/450 449/449/449 1271/1271/1271
f 450/450/450 1271/1271/1271 1269/1269/1269
f 1269/1269/1269 1271/1271/1271 706/706/706
f 1269/1269/1269 706/706/706 737/737/737
f 1270/1270/1270 1269/1269/1269 737/737/737
f 1270/1270/1270 737/737/737 695/695/695
f 449/449/449 536/536/536 1272/1272/1272
f 449/449/449 1272/1272/1272 1271/1271/1271
f 536/536/536 475/475/475 1265/1265/1265
f 536/536/536 1265/1265/1265 1272/1272/1272
f 1272/1272/1272 1265/1265/1265 710/710/710
f 1272/1272/1272 710/710/710 707/707/707
f 1271/1271/1271 1272/1272/1272 707/707/707
f 1271/1271/1271 707/707/707 706/706/706
f 464/464/464 588/588/588 1273/1273/1273
f 464/464/464 1273/1273/1273 1268/1268/1268
f 588/588/588 451/451/451 1270/1270/1270
f 588/588/588 1270/1270/1270 1273/1273/1273
f 1273/1273/1273 1270/1270/1270 695/695/695
f 1273/1273/1273 695/695/695 692/692/692
f 1268/1268/1268 1273/1273/1273 692/692/692
f 1268/1268/1268 692/692/692 691/691/691
f 473/473/473 523/523/523 1274/1274/1274
f 473/473/473 1274/1274/1274 1266/1266/1266
f 523/523/523 484/484/484 1248/1248/1248
f 523/523/523 1248/1248/1248 1274/1274/1274
f 1274/1274/1274 1248/1248/1248 716/716/716
f 1274/1274/1274 716/716/716 713/713/713
f 1266/1266/1266 1274/1274/1274 713/713/713
f 1266/1266/1266 713/713/713 712/712/712
f 993/993/993 992/992/992 1275/1275/1275
f 993/993/993 1275/1275/1275 1017/1017/1017
f 977/977/977 976/976/976 1275/1275/1275
f 977/977/977 1275/1275/1275 992/992/992
f 975/975/975 1021/1021/1021 1275/1275/1275
f 975/975/975 1275/1275/1275 976/976/976
f 1020/1020/1020 1038/1038/1038 1275/1275/1275
f 1020/1020/1020 1275/1275/1275 1021/1021/1021
f 1031/1031/1031 1030/1030/1030 1275/1275/1275
f 1031/1031/1031 1275/1275/1275 1038/1038/1038
f 1005/1005/1005 1004/1004/1004 1275/1275/1275
f 1005/1005/1005 1275/1275/1275 1030/1030/1030
f 1003/1003/1003 1015/1015/1015 1275/1275/1275
f 1003/1003/1003 1275/1275/1275 1004/1004/1004
f 949/949/949 948/948/948 1275/1275/1275
f 949/949/949 1275/1275/1275 1015/1015/1015
f 947/947/947 965/965/965 1275/1275/1275
f 947/947/947 1275/1275/1275 948/948/948
f 964/964/964 1013/1013/1013 1275/1275/1275
f 964/964/964 1275/1275/1275 965/965/965
f 999/999/999 998/998/998 1275/1275/1275
f 999/999/999 1275/1275/1275 1013/1013/1013
f 997/997/997 1023/1023/1023 1275/1275/1275
f 997/997/997 1275/1275/1275 998/998/998
f 961/961/961 960/960/960 1275/1275/1275
f 961/961/961 1275/1275/1275 1023/1023/1023
f 959/959/959 1009/1009/1009 1275/1275/1275
f 959/959/959 1275/1275/1275 960/960/960
f 1008/1008/1008 1035/1035/1035 1275/1275/1275
f 1008/1008/1008 1275/1275/1275 1009/1009/1009
f 971/971/971 970/970/970 1275/1275/1275
f 971/971/971 1275/1275/1275 1035/1035/1035
f 969/969/969 1027/1027/1027 1275/1275/1275
f 969/969/969 1275/1275/1275 970/970/970
f 1026/1026/1026 1033/1033/1033 1275/1275/1275
f 1026/1026/1026 1275/1275/1275 1027/1027/1027
f 983/983/983 982/982/982 1275/1275/1275
f 983/983/983 1275/1275/1275 1033/1033/1033
f 981/981/981 1067/1067/1067 1275/1275/1275
f 981/981/981 1275/1275/1275 982/982/982
f 955/955/955 954/954/954 1275/1275/1275
f 955/955/955 1275/1275/1275 1067/1067/1067
f 953/953/953 1011/1011/1011 1275/1275/1275
f 953/953/953 1275/1275/1275 954/954/954
f 989/989/989 988/988/988 1275/1275/1275
f 989/989/989 1275/1275/1275 1011/1011/1011
f 987/987/987 1017/1017/1017 1275/1275/1275
f 987/987/987 1275/1275/1275 988/988/988
f 1187/1187/1187 1220/1220/1220 1276/1276/1276
f 1187/1187/1187 1276/1276/1276 1188/1188/1188
f 1184/1184/1184 1183/1183/1183 1276/1276/1276
f 1184/1184/1184 1276/1276/1276 1220/1220/1220
f 1182/1182/1182 1212/1212/1212 1276/1276/1276
f 1182/1182/1182 1276/1276/1276 1183/1183/1183
f 1144/1144/1144 1143/1143/1143 1276/1276/1276
f 1144/1144/1144 1276/1276/1276 1212/1212/1212
f 1142/1142/1142 1241/1241/1241 1276/1276/1276
f 1142/1142/1142 1276/1276/1276 1143/1143/1143
f 1178/1178/1178 1177/1177/1177 1276/1276/1276
f 1178/1178/1178 1276/1276/1276 1241/1241/1241
f 1174/1174/1174 1173/1173/1173 1276/1276/1276
f 1174/1174/1174 1276/1276/1276 1177/1177/1177
f 1172/1172/1172 1234/1234/1234 1276/1276/1276
f 1172/1172/1172 1276/1276/1276 1173/1173/1173
f 1228/1228/1228 1227/1227/1227 1276/1276/1276
f 1228/1228/1228 1276/1276/1276 1234/1234/1234
f 1162/1162/1162 1161/1161/1161 1276/1276/1276
f 1162/1162/1162 1276/1276/1276 1227/1227/1227
f 1160/1160/1160 1236/1236/1236 1276/1276/1276
f 1160/1160/1160 1276/1276/1276 1161/1161/1161
f 1210/1210/1210 1209/1209/1209 1276/1276/1276
f 1210/1210/1210 1276/1276/1276 1236/1236/1236
f 1150/1150/1150 1149/1149/1149 1276/1276/1276
f 1150/1150/1150 1276/1276/1276 1209/1209/1209
f 1148/1148/1148 1224/1224/1224 1276/1276/1276
f 1148/1148/1148 1276/1276/1276 1149/1149/1149
f 1194/1194/1194 1193/1193/1193 1276/1276/1276
f 1194/1194/1194 1276/1276/1276 1224/1224/1224
f 1192/1192/1192 1214/1214/1214 1276/1276/1276
f 1192/1192/1192 1276/1276/1276 1193/1193/1193
f 1156/1156/1156 1155/1155/1155 1276/1276/1276
f 1156/1156/1156 1276/1276/1276 1214/1214/1214
f 1154/1154/1154 1238/1238/1238 1276/1276/1276
f 1154/1154/1154 1276/1276/1276 1155/1155/1155
f 1218/1218/1218 1217/1217/1217 1276/1276/1276
f 1218/1218/1218 1276/1276/1276 1238/1238/1238
f 1200/1200/1200 1199/1199/1199 1276/1276/1276
f 1200/1200/1200 1276/1276/1276 1217/1217/1217
f 1198/1198/1198 1255/1255/1255 1276/1276/1276
f 1198/1198/1198 1276/1276/1276 1199/1199/1199
f 1232/1232/1232 1231/1231/1231 1276/1276/1276
f 1232/1232/1232 1276/1276/1276 1255/1255/1255
f 1206/1206/1206 1205/1205/1205 1276/1276/1276
f 1206/1206/1206 1276/1276/1276 1231/1231/1231
f 1204/1204/1204 1222/1222/1222 1276/1276/1276
f 1204/1204/1204 1276/1276/1276 1205/1205/1205
f 1168/1168/1168 1167/1167/1167 1276/1276/1276
f 1168/1168/1168 1276/1276/1276 1222/1222/1222
f 1166/1166/1166 1188/1188/1188 1276/1276/1276
f 1166/1166/1166 1276/1276/1276 1167/1167/1167
