v 0.528413 0.238134 0.614714
v 0.523806 0.242287 0.614893
v 0.528554 0.248256 0.621558
v 0.533426 0.243638 0.621404
v 0.535081 0.25682 0.630021
v 0.540465 0.251472 0.630057
v 0.522098 0.251712 0.623471
v 0.528152 0.260947 0.63175
v 0.517587 0.245302 0.616812
v 0.522282 0.231726 0.603757
v 0.517599 0.235679 0.603572
v 0.520359 0.238423 0.608918
v 0.524973 0.234466 0.608918
v 0.514124 0.241228 0.610644
v 0.511364 0.238509 0.605177
v 0.534131 0.224378 0.620146
v 0.531706 0.232137 0.61649
v 0.537037 0.237144 0.623251
v 0.539804 0.228974 0.626968
v 0.54462 0.24431 0.632032
v 0.547743 0.235706 0.635759
v 0.527371 0.219519 0.609083
v 0.525535 0.226332 0.60554
v 0.528184 0.22883 0.610682
v 0.53024 0.221529 0.61423
v 0.536074 0.204269 0.633438
v 0.535891 0.215085 0.625653
v 0.541842 0.219428 0.632447
v 0.541995 0.208285 0.640065
v 0.54974 0.226029 0.64111
v 0.549481 0.214703 0.648562
v 0.527093 0.20167 0.623086
v 0.52782 0.211346 0.614716
v 0.531283 0.212692 0.619692
v 0.530992 0.202383 0.627666
v 0.560143 0.235008 0.652615
v 0.559361 0.223584 0.659904
v 0.573035 0.246325 0.666486
v 0.571801 0.234824 0.673569
v 0.55824 0.244814 0.647459
v 0.571093 0.256461 0.66159
v 0.554661 0.253987 0.643756
v 0.566908 0.266522 0.658003
v 0.549787 0.262031 0.641632
v 0.561212 0.275732 0.655815
v 0.537111 0.190214 0.670757
v 0.545637 0.201708 0.658554
v 0.554824 0.210149 0.670017
v 0.545851 0.198155 0.682872
v 0.566569 0.221213 0.683769
v 0.557154 0.208999 0.697264
v 0.526033 0.182507 0.655235
v 0.533376 0.192465 0.643696
v 0.538798 0.195844 0.650097
v 0.53083 0.185003 0.661901
v 0.499842 0.175387 0.675801
v 0.51341 0.177007 0.66649
v 0.517818 0.17854 0.674309
v 0.504034 0.176135 0.684951
v 0.523879 0.18332 0.684194
v 0.509981 0.180646 0.696067
v 0.532697 0.191024 0.697605
v 0.518977 0.188216 0.710995
v 0.544168 0.201712 0.713313
v 0.530759 0.198728 0.728266
v 0.480162 0.180937 0.684207
v 0.489405 0.176604 0.681779
v 0.493354 0.177034 0.691646
v 0.483515 0.181821 0.694176
v 0.498995 0.181396 0.703707
v 0.488591 0.186598 0.706795
v 0.507793 0.188836 0.719902
v 0.496848 0.194527 0.723863
v 0.519492 0.199175 0.738506
v 0.508059 0.205361 0.743464
v 0.465305 0.208036 0.703222
v 0.47634 0.196706 0.705952
v 0.483886 0.206204 0.723478
v 0.472213 0.219339 0.720908
v 0.494358 0.218677 0.743722
v 0.481976 0.233687 0.741413
v 0.46052 0.196745 0.681151
v 0.469802 0.188414 0.683468
v 0.472034 0.190631 0.693135
v 0.461672 0.200463 0.690412
v 0.451881 0.210785 0.674717
v 0.454814 0.203848 0.67857
v 0.4555 0.208543 0.687564
v 0.452581 0.216127 0.683524
v 0.458849 0.217095 0.700297
v 0.45603 0.225278 0.696039
v 0.465407 0.22954 0.717958
v 0.462578 0.238405 0.713436
v 0.474741 0.245044 0.738325
v 0.471758 0.254588 0.733311
v 0.457526 0.24479 0.678432
v 0.455367 0.234614 0.688891
v 0.462206 0.24834 0.705714
v 0.46475 0.258996 0.694423
v 0.471436 0.265143 0.724807
v 0.474135 0.276288 0.712522
v 0.452135 0.228231 0.659147
v 0.450631 0.218987 0.668293
v 0.451537 0.224971 0.676826
v 0.453264 0.23479 0.667063
v 0.474693 0.262338 0.65293
v 0.463655 0.254688 0.665263
v 0.471139 0.269135 0.680228
v 0.482208 0.276733 0.666662
v 0.48068 0.286629 0.697193
v 0.491807 0.294131 0.6824
v 0.468208 0.244991 0.637357
v 0.457798 0.237592 0.647932
v 0.459107 0.244535 0.654788
v 0.469956 0.252152 0.643377
v 0.497848 0.249207 0.624533
v 0.482877 0.248657 0.629834
v 0.48555 0.255905 0.635836
v 0.501497 0.256361 0.630912
v 0.490484 0.266088 0.644635
v 0.506705 0.266429 0.639238
v 0.497808 0.28014 0.65699
v 0.513931 0.279983 0.650524
v 0.507326 0.297193 0.671509
v 0.523439 0.296592 0.664189
v 0.509317 0.247789 0.620162
v 0.513539 0.25463 0.626763
v 0.519135 0.264381 0.634951
v 0.52665 0.277405 0.645875
v 0.536206 0.273322 0.642793
v 0.53642 0.29358 0.659338
v 0.546427 0.288935 0.656465
v 0.543735 0.268336 0.641335
v 0.554487 0.283112 0.655297
v 0.567062 0.301004 0.671154
v 0.574326 0.292584 0.671779
v 0.580566 0.320126 0.687202
v 0.588211 0.310951 0.6879
v 0.5587 0.307454 0.672062
v 0.57208 0.327018 0.687894
v 0.548478 0.312381 0.6746
v 0.561843 0.332158 0.69009
v 0.535242 0.31546 0.679187
v 0.548542 0.335325 0.694221
v 0.580854 0.28198 0.673877
v 0.58579 0.270683 0.677219
v 0.595432 0.299297 0.68991
v 0.601081 0.287088 0.692993
v 0.609573 0.317432 0.704853
v 0.615705 0.30527 0.707778
v 0.622761 0.336582 0.718905
v 0.629097 0.32519 0.721712
v 0.601949 0.329253 0.702783
v 0.615132 0.347807 0.716738
v 0.594105 0.338683 0.701965
v 0.607391 0.356995 0.715832
v 0.585607 0.345879 0.702497
v 0.599089 0.364283 0.716303
v 0.602381 0.264588 0.703488
v 0.603729 0.275998 0.697149
v 0.618803 0.294542 0.711452
v 0.617971 0.283689 0.717218
v 0.632701 0.315211 0.724887
v 0.632722 0.305054 0.730026
v 0.588014 0.259946 0.681783
v 0.586554 0.248376 0.68856
v 0.645337 0.337298 0.738027
v 0.646407 0.327714 0.742616
v 0.657561 0.359165 0.751657
v 0.659624 0.350179 0.755979
v 0.64116 0.346565 0.735299
v 0.652961 0.367764 0.749213
v 0.634901 0.356886 0.732651
v 0.647045 0.377003 0.74677
v 0.627713 0.367052 0.730497
v 0.640573 0.386043 0.744781
v 0.61861 0.282071 0.753595
v 0.628382 0.29326 0.73909
v 0.643218 0.316575 0.751309
v 0.633971 0.30574 0.766012
v 0.657594 0.339885 0.764571
v 0.649018 0.329656 0.779558
v 0.586158 0.239917 0.72735
v 0.596399 0.251639 0.713285
v 0.612582 0.271294 0.726668
v 0.602427 0.259848 0.740953
v 0.559143 0.228718 0.762759
v 0.572748 0.232375 0.74534
v 0.588151 0.252125 0.759898
v 0.573411 0.248132 0.778485
v 0.603395 0.274102 0.773543
v 0.587265 0.269756 0.793316
v 0.618142 0.297494 0.786933
v 0.60094 0.292745 0.807823
v 0.632905 0.321324 0.801247
v 0.614997 0.316264 0.82292
v 0.53536 0.235465 0.781716
v 0.547564 0.228694 0.775067
v 0.56117 0.247941 0.791627
v 0.548624 0.254641 0.798799
v 0.574195 0.269455 0.807199
v 0.561404 0.275904 0.814724
v 0.587172 0.292366 0.822325
v 0.574313 0.298488 0.830099
v 0.60079 0.315813 0.837768
v 0.588076 0.321596 0.845644
v 0.532443 0.307176 0.815196
v 0.546129 0.290505 0.816873
v 0.559591 0.311996 0.8324
v 0.546603 0.32754 0.830814
v 0.574155 0.334039 0.84808
v 0.56207 0.348455 0.84665
v 0.50653 0.268383 0.781627
v 0.520275 0.250913 0.783378
v 0.533237 0.269995 0.800794
v 0.519289 0.287421 0.799107
v 0.495155 0.291798 0.771079
v 0.498555 0.281282 0.777761
v 0.511308 0.30043 0.794962
v 0.507984 0.311225 0.787779
v 0.524702 0.319968 0.810935
v 0.521591 0.330979 0.803546
v 0.539259 0.339971 0.826573
v 0.536357 0.351169 0.819155
v 0.555194 0.360417 0.842523
v 0.552467 0.371623 0.83519
v 0.524493 0.356269 0.776441
v 0.521145 0.343338 0.792168
v 0.536185 0.363891 0.807689
v 0.540109 0.377346 0.791673
v 0.552473 0.384503 0.823783
v 0.556803 0.398272 0.80766
v 0.496851 0.31514 0.746123
v 0.494376 0.303305 0.760587
v 0.507276 0.323164 0.776686
v 0.51006 0.335507 0.761456
v 0.54592 0.375438 0.739573
v 0.533003 0.367846 0.757203
v 0.54952 0.38954 0.77187
v 0.56285 0.397197 0.753718
v 0.566874 0.410891 0.787491
v 0.580406 0.41849 0.768945
v 0.515529 0.332982 0.712233
v 0.503716 0.325616 0.728578
v 0.517625 0.346435 0.742978
v 0.529994 0.353894 0.725973
v 0.531815 0.335969 0.701035
v 0.54619 0.35641 0.714772
v 0.562503 0.355076 0.708305
v 0.5616 0.377139 0.728246
v 0.576958 0.374653 0.721927
v 0.577776 0.397926 0.742213
v 0.591913 0.394146 0.735901
v 0.594486 0.418227 0.75725
v 0.607395 0.413181 0.750852
v 0.575503 0.351386 0.704478
v 0.589319 0.370178 0.718218
v 0.60341 0.388879 0.732165
v 0.612625 0.382732 0.730178
v 0.618043 0.407135 0.746988
v 0.626691 0.400762 0.744828
v 0.620449 0.375613 0.729631
v 0.63396 0.393886 0.744094
v 0.633591 0.424904 0.763318
v 0.64188 0.418198 0.760927
v 0.650694 0.44409 0.781813
v 0.658849 0.436983 0.779174
v 0.62357 0.431719 0.767365
v 0.641122 0.451511 0.786049
v 0.648755 0.411423 0.75994
v 0.654798 0.404086 0.760354
v 0.665603 0.430078 0.777956
v 0.671368 0.422872 0.778167
v 0.684845 0.451349 0.798532
v 0.690721 0.443876 0.798741
v 0.705177 0.473068 0.820416
v 0.71121 0.465314 0.820685
v 0.677939 0.458611 0.799894
v 0.698162 0.480646 0.821878
v 0.669766 0.466093 0.802763
v 0.690051 0.48837 0.824945
v 0.660552 0.473817 0.807148
v 0.681108 0.496137 0.829392
v 0.710582 0.508183 0.846929
v 0.718357 0.500396 0.84371
v 0.730725 0.525973 0.867968
v 0.738023 0.518076 0.864662
v 0.701846 0.515877 0.851343
v 0.722302 0.533819 0.872374
v 0.725152 0.492773 0.842145
v 0.731048 0.485092 0.84239
v 0.744394 0.510504 0.863062
v 0.749963 0.503115 0.863275
v 0.762851 0.526816 0.882652
v 0.768102 0.519709 0.88292
v 0.78069 0.541823 0.90017
v 0.785773 0.534882 0.900535
v 0.7569 0.534453 0.884167
v 0.775045 0.549605 0.9016
v 0.75004 0.542701 0.887489
v 0.768535 0.558222 0.904941
v 0.742148 0.551153 0.892011
v 0.761117 0.567307 0.909579
v 0.797676 0.555237 0.914903
v 0.802836 0.548298 0.915338
v 0.811744 0.565601 0.926516
v 0.817224 0.558581 0.926956
v 0.79217 0.563182 0.91641
v 0.806311 0.573813 0.928396
v 0.785953 0.572014 0.919916
v 0.80052 0.583124 0.932559
v 0.778716 0.581382 0.924603
v 0.793512 0.592919 0.937611
v 0.752913 0.575616 0.91546
v 0.770377 0.59005 0.930225
v 0.78478 0.601724 0.942825
v 0.761713 0.593457 0.939704
v 0.775685 0.605144 0.951476
v 0.744468 0.578773 0.925496
v 0.712787 0.540482 0.877999
v 0.733316 0.558606 0.897768
v 0.724386 0.561148 0.907996
v 0.703222 0.542314 0.888358
v 0.694905 0.536459 0.90589
v 0.716501 0.555675 0.924939
v 0.736689 0.573275 0.941708
v 0.711249 0.545036 0.943678
v 0.731516 0.562249 0.959599
v 0.689177 0.525749 0.925337
v 0.753917 0.587927 0.955164
v 0.768042 0.599693 0.966175
v 0.74898 0.576647 0.972385
v 0.763632 0.588445 0.982854
v 0.687034 0.513852 0.940816
v 0.709851 0.533014 0.9587
v 0.730527 0.549875 0.97411
v 0.711609 0.521192 0.969285
v 0.732818 0.537913 0.984472
v 0.688047 0.502108 0.951649
v 0.748444 0.563935 0.986548
v 0.763637 0.575599 0.996744
v 0.751238 0.551764 0.996813
v 0.766882 0.56331 1.00694
v 0.737198 0.527092 0.99109
v 0.756 0.541026 1.00346
v 0.771976 0.552664 1.01365
v 0.762825 0.530644 1.00728
v 0.779016 0.54251 1.01764
v 0.743802 0.516432 0.994786
v 0.691655 0.490934 0.958502
v 0.715627 0.510212 0.975987
v 0.722142 0.499147 0.979649
v 0.698184 0.479396 0.962219
v 0.642541 0.483719 0.884905
v 0.637971 0.471065 0.900637
v 0.662839 0.493059 0.921239
v 0.666287 0.505224 0.905565
v 0.66283 0.481351 0.93222
v 0.637246 0.459285 0.911672
v 0.639918 0.448014 0.918754
v 0.66593 0.470031 0.93922
v 0.6725 0.458085 0.943044
v 0.646434 0.435993 0.922656
v 0.590064 0.413701 0.870636
v 0.592568 0.402941 0.877714
v 0.615144 0.42539 0.897847
v 0.612648 0.436358 0.890772
v 0.621462 0.413768 0.901737
v 0.598784 0.391673 0.8816
v 0.594888 0.439606 0.843588
v 0.590294 0.426078 0.859538
v 0.613286 0.448384 0.879726
v 0.618093 0.46152 0.863905
v 0.570218 0.404986 0.840933
v 0.574697 0.418758 0.824857
v 0.570157 0.392265 0.852181
v 0.572748 0.381323 0.859368
v 0.579188 0.369864 0.86335
v 0.609478 0.378469 0.882739
v 0.631977 0.40059 0.90283
v 0.656819 0.422836 0.923728
v 0.644065 0.389849 0.89993
v 0.668514 0.41254 0.920618
v 0.621943 0.36729 0.880078
v 0.590436 0.35626 0.864613
v 0.603542 0.344567 0.862085
v 0.615903 0.339117 0.854252
v 0.633873 0.362302 0.872129
v 0.630231 0.339676 0.839389
v 0.648032 0.36311 0.857177
v 0.655585 0.385541 0.89148
v 0.679503 0.408906 0.911687
v 0.669319 0.38679 0.876046
v 0.692533 0.410552 0.895862
v 0.703722 0.432312 0.931968
v 0.693506 0.435499 0.940928
v 0.727272 0.455164 0.951592
v 0.717882 0.458004 0.960221
v 0.715793 0.434103 0.916364
v 0.738419 0.457012 0.936665
v 0.682485 0.445285 0.944076
v 0.707643 0.467204 0.96324
v 0.731176 0.487625 0.980747
v 0.752634 0.505465 0.996044
v 0.740775 0.479065 0.977979
v 0.761857 0.49746 0.993585
v 0.749511 0.476627 0.969834
v 0.770165 0.495442 0.985925
v 0.76003 0.47865 0.955728
v 0.780238 0.497716 0.972534
v 0.771713 0.520008 1.00876
v 0.788015 0.532128 1.01937
v 0.780852 0.51236 1.00662
v 0.797166 0.524745 1.01756
v 0.788945 0.5107 0.999361
v 0.805146 0.523339 1.01073
v 0.798592 0.513204 0.986447
v 0.8144 0.525949 0.998354
v 0.801699 0.543176 1.0285
v 0.792781 0.553268 1.02655
v 0.815251 0.554813 1.03663
v 0.806786 0.564856 1.0347
v 0.810724 0.536048 1.02705
v 0.823857 0.547712 1.03544
v 0.818557 0.534737 1.02076
v 0.831361 0.546186 1.02969
v 0.827455 0.537204 1.00924
v 0.83975 0.548044 1.01897
v 0.84544 0.55864 1.03769
v 0.838538 0.560794 1.043
v 0.859068 0.571783 1.04513
v 0.852907 0.574788 1.04992
v 0.853034 0.559291 1.02739
v 0.865895 0.570934 1.03529
v 0.830707 0.568182 1.04413
v 0.823082 0.578504 1.04257
v 0.845974 0.582047 1.05109
v 0.839006 0.591889 1.04992
v 0.858406 0.594594 1.0571
v 0.851436 0.602387 1.05605
v 0.867281 0.604091 1.05992
v 0.860142 0.609725 1.05922
v 0.864564 0.588446 1.05582
v 0.872792 0.599087 1.05811
v 0.870027 0.584607 1.05171
v 0.877741 0.594594 1.05419
v 0.876428 0.582342 1.04276
v 0.883925 0.591252 1.0461
v 0.88227 0.599768 1.05022
v 0.877571 0.604627 1.05494
v 0.88457 0.601838 1.04391
v 0.879977 0.606797 1.04969
v 0.888249 0.595846 1.04247
v 0.89034 0.597747 1.03623
v 0.872613 0.60942 1.05796
v 0.865686 0.614294 1.05826
v 0.875439 0.611836 1.05396
v 0.868908 0.616787 1.05535
v 0.876885 0.61295 1.05094
v 0.870635 0.61793 1.0529
v 0.877438 0.6134 1.04875
v 0.871367 0.618267 1.05086
v 0.881179 0.607873 1.04606
v 0.881607 0.608478 1.04375
v 0.885669 0.603012 1.03977
v 0.885997 0.603816 1.0374
v 0.891245 0.599014 1.03225
v 0.891355 0.600034 1.03013
v 0.887296 0.601609 1.02655
v 0.882741 0.605068 1.03343
v 0.885492 0.604398 1.03543
v 0.890546 0.600825 1.02838
v 0.881203 0.608841 1.04165
v 0.878692 0.609259 1.03931
v 0.874818 0.613834 1.04381
v 0.877126 0.613575 1.04654
v 0.871257 0.618283 1.0486
v 0.869393 0.61841 1.04557
v 0.87337 0.603155 1.02313
v 0.870285 0.60659 1.02968
v 0.876843 0.605992 1.03135
v 0.880656 0.602524 1.0246
v 0.873273 0.609873 1.03667
v 0.867252 0.610114 1.03438
v 0.864271 0.614446 1.03738
v 0.869808 0.614333 1.04043
v 0.865201 0.618841 1.04159
v 0.860518 0.618864 1.03797
v 0.865622 0.606312 1.02885
v 0.862991 0.609459 1.03306
v 0.862295 0.605486 1.02854
v 0.85997 0.608247 1.03236
v 0.868242 0.603114 1.02268
v 0.864626 0.602656 1.02286
v 0.860423 0.613589 1.03561
v 0.857215 0.617815 1.03591
v 0.857759 0.612129 1.03465
v 0.854886 0.616095 1.03486
v 0.851026 0.626665 1.03104
v 0.85552 0.622669 1.03556
v 0.852911 0.62119 1.03349
v 0.848816 0.624458 1.02911
v 0.850811 0.61903 1.03253
v 0.84683 0.621752 1.02833
v 0.847107 0.635014 1.019
v 0.848632 0.631418 1.02547
v 0.846135 0.628234 1.0237
v 0.843901 0.630944 1.01749
v 0.844141 0.625024 1.02308
v 0.84169 0.627454 1.01709
v 0.858806 0.623047 1.03937
v 0.861553 0.622964 1.04355
v 0.853467 0.628044 1.03478
v 0.85527 0.628939 1.03894
v 0.851757 0.634493 1.02903
v 0.854112 0.637156 1.0331
v 0.851645 0.639902 1.02223
v 0.855198 0.64448 1.02595
v 0.862597 0.623102 1.04665
v 0.86234 0.623268 1.04887
v 0.855639 0.629737 1.04206
v 0.854955 0.630318 1.0443
v 0.854413 0.639138 1.03629
v 0.853342 0.640508 1.03867
v 0.855626 0.647662 1.0288
v 0.854113 0.649886 1.03088
v 0.851461 0.63006 1.04803
v 0.859444 0.622097 1.05281
v 0.861368 0.623055 1.05078
v 0.853683 0.630462 1.0462
v 0.848787 0.653433 1.03402
v 0.848942 0.641988 1.0425
v 0.851716 0.641418 1.04066
v 0.85211 0.651809 1.03258
v 0.836062 0.651729 1.03327
v 0.838596 0.639747 1.04345
v 0.844375 0.641981 1.04397
v 0.843181 0.654173 1.03488
v 0.847884 0.628917 1.0497
v 0.843202 0.626382 1.04992
v 0.851211 0.61658 1.05546
v 0.856154 0.620045 1.05492
v 0.827328 0.612774 1.0418
v 0.83294 0.60219 1.04719
v 0.844056 0.611145 1.0528
v 0.837223 0.621526 1.04736
v 0.81766 0.633068 1.01936
v 0.821797 0.623579 1.03252
v 0.831846 0.633657 1.03945
v 0.828081 0.644212 1.02764
v 0.788909 0.608561 1.00109
v 0.790587 0.596874 1.01454
v 0.80681 0.61031 1.02378
v 0.803656 0.620521 1.01025
v 0.811774 0.599465 1.03363
v 0.794753 0.585267 1.02447
v 0.800046 0.574863 1.03088
v 0.816992 0.588959 1.03945
v 0.785709 0.563204 1.02247
v 0.780427 0.573692 1.01579
v 0.776795 0.585824 1.00573
v 0.776142 0.59841 0.99214
v 0.797168 0.623342 0.970854
v 0.79113 0.618421 0.985142
v 0.804076 0.628712 0.994196
v 0.808512 0.633088 0.978507
v 0.816384 0.63959 1.00309
v 0.818365 0.642509 0.986171
v 0.779687 0.60926 0.975946
v 0.786746 0.61449 0.961884
v 0.813272 0.611365 0.955889
v 0.805793 0.620684 0.961826
v 0.81736 0.632812 0.965113
v 0.821611 0.622158 0.956981
v 0.829232 0.630831 0.954809
v 0.827907 0.639042 0.959301
v 0.828006 0.64287 0.964123
v 0.823227 0.642486 0.971812
v 0.795865 0.61119 0.953878
v 0.804491 0.602115 0.948782
v 0.826026 0.649897 1.01118
v 0.826297 0.650999 0.993025
v 0.833956 0.657377 1.01713
v 0.833206 0.657291 0.998401
v 0.829132 0.648979 0.976878
v 0.832662 0.646131 0.965491
v 0.834814 0.653608 0.981496
v 0.837517 0.649061 0.96924
v 0.834815 0.642932 0.95938
v 0.835526 0.635478 0.955694
v 0.839624 0.645096 0.962896
v 0.840023 0.63741 0.959058
v 0.839824 0.655868 0.985314
v 0.841071 0.650463 0.972993
v 0.8436 0.655701 0.988286
v 0.843301 0.650196 0.976189
v 0.839745 0.660201 1.00201
v 0.845011 0.659958 1.0042
v 0.842426 0.646012 0.966659
v 0.842481 0.638232 0.962683
v 0.84379 0.645751 0.96993
v 0.843507 0.638154 0.96587
v 0.844142 0.643973 0.972563
v 0.843626 0.636743 0.968342
v 0.842802 0.639121 0.974321
v 0.842212 0.632401 0.969999
v 0.844303 0.64812 0.978824
v 0.843677 0.643389 0.980659
v 0.845718 0.653234 0.990516
v 0.846462 0.648849 0.992058
v 0.848155 0.657286 1.00547
v 0.850116 0.653476 1.00619
v 0.850617 0.644316 1.00571
v 0.843139 0.635701 0.992335
v 0.845978 0.642943 0.992837
v 0.851603 0.64948 1.00649
v 0.840983 0.635514 0.981398
v 0.836087 0.626156 0.980744
v 0.833104 0.619852 0.97425
v 0.83905 0.630222 0.974953
v 0.838546 0.624132 0.970771
v 0.832681 0.614532 0.970514
v 0.839567 0.630358 1.00146
v 0.831563 0.620636 0.989111
v 0.837369 0.627619 0.990438
v 0.845614 0.637236 1.00348
v 0.829504 0.617375 0.978903
v 0.824025 0.610668 0.978103
v 0.820348 0.604787 0.972052
v 0.825908 0.611005 0.972515
v 0.825426 0.606575 0.969494
v 0.819811 0.601172 0.969691
v 0.828547 0.616386 0.990168
v 0.822076 0.606878 0.980303
v 0.827397 0.613834 0.992752
v 0.822357 0.604804 0.98439
v 0.835642 0.625793 1.00128
v 0.833247 0.622749 1.0023
v 0.81882 0.601453 0.974858
v 0.818394 0.598406 0.972809
v 0.819798 0.59975 0.979703
v 0.819592 0.597116 0.977739
v 0.82294 0.591835 0.968951
v 0.820887 0.597027 0.96889
v 0.819785 0.595075 0.972331
v 0.822466 0.590848 0.972586
v 0.82119 0.594389 0.976921
v 0.824142 0.590892 0.976601
v 0.829859 0.580322 0.970188
v 0.82575 0.585871 0.969523
v 0.826081 0.585813 0.973056
v 0.830477 0.580798 0.973507
v 0.828017 0.586573 0.976466
v 0.832354 0.582055 0.97661
v 0.825981 0.601187 0.967326
v 0.832475 0.607192 0.966688
v 0.826842 0.594538 0.965977
v 0.831969 0.598266 0.963543
v 0.828047 0.587257 0.965844
v 0.831668 0.589231 0.962394
v 0.831373 0.58109 0.966566
v 0.834349 0.582301 0.963087
v 0.837392 0.614089 0.965828
v 0.840282 0.619856 0.964506
v 0.835806 0.602009 0.961439
v 0.838062 0.604882 0.959476
v 0.834986 0.5909 0.959542
v 0.837408 0.59198 0.957226
v 0.837764 0.583053 0.960219
v 0.840737 0.583321 0.957986
v 0.83896 0.606326 0.955287
v 0.841311 0.623585 0.960351
v 0.841405 0.622797 0.962698
v 0.839012 0.606245 0.957476
v 0.843141 0.58236 0.954623
v 0.838864 0.591858 0.953344
v 0.838681 0.592343 0.955253
v 0.842564 0.583196 0.956246
v 0.841264 0.578483 0.951117
v 0.836567 0.588741 0.949408
v 0.838104 0.59051 0.951311
v 0.842578 0.580593 0.952824
v 0.838126 0.605539 0.952846
v 0.836353 0.604186 0.950429
v 0.838309 0.622299 0.954379
v 0.840418 0.623301 0.957476
v 0.830079 0.598687 0.946872
v 0.829712 0.615954 0.950233
v 0.834581 0.620391 0.951589
v 0.833527 0.602265 0.948368
v 0.837879 0.574484 0.947995
v 0.832181 0.584278 0.946262
v 0.834466 0.586869 0.94785
v 0.839612 0.576581 0.94971
v 0.832856 0.568506 0.941148
v 0.826582 0.576166 0.940546
v 0.829863 0.580447 0.944077
v 0.83601 0.571724 0.945254
v 0.826366 0.59273 0.945729
v 0.821911 0.586224 0.94316
v 0.818114 0.598785 0.949114
v 0.824248 0.607898 0.950591
v 0.810788 0.59121 0.942795
v 0.815811 0.580683 0.937411
v 0.821064 0.571915 0.934906
v 0.827023 0.564756 0.935318
v 0.850394 0.55932 0.95039
v 0.840971 0.562735 0.944376
v 0.845496 0.566423 0.948605
v 0.857301 0.564258 0.954414
v 0.848372 0.569764 0.95141
v 0.86219 0.568866 0.956784
v 0.829148 0.548143 0.933752
v 0.823001 0.552738 0.929438
v 0.833828 0.558868 0.938223
v 0.841322 0.554695 0.943572
v 0.795465 0.523227 0.90557
v 0.790626 0.528701 0.902414
v 0.807985 0.542396 0.917448
v 0.813302 0.53743 0.921001
v 0.840165 0.541598 0.946315
v 0.835382 0.544704 0.939607
v 0.848858 0.552455 0.951106
v 0.854141 0.55068 0.959329
v 0.859901 0.558421 0.959111
v 0.866261 0.55797 0.968742
v 0.804858 0.514106 0.915724
v 0.800354 0.518399 0.909895
v 0.818724 0.533219 0.925815
v 0.823366 0.5294 0.931855
v 0.767113 0.476413 0.877189
v 0.763509 0.482268 0.872149
v 0.781914 0.501177 0.891862
v 0.786009 0.496167 0.897355
v 0.777448 0.506775 0.887809
v 0.759327 0.4887 0.868279
v 0.754862 0.495752 0.865184
v 0.772889 0.512994 0.884755
v 0.728458 0.434417 0.833455
v 0.725298 0.441488 0.829026
v 0.744812 0.462264 0.851193
v 0.748093 0.455677 0.855818
v 0.740721 0.469408 0.847499
v 0.721141 0.449023 0.825598
v 0.716465 0.457136 0.822635
v 0.736169 0.477165 0.844384
v 0.681513 0.407031 0.781966
v 0.676599 0.415001 0.77972
v 0.695903 0.435864 0.800455
v 0.700636 0.427832 0.803032
v 0.689151 0.391928 0.78923
v 0.686034 0.399502 0.784595
v 0.704957 0.420306 0.806056
v 0.708135 0.413019 0.810592
v 0.670573 0.379538 0.76672
v 0.673333 0.371315 0.771176
v 0.665899 0.387479 0.764305
v 0.660519 0.395869 0.762062
v 0.672416 0.362126 0.780033
v 0.664668 0.352845 0.79538
v 0.68912 0.383803 0.798007
v 0.682207 0.375577 0.813181
v 0.708631 0.40563 0.818388
v 0.702435 0.398317 0.832424
v 0.729318 0.427597 0.840254
v 0.723828 0.421059 0.853059
v 0.648531 0.34481 0.817459
v 0.666333 0.368131 0.835202
v 0.68715 0.391592 0.85395
v 0.709459 0.415062 0.873867
v 0.749393 0.449491 0.862545
v 0.744718 0.443654 0.874932
v 0.769009 0.470998 0.884472
v 0.765196 0.465852 0.896988
v 0.731514 0.438286 0.895014
v 0.75306 0.460969 0.916342
v 0.774055 0.482583 0.936524
v 0.793818 0.501716 0.954236
v 0.785527 0.487147 0.917928
v 0.804918 0.506118 0.936351
v 0.788595 0.491612 0.905249
v 0.807724 0.510162 0.923837
v 0.811562 0.517213 0.968699
v 0.8267 0.529826 0.981291
v 0.822403 0.521554 0.951448
v 0.837375 0.534007 0.964849
v 0.825697 0.525598 0.939603
v 0.841572 0.538024 0.953804
v 0.839149 0.540682 0.99337
v 0.850624 0.550496 1.00403
v 0.849703 0.544371 0.977995
v 0.860811 0.55316 0.989113
v 0.854786 0.547906 0.967358
v 0.866519 0.556001 0.977966
v 0.8779 0.563167 0.98371
v 0.872051 0.561015 0.996599
v 0.888092 0.57037 0.987441
v 0.882955 0.569481 1.00273
v 0.877481 0.564782 0.972926
v 0.886621 0.571026 0.97475
v 0.862696 0.559943 1.01239
v 0.874556 0.569942 1.01995
v 0.89591 0.578026 0.992108
v 0.892486 0.579359 1.00956
v 0.900743 0.584265 0.996302
v 0.899168 0.587571 1.0145
v 0.8924 0.576295 0.97734
v 0.895273 0.580297 0.980371
v 0.884828 0.580712 1.02769
v 0.892229 0.58942 1.03214
v 0.869403 0.564498 0.96288
v 0.876618 0.570013 0.964537
v 0.880777 0.574 0.966409
v 0.882645 0.57688 0.968755
v 0.865137 0.572158 0.958701
v 0.866702 0.574639 0.96068
v 0.850412 0.572268 0.953284
v 0.851911 0.574417 0.954901
v 0.852926 0.576685 0.956776
v 0.867399 0.57694 0.962898
v 0.853092 0.578559 0.958607
v 0.867038 0.578669 0.964871
v 0.883143 0.579204 0.971243
v 0.896021 0.582837 0.982822
v 0.882278 0.580653 0.973226
v 0.895001 0.583981 0.984344
v 0.879909 0.580864 0.974187
v 0.892454 0.583903 0.984844
v 0.876221 0.58019 0.97442
v 0.88857 0.582935 0.984586
v 0.865353 0.579379 0.96614
v 0.862446 0.579398 0.966987
v 0.852026 0.579492 0.960052
v 0.849712 0.579781 0.961415
v 0.842258 0.579044 0.965186
v 0.846303 0.579759 0.96309
v 0.858452 0.579031 0.967791
v 0.853254 0.577719 0.968561
v 0.86463 0.576791 0.973531
v 0.871314 0.57897 0.974276
v 0.883315 0.581326 0.983757
v 0.875801 0.578836 0.981883
v 0.835676 0.576224 0.970628
v 0.838271 0.577439 0.96772
v 0.847142 0.575184 0.969382
v 0.842296 0.57312 0.970998
v 0.848976 0.570976 0.972164
v 0.856188 0.573529 0.972243
v 0.865844 0.575499 0.978941
v 0.856934 0.57294 0.977381
v 0.835478 0.576598 0.973818
v 0.840597 0.573131 0.974027
v 0.836723 0.577989 0.977153
v 0.840855 0.574474 0.977909
v 0.845688 0.570774 0.974829
v 0.852289 0.572608 0.979385
v 0.84488 0.57206 0.979189
v 0.85037 0.573674 0.983613
v 0.874234 0.59146 1.00276
v 0.866718 0.581268 0.988923
v 0.861168 0.580777 0.989985
v 0.868349 0.590961 1.00298
v 0.858145 0.581323 0.993136
v 0.86458 0.590975 1.00476
v 0.875721 0.598636 1.01433
v 0.87008 0.598409 1.01413
v 0.866205 0.598155 1.01494
v 0.883925 0.598782 1.01614
v 0.883273 0.592723 1.00502
v 0.891632 0.598684 1.01853
v 0.892192 0.593943 1.00807
v 0.876144 0.583385 0.991186
v 0.886072 0.58592 0.994609
v 0.895798 0.598193 1.02039
v 0.897652 0.594288 1.0101
v 0.897303 0.597325 1.02178
v 0.900348 0.59388 1.01119
v 0.892948 0.587553 0.996796
v 0.89721 0.588314 0.997826
v 0.897349 0.595006 1.02599
v 0.897702 0.596178 1.02323
v 0.901745 0.593081 1.01197
v 0.902334 0.592268 1.01319
v 0.901847 0.588277 0.998459
v 0.900072 0.588521 0.998304
v 0.902407 0.587336 0.998171
v 0.902 0.591255 1.01496
v 0.895997 0.593561 1.03035
v 0.844594 0.635139 1.01135
v 0.840716 0.630605 1.01032
v 0.838139 0.627199 1.01037
v 0.850216 0.641334 1.01404
v 0.854597 0.64733 1.01701
v 0.854992 0.65134 1.01882
v 0.853046 0.654256 1.01974
v 0.847243 0.659586 1.02053
v 0.850769 0.657205 1.02033
v 0.841333 0.660224 1.0199
v 0.585044 0.43153 0.80452
v 0.59848 0.438967 0.785737
v 0.60509 0.452451 0.823289
v 0.617967 0.459894 0.804499
v 0.627713 0.474474 0.843823
v 0.639478 0.48223 0.825291
v 0.651075 0.496375 0.865047
v 0.661487 0.504113 0.846865
v 0.611708 0.437852 0.773888
v 0.630203 0.458331 0.792642
v 0.650527 0.480771 0.813663
v 0.671606 0.502879 0.835649
v 0.673299 0.516866 0.885826
v 0.682494 0.523733 0.867931
v 0.692294 0.522383 0.857204
v 0.518761 0.316049 0.686478
v 0.502866 0.313011 0.697749
v 0.491489 0.305613 0.713424
v 0.484881 0.295246 0.729896
v 0.482323 0.283757 0.74331
v 0.482879 0.27269 0.752838
v 0.486114 0.262588 0.758683
v 0.493793 0.250273 0.762132
v 0.506939 0.233693 0.764124
v 0.521401 0.219005 0.763105
v 0.533243 0.212426 0.757214
v 0.544559 0.212215 0.745847
v 0.557799 0.215508 0.729586
v 0.570802 0.222917 0.712496
v 0.58072 0.234969 0.698637
v 0.493547 0.240952 0.614595
v 0.481969 0.239399 0.622348
v 0.482068 0.243206 0.625497
v 0.495293 0.24422 0.619016
v 0.469114 0.239409 0.633584
v 0.470642 0.235298 0.630997
v 0.503417 0.240438 0.608818
v 0.505977 0.243317 0.614043
v 0.505719 0.232187 0.595757
v 0.499289 0.235415 0.601122
v 0.501468 0.238233 0.604891
v 0.508873 0.235976 0.600609
v 0.492307 0.238889 0.61153
v 0.491014 0.236943 0.608858
v 0.480463 0.235322 0.617746
v 0.481479 0.237105 0.619998
v 0.470864 0.232648 0.628694
v 0.469985 0.230514 0.626161
v 0.496538 0.219782 0.583474
v 0.492827 0.226318 0.591685
v 0.496198 0.231096 0.59645
v 0.501262 0.226258 0.589641
v 0.48922 0.234218 0.605652
v 0.487197 0.23116 0.602336
v 0.477608 0.230806 0.612367
v 0.47907 0.233128 0.615057
v 0.468681 0.228031 0.623195
v 0.467409 0.225603 0.620432
v 0.489012 0.209846 0.574147
v 0.486785 0.218927 0.584211
v 0.489847 0.222287 0.587757
v 0.492614 0.214449 0.578533
v 0.485224 0.228461 0.599492
v 0.482918 0.226459 0.596973
v 0.474723 0.227903 0.608546
v 0.476283 0.228914 0.610214
v 0.466398 0.223909 0.618545
v 0.465193 0.223466 0.617509
v 0.481326 0.20148 0.566088
v 0.479454 0.213249 0.577559
v 0.483142 0.215918 0.580558
v 0.485116 0.205337 0.569619
v 0.479925 0.225196 0.594534
v 0.476697 0.223872 0.592266
v 0.470129 0.227567 0.605561
v 0.472574 0.227864 0.607129
v 0.463376 0.224338 0.617011
v 0.461378 0.224928 0.616274
v 0.49159 0.189585 0.563724
v 0.485492 0.194136 0.561967
v 0.489128 0.198585 0.565598
v 0.494822 0.194383 0.567156
v 0.492845 0.203644 0.570182
v 0.498099 0.199548 0.571326
v 0.496627 0.208922 0.574881
v 0.501711 0.205046 0.575869
v 0.500993 0.21499 0.580301
v 0.505994 0.211265 0.581186
v 0.509122 0.185308 0.578527
v 0.49894 0.185665 0.569129
v 0.501492 0.190895 0.572206
v 0.510653 0.190468 0.580915
v 0.504158 0.196246 0.575907
v 0.512114 0.195463 0.583909
v 0.507167 0.201617 0.579975
v 0.51349 0.199908 0.587311
v 0.510806 0.207433 0.58471
v 0.515443 0.204427 0.591245
v 0.529086 0.197602 0.610776
v 0.522146 0.197961 0.595608
v 0.520659 0.200444 0.598202
v 0.525413 0.198289 0.612178
v 0.519779 0.202687 0.601295
v 0.522392 0.198559 0.614087
v 0.532142 0.192749 0.610036
v 0.522477 0.1903 0.592502
v 0.522696 0.194395 0.593759
v 0.531278 0.195571 0.610212
v 0.520232 0.172667 0.647351
v 0.531264 0.185332 0.629366
v 0.530076 0.187632 0.62875
v 0.519593 0.175568 0.644863
v 0.527769 0.189155 0.628033
v 0.518408 0.177899 0.641882
v 0.524345 0.189435 0.627695
v 0.516706 0.179054 0.639696
v 0.521531 0.189276 0.62794
v 0.515422 0.17968 0.638799
v 0.484541 0.155156 0.667864
v 0.50225 0.1615 0.660822
v 0.502876 0.166052 0.654559
v 0.486329 0.161144 0.658914
v 0.503347 0.170291 0.647865
v 0.488107 0.166994 0.649811
v 0.503408 0.173057 0.644296
v 0.489338 0.171154 0.645807
v 0.503531 0.174982 0.643641
v 0.4903 0.174233 0.64592
v 0.466826 0.15935 0.663846
v 0.473327 0.15517 0.667822
v 0.475456 0.161236 0.660027
v 0.468805 0.164668 0.659017
v 0.477536 0.167172 0.652255
v 0.470631 0.169779 0.654292
v 0.479078 0.171727 0.649001
v 0.472016 0.174056 0.652315
v 0.480219 0.17533 0.649429
v 0.472983 0.177706 0.652828
v 0.460853 0.178906 0.651999
v 0.465288 0.173846 0.654147
v 0.466511 0.177671 0.653241
v 0.462025 0.182196 0.651848
v 0.467296 0.181163 0.654016
v 0.462708 0.185428 0.653009
v 0.457427 0.17182 0.654738
v 0.461827 0.165085 0.659316
v 0.463664 0.169596 0.65665
v 0.459249 0.175504 0.653264
v 0.454393 0.190795 0.643013
v 0.457141 0.184636 0.648347
v 0.458393 0.1873 0.648668
v 0.455867 0.192725 0.643526
v 0.459069 0.190238 0.650194
v 0.456594 0.19544 0.645344
v 0.44984 0.188431 0.644359
v 0.453389 0.179552 0.649871
v 0.455349 0.182235 0.64899
v 0.452136 0.18974 0.643568
v 0.454006 0.205296 0.629179
v 0.453061 0.197383 0.63606
v 0.454837 0.198509 0.636522
v 0.455849 0.205787 0.629594
v 0.45563 0.20112 0.638533
v 0.456697 0.20821 0.631643
v 0.44794 0.208699 0.631252
v 0.447356 0.198434 0.637994
v 0.450127 0.198011 0.63693
v 0.450848 0.20709 0.630178
v 0.453156 0.218053 0.624416
v 0.45555 0.216586 0.624093
v 0.458019 0.214891 0.623655
v 0.459494 0.21515 0.62426
v 0.460385 0.217153 0.626194
v 0.461294 0.220086 0.629355
v 0.462124 0.223134 0.632952
v 0.457199 0.211557 0.635126
v 0.457442 0.215016 0.63926
v 0.45591 0.204441 0.641958
v 0.455848 0.207886 0.6462
v 0.45679 0.198566 0.648462
v 0.456629 0.201821 0.65248
v 0.462504 0.225766 0.636255
v 0.461683 0.228602 0.639482
v 0.457265 0.218025 0.643365
v 0.456089 0.220817 0.647744
v 0.456169 0.204876 0.657008
v 0.455434 0.210985 0.650719
v 0.454225 0.213533 0.655687
v 0.45506 0.207144 0.662059
v 0.459027 0.196521 0.656614
v 0.458531 0.199567 0.660863
v 0.457504 0.201628 0.665767
v 0.462324 0.194815 0.662664
v 0.461634 0.196509 0.667497
v 0.462751 0.191817 0.658746
v 0.459233 0.193337 0.652952
v 0.462915 0.188624 0.655431
v 0.455905 0.202334 0.671539
v 0.453197 0.208482 0.667817
v 0.460801 0.196328 0.673634
v 0.452098 0.215713 0.661446
v 0.453747 0.223918 0.652899
v 0.467625 0.191436 0.668062
v 0.468388 0.189756 0.675039
v 0.477127 0.1839 0.674868
v 0.474884 0.187014 0.666986
v 0.473914 0.184225 0.657934
v 0.474049 0.186791 0.661622
v 0.467523 0.190459 0.66301
v 0.467679 0.187644 0.659268
v 0.481758 0.181733 0.654667
v 0.48203 0.184061 0.658295
v 0.483055 0.183856 0.663755
v 0.492484 0.181893 0.653995
v 0.493516 0.181658 0.658988
v 0.492103 0.179872 0.650717
v 0.485758 0.180155 0.672067
v 0.496161 0.178385 0.66673
v 0.481163 0.178661 0.651621
v 0.473613 0.181076 0.654915
v 0.491322 0.177147 0.647908
v 0.467658 0.184463 0.65618
v 0.504939 0.178884 0.646862
v 0.505551 0.180446 0.649343
v 0.506841 0.180508 0.65317
v 0.51697 0.182647 0.642398
v 0.518678 0.182983 0.645141
v 0.51608 0.181631 0.640669
v 0.504167 0.176928 0.644796
v 0.515382 0.180545 0.639314
v 0.520897 0.189548 0.628829
v 0.521649 0.190134 0.630115
v 0.521984 0.199383 0.616067
v 0.523191 0.200418 0.618021
v 0.522793 0.190699 0.631676
v 0.524885 0.191043 0.634194
v 0.524725 0.201147 0.620097
v 0.52858 0.191256 0.638311
v 0.521848 0.182404 0.649552
v 0.509613 0.178536 0.659188
v 0.521865 0.214169 0.600392
v 0.524755 0.217352 0.604665
v 0.525304 0.210073 0.61096
v 0.523115 0.208225 0.607799
v 0.520901 0.205504 0.604568
v 0.518488 0.209519 0.595776
v 0.515157 0.213884 0.590303
v 0.519414 0.219683 0.595936
v 0.511027 0.218301 0.587534
v 0.515829 0.224629 0.593818
v 0.5228 0.223632 0.600852
v 0.519468 0.228857 0.599016
v 0.506235 0.222148 0.586951
v 0.511215 0.228659 0.593531
v 0.514836 0.23289 0.598801
v 0.459405 0.232434 0.643137
v 0.456447 0.220127 0.612027
v 0.44977 0.213839 0.621525
v 0.451702 0.217091 0.623538
v 0.45947 0.223589 0.614595
v 0.446625 0.207658 0.631107
v 0.445466 0.204354 0.629722
v 0.44468 0.19306 0.637226
v 0.44589 0.196693 0.63813
v 0.448141 0.185729 0.644566
v 0.446488 0.181665 0.644005
v 0.442759 0.203916 0.604225
v 0.439142 0.199403 0.61469
v 0.445698 0.208524 0.618628
v 0.450984 0.214262 0.608689
v 0.442664 0.199405 0.627346
v 0.43774 0.191534 0.624018
v 0.438375 0.181083 0.63283
v 0.442346 0.188071 0.635415
v 0.444107 0.176484 0.642692
v 0.440528 0.170113 0.640803
v 0.453832 0.200346 0.579363
v 0.448285 0.204531 0.592129
v 0.457508 0.215625 0.597046
v 0.463156 0.211504 0.584277
v 0.463733 0.221894 0.600674
v 0.469452 0.217737 0.587747
v 0.467537 0.225691 0.603459
v 0.473547 0.221569 0.590191
v 0.474169 0.195393 0.563564
v 0.472212 0.207415 0.57429
v 0.476154 0.210764 0.575847
v 0.47798 0.198663 0.564546
v 0.461289 0.179459 0.558206
v 0.457792 0.191102 0.567387
v 0.466357 0.201689 0.571571
v 0.468799 0.189683 0.561488
v 0.483957 0.178958 0.55918
v 0.477878 0.186082 0.558585
v 0.481937 0.19049 0.560016
v 0.488101 0.184957 0.561325
v 0.472626 0.158052 0.553907
v 0.465943 0.168246 0.553602
v 0.472662 0.179069 0.556398
v 0.478815 0.170049 0.55655
v 0.494057 0.144927 0.568409
v 0.481929 0.149419 0.559004
v 0.487782 0.162693 0.561664
v 0.50002 0.159928 0.571475
v 0.492658 0.173263 0.564563
v 0.504715 0.172233 0.574671
v 0.496208 0.180384 0.56684
v 0.50747 0.180022 0.576773
v 0.529706 0.181374 0.60727
v 0.519407 0.177638 0.589339
v 0.521745 0.185766 0.59141
v 0.532019 0.189177 0.609482
v 0.516493 0.148608 0.597434
v 0.507777 0.146155 0.581496
v 0.514479 0.163376 0.585535
v 0.524156 0.166598 0.602643
v 0.503975 0.142199 0.632365
v 0.514369 0.147405 0.615094
v 0.522611 0.163142 0.621247
v 0.51162 0.15457 0.639151
v 0.52888 0.175688 0.626718
v 0.517683 0.164109 0.645296
v 0.531374 0.182307 0.629158
v 0.520147 0.169526 0.647906
v 0.475951 0.129464 0.656987
v 0.489843 0.134594 0.646973
v 0.495355 0.144668 0.653985
v 0.479351 0.138077 0.663346
v 0.499622 0.152561 0.66039
v 0.481729 0.145271 0.669124
v 0.501575 0.157579 0.662949
v 0.483213 0.150391 0.671232
v 0.457672 0.136866 0.660894
v 0.465318 0.130935 0.661191
v 0.46813 0.138266 0.665764
v 0.460792 0.143166 0.66354
v 0.470037 0.144856 0.669803
v 0.463048 0.149176 0.665716
v 0.471611 0.150084 0.671015
v 0.464957 0.154377 0.666083
v 0.453497 0.162939 0.655411
v 0.457859 0.155433 0.660653
v 0.459934 0.160445 0.6607
v 0.455564 0.167669 0.655519
v 0.4475 0.15202 0.653174
v 0.451988 0.144142 0.657863
v 0.455356 0.149862 0.659461
v 0.450948 0.157617 0.654484
v 0.44962 0.171609 0.649967
v 0.451569 0.176034 0.650265
v 0.443662 0.160489 0.647526
v 0.447128 0.166357 0.648966
v 0.438921 0.154394 0.645986
v 0.442837 0.146582 0.651943
v 0.433142 0.14905 0.64471
v 0.437169 0.141875 0.651008
v 0.435506 0.162748 0.638633
v 0.42938 0.155981 0.636803
v 0.447395 0.138788 0.656567
v 0.453241 0.130952 0.658981
v 0.441734 0.134107 0.655716
v 0.447541 0.125625 0.657923
v 0.426749 0.145287 0.643987
v 0.43091 0.138339 0.650482
v 0.420379 0.142735 0.643776
v 0.424744 0.135763 0.650312
v 0.422661 0.151277 0.635859
v 0.415942 0.148208 0.635726
v 0.435398 0.13031 0.655293
v 0.440907 0.121021 0.657559
v 0.429194 0.127416 0.6552
v 0.434352 0.117482 0.65768
v 0.423841 0.125339 0.655336
v 0.42879 0.115235 0.65809
v 0.419283 0.12376 0.655667
v 0.424046 0.113843 0.658689
v 0.419294 0.133784 0.650419
v 0.414653 0.132089 0.65076
v 0.414637 0.140777 0.64396
v 0.409763 0.138989 0.644446
v 0.409786 0.145925 0.636177
v 0.404554 0.143791 0.636997
v 0.44937 0.0952183 0.652574
v 0.44091 0.106108 0.656941
v 0.434728 0.103436 0.658023
v 0.442126 0.0911732 0.654736
v 0.429399 0.102185 0.659328
v 0.435701 0.0894756 0.657216
v 0.465391 0.111344 0.651021
v 0.455308 0.117002 0.656582
v 0.448161 0.110844 0.656333
v 0.457578 0.102396 0.65114
v 0.424417 0.101525 0.660649
v 0.429626 0.0889634 0.659657
v 0.419498 0.101153 0.661817
v 0.423646 0.0891113 0.661746
v 0.419709 0.112783 0.659391
v 0.4155 0.11186 0.660078
v 0.415266 0.122347 0.656156
v 0.41152 0.120941 0.656701
v 0.410738 0.130406 0.65129
v 0.407272 0.128584 0.6519
v 0.446721 0.0661224 0.645662
v 0.442567 0.0768167 0.652299
v 0.434972 0.0759908 0.656382
v 0.43779 0.0649112 0.651689
v 0.427609 0.076539 0.659844
v 0.429336 0.0657932 0.656645
v 0.46682 0.0803964 0.633792
v 0.459311 0.086687 0.644532
v 0.450581 0.0799069 0.648187
v 0.456304 0.0707331 0.639481
v 0.464609 0.0733586 0.608832
v 0.46826 0.0758919 0.621549
v 0.455873 0.0644384 0.629774
v 0.450703 0.0609358 0.619258
v 0.445202 0.0589676 0.638321
v 0.439193 0.0547613 0.629875
v 0.435651 0.0576532 0.646307
v 0.429377 0.0532268 0.639526
v 0.426933 0.0588357 0.652545
v 0.420855 0.0544885 0.646812
v 0.420291 0.0534632 0.609498
v 0.430628 0.0527208 0.619924
v 0.420499 0.0503781 0.630702
v 0.41014 0.0497146 0.620913
v 0.412216 0.0512868 0.638861
v 0.402396 0.0497603 0.629813
v 0.448408 0.0763329 0.58559
v 0.457729 0.0732352 0.596588
v 0.443001 0.0600881 0.608093
v 0.433309 0.0624323 0.597273
v 0.398558 0.0642459 0.592757
v 0.408964 0.0575908 0.599982
v 0.39941 0.052018 0.61161
v 0.389779 0.0569051 0.60403
v 0.392745 0.0507202 0.62109
v 0.384208 0.0541117 0.613595
v 0.426695 0.0917247 0.570444
v 0.437435 0.0830458 0.576592
v 0.422124 0.06827 0.587988
v 0.411448 0.0762878 0.581381
v 0.410703 0.11 0.568627
v 0.417865 0.100667 0.567823
v 0.403122 0.0851082 0.578295
v 0.396868 0.0947119 0.578421
v 0.390775 0.0724142 0.58886
v 0.385331 0.0819162 0.587955
v 0.382469 0.063811 0.599108
v 0.377363 0.0726085 0.596769
v 0.377472 0.0597179 0.607984
v 0.372581 0.0675399 0.604448
v 0.379904 0.104434 0.59303
v 0.381643 0.0927056 0.589442
v 0.374146 0.0831964 0.596721
v 0.373052 0.0951414 0.598807
v 0.369516 0.0775129 0.603051
v 0.36863 0.0890882 0.603831
v 0.400309 0.129952 0.579169
v 0.404712 0.12003 0.57254
v 0.392095 0.105255 0.581208
v 0.389098 0.116239 0.5863
v 0.3986 0.145913 0.597569
v 0.398106 0.138778 0.58793
v 0.388339 0.126952 0.59328
v 0.390061 0.136477 0.601287
v 0.380413 0.116546 0.598433
v 0.38313 0.127962 0.605067
v 0.374326 0.107824 0.60284
v 0.377707 0.120216 0.608371
v 0.370206 0.101554 0.606734
v 0.373868 0.114029 0.611374
v 0.393385 0.143667 0.62031
v 0.387764 0.137447 0.612389
v 0.38273 0.131089 0.614941
v 0.388623 0.138843 0.622301
v 0.379046 0.125434 0.617303
v 0.385045 0.134064 0.624168
v 0.406627 0.152945 0.61648
v 0.401893 0.150836 0.606999
v 0.394174 0.143853 0.609563
v 0.399478 0.148125 0.618207
v 0.411383 0.151863 0.626325
v 0.404747 0.148636 0.627324
v 0.399068 0.145628 0.628726
v 0.394637 0.142173 0.630178
v 0.400433 0.14133 0.637989
v 0.391202 0.138428 0.631594
v 0.397111 0.138503 0.639025
v 0.405814 0.137043 0.645139
v 0.402487 0.134812 0.645911
v 0.399452 0.132219 0.646609
v 0.403995 0.126504 0.65243
v 0.396645 0.129201 0.647005
v 0.400886 0.124035 0.652594
v 0.39422 0.135359 0.639983
v 0.391668 0.131854 0.640698
v 0.388422 0.134662 0.632934
v 0.386152 0.130785 0.634081
v 0.382403 0.12983 0.625983
v 0.380466 0.125869 0.627657
v 0.394046 0.125746 0.646941
v 0.397964 0.121112 0.65218
v 0.391562 0.122048 0.646603
v 0.395146 0.117929 0.651423
v 0.389411 0.127969 0.64106
v 0.387312 0.123872 0.641214
v 0.384278 0.126671 0.634947
v 0.382611 0.122411 0.635648
v 0.379006 0.121808 0.629109
v 0.377785 0.117649 0.630427
v 0.375051 0.117516 0.621925
v 0.374016 0.113866 0.624031
v 0.373226 0.110104 0.626035
v 0.36985 0.104389 0.620022
v 0.369492 0.101465 0.622695
v 0.370454 0.107197 0.617259
v 0.367235 0.0964614 0.614015
v 0.367034 0.0949341 0.617354
v 0.367098 0.0933627 0.620567
v 0.365912 0.0860519 0.616329
v 0.36622 0.0860365 0.619842
v 0.365878 0.0861118 0.612583
v 0.368056 0.0981935 0.610459
v 0.371612 0.110024 0.614349
v 0.366503 0.0865789 0.608416
v 0.376601 0.121117 0.619653
v 0.366668 0.0767338 0.613214
v 0.366637 0.0780505 0.61712
v 0.366853 0.0794466 0.620609
v 0.368772 0.0712722 0.619335
v 0.368605 0.0738386 0.622519
v 0.369173 0.0687986 0.615563
v 0.367328 0.0759329 0.608544
v 0.370163 0.0668905 0.610684
v 0.372901 0.0626614 0.619216
v 0.371858 0.0659879 0.622535
v 0.371085 0.069443 0.625193
v 0.375913 0.0621503 0.626668
v 0.374294 0.0661449 0.628568
v 0.377851 0.0583274 0.624088
v 0.374557 0.0599434 0.614579
v 0.380459 0.0551265 0.620077
v 0.384094 0.055773 0.630144
v 0.381066 0.0597102 0.631785
v 0.378387 0.0638393 0.632729
v 0.387427 0.0589284 0.637969
v 0.383737 0.0628086 0.638013
v 0.3915 0.055209 0.637222
v 0.399622 0.0567212 0.644922
v 0.394771 0.0599855 0.645052
v 0.390375 0.063314 0.644496
v 0.401563 0.0624311 0.65183
v 0.396757 0.0651477 0.650937
v 0.406946 0.0596614 0.65202
v 0.387839 0.0524047 0.626998
v 0.396347 0.0519194 0.634946
v 0.405347 0.053666 0.643293
v 0.413371 0.0568779 0.650722
v 0.411971 0.0636031 0.657371
v 0.406263 0.0659727 0.657086
v 0.401278 0.0682004 0.65602
v 0.408592 0.0715808 0.660614
v 0.403677 0.073226 0.659426
v 0.414296 0.06974 0.660961
v 0.418936 0.0610704 0.656102
v 0.42134 0.0676461 0.659738
v 0.414025 0.0790328 0.663018
v 0.408743 0.0800047 0.662477
v 0.404147 0.0807547 0.661146
v 0.407516 0.0898465 0.662835
v 0.403353 0.0895586 0.661396
v 0.412185 0.0898895 0.663596
v 0.420456 0.0777424 0.662137
v 0.417689 0.0895492 0.663174
v 0.409831 0.100372 0.66273
v 0.405717 0.0994128 0.66186
v 0.401959 0.0981733 0.660427
v 0.403562 0.107978 0.659696
v 0.400153 0.105947 0.658385
v 0.407215 0.109705 0.660536
v 0.404324 0.117536 0.657137
v 0.40106 0.115175 0.656458
v 0.397949 0.112526 0.655374
v 0.414527 0.100872 0.662633
v 0.411265 0.110928 0.660578
v 0.407846 0.119409 0.657138
v 0.422664 0.168086 0.616826
v 0.420447 0.170755 0.606231
v 0.410772 0.159336 0.60549
v 0.414466 0.159186 0.615766
v 0.408776 0.156864 0.594839
v 0.420158 0.170746 0.594864
v 0.425801 0.162741 0.627244
v 0.418545 0.156215 0.626153
v 0.430326 0.185482 0.609899
v 0.43076 0.179994 0.620022
v 0.432001 0.187945 0.598763
v 0.432656 0.171831 0.629772
v 0.436072 0.187256 0.58615
v 0.422576 0.168239 0.582318
v 0.441234 0.182752 0.57345
v 0.427037 0.16289 0.570213
v 0.409659 0.152151 0.583463
v 0.413126 0.145257 0.572818
v 0.446196 0.1742 0.562442
v 0.432658 0.154628 0.560464
v 0.451324 0.163613 0.554619
v 0.439132 0.145004 0.554136
v 0.41852 0.136416 0.564585
v 0.425228 0.126871 0.559543
v 0.457393 0.153143 0.551165
v 0.446454 0.135608 0.551936
v 0.46517 0.143268 0.552317
v 0.455244 0.126548 0.553993
v 0.432873 0.11778 0.558163
v 0.441964 0.108942 0.560597
v 0.475215 0.13452 0.557914
v 0.465969 0.118083 0.560097
v 0.48729 0.129336 0.567156
v 0.47784 0.112536 0.569269
v 0.452827 0.100333 0.566738
v 0.464164 0.0940071 0.575757
v 0.499952 0.129385 0.579244
v 0.489214 0.111696 0.580626
v 0.507728 0.131362 0.59403
v 0.496258 0.113143 0.594437
v 0.474202 0.0917657 0.586833
v 0.48088 0.0923291 0.599881
v 0.505892 0.131424 0.611069
v 0.495691 0.113916 0.610685
v 0.496743 0.128548 0.628064
v 0.488615 0.11309 0.627043
v 0.482385 0.0939082 0.614626
v 0.478167 0.0957581 0.629278
v 0.484175 0.123386 0.642498
v 0.477436 0.111044 0.640928
v 0.471454 0.120478 0.652812
v 0.468736 0.0979024 0.641856
v 0.461094 0.123769 0.658086
vt 0.5 0.9412
vt 0.7032 0.9277
vt 0.6025 0.06262
vt 0.8013 0.9094
vt 0.7006 0.9279
vt 0.6008 0.9371
vt 0.7032 0.9277
vt 0.2992 0.9279
vt 0.5976 0.9374
vt 0.4998 0.9413
vt 0.602 0.06435
vt 0.5 0.05199
vt 0.8802 0.8427
vt 0.7053 0.08968
vt 0.2969 0.0834
vt 0.4998 0.9413
vt 0.8804 0.8427
vt 0.5 0.05199
vt 0.8801 0.8427
vt 0.7032 0.9277
vt 0.4996 0.9414
vt 0.6013 0.9371
vt 0.7393 0.09308
vt 0.6048 0.06428
vt 0.7992 0.9096
vt 0.6008 0.9371
vt 0.802 0.9094
vt 0.6018 0.06219
vt 0.8013 0.9094
vt 0.8013 0.9094
vt 0.7006 0.9279
vt 0.9176 0.1965
vt 0.7064 0.9273
vt 0.5 0.05199
vt 0.6018 0.937
vt 0.5 0.05199
vt 0.802 0.9094
vt 0.6048 0.06428
vt 0.7032 0.9277
vt 0.8802 0.8427
vt 0.6008 0.9371
vt 0.6025 0.06262
vt 0.4972 0.9415
vt 0.4972 0.9415
vt 0.4022 0.9375
vt 0.6013 0.9371
vt 0.7006 0.9279
vt 0.9176 0.1965
vt 0.8013 0.9094
vt 0.7081 0.07498
vt 0.6697 0.931
vt 0.5976 0.9374
vt 0.6025 0.06262
vt 0.8108 0.1366
vt 0.7006 0.9279
vt 0.6008 0.9371
vt 0.7081 0.07498
vt 0.8102 0.1372
vt 0.6697 0.931
vt 0.7992 0.9096
vt 0.7006 0.9279
vt 0.9182 0.2029
vt 0.8013 0.9094
vt 0.6025 0.06262
vt 0.5325 0.9444
vt 0.5027 0.9415
vt 0.7036 0.07239
vt 0.9182 0.2029
vt 0.7992 0.9096
vt 0.8802 0.8427
vt 0.6059 0.9374
vt 0.8102 0.1372
vt 0.8801 0.8427
vt 0.6018 0.06219
vt 0.6025 0.937
vt 0.5027 0.9415
vt 0.802 0.9094
vt 0.8076 0.1394
vt 0.8802 0.8427
vt 0.5 0.05199
vt 0.6018 0.937
vt 0.6025 0.937
vt 0.6027 0.06442
vt 0.9227 0.2471
vt 0.8804 0.8427
vt 0.7036 0.9276
vt 0.6048 0.06428
vt 0.8102 0.1372
vt 0.6013 0.9371
vt 0.8013 0.9094
vt 0.5 0.9412
vt 0.7024 0.08796
vt 0.4996 0.9414
vt 0.5 0.05199
vt 0.6025 0.937
vt 0.7036 0.9276
vt 0.6008 0.9371
vt 0.6697 0.06899
vt 0.4998 0.9413
vt 0.602 0.06435
vt 0.6018 0.937
vt 0.6059 0.9374
vt 0.5 0.05199
vt 0.8076 0.1394
vt 0.4998 0.9413
vt 0.7036 0.9276
vt 0.6008 0.9371
vt 0.8108 0.1366
vt 0.5 0.9412
vt 0.6027 0.06442
vt 0.6025 0.937
vt 0.7036 0.9276
vt 0.5 0.05199
vt 0.7053 0.08968
vt 0.5976 0.9374
vt 0.3982 0.937
vt 0.8063 0.9089
vt 0.7024 0.08796
vt 0.7006 0.9279
vt 0.6008 0.9371
vt 0.2964 0.9276
vt 0.8102 0.1372
vt 0.6697 0.931
vt 0.7375 0.9242
vt 0.3988 0.9371
vt 0.7064 0.9273
vt 0.7053 0.08968
vt 0.5976 0.9374
vt 0.602 0.0652
vt 0.6013 0.9371
vt 0.6018 0.937
vt 0.2992 0.9279
vt 0.602 0.0647
vt 0.5 0.9412
vt 0.7024 0.08796
vt 0.6018 0.937
vt 0.6018 0.9371
vt 0.3303 0.9311
vt 0.6008 0.9371
vt 0.3988 0.9371
vt 0.7024 0.08796
vt 0.8801 0.8427
vt 0.9242 0.6955
vt 0.1987 0.9094
vt 0.602 0.0647
vt 0.7078 0.9272
vt 0.4661 0.9446
vt 0.4998 0.9413
vt 0.6018 0.06219
vt 0.7375 0.9242
vt 0.7036 0.9276
vt 0.4022 0.9375
vt 0.6018 0.937
vt 0.3988 0.9371
vt 0.6697 0.06899
vt 0.3982 0.9378
vt 0.4661 0.9446
vt 0.1199 0.8427
vt 0.4996 0.9414
vt 0.6018 0.937
vt 0.602 0.0647
vt 0.6018 0.937
vt 0.6018 0.937
vt 0.5 0.9412
vt 0.5028 0.05851
vt 0.9242 0.6955
vt 0.5339 0.05539
vt 0.7078 0.9272
vt 0.948 0.5
vt 0.4998 0.9413
vt 0.6018 0.9371
vt 0.3982 0.937
vt 0.6018 0.06219
vt 0.8801 0.8427
vt 0.8801 0.8427
vt 0.2992 0.9279
vt 0.3988 0.9371
vt 0.6697 0.931
vt 0.602 0.0652
vt 0.8013 0.9094
vt 0.9242 0.6955
vt 0.4003 0.9377
vt 0.2965 0.9284
vt 0.9242 0.6955
vt 0.5 0.05879
vt 0.7992 0.9096
vt 0.2964 0.9277
vt 0.948 0.5
vt 0.5028 0.05851
vt 0.6994 0.928
vt 0.6994 0.928
vt 0.3988 0.9371
vt 0.602 0.0647
vt 0.8013 0.9094
vt 0.9242 0.6955
vt 0.2964 0.9277
vt 0.2964 0.9276
vt 0.9242 0.6955
vt 0.7053 0.08968
vt 0.8013 0.9094
vt 0.802 0.9094
vt 0.3988 0.9371
vt 0.602 0.0652
vt 0.7036 0.9276
vt 0.8801 0.8427
vt 0.3982 0.937
vt 0.3988 0.9371
vt 0.8801 0.8427
vt 0.602 0.0652
vt 0.802 0.9094
vt 0.9242 0.6955
vt 0.5 0.9412
vt 0.5027 0.9415
vt 0.8801 0.8427
vt 0.7053 0.08968
vt 0.8801 0.8427
vt 0.5325 0.9444
vt 0.9242 0.6955
vt 0.7053 0.08968
vt 0.8801 0.8427
vt 0.7992 0.9096
vt 0.3982 0.937
vt 0.602 0.0652
vt 0.8801 0.8427
vt 0.9242 0.6955
vt 0.4003 0.9377
vt 0.5027 0.9415
vt 0.8013 0.9094
vt 0.602 0.0652
vt 0.3303 0.931
vt 0.948 0.5
vt 0.3988 0.9371
vt 0.1199 0.8427
vt 0.948 0.5
vt 0.7053 0.08968
vt 0.4024 0.9374
vt 0.198 0.9094
vt 0.3989 0.9372
vt 0.602 0.0652
vt 0.302 0.9282
vt 0.948 0.5
vt 0.1199 0.8427
vt 0.1987 0.9094
vt 0.948 0.5
vt 0.5 0.05879
vt 0.302 0.9282
vt 0.9242 0.6955
vt 0.5 0.05879
vt 0.3982 0.9378
vt 0.3989 0.9372
vt 0.1199 0.8427
vt 0.602 0.0652
vt 0.3303 0.931
vt 0.9242 0.6955
vt 0.2008 0.9096
vt 0.602 0.0652
vt 0.3989 0.9372
vt 0.5 0.05879
vt 0.4972 0.9415
vt 0.4024 0.9374
vt 0.1987 0.9094
vt 0.5 0.05879
vt 0.5 0.9412
vt 0.602 0.0652
vt 0.4972 0.9415
vt 0.2964 0.9276
vt 0.3303 0.9311
vt 0.9242 0.6955
vt 0.198 0.9094
vt 0.9176 0.1965
vt 0.9242 0.6955
vt 0.3989 0.9372
vt 0.2008 0.9096
vt 0.8108 0.1366
vt 0.9288 0.3534
vt 0.2922 0.9272
vt 0.1987 0.9094
vt 0.3982 0.9378
vt 0.2964 0.9276
vt 0.8108 0.1366
vt 0.3982 0.9377
vt 0.8801 0.8427
vt 0.2992 0.9279
vt 0.9176 0.1965
vt 0.2922 0.9272
vt 0.3982 0.9371
vt 0.08793 0.8406
vt 0.887 0.2264
vt 0.1974 0.9094
vt 0.9176 0.1965
vt 0.887 0.2264
vt 0.3982 0.9377
vt 0.1956 0.9115
vt 0.8108 0.1366
vt 0.9282 0.358
vt 0.5042 0.9476
vt 0.1974 0.9094
vt 0.2625 0.9242
vt 0.1173 0.8426
vt 0.8108 0.1366
vt 0.5339 0.9446
vt 0.3982 0.9378
vt 0.198 0.9094
vt 0.9176 0.1965
vt 0.06969 0.3374
vt 0.05879 0.5679
vt 0.2989 0.0727
vt 0.3982 0.9377
vt 0.1173 0.8426
vt 0.8108 0.1366
vt 0.929 0.352
vt 0.3982 0.9371
vt 0.1199 0.8427
vt 0.5 0.948
vt 0.7053 0.08968
vt 0.887 0.2264
vt 0.3982 0.9377
vt 0.2964 0.9276
vt 0.1974 0.9094
vt 0.887 0.2264
vt 0.7053 0.08968
vt 0.5042 0.9476
vt 0.2964 0.9277
vt 0.9288 0.3534
vt 0.8108 0.1366
vt 0.4661 0.9446
vt 0.6018 0.9371
vt 0.198 0.9094
vt 0.1956 0.9115
vt 0.8108 0.1366
vt 0.948 0.5
vt 0.6018 0.9377
vt 0.2965 0.9284
vt 0.5 0.948
vt 0.7053 0.08968
vt 0.4958 0.9476
vt 0.6018 0.9378
vt 0.2964 0.9277
vt 0.2008 0.9096
vt 0.7053 0.08968
vt 0.929 0.352
vt 0.6018 0.9377
vt 0.1199 0.8427
vt 0.4958 0.9476
vt 0.8108 0.1366
vt 0.9287 0.3524
vt 0.9472 0.5085
vt 0.3981 0.937
vt 0.1974 0.9094
vt 0.6018 0.9377
vt 0.9176 0.1965
vt 0.9288 0.3534
vt 0.1994 0.9095
vt 0.1994 0.9095
vt 0.6018 0.9378
vt 0.8108 0.1366
vt 0.9472 0.5085
vt 0.7064 0.9273
vt 0.1199 0.8427
vt 0.7036 0.9276
vt 0.8108 0.1366
vt 0.9472 0.5085
vt 0.1199 0.8427
vt 0.2008 0.9096
vt 0.7064 0.9273
vt 0.9176 0.1965
vt 0.6018 0.9371
vt 0.08599 0.8393
vt 0.1994 0.9095
vt 0.1199 0.8427
vt 0.7375 0.9242
vt 0.9176 0.1965
vt 0.9284 0.3532
vt 0.8108 0.1366
vt 0.8819 0.1758
vt 0.6018 0.9377
vt 0.8108 0.1366
vt 0.1974 0.9107
vt 0.1952 0.9161
vt 0.9176 0.1965
vt 0.09278 0.9072
vt 0.1952 0.9161
vt 0.2008 0.9096
vt 0.3049 0.9285
vt 0.8108 0.1366
vt 0.09193 0.8987
vt 0.7053 0.08968
vt 0.09193 0.8987
vt 0.8866 0.2222
vt 0.3303 0.931
vt 0.7053 0.08968
vt 0.1946 0.9174
vt 0.9287 0.3524
vt 0.2008 0.9096
vt 0.8108 0.1366
vt 0.1952 0.9161
vt 0.2964 0.9276
vt 0.3303 0.9311
vt 0.9412 0.5679
vt 0.3049 0.9285
vt 0.8108 0.1366
vt 0.3006 0.928
vt 0.7053 0.08968
vt 0.1974 0.9107
vt 0.1946 0.9174
vt 0.1994 0.9095
vt 0.7053 0.08968
vt 0.3303 0.931
vt 0.9284 0.3532
vt 0.2964 0.9276
vt 0.8108 0.1366
vt 0.1952 0.9161
vt 0.3006 0.928
vt 0.398 0.9371
vt 0.7053 0.08968
vt 0.1199 0.8427
vt 0.9472 0.5085
vt 0.2964 0.9276
vt 0.6063 0.06478
vt 0.929 0.352
vt 0.1171 0.8425
vt 0.3982 0.937
vt 0.2008 0.9096
vt 0.2964 0.9276
vt 0.6027 0.06513
vt 0.1987 0.9094
vt 0.9287 0.3524
vt 0.3981 0.937
vt 0.7053 0.08968
vt 0.1171 0.8425
vt 0.1974 0.9107
vt 0.2964 0.9276
vt 0.8063 0.1399
vt 0.4998 0.9413
vt 0.7053 0.08968
vt 0.948 0.5
vt 0.1987 0.9094
vt 0.3981 0.937
vt 0.6027 0.06513
vt 0.6697 0.06899
vt 0.302 0.9282
vt 0.398 0.9371
vt 0.08599 0.8393
vt 0.5 0.9412
vt 0.602 0.0652
vt 0.1987 0.9094
vt 0.7024 0.08796
vt 0.3982 0.937
vt 0.7053 0.08968
vt 0.3303 0.931
vt 0.2008 0.9096
vt 0.4996 0.9414
vt 0.807 0.1404
vt 0.3981 0.937
vt 0.6027 0.06513
vt 0.804 0.1383
vt 0.1974 0.9107
vt 0.4998 0.9413
vt 0.5028 0.05851
vt 0.7024 0.08796
vt 0.1987 0.9094
vt 0.07602 0.6932
vt 0.3303 0.931
vt 0.05762 0.4438
vt 0.5 0.05879
vt 0.302 0.9282
vt 0.7053 0.08968
vt 0.07651 0.6911
vt 0.0534 0.486
vt 0.1903 0.917
vt 0.602 0.0652
vt 0.8063 0.1399
vt 0.09278 0.9072
vt 0.0534 0.486
vt 0.1944 0.916
vt 0.6063 0.06478
vt 0.887 0.2264
vt 0.07602 0.6932
vt 0.05762 0.4438
vt 0.09193 0.8987
vt 0.5339 0.05539
vt 0.807 0.1404
vt 0.09193 0.8987
vt 0.07651 0.6911
vt 0.1944 0.916
vt 0.5028 0.05851
vt 0.8063 0.1399
vt 0.07602 0.6932
vt 0.6027 0.06513
vt 0.1974 0.9107
vt 0.08599 0.8393
vt 0.1199 0.8427
vt 0.887 0.2264
vt 0.1199 0.8427
vt 0.5 0.05879
vt 0.3303 0.931
vt 0.1944 0.916
vt 0.07651 0.6911
vt 0.1199 0.8427
vt 0.2625 0.9242
vt 0.398 0.06451
vt 0.1903 0.917
vt 0.2964 0.9276
vt 0.07651 0.6911
vt 0.07602 0.6932
vt 0.2964 0.9276
vt 0.3973 0.06458
vt 0.887 0.2264
vt 0.1974 0.9107
vt 0.1199 0.8427
vt 0.5 0.05879
vt 0.2625 0.9242
vt 0.1944 0.916
vt 0.06442 0.5117
vt 0.5 0.05879
vt 0.3982 0.9371
vt 0.8063 0.1399
vt 0.07733 0.697
vt 0.3973 0.06458
vt 0.2964 0.9276
vt 0.3989 0.937
vt 0.07719 0.6956
vt 0.3952 0.06454
vt 0.2964 0.9276
vt 0.804 0.1383
vt 0.06385 0.5061
vt 0.06385 0.5061
vt 0.3303 0.931
vt 0.5 0.05879
vt 0.3989 0.937
vt 0.07719 0.6956
vt 0.4024 0.9374
vt 0.3973 0.06458
vt 0.887 0.2264
vt 0.05762 0.4438
vt 0.5 0.9412
vt 0.2924 0.08439
vt 0.8069 0.1393
vt 0.3989 0.937
vt 0.07651 0.6911
vt 0.5028 0.9415
vt 0.2613 0.0875
vt 0.07719 0.6956
vt 0.5339 0.9446
vt 0.3952 0.06454
vt 0.4024 0.9374
vt 0.1199 0.8427
vt 0.3982 0.9371
vt 0.398 0.06451
vt 0.7053 0.08968
vt 0.07651 0.6911
vt 0.06442 0.5117
vt 0.2952 0.0841
vt 0.06395 0.5164
vt 0.5028 0.9415
vt 0.1199 0.8427
vt 0.3989 0.937
vt 0.2924 0.08439
vt 0.3973 0.06458
vt 0.07394 0.7051
vt 0.5339 0.05539
vt 0.06395 0.5164
vt 0.07733 0.697
vt 0.07382 0.7062
vt 0.4009 0.06408
vt 0.07324 0.7121
vt 0.09278 0.9072
vt 0.1199 0.8427
vt 0.3988 0.06443
vt 0.05879 0.5679
vt 0.1199 0.8427
vt 0.07382 0.7062
vt 0.5028 0.05851
vt 0.8064 0.134
vt 0.07411 0.3381
vt 0.07324 0.7121
vt 0.1152 0.2041
vt 0.09278 0.9072
vt 0.5028 0.05851
vt 0.7053 0.08968
vt 0.3988 0.06443
vt 0.07382 0.7062
vt 0.807 0.1404
vt 0.07719 0.6956
vt 0.398 0.06451
vt 0.07394 0.7051
vt 0.09278 0.9072
vt 0.07321 0.337
vt 0.5 0.05879
vt 0.7053 0.08968
vt 0.09278 0.9072
vt 0.1121 0.2055
vt 0.3988 0.06443
vt 0.07382 0.7062
vt 0.07394 0.7051
vt 0.1121 0.2055
vt 0.8819 0.1758
vt 0.06887 0.3315
vt 0.2952 0.0841
vt 0.7053 0.08968
vt 0.06442 0.5117
vt 0.07321 0.337
vt 0.2952 0.0841
vt 0.8866 0.2222
vt 0.06442 0.5117
vt 0.06385 0.5061
vt 0.07394 0.7051
vt 0.08012 0.2192
vt 0.398 0.06451
vt 0.06442 0.5117
vt 0.8064 0.134
vt 0.07321 0.337
vt 0.06887 0.3315
vt 0.07394 0.7051
vt 0.4009 0.06408
vt 0.8866 0.2222
vt 0.07394 0.7051
vt 0.05762 0.4438
vt 0.06442 0.5117
vt 0.2952 0.0841
vt 0.807 0.1404
vt 0.07411 0.3381
vt 0.06385 0.5061
vt 0.09278 0.9072
vt 0.2952 0.0841
vt 0.887 0.2264
vt 0.07394 0.7051
vt 0.06442 0.5117
vt 0.09278 0.9072
vt 0.3988 0.06443
vt 0.5 0.05199
vt 0.07321 0.337
vt 0.2952 0.0841
vt 0.07394 0.7051
vt 0.07394 0.7051
vt 0.08574 0.1631
vt 0.5 0.05199
vt 0.06887 0.3315
vt 0.1909 0.1192
vt 0.07394 0.7051
vt 0.09278 0.9072
vt 0.06887 0.3315
vt 0.06887 0.3315
vt 0.07042 0.333
vt 0.1909 0.1192
vt 0.07042 0.333
vt 0.09278 0.9072
vt 0.08574 0.1631
vt 0.06887 0.3315
vt 0.08574 0.1631
vt 0.2952 0.0841
vt 0.602 0.06435
vt 0.08574 0.1631
vt 0.08574 0.1631
vt 0.2952 0.0841
vt 0.07042 0.333
vt 0.08574 0.1631
vt 0.08574 0.1631
vt 0.1909 0.1192
vt 0.07042 0.333
vt 0.5 0.05199
vt 0.06887 0.3315
vt 0.1909 0.1192
vt 0.07042 0.333
vt 0.08574 0.1631
vt 0.05199 0.5
vt 0.2952 0.0841
vt 0.06442 0.5117
vt 0.5 0.05199
vt 0.05199 0.5
vt 0.06887 0.3315
vt 0.07042 0.333
vt 0.1909 0.1192
vt 0.06442 0.5117
vt 0.06887 0.3315
vt 0.07042 0.333
vt 0.08574 0.1631
vt 0.602 0.06435
vt 0.05199 0.5
vt 0.07042 0.333
vt 0.08574 0.1631
vt 0.7053 0.08968
vt 0.06442 0.5117
vt 0.05199 0.5
vt 0.06442 0.5117
vt 0.1909 0.1192
vt 0.06887 0.3315
vt 0.0703 0.3342
vt 0.1909 0.1192
vt 0.08574 0.1631
vt 0.2964 0.07239
vt 0.07042 0.333
vt 0.08574 0.1631
vt 0.602 0.06435
vt 0.1938 0.1235
vt 0.0703 0.3342
vt 0.08574 0.1631
vt 0.0703 0.3342
vt 0.08574 0.1631
vt 0.1948 0.1229
vt 0.08574 0.1631
vt 0.1909 0.1192
vt 0.2952 0.0841
vt 0.06969 0.3374
vt 0.1953 0.1173
vt 0.06395 0.5164
vt 0.2989 0.0727
vt 0.08574 0.1631
vt 0.194 0.1232
vt 0.2952 0.0841
vt 0.5339 0.05539
vt 0.08012 0.2192
vt 0.1938 0.1235
vt 0.07042 0.333
vt 0.2924 0.08439
vt 0.0703 0.3342
vt 0.3279 0.07007
vt 0.1911 0.1247
vt 0.2924 0.08439
vt 0.06395 0.5164
vt 0.1928 0.1238
vt 0.06442 0.5117
vt 0.194 0.1232
vt 0.602 0.06435
vt 0.602 0.06435
vt 0.1906 0.1216
vt 0.1938 0.1235
vt 0.2952 0.0841
vt 0.1904 0.1248
vt 0.602 0.06435
vt 0.08012 0.2192
vt 0.2952 0.0841
vt 0.2613 0.0875
vt 0.7053 0.08968
vt 0.1908 0.1204
vt 0.1121 0.2055
vt 0.2952 0.0841
vt 0.194 0.1232
vt 0.1948 0.1229
vt 0.2952 0.0841
vt 0.1157 0.1994
vt 0.7053 0.08968
vt 0.1908 0.1204
vt 0.1928 0.1238
vt 0.1909 0.1192
vt 0.1152 0.2041
vt 0.1152 0.2041
vt 0.08574 0.1631
vt 0.1904 0.1248
vt 0.1908 0.1204
vt 0.1121 0.2055
vt 0.08504 0.1701
vt 0.1953 0.1173
vt 0.08012 0.2192
vt 0.1209 0.148
vt 0.1911 0.1247
vt 0.1909 0.1192
vt 0.1157 0.1994
vt 0.194 0.1232
vt 0.1908 0.1204
vt 0.08504 0.1701
vt 0.1938 0.1235
vt 0.2964 0.07239
vt 0.2952 0.0841
vt 0.1909 0.1192
vt 0.3279 0.07007
vt 0.1948 0.1229
vt 0.1909 0.1192
vt 0.194 0.1232
vt 0.2952 0.0841
vt 0.2964 0.07239
vt 0.2952 0.0841
vt 0.1909 0.1192
vt 0.1928 0.1238
vt 0.2964 0.07239
vt 0.2952 0.0841
vt 0.194 0.1232
vt 0.08574 0.1631
vt 0.1909 0.1192
vt 0.1906 0.1216
vt 0.1912 0.1233
vt 0.08574 0.1631
vt 0.2964 0.07239
vt 0.08574 0.1631
vt 0.1909 0.1192
vt 0.2969 0.0834
vt 0.194 0.1232
vt 0.1909 0.1192
vt 0.1123 0.2054
vt 0.1909 0.1192
vt 0.1909 0.1192
vt 0.2969 0.0834
vt 0.08012 0.2192
vt 0.08574 0.1631
vt 0.1912 0.1233
vt 0.5 0.05199
vt 0.5042 0.05242
vt 0.1908 0.1249
vt 0.5042 0.05242
vt 0.1906 0.1216
vt 0.1948 0.1229
vt 0.3988 0.06373
vt 0.1152 0.2041
vt 0.398 0.06366
vt 0.6013 0.06392
vt 0.2948 0.08428
vt 0.3988 0.06373
vt 0.08434 0.1771
vt 0.1123 0.2054
vt 0.7053 0.08968
vt 0.194 0.1232
vt 0.4009 0.06408
vt 0.5 0.05879
vt 0.4009 0.06408
vt 0.3988 0.06373
vt 0.1908 0.1249
vt 0.3952 0.06454
vt 0.2952 0.0841
vt 0.3982 0.06329
vt 0.398 0.06366
vt 0.2952 0.0841
vt 0.1928 0.1238
vt 0.5028 0.05851
vt 0.5 0.05199
vt 0.2952 0.0841
vt 0.08012 0.2192
vt 0.5028 0.05851
vt 0.5 0.05199
vt 0.4009 0.06408
vt 0.1906 0.1216
vt 0.3988 0.06373
vt 0.08434 0.1771
vt 0.3982 0.06329
vt 0.5339 0.05539
vt 0.5042 0.05242
vt 0.401 0.06262
vt 0.3988 0.06373
vt 0.5004 0.05203
vt 0.5042 0.05242
vt 0.5339 0.05539
vt 0.5976 0.06177
vt 0.4009 0.06252
vt 0.398 0.06366
vt 0.3982 0.06329
vt 0.3988 0.06373
vt 0.3987 0.0638
vt 0.5 0.05199
vt 0.292 0.07428
vt 0.602 0.06435
vt 0.5044 0.05244
vt 0.2964 0.07239
vt 0.3988 0.06373
vt 0.2952 0.0841
vt 0.5044 0.05244
vt 0.401 0.06262
vt 0.4009 0.06408
vt 0.2952 0.0841
vt 0.3987 0.0638
vt 0.534 0.0554
vt 0.5976 0.06177
vt 0.3952 0.06454
vt 0.2952 0.0841
vt 0.398 0.06366
vt 0.4006 0.06421
vt 0.3988 0.06373
vt 0.2613 0.0875
vt 0.2952 0.0841
vt 0.292 0.07428
vt 0.6697 0.06899
vt 0.6013 0.06392
vt 0.3987 0.0638
vt 0.3982 0.06329
vt 0.7024 0.08796
vt 0.5339 0.05539
vt 0.7024 0.08796
vt 0.6013 0.06392
vt 0.2969 0.0834
vt 0.401 0.06262
vt 0.7053 0.08968
vt 0.5 0.05199
vt 0.3982 0.06258
vt 0.602 0.06435
vt 0.2948 0.08428
vt 0.5 0.05199
vt 0.5042 0.05242
vt 0.5042 0.05242
vt 0.6013 0.06392
vt 0.3982 0.06258
vt 0.602 0.06435
vt 0.3952 0.06369
vt 0.602 0.06435
vt 0.5 0.05199
vt 0.8069 0.1393
vt 0.3982 0.06258
vt 0.8069 0.1393
vt 0.8069 0.1393
vt 0.292 0.07428
vt 0.2613 0.0875
vt 0.3952 0.06369
vt 0.887 0.2264
vt 0.929 0.352
vt 0.4006 0.06421
vt 0.401 0.06262
vt 0.8866 0.2222
vt 0.9412 0.5679
vt 0.4009 0.06252
vt 0.2964 0.07239
vt 0.9287 0.3524
vt 0.292 0.07428
vt 0.9282 0.358
vt 0.3982 0.06258
vt 0.9288 0.3534
vt 0.2964 0.07239
vt 0.1912 0.1233
vt 0.9242 0.6955
vt 0.191 0.1189
vt 0.9242 0.6955
vt 0.2964 0.07239
vt 0.8801 0.8427
vt 0.2964 0.07239
vt 0.8801 0.8427
vt 0.191 0.1189
vt 0.9242 0.6955
vt 0.1911 0.1177
vt 0.948 0.5
vt 0.2964 0.07239
vt 0.948 0.5
vt 0.191 0.1189
vt 0.3279 0.07007
vt 0.8027 0.9093
vt 0.08504 0.1701
vt 0.8027 0.9093
vt 0.6027 0.06442
vt 0.3987 0.0638
vt 0.7064 0.9273
vt 0.08574 0.1631
vt 0.3978 0.06414
vt 0.7036 0.9276
vt 0.1911 0.1177
vt 0.7082 0.08996
vt 0.802 0.9094
vt 0.5339 0.05539
vt 0.8027 0.9093
vt 0.1912 0.1233
vt 0.7082 0.08996
vt 0.3965 0.06366
vt 0.4998 0.05837
vt 0.8801 0.8427
vt 0.08012 0.2192
vt 0.6027 0.06442
vt 0.8801 0.8427
vt 0.4998 0.05837
vt 0.802 0.9094
vt 0.08504 0.1701
vt 0.6048 0.06428
vt 0.3965 0.06366
vt 0.2901 0.07511
vt 0.8027 0.9093
vt 0.191 0.1189
vt 0.802 0.9094
vt 0.8063 0.9089
vt 0.3922 0.06347
vt 0.8801 0.8427
vt 0.5 0.05199
vt 0.7393 0.09308
vt 0.3965 0.06366
vt 0.2927 0.07399
vt 0.8115 0.1367
vt 0.3952 0.06369
vt 0.7036 0.9276
vt 0.8801 0.8427
vt 0.4657 0.05568
vt 0.6994 0.07196
vt 0.3981 0.06341
vt 0.6697 0.06899
vt 0.8106 0.1345
vt 0.3978 0.06414
vt 0.7082 0.08996
vt 0.5 0.05199
vt 0.7036 0.9276
vt 0.802 0.9094
vt 0.3922 0.06347
vt 0.5 0.05199
vt 0.7036 0.9276
vt 0.7393 0.09308
vt 0.2607 0.08777
vt 0.6697 0.06899
vt 0.8108 0.1366
vt 0.3981 0.06341
vt 0.7036 0.9276
vt 0.802 0.9094
vt 0.2901 0.07511
vt 0.4024 0.06177
vt 0.802 0.9094
vt 0.8151 0.137
vt 0.3965 0.06366
vt 0.6018 0.06219
vt 0.802 0.9094
vt 0.5 0.05199
vt 0.8801 0.8427
vt 0.7082 0.08996
vt 0.7052 0.08806
vt 0.602 0.06473
vt 0.7053 0.08968
vt 0.3981 0.06341
vt 0.8801 0.8427
vt 0.602 0.06473
vt 0.8115 0.1367
vt 0.2953 0.08313
vt 0.802 0.9094
vt 0.802 0.9094
vt 0.7052 0.08806
vt 0.3303 0.06899
vt 0.8801 0.8427
vt 0.9176 0.1965
vt 0.602 0.06474
vt 0.602 0.06473
vt 0.8108 0.1366
vt 0.4024 0.06177
vt 0.802 0.9094
vt 0.8801 0.8427
vt 0.7393 0.09308
vt 0.3952 0.06369
vt 0.5339 0.9446
vt 0.8115 0.1367
vt 0.4998 0.05837
vt 0.6018 0.06219
vt 0.9176 0.1965
vt 0.2613 0.0875
vt 0.5028 0.9415
vt 0.606 0.9374
vt 0.4657 0.05569
vt 0.2953 0.08313
vt 0.6025 0.937
vt 0.9176 0.1965
vt 0.602 0.06474
vt 0.5339 0.05539
vt 0.5028 0.9415
vt 0.3981 0.06341
vt 0.6025 0.937
vt 0.8115 0.1367
vt 0.4998 0.05837
vt 0.602 0.06473
vt 0.8151 0.137
vt 0.2613 0.0875
vt 0.6018 0.937
vt 0.7393 0.09308
vt 0.5 0.9412
vt 0.1867 0.1196
vt 0.6025 0.937
vt 0.9176 0.1965
vt 0.602 0.06474
vt 0.6019 0.06271
vt 0.8067 0.1375
vt 0.1909 0.119
vt 0.7036 0.9276
vt 0.7081 0.07498
vt 0.7036 0.9276
vt 0.2953 0.08313
vt 0.606 0.9374
vt 0.7036 0.9276
vt 0.6019 0.06271
vt 0.7081 0.07498
vt 0.6018 0.9371
vt 0.2953 0.08313
vt 0.6018 0.937
vt 0.6018 0.9378
vt 0.1909 0.119
vt 0.7036 0.9276
vt 0.1939 0.1177
vt 0.7036 0.9276
vt 0.3303 0.06899
vt 0.802 0.9094
vt 0.6025 0.937
vt 0.6018 0.06219
vt 0.1909 0.119
vt 0.7064 0.9273
vt 0.8063 0.9089
vt 0.6019 0.06271
vt 0.08574 0.1631
vt 0.7036 0.9276
vt 0.8027 0.9093
vt 0.7036 0.07239
vt 0.8027 0.9093
vt 0.08574 0.1631
vt 0.8027 0.9093
vt 0.5 0.05199
vt 0.7064 0.9273
vt 0.1939 0.1177
vt 0.7375 0.9242
vt 0.8063 0.9089
vt 0.6018 0.06219
vt 0.4958 0.05247
vt 0.1867 0.1196
vt 0.6018 0.9377
vt 0.08574 0.1631
vt 0.8801 0.8427
vt 0.8801 0.8427
vt 0.08574 0.1631
vt 0.7078 0.9272
vt 0.802 0.9094
vt 0.1909 0.119
vt 0.8027 0.9093
vt 0.602 0.06474
vt 0.4958 0.05247
vt 0.8801 0.8427
vt 0.5 0.05199
vt 0.6018 0.937
vt 0.5 0.9412
vt 0.3982 0.06219
vt 0.8801 0.8427
vt 0.6018 0.937
vt 0.4657 0.05568
vt 0.6019 0.06271
vt 0.3982 0.06219
vt 0.5 0.948
vt 0.5 0.05199
vt 0.6018 0.937
vt 0.4972 0.9415
vt 0.5 0.05199
vt 0.4972 0.9415
vt 0.3982 0.06219
vt 0.7375 0.9242
vt 0.6018 0.937
vt 0.8106 0.1345
vt 0.9176 0.1965
vt 0.3982 0.06219
vt 0.4661 0.9446
vt 0.5 0.05199
vt 0.6018 0.9371
vt 0.6018 0.937
vt 0.8106 0.1345
vt 0.3982 0.06219
vt 0.7064 0.9273
vt 0.7036 0.9276
vt 0.2964 0.07239
vt 0.6018 0.9371
vt 0.2964 0.07239
vt 0.9176 0.1965
vt 0.6018 0.9377
vt 0.3982 0.06219
vt 0.4661 0.9446
vt 0.3982 0.06219
vt 0.4958 0.9476
vt 0.2964 0.07239
vt 0.6018 0.9371
vt 0.4958 0.9476
vt 0.8106 0.1345
vt 0.2964 0.07239
vt 0.6018 0.9377
vt 0.3982 0.06219
vt 0.6018 0.9378
vt 0.3303 0.06899
vt 0.1939 0.1177
vt 0.7036 0.07239
vt 0.7036 0.9276
vt 0.1924 0.1188
vt 0.8019 0.9108
vt 0.7375 0.9242
vt 0.9176 0.1965
vt 0.6018 0.9377
vt 0.3049 0.07154
vt 0.8076 0.1394
vt 0.7036 0.07239
vt 0.8106 0.1345
vt 0.8061 0.1319
vt 0.3049 0.07154
vt 0.802 0.9094
vt 0.7078 0.9272
vt 0.8106 0.1345
vt 0.8076 0.1394
vt 0.1924 0.1188
vt 0.8067 0.1375
vt 0.7052 0.08806
vt 0.7036 0.07239
vt 0.7036 0.07239
vt 0.194 0.1232
vt 0.8019 0.9108
vt 0.7036 0.9276
vt 0.8106 0.1345
vt 0.3303 0.06899
vt 0.7036 0.9276
vt 0.7036 0.07239
vt 0.8012 0.9178
vt 0.1924 0.1188
vt 0.7036 0.9276
vt 0.8106 0.1345
vt 0.6994 0.07196
vt 0.08504 0.1701
vt 0.8019 0.9108
vt 0.9209 0.2298
vt 0.8795 0.8484
vt 0.08012 0.2192
vt 0.8012 0.9178
vt 0.8067 0.1307
vt 0.8067 0.1375
vt 0.194 0.1232
vt 0.8733 0.9106
vt 0.8894 0.2223
vt 0.8819 0.1758
vt 0.1939 0.1177
vt 0.8795 0.8484
vt 0.802 0.9094
vt 0.8075 0.1383
vt 0.08574 0.1631
vt 0.8801 0.8427
vt 0.8894 0.2223
vt 0.8019 0.9108
vt 0.08504 0.1701
vt 0.8054 0.9174
vt 0.8075 0.1383
vt 0.8061 0.1319
vt 0.1924 0.1188
vt 0.7036 0.9276
vt 0.8819 0.1758
vt 0.8067 0.1375
vt 0.3303 0.06899
vt 0.6994 0.928
vt 0.8048 0.9161
vt 0.8106 0.1345
vt 0.194 0.1232
vt 0.6994 0.928
vt 0.7052 0.08806
vt 0.8896 0.2239
vt 0.1947 0.1237
vt 0.8026 0.9107
vt 0.8048 0.9161
vt 0.8075 0.1383
vt 0.3011 0.08148
vt 0.6697 0.931
vt 0.8106 0.1345
vt 0.8896 0.2239
vt 0.3011 0.08148
vt 0.914 0.8393
vt 0.8048 0.9161
vt 0.7393 0.09308
vt 0.1947 0.1237
vt 0.9081 0.8987
vt 0.8067 0.1307
vt 0.8026 0.9107
vt 0.1944 0.1183
vt 0.8054 0.9174
vt 0.6697 0.06899
vt 0.606 0.9374
vt 0.3301 0.06901
vt 0.9072 0.9072
vt 0.9081 0.8987
vt 0.1947 0.1237
vt 0.8048 0.9161
vt 0.1095 0.2057
vt 0.08111 0.2093
vt 0.5339 0.9446
vt 0.6025 0.937
vt 0.8075 0.1383
vt 0.9227 0.2471
vt 0.9413 0.5679
vt 0.1944 0.1183
vt 0.9323 0.3458
vt 0.5028 0.9415
vt 0.9284 0.3532
vt 0.194 0.1232
vt 0.5028 0.9415
vt 0.6018 0.937
vt 0.93 0.3506
vt 0.9131 0.1939
vt 0.9366 0.5215
vt 0.08012 0.2192
vt 0.7036 0.9276
vt 0.5 0.9412
vt 0.93 0.3506
vt 0.1095 0.2057
vt 0.7036 0.9276
vt 0.7036 0.9276
vt 0.9362 0.5173
vt 0.6025 0.937
vt 0.9366 0.5215
vt 0.1947 0.1237
vt 0.8063 0.9089
vt 0.8801 0.8427
vt 0.8802 0.8427
vt 0.9277 0.3493
vt 0.6025 0.937
vt 0.5 0.05199
vt 0.6025 0.937
vt 0.606 0.9374
vt 0.9087 0.1914
vt 0.802 0.9094
vt 0.932 0.3567
vt 0.4024 0.06177
vt 0.8896 0.2239
vt 0.3995 0.06303
vt 0.7036 0.9276
vt 0.8819 0.1758
vt 0.8819 0.1758
vt 0.6018 0.937
vt 0.93 0.3506
vt 0.5 0.05199
vt 0.9487 0.4935
vt 0.9253 0.6921
vt 0.9242 0.6945
vt 0.9277 0.3493
vt 0.5 0.9412
vt 0.5 0.05199
vt 0.6011 0.937
vt 0.9335 0.3417
vt 0.8819 0.1758
vt 0.9284 0.3532
vt 0.9285 0.3521
vt 0.3995 0.06303
vt 0.5976 0.9374
vt 0.948 0.5
vt 0.9131 0.1939
vt 0.4024 0.06177
vt 0.6011 0.937
vt 0.4972 0.9415
vt 0.9087 0.1914
vt 0.5 0.05199
vt 0.4972 0.9415
vt 0.9176 0.1965
vt 0.93 0.3506
vt 0.9332 0.3524
vt 0.6018 0.9371
vt 0.3995 0.06303
vt 0.4661 0.9446
vt 0.9323 0.3458
vt 0.9294 0.3524
vt 0.9472 0.5085
vt 0.9493 0.4869
vt 0.3011 0.08148
vt 0.6011 0.937
vt 0.9472 0.5085
vt 0.7036 0.9276
vt 0.3301 0.06901
vt 0.6018 0.9371
vt 0.9323 0.3458
vt 0.9284 0.3532
vt 0.9294 0.3524
vt 0.9335 0.3417
vt 0.4024 0.06177
vt 0.7375 0.9242
vt 0.8894 0.2223
vt 0.9478 0.5017
vt 0.4024 0.06177
vt 0.7036 0.9276
vt 0.5976 0.9374
vt 0.9413 0.5679
vt 0.3303 0.06899
vt 0.6697 0.931
vt 0.9478 0.5017
vt 0.9294 0.3524
vt 0.8819 0.1758
vt 0.6011 0.937
vt 0.3011 0.08148
vt 0.8026 0.9107
vt 0.9285 0.3521
vt 0.9332 0.3524
vt 0.9284 0.3532
vt 0.9323 0.3458
vt 0.3995 0.06303
vt 0.6697 0.931
vt 0.9294 0.3524
vt 0.9283 0.3545
vt 0.4661 0.05539
vt 0.7036 0.9276
vt 0.8027 0.9093
vt 0.9209 0.2298
vt 0.394 0.06262
vt 0.7036 0.9276
vt 0.9414 0.5657
vt 0.8894 0.2223
vt 0.8801 0.8427
vt 0.8027 0.9093
vt 0.3971 0.06301
vt 0.7375 0.9242
vt 0.914 0.8393
vt 0.9242 0.6945
vt 0.9236 0.6915
vt 0.927 0.6973
vt 0.497 0.05852
vt 0.8063 0.9089
vt 0.9236 0.6986
vt 0.497 0.05852
vt 0.8027 0.9093
vt 0.3971 0.06301
vt 0.8829 0.8425
vt 0.914 0.8393
vt 0.8802 0.8427
vt 0.3974 0.06312
vt 0.8026 0.9107
vt 0.4998 0.05882
vt 0.948 0.5
vt 0.8027 0.9093
vt 0.8804 0.8427
vt 0.8829 0.8425
vt 0.9245 0.6955
vt 0.3971 0.06301
vt 0.4661 0.9446
vt 0.9242 0.6955
vt 0.9242 0.6945
vt 0.2957 0.07246
vt 0.9291 0.6883
vt 0.6018 0.9377
vt 0.948 0.5
vt 0.6018 0.9371
vt 0.9474 0.4937
vt 0.2949 0.07254
vt 0.4958 0.9476
vt 0.6018 0.9377
vt 0.9245 0.6955
vt 0.7078 0.9272
vt 0.3974 0.06312
vt 0.4958 0.9476
vt 0.5 0.948
vt 0.9236 0.6915
vt 0.9474 0.4937
vt 0.6018 0.9377
vt 0.394 0.06262
vt 0.6018 0.9378
vt 0.7375 0.9242
vt 0.9429 0.4494
vt 0.9242 0.6945
vt 0.2964 0.07239
vt 0.7036 0.9276
vt 0.6018 0.9371
vt 0.2957 0.07246
vt 0.6018 0.9378
vt 0.3971 0.06301
vt 0.802 0.9094
vt 0.7036 0.9276
vt 0.923 0.6988
vt 0.8804 0.8427
vt 0.3301 0.06901
vt 0.6018 0.9377
vt 0.7078 0.9272
vt 0.1944 0.1183
vt 0.8027 0.9091
vt 0.7036 0.9276
vt 0.8802 0.8427
vt 0.9236 0.704
vt 0.1934 0.1052
vt 0.9493 0.4869
vt 0.7036 0.9276
vt 0.3042 0.07161
vt 0.7036 0.9276
vt 0.8054 0.9102
vt 0.8802 0.8427
vt 0.9228 0.6977
vt 0.8027 0.9091
vt 0.3042 0.07161
vt 0.8027 0.9091
vt 0.802 0.9094
vt 0.923 0.6988
vt 0.8801 0.8427
vt 0.1934 0.1052
vt 0.883 0.8414
vt 0.196 0.09874
vt 0.8054 0.9102
vt 0.9142 0.8372
vt 0.3293 0.06909
vt 0.8801 0.8427
vt 0.8027 0.9091
vt 0.9362 0.5173
vt 0.923 0.6988
vt 0.1934 0.1052
vt 0.883 0.8414
vt 0.8801 0.8427
vt 0.0872 0.1485
vt 0.9242 0.6955
vt 0.883 0.8414
vt 0.9228 0.6977
vt 0.9366 0.5215
vt 0.0841 0.1795
vt 0.9487 0.4935
vt 0.9291 0.6883
vt 0.196 0.09874
vt 0.9253 0.6921
vt 0.9253 0.6921
vt 0.9236 0.704
vt 0.9413 0.5679
vt 0.9142 0.8372
vt 0.1944 0.1183
vt 0.883 0.8414
vt 0.08111 0.2093
vt 0.9253 0.6921
vt 0.0872 0.1485
vt 0.9366 0.5215
vt 0.9236 0.6986
vt 0.1934 0.1052
vt 0.8829 0.8425
vt 0.9366 0.5213
vt 0.923 0.6988
vt 0.9234 0.7038
vt 0.3293 0.06909
vt 0.196 0.09874
vt 0.8829 0.8425
vt 0.8801 0.8427
vt 0.1973 0.09378
vt 0.2986 0.07298
vt 0.9236 0.6986
vt 0.9414 0.5657
vt 0.6697 0.931
vt 0.2986 0.07298
vt 0.927 0.6973
vt 0.1973 0.09378
vt 0.9234 0.7038
vt 0.9361 0.5173
vt 0.7992 0.9096
vt 0.198 0.09065
vt 0.9236 0.6986
vt 0.2964 0.07239
vt 0.9366 0.5213
vt 0.9361 0.5173
vt 0.8013 0.9094
vt 0.1973 0.09378
vt 0.9283 0.3545
vt 0.1165 0.1622
vt 0.932 0.3567
vt 0.9366 0.5213
vt 0.7006 0.9279
vt 0.1199 0.1573
vt 0.9283 0.3545
vt 0.198 0.09065
vt 0.9366 0.5213
vt 0.9285 0.3521
vt 0.7006 0.9279
vt 0.196 0.09874
vt 0.9283 0.3545
vt 0.0841 0.1795
vt 0.9414 0.5657
vt 0.8896 0.2239
vt 0.8013 0.9094
vt 0.1165 0.1622
vt 0.9285 0.3521
vt 0.1973 0.09378
vt 0.8819 0.1758
vt 0.9227 0.2471
vt 0.4998 0.05882
vt 0.4017 0.06269
vn 0.6138 0.3836 -0.6899
vn 0.3165 0.6433 -0.6971
vn 0.2902 0.5727 -0.7667
vn 0.5719 0.337 -0.7479
vn 0.3138 0.5313 -0.7869
vn 0.565 0.3207 -0.7602
vn 0.04956 0.6751 -0.736
vn 0.08029 0.6359 -0.7676
vn 0.06632 0.7541 -0.6534
vn 0.6595 0.441 -0.6087
vn 0.3807 0.7078 -0.5951
vn 0.3656 0.7053 -0.6073
vn 0.6581 0.4355 -0.6141
vn 0.106 0.8298 -0.5478
vn 0.1148 0.8473 -0.5184
vn 0.821 -0.1006 -0.5619
vn 0.7823 0.0983 -0.615
vn 0.7352 0.07917 -0.6732
vn 0.7869 -0.09882 -0.6091
vn 0.715 0.09098 -0.6931
vn 0.7755 -0.08621 -0.6254
vn 0.8748 -0.1293 -0.467
vn 0.8325 0.1346 -0.5374
vn 0.8278 0.1312 -0.5454
vn 0.8598 -0.1061 -0.4994
vn 0.7617 -0.4552 -0.461
vn 0.8055 -0.2741 -0.5253
vn 0.8049 -0.2532 -0.5366
vn 0.8032 -0.4185 -0.4239
vn 0.8082 -0.2493 -0.5335
vn 0.8191 -0.4133 -0.3978
vn 0.7087 -0.5309 -0.4646
vn 0.8188 -0.3503 -0.4548
vn 0.8091 -0.3127 -0.4975
vn 0.7129 -0.5054 -0.4861
vn 0.8088 -0.2541 -0.5303
vn 0.8188 -0.4284 -0.3821
vn 0.8025 -0.2562 -0.5388
vn 0.8116 -0.4489 -0.3737
vn 0.7691 -0.06751 -0.6355
vn 0.7533 -0.04398 -0.6562
vn 0.7017 0.1137 -0.7033
vn 0.6792 0.1355 -0.7213
vn 0.5679 0.313 -0.7613
vn 0.5611 0.3025 -0.7705
vn 0.6487 -0.761 -0.001312
vn 0.7817 -0.5842 -0.2182
vn 0.7833 -0.5886 -0.1998
vn 0.6651 -0.7466 0.01386
vn 0.7779 -0.601 -0.1834
vn 0.6781 -0.7344 0.02954
vn 0.4559 -0.8698 -0.1885
vn 0.6699 -0.6588 -0.3424
vn 0.753 -0.6044 -0.26
vn 0.5943 -0.8022 -0.05646
vn -0.05054 -0.9954 -0.08094
vn 0.1768 -0.9788 -0.1033
vn 0.3664 -0.9262 0.08841
vn 0.1488 -0.9753 0.1629
vn 0.4565 -0.8738 0.1676
vn 0.2624 -0.9257 0.2724
vn 0.496 -0.8489 0.1825
vn 0.3208 -0.9001 0.2945
vn 0.5373 -0.8203 0.1959
vn 0.3843 -0.8687 0.3125
vn -0.5038 -0.8596 0.08527
vn -0.2811 -0.9596 -0.008759
vn -0.148 -0.9508 0.2721
vn -0.4618 -0.8071 0.3677
vn -0.05982 -0.9101 0.4101
vn -0.4248 -0.7468 0.5116
vn -0.001953 -0.8895 0.4569
vn -0.3942 -0.7144 0.5781
vn 0.06726 -0.8627 0.5011
vn -0.3465 -0.6816 0.6445
vn -0.7223 -0.456 0.52
vn -0.6166 -0.5805 0.5318
vn -0.6032 -0.532 0.5942
vn -0.7079 -0.4078 0.5766
vn -0.5748 -0.4889 0.6561
vn -0.6846 -0.3647 0.6311
vn -0.7425 -0.6478 0.17
vn -0.6357 -0.7579 0.1463
vn -0.6316 -0.6606 0.4057
vn -0.7389 -0.5363 0.408
vn -0.9688 -0.2412 0.05728
vn -0.8745 -0.4651 0.1372
vn -0.8736 -0.3392 0.3489
vn -0.9674 -0.09333 0.2355
vn -0.8559 -0.257 0.4487
vn -0.9491 -0.00238 0.315
vn -0.8395 -0.2094 0.5013
vn -0.9339 0.04981 0.354
vn -0.8184 -0.1661 0.5501
vn -0.9157 0.09119 0.3913
vn -0.9191 0.393 0.02774
vn -0.9612 0.2126 0.1756
vn -0.9449 0.2599 0.1991
vn -0.9047 0.4236 0.0455
vn -0.9304 0.2911 0.2228
vn -0.8959 0.4403 0.05853
vn -0.9703 0.1548 -0.1859
vn -0.9984 -0.03778 -0.04266
vn -0.9861 0.1219 0.113
vn -0.9484 0.3153 -0.03259
vn -0.6068 0.6814 -0.4092
vn -0.8165 0.5543 -0.1613
vn -0.8104 0.5685 -0.1413
vn -0.6164 0.6861 -0.3863
vn -0.8097 0.5716 -0.133
vn -0.6276 0.6804 -0.3783
vn -0.6537 0.4947 -0.5726
vn -0.8663 0.3258 -0.3786
vn -0.8417 0.4902 -0.2263
vn -0.6189 0.6341 -0.4635
vn -0.2163 0.7312 -0.647
vn -0.3929 0.6412 -0.6591
vn -0.3519 0.6914 -0.6309
vn -0.1945 0.6963 -0.6908
vn -0.3516 0.7113 -0.6086
vn -0.191 0.6895 -0.6986
vn -0.3693 0.7155 -0.593
vn -0.1938 0.6913 -0.696
vn -0.3847 0.7106 -0.5891
vn -0.195 0.687 -0.7
vn -0.08982 0.7679 -0.6342
vn -0.09265 0.6959 -0.7121
vn -0.07535 0.67 -0.7385
vn -0.05045 0.661 -0.7486
vn 0.1268 0.6099 -0.7823
vn -0.02884 0.6471 -0.7618
vn 0.1635 0.5786 -0.799
vn 0.3513 0.4984 -0.7926
vn 0.3759 0.462 -0.8032
vn 0.3869 0.4281 -0.8167
vn 0.5459 0.2912 -0.7856
vn 0.388 0.3975 -0.8315
vn 0.5265 0.2778 -0.8035
vn 0.1884 0.5462 -0.8162
vn 0.205 0.5137 -0.8331
vn -0.009491 0.6274 -0.7786
vn 0.01059 0.602 -0.7984
vn -0.1879 0.6753 -0.7132
vn -0.1713 0.6564 -0.7347
vn 0.6494 0.1545 -0.7446
vn 0.7297 -0.01382 -0.6836
vn 0.6177 0.1662 -0.7686
vn 0.7027 0.01791 -0.7112
vn 0.5929 0.1731 -0.7864
vn 0.6775 0.05057 -0.7338
vn 0.5816 0.1822 -0.7928
vn 0.6572 0.0882 -0.7486
vn 0.5102 0.2651 -0.8182
vn 0.5041 0.2598 -0.8236
vn 0.3855 0.3724 -0.8442
vn 0.3857 0.3603 -0.8494
vn 0.2177 0.4852 -0.8469
vn 0.2296 0.4698 -0.8524
vn 0.8249 -0.4502 -0.3417
vn 0.7947 -0.2165 -0.567
vn 0.7928 -0.1711 -0.5849
vn 0.847 -0.4151 -0.3319
vn 0.7843 -0.109 -0.6107
vn 0.8674 -0.361 -0.3423
vn 0.7964 -0.2447 -0.5531
vn 0.811 -0.4603 -0.361
vn 0.7624 -0.04044 -0.6459
vn 0.8749 -0.3011 -0.3793
vn 0.7383 0.0145 -0.6743
vn 0.8667 -0.2527 -0.4301
vn 0.6394 0.1266 -0.7583
vn 0.6302 0.1555 -0.7607
vn 0.5802 0.1943 -0.7909
vn 0.5855 0.2057 -0.7841
vn 0.5071 0.2646 -0.8202
vn 0.5155 0.2774 -0.8107
vn 0.761 -0.6222 0.1835
vn 0.8422 -0.5365 -0.05332
vn 0.8621 -0.5032 -0.05887
vn 0.7745 -0.6011 0.1972
vn 0.8659 -0.4914 -0.09302
vn 0.7704 -0.6114 0.1806
vn 0.7142 -0.6927 0.1
vn 0.7898 -0.6029 -0.1124
vn 0.8143 -0.5756 -0.07465
vn 0.7382 -0.6585 0.1464
vn 0.5237 -0.7654 0.3739
vn 0.6266 -0.7367 0.254
vn 0.6605 -0.6893 0.2977
vn 0.5739 -0.7064 0.4143
vn 0.682 -0.6508 0.3335
vn 0.6008 -0.6647 0.444
vn 0.6905 -0.6347 0.3468
vn 0.6084 -0.6511 0.4538
vn 0.6812 -0.6515 0.3338
vn 0.5974 -0.6692 0.4419
vn -0.2043 -0.6094 0.7661
vn 0.2378 -0.7673 0.5955
vn 0.3084 -0.7084 0.6348
vn -0.1352 -0.5726 0.8086
vn 0.3532 -0.6666 0.6564
vn -0.08252 -0.5472 0.8329
vn 0.3731 -0.6529 0.6592
vn -0.05036 -0.5405 0.8398
vn 0.3697 -0.6692 0.6445
vn -0.03986 -0.5532 0.8321
vn -0.5702 -0.2311 0.7883
vn -0.3935 -0.3794 0.8373
vn -0.3677 -0.3712 0.8526
vn -0.5557 -0.2113 0.804
vn -0.3561 -0.373 0.8568
vn -0.5494 -0.1993 0.8114
vn -0.6216 -0.2906 0.7274
vn -0.48 -0.4235 0.7682
vn -0.4321 -0.3981 0.8092
vn -0.5929 -0.2586 0.7626
vn -0.879 0.1653 0.4471
vn -0.7773 -0.07843 0.6242
vn -0.7617 -0.03793 0.6467
vn -0.8643 0.1997 0.4615
vn -0.7477 -0.002228 0.664
vn -0.8499 0.2314 0.4734
vn -0.7359 0.02524 0.6766
vn -0.8359 0.2569 0.485
vn -0.7273 0.04462 0.6848
vn -0.8226 0.2763 0.4969
vn -0.8408 0.532 0.1003
vn -0.8701 0.3956 0.2938
vn -0.8555 0.4202 0.3026
vn -0.8242 0.5564 0.1051
vn -0.8401 0.4418 0.3148
vn -0.8061 0.5802 0.1162
vn -0.8733 0.4791 0.08795
vn -0.9002 0.3409 0.2709
vn -0.885 0.3682 0.2848
vn -0.8571 0.5059 0.09659
vn -0.5964 0.7024 -0.3885
vn -0.762 0.6374 -0.1142
vn -0.7449 0.6586 -0.1065
vn -0.5773 0.7228 -0.3797
vn -0.7252 0.6825 -0.09113
vn -0.5519 0.7509 -0.3626
vn -0.6227 0.6808 -0.3855
vn -0.7937 0.5958 -0.1226
vn -0.778 0.617 -0.1181
vn -0.6108 0.6894 -0.3895
vn -0.3783 0.6916 -0.6153
vn -0.3611 0.6844 -0.6334
vn -0.1455 0.6369 -0.7571
vn -0.3368 0.6867 -0.6442
vn -0.1118 0.6269 -0.771
vn -0.3036 0.7022 -0.644
vn -0.06961 0.632 -0.7718
vn -0.2597 0.7284 -0.634
vn -0.01706 0.6485 -0.7609
vn 0.03391 0.5764 -0.8165
vn 0.06009 0.5614 -0.8253
vn 0.09085 0.5642 -0.8206
vn 0.2441 0.4746 -0.8457
vn 0.1299 0.581 -0.8035
vn 0.2649 0.4957 -0.8271
vn 0.3906 0.3656 -0.8448
vn 0.4009 0.3859 -0.8309
vn 0.165 0.5926 -0.7884
vn 0.2824 0.5141 -0.8099
vn 0.1819 0.591 -0.7859
vn 0.2871 0.5192 -0.805
vn 0.03207 0.659 -0.7515
vn 0.06043 0.6564 -0.7519
vn 0.4091 0.4062 -0.8171
vn 0.5239 0.2894 -0.801
vn 0.41 0.4149 -0.8123
vn 0.5298 0.2917 -0.7964
vn 0.4137 0.418 -0.8087
vn 0.539 0.2879 -0.7915
vn 0.4274 0.4246 -0.7982
vn 0.5534 0.2872 -0.7818
vn 0.291 0.5219 -0.8018
vn 0.3059 0.5321 -0.7894
vn 0.1918 0.5913 -0.7833
vn 0.2106 0.603 -0.7694
vn 0.07782 0.6573 -0.7496
vn 0.1027 0.6706 -0.7346
vn 0.232 0.6131 -0.7552
vn 0.3249 0.5408 -0.7758
vn 0.246 0.6063 -0.7562
vn 0.3389 0.5351 -0.7738
vn 0.1289 0.6806 -0.7212
vn 0.145 0.6708 -0.7273
vn 0.4429 0.431 -0.7861
vn 0.5651 0.2904 -0.7722
vn 0.453 0.4274 -0.7823
vn 0.5675 0.2917 -0.77
vn 0.4541 0.4087 -0.7917
vn 0.557 0.2839 -0.7805
vn 0.4404 0.3804 -0.8132
vn 0.5323 0.2629 -0.8047
vn 0.3452 0.5135 -0.7856
vn 0.3383 0.4865 -0.8055
vn 0.2535 0.5841 -0.7711
vn 0.2531 0.5593 -0.7894
vn 0.1566 0.6455 -0.7475
vn 0.1675 0.6191 -0.7672
vn 0.4237 0.3646 -0.8291
vn 0.5087 0.2447 -0.8254
vn 0.4317 0.3824 -0.8169
vn 0.5082 0.2588 -0.8214
vn 0.3301 0.4755 -0.8154
vn 0.3492 0.4919 -0.7975
vn 0.2564 0.5501 -0.7947
vn 0.2862 0.5608 -0.7768
vn 0.1874 0.6056 -0.7734
vn 0.2269 0.6079 -0.7609
vn -0.08524 0.7615 -0.6425
vn -0.05002 0.7506 -0.6588
vn -0.004181 0.7494 -0.6621
vn -0.456 0.8405 -0.2925
vn -0.434 0.8489 -0.3015
vn -0.4765 0.8335 -0.2797
vn -0.122 0.7978 -0.5905
vn -0.106 0.7792 -0.6177
vn -0.4888 0.8306 -0.2668
vn -0.4979 0.8301 -0.2509
vn -0.6907 0.7211 0.05417
vn -0.6876 0.7231 0.06549
vn -0.6834 0.7255 0.08103
vn -0.7432 0.6106 0.2735
vn -0.7353 0.6043 0.3066
vn -0.7473 0.6189 0.2418
vn -0.6793 0.7276 0.09589
vn -0.6799 0.7254 0.1078
vn -0.728 0.5969 0.3371
vn -0.7284 0.5832 0.3595
vn -0.7585 0.4935 0.4255
vn -0.7481 0.4733 0.4651
vn -0.7317 0.4601 0.5028
vn -0.7086 0.2947 0.6411
vn -0.6866 0.2852 0.6687
vn -0.7255 0.3138 0.6125
vn -0.7161 0.4484 0.5349
vn -0.7117 0.4304 0.5552
vn -0.6668 0.2786 0.6912
vn -0.6603 0.2656 0.7024
vn -0.6002 0.0748 0.7963
vn -0.5837 0.07837 0.8081
vn -0.5789 0.07547 0.8119
vn -0.4725 -0.1274 0.872
vn -0.4719 -0.1214 0.8732
vn -0.4812 -0.1382 0.8656
vn -0.6343 0.07718 0.7692
vn -0.6191 0.07233 0.7819
vn -0.4917 -0.1497 0.8578
vn -0.4995 -0.157 0.8519
vn -0.7465 0.6371 0.1919
vn -0.7727 0.5244 0.3577
vn -0.7653 0.515 0.386
vn -0.7478 0.6287 0.2134
vn -0.7421 0.3349 0.5806
vn -0.7612 0.3429 0.5505
vn -0.6743 0.08451 0.7336
vn -0.6517 0.08386 0.7538
vn -0.5098 -0.1636 0.8446
vn -0.5253 -0.1733 0.8331
vn -0.7946 0.3132 0.5201
vn -0.7103 0.0708 0.7003
vn -0.6956 0.0791 0.714
vn -0.7793 0.3327 0.5311
vn -0.5399 -0.1824 0.8217
vn -0.547 -0.1874 0.8159
vn -0.7651 0.6245 0.157
vn -0.8026 0.4888 0.3419
vn -0.7848 0.5134 0.3471
vn -0.7505 0.6371 0.1756
vn -0.8224 0.4634 0.3301
vn -0.7859 0.6035 0.135
vn -0.809 0.2937 0.5091
vn -0.7199 0.05927 0.6915
vn -0.5483 -0.192 0.8139
vn -0.3588 -0.3912 0.8475
vn -0.3546 -0.3992 0.8455
vn -0.3407 -0.3982 0.8517
vn -0.03168 -0.645 0.7635
vn -0.002014 -0.6639 0.7478
vn -0.04688 -0.6125 0.7891
vn -0.3558 -0.3807 0.8535
vn -0.04419 -0.579 0.8141
vn 0.3521 -0.7053 0.6152
vn 0.3394 -0.7476 0.5708
vn 0.5726 -0.7074 0.4143
vn 0.5467 -0.7486 0.375
vn 0.3473 -0.7813 0.5185
vn 0.3714 -0.7963 0.4775
vn 0.5328 -0.7775 0.334
vn 0.534 -0.7885 0.3049
vn 0.3952 -0.799 0.4532
vn 0.02496 -0.6697 0.7422
vn 0.4112 -0.7993 0.4382
vn 0.04147 -0.6712 0.7401
vn 0.5414 -0.7899 0.2879
vn 0.547 -0.79 0.277
vn -0.3262 -0.391 0.8606
vn -0.3183 -0.3837 0.8668
vn -0.3152 -0.3756 0.8715
vn -0.3133 -0.3651 0.8766
vn 0.04755 -0.6735 0.7376
vn 0.04477 -0.6798 0.732
vn 0.4171 -0.8047 0.4225
vn 0.4107 -0.8205 0.3976
vn 0.5453 -0.7956 0.2637
vn 0.5327 -0.8118 0.2392
vn -0.3127 -0.3556 0.8808
vn -0.3154 -0.3458 0.8837
vn 0.04221 -0.6874 0.7251
vn 0.04529 -0.683 0.729
vn 0.4041 -0.8357 0.3719
vn 0.4115 -0.8328 0.3703
vn 0.5204 -0.827 0.2128
vn 0.5227 -0.8267 0.208
vn -0.3083 -0.3156 0.8974
vn -0.4618 -0.1032 0.8809
vn -0.2803 -0.2612 0.9237
vn -0.427 -0.06894 0.9016
vn 0.051 -0.6496 0.7585
vn 0.06153 -0.5924 0.8033
vn 0.4207 -0.8137 0.4011
vn 0.4187 -0.7887 0.4501
vn 0.5272 -0.8189 0.2268
vn 0.5182 -0.8149 0.2596
vn 0.4104 -0.7553 0.5109
vn 0.07001 -0.5364 0.841
vn 0.3978 -0.7016 0.5912
vn 0.06778 -0.4855 0.8715
vn 0.5092 -0.8021 0.3121
vn 0.5164 -0.766 0.3828
vn -0.2528 -0.2208 0.942
vn -0.3929 -0.05277 0.918
vn -0.2375 -0.2179 0.9466
vn -0.381 -0.06809 0.922
vn -0.1691 -0.2051 0.964
vn -0.3394 -0.06 0.9387
vn 0.08432 -0.03937 0.9956
vn -0.1588 0.1126 0.9808
vn 0.1089 -0.4035 0.9084
vn 0.3516 -0.1835 0.9179
vn 0.4034 -0.5994 0.6914
vn 0.5604 -0.3319 0.7588
vn 0.5432 -0.6968 0.4684
vn 0.6727 -0.4613 0.5784
vn 0.7928 0.09101 0.6026
vn 0.6873 0.1448 0.7118
vn 0.8362 0.3829 0.3925
vn 0.8282 0.3224 0.4584
vn 0.8444 0.03027 0.5349
vn 0.7895 0.4836 0.378
vn 0.4513 0.2633 0.8526
vn 0.1449 0.4223 0.8948
vn 0.6706 0.4345 0.6013
vn 0.37 0.6269 0.6856
vn 0.7505 0.5113 0.4186
vn 0.4967 0.7297 0.4699
vn 0.7519 0.6396 0.1596
vn 0.5629 0.8081 0.1733
vn 0.856 0.3924 0.3364
vn 0.8138 0.5655 0.1338
vn 0.8303 0.4595 0.3153
vn 0.7645 0.624 0.1617
vn 0.7612 0.5605 0.326
vn 0.6772 0.7093 0.1957
vn 0.2522 0.9337 -0.254
vn 0.3297 0.8907 -0.3131
vn 0.5434 0.8321 -0.1106
vn 0.4427 0.8946 -0.06091
vn 0.6156 0.7684 -0.1747
vn 0.3997 0.8257 -0.3981
vn 0.4746 0.7729 -0.4212
vn 0.6242 0.7617 -0.1734
vn 0.5493 0.8235 -0.1415
vn 0.5209 0.7668 -0.3751
vn 0.08307 0.9011 -0.4255
vn 0.1189 0.8714 -0.4758
vn 0.2285 0.8863 -0.4027
vn 0.171 0.92 -0.3525
vn 0.2998 0.8059 -0.5105
vn 0.1929 0.7594 -0.6213
vn 0.3384 0.5837 -0.7381
vn 0.4114 0.7043 -0.5785
vn 0.5239 0.6415 -0.5603
vn 0.5011 0.4157 -0.759
vn -0.04849 0.8369 -0.5451
vn 0.02689 0.6872 -0.7259
vn 0.2275 0.7327 -0.6413
vn 0.263 0.631 -0.7298
vn -0.05991 0.8745 -0.4813
vn 0.2191 0.7699 -0.5994
vn 0.2089 0.4424 -0.8721
vn 0.4157 0.1705 -0.8934
vn 0.348 0.4724 -0.8097
vn 0.4832 0.2797 -0.8296
vn 0.7757 -0.1342 -0.6166
vn 0.6643 0.165 -0.729
vn 0.5858 -0.08188 -0.8063
vn 0.7063 -0.256 -0.66
vn 0.6166 0.1746 -0.7677
vn 0.7014 0.1215 -0.7023
vn 0.7919 -0.5071 -0.3402
vn 0.8053 -0.3501 -0.4783
vn 0.7708 -0.3715 -0.5175
vn 0.7846 -0.487 -0.3836
vn 0.7646 0.06574 -0.6411
vn 0.8161 -0.03845 -0.5766
vn 0.6902 0.4599 -0.5586
vn 0.6581 0.6665 -0.3502
vn 0.8517 0.04859 -0.5217
vn 0.9074 0.2591 -0.3309
vn 0.8643 -0.3018 -0.4022
vn 0.9662 -0.156 -0.2053
vn 0.833 -0.4719 -0.2889
vn 0.9592 -0.2455 -0.1401
vn 0.6069 0.7861 -0.1167
vn 0.5297 0.8299 0.1748
vn 0.8872 0.4602 -0.03198
vn 0.7654 0.5739 0.2911
vn 0.9848 0.1106 0.134
vn 0.8577 0.3146 0.4065
vn 0.9771 0.1739 0.1227
vn 0.8493 0.4327 0.3023
vn 0.3109 0.5637 0.7652
vn 0.2197 0.6814 0.6981
vn 0.3889 0.7876 0.4779
vn 0.5553 0.6055 0.57
vn 0.3671 0.7414 0.5618
vn 0.3856 0.5086 0.7698
vn 0.6628 0.4364 0.6084
vn 0.6783 0.5929 0.4339
vn -0.5693 0.6264 0.5325
vn -0.4772 0.3918 0.7866
vn -0.02438 0.5122 0.8585
vn -0.1007 0.7814 0.6158
vn -0.01147 0.4505 0.8927
vn -0.3761 0.2704 0.8862
vn -0.292 0.2151 0.9319
vn -0.01303 0.4887 0.8723
vn -0.6023 0.1986 0.7731
vn -0.4896 0.0629 0.8697
vn -0.4517 0.06513 0.8898
vn -0.5649 0.1727 0.8069
vn -0.7671 0.4914 0.4123
vn -0.7065 0.3343 0.6238
vn -0.6902 0.294 0.6612
vn -0.772 0.4684 0.4295
vn -0.7196 0.5643 0.4046
vn -0.6927 0.41 0.5934
vn -0.6872 0.3934 0.6106
vn -0.7264 0.548 0.4147
vn -0.6081 0.2441 0.7554
vn -0.6295 0.2568 0.7333
vn -0.5362 0.09278 0.8389
vn -0.5031 0.08994 0.8595
vn -0.5686 0.07883 0.8188
vn -0.6527 0.2559 0.713
vn -0.7076 0.4143 0.5724
vn -0.7283 0.5691 0.3816
vn -0.5323 0.8061 -0.2586
vn -0.6851 0.7127 0.1503
vn -0.7034 0.6921 0.1621
vn -0.6193 0.7614 -0.1916
vn -0.7502 0.6415 0.1601
vn -0.6722 0.7317 -0.1132
vn -0.6834 0.719 0.1264
vn -0.4527 0.8414 -0.295
vn -0.122 0.4701 -0.8741
vn -0.2745 0.6624 -0.697
vn -0.5534 0.5983 -0.5795
vn -0.4307 0.3415 -0.8354
vn -0.3263 0.3287 -0.8863
vn -0.4693 0.5442 -0.6954
vn -0.5271 0.7256 -0.4422
vn -0.6012 0.7324 -0.3196
vn -0.04181 0.7282 -0.684
vn 0.1798 0.579 -0.7953
vn -0.756 0.6345 0.1604
vn -0.6558 0.7493 -0.09177
vn -0.5824 0.7914 0.1858
vn -0.491 0.8653 -0.1003
vn -0.5067 0.8143 -0.2831
vn -0.3175 0.8326 -0.4537
vn -0.3103 0.9006 -0.3044
vn -0.04443 0.8935 -0.4469
vn -0.01532 0.6478 -0.7616
vn 0.1854 0.3505 -0.918
vn 0.3772 0.6604 -0.6493
vn 0.6375 0.2696 -0.7216
vn 0.06833 0.9461 -0.3166
vn 0.3374 0.8499 -0.4046
vn 0.5868 0.7569 -0.2876
vn 0.7679 0.5764 -0.2794
vn -0.1097 0.987 -0.1171
vn 0.4217 0.895 -0.1453
vn 0.6788 0.5574 -0.478
vn 0.8717 0.1503 -0.4664
vn 0.915 0.3193 -0.2467
vn 0.9764 0.02029 -0.2149
vn 0.9996 -0.02237 -0.01578
vn 0.9894 -0.1355 0.05161
vn 0.9518 -0.268 0.1491
vn 0.9109 -0.2794 0.3036
vn 0.9847 0.1125 -0.1328
vn 0.9768 -0.2007 -0.0744
vn 0.9151 0.3252 -0.2383
vn 0.9689 0.0181 -0.2467
vn 0.7982 0.5708 -0.1925
vn 0.9068 0.3325 -0.2591
vn 0.905 -0.3563 -0.2325
vn 0.872 -0.4657 -0.1506
vn 0.9427 -0.2105 -0.2587
vn 0.9495 0.07608 -0.3045
vn 0.9251 -0.3751 -0.0589
vn 0.8434 -0.536 0.03708
vn 0.7316 -0.5449 0.4096
vn 0.872 -0.413 0.2626
vn 0.7724 -0.3792 0.5094
vn 0.5578 -0.4512 0.6966
vn 0.7636 -0.6448 -0.0332
vn 0.7843 -0.6202 0.01248
vn 0.7877 -0.6159 -0.009125
vn 0.7963 -0.5981 -0.08997
vn 0.7606 -0.6344 0.1383
vn 0.8069 -0.5877 0.05893
vn 0.7952 -0.5052 0.3352
vn 0.634 -0.6063 0.4801
vn 0.4411 -0.4319 0.7867
vn 0.7334 -0.218 0.6439
vn 0.8481 -0.5254 -0.06751
vn 0.8986 -0.4164 -0.1385
vn 0.904 0.02741 -0.4265
vn 0.8794 0.106 -0.4642
vn 0.7889 -0.6121 -0.05441
vn 0.9119 -0.06952 -0.4045
vn 0.9709 -0.2314 -0.06223
vn 0.9825 0.1276 0.1358
vn 0.8741 0.1839 -0.4495
vn 0.8466 0.3793 -0.3732
vn 0.7552 0.3187 0.5727
vn 0.6781 0.1132 0.7262
vn 0.8871 0.4416 0.1343
vn 0.8373 0.5444 -0.05014
vn 0.74 0.5448 -0.3944
vn 0.6811 0.5594 -0.4724
vn 0.678 0.7111 0.1859
vn 0.8055 0.4989 0.3198
vn 0.7733 0.5785 -0.2593
vn 0.6695 0.6565 -0.3475
vn 0.636 0.5474 -0.5438
vn 0.6016 0.5603 -0.5693
vn 0.4007 -0.2168 0.8902
vn 0.5174 -0.3446 0.7832
vn 0.5292 -0.01074 0.8484
vn 0.5645 -0.1891 0.8035
vn 0.6431 0.2734 0.7153
vn 0.5998 0.1174 0.7914
vn 0.5134 0.6111 0.6024
vn 0.4226 0.5693 0.7052
vn 0.7334 -0.3376 0.5901
vn 0.8952 -0.272 0.3529
vn 0.7021 -0.2346 0.6723
vn 0.8608 -0.2034 0.4665
vn 0.642 0.06149 0.7642
vn 0.7579 0.0838 0.647
vn 0.4153 0.6044 0.6798
vn 0.4835 0.671 0.5621
vn 0.9842 -0.03946 -0.1726
vn 0.9784 -0.07575 -0.1924
vn 0.982 -0.1758 0.06879
vn 0.9795 -0.1288 0.1546
vn 0.6977 0.5743 -0.4283
vn 0.9585 0.1837 -0.2181
vn 0.9442 0.1467 0.2949
vn 0.6605 0.7323 0.1655
vn 0.5122 0.2531 -0.8207
vn 0.6202 0.1093 -0.7768
vn 0.7956 0.1508 -0.5867
vn 0.5988 0.3637 -0.7135
vn 0.8754 0.03134 -0.4824
vn 0.6679 0.07999 -0.7399
vn 0.6816 0.1183 -0.722
vn 0.8929 0.01962 -0.4498
vn 0.0972 0.1625 -0.9819
vn -0.1719 0.2387 -0.9557
vn 0.2857 0.2077 -0.9355
vn 0.3893 0.1198 -0.9133
vn 0.4993 0.2737 -0.822
vn 0.4329 0.1498 -0.8889
vn 0.4948 0.09726 -0.8635
vn 0.4785 0.2245 -0.8489
vn 0.5339 0.3331 -0.7772
vn 0.4617 0.3669 -0.8076
vn 0.4402 0.2636 -0.8583
vn 0.5223 0.3279 -0.7872
vn 0.07193 0.2526 -0.9649
vn 0.257 0.4025 -0.8786
vn -0.009308 0.4373 -0.8992
vn -0.2996 0.2871 -0.9098
vn 0.2592 0.543 -0.7987
vn 0.3599 0.4899 -0.794
vn 0.4565 0.4033 -0.793
vn 0.5257 0.3013 -0.7955
vn 0.5984 -0.069 -0.7982
vn 0.5526 0.2222 -0.8032
vn 0.4855 0.2559 -0.8359
vn 0.5222 -0.09467 -0.8476
vn 0.4149 0.2757 -0.8671
vn 0.4493 0.01431 -0.8932
vn 0.6317 -9.156e-05 -0.7752
vn 0.5726 0.1331 -0.8089
vn 0.5773 0.1724 -0.7981
vn 0.6341 -0.01663 -0.773
vn 0.651 0.05857 -0.7568
vn 0.6008 0.1541 -0.7843
vn 0.576 0.1317 -0.8068
vn 0.6309 0.02435 -0.7754
vn 0.7486 -0.4172 -0.5153
vn 0.6971 -0.1731 -0.6958
vn 0.6954 -0.2857 -0.6594
vn 0.7114 -0.5643 -0.4189
vn 0.6399 -0.4562 -0.6183
vn 0.6234 -0.7123 -0.3224
vn 0.7719 -0.2712 -0.575
vn 0.7056 -0.06183 -0.7058
vn 0.6906 -0.1135 -0.7143
vn 0.7523 -0.3371 -0.566
vn 0.8116 -0.1956 -0.5505
vn 0.7438 -0.009644 -0.6683
vn 0.7287 -0.02634 -0.6843
vn 0.7961 -0.221 -0.5633
vn 0.679 0.0791 -0.7299
vn 0.6973 0.08374 -0.7119
vn 0.65 0.1685 -0.741
vn 0.6315 0.1688 -0.7567
vn 0.8181 -0.1988 -0.5396
vn 0.7427 0.01132 -0.6695
vn 0.7478 0.0006714 -0.6639
vn 0.8177 -0.1885 -0.5438
vn 0.7006 0.08808 -0.708
vn 0.69 0.1019 -0.7166
vn 0.642 0.1705 -0.7475
vn 0.6526 0.1663 -0.7392
vn 0.6492 0.1549 -0.7447
vn 0.6077 0.2013 -0.7682
vn 0.6243 0.184 -0.7591
vn 0.6701 0.1274 -0.7312
vn 0.8349 -0.2233 -0.503
vn 0.7278 0.04105 -0.6845
vn 0.7341 0.02564 -0.6785
vn 0.8217 -0.2161 -0.5274
vn 0.7274 0.04181 -0.6849
vn 0.852 -0.2285 -0.4711
vn 0.6343 0.1667 -0.7548
vn 0.595 0.2101 -0.7757
vn 0.8538 -0.502 -0.1378
vn 0.7488 -0.6458 0.1489
vn 0.8321 -0.5235 -0.1829
vn 0.7173 -0.6869 0.1167
vn 0.8177 -0.5324 -0.2189
vn 0.6927 -0.7149 0.09497
vn 0.8204 -0.5201 -0.2374
vn 0.6865 -0.7217 0.08829
vn 0.6558 -0.69 0.3064
vn 0.6238 -0.7314 0.2755
vn 0.5991 -0.7605 0.2503
vn 0.5896 -0.7719 0.2375
vn 0.8266 -0.5063 -0.2457
vn 0.6893 -0.7194 0.08518
vn 0.8222 -0.5084 -0.2558
vn 0.6882 -0.7215 0.07663
vn 0.5894 -0.7742 0.2307
vn 0.5891 -0.7763 0.2242
vn 0.5821 -0.7842 0.2149
vn 0.5652 -0.801 0.1971
vn 0.6766 -0.7335 0.06507
vn 0.6509 -0.7573 0.05277
vn 0.8044 -0.53 -0.2681
vn 0.7719 -0.5737 -0.2738
vn 0.5474 -0.8177 0.1776
vn 0.539 -0.8238 0.1753
vn 0.622 -0.7816 0.04645
vn 0.5982 -0.799 0.06149
vn 0.7378 -0.6229 -0.2602
vn 0.7092 -0.6734 -0.2087
vn 0.5286 -0.827 0.1914
vn 0.5079 -0.8332 0.2185
vn 0.5643 -0.82 0.09519
vn 0.5236 -0.842 0.1297
vn 0.651 -0.7485 -0.1257
vn 0.5765 -0.8151 -0.0567
vn 0.5638 -0.8258 -0.01498
vn 0.5192 -0.8377 0.1691
vn 0.6398 -0.7684 0.0155
vn 0.5728 -0.7908 0.2156
vn 0.589 -0.7493 -0.3027
vn 0.672 -0.64 -0.3724
vn 0.5021 -0.8246 0.2607
vn 0.534 -0.7866 0.3101
vn 0.7508 -0.6603 0.01935
vn 0.6425 -0.7252 0.2474
vn 0.8773 -0.4773 -0.04959
vn 0.724 -0.6357 0.2676
vn 0.802 -0.3472 -0.486
vn 0.8442 0.008728 -0.5358
vn 0.5857 -0.729 0.3541
vn 0.6955 -0.5743 0.4316
vn 0.5767 -0.5131 -0.6357
vn 0.5724 -0.3481 -0.7424
vn 0.579 0.01559 -0.8152
vn 0.4879 0.4173 -0.7667
vn 0.3891 0.2595 -0.8838
vn 0.3218 0.5166 -0.7935
vn 0.3775 0.3236 -0.8676
vn 0.3728 0.4317 -0.8213
vn 0.3762 0.5689 -0.7313
vn 0.2662 0.6837 -0.6794
vn 0.3354 0.783 -0.5239
vn 0.1701 0.8595 -0.4819
vn 0.3189 0.7064 -0.6319
vn 0.727 0.441 -0.5263
vn 0.1088 0.9048 -0.4116
vn 0.2188 0.8898 -0.4004
vn -0.0788 0.985 -0.1538
vn -0.08164 0.9664 -0.2435
vn -0.1854 0.9805 0.06494
vn -0.1958 0.9693 -0.1487
vn 0.03555 0.9833 -0.1785
vn -0.05747 0.9939 0.09363
vn 0.2297 0.9621 -0.1469
vn 0.1296 0.9746 0.1827
vn 0.07483 0.7996 0.5958
vn 0.07645 0.9152 0.3956
vn -0.1213 0.9293 0.3487
vn -0.1547 0.7564 0.6355
vn -0.3112 0.8367 0.4505
vn -0.2501 0.9372 0.2432
vn -0.2315 0.9652 -0.1215
vn -0.2534 0.9617 -0.1048
vn 0.4582 0.839 0.2933
vn 0.1942 0.7382 0.646
vn -0.06439 0.6208 0.7812
vn 0.2378 0.8187 0.5227
vn -0.08396 0.897 0.4339
vn -0.2893 0.7874 0.5443
vn -0.2732 0.957 -0.09696
vn -0.2474 0.9565 -0.1547
vn 0.5864 0.7685 -0.2561
vn 0.4911 0.8686 -0.06473
vn 0.5917 0.6058 -0.5318
vn 0.5745 0.6791 -0.4568
vn 0.1945 0.9803 -0.03537
vn -0.1708 0.9387 -0.2995
vn 0.3656 0.828 -0.4252
vn 0.1636 0.8317 -0.5306
vn -0.03314 0.836 -0.5477
vn -0.1242 0.8474 -0.5162
vn -0.2432 0.8464 -0.4738
vn -0.1698 0.8292 -0.5325
vn 0.1379 0.7889 -0.5988
vn 0.151 0.7711 -0.6186
vn 0.03272 0.8773 -0.4787
vn -0.09461 0.8536 -0.5123
vn 0.1879 0.7704 -0.6092
vn 0.1039 0.9047 -0.4131
vn 0.03671 0.8538 -0.5192
vn 0.1699 0.9315 -0.3215
vn 0.07147 0.8848 -0.4605
vn -0.06534 0.8606 -0.505
vn -0.06824 0.8898 -0.4512
vn 0.3492 0.9207 -0.1741
vn 0.1734 0.9085 -0.3802
vn 0.6184 0.7845 0.04602
vn 0.3892 0.8839 -0.2593
vn -0.06186 0.9162 -0.3959
vn 0.002655 0.9349 -0.3548
vn 0.8508 0.4033 0.337
vn 0.7794 0.5843 0.2259
vn 0.609 0.7803 -0.1422
vn 0.926 0.3729 0.05899
vn 0.6774 0.6812 -0.2777
vn 0.1777 0.9275 -0.3289
vn 0.9882 0.01364 -0.1524
vn 0.9384 -0.2007 0.2813
vn 0.8847 -0.03543 0.4647
vn 0.7724 -0.6111 -0.1729
vn 0.7783 -0.5932 -0.2056
vn 0.873 -0.1161 -0.4737
vn 0.811 -0.5545 -0.1863
vn 0.9454 -0.2491 -0.2102
vn 0.9597 0.2553 -0.1177
vn 0.8449 0.5342 -0.02585
vn 0.3498 0.9226 0.1624
vn 0.7039 0.7074 0.06421
vn -0.1602 0.9647 0.2089
vn -0.7061 0.7049 -0.06751
vn -0.5295 0.7766 -0.3412
vn -0.6939 0.719 -0.03684
vn -0.523 0.7909 -0.3177
vn -0.6915 0.7224 -0.002472
vn -0.5271 0.7999 -0.287
vn -0.6937 0.7198 0.02673
vn -0.5237 0.8125 -0.256
vn -0.2186 0.7501 -0.6241
vn -0.1982 0.7593 -0.6198
vn -0.1896 0.7701 -0.6091
vn -0.1706 0.7904 -0.5883
vn -0.6935 0.7191 0.04419
vn -0.5102 0.8251 -0.2425
vn -0.1428 0.8042 -0.5769
vn -0.3873 0.7017 -0.598
vn -0.6297 0.6773 -0.3804
vn -0.8052 0.579 -0.1281
vn -0.8865 0.4567 0.07367
vn -0.9153 0.3163 0.2492
vn -0.8959 0.1298 0.4248
vn -0.7958 -0.1212 0.5932
vn -0.6534 -0.3251 0.6836
vn -0.5305 -0.4524 0.7168
vn -0.2797 -0.6464 0.7099
vn 0.1514 -0.8224 0.5484
vn 0.4556 -0.8237 0.3376
vn 0.583 -0.7827 0.218
vn 0.6936 -0.718 0.05744
vn 0.7772 -0.61 -0.1545
vn -0.3194 0.8123 -0.488
vn -0.532 0.6181 -0.5787
vn -0.4695 0.5831 -0.663
vn -0.2663 0.7771 -0.5702
vn -0.6707 0.3356 -0.6613
vn -0.6973 0.3706 -0.6135
vn -0.1026 0.8795 -0.4647
vn -0.08432 0.8477 -0.5238
vn 0.02188 0.745 -0.6666
vn -0.2035 0.8099 -0.5501
vn -0.1484 0.8577 -0.4922
vn 0.07675 0.8063 -0.5864
vn -0.3507 0.8263 -0.4406
vn -0.3778 0.8112 -0.4464
vn -0.5291 0.7636 -0.37
vn -0.5381 0.7167 -0.4435
vn -0.7034 0.5587 -0.4393
vn -0.6906 0.6556 -0.3053
vn -0.01349 0.6901 -0.7235
vn -0.2426 0.7644 -0.5973
vn -0.2379 0.7759 -0.5842
vn -0.009644 0.707 -0.7072
vn -0.3994 0.7884 -0.4679
vn -0.4016 0.7821 -0.4765
vn -0.5418 0.7565 -0.3662
vn -0.5384 0.7578 -0.3684
vn -0.7047 0.6544 -0.2742
vn -0.7173 0.6513 -0.2474
vn 0.07727 0.6722 -0.7363
vn -0.07636 0.7882 -0.6106
vn -0.19 0.775 -0.6026
vn 0.01737 0.682 -0.7311
vn -0.3428 0.8207 -0.4571
vn -0.1789 0.8917 -0.4158
vn -0.2439 0.967 -0.07321
vn -0.4781 0.8314 -0.2832
vn -0.6376 0.77 -0.02176
vn -0.1943 0.8501 0.4894
vn -0.0126 0.608 -0.7938
vn -0.1053 0.7428 -0.6611
vn -0.01422 0.7758 -0.6308
vn 0.09195 0.6513 -0.7532
vn -0.06278 0.9095 -0.4109
vn -0.1603 0.8654 -0.4746
vn -0.2308 0.9623 -0.1437
vn -0.05634 0.9977 0.03836
vn 0.1067 0.7909 0.6025
vn -0.2422 0.9247 0.2935
vn 0.5154 0.1509 -0.8435
vn 0.2401 0.3757 -0.895
vn 0.324 0.4572 -0.8282
vn 0.5592 0.2427 -0.7927
vn 0.3265 0.4926 -0.8066
vn 0.5649 0.2786 -0.7767
vn 0.3015 0.5065 -0.8078
vn 0.5609 0.2845 -0.7774
vn 0.2876 0.522 -0.803
vn 0.5606 0.2924 -0.7747
vn 0.6934 0.06763 -0.7173
vn 0.6443 0.05994 -0.7624
vn 0.6658 0.1452 -0.7319
vn 0.689 0.1715 -0.7042
vn 0.6808 0.1773 -0.7107
vn 0.6972 0.266 -0.6657
vn 0.7084 0.1592 -0.6876
vn 0.7549 0.283 -0.5916
vn 0.7407 0.1069 -0.6632
vn 0.854 0.1004 -0.5104
vn 0.5681 0.8206 0.06171
vn 0.6787 0.5681 -0.4654
vn 0.6903 0.6543 -0.3088
vn 0.3882 0.8943 0.2224
vn 0.9165 0.3191 -0.2412
vn 0.8124 0.5522 0.1874
vn 0.9698 0.1734 -0.1714
vn 0.7936 0.09043 -0.6017
vn 0.7622 0.2898 -0.5788
vn 0.853 0.5149 -0.0857
vn 0.5014 0.4484 0.7399
vn 0.8603 0.2895 0.4195
vn 0.591 0.637 0.495
vn 0.1429 0.7296 0.6687
vn 0.2508 0.8088 0.5318
vn -0.04068 0.7848 0.6184
vn 0.08097 0.8229 0.5624
vn -0.0582 0.746 0.6633
vn 0.5706 0.5994 0.5613
vn 0.4119 0.2922 0.8631
vn 0.05737 0.6601 0.7489
vn 0.1971 0.5951 0.7791
vn -0.08097 0.8085 0.5829
vn -0.009766 0.822 0.5693
vn -0.12 0.7977 0.591
vn 0.04877 0.7525 0.6568
vn -0.01608 0.5778 0.816
vn 0.1561 0.3513 0.9231
vn 0.2288 -0.07599 0.9705
vn 0.206 -0.3012 0.931
vn -0.0965 0.5808 0.8083
vn -0.04373 0.6398 0.7673
vn 0.1497 0.7516 0.6424
vn 0.1969 0.6282 0.7527
vn 0.2821 0.6194 0.7326
vn 0.3283 0.4718 0.8183
vn 0.3448 0.1784 0.9215
vn 0.3051 0.07099 0.9496
vn 0.2701 -0.3809 0.8843
vn 0.1348 -0.3785 0.9157
vn -0.2176 0.3225 0.9212
vn 0.1008 0.3748 0.9216
vn -0.05383 0.03183 0.998
vn -0.4723 0.01971 0.8812
vn -0.2633 -0.3493 0.8993
vn -0.6472 -0.2896 0.7051
vn -0.2686 0.409 0.8721
vn -0.1738 0.4829 0.8582
vn 0.06333 0.5171 0.8535
vn -0.1224 0.4485 0.8853
vn -0.361 0.5506 0.7527
vn -0.4074 0.3747 0.8328
vn -0.7373 0.08182 0.6706
vn -0.8375 0.2373 0.4921
vn -0.8679 -0.1834 0.4617
vn -0.9661 -0.03766 0.2555
vn -0.2508 0.4706 0.8459
vn -0.3162 0.3999 0.8603
vn -0.1927 0.475 0.8586
vn -0.005829 0.5931 0.8051
vn 0.04514 0.5733 0.8181
vn -0.1184 0.6605 0.7414
vn -0.7968 0.4203 0.4341
vn -0.7261 0.5139 0.4568
vn -0.9874 0.1195 0.1038
vn -0.9608 0.2769 -0.01038
vn -0.1529 0.6307 0.7608
vn -0.1237 0.5499 0.826
vn 0.3122 0.5809 0.7517
vn 0.4357 0.4258 0.793
vn -0.2073 0.7657 0.6088
vn 0.3264 0.4411 0.836
vn -0.008393 0.5526 0.8334
vn -0.7242 0.619 0.3039
vn -0.8775 0.4633 -0.1238
vn -0.8659 0.4639 -0.1873
vn -0.8476 0.4722 -0.2418
vn -0.9645 0.2441 -0.1002
vn -0.9572 0.24 -0.1614
vn -0.9992 0.03864 0.01126
vn -0.9989 0.003876 -0.04675
vn -0.9769 -0.1511 0.1509
vn -0.9746 -0.2067 0.08585
vn -0.8422 0.3868 -0.3755
vn -0.8265 0.1992 -0.5265
vn -0.9487 0.1747 -0.2634
vn -0.9275 0.03281 -0.3724
vn -0.9604 -0.2785 -0.007691
vn -0.9894 -0.06561 -0.1293
vn -0.9575 -0.1779 -0.2269
vn -0.919 -0.3708 -0.1341
vn -0.8841 -0.3992 0.2429
vn -0.8748 -0.4707 0.1143
vn -0.8373 -0.5427 -0.0658
vn -0.729 -0.6407 0.241
vn -0.7193 -0.6947 -0.004059
vn -0.7096 -0.5636 0.4229
vn -0.8869 -0.3263 0.3269
vn -0.6995 -0.4716 0.5368
vn -0.8331 -0.5477 -0.07727
vn -0.9214 -0.3665 -0.1295
vn -0.7119 -0.7002 -0.05286
vn -0.96 -0.1845 -0.2105
vn -0.9364 0.003113 -0.3508
vn -0.5913 -0.8065 0.002716
vn -0.6062 -0.7916 -0.07688
vn -0.5028 -0.8524 -0.1432
vn -0.4625 -0.8849 -0.05512
vn -0.1278 -0.7565 0.6414
vn -0.3196 -0.8876 0.3316
vn -0.539 -0.7781 0.3224
vn -0.4417 -0.6865 0.5776
vn 0.05908 -0.7783 0.625
vn -0.1376 -0.9433 0.3019
vn -0.3302 -0.9363 -0.1198
vn -0.04031 -0.959 0.2805
vn -0.2037 -0.9681 -0.1458
vn 0.1072 -0.791 0.6023
vn -0.3648 -0.9043 -0.2216
vn -0.2076 -0.9432 -0.2593
vn 0.1554 -0.6423 0.7505
vn -0.01825 -0.622 0.7828
vn 0.1672 -0.6546 0.7373
vn -0.3815 -0.5739 0.7246
vn 0.2845 -0.8105 0.5119
vn 0.1446 -0.9642 0.2221
vn -0.01727 -0.9879 -0.1542
vn 0.4874 -0.8725 -0.03256
vn 0.3048 -0.9182 -0.2528
vn 0.6353 -0.7549 0.1625
vn 0.3336 -0.6579 0.6752
vn 0.7339 -0.5231 0.4332
vn 0.9602 -0.2588 0.1046
vn 0.79 -0.5737 -0.2162
vn 0.984 -0.1466 -0.1012
vn 0.8267 -0.4577 -0.3272
vn 0.6845 -0.6588 -0.312
vn 0.5726 -0.7149 -0.4011
vn 0.7592 -0.5116 -0.4023
vn 0.5711 -0.7086 -0.4143
vn 0.3041 -0.9037 -0.3013
vn -0.003693 -0.9677 -0.252
vn 0.8665 -0.1699 -0.4693
vn 0.8695 -0.1579 -0.4679
vn 0.8384 -0.3641 -0.4055
vn 0.8671 -0.3471 -0.3572
vn 0.9386 -0.1846 -0.2914
vn 0.8755 -0.116 -0.4691
vn 0.7592 0.07065 -0.647
vn 0.7749 0.07666 -0.6274
vn 0.5649 0.3107 -0.7644
vn 0.5831 0.3458 -0.7351
vn 0.8037 0.1066 -0.5854
vn 0.6225 0.3986 -0.6735
vn 0.2877 0.5457 -0.787
vn 0.3081 0.5883 -0.7476
vn 0.3506 0.6547 -0.6696
vn -0.8351 0.1574 -0.527
vn -0.6781 0.7097 -0.191
vn -0.825 0.5647 -0.02023
vn -0.737 0.668 0.1027
vn -0.6036 0.7873 -0.1256
vn -0.7895 0.4898 0.3697
vn -0.9076 0.3662 0.2052
vn -0.8559 0.2384 0.4589
vn -0.7356 0.3342 0.5892
vn -0.6239 0.2757 0.7313
vn -0.7454 0.203 0.6349
vn -0.7654 0.6226 -0.1628
vn -0.8425 0.5279 0.1067
vn -0.8207 0.5666 0.07327
vn -0.7109 0.6838 -0.1642
vn -0.8656 0.3977 0.3041
vn -0.8486 0.3977 0.3488
vn -0.8012 0.3052 0.5146
vn -0.8296 0.2709 0.4883
vn -0.7536 0.2185 0.62
vn -0.7282 0.2674 0.631
vn -0.5438 0.6303 -0.554
vn -0.6548 0.6516 -0.3828
vn -0.5854 0.7201 -0.3723
vn -0.4674 0.6962 -0.5448
vn -0.5354 0.7617 -0.3648
vn -0.4112 0.7377 -0.5355
vn -0.4563 0.8275 -0.3271
vn -0.3282 0.7866 -0.5229
vn -0.2172 0.5204 -0.8258
vn -0.3257 0.6607 -0.6763
vn -0.2546 0.6956 -0.6717
vn -0.1579 0.5527 -0.8183
vn -0.2612 0.415 -0.8715
vn -0.4299 0.5572 -0.7104
vn -0.3685 0.6221 -0.6908
vn -0.2336 0.4827 -0.844
vn 0.3854 0.05673 -0.921
vn 0.05756 0.2826 -0.9575
vn 0.1145 0.3048 -0.9455
vn 0.4378 0.06919 -0.8964
vn 0.3099 0.001312 -0.9507
vn 0.02008 0.2004 -0.9795
vn 0.04358 0.2596 -0.9647
vn 0.3532 0.05127 -0.9341
vn 0.6338 -0.1618 -0.7563
vn 0.5033 -0.1094 -0.8571
vn 0.5476 -0.05051 -0.8352
vn 0.6606 -0.08759 -0.7456
vn 0.5775 -0.03714 -0.8155
vn 0.6783 -0.05985 -0.7323
vn 0.6084 -0.01749 -0.7934
vn 0.6907 -0.02109 -0.7228
vn 0.9314 -0.2513 -0.2633
vn 0.8036 -0.1112 -0.5846
vn 0.8047 -0.03854 -0.5924
vn 0.9653 -0.09729 -0.2422
vn 0.9054 -0.3764 -0.1962
vn 0.7855 -0.2363 -0.572
vn 0.7981 -0.1552 -0.5822
vn 0.9195 -0.315 -0.235
vn 0.7536 -0.563 0.3392
vn 0.8488 -0.5004 0.1706
vn 0.8668 -0.4871 0.1067
vn 0.7492 -0.5994 0.2817
vn 0.9027 -0.4221 0.08365
vn 0.7771 -0.547 0.3111
vn 0.96 -0.1647 0.2264
vn 0.7853 -0.1574 0.5988
vn 0.4303 -0.5904 0.6828
vn 0.6595 -0.5899 0.4658
vn 0.6322 -0.6458 0.4279
vn 0.3723 -0.6458 0.6665
vn 0.6241 -0.588 0.5145
vn 0.3099 -0.5402 0.7824
vn 0.5463 -0.06253 0.8353
vn 0.2394 0.009369 0.9709
vn -0.367 -0.1378 0.9199
vn -0.005341 -0.4414 0.8973
vn -0.1438 -0.4701 0.8708
vn -0.5174 -0.1353 0.8449
vn -0.2362 -0.318 0.9182
vn -0.5707 0.0002747 0.8212
vn -0.2057 0.146 0.9677
vn -0.4296 0.3095 0.8483
vn -0.6096 0.1947 0.7684
vn -0.6051 0.1509 0.7817
vn -0.4604 0.3167 0.8293
vn -0.4851 0.29 0.825
vn -0.5726 0.2145 0.7913
vn -0.5037 0.1017 0.8578
vn -0.6016 0.08151 0.7946
vn -0.6284 0.1702 0.759
vn -0.6542 0.2003 0.7293
vn -0.5373 0.2715 0.7984
vn -0.6451 0.2506 0.7218
vn -0.6774 0.1984 0.7084
vn -0.5812 0.3434 0.7378
vn -0.4834 0.2962 0.8238
vn -0.4783 0.468 0.7431
vn -0.3809 0.3883 0.8391
vn -0.6799 0.3545 0.6419
vn -0.581 0.498 0.6438
vn -0.3758 0.163 0.9122
vn -0.2058 -0.07892 0.9754
vn -0.267 0.2271 0.9365
vn -0.09555 -0.01392 0.9953
vn -0.3509 0.5842 0.7318
vn -0.2787 0.4648 0.8404
vn -0.2504 0.6529 0.7148
vn -0.2005 0.5087 0.8373
vn -0.4371 0.6545 0.6168
vn -0.3169 0.7582 0.5697
vn -0.1835 0.2807 0.9421
vn -0.02994 0.04477 0.9985
vn -0.1214 0.3204 0.9395
vn 0.01703 0.09995 0.9948
vn -0.07074 0.3557 0.9319
vn 0.0622 0.1594 0.9852
vn -0.03278 0.3891 0.9206
vn 0.0979 0.2167 0.9713
vn -0.1488 0.5309 0.8342
vn -0.1229 0.5428 0.8308
vn -0.1978 0.6796 0.7064
vn -0.1971 0.6785 0.7076
vn -0.2682 0.8006 0.5359
vn -0.3054 0.7908 0.5304
vn 0.3883 -0.208 0.8977
vn 0.1973 -0.08652 0.9765
vn 0.2252 -0.007691 0.9743
vn 0.3839 -0.1276 0.9145
vn 0.2463 0.06333 0.9671
vn 0.3829 -0.05716 0.922
vn 0.4429 -0.3847 0.8098
vn 0.157 -0.2489 0.9557
vn 0.1788 -0.1644 0.97
vn 0.411 -0.2924 0.8634
vn 0.2392 0.113 0.9644
vn 0.3565 -0.009766 0.9342
vn 0.1911 0.1408 0.9714
vn 0.2835 0.01337 0.9589
vn 0.1084 0.2589 0.9598
vn 0.08011 0.2828 0.9558
vn -0.01883 0.4134 0.9103
vn -0.04312 0.4243 0.9045
vn -0.128 0.5452 0.8285
vn -0.169 0.5362 0.827
vn 0.5825 -0.4877 0.6503
vn 0.5023 -0.2006 0.8411
vn 0.4497 -0.1559 0.8795
vn 0.4841 -0.448 0.7516
vn 0.3471 -0.1346 0.9281
vn 0.3454 -0.4044 0.8468
vn 0.7374 -0.4725 0.4827
vn 0.5781 -0.3102 0.7546
vn 0.5375 -0.2575 0.803
vn 0.6687 -0.4969 0.5531
vn 0.645 -0.742 -0.1824
vn 0.7555 -0.6438 0.1213
vn 0.6487 -0.7392 0.1808
vn 0.5125 -0.8507 -0.1163
vn 0.5166 -0.7944 0.3194
vn 0.3661 -0.9297 0.03912
vn 0.3801 -0.7856 0.4881
vn 0.2238 -0.9456 0.2361
vn 0.225 -0.7301 0.6453
vn 0.07752 -0.9014 0.426
vn 0.1284 -0.9238 -0.3607
vn 0.2468 -0.9557 -0.1599
vn 0.1259 -0.9904 0.05609
vn 0.03519 -0.9903 -0.1343
vn -0.005829 -0.963 0.2694
vn -0.08408 -0.9908 0.1056
vn 0.297 -0.719 -0.6283
vn 0.4854 -0.7652 -0.4228
vn 0.3681 -0.8688 -0.3311
vn 0.2123 -0.8201 -0.5314
vn -0.1451 -0.6943 -0.7049
vn 0.004852 -0.8358 -0.549
vn -0.0719 -0.9397 -0.3344
vn -0.2174 -0.826 -0.52
vn -0.1917 -0.9784 -0.07715
vn -0.3454 -0.9024 -0.2575
vn -0.05957 -0.4976 -0.8653
vn 0.1153 -0.6234 -0.7733
vn 0.06149 -0.7171 -0.6942
vn -0.09687 -0.5751 -0.8123
vn -0.4661 -0.1033 -0.8786
vn -0.2658 -0.3189 -0.9098
vn -0.2962 -0.3782 -0.877
vn -0.4887 -0.1534 -0.8588
vn -0.3418 -0.4812 -0.8072
vn -0.5266 -0.2301 -0.8184
vn -0.4113 -0.6222 -0.6661
vn -0.5909 -0.3496 -0.727
vn -0.541 -0.7297 -0.4181
vn -0.7154 -0.4663 -0.5203
vn -0.7523 0.1931 -0.6299
vn -0.6595 -0.001801 -0.7516
vn -0.7128 -0.08216 -0.6965
vn -0.7923 0.1468 -0.5922
vn -0.8213 -0.178 -0.5419
vn -0.8719 0.08521 -0.4822
vn -0.7082 0.2874 -0.6449
vn -0.6117 0.1004 -0.7846
vn -0.6308 0.0509 -0.7742
vn -0.7288 0.2328 -0.6439
vn -0.7515 0.6133 -0.243
vn -0.7574 0.4595 -0.4638
vn -0.7819 0.3982 -0.4797
vn -0.7782 0.5561 -0.2918
vn -0.8074 0.3544 -0.4717
vn -0.8162 0.4951 -0.2978
vn -0.8398 0.3211 -0.4376
vn -0.8533 0.4483 -0.2662
vn -0.8901 0.2842 -0.3562
vn -0.8874 0.4126 -0.2051
vn -0.637 0.7668 0.07862
vn -0.7627 0.6356 -0.1196
vn -0.8227 0.561 -0.09235
vn -0.732 0.6738 0.1007
vn -0.8592 0.5095 -0.04703
vn -0.7878 0.601 0.1346
vn -0.5595 0.7968 0.228
vn -0.6807 0.7326 0.003327
vn -0.7014 0.707 -0.09006
vn -0.5573 0.8216 0.1198
vn -0.4247 0.8075 0.4093
vn -0.3933 0.857 0.3329
vn -0.4648 0.8302 0.3076
vn -0.5767 0.7498 0.3243
vn -0.3947 0.7409 0.5434
vn -0.6568 0.6705 0.345
vn -0.4806 0.6794 0.5545
vn -0.2408 0.6569 0.7145
vn -0.3084 0.6225 0.7193
vn -0.4006 0.5655 0.7209
vn -0.2629 0.5015 0.8242
vn -0.5109 0.4754 0.7161
vn -0.404 0.427 0.8089
vn -0.5591 0.6062 0.5656
vn -0.6346 0.5081 0.5823
vn -0.7109 0.5969 0.372
vn -0.7546 0.505 0.4189
vn -0.8209 0.5412 0.1825
vn -0.8451 0.4661 0.2619
vn -0.5958 0.389 0.7025
vn -0.522 0.3478 0.7788
vn -0.6919 0.1984 0.6941
vn -0.6591 0.1707 0.7324
vn -0.6872 0.4185 0.5938
vn -0.7403 0.222 0.6345
vn -0.7803 0.4216 0.462
vn -0.7944 0.2207 0.5658
vn -0.8545 0.3965 0.3356
vn -0.8374 0.2025 0.5076
vn -0.9035 0.4071 0.134
vn -0.9067 0.354 0.2293
vn -0.8675 0.1765 0.4649
vn -0.9451 0.2942 0.1419
vn -0.8927 0.1453 0.4266
vn -0.9425 0.3321 0.03607
vn -0.976 0.2141 -0.04013
vn -0.9792 0.1899 0.07111
vn -0.9165 0.0929 0.389
vn -0.9988 0.01794 0.0455
vn -0.9286 0.006623 0.371
vn -0.9972 0.02408 -0.07022
vn -0.9476 0.2448 -0.205
vn -0.9215 0.3754 -0.09885
vn -0.9617 0.03641 -0.2716
vn -0.8852 0.4645 0.02554
vn -0.9798 -0.1972 -0.03308
vn -0.9809 -0.1755 0.08371
vn -0.916 -0.09198 0.3903
vn -0.9285 -0.3347 0.1604
vn -0.8862 -0.1715 0.4302
vn -0.9176 -0.3949 0.04599
vn -0.9381 -0.2201 -0.2674
vn -0.856 -0.4751 -0.2039
vn -0.8129 -0.5635 0.147
vn -0.8489 -0.4618 0.257
vn -0.8459 -0.2335 0.4796
vn -0.7471 -0.5559 0.3644
vn -0.7966 -0.2785 0.5365
vn -0.678 -0.6863 0.2632
vn -0.7094 -0.6982 -0.09613
vn -0.5315 -0.846 0.0412
vn -0.5434 -0.747 0.383
vn -0.6394 -0.6064 0.4726
vn -0.745 -0.3063 0.5925
vn -0.5432 -0.6185 0.5678
vn -0.6972 -0.3123 0.6453
vn -0.431 -0.7547 0.4946
vn -0.3463 -0.7364 0.5811
vn -0.467 -0.6171 0.6333
vn -0.6603 -0.3121 0.683
vn -0.3999 -0.6015 0.6915
vn -0.625 -0.3195 0.7122
vn -0.2695 -0.6988 0.6626
vn -0.3739 -0.9083 0.1876
vn -0.2561 -0.9079 0.3319
vn -0.1737 -0.873 0.4557
vn -0.09467 -0.812 0.5759
vn -0.1614 -0.577 0.8006
vn -0.3195 -0.5082 0.7998
vn -0.5719 -0.2934 0.766
vn -0.2401 -0.3169 0.9175
vn -0.5268 -0.1803 0.8306
vn -0.05078 -0.3459 0.9369
vn 0.03497 -0.6553 0.7546
vn 0.1587 -0.3724 0.9144
vn -0.01205 -0.1361 0.9906
vn -0.214 -0.135 0.9674
vn -0.5273 -0.07184 0.8466
vn -0.2431 -0.008301 0.9699
vn -0.5451 -0.007385 0.8383
vn -0.04178 0.005188 0.9991
vn 0.192 -0.1321 0.9724
vn 0.1557 0.01694 0.9876
vn -0.1093 0.1267 0.9859
vn -0.3017 0.09803 0.9483
vn -0.5686 0.0437 0.8214
vn -0.3746 0.199 0.9055
vn -0.5973 0.09268 0.7966
vn -0.199 0.2469 0.9484
vn -0.3011 0.3539 0.8855
vn -0.4511 0.2871 0.845
vn -0.6287 0.1377 0.7653
vn 0.08213 0.1465 0.9858
vn -0.01669 0.2821 0.9592
vn -0.1355 0.4094 0.9022
vn -0.7563 0.5303 0.3832
vn -0.7995 0.5825 0.1468
vn -0.7226 0.6837 0.102
vn -0.6453 0.686 0.3362
vn -0.754 0.6315 -0.1805
vn -0.7833 0.6046 -0.1443
vn -0.6784 0.5051 0.5335
vn -0.5422 0.6801 0.4933
vn -0.8464 0.5156 0.1327
vn -0.8255 0.4234 0.3732
vn -0.7967 0.5855 -0.1496
vn -0.7638 0.3687 0.5298
vn -0.7019 0.5993 -0.3848
vn -0.7215 0.5665 -0.398
vn -0.5955 0.5628 -0.5732
vn -0.6359 0.4774 -0.6064
vn -0.7367 0.5217 -0.4302
vn -0.6788 0.3725 -0.6328
vn -0.4732 0.4689 -0.7457
vn -0.5252 0.3353 -0.7821
vn -0.2951 0.3057 -0.9052
vn -0.3632 0.1388 -0.9213
vn -0.5814 0.1913 -0.7908
vn -0.4321 -0.01859 -0.9016
vn -0.03259 0.08225 -0.9961
vn -0.1286 -0.09494 -0.9871
vn 0.2318 -0.1196 -0.9654
vn 0.1134 -0.2908 -0.95
vn -0.2187 -0.2436 -0.9449
vn 0.003754 -0.4232 -0.906
vn 0.4258 -0.2422 -0.8718
vn 0.3102 -0.4127 -0.8564
vn 0.5816 -0.3138 -0.7505
vn 0.4928 -0.4924 -0.7175
vn 0.1957 -0.5393 -0.819
vn 0.3913 -0.6228 -0.6774
vn 0.7481 -0.3821 -0.5425
vn 0.6767 -0.5458 -0.4941
vn 0.8702 -0.4624 -0.1701
vn 0.8121 -0.5618 -0.1575
vn 0.5886 -0.666 -0.4581
vn 0.7429 -0.6465 -0.1733
vn 0.8429 -0.4989 0.2016
vn 0.8371 -0.5155 0.1829
vn 0.7729 -0.4946 0.3974
vn 0.7842 -0.4522 0.4248
vn 0.8153 -0.5618 0.1402
vn 0.7746 -0.4492 0.4451
vn 0.6764 -0.4984 0.5423
vn 0.6622 -0.4225 0.6188
vn 0.4568 -0.4866 0.7446
vn 0.6234 -0.3629 0.6926
vn 0.1027 -0.3458 0.9326
f 1/1/1 2/2/2 3/3/3
f 1/1/1 3/3/3 4/4/4
f 4/4/4 3/3/3 5/5/5
f 4/4/4 5/5/5 6/6/6
f 3/3/3 7/7/7 8/8/8
f 3/3/3 8/8/8 5/5/5
f 2/2/2 9/9/9 7/7/7
f 2/2/2 7/7/7 3/3/3
f 10/10/10 11/11/11 12/12/12
f 10/10/10 12/12/12 13/13/13
f 13/13/13 12/12/12 2/2/2
f 13/13/13 2/2/2 1/1/1
f 12/12/12 14/14/14 9/9/9
f 12/12/12 9/9/9 2/2/2
f 11/11/11 15/15/15 14/14/14
f 11/11/11 14/14/14 12/12/12
f 16/16/16 17/17/17 18/18/18
f 16/16/16 18/18/18 19/19/19
f 19/19/19 18/18/18 20/20/20
f 19/19/19 20/20/20 21/21/21
f 18/18/18 4/4/4 6/6/6
f 18/18/18 6/6/6 20/20/20
f 17/17/17 1/1/1 4/4/4
f 17/17/17 4/4/4 18/18/18
f 22/22/22 23/23/23 24/24/24
f 22/22/22 24/24/24 25/25/25
f 25/25/25 24/24/24 17/17/17
f 25/25/25 17/17/17 16/16/16
f 24/24/24 13/13/13 1/1/1
f 24/24/24 1/1/1 17/17/17
f 23/23/23 10/10/10 13/13/13
f 23/23/23 13/13/13 24/24/24
f 26/26/26 27/27/27 28/28/28
f 26/26/26 28/28/28 29/29/29
f 29/29/29 28/28/28 30/30/30
f 29/29/29 30/30/30 31/31/31
f 28/28/28 19/19/19 21/21/21
f 28/28/28 21/21/21 30/30/30
f 27/27/27 16/16/16 19/19/19
f 27/27/27 19/19/19 28/28/28
f 32/32/32 33/33/33 34/34/34
f 32/32/32 34/34/34 35/35/35
f 35/35/35 34/34/34 27/27/27
f 35/35/35 27/27/27 26/26/26
f 34/34/34 25/25/25 16/16/16
f 34/34/34 16/16/16 27/27/27
f 33/33/33 22/22/22 25/25/25
f 33/33/33 25/25/25 34/34/34
f 31/31/31 30/30/30 36/36/36
f 31/31/31 36/36/36 37/37/37
f 37/37/37 36/36/36 38/38/38
f 37/37/37 38/38/38 39/39/39
f 36/36/36 40/40/40 41/41/41
f 36/36/36 41/41/41 38/38/38
f 30/30/30 21/21/21 40/40/40
f 30/30/30 40/40/40 36/36/36
f 21/21/21 20/20/20 42/42/42
f 21/21/21 42/42/42 40/40/40
f 40/40/40 42/42/42 43/43/43
f 40/40/40 43/43/43 41/41/41
f 42/42/42 44/44/44 45/45/45
f 42/42/42 45/45/45 43/43/43
f 20/20/20 6/6/6 44/44/44
f 20/20/20 44/44/44 42/42/42
f 46/46/46 47/47/47 48/48/48
f 46/46/46 48/48/48 49/49/49
f 49/49/49 48/48/48 50/50/50
f 49/49/49 50/50/50 51/51/51
f 48/48/48 37/37/37 39/39/39
f 48/48/48 39/39/39 50/50/50
f 47/47/47 31/31/31 37/37/37
f 47/47/47 37/37/37 48/48/48
f 52/52/52 53/53/53 54/54/54
f 52/52/52 54/54/54 55/55/55
f 55/55/55 54/54/54 47/47/47
f 55/55/55 47/47/47 46/46/46
f 54/54/54 29/29/29 31/31/31
f 54/54/54 31/31/31 47/47/47
f 53/53/53 26/26/26 29/29/29
f 53/53/53 29/29/29 54/54/54
f 56/56/56 57/57/57 58/58/58
f 56/56/56 58/58/58 59/59/59
f 59/59/59 58/58/58 60/60/60
f 59/59/59 60/60/60 61/61/61
f 58/58/58 55/55/55 46/46/46
f 58/58/58 46/46/46 60/60/60
f 57/57/57 52/52/52 55/55/55
f 57/57/57 55/55/55 58/58/58
f 61/61/61 60/60/60 62/62/62
f 61/61/61 62/62/62 63/63/63
f 63/63/63 62/62/62 64/64/64
f 63/63/63 64/64/64 65/65/65
f 62/62/62 49/49/49 51/51/51
f 62/62/62 51/51/51 64/64/64
f 60/60/60 46/46/46 49/49/49
f 60/60/60 49/49/49 62/62/62
f 66/66/66 67/67/67 68/68/68
f 66/66/66 68/68/68 69/69/69
f 69/69/69 68/68/68 70/70/70
f 69/69/69 70/70/70 71/71/71
f 68/68/68 59/59/59 61/61/61
f 68/68/68 61/61/61 70/70/70
f 67/67/67 56/56/56 59/59/59
f 67/67/67 59/59/59 68/68/68
f 71/71/71 70/70/70 72/72/72
f 71/71/71 72/72/72 73/73/73
f 73/73/73 72/72/72 74/74/74
f 73/73/73 74/74/74 75/75/75
f 72/72/72 63/63/63 65/65/65
f 72/72/72 65/65/65 74/74/74
f 70/70/70 61/61/61 63/63/63
f 70/70/70 63/63/63 72/72/72
f 76/76/76 77/77/77 78/78/78
f 76/76/76 78/78/78 79/79/79
f 79/79/79 78/78/78 80/80/80
f 79/79/79 80/80/80 81/81/81
f 78/78/78 73/73/73 75/75/75
f 78/78/78 75/75/75 80/80/80
f 77/77/77 71/71/71 73/73/73
f 77/77/77 73/73/73 78/78/78
f 82/82/82 83/83/83 84/84/84
f 82/82/82 84/84/84 85/85/85
f 85/85/85 84/84/84 77/77/77
f 85/85/85 77/77/77 76/76/76
f 84/84/84 69/69/69 71/71/71
f 84/84/84 71/71/71 77/77/77
f 83/83/83 66/66/66 69/69/69
f 83/83/83 69/69/69 84/84/84
f 86/86/86 87/87/87 88/88/88
f 86/86/86 88/88/88 89/89/89
f 89/89/89 88/88/88 90/90/90
f 89/89/89 90/90/90 91/91/91
f 88/88/88 85/85/85 76/76/76
f 88/88/88 76/76/76 90/90/90
f 87/87/87 82/82/82 85/85/85
f 87/87/87 85/85/85 88/88/88
f 91/91/91 90/90/90 92/92/92
f 91/91/91 92/92/92 93/93/93
f 93/93/93 92/92/92 94/94/94
f 93/93/93 94/94/94 95/95/95
f 92/92/92 79/79/79 81/81/81
f 92/92/92 81/81/81 94/94/94
f 90/90/90 76/76/76 79/79/79
f 90/90/90 79/79/79 92/92/92
f 96/96/96 97/97/97 98/98/98
f 96/96/96 98/98/98 99/99/99
f 99/99/99 98/98/98 100/100/100
f 99/99/99 100/100/100 101/101/101
f 98/98/98 93/93/93 95/95/95
f 98/98/98 95/95/95 100/100/100
f 97/97/97 91/91/91 93/93/93
f 97/97/97 93/93/93 98/98/98
f 102/102/102 103/103/103 104/104/104
f 102/102/102 104/104/104 105/105/105
f 105/105/105 104/104/104 97/97/97
f 105/105/105 97/97/97 96/96/96
f 104/104/104 89/89/89 91/91/91
f 104/104/104 91/91/91 97/97/97
f 103/103/103 86/86/86 89/89/89
f 103/103/103 89/89/89 104/104/104
f 106/106/106 107/107/107 108/108/108
f 106/106/106 108/108/108 109/109/109
f 109/109/109 108/108/108 110/110/110
f 109/109/109 110/110/110 111/111/111
f 108/108/108 99/99/99 101/101/101
f 108/108/108 101/101/101 110/110/110
f 107/107/107 96/96/96 99/99/99
f 107/107/107 99/99/99 108/108/108
f 112/112/112 113/113/113 114/114/114
f 112/112/112 114/114/114 115/115/115
f 115/115/115 114/114/114 107/107/107
f 115/115/115 107/107/107 106/106/106
f 114/114/114 105/105/105 96/96/96
f 114/114/114 96/96/96 107/107/107
f 113/113/113 102/102/102 105/105/105
f 113/113/113 105/105/105 114/114/114
f 116/116/116 117/117/117 118/118/118
f 116/116/116 118/118/118 119/119/119
f 119/119/119 118/118/118 120/120/120
f 119/119/119 120/120/120 121/121/121
f 118/118/118 115/115/115 106/106/106
f 118/118/118 106/106/106 120/120/120
f 117/117/117 112/112/112 115/115/115
f 117/117/117 115/115/115 118/118/118
f 121/121/121 120/120/120 122/122/122
f 121/121/121 122/122/122 123/123/123
f 123/123/123 122/122/122 124/124/124
f 123/123/123 124/124/124 125/125/125
f 122/122/122 109/109/109 111/111/111
f 122/122/122 111/111/111 124/124/124
f 120/120/120 106/106/106 109/109/109
f 120/120/120 109/109/109 122/122/122
f 9/9/9 126/126/126 127/127/127
f 9/9/9 127/127/127 7/7/7
f 7/7/7 127/127/127 128/128/128
f 7/7/7 128/128/128 8/8/8
f 127/127/127 119/119/119 121/121/121
f 127/127/127 121/121/121 128/128/128
f 126/126/126 116/116/116 119/119/119
f 126/126/126 119/119/119 127/127/127
f 8/8/8 128/128/128 129/129/129
f 8/8/8 129/129/129 130/130/130
f 130/130/130 129/129/129 131/131/131
f 130/130/130 131/131/131 132/132/132
f 129/129/129 123/123/123 125/125/125
f 129/129/129 125/125/125 131/131/131
f 128/128/128 121/121/121 123/123/123
f 128/128/128 123/123/123 129/129/129
f 6/6/6 5/5/5 133/133/133
f 6/6/6 133/133/133 44/44/44
f 44/44/44 133/133/133 134/134/134
f 44/44/44 134/134/134 45/45/45
f 133/133/133 130/130/130 132/132/132
f 133/133/133 132/132/132 134/134/134
f 5/5/5 8/8/8 130/130/130
f 5/5/5 130/130/130 133/133/133
f 45/45/45 134/134/134 135/135/135
f 45/45/45 135/135/135 136/136/136
f 136/136/136 135/135/135 137/137/137
f 136/136/136 137/137/137 138/138/138
f 135/135/135 139/139/139 140/140/140
f 135/135/135 140/140/140 137/137/137
f 134/134/134 132/132/132 139/139/139
f 134/134/134 139/139/139 135/135/135
f 132/132/132 131/131/131 141/141/141
f 132/132/132 141/141/141 139/139/139
f 139/139/139 141/141/141 142/142/142
f 139/139/139 142/142/142 140/140/140
f 141/141/141 143/143/143 144/144/144
f 141/141/141 144/144/144 142/142/142
f 131/131/131 125/125/125 143/143/143
f 131/131/131 143/143/143 141/141/141
f 41/41/41 43/43/43 145/145/145
f 41/41/41 145/145/145 146/146/146
f 146/146/146 145/145/145 147/147/147
f 146/146/146 147/147/147 148/148/148
f 145/145/145 136/136/136 138/138/138
f 145/145/145 138/138/138 147/147/147
f 43/43/43 45/45/45 136/136/136
f 43/43/43 136/136/136 145/145/145
f 148/148/148 147/147/147 149/149/149
f 148/148/148 149/149/149 150/150/150
f 150/150/150 149/149/149 151/151/151
f 150/150/150 151/151/151 152/152/152
f 149/149/149 153/153/153 154/154/154
f 149/149/149 154/154/154 151/151/151
f 147/147/147 138/138/138 153/153/153
f 147/147/147 153/153/153 149/149/149
f 138/138/138 137/137/137 155/155/155
f 138/138/138 155/155/155 153/153/153
f 153/153/153 155/155/155 156/156/156
f 153/153/153 156/156/156 154/154/154
f 155/155/155 157/157/157 158/158/158
f 155/155/155 158/158/158 156/156/156
f 137/137/137 140/140/140 157/157/157
f 137/137/137 157/157/157 155/155/155
f 159/159/159 160/160/160 161/161/161
f 159/159/159 161/161/161 162/162/162
f 162/162/162 161/161/161 163/163/163
f 162/162/162 163/163/163 164/164/164
f 161/161/161 150/150/150 152/152/152
f 161/161/161 152/152/152 163/163/163
f 160/160/160 148/148/148 150/150/150
f 160/160/160 150/150/150 161/161/161
f 39/39/39 38/38/38 165/165/165
f 39/39/39 165/165/165 166/166/166
f 166/166/166 165/165/165 160/160/160
f 166/166/166 160/160/160 159/159/159
f 165/165/165 146/146/146 148/148/148
f 165/165/165 148/148/148 160/160/160
f 38/38/38 41/41/41 146/146/146
f 38/38/38 146/146/146 165/165/165
f 164/164/164 163/163/163 167/167/167
f 164/164/164 167/167/167 168/168/168
f 168/168/168 167/167/167 169/169/169
f 168/168/168 169/169/169 170/170/170
f 167/167/167 171/171/171 172/172/172
f 167/167/167 172/172/172 169/169/169
f 163/163/163 152/152/152 171/171/171
f 163/163/163 171/171/171 167/167/167
f 152/152/152 151/151/151 173/173/173
f 152/152/152 173/173/173 171/171/171
f 171/171/171 173/173/173 174/174/174
f 171/171/171 174/174/174 172/172/172
f 173/173/173 175/175/175 176/176/176
f 173/173/173 176/176/176 174/174/174
f 151/151/151 154/154/154 175/175/175
f 151/151/151 175/175/175 173/173/173
f 177/177/177 178/178/178 179/179/179
f 177/177/177 179/179/179 180/180/180
f 180/180/180 179/179/179 181/181/181
f 180/180/180 181/181/181 182/182/182
f 179/179/179 168/168/168 170/170/170
f 179/179/179 170/170/170 181/181/181
f 178/178/178 164/164/164 168/168/168
f 178/178/178 168/168/168 179/179/179
f 183/183/183 184/184/184 185/185/185
f 183/183/183 185/185/185 186/186/186
f 186/186/186 185/185/185 178/178/178
f 186/186/186 178/178/178 177/177/177
f 185/185/185 162/162/162 164/164/164
f 185/185/185 164/164/164 178/178/178
f 184/184/184 159/159/159 162/162/162
f 184/184/184 162/162/162 185/185/185
f 187/187/187 188/188/188 189/189/189
f 187/187/187 189/189/189 190/190/190
f 190/190/190 189/189/189 191/191/191
f 190/190/190 191/191/191 192/192/192
f 189/189/189 186/186/186 177/177/177
f 189/189/189 177/177/177 191/191/191
f 188/188/188 183/183/183 186/186/186
f 188/188/188 186/186/186 189/189/189
f 192/192/192 191/191/191 193/193/193
f 192/192/192 193/193/193 194/194/194
f 194/194/194 193/193/193 195/195/195
f 194/194/194 195/195/195 196/196/196
f 193/193/193 180/180/180 182/182/182
f 193/193/193 182/182/182 195/195/195
f 191/191/191 177/177/177 180/180/180
f 191/191/191 180/180/180 193/193/193
f 197/197/197 198/198/198 199/199/199
f 197/197/197 199/199/199 200/200/200
f 200/200/200 199/199/199 201/201/201
f 200/200/200 201/201/201 202/202/202
f 199/199/199 190/190/190 192/192/192
f 199/199/199 192/192/192 201/201/201
f 198/198/198 187/187/187 190/190/190
f 198/198/198 190/190/190 199/199/199
f 202/202/202 201/201/201 203/203/203
f 202/202/202 203/203/203 204/204/204
f 204/204/204 203/203/203 205/205/205
f 204/204/204 205/205/205 206/206/206
f 203/203/203 194/194/194 196/196/196
f 203/203/203 196/196/196 205/205/205
f 201/201/201 192/192/192 194/194/194
f 201/201/201 194/194/194 203/203/203
f 207/207/207 208/208/208 209/209/209
f 207/207/207 209/209/209 210/210/210
f 210/210/210 209/209/209 211/211/211
f 210/210/210 211/211/211 212/212/212
f 209/209/209 204/204/204 206/206/206
f 209/209/209 206/206/206 211/211/211
f 208/208/208 202/202/202 204/204/204
f 208/208/208 204/204/204 209/209/209
f 213/213/213 214/214/214 215/215/215
f 213/213/213 215/215/215 216/216/216
f 216/216/216 215/215/215 208/208/208
f 216/216/216 208/208/208 207/207/207
f 215/215/215 200/200/200 202/202/202
f 215/215/215 202/202/202 208/208/208
f 214/214/214 197/197/197 200/200/200
f 214/214/214 200/200/200 215/215/215
f 217/217/217 218/218/218 219/219/219
f 217/217/217 219/219/219 220/220/220
f 220/220/220 219/219/219 221/221/221
f 220/220/220 221/221/221 222/222/222
f 219/219/219 216/216/216 207/207/207
f 219/219/219 207/207/207 221/221/221
f 218/218/218 213/213/213 216/216/216
f 218/218/218 216/216/216 219/219/219
f 222/222/222 221/221/221 223/223/223
f 222/222/222 223/223/223 224/224/224
f 224/224/224 223/223/223 225/225/225
f 224/224/224 225/225/225 226/226/226
f 223/223/223 210/210/210 212/212/212
f 223/223/223 212/212/212 225/225/225
f 221/221/221 207/207/207 210/210/210
f 221/221/221 210/210/210 223/223/223
f 227/227/227 228/228/228 229/229/229
f 227/227/227 229/229/229 230/230/230
f 230/230/230 229/229/229 231/231/231
f 230/230/230 231/231/231 232/232/232
f 229/229/229 224/224/224 226/226/226
f 229/229/229 226/226/226 231/231/231
f 228/228/228 222/222/222 224/224/224
f 228/228/228 224/224/224 229/229/229
f 233/233/233 234/234/234 235/235/235
f 233/233/233 235/235/235 236/236/236
f 236/236/236 235/235/235 228/228/228
f 236/236/236 228/228/228 227/227/227
f 235/235/235 220/220/220 222/222/222
f 235/235/235 222/222/222 228/228/228
f 234/234/234 217/217/217 220/220/220
f 234/234/234 220/220/220 235/235/235
f 237/237/237 238/238/238 239/239/239
f 237/237/237 239/239/239 240/240/240
f 240/240/240 239/239/239 241/241/241
f 240/240/240 241/241/241 242/242/242
f 239/239/239 230/230/230 232/232/232
f 239/239/239 232/232/232 241/241/241
f 238/238/238 227/227/227 230/230/230
f 238/238/238 230/230/230 239/239/239
f 243/243/243 244/244/244 245/245/245
f 243/243/243 245/245/245 246/246/246
f 246/246/246 245/245/245 238/238/238
f 246/246/246 238/238/238 237/237/237
f 245/245/245 236/236/236 227/227/227
f 245/245/245 227/227/227 238/238/238
f 244/244/244 233/233/233 236/236/236
f 244/244/244 236/236/236 245/245/245
f 144/144/144 247/247/247 248/248/248
f 144/144/144 248/248/248 249/249/249
f 249/249/249 248/248/248 250/250/250
f 249/249/249 250/250/250 251/251/251
f 248/248/248 246/246/246 237/237/237
f 248/248/248 237/237/237 250/250/250
f 247/247/247 243/243/243 246/246/246
f 247/247/247 246/246/246 248/248/248
f 251/251/251 250/250/250 252/252/252
f 251/251/251 252/252/252 253/253/253
f 253/253/253 252/252/252 254/254/254
f 253/253/253 254/254/254 255/255/255
f 252/252/252 240/240/240 242/242/242
f 252/252/252 242/242/242 254/254/254
f 250/250/250 237/237/237 240/240/240
f 250/250/250 240/240/240 252/252/252
f 140/140/140 142/142/142 256/256/256
f 140/140/140 256/256/256 157/157/157
f 157/157/157 256/256/256 257/257/257
f 157/157/157 257/257/257 158/158/158
f 256/256/256 249/249/249 251/251/251
f 256/256/256 251/251/251 257/257/257
f 142/142/142 144/144/144 249/249/249
f 142/142/142 249/249/249 256/256/256
f 158/158/158 257/257/257 258/258/258
f 158/158/158 258/258/258 259/259/259
f 259/259/259 258/258/258 260/260/260
f 259/259/259 260/260/260 261/261/261
f 258/258/258 253/253/253 255/255/255
f 258/258/258 255/255/255 260/260/260
f 257/257/257 251/251/251 253/253/253
f 257/257/257 253/253/253 258/258/258
f 154/154/154 156/156/156 262/262/262
f 154/154/154 262/262/262 175/175/175
f 175/175/175 262/262/262 263/263/263
f 175/175/175 263/263/263 176/176/176
f 262/262/262 259/259/259 261/261/261
f 262/262/262 261/261/261 263/263/263
f 156/156/156 158/158/158 259/259/259
f 156/156/156 259/259/259 262/262/262
f 261/261/261 260/260/260 264/264/264
f 261/261/261 264/264/264 265/265/265
f 265/265/265 264/264/264 266/266/266
f 265/265/265 266/266/266 267/267/267
f 264/264/264 268/268/268 269/269/269
f 264/264/264 269/269/269 266/266/266
f 260/260/260 255/255/255 268/268/268
f 260/260/260 268/268/268 264/264/264
f 176/176/176 263/263/263 270/270/270
f 176/176/176 270/270/270 271/271/271
f 271/271/271 270/270/270 272/272/272
f 271/271/271 272/272/272 273/273/273
f 270/270/270 265/265/265 267/267/267
f 270/270/270 267/267/267 272/272/272
f 263/263/263 261/261/261 265/265/265
f 263/263/263 265/265/265 270/270/270
f 273/273/273 272/272/272 274/274/274
f 273/273/273 274/274/274 275/275/275
f 275/275/275 274/274/274 276/276/276
f 275/275/275 276/276/276 277/277/277
f 274/274/274 278/278/278 279/279/279
f 274/274/274 279/279/279 276/276/276
f 272/272/272 267/267/267 278/278/278
f 272/272/272 278/278/278 274/274/274
f 267/267/267 266/266/266 280/280/280
f 267/267/267 280/280/280 278/278/278
f 278/278/278 280/280/280 281/281/281
f 278/278/278 281/281/281 279/279/279
f 280/280/280 282/282/282 283/283/283
f 280/280/280 283/283/283 281/281/281
f 266/266/266 269/269/269 282/282/282
f 266/266/266 282/282/282 280/280/280
f 279/279/279 281/281/281 284/284/284
f 279/279/279 284/284/284 285/285/285
f 285/285/285 284/284/284 286/286/286
f 285/285/285 286/286/286 287/287/287
f 284/284/284 288/288/288 289/289/289
f 284/284/284 289/289/289 286/286/286
f 281/281/281 283/283/283 288/288/288
f 281/281/281 288/288/288 284/284/284
f 277/277/277 276/276/276 290/290/290
f 277/277/277 290/290/290 291/291/291
f 291/291/291 290/290/290 292/292/292
f 291/291/291 292/292/292 293/293/293
f 290/290/290 285/285/285 287/287/287
f 290/290/290 287/287/287 292/292/292
f 276/276/276 279/279/279 285/285/285
f 276/276/276 285/285/285 290/290/290
f 293/293/293 292/292/292 294/294/294
f 293/293/293 294/294/294 295/295/295
f 295/295/295 294/294/294 296/296/296
f 295/295/295 296/296/296 297/297/297
f 294/294/294 298/298/298 299/299/299
f 294/294/294 299/299/299 296/296/296
f 292/292/292 287/287/287 298/298/298
f 292/292/292 298/298/298 294/294/294
f 287/287/287 286/286/286 300/300/300
f 287/287/287 300/300/300 298/298/298
f 298/298/298 300/300/300 301/301/301
f 298/298/298 301/301/301 299/299/299
f 300/300/300 302/302/302 303/303/303
f 300/300/300 303/303/303 301/301/301
f 286/286/286 289/289/289 302/302/302
f 286/286/286 302/302/302 300/300/300
f 297/297/297 296/296/296 304/304/304
f 297/297/297 304/304/304 305/305/305
f 305/305/305 304/304/304 306/306/306
f 305/305/305 306/306/306 307/307/307
f 304/304/304 308/308/308 309/309/309
f 304/304/304 309/309/309 306/306/306
f 296/296/296 299/299/299 308/308/308
f 296/296/296 308/308/308 304/304/304
f 299/299/299 301/301/301 310/310/310
f 299/299/299 310/310/310 308/308/308
f 308/308/308 310/310/310 311/311/311
f 308/308/308 311/311/311 309/309/309
f 310/310/310 312/312/312 313/313/313
f 310/310/310 313/313/313 311/311/311
f 301/301/301 303/303/303 312/312/312
f 301/301/301 312/312/312 310/310/310
f 303/303/303 314/314/314 315/315/315
f 303/303/303 315/315/315 312/312/312
f 312/312/312 315/315/315 316/316/316
f 312/312/312 316/316/316 313/313/313
f 315/315/315 317/317/317 318/318/318
f 315/315/315 318/318/318 316/316/316
f 314/314/314 319/319/319 317/317/317
f 314/314/314 317/317/317 315/315/315
f 289/289/289 320/320/320 321/321/321
f 289/289/289 321/321/321 302/302/302
f 302/302/302 321/321/321 314/314/314
f 302/302/302 314/314/314 303/303/303
f 321/321/321 322/322/322 319/319/319
f 321/321/321 319/319/319 314/314/314
f 320/320/320 323/323/323 322/322/322
f 320/320/320 322/322/322 321/321/321
f 323/323/323 324/324/324 325/325/325
f 323/323/323 325/325/325 322/322/322
f 322/322/322 325/325/325 326/326/326
f 322/322/322 326/326/326 319/319/319
f 325/325/325 327/327/327 328/328/328
f 325/325/325 328/328/328 326/326/326
f 324/324/324 329/329/329 327/327/327
f 324/324/324 327/327/327 325/325/325
f 319/319/319 326/326/326 330/330/330
f 319/319/319 330/330/330 317/317/317
f 317/317/317 330/330/330 331/331/331
f 317/317/317 331/331/331 318/318/318
f 330/330/330 332/332/332 333/333/333
f 330/330/330 333/333/333 331/331/331
f 326/326/326 328/328/328 332/332/332
f 326/326/326 332/332/332 330/330/330
f 329/329/329 334/334/334 335/335/335
f 329/329/329 335/335/335 327/327/327
f 327/327/327 335/335/335 336/336/336
f 327/327/327 336/336/336 328/328/328
f 335/335/335 337/337/337 338/338/338
f 335/335/335 338/338/338 336/336/336
f 334/334/334 339/339/339 337/337/337
f 334/334/334 337/337/337 335/335/335
f 328/328/328 336/336/336 340/340/340
f 328/328/328 340/340/340 332/332/332
f 332/332/332 340/340/340 341/341/341
f 332/332/332 341/341/341 333/333/333
f 340/340/340 342/342/342 343/343/343
f 340/340/340 343/343/343 341/341/341
f 336/336/336 338/338/338 342/342/342
f 336/336/336 342/342/342 340/340/340
f 338/338/338 344/344/344 345/345/345
f 338/338/338 345/345/345 342/342/342
f 342/342/342 345/345/345 346/346/346
f 342/342/342 346/346/346 343/343/343
f 345/345/345 347/347/347 348/348/348
f 345/345/345 348/348/348 346/346/346
f 344/344/344 349/349/349 347/347/347
f 344/344/344 347/347/347 345/345/345
f 339/339/339 350/350/350 351/351/351
f 339/339/339 351/351/351 337/337/337
f 337/337/337 351/351/351 344/344/344
f 337/337/337 344/344/344 338/338/338
f 351/351/351 352/352/352 349/349/349
f 351/351/351 349/349/349 344/344/344
f 350/350/350 353/353/353 352/352/352
f 350/350/350 352/352/352 351/351/351
f 354/354/354 355/355/355 356/356/356
f 354/354/354 356/356/356 357/357/357
f 357/357/357 356/356/356 334/334/334
f 357/357/357 334/334/334 329/329/329
f 356/356/356 358/358/358 339/339/339
f 356/356/356 339/339/339 334/334/334
f 355/355/355 359/359/359 358/358/358
f 355/355/355 358/358/358 356/356/356
f 359/359/359 360/360/360 361/361/361
f 359/359/359 361/361/361 358/358/358
f 358/358/358 361/361/361 350/350/350
f 358/358/358 350/350/350 339/339/339
f 361/361/361 362/362/362 353/353/353
f 361/361/361 353/353/353 350/350/350
f 360/360/360 363/363/363 362/362/362
f 360/360/360 362/362/362 361/361/361
f 364/364/364 365/365/365 366/366/366
f 364/364/364 366/366/366 367/367/367
f 367/367/367 366/366/366 360/360/360
f 367/367/367 360/360/360 359/359/359
f 366/366/366 368/368/368 363/363/363
f 366/366/366 363/363/363 360/360/360
f 365/365/365 369/369/369 368/368/368
f 365/365/365 368/368/368 366/366/366
f 370/370/370 371/371/371 372/372/372
f 370/370/370 372/372/372 373/373/373
f 373/373/373 372/372/372 355/355/355
f 373/373/373 355/355/355 354/354/354
f 372/372/372 367/367/367 359/359/359
f 372/372/372 359/359/359 355/355/355
f 371/371/371 364/364/364 367/367/367
f 371/371/371 367/367/367 372/372/372
f 232/232/232 231/231/231 374/374/374
f 232/232/232 374/374/374 375/375/375
f 375/375/375 374/374/374 371/371/371
f 375/375/375 371/371/371 370/370/370
f 374/374/374 376/376/376 364/364/364
f 374/374/374 364/364/364 371/371/371
f 231/231/231 226/226/226 376/376/376
f 231/231/231 376/376/376 374/374/374
f 226/226/226 225/225/225 377/377/377
f 226/226/226 377/377/377 376/376/376
f 376/376/376 377/377/377 365/365/365
f 376/376/376 365/365/365 364/364/364
f 377/377/377 378/378/378 369/369/369
f 377/377/377 369/369/369 365/365/365
f 225/225/225 212/212/212 378/378/378
f 225/225/225 378/378/378 377/377/377
f 369/369/369 379/379/379 380/380/380
f 369/369/369 380/380/380 368/368/368
f 368/368/368 380/380/380 381/381/381
f 368/368/368 381/381/381 363/363/363
f 380/380/380 382/382/382 383/383/383
f 380/380/380 383/383/383 381/381/381
f 379/379/379 384/384/384 382/382/382
f 379/379/379 382/382/382 380/380/380
f 212/212/212 211/211/211 385/385/385
f 212/212/212 385/385/385 378/378/378
f 378/378/378 385/385/385 379/379/379
f 378/378/378 379/379/379 369/369/369
f 385/385/385 386/386/386 384/384/384
f 385/385/385 384/384/384 379/379/379
f 211/211/211 206/206/206 386/386/386
f 211/211/211 386/386/386 385/385/385
f 206/206/206 205/205/205 387/387/387
f 206/206/206 387/387/387 386/386/386
f 386/386/386 387/387/387 388/388/388
f 386/386/386 388/388/388 384/384/384
f 387/387/387 389/389/389 390/390/390
f 387/387/387 390/390/390 388/388/388
f 205/205/205 196/196/196 389/389/389
f 205/205/205 389/389/389 387/387/387
f 384/384/384 388/388/388 391/391/391
f 384/384/384 391/391/391 382/382/382
f 382/382/382 391/391/391 392/392/392
f 382/382/382 392/392/392 383/383/383
f 391/391/391 393/393/393 394/394/394
f 391/391/391 394/394/394 392/392/392
f 388/388/388 390/390/390 393/393/393
f 388/388/388 393/393/393 391/391/391
f 383/383/383 392/392/392 395/395/395
f 383/383/383 395/395/395 396/396/396
f 396/396/396 395/395/395 397/397/397
f 396/396/396 397/397/397 398/398/398
f 395/395/395 399/399/399 400/400/400
f 395/395/395 400/400/400 397/397/397
f 392/392/392 394/394/394 399/399/399
f 392/392/392 399/399/399 395/395/395
f 363/363/363 381/381/381 401/401/401
f 363/363/363 401/401/401 362/362/362
f 362/362/362 401/401/401 402/402/402
f 362/362/362 402/402/402 353/353/353
f 401/401/401 396/396/396 398/398/398
f 401/401/401 398/398/398 402/402/402
f 381/381/381 383/383/383 396/396/396
f 381/381/381 396/396/396 401/401/401
f 353/353/353 402/402/402 403/403/403
f 353/353/353 403/403/403 352/352/352
f 352/352/352 403/403/403 404/404/404
f 352/352/352 404/404/404 349/349/349
f 403/403/403 405/405/405 406/406/406
f 403/403/403 406/406/406 404/404/404
f 402/402/402 398/398/398 405/405/405
f 402/402/402 405/405/405 403/403/403
f 398/398/398 397/397/397 407/407/407
f 398/398/398 407/407/407 405/405/405
f 405/405/405 407/407/407 408/408/408
f 405/405/405 408/408/408 406/406/406
f 407/407/407 409/409/409 410/410/410
f 407/407/407 410/410/410 408/408/408
f 397/397/397 400/400/400 409/409/409
f 397/397/397 409/409/409 407/407/407
f 349/349/349 404/404/404 411/411/411
f 349/349/349 411/411/411 347/347/347
f 347/347/347 411/411/411 412/412/412
f 347/347/347 412/412/412 348/348/348
f 411/411/411 413/413/413 414/414/414
f 411/411/411 414/414/414 412/412/412
f 404/404/404 406/406/406 413/413/413
f 404/404/404 413/413/413 411/411/411
f 406/406/406 408/408/408 415/415/415
f 406/406/406 415/415/415 413/413/413
f 413/413/413 415/415/415 416/416/416
f 413/413/413 416/416/416 414/414/414
f 415/415/415 417/417/417 418/418/418
f 415/415/415 418/418/418 416/416/416
f 408/408/408 410/410/410 417/417/417
f 408/408/408 417/417/417 415/415/415
f 348/348/348 412/412/412 419/419/419
f 348/348/348 419/419/419 420/420/420
f 420/420/420 419/419/419 421/421/421
f 420/420/420 421/421/421 422/422/422
f 419/419/419 423/423/423 424/424/424
f 419/419/419 424/424/424 421/421/421
f 412/412/412 414/414/414 423/423/423
f 412/412/412 423/423/423 419/419/419
f 414/414/414 416/416/416 425/425/425
f 414/414/414 425/425/425 423/423/423
f 423/423/423 425/425/425 426/426/426
f 423/423/423 426/426/426 424/424/424
f 425/425/425 427/427/427 428/428/428
f 425/425/425 428/428/428 426/426/426
f 416/416/416 418/418/418 427/427/427
f 416/416/416 427/427/427 425/425/425
f 424/424/424 426/426/426 429/429/429
f 424/424/424 429/429/429 430/430/430
f 430/430/430 429/429/429 431/431/431
f 430/430/430 431/431/431 432/432/432
f 429/429/429 433/433/433 434/434/434
f 429/429/429 434/434/434 431/431/431
f 426/426/426 428/428/428 433/433/433
f 426/426/426 433/433/433 429/429/429
f 422/422/422 421/421/421 435/435/435
f 422/422/422 435/435/435 436/436/436
f 436/436/436 435/435/435 437/437/437
f 436/436/436 437/437/437 438/438/438
f 435/435/435 430/430/430 432/432/432
f 435/435/435 432/432/432 437/437/437
f 421/421/421 424/424/424 430/430/430
f 421/421/421 430/430/430 435/435/435
f 438/438/438 437/437/437 439/439/439
f 438/438/438 439/439/439 440/440/440
f 440/440/440 439/439/439 441/441/441
f 440/440/440 441/441/441 442/442/442
f 439/439/439 443/443/443 444/444/444
f 439/439/439 444/444/444 441/441/441
f 437/437/437 432/432/432 443/443/443
f 437/437/437 443/443/443 439/439/439
f 432/432/432 431/431/431 445/445/445
f 432/432/432 445/445/445 443/443/443
f 443/443/443 445/445/445 446/446/446
f 443/443/443 446/446/446 444/444/444
f 445/445/445 447/447/447 448/448/448
f 445/445/445 448/448/448 446/446/446
f 431/431/431 434/434/434 447/447/447
f 431/431/431 447/447/447 445/445/445
f 444/444/444 446/446/446 449/449/449
f 444/444/444 449/449/449 450/450/450
f 450/450/450 449/449/449 451/451/451
f 450/450/450 451/451/451 452/452/452
f 449/449/449 453/453/453 454/454/454
f 449/449/449 454/454/454 451/451/451
f 446/446/446 448/448/448 453/453/453
f 446/446/446 453/453/453 449/449/449
f 442/442/442 441/441/441 455/455/455
f 442/442/442 455/455/455 456/456/456
f 456/456/456 455/455/455 457/457/457
f 456/456/456 457/457/457 458/458/458
f 455/455/455 450/450/450 452/452/452
f 455/455/455 452/452/452 457/457/457
f 441/441/441 444/444/444 450/450/450
f 441/441/441 450/450/450 455/455/455
f 458/458/458 457/457/457 459/459/459
f 458/458/458 459/459/459 460/460/460
f 460/460/460 459/459/459 461/461/461
f 460/460/460 461/461/461 462/462/462
f 459/459/459 463/463/463 464/464/464
f 459/459/459 464/464/464 461/461/461
f 457/457/457 452/452/452 463/463/463
f 457/457/457 463/463/463 459/459/459
f 452/452/452 451/451/451 465/465/465
f 452/452/452 465/465/465 463/463/463
f 463/463/463 465/465/465 466/466/466
f 463/463/463 466/466/466 464/464/464
f 465/465/465 467/467/467 468/468/468
f 465/465/465 468/468/468 466/466/466
f 451/451/451 454/454/454 467/467/467
f 451/451/451 467/467/467 465/465/465
f 469/469/469 470/470/470 471/471/471
f 469/469/469 471/471/471 472/472/472
f 472/472/472 471/471/471 466/466/466
f 472/472/472 466/466/466 468/468/468
f 471/471/471 473/473/473 464/464/464
f 471/471/471 464/464/464 466/466/466
f 470/470/470 474/474/474 473/473/473
f 470/470/470 473/473/473 471/471/471
f 474/474/474 475/475/475 476/476/476
f 474/474/474 476/476/476 473/473/473
f 473/473/473 476/476/476 461/461/461
f 473/473/473 461/461/461 464/464/464
f 476/476/476 477/477/477 462/462/462
f 476/476/476 462/462/462 461/461/461
f 475/475/475 478/478/478 477/477/477
f 475/475/475 477/477/477 476/476/476
f 479/479/479 480/480/480 481/481/481
f 479/479/479 481/481/481 482/482/482
f 482/482/482 481/481/481 470/470/470
f 482/482/482 470/470/470 469/469/469
f 481/481/481 483/483/483 474/474/474
f 481/481/481 474/474/474 470/470/470
f 480/480/480 484/484/484 483/483/483
f 480/480/480 483/483/483 481/481/481
f 484/484/484 485/485/485 486/486/486
f 484/484/484 486/486/486 483/483/483
f 483/483/483 486/486/486 475/475/475
f 483/483/483 475/475/475 474/474/474
f 486/486/486 487/487/487 478/478/478
f 486/486/486 478/478/478 475/475/475
f 485/485/485 488/488/488 487/487/487
f 485/485/485 487/487/487 486/486/486
f 484/484/484 480/480/480 489/489/489
f 484/484/484 489/489/489 490/490/490
f 490/490/490 489/489/489 491/491/491
f 490/490/490 491/491/491 492/492/492
f 489/489/489 493/493/493 494/494/494
f 489/489/489 494/494/494 491/491/491
f 480/480/480 479/479/479 493/493/493
f 480/480/480 493/493/493 489/489/489
f 488/488/488 485/485/485 495/495/495
f 488/488/488 495/495/495 496/496/496
f 496/496/496 495/495/495 497/497/497
f 496/496/496 497/497/497 498/498/498
f 495/495/495 490/490/490 492/492/492
f 495/495/495 492/492/492 497/497/497
f 485/485/485 484/484/484 490/490/490
f 485/485/485 490/490/490 495/495/495
f 499/499/499 500/500/500 501/501/501
f 499/499/499 501/501/501 502/502/502
f 502/502/502 501/501/501 503/503/503
f 502/502/502 503/503/503 504/504/504
f 501/501/501 496/496/496 498/498/498
f 501/501/501 498/498/498 503/503/503
f 500/500/500 488/488/488 496/496/496
f 500/500/500 496/496/496 501/501/501
f 505/505/505 506/506/506 507/507/507
f 505/505/505 507/507/507 508/508/508
f 508/508/508 507/507/507 509/509/509
f 508/508/508 509/509/509 510/510/510
f 507/507/507 502/502/502 504/504/504
f 507/507/507 504/504/504 509/509/509
f 506/506/506 499/499/499 502/502/502
f 506/506/506 502/502/502 507/507/507
f 488/488/488 500/500/500 511/511/511
f 488/488/488 511/511/511 487/487/487
f 487/487/487 511/511/511 512/512/512
f 487/487/487 512/512/512 478/478/478
f 511/511/511 513/513/513 514/514/514
f 511/511/511 514/514/514 512/512/512
f 500/500/500 499/499/499 513/513/513
f 500/500/500 513/513/513 511/511/511
f 499/499/499 506/506/506 515/515/515
f 499/499/499 515/515/515 513/513/513
f 513/513/513 515/515/515 516/516/516
f 513/513/513 516/516/516 514/514/514
f 515/515/515 517/517/517 518/518/518
f 515/515/515 518/518/518 516/516/516
f 506/506/506 505/505/505 517/517/517
f 506/506/506 517/517/517 515/515/515
f 478/478/478 512/512/512 519/519/519
f 478/478/478 519/519/519 477/477/477
f 477/477/477 519/519/519 520/520/520
f 477/477/477 520/520/520 462/462/462
f 519/519/519 521/521/521 522/522/522
f 519/519/519 522/522/522 520/520/520
f 512/512/512 514/514/514 521/521/521
f 512/512/512 521/521/521 519/519/519
f 514/514/514 516/516/516 523/523/523
f 514/514/514 523/523/523 521/521/521
f 521/521/521 523/523/523 524/524/524
f 521/521/521 524/524/524 522/522/522
f 523/523/523 525/525/525 526/526/526
f 523/523/523 526/526/526 524/524/524
f 516/516/516 518/518/518 525/525/525
f 516/516/516 525/525/525 523/523/523
f 527/527/527 528/528/528 529/529/529
f 527/527/527 529/529/529 530/530/530
f 530/530/530 529/529/529 520/520/520
f 530/530/530 520/520/520 522/522/522
f 529/529/529 460/460/460 462/462/462
f 529/529/529 462/462/462 520/520/520
f 528/528/528 458/458/458 460/460/460
f 528/528/528 460/460/460 529/529/529
f 531/531/531 532/532/532 533/533/533
f 531/531/531 533/533/533 534/534/534
f 534/534/534 533/533/533 524/524/524
f 534/534/534 524/524/524 526/526/526
f 533/533/533 530/530/530 522/522/522
f 533/533/533 522/522/522 524/524/524
f 532/532/532 527/527/527 530/530/530
f 532/532/532 530/530/530 533/533/533
f 535/535/535 536/536/536 537/537/537
f 535/535/535 537/537/537 538/538/538
f 538/538/538 537/537/537 532/532/532
f 538/538/538 532/532/532 531/531/531
f 537/537/537 539/539/539 527/527/527
f 537/537/537 527/527/527 532/532/532
f 536/536/536 540/540/540 539/539/539
f 536/536/536 539/539/539 537/537/537
f 540/540/540 541/541/541 542/542/542
f 540/540/540 542/542/542 539/539/539
f 539/539/539 542/542/542 528/528/528
f 539/539/539 528/528/528 527/527/527
f 542/542/542 456/456/456 458/458/458
f 542/542/542 458/458/458 528/528/528
f 541/541/541 442/442/442 456/456/456
f 541/541/541 456/456/456 542/542/542
f 543/543/543 544/544/544 545/545/545
f 543/543/543 545/545/545 546/546/546
f 546/546/546 545/545/545 541/541/541
f 546/546/546 541/541/541 540/540/540
f 545/545/545 440/440/440 442/442/442
f 545/545/545 442/442/442 541/541/541
f 544/544/544 438/438/438 440/440/440
f 544/544/544 440/440/440 545/545/545
f 547/547/547 548/548/548 549/549/549
f 547/547/547 549/549/549 550/550/550
f 550/550/550 549/549/549 536/536/536
f 550/550/550 536/536/536 535/535/535
f 549/549/549 546/546/546 540/540/540
f 549/549/549 540/540/540 536/536/536
f 548/548/548 543/543/543 546/546/546
f 548/548/548 546/546/546 549/549/549
f 551/551/551 552/552/552 553/553/553
f 551/551/551 553/553/553 554/554/554
f 554/554/554 553/553/553 548/548/548
f 554/554/554 548/548/548 547/547/547
f 553/553/553 555/555/555 543/543/543
f 553/553/553 543/543/543 548/548/548
f 552/552/552 556/556/556 555/555/555
f 552/552/552 555/555/555 553/553/553
f 556/556/556 557/557/557 558/558/558
f 556/556/556 558/558/558 555/555/555
f 555/555/555 558/558/558 544/544/544
f 555/555/555 544/544/544 543/543/543
f 558/558/558 436/436/436 438/438/438
f 558/558/558 438/438/438 544/544/544
f 557/557/557 422/422/422 436/436/436
f 557/557/557 436/436/436 558/558/558
f 343/343/343 346/346/346 559/559/559
f 343/343/343 559/559/559 560/560/560
f 560/560/560 559/559/559 557/557/557
f 560/560/560 557/557/557 556/556/556
f 559/559/559 420/420/420 422/422/422
f 559/559/559 422/422/422 557/557/557
f 346/346/346 348/348/348 420/420/420
f 346/346/346 420/420/420 559/559/559
f 333/333/333 341/341/341 561/561/561
f 333/333/333 561/561/561 562/562/562
f 562/562/562 561/561/561 552/552/552
f 562/562/562 552/552/552 551/551/551
f 561/561/561 560/560/560 556/556/556
f 561/561/561 556/556/556 552/552/552
f 341/341/341 343/343/343 560/560/560
f 341/341/341 560/560/560 561/561/561
f 563/563/563 564/564/564 565/565/565
f 563/563/563 565/565/565 566/566/566
f 566/566/566 565/565/565 567/567/567
f 566/566/566 567/567/567 568/568/568
f 565/565/565 554/554/554 547/547/547
f 565/565/565 547/547/547 567/567/567
f 564/564/564 551/551/551 554/554/554
f 564/564/564 554/554/554 565/565/565
f 318/318/318 331/331/331 569/569/569
f 318/318/318 569/569/569 570/570/570
f 570/570/570 569/569/569 564/564/564
f 570/570/570 564/564/564 563/563/563
f 569/569/569 562/562/562 551/551/551
f 569/569/569 551/551/551 564/564/564
f 331/331/331 333/333/333 562/562/562
f 331/331/331 562/562/562 569/569/569
f 571/571/571 572/572/572 573/573/573
f 571/571/571 573/573/573 574/574/574
f 575/575/575 574/574/574 573/573/573
f 575/575/575 573/573/573 576/576/576
f 577/577/577 576/576/576 573/573/573
f 577/577/577 573/573/573 578/578/578
f 568/568/568 578/578/578 573/573/573
f 568/568/568 573/573/573 566/566/566
f 563/563/563 566/566/566 573/573/573
f 563/563/563 573/573/573 572/572/572
f 313/313/313 316/316/316 579/579/579
f 313/313/313 579/579/579 580/580/580
f 580/580/580 579/579/579 572/572/572
f 580/580/580 572/572/572 571/571/571
f 579/579/579 570/570/570 563/563/563
f 579/579/579 563/563/563 572/572/572
f 316/316/316 318/318/318 570/570/570
f 316/316/316 570/570/570 579/579/579
f 568/568/568 567/567/567 581/581/581
f 568/568/568 581/581/581 582/582/582
f 582/582/582 581/581/581 583/583/583
f 582/582/582 583/583/583 584/584/584
f 581/581/581 550/550/550 535/535/535
f 581/581/581 535/535/535 583/583/583
f 567/567/567 547/547/547 550/550/550
f 567/567/567 550/550/550 581/581/581
f 577/577/577 578/578/578 585/585/585
f 577/577/577 585/585/585 586/586/586
f 586/586/586 585/585/585 587/587/587
f 586/586/586 587/587/587 588/588/588
f 585/585/585 582/582/582 584/584/584
f 585/585/585 584/584/584 587/587/587
f 578/578/578 568/568/568 582/582/582
f 578/578/578 582/582/582 585/585/585
f 575/575/575 576/576/576 589/589/589
f 575/575/575 589/589/589 590/590/590
f 590/590/590 589/589/589 591/591/591
f 590/590/590 591/591/591 592/592/592
f 589/589/589 586/586/586 588/588/588
f 589/589/589 588/588/588 591/591/591
f 576/576/576 577/577/577 586/586/586
f 576/576/576 586/586/586 589/589/589
f 588/588/588 587/587/587 593/593/593
f 588/588/588 593/593/593 594/594/594
f 594/594/594 593/593/593 595/595/595
f 594/594/594 595/595/595 596/596/596
f 593/593/593 597/597/597 598/598/598
f 593/593/593 598/598/598 595/595/595
f 587/587/587 584/584/584 597/597/597
f 587/587/587 597/597/597 593/593/593
f 592/592/592 591/591/591 599/599/599
f 592/592/592 599/599/599 600/600/600
f 600/600/600 599/599/599 601/601/601
f 600/600/600 601/601/601 602/602/602
f 599/599/599 594/594/594 596/596/596
f 599/599/599 596/596/596 601/601/601
f 591/591/591 588/588/588 594/594/594
f 591/591/591 594/594/594 599/599/599
f 602/602/602 601/601/601 603/603/603
f 602/602/602 603/603/603 604/604/604
f 604/604/604 603/603/603 605/605/605
f 604/604/604 605/605/605 606/606/606
f 603/603/603 607/607/607 608/608/608
f 603/603/603 608/608/608 605/605/605
f 601/601/601 596/596/596 607/607/607
f 601/601/601 607/607/607 603/603/603
f 596/596/596 595/595/595 609/609/609
f 596/596/596 609/609/609 607/607/607
f 607/607/607 609/609/609 610/610/610
f 607/607/607 610/610/610 608/608/608
f 609/609/609 611/611/611 612/612/612
f 609/609/609 612/612/612 610/610/610
f 595/595/595 598/598/598 611/611/611
f 595/595/595 611/611/611 609/609/609
f 613/613/613 614/614/614 615/615/615
f 613/613/613 615/615/615 616/616/616
f 616/616/616 615/615/615 610/610/610
f 616/616/616 610/610/610 612/612/612
f 615/615/615 617/617/617 608/608/608
f 615/615/615 608/608/608 610/610/610
f 614/614/614 618/618/618 617/617/617
f 614/614/614 617/617/617 615/615/615
f 618/618/618 619/619/619 620/620/620
f 618/618/618 620/620/620 617/617/617
f 617/617/617 620/620/620 605/605/605
f 617/617/617 605/605/605 608/608/608
f 620/620/620 621/621/621 606/606/606
f 620/620/620 606/606/606 605/605/605
f 619/619/619 622/622/622 621/621/621
f 619/619/619 621/621/621 620/620/620
f 623/623/623 624/624/624 625/625/625
f 623/623/623 625/625/625 626/626/626
f 626/626/626 625/625/625 614/614/614
f 626/626/626 614/614/614 613/613/613
f 625/625/625 627/627/627 618/618/618
f 625/625/625 618/618/618 614/614/614
f 624/624/624 628/628/628 627/627/627
f 624/624/624 627/627/627 625/625/625
f 628/628/628 629/629/629 630/630/630
f 628/628/628 630/630/630 627/627/627
f 627/627/627 630/630/630 619/619/619
f 627/627/627 619/619/619 618/618/618
f 630/630/630 631/631/631 622/622/622
f 630/630/630 622/622/622 619/619/619
f 629/629/629 632/632/632 631/631/631
f 629/629/629 631/631/631 630/630/630
f 628/628/628 624/624/624 633/633/633
f 628/628/628 633/633/633 634/634/634
f 634/634/634 633/633/633 635/635/635
f 634/634/634 635/635/635 636/636/636
f 633/633/633 637/637/637 638/638/638
f 633/633/633 638/638/638 635/635/635
f 624/624/624 623/623/623 637/637/637
f 624/624/624 637/637/637 633/633/633
f 632/632/632 629/629/629 639/639/639
f 632/632/632 639/639/639 640/640/640
f 640/640/640 639/639/639 641/641/641
f 640/640/640 641/641/641 642/642/642
f 639/639/639 634/634/634 636/636/636
f 639/639/639 636/636/636 641/641/641
f 629/629/629 628/628/628 634/634/634
f 629/629/629 634/634/634 639/639/639
f 643/643/643 644/644/644 645/645/645
f 643/643/643 645/645/645 646/646/646
f 646/646/646 645/645/645 647/647/647
f 646/646/646 647/647/647 648/648/648
f 645/645/645 640/640/640 642/642/642
f 645/645/645 642/642/642 647/647/647
f 644/644/644 632/632/632 640/640/640
f 644/644/644 640/640/640 645/645/645
f 649/649/649 650/650/650 651/651/651
f 649/649/649 651/651/651 652/652/652
f 652/652/652 651/651/651 653/653/653
f 652/652/652 653/653/653 654/654/654
f 651/651/651 646/646/646 648/648/648
f 651/651/651 648/648/648 653/653/653
f 650/650/650 643/643/643 646/646/646
f 650/650/650 646/646/646 651/651/651
f 632/632/632 644/644/644 655/655/655
f 632/632/632 655/655/655 631/631/631
f 631/631/631 655/655/655 656/656/656
f 631/631/631 656/656/656 622/622/622
f 655/655/655 657/657/657 658/658/658
f 655/655/655 658/658/658 656/656/656
f 644/644/644 643/643/643 657/657/657
f 644/644/644 657/657/657 655/655/655
f 643/643/643 650/650/650 659/659/659
f 643/643/643 659/659/659 657/657/657
f 657/657/657 659/659/659 660/660/660
f 657/657/657 660/660/660 658/658/658
f 659/659/659 661/661/661 662/662/662
f 659/659/659 662/662/662 660/660/660
f 650/650/650 649/649/649 661/661/661
f 650/650/650 661/661/661 659/659/659
f 622/622/622 656/656/656 663/663/663
f 622/622/622 663/663/663 621/621/621
f 621/621/621 663/663/663 664/664/664
f 621/621/621 664/664/664 606/606/606
f 663/663/663 665/665/665 666/666/666
f 663/663/663 666/666/666 664/664/664
f 656/656/656 658/658/658 665/665/665
f 656/656/656 665/665/665 663/663/663
f 658/658/658 660/660/660 667/667/667
f 658/658/658 667/667/667 665/665/665
f 665/665/665 667/667/667 668/668/668
f 665/665/665 668/668/668 666/666/666
f 667/667/667 669/669/669 670/670/670
f 667/667/667 670/670/670 668/668/668
f 660/660/660 662/662/662 669/669/669
f 660/660/660 669/669/669 667/667/667
f 671/671/671 672/672/672 673/673/673
f 671/671/671 673/673/673 674/674/674
f 674/674/674 673/673/673 664/664/664
f 674/674/674 664/664/664 666/666/666
f 673/673/673 604/604/604 606/606/606
f 673/673/673 606/606/606 664/664/664
f 672/672/672 602/602/602 604/604/604
f 672/672/672 604/604/604 673/673/673
f 675/675/675 676/676/676 677/677/677
f 675/675/675 677/677/677 678/678/678
f 678/678/678 677/677/677 668/668/668
f 678/678/678 668/668/668 670/670/670
f 677/677/677 674/674/674 666/666/666
f 677/677/677 666/666/666 668/668/668
f 676/676/676 671/671/671 674/674/674
f 676/676/676 674/674/674 677/677/677
f 679/679/679 680/680/680 681/681/681
f 679/679/679 681/681/681 682/682/682
f 682/682/682 681/681/681 676/676/676
f 682/682/682 676/676/676 675/675/675
f 681/681/681 683/683/683 671/671/671
f 681/681/681 671/671/671 676/676/676
f 680/680/680 684/684/684 683/683/683
f 680/680/680 683/683/683 681/681/681
f 684/684/684 685/685/685 686/686/686
f 684/684/684 686/686/686 683/683/683
f 683/683/683 686/686/686 672/672/672
f 683/683/683 672/672/672 671/671/671
f 686/686/686 600/600/600 602/602/602
f 686/686/686 602/602/602 672/672/672
f 685/685/685 592/592/592 600/600/600
f 685/685/685 600/600/600 686/686/686
f 687/687/687 688/688/688 689/689/689
f 687/687/687 689/689/689 690/690/690
f 690/690/690 689/689/689 685/685/685
f 690/690/690 685/685/685 684/684/684
f 689/689/689 590/590/590 592/592/592
f 689/689/689 592/592/592 685/685/685
f 688/688/688 575/575/575 590/590/590
f 688/688/688 590/590/590 689/689/689
f 691/691/691 692/692/692 693/693/693
f 691/691/691 693/693/693 694/694/694
f 694/694/694 693/693/693 680/680/680
f 694/694/694 680/680/680 679/679/679
f 693/693/693 690/690/690 684/684/684
f 693/693/693 684/684/684 680/680/680
f 692/692/692 687/687/687 690/690/690
f 692/692/692 690/690/690 693/693/693
f 695/695/695 696/696/696 697/697/697
f 695/695/695 697/697/697 698/698/698
f 698/698/698 697/697/697 692/692/692
f 698/698/698 692/692/692 691/691/691
f 697/697/697 699/699/699 687/687/687
f 697/697/697 687/687/687 692/692/692
f 696/696/696 700/700/700 699/699/699
f 696/696/696 699/699/699 697/697/697
f 700/700/700 701/701/701 702/702/702
f 700/700/700 702/702/702 699/699/699
f 699/699/699 702/702/702 688/688/688
f 699/699/699 688/688/688 687/687/687
f 702/702/702 574/574/574 575/575/575
f 702/702/702 575/575/575 688/688/688
f 701/701/701 571/571/571 574/574/574
f 701/701/701 574/574/574 702/702/702
f 309/309/309 311/311/311 703/703/703
f 309/309/309 703/703/703 704/704/704
f 704/704/704 703/703/703 701/701/701
f 704/704/704 701/701/701 700/700/700
f 703/703/703 580/580/580 571/571/571
f 703/703/703 571/571/571 701/701/701
f 311/311/311 313/313/313 580/580/580
f 311/311/311 580/580/580 703/703/703
f 307/307/307 306/306/306 705/705/705
f 307/307/307 705/705/705 706/706/706
f 706/706/706 705/705/705 696/696/696
f 706/706/706 696/696/696 695/695/695
f 705/705/705 704/704/704 700/700/700
f 705/705/705 700/700/700 696/696/696
f 306/306/306 309/309/309 704/704/704
f 306/306/306 704/704/704 705/705/705
f 707/707/707 708/708/708 709/709/709
f 707/707/707 709/709/709 710/710/710
f 710/710/710 709/709/709 711/711/711
f 710/710/710 711/711/711 712/712/712
f 709/709/709 698/698/698 691/691/691
f 709/709/709 691/691/691 711/711/711
f 708/708/708 695/695/695 698/698/698
f 708/708/708 698/698/698 709/709/709
f 713/713/713 714/714/714 715/715/715
f 713/713/713 715/715/715 716/716/716
f 716/716/716 715/715/715 708/708/708
f 716/716/716 708/708/708 707/707/707
f 715/715/715 706/706/706 695/695/695
f 715/715/715 695/695/695 708/708/708
f 714/714/714 307/307/307 706/706/706
f 714/714/714 706/706/706 715/715/715
f 717/717/717 718/718/718 719/719/719
f 717/717/717 719/719/719 720/720/720
f 720/720/720 719/719/719 714/714/714
f 720/720/720 714/714/714 713/713/713
f 719/719/719 305/305/305 307/307/307
f 719/719/719 307/307/307 714/714/714
f 718/718/718 297/297/297 305/305/305
f 718/718/718 305/305/305 719/719/719
f 721/721/721 722/722/722 723/723/723
f 721/721/721 723/723/723 724/724/724
f 724/724/724 723/723/723 725/725/725
f 724/724/724 725/725/725 726/726/726
f 723/723/723 716/716/716 707/707/707
f 723/723/723 707/707/707 725/725/725
f 722/722/722 713/713/713 716/716/716
f 722/722/722 716/716/716 723/723/723
f 727/727/727 728/728/728 729/729/729
f 727/727/727 729/729/729 730/730/730
f 730/730/730 729/729/729 722/722/722
f 730/730/730 722/722/722 721/721/721
f 729/729/729 720/720/720 713/713/713
f 729/729/729 713/713/713 722/722/722
f 728/728/728 717/717/717 720/720/720
f 728/728/728 720/720/720 729/729/729
f 731/731/731 732/732/732 733/733/733
f 731/731/731 733/733/733 734/734/734
f 734/734/734 733/733/733 728/728/728
f 734/734/734 728/728/728 727/727/727
f 733/733/733 735/735/735 717/717/717
f 733/733/733 717/717/717 728/728/728
f 732/732/732 736/736/736 735/735/735
f 732/732/732 735/735/735 733/733/733
f 736/736/736 737/737/737 738/738/738
f 736/736/736 738/738/738 735/735/735
f 735/735/735 738/738/738 718/718/718
f 735/735/735 718/718/718 717/717/717
f 738/738/738 295/295/295 297/297/297
f 738/738/738 297/297/297 718/718/718
f 737/737/737 293/293/293 295/295/295
f 737/737/737 295/295/295 738/738/738
f 739/739/739 740/740/740 741/741/741
f 739/739/739 741/741/741 742/742/742
f 742/742/742 741/741/741 732/732/732
f 742/742/742 732/732/732 731/731/731
f 741/741/741 743/743/743 736/736/736
f 741/741/741 736/736/736 732/732/732
f 740/740/740 744/744/744 743/743/743
f 740/740/740 743/743/743 741/741/741
f 744/744/744 745/745/745 746/746/746
f 744/744/744 746/746/746 743/743/743
f 743/743/743 746/746/746 737/737/737
f 743/743/743 737/737/737 736/736/736
f 746/746/746 291/291/291 293/293/293
f 746/746/746 293/293/293 737/737/737
f 745/745/745 277/277/277 291/291/291
f 745/745/745 291/291/291 746/746/746
f 747/747/747 748/748/748 749/749/749
f 747/747/747 749/749/749 750/750/750
f 750/750/750 749/749/749 745/745/745
f 750/750/750 745/745/745 744/744/744
f 749/749/749 275/275/275 277/277/277
f 749/749/749 277/277/277 745/745/745
f 748/748/748 273/273/273 275/275/275
f 748/748/748 275/275/275 749/749/749
f 751/751/751 752/752/752 753/753/753
f 751/751/751 753/753/753 754/754/754
f 754/754/754 753/753/753 740/740/740
f 754/754/754 740/740/740 739/739/739
f 753/753/753 750/750/750 744/744/744
f 753/753/753 744/744/744 740/740/740
f 752/752/752 747/747/747 750/750/750
f 752/752/752 750/750/750 753/753/753
f 170/170/170 169/169/169 755/755/755
f 170/170/170 755/755/755 756/756/756
f 756/756/756 755/755/755 752/752/752
f 756/756/756 752/752/752 751/751/751
f 755/755/755 757/757/757 747/747/747
f 755/755/755 747/747/747 752/752/752
f 169/169/169 172/172/172 757/757/757
f 169/169/169 757/757/757 755/755/755
f 172/172/172 174/174/174 758/758/758
f 172/172/172 758/758/758 757/757/757
f 757/757/757 758/758/758 748/748/748
f 757/757/757 748/748/748 747/747/747
f 758/758/758 271/271/271 273/273/273
f 758/758/758 273/273/273 748/748/748
f 174/174/174 176/176/176 271/271/271
f 174/174/174 271/271/271 758/758/758
f 182/182/182 181/181/181 759/759/759
f 182/182/182 759/759/759 760/760/760
f 760/760/760 759/759/759 761/761/761
f 760/760/760 761/761/761 762/762/762
f 759/759/759 756/756/756 751/751/751
f 759/759/759 751/751/751 761/761/761
f 181/181/181 170/170/170 756/756/756
f 181/181/181 756/756/756 759/759/759
f 762/762/762 761/761/761 763/763/763
f 762/762/762 763/763/763 764/764/764
f 764/764/764 763/763/763 765/765/765
f 764/764/764 765/765/765 766/766/766
f 763/763/763 754/754/754 739/739/739
f 763/763/763 739/739/739 765/765/765
f 761/761/761 751/751/751 754/754/754
f 761/761/761 754/754/754 763/763/763
f 196/196/196 195/195/195 767/767/767
f 196/196/196 767/767/767 389/389/389
f 389/389/389 767/767/767 768/768/768
f 389/389/389 768/768/768 390/390/390
f 767/767/767 760/760/760 762/762/762
f 767/767/767 762/762/762 768/768/768
f 195/195/195 182/182/182 760/760/760
f 195/195/195 760/760/760 767/767/767
f 390/390/390 768/768/768 769/769/769
f 390/390/390 769/769/769 393/393/393
f 393/393/393 769/769/769 770/770/770
f 393/393/393 770/770/770 394/394/394
f 769/769/769 764/764/764 766/766/766
f 769/769/769 766/766/766 770/770/770
f 768/768/768 762/762/762 764/764/764
f 768/768/768 764/764/764 769/769/769
f 766/766/766 765/765/765 771/771/771
f 766/766/766 771/771/771 772/772/772
f 772/772/772 771/771/771 773/773/773
f 772/772/772 773/773/773 774/774/774
f 771/771/771 742/742/742 731/731/731
f 771/771/771 731/731/731 773/773/773
f 765/765/765 739/739/739 742/742/742
f 765/765/765 742/742/742 771/771/771
f 394/394/394 770/770/770 775/775/775
f 394/394/394 775/775/775 399/399/399
f 399/399/399 775/775/775 776/776/776
f 399/399/399 776/776/776 400/400/400
f 775/775/775 772/772/772 774/774/774
f 775/775/775 774/774/774 776/776/776
f 770/770/770 766/766/766 772/772/772
f 770/770/770 772/772/772 775/775/775
f 400/400/400 776/776/776 777/777/777
f 400/400/400 777/777/777 409/409/409
f 409/409/409 777/777/777 778/778/778
f 409/409/409 778/778/778 410/410/410
f 777/777/777 779/779/779 780/780/780
f 777/777/777 780/780/780 778/778/778
f 776/776/776 774/774/774 779/779/779
f 776/776/776 779/779/779 777/777/777
f 774/774/774 773/773/773 781/781/781
f 774/774/774 781/781/781 779/779/779
f 779/779/779 781/781/781 782/782/782
f 779/779/779 782/782/782 780/780/780
f 781/781/781 734/734/734 727/727/727
f 781/781/781 727/727/727 782/782/782
f 773/773/773 731/731/731 734/734/734
f 773/773/773 734/734/734 781/781/781
f 410/410/410 778/778/778 783/783/783
f 410/410/410 783/783/783 417/417/417
f 417/417/417 783/783/783 784/784/784
f 417/417/417 784/784/784 418/418/418
f 783/783/783 785/785/785 786/786/786
f 783/783/783 786/786/786 784/784/784
f 778/778/778 780/780/780 785/785/785
f 778/778/778 785/785/785 783/783/783
f 780/780/780 782/782/782 787/787/787
f 780/780/780 787/787/787 785/785/785
f 785/785/785 787/787/787 788/788/788
f 785/785/785 788/788/788 786/786/786
f 787/787/787 730/730/730 721/721/721
f 787/787/787 721/721/721 788/788/788
f 782/782/782 727/727/727 730/730/730
f 782/782/782 730/730/730 787/787/787
f 418/418/418 784/784/784 789/789/789
f 418/418/418 789/789/789 427/427/427
f 427/427/427 789/789/789 790/790/790
f 427/427/427 790/790/790 428/428/428
f 789/789/789 791/791/791 792/792/792
f 789/789/789 792/792/792 790/790/790
f 784/784/784 786/786/786 791/791/791
f 784/784/784 791/791/791 789/789/789
f 786/786/786 788/788/788 793/793/793
f 786/786/786 793/793/793 791/791/791
f 791/791/791 793/793/793 794/794/794
f 791/791/791 794/794/794 792/792/792
f 793/793/793 724/724/724 726/726/726
f 793/793/793 726/726/726 794/794/794
f 788/788/788 721/721/721 724/724/724
f 788/788/788 724/724/724 793/793/793
f 792/792/792 794/794/794 795/795/795
f 792/792/792 795/795/795 796/796/796
f 796/796/796 795/795/795 797/797/797
f 796/796/796 797/797/797 798/798/798
f 795/795/795 799/799/799 800/800/800
f 795/795/795 800/800/800 797/797/797
f 794/794/794 726/726/726 799/799/799
f 794/794/794 799/799/799 795/795/795
f 428/428/428 790/790/790 801/801/801
f 428/428/428 801/801/801 433/433/433
f 433/433/433 801/801/801 802/802/802
f 433/433/433 802/802/802 434/434/434
f 801/801/801 796/796/796 798/798/798
f 801/801/801 798/798/798 802/802/802
f 790/790/790 792/792/792 796/796/796
f 790/790/790 796/796/796 801/801/801
f 798/798/798 797/797/797 803/803/803
f 798/798/798 803/803/803 804/804/804
f 804/804/804 803/803/803 805/805/805
f 804/804/804 805/805/805 806/806/806
f 803/803/803 807/807/807 808/808/808
f 803/803/803 808/808/808 805/805/805
f 797/797/797 800/800/800 807/807/807
f 797/797/797 807/807/807 803/803/803
f 434/434/434 802/802/802 809/809/809
f 434/434/434 809/809/809 447/447/447
f 447/447/447 809/809/809 810/810/810
f 447/447/447 810/810/810 448/448/448
f 809/809/809 804/804/804 806/806/806
f 809/809/809 806/806/806 810/810/810
f 802/802/802 798/798/798 804/804/804
f 802/802/802 804/804/804 809/809/809
f 726/726/726 725/725/725 811/811/811
f 726/726/726 811/811/811 799/799/799
f 799/799/799 811/811/811 812/812/812
f 799/799/799 812/812/812 800/800/800
f 811/811/811 710/710/710 712/712/712
f 811/811/811 712/712/712 812/812/812
f 725/725/725 707/707/707 710/710/710
f 725/725/725 710/710/710 811/811/811
f 800/800/800 812/812/812 813/813/813
f 800/800/800 813/813/813 807/807/807
f 807/807/807 813/813/813 814/814/814
f 807/807/807 814/814/814 808/808/808
f 813/813/813 815/815/815 816/816/816
f 813/813/813 816/816/816 814/814/814
f 812/812/812 712/712/712 815/815/815
f 812/812/812 815/815/815 813/813/813
f 712/712/712 711/711/711 817/817/817
f 712/712/712 817/817/817 815/815/815
f 815/815/815 817/817/817 818/818/818
f 815/815/815 818/818/818 816/816/816
f 817/817/817 694/694/694 679/679/679
f 817/817/817 679/679/679 818/818/818
f 711/711/711 691/691/691 694/694/694
f 711/711/711 694/694/694 817/817/817
f 816/816/816 818/818/818 819/819/819
f 816/816/816 819/819/819 820/820/820
f 820/820/820 819/819/819 821/821/821
f 820/820/820 821/821/821 822/822/822
f 819/819/819 682/682/682 675/675/675
f 819/819/819 675/675/675 821/821/821
f 818/818/818 679/679/679 682/682/682
f 818/818/818 682/682/682 819/819/819
f 808/808/808 814/814/814 823/823/823
f 808/808/808 823/823/823 824/824/824
f 824/824/824 823/823/823 825/825/825
f 824/824/824 825/825/825 826/826/826
f 823/823/823 820/820/820 822/822/822
f 823/823/823 822/822/822 825/825/825
f 814/814/814 816/816/816 820/820/820
f 814/814/814 820/820/820 823/823/823
f 826/826/826 825/825/825 827/827/827
f 826/826/826 827/827/827 828/828/828
f 828/828/828 827/827/827 829/829/829
f 828/828/828 829/829/829 830/830/830
f 827/827/827 831/831/831 832/832/832
f 827/827/827 832/832/832 829/829/829
f 825/825/825 822/822/822 831/831/831
f 825/825/825 831/831/831 827/827/827
f 822/822/822 821/821/821 833/833/833
f 822/822/822 833/833/833 831/831/831
f 831/831/831 833/833/833 834/834/834
f 831/831/831 834/834/834 832/832/832
f 833/833/833 678/678/678 670/670/670
f 833/833/833 670/670/670 834/834/834
f 821/821/821 675/675/675 678/678/678
f 821/821/821 678/678/678 833/833/833
f 662/662/662 835/835/835 836/836/836
f 662/662/662 836/836/836 669/669/669
f 669/669/669 836/836/836 834/834/834
f 669/669/669 834/834/834 670/670/670
f 836/836/836 837/837/837 832/832/832
f 836/836/836 832/832/832 834/834/834
f 835/835/835 838/838/838 837/837/837
f 835/835/835 837/837/837 836/836/836
f 838/838/838 839/839/839 840/840/840
f 838/838/838 840/840/840 837/837/837
f 837/837/837 840/840/840 829/829/829
f 837/837/837 829/829/829 832/832/832
f 840/840/840 841/841/841 830/830/830
f 840/840/840 830/830/830 829/829/829
f 839/839/839 842/842/842 841/841/841
f 839/839/839 841/841/841 840/840/840
f 649/649/649 843/843/843 844/844/844
f 649/649/649 844/844/844 661/661/661
f 661/661/661 844/844/844 835/835/835
f 661/661/661 835/835/835 662/662/662
f 844/844/844 845/845/845 838/838/838
f 844/844/844 838/838/838 835/835/835
f 843/843/843 846/846/846 845/845/845
f 843/843/843 845/845/845 844/844/844
f 846/846/846 847/847/847 848/848/848
f 846/846/846 848/848/848 845/845/845
f 845/845/845 848/848/848 839/839/839
f 845/845/845 839/839/839 838/838/838
f 848/848/848 849/849/849 842/842/842
f 848/848/848 842/842/842 839/839/839
f 847/847/847 850/850/850 849/849/849
f 847/847/847 849/849/849 848/848/848
f 846/846/846 843/843/843 851/851/851
f 846/846/846 851/851/851 852/852/852
f 852/852/852 851/851/851 853/853/853
f 852/852/852 853/853/853 854/854/854
f 851/851/851 652/652/652 654/654/654
f 851/851/851 654/654/654 853/853/853
f 843/843/843 649/649/649 652/652/652
f 843/843/843 652/652/652 851/851/851
f 850/850/850 847/847/847 855/855/855
f 850/850/850 855/855/855 856/856/856
f 856/856/856 855/855/855 857/857/857
f 856/856/856 857/857/857 858/858/858
f 855/855/855 852/852/852 854/854/854
f 855/855/855 854/854/854 857/857/857
f 847/847/847 846/846/846 852/852/852
f 847/847/847 852/852/852 855/855/855
f 859/859/859 860/860/860 861/861/861
f 859/859/859 861/861/861 862/862/862
f 862/862/862 861/861/861 863/863/863
f 862/862/862 863/863/863 864/864/864
f 861/861/861 856/856/856 858/858/858
f 861/861/861 858/858/858 863/863/863
f 860/860/860 850/850/850 856/856/856
f 860/860/860 856/856/856 861/861/861
f 479/479/479 865/865/865 866/866/866
f 479/479/479 866/866/866 493/493/493
f 493/493/493 866/866/866 867/867/867
f 493/493/493 867/867/867 494/494/494
f 866/866/866 862/862/862 864/864/864
f 866/866/866 864/864/864 867/867/867
f 865/865/865 859/859/859 862/862/862
f 865/865/865 862/862/862 866/866/866
f 859/859/859 865/865/865 868/868/868
f 859/859/859 868/868/868 869/869/869
f 869/869/869 868/868/868 870/870/870
f 869/869/869 870/870/870 871/871/871
f 868/868/868 482/482/482 469/469/469
f 868/868/868 469/469/469 870/870/870
f 865/865/865 479/479/479 482/482/482
f 865/865/865 482/482/482 868/868/868
f 850/850/850 860/860/860 872/872/872
f 850/850/850 872/872/872 849/849/849
f 849/849/849 872/872/872 873/873/873
f 849/849/849 873/873/873 842/842/842
f 872/872/872 869/869/869 871/871/871
f 872/872/872 871/871/871 873/873/873
f 860/860/860 859/859/859 869/869/869
f 860/860/860 869/869/869 872/872/872
f 871/871/871 870/870/870 874/874/874
f 871/871/871 874/874/874 875/875/875
f 875/875/875 874/874/874 876/876/876
f 875/875/875 876/876/876 877/877/877
f 874/874/874 472/472/472 468/468/468
f 874/874/874 468/468/468 876/876/876
f 870/870/870 469/469/469 472/472/472
f 870/870/870 472/472/472 874/874/874
f 842/842/842 873/873/873 878/878/878
f 842/842/842 878/878/878 841/841/841
f 841/841/841 878/878/878 879/879/879
f 841/841/841 879/879/879 830/830/830
f 878/878/878 875/875/875 877/877/877
f 878/878/878 877/877/877 879/879/879
f 873/873/873 871/871/871 875/875/875
f 873/873/873 875/875/875 878/878/878
f 454/454/454 880/880/880 881/881/881
f 454/454/454 881/881/881 467/467/467
f 467/467/467 881/881/881 876/876/876
f 467/467/467 876/876/876 468/468/468
f 881/881/881 882/882/882 877/877/877
f 881/881/881 877/877/877 876/876/876
f 880/880/880 883/883/883 882/882/882
f 880/880/880 882/882/882 881/881/881
f 883/883/883 884/884/884 885/885/885
f 883/883/883 885/885/885 882/882/882
f 882/882/882 885/885/885 879/879/879
f 882/882/882 879/879/879 877/877/877
f 885/885/885 828/828/828 830/830/830
f 885/885/885 830/830/830 879/879/879
f 884/884/884 826/826/826 828/828/828
f 884/884/884 828/828/828 885/885/885
f 806/806/806 805/805/805 886/886/886
f 806/806/806 886/886/886 887/887/887
f 887/887/887 886/886/886 884/884/884
f 887/887/887 884/884/884 883/883/883
f 886/886/886 824/824/824 826/826/826
f 886/886/886 826/826/826 884/884/884
f 805/805/805 808/808/808 824/824/824
f 805/805/805 824/824/824 886/886/886
f 448/448/448 810/810/810 888/888/888
f 448/448/448 888/888/888 453/453/453
f 453/453/453 888/888/888 880/880/880
f 453/453/453 880/880/880 454/454/454
f 888/888/888 887/887/887 883/883/883
f 888/888/888 883/883/883 880/880/880
f 810/810/810 806/806/806 887/887/887
f 810/810/810 887/887/887 888/888/888
f 623/623/623 889/889/889 890/890/890
f 623/623/623 890/890/890 637/637/637
f 637/637/637 890/890/890 891/891/891
f 637/637/637 891/891/891 638/638/638
f 890/890/890 508/508/508 510/510/510
f 890/890/890 510/510/510 891/891/891
f 889/889/889 505/505/505 508/508/508
f 889/889/889 508/508/508 890/890/890
f 505/505/505 889/889/889 892/892/892
f 505/505/505 892/892/892 517/517/517
f 517/517/517 892/892/892 893/893/893
f 517/517/517 893/893/893 518/518/518
f 892/892/892 626/626/626 613/613/613
f 892/892/892 613/613/613 893/893/893
f 889/889/889 623/623/623 626/626/626
f 889/889/889 626/626/626 892/892/892
f 518/518/518 893/893/893 894/894/894
f 518/518/518 894/894/894 525/525/525
f 525/525/525 894/894/894 895/895/895
f 525/525/525 895/895/895 526/526/526
f 894/894/894 616/616/616 612/612/612
f 894/894/894 612/612/612 895/895/895
f 893/893/893 613/613/613 616/616/616
f 893/893/893 616/616/616 894/894/894
f 598/598/598 896/896/896 897/897/897
f 598/598/598 897/897/897 611/611/611
f 611/611/611 897/897/897 895/895/895
f 611/611/611 895/895/895 612/612/612
f 897/897/897 534/534/534 526/526/526
f 897/897/897 526/526/526 895/895/895
f 896/896/896 531/531/531 534/534/534
f 896/896/896 534/534/534 897/897/897
f 584/584/584 583/583/583 898/898/898
f 584/584/584 898/898/898 597/597/597
f 597/597/597 898/898/898 896/896/896
f 597/597/597 896/896/896 598/598/598
f 898/898/898 538/538/538 531/531/531
f 898/898/898 531/531/531 896/896/896
f 583/583/583 535/535/535 538/538/538
f 583/583/583 538/538/538 898/898/898
f 242/242/242 241/241/241 899/899/899
f 242/242/242 899/899/899 900/900/900
f 900/900/900 899/899/899 901/901/901
f 900/900/900 901/901/901 902/902/902
f 899/899/899 375/375/375 370/370/370
f 899/899/899 370/370/370 901/901/901
f 241/241/241 232/232/232 375/375/375
f 241/241/241 375/375/375 899/899/899
f 902/902/902 901/901/901 903/903/903
f 902/902/902 903/903/903 904/904/904
f 904/904/904 903/903/903 905/905/905
f 904/904/904 905/905/905 906/906/906
f 903/903/903 373/373/373 354/354/354
f 903/903/903 354/354/354 905/905/905
f 901/901/901 370/370/370 373/373/373
f 901/901/901 373/373/373 903/903/903
f 255/255/255 254/254/254 907/907/907
f 255/255/255 907/907/907 268/268/268
f 268/268/268 907/907/907 908/908/908
f 268/268/268 908/908/908 269/269/269
f 907/907/907 900/900/900 902/902/902
f 907/907/907 902/902/902 908/908/908
f 254/254/254 242/242/242 900/900/900
f 254/254/254 900/900/900 907/907/907
f 269/269/269 908/908/908 909/909/909
f 269/269/269 909/909/909 282/282/282
f 282/282/282 909/909/909 910/910/910
f 282/282/282 910/910/910 283/283/283
f 909/909/909 904/904/904 906/906/906
f 909/909/909 906/906/906 910/910/910
f 908/908/908 902/902/902 904/904/904
f 908/908/908 904/904/904 909/909/909
f 906/906/906 905/905/905 911/911/911
f 906/906/906 911/911/911 912/912/912
f 912/912/912 911/911/911 324/324/324
f 912/912/912 324/324/324 323/323/323
f 911/911/911 357/357/357 329/329/329
f 911/911/911 329/329/329 324/324/324
f 905/905/905 354/354/354 357/357/357
f 905/905/905 357/357/357 911/911/911
f 283/283/283 910/910/910 913/913/913
f 283/283/283 913/913/913 288/288/288
f 288/288/288 913/913/913 320/320/320
f 288/288/288 320/320/320 289/289/289
f 913/913/913 912/912/912 323/323/323
f 913/913/913 323/323/323 320/320/320
f 910/910/910 906/906/906 912/912/912
f 910/910/910 912/912/912 913/913/913
f 125/125/125 124/124/124 914/914/914
f 125/125/125 914/914/914 143/143/143
f 143/143/143 914/914/914 247/247/247
f 143/143/143 247/247/247 144/144/144
f 914/914/914 915/915/915 243/243/243
f 914/914/914 243/243/243 247/247/247
f 124/124/124 111/111/111 915/915/915
f 124/124/124 915/915/915 914/914/914
f 111/111/111 110/110/110 916/916/916
f 111/111/111 916/916/916 915/915/915
f 915/915/915 916/916/916 244/244/244
f 915/915/915 244/244/244 243/243/243
f 916/916/916 917/917/917 233/233/233
f 916/916/916 233/233/233 244/244/244
f 110/110/110 101/101/101 917/917/917
f 110/110/110 917/917/917 916/916/916
f 101/101/101 100/100/100 918/918/918
f 101/101/101 918/918/918 917/917/917
f 917/917/917 918/918/918 234/234/234
f 917/917/917 234/234/234 233/233/233
f 918/918/918 919/919/919 217/217/217
f 918/918/918 217/217/217 234/234/234
f 100/100/100 95/95/95 919/919/919
f 100/100/100 919/919/919 918/918/918
f 95/95/95 94/94/94 920/920/920
f 95/95/95 920/920/920 919/919/919
f 919/919/919 920/920/920 218/218/218
f 919/919/919 218/218/218 217/217/217
f 920/920/920 921/921/921 213/213/213
f 920/920/920 213/213/213 218/218/218
f 94/94/94 81/81/81 921/921/921
f 94/94/94 921/921/921 920/920/920
f 81/81/81 80/80/80 922/922/922
f 81/81/81 922/922/922 921/921/921
f 921/921/921 922/922/922 214/214/214
f 921/921/921 214/214/214 213/213/213
f 922/922/922 923/923/923 197/197/197
f 922/922/922 197/197/197 214/214/214
f 80/80/80 75/75/75 923/923/923
f 80/80/80 923/923/923 922/922/922
f 75/75/75 74/74/74 924/924/924
f 75/75/75 924/924/924 923/923/923
f 923/923/923 924/924/924 198/198/198
f 923/923/923 198/198/198 197/197/197
f 924/924/924 925/925/925 187/187/187
f 924/924/924 187/187/187 198/198/198
f 74/74/74 65/65/65 925/925/925
f 74/74/74 925/925/925 924/924/924
f 65/65/65 64/64/64 926/926/926
f 65/65/65 926/926/926 925/925/925
f 925/925/925 926/926/926 188/188/188
f 925/925/925 188/188/188 187/187/187
f 926/926/926 927/927/927 183/183/183
f 926/926/926 183/183/183 188/188/188
f 64/64/64 51/51/51 927/927/927
f 64/64/64 927/927/927 926/926/926
f 51/51/51 50/50/50 928/928/928
f 51/51/51 928/928/928 927/927/927
f 927/927/927 928/928/928 184/184/184
f 927/927/927 184/184/184 183/183/183
f 928/928/928 166/166/166 159/159/159
f 928/928/928 159/159/159 184/184/184
f 50/50/50 39/39/39 166/166/166
f 50/50/50 166/166/166 928/928/928
f 929/929/929 930/930/930 931/931/931
f 929/929/929 931/931/931 932/932/932
f 932/932/932 931/931/931 117/117/117
f 932/932/932 117/117/117 116/116/116
f 931/931/931 933/933/933 112/112/112
f 931/931/931 112/112/112 117/117/117
f 930/930/930 934/934/934 933/933/933
f 930/930/930 933/933/933 931/931/931
f 15/15/15 935/935/935 936/936/936
f 15/15/15 936/936/936 14/14/14
f 14/14/14 936/936/936 126/126/126
f 14/14/14 126/126/126 9/9/9
f 936/936/936 932/932/932 116/116/116
f 936/936/936 116/116/116 126/126/126
f 935/935/935 929/929/929 932/932/932
f 935/935/935 932/932/932 936/936/936
f 937/937/937 938/938/938 939/939/939
f 937/937/937 939/939/939 940/940/940
f 940/940/940 939/939/939 935/935/935
f 940/940/940 935/935/935 15/15/15
f 939/939/939 941/941/941 929/929/929
f 939/939/939 929/929/929 935/935/935
f 938/938/938 942/942/942 941/941/941
f 938/938/938 941/941/941 939/939/939
f 942/942/942 943/943/943 944/944/944
f 942/942/942 944/944/944 941/941/941
f 941/941/941 944/944/944 930/930/930
f 941/941/941 930/930/930 929/929/929
f 944/944/944 945/945/945 934/934/934
f 944/944/944 934/934/934 930/930/930
f 943/943/943 946/946/946 945/945/945
f 943/943/943 945/945/945 944/944/944
f 947/947/947 948/948/948 949/949/949
f 947/947/947 949/949/949 950/950/950
f 950/950/950 949/949/949 938/938/938
f 950/950/950 938/938/938 937/937/937
f 949/949/949 951/951/951 942/942/942
f 949/949/949 942/942/942 938/938/938
f 948/948/948 952/952/952 951/951/951
f 948/948/948 951/951/951 949/949/949
f 952/952/952 953/953/953 954/954/954
f 952/952/952 954/954/954 951/951/951
f 951/951/951 954/954/954 943/943/943
f 951/951/951 943/943/943 942/942/942
f 954/954/954 955/955/955 946/946/946
f 954/954/954 946/946/946 943/943/943
f 953/953/953 956/956/956 955/955/955
f 953/953/953 955/955/955 954/954/954
f 957/957/957 958/958/958 959/959/959
f 957/957/957 959/959/959 960/960/960
f 960/960/960 959/959/959 948/948/948
f 960/960/960 948/948/948 947/947/947
f 959/959/959 961/961/961 952/952/952
f 959/959/959 952/952/952 948/948/948
f 958/958/958 962/962/962 961/961/961
f 958/958/958 961/961/961 959/959/959
f 962/962/962 963/963/963 964/964/964
f 962/962/962 964/964/964 961/961/961
f 961/961/961 964/964/964 953/953/953
f 961/961/961 953/953/953 952/952/952
f 964/964/964 965/965/965 956/956/956
f 964/964/964 956/956/956 953/953/953
f 963/963/963 966/966/966 965/965/965
f 963/963/963 965/965/965 964/964/964
f 967/967/967 968/968/968 969/969/969
f 967/967/967 969/969/969 970/970/970
f 970/970/970 969/969/969 958/958/958
f 970/970/970 958/958/958 957/957/957
f 969/969/969 971/971/971 962/962/962
f 969/969/969 962/962/962 958/958/958
f 968/968/968 972/972/972 971/971/971
f 968/968/968 971/971/971 969/969/969
f 972/972/972 973/973/973 974/974/974
f 972/972/972 974/974/974 971/971/971
f 971/971/971 974/974/974 963/963/963
f 971/971/971 963/963/963 962/962/962
f 974/974/974 975/975/975 966/966/966
f 974/974/974 966/966/966 963/963/963
f 973/973/973 976/976/976 975/975/975
f 973/973/973 975/975/975 974/974/974
f 977/977/977 978/978/978 979/979/979
f 977/977/977 979/979/979 980/980/980
f 980/980/980 979/979/979 981/981/981
f 980/980/980 981/981/981 982/982/982
f 979/979/979 970/970/970 957/957/957
f 979/979/979 957/957/957 981/981/981
f 978/978/978 967/967/967 970/970/970
f 978/978/978 970/970/970 979/979/979
f 982/982/982 981/981/981 983/983/983
f 982/982/982 983/983/983 984/984/984
f 984/984/984 983/983/983 985/985/985
f 984/984/984 985/985/985 986/986/986
f 983/983/983 960/960/960 947/947/947
f 983/983/983 947/947/947 985/985/985
f 981/981/981 957/957/957 960/960/960
f 981/981/981 960/960/960 983/983/983
f 987/987/987 988/988/988 989/989/989
f 987/987/987 989/989/989 990/990/990
f 990/990/990 989/989/989 991/991/991
f 990/990/990 991/991/991 992/992/992
f 989/989/989 980/980/980 982/982/982
f 989/989/989 982/982/982 991/991/991
f 988/988/988 977/977/977 980/980/980
f 988/988/988 980/980/980 989/989/989
f 992/992/992 991/991/991 993/993/993
f 992/992/992 993/993/993 994/994/994
f 994/994/994 993/993/993 995/995/995
f 994/994/994 995/995/995 996/996/996
f 993/993/993 984/984/984 986/986/986
f 993/993/993 986/986/986 995/995/995
f 991/991/991 982/982/982 984/984/984
f 991/991/991 984/984/984 993/993/993
f 997/997/997 998/998/998 999/999/999
f 997/997/997 999/999/999 1000/1000/1000
f 1000/1000/1000 999/999/999 1001/1001/1001
f 1000/1000/1000 1001/1001/1001 1002/1002/1002
f 999/999/999 994/994/994 996/996/996
f 999/999/999 996/996/996 1001/1001/1001
f 998/998/998 992/992/992 994/994/994
f 998/998/998 994/994/994 999/999/999
f 1003/1003/1003 1004/1004/1004 1005/1005/1005
f 1003/1003/1003 1005/1005/1005 1006/1006/1006
f 1006/1006/1006 1005/1005/1005 998/998/998
f 1006/1006/1006 998/998/998 997/997/997
f 1005/1005/1005 990/990/990 992/992/992
f 1005/1005/1005 992/992/992 998/998/998
f 1004/1004/1004 987/987/987 990/990/990
f 1004/1004/1004 990/990/990 1005/1005/1005
f 1007/1007/1007 1008/1008/1008 1009/1009/1009
f 1007/1007/1007 1009/1009/1009 1010/1010/1010
f 1010/1010/1010 1009/1009/1009 1011/1011/1011
f 1010/1010/1010 1011/1011/1011 1012/1012/1012
f 1009/1009/1009 1006/1006/1006 997/997/997
f 1009/1009/1009 997/997/997 1011/1011/1011
f 1008/1008/1008 1003/1003/1003 1006/1006/1006
f 1008/1008/1008 1006/1006/1006 1009/1009/1009
f 1012/1012/1012 1011/1011/1011 1013/1013/1013
f 1012/1012/1012 1013/1013/1013 1014/1014/1014
f 1014/1014/1014 1013/1013/1013 1015/1015/1015
f 1014/1014/1014 1015/1015/1015 1016/1016/1016
f 1013/1013/1013 1000/1000/1000 1002/1002/1002
f 1013/1013/1013 1002/1002/1002 1015/1015/1015
f 1011/1011/1011 997/997/997 1000/1000/1000
f 1011/1011/1011 1000/1000/1000 1013/1013/1013
f 1017/1017/1017 1018/1018/1018 1019/1019/1019
f 1017/1017/1017 1019/1019/1019 1020/1020/1020
f 1020/1020/1020 1019/1019/1019 1021/1021/1021
f 1020/1020/1020 1021/1021/1021 1022/1022/1022
f 1019/1019/1019 1010/1010/1010 1012/1012/1012
f 1019/1019/1019 1012/1012/1012 1021/1021/1021
f 1018/1018/1018 1007/1007/1007 1010/1010/1010
f 1018/1018/1018 1010/1010/1010 1019/1019/1019
f 1022/1022/1022 1021/1021/1021 1023/1023/1023
f 1022/1022/1022 1023/1023/1023 1024/1024/1024
f 1024/1024/1024 1023/1023/1023 1025/1025/1025
f 1024/1024/1024 1025/1025/1025 1026/1026/1026
f 1023/1023/1023 1014/1014/1014 1016/1016/1016
f 1023/1023/1023 1016/1016/1016 1025/1025/1025
f 1021/1021/1021 1012/1012/1012 1014/1014/1014
f 1021/1021/1021 1014/1014/1014 1023/1023/1023
f 1027/1027/1027 1028/1028/1028 1029/1029/1029
f 1027/1027/1027 1029/1029/1029 1030/1030/1030
f 1030/1030/1030 1029/1029/1029 1031/1031/1031
f 1030/1030/1030 1031/1031/1031 1032/1032/1032
f 1029/1029/1029 1020/1020/1020 1022/1022/1022
f 1029/1029/1029 1022/1022/1022 1031/1031/1031
f 1028/1028/1028 1017/1017/1017 1020/1020/1020
f 1028/1028/1028 1020/1020/1020 1029/1029/1029
f 1032/1032/1032 1031/1031/1031 1033/1033/1033
f 1032/1032/1032 1033/1033/1033 1034/1034/1034
f 1034/1034/1034 1033/1033/1033 1035/1035/1035
f 1034/1034/1034 1035/1035/1035 1036/1036/1036
f 1033/1033/1033 1024/1024/1024 1026/1026/1026
f 1033/1033/1033 1026/1026/1026 1035/1035/1035
f 1031/1031/1031 1022/1022/1022 1024/1024/1024
f 1031/1031/1031 1024/1024/1024 1033/1033/1033
f 1037/1037/1037 1038/1038/1038 1039/1039/1039
f 1037/1037/1037 1039/1039/1039 1040/1040/1040
f 1040/1040/1040 1039/1039/1039 1041/1041/1041
f 1040/1040/1040 1041/1041/1041 1042/1042/1042
f 1039/1039/1039 1034/1034/1034 1036/1036/1036
f 1039/1039/1039 1036/1036/1036 1041/1041/1041
f 1038/1038/1038 1032/1032/1032 1034/1034/1034
f 1038/1038/1038 1034/1034/1034 1039/1039/1039
f 1043/1043/1043 1044/1044/1044 1045/1045/1045
f 1043/1043/1043 1045/1045/1045 1046/1046/1046
f 1046/1046/1046 1045/1045/1045 1038/1038/1038
f 1046/1046/1046 1038/1038/1038 1037/1037/1037
f 1045/1045/1045 1030/1030/1030 1032/1032/1032
f 1045/1045/1045 1032/1032/1032 1038/1038/1038
f 1044/1044/1044 1027/1027/1027 1030/1030/1030
f 1044/1044/1044 1030/1030/1030 1045/1045/1045
f 1047/1047/1047 1048/1048/1048 1049/1049/1049
f 1047/1047/1047 1049/1049/1049 1050/1050/1050
f 1050/1050/1050 1049/1049/1049 1051/1051/1051
f 1050/1050/1050 1051/1051/1051 1052/1052/1052
f 1049/1049/1049 1040/1040/1040 1042/1042/1042
f 1049/1049/1049 1042/1042/1042 1051/1051/1051
f 1048/1048/1048 1037/1037/1037 1040/1040/1040
f 1048/1048/1048 1040/1040/1040 1049/1049/1049
f 1053/1053/1053 1054/1054/1054 1055/1055/1055
f 1053/1053/1053 1055/1055/1055 1056/1056/1056
f 1056/1056/1056 1055/1055/1055 1048/1048/1048
f 1056/1056/1056 1048/1048/1048 1047/1047/1047
f 1055/1055/1055 1046/1046/1046 1037/1037/1037
f 1055/1055/1055 1037/1037/1037 1048/1048/1048
f 1054/1054/1054 1043/1043/1043 1046/1046/1046
f 1054/1054/1054 1046/1046/1046 1055/1055/1055
f 1057/1057/1057 1058/1058/1058 1059/1059/1059
f 1057/1057/1057 1059/1059/1059 1060/1060/1060
f 1060/1060/1060 1059/1059/1059 1061/1061/1061
f 1060/1060/1060 1061/1061/1061 1062/1062/1062
f 1059/1059/1059 1050/1050/1050 1052/1052/1052
f 1059/1059/1059 1052/1052/1052 1061/1061/1061
f 1058/1058/1058 1047/1047/1047 1050/1050/1050
f 1058/1058/1058 1050/1050/1050 1059/1059/1059
f 1063/1063/1063 1064/1064/1064 1065/1065/1065
f 1063/1063/1063 1065/1065/1065 1066/1066/1066
f 1066/1066/1066 1065/1065/1065 1058/1058/1058
f 1066/1066/1066 1058/1058/1058 1057/1057/1057
f 1065/1065/1065 1056/1056/1056 1047/1047/1047
f 1065/1065/1065 1047/1047/1047 1058/1058/1058
f 1064/1064/1064 1053/1053/1053 1056/1056/1056
f 1064/1064/1064 1056/1056/1056 1065/1065/1065
f 976/976/976 1067/1067/1067 1068/1068/1068
f 976/976/976 1068/1068/1068 975/975/975
f 975/975/975 1068/1068/1068 1069/1069/1069
f 975/975/975 1069/1069/1069 966/966/966
f 1068/1068/1068 1066/1066/1066 1057/1057/1057
f 1068/1068/1068 1057/1057/1057 1069/1069/1069
f 1067/1067/1067 1063/1063/1063 1066/1066/1066
f 1067/1067/1067 1066/1066/1066 1068/1068/1068
f 966/966/966 1069/1069/1069 1070/1070/1070
f 966/966/966 1070/1070/1070 965/965/965
f 965/965/965 1070/1070/1070 1071/1071/1071
f 965/965/965 1071/1071/1071 956/956/956
f 1070/1070/1070 1060/1060/1060 1062/1062/1062
f 1070/1070/1070 1062/1062/1062 1071/1071/1071
f 1069/1069/1069 1057/1057/1057 1060/1060/1060
f 1069/1069/1069 1060/1060/1060 1070/1070/1070
f 956/956/956 1071/1071/1071 1072/1072/1072
f 956/956/956 1072/1072/1072 955/955/955
f 955/955/955 1072/1072/1072 1073/1073/1073
f 955/955/955 1073/1073/1073 946/946/946
f 1072/1072/1072 1074/1074/1074 1075/1075/1075
f 1072/1072/1072 1075/1075/1075 1073/1073/1073
f 1071/1071/1071 1062/1062/1062 1074/1074/1074
f 1071/1071/1071 1074/1074/1074 1072/1072/1072
f 1062/1062/1062 1061/1061/1061 1076/1076/1076
f 1062/1062/1062 1076/1076/1076 1074/1074/1074
f 1074/1074/1074 1076/1076/1076 1077/1077/1077
f 1074/1074/1074 1077/1077/1077 1075/1075/1075
f 1076/1076/1076 1078/1078/1078 1079/1079/1079
f 1076/1076/1076 1079/1079/1079 1077/1077/1077
f 1061/1061/1061 1052/1052/1052 1078/1078/1078
f 1061/1061/1061 1078/1078/1078 1076/1076/1076
f 946/946/946 1073/1073/1073 1080/1080/1080
f 946/946/946 1080/1080/1080 945/945/945
f 945/945/945 1080/1080/1080 1081/1081/1081
f 945/945/945 1081/1081/1081 934/934/934
f 1080/1080/1080 1082/1082/1082 1083/1083/1083
f 1080/1080/1080 1083/1083/1083 1081/1081/1081
f 1073/1073/1073 1075/1075/1075 1082/1082/1082
f 1073/1073/1073 1082/1082/1082 1080/1080/1080
f 1079/1079/1079 1084/1084/1084 1085/1085/1085
f 1079/1079/1079 1085/1085/1085 1077/1077/1077
f 1077/1077/1077 1085/1085/1085 1082/1082/1082
f 1077/1077/1077 1082/1082/1082 1075/1075/1075
f 1085/1085/1085 1086/1086/1086 1083/1083/1083
f 1085/1085/1085 1083/1083/1083 1082/1082/1082
f 1084/1084/1084 1087/1087/1087 1086/1086/1086
f 1084/1084/1084 1086/1086/1086 1085/1085/1085
f 1079/1079/1079 1088/1088/1088 1089/1089/1089
f 1079/1079/1079 1089/1089/1089 1084/1084/1084
f 1084/1084/1084 1089/1089/1089 1090/1090/1090
f 1084/1084/1084 1090/1090/1090 1087/1087/1087
f 1089/1089/1089 1091/1091/1091 1092/1092/1092
f 1089/1089/1089 1092/1092/1092 1090/1090/1090
f 1088/1088/1088 1093/1093/1093 1091/1091/1091
f 1088/1088/1088 1091/1091/1091 1089/1089/1089
f 1052/1052/1052 1051/1051/1051 1094/1094/1094
f 1052/1052/1052 1094/1094/1094 1078/1078/1078
f 1078/1078/1078 1094/1094/1094 1088/1088/1088
f 1078/1078/1078 1088/1088/1088 1079/1079/1079
f 1094/1094/1094 1095/1095/1095 1093/1093/1093
f 1094/1094/1094 1093/1093/1093 1088/1088/1088
f 1051/1051/1051 1042/1042/1042 1095/1095/1095
f 1051/1051/1051 1095/1095/1095 1094/1094/1094
f 1087/1087/1087 1090/1090/1090 1096/1096/1096
f 1087/1087/1087 1096/1096/1096 1097/1097/1097
f 1097/1097/1097 1096/1096/1096 87/87/87
f 1097/1097/1097 87/87/87 86/86/86
f 1096/1096/1096 1098/1098/1098 82/82/82
f 1096/1096/1096 82/82/82 87/87/87
f 1090/1090/1090 1092/1092/1092 1098/1098/1098
f 1090/1090/1090 1098/1098/1098 1096/1096/1096
f 1083/1083/1083 1086/1086/1086 1099/1099/1099
f 1083/1083/1083 1099/1099/1099 1100/1100/1100
f 1100/1100/1100 1099/1099/1099 103/103/103
f 1100/1100/1100 103/103/103 102/102/102
f 1099/1099/1099 1097/1097/1097 86/86/86
f 1099/1099/1099 86/86/86 103/103/103
f 1086/1086/1086 1087/1087/1087 1097/1097/1097
f 1086/1086/1086 1097/1097/1097 1099/1099/1099
f 1092/1092/1092 1101/1101/1101 1102/1102/1102
f 1092/1092/1092 1102/1102/1102 1098/1098/1098
f 1098/1098/1098 1102/1102/1102 83/83/83
f 1098/1098/1098 83/83/83 82/82/82
f 1102/1102/1102 1103/1103/1103 66/66/66
f 1102/1102/1102 66/66/66 83/83/83
f 1101/1101/1101 1104/1104/1104 1103/1103/1103
f 1101/1101/1101 1103/1103/1103 1102/1102/1102
f 1105/1105/1105 1106/1106/1106 1107/1107/1107
f 1105/1105/1105 1107/1107/1107 1108/1108/1108
f 1108/1108/1108 1107/1107/1107 1091/1091/1091
f 1108/1108/1108 1091/1091/1091 1093/1093/1093
f 1107/1107/1107 1101/1101/1101 1092/1092/1092
f 1107/1107/1107 1092/1092/1092 1091/1091/1091
f 1106/1106/1106 1104/1104/1104 1101/1101/1101
f 1106/1106/1106 1101/1101/1101 1107/1107/1107
f 1105/1105/1105 1109/1109/1109 1110/1110/1110
f 1105/1105/1105 1110/1110/1110 1106/1106/1106
f 1106/1106/1106 1110/1110/1110 1111/1111/1111
f 1106/1106/1106 1111/1111/1111 1104/1104/1104
f 1110/1110/1110 1112/1112/1112 1113/1113/1113
f 1110/1110/1110 1113/1113/1113 1111/1111/1111
f 1109/1109/1109 1114/1114/1114 1112/1112/1112
f 1109/1109/1109 1112/1112/1112 1110/1110/1110
f 1104/1104/1104 1111/1111/1111 1115/1115/1115
f 1104/1104/1104 1115/1115/1115 1103/1103/1103
f 1103/1103/1103 1115/1115/1115 67/67/67
f 1103/1103/1103 67/67/67 66/66/66
f 1115/1115/1115 1116/1116/1116 56/56/56
f 1115/1115/1115 56/56/56 67/67/67
f 1111/1111/1111 1113/1113/1113 1116/1116/1116
f 1111/1111/1111 1116/1116/1116 1115/1115/1115
f 1036/1036/1036 1035/1035/1035 1117/1117/1117
f 1036/1036/1036 1117/1117/1117 1118/1118/1118
f 1118/1118/1118 1117/1117/1117 1109/1109/1109
f 1118/1118/1118 1109/1109/1109 1105/1105/1105
f 1117/1117/1117 1119/1119/1119 1114/1114/1114
f 1117/1117/1117 1114/1114/1114 1109/1109/1109
f 1035/1035/1035 1026/1026/1026 1119/1119/1119
f 1035/1035/1035 1119/1119/1119 1117/1117/1117
f 1042/1042/1042 1041/1041/1041 1120/1120/1120
f 1042/1042/1042 1120/1120/1120 1095/1095/1095
f 1095/1095/1095 1120/1120/1120 1108/1108/1108
f 1095/1095/1095 1108/1108/1108 1093/1093/1093
f 1120/1120/1120 1118/1118/1118 1105/1105/1105
f 1120/1120/1120 1105/1105/1105 1108/1108/1108
f 1041/1041/1041 1036/1036/1036 1118/1118/1118
f 1041/1041/1041 1118/1118/1118 1120/1120/1120
f 1114/1114/1114 1121/1121/1121 1122/1122/1122
f 1114/1114/1114 1122/1122/1122 1112/1112/1112
f 1112/1112/1112 1122/1122/1122 1123/1123/1123
f 1112/1112/1112 1123/1123/1123 1113/1113/1113
f 1122/1122/1122 1124/1124/1124 1125/1125/1125
f 1122/1122/1122 1125/1125/1125 1123/1123/1123
f 1121/1121/1121 1126/1126/1126 1124/1124/1124
f 1121/1121/1121 1124/1124/1124 1122/1122/1122
f 1026/1026/1026 1025/1025/1025 1127/1127/1127
f 1026/1026/1026 1127/1127/1127 1119/1119/1119
f 1119/1119/1119 1127/1127/1127 1121/1121/1121
f 1119/1119/1119 1121/1121/1121 1114/1114/1114
f 1127/1127/1127 1128/1128/1128 1126/1126/1126
f 1127/1127/1127 1126/1126/1126 1121/1121/1121
f 1025/1025/1025 1016/1016/1016 1128/1128/1128
f 1025/1025/1025 1128/1128/1128 1127/1127/1127
f 1016/1016/1016 1015/1015/1015 1129/1129/1129
f 1016/1016/1016 1129/1129/1129 1128/1128/1128
f 1128/1128/1128 1129/1129/1129 1130/1130/1130
f 1128/1128/1128 1130/1130/1130 1126/1126/1126
f 1129/1129/1129 1131/1131/1131 1132/1132/1132
f 1129/1129/1129 1132/1132/1132 1130/1130/1130
f 1015/1015/1015 1002/1002/1002 1131/1131/1131
f 1015/1015/1015 1131/1131/1131 1129/1129/1129
f 1126/1126/1126 1130/1130/1130 1133/1133/1133
f 1126/1126/1126 1133/1133/1133 1124/1124/1124
f 1124/1124/1124 1133/1133/1133 1134/1134/1134
f 1124/1124/1124 1134/1134/1134 1125/1125/1125
f 1133/1133/1133 1135/1135/1135 32/32/32
f 1133/1133/1133 32/32/32 1134/1134/1134
f 1130/1130/1130 1132/1132/1132 1135/1135/1135
f 1130/1130/1130 1135/1135/1135 1133/1133/1133
f 1125/1125/1125 1134/1134/1134 1136/1136/1136
f 1125/1125/1125 1136/1136/1136 1137/1137/1137
f 1137/1137/1137 1136/1136/1136 53/53/53
f 1137/1137/1137 53/53/53 52/52/52
f 1136/1136/1136 35/35/35 26/26/26
f 1136/1136/1136 26/26/26 53/53/53
f 1134/1134/1134 32/32/32 35/35/35
f 1134/1134/1134 35/35/35 1136/1136/1136
f 1113/1113/1113 1123/1123/1123 1138/1138/1138
f 1113/1113/1113 1138/1138/1138 1116/1116/1116
f 1116/1116/1116 1138/1138/1138 57/57/57
f 1116/1116/1116 57/57/57 56/56/56
f 1138/1138/1138 1137/1137/1137 52/52/52
f 1138/1138/1138 52/52/52 57/57/57
f 1123/1123/1123 1125/1125/1125 1137/1137/1137
f 1123/1123/1123 1137/1137/1137 1138/1138/1138
f 1139/1139/1139 1140/1140/1140 1141/1141/1141
f 1139/1139/1139 1141/1141/1141 1142/1142/1142
f 1142/1142/1142 1141/1141/1141 1135/1135/1135
f 1142/1142/1142 1135/1135/1135 1132/1132/1132
f 1141/1141/1141 33/33/33 32/32/32
f 1141/1141/1141 32/32/32 1135/1135/1135
f 1140/1140/1140 22/22/22 33/33/33
f 1140/1140/1140 33/33/33 1141/1141/1141
f 1002/1002/1002 1001/1001/1001 1143/1143/1143
f 1002/1002/1002 1143/1143/1143 1131/1131/1131
f 1131/1131/1131 1143/1143/1143 1142/1142/1142
f 1131/1131/1131 1142/1142/1142 1132/1132/1132
f 1143/1143/1143 1144/1144/1144 1139/1139/1139
f 1143/1143/1143 1139/1139/1139 1142/1142/1142
f 1001/1001/1001 996/996/996 1144/1144/1144
f 1001/1001/1001 1144/1144/1144 1143/1143/1143
f 996/996/996 995/995/995 1145/1145/1145
f 996/996/996 1145/1145/1145 1144/1144/1144
f 1144/1144/1144 1145/1145/1145 1146/1146/1146
f 1144/1144/1144 1146/1146/1146 1139/1139/1139
f 1145/1145/1145 1147/1147/1147 1148/1148/1148
f 1145/1145/1145 1148/1148/1148 1146/1146/1146
f 995/995/995 986/986/986 1147/1147/1147
f 995/995/995 1147/1147/1147 1145/1145/1145
f 1139/1139/1139 1146/1146/1146 1149/1149/1149
f 1139/1139/1139 1149/1149/1149 1140/1140/1140
f 1140/1140/1140 1149/1149/1149 23/23/23
f 1140/1140/1140 23/23/23 22/22/22
f 1149/1149/1149 1150/1150/1150 10/10/10
f 1149/1149/1149 10/10/10 23/23/23
f 1146/1146/1146 1148/1148/1148 1150/1150/1150
f 1146/1146/1146 1150/1150/1150 1149/1149/1149
f 947/947/947 950/950/950 1151/1151/1151
f 947/947/947 1151/1151/1151 985/985/985
f 985/985/985 1151/1151/1151 1147/1147/1147
f 985/985/985 1147/1147/1147 986/986/986
f 1151/1151/1151 1152/1152/1152 1148/1148/1148
f 1151/1151/1151 1148/1148/1148 1147/1147/1147
f 950/950/950 937/937/937 1152/1152/1152
f 950/950/950 1152/1152/1152 1151/1151/1151
f 937/937/937 940/940/940 1153/1153/1153
f 937/937/937 1153/1153/1153 1152/1152/1152
f 1152/1152/1152 1153/1153/1153 1150/1150/1150
f 1152/1152/1152 1150/1150/1150 1148/1148/1148
f 1153/1153/1153 11/11/11 10/10/10
f 1153/1153/1153 10/10/10 1150/1150/1150
f 940/940/940 15/15/15 11/11/11
f 940/940/940 11/11/11 1153/1153/1153
f 934/934/934 1081/1081/1081 1154/1154/1154
f 934/934/934 1154/1154/1154 933/933/933
f 933/933/933 1154/1154/1154 113/113/113
f 933/933/933 113/113/113 112/112/112
f 1154/1154/1154 1100/1100/1100 102/102/102
f 1154/1154/1154 102/102/102 113/113/113
f 1081/1081/1081 1083/1083/1083 1100/1100/1100
f 1081/1081/1081 1100/1100/1100 1154/1154/1154
f 1155/1155/1155 1156/1156/1156 1157/1157/1157
f 1155/1155/1155 1157/1157/1157 1158/1158/1158
f 1158/1158/1158 1157/1157/1157 1067/1067/1067
f 1158/1158/1158 1067/1067/1067 976/976/976
f 1157/1157/1157 1159/1159/1159 1063/1063/1063
f 1157/1157/1157 1063/1063/1063 1067/1067/1067
f 1156/1156/1156 1160/1160/1160 1159/1159/1159
f 1156/1156/1156 1159/1159/1159 1157/1157/1157
f 1160/1160/1160 1161/1161/1161 1162/1162/1162
f 1160/1160/1160 1162/1162/1162 1159/1159/1159
f 1159/1159/1159 1162/1162/1162 1064/1064/1064
f 1159/1159/1159 1064/1064/1064 1063/1063/1063
f 1162/1162/1162 1163/1163/1163 1053/1053/1053
f 1162/1162/1162 1053/1053/1053 1064/1064/1064
f 1161/1161/1161 1164/1164/1164 1163/1163/1163
f 1161/1161/1161 1163/1163/1163 1162/1162/1162
f 1165/1165/1165 1166/1166/1166 1167/1167/1167
f 1165/1165/1165 1167/1167/1167 1168/1168/1168
f 1168/1168/1168 1167/1167/1167 1156/1156/1156
f 1168/1168/1168 1156/1156/1156 1155/1155/1155
f 1167/1167/1167 1169/1169/1169 1160/1160/1160
f 1167/1167/1167 1160/1160/1160 1156/1156/1156
f 1166/1166/1166 1170/1170/1170 1169/1169/1169
f 1166/1166/1166 1169/1169/1169 1167/1167/1167
f 1170/1170/1170 1171/1171/1171 1172/1172/1172
f 1170/1170/1170 1172/1172/1172 1169/1169/1169
f 1169/1169/1169 1172/1172/1172 1161/1161/1161
f 1169/1169/1169 1161/1161/1161 1160/1160/1160
f 1172/1172/1172 1173/1173/1173 1164/1164/1164
f 1172/1172/1172 1164/1164/1164 1161/1161/1161
f 1171/1171/1171 1174/1174/1174 1173/1173/1173
f 1171/1171/1171 1173/1173/1173 1172/1172/1172
f 1175/1175/1175 1176/1176/1176 1177/1177/1177
f 1175/1175/1175 1177/1177/1177 1178/1178/1178
f 1178/1178/1178 1177/1177/1177 1179/1179/1179
f 1178/1178/1178 1179/1179/1179 1180/1180/1180
f 1177/1177/1177 1168/1168/1168 1155/1155/1155
f 1177/1177/1177 1155/1155/1155 1179/1179/1179
f 1176/1176/1176 1165/1165/1165 1168/1168/1168
f 1176/1176/1176 1168/1168/1168 1177/1177/1177
f 1180/1180/1180 1179/1179/1179 1181/1181/1181
f 1180/1180/1180 1181/1181/1181 1182/1182/1182
f 1182/1182/1182 1181/1181/1181 973/973/973
f 1182/1182/1182 973/973/973 972/972/972
f 1181/1181/1181 1158/1158/1158 976/976/976
f 1181/1181/1181 976/976/976 973/973/973
f 1179/1179/1179 1155/1155/1155 1158/1158/1158
f 1179/1179/1179 1158/1158/1158 1181/1181/1181
f 1183/1183/1183 1184/1184/1184 1185/1185/1185
f 1183/1183/1183 1185/1185/1185 1186/1186/1186
f 1186/1186/1186 1185/1185/1185 968/968/968
f 1186/1186/1186 968/968/968 967/967/967
f 1185/1185/1185 1182/1182/1182 972/972/972
f 1185/1185/1185 972/972/972 968/968/968
f 1184/1184/1184 1180/1180/1180 1182/1182/1182
f 1184/1184/1184 1182/1182/1182 1185/1185/1185
f 1187/1187/1187 1188/1188/1188 1189/1189/1189
f 1187/1187/1187 1189/1189/1189 1190/1190/1190
f 1190/1190/1190 1189/1189/1189 1184/1184/1184
f 1190/1190/1190 1184/1184/1184 1183/1183/1183
f 1189/1189/1189 1178/1178/1178 1180/1180/1180
f 1189/1189/1189 1180/1180/1180 1184/1184/1184
f 1188/1188/1188 1175/1175/1175 1178/1178/1178
f 1188/1188/1188 1178/1178/1178 1189/1189/1189
f 1191/1191/1191 1192/1192/1192 1193/1193/1193
f 1191/1191/1191 1193/1193/1193 1194/1194/1194
f 1194/1194/1194 1193/1193/1193 978/978/978
f 1194/1194/1194 978/978/978 977/977/977
f 1193/1193/1193 1186/1186/1186 967/967/967
f 1193/1193/1193 967/967/967 978/978/978
f 1192/1192/1192 1183/1183/1183 1186/1186/1186
f 1192/1192/1192 1186/1186/1186 1193/1193/1193
f 1195/1195/1195 1196/1196/1196 1197/1197/1197
f 1195/1195/1195 1197/1197/1197 1198/1198/1198
f 1198/1198/1198 1197/1197/1197 1192/1192/1192
f 1198/1198/1198 1192/1192/1192 1191/1191/1191
f 1197/1197/1197 1190/1190/1190 1183/1183/1183
f 1197/1197/1197 1183/1183/1183 1192/1192/1192
f 1196/1196/1196 1187/1187/1187 1190/1190/1190
f 1196/1196/1196 1190/1190/1190 1197/1197/1197
f 1199/1199/1199 1200/1200/1200 1201/1201/1201
f 1199/1199/1199 1201/1201/1201 1202/1202/1202
f 1202/1202/1202 1201/1201/1201 1203/1203/1203
f 1202/1202/1202 1203/1203/1203 1204/1204/1204
f 1201/1201/1201 1198/1198/1198 1191/1191/1191
f 1201/1201/1201 1191/1191/1191 1203/1203/1203
f 1200/1200/1200 1195/1195/1195 1198/1198/1198
f 1200/1200/1200 1198/1198/1198 1201/1201/1201
f 1204/1204/1204 1203/1203/1203 1205/1205/1205
f 1204/1204/1204 1205/1205/1205 1206/1206/1206
f 1206/1206/1206 1205/1205/1205 988/988/988
f 1206/1206/1206 988/988/988 987/987/987
f 1205/1205/1205 1194/1194/1194 977/977/977
f 1205/1205/1205 977/977/977 988/988/988
f 1203/1203/1203 1191/1191/1191 1194/1194/1194
f 1203/1203/1203 1194/1194/1194 1205/1205/1205
f 1207/1207/1207 1208/1208/1208 1209/1209/1209
f 1207/1207/1207 1209/1209/1209 1210/1210/1210
f 1210/1210/1210 1209/1209/1209 1004/1004/1004
f 1210/1210/1210 1004/1004/1004 1003/1003/1003
f 1209/1209/1209 1206/1206/1206 987/987/987
f 1209/1209/1209 987/987/987 1004/1004/1004
f 1208/1208/1208 1204/1204/1204 1206/1206/1206
f 1208/1208/1208 1206/1206/1206 1209/1209/1209
f 1211/1211/1211 1212/1212/1212 1213/1213/1213
f 1211/1211/1211 1213/1213/1213 1214/1214/1214
f 1214/1214/1214 1213/1213/1213 1208/1208/1208
f 1214/1214/1214 1208/1208/1208 1207/1207/1207
f 1213/1213/1213 1202/1202/1202 1204/1204/1204
f 1213/1213/1213 1204/1204/1204 1208/1208/1208
f 1212/1212/1212 1199/1199/1199 1202/1202/1202
f 1212/1212/1212 1202/1202/1202 1213/1213/1213
f 1215/1215/1215 1216/1216/1216 1217/1217/1217
f 1215/1215/1215 1217/1217/1217 1218/1218/1218
f 1218/1218/1218 1217/1217/1217 1219/1219/1219
f 1218/1218/1218 1219/1219/1219 1220/1220/1220
f 1217/1217/1217 1214/1214/1214 1207/1207/1207
f 1217/1217/1217 1207/1207/1207 1219/1219/1219
f 1216/1216/1216 1211/1211/1211 1214/1214/1214
f 1216/1216/1216 1214/1214/1214 1217/1217/1217
f 1220/1220/1220 1219/1219/1219 1221/1221/1221
f 1220/1220/1220 1221/1221/1221 1222/1222/1222
f 1222/1222/1222 1221/1221/1221 1008/1008/1008
f 1222/1222/1222 1008/1008/1008 1007/1007/1007
f 1221/1221/1221 1210/1210/1210 1003/1003/1003
f 1221/1221/1221 1003/1003/1003 1008/1008/1008
f 1219/1219/1219 1207/1207/1207 1210/1210/1210
f 1219/1219/1219 1210/1210/1210 1221/1221/1221
f 1223/1223/1223 1224/1224/1224 1225/1225/1225
f 1223/1223/1223 1225/1225/1225 1226/1226/1226
f 1226/1226/1226 1225/1225/1225 1227/1227/1227
f 1226/1226/1226 1227/1227/1227 1228/1228/1228
f 1225/1225/1225 1218/1218/1218 1220/1220/1220
f 1225/1225/1225 1220/1220/1220 1227/1227/1227
f 1224/1224/1224 1215/1215/1215 1218/1218/1218
f 1224/1224/1224 1218/1218/1218 1225/1225/1225
f 1228/1228/1228 1227/1227/1227 1229/1229/1229
f 1228/1228/1228 1229/1229/1229 1230/1230/1230
f 1230/1230/1230 1229/1229/1229 1018/1018/1018
f 1230/1230/1230 1018/1018/1018 1017/1017/1017
f 1229/1229/1229 1222/1222/1222 1007/1007/1007
f 1229/1229/1229 1007/1007/1007 1018/1018/1018
f 1227/1227/1227 1220/1220/1220 1222/1222/1222
f 1227/1227/1227 1222/1222/1222 1229/1229/1229
f 1231/1231/1231 1232/1232/1232 1233/1233/1233
f 1231/1231/1231 1233/1233/1233 1234/1234/1234
f 1234/1234/1234 1233/1233/1233 1235/1235/1235
f 1234/1234/1234 1235/1235/1235 1236/1236/1236
f 1233/1233/1233 1226/1226/1226 1228/1228/1228
f 1233/1233/1233 1228/1228/1228 1235/1235/1235
f 1232/1232/1232 1223/1223/1223 1226/1226/1226
f 1232/1232/1232 1226/1226/1226 1233/1233/1233
f 1236/1236/1236 1235/1235/1235 1237/1237/1237
f 1236/1236/1236 1237/1237/1237 1238/1238/1238
f 1238/1238/1238 1237/1237/1237 1028/1028/1028
f 1238/1238/1238 1028/1028/1028 1027/1027/1027
f 1237/1237/1237 1230/1230/1230 1017/1017/1017
f 1237/1237/1237 1017/1017/1017 1028/1028/1028
f 1235/1235/1235 1228/1228/1228 1230/1230/1230
f 1235/1235/1235 1230/1230/1230 1237/1237/1237
f 1239/1239/1239 1240/1240/1240 1241/1241/1241
f 1239/1239/1239 1241/1241/1241 1242/1242/1242
f 1242/1242/1242 1241/1241/1241 1044/1044/1044
f 1242/1242/1242 1044/1044/1044 1043/1043/1043
f 1241/1241/1241 1238/1238/1238 1027/1027/1027
f 1241/1241/1241 1027/1027/1027 1044/1044/1044
f 1240/1240/1240 1236/1236/1236 1238/1238/1238
f 1240/1240/1240 1238/1238/1238 1241/1241/1241
f 1243/1243/1243 1244/1244/1244 1245/1245/1245
f 1243/1243/1243 1245/1245/1245 1246/1246/1246
f 1246/1246/1246 1245/1245/1245 1240/1240/1240
f 1246/1246/1246 1240/1240/1240 1239/1239/1239
f 1245/1245/1245 1234/1234/1234 1236/1236/1236
f 1245/1245/1245 1236/1236/1236 1240/1240/1240
f 1244/1244/1244 1231/1231/1231 1234/1234/1234
f 1244/1244/1244 1234/1234/1234 1245/1245/1245
f 1164/1164/1164 1247/1247/1247 1248/1248/1248
f 1164/1164/1164 1248/1248/1248 1163/1163/1163
f 1163/1163/1163 1248/1248/1248 1054/1054/1054
f 1163/1163/1163 1054/1054/1054 1053/1053/1053
f 1248/1248/1248 1242/1242/1242 1043/1043/1043
f 1248/1248/1248 1043/1043/1043 1054/1054/1054
f 1247/1247/1247 1239/1239/1239 1242/1242/1242
f 1247/1247/1247 1242/1242/1242 1248/1248/1248
f 1174/1174/1174 1249/1249/1249 1250/1250/1250
f 1174/1174/1174 1250/1250/1250 1173/1173/1173
f 1173/1173/1173 1250/1250/1250 1247/1247/1247
f 1173/1173/1173 1247/1247/1247 1164/1164/1164
f 1250/1250/1250 1246/1246/1246 1239/1239/1239
f 1250/1250/1250 1239/1239/1239 1247/1247/1247
f 1249/1249/1249 1243/1243/1243 1246/1246/1246
f 1249/1249/1249 1246/1246/1246 1250/1250/1250
f 1243/1243/1243 1249/1249/1249 1251/1251/1251
f 1243/1243/1243 1251/1251/1251 1252/1252/1252
f 1252/1252/1252 1251/1251/1251 1253/1253/1253
f 1252/1252/1252 1253/1253/1253 1254/1254/1254
f 1251/1251/1251 1255/1255/1255 1256/1256/1256
f 1251/1251/1251 1256/1256/1256 1253/1253/1253
f 1249/1249/1249 1174/1174/1174 1255/1255/1255
f 1249/1249/1249 1255/1255/1255 1251/1251/1251
f 1231/1231/1231 1244/1244/1244 1257/1257/1257
f 1231/1231/1231 1257/1257/1257 1258/1258/1258
f 1258/1258/1258 1257/1257/1257 1259/1259/1259
f 1258/1258/1258 1259/1259/1259 1260/1260/1260
f 1257/1257/1257 1252/1252/1252 1254/1254/1254
f 1257/1257/1257 1254/1254/1254 1259/1259/1259
f 1244/1244/1244 1243/1243/1243 1252/1252/1252
f 1244/1244/1244 1252/1252/1252 1257/1257/1257
f 1254/1254/1254 1253/1253/1253 1261/1261/1261
f 1254/1254/1254 1261/1261/1261 1262/1262/1262
f 1262/1262/1262 1261/1261/1261 1263/1263/1263
f 1262/1262/1262 1263/1263/1263 1264/1264/1264
f 1261/1261/1261 1265/1265/1265 1266/1266/1266
f 1261/1261/1261 1266/1266/1266 1263/1263/1263
f 1253/1253/1253 1256/1256/1256 1265/1265/1265
f 1253/1253/1253 1265/1265/1265 1261/1261/1261
f 1260/1260/1260 1259/1259/1259 1267/1267/1267
f 1260/1260/1260 1267/1267/1267 1268/1268/1268
f 1268/1268/1268 1267/1267/1267 1269/1269/1269
f 1268/1268/1268 1269/1269/1269 1270/1270/1270
f 1267/1267/1267 1262/1262/1262 1264/1264/1264
f 1267/1267/1267 1264/1264/1264 1269/1269/1269
f 1259/1259/1259 1254/1254/1254 1262/1262/1262
f 1259/1259/1259 1262/1262/1262 1267/1267/1267
f 1270/1270/1270 1269/1269/1269 1271/1271/1271
f 1270/1270/1270 1271/1271/1271 1272/1272/1272
f 1272/1272/1272 1271/1271/1271 1273/1273/1273
f 1272/1272/1272 1273/1273/1273 1274/1274/1274
f 1271/1271/1271 1275/1275/1275 1276/1276/1276
f 1271/1271/1271 1276/1276/1276 1273/1273/1273
f 1269/1269/1269 1264/1264/1264 1275/1275/1275
f 1269/1269/1269 1275/1275/1275 1271/1271/1271
f 1264/1264/1264 1263/1263/1263 1277/1277/1277
f 1264/1264/1264 1277/1277/1277 1275/1275/1275
f 1275/1275/1275 1277/1277/1277 1278/1278/1278
f 1275/1275/1275 1278/1278/1278 1276/1276/1276
f 1277/1277/1277 1279/1279/1279 1280/1280/1280
f 1277/1277/1277 1280/1280/1280 1278/1278/1278
f 1263/1263/1263 1266/1266/1266 1279/1279/1279
f 1263/1263/1263 1279/1279/1279 1277/1277/1277
f 1281/1281/1281 1282/1282/1282 1283/1283/1283
f 1281/1281/1281 1283/1283/1283 1284/1284/1284
f 1284/1284/1284 1283/1283/1283 1285/1285/1285
f 1284/1284/1284 1285/1285/1285 1286/1286/1286
f 1283/1283/1283 1272/1272/1272 1274/1274/1274
f 1283/1283/1283 1274/1274/1274 1285/1285/1285
f 1282/1282/1282 1270/1270/1270 1272/1272/1272
f 1282/1282/1282 1272/1272/1272 1283/1283/1283
f 1287/1287/1287 1288/1288/1288 1289/1289/1289
f 1287/1287/1287 1289/1289/1289 1290/1290/1290
f 1290/1290/1290 1289/1289/1289 1282/1282/1282
f 1290/1290/1290 1282/1282/1282 1281/1281/1281
f 1289/1289/1289 1268/1268/1268 1270/1270/1270
f 1289/1289/1289 1270/1270/1270 1282/1282/1282
f 1288/1288/1288 1260/1260/1260 1268/1268/1268
f 1288/1288/1288 1268/1268/1268 1289/1289/1289
f 1286/1286/1286 1285/1285/1285 1291/1291/1291
f 1286/1286/1286 1291/1291/1291 1292/1292/1292
f 1292/1292/1292 1291/1291/1291 1293/1293/1293
f 1292/1292/1292 1293/1293/1293 1294/1294/1294
f 1291/1291/1291 1295/1295/1295 1296/1296/1296
f 1291/1291/1291 1296/1296/1296 1293/1293/1293
f 1285/1285/1285 1274/1274/1274 1295/1295/1295
f 1285/1285/1285 1295/1295/1295 1291/1291/1291
f 1274/1274/1274 1273/1273/1273 1297/1297/1297
f 1274/1274/1274 1297/1297/1297 1295/1295/1295
f 1295/1295/1295 1297/1297/1297 1298/1298/1298
f 1295/1295/1295 1298/1298/1298 1296/1296/1296
f 1297/1297/1297 1299/1299/1299 1300/1300/1300
f 1297/1297/1297 1300/1300/1300 1298/1298/1298
f 1273/1273/1273 1276/1276/1276 1299/1299/1299
f 1273/1273/1273 1299/1299/1299 1297/1297/1297
f 1301/1301/1301 1302/1302/1302 1303/1303/1303
f 1301/1301/1301 1303/1303/1303 1304/1304/1304
f 1304/1304/1304 1303/1303/1303 1305/1305/1305
f 1304/1304/1304 1305/1305/1305 1306/1306/1306
f 1303/1303/1303 1292/1292/1292 1294/1294/1294
f 1303/1303/1303 1294/1294/1294 1305/1305/1305
f 1302/1302/1302 1286/1286/1286 1292/1292/1292
f 1302/1302/1302 1292/1292/1292 1303/1303/1303
f 1307/1307/1307 1308/1308/1308 1309/1309/1309
f 1307/1307/1307 1309/1309/1309 1310/1310/1310
f 1310/1310/1310 1309/1309/1309 1302/1302/1302
f 1310/1310/1310 1302/1302/1302 1301/1301/1301
f 1309/1309/1309 1284/1284/1284 1286/1286/1286
f 1309/1309/1309 1286/1286/1286 1302/1302/1302
f 1308/1308/1308 1281/1281/1281 1284/1284/1284
f 1308/1308/1308 1284/1284/1284 1309/1309/1309
f 1311/1311/1311 1312/1312/1312 1313/1313/1313
f 1311/1311/1311 1313/1313/1313 1314/1314/1314
f 1314/1314/1314 1313/1313/1313 1315/1315/1315
f 1314/1314/1314 1315/1315/1315 1316/1316/1316
f 1313/1313/1313 1310/1310/1310 1301/1301/1301
f 1313/1313/1313 1301/1301/1301 1315/1315/1315
f 1312/1312/1312 1307/1307/1307 1310/1310/1310
f 1312/1312/1312 1310/1310/1310 1313/1313/1313
f 1316/1316/1316 1315/1315/1315 1317/1317/1317
f 1316/1316/1316 1317/1317/1317 1318/1318/1318
f 1318/1318/1318 1317/1317/1317 1319/1319/1319
f 1318/1318/1318 1319/1319/1319 1320/1320/1320
f 1317/1317/1317 1304/1304/1304 1306/1306/1306
f 1317/1317/1317 1306/1306/1306 1319/1319/1319
f 1315/1315/1315 1301/1301/1301 1304/1304/1304
f 1315/1315/1315 1304/1304/1304 1317/1317/1317
f 1321/1321/1321 1322/1322/1322 1323/1323/1323
f 1321/1321/1321 1323/1323/1323 1324/1324/1324
f 1324/1324/1324 1323/1323/1323 1325/1325/1325
f 1324/1324/1324 1325/1325/1325 1326/1326/1326
f 1323/1323/1323 1318/1318/1318 1320/1320/1320
f 1323/1323/1323 1320/1320/1320 1325/1325/1325
f 1322/1322/1322 1316/1316/1316 1318/1318/1318
f 1322/1322/1322 1318/1318/1318 1323/1323/1323
f 1327/1327/1327 1328/1328/1328 1329/1329/1329
f 1327/1327/1327 1329/1329/1329 1330/1330/1330
f 1330/1330/1330 1329/1329/1329 1322/1322/1322
f 1330/1330/1330 1322/1322/1322 1321/1321/1321
f 1329/1329/1329 1314/1314/1314 1316/1316/1316
f 1329/1329/1329 1316/1316/1316 1322/1322/1322
f 1328/1328/1328 1311/1311/1311 1314/1314/1314
f 1328/1328/1328 1314/1314/1314 1329/1329/1329
f 1331/1331/1331 1332/1332/1332 1333/1333/1333
f 1331/1331/1331 1333/1333/1333 1334/1334/1334
f 1334/1334/1334 1333/1333/1333 1335/1335/1335
f 1334/1334/1334 1335/1335/1335 1336/1336/1336
f 1333/1333/1333 1324/1324/1324 1326/1326/1326
f 1333/1333/1333 1326/1326/1326 1335/1335/1335
f 1332/1332/1332 1321/1321/1321 1324/1324/1324
f 1332/1332/1332 1324/1324/1324 1333/1333/1333
f 1337/1337/1337 1338/1338/1338 1339/1339/1339
f 1337/1337/1337 1339/1339/1339 1340/1340/1340
f 1340/1340/1340 1339/1339/1339 1332/1332/1332
f 1340/1340/1340 1332/1332/1332 1331/1331/1331
f 1339/1339/1339 1330/1330/1330 1321/1321/1321
f 1339/1339/1339 1321/1321/1321 1332/1332/1332
f 1338/1338/1338 1327/1327/1327 1330/1330/1330
f 1338/1338/1338 1330/1330/1330 1339/1339/1339
f 1341/1341/1341 1342/1342/1342 1343/1343/1343
f 1341/1341/1341 1343/1343/1343 1344/1344/1344
f 1344/1344/1344 1343/1343/1343 1345/1345/1345
f 1344/1344/1344 1345/1345/1345 1346/1346/1346
f 1343/1343/1343 1340/1340/1340 1331/1331/1331
f 1343/1343/1343 1331/1331/1331 1345/1345/1345
f 1342/1342/1342 1337/1337/1337 1340/1340/1340
f 1342/1342/1342 1340/1340/1340 1343/1343/1343
f 1346/1346/1346 1345/1345/1345 1347/1347/1347
f 1346/1346/1346 1347/1347/1347 1348/1348/1348
f 1348/1348/1348 1347/1347/1347 1349/1349/1349
f 1348/1348/1348 1349/1349/1349 1350/1350/1350
f 1347/1347/1347 1334/1334/1334 1336/1336/1336
f 1347/1347/1347 1336/1336/1336 1349/1349/1349
f 1345/1345/1345 1331/1331/1331 1334/1334/1334
f 1345/1345/1345 1334/1334/1334 1347/1347/1347
f 1351/1351/1351 1352/1352/1352 1353/1353/1353
f 1351/1351/1351 1353/1353/1353 1354/1354/1354
f 1354/1354/1354 1353/1353/1353 1355/1355/1355
f 1354/1354/1354 1355/1355/1355 1356/1356/1356
f 1353/1353/1353 1348/1348/1348 1350/1350/1350
f 1353/1353/1353 1350/1350/1350 1355/1355/1355
f 1352/1352/1352 1346/1346/1346 1348/1348/1348
f 1352/1352/1352 1348/1348/1348 1353/1353/1353
f 1357/1357/1357 1358/1358/1358 1359/1359/1359
f 1357/1357/1357 1359/1359/1359 1360/1360/1360
f 1360/1360/1360 1359/1359/1359 1352/1352/1352
f 1360/1360/1360 1352/1352/1352 1351/1351/1351
f 1359/1359/1359 1344/1344/1344 1346/1346/1346
f 1359/1359/1359 1346/1346/1346 1352/1352/1352
f 1358/1358/1358 1341/1341/1341 1344/1344/1344
f 1358/1358/1358 1344/1344/1344 1359/1359/1359
f 1361/1361/1361 1362/1362/1362 1363/1363/1363
f 1361/1361/1361 1363/1363/1363 1364/1364/1364
f 1364/1364/1364 1363/1363/1363 1365/1365/1365
f 1364/1364/1364 1365/1365/1365 1366/1366/1366
f 1363/1363/1363 1360/1360/1360 1351/1351/1351
f 1363/1363/1363 1351/1351/1351 1365/1365/1365
f 1362/1362/1362 1357/1357/1357 1360/1360/1360
f 1362/1362/1362 1360/1360/1360 1363/1363/1363
f 1366/1366/1366 1365/1365/1365 1367/1367/1367
f 1366/1366/1366 1367/1367/1367 1368/1368/1368
f 1368/1368/1368 1367/1367/1367 1369/1369/1369
f 1368/1368/1368 1369/1369/1369 1370/1370/1370
f 1367/1367/1367 1354/1354/1354 1356/1356/1356
f 1367/1367/1367 1356/1356/1356 1369/1369/1369
f 1365/1365/1365 1351/1351/1351 1354/1354/1354
f 1365/1365/1365 1354/1354/1354 1367/1367/1367
f 1371/1371/1371 1372/1372/1372 1373/1373/1373
f 1371/1371/1371 1373/1373/1373 1374/1374/1374
f 1374/1374/1374 1373/1373/1373 1375/1375/1375
f 1374/1374/1374 1375/1375/1375 1376/1376/1376
f 1373/1373/1373 1368/1368/1368 1370/1370/1370
f 1373/1373/1373 1370/1370/1370 1375/1375/1375
f 1372/1372/1372 1366/1366/1366 1368/1368/1368
f 1372/1372/1372 1368/1368/1368 1373/1373/1373
f 1377/1377/1377 1378/1378/1378 1379/1379/1379
f 1377/1377/1377 1379/1379/1379 1380/1380/1380
f 1380/1380/1380 1379/1379/1379 1372/1372/1372
f 1380/1380/1380 1372/1372/1372 1371/1371/1371
f 1379/1379/1379 1364/1364/1364 1366/1366/1366
f 1379/1379/1379 1366/1366/1366 1372/1372/1372
f 1378/1378/1378 1361/1361/1361 1364/1364/1364
f 1378/1378/1378 1364/1364/1364 1379/1379/1379
f 1266/1266/1266 1381/1381/1381 1382/1382/1382
f 1266/1266/1266 1382/1382/1382 1279/1279/1279
f 1279/1279/1279 1382/1382/1382 1383/1383/1383
f 1279/1279/1279 1383/1383/1383 1280/1280/1280
f 1382/1382/1382 1380/1380/1380 1371/1371/1371
f 1382/1382/1382 1371/1371/1371 1383/1383/1383
f 1381/1381/1381 1377/1377/1377 1380/1380/1380
f 1381/1381/1381 1380/1380/1380 1382/1382/1382
f 1280/1280/1280 1383/1383/1383 1384/1384/1384
f 1280/1280/1280 1384/1384/1384 1385/1385/1385
f 1385/1385/1385 1384/1384/1384 1386/1386/1386
f 1385/1385/1385 1386/1386/1386 1387/1387/1387
f 1384/1384/1384 1374/1374/1374 1376/1376/1376
f 1384/1384/1384 1376/1376/1376 1386/1386/1386
f 1383/1383/1383 1371/1371/1371 1374/1374/1374
f 1383/1383/1383 1374/1374/1374 1384/1384/1384
f 1276/1276/1276 1278/1278/1278 1388/1388/1388
f 1276/1276/1276 1388/1388/1388 1299/1299/1299
f 1299/1299/1299 1388/1388/1388 1389/1389/1389
f 1299/1299/1299 1389/1389/1389 1300/1300/1300
f 1388/1388/1388 1385/1385/1385 1387/1387/1387
f 1388/1388/1388 1387/1387/1387 1389/1389/1389
f 1278/1278/1278 1280/1280/1280 1385/1385/1385
f 1278/1278/1278 1385/1385/1385 1388/1388/1388
f 1300/1300/1300 1389/1389/1389 1390/1390/1390
f 1300/1300/1300 1390/1390/1390 1391/1391/1391
f 1391/1391/1391 1390/1390/1390 1392/1392/1392
f 1391/1391/1391 1392/1392/1392 1393/1393/1393
f 1390/1390/1390 1394/1394/1394 1395/1395/1395
f 1390/1390/1390 1395/1395/1395 1392/1392/1392
f 1389/1389/1389 1387/1387/1387 1394/1394/1394
f 1389/1389/1389 1394/1394/1394 1390/1390/1390
f 1387/1387/1387 1386/1386/1386 1396/1396/1396
f 1387/1387/1387 1396/1396/1396 1394/1394/1394
f 1394/1394/1394 1396/1396/1396 1397/1397/1397
f 1394/1394/1394 1397/1397/1397 1395/1395/1395
f 1396/1396/1396 1398/1398/1398 1399/1399/1399
f 1396/1396/1396 1399/1399/1399 1397/1397/1397
f 1386/1386/1386 1376/1376/1376 1398/1398/1398
f 1386/1386/1386 1398/1398/1398 1396/1396/1396
f 1393/1393/1393 1392/1392/1392 1400/1400/1400
f 1393/1393/1393 1400/1400/1400 1401/1401/1401
f 1401/1401/1401 1400/1400/1400 1402/1402/1402
f 1401/1401/1401 1402/1402/1402 1403/1403/1403
f 1400/1400/1400 1404/1404/1404 1405/1405/1405
f 1400/1400/1400 1405/1405/1405 1402/1402/1402
f 1392/1392/1392 1395/1395/1395 1404/1404/1404
f 1392/1392/1392 1404/1404/1404 1400/1400/1400
f 1395/1395/1395 1397/1397/1397 1406/1406/1406
f 1395/1395/1395 1406/1406/1406 1404/1404/1404
f 1404/1404/1404 1406/1406/1406 1407/1407/1407
f 1404/1404/1404 1407/1407/1407 1405/1405/1405
f 1406/1406/1406 1408/1408/1408 1409/1409/1409
f 1406/1406/1406 1409/1409/1409 1407/1407/1407
f 1397/1397/1397 1399/1399/1399 1408/1408/1408
f 1397/1397/1397 1408/1408/1408 1406/1406/1406
f 1399/1399/1399 1410/1410/1410 1411/1411/1411
f 1399/1399/1399 1411/1411/1411 1408/1408/1408
f 1408/1408/1408 1411/1411/1411 1412/1412/1412
f 1408/1408/1408 1412/1412/1412 1409/1409/1409
f 1411/1411/1411 1413/1413/1413 1414/1414/1414
f 1411/1411/1411 1414/1414/1414 1412/1412/1412
f 1410/1410/1410 1415/1415/1415 1413/1413/1413
f 1410/1410/1410 1413/1413/1413 1411/1411/1411
f 1415/1415/1415 1416/1416/1416 1417/1417/1417
f 1415/1415/1415 1417/1417/1417 1413/1413/1413
f 1413/1413/1413 1417/1417/1417 1418/1418/1418
f 1413/1413/1413 1418/1418/1418 1414/1414/1414
f 1417/1417/1417 1419/1419/1419 1420/1420/1420
f 1417/1417/1417 1420/1420/1420 1418/1418/1418
f 1416/1416/1416 1421/1421/1421 1419/1419/1419
f 1416/1416/1416 1419/1419/1419 1417/1417/1417
f 1370/1370/1370 1369/1369/1369 1422/1422/1422
f 1370/1370/1370 1422/1422/1422 1423/1423/1423
f 1423/1423/1423 1422/1422/1422 1416/1416/1416
f 1423/1423/1423 1416/1416/1416 1415/1415/1415
f 1422/1422/1422 1424/1424/1424 1421/1421/1421
f 1422/1422/1422 1421/1421/1421 1416/1416/1416
f 1369/1369/1369 1356/1356/1356 1424/1424/1424
f 1369/1369/1369 1424/1424/1424 1422/1422/1422
f 1376/1376/1376 1375/1375/1375 1425/1425/1425
f 1376/1376/1376 1425/1425/1425 1398/1398/1398
f 1398/1398/1398 1425/1425/1425 1410/1410/1410
f 1398/1398/1398 1410/1410/1410 1399/1399/1399
f 1425/1425/1425 1423/1423/1423 1415/1415/1415
f 1425/1425/1425 1415/1415/1415 1410/1410/1410
f 1375/1375/1375 1370/1370/1370 1423/1423/1423
f 1375/1375/1375 1423/1423/1423 1425/1425/1425
f 1421/1421/1421 1426/1426/1426 1427/1427/1427
f 1421/1421/1421 1427/1427/1427 1419/1419/1419
f 1419/1419/1419 1427/1427/1427 1428/1428/1428
f 1419/1419/1419 1428/1428/1428 1420/1420/1420
f 1427/1427/1427 1429/1429/1429 1430/1430/1430
f 1427/1427/1427 1430/1430/1430 1428/1428/1428
f 1426/1426/1426 1431/1431/1431 1429/1429/1429
f 1426/1426/1426 1429/1429/1429 1427/1427/1427
f 1356/1356/1356 1355/1355/1355 1432/1432/1432
f 1356/1356/1356 1432/1432/1432 1424/1424/1424
f 1424/1424/1424 1432/1432/1432 1426/1426/1426
f 1424/1424/1424 1426/1426/1426 1421/1421/1421
f 1432/1432/1432 1433/1433/1433 1431/1431/1431
f 1432/1432/1432 1431/1431/1431 1426/1426/1426
f 1355/1355/1355 1350/1350/1350 1433/1433/1433
f 1355/1355/1355 1433/1433/1433 1432/1432/1432
f 1431/1431/1431 1434/1434/1434 1435/1435/1435
f 1431/1431/1431 1435/1435/1435 1429/1429/1429
f 1429/1429/1429 1435/1435/1435 1436/1436/1436
f 1429/1429/1429 1436/1436/1436 1430/1430/1430
f 1435/1435/1435 1437/1437/1437 1438/1438/1438
f 1435/1435/1435 1438/1438/1438 1436/1436/1436
f 1434/1434/1434 1439/1439/1439 1437/1437/1437
f 1434/1434/1434 1437/1437/1437 1435/1435/1435
f 1350/1350/1350 1349/1349/1349 1440/1440/1440
f 1350/1350/1350 1440/1440/1440 1433/1433/1433
f 1433/1433/1433 1440/1440/1440 1434/1434/1434
f 1433/1433/1433 1434/1434/1434 1431/1431/1431
f 1440/1440/1440 1441/1441/1441 1439/1439/1439
f 1440/1440/1440 1439/1439/1439 1434/1434/1434
f 1349/1349/1349 1336/1336/1336 1441/1441/1441
f 1349/1349/1349 1441/1441/1441 1440/1440/1440
f 1439/1439/1439 1442/1442/1442 1443/1443/1443
f 1439/1439/1439 1443/1443/1443 1437/1437/1437
f 1437/1437/1437 1443/1443/1443 1444/1444/1444
f 1437/1437/1437 1444/1444/1444 1438/1438/1438
f 1443/1443/1443 1445/1445/1445 1446/1446/1446
f 1443/1443/1443 1446/1446/1446 1444/1444/1444
f 1442/1442/1442 1447/1447/1447 1445/1445/1445
f 1442/1442/1442 1445/1445/1445 1443/1443/1443
f 1447/1447/1447 1448/1448/1448 1449/1449/1449
f 1447/1447/1447 1449/1449/1449 1445/1445/1445
f 1445/1445/1445 1449/1449/1449 1450/1450/1450
f 1445/1445/1445 1450/1450/1450 1446/1446/1446
f 1449/1449/1449 1451/1451/1451 1452/1452/1452
f 1449/1449/1449 1452/1452/1452 1450/1450/1450
f 1448/1448/1448 1453/1453/1453 1451/1451/1451
f 1448/1448/1448 1451/1451/1451 1449/1449/1449
f 1336/1336/1336 1335/1335/1335 1454/1454/1454
f 1336/1336/1336 1454/1454/1454 1441/1441/1441
f 1441/1441/1441 1454/1454/1454 1442/1442/1442
f 1441/1441/1441 1442/1442/1442 1439/1439/1439
f 1454/1454/1454 1455/1455/1455 1447/1447/1447
f 1454/1454/1454 1447/1447/1447 1442/1442/1442
f 1335/1335/1335 1326/1326/1326 1455/1455/1455
f 1335/1335/1335 1455/1455/1455 1454/1454/1454
f 1326/1326/1326 1325/1325/1325 1456/1456/1456
f 1326/1326/1326 1456/1456/1456 1455/1455/1455
f 1455/1455/1455 1456/1456/1456 1448/1448/1448
f 1455/1455/1455 1448/1448/1448 1447/1447/1447
f 1456/1456/1456 1457/1457/1457 1453/1453/1453
f 1456/1456/1456 1453/1453/1453 1448/1448/1448
f 1325/1325/1325 1320/1320/1320 1457/1457/1457
f 1325/1325/1325 1457/1457/1457 1456/1456/1456
f 1453/1453/1453 1458/1458/1458 1459/1459/1459
f 1453/1453/1453 1459/1459/1459 1451/1451/1451
f 1451/1451/1451 1459/1459/1459 1460/1460/1460
f 1451/1451/1451 1460/1460/1460 1452/1452/1452
f 1459/1459/1459 1461/1461/1461 1462/1462/1462
f 1459/1459/1459 1462/1462/1462 1460/1460/1460
f 1458/1458/1458 1463/1463/1463 1461/1461/1461
f 1458/1458/1458 1461/1461/1461 1459/1459/1459
f 1320/1320/1320 1319/1319/1319 1464/1464/1464
f 1320/1320/1320 1464/1464/1464 1457/1457/1457
f 1457/1457/1457 1464/1464/1464 1458/1458/1458
f 1457/1457/1457 1458/1458/1458 1453/1453/1453
f 1464/1464/1464 1465/1465/1465 1463/1463/1463
f 1464/1464/1464 1463/1463/1463 1458/1458/1458
f 1319/1319/1319 1306/1306/1306 1465/1465/1465
f 1319/1319/1319 1465/1465/1465 1464/1464/1464
f 1463/1463/1463 1466/1466/1466 1467/1467/1467
f 1463/1463/1463 1467/1467/1467 1461/1461/1461
f 1461/1461/1461 1467/1467/1467 1468/1468/1468
f 1461/1461/1461 1468/1468/1468 1462/1462/1462
f 1467/1467/1467 1469/1469/1469 1470/1470/1470
f 1467/1467/1467 1470/1470/1470 1468/1468/1468
f 1466/1466/1466 1471/1471/1471 1469/1469/1469
f 1466/1466/1466 1469/1469/1469 1467/1467/1467
f 1306/1306/1306 1305/1305/1305 1472/1472/1472
f 1306/1306/1306 1472/1472/1472 1465/1465/1465
f 1465/1465/1465 1472/1472/1472 1466/1466/1466
f 1465/1465/1465 1466/1466/1466 1463/1463/1463
f 1472/1472/1472 1473/1473/1473 1471/1471/1471
f 1472/1472/1472 1471/1471/1471 1466/1466/1466
f 1305/1305/1305 1294/1294/1294 1473/1473/1473
f 1305/1305/1305 1473/1473/1473 1472/1472/1472
f 1471/1471/1471 1474/1474/1474 1475/1475/1475
f 1471/1471/1471 1475/1475/1475 1469/1469/1469
f 1469/1469/1469 1475/1475/1475 1476/1476/1476
f 1469/1469/1469 1476/1476/1476 1470/1470/1470
f 1475/1475/1475 1477/1477/1477 1478/1478/1478
f 1475/1475/1475 1478/1478/1478 1476/1476/1476
f 1474/1474/1474 1479/1479/1479 1477/1477/1477
f 1474/1474/1474 1477/1477/1477 1475/1475/1475
f 1479/1479/1479 1480/1480/1480 1481/1481/1481
f 1479/1479/1479 1481/1481/1481 1477/1477/1477
f 1477/1477/1477 1481/1481/1481 1482/1482/1482
f 1477/1477/1477 1482/1482/1482 1478/1478/1478
f 1481/1481/1481 1401/1401/1401 1403/1403/1403
f 1481/1481/1481 1403/1403/1403 1482/1482/1482
f 1480/1480/1480 1393/1393/1393 1401/1401/1401
f 1480/1480/1480 1401/1401/1401 1481/1481/1481
f 1294/1294/1294 1293/1293/1293 1483/1483/1483
f 1294/1294/1294 1483/1483/1483 1473/1473/1473
f 1473/1473/1473 1483/1483/1483 1474/1474/1474
f 1473/1473/1473 1474/1474/1474 1471/1471/1471
f 1483/1483/1483 1484/1484/1484 1479/1479/1479
f 1483/1483/1483 1479/1479/1479 1474/1474/1474
f 1293/1293/1293 1296/1296/1296 1484/1484/1484
f 1293/1293/1293 1484/1484/1484 1483/1483/1483
f 1296/1296/1296 1298/1298/1298 1485/1485/1485
f 1296/1296/1296 1485/1485/1485 1484/1484/1484
f 1484/1484/1484 1485/1485/1485 1480/1480/1480
f 1484/1484/1484 1480/1480/1480 1479/1479/1479
f 1485/1485/1485 1391/1391/1391 1393/1393/1393
f 1485/1485/1485 1393/1393/1393 1480/1480/1480
f 1298/1298/1298 1300/1300/1300 1391/1391/1391
f 1298/1298/1298 1391/1391/1391 1485/1485/1485
f 1486/1486/1486 1487/1487/1487 1488/1488/1488
f 1486/1486/1486 1488/1488/1488 1489/1489/1489
f 1489/1489/1489 1488/1488/1488 1378/1378/1378
f 1489/1489/1489 1378/1378/1378 1377/1377/1377
f 1488/1488/1488 1490/1490/1490 1361/1361/1361
f 1488/1488/1488 1361/1361/1361 1378/1378/1378
f 1487/1487/1487 1491/1491/1491 1490/1490/1490
f 1487/1487/1487 1490/1490/1490 1488/1488/1488
f 1256/1256/1256 1492/1492/1492 1493/1493/1493
f 1256/1256/1256 1493/1493/1493 1265/1265/1265
f 1265/1265/1265 1493/1493/1493 1381/1381/1381
f 1265/1265/1265 1381/1381/1381 1266/1266/1266
f 1493/1493/1493 1489/1489/1489 1377/1377/1377
f 1493/1493/1493 1377/1377/1377 1381/1381/1381
f 1492/1492/1492 1486/1486/1486 1489/1489/1489
f 1492/1492/1492 1489/1489/1489 1493/1493/1493
f 1170/1170/1170 1166/1166/1166 1494/1494/1494
f 1170/1170/1170 1494/1494/1494 1495/1495/1495
f 1495/1495/1495 1494/1494/1494 1487/1487/1487
f 1495/1495/1495 1487/1487/1487 1486/1486/1486
f 1494/1494/1494 1496/1496/1496 1491/1491/1491
f 1494/1494/1494 1491/1491/1491 1487/1487/1487
f 1166/1166/1166 1165/1165/1165 1496/1496/1496
f 1166/1166/1166 1496/1496/1496 1494/1494/1494
f 1174/1174/1174 1171/1171/1171 1497/1497/1497
f 1174/1174/1174 1497/1497/1497 1255/1255/1255
f 1255/1255/1255 1497/1497/1497 1492/1492/1492
f 1255/1255/1255 1492/1492/1492 1256/1256/1256
f 1497/1497/1497 1495/1495/1495 1486/1486/1486
f 1497/1497/1497 1486/1486/1486 1492/1492/1492
f 1171/1171/1171 1170/1170/1170 1495/1495/1495
f 1171/1171/1171 1495/1495/1495 1497/1497/1497
f 1165/1165/1165 1176/1176/1176 1498/1498/1498
f 1165/1165/1165 1498/1498/1498 1496/1496/1496
f 1496/1496/1496 1498/1498/1498 1499/1499/1499
f 1496/1496/1496 1499/1499/1499 1491/1491/1491
f 1498/1498/1498 1500/1500/1500 1501/1501/1501
f 1498/1498/1498 1501/1501/1501 1499/1499/1499
f 1176/1176/1176 1175/1175/1175 1500/1500/1500
f 1176/1176/1176 1500/1500/1500 1498/1498/1498
f 1491/1491/1491 1499/1499/1499 1502/1502/1502
f 1491/1491/1491 1502/1502/1502 1490/1490/1490
f 1490/1490/1490 1502/1502/1502 1362/1362/1362
f 1490/1490/1490 1362/1362/1362 1361/1361/1361
f 1502/1502/1502 1503/1503/1503 1357/1357/1357
f 1502/1502/1502 1357/1357/1357 1362/1362/1362
f 1499/1499/1499 1501/1501/1501 1503/1503/1503
f 1499/1499/1499 1503/1503/1503 1502/1502/1502
f 1175/1175/1175 1188/1188/1188 1504/1504/1504
f 1175/1175/1175 1504/1504/1504 1500/1500/1500
f 1500/1500/1500 1504/1504/1504 1505/1505/1505
f 1500/1500/1500 1505/1505/1505 1501/1501/1501
f 1504/1504/1504 1506/1506/1506 1507/1507/1507
f 1504/1504/1504 1507/1507/1507 1505/1505/1505
f 1188/1188/1188 1187/1187/1187 1506/1506/1506
f 1188/1188/1188 1506/1506/1506 1504/1504/1504
f 1501/1501/1501 1505/1505/1505 1508/1508/1508
f 1501/1501/1501 1508/1508/1508 1503/1503/1503
f 1503/1503/1503 1508/1508/1508 1358/1358/1358
f 1503/1503/1503 1358/1358/1358 1357/1357/1357
f 1508/1508/1508 1509/1509/1509 1341/1341/1341
f 1508/1508/1508 1341/1341/1341 1358/1358/1358
f 1505/1505/1505 1507/1507/1507 1509/1509/1509
f 1505/1505/1505 1509/1509/1509 1508/1508/1508
f 1187/1187/1187 1196/1196/1196 1510/1510/1510
f 1187/1187/1187 1510/1510/1510 1506/1506/1506
f 1506/1506/1506 1510/1510/1510 1511/1511/1511
f 1506/1506/1506 1511/1511/1511 1507/1507/1507
f 1510/1510/1510 1512/1512/1512 1513/1513/1513
f 1510/1510/1510 1513/1513/1513 1511/1511/1511
f 1196/1196/1196 1195/1195/1195 1512/1512/1512
f 1196/1196/1196 1512/1512/1512 1510/1510/1510
f 1507/1507/1507 1511/1511/1511 1514/1514/1514
f 1507/1507/1507 1514/1514/1514 1509/1509/1509
f 1509/1509/1509 1514/1514/1514 1342/1342/1342
f 1509/1509/1509 1342/1342/1342 1341/1341/1341
f 1514/1514/1514 1515/1515/1515 1337/1337/1337
f 1514/1514/1514 1337/1337/1337 1342/1342/1342
f 1511/1511/1511 1513/1513/1513 1515/1515/1515
f 1511/1511/1511 1515/1515/1515 1514/1514/1514
f 1195/1195/1195 1200/1200/1200 1516/1516/1516
f 1195/1195/1195 1516/1516/1516 1512/1512/1512
f 1512/1512/1512 1516/1516/1516 1517/1517/1517
f 1512/1512/1512 1517/1517/1517 1513/1513/1513
f 1516/1516/1516 1518/1518/1518 1519/1519/1519
f 1516/1516/1516 1519/1519/1519 1517/1517/1517
f 1200/1200/1200 1199/1199/1199 1518/1518/1518
f 1200/1200/1200 1518/1518/1518 1516/1516/1516
f 1513/1513/1513 1517/1517/1517 1520/1520/1520
f 1513/1513/1513 1520/1520/1520 1515/1515/1515
f 1515/1515/1515 1520/1520/1520 1338/1338/1338
f 1515/1515/1515 1338/1338/1338 1337/1337/1337
f 1520/1520/1520 1521/1521/1521 1327/1327/1327
f 1520/1520/1520 1327/1327/1327 1338/1338/1338
f 1517/1517/1517 1519/1519/1519 1521/1521/1521
f 1517/1517/1517 1521/1521/1521 1520/1520/1520
f 1199/1199/1199 1212/1212/1212 1522/1522/1522
f 1199/1199/1199 1522/1522/1522 1518/1518/1518
f 1518/1518/1518 1522/1522/1522 1523/1523/1523
f 1518/1518/1518 1523/1523/1523 1519/1519/1519
f 1522/1522/1522 1524/1524/1524 1525/1525/1525
f 1522/1522/1522 1525/1525/1525 1523/1523/1523
f 1212/1212/1212 1211/1211/1211 1524/1524/1524
f 1212/1212/1212 1524/1524/1524 1522/1522/1522
f 1519/1519/1519 1523/1523/1523 1526/1526/1526
f 1519/1519/1519 1526/1526/1526 1521/1521/1521
f 1521/1521/1521 1526/1526/1526 1328/1328/1328
f 1521/1521/1521 1328/1328/1328 1327/1327/1327
f 1526/1526/1526 1527/1527/1527 1311/1311/1311
f 1526/1526/1526 1311/1311/1311 1328/1328/1328
f 1523/1523/1523 1525/1525/1525 1527/1527/1527
f 1523/1523/1523 1527/1527/1527 1526/1526/1526
f 1211/1211/1211 1216/1216/1216 1528/1528/1528
f 1211/1211/1211 1528/1528/1528 1524/1524/1524
f 1524/1524/1524 1528/1528/1528 1529/1529/1529
f 1524/1524/1524 1529/1529/1529 1525/1525/1525
f 1528/1528/1528 1530/1530/1530 1531/1531/1531
f 1528/1528/1528 1531/1531/1531 1529/1529/1529
f 1216/1216/1216 1215/1215/1215 1530/1530/1530
f 1216/1216/1216 1530/1530/1530 1528/1528/1528
f 1525/1525/1525 1529/1529/1529 1532/1532/1532
f 1525/1525/1525 1532/1532/1532 1527/1527/1527
f 1527/1527/1527 1532/1532/1532 1312/1312/1312
f 1527/1527/1527 1312/1312/1312 1311/1311/1311
f 1532/1532/1532 1533/1533/1533 1307/1307/1307
f 1532/1532/1532 1307/1307/1307 1312/1312/1312
f 1529/1529/1529 1531/1531/1531 1533/1533/1533
f 1529/1529/1529 1533/1533/1533 1532/1532/1532
f 1215/1215/1215 1224/1224/1224 1534/1534/1534
f 1215/1215/1215 1534/1534/1534 1530/1530/1530
f 1530/1530/1530 1534/1534/1534 1535/1535/1535
f 1530/1530/1530 1535/1535/1535 1531/1531/1531
f 1534/1534/1534 1536/1536/1536 1287/1287/1287
f 1534/1534/1534 1287/1287/1287 1535/1535/1535
f 1224/1224/1224 1223/1223/1223 1536/1536/1536
f 1224/1224/1224 1536/1536/1536 1534/1534/1534
f 1531/1531/1531 1535/1535/1535 1537/1537/1537
f 1531/1531/1531 1537/1537/1537 1533/1533/1533
f 1533/1533/1533 1537/1537/1537 1308/1308/1308
f 1533/1533/1533 1308/1308/1308 1307/1307/1307
f 1537/1537/1537 1290/1290/1290 1281/1281/1281
f 1537/1537/1537 1281/1281/1281 1308/1308/1308
f 1535/1535/1535 1287/1287/1287 1290/1290/1290
f 1535/1535/1535 1290/1290/1290 1537/1537/1537
f 1223/1223/1223 1232/1232/1232 1538/1538/1538
f 1223/1223/1223 1538/1538/1538 1536/1536/1536
f 1536/1536/1536 1538/1538/1538 1288/1288/1288
f 1536/1536/1536 1288/1288/1288 1287/1287/1287
f 1538/1538/1538 1258/1258/1258 1260/1260/1260
f 1538/1538/1538 1260/1260/1260 1288/1288/1288
f 1232/1232/1232 1231/1231/1231 1258/1258/1258
f 1232/1232/1232 1258/1258/1258 1538/1538/1538
f 497/497/497 492/492/492 491/491/491
f 491/491/491 494/494/494 867/867/867
f 867/867/867 864/864/864 863/863/863
f 863/863/863 858/858/858 857/857/857
f 857/857/857 854/854/854 853/853/853
f 853/853/853 654/654/654 653/653/653
f 653/653/653 648/648/648 647/647/647
f 647/647/647 642/642/642 641/641/641
f 641/641/641 636/636/636 635/635/635
f 635/635/635 638/638/638 891/891/891
f 891/891/891 510/510/510 509/509/509
f 509/509/509 504/504/504 503/503/503
f 503/503/503 498/498/498 497/497/497
f 497/497/497 491/491/491 867/867/867
f 867/867/867 863/863/863 857/857/857
f 857/857/857 853/853/853 653/653/653
f 653/653/653 647/647/647 641/641/641
f 641/641/641 635/635/635 891/891/891
f 891/891/891 509/509/509 503/503/503
f 503/503/503 497/497/497 867/867/867
f 867/867/867 857/857/857 653/653/653
f 653/653/653 641/641/641 891/891/891
f 891/891/891 503/503/503 867/867/867
f 867/867/867 653/653/653 891/891/891
f 1402/1402/1402 1405/1405/1405 1407/1407/1407
f 1407/1407/1407 1409/1409/1409 1412/1412/1412
f 1412/1412/1412 1414/1414/1414 1418/1418/1418
f 1418/1418/1418 1420/1420/1420 1428/1428/1428
f 1428/1428/1428 1430/1430/1430 1436/1436/1436
f 1436/1436/1436 1438/1438/1438 1444/1444/1444
f 1444/1444/1444 1446/1446/1446 1450/1450/1450
f 1450/1450/1450 1452/1452/1452 1460/1460/1460
f 1460/1460/1460 1462/1462/1462 1468/1468/1468
f 1468/1468/1468 1470/1470/1470 1476/1476/1476
f 1476/1476/1476 1478/1478/1478 1482/1482/1482
f 1482/1482/1482 1403/1403/1403 1402/1402/1402
f 1402/1402/1402 1407/1407/1407 1412/1412/1412
f 1412/1412/1412 1418/1418/1418 1428/1428/1428
f 1428/1428/1428 1436/1436/1436 1444/1444/1444
f 1444/1444/1444 1450/1450/1450 1460/1460/1460
f 1460/1460/1460 1468/1468/1468 1476/1476/1476
f 1476/1476/1476 1482/1482/1482 1402/1402/1402
f 1402/1402/1402 1412/1412/1412 1428/1428/1428
f 1428/1428/1428 1444/1444/1444 1460/1460/1460
f 1460/1460/1460 1476/1476/1476 1402/1402/1402
f 1428/1428/1428 1460/1460/1460 1402/1402/1402
