v 0.859759 0.628084 0.99144
v 0.864411 0.624278 0.985752
v 0.858673 0.620989 0.987564
v 0.854236 0.624105 0.992472
v 0.853684 0.617557 0.989128
v 0.849623 0.619949 0.993104
v 0.863553 0.61751 0.983797
v 0.857272 0.614184 0.986479
v 0.870042 0.620631 0.9812
v 0.871308 0.627272 0.983561
v 0.876797 0.623359 0.978772
v 0.878418 0.629777 0.981322
v 0.883278 0.625584 0.976599
v 0.866716 0.631693 0.989758
v 0.874096 0.634651 0.987765
v 0.856197 0.631529 0.998855
v 0.86312 0.636262 0.998235
v 0.870415 0.639987 0.997113
v 0.860824 0.639553 1.00782
v 0.86796 0.644083 1.00803
v 0.854013 0.633523 1.00692
v 0.850301 0.62617 0.999103
v 0.847671 0.626434 1.00617
v 0.845048 0.620506 0.999157
v 0.841606 0.618806 1.00559
v 0.853914 0.630881 1.0203
v 0.85339 0.633166 1.0143
v 0.847015 0.624468 1.01218
v 0.847699 0.621205 1.01667
v 0.840774 0.614914 1.0105
v 0.841657 0.610423 1.01365
v 0.856859 0.623129 1.02742
v 0.855111 0.62737 1.02455
v 0.848914 0.617698 1.01962
v 0.85045 0.614124 1.02149
v 0.842989 0.606869 1.01529
v 0.844403 0.604026 1.01612
v 0.861827 0.614181 1.03052
v 0.85912 0.618598 1.02936
v 0.852271 0.610494 1.02282
v 0.85444 0.60704 1.02367
v 0.845826 0.60137 1.01677
v 0.847454 0.598938 1.01725
v 0.866744 0.624906 1.03635
v 0.863993 0.630172 1.0339
v 0.875398 0.629614 1.04146
v 0.872211 0.63527 1.03866
v 0.869962 0.619671 1.03772
v 0.878983 0.623877 1.04295
v 0.861885 0.634929 1.03016
v 0.860525 0.638511 1.02462
v 0.869678 0.640243 1.03428
v 0.867955 0.643828 1.02774
v 0.878626 0.643498 1.03487
v 0.876363 0.646911 1.02784
v 0.887513 0.645343 1.0326
v 0.884658 0.648549 1.02556
v 0.88156 0.638697 1.03956
v 0.890812 0.640881 1.03729
v 0.885027 0.633114 1.04254
v 0.894479 0.635612 1.04028
v 0.888746 0.627315 1.04407
v 0.898215 0.63001 1.04178
v 0.895129 0.646445 1.02867
v 0.891743 0.649556 1.02199
v 0.901654 0.647065 1.02377
v 0.89775 0.650148 1.01777
v 0.898768 0.642242 1.03309
v 0.905601 0.643032 1.02772
v 0.902641 0.637271 1.03594
v 0.90966 0.638286 1.03031
v 0.906409 0.631912 1.03736
v 0.913464 0.633145 1.03161
v 0.907745 0.647399 1.0183
v 0.903288 0.650448 1.01318
v 0.914586 0.647782 1.01184
v 0.909646 0.650804 1.00756
v 0.911957 0.643484 1.02167
v 0.91902 0.643937 1.01465
v 0.916138 0.638892 1.02391
v 0.923231 0.639447 1.01651
v 0.919936 0.633918 1.02502
v 0.926927 0.634604 1.01741
v 0.922981 0.648564 1.004
v 0.917713 0.651584 1.00026
v 0.931679 0.650017 0.995153
v 0.926098 0.652992 0.991777
v 0.927596 0.644747 1.00638
v 0.936458 0.646229 0.99723
v 0.931746 0.640329 1.00792
v 0.940527 0.641867 0.998504
v 0.935223 0.635597 1.0086
v 0.943784 0.637208 0.999015
v 0.948415 0.644342 0.988559
v 0.944365 0.648647 0.987474
v 0.956185 0.647886 0.977284
v 0.952052 0.652094 0.976399
v 0.951566 0.639703 0.988957
v 0.959334 0.643236 0.977598
v 0.9394 0.652347 0.985657
v 0.933377 0.655156 0.982643
v 0.946809 0.655588 0.974924
v 0.940262 0.658054 0.972331
v 0.955012 0.65983 0.961912
v 0.947968 0.661773 0.959767
v 0.964951 0.665564 0.944701
v 0.957584 0.666993 0.942696
v 0.960654 0.656677 0.962928
v 0.970928 0.662728 0.945555
v 0.964979 0.652624 0.963567
v 0.975467 0.658794 0.946121
v 0.968194 0.647949 0.963804
v 0.978802 0.654038 0.946351
v 0.977133 0.673285 0.92171
v 0.969687 0.674394 0.919283
v 0.990516 0.68309 0.893594
v 0.982933 0.684047 0.890536
v 0.983249 0.670579 0.923038
v 0.996832 0.680349 0.895616
v 0.987963 0.666632 0.923881
v 1.00182 0.676237 0.896848
v 0.99147 0.661689 0.924223
v 1.0056 0.670982 0.897319
v 1.00393 0.694837 0.86159
v 0.995858 0.695739 0.85809
v 1.01723 0.707799 0.827039
v 1.00844 0.708711 0.823254
v 1.01077 0.691952 0.864056
v 1.02481 0.704705 0.829747
v 1.01627 0.687532 0.865522
v 1.03098 0.699894 0.831321
v 1.02044 0.681848 0.866028
v 1.0356 0.693719 0.831793
v 1.03054 0.7211 0.791197
v 1.02099 0.722058 0.787172
v 1.04396 0.733819 0.75488
v 1.03375 0.734822 0.750674
v 1.0389 0.71777 0.794091
v 1.05299 0.730297 0.757913
v 1.04573 0.712557 0.795734
v 1.06039 0.72477 0.759606
v 1.05081 0.705906 0.796154
v 1.06584 0.717751 0.759987
v 1.03858 0.68649 0.831206
v 1.05395 0.698213 0.795402
v 1.06909 0.709701 0.759117
v 1.05497 0.689737 0.793472
v 1.06997 0.700884 0.756994
v 1.03972 0.678451 0.829544
v 1.00822 0.664768 0.896994
v 1.02324 0.675126 0.865602
v 1.02446 0.667585 0.864215
v 1.00949 0.657783 0.895815
v 1.03877 0.669889 0.826795
v 1.05369 0.680761 0.790372
v 1.06835 0.69158 0.753638
v 1.04987 0.67182 0.786242
v 1.06411 0.682332 0.749246
v 1.03541 0.661324 0.823022
v 1.00908 0.650269 0.893714
v 1.02382 0.659502 0.861828
v 1.02091 0.651374 0.858425
v 1.00655 0.642693 0.890619
v 1.02955 0.653442 0.818432
v 1.04352 0.663613 0.781367
v 1.05734 0.673862 0.744167
v 1.03568 0.657273 0.776495
v 1.04917 0.667322 0.739188
v 1.02211 0.647363 0.813721
v 1.00164 0.635682 0.886597
v 1.01553 0.643868 0.854126
v 1.00851 0.638095 0.849593
v 0.994999 0.630285 0.882295
v 0.987534 0.627459 0.878415
v 1.00086 0.635059 0.845536
v 1.01418 0.644095 0.809616
v 0.993491 0.634875 0.842334
v 1.00659 0.643772 0.806455
v 0.980323 0.627374 0.875314
v 1.02751 0.653822 0.77237
v 1.04083 0.663751 0.735077
v 1.01973 0.653403 0.769278
v 1.03296 0.663289 0.732068
v 0.999889 0.64617 0.80438
v 1.01284 0.655799 0.767301
v 1.02596 0.665712 0.730182
v 1.00675 0.660226 0.766163
v 1.01973 0.670231 0.72913
v 0.994031 0.650498 0.803133
v 0.97423 0.629835 0.873162
v 0.987065 0.637299 0.840175
v 0.981517 0.641524 0.838814
v 0.969091 0.633973 0.871719
v 0.988861 0.655958 0.802419
v 1.00131 0.665896 0.765561
v 1.01411 0.676062 0.72861
v 0.996676 0.67259 0.765454
v 1.00926 0.683025 0.72858
v 0.98453 0.662283 0.802201
v 0.964606 0.638906 0.870728
v 0.976671 0.646735 0.837967
v 0.972675 0.65264 0.837627
v 0.960941 0.64436 0.870269
v 0.958311 0.650207 0.870452
v 0.96972 0.659064 0.837834
v 0.981237 0.669296 0.802495
v 0.967853 0.665753 0.838543
v 0.979087 0.676638 0.803264
v 0.956664 0.656274 0.871171
v 0.993062 0.680148 0.765851
v 1.0054 0.690989 0.729052
v 0.990617 0.688107 0.766706
v 1.00271 0.699413 0.729965
v 0.978288 0.683949 0.80453
v 0.989597 0.695981 0.768028
v 1.00147 0.707723 0.731317
v 0.99075 0.703521 0.770114
v 1.00248 0.715612 0.733393
v 0.979548 0.691045 0.806595
v 0.956042 0.662406 0.87237
v 0.967218 0.672466 0.839762
v 0.968494 0.679087 0.841808
v 0.957133 0.668558 0.874412
v 0.983522 0.697689 0.809733
v 0.994767 0.710465 0.773247
v 1.00647 0.72279 0.736492
v 1.00162 0.716267 0.777394
v 1.01347 0.728768 0.74064
v 0.990144 0.703264 0.813841
v 0.96062 0.674558 0.877624
v 0.972322 0.685405 0.844959
v 0.978636 0.690723 0.849042
v 0.966528 0.679602 0.881761
v 0.974453 0.682864 0.886348
v 0.986957 0.694304 0.853672
v 0.99893 0.707102 0.818605
v 1.01085 0.72032 0.782302
v 1.02307 0.732988 0.745643
v 1.01884 0.733829 0.70049
v 1.01492 0.726512 0.697478
v 1.03135 0.743189 0.666713
v 1.02749 0.735814 0.6638
v 1.02591 0.739917 0.704577
v 1.03842 0.749327 0.670726
v 1.03573 0.744246 0.709589
v 1.04835 0.753709 0.675715
v 1.04679 0.74615 0.714688
v 1.05961 0.75565 0.680842
v 1.05747 0.745133 0.718989
v 1.07056 0.754645 0.685211
v 1.06698 0.741522 0.722106
v 1.08034 0.751033 0.688412
v 1.0604 0.761273 0.645144
v 1.05044 0.756887 0.640148
v 1.07192 0.767494 0.616606
v 1.06191 0.763107 0.611555
v 1.07172 0.763218 0.650326
v 1.08332 0.76942 0.621873
v 1.08278 0.762225 0.654798
v 1.09448 0.768404 0.626465
v 1.09265 0.758662 0.658129
v 1.10442 0.764859 0.62994
v 1.08831 0.745362 0.690218
v 1.10065 0.753094 0.660068
v 1.11243 0.759379 0.632028
v 1.10634 0.745993 0.660612
v 1.11804 0.752402 0.632697
v 1.09405 0.738149 0.690651
v 1.07477 0.735847 0.72384
v 1.08044 0.728645 0.72422
v 1.10604 0.773724 0.598673
v 1.09466 0.774819 0.593973
v 1.11728 0.778109 0.571379
v 1.10558 0.779299 0.566597
v 1.11617 0.7701 0.602259
v 1.12766 0.774355 0.575037
v 1.12427 0.764599 0.604456
v 1.13591 0.768762 0.577299
v 1.12987 0.757663 0.605221
v 1.14153 0.761812 0.57812
v 1.12785 0.781422 0.545084
v 1.11584 0.782668 0.540253
v 1.13734 0.783905 0.520962
v 1.12515 0.785129 0.516111
v 1.13843 0.777556 0.548783
v 1.14798 0.779986 0.524689
v 1.14679 0.771868 0.551073
v 1.1563 0.774246 0.526995
v 1.15244 0.764897 0.551912
v 1.16191 0.767282 0.527836
v 1.16399 0.776253 0.506082
v 1.15595 0.781988 0.50375
v 1.17024 0.77802 0.48783
v 1.1628 0.783774 0.485462
v 1.16945 0.769346 0.506928
v 1.17539 0.771204 0.488682
v 1.14555 0.785891 0.499984
v 1.13339 0.787011 0.495129
v 1.15295 0.787721 0.481624
v 1.14101 0.788755 0.476733
v 1.15998 0.789604 0.46499
v 1.1484 0.790676 0.460001
v 1.16615 0.791217 0.449207
v 1.15502 0.792486 0.444125
v 1.16898 0.78545 0.468962
v 1.17429 0.786815 0.45344
v 1.17556 0.779598 0.47141
v 1.18008 0.780955 0.456201
v 1.18023 0.772899 0.472297
v 1.18434 0.774457 0.457309
v 1.16457 0.759506 0.527219
v 1.17221 0.761698 0.506293
v 1.17835 0.763769 0.488035
v 1.17227 0.753119 0.504112
v 1.17901 0.755329 0.48578
v 1.16435 0.750837 0.525098
v 1.18346 0.765783 0.471653
v 1.18771 0.767617 0.456692
v 1.185 0.757556 0.469315
v 1.18997 0.759517 0.454273
v 1.17706 0.745515 0.481881
v 1.18423 0.747539 0.4652
v 1.19033 0.749279 0.450078
v 1.17976 0.736265 0.459743
v 1.18671 0.737409 0.444525
v 1.17182 0.734862 0.476726
v 1.16136 0.741227 0.521484
v 1.1696 0.74344 0.500384
v 1.16392 0.733202 0.49544
v 1.15555 0.73123 0.516664
v 1.16297 0.724368 0.470969
v 1.17073 0.724882 0.45372
v 1.17766 0.72519 0.438367
v 1.15923 0.715778 0.448741
v 1.16553 0.715612 0.433286
v 1.15223 0.71596 0.465902
v 1.1471 0.721712 0.511119
v 1.15526 0.723312 0.489828
v 1.1451 0.71542 0.484623
v 1.13739 0.71417 0.505822
v 1.14157 0.711394 0.462636
v 1.14779 0.711131 0.44616
v 1.15326 0.711328 0.430769
v 1.1376 0.711024 0.445458
v 1.14239 0.711942 0.430583
v 1.13199 0.710823 0.460925
v 1.12787 0.709959 0.501666
v 1.13508 0.711026 0.48079
v 1.12603 0.710275 0.478309
v 1.11928 0.709214 0.498744
v 1.12402 0.71376 0.460209
v 1.12927 0.714731 0.44573
v 1.13372 0.71614 0.43197
v 1.12244 0.720381 0.446373
v 1.12674 0.722001 0.433803
v 1.11741 0.718772 0.460034
v 1.11201 0.7116 0.496899
v 1.11844 0.712784 0.476888
v 1.11207 0.717413 0.476143
v 1.10585 0.716105 0.495796
v 1.11182 0.72453 0.460033
v 1.11668 0.726286 0.44693
v 1.12082 0.72792 0.43507
v 1.1121 0.732631 0.447217
v 1.11618 0.734166 0.435587
v 1.10725 0.731057 0.460085
v 1.10051 0.721772 0.495125
v 1.10663 0.723086 0.475734
v 1.10207 0.729751 0.475597
v 1.09595 0.728529 0.494857
v 1.09221 0.73642 0.495024
v 1.09842 0.737502 0.475739
v 1.10378 0.738584 0.460158
v 1.09578 0.746011 0.476184
v 1.10134 0.746818 0.460341
v 1.08943 0.745077 0.495614
v 1.10885 0.739884 0.447173
v 1.11312 0.74127 0.435388
v 1.10664 0.747771 0.446961
v 1.11114 0.748942 0.434563
v 1.10012 0.755384 0.460782
v 1.10542 0.755936 0.446814
v 1.11006 0.756838 0.433345
v 1.10672 0.764442 0.447024
v 1.11152 0.765218 0.432496
v 1.10143 0.764103 0.46175
v 1.08794 0.754038 0.49667
v 1.09445 0.754857 0.47701
v 1.09558 0.763698 0.478504
v 1.08884 0.762873 0.498474
v 1.09321 0.77111 0.501332
v 1.10031 0.772123 0.480986
v 1.10652 0.772702 0.463577
v 1.10876 0.779388 0.484715
v 1.11551 0.780352 0.466725
v 1.10122 0.778071 0.505403
v 1.11212 0.773233 0.447981
v 1.11725 0.774199 0.432843
v 1.12171 0.781362 0.450403
v 1.12738 0.782702 0.434941
v 1.11247 0.78301 0.510614
v 1.12044 0.784648 0.489716
v 1.12776 0.786061 0.471411
v 1.13473 0.787627 0.454734
v 1.14105 0.789313 0.439002
v 1.14631 0.790939 0.424129
v 1.13239 0.784449 0.420162
v 1.15021 0.792151 0.412147
v 1.13631 0.785982 0.408172
v 1.16021 0.793824 0.428921
v 1.16388 0.794632 0.416578
v 1.12192 0.775863 0.417555
v 1.11573 0.766723 0.417163
v 1.12564 0.777483 0.40473
v 1.11898 0.768257 0.403968
v 1.17085 0.792217 0.434024
v 1.17412 0.792731 0.421681
v 1.17841 0.787676 0.438677
v 1.18134 0.788172 0.426769
v 1.17619 0.792899 0.414118
v 1.1662 0.794889 0.408952
v 1.17748 0.792435 0.409605
v 1.1678 0.794417 0.404202
v 1.18322 0.788427 0.419491
v 1.18439 0.78818 0.41503
v 1.15275 0.792645 0.40466
v 1.13894 0.786704 0.40064
v 1.15484 0.792474 0.399447
v 1.14139 0.786822 0.395198
v 1.18385 0.782047 0.442106
v 1.18669 0.782853 0.430909
v 1.18792 0.775862 0.443725
v 1.19072 0.776954 0.433076
v 1.18851 0.783329 0.424033
v 1.18965 0.783309 0.419574
v 1.19252 0.777568 0.426501
v 1.19369 0.777656 0.42202
v 1.19044 0.782597 0.415324
v 1.18515 0.787112 0.411159
v 1.19052 0.780984 0.411187
v 1.18542 0.785048 0.407581
v 1.19452 0.777173 0.417455
v 1.1945 0.775949 0.412939
v 1.17841 0.791014 0.405965
v 1.16932 0.793034 0.400135
v 1.17917 0.788553 0.402888
v 1.17104 0.790717 0.396838
v 1.18955 0.778483 0.407688
v 1.18504 0.782083 0.404585
v 1.1878 0.775989 0.405695
v 1.18393 0.779232 0.402885
v 1.19316 0.773967 0.409215
v 1.19099 0.771931 0.407154
v 1.17977 0.785249 0.400579
v 1.17292 0.787661 0.394849
v 1.17963 0.782172 0.39943
v 1.17398 0.784785 0.39423
v 1.18591 0.769677 0.411901
v 1.18312 0.773356 0.410243
v 1.18562 0.774353 0.406189
v 1.18857 0.770531 0.407693
v 1.18209 0.777433 0.403358
v 1.17979 0.776379 0.407102
v 1.17621 0.77919 0.403542
v 1.1783 0.78028 0.400026
v 1.17335 0.782893 0.39519
v 1.17158 0.781608 0.399004
v 1.17362 0.76453 0.424639
v 1.17144 0.769892 0.422277
v 1.17962 0.772317 0.417551
v 1.18217 0.768593 0.419496
v 1.17689 0.775351 0.413948
v 1.17243 0.773631 0.418676
v 1.16754 0.774573 0.416309
v 1.1734 0.777928 0.410223
v 1.16914 0.780048 0.406086
v 1.16567 0.777259 0.412084
v 1.14022 0.765825 0.407954
v 1.1469 0.7707 0.408514
v 1.15358 0.765603 0.418819
v 1.13854 0.760203 0.413521
v 1.13551 0.753872 0.416488
v 1.13877 0.751747 0.419362
v 1.14194 0.746869 0.420723
v 1.1579 0.755763 0.423171
v 1.1593 0.775919 0.410998
v 1.15348 0.775674 0.406795
v 1.1628 0.780632 0.401978
v 1.16509 0.783004 0.393212
v 1.15493 0.778952 0.398488
v 1.15693 0.7816 0.388633
v 1.14621 0.773853 0.397833
v 1.14791 0.776052 0.387959
v 1.13876 0.766697 0.400385
v 1.14007 0.767907 0.39204
v 1.14876 0.777521 0.382249
v 1.15785 0.783514 0.382848
v 1.14737 0.778216 0.380362
v 1.1568 0.784865 0.380876
v 1.14092 0.768719 0.3871
v 1.13954 0.768921 0.385463
v 1.16638 0.784722 0.388348
v 1.16611 0.786469 0.386795
v 1.13458 0.758898 0.406947
v 1.13525 0.759297 0.400317
v 1.13291 0.751872 0.413264
v 1.13318 0.751806 0.408421
v 1.13591 0.759734 0.396315
v 1.13472 0.759957 0.394714
v 1.13356 0.752077 0.405263
v 1.13259 0.752434 0.40363
v 1.13311 0.74646 0.412343
v 1.13329 0.7466 0.409767
v 1.13249 0.746763 0.408219
v 1.13462 0.742643 0.410985
v 1.13402 0.742399 0.409458
v 1.13449 0.742607 0.413334
v 1.13345 0.746965 0.416331
v 1.13514 0.743045 0.417082
v 1.13712 0.739296 0.413067
v 1.13738 0.739278 0.410545
v 1.1371 0.738661 0.408799
v 1.14259 0.736019 0.406606
v 1.14241 0.735261 0.404614
v 1.14204 0.736052 0.409653
v 1.14449 0.741569 0.42002
v 1.13764 0.739507 0.416939
v 1.14173 0.736274 0.414245
v 1.14466 0.737711 0.417342
v 1.15027 0.73275 0.401752
v 1.15119 0.73268 0.397941
v 1.15071 0.732072 0.395925
v 1.16275 0.72983 0.389242
v 1.16209 0.729207 0.387436
v 1.16132 0.730188 0.393792
v 1.15187 0.736706 0.414478
v 1.14906 0.733402 0.408034
v 1.15882 0.731325 0.401672
v 1.15823 0.734117 0.40907
v 1.16646 0.736028 0.410029
v 1.17007 0.731417 0.399717
v 1.17386 0.729438 0.390485
v 1.1799 0.734049 0.401118
v 1.18439 0.731741 0.391925
v 1.17501 0.73712 0.408998
v 1.17588 0.72844 0.385506
v 1.17575 0.727303 0.384074
v 1.1869 0.730343 0.387029
v 1.18765 0.728842 0.385968
v 1.18992 0.737729 0.396729
v 1.19263 0.736691 0.392463
v 1.19417 0.735611 0.391628
v 1.19418 0.745059 0.398583
v 1.19629 0.744763 0.397884
v 1.19143 0.74543 0.402224
v 1.17776 0.742505 0.413492
v 1.1853 0.73978 0.405063
v 1.18735 0.74671 0.409192
v 1.18196 0.747427 0.414858
v 1.17971 0.752125 0.418612
v 1.1868 0.753245 0.412825
v 1.19077 0.752681 0.406103
v 1.18569 0.759124 0.415751
v 1.18926 0.75915 0.408824
v 1.18113 0.757522 0.420455
v 1.19355 0.752743 0.40256
v 1.19601 0.753044 0.401983
v 1.19206 0.759481 0.405027
v 1.19467 0.760204 0.404523
v 1.17709 0.759498 0.423314
v 1.18409 0.764088 0.418474
v 1.18778 0.764892 0.411102
v 1.19054 0.7655 0.407016
v 1.19312 0.766589 0.406497
v 1.19924 0.761365 0.409615
v 1.20034 0.752071 0.406125
v 1.19848 0.75275 0.403237
v 1.19732 0.760871 0.406236
v 1.19817 0.743457 0.398843
v 1.19934 0.741589 0.40148
v 1.19731 0.769388 0.412166
v 1.19562 0.76803 0.408481
v 1.19908 0.761843 0.418878
v 1.20049 0.75108 0.415224
v 1.20095 0.75143 0.410467
v 1.1997 0.761667 0.414139
v 1.19933 0.739912 0.405829
v 1.19843 0.738877 0.410703
v 1.19673 0.770638 0.4215
v 1.19752 0.770253 0.416792
v 1.19611 0.761687 0.430024
v 1.19735 0.75105 0.426284
v 1.19928 0.751098 0.419807
v 1.19789 0.761921 0.423442
v 1.19698 0.738664 0.415293
v 1.19484 0.73867 0.421544
v 1.19378 0.770136 0.432564
v 1.19554 0.770623 0.426023
v 1.19117 0.769109 0.443157
v 1.19359 0.760908 0.44067
v 1.19457 0.750471 0.436668
v 1.19162 0.738254 0.43146
v 1.18636 0.725917 0.415946
v 1.18869 0.726047 0.409895
v 1.19068 0.72663 0.4053
v 1.17617 0.717457 0.403768
v 1.17849 0.718477 0.399197
v 1.17389 0.716873 0.410062
v 1.18284 0.725595 0.425517
v 1.17044 0.716116 0.420064
v 1.16031 0.714811 0.40495
v 1.16221 0.716155 0.397773
v 1.16416 0.717571 0.393307
v 1.14954 0.718818 0.395447
v 1.15097 0.720385 0.391272
v 1.14806 0.71706 0.403197
v 1.15743 0.712871 0.416438
v 1.14581 0.714359 0.415684
v 1.13883 0.720262 0.406496
v 1.14014 0.721568 0.399324
v 1.14149 0.722909 0.395677
v 1.13302 0.724884 0.405236
v 1.13452 0.725891 0.40214
v 1.13174 0.724264 0.411429
v 1.13684 0.718235 0.41813
v 1.12979 0.723333 0.421551
v 1.1256 0.729564 0.414256
v 1.12683 0.72997 0.408547
v 1.12841 0.730819 0.405795
v 1.12187 0.736591 0.409433
v 1.12347 0.737386 0.406808
v 1.12073 0.736073 0.41506
v 1.12375 0.728982 0.423641
v 1.119 0.735318 0.42433
v 1.11595 0.742536 0.423959
v 1.11762 0.743517 0.414539
v 1.11423 0.750286 0.422277
v 1.11611 0.751469 0.412035
v 1.11871 0.744169 0.408818
v 1.12032 0.744875 0.406132
v 1.11734 0.75221 0.405793
v 1.119 0.752725 0.402822
v 1.11619 0.759618 0.407411
v 1.11785 0.760399 0.40009
v 1.11964 0.760625 0.396578
v 1.12115 0.769057 0.395824
v 1.12317 0.769096 0.391579
v 1.11367 0.758244 0.41936
v 1.12815 0.778289 0.396732
v 1.13049 0.77839 0.391709
v 1.12249 0.760493 0.395278
v 1.12197 0.753231 0.401827
v 1.12647 0.76025 0.394889
v 1.12582 0.753419 0.401956
v 1.12609 0.768629 0.389254
v 1.13024 0.768292 0.387629
v 1.13381 0.778136 0.387338
v 1.13824 0.777974 0.383599
v 1.14478 0.786677 0.389362
v 1.14901 0.786332 0.384213
v 1.1311 0.760089 0.394532
v 1.12973 0.753022 0.402594
v 1.13539 0.768566 0.386059
v 1.14334 0.778173 0.381065
v 1.15347 0.785764 0.381349
v 1.16055 0.790414 0.389608
v 1.16383 0.788501 0.387189
v 1.15743 0.791746 0.394138
v 1.12327 0.745925 0.405341
v 1.12631 0.738844 0.406085
v 1.1269 0.746795 0.405757
v 1.12961 0.740476 0.406629
v 1.13021 0.746968 0.406846
v 1.13231 0.741695 0.407924
v 1.13952 0.730564 0.40112
v 1.13401 0.734876 0.405356
v 1.13603 0.73708 0.406909
v 1.1414 0.733268 0.402618
v 1.13111 0.732588 0.404871
v 1.13693 0.727899 0.400881
v 1.14348 0.7251 0.394043
v 1.153 0.72268 0.388899
v 1.14603 0.727783 0.393793
v 1.15586 0.725318 0.387605
v 1.14873 0.730315 0.394533
v 1.15935 0.727643 0.387059
v 1.18505 0.723393 0.39
v 1.17044 0.722635 0.386637
v 1.17366 0.725289 0.384657
v 1.18705 0.726387 0.387093
v 1.16703 0.719854 0.389634
v 1.18179 0.720561 0.394396
v 1.19468 0.730738 0.395599
v 1.19498 0.733457 0.392709
v 1.19296 0.72828 0.400232
v 1.16437 0.746229 0.420104
v 1.08313 0.772864 0.555891
v 1.09361 0.777394 0.561134
v 1.10349 0.780697 0.53474
v 1.09265 0.775998 0.529459
v 1.07181 0.758643 0.54871
v 1.07576 0.766411 0.551706
v 1.085 0.769311 0.525258
v 1.08089 0.761303 0.522255
v 1.05101 0.749498 0.60469
v 1.05484 0.756928 0.607544
v 1.06567 0.762209 0.579356
v 1.0618 0.754647 0.576435
v 1.07284 0.76849 0.583454
v 1.08303 0.772918 0.588603
v 1.05166 0.732745 0.601792
v 1.05024 0.741303 0.602878
v 1.06104 0.746323 0.574588
v 1.0625 0.737674 0.573503
v 1.07107 0.750126 0.546807
v 1.07259 0.741329 0.54569
v 1.08011 0.752594 0.520339
v 1.08166 0.74367 0.519208
v 1.07914 0.724755 0.544917
v 1.07538 0.732709 0.545068
v 1.08448 0.73499 0.518576
v 1.08824 0.727041 0.518417
v 1.05822 0.716255 0.600895
v 1.05442 0.724226 0.601135
v 1.06525 0.729132 0.572883
v 1.06901 0.72119 0.572708
v 1.03506 0.70221 0.659357
v 1.03107 0.710375 0.659793
v 1.04308 0.718018 0.629578
v 1.04699 0.709947 0.629238
v 1.04025 0.726613 0.630323
v 1.02818 0.719053 0.660638
v 1.0267 0.727655 0.661878
v 1.03879 0.735184 0.631471
v 1.03956 0.743348 0.633314
v 1.01404 0.718426 0.695465
v 1.01544 0.709886 0.694147
v 1.01829 0.701236 0.693239
v 1.02228 0.693083 0.692754
v 1.04561 0.689128 0.659895
v 1.03997 0.695095 0.659396
v 1.05182 0.70289 0.629358
v 1.05738 0.696937 0.62992
v 1.06295 0.709276 0.601115
v 1.06842 0.70337 0.60177
v 1.02721 0.685986 0.69276
v 1.03288 0.680057 0.693244
v 1.03914 0.675453 0.694242
v 1.04615 0.672975 0.696051
v 1.05183 0.684463 0.660883
v 1.05879 0.681928 0.662654
v 1.06354 0.69225 0.630952
v 1.07047 0.689683 0.632743
v 1.07453 0.698701 0.602886
v 1.08143 0.69614 0.604752
v 1.0851 0.7038 0.574981
v 1.09199 0.701285 0.576954
v 1.09508 0.707539 0.547365
v 1.10201 0.705092 0.549417
v 1.07905 0.708418 0.573763
v 1.08906 0.712094 0.546077
v 1.07366 0.714265 0.573011
v 1.08373 0.717874 0.545265
v 1.10417 0.709999 0.520819
v 1.11122 0.70761 0.522852
v 1.09812 0.714502 0.519551
v 1.09281 0.720214 0.518755
v 1.11881 0.709537 0.556769
v 1.11002 0.705664 0.552531
v 1.11946 0.708279 0.525959
v 1.12857 0.71231 0.530228
v 1.09767 0.700256 0.61169
v 1.08923 0.696573 0.607664
v 1.09985 0.701772 0.579976
v 1.10842 0.705526 0.58411
v 1.13565 0.725629 0.567325
v 1.12779 0.716578 0.561972
v 1.13789 0.719572 0.535517
v 1.14606 0.72882 0.540975
v 1.11362 0.715896 0.621861
v 1.10622 0.707053 0.616681
v 1.11713 0.712413 0.589199
v 1.12472 0.721332 0.594451
v 1.12113 0.735257 0.629858
v 1.11868 0.725576 0.626396
v 1.12998 0.73104 0.599023
v 1.13264 0.74069 0.602484
v 1.14116 0.735386 0.571957
v 1.14404 0.745003 0.575438
v 1.15179 0.738667 0.545693
v 1.1548 0.748264 0.549225
v 1.14421 0.75386 0.577504
v 1.15508 0.757024 0.551305
v 1.12094 0.744289 0.631975
v 1.13264 0.749639 0.604566
v 1.09723 0.729857 0.689776
v 1.10939 0.73777 0.659807
v 1.10976 0.728669 0.657651
v 1.09777 0.720744 0.687585
v 1.09564 0.711096 0.684109
v 1.10747 0.718979 0.654181
v 1.10253 0.709328 0.649662
v 1.09083 0.701508 0.679594
v 1.0825 0.701846 0.717655
v 1.08441 0.711372 0.721117
v 1.07792 0.692386 0.713156
v 1.08369 0.720399 0.723314
v 1.08357 0.692755 0.674446
v 1.09521 0.700526 0.644514
v 1.0867 0.693765 0.639565
v 1.07508 0.686022 0.66949
v 1.07084 0.683737 0.708005
v 1.06246 0.67707 0.703017
v 1.06664 0.682367 0.665506
v 1.07827 0.690105 0.635592
v 1.05403 0.673436 0.698968
v 1.04339 0.750737 0.636167
v 0.933941 0.654557 0.925382
v 0.936494 0.659979 0.929176
v 0.948226 0.665968 0.906276
v 0.945284 0.660259 0.902898
v 0.953667 0.670721 0.910623
v 0.941681 0.664372 0.933951
v 0.949263 0.666698 0.938838
v 0.961337 0.673577 0.915309
v 0.925105 0.658072 0.962545
v 0.93254 0.659099 0.968135
v 0.939811 0.662153 0.955845
v 0.932207 0.660483 0.95069
v 0.916751 0.649702 0.950671
v 0.919563 0.654598 0.956189
v 0.926861 0.656554 0.945224
v 0.924244 0.651425 0.94067
v 0.913642 0.654606 0.979607
v 0.919786 0.654805 0.986608
v 0.926383 0.656686 0.977981
v 0.919537 0.656148 0.971715
v 0.906492 0.647172 0.963793
v 0.908799 0.651782 0.971272
v 0.914171 0.65302 0.964362
v 0.911431 0.64825 0.957852
v 0.91873 0.639198 0.945473
v 0.916917 0.644512 0.947335
v 0.924254 0.646215 0.93794
v 0.925722 0.641016 0.936385
v 0.933734 0.649164 0.923101
v 0.934873 0.643887 0.921769
v 0.910094 0.636143 0.956366
v 0.907429 0.64182 0.959098
v 0.911904 0.642953 0.953859
v 0.914109 0.63744 0.951631
v 0.923211 0.628808 0.943842
v 0.920817 0.633802 0.944187
v 0.927527 0.635767 0.935246
v 0.929799 0.630811 0.934889
v 0.936456 0.638637 0.920783
v 0.938673 0.633612 0.920456
v 0.915603 0.625302 0.953953
v 0.912826 0.630457 0.954489
v 0.916453 0.631908 0.950158
v 0.918943 0.626896 0.94981
v 0.946991 0.643371 0.898764
v 0.949346 0.638026 0.898519
v 0.945456 0.648919 0.899592
v 0.944634 0.654535 0.900815
v 0.945587 0.624672 0.922472
v 0.941828 0.628999 0.921147
v 0.952719 0.633029 0.899088
v 0.956824 0.628395 0.900233
v 0.92949 0.620851 0.946674
v 0.926175 0.624615 0.944864
v 0.932831 0.626449 0.93573
v 0.936326 0.62242 0.93728
v 0.955107 0.618159 0.926093
v 0.949727 0.620688 0.924031
v 0.961451 0.624318 0.901709
v 0.967174 0.621821 0.903741
v 0.937948 0.614711 0.951876
v 0.933083 0.617246 0.948756
v 0.940127 0.61861 0.939059
v 0.945242 0.616055 0.941537
v 0.929799 0.611407 0.964959
v 0.925528 0.613812 0.960498
v 0.928591 0.615757 0.955527
v 0.933158 0.613305 0.959307
v 0.925108 0.619219 0.953119
v 0.922037 0.617346 0.957706
v 0.918712 0.621073 0.9553
v 0.921878 0.622814 0.951026
v 0.916865 0.613565 0.963498
v 0.912871 0.61846 0.960457
v 0.915542 0.619578 0.958337
v 0.919186 0.615303 0.961083
v 0.911953 0.624349 0.95698
v 0.908794 0.623796 0.959138
v 0.924448 0.606483 0.973159
v 0.920668 0.609169 0.967244
v 0.922818 0.611384 0.96435
v 0.926843 0.608894 0.969543
v 0.921252 0.603394 0.978334
v 0.918152 0.606547 0.971308
v 0.919356 0.607752 0.96934
v 0.922828 0.604818 0.975889
v 0.915462 0.612483 0.96521
v 0.914294 0.611487 0.966915
v 0.910059 0.616897 0.963565
v 0.911284 0.617718 0.961978
v 0.907008 0.623276 0.96067
v 0.905756 0.622461 0.962244
v 0.915466 0.599851 0.983769
v 0.913255 0.603298 0.976254
v 0.916215 0.604931 0.973719
v 0.918887 0.601641 0.981037
v 0.912535 0.610026 0.96917
v 0.909864 0.60855 0.971554
v 0.905734 0.614308 0.967999
v 0.908301 0.615622 0.965724
v 0.903965 0.621177 0.964389
v 0.901366 0.619819 0.966649
v 0.905023 0.596923 0.988385
v 0.904008 0.600874 0.980697
v 0.909167 0.602082 0.978516
v 0.910869 0.598376 0.986206
v 0.906159 0.607525 0.973593
v 0.901591 0.606484 0.975588
v 0.898121 0.612346 0.971746
v 0.902292 0.613358 0.969896
v 0.897922 0.618748 0.968525
v 0.893725 0.617599 0.970325
v 0.889549 0.593691 0.992476
v 0.890046 0.597671 0.985784
v 0.897773 0.599263 0.983088
v 0.897892 0.595219 0.990436
v 0.896174 0.604913 0.97797
v 0.889017 0.603048 0.980934
v 0.886454 0.608615 0.977061
v 0.893181 0.610765 0.974036
v 0.888731 0.615907 0.972524
v 0.88221 0.613521 0.975446
v 0.877143 0.606039 0.980945
v 0.873615 0.610443 0.979246
v 0.866308 0.603244 0.985319
v 0.863806 0.606982 0.983553
v 0.879423 0.601232 0.984532
v 0.868399 0.599481 0.988489
v 0.880565 0.596569 0.988792
v 0.870078 0.595792 0.991975
v 0.880169 0.592778 0.994591
v 0.870233 0.592258 0.996756
v 0.887551 0.59213 1.00174
v 0.877926 0.590567 1.00263
v 0.867941 0.589165 1.00359
v 0.874375 0.590382 1.0109
v 0.864149 0.587642 1.01029
v 0.884303 0.592929 1.01166
v 0.880181 0.595628 1.02
v 0.870256 0.592318 1.01717
v 0.86013 0.588534 1.01454
v 0.866239 0.595317 1.02114
v 0.856584 0.590728 1.01661
v 0.875846 0.599246 1.02591
v 0.896464 0.593941 1.00091
v 0.893636 0.595149 1.01254
v 0.904337 0.595794 0.999768
v 0.90209 0.597139 1.01271
v 0.889704 0.598152 1.02292
v 0.885333 0.602084 1.03073
v 0.89861 0.600227 1.02455
v 0.894548 0.60432 1.03371
v 0.91091 0.597503 0.997953
v 0.909411 0.599053 1.01139
v 0.916172 0.599259 0.995471
v 0.915477 0.601032 1.0088
v 0.906675 0.60227 1.02361
v 0.903265 0.606532 1.03319
v 0.913631 0.604367 1.02071
v 0.911057 0.608737 1.03006
v 0.868271 0.606476 1.03057
v 0.871879 0.602884 1.02918
v 0.881148 0.606202 1.0353
v 0.877213 0.610427 1.03742
v 0.890507 0.608798 1.03934
v 0.886578 0.613527 1.04218
v 0.899707 0.611325 1.0394
v 0.896103 0.616432 1.04281
v 0.908149 0.613723 1.03642
v 0.90503 0.619036 1.04016
v 0.882731 0.618518 1.04325
v 0.892453 0.621746 1.04424
v 0.901734 0.624468 1.04182
v 0.864905 0.610176 1.03094
v 0.873476 0.614864 1.03812
v 0.909744 0.626498 1.03733
v 0.916645 0.627898 1.03152
v 0.912688 0.621104 1.03559
v 0.919272 0.622641 1.02984
v 0.915331 0.61579 1.03185
v 0.921469 0.617466 1.02633
v 0.917592 0.610813 1.02569
v 0.923132 0.612636 1.02058
v 0.922969 0.62884 1.02487
v 0.929764 0.629686 1.0172
v 0.925305 0.623762 1.0233
v 0.931782 0.624795 1.01577
v 0.92707 0.618784 1.02012
v 0.933073 0.620022 1.01295
v 0.928172 0.614155 1.01492
v 0.933563 0.615597 1.00837
v 0.937784 0.630817 1.00833
v 0.946103 0.632498 0.998696
v 0.93943 0.62608 1.00703
v 0.947442 0.627809 0.997502
v 0.940188 0.621465 1.00458
v 0.947747 0.623211 0.995341
v 0.93995 0.617198 1.00062
v 0.946831 0.618942 0.991903
v 0.955056 0.625349 0.985487
v 0.954997 0.630149 0.987482
v 0.962699 0.628148 0.97422
v 0.962752 0.63331 0.976143
v 0.953679 0.620833 0.982379
v 0.961039 0.623197 0.971294
v 0.953788 0.634954 0.988612
v 0.961562 0.638362 0.97724
v 0.970464 0.642886 0.963438
v 0.981149 0.648695 0.945997
v 0.971654 0.637499 0.962356
v 0.982356 0.642868 0.94492
v 0.971519 0.631882 0.960459
v 0.982148 0.636691 0.943015
v 0.969672 0.626387 0.957627
v 0.980132 0.63055 0.940194
v 0.993938 0.655951 0.923904
v 0.995185 0.649564 0.922814
v 0.994907 0.64272 0.920859
v 0.992674 0.635844 0.917956
v 0.975993 0.624945 0.936514
v 0.988192 0.6295 0.914171
v 0.981849 0.624572 0.91015
v 0.969874 0.620582 0.932562
v 0.957444 0.61887 0.96724
v 0.965779 0.621472 0.953845
v 0.959858 0.617743 0.949516
v 0.951881 0.615701 0.962228
v 0.962329 0.618163 0.92898
v 0.974371 0.621899 0.906583
v 0.944762 0.614206 0.9567
v 0.952376 0.615797 0.945184
v 0.940566 0.61255 0.980154
v 0.935223 0.611078 0.972132
v 0.939355 0.612791 0.965331
v 0.945713 0.614125 0.972115
v 0.944488 0.615288 0.986875
v 0.95059 0.616949 0.977926
v 0.931369 0.60865 0.992841
v 0.928253 0.606555 0.982454
v 0.931482 0.608822 0.977814
v 0.935732 0.610631 0.987048
v 0.933095 0.611761 1.00167
v 0.93855 0.613523 0.994805
v 0.924094 0.608451 1.01228
v 0.928452 0.610139 1.00737
v 0.92768 0.606908 0.997531
v 0.92419 0.605161 1.00158
v 0.923269 0.603154 0.989273
v 0.925715 0.604787 0.986097
v 0.92021 0.601235 0.992467
v 0.920283 0.603142 1.0054
v 0.919324 0.606485 1.01679
v 0.862816 0.598284 1.02313
v 0.853882 0.59291 1.01735
v 0.859819 0.601113 1.02385
v 0.851647 0.594902 1.01745
v 0.856998 0.60396 1.024
v 0.849457 0.596839 1.01743
v 0.876364 0.617296 0.977272
v 0.868812 0.614126 0.980592
v 0.860714 0.61062 0.984273
v 0.882941 0.619857 0.974585
v 0.888577 0.621793 0.972439
v 0.893363 0.623233 0.970598
v 0.897172 0.624657 0.968627
v 0.888858 0.627338 0.974667
v 0.893164 0.629154 0.972563
v 0.8846 0.631753 0.979311
v 0.889309 0.633804 0.977115
v 0.88066 0.636855 0.985791
v 0.885792 0.638965 0.983525
v 0.89988 0.626424 0.966246
v 0.901619 0.628096 0.964008
v 0.896002 0.631444 0.970004
v 0.897651 0.633632 0.967621
v 0.892299 0.636412 0.97441
v 0.893947 0.638918 0.9719
v 0.889192 0.641541 0.980739
v 0.891209 0.643974 0.97817
v 0.902809 0.629168 0.962377
v 0.904785 0.629674 0.960639
v 0.898745 0.635052 0.965906
v 0.900873 0.635678 0.963892
v 0.895032 0.640561 0.970114
v 0.897301 0.641321 0.967866
v 0.89262 0.645558 0.976329
v 0.895276 0.646358 0.973848
v 0.908544 0.629884 0.957996
v 0.905181 0.635774 0.960585
v 0.902006 0.641487 0.963988
v 0.900507 0.6467 0.96941
v 0.895924 0.65047 0.982897
v 0.902049 0.651016 0.977784
v 0.906137 0.653521 0.986989
v 0.89908 0.652816 0.992857
v 0.890168 0.648606 0.987661
v 0.892429 0.649792 0.985719
v 0.894515 0.652316 0.996319
v 0.891095 0.651613 0.998713
v 0.904091 0.652736 1.00125
v 0.911763 0.653507 0.99463
v 0.893927 0.651942 1.00917
v 0.898521 0.652346 1.00576
v 0.881641 0.648773 1.00442
v 0.882427 0.649973 1.01578
v 0.888734 0.651154 1.01259
v 0.886967 0.650371 1.0015
v 0.882965 0.644546 0.993053
v 0.887223 0.646701 0.990235
v 0.867238 0.645314 1.01869
v 0.874978 0.648297 1.01812
v 0.875113 0.64692 1.0068
v 0.87723 0.642521 0.995393
v 0.860053 0.640244 1.01696
vt 0.08333 0.9583
vt 1 1
vt 1 0.625
vt 1 1
vt 1 1
vt 0.08333 0.9583
vt 1 0.75
vt 0.01042 0.8698
vt 0.01042 0.8698
vt 1 0.625
vt 0.5 1
vt 0.5 1
vt 1 0.625
vt 1 0.875
vt 0.08333 0.9583
vt 1 0.875
vt 1 0.75
vt 1 0.75
vt 1 0.875
vt 1 0.625
vt 0.01042 0.8698
vt 1 0.625
vt 1 1
vt 1 0.875
vt 0.01042 0.8698
vt 0.01042 0.8698
vt 1 0.75
vt 1 0.5
vt 1 0.875
vt 1 0.875
vt 0.08333 0.9583
vt 0.01042 0.8698
vt 1 0.75
vt 1 0.5
vt 1 0.875
vt 1 0.75
vt 0 0.75
vt 0.01042 0.8698
vt 1 0.875
vt 1 0.625
vt 1 0.625
vt 1 0.75
vt 0 0.75
vt 1 0.625
vt 1 0.75
vt 1 1
vt 0 0.75
vt 1 0.75
vt 0.01042 0.8698
vt 1 0.5
vt 1 0.625
vt 1 0.875
vt 0 0.75
vt 1 0.5
vt 1 0.6241
vt 1 0.875
vt 0.01042 0.8698
vt 1 0.875
vt 0 0.75
vt 1 0.625
vt 1 1
vt 1 0.4948
vt 0.01042 0.8698
vt 1 1
vt 1 0.5
vt 1 0.875
vt 2.18e-06 0.75
vt 1 1
vt 2.18e-06 0.75
vt 1 0.875
vt 1 0.875
vt 1 0.625
vt 0.01042 0.8698
vt 1 0.875
vt 1 0.6215
vt 1 0.875
vt 4.359e-06 0.75
vt 1 1
vt 0.01042 0.8698
vt 1 1
vt 1 0.75
vt 1 0.4583
vt 0.01042 0.8698
vt 1 1
vt 1 0.6241
vt 1 0.875
vt 0.01042 0.8698
vt 1 0.75
vt 0.08332 0.9583
vt 1 0.875
vt 1 0.875
vt 1 0.4948
vt 0.08331 0.9583
vt 1 0.875
vt 1 0.75
vt 1 0.875
vt 0.01042 0.8698
vt 1 0.6215
vt 0.08332 0.9583
vt 1 1
vt 1 0.75
vt 1 0.75
vt 0.08333 0.9583
vt 1 0.875
vt 1 0.6241
vt 1 0.6215
vt 0.08333 0.9583
vt 1 0.75
vt 0.01042 0.8698
vt 1 0.75
vt 1 0.6241
vt 1 0.75
vt 0.2604 0.9948
vt 1 0.75
vt 1 0.75
vt 1 0.75
vt 0.08332 0.9583
vt 1 0.75
vt 0.2604 0.9948
vt 1 0.875
vt 1 0.6241
vt 1 0.6241
vt 0.08332 0.9583
vt 1 0.875
vt 1 0.625
vt 1 0.6241
vt 0.08331 0.9583
vt 1 0.625
vt 0.2604 0.9948
vt 1 0.75
vt 1 0.4948
vt 1 0.625
vt 0.2604 0.9948
vt 1 0.75
vt 1 0.5417
vt 1 0.6302
vt 0.7396 0.9948
vt 1 0.75
vt 0.2603 0.9948
vt 1 0.875
vt 1 0.75
vt 1 0.5
vt 0.4999 1
vt 1 0.6215
vt 1 0.75
vt 1 0.875
vt 1 0.4583
vt 0.2603 0.9948
vt 0.4998 1
vt 1 0.75
vt 1 0.6215
vt 1 0.4948
vt 0.2604 0.9948
vt 1 0.6241
vt 1 0.6241
vt 1 0.75
vt 1 0.9583
vt 0.4999 1
vt 0.5 1
vt 1 0.875
vt 1 0.75
vt 1 0.8698
vt 0.2604 0.9948
vt 0.9913 0.8698
vt 1 0.75
vt 1 0.75
vt 0.9236 0.9583
vt 0.2587 0.9948
vt 0.4166 1
vt 1 0.875
vt 1 0.6241
vt 0.9236 0.9583
vt 0.25 0.9948
vt 1 0.875
vt 1 0.625
vt 0.9913 0.8698
vt 0.9167 0.9583
vt 0.4931 1
vt 0.2587 0.9948
vt 1 0.75
vt 1 0.75
vt 0.9896 0.8698
vt 0.4931 1
vt 0.9913 0.8698
vt 1 0.6241
vt 1 1
vt 1 0.75
vt 0.5 1
vt 0.2604 0.9948
vt 1 0.875
vt 1 0.4965
vt 1 0.75
vt 0.2587 0.9948
vt 0.9896 0.8698
vt 1 0.5
vt 1 1
vt 1 0.75
vt 0.2604 0.9948
vt 0.08333 0.9583
vt 1 0.875
vt 1 0.625
vt 1 0.8698
vt 0.08333 0.9583
vt 1 0.875
vt 1 0.6215
vt 1 0.75
vt 1 0.75
vt 0.25 0.9948
vt 0.08333 0.9583
vt 1 0.4583
vt 1 1
vt 0.9913 0.8698
vt 0.08333 0.9583
vt 1 0.6302
vt 1 0.4965
vt 1 0.875
vt 1 0.625
vt 0.9167 0.9583
vt 0.2587 0.9948
vt 1 1
vt 1 0.6241
vt 1 0.75
vt 0.7326 0.9948
vt 1 0.75
vt 1 0.9583
vt 1 0.5
vt 1 0.6215
vt 0.9167 0.9583
vt 0.7378 0.9948
vt 0 0.75
vt 1 0.8698
vt 1 0.625
vt 0.9167 0.9583
vt 0 0.75
vt 0.9931 0.8698
vt 1 0.75
vt 0.9306 0.9583
vt 1 0.4583
vt 0.9306 0.9583
vt 0 0.5
vt 0 0.5
vt 0.9992 0.6241
vt 1 0.625
vt 0.7378 0.9948
vt 0.9931 0.8698
vt 1 0.5
vt 1 0.6215
vt 0.9167 0.9583
vt 1 0.8698
vt 0.9167 0.9583
vt 0.9167 0.9583
vt 0.4931 1
vt 1 0.9583
vt 0 0.5
vt 0 0.5
vt 0.9995 0.75
vt 1 0.625
vt 0.7378 0.9948
vt 0.9931 0.8698
vt 0.9167 0.9583
vt 0.9896 0.8698
vt 0.7396 0.9948
vt 0.9896 0.8698
vt 1 0.75
vt 0.9896 0.8698
vt 0 0.625
vt 0.7326 0.9948
vt 0.5 1
vt 1 0.75
vt 0 0.625
vt 1 0.8698
vt 0 0.75
vt 0.9167 0.9583
vt 0.4931 1
vt 0.9896 0.8698
vt 0.4166 1
vt 1 0.8698
vt 0.9896 0.8698
vt 0 0.75
vt 0.7378 0.9948
vt 1 0.75
vt 0 0.5
vt 0.9896 0.8698
vt 0.9896 0.8698
vt 1 0.75
vt 1 0.75
vt 1 0.75
vt 1 0.75
vt 0 0.625
vt 0.9896 0.8698
vt 0.9931 0.8698
vt 0.9896 0.8698
vt 0.9896 0.8698
vt 1 0.75
vt 1 0.75
vt 0.9896 0.8698
vt 1 0.75
vt 0 0.625
vt 1 0.75
vt 0.9896 0.8698
vt 1 0.625
vt 1 0.6215
vt 1 0.625
vt 1 0.75
vt 1 0.75
vt 1 0.75
vt 1 0.6259
vt 0 0.625
vt 1 0.6215
vt 1 0.75
vt 0 0.5
vt 1 0.75
vt 1 0.6233
vt 1 0.75
vt 0.9896 0.8698
vt 0.9167 0.9583
vt 1 0.75
vt 0 0.5
vt 1 0.75
vt 0.9167 0.9583
vt 1 0.6233
vt 1 0.6259
vt 0 0.625
vt 1 0.6215
vt 0.9896 0.8698
vt 0.9896 0.8698
vt 0 0.625
vt 1 0.6302
vt 1 0.75
vt 0.9167 0.9583
vt 1 0.6233
vt 1 0.75
vt 0 0.5
vt 1 0.4896
vt 0.9896 0.8698
vt 0.9167 0.9583
vt 0 0.625
vt 1 0.6259
vt 1 0.4583
vt 1 0.5
vt 1 0.6215
vt 1 0.5035
vt 0 0.75
vt 1 0.6215
vt 1 0.625
vt 1 0.625
vt 0 0.75
vt 1 0.5417
vt 1 0.4583
vt 1 0.5
vt 1 0.4896
vt 1 0.6302
vt 0 0.625
vt 1 0.6233
vt 1 0.625
vt 1 0.5
vt 0 0.625
vt 1 0.625
vt 0.9167 0.9583
vt 1 0.625
vt 0.9896 0.8698
vt 1 0.5
vt 0 0.75
vt 0.9236 0.9583
vt 1 0.75
vt 1 0.5
vt 0 0.75
vt 1 0.5035
vt 0.9913 0.8698
vt 1 0.625
vt 0 0.5
vt 1 0.6259
vt 0.9236 0.9583
vt 1 0.8698
vt 1 0.75
vt 1 0.625
vt 1 0.75
vt 0 0.625
vt 0.9913 0.8698
vt 1 0.625
vt 1 0.9583
vt 1 0.625
vt 0 0.625
vt 1 0.75
vt 1 0.625
vt 1 0.75
vt 0 0.625
vt 1 0.625
vt 0.9913 0.8698
vt 1 0.75
vt 0.08333 0.03819
vt 1 0.75
vt 1 0.75
vt 1 0.8698
vt 1 0.75
vt 1 0.625
vt 1 0.75
vt 0.9913 0.8698
vt 0.9896 0.8698
vt 1 0.625
vt 0.08333 0.03819
vt 1 0.625
vt 1 0.75
vt 1 0.625
vt 1 0.75
vt 1 0.75
vt 1 0.75
vt 1 0.6302
vt 1 0.75
vt 1 0.75
vt 1 0.625
vt 1 0.625
vt 0.7396 0.005208
vt 0.9167 0.04167
vt 0.9959 0.875
vt 1 0.5
vt 1 0.625
vt 1 0.625
vt 1 0.7501
vt 1 0.5
vt 1 0.75
vt 1 0.6302
vt 1 0.6251
vt 1 0.5
vt 1 0.5
vt 1 0.625
vt 0.25 -1.192e-07
vt 0.5 -2.384e-07
vt 0.9864 1
vt 1 0.625
vt 1 0.75
vt 0.01042 0.1293
vt 1 0.625
vt 1 0.5
vt 1 0.5417
vt 0.008681 0.1259
vt 1 0.5001
vt 1 0.5
vt 1 0.6215
vt 1 0.4583
vt 1 0.6251
vt 0.08333 -2.384e-07
vt 1 0.625
vt 1 0.625
vt 0.2604 0.00434
vt 1 0.5
vt 1 0.5
vt 1 1
vt 1 0.625
vt 1 0.4583
vt 1 0.5
vt 0.08333 0.03819
vt 1 0.625
vt 1 0.875
vt 0.08333 -1.192e-07
vt 1 0.3698
vt 0.9167 0.9583
vt 0.9897 0.8698
vt 1 0.5
vt 1 0.875
vt 0.2604 0
vt 1 0.375
vt 0.9896 0.8698
vt 1 0.5
vt 1 1
vt 0.2604 0.005208
vt 0.9167 0.9584
vt 0.9897 0.8698
vt 1 0.3785
vt 1 1
vt 0.08333 0.04167
vt 1 0.375
vt 0.9167 0.9584
vt 1 0.5417
vt 1 0.875
vt 1 0.25
vt 0.9898 0.8699
vt 0.9897 0.8698
vt 1 0.25
vt 1 0.875
vt 0.2604 0.005208
vt 0.9897 0.8698
vt 0.5 0
vt 0.9896 0.8707
vt 0.5 0
vt 1 0.375
vt 0.9168 0.9584
vt 1 1
vt 1 0.25
vt 1 0.3785
vt 1 0.75
vt 1 0.875
vt 1 0.25
vt 1 0.375
vt 0.9898 0.8699
vt 1 0.75
vt 1 0.3698
vt 0.2604 0.00434
vt 1 0.7501
vt 1 0.5
vt 0.9896 0.8698
vt 1 0.75
vt 0.08333 0.03819
vt 1 0.875
vt 1 0.3802
vt 1 0.5
vt 1 0.75
vt 1 0.875
vt 0.5 0
vt 1 0.3759
vt 1 0.75
vt 1 0.5
vt 1 0.75
vt 0.2604 0.00434
vt 1 0.3759
vt 0.9898 0.8699
vt 0.9168 0.9584
vt 1 0.75
vt 1 0.375
vt 1 0.5
vt 1 0.875
vt 0.2604 0.00434
vt 1 0.3759
vt 0.9166 0.9618
vt 0.9166 0.9618
vt 0.2604 0
vt 1 0.9583
vt 1 0.2535
vt 0.9896 0.8707
vt 1 0.25
vt 1 0.8698
vt 0.25 0
vt 1 0.3802
vt 0.9896 0.8707
vt 0.9906 0.8741
vt 0.5 0
vt 0.9913 0.8689
vt 1 0.375
vt 0.9156 1
vt 0 -1.192e-07
vt 0.9236 0.9583
vt 1 0.2917
vt 1 0.3759
vt 1 0.75
vt 0.9906 0.8741
vt 0.9236 0.9583
vt 0 -1.192e-07
vt 1 0.2535
vt 0.9995 0.75
vt 1 0.25
vt 0.9913 0.8689
vt 0.25 0
vt 0.9896 0.1302
vt 1 0.75
vt 0.9898 0.8699
vt 0.25 -1.192e-07
vt 0.9896 0.8663
vt 0.9896 0.1302
vt 1 0.7501
vt 0 -1.192e-07
vt 0.9167 0.9583
vt 1 0.25
vt 0.9896 0.1302
vt 0.9896 0.8707
vt 1 0.7501
vt 0.9913 0.8689
vt 1 0.25
vt 0.9896 0.1302
vt 1 0.6251
vt 0 -1.192e-07
vt 1 0.7465
vt 1 0.25
vt 1 0.7083
vt 0.9896 0.1302
vt 1 0.6242
vt 0.9167 0.04167
vt 0.9896 0.8663
vt 0.9167 0.04167
vt 0.25 0
vt 1 0.75
vt 0.9896 0.1302
vt 1 0.8698
vt 1 0.75
vt 0.9167 0.04167
vt 1 0.75
vt 0.9896 0.1302
vt 0.5 0
vt 1 0.6242
vt 0.9167 0.04167
vt 1 0.7465
vt 0.9998 0.6215
vt 0.9913 0.1293
vt 0.9913 0.8689
vt 0.9896 0.1302
vt 1 0.2535
vt 0.9995 0.75
vt 1 0.2917
vt 1 0.75
vt 1 0.6302
vt 0.9896 0.1302
vt 1 0.625
vt 1 0.2535
vt 0.9896 0.1302
vt 1 0.7465
vt 0.25 0
vt 0.9896 0.1302
vt 1 0.4966
vt 1 0.6242
vt 1 0.7465
vt 1 0.25
vt 0.9896 0.1302
vt 1 0.625
vt 0.25 0
vt 0.9167 0.03819
vt 0.9998 0.6215
vt 1 0.4583
vt 1 0.6198
vt 0.9167 0.04167
vt 0.9896 0.1302
vt 1 0.7083
vt 0.5 0
vt 0.9913 0.1293
vt 1 0.5001
vt 1 0.6251
vt 1 0.625
vt 0.9167 -1.192e-07
vt 0.9167 0.03819
vt 1 0.5035
vt 0.5 0
vt 0.9167 0.04167
vt 1 0.6242
vt 1 0.4966
vt 1 0.5
vt 0.9896 0.1302
vt 1 0.6198
vt 0.7396 0.005208
vt 0.9167 0.04167
vt 0.9156 1
vt 1 0.6302
vt 0.25 0
vt 0.7396 0.005208
vt 0.9906 0.8741
vt 0.9167 0.04167
vt 1 0.5417
vt 0.7396 0.005208
vt 0.7396 0.005208
vt 0.9864 1
vt 1 0.5035
vt 1 0.625
vt 0.5 -1.192e-07
vt 1 0.5417
vt 0.9167 0.03819
vt 0.7396 0.005208
vt 0.9954 0.875
vt 0.5 0
vt 0.9959 0.875
vt 1 0.3785
vt 0.7396 0.005208
vt 0.7396 0.005208
vt 0.9938 1
vt 1 0.3767
vt 0.7396 0.00434
vt 0.5 0
vt 1 0.5104
vt 0.9167 -3.576e-07
vt 0.5 -1.192e-07
vt 1 0.5104
vt 1 0.3767
vt 1 0.3785
vt 0.7396 0.00434
vt 0.7396 -1.192e-07
vt 0.9959 0.875
vt 1 0.5417
vt 0.7396 0.005208
vt 0.9984 0.75
vt 0.9167 0.03819
vt 1 0.3767
vt 0.7396 0.00434
vt 1 0.25
vt 0.5 0
vt 1 0.25
vt 0.7396 0.005208
vt 0.9167 0.04167
vt 0.9969 0.75
vt 1 0.3785
vt 0.7396 -1.192e-07
vt 0.9954 0.875
vt 0.5 0
vt 1 0.3785
vt 0.7396 0.00434
vt 1 0.25
vt 0.5 0
vt 0.5 -2.384e-07
vt 1 0.25
vt 1 0.3767
vt 1 0.5417
vt 0.9906 0.8741
vt 0.08333 0.04167
vt 1 0.3785
vt 0.01042 0.1293
vt 0.9984 0.75
vt 0.01042 0.1293
vt 1 0.3767
vt 0 0.25
vt 0.9959 0.875
vt 0 0.625
vt 1 0.5035
vt 0 0.25
vt 0.01042 0.1302
vt 1 0.5035
vt 0.9992 0.6241
vt 0.08333 -1.192e-07
vt 1 0.3767
vt 0 0.25
vt 0.01042 0.1302
vt 0.9995 0.75
vt 1 0.3802
vt 0 0.25
vt 0.9998 0.6215
vt 0.008681 0.1259
vt 1 0.5
vt 0 0.625
vt 0.9984 0.75
vt 0.01042 0.1293
vt 1 0.3767
vt 0 0.5
vt 0.9985 0.625
vt 0.02083 -1.192e-07
vt 1 0.2535
vt 0.008681 0.1259
vt 0.008681 0.1259
vt 0.9984 0.75
vt 0.003472 0.125
vt 1 0.2917
vt 0 0.375
vt 1 0.3802
vt 0.02083 -1.192e-07
vt 1 0.3785
vt 0.08333 -2.384e-07
vt 0.9969 0.75
vt 0.003472 0.125
vt 1 0.25
vt 0 0.25
vt 0.008681 0.1259
vt 1 0.4948
vt 1 0.2535
vt 0 0.25
vt 1 0.3767
vt 0 0.375
vt 0.003472 0.125
vt 0.9992 0.6241
vt 1 0.25
vt 0 0.375
vt 0.008681 0.1259
vt 1 0.5
vt 0.9896 0.1302
vt 0 0.375
vt 0 0.25
vt 0.9998 0.6215
vt 0 0.25
vt 0.9985 0.625
vt 0.9896 0.1311
vt 0.003472 0.125
vt 1 0.2535
vt 0 0.375
vt 0 0.25
vt 1 0.2535
vt 1 0.4583
vt 0 0.25
vt 0.9896 0.1311
vt 0 0.25
vt 1 0.4948
vt 0 0.5
vt 0.9896 0.1337
vt 0 0.375
vt 0.9992 0.6241
vt 0 0.375
vt 1 0.2917
vt 0 0.375
vt 0.9954 0.9583
vt 0 0.5
vt 0.9896 0.1311
vt 0 0.25
vt 0.989 0.8698
vt 0 0.5
vt 0.9167 0.04167
vt 0 0.375
vt 0 0.5
vt 0.9956 0.8698
vt 0.9167 0.04167
vt 0 0.375
vt 0 0.5
vt 0.9896 0.1337
vt 0 0.5
vt 0.9896 0.1302
vt 0 0.375
vt 0.9167 0.04167
vt 0 0.375
vt 0.9215 0.9583
vt 0 0.25
vt 0.9167 0.04167
vt 0 0.375
vt 0.9215 0.9583
vt 0.9896 0.1311
vt 0 0.375
vt 0 0.25
vt 1 0.25
vt 0 0.25
vt 0.9896 0.1302
vt 0 0.25
vt 0.989 0.8698
vt 0.9896 0.1302
vt 0 0.375
vt 0 0.375
vt 1 0.25
vt 1 0.25
vt 0.9896 0.1302
vt 0.916 0.9583
vt 0.01042 0.8698
vt 0.9896 0.1302
vt 0.75 1
vt 0 0.625
vt 0.9889 0.8698
vt 0 0.75
vt 1 0.25
vt 0.989 0.8698
vt 0.01042 0.8698
vt 0.9896 0.1302
vt 0.01042 0.8698
vt 0.9995 0.75
vt 0 0.75
vt 0.9167 0.04167
vt 0.01042 0.8698
vt 0.9984 0.75
vt 1 1
vt 0.9167 0.04167
vt 0 0.75
vt 0.9889 0.8698
vt 1 1
vt 0.9896 0.1302
vt 0 0.75
vt 0.9956 0.8698
vt 0.01042 0.8698
vt 0.9896 0.1302
vt 0.01042 0.8698
vt 0.08333 0.9583
vt 0.989 0.8698
vt 0.9984 0.75
vt 0.75 1
vt 0.9167 0.04167
vt 0.08333 0.9583
vt 0.9969 0.75
vt 0.08333 0.9583
vt 0.9167 0.04167
vt 0 0.75
vt 0.01042 0.8698
vt 0.9969 0.75
vt 0.9997 0.6215
vt 1 1
vt 0.9896 0.1302
vt 0.75 1
vt 0.9167 0.04167
vt 0.01042 0.8698
vt 0.08333 0.9583
vt 0.7396 0.005208
vt 0.9984 0.6302
vt 0.01042 0.8698
vt 0.7396 0.005208
vt 0 0.75
vt 0.9984 0.75
vt 0.01042 0.8698
vt 0.9167 0.04167
vt 0 0.75
vt 0.9992 0.625
vt 0.01042 0.8698
vt 0.9167 0.04167
vt 0.75 1
vt 0.9984 0.75
vt 0.01042 0.8698
vt 0.7396 0.005208
vt 1 1
vt 0.9995 0.75
vt 0.08333 0.9583
vt 0.7396 0.005208
vt 0.5 1
vt 0 0.75
vt 0.9992 0.625
vt 0.01042 0.8698
vt 0.9167 0.04167
vt 0.9992 0.625
vt 0.01042 0.8698
vt 0.7396 0.005208
vt 0.08333 0.9583
vt 0.75 1
vt 1 0.4583
vt 0.9997 0.5
vt 0.01042 0.8698
vt 0.5 -1.192e-07
vt 0.75 1
vt 0.9984 0.6302
vt 0.08333 0.9583
vt 0.5 -1.192e-07
vt 0.5 1
vt 0.08333 0.9583
vt 0.9997 0.6215
vt 0.01042 0.8698
vt 0.7396 0.005208
vt 0.5 1
vt 0.9995 0.5417
vt 0.9992 0.625
vt 0.2604 0.9948
vt 0.7396 0.005208
vt 0.75 1
vt 0.08333 0.9583
vt 0.9997 0.5
vt 0.2604 0.9948
vt 0.5 0
vt 0.75 1
vt 0.916 0.9583
vt 0.9912 0.8698
vt 0.08333 0.9583
vt 0.5 -1.192e-07
vt 0.5 1
vt 0.08333 0.9583
vt 0.9889 0.8698
vt 0.2604 0.9948
vt 0.7396 0.005208
vt 0.7483 0.9957
vt 0.9235 0.9583
vt 1 0.8698
vt 0.2604 0.9948
vt 0.9167 0.04167
vt 0.5 1
vt 0.2604 0.9948
vt 0.9235 0.9583
vt 0.08333 0.9583
vt 0.7396 0.005208
vt 0.2604 0.9948
vt 0.9912 0.8698
vt 0.7396 0.005208
vt 0.2604 0.9948
vt 0.5 1
vt 0.9912 0.8698
vt 0.5 1
vt 1 0.9583
vt 0.9167 0.04167
vt 0.2604 0.9948
vt 0.5 1
vt 0.9999 0.75
vt 0.08333 0.9583
vt 0.9167 0.04167
vt 0.2604 0.9948
vt 0.2604 0.9948
vt 1 0.75
vt 0.9889 0.8698
vt 0.2604 0.9948
vt 0.7396 0.005208
vt 0.5 1
vt 0.2604 0.9948
vt 1 0.8698
vt 0.9995 0.75
vt 0.7396 0.005208
vt 0.2604 0.9948
vt 0.08333 0.9583
vt 0.9999 0.75
vt 0.9167 0.04167
vt 0.2604 0.9948
vt 0.2604 0.9948
vt 0.9995 0.75
vt 0.7396 0.005208
vt 0.08333 0.9583
vt 0.5 1
vt 0.9912 0.8698
vt 0.5 -1.192e-07
vt 0.08333 0.9583
vt 0.5 1
vt 0.9997 0.6215
vt 0.9999 0.75
vt 0.08333 0.9583
vt 0.5 0
vt 0.5 1
vt 0.2604 0.9948
vt 1 0.6241
vt 0.7396 0.005208
vt 0.2604 0.9948
vt 0.5 1
vt 0.9999 0.75
vt 0.5 1
vt 0.7396 0.005208
vt 0.2604 0.9948
vt 0.2604 0.9948
vt 0.5 0
vt 0.5 -1.192e-07
vt 0.2604 0.9948
vt 0.5 1
vt 1 0.6241
vt 0.7396 0.005208
vt 0.5 1
vt 0.08333 0.9583
vt 1 0.625
vt 0.5 0
vt 0.7396 0.9948
vt 0.7396 0.9948
vt 1 0.75
vt 0.2604 0.005208
vt 0.5 1
vt 0.2604 0.9948
vt 1 0.6241
vt 0.2604 0.005205
vt 0.7396 0.9948
vt 0.5 1
vt 1 0.4948
vt 0.5 -1.192e-07
vt 0.7396 0.9948
vt 0.2604 0.9948
vt 1 0.5
vt 0.5 -1.192e-07
vt 0.5 1
vt 0.9167 0.9583
vt 1 0.625
vt 0.08333 0.9583
vt 0.9997 0.6215
vt 0.2604 0.005205
vt 0.7396 0.9948
vt 0.2604 0.005181
vt 0.7396 0.9948
vt 0.9167 0.9583
vt 1 0.4583
vt 0.5 -1.192e-07
vt 0.7396 0.9948
vt 0.7396 0.9948
vt 1 0.4948
vt 0.2604 0.005205
vt 0.9167 0.9583
vt 0.08333 0.04164
vt 0.9167 0.9583
vt 0.5 1
vt 0.08333 0.04145
vt 0.7396 0.9948
vt 1 0.6241
vt 0.7413 0.9948
vt 0.2604 0.005181
vt 0.5 1
vt 1 0.75
vt 0.7413 0.9948
vt 0.2604 0.005208
vt 0.7483 0.9957
vt 0.08333 0.04167
vt 1 0.6302
vt 0.5 1
vt 0.08333 0.04164
vt 0.5 1
vt 0.7413 0.9948
vt 0.2604 0.005205
vt 1 0.625
vt 0.7483 0.9957
vt 0.5 0
vt 0.9236 0.9583
vt 0.7396 0.9948
vt 0.2604 0.005208
vt 0.9236 0.9583
vt 0.2604 0.005208
vt 1 0.9583
vt 1 0.75
vt 0.7413 0.9948
vt 0.5 -1.192e-07
vt 0.5 -1.192e-07
vt 0.9167 0.9583
vt 0.2604 0.005208
vt 0.2604 0.005208
vt 0.08333 0.9583
vt 0.2604 0.9948
vt 1 0.75
vt 0.5 0
vt 0.2604 0.9948
vt 0.5 1
vt 0.2604 0.005208
vt 0.5 1
vt 0.08333 0.04167
vt 0.75 0.9991
vt 0.08333 0.04167
vt 0.75 1
vt 0.75 0.9991
vt 1 0.6215
vt 0.2604 0.005208
vt 0.5 1
vt 1 0.875
vt 1 0.75
vt 0.2604 0.005208
vt 1 0.9948
vt 0.75 0.9991
vt 1 0.625
vt 0.08333 0.04167
vt 1 1
vt 1 0.75
vt 1 0.5
vt 0.08333 0.04167
vt 0.7483 0.9957
vt 0.75 1
vt 1 0.4583
vt 0.2604 0.005208
vt 1 0.9583
vt 1 0.875
vt 1 0.6215
vt 0.08333 0.04167
vt 1 0.9948
vt 0.01042 0.1302
vt 0.75 0.9991
vt 1 1
vt 0.01042 0.1301
vt 1 0.875
vt 1 0.6302
vt 1 0.875
vt 0.08333 0.04164
vt 1 1
vt 1 0.5417
vt 1 1
vt 0.08333 0.04164
vt 1 1
vt 0.01042 0.1301
vt 1 0.5
vt 1 0.75
vt 0.01042 0.1296
vt 1 0.875
vt 1 0.75
vt 0.08333 0.04145
vt 1 0.875
vt 0.01042 0.1301
vt 1 0.875
vt 0 0.2499
vt 0 0.2492
vn -0.5049 0.5786 -0.6405
vn -0.4618 0.4217 -0.7803
vn -0.4826 0.3612 -0.7979
vn -0.5501 0.532 -0.6437
vn -0.6638 -0.08377 -0.7432
vn -0.7468 0.0325 -0.6642
vn -0.4557 0.209 -0.8652
vn -0.628 -0.1986 -0.7524
vn -0.4433 0.2721 -0.854
vn -0.4313 0.4742 -0.7675
vn -0.423 0.3397 -0.84
vn -0.4129 0.503 -0.7592
vn -0.412 0.3848 -0.8259
vn -0.4536 0.619 -0.6411
vn -0.4208 0.6424 -0.6404
vn -0.5812 0.6803 -0.4465
vn -0.4978 0.7283 -0.4709
vn -0.4324 0.7632 -0.4801
vn -0.5776 0.7813 -0.2366
vn -0.4535 0.8548 -0.2521
vn -0.6879 0.7023 -0.1832
vn -0.6523 0.6331 -0.4168
vn -0.765 0.6368 -0.09619
vn -0.852 0.08725 -0.5163
vn -0.9624 0.09259 -0.2554
vn -0.8068 0.4403 0.394
vn -0.7779 0.6152 0.1278
vn -0.8167 0.5118 0.2666
vn -0.793 0.3222 0.517
vn -0.9989 -0.04727 -0.001862
vn -0.9705 -0.2045 0.1279
vn -0.7058 0.06006 0.7058
vn -0.7734 0.239 0.5871
vn -0.734 0.1464 0.6631
vn -0.6669 0.005615 0.7451
vn -0.9255 -0.3231 0.1977
vn -0.8884 -0.4069 0.2124
vn -0.5457 -0.2267 0.8067
vn -0.631 -0.08585 0.771
vn -0.6035 -0.1059 0.7902
vn -0.5159 -0.2305 0.825
vn -0.8511 -0.4694 0.2351
vn -0.7945 -0.5477 0.2621
vn -0.5769 -0.0293 0.8162
vn -0.6479 0.1503 0.7467
vn -0.3614 0.1366 0.9223
vn -0.4234 0.3436 0.8382
vn -0.5003 -0.1874 0.8453
vn -0.2941 -0.04135 0.9549
vn -0.7057 0.374 0.6017
vn -0.717 0.5979 0.3584
vn -0.4747 0.5858 0.6568
vn -0.4931 0.7883 0.3679
vn -0.1651 0.7587 0.6302
vn -0.2236 0.9127 0.3421
vn 0.052 0.8347 0.5482
vn -0.05432 0.951 0.3045
vn -0.1047 0.5442 0.8324
vn 0.138 0.663 0.7357
vn -0.04663 0.3411 0.9388
vn 0.2067 0.485 0.8497
vn 0.01575 0.155 0.9878
vn 0.2744 0.3024 0.9128
vn 0.1847 0.8615 0.4729
vn 0.04413 0.9586 0.2812
vn 0.2724 0.8666 0.418
vn 0.1216 0.9564 0.2656
vn 0.2942 0.7226 0.6255
vn 0.3898 0.7474 0.538
vn 0.3765 0.5719 0.7288
vn 0.4789 0.6175 0.6239
vn 0.4535 0.3974 0.7978
vn 0.5637 0.4522 0.6912
vn 0.3155 0.8621 0.3964
vn 0.1685 0.9502 0.262
vn 0.3222 0.853 0.4105
vn 0.1775 0.9438 0.2786
vn 0.4329 0.7508 0.4988
vn 0.4405 0.7397 0.5088
vn 0.5251 0.6305 0.5716
vn 0.5354 0.6176 0.5761
vn 0.6152 0.4697 0.6331
vn 0.6284 0.4549 0.6309
vn 0.3184 0.8412 0.4371
vn 0.17 0.9372 0.3045
vn 0.315 0.8342 0.4526
vn 0.1543 0.9331 0.3249
vn 0.4412 0.7213 0.5339
vn 0.4505 0.7084 0.5433
vn 0.5413 0.5914 0.5977
vn 0.5609 0.5706 0.5997
vn 0.6366 0.4243 0.644
vn 0.6607 0.4015 0.6341
vn 0.5816 0.5622 0.5879
vn 0.4577 0.7064 0.5398
vn 0.5916 0.5623 0.5777
vn 0.4546 0.7134 0.5332
vn 0.6872 0.393 0.6109
vn 0.703 0.3914 0.5938
vn 0.3039 0.8368 0.4554
vn 0.1255 0.9346 0.3328
vn 0.2813 0.848 0.4491
vn 0.08597 0.942 0.3245
vn 0.249 0.866 0.4337
vn 0.03647 0.9514 0.3059
vn 0.2076 0.8875 0.4113
vn -0.0206 0.9579 0.2862
vn 0.4424 0.7297 0.5213
vn 0.4213 0.7556 0.5016
vn 0.5944 0.5703 0.5669
vn 0.5926 0.588 0.5504
vn 0.7127 0.3934 0.5807
vn 0.7219 0.4006 0.5641
vn 0.1622 0.9055 0.392
vn -0.07596 0.9583 0.2756
vn 0.1221 0.9157 0.3828
vn -0.1218 0.9523 0.2797
vn 0.3941 0.7833 0.4807
vn 0.369 0.8054 0.4639
vn 0.5878 0.6109 0.5304
vn 0.5838 0.6321 0.5095
vn 0.7322 0.4114 0.5427
vn 0.7447 0.422 0.517
vn 0.09638 0.9199 0.3802
vn -0.1507 0.9453 0.2892
vn 0.08652 0.9222 0.3769
vn -0.1613 0.9425 0.2926
vn 0.3526 0.8191 0.4525
vn 0.3457 0.8266 0.444
vn 0.5819 0.6472 0.4924
vn 0.5817 0.6561 0.4807
vn 0.7562 0.4284 0.4945
vn 0.7645 0.4303 0.4798
vn 0.08756 0.9262 0.3666
vn -0.1593 0.9453 0.2845
vn 0.0947 0.9334 0.3461
vn -0.1497 0.953 0.2633
vn 0.3456 0.8328 0.4324
vn 0.349 0.8408 0.4137
vn 0.5832 0.6631 0.4692
vn 0.586 0.6713 0.4538
vn 0.7711 0.4312 0.4684
vn 0.7773 0.4331 0.4563
vn 0.8797 0.1759 0.4418
vn 0.8892 0.1623 0.4277
vn 0.8971 0.1504 0.4155
vn 0.9292 -0.1083 0.3534
vn 0.9315 -0.1314 0.3392
vn 0.9244 -0.08264 0.3723
vn 0.8488 0.1951 0.4914
vn 0.8667 0.1885 0.4617
vn 0.915 -0.05884 0.3991
vn 0.8985 -0.04471 0.4366
vn 0.9025 -0.3271 0.2802
vn 0.8991 -0.3526 0.2593
vn 0.8937 -0.3755 0.2455
vn 0.8142 -0.5586 0.1584
vn 0.8059 -0.573 0.1487
vn 0.8208 -0.5434 0.1763
vn 0.8881 -0.2931 0.354
vn 0.9003 -0.3044 0.3111
vn 0.8214 -0.5319 0.2057
vn 0.8101 -0.531 0.2486
vn 0.6956 -0.7145 0.07486
vn 0.6925 -0.7186 0.06244
vn 0.6872 -0.7241 0.05795
vn 0.5271 -0.849 -0.03525
vn 0.5272 -0.8489 -0.03613
vn 0.5232 -0.8517 -0.02805
vn 0.6755 -0.7244 0.1374
vn 0.6921 -0.7149 0.09891
vn 0.5116 -0.8591 -0.01028
vn 0.4879 -0.8726 0.02194
vn 0.2341 -0.9664 -0.1059
vn 0.2576 -0.9573 -0.1314
vn 0.2736 -0.951 -0.1442
vn -0.06769 -0.9644 -0.2554
vn -0.05475 -0.9629 -0.2641
vn -0.08686 -0.9665 -0.2415
vn 0.2821 -0.9477 -0.1491
vn 0.285 -0.9467 -0.1502
vn -0.04859 -0.9617 -0.2698
vn -0.04852 -0.9603 -0.2745
vn -0.3698 -0.8609 -0.3495
vn -0.3672 -0.8595 -0.3554
vn -0.3689 -0.8556 -0.363
vn -0.5716 -0.7215 -0.3908
vn -0.5717 -0.7165 -0.3997
vn -0.5726 -0.7236 -0.3853
vn -0.3932 -0.8528 -0.3437
vn -0.3777 -0.8592 -0.3451
vn -0.5746 -0.7228 -0.3838
vn -0.5785 -0.7176 -0.3879
vn -0.6988 -0.596 -0.3955
vn -0.6983 -0.5932 -0.4004
vn -0.6965 -0.5888 -0.4102
vn -0.7977 -0.4549 -0.3959
vn -0.7935 -0.4526 -0.4068
vn -0.7995 -0.4555 -0.3915
vn -0.6899 -0.5996 -0.4057
vn -0.6965 -0.5978 -0.3968
vn -0.7979 -0.4544 -0.3959
vn -0.7918 -0.4513 -0.4115
vn -0.8718 -0.2834 -0.3995
vn -0.8768 -0.2959 -0.379
vn -0.8765 -0.3043 -0.3729
vn -0.9298 -0.1264 -0.3456
vn -0.9307 -0.1397 -0.3381
vn -0.9204 -0.1178 -0.3728
vn -0.8724 -0.3098 -0.378
vn -0.8655 -0.3128 -0.3912
vn -0.9259 -0.153 -0.3453
vn -0.9175 -0.1635 -0.3625
vn -0.9588 0.0903 -0.2694
vn -0.9574 0.07144 -0.2796
vn -0.9514 0.05499 -0.3031
vn -0.9132 0.3742 -0.1609
vn -0.9126 0.3622 -0.1895
vn -0.9089 0.3889 -0.1501
vn -0.9417 0.107 -0.319
vn -0.9542 0.1056 -0.28
vn -0.9007 0.4017 -0.1654
vn -0.8889 0.4044 -0.2148
vn -0.7605 0.6492 -0.01172
vn -0.7636 0.6453 -0.01895
vn -0.7622 0.6457 -0.04602
vn -0.5685 0.8162 0.1029
vn -0.5618 0.8234 0.07926
vn -0.569 0.8151 0.1081
vn -0.7413 0.6663 -0.081
vn -0.7533 0.6569 -0.03079
vn -0.5615 0.8224 0.09165
vn -0.5419 0.8387 0.05313
vn -0.3349 0.9264 0.1721
vn -0.3628 0.9112 0.195
vn -0.3732 0.9048 0.2049
vn -0.3717 0.9068 0.1986
vn -0.3626 0.915 0.1765
vn -0.7573 0.6479 -0.08191
vn -0.9082 0.3531 -0.2245
vn -0.7503 0.6507 -0.1167
vn -0.9019 0.3479 -0.2558
vn -0.552 0.8325 0.04666
vn -0.5415 0.8405 0.01373
vn -0.3501 0.9251 0.1467
vn -0.3377 0.934 0.1165
vn -0.1376 0.9621 0.2355
vn -0.1266 0.97 0.2075
vn 0.1027 0.9416 0.3206
vn 0.1083 0.9493 0.2952
vn 0.3517 0.8501 0.3918
vn 0.351 0.8598 0.3708
vn -0.3255 0.9413 0.08905
vn -0.5311 0.8472 -0.01444
vn -0.3146 0.9467 0.0687
vn -0.5231 0.8516 -0.03281
vn -0.1159 0.9766 0.1811
vn -0.1049 0.9816 0.1594
vn 0.1133 0.9561 0.2701
vn 0.1203 0.9614 0.2473
vn 0.3491 0.8695 0.3493
vn 0.3498 0.8777 0.3274
vn 0.5859 0.6907 0.4237
vn 0.583 0.7016 0.4097
vn 0.5818 0.7116 0.3938
vn 0.787 0.4398 0.4326
vn 0.789 0.4417 0.427
vn 0.7853 0.4375 0.4379
vn 0.5875 0.6806 0.4377
vn 0.7824 0.4353 0.4453
vn 0.1315 0.9655 0.2248
vn -0.09183 0.986 0.139
vn 0.1465 0.9691 0.1986
vn -0.07669 0.9905 0.1138
vn 0.356 0.8836 0.304
vn 0.3674 0.8878 0.2769
vn 0.5849 0.7196 0.3742
vn 0.5929 0.7257 0.3489
vn 0.7934 0.4435 0.4169
vn 0.801 0.4463 0.3989
vn 0.1593 0.9717 0.1743
vn -0.06528 0.9939 0.0885
vn 0.1653 0.9732 0.1598
vn -0.0629 0.9955 0.0701
vn 0.3796 0.89 0.2523
vn 0.3896 0.8896 0.2381
vn 0.6031 0.729 0.3238
vn 0.6136 0.7281 0.3055
vn 0.8099 0.4495 0.3768
vn 0.8176 0.4535 0.3547
vn 0.6272 0.7214 0.2936
vn 0.4007 0.8854 0.2354
vn 0.649 0.7046 0.287
vn 0.4218 0.8735 0.2431
vn 0.8234 0.4597 0.3327
vn 0.827 0.4672 0.3127
vn 0.1659 0.9734 0.1578
vn -0.07028 0.9956 0.06156
vn 0.1687 0.9712 0.1683
vn -0.0835 0.9944 0.06488
vn 0.1887 0.9663 0.1752
vn -0.08927 0.9934 0.07117
vn 0.23 0.9603 0.1577
vn -0.07627 0.9948 0.06769
vn 0.4604 0.8532 0.2452
vn 0.5057 0.8337 0.2218
vn 0.6788 0.6796 0.2781
vn 0.7035 0.6624 0.2575
vn 0.8292 0.4753 0.294
vn 0.8309 0.4835 0.2752
vn 0.9279 0.08878 0.3621
vn 0.9325 0.1149 0.3423
vn 0.931 0.1626 0.3268
vn 0.9231 -0.2129 0.3201
vn 0.9337 -0.152 0.3243
vn 0.9133 -0.2428 0.3268
vn 0.9233 0.2254 0.3108
vn 0.9169 0.278 0.2863
vn 0.9439 -0.06223 0.3243
vn 0.9545 0.02936 0.2967
vn 0.8575 -0.4132 0.3065
vn 0.8825 -0.3412 0.3235
vn 0.9191 -0.2521 0.3027
vn 0.7574 -0.5815 0.2967
vn 0.7965 -0.5333 0.2848
vn 0.7394 -0.616 0.2717
vn 0.8342 -0.477 0.2769
vn 0.8431 -0.4569 0.2836
vn 0.7342 -0.6351 0.2399
vn 0.732 -0.6431 0.2246
vn 0.6095 -0.7596 0.2268
vn 0.6128 -0.7491 0.2516
vn 0.632 -0.7376 0.2376
vn 0.4417 -0.8785 0.182
vn 0.4301 -0.892 0.139
vn 0.4518 -0.8761 0.168
vn 0.618 -0.767 0.1723
vn 0.6143 -0.7653 0.1921
vn 0.4625 -0.8766 0.1329
vn 0.4693 -0.876 0.1108
vn 0.2048 -0.9763 0.06912
vn 0.1727 -0.9831 0.05972
vn 0.1284 -0.9916 -0.01602
vn -0.2002 -0.9742 -0.1036
vn -0.2436 -0.9565 -0.1607
vn -0.1493 -0.9856 -0.07932
vn 0.2377 -0.971 0.02371
vn 0.2269 -0.9729 0.04361
vn -0.1103 -0.9906 -0.0802
vn -0.09391 -0.9915 -0.09009
vn -0.4676 -0.8571 -0.2161
vn -0.5141 -0.8231 -0.2412
vn -0.5439 -0.8024 -0.2453
vn -0.656 -0.6879 -0.3106
vn -0.6756 -0.6827 -0.2781
vn -0.6353 -0.7161 -0.2892
vn -0.419 -0.8874 -0.1919
vn -0.4331 -0.8803 -0.1935
vn -0.6248 -0.7376 -0.256
vn -0.6207 -0.7435 -0.2487
vn -0.7308 -0.6023 -0.3212
vn -0.7298 -0.5931 -0.34
vn -0.7421 -0.6023 -0.2941
vn -0.812 -0.4625 -0.3559
vn -0.8273 -0.4707 -0.3064
vn -0.8168 -0.4668 -0.3388
vn -0.7398 -0.6127 -0.2781
vn -0.7376 -0.6116 -0.2861
vn -0.8265 -0.4733 -0.3047
vn -0.8285 -0.4744 -0.2973
vn -0.8892 -0.3371 -0.3091
vn -0.888 -0.3335 -0.3164
vn -0.8785 -0.3263 -0.3489
vn -0.927 -0.1908 -0.3229
vn -0.9167 -0.1911 -0.3509
vn -0.9287 -0.1948 -0.3155
vn -0.8741 -0.3232 -0.3625
vn -0.893 -0.3265 -0.3098
vn -0.9109 -0.2038 -0.3586
vn -0.9276 -0.2155 -0.3051
vn -0.9394 0.02423 -0.3421
vn -0.9397 0.003021 -0.342
vn -0.9566 -0.009613 -0.2911
vn -0.8899 0.3463 -0.2968
vn -0.9037 0.3493 -0.2477
vn -0.8831 0.356 -0.3055
vn -0.9492 0.02176 -0.3137
vn -0.9464 0.02835 -0.3218
vn -0.8873 0.3562 -0.2927
vn -0.8942 0.3478 -0.2818
vn -0.7197 0.6629 -0.2065
vn -0.7125 0.6655 -0.2221
vn -0.7115 0.6635 -0.2311
vn -0.4937 0.8598 -0.1305
vn -0.5009 0.8544 -0.1382
vn -0.494 0.8621 -0.1124
vn -0.7193 0.6596 -0.2178
vn -0.7267 0.6644 -0.1746
vn -0.513 0.849 -0.1269
vn -0.5211 0.8481 -0.09574
vn -0.2788 0.9601 -0.02103
vn -0.2853 0.9577 -0.03647
vn -0.3 0.9531 -0.04074
vn -0.3151 0.9485 -0.0333
vn -0.3203 0.9471 -0.01856
vn -0.3117 0.9501 -0.007172
vn -0.5178 0.8528 -0.06751
vn -0.2919 0.9562 -0.01843
vn -0.5024 0.8615 -0.07321
vn -0.05045 0.997 0.05857
vn -0.02252 0.9988 0.04355
vn -0.7218 0.6793 -0.1324
vn -0.9044 0.3804 -0.1932
vn -0.7049 0.697 -0.1315
vn -0.891 0.4148 -0.1843
vn 0.2713 0.9535 0.1312
vn 0.2962 0.9481 0.1155
vn 0.5315 0.8256 0.1891
vn 0.531 0.8293 0.1737
vn 0.3305 0.9417 0.06207
vn 0.01981 0.9995 -0.02176
vn 0.4098 0.908 -0.08649
vn 0.1015 0.9825 -0.1563
vn 0.5398 0.8305 0.1371
vn 0.5946 0.8039 0.01041
vn -0.2586 0.9625 -0.08228
vn -0.473 0.8696 -0.1411
vn -0.2022 0.9621 -0.183
vn -0.4333 0.8656 -0.251
vn 0.7065 0.6676 0.2349
vn 0.6897 0.6881 0.2253
vn 0.8311 0.4904 0.2621
vn 0.8281 0.4961 0.261
vn 0.6828 0.7029 0.199
vn 0.7133 0.6939 0.09821
vn 0.8291 0.5022 0.2455
vn 0.8473 0.5047 0.1652
vn 0.7574 0.6458 -0.09607
vn 0.6642 0.7208 -0.1981
vn 0.7648 0.5331 -0.3618
vn 0.7037 0.5694 -0.425
vn 0.8676 0.497 -0.01215
vn 0.8372 0.4554 -0.3026
vn 0.5109 0.8109 -0.2853
vn 0.2255 0.9238 -0.3093
vn 0.6052 0.6487 -0.4614
vn 0.3925 0.806 -0.443
vn 0.6968 0.3258 -0.639
vn 0.6968 0.3334 -0.635
vn 0.4213 -0.1092 -0.9003
vn 0.5145 -0.1635 -0.8418
vn 0.6863 0.3421 -0.6418
vn 0.272 0.07492 -0.9594
vn 0.6754 0.4089 -0.6137
vn 0.5793 0.5833 -0.5693
vn 0.5919 -0.1302 -0.7954
vn 0.657 -0.04648 -0.7524
vn -0.7388 -0.4629 -0.4898
vn -0.5145 -0.7482 -0.4189
vn -0.1834 -0.6404 -0.7458
vn -0.4451 -0.3272 -0.8336
vn -0.02072 -0.7324 -0.6805
vn -0.3618 -0.8549 -0.3717
vn -0.2417 -0.9076 -0.3433
vn 0.104 -0.7668 -0.6334
vn 0.2569 -0.7828 -0.5667
vn -0.0556 -0.9528 -0.2983
vn -0.1282 -0.1596 -0.9788
vn 0.04984 -0.5576 -0.8286
vn -0.4191 -0.6991 -0.5792
vn -0.5917 -0.3997 -0.7
vn -0.2851 -0.8552 -0.4329
vn -0.02536 -0.7837 -0.6206
vn 0.1666 -0.7739 -0.6109
vn -0.1787 -0.9062 -0.3833
vn -0.01825 -0.9426 -0.3335
vn 0.149 -0.8497 -0.5058
vn 0.635 -0.6713 -0.3821
vn 0.5112 -0.7385 -0.4396
vn 0.3436 -0.513 -0.7866
vn 0.6111 -0.5771 -0.5418
vn 0.6663 -0.4104 -0.6225
vn 0.4494 -0.2484 -0.8581
vn 0.2509 0.07364 -0.9652
vn 0.1114 -0.01172 -0.9937
vn 0.3164 -0.7979 -0.513
vn 0.4228 -0.8142 -0.3978
vn 0.1947 -0.9414 -0.2755
vn 0.1696 -0.9529 -0.2514
vn 0.4085 -0.8873 -0.2138
vn 0.4124 -0.892 -0.185
vn 0.6036 -0.7844 -0.1423
vn 0.6285 -0.7736 -0.08039
vn 0.7858 -0.6124 -0.08606
vn 0.8227 -0.5673 0.03616
vn 0.5418 -0.7379 -0.4024
vn 0.4851 -0.723 -0.4918
vn 0.159 -0.3002 -0.9405
vn 0.3821 0.07498 -0.921
vn 0.6317 -0.7163 -0.2963
vn 0.1711 -0.6356 -0.7528
vn 0.406 -0.7497 -0.5226
vn 0.6119 0.08432 -0.7864
vn 0.905 -0.41 -0.1131
vn 0.9529 -0.2864 0.09973
vn 0.9371 -0.2134 -0.2762
vn 0.9952 -0.05954 0.07752
vn 0.77 -0.6003 -0.2159
vn 0.2416 -0.7595 -0.6039
vn 0.9262 -0.3245 -0.1921
vn 0.391 -0.6719 -0.629
vn 0.9798 0.2 -0.005127
vn 0.9833 0.08792 -0.159
vn 0.6944 -0.2275 -0.6826
vn 0.8681 0.4762 -0.14
vn 0.7085 0.3678 -0.6023
vn 0.8738 0.4825 -0.06046
vn 0.8456 0.07828 -0.5281
vn 0.7094 0.3539 -0.6095
vn 0.6888 0.7242 -0.03229
vn 0.6359 0.7624 -0.1193
vn 0.3798 0.745 -0.5484
vn 0.3607 0.9233 -0.1316
vn -0.01437 0.8671 -0.4979
vn 0.4753 0.8796 0.017
vn 0.06983 0.4546 -0.8879
vn 0.5322 0.6308 -0.5646
vn 0.3097 0.8873 -0.3417
vn 0.01895 0.7493 -0.6619
vn 0.303 0.953 0.0003662
vn 0.1505 0.9762 -0.1559
vn -0.1519 0.8649 -0.4784
vn 0.03928 0.9651 -0.259
vn -0.1295 0.6649 -0.7356
vn 0.1189 0.9893 -0.08383
vn -0.108 0.7878 -0.6064
vn 0.1494 0.9626 -0.2259
vn 0.02567 0.9697 -0.243
vn -0.1033 0.8555 -0.5074
vn -0.158 0.7982 -0.5813
vn -0.1111 0.9402 -0.322
vn -0.06888 0.9727 -0.2217
vn -0.3175 0.8433 -0.4336
vn -0.3107 0.8717 -0.379
vn -0.2521 0.7738 -0.5811
vn -0.03818 0.8858 -0.4624
vn 0.06439 0.2477 -0.9666
vn -0.09766 0.7663 -0.635
vn 0.3956 0.09775 -0.9132
vn -0.5706 0.6544 -0.4961
vn -0.2654 0.6714 -0.6919
vn 0.4784 0.3163 -0.8192
vn -0.455 0.4872 -0.7454
vn 0.282 0.4443 -0.8503
vn -0.741 0.3819 -0.5522
vn -0.3392 0.617 -0.7101
vn -0.5487 0.6404 -0.5374
vn -0.7036 0.393 -0.592
vn -0.5061 0.4511 -0.7351
vn -0.4423 0.4111 -0.7971
vn -0.7747 0.1982 -0.6004
vn -0.8191 0.1394 -0.5564
vn -0.7983 0.09357 -0.595
vn -0.847 0.01447 -0.5313
vn -0.5634 0.2596 -0.7843
vn -0.5382 0.2789 -0.7953
vn 0.1463 0.3925 -0.908
vn -0.5653 0.1551 -0.8101
vn 0.105 0.335 -0.9363
vn -0.3448 0.2014 -0.9168
vn -0.7447 -0.09003 -0.6612
vn -0.8478 -0.1342 -0.513
vn -0.5683 0.0221 -0.8225
vn 0.1355 0.2581 -0.9565
vn 0.9143 0.2679 -0.3038
vn 0.9521 0.1202 -0.2813
vn 0.7106 0.295 -0.6388
vn 0.6539 0.3488 -0.6714
vn 0.8297 0.1263 -0.5437
vn 0.9652 -0.1573 -0.2089
vn 0.8878 0.3537 -0.2944
vn 0.6585 0.3546 -0.6638
vn 0.9733 0.1294 0.1897
vn 0.9782 -0.0875 0.1882
vn 0.9999 -0.01288 0.006378
vn 0.9833 0.1817 0.008454
vn 0.9449 -0.3261 0.02988
vn 0.8923 -0.4124 0.1834
vn 0.9379 0.29 0.1903
vn 0.9476 0.319 0.01633
vn 0.9607 0.1031 0.2579
vn 0.9528 -0.1391 0.2697
vn 0.9541 -0.1217 0.2737
vn 0.9594 0.1068 0.261
vn 0.8536 -0.4467 0.2679
vn 0.8466 -0.4602 0.2675
vn 0.9212 0.2872 0.2625
vn 0.9249 0.2795 0.2578
vn 0.9179 0.2964 0.2637
vn 0.9615 0.08695 0.2604
vn 0.9472 -0.1773 0.2672
vn 0.8342 -0.4867 0.259
vn 0.6503 -0.7322 0.2025
vn 0.6475 -0.7386 0.1875
vn 0.6797 -0.7246 0.1136
vn 0.341 -0.9399 -0.01532
vn 0.3569 -0.9262 -0.1211
vn 0.3679 -0.9292 0.03619
vn 0.651 -0.7301 0.2076
vn 0.4056 -0.911 0.0745
vn 0.02145 -0.9879 -0.1535
vn 0.0007324 -0.9729 -0.2312
vn 0.02008 -0.9095 -0.4153
vn -0.2809 -0.8953 -0.3458
vn -0.3203 -0.6916 -0.6474
vn -0.2703 -0.9324 -0.2397
vn 0.07254 -0.9918 -0.1048
vn -0.2682 -0.939 -0.2153
vn -0.4993 -0.8336 -0.2362
vn -0.5351 -0.7578 -0.3734
vn -0.6124 -0.3875 -0.6891
vn -0.6607 -0.6597 -0.3581
vn -0.6651 -0.2545 -0.702
vn -0.6489 -0.7317 -0.2087
vn -0.5338 -0.8122 -0.2353
vn -0.6713 -0.7063 -0.2246
vn -0.7474 -0.6335 -0.2001
vn -0.7323 -0.5757 -0.3637
vn -0.5845 -0.2685 -0.7656
vn -0.8067 -0.4547 -0.3774
vn -0.5334 -0.2895 -0.7948
vn -0.8509 -0.4832 -0.2059
vn -0.7501 -0.6225 -0.2232
vn -0.8457 -0.4812 -0.2304
vn -0.9167 -0.3248 -0.2327
vn -0.9249 -0.3191 -0.2066
vn -0.9508 -0.2041 -0.233
vn -0.9607 -0.1824 -0.2092
vn -0.8686 -0.3328 -0.367
vn -0.5376 -0.3471 -0.7684
vn -0.9051 -0.2337 -0.3551
vn -0.5767 -0.4282 -0.6957
vn -0.976 0.05496 -0.2109
vn -0.9356 -0.01553 -0.3526
vn -0.6954 -0.2656 -0.6677
vn -0.8661 0.389 -0.3138
vn -0.7471 0.2055 -0.6321
vn -0.9735 0.01697 -0.2279
vn -0.6736 0.7051 -0.2214
vn -0.6218 0.6619 -0.4185
vn -0.2941 -0.5338 -0.7928
vn -0.09409 -0.5623 -0.8215
vn -0.1144 -0.6565 -0.7456
vn 0.0578 -0.6104 -0.79
vn -0.5251 -0.06598 -0.8484
vn -0.3496 -0.2991 -0.8878
vn -0.5619 0.5234 -0.6405
vn -0.4755 0.3203 -0.8193
vn -0.3912 0.8413 -0.3731
vn -0.3072 0.7773 -0.549
vn -0.04337 -0.7118 -0.701
vn 0.1094 -0.6589 -0.7442
vn -0.192 -0.4612 -0.8662
vn -0.2916 0.09186 -0.9521
vn -0.09375 0.6117 -0.7855
vn 0.05203 0.9099 -0.4115
vn 0.2962 0.7627 -0.575
vn -0.1074 0.9516 -0.2879
vn -0.02524 -0.2929 -0.9558
vn -0.08063 -0.01831 -0.9966
vn 0.2035 -0.2804 -0.938
vn 0.198 0.1381 -0.9704
vn 0.3542 -0.3009 -0.8854
vn 0.4301 0.2402 -0.8702
vn -0.3712 0.5575 -0.7425
vn -0.06104 0.4336 -0.899
vn 0.1191 0.5966 -0.7936
vn -0.2489 0.6999 -0.6695
vn -0.2691 0.1853 -0.9451
vn -0.5072 0.3082 -0.8048
vn -0.5541 0.1209 -0.8236
vn -0.3234 -0.3359 -0.8846
vn -0.4588 0.4591 -0.7607
vn -0.3066 -0.004608 -0.9518
vn -0.3552 0.6593 -0.6626
vn -0.2638 0.2744 -0.9247
vn 0.4448 -0.794 -0.4143
vn 0.01523 -0.6203 -0.7842
vn 0.009735 -0.3411 -0.9399
vn 0.4959 -0.5707 -0.6544
vn 0.03348 -0.7852 -0.6183
vn 0.3949 -0.8839 -0.2504
vn 0.8241 -0.5321 -0.1941
vn 0.8386 -0.2484 -0.4847
vn 0.7449 -0.6672 -0.003937
vn -0.1395 0.4781 -0.8671
vn -0.5072 0.8592 -0.06714
vn -0.2909 0.9564 0.02692
vn -0.2812 0.9596 0.001099
vn -0.4991 0.8618 -0.09027
vn -0.8991 0.3403 -0.2752
vn -0.7326 0.6575 -0.1758
vn -0.727 0.6597 -0.1905
vn -0.8984 0.3414 -0.2763
vn -0.8954 0.3449 -0.2814
vn -0.7387 0.6554 -0.1574
vn -0.7365 0.656 -0.1648
vn -0.8977 0.3421 -0.2777
vn -0.516 0.8553 -0.04733
vn -0.3035 0.9514 0.05057
vn -0.9035 -0.1803 -0.3887
vn -0.9329 0.02899 -0.359
vn -0.9384 0.02423 -0.3447
vn -0.9112 -0.1853 -0.3679
vn -0.9439 0.01938 -0.3295
vn -0.9189 -0.1912 -0.3449
vn -0.948 0.01755 -0.3178
vn -0.9252 -0.1953 -0.3254
vn -0.8168 -0.4667 -0.3391
vn -0.8779 -0.3311 -0.346
vn -0.8852 -0.3357 -0.3221
vn -0.8248 -0.4716 -0.3119
vn -0.7956 -0.4546 -0.4004
vn -0.8593 -0.3202 -0.3987
vn -0.8686 -0.3254 -0.3736
vn -0.8063 -0.4607 -0.371
vn -0.7861 -0.4488 -0.4249
vn -0.853 -0.3159 -0.4154
vn -0.8531 -0.3171 -0.4143
vn -0.788 -0.4501 -0.4201
vn -0.8991 -0.1777 -0.4
vn -0.9011 -0.1758 -0.3964
vn -0.9351 0.03467 -0.3527
vn -0.9309 0.03174 -0.3638
vn -0.8964 0.3464 -0.2766
vn -0.9429 0.04227 -0.3304
vn -0.9081 -0.1713 -0.382
vn -0.858 -0.3147 -0.4059
vn -0.7888 -0.4501 -0.4186
vn -0.5773 -0.7054 -0.4112
vn -0.695 -0.5805 -0.4243
vn -0.6986 -0.5817 -0.4166
vn -0.5829 -0.7064 -0.4015
vn -0.7072 -0.5878 -0.3928
vn -0.592 -0.7137 -0.3744
vn -0.6948 -0.5837 -0.4201
vn -0.5737 -0.7101 -0.4082
vn -0.3741 -0.8504 -0.3699
vn -0.05283 -0.9592 -0.2776
vn -0.381 -0.8466 -0.3715
vn -0.05927 -0.9593 -0.276
vn -0.3887 -0.8481 -0.36
vn -0.06644 -0.9628 -0.2619
vn -0.3975 -0.8563 -0.3297
vn -0.07428 -0.9703 -0.2301
vn -0.4056 -0.8674 -0.2881
vn -0.08115 -0.9788 -0.188
vn -0.4116 -0.8778 -0.2449
vn -0.08609 -0.9857 -0.145
vn -0.6024 -0.7238 -0.3365
vn -0.6115 -0.7333 -0.297
vn -0.7184 -0.5958 -0.359
vn -0.7292 -0.6031 -0.3232
vn -0.4153 -0.8852 -0.2098
vn -0.08951 -0.9899 -0.11
vn -0.6177 -0.7405 -0.2646
vn -0.7369 -0.6091 -0.2933
vn 0.4852 -0.8714 0.07266
vn 0.2503 -0.9678 -0.0246
vn 0.2432 -0.9699 0.004578
vn 0.4754 -0.8746 0.0947
vn 0.5087 -0.8607 0.01724
vn 0.2681 -0.9585 -0.09647
vn 0.259 -0.964 -0.06046
vn 0.4971 -0.8665 0.04563
vn 0.7447 -0.6336 0.2094
vn 0.6339 -0.7597 0.1448
vn 0.6234 -0.7652 0.1603
vn 0.735 -0.642 0.2181
vn 0.7723 -0.6095 0.1786
vn 0.6602 -0.744 0.1024
vn 0.6471 -0.752 0.125
vn 0.7583 -0.6216 0.1963
vn 0.9195 -0.2017 0.3375
vn 0.863 -0.4344 0.2578
vn 0.8503 -0.4516 0.2703
vn 0.9124 -0.2213 0.3442
vn 0.8393 -0.468 0.2766
vn 0.9082 -0.2386 0.3437
vn 0.8329 -0.4787 0.2778
vn 0.9081 -0.2485 0.337
vn 0.9145 0.08377 0.3957
vn 0.9211 0.08066 0.3809
vn 0.9086 0.1052 0.4042
vn 0.91 0.09278 0.404
vn 0.9067 0.1287 0.4015
vn 0.9084 0.1175 0.4013
vn 0.9262 -0.1838 0.329
vn 0.9303 -0.1679 0.3261
vn 0.8816 -0.4081 0.2373
vn 0.8739 -0.4201 0.2443
vn 0.7835 -0.6002 0.1607
vn 0.7913 -0.5929 0.1493
vn 0.8877 -0.394 0.2381
vn 0.9319 -0.1511 0.3298
vn 0.7981 -0.5845 0.1458
vn 0.903 0.1394 0.4063
vn 0.6765 -0.7334 0.06635
vn 0.6702 -0.7378 0.0809
vn 0.5174 -0.8556 -0.007843
vn 0.5225 -0.8523 -0.02417
vn 0.6817 -0.7292 0.05942
vn 0.5254 -0.8502 -0.03241
vn 0.281 -0.9491 -0.142
vn 0.2759 -0.9529 -0.1258
vn 0.2841 -0.9472 -0.1482
vn -0.7429 0.6537 -0.1438
vn -0.83 0.4157 -0.3719
vn -0.6731 0.7108 -0.2041
vn -0.7197 0.6784 -0.1473
vn -0.8701 0.3989 -0.2894
vn -0.5079 0.8613 0.009156
vn -0.4543 0.8906 -0.01904
vn -0.231 0.9619 0.1465
vn -0.2897 0.9451 0.1512
vn -0.3327 0.943 -0.006317
vn -0.1121 0.9782 0.1746
vn -0.1662 0.9736 0.1563
vn -0.3855 0.9224 -0.02435
vn -0.7317 0.5232 -0.4367
vn -0.5482 0.8089 -0.2124
vn -0.6002 0.766 -0.2301
vn -0.7672 0.4729 -0.4334
vn -0.2155 0.9762 -0.02387
vn -0.02188 0.9856 0.1677
vn -0.06681 0.9809 0.1827
vn -0.2844 0.9587 0.001068
vn -0.6052 0.6309 -0.4855
vn -0.4055 0.8834 -0.235
vn -0.5003 0.8419 -0.2023
vn -0.7034 0.5606 -0.4369
vn -0.7801 -0.09973 -0.6176
vn -0.7996 0.1329 -0.5856
vn -0.8238 0.1105 -0.556
vn -0.8076 -0.1011 -0.581
vn -0.8777 0.08649 -0.4714
vn -0.86 -0.1126 -0.4977
vn -0.7024 -0.04279 -0.7104
vn -0.7156 0.2101 -0.6661
vn -0.7866 0.1448 -0.6001
vn -0.7641 -0.09879 -0.6375
vn -0.6701 -0.4345 -0.6017
vn -0.7524 -0.2255 -0.6189
vn -0.7814 -0.2294 -0.5803
vn -0.7047 -0.4335 -0.5617
vn -0.8279 -0.2476 -0.5032
vn -0.7491 -0.4399 -0.4953
vn -0.5668 -0.4271 -0.7045
vn -0.668 -0.1846 -0.7209
vn -0.731 -0.2259 -0.6438
vn -0.6354 -0.4428 -0.6326
vn -0.8585 -0.2668 -0.4379
vn -0.7783 -0.4462 -0.4417
vn -0.8993 -0.1159 -0.4216
vn -0.9187 0.09253 -0.384
vn -0.5674 -0.6998 -0.4339
vn -0.645 -0.6065 -0.4648
vn -0.6754 -0.6021 -0.4256
vn -0.5807 -0.7076 -0.4024
vn -0.4877 -0.7183 -0.4961
vn -0.5533 -0.6276 -0.5477
vn -0.5985 -0.6139 -0.5147
vn -0.5321 -0.7027 -0.4722
vn -0.1245 -0.9677 -0.2194
vn -0.4186 -0.8301 -0.3682
vn -0.4123 -0.841 -0.3503
vn -0.108 -0.9678 -0.2271
vn -0.117 -0.9643 -0.2373
vn -0.3702 -0.834 -0.4091
vn -0.403 -0.8278 -0.3903
vn -0.1321 -0.9661 -0.2217
vn 0.09793 -0.9375 -0.3339
vn -0.1742 -0.834 -0.5235
vn -0.3008 -0.8425 -0.447
vn -0.04453 -0.9599 -0.2766
vn -0.4253 -0.7339 -0.5296
vn -0.3269 -0.7275 -0.6032
vn -0.4189 -0.6362 -0.6478
vn -0.5003 -0.6426 -0.5803
vn -0.2416 -0.6975 -0.6746
vn -0.363 -0.5933 -0.7184
vn -0.354 -0.6062 -0.7121
vn -0.2415 -0.7024 -0.6696
vn -0.5053 -0.3775 -0.776
vn -0.5138 -0.3544 -0.7813
vn 0.2965 -0.89 -0.3464
vn -0.03128 -0.8099 -0.5857
vn -0.05524 -0.8094 -0.5846
vn 0.2376 -0.9009 -0.3632
vn 0.3283 -0.9 -0.2865
vn -0.0444 -0.8312 -0.5541
vn -0.05747 -0.8282 -0.5574
vn 0.3094 -0.8985 -0.3112
vn -0.2899 -0.7095 -0.6424
vn -0.2896 -0.7084 -0.6436
vn -0.4175 -0.609 -0.6744
vn -0.4125 -0.6047 -0.6812
vn -0.5709 -0.3838 -0.7258
vn -0.5851 -0.4106 -0.6993
vn 0.2297 -0.9402 -0.2516
vn -0.03555 -0.8284 -0.559
vn -0.01904 -0.8274 -0.5613
vn 0.3089 -0.9128 -0.2672
vn -0.2479 -0.6953 -0.6746
vn -0.2157 -0.6822 -0.6986
vn -0.3121 -0.5701 -0.7599
vn -0.3719 -0.5943 -0.7131
vn -0.5392 -0.3851 -0.749
vn -0.4551 -0.3229 -0.8298
vn 0.14 -0.9514 -0.2742
vn -0.03714 -0.8043 -0.593
vn -0.05353 -0.8191 -0.571
vn 0.1574 -0.9536 -0.2567
vn -0.1844 -0.667 -0.7218
vn -0.1519 -0.6541 -0.741
vn -0.2178 -0.5282 -0.8206
vn -0.2547 -0.5415 -0.8012
vn -0.3678 -0.2455 -0.8969
vn -0.324 -0.2213 -0.9198
vn 0.06317 -0.9406 -0.3335
vn -0.06821 -0.7823 -0.6191
vn -0.0318 -0.7934 -0.6079
vn 0.1216 -0.9477 -0.295
vn -0.1363 -0.6482 -0.7491
vn -0.1431 -0.6504 -0.746
vn -0.1901 -0.5462 -0.8157
vn -0.1997 -0.5336 -0.8218
vn -0.3095 -0.2533 -0.9165
vn -0.2977 -0.2903 -0.9094
vn -0.1804 -0.5684 -0.8027
vn -0.2894 -0.3162 -0.9034
vn -0.4258 -0.601 -0.6764
vn -0.4862 -0.4368 -0.7568
vn -0.1492 -0.6657 -0.7312
vn -0.422 -0.6529 -0.6289
vn -0.1091 -0.7691 -0.6297
vn -0.3881 -0.7086 -0.5892
vn -9.156e-05 -0.9161 -0.4008
vn -0.3318 -0.8108 -0.4821
vn 0.1704 -0.9853 -0.01187
vn 0.1352 -0.9852 -0.1052
vn -0.2702 -0.9051 -0.3282
vn 0.2065 -0.9532 0.2205
vn -0.2423 -0.9662 -0.08832
vn 0.1932 -0.9489 0.2494
vn 0.1156 -0.8796 0.4614
vn 0.1369 -0.8407 0.5239
vn -0.3383 -0.9314 0.1341
vn -0.02835 -0.7066 0.7071
vn -0.4854 -0.8405 0.2407
vn -0.03049 -0.7871 0.616
vn 0.2091 -0.9775 0.02606
vn 0.1993 -0.9492 0.2434
vn 0.2418 -0.9696 0.03586
vn 0.2479 -0.9397 0.2355
vn 0.1192 -0.9034 0.4118
vn -0.006958 -0.826 0.5637
vn 0.2055 -0.8926 0.4012
vn 0.1321 -0.8037 0.5801
vn 0.2939 -0.955 0.04056
vn 0.337 -0.912 0.2335
vn 0.3927 -0.9188 0.03854
vn 0.4509 -0.8637 0.2249
vn 0.3453 -0.8466 0.4048
vn 0.3346 -0.7294 0.5967
vn 0.4796 -0.7842 0.3937
vn 0.4999 -0.6456 0.5772
vn -0.3406 -0.5086 0.7907
vn -0.1988 -0.6554 0.7286
vn -0.1588 -0.6889 0.7072
vn -0.2998 -0.5166 0.8019
vn 0.02387 -0.6408 0.7673
vn -0.1007 -0.4309 0.8968
vn 0.2856 -0.5329 0.7965
vn 0.1955 -0.2871 0.9377
vn 0.4917 -0.429 0.7577
vn 0.437 -0.1675 0.8837
vn -0.2097 -0.2253 0.9514
vn 0.09665 -0.04904 0.9941
vn 0.3544 0.08658 0.931
vn -0.449 -0.3702 0.8132
vn -0.4108 -0.3481 0.8427
vn 0.5333 0.1767 0.8272
vn 0.6444 0.2325 0.7284
vn 0.5994 -0.08246 0.7962
vn 0.7001 -0.02542 0.7136
vn 0.6287 -0.3491 0.6948
vn 0.7135 -0.2973 0.6344
vn 0.6148 -0.5778 0.5368
vn 0.6803 -0.5423 0.493
vn 0.6972 0.2506 0.6716
vn 0.7106 0.2335 0.6637
vn 0.7476 -0.00763 0.6641
vn 0.7577 -0.02869 0.652
vn 0.7506 -0.2868 0.5952
vn 0.7525 -0.3143 0.5787
vn 0.6988 -0.547 0.4608
vn 0.6864 -0.5802 0.4383
vn 0.7182 0.2023 0.6657
vn 0.7435 0.1838 0.6429
vn 0.7627 -0.06156 0.6438
vn 0.7875 -0.07724 0.6114
vn 0.7503 -0.3506 0.5604
vn 0.7685 -0.368 0.5233
vn 0.6701 -0.6181 0.4109
vn 0.6704 -0.6405 0.3746
vn 0.7973 -0.3638 0.4816
vn 0.8185 -0.07398 0.5697
vn 0.8211 -0.3474 0.453
vn 0.8393 -0.0643 0.5399
vn 0.6868 -0.6414 0.342
vn 0.7118 -0.6233 0.3236
vn 0.7726 0.1816 0.6083
vn 0.7907 0.1848 0.5836
vn 0.8024 0.1876 0.5665
vn 0.8143 0.191 0.5481
vn 0.8522 -0.0556 0.5203
vn 0.8638 -0.04819 0.5014
vn 0.8381 -0.3276 0.4361
vn 0.8524 -0.3095 0.4215
vn 0.7391 -0.5942 0.3173
vn 0.764 -0.5649 0.3116
vn 0.8295 0.1946 0.5235
vn 0.879 -0.04294 0.4748
vn 0.8691 -0.2964 0.3959
vn 0.7881 -0.5428 0.2903
vn 0.6093 -0.7695 0.1914
vn 0.6458 -0.7431 0.1752
vn 0.453 -0.8897 0.05594
vn 0.41 -0.9092 0.0716
vn 0.5309 -0.8278 0.1811
vn 0.5683 -0.801 0.1879
vn 0.3622 -0.9297 0.06638
vn 0.3281 -0.9432 0.05145
vn 0.1747 -0.9829 -0.0571
vn 0.2062 -0.9755 -0.07602
vn 0.1288 -0.989 -0.07184
vn 0.1411 -0.9884 -0.05588
vn 0.395 -0.9179 0.03784
vn 0.2872 -0.9496 -0.1257
vn 0.1756 -0.9793 -0.1005
vn 0.3368 -0.9408 0.03858
vn 0.5257 -0.8265 0.2011
vn 0.5138 -0.8379 0.1838
vn 0.5283 -0.8433 0.09885
vn 0.48 -0.8733 -0.0835
vn 0.4071 -0.9054 -0.1204
vn 0.4705 -0.8803 0.05988
vn 0.5936 -0.7594 0.2662
vn 0.5575 -0.7971 0.232
vn 0.626 -0.7082 0.3263
vn 0.6219 -0.725 0.2959
vn 0.5656 -0.8133 0.1363
vn 0.5824 -0.7954 0.1679
vn 0.5275 -0.8495 -0.007477
vn 0.5135 -0.8571 -0.04077
vn 0.4918 -0.8704 0.02011
vn 0.5481 -0.8122 0.1997
vn 0.581 -0.7285 0.3629
vn -0.2017 -0.5714 0.7955
vn -0.6083 -0.744 0.2763
vn -0.328 -0.4557 0.8274
vn -0.6852 -0.6793 0.2625
vn -0.4181 -0.3558 0.8358
vn -0.7345 -0.6254 0.2632
vn -0.4047 0.05936 -0.9125
vn -0.4087 0.01444 -0.9125
vn -0.5852 -0.271 -0.7642
vn -0.4006 0.1227 -0.908
vn -0.4017 0.174 -0.8991
vn -0.4505 0.1432 -0.8812
vn -0.5707 0.00174 -0.8211
vn -0.4653 0.3476 -0.814
vn -0.6133 0.1782 -0.7695
vn -0.4664 0.4657 -0.7521
vn -0.6354 0.3025 -0.7104
vn -0.4583 0.622 -0.6348
vn -0.6202 0.5098 -0.5962
vn -0.6754 -0.1392 -0.7241
vn -0.7167 -0.2008 -0.6678
vn -0.7391 -0.01547 -0.6734
vn -0.7815 -0.1039 -0.6151
vn -0.787 0.1033 -0.6082
vn -0.8398 0.0286 -0.5421
vn -0.7875 0.3624 -0.4984
vn -0.8386 0.3438 -0.4226
vn -0.6854 -0.1552 -0.7114
vn -0.6078 -0.08979 -0.789
vn -0.742 -0.04404 -0.6689
vn -0.649 0.05441 -0.7588
vn -0.7848 0.1621 -0.5982
vn -0.6568 0.302 -0.6909
vn -0.7296 0.5218 -0.4419
vn -0.553 0.6683 -0.4975
vn -0.5971 -0.109 -0.7947
vn -0.6302 0.04569 -0.775
vn -0.6295 0.3031 -0.7154
vn -0.5071 0.6912 -0.5148
vn -0.3489 0.9007 -0.2587
vn -0.3238 0.9097 -0.26
vn -0.1595 0.986 -0.04865
vn -0.1543 0.9863 -0.05823
vn -0.6443 0.7119 -0.2793
vn -0.5095 0.8227 -0.2521
vn -0.2269 0.9716 -0.06726
vn -0.3328 0.9379 -0.09806
vn 0.02103 0.992 0.1246
vn 0.009827 0.9894 0.1446
vn -0.06528 0.993 0.09784
vn -0.0009156 0.9939 0.1105
vn -0.357 0.9098 -0.2115
vn -0.1871 0.981 0.05197
vn -0.1334 0.9881 0.07663
vn -0.3784 0.9127 -0.1541
vn -0.5214 0.7328 -0.4372
vn -0.6383 0.6821 -0.3568
vn -0.4782 0.8771 0.04498
vn -0.2879 0.9568 0.04114
vn -0.3631 0.8992 -0.244
vn -0.4251 0.7713 -0.4736
vn -0.666 0.7435 0.06024
f 1/1/1 2/2/2 3/3/3
f 1/1/1 3/3/3 4/4/4
f 4/4/4 3/3/3 5/5/5
f 4/4/4 5/5/5 6/6/6
f 3/3/3 7/7/7 8/8/8
f 3/3/3 8/8/8 5/5/5
f 2/2/2 9/9/9 7/7/7
f 2/2/2 7/7/7 3/3/3
f 9/9/9 2/2/2 10/10/10
f 9/9/9 10/10/10 11/11/11
f 11/11/11 10/10/10 12/12/12
f 11/11/11 12/12/12 13/13/13
f 10/10/10 14/14/14 15/15/15
f 10/10/10 15/15/15 12/12/12
f 2/2/2 1/1/1 14/14/14
f 2/2/2 14/14/14 10/10/10
f 1/1/1 16/16/16 17/17/17
f 1/1/1 17/17/17 14/14/14
f 14/14/14 17/17/17 18/18/18
f 14/14/14 18/18/18 15/15/15
f 17/17/17 19/19/19 20/20/20
f 17/17/17 20/20/20 18/18/18
f 16/16/16 21/21/21 19/19/19
f 16/16/16 19/19/19 17/17/17
f 21/21/21 16/16/16 22/22/22
f 21/21/21 22/22/22 23/23/23
f 23/23/23 22/22/22 24/24/24
f 23/23/23 24/24/24 25/25/25
f 22/22/22 4/4/4 6/6/6
f 22/22/22 6/6/6 24/24/24
f 16/16/16 1/1/1 4/4/4
f 16/16/16 4/4/4 22/22/22
f 26/26/26 27/27/27 28/28/28
f 26/26/26 28/28/28 29/29/29
f 29/29/29 28/28/28 30/30/30
f 29/29/29 30/30/30 31/31/31
f 28/28/28 23/23/23 25/25/25
f 28/28/28 25/25/25 30/30/30
f 27/27/27 21/21/21 23/23/23
f 27/27/27 23/23/23 28/28/28
f 32/32/32 33/33/33 34/34/34
f 32/32/32 34/34/34 35/35/35
f 35/35/35 34/34/34 36/36/36
f 35/35/35 36/36/36 37/37/37
f 34/34/34 29/29/29 31/31/31
f 34/34/34 31/31/31 36/36/36
f 33/33/33 26/26/26 29/29/29
f 33/33/33 29/29/29 34/34/34
f 38/38/38 39/39/39 40/40/40
f 38/38/38 40/40/40 41/41/41
f 41/41/41 40/40/40 42/42/42
f 41/41/41 42/42/42 43/43/43
f 40/40/40 35/35/35 37/37/37
f 40/40/40 37/37/37 42/42/42
f 39/39/39 32/32/32 35/35/35
f 39/39/39 35/35/35 40/40/40
f 32/32/32 39/39/39 44/44/44
f 32/32/32 44/44/44 45/45/45
f 45/45/45 44/44/44 46/46/46
f 45/45/45 46/46/46 47/47/47
f 44/44/44 48/48/48 49/49/49
f 44/44/44 49/49/49 46/46/46
f 39/39/39 38/38/38 48/48/48
f 39/39/39 48/48/48 44/44/44
f 26/26/26 33/33/33 50/50/50
f 26/26/26 50/50/50 51/51/51
f 51/51/51 50/50/50 52/52/52
f 51/51/51 52/52/52 53/53/53
f 50/50/50 45/45/45 47/47/47
f 50/50/50 47/47/47 52/52/52
f 33/33/33 32/32/32 45/45/45
f 33/33/33 45/45/45 50/50/50
f 53/53/53 52/52/52 54/54/54
f 53/53/53 54/54/54 55/55/55
f 55/55/55 54/54/54 56/56/56
f 55/55/55 56/56/56 57/57/57
f 54/54/54 58/58/58 59/59/59
f 54/54/54 59/59/59 56/56/56
f 52/52/52 47/47/47 58/58/58
f 52/52/52 58/58/58 54/54/54
f 47/47/47 46/46/46 60/60/60
f 47/47/47 60/60/60 58/58/58
f 58/58/58 60/60/60 61/61/61
f 58/58/58 61/61/61 59/59/59
f 60/60/60 62/62/62 63/63/63
f 60/60/60 63/63/63 61/61/61
f 46/46/46 49/49/49 62/62/62
f 46/46/46 62/62/62 60/60/60
f 57/57/57 56/56/56 64/64/64
f 57/57/57 64/64/64 65/65/65
f 65/65/65 64/64/64 66/66/66
f 65/65/65 66/66/66 67/67/67
f 64/64/64 68/68/68 69/69/69
f 64/64/64 69/69/69 66/66/66
f 56/56/56 59/59/59 68/68/68
f 56/56/56 68/68/68 64/64/64
f 59/59/59 61/61/61 70/70/70
f 59/59/59 70/70/70 68/68/68
f 68/68/68 70/70/70 71/71/71
f 68/68/68 71/71/71 69/69/69
f 70/70/70 72/72/72 73/73/73
f 70/70/70 73/73/73 71/71/71
f 61/61/61 63/63/63 72/72/72
f 61/61/61 72/72/72 70/70/70
f 67/67/67 66/66/66 74/74/74
f 67/67/67 74/74/74 75/75/75
f 75/75/75 74/74/74 76/76/76
f 75/75/75 76/76/76 77/77/77
f 74/74/74 78/78/78 79/79/79
f 74/74/74 79/79/79 76/76/76
f 66/66/66 69/69/69 78/78/78
f 66/66/66 78/78/78 74/74/74
f 69/69/69 71/71/71 80/80/80
f 69/69/69 80/80/80 78/78/78
f 78/78/78 80/80/80 81/81/81
f 78/78/78 81/81/81 79/79/79
f 80/80/80 82/82/82 83/83/83
f 80/80/80 83/83/83 81/81/81
f 71/71/71 73/73/73 82/82/82
f 71/71/71 82/82/82 80/80/80
f 77/77/77 76/76/76 84/84/84
f 77/77/77 84/84/84 85/85/85
f 85/85/85 84/84/84 86/86/86
f 85/85/85 86/86/86 87/87/87
f 84/84/84 88/88/88 89/89/89
f 84/84/84 89/89/89 86/86/86
f 76/76/76 79/79/79 88/88/88
f 76/76/76 88/88/88 84/84/84
f 79/79/79 81/81/81 90/90/90
f 79/79/79 90/90/90 88/88/88
f 88/88/88 90/90/90 91/91/91
f 88/88/88 91/91/91 89/89/89
f 90/90/90 92/92/92 93/93/93
f 90/90/90 93/93/93 91/91/91
f 81/81/81 83/83/83 92/92/92
f 81/81/81 92/92/92 90/90/90
f 89/89/89 91/91/91 94/94/94
f 89/89/89 94/94/94 95/95/95
f 95/95/95 94/94/94 96/96/96
f 95/95/95 96/96/96 97/97/97
f 94/94/94 98/98/98 99/99/99
f 94/94/94 99/99/99 96/96/96
f 91/91/91 93/93/93 98/98/98
f 91/91/91 98/98/98 94/94/94
f 87/87/87 86/86/86 100/100/100
f 87/87/87 100/100/100 101/101/101
f 101/101/101 100/100/100 102/102/102
f 101/101/101 102/102/102 103/103/103
f 100/100/100 95/95/95 97/97/97
f 100/100/100 97/97/97 102/102/102
f 86/86/86 89/89/89 95/95/95
f 86/86/86 95/95/95 100/100/100
f 103/103/103 102/102/102 104/104/104
f 103/103/103 104/104/104 105/105/105
f 105/105/105 104/104/104 106/106/106
f 105/105/105 106/106/106 107/107/107
f 104/104/104 108/108/108 109/109/109
f 104/104/104 109/109/109 106/106/106
f 102/102/102 97/97/97 108/108/108
f 102/102/102 108/108/108 104/104/104
f 97/97/97 96/96/96 110/110/110
f 97/97/97 110/110/110 108/108/108
f 108/108/108 110/110/110 111/111/111
f 108/108/108 111/111/111 109/109/109
f 110/110/110 112/112/112 113/113/113
f 110/110/110 113/113/113 111/111/111
f 96/96/96 99/99/99 112/112/112
f 96/96/96 112/112/112 110/110/110
f 107/107/107 106/106/106 114/114/114
f 107/107/107 114/114/114 115/115/115
f 115/115/115 114/114/114 116/116/116
f 115/115/115 116/116/116 117/117/117
f 114/114/114 118/118/118 119/119/119
f 114/114/114 119/119/119 116/116/116
f 106/106/106 109/109/109 118/118/118
f 106/106/106 118/118/118 114/114/114
f 109/109/109 111/111/111 120/120/120
f 109/109/109 120/120/120 118/118/118
f 118/118/118 120/120/120 121/121/121
f 118/118/118 121/121/121 119/119/119
f 120/120/120 122/122/122 123/123/123
f 120/120/120 123/123/123 121/121/121
f 111/111/111 113/113/113 122/122/122
f 111/111/111 122/122/122 120/120/120
f 117/117/117 116/116/116 124/124/124
f 117/117/117 124/124/124 125/125/125
f 125/125/125 124/124/124 126/126/126
f 125/125/125 126/126/126 127/127/127
f 124/124/124 128/128/128 129/129/129
f 124/124/124 129/129/129 126/126/126
f 116/116/116 119/119/119 128/128/128
f 116/116/116 128/128/128 124/124/124
f 119/119/119 121/121/121 130/130/130
f 119/119/119 130/130/130 128/128/128
f 128/128/128 130/130/130 131/131/131
f 128/128/128 131/131/131 129/129/129
f 130/130/130 132/132/132 133/133/133
f 130/130/130 133/133/133 131/131/131
f 121/121/121 123/123/123 132/132/132
f 121/121/121 132/132/132 130/130/130
f 127/127/127 126/126/126 134/134/134
f 127/127/127 134/134/134 135/135/135
f 135/135/135 134/134/134 136/136/136
f 135/135/135 136/136/136 137/137/137
f 134/134/134 138/138/138 139/139/139
f 134/134/134 139/139/139 136/136/136
f 126/126/126 129/129/129 138/138/138
f 126/126/126 138/138/138 134/134/134
f 129/129/129 131/131/131 140/140/140
f 129/129/129 140/140/140 138/138/138
f 138/138/138 140/140/140 141/141/141
f 138/138/138 141/141/141 139/139/139
f 140/140/140 142/142/142 143/143/143
f 140/140/140 143/143/143 141/141/141
f 131/131/131 133/133/133 142/142/142
f 131/131/131 142/142/142 140/140/140
f 133/133/133 144/144/144 145/145/145
f 133/133/133 145/145/145 142/142/142
f 142/142/142 145/145/145 146/146/146
f 142/142/142 146/146/146 143/143/143
f 145/145/145 147/147/147 148/148/148
f 145/145/145 148/148/148 146/146/146
f 144/144/144 149/149/149 147/147/147
f 144/144/144 147/147/147 145/145/145
f 123/123/123 150/150/150 151/151/151
f 123/123/123 151/151/151 132/132/132
f 132/132/132 151/151/151 144/144/144
f 132/132/132 144/144/144 133/133/133
f 151/151/151 152/152/152 149/149/149
f 151/151/151 149/149/149 144/144/144
f 150/150/150 153/153/153 152/152/152
f 150/150/150 152/152/152 151/151/151
f 149/149/149 154/154/154 155/155/155
f 149/149/149 155/155/155 147/147/147
f 147/147/147 155/155/155 156/156/156
f 147/147/147 156/156/156 148/148/148
f 155/155/155 157/157/157 158/158/158
f 155/155/155 158/158/158 156/156/156
f 154/154/154 159/159/159 157/157/157
f 154/154/154 157/157/157 155/155/155
f 153/153/153 160/160/160 161/161/161
f 153/153/153 161/161/161 152/152/152
f 152/152/152 161/161/161 154/154/154
f 152/152/152 154/154/154 149/149/149
f 161/161/161 162/162/162 159/159/159
f 161/161/161 159/159/159 154/154/154
f 160/160/160 163/163/163 162/162/162
f 160/160/160 162/162/162 161/161/161
f 159/159/159 164/164/164 165/165/165
f 159/159/159 165/165/165 157/157/157
f 157/157/157 165/165/165 166/166/166
f 157/157/157 166/166/166 158/158/158
f 165/165/165 167/167/167 168/168/168
f 165/165/165 168/168/168 166/166/166
f 164/164/164 169/169/169 167/167/167
f 164/164/164 167/167/167 165/165/165
f 163/163/163 170/170/170 171/171/171
f 163/163/163 171/171/171 162/162/162
f 162/162/162 171/171/171 164/164/164
f 162/162/162 164/164/164 159/159/159
f 171/171/171 172/172/172 169/169/169
f 171/171/171 169/169/169 164/164/164
f 170/170/170 173/173/173 172/172/172
f 170/170/170 172/172/172 171/171/171
f 173/173/173 174/174/174 175/175/175
f 173/173/173 175/175/175 172/172/172
f 172/172/172 175/175/175 176/176/176
f 172/172/172 176/176/176 169/169/169
f 175/175/175 177/177/177 178/178/178
f 175/175/175 178/178/178 176/176/176
f 174/174/174 179/179/179 177/177/177
f 174/174/174 177/177/177 175/175/175
f 169/169/169 176/176/176 180/180/180
f 169/169/169 180/180/180 167/167/167
f 167/167/167 180/180/180 181/181/181
f 167/167/167 181/181/181 168/168/168
f 180/180/180 182/182/182 183/183/183
f 180/180/180 183/183/183 181/181/181
f 176/176/176 178/178/178 182/182/182
f 176/176/176 182/182/182 180/180/180
f 178/178/178 184/184/184 185/185/185
f 178/178/178 185/185/185 182/182/182
f 182/182/182 185/185/185 186/186/186
f 182/182/182 186/186/186 183/183/183
f 185/185/185 187/187/187 188/188/188
f 185/185/185 188/188/188 186/186/186
f 184/184/184 189/189/189 187/187/187
f 184/184/184 187/187/187 185/185/185
f 179/179/179 190/190/190 191/191/191
f 179/179/179 191/191/191 177/177/177
f 177/177/177 191/191/191 184/184/184
f 177/177/177 184/184/184 178/178/178
f 191/191/191 192/192/192 189/189/189
f 191/191/191 189/189/189 184/184/184
f 190/190/190 193/193/193 192/192/192
f 190/190/190 192/192/192 191/191/191
f 189/189/189 194/194/194 195/195/195
f 189/189/189 195/195/195 187/187/187
f 187/187/187 195/195/195 196/196/196
f 187/187/187 196/196/196 188/188/188
f 195/195/195 197/197/197 198/198/198
f 195/195/195 198/198/198 196/196/196
f 194/194/194 199/199/199 197/197/197
f 194/194/194 197/197/197 195/195/195
f 193/193/193 200/200/200 201/201/201
f 193/193/193 201/201/201 192/192/192
f 192/192/192 201/201/201 194/194/194
f 192/192/192 194/194/194 189/189/189
f 201/201/201 202/202/202 199/199/199
f 201/201/201 199/199/199 194/194/194
f 200/200/200 203/203/203 202/202/202
f 200/200/200 202/202/202 201/201/201
f 203/203/203 204/204/204 205/205/205
f 203/203/203 205/205/205 202/202/202
f 202/202/202 205/205/205 206/206/206
f 202/202/202 206/206/206 199/199/199
f 205/205/205 207/207/207 208/208/208
f 205/205/205 208/208/208 206/206/206
f 204/204/204 209/209/209 207/207/207
f 204/204/204 207/207/207 205/205/205
f 199/199/199 206/206/206 210/210/210
f 199/199/199 210/210/210 197/197/197
f 197/197/197 210/210/210 211/211/211
f 197/197/197 211/211/211 198/198/198
f 210/210/210 212/212/212 213/213/213
f 210/210/210 213/213/213 211/211/211
f 206/206/206 208/208/208 212/212/212
f 206/206/206 212/212/212 210/210/210
f 208/208/208 214/214/214 215/215/215
f 208/208/208 215/215/215 212/212/212
f 212/212/212 215/215/215 216/216/216
f 212/212/212 216/216/216 213/213/213
f 215/215/215 217/217/217 218/218/218
f 215/215/215 218/218/218 216/216/216
f 214/214/214 219/219/219 217/217/217
f 214/214/214 217/217/217 215/215/215
f 209/209/209 220/220/220 221/221/221
f 209/209/209 221/221/221 207/207/207
f 207/207/207 221/221/221 214/214/214
f 207/207/207 214/214/214 208/208/208
f 221/221/221 222/222/222 219/219/219
f 221/221/221 219/219/219 214/214/214
f 220/220/220 223/223/223 222/222/222
f 220/220/220 222/222/222 221/221/221
f 219/219/219 224/224/224 225/225/225
f 219/219/219 225/225/225 217/217/217
f 217/217/217 225/225/225 226/226/226
f 217/217/217 226/226/226 218/218/218
f 225/225/225 227/227/227 228/228/228
f 225/225/225 228/228/228 226/226/226
f 224/224/224 229/229/229 227/227/227
f 224/224/224 227/227/227 225/225/225
f 223/223/223 230/230/230 231/231/231
f 223/223/223 231/231/231 222/222/222
f 222/222/222 231/231/231 224/224/224
f 222/222/222 224/224/224 219/219/219
f 231/231/231 232/232/232 229/229/229
f 231/231/231 229/229/229 224/224/224
f 230/230/230 233/233/233 232/232/232
f 230/230/230 232/232/232 231/231/231
f 233/233/233 234/234/234 235/235/235
f 233/233/233 235/235/235 232/232/232
f 232/232/232 235/235/235 236/236/236
f 232/232/232 236/236/236 229/229/229
f 235/235/235 125/125/125 127/127/127
f 235/235/235 127/127/127 236/236/236
f 234/234/234 117/117/117 125/125/125
f 234/234/234 125/125/125 235/235/235
f 229/229/229 236/236/236 237/237/237
f 229/229/229 237/237/237 227/227/227
f 227/227/227 237/237/237 238/238/238
f 227/227/227 238/238/238 228/228/228
f 237/237/237 135/135/135 137/137/137
f 237/237/237 137/137/137 238/238/238
f 236/236/236 127/127/127 135/135/135
f 236/236/236 135/135/135 237/237/237
f 218/218/218 226/226/226 239/239/239
f 218/218/218 239/239/239 240/240/240
f 240/240/240 239/239/239 241/241/241
f 240/240/240 241/241/241 242/242/242
f 239/239/239 243/243/243 244/244/244
f 239/239/239 244/244/244 241/241/241
f 226/226/226 228/228/228 243/243/243
f 226/226/226 243/243/243 239/239/239
f 228/228/228 238/238/238 245/245/245
f 228/228/228 245/245/245 243/243/243
f 243/243/243 245/245/245 246/246/246
f 243/243/243 246/246/246 244/244/244
f 245/245/245 247/247/247 248/248/248
f 245/245/245 248/248/248 246/246/246
f 238/238/238 137/137/137 247/247/247
f 238/238/238 247/247/247 245/245/245
f 137/137/137 136/136/136 249/249/249
f 137/137/137 249/249/249 247/247/247
f 247/247/247 249/249/249 250/250/250
f 247/247/247 250/250/250 248/248/248
f 249/249/249 251/251/251 252/252/252
f 249/249/249 252/252/252 250/250/250
f 136/136/136 139/139/139 251/251/251
f 136/136/136 251/251/251 249/249/249
f 244/244/244 246/246/246 253/253/253
f 244/244/244 253/253/253 254/254/254
f 254/254/254 253/253/253 255/255/255
f 254/254/254 255/255/255 256/256/256
f 253/253/253 257/257/257 258/258/258
f 253/253/253 258/258/258 255/255/255
f 246/246/246 248/248/248 257/257/257
f 246/246/246 257/257/257 253/253/253
f 248/248/248 250/250/250 259/259/259
f 248/248/248 259/259/259 257/257/257
f 257/257/257 259/259/259 260/260/260
f 257/257/257 260/260/260 258/258/258
f 259/259/259 261/261/261 262/262/262
f 259/259/259 262/262/262 260/260/260
f 250/250/250 252/252/252 261/261/261
f 250/250/250 261/261/261 259/259/259
f 252/252/252 263/263/263 264/264/264
f 252/252/252 264/264/264 261/261/261
f 261/261/261 264/264/264 265/265/265
f 261/261/261 265/265/265 262/262/262
f 264/264/264 266/266/266 267/267/267
f 264/264/264 267/267/267 265/265/265
f 263/263/263 268/268/268 266/266/266
f 263/263/263 266/266/266 264/264/264
f 139/139/139 141/141/141 269/269/269
f 139/139/139 269/269/269 251/251/251
f 251/251/251 269/269/269 263/263/263
f 251/251/251 263/263/263 252/252/252
f 269/269/269 270/270/270 268/268/268
f 269/269/269 268/268/268 263/263/263
f 141/141/141 143/143/143 270/270/270
f 141/141/141 270/270/270 269/269/269
f 258/258/258 260/260/260 271/271/271
f 258/258/258 271/271/271 272/272/272
f 272/272/272 271/271/271 273/273/273
f 272/272/272 273/273/273 274/274/274
f 271/271/271 275/275/275 276/276/276
f 271/271/271 276/276/276 273/273/273
f 260/260/260 262/262/262 275/275/275
f 260/260/260 275/275/275 271/271/271
f 262/262/262 265/265/265 277/277/277
f 262/262/262 277/277/277 275/275/275
f 275/275/275 277/277/277 278/278/278
f 275/275/275 278/278/278 276/276/276
f 277/277/277 279/279/279 280/280/280
f 277/277/277 280/280/280 278/278/278
f 265/265/265 267/267/267 279/279/279
f 265/265/265 279/279/279 277/277/277
f 274/274/274 273/273/273 281/281/281
f 274/274/274 281/281/281 282/282/282
f 282/282/282 281/281/281 283/283/283
f 282/282/282 283/283/283 284/284/284
f 281/281/281 285/285/285 286/286/286
f 281/281/281 286/286/286 283/283/283
f 273/273/273 276/276/276 285/285/285
f 273/273/273 285/285/285 281/281/281
f 276/276/276 278/278/278 287/287/287
f 276/276/276 287/287/287 285/285/285
f 285/285/285 287/287/287 288/288/288
f 285/285/285 288/288/288 286/286/286
f 287/287/287 289/289/289 290/290/290
f 287/287/287 290/290/290 288/288/288
f 278/278/278 280/280/280 289/289/289
f 278/278/278 289/289/289 287/287/287
f 286/286/286 288/288/288 291/291/291
f 286/286/286 291/291/291 292/292/292
f 292/292/292 291/291/291 293/293/293
f 292/292/292 293/293/293 294/294/294
f 291/291/291 295/295/295 296/296/296
f 291/291/291 296/296/296 293/293/293
f 288/288/288 290/290/290 295/295/295
f 288/288/288 295/295/295 291/291/291
f 284/284/284 283/283/283 297/297/297
f 284/284/284 297/297/297 298/298/298
f 298/298/298 297/297/297 299/299/299
f 298/298/298 299/299/299 300/300/300
f 297/297/297 292/292/292 294/294/294
f 297/297/297 294/294/294 299/299/299
f 283/283/283 286/286/286 292/292/292
f 283/283/283 292/292/292 297/297/297
f 300/300/300 299/299/299 301/301/301
f 300/300/300 301/301/301 302/302/302
f 302/302/302 301/301/301 303/303/303
f 302/302/302 303/303/303 304/304/304
f 301/301/301 305/305/305 306/306/306
f 301/301/301 306/306/306 303/303/303
f 299/299/299 294/294/294 305/305/305
f 299/299/299 305/305/305 301/301/301
f 294/294/294 293/293/293 307/307/307
f 294/294/294 307/307/307 305/305/305
f 305/305/305 307/307/307 308/308/308
f 305/305/305 308/308/308 306/306/306
f 307/307/307 309/309/309 310/310/310
f 307/307/307 310/310/310 308/308/308
f 293/293/293 296/296/296 309/309/309
f 293/293/293 309/309/309 307/307/307
f 290/290/290 311/311/311 312/312/312
f 290/290/290 312/312/312 295/295/295
f 295/295/295 312/312/312 313/313/313
f 295/295/295 313/313/313 296/296/296
f 312/312/312 314/314/314 315/315/315
f 312/312/312 315/315/315 313/313/313
f 311/311/311 316/316/316 314/314/314
f 311/311/311 314/314/314 312/312/312
f 296/296/296 313/313/313 317/317/317
f 296/296/296 317/317/317 309/309/309
f 309/309/309 317/317/317 318/318/318
f 309/309/309 318/318/318 310/310/310
f 317/317/317 319/319/319 320/320/320
f 317/317/317 320/320/320 318/318/318
f 313/313/313 315/315/315 319/319/319
f 313/313/313 319/319/319 317/317/317
f 315/315/315 321/321/321 322/322/322
f 315/315/315 322/322/322 319/319/319
f 319/319/319 322/322/322 323/323/323
f 319/319/319 323/323/323 320/320/320
f 322/322/322 324/324/324 325/325/325
f 322/322/322 325/325/325 323/323/323
f 321/321/321 326/326/326 324/324/324
f 321/321/321 324/324/324 322/322/322
f 316/316/316 327/327/327 328/328/328
f 316/316/316 328/328/328 314/314/314
f 314/314/314 328/328/328 321/321/321
f 314/314/314 321/321/321 315/315/315
f 328/328/328 329/329/329 326/326/326
f 328/328/328 326/326/326 321/321/321
f 327/327/327 330/330/330 329/329/329
f 327/327/327 329/329/329 328/328/328
f 326/326/326 331/331/331 332/332/332
f 326/326/326 332/332/332 324/324/324
f 324/324/324 332/332/332 333/333/333
f 324/324/324 333/333/333 325/325/325
f 332/332/332 334/334/334 335/335/335
f 332/332/332 335/335/335 333/333/333
f 331/331/331 336/336/336 334/334/334
f 331/331/331 334/334/334 332/332/332
f 330/330/330 337/337/337 338/338/338
f 330/330/330 338/338/338 329/329/329
f 329/329/329 338/338/338 331/331/331
f 329/329/329 331/331/331 326/326/326
f 338/338/338 339/339/339 336/336/336
f 338/338/338 336/336/336 331/331/331
f 337/337/337 340/340/340 339/339/339
f 337/337/337 339/339/339 338/338/338
f 336/336/336 341/341/341 342/342/342
f 336/336/336 342/342/342 334/334/334
f 334/334/334 342/342/342 343/343/343
f 334/334/334 343/343/343 335/335/335
f 342/342/342 344/344/344 345/345/345
f 342/342/342 345/345/345 343/343/343
f 341/341/341 346/346/346 344/344/344
f 341/341/341 344/344/344 342/342/342
f 340/340/340 347/347/347 348/348/348
f 340/340/340 348/348/348 339/339/339
f 339/339/339 348/348/348 341/341/341
f 339/339/339 341/341/341 336/336/336
f 348/348/348 349/349/349 346/346/346
f 348/348/348 346/346/346 341/341/341
f 347/347/347 350/350/350 349/349/349
f 347/347/347 349/349/349 348/348/348
f 346/346/346 351/351/351 352/352/352
f 346/346/346 352/352/352 344/344/344
f 344/344/344 352/352/352 353/353/353
f 344/344/344 353/353/353 345/345/345
f 352/352/352 354/354/354 355/355/355
f 352/352/352 355/355/355 353/353/353
f 351/351/351 356/356/356 354/354/354
f 351/351/351 354/354/354 352/352/352
f 350/350/350 357/357/357 358/358/358
f 350/350/350 358/358/358 349/349/349
f 349/349/349 358/358/358 351/351/351
f 349/349/349 351/351/351 346/346/346
f 358/358/358 359/359/359 356/356/356
f 358/358/358 356/356/356 351/351/351
f 357/357/357 360/360/360 359/359/359
f 357/357/357 359/359/359 358/358/358
f 356/356/356 361/361/361 362/362/362
f 356/356/356 362/362/362 354/354/354
f 354/354/354 362/362/362 363/363/363
f 354/354/354 363/363/363 355/355/355
f 362/362/362 364/364/364 365/365/365
f 362/362/362 365/365/365 363/363/363
f 361/361/361 366/366/366 364/364/364
f 361/361/361 364/364/364 362/362/362
f 360/360/360 367/367/367 368/368/368
f 360/360/360 368/368/368 359/359/359
f 359/359/359 368/368/368 361/361/361
f 359/359/359 361/361/361 356/356/356
f 368/368/368 369/369/369 366/366/366
f 368/368/368 366/366/366 361/361/361
f 367/367/367 370/370/370 369/369/369
f 367/367/367 369/369/369 368/368/368
f 370/370/370 371/371/371 372/372/372
f 370/370/370 372/372/372 369/369/369
f 369/369/369 372/372/372 373/373/373
f 369/369/369 373/373/373 366/366/366
f 372/372/372 374/374/374 375/375/375
f 372/372/372 375/375/375 373/373/373
f 371/371/371 376/376/376 374/374/374
f 371/371/371 374/374/374 372/372/372
f 366/366/366 373/373/373 377/377/377
f 366/366/366 377/377/377 364/364/364
f 364/364/364 377/377/377 378/378/378
f 364/364/364 378/378/378 365/365/365
f 377/377/377 379/379/379 380/380/380
f 377/377/377 380/380/380 378/378/378
f 373/373/373 375/375/375 379/379/379
f 373/373/373 379/379/379 377/377/377
f 375/375/375 381/381/381 382/382/382
f 375/375/375 382/382/382 379/379/379
f 379/379/379 382/382/382 383/383/383
f 379/379/379 383/383/383 380/380/380
f 382/382/382 384/384/384 385/385/385
f 382/382/382 385/385/385 383/383/383
f 381/381/381 386/386/386 384/384/384
f 381/381/381 384/384/384 382/382/382
f 376/376/376 387/387/387 388/388/388
f 376/376/376 388/388/388 374/374/374
f 374/374/374 388/388/388 381/381/381
f 374/374/374 381/381/381 375/375/375
f 388/388/388 389/389/389 386/386/386
f 388/388/388 386/386/386 381/381/381
f 387/387/387 390/390/390 389/389/389
f 387/387/387 389/389/389 388/388/388
f 390/390/390 391/391/391 392/392/392
f 390/390/390 392/392/392 389/389/389
f 389/389/389 392/392/392 393/393/393
f 389/389/389 393/393/393 386/386/386
f 392/392/392 394/394/394 395/395/395
f 392/392/392 395/395/395 393/393/393
f 391/391/391 396/396/396 394/394/394
f 391/391/391 394/394/394 392/392/392
f 386/386/386 393/393/393 397/397/397
f 386/386/386 397/397/397 384/384/384
f 384/384/384 397/397/397 398/398/398
f 384/384/384 398/398/398 385/385/385
f 397/397/397 399/399/399 400/400/400
f 397/397/397 400/400/400 398/398/398
f 393/393/393 395/395/395 399/399/399
f 393/393/393 399/399/399 397/397/397
f 396/396/396 401/401/401 402/402/402
f 396/396/396 402/402/402 394/394/394
f 394/394/394 402/402/402 403/403/403
f 394/394/394 403/403/403 395/395/395
f 402/402/402 298/298/298 300/300/300
f 402/402/402 300/300/300 403/403/403
f 401/401/401 284/284/284 298/298/298
f 401/401/401 298/298/298 402/402/402
f 395/395/395 403/403/403 404/404/404
f 395/395/395 404/404/404 399/399/399
f 399/399/399 404/404/404 405/405/405
f 399/399/399 405/405/405 400/400/400
f 404/404/404 302/302/302 304/304/304
f 404/404/404 304/304/304 405/405/405
f 403/403/403 300/300/300 302/302/302
f 403/403/403 302/302/302 404/404/404
f 400/400/400 405/405/405 406/406/406
f 400/400/400 406/406/406 407/407/407
f 407/407/407 406/406/406 408/408/408
f 407/407/407 408/408/408 409/409/409
f 406/406/406 410/410/410 411/411/411
f 406/406/406 411/411/411 408/408/408
f 405/405/405 304/304/304 410/410/410
f 405/405/405 410/410/410 406/406/406
f 385/385/385 398/398/398 412/412/412
f 385/385/385 412/412/412 413/413/413
f 413/413/413 412/412/412 414/414/414
f 413/413/413 414/414/414 415/415/415
f 412/412/412 407/407/407 409/409/409
f 412/412/412 409/409/409 414/414/414
f 398/398/398 400/400/400 407/407/407
f 398/398/398 407/407/407 412/412/412
f 304/304/304 303/303/303 416/416/416
f 304/304/304 416/416/416 410/410/410
f 410/410/410 416/416/416 417/417/417
f 410/410/410 417/417/417 411/411/411
f 416/416/416 418/418/418 419/419/419
f 416/416/416 419/419/419 417/417/417
f 303/303/303 306/306/306 418/418/418
f 303/303/303 418/418/418 416/416/416
f 411/411/411 417/417/417 420/420/420
f 411/411/411 420/420/420 421/421/421
f 421/421/421 420/420/420 422/422/422
f 421/421/421 422/422/422 423/423/423
f 420/420/420 424/424/424 425/425/425
f 420/420/420 425/425/425 422/422/422
f 417/417/417 419/419/419 424/424/424
f 417/417/417 424/424/424 420/420/420
f 409/409/409 408/408/408 426/426/426
f 409/409/409 426/426/426 427/427/427
f 427/427/427 426/426/426 428/428/428
f 427/427/427 428/428/428 429/429/429
f 426/426/426 421/421/421 423/423/423
f 426/426/426 423/423/423 428/428/428
f 408/408/408 411/411/411 421/421/421
f 408/408/408 421/421/421 426/426/426
f 306/306/306 308/308/308 430/430/430
f 306/306/306 430/430/430 418/418/418
f 418/418/418 430/430/430 431/431/431
f 418/418/418 431/431/431 419/419/419
f 430/430/430 432/432/432 433/433/433
f 430/430/430 433/433/433 431/431/431
f 308/308/308 310/310/310 432/432/432
f 308/308/308 432/432/432 430/430/430
f 419/419/419 431/431/431 434/434/434
f 419/419/419 434/434/434 424/424/424
f 424/424/424 434/434/434 435/435/435
f 424/424/424 435/435/435 425/425/425
f 434/434/434 436/436/436 437/437/437
f 434/434/434 437/437/437 435/435/435
f 431/431/431 433/433/433 436/436/436
f 431/431/431 436/436/436 434/434/434
f 425/425/425 435/435/435 438/438/438
f 425/425/425 438/438/438 439/439/439
f 439/439/439 438/438/438 440/440/440
f 439/439/439 440/440/440 441/441/441
f 438/438/438 442/442/442 443/443/443
f 438/438/438 443/443/443 440/440/440
f 435/435/435 437/437/437 442/442/442
f 435/435/435 442/442/442 438/438/438
f 423/423/423 422/422/422 444/444/444
f 423/423/423 444/444/444 445/445/445
f 445/445/445 444/444/444 446/446/446
f 445/445/445 446/446/446 447/447/447
f 444/444/444 439/439/439 441/441/441
f 444/444/444 441/441/441 446/446/446
f 422/422/422 425/425/425 439/439/439
f 422/422/422 439/439/439 444/444/444
f 441/441/441 440/440/440 448/448/448
f 441/441/441 448/448/448 449/449/449
f 449/449/449 448/448/448 450/450/450
f 449/449/449 450/450/450 451/451/451
f 448/448/448 452/452/452 453/453/453
f 448/448/448 453/453/453 450/450/450
f 440/440/440 443/443/443 452/452/452
f 440/440/440 452/452/452 448/448/448
f 447/447/447 446/446/446 454/454/454
f 447/447/447 454/454/454 455/455/455
f 455/455/455 454/454/454 456/456/456
f 455/455/455 456/456/456 457/457/457
f 454/454/454 449/449/449 451/451/451
f 454/454/454 451/451/451 456/456/456
f 446/446/446 441/441/441 449/449/449
f 446/446/446 449/449/449 454/454/454
f 458/458/458 459/459/459 460/460/460
f 458/458/458 460/460/460 461/461/461
f 461/461/461 460/460/460 450/450/450
f 461/461/461 450/450/450 453/453/453
f 460/460/460 462/462/462 451/451/451
f 460/460/460 451/451/451 450/450/450
f 459/459/459 463/463/463 462/462/462
f 459/459/459 462/462/462 460/460/460
f 463/463/463 464/464/464 465/465/465
f 463/463/463 465/465/465 462/462/462
f 462/462/462 465/465/465 456/456/456
f 462/462/462 456/456/456 451/451/451
f 465/465/465 466/466/466 457/457/457
f 465/465/465 457/457/457 456/456/456
f 464/464/464 467/467/467 466/466/466
f 464/464/464 466/466/466 465/465/465
f 468/468/468 469/469/469 470/470/470
f 468/468/468 470/470/470 471/471/471
f 471/471/471 470/470/470 459/459/459
f 471/471/471 459/459/459 458/458/458
f 470/470/470 472/472/472 463/463/463
f 470/470/470 463/463/463 459/459/459
f 469/469/469 473/473/473 472/472/472
f 469/469/469 472/472/472 470/470/470
f 473/473/473 474/474/474 475/475/475
f 473/473/473 475/475/475 472/472/472
f 472/472/472 475/475/475 464/464/464
f 472/472/472 464/464/464 463/463/463
f 475/475/475 476/476/476 467/467/467
f 475/475/475 467/467/467 464/464/464
f 474/474/474 477/477/477 476/476/476
f 474/474/474 476/476/476 475/475/475
f 478/478/478 479/479/479 480/480/480
f 478/478/478 480/480/480 481/481/481
f 482/482/482 481/481/481 480/480/480
f 482/482/482 480/480/480 483/483/483
f 484/484/484 483/483/483 480/480/480
f 484/484/484 480/480/480 485/485/485
f 468/468/468 485/485/485 480/480/480
f 468/468/468 480/480/480 469/469/469
f 473/473/473 469/469/469 480/480/480
f 473/473/473 480/480/480 474/474/474
f 477/477/477 474/474/474 480/480/480
f 477/477/477 480/480/480 486/486/486
f 487/487/487 486/486/486 480/480/480
f 487/487/487 480/480/480 479/479/479
f 477/477/477 486/486/486 488/488/488
f 477/477/477 488/488/488 476/476/476
f 476/476/476 488/488/488 489/489/489
f 476/476/476 489/489/489 467/467/467
f 488/488/488 490/490/490 491/491/491
f 488/488/488 491/491/491 489/489/489
f 486/486/486 487/487/487 490/490/490
f 486/486/486 490/490/490 488/488/488
f 487/487/487 479/479/479 492/492/492
f 487/487/487 492/492/492 490/490/490
f 490/490/490 492/492/492 493/493/493
f 490/490/490 493/493/493 491/491/491
f 492/492/492 494/494/494 495/495/495
f 492/492/492 495/495/495 493/493/493
f 479/479/479 478/478/478 494/494/494
f 479/479/479 494/494/494 492/492/492
f 491/491/491 493/493/493 496/496/496
f 491/491/491 496/496/496 497/497/497
f 497/497/497 496/496/496 498/498/498
f 497/497/497 498/498/498 499/499/499
f 496/496/496 500/500/500 501/501/501
f 496/496/496 501/501/501 498/498/498
f 493/493/493 495/495/495 500/500/500
f 493/493/493 500/500/500 496/496/496
f 467/467/467 489/489/489 502/502/502
f 467/467/467 502/502/502 466/466/466
f 466/466/466 502/502/502 503/503/503
f 466/466/466 503/503/503 457/457/457
f 502/502/502 497/497/497 499/499/499
f 502/502/502 499/499/499 503/503/503
f 489/489/489 491/491/491 497/497/497
f 489/489/489 497/497/497 502/502/502
f 478/478/478 481/481/481 504/504/504
f 478/478/478 504/504/504 494/494/494
f 494/494/494 504/504/504 505/505/505
f 494/494/494 505/505/505 495/495/495
f 504/504/504 506/506/506 507/507/507
f 504/504/504 507/507/507 505/505/505
f 481/481/481 482/482/482 506/506/506
f 481/481/481 506/506/506 504/504/504
f 495/495/495 505/505/505 508/508/508
f 495/495/495 508/508/508 500/500/500
f 500/500/500 508/508/508 509/509/509
f 500/500/500 509/509/509 501/501/501
f 508/508/508 510/510/510 511/511/511
f 508/508/508 511/511/511 509/509/509
f 505/505/505 507/507/507 510/510/510
f 505/505/505 510/510/510 508/508/508
f 507/507/507 512/512/512 513/513/513
f 507/507/507 513/513/513 510/510/510
f 510/510/510 513/513/513 514/514/514
f 510/510/510 514/514/514 511/511/511
f 513/513/513 515/515/515 516/516/516
f 513/513/513 516/516/516 514/514/514
f 512/512/512 517/517/517 515/515/515
f 512/512/512 515/515/515 513/513/513
f 482/482/482 483/483/483 518/518/518
f 482/482/482 518/518/518 506/506/506
f 506/506/506 518/518/518 512/512/512
f 506/506/506 512/512/512 507/507/507
f 518/518/518 519/519/519 517/517/517
f 518/518/518 517/517/517 512/512/512
f 483/483/483 484/484/484 519/519/519
f 483/483/483 519/519/519 518/518/518
f 517/517/517 520/520/520 521/521/521
f 517/517/517 521/521/521 515/515/515
f 515/515/515 521/521/521 522/522/522
f 515/515/515 522/522/522 516/516/516
f 521/521/521 523/523/523 524/524/524
f 521/521/521 524/524/524 522/522/522
f 520/520/520 525/525/525 523/523/523
f 520/520/520 523/523/523 521/521/521
f 484/484/484 526/526/526 527/527/527
f 484/484/484 527/527/527 519/519/519
f 519/519/519 527/527/527 520/520/520
f 519/519/519 520/520/520 517/517/517
f 527/527/527 528/528/528 525/525/525
f 527/527/527 525/525/525 520/520/520
f 526/526/526 529/529/529 528/528/528
f 526/526/526 528/528/528 527/527/527
f 525/525/525 530/530/530 531/531/531
f 525/525/525 531/531/531 523/523/523
f 523/523/523 531/531/531 532/532/532
f 523/523/523 532/532/532 524/524/524
f 531/531/531 533/533/533 534/534/534
f 531/531/531 534/534/534 532/532/532
f 530/530/530 535/535/535 533/533/533
f 530/530/530 533/533/533 531/531/531
f 529/529/529 536/536/536 537/537/537
f 529/529/529 537/537/537 528/528/528
f 528/528/528 537/537/537 530/530/530
f 528/528/528 530/530/530 525/525/525
f 537/537/537 538/538/538 535/535/535
f 537/537/537 535/535/535 530/530/530
f 536/536/536 539/539/539 538/538/538
f 536/536/536 538/538/538 537/537/537
f 539/539/539 540/540/540 541/541/541
f 539/539/539 541/541/541 538/538/538
f 538/538/538 541/541/541 542/542/542
f 538/538/538 542/542/542 535/535/535
f 541/541/541 543/543/543 544/544/544
f 541/541/541 544/544/544 542/542/542
f 540/540/540 545/545/545 543/543/543
f 540/540/540 543/543/543 541/541/541
f 535/535/535 542/542/542 546/546/546
f 535/535/535 546/546/546 533/533/533
f 533/533/533 546/546/546 547/547/547
f 533/533/533 547/547/547 534/534/534
f 546/546/546 548/548/548 549/549/549
f 546/546/546 549/549/549 547/547/547
f 542/542/542 544/544/544 548/548/548
f 542/542/542 548/548/548 546/546/546
f 544/544/544 550/550/550 551/551/551
f 544/544/544 551/551/551 548/548/548
f 548/548/548 551/551/551 552/552/552
f 548/548/548 552/552/552 549/549/549
f 551/551/551 553/553/553 554/554/554
f 551/551/551 554/554/554 552/552/552
f 550/550/550 555/555/555 553/553/553
f 550/550/550 553/553/553 551/551/551
f 545/545/545 556/556/556 557/557/557
f 545/545/545 557/557/557 543/543/543
f 543/543/543 557/557/557 550/550/550
f 543/543/543 550/550/550 544/544/544
f 557/557/557 558/558/558 555/555/555
f 557/557/557 555/555/555 550/550/550
f 556/556/556 559/559/559 558/558/558
f 556/556/556 558/558/558 557/557/557
f 559/559/559 560/560/560 561/561/561
f 559/559/559 561/561/561 558/558/558
f 558/558/558 561/561/561 562/562/562
f 558/558/558 562/562/562 555/555/555
f 561/561/561 563/563/563 564/564/564
f 561/561/561 564/564/564 562/562/562
f 560/560/560 565/565/565 563/563/563
f 560/560/560 563/563/563 561/561/561
f 555/555/555 562/562/562 566/566/566
f 555/555/555 566/566/566 553/553/553
f 553/553/553 566/566/566 567/567/567
f 553/553/553 567/567/567 554/554/554
f 566/566/566 568/568/568 569/569/569
f 566/566/566 569/569/569 567/567/567
f 562/562/562 564/564/564 568/568/568
f 562/562/562 568/568/568 566/566/566
f 565/565/565 570/570/570 571/571/571
f 565/565/565 571/571/571 563/563/563
f 563/563/563 571/571/571 572/572/572
f 563/563/563 572/572/572 564/564/564
f 571/571/571 471/471/471 458/458/458
f 571/571/571 458/458/458 572/572/572
f 570/570/570 468/468/468 471/471/471
f 570/570/570 471/471/471 571/571/571
f 564/564/564 572/572/572 573/573/573
f 564/564/564 573/573/573 568/568/568
f 568/568/568 573/573/573 574/574/574
f 568/568/568 574/574/574 569/569/569
f 573/573/573 461/461/461 453/453/453
f 573/573/573 453/453/453 574/574/574
f 572/572/572 458/458/458 461/461/461
f 572/572/572 461/461/461 573/573/573
f 575/575/575 576/576/576 577/577/577
f 575/575/575 577/577/577 578/578/578
f 578/578/578 577/577/577 567/567/567
f 578/578/578 567/567/567 569/569/569
f 577/577/577 579/579/579 554/554/554
f 577/577/577 554/554/554 567/567/567
f 576/576/576 580/580/580 579/579/579
f 576/576/576 579/579/579 577/577/577
f 443/443/443 581/581/581 582/582/582
f 443/443/443 582/582/582 452/452/452
f 452/452/452 582/582/582 574/574/574
f 452/452/452 574/574/574 453/453/453
f 582/582/582 578/578/578 569/569/569
f 582/582/582 569/569/569 574/574/574
f 581/581/581 575/575/575 578/578/578
f 581/581/581 578/578/578 582/582/582
f 583/583/583 584/584/584 585/585/585
f 583/583/583 585/585/585 586/586/586
f 586/586/586 585/585/585 576/576/576
f 586/586/586 576/576/576 575/575/575
f 585/585/585 587/587/587 580/580/580
f 585/585/585 580/580/580 576/576/576
f 584/584/584 588/588/588 587/587/587
f 584/584/584 587/587/587 585/585/585
f 437/437/437 589/589/589 590/590/590
f 437/437/437 590/590/590 442/442/442
f 442/442/442 590/590/590 581/581/581
f 442/442/442 581/581/581 443/443/443
f 590/590/590 586/586/586 575/575/575
f 590/590/590 575/575/575 581/581/581
f 589/589/589 583/583/583 586/586/586
f 589/589/589 586/586/586 590/590/590
f 591/591/591 592/592/592 593/593/593
f 591/591/591 593/593/593 594/594/594
f 594/594/594 593/593/593 584/584/584
f 594/594/594 584/584/584 583/583/583
f 593/593/593 595/595/595 588/588/588
f 593/593/593 588/588/588 584/584/584
f 592/592/592 596/596/596 595/595/595
f 592/592/592 595/595/595 593/593/593
f 433/433/433 597/597/597 598/598/598
f 433/433/433 598/598/598 436/436/436
f 436/436/436 598/598/598 589/589/589
f 436/436/436 589/589/589 437/437/437
f 598/598/598 594/594/594 583/583/583
f 598/598/598 583/583/583 589/589/589
f 597/597/597 591/591/591 594/594/594
f 597/597/597 594/594/594 598/598/598
f 310/310/310 318/318/318 599/599/599
f 310/310/310 599/599/599 432/432/432
f 432/432/432 599/599/599 597/597/597
f 432/432/432 597/597/597 433/433/433
f 599/599/599 600/600/600 591/591/591
f 599/599/599 591/591/591 597/597/597
f 318/318/318 320/320/320 600/600/600
f 318/318/318 600/600/600 599/599/599
f 320/320/320 323/323/323 601/601/601
f 320/320/320 601/601/601 600/600/600
f 600/600/600 601/601/601 592/592/592
f 600/600/600 592/592/592 591/591/591
f 601/601/601 602/602/602 596/596/596
f 601/601/601 596/596/596 592/592/592
f 323/323/323 325/325/325 602/602/602
f 323/323/323 602/602/602 601/601/601
f 596/596/596 603/603/603 604/604/604
f 596/596/596 604/604/604 595/595/595
f 595/595/595 604/604/604 605/605/605
f 595/595/595 605/605/605 588/588/588
f 604/604/604 606/606/606 607/607/607
f 604/604/604 607/607/607 605/605/605
f 603/603/603 608/608/608 606/606/606
f 603/603/603 606/606/606 604/604/604
f 325/325/325 333/333/333 609/609/609
f 325/325/325 609/609/609 602/602/602
f 602/602/602 609/609/609 603/603/603
f 602/602/602 603/603/603 596/596/596
f 609/609/609 610/610/610 608/608/608
f 609/609/609 608/608/608 603/603/603
f 333/333/333 335/335/335 610/610/610
f 333/333/333 610/610/610 609/609/609
f 608/608/608 611/611/611 612/612/612
f 608/608/608 612/612/612 606/606/606
f 606/606/606 612/612/612 613/613/613
f 606/606/606 613/613/613 607/607/607
f 612/612/612 614/614/614 615/615/615
f 612/612/612 615/615/615 613/613/613
f 611/611/611 616/616/616 614/614/614
f 611/611/611 614/614/614 612/612/612
f 335/335/335 343/343/343 617/617/617
f 335/335/335 617/617/617 610/610/610
f 610/610/610 617/617/617 611/611/611
f 610/610/610 611/611/611 608/608/608
f 617/617/617 618/618/618 616/616/616
f 617/617/617 616/616/616 611/611/611
f 343/343/343 345/345/345 618/618/618
f 343/343/343 618/618/618 617/617/617
f 616/616/616 619/619/619 620/620/620
f 616/616/616 620/620/620 614/614/614
f 614/614/614 620/620/620 621/621/621
f 614/614/614 621/621/621 615/615/615
f 620/620/620 622/622/622 623/623/623
f 620/620/620 623/623/623 621/621/621
f 619/619/619 624/624/624 622/622/622
f 619/619/619 622/622/622 620/620/620
f 345/345/345 353/353/353 625/625/625
f 345/345/345 625/625/625 618/618/618
f 618/618/618 625/625/625 619/619/619
f 618/618/618 619/619/619 616/616/616
f 625/625/625 626/626/626 624/624/624
f 625/625/625 624/624/624 619/619/619
f 353/353/353 355/355/355 626/626/626
f 353/353/353 626/626/626 625/625/625
f 624/624/624 627/627/627 628/628/628
f 624/624/624 628/628/628 622/622/622
f 622/622/622 628/628/628 629/629/629
f 622/622/622 629/629/629 623/623/623
f 628/628/628 630/630/630 631/631/631
f 628/628/628 631/631/631 629/629/629
f 627/627/627 632/632/632 630/630/630
f 627/627/627 630/630/630 628/628/628
f 355/355/355 363/363/363 633/633/633
f 355/355/355 633/633/633 626/626/626
f 626/626/626 633/633/633 627/627/627
f 626/626/626 627/627/627 624/624/624
f 633/633/633 634/634/634 632/632/632
f 633/633/633 632/632/632 627/627/627
f 363/363/363 365/365/365 634/634/634
f 363/363/363 634/634/634 633/633/633
f 365/365/365 378/378/378 635/635/635
f 365/365/365 635/635/635 634/634/634
f 634/634/634 635/635/635 636/636/636
f 634/634/634 636/636/636 632/632/632
f 635/635/635 637/637/637 638/638/638
f 635/635/635 638/638/638 636/636/636
f 378/378/378 380/380/380 637/637/637
f 378/378/378 637/637/637 635/635/635
f 632/632/632 636/636/636 639/639/639
f 632/632/632 639/639/639 630/630/630
f 630/630/630 639/639/639 640/640/640
f 630/630/630 640/640/640 631/631/631
f 639/639/639 641/641/641 642/642/642
f 639/639/639 642/642/642 640/640/640
f 636/636/636 638/638/638 641/641/641
f 636/636/636 641/641/641 639/639/639
f 638/638/638 643/643/643 644/644/644
f 638/638/638 644/644/644 641/641/641
f 641/641/641 644/644/644 645/645/645
f 641/641/641 645/645/645 642/642/642
f 644/644/644 646/646/646 647/647/647
f 644/644/644 647/647/647 645/645/645
f 643/643/643 415/415/415 646/646/646
f 643/643/643 646/646/646 644/644/644
f 380/380/380 383/383/383 648/648/648
f 380/380/380 648/648/648 637/637/637
f 637/637/637 648/648/648 643/643/643
f 637/637/637 643/643/643 638/638/638
f 648/648/648 413/413/413 415/415/415
f 648/648/648 415/415/415 643/643/643
f 383/383/383 385/385/385 413/413/413
f 383/383/383 413/413/413 648/648/648
f 415/415/415 414/414/414 649/649/649
f 415/415/415 649/649/649 646/646/646
f 646/646/646 649/649/649 650/650/650
f 646/646/646 650/650/650 647/647/647
f 649/649/649 427/427/427 429/429/429
f 649/649/649 429/429/429 650/650/650
f 414/414/414 409/409/409 427/427/427
f 414/414/414 427/427/427 649/649/649
f 642/642/642 645/645/645 651/651/651
f 642/642/642 651/651/651 652/652/652
f 652/652/652 651/651/651 653/653/653
f 652/652/652 653/653/653 654/654/654
f 651/651/651 655/655/655 656/656/656
f 651/651/651 656/656/656 653/653/653
f 645/645/645 647/647/647 655/655/655
f 645/645/645 655/655/655 651/651/651
f 647/647/647 650/650/650 657/657/657
f 647/647/647 657/657/657 655/655/655
f 655/655/655 657/657/657 658/658/658
f 655/655/655 658/658/658 656/656/656
f 657/657/657 659/659/659 660/660/660
f 657/657/657 660/660/660 658/658/658
f 650/650/650 429/429/429 659/659/659
f 650/650/650 659/659/659 657/657/657
f 654/654/654 653/653/653 661/661/661
f 654/654/654 661/661/661 662/662/662
f 662/662/662 661/661/661 509/509/509
f 662/662/662 509/509/509 511/511/511
f 661/661/661 663/663/663 501/501/501
f 661/661/661 501/501/501 509/509/509
f 653/653/653 656/656/656 663/663/663
f 653/653/653 663/663/663 661/661/661
f 656/656/656 658/658/658 664/664/664
f 656/656/656 664/664/664 663/663/663
f 663/663/663 664/664/664 498/498/498
f 663/663/663 498/498/498 501/501/501
f 664/664/664 665/665/665 499/499/499
f 664/664/664 499/499/499 498/498/498
f 658/658/658 660/660/660 665/665/665
f 658/658/658 665/665/665 664/664/664
f 660/660/660 666/666/666 667/667/667
f 660/660/660 667/667/667 665/665/665
f 665/665/665 667/667/667 503/503/503
f 665/665/665 503/503/503 499/499/499
f 667/667/667 455/455/455 457/457/457
f 667/667/667 457/457/457 503/503/503
f 666/666/666 447/447/447 455/455/455
f 666/666/666 455/455/455 667/667/667
f 429/429/429 428/428/428 668/668/668
f 429/429/429 668/668/668 659/659/659
f 659/659/659 668/668/668 666/666/666
f 659/659/659 666/666/666 660/660/660
f 668/668/668 445/445/445 447/447/447
f 668/668/668 447/447/447 666/666/666
f 428/428/428 423/423/423 445/445/445
f 428/428/428 445/445/445 668/668/668
f 631/631/631 640/640/640 669/669/669
f 631/631/631 669/669/669 670/670/670
f 670/670/670 669/669/669 671/671/671
f 670/670/670 671/671/671 672/672/672
f 669/669/669 652/652/652 654/654/654
f 669/669/669 654/654/654 671/671/671
f 640/640/640 642/642/642 652/652/652
f 640/640/640 652/652/652 669/669/669
f 672/672/672 671/671/671 673/673/673
f 672/672/672 673/673/673 674/674/674
f 674/674/674 673/673/673 514/514/514
f 674/674/674 514/514/514 516/516/516
f 673/673/673 662/662/662 511/511/511
f 673/673/673 511/511/511 514/514/514
f 671/671/671 654/654/654 662/662/662
f 671/671/671 662/662/662 673/673/673
f 675/675/675 676/676/676 677/677/677
f 675/675/675 677/677/677 678/678/678
f 678/678/678 677/677/677 522/522/522
f 678/678/678 522/522/522 524/524/524
f 677/677/677 674/674/674 516/516/516
f 677/677/677 516/516/516 522/522/522
f 676/676/676 672/672/672 674/674/674
f 676/676/676 674/674/674 677/677/677
f 623/623/623 629/629/629 679/679/679
f 623/623/623 679/679/679 680/680/680
f 680/680/680 679/679/679 676/676/676
f 680/680/680 676/676/676 675/675/675
f 679/679/679 670/670/670 672/672/672
f 679/679/679 672/672/672 676/676/676
f 629/629/629 631/631/631 670/670/670
f 629/629/629 670/670/670 679/679/679
f 615/615/615 621/621/621 681/681/681
f 615/615/615 681/681/681 682/682/682
f 682/682/682 681/681/681 683/683/683
f 682/682/682 683/683/683 684/684/684
f 681/681/681 680/680/680 675/675/675
f 681/681/681 675/675/675 683/683/683
f 621/621/621 623/623/623 680/680/680
f 621/621/621 680/680/680 681/681/681
f 684/684/684 683/683/683 685/685/685
f 684/684/684 685/685/685 686/686/686
f 686/686/686 685/685/685 532/532/532
f 686/686/686 532/532/532 534/534/534
f 685/685/685 678/678/678 524/524/524
f 685/685/685 524/524/524 532/532/532
f 683/683/683 675/675/675 678/678/678
f 683/683/683 678/678/678 685/685/685
f 687/687/687 688/688/688 689/689/689
f 687/687/687 689/689/689 690/690/690
f 690/690/690 689/689/689 547/547/547
f 690/690/690 547/547/547 549/549/549
f 689/689/689 686/686/686 534/534/534
f 689/689/689 534/534/534 547/547/547
f 688/688/688 684/684/684 686/686/686
f 688/688/688 686/686/686 689/689/689
f 607/607/607 613/613/613 691/691/691
f 607/607/607 691/691/691 692/692/692
f 692/692/692 691/691/691 688/688/688
f 692/692/692 688/688/688 687/687/687
f 691/691/691 682/682/682 684/684/684
f 691/691/691 684/684/684 688/688/688
f 613/613/613 615/615/615 682/682/682
f 613/613/613 682/682/682 691/691/691
f 580/580/580 693/693/693 694/694/694
f 580/580/580 694/694/694 579/579/579
f 579/579/579 694/694/694 552/552/552
f 579/579/579 552/552/552 554/554/554
f 694/694/694 690/690/690 549/549/549
f 694/694/694 549/549/549 552/552/552
f 693/693/693 687/687/687 690/690/690
f 693/693/693 690/690/690 694/694/694
f 588/588/588 605/605/605 695/695/695
f 588/588/588 695/695/695 587/587/587
f 587/587/587 695/695/695 693/693/693
f 587/587/587 693/693/693 580/580/580
f 695/695/695 692/692/692 687/687/687
f 695/695/695 687/687/687 693/693/693
f 605/605/605 607/607/607 692/692/692
f 605/605/605 692/692/692 695/695/695
f 484/484/484 485/485/485 696/696/696
f 484/484/484 696/696/696 526/526/526
f 529/529/529 526/526/526 696/696/696
f 529/529/529 696/696/696 536/536/536
f 539/539/539 536/536/536 696/696/696
f 539/539/539 696/696/696 540/540/540
f 545/545/545 540/540/540 696/696/696
f 545/545/545 696/696/696 556/556/556
f 559/559/559 556/556/556 696/696/696
f 559/559/559 696/696/696 560/560/560
f 565/565/565 560/560/560 696/696/696
f 565/565/565 696/696/696 570/570/570
f 468/468/468 570/570/570 696/696/696
f 468/468/468 696/696/696 485/485/485
f 697/697/697 698/698/698 699/699/699
f 697/697/697 699/699/699 700/700/700
f 700/700/700 699/699/699 401/401/401
f 700/700/700 401/401/401 396/396/396
f 699/699/699 282/282/282 284/284/284
f 699/699/699 284/284/284 401/401/401
f 698/698/698 274/274/274 282/282/282
f 698/698/698 282/282/282 699/699/699
f 701/701/701 702/702/702 703/703/703
f 701/701/701 703/703/703 704/704/704
f 704/704/704 703/703/703 391/391/391
f 704/704/704 391/391/391 390/390/390
f 703/703/703 700/700/700 396/396/396
f 703/703/703 396/396/396 391/391/391
f 702/702/702 697/697/697 700/700/700
f 702/702/702 700/700/700 703/703/703
f 705/705/705 706/706/706 707/707/707
f 705/705/705 707/707/707 708/708/708
f 708/708/708 707/707/707 702/702/702
f 708/708/708 702/702/702 701/701/701
f 707/707/707 709/709/709 697/697/697
f 707/707/707 697/697/697 702/702/702
f 706/706/706 256/256/256 709/709/709
f 706/706/706 709/709/709 707/707/707
f 256/256/256 255/255/255 710/710/710
f 256/256/256 710/710/710 709/709/709
f 709/709/709 710/710/710 698/698/698
f 709/709/709 698/698/698 697/697/697
f 710/710/710 272/272/272 274/274/274
f 710/710/710 274/274/274 698/698/698
f 255/255/255 258/258/258 272/272/272
f 255/255/255 272/272/272 710/710/710
f 711/711/711 712/712/712 713/713/713
f 711/711/711 713/713/713 714/714/714
f 714/714/714 713/713/713 715/715/715
f 714/714/714 715/715/715 716/716/716
f 713/713/713 708/708/708 701/701/701
f 713/713/713 701/701/701 715/715/715
f 712/712/712 705/705/705 708/708/708
f 712/712/712 708/708/708 713/713/713
f 716/716/716 715/715/715 717/717/717
f 716/716/716 717/717/717 718/718/718
f 718/718/718 717/717/717 387/387/387
f 718/718/718 387/387/387 376/376/376
f 717/717/717 704/704/704 390/390/390
f 717/717/717 390/390/390 387/387/387
f 715/715/715 701/701/701 704/704/704
f 715/715/715 704/704/704 717/717/717
f 719/719/719 720/720/720 721/721/721
f 719/719/719 721/721/721 722/722/722
f 722/722/722 721/721/721 371/371/371
f 722/722/722 371/371/371 370/370/370
f 721/721/721 718/718/718 376/376/376
f 721/721/721 376/376/376 371/371/371
f 720/720/720 716/716/716 718/718/718
f 720/720/720 718/718/718 721/721/721
f 723/723/723 724/724/724 725/725/725
f 723/723/723 725/725/725 726/726/726
f 726/726/726 725/725/725 720/720/720
f 726/726/726 720/720/720 719/719/719
f 725/725/725 714/714/714 716/716/716
f 725/725/725 716/716/716 720/720/720
f 724/724/724 711/711/711 714/714/714
f 724/724/724 714/714/714 725/725/725
f 727/727/727 728/728/728 729/729/729
f 727/727/727 729/729/729 730/730/730
f 730/730/730 729/729/729 724/724/724
f 730/730/730 724/724/724 723/723/723
f 729/729/729 731/731/731 711/711/711
f 729/729/729 711/711/711 724/724/724
f 728/728/728 732/732/732 731/731/731
f 728/728/728 731/731/731 729/729/729
f 732/732/732 733/733/733 734/734/734
f 732/732/732 734/734/734 731/731/731
f 731/731/731 734/734/734 712/712/712
f 731/731/731 712/712/712 711/711/711
f 734/734/734 735/735/735 705/705/705
f 734/734/734 705/705/705 712/712/712
f 733/733/733 242/242/242 735/735/735
f 733/733/733 735/735/735 734/734/734
f 213/213/213 216/216/216 736/736/736
f 213/213/213 736/736/736 737/737/737
f 737/737/737 736/736/736 733/733/733
f 737/737/737 733/733/733 732/732/732
f 736/736/736 240/240/240 242/242/242
f 736/736/736 242/242/242 733/733/733
f 216/216/216 218/218/218 240/240/240
f 216/216/216 240/240/240 736/736/736
f 198/198/198 211/211/211 738/738/738
f 198/198/198 738/738/738 739/739/739
f 739/739/739 738/738/738 728/728/728
f 739/739/739 728/728/728 727/727/727
f 738/738/738 737/737/737 732/732/732
f 738/738/738 732/732/732 728/728/728
f 211/211/211 213/213/213 737/737/737
f 211/211/211 737/737/737 738/738/738
f 740/740/740 741/741/741 742/742/742
f 740/740/740 742/742/742 743/743/743
f 743/743/743 742/742/742 744/744/744
f 743/743/743 744/744/744 745/745/745
f 742/742/742 730/730/730 723/723/723
f 742/742/742 723/723/723 744/744/744
f 741/741/741 727/727/727 730/730/730
f 741/741/741 730/730/730 742/742/742
f 188/188/188 196/196/196 746/746/746
f 188/188/188 746/746/746 747/747/747
f 747/747/747 746/746/746 741/741/741
f 747/747/747 741/741/741 740/740/740
f 746/746/746 739/739/739 727/727/727
f 746/746/746 727/727/727 741/741/741
f 196/196/196 198/198/198 739/739/739
f 196/196/196 739/739/739 746/746/746
f 183/183/183 186/186/186 748/748/748
f 183/183/183 748/748/748 749/749/749
f 749/749/749 748/748/748 750/750/750
f 749/749/749 750/750/750 751/751/751
f 748/748/748 747/747/747 740/740/740
f 748/748/748 740/740/740 750/750/750
f 186/186/186 188/188/188 747/747/747
f 186/186/186 747/747/747 748/748/748
f 751/751/751 750/750/750 752/752/752
f 751/751/751 752/752/752 753/753/753
f 753/753/753 752/752/752 754/754/754
f 753/753/753 754/754/754 755/755/755
f 752/752/752 743/743/743 745/745/745
f 752/752/752 745/745/745 754/754/754
f 750/750/750 740/740/740 743/743/743
f 750/750/750 743/743/743 752/752/752
f 755/755/755 754/754/754 756/756/756
f 755/755/755 756/756/756 757/757/757
f 757/757/757 756/756/756 758/758/758
f 757/757/757 758/758/758 759/759/759
f 756/756/756 760/760/760 761/761/761
f 756/756/756 761/761/761 758/758/758
f 754/754/754 745/745/745 760/760/760
f 754/754/754 760/760/760 756/756/756
f 745/745/745 744/744/744 762/762/762
f 745/745/745 762/762/762 760/760/760
f 760/760/760 762/762/762 763/763/763
f 760/760/760 763/763/763 761/761/761
f 762/762/762 726/726/726 719/719/719
f 762/762/762 719/719/719 763/763/763
f 744/744/744 723/723/723 726/726/726
f 744/744/744 726/726/726 762/762/762
f 759/759/759 758/758/758 764/764/764
f 759/759/759 764/764/764 765/765/765
f 765/765/765 764/764/764 357/357/357
f 765/765/765 357/357/357 350/350/350
f 764/764/764 766/766/766 360/360/360
f 764/764/764 360/360/360 357/357/357
f 758/758/758 761/761/761 766/766/766
f 758/758/758 766/766/766 764/764/764
f 761/761/761 763/763/763 767/767/767
f 761/761/761 767/767/767 766/766/766
f 766/766/766 767/767/767 367/367/367
f 766/766/766 367/367/367 360/360/360
f 767/767/767 722/722/722 370/370/370
f 767/767/767 370/370/370 367/367/367
f 763/763/763 719/719/719 722/722/722
f 763/763/763 722/722/722 767/767/767
f 768/768/768 769/769/769 770/770/770
f 768/768/768 770/770/770 771/771/771
f 771/771/771 770/770/770 347/347/347
f 771/771/771 347/347/347 340/340/340
f 770/770/770 765/765/765 350/350/350
f 770/770/770 350/350/350 347/347/347
f 769/769/769 759/759/759 765/765/765
f 769/769/769 765/765/765 770/770/770
f 772/772/772 773/773/773 774/774/774
f 772/772/772 774/774/774 775/775/775
f 775/775/775 774/774/774 769/769/769
f 775/775/775 769/769/769 768/768/768
f 774/774/774 757/757/757 759/759/759
f 774/774/774 759/759/759 769/769/769
f 773/773/773 755/755/755 757/757/757
f 773/773/773 757/757/757 774/774/774
f 776/776/776 777/777/777 778/778/778
f 776/776/776 778/778/778 779/779/779
f 779/779/779 778/778/778 337/337/337
f 779/779/779 337/337/337 330/330/330
f 778/778/778 771/771/771 340/340/340
f 778/778/778 340/340/340 337/337/337
f 777/777/777 768/768/768 771/771/771
f 777/777/777 771/771/771 778/778/778
f 780/780/780 781/781/781 782/782/782
f 780/780/780 782/782/782 783/783/783
f 783/783/783 782/782/782 777/777/777
f 783/783/783 777/777/777 776/776/776
f 782/782/782 775/775/775 768/768/768
f 782/782/782 768/768/768 777/777/777
f 781/781/781 772/772/772 775/775/775
f 781/781/781 775/775/775 782/782/782
f 784/784/784 785/785/785 786/786/786
f 784/784/784 786/786/786 787/787/787
f 787/787/787 786/786/786 788/788/788
f 787/787/787 788/788/788 789/789/789
f 786/786/786 783/783/783 776/776/776
f 786/786/786 776/776/776 788/788/788
f 785/785/785 780/780/780 783/783/783
f 785/785/785 783/783/783 786/786/786
f 789/789/789 788/788/788 790/790/790
f 789/789/789 790/790/790 791/791/791
f 791/791/791 790/790/790 327/327/327
f 791/791/791 327/327/327 316/316/316
f 790/790/790 779/779/779 330/330/330
f 790/790/790 330/330/330 327/327/327
f 788/788/788 776/776/776 779/779/779
f 788/788/788 779/779/779 790/790/790
f 280/280/280 792/792/792 793/793/793
f 280/280/280 793/793/793 289/289/289
f 289/289/289 793/793/793 311/311/311
f 289/289/289 311/311/311 290/290/290
f 793/793/793 791/791/791 316/316/316
f 793/793/793 316/316/316 311/311/311
f 792/792/792 789/789/789 791/791/791
f 792/792/792 791/791/791 793/793/793
f 267/267/267 794/794/794 795/795/795
f 267/267/267 795/795/795 279/279/279
f 279/279/279 795/795/795 792/792/792
f 279/279/279 792/792/792 280/280/280
f 795/795/795 787/787/787 789/789/789
f 795/795/795 789/789/789 792/792/792
f 794/794/794 784/784/784 787/787/787
f 794/794/794 787/787/787 795/795/795
f 268/268/268 796/796/796 797/797/797
f 268/268/268 797/797/797 266/266/266
f 266/266/266 797/797/797 794/794/794
f 266/266/266 794/794/794 267/267/267
f 797/797/797 798/798/798 784/784/784
f 797/797/797 784/784/784 794/794/794
f 796/796/796 799/799/799 798/798/798
f 796/796/796 798/798/798 797/797/797
f 799/799/799 800/800/800 801/801/801
f 799/799/799 801/801/801 798/798/798
f 798/798/798 801/801/801 785/785/785
f 798/798/798 785/785/785 784/784/784
f 801/801/801 802/802/802 780/780/780
f 801/801/801 780/780/780 785/785/785
f 800/800/800 803/803/803 802/802/802
f 800/800/800 802/802/802 801/801/801
f 148/148/148 156/156/156 804/804/804
f 148/148/148 804/804/804 805/805/805
f 805/805/805 804/804/804 800/800/800
f 805/805/805 800/800/800 799/799/799
f 804/804/804 806/806/806 803/803/803
f 804/804/804 803/803/803 800/800/800
f 156/156/156 158/158/158 806/806/806
f 156/156/156 806/806/806 804/804/804
f 143/143/143 146/146/146 807/807/807
f 143/143/143 807/807/807 270/270/270
f 270/270/270 807/807/807 796/796/796
f 270/270/270 796/796/796 268/268/268
f 807/807/807 805/805/805 799/799/799
f 807/807/807 799/799/799 796/796/796
f 146/146/146 148/148/148 805/805/805
f 146/146/146 805/805/805 807/807/807
f 803/803/803 808/808/808 809/809/809
f 803/803/803 809/809/809 802/802/802
f 802/802/802 809/809/809 781/781/781
f 802/802/802 781/781/781 780/780/780
f 809/809/809 810/810/810 772/772/772
f 809/809/809 772/772/772 781/781/781
f 808/808/808 811/811/811 810/810/810
f 808/808/808 810/810/810 809/809/809
f 158/158/158 166/166/166 812/812/812
f 158/158/158 812/812/812 806/806/806
f 806/806/806 812/812/812 808/808/808
f 806/806/806 808/808/808 803/803/803
f 812/812/812 813/813/813 811/811/811
f 812/812/812 811/811/811 808/808/808
f 166/166/166 168/168/168 813/813/813
f 166/166/166 813/813/813 812/812/812
f 811/811/811 814/814/814 815/815/815
f 811/811/811 815/815/815 810/810/810
f 810/810/810 815/815/815 773/773/773
f 810/810/810 773/773/773 772/772/772
f 815/815/815 753/753/753 755/755/755
f 815/815/815 755/755/755 773/773/773
f 814/814/814 751/751/751 753/753/753
f 814/814/814 753/753/753 815/815/815
f 168/168/168 181/181/181 816/816/816
f 168/168/168 816/816/816 813/813/813
f 813/813/813 816/816/816 814/814/814
f 813/813/813 814/814/814 811/811/811
f 816/816/816 749/749/749 751/751/751
f 816/816/816 751/751/751 814/814/814
f 181/181/181 183/183/183 749/749/749
f 181/181/181 749/749/749 816/816/816
f 242/242/242 241/241/241 817/817/817
f 242/242/242 817/817/817 735/735/735
f 735/735/735 817/817/817 706/706/706
f 735/735/735 706/706/706 705/705/705
f 817/817/817 254/254/254 256/256/256
f 817/817/817 256/256/256 706/706/706
f 241/241/241 244/244/244 254/254/254
f 241/241/241 254/254/254 817/817/817
f 818/818/818 819/819/819 820/820/820
f 818/818/818 820/820/820 821/821/821
f 821/821/821 820/820/820 230/230/230
f 821/821/821 230/230/230 223/223/223
f 820/820/820 822/822/822 233/233/233
f 820/820/820 233/233/233 230/230/230
f 819/819/819 823/823/823 822/822/822
f 819/819/819 822/822/822 820/820/820
f 823/823/823 824/824/824 825/825/825
f 823/823/823 825/825/825 822/822/822
f 822/822/822 825/825/825 234/234/234
f 822/822/822 234/234/234 233/233/233
f 825/825/825 115/115/115 117/117/117
f 825/825/825 117/117/117 234/234/234
f 824/824/824 107/107/107 115/115/115
f 824/824/824 115/115/115 825/825/825
f 826/826/826 827/827/827 828/828/828
f 826/826/826 828/828/828 829/829/829
f 829/829/829 828/828/828 824/824/824
f 829/829/829 824/824/824 823/823/823
f 828/828/828 105/105/105 107/107/107
f 828/828/828 107/107/107 824/824/824
f 827/827/827 103/103/103 105/105/105
f 827/827/827 105/105/105 828/828/828
f 830/830/830 831/831/831 832/832/832
f 830/830/830 832/832/832 833/833/833
f 833/833/833 832/832/832 819/819/819
f 833/833/833 819/819/819 818/818/818
f 832/832/832 829/829/829 823/823/823
f 832/832/832 823/823/823 819/819/819
f 831/831/831 826/826/826 829/829/829
f 831/831/831 829/829/829 832/832/832
f 834/834/834 835/835/835 836/836/836
f 834/834/834 836/836/836 837/837/837
f 837/837/837 836/836/836 827/827/827
f 837/837/837 827/827/827 826/826/826
f 836/836/836 101/101/101 103/103/103
f 836/836/836 103/103/103 827/827/827
f 835/835/835 87/87/87 101/101/101
f 835/835/835 101/101/101 836/836/836
f 838/838/838 839/839/839 840/840/840
f 838/838/838 840/840/840 841/841/841
f 841/841/841 840/840/840 831/831/831
f 841/841/841 831/831/831 830/830/830
f 840/840/840 837/837/837 826/826/826
f 840/840/840 826/826/826 831/831/831
f 839/839/839 834/834/834 837/837/837
f 839/839/839 837/837/837 840/840/840
f 842/842/842 843/843/843 844/844/844
f 842/842/842 844/844/844 845/845/845
f 845/845/845 844/844/844 846/846/846
f 845/845/845 846/846/846 847/847/847
f 844/844/844 833/833/833 818/818/818
f 844/844/844 818/818/818 846/846/846
f 843/843/843 830/830/830 833/833/833
f 843/843/843 833/833/833 844/844/844
f 848/848/848 849/849/849 850/850/850
f 848/848/848 850/850/850 851/851/851
f 851/851/851 850/850/850 843/843/843
f 851/851/851 843/843/843 842/842/842
f 850/850/850 841/841/841 830/830/830
f 850/850/850 830/830/830 843/843/843
f 849/849/849 838/838/838 841/841/841
f 849/849/849 841/841/841 850/850/850
f 852/852/852 853/853/853 854/854/854
f 852/852/852 854/854/854 855/855/855
f 855/855/855 854/854/854 856/856/856
f 855/855/855 856/856/856 857/857/857
f 854/854/854 845/845/845 847/847/847
f 854/854/854 847/847/847 856/856/856
f 853/853/853 842/842/842 845/845/845
f 853/853/853 845/845/845 854/854/854
f 858/858/858 859/859/859 860/860/860
f 858/858/858 860/860/860 861/861/861
f 861/861/861 860/860/860 853/853/853
f 861/861/861 853/853/853 852/852/852
f 860/860/860 851/851/851 842/842/842
f 860/860/860 842/842/842 853/853/853
f 859/859/859 848/848/848 851/851/851
f 859/859/859 851/851/851 860/860/860
f 857/857/857 856/856/856 862/862/862
f 857/857/857 862/862/862 863/863/863
f 863/863/863 862/862/862 204/204/204
f 863/863/863 204/204/204 203/203/203
f 862/862/862 864/864/864 209/209/209
f 862/862/862 209/209/209 204/204/204
f 856/856/856 847/847/847 864/864/864
f 856/856/856 864/864/864 862/862/862
f 847/847/847 846/846/846 865/865/865
f 847/847/847 865/865/865 864/864/864
f 864/864/864 865/865/865 220/220/220
f 864/864/864 220/220/220 209/209/209
f 865/865/865 821/821/821 223/223/223
f 865/865/865 223/223/223 220/220/220
f 846/846/846 818/818/818 821/821/821
f 846/846/846 821/821/821 865/865/865
f 866/866/866 867/867/867 868/868/868
f 866/866/866 868/868/868 869/869/869
f 869/869/869 868/868/868 200/200/200
f 869/869/869 200/200/200 193/193/193
f 868/868/868 863/863/863 203/203/203
f 868/868/868 203/203/203 200/200/200
f 867/867/867 857/857/857 863/863/863
f 867/867/867 863/863/863 868/868/868
f 870/870/870 871/871/871 872/872/872
f 870/870/870 872/872/872 873/873/873
f 873/873/873 872/872/872 867/867/867
f 873/873/873 867/867/867 866/866/866
f 872/872/872 855/855/855 857/857/857
f 872/872/872 857/857/857 867/867/867
f 871/871/871 852/852/852 855/855/855
f 871/871/871 855/855/855 872/872/872
f 874/874/874 875/875/875 876/876/876
f 874/874/874 876/876/876 877/877/877
f 877/877/877 876/876/876 190/190/190
f 877/877/877 190/190/190 179/179/179
f 876/876/876 869/869/869 193/193/193
f 876/876/876 193/193/193 190/190/190
f 875/875/875 866/866/866 869/869/869
f 875/875/875 869/869/869 876/876/876
f 878/878/878 879/879/879 880/880/880
f 878/878/878 880/880/880 881/881/881
f 881/881/881 880/880/880 875/875/875
f 881/881/881 875/875/875 874/874/874
f 880/880/880 873/873/873 866/866/866
f 880/880/880 866/866/866 875/875/875
f 879/879/879 870/870/870 873/873/873
f 879/879/879 873/873/873 880/880/880
f 882/882/882 883/883/883 884/884/884
f 882/882/882 884/884/884 885/885/885
f 885/885/885 884/884/884 879/879/879
f 885/885/885 879/879/879 878/878/878
f 884/884/884 886/886/886 870/870/870
f 884/884/884 870/870/870 879/879/879
f 883/883/883 887/887/887 886/886/886
f 883/883/883 886/886/886 884/884/884
f 887/887/887 888/888/888 889/889/889
f 887/887/887 889/889/889 886/886/886
f 886/886/886 889/889/889 871/871/871
f 886/886/886 871/871/871 870/870/870
f 889/889/889 861/861/861 852/852/852
f 889/889/889 852/852/852 871/871/871
f 888/888/888 858/858/858 861/861/861
f 888/888/888 861/861/861 889/889/889
f 890/890/890 891/891/891 892/892/892
f 890/890/890 892/892/892 893/893/893
f 893/893/893 892/892/892 888/888/888
f 893/893/893 888/888/888 887/887/887
f 892/892/892 894/894/894 858/858/858
f 892/892/892 858/858/858 888/888/888
f 891/891/891 895/895/895 894/894/894
f 891/891/891 894/894/894 892/892/892
f 896/896/896 897/897/897 898/898/898
f 896/896/896 898/898/898 899/899/899
f 899/899/899 898/898/898 883/883/883
f 899/899/899 883/883/883 882/882/882
f 898/898/898 893/893/893 887/887/887
f 898/898/898 887/887/887 883/883/883
f 897/897/897 890/890/890 893/893/893
f 897/897/897 893/893/893 898/898/898
f 900/900/900 901/901/901 902/902/902
f 900/900/900 902/902/902 903/903/903
f 903/903/903 902/902/902 897/897/897
f 903/903/903 897/897/897 896/896/896
f 902/902/902 904/904/904 890/890/890
f 902/902/902 890/890/890 897/897/897
f 901/901/901 905/905/905 904/904/904
f 901/901/901 904/904/904 902/902/902
f 905/905/905 906/906/906 907/907/907
f 905/905/905 907/907/907 904/904/904
f 904/904/904 907/907/907 891/891/891
f 904/904/904 891/891/891 890/890/890
f 907/907/907 908/908/908 895/895/895
f 907/907/907 895/895/895 891/891/891
f 906/906/906 909/909/909 908/908/908
f 906/906/906 908/908/908 907/907/907
f 910/910/910 911/911/911 912/912/912
f 910/910/910 912/912/912 913/913/913
f 913/913/913 912/912/912 901/901/901
f 913/913/913 901/901/901 900/900/900
f 912/912/912 914/914/914 905/905/905
f 912/912/912 905/905/905 901/901/901
f 911/911/911 915/915/915 914/914/914
f 911/911/911 914/914/914 912/912/912
f 915/915/915 916/916/916 917/917/917
f 915/915/915 917/917/917 914/914/914
f 914/914/914 917/917/917 906/906/906
f 914/914/914 906/906/906 905/905/905
f 917/917/917 918/918/918 909/909/909
f 917/917/917 909/909/909 906/906/906
f 916/916/916 919/919/919 918/918/918
f 916/916/916 918/918/918 917/917/917
f 920/920/920 921/921/921 922/922/922
f 920/920/920 922/922/922 923/923/923
f 923/923/923 922/922/922 911/911/911
f 923/923/923 911/911/911 910/910/910
f 922/922/922 924/924/924 915/915/915
f 922/922/922 915/915/915 911/911/911
f 921/921/921 925/925/925 924/924/924
f 921/921/921 924/924/924 922/922/922
f 925/925/925 926/926/926 927/927/927
f 925/925/925 927/927/927 924/924/924
f 924/924/924 927/927/927 916/916/916
f 924/924/924 916/916/916 915/915/915
f 927/927/927 928/928/928 919/919/919
f 927/927/927 919/919/919 916/916/916
f 926/926/926 929/929/929 928/928/928
f 926/926/926 928/928/928 927/927/927
f 930/930/930 931/931/931 932/932/932
f 930/930/930 932/932/932 933/933/933
f 933/933/933 932/932/932 921/921/921
f 933/933/933 921/921/921 920/920/920
f 932/932/932 934/934/934 925/925/925
f 932/932/932 925/925/925 921/921/921
f 931/931/931 935/935/935 934/934/934
f 931/931/931 934/934/934 932/932/932
f 935/935/935 936/936/936 937/937/937
f 935/935/935 937/937/937 934/934/934
f 934/934/934 937/937/937 926/926/926
f 934/934/934 926/926/926 925/925/925
f 937/937/937 938/938/938 929/929/929
f 937/937/937 929/929/929 926/926/926
f 936/936/936 939/939/939 938/938/938
f 936/936/936 938/938/938 937/937/937
f 939/939/939 936/936/936 940/940/940
f 939/939/939 940/940/940 941/941/941
f 941/941/941 940/940/940 942/942/942
f 941/941/941 942/942/942 943/943/943
f 940/940/940 944/944/944 945/945/945
f 940/940/940 945/945/945 942/942/942
f 936/936/936 935/935/935 944/944/944
f 936/936/936 944/944/944 940/940/940
f 935/935/935 931/931/931 946/946/946
f 935/935/935 946/946/946 944/944/944
f 944/944/944 946/946/946 947/947/947
f 944/944/944 947/947/947 945/945/945
f 946/946/946 948/948/948 949/949/949
f 946/946/946 949/949/949 947/947/947
f 931/931/931 930/930/930 948/948/948
f 931/931/931 948/948/948 946/946/946
f 930/930/930 950/950/950 951/951/951
f 930/930/930 951/951/951 948/948/948
f 948/948/948 951/951/951 952/952/952
f 948/948/948 952/952/952 949/949/949
f 951/951/951 953/953/953 954/954/954
f 951/951/951 954/954/954 952/952/952
f 950/950/950 955/955/955 953/953/953
f 950/950/950 953/953/953 951/951/951
f 955/955/955 956/956/956 957/957/957
f 955/955/955 957/957/957 953/953/953
f 953/953/953 957/957/957 958/958/958
f 953/953/953 958/958/958 954/954/954
f 957/957/957 959/959/959 960/960/960
f 957/957/957 960/960/960 958/958/958
f 956/956/956 961/961/961 959/959/959
f 956/956/956 959/959/959 957/957/957
f 955/955/955 950/950/950 962/962/962
f 955/955/955 962/962/962 963/963/963
f 963/963/963 962/962/962 964/964/964
f 963/963/963 964/964/964 965/965/965
f 962/962/962 933/933/933 920/920/920
f 962/962/962 920/920/920 964/964/964
f 950/950/950 930/930/930 933/933/933
f 950/950/950 933/933/933 962/962/962
f 961/961/961 956/956/956 966/966/966
f 961/961/961 966/966/966 967/967/967
f 967/967/967 966/966/966 968/968/968
f 967/967/967 968/968/968 969/969/969
f 966/966/966 963/963/963 965/965/965
f 966/966/966 965/965/965 968/968/968
f 956/956/956 955/955/955 963/963/963
f 956/956/956 963/963/963 966/966/966
f 965/965/965 964/964/964 970/970/970
f 965/965/965 970/970/970 971/971/971
f 971/971/971 970/970/970 972/972/972
f 971/971/971 972/972/972 973/973/973
f 970/970/970 923/923/923 910/910/910
f 970/970/970 910/910/910 972/972/972
f 964/964/964 920/920/920 923/923/923
f 964/964/964 923/923/923 970/970/970
f 969/969/969 968/968/968 974/974/974
f 969/969/969 974/974/974 975/975/975
f 975/975/975 974/974/974 976/976/976
f 975/975/975 976/976/976 977/977/977
f 974/974/974 971/971/971 973/973/973
f 974/974/974 973/973/973 976/976/976
f 968/968/968 965/965/965 971/971/971
f 968/968/968 971/971/971 974/974/974
f 978/978/978 979/979/979 980/980/980
f 978/978/978 980/980/980 981/981/981
f 981/981/981 980/980/980 982/982/982
f 981/981/981 982/982/982 983/983/983
f 980/980/980 967/967/967 969/969/969
f 980/980/980 969/969/969 982/982/982
f 979/979/979 961/961/961 967/967/967
f 979/979/979 967/967/967 980/980/980
f 983/983/983 982/982/982 984/984/984
f 983/983/983 984/984/984 985/985/985
f 985/985/985 984/984/984 986/986/986
f 985/985/985 986/986/986 987/987/987
f 984/984/984 975/975/975 977/977/977
f 984/984/984 977/977/977 986/986/986
f 982/982/982 969/969/969 975/975/975
f 982/982/982 975/975/975 984/984/984
f 49/49/49 988/988/988 989/989/989
f 49/49/49 989/989/989 62/62/62
f 62/62/62 989/989/989 990/990/990
f 62/62/62 990/990/990 63/63/63
f 989/989/989 985/985/985 987/987/987
f 989/989/989 987/987/987 990/990/990
f 988/988/988 983/983/983 985/985/985
f 988/988/988 985/985/985 989/989/989
f 38/38/38 991/991/991 992/992/992
f 38/38/38 992/992/992 48/48/48
f 48/48/48 992/992/992 988/988/988
f 48/48/48 988/988/988 49/49/49
f 992/992/992 981/981/981 983/983/983
f 992/992/992 983/983/983 988/988/988
f 991/991/991 978/978/978 981/981/981
f 991/991/991 981/981/981 992/992/992
f 63/63/63 990/990/990 993/993/993
f 63/63/63 993/993/993 72/72/72
f 72/72/72 993/993/993 994/994/994
f 72/72/72 994/994/994 73/73/73
f 993/993/993 995/995/995 996/996/996
f 993/993/993 996/996/996 994/994/994
f 990/990/990 987/987/987 995/995/995
f 990/990/990 995/995/995 993/993/993
f 987/987/987 986/986/986 997/997/997
f 987/987/987 997/997/997 995/995/995
f 995/995/995 997/997/997 998/998/998
f 995/995/995 998/998/998 996/996/996
f 997/997/997 999/999/999 1000/1000/1000
f 997/997/997 1000/1000/1000 998/998/998
f 986/986/986 977/977/977 999/999/999
f 986/986/986 999/999/999 997/997/997
f 73/73/73 994/994/994 1001/1001/1001
f 73/73/73 1001/1001/1001 82/82/82
f 82/82/82 1001/1001/1001 1002/1002/1002
f 82/82/82 1002/1002/1002 83/83/83
f 1001/1001/1001 1003/1003/1003 1004/1004/1004
f 1001/1001/1001 1004/1004/1004 1002/1002/1002
f 994/994/994 996/996/996 1003/1003/1003
f 994/994/994 1003/1003/1003 1001/1001/1001
f 996/996/996 998/998/998 1005/1005/1005
f 996/996/996 1005/1005/1005 1003/1003/1003
f 1003/1003/1003 1005/1005/1005 1006/1006/1006
f 1003/1003/1003 1006/1006/1006 1004/1004/1004
f 1005/1005/1005 1007/1007/1007 1008/1008/1008
f 1005/1005/1005 1008/1008/1008 1006/1006/1006
f 998/998/998 1000/1000/1000 1007/1007/1007
f 998/998/998 1007/1007/1007 1005/1005/1005
f 83/83/83 1002/1002/1002 1009/1009/1009
f 83/83/83 1009/1009/1009 92/92/92
f 92/92/92 1009/1009/1009 1010/1010/1010
f 92/92/92 1010/1010/1010 93/93/93
f 1009/1009/1009 1011/1011/1011 1012/1012/1012
f 1009/1009/1009 1012/1012/1012 1010/1010/1010
f 1002/1002/1002 1004/1004/1004 1011/1011/1011
f 1002/1002/1002 1011/1011/1011 1009/1009/1009
f 1004/1004/1004 1006/1006/1006 1013/1013/1013
f 1004/1004/1004 1013/1013/1013 1011/1011/1011
f 1011/1011/1011 1013/1013/1013 1014/1014/1014
f 1011/1011/1011 1014/1014/1014 1012/1012/1012
f 1013/1013/1013 1015/1015/1015 1016/1016/1016
f 1013/1013/1013 1016/1016/1016 1014/1014/1014
f 1006/1006/1006 1008/1008/1008 1015/1015/1015
f 1006/1006/1006 1015/1015/1015 1013/1013/1013
f 1012/1012/1012 1014/1014/1014 1017/1017/1017
f 1012/1012/1012 1017/1017/1017 1018/1018/1018
f 1018/1018/1018 1017/1017/1017 1019/1019/1019
f 1018/1018/1018 1019/1019/1019 1020/1020/1020
f 1017/1017/1017 1021/1021/1021 1022/1022/1022
f 1017/1017/1017 1022/1022/1022 1019/1019/1019
f 1014/1014/1014 1016/1016/1016 1021/1021/1021
f 1014/1014/1014 1021/1021/1021 1017/1017/1017
f 93/93/93 1010/1010/1010 1023/1023/1023
f 93/93/93 1023/1023/1023 98/98/98
f 98/98/98 1023/1023/1023 1024/1024/1024
f 98/98/98 1024/1024/1024 99/99/99
f 1023/1023/1023 1018/1018/1018 1020/1020/1020
f 1023/1023/1023 1020/1020/1020 1024/1024/1024
f 1010/1010/1010 1012/1012/1012 1018/1018/1018
f 1010/1010/1010 1018/1018/1018 1023/1023/1023
f 99/99/99 1024/1024/1024 1025/1025/1025
f 99/99/99 1025/1025/1025 112/112/112
f 112/112/112 1025/1025/1025 1026/1026/1026
f 112/112/112 1026/1026/1026 113/113/113
f 1025/1025/1025 1027/1027/1027 1028/1028/1028
f 1025/1025/1025 1028/1028/1028 1026/1026/1026
f 1024/1024/1024 1020/1020/1020 1027/1027/1027
f 1024/1024/1024 1027/1027/1027 1025/1025/1025
f 1020/1020/1020 1019/1019/1019 1029/1029/1029
f 1020/1020/1020 1029/1029/1029 1027/1027/1027
f 1027/1027/1027 1029/1029/1029 1030/1030/1030
f 1027/1027/1027 1030/1030/1030 1028/1028/1028
f 1029/1029/1029 1031/1031/1031 1032/1032/1032
f 1029/1029/1029 1032/1032/1032 1030/1030/1030
f 1019/1019/1019 1022/1022/1022 1031/1031/1031
f 1019/1019/1019 1031/1031/1031 1029/1029/1029
f 113/113/113 1026/1026/1026 1033/1033/1033
f 113/113/113 1033/1033/1033 122/122/122
f 122/122/122 1033/1033/1033 150/150/150
f 122/122/122 150/150/150 123/123/123
f 1033/1033/1033 1034/1034/1034 153/153/153
f 1033/1033/1033 153/153/153 150/150/150
f 1026/1026/1026 1028/1028/1028 1034/1034/1034
f 1026/1026/1026 1034/1034/1034 1033/1033/1033
f 1028/1028/1028 1030/1030/1030 1035/1035/1035
f 1028/1028/1028 1035/1035/1035 1034/1034/1034
f 1034/1034/1034 1035/1035/1035 160/160/160
f 1034/1034/1034 160/160/160 153/153/153
f 1035/1035/1035 1036/1036/1036 163/163/163
f 1035/1035/1035 163/163/163 160/160/160
f 1030/1030/1030 1032/1032/1032 1036/1036/1036
f 1030/1030/1030 1036/1036/1036 1035/1035/1035
f 1032/1032/1032 1037/1037/1037 1038/1038/1038
f 1032/1032/1032 1038/1038/1038 1036/1036/1036
f 1036/1036/1036 1038/1038/1038 170/170/170
f 1036/1036/1036 170/170/170 163/163/163
f 1038/1038/1038 1039/1039/1039 173/173/173
f 1038/1038/1038 173/173/173 170/170/170
f 1037/1037/1037 1040/1040/1040 1039/1039/1039
f 1037/1037/1037 1039/1039/1039 1038/1038/1038
f 1022/1022/1022 1041/1041/1041 1042/1042/1042
f 1022/1022/1022 1042/1042/1042 1031/1031/1031
f 1031/1031/1031 1042/1042/1042 1037/1037/1037
f 1031/1031/1031 1037/1037/1037 1032/1032/1032
f 1042/1042/1042 1043/1043/1043 1040/1040/1040
f 1042/1042/1042 1040/1040/1040 1037/1037/1037
f 1041/1041/1041 1044/1044/1044 1043/1043/1043
f 1041/1041/1041 1043/1043/1043 1042/1042/1042
f 1040/1040/1040 1045/1045/1045 1046/1046/1046
f 1040/1040/1040 1046/1046/1046 1039/1039/1039
f 1039/1039/1039 1046/1046/1046 174/174/174
f 1039/1039/1039 174/174/174 173/173/173
f 1046/1046/1046 877/877/877 179/179/179
f 1046/1046/1046 179/179/179 174/174/174
f 1045/1045/1045 874/874/874 877/877/877
f 1045/1045/1045 877/877/877 1046/1046/1046
f 1044/1044/1044 1047/1047/1047 1048/1048/1048
f 1044/1044/1044 1048/1048/1048 1043/1043/1043
f 1043/1043/1043 1048/1048/1048 1045/1045/1045
f 1043/1043/1043 1045/1045/1045 1040/1040/1040
f 1048/1048/1048 881/881/881 874/874/874
f 1048/1048/1048 874/874/874 1045/1045/1045
f 1047/1047/1047 878/878/878 881/881/881
f 1047/1047/1047 881/881/881 1048/1048/1048
f 1049/1049/1049 1050/1050/1050 1051/1051/1051
f 1049/1049/1049 1051/1051/1051 1052/1052/1052
f 1052/1052/1052 1051/1051/1051 1047/1047/1047
f 1052/1052/1052 1047/1047/1047 1044/1044/1044
f 1051/1051/1051 885/885/885 878/878/878
f 1051/1051/1051 878/878/878 1047/1047/1047
f 1050/1050/1050 882/882/882 885/885/885
f 1050/1050/1050 885/885/885 1051/1051/1051
f 1016/1016/1016 1053/1053/1053 1054/1054/1054
f 1016/1016/1016 1054/1054/1054 1021/1021/1021
f 1021/1021/1021 1054/1054/1054 1041/1041/1041
f 1021/1021/1021 1041/1041/1041 1022/1022/1022
f 1054/1054/1054 1052/1052/1052 1044/1044/1044
f 1054/1054/1054 1044/1044/1044 1041/1041/1041
f 1053/1053/1053 1049/1049/1049 1052/1052/1052
f 1053/1053/1053 1052/1052/1052 1054/1054/1054
f 1055/1055/1055 1056/1056/1056 1057/1057/1057
f 1055/1055/1055 1057/1057/1057 1058/1058/1058
f 1058/1058/1058 1057/1057/1057 1050/1050/1050
f 1058/1058/1058 1050/1050/1050 1049/1049/1049
f 1057/1057/1057 899/899/899 882/882/882
f 1057/1057/1057 882/882/882 1050/1050/1050
f 1056/1056/1056 896/896/896 899/899/899
f 1056/1056/1056 899/899/899 1057/1057/1057
f 1008/1008/1008 1059/1059/1059 1060/1060/1060
f 1008/1008/1008 1060/1060/1060 1015/1015/1015
f 1015/1015/1015 1060/1060/1060 1053/1053/1053
f 1015/1015/1015 1053/1053/1053 1016/1016/1016
f 1060/1060/1060 1058/1058/1058 1049/1049/1049
f 1060/1060/1060 1049/1049/1049 1053/1053/1053
f 1059/1059/1059 1055/1055/1055 1058/1058/1058
f 1059/1059/1059 1058/1058/1058 1060/1060/1060
f 1000/1000/1000 1061/1061/1061 1062/1062/1062
f 1000/1000/1000 1062/1062/1062 1007/1007/1007
f 1007/1007/1007 1062/1062/1062 1059/1059/1059
f 1007/1007/1007 1059/1059/1059 1008/1008/1008
f 1062/1062/1062 1063/1063/1063 1055/1055/1055
f 1062/1062/1062 1055/1055/1055 1059/1059/1059
f 1061/1061/1061 1064/1064/1064 1063/1063/1063
f 1061/1061/1061 1063/1063/1063 1062/1062/1062
f 1064/1064/1064 1065/1065/1065 1066/1066/1066
f 1064/1064/1064 1066/1066/1066 1063/1063/1063
f 1063/1063/1063 1066/1066/1066 1056/1056/1056
f 1063/1063/1063 1056/1056/1056 1055/1055/1055
f 1066/1066/1066 903/903/903 896/896/896
f 1066/1066/1066 896/896/896 1056/1056/1056
f 1065/1065/1065 900/900/900 903/903/903
f 1065/1065/1065 903/903/903 1066/1066/1066
f 973/973/973 972/972/972 1067/1067/1067
f 973/973/973 1067/1067/1067 1068/1068/1068
f 1068/1068/1068 1067/1067/1067 1065/1065/1065
f 1068/1068/1068 1065/1065/1065 1064/1064/1064
f 1067/1067/1067 913/913/913 900/900/900
f 1067/1067/1067 900/900/900 1065/1065/1065
f 972/972/972 910/910/910 913/913/913
f 972/972/972 913/913/913 1067/1067/1067
f 977/977/977 976/976/976 1069/1069/1069
f 977/977/977 1069/1069/1069 999/999/999
f 999/999/999 1069/1069/1069 1061/1061/1061
f 999/999/999 1061/1061/1061 1000/1000/1000
f 1069/1069/1069 1068/1068/1068 1064/1064/1064
f 1069/1069/1069 1064/1064/1064 1061/1061/1061
f 976/976/976 973/973/973 1068/1068/1068
f 976/976/976 1068/1068/1068 1069/1069/1069
f 961/961/961 979/979/979 1070/1070/1070
f 961/961/961 1070/1070/1070 959/959/959
f 959/959/959 1070/1070/1070 1071/1071/1071
f 959/959/959 1071/1071/1071 960/960/960
f 1070/1070/1070 1072/1072/1072 1073/1073/1073
f 1070/1070/1070 1073/1073/1073 1071/1071/1071
f 979/979/979 978/978/978 1072/1072/1072
f 979/979/979 1072/1072/1072 1070/1070/1070
f 978/978/978 991/991/991 1074/1074/1074
f 978/978/978 1074/1074/1074 1072/1072/1072
f 1072/1072/1072 1074/1074/1074 1075/1075/1075
f 1072/1072/1072 1075/1075/1075 1073/1073/1073
f 1074/1074/1074 41/41/41 43/43/43
f 1074/1074/1074 43/43/43 1075/1075/1075
f 991/991/991 38/38/38 41/41/41
f 991/991/991 41/41/41 1074/1074/1074
f 9/9/9 1076/1076/1076 1077/1077/1077
f 9/9/9 1077/1077/1077 7/7/7
f 7/7/7 1077/1077/1077 1078/1078/1078
f 7/7/7 1078/1078/1078 8/8/8
f 1077/1077/1077 941/941/941 943/943/943
f 1077/1077/1077 943/943/943 1078/1078/1078
f 1076/1076/1076 939/939/939 941/941/941
f 1076/1076/1076 941/941/941 1077/1077/1077
f 939/939/939 1076/1076/1076 1079/1079/1079
f 939/939/939 1079/1079/1079 938/938/938
f 938/938/938 1079/1079/1079 1080/1080/1080
f 938/938/938 1080/1080/1080 929/929/929
f 1079/1079/1079 11/11/11 13/13/13
f 1079/1079/1079 13/13/13 1080/1080/1080
f 1076/1076/1076 9/9/9 11/11/11
f 1076/1076/1076 11/11/11 1079/1079/1079
f 929/929/929 1080/1080/1080 1081/1081/1081
f 929/929/929 1081/1081/1081 928/928/928
f 928/928/928 1081/1081/1081 1082/1082/1082
f 928/928/928 1082/1082/1082 919/919/919
f 1081/1081/1081 1083/1083/1083 1084/1084/1084
f 1081/1081/1081 1084/1084/1084 1082/1082/1082
f 1080/1080/1080 13/13/13 1083/1083/1083
f 1080/1080/1080 1083/1083/1083 1081/1081/1081
f 13/13/13 12/12/12 1085/1085/1085
f 13/13/13 1085/1085/1085 1083/1083/1083
f 1083/1083/1083 1085/1085/1085 1086/1086/1086
f 1083/1083/1083 1086/1086/1086 1084/1084/1084
f 1085/1085/1085 1087/1087/1087 1088/1088/1088
f 1085/1085/1085 1088/1088/1088 1086/1086/1086
f 12/12/12 15/15/15 1087/1087/1087
f 12/12/12 1087/1087/1087 1085/1085/1085
f 919/919/919 1082/1082/1082 1089/1089/1089
f 919/919/919 1089/1089/1089 918/918/918
f 918/918/918 1089/1089/1089 1090/1090/1090
f 918/918/918 1090/1090/1090 909/909/909
f 1089/1089/1089 1091/1091/1091 1092/1092/1092
f 1089/1089/1089 1092/1092/1092 1090/1090/1090
f 1082/1082/1082 1084/1084/1084 1091/1091/1091
f 1082/1082/1082 1091/1091/1091 1089/1089/1089
f 1084/1084/1084 1086/1086/1086 1093/1093/1093
f 1084/1084/1084 1093/1093/1093 1091/1091/1091
f 1091/1091/1091 1093/1093/1093 1094/1094/1094
f 1091/1091/1091 1094/1094/1094 1092/1092/1092
f 1093/1093/1093 1095/1095/1095 1096/1096/1096
f 1093/1093/1093 1096/1096/1096 1094/1094/1094
f 1086/1086/1086 1088/1088/1088 1095/1095/1095
f 1086/1086/1086 1095/1095/1095 1093/1093/1093
f 909/909/909 1090/1090/1090 1097/1097/1097
f 909/909/909 1097/1097/1097 908/908/908
f 908/908/908 1097/1097/1097 1098/1098/1098
f 908/908/908 1098/1098/1098 895/895/895
f 1097/1097/1097 1099/1099/1099 1100/1100/1100
f 1097/1097/1097 1100/1100/1100 1098/1098/1098
f 1090/1090/1090 1092/1092/1092 1099/1099/1099
f 1090/1090/1090 1099/1099/1099 1097/1097/1097
f 1092/1092/1092 1094/1094/1094 1101/1101/1101
f 1092/1092/1092 1101/1101/1101 1099/1099/1099
f 1099/1099/1099 1101/1101/1101 1102/1102/1102
f 1099/1099/1099 1102/1102/1102 1100/1100/1100
f 1101/1101/1101 1103/1103/1103 1104/1104/1104
f 1101/1101/1101 1104/1104/1104 1102/1102/1102
f 1094/1094/1094 1096/1096/1096 1103/1103/1103
f 1094/1094/1094 1103/1103/1103 1101/1101/1101
f 895/895/895 1098/1098/1098 1105/1105/1105
f 895/895/895 1105/1105/1105 894/894/894
f 894/894/894 1105/1105/1105 859/859/859
f 894/894/894 859/859/859 858/858/858
f 1105/1105/1105 1106/1106/1106 848/848/848
f 1105/1105/1105 848/848/848 859/859/859
f 1098/1098/1098 1100/1100/1100 1106/1106/1106
f 1098/1098/1098 1106/1106/1106 1105/1105/1105
f 1100/1100/1100 1102/1102/1102 1107/1107/1107
f 1100/1100/1100 1107/1107/1107 1106/1106/1106
f 1106/1106/1106 1107/1107/1107 849/849/849
f 1106/1106/1106 849/849/849 848/848/848
f 1107/1107/1107 1108/1108/1108 838/838/838
f 1107/1107/1107 838/838/838 849/849/849
f 1102/1102/1102 1104/1104/1104 1108/1108/1108
f 1102/1102/1102 1108/1108/1108 1107/1107/1107
f 1104/1104/1104 1109/1109/1109 1110/1110/1110
f 1104/1104/1104 1110/1110/1110 1108/1108/1108
f 1108/1108/1108 1110/1110/1110 839/839/839
f 1108/1108/1108 839/839/839 838/838/838
f 1110/1110/1110 1111/1111/1111 834/834/834
f 1110/1110/1110 834/834/834 839/839/839
f 1109/1109/1109 1112/1112/1112 1111/1111/1111
f 1109/1109/1109 1111/1111/1111 1110/1110/1110
f 1096/1096/1096 1113/1113/1113 1114/1114/1114
f 1096/1096/1096 1114/1114/1114 1103/1103/1103
f 1103/1103/1103 1114/1114/1114 1109/1109/1109
f 1103/1103/1103 1109/1109/1109 1104/1104/1104
f 1114/1114/1114 1115/1115/1115 1112/1112/1112
f 1114/1114/1114 1112/1112/1112 1109/1109/1109
f 1113/1113/1113 1116/1116/1116 1115/1115/1115
f 1113/1113/1113 1115/1115/1115 1114/1114/1114
f 1112/1112/1112 1117/1117/1117 1118/1118/1118
f 1112/1112/1112 1118/1118/1118 1111/1111/1111
f 1111/1111/1111 1118/1118/1118 835/835/835
f 1111/1111/1111 835/835/835 834/834/834
f 1118/1118/1118 85/85/85 87/87/87
f 1118/1118/1118 87/87/87 835/835/835
f 1117/1117/1117 77/77/77 85/85/85
f 1117/1117/1117 85/85/85 1118/1118/1118
f 1116/1116/1116 1119/1119/1119 1120/1120/1120
f 1116/1116/1116 1120/1120/1120 1115/1115/1115
f 1115/1115/1115 1120/1120/1120 1117/1117/1117
f 1115/1115/1115 1117/1117/1117 1112/1112/1112
f 1120/1120/1120 75/75/75 77/77/77
f 1120/1120/1120 77/77/77 1117/1117/1117
f 1119/1119/1119 67/67/67 75/75/75
f 1119/1119/1119 75/75/75 1120/1120/1120
f 1121/1121/1121 1122/1122/1122 1123/1123/1123
f 1121/1121/1121 1123/1123/1123 1124/1124/1124
f 1124/1124/1124 1123/1123/1123 1119/1119/1119
f 1124/1124/1124 1119/1119/1119 1116/1116/1116
f 1123/1123/1123 65/65/65 67/67/67
f 1123/1123/1123 67/67/67 1119/1119/1119
f 1122/1122/1122 57/57/57 65/65/65
f 1122/1122/1122 65/65/65 1123/1123/1123
f 1088/1088/1088 1125/1125/1125 1126/1126/1126
f 1088/1088/1088 1126/1126/1126 1095/1095/1095
f 1095/1095/1095 1126/1126/1126 1113/1113/1113
f 1095/1095/1095 1113/1113/1113 1096/1096/1096
f 1126/1126/1126 1124/1124/1124 1116/1116/1116
f 1126/1126/1126 1116/1116/1116 1113/1113/1113
f 1125/1125/1125 1121/1121/1121 1124/1124/1124
f 1125/1125/1125 1124/1124/1124 1126/1126/1126
f 20/20/20 1127/1127/1127 1128/1128/1128
f 20/20/20 1128/1128/1128 1129/1129/1129
f 1129/1129/1129 1128/1128/1128 1122/1122/1122
f 1129/1129/1129 1122/1122/1122 1121/1121/1121
f 1128/1128/1128 55/55/55 57/57/57
f 1128/1128/1128 57/57/57 1122/1122/1122
f 1127/1127/1127 53/53/53 55/55/55
f 1127/1127/1127 55/55/55 1128/1128/1128
f 15/15/15 18/18/18 1130/1130/1130
f 15/15/15 1130/1130/1130 1087/1087/1087
f 1087/1087/1087 1130/1130/1130 1125/1125/1125
f 1087/1087/1087 1125/1125/1125 1088/1088/1088
f 1130/1130/1130 1129/1129/1129 1121/1121/1121
f 1130/1130/1130 1121/1121/1121 1125/1125/1125
f 18/18/18 20/20/20 1129/1129/1129
f 18/18/18 1129/1129/1129 1130/1130/1130
f 21/21/21 27/27/27 1131/1131/1131
f 21/21/21 1131/1131/1131 19/19/19
f 19/19/19 1131/1131/1131 1127/1127/1127
f 19/19/19 1127/1127/1127 20/20/20
f 1131/1131/1131 51/51/51 53/53/53
f 1131/1131/1131 53/53/53 1127/1127/1127
f 27/27/27 26/26/26 51/51/51
f 27/27/27 51/51/51 1131/1131/1131
f 5/5/5 8/8/8 1078/1078/1078
f 1078/1078/1078 943/943/943 942/942/942
f 942/942/942 945/945/945 947/947/947
f 947/947/947 949/949/949 952/952/952
f 952/952/952 954/954/954 958/958/958
f 958/958/958 960/960/960 1071/1071/1071
f 1071/1071/1071 1073/1073/1073 1075/1075/1075
f 1075/1075/1075 43/43/43 42/42/42
f 42/42/42 37/37/37 36/36/36
f 36/36/36 31/31/31 30/30/30
f 30/30/30 25/25/25 24/24/24
f 24/24/24 6/6/6 5/5/5
f 5/5/5 1078/1078/1078 942/942/942
f 942/942/942 947/947/947 952/952/952
f 952/952/952 958/958/958 1071/1071/1071
f 1071/1071/1071 1075/1075/1075 42/42/42
f 42/42/42 36/36/36 30/30/30
f 30/30/30 24/24/24 5/5/5
f 5/5/5 942/942/942 952/952/952
f 952/952/952 1071/1071/1071 42/42/42
f 42/42/42 30/30/30 5/5/5
f 952/952/952 42/42/42 5/5/5
