v 0.0176426 -0.510497 1.3223
v 0.0221823 -0.509828 1.31958
v 0.020538 -0.514473 1.31669
v 0.015782 -0.514399 1.32122
v 0.0268667 -0.510812 1.31704
v 0.026933 -0.514775 1.31486
v 0.0270193 -0.519953 1.31442
v 0.0203742 -0.519728 1.31625
v 0.0154895 -0.519571 1.32099
v 0.0175587 -0.509684 1.32749
v 0.0268886 -0.508068 1.32743
v 0.0177253 -0.510527 1.33268
v 0.0223076 -0.509872 1.33533
v 0.0270319 -0.51087 1.3378
v 0.0316802 -0.510206 1.33526
v 0.036256 -0.511184 1.33254
v 0.0363039 -0.51035 1.32735
v 0.0361734 -0.511155 1.32216
v 0.0315549 -0.510161 1.31951
v 0.0333528 -0.514925 1.31659
v 0.0381839 -0.515187 1.32105
v 0.0386524 -0.520371 1.32082
v 0.0336929 -0.520187 1.31615
v 0.0339687 -0.525678 1.31614
v 0.0272956 -0.525464 1.3144
v 0.0389279 -0.525846 1.3208
v 0.0407545 -0.544703 1.32075
v 0.0357973 -0.544619 1.31609
v 0.0291269 -0.544519 1.31435
v 0.020651 -0.52526 1.31624
v 0.0157666 -0.525119 1.32098
v 0.0224849 -0.544428 1.31619
v 0.0176025 -0.544371 1.32093
v 0.0403247 -0.587488 1.31597
v 0.0336617 -0.587651 1.31424
v 0.0452765 -0.587377 1.32064
v 0.0515669 -0.639705 1.32049
v 0.0466271 -0.64006 1.31582
v 0.0399804 -0.640553 1.31408
v 0.027027 -0.587823 1.31607
v 0.0221501 -0.587961 1.32081
v 0.033362 -0.641056 1.31592
v 0.0284971 -0.641438 1.32066
v 0.0155928 -0.519607 1.33397
v 0.0138039 -0.519529 1.32749
v 0.0140812 -0.525083 1.32748
v 0.01587 -0.525155 1.33395
v 0.0159178 -0.544365 1.32743
v 0.0177058 -0.544408 1.3339
v 0.0204673 -0.588023 1.32731
v 0.0222534 -0.587997 1.33379
v 0.0268185 -0.641586 1.32716
v 0.0286004 -0.641474 1.33363
v 0.0293334 -0.544592 1.3403
v 0.0226631 -0.544492 1.33857
v 0.0272052 -0.587886 1.33845
v 0.0338682 -0.587724 1.34019
v 0.0335401 -0.641119 1.3383
v 0.0401869 -0.640626 1.34003
v 0.0272259 -0.520025 1.34037
v 0.0205524 -0.519791 1.33863
v 0.0208292 -0.525323 1.33862
v 0.0275022 -0.525537 1.34035
v 0.0387557 -0.520407 1.33379
v 0.033871 -0.52025 1.33853
v 0.0341468 -0.525741 1.33852
v 0.0390311 -0.525882 1.33378
v 0.0359754 -0.544682 1.33847
v 0.0408578 -0.544739 1.33373
v 0.0405028 -0.587551 1.33835
v 0.0453797 -0.587414 1.33361
v 0.0468052 -0.640123 1.3382
v 0.0516701 -0.639742 1.33346
v 0.0425425 -0.544746 1.32723
v 0.0470626 -0.587352 1.32711
v 0.0533488 -0.639594 1.32696
v 0.0404413 -0.520449 1.32729
v 0.0407166 -0.525918 1.32728
v 0.0398459 -0.51518 1.32731
v 0.0382837 -0.515222 1.3336
v 0.0335242 -0.514985 1.33813
v 0.0271327 -0.514846 1.33996
v 0.0207094 -0.514534 1.33822
v 0.0158819 -0.514434 1.33377
v 0.0142162 -0.514278 1.32751
v 0.0537587 -0.686254 1.33804
v 0.058604 -0.685656 1.33331
v 0.0471668 -0.687051 1.33987
v 0.0549415 -0.727821 1.33971
v 0.061508 -0.726819 1.33788
v 0.0663346 -0.726068 1.33315
v 0.0602757 -0.685431 1.32681
v 0.0585007 -0.685619 1.32033
v 0.0679996 -0.72579 1.32665
v 0.0662313 -0.726032 1.32017
v 0.0705375 -0.76614 1.33772
v 0.0753552 -0.765325 1.33298
v 0.063983 -0.767231 1.33955
v 0.0748633 -0.806387 1.33939
v 0.081421 -0.805318 1.33756
v 0.0862411 -0.804518 1.33283
v 0.0770172 -0.765023 1.32648
v 0.075252 -0.765288 1.32001
v 0.0879039 -0.804223 1.32633
v 0.0861379 -0.804482 1.31985
v 0.093577 -0.844738 1.33742
v 0.0984091 -0.844036 1.33268
v 0.0870029 -0.845677 1.33925
v 0.0951192 -0.885787 1.33912
v 0.101714 -0.885156 1.33728
v 0.106561 -0.884679 1.33255
v 0.100076 -0.843774 1.32618
v 0.0983059 -0.843999 1.3197
v 0.108234 -0.884498 1.32604
v 0.106458 -0.884643 1.31957
v 0.101191 -0.92678 1.33716
v 0.106049 -0.926687 1.33242
v 0.0945833 -0.926893 1.33899
v 0.0880831 -0.966815 1.33889
v 0.0946826 -0.96728 1.33706
v 0.0995335 -0.967614 1.33232
v 0.107724 -0.926641 1.32592
v 0.105945 -0.926651 1.31944
v 0.101207 -0.967718 1.32581
v 0.0994302 -0.967577 1.31934
v 0.0858043 -1.00477 1.33699
v 0.0906238 -1.00546 1.33225
v 0.0792473 -1.00382 1.33882
v 0.0681482 -1.04034 1.33878
v 0.0746319 -1.04169 1.33694
v 0.0793972 -1.04268 1.3322
v 0.0922864 -1.00569 1.32575
v 0.0905206 -1.00542 1.31927
v 0.0810407 -1.04302 1.3257
v 0.0792939 -1.04265 1.31922
v 0.0605457 -1.08029 1.3369
v 0.0652523 -1.08156 1.33216
v 0.0541415 -1.07855 1.33874
v 0.0372705 -1.11549 1.33871
v 0.043687 -1.11761 1.33688
v 0.048402 -1.11917 1.33213
v 0.0668749 -1.082 1.32566
v 0.0651487 -1.08153 1.31918
v 0.0500267 -1.11971 1.32563
v 0.048296 -1.11913 1.31916
v 0.0247714 -1.1506 1.33686
v 0.0296543 -1.15243 1.33213
v 0.0181254 -1.14811 1.3387
v -0.00120741 -1.1781 1.33858
v 0.0060509 -1.18083 1.33676
v 0.011383 -1.18284 1.33208
v 0.0313358 -1.15306 1.32564
v 0.0295417 -1.15239 1.31917
v 0.0132183 -1.18354 1.32567
v 0.0112576 -1.18281 1.31927
v -0.010595 -1.21054 1.33651
v -0.00456526 -1.21259 1.33195
v -0.0188034 -1.20775 1.33828
v -0.0348842 -1.23721 1.33798
v -0.0263149 -1.23991 1.33626
v -0.0200199 -1.2419 1.33182
v -0.00249035 -1.2133 1.3257
v -0.00470833 -1.21255 1.31948
v -0.0178538 -1.24259 1.32574
v -0.0201693 -1.24186 1.31968
v -0.0422444 -1.2688 1.33612
v -0.0366664 -1.27067 1.33176
v -0.0498374 -1.26626 1.33781
v -0.0625679 -1.29536 1.33742
v -0.0564402 -1.29763 1.33579
v -0.0519382 -1.29929 1.33157
v -0.0347465 -1.27131 1.32577
v -0.0367977 -1.27063 1.31982
v -0.050388 -1.29987 1.3258
v -0.0520424 -1.29926 1.32005
v -0.0672052 -1.32769 1.33502
v -0.0634029 -1.32905 1.33114
v -0.0723799 -1.32585 1.33652
v -0.0816588 -1.3617 1.3356
v -0.0769077 -1.3631 1.33423
v -0.0734163 -1.36413 1.33068
v -0.062093 -1.32951 1.32581
v -0.063489 -1.32902 1.32052
v -0.0722127 -1.36448 1.32581
v -0.0734935 -1.3641 1.32096
v -0.08847 -1.40987 1.33384
v -0.0850604 -1.41064 1.33044
v -0.0931093 -1.40881 1.33516
v -0.107633 -1.47786 1.335
v -0.102966 -1.47867 1.33369
v -0.0995362 -1.47926 1.33031
v -0.0838845 -1.4109 1.32577
v -0.0851345 -1.41061 1.32112
v -0.098353 -1.47945 1.32566
v -0.0996099 -1.47923 1.32104
v -0.120227 -1.57735 1.33351
v -0.116772 -1.5778 1.33013
v -0.124927 -1.57673 1.33482
v -0.141678 -1.69727 1.33458
v -0.136957 -1.69773 1.33327
v -0.133487 -1.69806 1.32989
v -0.11558 -1.57795 1.32548
v -0.116846 -1.57777 1.32086
v -0.13229 -1.69817 1.32524
v -0.133561 -1.69803 1.32062
v -0.149707 -1.82919 1.33295
v -0.146245 -1.8294 1.32958
v -0.154416 -1.8289 1.33425
v -0.162084 -1.9673 1.33358
v -0.157541 -1.96742 1.33233
v -0.154201 -1.96751 1.32908
v -0.145051 -1.82947 1.32496
v -0.146319 -1.82938 1.32037
v -0.153049 -1.96753 1.32463
v -0.154272 -1.96748 1.3202
v -0.160055 -2.10876 1.33126
v -0.157007 -2.10871 1.3283
v -0.164202 -2.10882 1.33241
v -0.160222 -2.24611 1.3312
v -0.156478 -2.24587 1.33016
v -0.153727 -2.24569 1.32749
v -0.155955 -2.10869 1.32424
v -0.157072 -2.10869 1.3202
v -0.152777 -2.24562 1.32381
v -0.153785 -2.24567 1.32015
v -0.146144 -2.37146 1.32944
v -0.14353 -2.37116 1.32688
v -0.1497 -2.37186 1.33042
v -0.132698 -2.48264 1.32996
v -0.12919 -2.48208 1.32898
v -0.126612 -2.48166 1.32644
v -0.142628 -2.37105 1.32338
v -0.143586 -2.37114 1.31989
v -0.125722 -2.48151 1.32296
v -0.126667 -2.48165 1.3195
v -0.10661 -2.57556 1.32859
v -0.104057 -2.57502 1.32605
v -0.110083 -2.57629 1.32957
v -0.0854305 -2.65183 1.32922
v -0.0820121 -2.6509 1.32824
v -0.0794997 -2.65021 1.32571
v -0.103176 -2.57482 1.32257
v -0.104112 -2.575 1.31911
v -0.0786336 -2.64996 1.32223
v -0.079555 -2.6502 1.31876
v -0.0584841 -2.70911 1.32792
v -0.056038 -2.70824 1.32539
v -0.061813 -2.71027 1.3289
v -0.0375739 -2.75935 1.32849
v -0.0344039 -2.75794 1.32753
v -0.0320751 -2.7569 1.32504
v -0.0551952 -2.70793 1.32192
v -0.0560931 -2.70822 1.31846
v -0.0312733 -2.75653 1.32162
v -0.0321293 -2.75688 1.31821
v -0.00731054 -2.80509 1.327
v -0.00516437 -2.80389 1.3246
v -0.0102327 -2.8067 1.32792
v 0.0212586 -2.85287 1.32732
v 0.0239038 -2.85105 1.32643
v 0.0258457 -2.8497 1.32411
v -0.0044264 -2.80346 1.32129
v -0.00521679 -2.80388 1.318
v 0.0265122 -2.84921 1.32093
v 0.0257951 -2.84968 1.31775
v 0.0600149 -2.89497 1.32591
v 0.0617658 -2.89347 1.32365
v 0.0576286 -2.897 1.32678
v 0.0997597 -2.94004 1.3261
v 0.101824 -2.93786 1.32527
v 0.103338 -2.93625 1.32309
v 0.0623652 -2.89293 1.32053
v 0.0617162 -2.89345 1.31741
v 0.103854 -2.93567 1.32008
v 0.10329 -2.93623 1.31708
v 0.149825 -2.97968 1.32434
v 0.150994 -2.97804 1.32234
v 0.148227 -2.98189 1.32511
v 0.202226 -3.01663 1.32409
v 0.203255 -3.01442 1.32339
v 0.204005 -3.01278 1.32157
v 0.15139 -2.97746 1.31958
v 0.15095 -2.97802 1.31682
v 0.204254 -3.0122 1.31905
v 0.203965 -3.01277 1.31654
v 0.258812 -3.03638 1.3227
v 0.259124 -3.0347 1.32096
v 0.258375 -3.03865 1.32336
v 0.304384 -3.04932 1.32294
v 0.304293 -3.047 1.32229
v 0.304216 -3.04529 1.32056
v 0.25922 -3.03411 1.31855
v 0.259086 -3.03469 1.31614
v 0.304175 -3.04468 1.31817
v 0.304178 -3.04527 1.31577
v 0.329365 -3.04969 1.32209
v 0.329001 -3.04798 1.32036
v 0.329844 -3.05199 1.32274
v 0.340791 -3.05082 1.32266
v 0.340061 -3.04856 1.32202
v 0.339511 -3.0469 1.32029
v 0.328858 -3.04738 1.31797
v 0.328963 -3.04797 1.31558
v 0.339302 -3.0463 1.3179
v 0.339473 -3.04688 1.31551
v 0.345076 -3.04726 1.32193
v 0.344432 -3.04563 1.32023
v 0.345934 -3.04945 1.32257
v 0.348213 -3.04862 1.32212
v 0.347379 -3.04664 1.32155
v 0.346754 -3.04518 1.32
v 0.344191 -3.04506 1.31787
v 0.344395 -3.04562 1.31551
v 0.34652 -3.04466 1.31786
v 0.34672 -3.04517 1.31571
v 0.304308 -3.04929 1.31337
v 0.304228 -3.04698 1.31403
v 0.329299 -3.04966 1.31383
v 0.329768 -3.05196 1.31317
v 0.339995 -3.04854 1.31376
v 0.340715 -3.05079 1.31309
v 0.345011 -3.04724 1.31378
v 0.345858 -3.04942 1.31312
v 0.34732 -3.04662 1.31414
v 0.348145 -3.0486 1.31354
v 0.341995 -3.05471 1.31546
v 0.341445 -3.05304 1.31374
v 0.346716 -3.05161 1.31376
v 0.347359 -3.05324 1.31546
v 0.348979 -3.05058 1.31412
v 0.349604 -3.05204 1.31566
v 0.304475 -3.05333 1.31575
v 0.304398 -3.05161 1.31402
v 0.330246 -3.05426 1.31381
v 0.33061 -3.05596 1.31554
v 0.342033 -3.05472 1.32025
v 0.342203 -3.0553 1.31785
v 0.3476 -3.05381 1.31782
v 0.347396 -3.05325 1.32019
v 0.349837 -3.05256 1.31781
v 0.349638 -3.05205 1.31996
v 0.304513 -3.05334 1.32053
v 0.304516 -3.05394 1.31814
v 0.330752 -3.05657 1.31793
v 0.330648 -3.05598 1.32033
v 0.304464 -3.05163 1.32227
v 0.330312 -3.05429 1.32207
v 0.341511 -3.05307 1.32199
v 0.34678 -3.05164 1.32191
v 0.349038 -3.0506 1.32152
v 0.349836 -3.05 1.31671
v 0.349818 -3.04994 1.31782
v 0.350257 -3.05128 1.31781
v 0.350086 -3.0509 1.31617
v 0.349853 -3.05 1.31892
v 0.350112 -3.05091 1.31945
v 0.349463 -3.0491 1.31942
v 0.349636 -3.04979 1.32062
v 0.3491 -3.04825 1.32003
v 0.348995 -3.0483 1.32111
v 0.349437 -3.04909 1.31623
v 0.349082 -3.04824 1.31783
v 0.349065 -3.04824 1.31562
v 0.348701 -3.04739 1.31624
v 0.348311 -3.04648 1.31673
v 0.348346 -3.04654 1.31784
v 0.348328 -3.04648 1.31894
v 0.348727 -3.0474 1.31943
v 0.348347 -3.0468 1.32064
v 0.347852 -3.04567 1.31948
v 0.34768 -3.0453 1.31784
v 0.347826 -3.04566 1.3162
v 0.348303 -3.04679 1.31503
v 0.348943 -3.04828 1.31454
v 0.349591 -3.04977 1.31501
v 0.200406 -3.02047 1.32157
v 0.200116 -3.02104 1.31906
v 0.257453 -3.04316 1.31854
v 0.257587 -3.04258 1.32095
v 0.200366 -3.02046 1.31654
v 0.257549 -3.04257 1.31613
v 0.201186 -3.01884 1.3234
v 0.257928 -3.04091 1.3227
v 0.096134 -2.94382 1.32312
v 0.0955698 -2.94438 1.32012
v 0.144976 -2.98629 1.3196
v 0.145417 -2.98573 1.32236
v 0.0960863 -2.9438 1.31711
v 0.145373 -2.98571 1.31684
v 0.0976821 -2.94222 1.32529
v 0.146618 -2.9841 1.32436
v 0.0166208 -2.85602 1.32416
v 0.0159036 -2.85648 1.32098
v 0.0527927 -2.90104 1.32057
v 0.0534418 -2.90052 1.32369
v 0.0165701 -2.856 1.3178
v 0.0533922 -2.9005 1.31745
v 0.0185995 -2.85468 1.32646
v 0.0552287 -2.89903 1.32594
v -0.0431271 -2.76177 1.32511
v -0.0439832 -2.76212 1.3217
v -0.0161441 -2.80991 1.32136
v -0.0153536 -2.8095 1.32466
v -0.0431816 -2.76175 1.31828
v -0.0154062 -2.80948 1.31806
v -0.0407588 -2.76074 1.32757
v -0.0131693 -2.80831 1.32703
v -0.0914166 -2.65343 1.32579
v -0.092338 -2.65366 1.32232
v -0.0685411 -2.71257 1.32201
v -0.0676431 -2.71228 1.32547
v -0.0914718 -2.65341 1.31884
v -0.0676983 -2.71226 1.31854
v -0.0888642 -2.65275 1.32829
v -0.065157 -2.71143 1.32797
v -0.13884 -2.48359 1.32653
v -0.139785 -2.48372 1.32306
v -0.1171 -2.57771 1.32267
v -0.116164 -2.57753 1.32614
v -0.138895 -2.48357 1.31958
v -0.11622 -2.57751 1.31919
v -0.136222 -2.48319 1.32903
v -0.113572 -2.57701 1.32864
v -0.166775 -2.24651 1.32758
v -0.167783 -2.24656 1.32392
v -0.156882 -2.37263 1.32348
v -0.155925 -2.37254 1.32697
v -0.166834 -2.24649 1.32025
v -0.155981 -2.37252 1.31998
v -0.163981 -2.24634 1.33022
v -0.153271 -2.37225 1.32949
v -0.170037 -1.96707 1.3292
v -0.17126 -1.96702 1.32477
v -0.172578 -2.10891 1.32437
v -0.171462 -2.10891 1.32841
v -0.170108 -1.96704 1.32032
v -0.171526 -2.10889 1.3203
v -0.166646 -1.96717 1.33239
v -0.168367 -2.10888 1.33133
v -0.149942 -1.69646 1.33001
v -0.151213 -1.69632 1.32539
v -0.163929 -1.82827 1.32511
v -0.162661 -1.82836 1.32971
v -0.150016 -1.69643 1.32075
v -0.162734 -1.82834 1.32049
v -0.146418 -1.69681 1.33335
v -0.159146 -1.82859 1.33302
v -0.115803 -1.47644 1.33044
v -0.11706 -1.47621 1.32581
v -0.134422 -1.57546 1.32563
v -0.133157 -1.57563 1.33025
v -0.115877 -1.47641 1.32117
v -0.13323 -1.57561 1.32099
v -0.11232 -1.47705 1.33377
v -0.129648 -1.5761 1.33359
v -0.0899787 -1.35925 1.33082
v -0.0912596 -1.35887 1.32597
v -0.102482 -1.40667 1.32592
v -0.101232 -1.40696 1.33057
v -0.0900561 -1.35922 1.3211
v -0.101307 -1.40693 1.32125
v -0.0864312 -1.3603 1.33431
v -0.097769 -1.40775 1.33392
v -0.0733017 -1.2914 1.33174
v -0.0749561 -1.2908 1.32599
v -0.082839 -1.32212 1.32599
v -0.081443 -1.32262 1.33129
v -0.0734059 -1.29137 1.32021
v -0.0815291 -1.32259 1.32067
v -0.0687242 -1.29309 1.33588
v -0.0775783 -1.32399 1.3351
v -0.0498977 -1.23249 1.332
v -0.0522132 -1.23177 1.32594
v -0.0651908 -1.26114 1.32597
v -0.0631397 -1.26182 1.33193
v -0.0500471 -1.23246 1.31985
v -0.063271 -1.26179 1.31999
v -0.0434946 -1.2345 1.33636
v -0.0574665 -1.26371 1.33622
v -0.0139232 -1.17331 1.33226
v -0.0158839 -1.17258 1.32587
v -0.0354025 -1.20213 1.32591
v -0.0331845 -1.20288 1.33213
v -0.0140486 -1.17328 1.31946
v -0.0333276 -1.20284 1.31965
v -0.0085002 -1.17535 1.33687
v -0.0270511 -1.20495 1.33661
v 0.026033 -1.11177 1.33232
v 0.0243024 -1.1112 1.32584
v 0.00468984 -1.14309 1.32585
v 0.00648389 -1.14376 1.33231
v 0.025927 -1.11173 1.31934
v 0.00637135 -1.14373 1.31936
v 0.0308249 -1.11335 1.33698
v 0.0114484 -1.14562 1.33697
v 0.056796 -1.03796 1.33238
v 0.0550493 -1.03759 1.32591
v 0.0412008 -1.07502 1.32587
v 0.042927 -1.07549 1.33234
v 0.0566927 -1.03792 1.31941
v 0.0428234 -1.07546 1.31937
v 0.0616362 -1.03898 1.33705
v 0.0477087 -1.0768 1.33701
v 0.0765295 -0.965981 1.33249
v 0.0747525 -0.96584 1.32602
v 0.0660016 -1.00188 1.32595
v 0.0677674 -1.00215 1.33243
v 0.0764261 -0.965944 1.31952
v 0.0676642 -1.00211 1.31945
v 0.0814552 -0.966341 1.33716
v 0.0726619 -1.00287 1.33709
v 0.083574 -0.886858 1.33271
v 0.0817983 -0.887003 1.32624
v 0.0812355 -0.927073 1.32611
v 0.0830147 -0.927063 1.33259
v 0.0834707 -0.886822 1.31974
v 0.0829114 -0.927026 1.31961
v 0.0884962 -0.886408 1.33738
v 0.0879468 -0.926996 1.33726
v 0.0633821 -0.808219 1.33299
v 0.061616 -0.808479 1.32651
v 0.073723 -0.847506 1.32637
v 0.0754933 -0.847281 1.33284
v 0.0632788 -0.808183 1.32001
v 0.0753901 -0.847245 1.31987
v 0.0682771 -0.807446 1.33766
v 0.0804004 -0.846605 1.33751
v 0.0434451 -0.729537 1.33331
v 0.0416768 -0.729779 1.32683
v 0.0507424 -0.769365 1.32667
v 0.0525076 -0.7691 1.33314
v 0.0433419 -0.7295 1.32033
v 0.0524043 -0.769063 1.32017
v 0.0483466 -0.728813 1.33798
v 0.0574001 -0.768311 1.33781
v 0.0338515 -0.688598 1.32699
v 0.0356265 -0.688409 1.33347
v 0.0355232 -0.688373 1.32049
v 0.0405466 -0.687837 1.33814
v 0.0481685 -0.72875 1.31559
v 0.057222 -0.768248 1.31543
v 0.054735 -0.727748 1.31376
v 0.0637765 -0.767158 1.3136
v 0.0746568 -0.806314 1.31344
v 0.0680989 -0.807383 1.31527
v 0.0403685 -0.687775 1.31576
v 0.0469604 -0.686978 1.31392
v 0.0613299 -0.726756 1.3155
v 0.0703594 -0.766077 1.31534
v 0.0812429 -0.805255 1.31518
v 0.0535806 -0.686191 1.31566
v 0.0802223 -0.846542 1.31513
v 0.0867964 -0.845604 1.3133
v 0.0949128 -0.885714 1.31317
v 0.0883181 -0.886345 1.315
v 0.0933989 -0.844675 1.31504
v 0.101536 -0.885093 1.3149
v 0.0877687 -0.926933 1.31487
v 0.0943768 -0.92682 1.31304
v 0.0878765 -0.966742 1.31294
v 0.0812771 -0.966278 1.31478
v 0.101013 -0.926717 1.31478
v 0.0945044 -0.967217 1.31467
v 0.0724837 -1.0028 1.31471
v 0.0790407 -1.00375 1.31287
v 0.0679417 -1.04027 1.31283
v 0.0614581 -1.03891 1.31466
v 0.0856261 -1.00471 1.31461
v 0.0744538 -1.04163 1.31456
v 0.04753 -1.07673 1.31462
v 0.0539343 -1.07847 1.31279
v 0.0370585 -1.11541 1.31276
v 0.030642 -1.11329 1.3146
v 0.060367 -1.08022 1.31452
v 0.0435042 -1.11755 1.31449
v 0.0112543 -1.14555 1.31462
v 0.0179003 -1.14804 1.31279
v -0.00145815 -1.17802 1.31296
v -0.00871646 -1.17529 1.31477
v 0.0245772 -1.15054 1.31452
v 0.00583461 -1.18077 1.31467
v -0.0272978 -1.20489 1.31509
v -0.0190895 -1.20768 1.31333
v -0.0351828 -1.23714 1.3137
v -0.0437521 -1.23445 1.31542
v -0.0108418 -1.21048 1.31499
v -0.0265724 -1.23985 1.31532
v -0.0576929 -1.26365 1.31562
v -0.0500999 -1.26619 1.31393
v -0.0627762 -1.2953 1.31437
v -0.0689039 -1.29304 1.316
v -0.0424708 -1.26874 1.31552
v -0.0566199 -1.29757 1.31591
v -0.0777268 -1.32394 1.31678
v -0.0725521 -1.32579 1.31528
v -0.0818135 -1.36165 1.31617
v -0.0865646 -1.36025 1.31755
v -0.0673537 -1.32764 1.3167
v -0.0770411 -1.36306 1.31747
v -0.0978969 -1.4077 1.31784
v -0.0932576 -1.40876 1.31652
v -0.10778 -1.47781 1.31647
v -0.112447 -1.477 1.31778
v -0.088598 -1.40982 1.31776
v -0.103093 -1.47862 1.31771
v -0.129775 -1.57606 1.3176
v -0.125075 -1.57668 1.31629
v -0.141825 -1.69722 1.31605
v -0.146546 -1.69676 1.31736
v -0.120354 -1.5773 1.31753
v -0.137084 -1.69768 1.31729
v -0.159272 -1.82855 1.31712
v -0.154563 -1.82884 1.31582
v -0.162225 -1.96725 1.31582
v -0.166768 -1.96713 1.31708
v -0.149834 -1.82915 1.31705
v -0.157662 -1.96738 1.31701
v -0.168478 -2.10884 1.31734
v -0.164331 -2.10878 1.3162
v -0.160339 -2.24607 1.31654
v -0.164082 -2.24631 1.31757
v -0.160167 -2.10872 1.31728
v -0.156579 -2.24584 1.31752
v -0.153367 -2.37222 1.31742
v -0.149811 -2.37182 1.31644
v -0.132809 -2.4826 1.31607
v -0.136317 -2.48315 1.31705
v -0.14624 -2.37142 1.31737
v -0.129285 -2.48205 1.317
v -0.113667 -2.57697 1.31666
v -0.110193 -2.57625 1.31568
v -0.085541 -2.65179 1.31533
v -0.0889595 -2.65272 1.31631
v -0.106705 -2.57553 1.31661
v -0.0821073 -2.65087 1.31626
v -0.0652522 -2.71139 1.31601
v -0.0619233 -2.71023 1.31504
v -0.0376826 -2.75931 1.31483
v -0.0408527 -2.76071 1.31579
v -0.0585792 -2.70907 1.31597
v -0.0344976 -2.75791 1.31575
v -0.01326 -2.80828 1.31565
v -0.0103377 -2.80667 1.31473
v 0.0211574 -2.85283 1.31459
v 0.0185121 -2.85465 1.31548
v -0.00740104 -2.80506 1.31562
v 0.0238165 -2.85102 1.31545
v 0.0551432 -2.899 1.31519
v 0.0575295 -2.89697 1.31432
v 0.0996643 -2.94001 1.31409
v 0.0975998 -2.94219 1.31493
v 0.0599295 -2.89494 1.31516
v 0.101742 -2.93783 1.31491
v 0.146542 -2.98407 1.31484
v 0.14814 -2.98186 1.31407
v 0.202146 -3.01661 1.31403
v 0.201117 -3.01882 1.31472
v 0.149749 -2.97965 1.31483
v 0.203186 -3.0144 1.31472
v 0.257862 -3.04089 1.31439
v 0.258298 -3.03862 1.31373
v 0.258745 -3.03636 1.31439
v 0.0866171 -0.856196 1.31848
v 0.0872499 -0.851732 1.316
v 0.088567 -0.851873 1.31383
v 0.0877615 -0.857941 1.31559
v 0.0866126 -0.851682 1.32634
v 0.0874947 -0.847234 1.3185
v 0.0893586 -0.84581 1.31561
v 0.093413 -0.84612 1.31516
v 0.0920375 -0.852256 1.31338
v 0.0906902 -0.858401 1.31515
v 0.0881945 -0.842898 1.32118
v 0.0900163 -0.841289 1.3201
v 0.0944564 -0.841594 1.31985
v 0.102166 -0.843245 1.31979
v 0.100428 -0.847513 1.3151
v 0.0981122 -0.853301 1.31333
v 0.112555 -0.848163 1.3197
v 0.109905 -0.851842 1.31502
v 0.106356 -0.856831 1.31326
v 0.0958249 -0.859098 1.31511
v 0.102835 -0.861831 1.31505
v 0.0897213 -0.862954 1.31982
v 0.0941611 -0.863392 1.31979
v 0.10026 -0.865536 1.31974
v 0.0936121 -0.864921 1.32625
v 0.0993892 -0.866858 1.3262
v 0.0894176 -0.864574 1.32628
v 0.0898241 -0.86299 1.33274
v 0.0942639 -0.863429 1.33271
v 0.100363 -0.865573 1.33266
v 0.0908676 -0.858464 1.33743
v 0.0960023 -0.859161 1.33739
v 0.103013 -0.861894 1.33733
v 0.0922431 -0.852328 1.33922
v 0.0983178 -0.853373 1.33917
v 0.106562 -0.856904 1.3391
v 0.100605 -0.847576 1.33739
v 0.110082 -0.851904 1.33731
v 0.0935903 -0.846182 1.33745
v 0.0945592 -0.84163 1.33277
v 0.102269 -0.843282 1.33271
v 0.112658 -0.848199 1.33261
v 0.094863 -0.84001 1.32631
v 0.102818 -0.841752 1.32625
v 0.113528 -0.846878 1.32615
v 0.125689 -0.857506 1.32603
v 0.124373 -0.858432 1.3196
v 0.124476 -0.858468 1.33248
v 0.135105 -0.873637 1.33223
v 0.136559 -0.873028 1.32591
v 0.135004 -0.873601 1.3196
v 0.120752 -0.861093 1.31495
v 0.130705 -0.875262 1.31505
v 0.115889 -0.864706 1.3132
v 0.124925 -0.877521 1.31335
v 0.111055 -0.868329 1.315
v 0.119171 -0.87979 1.31513
v 0.107508 -0.871017 1.31969
v 0.114945 -0.881476 1.31973
v 0.106295 -0.871979 1.32614
v 0.113491 -0.882085 1.32605
v 0.107611 -0.871053 1.33257
v 0.115046 -0.881512 1.33236
v 0.111232 -0.868392 1.33722
v 0.119345 -0.879851 1.3369
v 0.116095 -0.864779 1.33897
v 0.125126 -0.877592 1.3386
v 0.120929 -0.861156 1.33717
v 0.130879 -0.875323 1.33683
v 0.138089 -0.894268 1.33616
v 0.142416 -0.893141 1.33179
v 0.132202 -0.895782 1.33784
v 0.138134 -0.920425 1.33667
v 0.143593 -0.919327 1.33513
v 0.147605 -0.918508 1.33115
v 0.143907 -0.89273 1.3258
v 0.148989 -0.918208 1.32569
v 0.14232 -0.893107 1.31982
v 0.147519 -0.918478 1.32025
v 0.137925 -0.89421 1.31551
v 0.143443 -0.919275 1.31633
v 0.132011 -0.895715 1.31391
v 0.137961 -0.920363 1.31487
v 0.126124 -0.897228 1.31559
v 0.132502 -0.921461 1.3164
v 0.121797 -0.898356 1.31996
v 0.128489 -0.922279 1.32038
v 0.120306 -0.898766 1.32596
v 0.127106 -0.92258 1.32584
v 0.121893 -0.89839 1.33193
v 0.128576 -0.92231 1.33128
v 0.126288 -0.897286 1.33624
v 0.132651 -0.921513 1.33521
v 0.138223 -0.953298 1.33392
v 0.143072 -0.952654 1.3352
v 0.134619 -0.953768 1.33048
v 0.134737 -0.993551 1.32978
v 0.137943 -0.993403 1.33281
v 0.142256 -0.993194 1.33394
v 0.1479 -0.952002 1.33385
v 0.14655 -0.992979 1.33275
v 0.151449 -0.951513 1.33036
v 0.149707 -0.992813 1.32967
v 0.152673 -0.95133 1.32558
v 0.150796 -0.992746 1.32545
v 0.151373 -0.951486 1.32081
v 0.14964 -0.99279 1.32124
v 0.147769 -0.951955 1.31737
v 0.146435 -0.992938 1.31821
v 0.14292 -0.9526 1.31609
v 0.142122 -0.993147 1.31708
v 0.138092 -0.953252 1.31744
v 0.137827 -0.993362 1.31827
v 0.134543 -0.953741 1.32093
v 0.13467 -0.993527 1.32135
v 0.133319 -0.953924 1.32571
v 0.133581 -0.993594 1.32557
v 0.123414 -1.04516 1.32542
v 0.124508 -1.0452 1.32938
v 0.124445 -1.04518 1.32143
v 0.107699 -1.12297 1.32123
v 0.106678 -1.1229 1.32518
v 0.107762 -1.12299 1.32912
v 0.127541 -1.04529 1.33225
v 0.110768 -1.1232 1.33195
v 0.131623 -1.04539 1.33331
v 0.114812 -1.12349 1.33301
v 0.135687 -1.04549 1.33218
v 0.118839 -1.12376 1.33189
v 0.138674 -1.04556 1.32928
v 0.1218 -1.12396 1.32901
v 0.139705 -1.04557 1.32529
v 0.122821 -1.12402 1.32506
v 0.138611 -1.04554 1.32132
v 0.121737 -1.12394 1.32112
v 0.135578 -1.04545 1.31846
v 0.118731 -1.12372 1.31829
v 0.131496 -1.04535 1.3174
v 0.114687 -1.12344 1.31723
v 0.127432 -1.04525 1.31853
v 0.11066 -1.12316 1.31835
v 0.0918095 -1.23989 1.31799
v 0.0888504 -1.23965 1.32087
v 0.0958351 -1.24023 1.31688
v 0.0733705 -1.39183 1.31646
v 0.069345 -1.39149 1.31758
v 0.0663859 -1.39124 1.32046
v 0.0878294 -1.23957 1.32482
v 0.0653649 -1.39116 1.32441
v 0.0889132 -1.23967 1.32876
v 0.0664487 -1.39126 1.32834
v 0.0919178 -1.23993 1.33159
v 0.0694532 -1.39153 1.33118
v 0.0959607 -1.24027 1.33265
v 0.073496 -1.39188 1.33223
v 0.0999864 -1.24061 1.33153
v 0.0775215 -1.39222 1.33112
v 0.102945 -1.24085 1.32865
v 0.0804805 -1.39247 1.32824
v 0.103966 -1.24093 1.3247
v 0.0815015 -1.39255 1.32429
v 0.102883 -1.24083 1.32077
v 0.0804178 -1.39245 1.32035
v 0.099878 -1.24057 1.31793
v 0.0774132 -1.39218 1.31752
v 0.0500314 -1.56886 1.31712
v 0.04599 -1.56849 1.31607
v 0.0530349 -1.56913 1.31996
v 0.0262191 -1.75417 1.31959
v 0.0232173 -1.75388 1.31676
v 0.0191782 -1.7535 1.31571
v 0.0419659 -1.56814 1.31718
v 0.0151563 -1.75312 1.31682
v 0.0390079 -1.56788 1.32007
v 0.0122 -1.75285 1.3197
v 0.0379872 -1.5678 1.32402
v 0.01118 -1.75276 1.32365
v 0.0390706 -1.5679 1.32795
v 0.0122627 -1.75287 1.32759
v 0.0420741 -1.56818 1.33079
v 0.0152645 -1.75316 1.33042
v 0.0461155 -1.56854 1.33184
v 0.0193037 -1.75354 1.33148
v 0.0501397 -1.56889 1.33072
v 0.0233255 -1.75392 1.33036
v 0.0530977 -1.56915 1.32784
v 0.0262818 -1.75419 1.32748
v 0.0541183 -1.56923 1.32389
v 0.0273019 -1.75428 1.32353
v 0.00527559 -1.93283 1.32714
v 0.00629502 -1.93293 1.32319
v 0.00521281 -1.93281 1.31925
v -0.0124401 -2.10515 1.32681
v -0.0114212 -2.10525 1.32286
v -0.0125029 -2.10513 1.31892
v 0.00221273 -1.93251 1.31642
v -0.0155013 -2.10481 1.31609
v -0.00182403 -1.9321 1.31537
v -0.0195358 -2.10438 1.31504
v -0.00584352 -1.9317 1.31648
v -0.023553 -2.10396 1.31615
v -0.00879809 -1.93141 1.31936
v -0.0265059 -2.10366 1.31903
v -0.00981756 -1.93132 1.32331
v -0.0275248 -2.10356 1.32298
v -0.00873539 -1.93143 1.32725
v -0.0264432 -2.10368 1.32692
v -0.00573531 -1.93174 1.33008
v -0.0234448 -2.104 1.32975
v -0.00169852 -1.93215 1.33114
v -0.0194103 -2.10443 1.33081
v 0.00232101 -1.93254 1.33002
v -0.015393 -2.10485 1.32969
v -0.0368131 -2.26839 1.33045
v -0.0328211 -2.26884 1.32934
v -0.0298867 -2.26916 1.32647
v -0.0509781 -2.39889 1.32988
v -0.0471492 -2.39936 1.32882
v -0.0443348 -2.3997 1.32606
v -0.0288743 -2.26926 1.32254
v -0.0433639 -2.39982 1.32229
v -0.0299492 -2.26914 1.31863
v -0.0443948 -2.39968 1.31853
v -0.0329288 -2.2688 1.31581
v -0.0472527 -2.39932 1.31582
v -0.036938 -2.26835 1.31476
v -0.051098 -2.39885 1.31482
v -0.04093 -2.26791 1.31587
v -0.0549268 -2.39838 1.31588
v -0.0438643 -2.26758 1.31874
v -0.0577412 -2.39804 1.31864
v -0.0448767 -2.26748 1.32267
v -0.0587122 -2.39792 1.32241
v -0.0438019 -2.26761 1.32658
v -0.0576812 -2.39806 1.32617
v -0.0408223 -2.26794 1.3294
v -0.0548234 -2.39841 1.32888
v -0.0623782 -2.47431 1.32812
v -0.058914 -2.47484 1.32903
v -0.0649528 -2.47391 1.32566
v -0.068568 -2.51335 1.32523
v -0.0663185 -2.51389 1.32743
v -0.0632923 -2.5146 1.32825
v -0.0554647 -2.47537 1.32806
v -0.0602795 -2.51532 1.32738
v -0.0529295 -2.47576 1.32557
v -0.0580654 -2.51584 1.32514
v -0.0520549 -2.47588 1.32215
v -0.057302 -2.51602 1.32207
v -0.0529839 -2.47574 1.31874
v -0.0581141 -2.51582 1.31902
v -0.0555585 -2.47534 1.31628
v -0.0603636 -2.51529 1.31681
v -0.0590227 -2.4748 1.31537
v -0.0633898 -2.51457 1.316
v -0.0624719 -2.47428 1.31634
v -0.0664026 -2.51386 1.31686
v -0.0650072 -2.47389 1.31883
v -0.0686168 -2.51333 1.3191
v -0.0658818 -2.47376 1.32225
v -0.0693801 -2.51316 1.32217
v -0.073229 -2.53995 1.32213
v -0.072505 -2.54026 1.32503
v -0.0725513 -2.54025 1.31921
v -0.078817 -2.56203 1.31923
v -0.0794163 -2.56148 1.32212
v -0.0787717 -2.56206 1.32501
v -0.0705026 -2.54114 1.32712
v -0.0769932 -2.56366 1.32708
v -0.0678098 -2.54231 1.3279
v -0.0746028 -2.56582 1.32785
v -0.0651297 -2.54348 1.32708
v -0.0722249 -2.56797 1.32704
v -0.0631608 -2.54434 1.32495
v -0.0704792 -2.56955 1.32493
v -0.0624831 -2.54464 1.32203
v -0.0698798 -2.5701 1.32203
v -0.063207 -2.54432 1.31913
v -0.0705243 -2.56952 1.31915
v -0.0652094 -2.54345 1.31704
v -0.0723029 -2.56792 1.31708
v -0.0679022 -2.54227 1.31626
v -0.0746933 -2.56576 1.3163
v -0.0705824 -2.54111 1.31708
v -0.0770712 -2.56361 1.31712
v -0.0868835 -2.58439 1.31717
v -0.0883539 -2.58158 1.31928
v -0.0848787 -2.58821 1.31636
v -0.0970738 -2.61042 1.31644
v -0.0986549 -2.60453 1.31726
v -0.0998127 -2.6002 1.31937
v -0.0888566 -2.5806 1.32218
v -0.100206 -2.5987 1.32226
v -0.0883102 -2.58163 1.32506
v -0.0997709 -2.60029 1.32514
v -0.086808 -2.58448 1.32713
v -0.098583 -2.60468 1.32722
v -0.0847912 -2.58831 1.32791
v -0.0969904 -2.6106 1.32799
v -0.0827864 -2.59214 1.32709
v -0.0954092 -2.61649 1.32717
v -0.0813159 -2.59495 1.32498
v -0.0942514 -2.62083 1.32506
v -0.0808132 -2.59592 1.32209
v -0.0938582 -2.62232 1.32217
v -0.0813597 -2.59489 1.3192
v -0.0942931 -2.62074 1.31929
v -0.0828618 -2.59204 1.31713
v -0.0954812 -2.61634 1.31721
v 0.0902425 -0.839775 1.32635
v 0.0901157 -0.841324 1.33259
v 0.0879958 -0.842776 1.32635
v 0.0882767 -0.842927 1.33152
v 0.0876195 -0.847279 1.33419
v 0.0895292 -0.84587 1.33706
v 0.0874144 -0.85179 1.33667
v 0.0887659 -0.851943 1.33882
v 0.0879322 -0.858002 1.33703
v 0.0867419 -0.85624 1.33417
v 0.0864697 -0.860624 1.33148
v 0.0873167 -0.862528 1.33255
v 0.0862407 -0.860699 1.32632
v 0.0870484 -0.864037 1.3263
v 0.0863875 -0.860595 1.32115
v 0.0872173 -0.862493 1.32006
v 0.137554 -1.03782 1.31649
v 0.14056 -1.02746 1.31504
v 0.144194 -1.04203 1.31654
v 0.140711 -1.0487 1.31776
v 0.143594 -1.01708 1.31645
v 0.147703 -1.03535 1.31772
v 0.151072 -1.05779 1.31862
v 0.147271 -1.06141 1.3176
v 0.143493 -1.06503 1.31867
v 0.145862 -1.00939 1.3202
v 0.15032 -1.03041 1.32088
v 0.153901 -1.0551 1.32134
v 0.15341 -1.08905 1.31889
v 0.149616 -1.09074 1.31795
v 0.156233 -1.08781 1.32144
v 0.158969 -1.13539 1.32128
v 0.156245 -1.13586 1.31876
v 0.152582 -1.13651 1.31782
v 0.145841 -1.09242 1.31894
v 0.148935 -1.13715 1.31881
v 0.140722 -1.0677 1.32142
v 0.143068 -1.09367 1.32152
v 0.146255 -1.13764 1.32137
v 0.142116 -1.09411 1.32506
v 0.145332 -1.13781 1.32487
v 0.139774 -1.06863 1.32521
v 0.140803 -1.06768 1.32898
v 0.143138 -1.09367 1.32858
v 0.146315 -1.13765 1.32836
v 0.143632 -1.065 1.3317
v 0.14596 -1.09243 1.33113
v 0.149039 -1.13718 1.33087
v 0.147433 -1.06138 1.33272
v 0.149755 -1.09074 1.33207
v 0.152702 -1.13654 1.33181
v 0.15353 -1.08906 1.33108
v 0.156349 -1.13589 1.33082
v 0.151211 -1.05776 1.33166
v 0.153982 -1.05509 1.3289
v 0.156302 -1.08781 1.3285
v 0.159029 -1.13541 1.32827
v 0.15493 -1.05415 1.32512
v 0.157255 -1.08737 1.32496
v 0.159952 -1.13523 1.32477
v 0.164631 -1.20039 1.32451
v 0.163665 -1.20042 1.32102
v 0.163722 -1.20044 1.32802
v 0.169531 -1.26567 1.32777
v 0.170438 -1.26568 1.32427
v 0.169475 -1.26565 1.32078
v 0.16099 -1.20052 1.31851
v 0.166804 -1.26558 1.31826
v 0.15739 -1.20065 1.31757
v 0.16321 -1.2655 1.31733
v 0.153806 -1.20079 1.31856
v 0.159631 -1.26542 1.31832
v 0.151172 -1.2009 1.32112
v 0.157 -1.26536 1.32087
v 0.150263 -1.20095 1.32462
v 0.156092 -1.26535 1.32437
v 0.151228 -1.20092 1.32811
v 0.157056 -1.26538 1.32786
v 0.153903 -1.20083 1.33062
v 0.159727 -1.26545 1.33038
v 0.157503 -1.20069 1.33156
v 0.163321 -1.26554 1.33131
v 0.161087 -1.20055 1.33057
v 0.1669 -1.26562 1.33032
v 0.168987 -1.31357 1.33112
v 0.172563 -1.31377 1.33013
v 0.175192 -1.31392 1.32758
v 0.174063 -1.34753 1.33093
v 0.177605 -1.3478 1.32996
v 0.180208 -1.348 1.32743
v 0.1761 -1.31397 1.32409
v 0.181107 -1.34806 1.32397
v 0.175137 -1.3139 1.3206
v 0.180153 -1.34798 1.32052
v 0.172467 -1.31374 1.31809
v 0.17751 -1.34777 1.31803
v 0.168875 -1.31353 1.31716
v 0.173953 -1.34749 1.31711
v 0.165299 -1.31332 1.31814
v 0.170412 -1.34722 1.31809
v 0.162669 -1.31317 1.3207
v 0.167808 -1.34702 1.32061
v 0.161762 -1.31313 1.32419
v 0.16691 -1.34696 1.32408
v 0.162725 -1.31319 1.32768
v 0.167863 -1.34704 1.32753
v 0.165395 -1.31335 1.33019
v 0.170507 -1.34725 1.33001
v 0.174822 -1.37369 1.3298
v 0.178293 -1.37397 1.3307
v 0.172243 -1.37347 1.32737
v 0.175525 -1.39388 1.32723
v 0.178028 -1.39408 1.32958
v 0.181396 -1.39434 1.33046
v 0.181748 -1.37425 1.32974
v 0.18475 -1.3946 1.32953
v 0.184288 -1.37445 1.32728
v 0.187215 -1.39478 1.32714
v 0.185165 -1.37452 1.3239
v 0.188066 -1.39484 1.32385
v 0.184234 -1.37443 1.32053
v 0.187163 -1.39476 1.32058
v 0.181655 -1.37422 1.3181
v 0.18466 -1.39456 1.31822
v 0.178185 -1.37393 1.3172
v 0.181292 -1.3943 1.31735
v 0.17473 -1.37366 1.31816
v 0.177938 -1.39404 1.31828
v 0.17219 -1.37345 1.32062
v 0.175473 -1.39386 1.32067
v 0.171313 -1.37339 1.324
v 0.174622 -1.3938 1.32396
v 0.177064 -1.41082 1.32072
v 0.176237 -1.41077 1.32392
v 0.177115 -1.41084 1.3271
v 0.17548 -1.43682 1.3208
v 0.174686 -1.43677 1.32386
v 0.175528 -1.43684 1.32691
v 0.179551 -1.41102 1.3294
v 0.177864 -1.43699 1.32911
v 0.182829 -1.41126 1.33025
v 0.181007 -1.4372 1.32993
v 0.186093 -1.41149 1.32935
v 0.184136 -1.4374 1.32906
v 0.188492 -1.41166 1.32702
v 0.186435 -1.43754 1.32683
v 0.18932 -1.41172 1.32382
v 0.187229 -1.43759 1.32376
v 0.188442 -1.41165 1.32063
v 0.186387 -1.43753 1.32071
v 0.186006 -1.41146 1.31834
v 0.184052 -1.43737 1.31851
v 0.182728 -1.41122 1.31748
v 0.180909 -1.43716 1.3177
v 0.179464 -1.41099 1.31839
v 0.17778 -1.43696 1.31856
v 0.174758 -1.48311 1.31804
v 0.171851 -1.48297 1.31884
v 0.169713 -1.48287 1.32091
v 0.166257 -1.54428 1.3183
v 0.163558 -1.5442 1.31905
v 0.161573 -1.54415 1.32097
v 0.168975 -1.48284 1.32376
v 0.160888 -1.54414 1.3236
v 0.169758 -1.48288 1.32659
v 0.161615 -1.54417 1.32622
v 0.171929 -1.48299 1.32862
v 0.16363 -1.54423 1.32811
v 0.174849 -1.48314 1.32938
v 0.16634 -1.54431 1.32881
v 0.177755 -1.48328 1.32858
v 0.169038 -1.54438 1.32807
v 0.17989 -1.48338 1.32651
v 0.171019 -1.54443 1.32615
v 0.180627 -1.48341 1.32367
v 0.171703 -1.54445 1.32352
v 0.179845 -1.48336 1.32084
v 0.170978 -1.54442 1.3209
v 0.177677 -1.48325 1.3188
v 0.168965 -1.54436 1.31901
v 0.160669 -1.6139 1.31897
v 0.158054 -1.61387 1.31829
v 0.162611 -1.61392 1.32079
v 0.156931 -1.69269 1.32057
v 0.155 -1.6927 1.31875
v 0.152402 -1.69272 1.31808
v 0.155449 -1.61385 1.319
v 0.149814 -1.69275 1.31879
v 0.153533 -1.61384 1.32086
v 0.147912 -1.69277 1.32063
v 0.152872 -1.61384 1.3234
v 0.147256 -1.69278 1.32316
v 0.153573 -1.61385 1.32593
v 0.147952 -1.69279 1.32568
v 0.155518 -1.61388 1.32776
v 0.149884 -1.69277 1.3275
v 0.158135 -1.6139 1.32844
v 0.152482 -1.69275 1.32817
v 0.160738 -1.61392 1.32772
v 0.155069 -1.69273 1.32746
v 0.162652 -1.61393 1.32587
v 0.156971 -1.6927 1.32562
v 0.163312 -1.61393 1.32332
v 0.157627 -1.69269 1.32309
v 0.155554 -1.78645 1.32533
v 0.156209 -1.78643 1.3228
v 0.155514 -1.78644 1.32028
v 0.158198 -1.91287 1.32492
v 0.158853 -1.91283 1.32239
v 0.158158 -1.91286 1.31988
v 0.153584 -1.78649 1.31846
v 0.15623 -1.91295 1.31806
v 0.150989 -1.78656 1.31779
v 0.153637 -1.91308 1.31738
v 0.148404 -1.78664 1.3185
v 0.151054 -1.91321 1.3181
v 0.146504 -1.7867 1.32035
v 0.149156 -1.91332 1.31994
v 0.145848 -1.78673 1.32288
v 0.1485 -1.91336 1.32247
v 0.146544 -1.78671 1.32539
v 0.149196 -1.91333 1.32499
v 0.148473 -1.78666 1.32721
v 0.151123 -1.91324 1.32681
v 0.151069 -1.78659 1.32789
v 0.153717 -1.91311 1.32748
v 0.153654 -1.78651 1.32717
v 0.1563 -1.91298 1.32677
v 0.162815 -2.08309 1.32618
v 0.164705 -2.08295 1.32434
v 0.160244 -2.08329 1.32689
v 0.172309 -2.26929 1.32613
v 0.174819 -2.26904 1.32544
v 0.176664 -2.26886 1.32364
v 0.165357 -2.08289 1.32182
v 0.177301 -2.26879 1.32117
v 0.164665 -2.08293 1.31931
v 0.176625 -2.26884 1.31871
v 0.162746 -2.08307 1.3175
v 0.174751 -2.26902 1.31694
v 0.160164 -2.08326 1.31683
v 0.17223 -2.26926 1.31628
v 0.157593 -2.08345 1.31754
v 0.16972 -2.26951 1.31698
v 0.155703 -2.0836 1.31938
v 0.167875 -2.2697 1.31878
v 0.155051 -2.08365 1.3219
v 0.167238 -2.26977 1.32124
v 0.155743 -2.08361 1.32441
v 0.167914 -2.26971 1.3237
v 0.157662 -2.08348 1.32622
v 0.169788 -2.26953 1.32548
v 0.188928 -2.44194 1.32462
v 0.191308 -2.44165 1.32524
v 0.18716 -2.44214 1.32294
v 0.211934 -2.60371 1.32215
v 0.213562 -2.60347 1.3237
v 0.215752 -2.60315 1.32428
v 0.193678 -2.44136 1.32458
v 0.217933 -2.60282 1.32367
v 0.195419 -2.44114 1.32288
v 0.219536 -2.60258 1.32209
v 0.19602 -2.44106 1.32054
v 0.220089 -2.60249 1.31993
v 0.195382 -2.44113 1.31821
v 0.219501 -2.60257 1.31778
v 0.193614 -2.44133 1.31653
v 0.217873 -2.6028 1.31623
v 0.191234 -2.44162 1.31591
v 0.215683 -2.60313 1.31565
v 0.188864 -2.44191 1.31657
v 0.213502 -2.60345 1.31626
v 0.187123 -2.44213 1.31827
v 0.211899 -2.6037 1.31783
v 0.186522 -2.44221 1.32061
v 0.211346 -2.60379 1.31999
v 0.239623 -2.75894 1.31741
v 0.239119 -2.75905 1.3194
v 0.239655 -2.75896 1.32137
v 0.266574 -2.88715 1.31703
v 0.266115 -2.88728 1.31888
v 0.266603 -2.88716 1.32073
v 0.241138 -2.75869 1.3228
v 0.267956 -2.88681 1.32206
v 0.243134 -2.75832 1.32333
v 0.269775 -2.88634 1.32256
v 0.245121 -2.75795 1.32277
v 0.271586 -2.88586 1.32203
v 0.246581 -2.75767 1.32132
v 0.272918 -2.88551 1.32068
v 0.247085 -2.75757 1.31934
v 0.273376 -2.88538 1.31883
v 0.24655 -2.75766 1.31736
v 0.272888 -2.8855 1.31698
v 0.245066 -2.75793 1.31594
v 0.271536 -2.88585 1.31565
v 0.243071 -2.7583 1.31541
v 0.269716 -2.88632 1.31516
v 0.241084 -2.75867 1.31597
v 0.267905 -2.88679 1.31568
v 0.290876 -2.96829 1.3154
v 0.289652 -2.96878 1.31671
v 0.292541 -2.96761 1.3149
v 0.312049 -3.01284 1.31466
v 0.310511 -3.01374 1.31516
v 0.309381 -3.01441 1.31646
v 0.289231 -2.96897 1.31851
v 0.308993 -3.01465 1.31825
v 0.289681 -2.96879 1.3203
v 0.30941 -3.01442 1.32004
v 0.290925 -2.9683 1.3216
v 0.31056 -3.01376 1.32133
v 0.292598 -2.96763 1.32208
v 0.312106 -3.01286 1.32181
v 0.294264 -2.96696 1.32158
v 0.313645 -3.01196 1.32131
v 0.295488 -2.96646 1.32027
v 0.314775 -3.01129 1.32001
v 0.295909 -2.96628 1.31847
v 0.315164 -3.01105 1.31821
v 0.295459 -2.96645 1.31667
v 0.314747 -3.01128 1.31643
v 0.294215 -2.96694 1.31538
v 0.313596 -3.01194 1.31514
v 0.330991 -3.03759 1.31494
v 0.329567 -3.03868 1.31446
v 0.332051 -3.03679 1.31624
v 0.348398 -3.05342 1.31607
v 0.347427 -3.05434 1.31478
v 0.346125 -3.0556 1.31429
v 0.328151 -3.03978 1.31496
v 0.344831 -3.05687 1.31479
v 0.327112 -3.04059 1.31626
v 0.343881 -3.0578 1.31609
v 0.326756 -3.04088 1.31805
v 0.343557 -3.05813 1.31788
v 0.32714 -3.0406 1.31984
v 0.34391 -3.05781 1.31967
v 0.3282 -3.03979 1.32113
v 0.34488 -3.05688 1.32096
v 0.329624 -3.0387 1.32161
v 0.346182 -3.05562 1.32145
v 0.33104 -3.03761 1.32112
v 0.347477 -3.05436 1.32095
v 0.332079 -3.0368 1.31981
v 0.348426 -3.05343 1.31965
v 0.332436 -3.03651 1.31802
v 0.348751 -3.05309 1.31786
v 0.151278 -1.02864 1.32525
v 0.150411 -1.03036 1.32964
v 0.146699 -1.00665 1.32538
v 0.145961 -1.00932 1.33058
v 0.147859 -1.03528 1.33283
v 0.143765 -1.01695 1.33436
v 0.140759 -1.02731 1.33581
v 0.144376 -1.04195 1.33406
v 0.137726 -1.03769 1.3344
v 0.140867 -1.04862 1.33287
v 0.135458 -1.04538 1.33065
v 0.13825 -1.05357 1.32971
v 0.137292 -1.05533 1.32534
v 0.13462 -1.04812 1.32547
v 0.135358 -1.04545 1.32027
v 0.138159 -1.05362 1.32096
v 0.045054 -0.520062 1.3092
v 0.0349277 -0.522362 1.3116
v 0.0270309 -0.516103 1.30777
v 0.0399666 -0.512834 1.30497
v 0.0473557 -0.523415 1.31103
v 0.0383441 -0.525329 1.31327
v 0.0552369 -0.517771 1.3115
v 0.0564102 -0.521504 1.31318
v 0.0529865 -0.509584 1.30762
v 0.0336548 -0.503901 1.30043
v 0.0510457 -0.499142 1.30355
v 0.0163761 -0.508689 1.30374
v 0.0628116 -0.516085 1.31784
v 0.0626775 -0.507196 1.31534
v 0.0639908 -0.495643 1.31281
v 0.0661788 -0.506366 1.32698
v 0.0686695 -0.494426 1.327
v 0.0655468 -0.5155 1.32695
v 0.0629763 -0.516113 1.33624
v 0.0628921 -0.507231 1.33908
v 0.0642821 -0.495688 1.34185
v 0.0555211 -0.517819 1.34304
v 0.0533563 -0.509645 1.34796
v 0.0515475 -0.499219 1.35275
v 0.0453836 -0.520118 1.34569
v 0.0403951 -0.512904 1.35141
v 0.034236 -0.503991 1.35697
v 0.0274002 -0.516164 1.34817
v 0.0168769 -0.508766 1.35299
v 0.0352122 -0.522411 1.34321
v 0.0276563 -0.524098 1.33651
v 0.0177512 -0.518569 1.33942
v 0.00398568 -0.512291 1.34226
v 0.0249286 -0.524683 1.32722
v 0.0142671 -0.519405 1.32733
v -0.000670767 -0.51352 1.32744
v 0.0274914 -0.524069 1.31804
v 0.0175372 -0.518534 1.31561
v 0.00369558 -0.512247 1.31317
v 0.0317226 -0.526748 1.3191
v 0.02944 -0.527258 1.32717
v 0.0325023 -0.527472 1.31926
v 0.0302586 -0.527967 1.32716
v 0.0390105 -0.526096 1.31351
v 0.0318682 -0.526774 1.33523
v 0.0326453 -0.527498 1.33504
v 0.0385949 -0.525373 1.34102
v 0.0392567 -0.52614 1.3407
v 0.0476462 -0.523466 1.34316
v 0.0481509 -0.524289 1.3428
v 0.0566604 -0.521547 1.34087
v 0.0570055 -0.522427 1.34056
v 0.0632866 -0.520121 1.33499
v 0.0635131 -0.52104 1.3348
v 0.0655716 -0.519608 1.32694
v 0.0657571 -0.520542 1.32693
v 0.0631418 -0.520096 1.31894
v 0.063371 -0.521016 1.3191
v 0.0567601 -0.522384 1.31343
v 0.0478658 -0.52424 1.3113
v 0.0641833 -0.523824 1.31911
v 0.0576073 -0.525178 1.31346
v 0.0487593 -0.527014 1.31135
v 0.0692318 -0.542266 1.31923
v 0.0628994 -0.54352 1.31372
v 0.0543791 -0.545223 1.31166
v 0.0399491 -0.52885 1.31355
v 0.0458951 -0.546927 1.3138
v 0.0334736 -0.530212 1.31928
v 0.0396594 -0.548191 1.31939
v 0.0312411 -0.530701 1.32715
v 0.0375093 -0.548647 1.32707
v 0.0336158 -0.530237 1.335
v 0.0397959 -0.548218 1.33472
v 0.040194 -0.528894 1.34064
v 0.0461303 -0.546974 1.34022
v 0.0490429 -0.527064 1.34272
v 0.0546515 -0.545276 1.34226
v 0.0578514 -0.525221 1.34049
v 0.0631339 -0.543566 1.34008
v 0.0643245 -0.523849 1.33476
v 0.0693675 -0.542293 1.33449
v 0.0665566 -0.523355 1.32692
v 0.0715171 -0.541834 1.32685
v 0.0818146 -0.586908 1.33384
v 0.0837663 -0.586526 1.32666
v 0.081692 -0.586878 1.31952
v 0.0999654 -0.646615 1.33291
v 0.101664 -0.646304 1.32642
v 0.0998594 -0.646582 1.31995
v 0.0759437 -0.587907 1.31435
v 0.094859 -0.647403 1.31528
v 0.0682094 -0.589307 1.31242
v 0.0881309 -0.648525 1.31354
v 0.0605081 -0.590713 1.31444
v 0.0814319 -0.649654 1.31537
v 0.0548476 -0.591758 1.31968
v 0.076508 -0.650497 1.3201
v 0.0528956 -0.592139 1.32687
v 0.0748097 -0.650808 1.3266
v 0.0549706 -0.591789 1.33404
v 0.0766142 -0.650531 1.33308
v 0.0607202 -0.590766 1.3392
v 0.081615 -0.649712 1.33775
v 0.068455 -0.589368 1.34111
v 0.0883432 -0.648591 1.33948
v 0.0761553 -0.587959 1.33908
v 0.0950419 -0.64746 1.33765
v 0.111361 -0.710704 1.33769
v 0.117137 -0.709647 1.33607
v 0.121383 -0.708857 1.33189
v 0.136765 -0.778694 1.33606
v 0.141832 -0.777604 1.33463
v 0.145556 -0.77679 1.33093
v 0.122847 -0.708567 1.32615
v 0.14684 -0.776492 1.32585
v 0.121292 -0.708826 1.32044
v 0.145475 -0.776762 1.32079
v 0.11698 -0.709592 1.31632
v 0.141693 -0.777555 1.31714
v 0.111178 -0.71064 1.31478
v 0.136603 -0.778637 1.31578
v 0.105402 -0.711697 1.3164
v 0.131536 -0.779728 1.31721
v 0.101156 -0.712486 1.32058
v 0.127812 -0.780542 1.32091
v 0.0996919 -0.712776 1.32631
v 0.126528 -0.780839 1.32599
v 0.101248 -0.712518 1.33203
v 0.127893 -0.78057 1.33105
v 0.10556 -0.711752 1.33615
v 0.131676 -0.779777 1.3347
v 0.158834 -0.85643 1.33357
v 0.163459 -0.855347 1.33481
v 0.155396 -0.857224 1.33024
v 0.179405 -0.929135 1.32947
v 0.182532 -0.928402 1.3325
v 0.186739 -0.927401 1.33363
v 0.168064 -0.854256 1.3335
v 0.190927 -0.926395 1.33244
v 0.171449 -0.853444 1.33013
v 0.194005 -0.925645 1.32937
v 0.172616 -0.853147 1.32549
v 0.195066 -0.925371 1.32515
v 0.171375 -0.853418 1.32088
v 0.193938 -0.925621 1.32095
v 0.167937 -0.854212 1.31755
v 0.190811 -0.926354 1.31792
v 0.163312 -0.855295 1.31631
v 0.186605 -0.927354 1.31679
v 0.158707 -0.856385 1.31761
v 0.182416 -0.928361 1.31798
v 0.155323 -0.857198 1.32099
v 0.179338 -0.929111 1.32105
v 0.154156 -0.857494 1.32562
v 0.178277 -0.929385 1.32527
v 0.195765 -0.986404 1.32498
v 0.196744 -0.986199 1.32862
v 0.196686 -0.986179 1.32134
v 0.212097 -1.04713 1.32164
v 0.211321 -1.04729 1.3247
v 0.212146 -1.04714 1.32775
v 0.199456 -0.985595 1.33124
v 0.214432 -1.0467 1.32994
v 0.203105 -0.984771 1.33222
v 0.217508 -1.0461 1.33076
v 0.206738 -0.983941 1.33119
v 0.220572 -1.04549 1.3299
v 0.209408 -0.983323 1.32853
v 0.222823 -1.04503 1.32767
v 0.210328 -0.983097 1.32488
v 0.223599 -1.04487 1.32461
v 0.20935 -0.983302 1.32125
v 0.222774 -1.04502 1.32157
v 0.206638 -0.983906 1.31863
v 0.220488 -1.04546 1.31937
v 0.202989 -0.98473 1.31765
v 0.217411 -1.04606 1.31855
v 0.199356 -0.98556 1.31868
v 0.214348 -1.04667 1.31941
v 0.231947 -1.12849 1.31981
v 0.230004 -1.1288 1.32172
v 0.234591 -1.12808 1.31907
v 0.249905 -1.21112 1.31926
v 0.247508 -1.21141 1.31993
v 0.245747 -1.21163 1.32165
v 0.229334 -1.12891 1.32434
v 0.245139 -1.21171 1.32401
v 0.230046 -1.12881 1.32696
v 0.245785 -1.21164 1.32637
v 0.232019 -1.12852 1.32884
v 0.247573 -1.21143 1.32807
v 0.234675 -1.12811 1.32954
v 0.24998 -1.21114 1.3287
v 0.237319 -1.1277 1.3288
v 0.252376 -1.21085 1.32803
v 0.239262 -1.12739 1.32689
v 0.254138 -1.21063 1.32631
v 0.239933 -1.12728 1.32427
v 0.254745 -1.21054 1.32394
v 0.239221 -1.12738 1.32166
v 0.2541 -1.21061 1.32159
v 0.237247 -1.12767 1.31978
v 0.252311 -1.21083 1.31989
v 0.260309 -1.27267 1.31985
v 0.258006 -1.27296 1.31925
v 0.262021 -1.27246 1.32148
v 0.263979 -1.31702 1.32134
v 0.262286 -1.31729 1.31972
v 0.260008 -1.31765 1.31912
v 0.255712 -1.27326 1.31988
v 0.257739 -1.31801 1.31976
v 0.254026 -1.27349 1.32153
v 0.256072 -1.31829 1.3214
v 0.253444 -1.27357 1.3238
v 0.255497 -1.31839 1.32365
v 0.254062 -1.2735 1.32605
v 0.256108 -1.3183 1.32589
v 0.255774 -1.27328 1.32768
v 0.257801 -1.31804 1.3275
v 0.258078 -1.27299 1.32828
v 0.260079 -1.31767 1.3281
v 0.260371 -1.27269 1.32765
v 0.262348 -1.31731 1.32747
v 0.262057 -1.27247 1.326
v 0.264015 -1.31704 1.32583
v 0.262639 -1.27239 1.32373
v 0.26459 -1.31694 1.32358
v 0.263145 -1.35255 1.32343
v 0.262538 -1.35265 1.32119
v 0.262573 -1.35267 1.32568
v 0.260183 -1.37814 1.32555
v 0.260752 -1.37801 1.3233
v 0.260147 -1.37813 1.32106
v 0.260853 -1.35296 1.31957
v 0.25847 -1.37847 1.31944
v 0.258587 -1.35338 1.31897
v 0.256214 -1.37893 1.31884
v 0.256331 -1.35381 1.3196
v 0.253968 -1.37939 1.31947
v 0.254673 -1.35413 1.32124
v 0.252317 -1.37974 1.32111
v 0.254101 -1.35424 1.32349
v 0.251747 -1.37987 1.32336
v 0.254709 -1.35414 1.32573
v 0.252352 -1.37975 1.32561
v 0.256393 -1.35383 1.32735
v 0.254029 -1.37942 1.32722
v 0.258659 -1.35341 1.32795
v 0.256285 -1.37895 1.32782
v 0.260915 -1.35298 1.32732
v 0.258532 -1.37849 1.32719
v 0.255943 -1.39477 1.32774
v 0.258183 -1.39428 1.32711
v 0.259829 -1.39392 1.32547
v 0.262882 -1.41759 1.32762
v 0.265113 -1.41707 1.32698
v 0.266752 -1.41667 1.32535
v 0.260397 -1.39378 1.32322
v 0.267318 -1.41653 1.3231
v 0.259794 -1.39391 1.32098
v 0.266717 -1.41666 1.32085
v 0.258121 -1.39426 1.31936
v 0.265051 -1.41705 1.31924
v 0.255871 -1.39475 1.31876
v 0.262811 -1.41757 1.31864
v 0.253631 -1.39524 1.31939
v 0.26058 -1.4181 1.31927
v 0.251985 -1.39561 1.32103
v 0.258941 -1.41849 1.32091
v 0.251417 -1.39574 1.32328
v 0.258375 -1.41863 1.32316
v 0.252021 -1.39562 1.32552
v 0.258976 -1.4185 1.3254
v 0.253693 -1.39526 1.32714
v 0.260642 -1.41812 1.32702
v 0.277397 -1.4661 1.32514
v 0.27905 -1.46567 1.32676
v 0.281275 -1.46509 1.32736
v 0.304849 -1.54352 1.32473
v 0.306495 -1.54307 1.32635
v 0.308709 -1.54246 1.32695
v 0.283489 -1.4645 1.32673
v 0.310913 -1.54184 1.32632
v 0.285116 -1.46406 1.32509
v 0.312532 -1.54138 1.32468
v 0.285677 -1.4639 1.32284
v 0.31309 -1.54122 1.32243
v 0.28508 -1.46405 1.3206
v 0.312496 -1.54137 1.32019
v 0.283427 -1.46448 1.31898
v 0.310851 -1.54182 1.31857
v 0.281203 -1.46506 1.31838
v 0.308638 -1.54243 1.31797
v 0.278989 -1.46565 1.31901
v 0.306434 -1.54305 1.3186
v 0.277362 -1.46609 1.32065
v 0.304813 -1.54351 1.32024
v 0.2768 -1.46625 1.3229
v 0.304255 -1.54367 1.32249
v 0.33591 -1.64614 1.32196
v 0.336506 -1.646 1.32419
v 0.33647 -1.64599 1.31971
v 0.364553 -1.74208 1.31927
v 0.363998 -1.7422 1.32148
v 0.364588 -1.74209 1.32367
v 0.338155 -1.6456 1.3258
v 0.366223 -1.74177 1.32525
v 0.340372 -1.64506 1.3264
v 0.368419 -1.74134 1.32584
v 0.342577 -1.64451 1.32577
v 0.370603 -1.74089 1.32522
v 0.344196 -1.6441 1.32414
v 0.372206 -1.74056 1.32362
v 0.344754 -1.64395 1.3219
v 0.372758 -1.74044 1.32141
v 0.344161 -1.64409 1.31966
v 0.372171 -1.74055 1.31922
v 0.342516 -1.64449 1.31805
v 0.370542 -1.74087 1.31764
v 0.340301 -1.64503 1.31745
v 0.368349 -1.74131 1.31705
v 0.338094 -1.64558 1.31808
v 0.366162 -1.74175 1.31767
v 0.383946 -1.80337 1.31756
v 0.382395 -1.80364 1.3191
v 0.386054 -1.80302 1.31697
v 0.394177 -1.84204 1.31709
v 0.392188 -1.84232 1.31765
v 0.390724 -1.84253 1.31909
v 0.38186 -1.80373 1.3212
v 0.39022 -1.84261 1.32106
v 0.382428 -1.80365 1.3233
v 0.390756 -1.84255 1.32303
v 0.384004 -1.80339 1.32481
v 0.392242 -1.84234 1.32445
v 0.386121 -1.80304 1.32538
v 0.39424 -1.84206 1.32497
v 0.388227 -1.80269 1.32478
v 0.396228 -1.84177 1.32442
v 0.389774 -1.80242 1.32325
v 0.397688 -1.84156 1.32298
v 0.390307 -1.80233 1.32114
v 0.398191 -1.84148 1.32101
v 0.38974 -1.80241 1.31905
v 0.397656 -1.84155 1.31904
v 0.388169 -1.80267 1.31753
v 0.396174 -1.84175 1.31762
v 0.399248 -1.87989 1.31904
v 0.397862 -1.88005 1.31772
v 0.395994 -1.88027 1.31723
v 0.400442 -1.93929 1.31893
v 0.399129 -1.93942 1.31767
v 0.39736 -1.9396 1.31721
v 0.394132 -1.88049 1.31775
v 0.395594 -1.93979 1.3177
v 0.392762 -1.88066 1.31909
v 0.394294 -1.93993 1.31897
v 0.392289 -1.88073 1.32093
v 0.393845 -1.93998 1.32071
v 0.392791 -1.88067 1.32276
v 0.394322 -1.93994 1.32245
v 0.394182 -1.88051 1.32409
v 0.395642 -1.93981 1.3237
v 0.396053 -1.88029 1.32458
v 0.397415 -1.93962 1.32417
v 0.397912 -1.88006 1.32406
v 0.399177 -1.93944 1.32368
v 0.399278 -1.8799 1.32272
v 0.40047 -1.9393 1.32241
v 0.399749 -1.87983 1.32088
v 0.400916 -1.93924 1.32066
v 0.407142 -2.03453 1.32031
v 0.406678 -2.03457 1.31861
v 0.406705 -2.03458 1.32201
v 0.41888 -2.15245 1.32157
v 0.419317 -2.15239 1.31987
v 0.418853 -2.15244 1.31818
v 0.405392 -2.0347 1.31739
v 0.417568 -2.15258 1.31696
v 0.40366 -2.03488 1.31693
v 0.415839 -2.15277 1.3165
v 0.401932 -2.03506 1.31741
v 0.414115 -2.15297 1.31698
v 0.400661 -2.0352 1.31866
v 0.412848 -2.15312 1.31822
v 0.400222 -2.03525 1.32036
v 0.412411 -2.15317 1.31992
v 0.400688 -2.03521 1.32206
v 0.412875 -2.15313 1.32161
v 0.401979 -2.03508 1.32328
v 0.414162 -2.15299 1.32283
v 0.403714 -2.0349 1.32374
v 0.415892 -2.15279 1.32328
v 0.405439 -2.03472 1.32326
v 0.417615 -2.1526 1.32281
v 0.435123 -2.27593 1.32234
v 0.436389 -2.27577 1.32111
v 0.433401 -2.27615 1.32282
v 0.454169 -2.40063 1.32236
v 0.455889 -2.4004 1.32188
v 0.457153 -2.40023 1.32064
v 0.436826 -2.27571 1.31941
v 0.457589 -2.40016 1.31895
v 0.436362 -2.27576 1.31772
v 0.457126 -2.40022 1.31725
v 0.435077 -2.27592 1.3165
v 0.455842 -2.40038 1.31603
v 0.433347 -2.27613 1.31604
v 0.454115 -2.40061 1.31558
v 0.431625 -2.27634 1.31652
v 0.452395 -2.40085 1.31606
v 0.430358 -2.27651 1.31776
v 0.45113 -2.40102 1.3173
v 0.429921 -2.27657 1.31946
v 0.450694 -2.40109 1.31899
v 0.430385 -2.27652 1.32115
v 0.451157 -2.40103 1.32069
v 0.431671 -2.27636 1.32237
v 0.452441 -2.40086 1.32191
v 0.473659 -2.52622 1.3202
v 0.474926 -2.52605 1.3214
v 0.476632 -2.5258 1.32185
v 0.500044 -2.65434 1.31956
v 0.501211 -2.65417 1.32067
v 0.502781 -2.65392 1.32108
v 0.478331 -2.52555 1.32138
v 0.504344 -2.65368 1.32065
v 0.479579 -2.52537 1.32015
v 0.505493 -2.65349 1.31952
v 0.48001 -2.5253 1.31848
v 0.505889 -2.65343 1.31797
v 0.479553 -2.52536 1.3168
v 0.505468 -2.65349 1.31643
v 0.478285 -2.52554 1.3156
v 0.504302 -2.65366 1.31532
v 0.476579 -2.52578 1.31515
v 0.502732 -2.65391 1.3149
v 0.474881 -2.52603 1.31562
v 0.501169 -2.65415 1.31534
v 0.473632 -2.52622 1.31684
v 0.50002 -2.65434 1.31647
v 0.473201 -2.52628 1.31852
v 0.499623 -2.6544 1.31801
v 0.53048 -2.78186 1.31747
v 0.530818 -2.78181 1.31871
v 0.530798 -2.7818 1.31622
v 0.556178 -2.87899 1.31609
v 0.555938 -2.87904 1.31703
v 0.556193 -2.879 1.31797
v 0.531756 -2.78166 1.3196
v 0.556901 -2.87887 1.31865
v 0.533018 -2.78144 1.31994
v 0.557852 -2.87869 1.3189
v 0.534275 -2.78123 1.31959
v 0.5588 -2.87851 1.31863
v 0.535198 -2.78107 1.31868
v 0.559496 -2.87838 1.31795
v 0.535517 -2.78101 1.31743
v 0.559736 -2.87833 1.317
v 0.535178 -2.78106 1.31619
v 0.559481 -2.87837 1.31606
v 0.53424 -2.78122 1.31529
v 0.558774 -2.8785 1.31538
v 0.532978 -2.78143 1.31496
v 0.557822 -2.87868 1.31513
v 0.531722 -2.78164 1.31531
v 0.556875 -2.87886 1.3154
v 0.568702 -2.92089 1.31524
v 0.567905 -2.92105 1.31546
v 0.567319 -2.92117 1.31604
v 0.5707 -2.92897 1.31538
v 0.569992 -2.92911 1.31558
v 0.569471 -2.92922 1.31609
v 0.567116 -2.92121 1.31684
v 0.569291 -2.92926 1.3168
v 0.567331 -2.92117 1.31763
v 0.569482 -2.92923 1.31751
v 0.567926 -2.92106 1.3182
v 0.570011 -2.92912 1.31801
v 0.568727 -2.9209 1.31842
v 0.570723 -2.92898 1.3182
v 0.569524 -2.92074 1.31819
v 0.571432 -2.92883 1.318
v 0.57011 -2.92062 1.31761
v 0.571953 -2.92872 1.31749
v 0.570312 -2.92057 1.31682
v 0.572132 -2.92868 1.31678
v 0.570097 -2.92061 1.31602
v 0.571941 -2.92872 1.31608
v 0.569502 -2.92073 1.31545
v 0.571412 -2.92883 1.31557
v 0.571485 -2.9299 1.31583
v 0.570929 -2.93002 1.31567
v 0.571906 -2.92982 1.31622
v 0.571296 -2.9301 1.31622
v 0.570964 -2.93017 1.31601
v 0.571644 -2.93003 1.31639
v 0.57163 -2.93004 1.31678
v 0.572048 -2.92979 1.31678
v 0.57165 -2.93003 1.31717
v 0.571915 -2.92982 1.31734
v 0.571305 -2.9301 1.31735
v 0.5715 -2.92991 1.31773
v 0.570977 -2.93017 1.31756
v 0.570947 -2.93002 1.3179
v 0.570645 -2.93024 1.31735
v 0.570391 -2.93014 1.31774
v 0.570296 -2.93031 1.31718
v 0.56997 -2.93022 1.31735
v 0.570311 -2.9303 1.31679
v 0.569828 -2.93025 1.31679
v 0.57029 -2.93031 1.3164
v 0.569961 -2.93022 1.31624
v 0.570636 -2.93024 1.31622
v 0.570376 -2.93013 1.31584
v 0.57097 -2.93017 1.31679
v -0.0112647 -0.506826 1.31203
v 0.00529253 -0.501882 1.30156
v -0.0169652 -0.50859 1.32749
v -0.0318442 -0.501119 1.32748
v -0.0249482 -0.498918 1.31173
v -0.00491784 -0.492723 1.30079
v -0.010882 -0.50688 1.34332
v -0.0244826 -0.498981 1.34326
v -0.0349809 -0.485346 1.34302
v -0.0431037 -0.487727 1.32747
v -0.0354934 -0.485278 1.31156
v -0.0422868 -0.468135 1.34252
v -0.0506623 -0.470564 1.32747
v -0.0428003 -0.468066 1.31187
v -0.0134064 -0.478352 1.30065
v -0.0201117 -0.461032 1.30133
v 0.0223513 -0.484235 1.29675
v 0.0165667 -0.46867 1.29669
v 0.0100408 -0.451361 1.29758
v 0.0465374 -0.458469 1.3004
v 0.0391791 -0.441428 1.30109
v 0.0497563 -0.475557 1.30056
v 0.0701374 -0.469063 1.31132
v 0.0687568 -0.450698 1.31113
v 0.0603141 -0.433973 1.31145
v 0.0775044 -0.466786 1.32701
v 0.076784 -0.447959 1.32698
v 0.0679192 -0.431356 1.32699
v 0.0706033 -0.469126 1.34284
v 0.0692692 -0.450766 1.34259
v 0.0608275 -0.434041 1.3421
v 0.0505598 -0.475666 1.35398
v 0.0474213 -0.458586 1.35274
v 0.0400648 -0.441545 1.35139
v 0.0232826 -0.484361 1.35814
v 0.0175916 -0.468806 1.35625
v 0.0110678 -0.451497 1.3544
v -0.0125225 -0.47847 1.35299
v -0.019226 -0.461149 1.35163
v -0.00411468 -0.492832 1.35422
v 0.00372317 -0.435543 1.35316
v -0.0241829 -0.443708 1.35032
v -0.0464719 -0.450198 1.34149
v -0.00270655 -0.419892 1.35136
v -0.0266012 -0.426177 1.34837
v -0.0465096 -0.431757 1.3399
v -0.0546431 -0.452505 1.32751
v -0.053865 -0.433787 1.32755
v -0.04694 -0.450136 1.3131
v -0.0469066 -0.431704 1.31502
v -0.0249904 -0.443601 1.30318
v -0.027286 -0.426086 1.30609
v 0.00278691 -0.435419 1.29957
v -0.00350052 -0.419786 1.30271
v 0.027371 -0.428266 1.30296
v 0.0157722 -0.415544 1.3059
v 0.0441232 -0.423464 1.31271
v 0.0279773 -0.41337 1.31469
v 0.0500797 -0.421833 1.32706
v 0.0322514 -0.412702 1.32717
v 0.0445913 -0.423527 1.34111
v 0.0283742 -0.413422 1.33957
v 0.0281784 -0.428373 1.3501
v 0.016457 -0.415635 1.34818
v 0.0189836 -0.398964 1.33743
v 0.00897126 -0.400529 1.34467
v -0.00652692 -0.404081 1.34762
v 0.0122892 -0.389264 1.33485
v 0.00225978 -0.389454 1.33854
v -0.00806318 -0.394105 1.34246
v -0.0255628 -0.408866 1.34482
v -0.0204114 -0.395507 1.33864
v -0.0414642 -0.413528 1.33769
v -0.0332722 -0.401169 1.33504
v -0.0470094 -0.414873 1.32756
v -0.033362 -0.399213 1.32753
v -0.0417825 -0.413486 1.31737
v -0.0335068 -0.401138 1.32001
v -0.0261081 -0.408793 1.31009
v -0.0207597 -0.395461 1.31632
v -0.00716357 -0.403997 1.30711
v -0.00853243 -0.394042 1.3124
v 0.00842595 -0.400457 1.30994
v 0.00191156 -0.389408 1.31623
v 0.0186653 -0.398922 1.31711
v 0.0120546 -0.389232 1.31982
v 0.0220587 -0.398199 1.32726
v 0.0119805 -0.387107 1.32734
v -0.00947423 -0.387646 1.32744
v 0.00595299 -0.501977 1.35474
v 0.0286089 -0.495314 1.35895
v 0.0511822 -0.488621 1.35449
v 0.0677774 -0.483653 1.3429
v 0.0734926 -0.481879 1.32702
v 0.0673938 -0.483598 1.31164
v 0.050521 -0.488527 1.30134
v 0.0278428 -0.495204 1.29777
v 0.0479505 -0.462609 1.31721
v 0.0547679 -0.462381 1.31402
v 0.061487 -0.471749 1.31125
v 0.0538276 -0.47437 1.31355
v 0.0504244 -0.456281 1.32712
v 0.058992 -0.458522 1.31714
v 0.0689216 -0.468782 1.31345
v 0.0724047 -0.48735 1.31066
v 0.0645812 -0.490259 1.31296
v 0.080264 -0.484454 1.31286
v 0.043905 -0.466439 1.32063
v 0.0483569 -0.476656 1.31924
v 0.0588325 -0.492422 1.31892
v 0.0425087 -0.464681 1.32717
v 0.0463885 -0.477202 1.32716
v 0.056852 -0.493202 1.32711
v 0.0440091 -0.466476 1.33371
v 0.0484828 -0.4767 1.33505
v 0.0589626 -0.492468 1.33527
v 0.0540435 -0.474446 1.34068
v 0.0648056 -0.490339 1.34115
v 0.0481084 -0.462665 1.33706
v 0.0549761 -0.462454 1.34018
v 0.0617387 -0.471838 1.34287
v 0.0726649 -0.487442 1.34335
v 0.05915 -0.458578 1.33699
v 0.0691375 -0.468858 1.34058
v 0.0804883 -0.484533 1.34105
v 0.0658389 -0.458395 1.33357
v 0.0748688 -0.466932 1.33488
v 0.086237 -0.482371 1.33509
v 0.0765766 -0.466026 1.32697
v 0.0882175 -0.48159 1.32691
v 0.0645918 -0.456506 1.32703
v 0.0657349 -0.458358 1.32049
v 0.074743 -0.466888 1.31907
v 0.0861069 -0.482325 1.31875
v 0.0989167 -0.497593 1.32685
v 0.0968069 -0.498327 1.31869
v 0.090966 -0.500456 1.31281
v 0.0831096 -0.503351 1.31061
v 0.10454 -0.510318 1.31865
v 0.098702 -0.512445 1.31277
v 0.0908495 -0.51534 1.31058
v 0.075289 -0.50626 1.31291
v 0.0830328 -0.518247 1.31287
v 0.0695425 -0.508421 1.31887
v 0.0772891 -0.520407 1.31883
v 0.0675626 -0.509201 1.32705
v 0.0753104 -0.521187 1.32701
v 0.0696725 -0.508467 1.3352
v 0.0774192 -0.520453 1.33516
v 0.0755133 -0.506339 1.34109
v 0.0832571 -0.518326 1.34104
v 0.0833697 -0.503443 1.34329
v 0.0911095 -0.515432 1.34323
v 0.0911903 -0.500535 1.34099
v 0.0989262 -0.512525 1.34094
v 0.0969369 -0.498373 1.33503
v 0.10467 -0.510364 1.33498
v 0.106649 -0.509584 1.3268
v 0.109607 -0.519531 1.33488
v 0.111571 -0.518756 1.32676
v 0.109478 -0.519485 1.31867
v 0.121881 -0.547943 1.33435
v 0.12375 -0.547201 1.32661
v 0.121758 -0.547899 1.31891
v 0.103684 -0.521598 1.31283
v 0.116243 -0.549922 1.31335
v 0.0958897 -0.524474 1.31066
v 0.108824 -0.552674 1.31127
v 0.088131 -0.527361 1.31293
v 0.101439 -0.555438 1.31344
v 0.0824299 -0.529508 1.31885
v 0.0960116 -0.557492 1.31907
v 0.0804658 -0.530282 1.32696
v 0.0941419 -0.558233 1.3268
v 0.082559 -0.529553 1.33506
v 0.0961345 -0.557536 1.33451
v 0.0883536 -0.52744 1.34089
v 0.101651 -0.555513 1.34007
v 0.0961477 -0.524565 1.34307
v 0.10907 -0.552761 1.34215
v 0.103906 -0.521677 1.34079
v 0.116455 -0.549997 1.33998
v 0.13849 -0.617392 1.33996
v 0.144989 -0.614923 1.33805
v 0.149764 -0.613088 1.33308
v 0.174814 -0.696892 1.33719
v 0.180188 -0.694806 1.33561
v 0.184135 -0.693256 1.33149
v 0.151409 -0.612426 1.32627
v 0.185495 -0.692697 1.32583
v 0.149655 -0.61305 1.31947
v 0.184046 -0.693224 1.3202
v 0.144802 -0.614857 1.31457
v 0.180033 -0.694751 1.31613
v 0.138273 -0.617315 1.31274
v 0.174634 -0.696828 1.31461
v 0.131772 -0.619784 1.31465
v 0.169258 -0.698914 1.3162
v 0.126995 -0.62162 1.31962
v 0.165306 -0.700464 1.32032
v 0.125349 -0.622281 1.32643
v 0.163944 -0.701023 1.32597
v 0.127103 -0.621658 1.33323
v 0.165396 -0.700496 1.33161
v 0.131959 -0.619851 1.33813
v 0.169413 -0.698969 1.33567
v 0.202335 -0.768121 1.33344
v 0.206706 -0.76641 1.33467
v 0.199083 -0.769379 1.33014
v 0.227827 -0.829332 1.32894
v 0.230484 -0.828304 1.33164
v 0.234056 -0.826905 1.33265
v 0.211053 -0.764692 1.33338
v 0.237608 -0.8255 1.3316
v 0.214245 -0.763415 1.33004
v 0.240217 -0.824456 1.32886
v 0.215345 -0.762955 1.32545
v 0.241115 -0.82408 1.32511
v 0.214172 -0.76339 1.32088
v 0.240157 -0.824435 1.32137
v 0.210927 -0.764647 1.31758
v 0.237505 -0.825464 1.31867
v 0.20656 -0.766358 1.31635
v 0.233937 -0.826863 1.31767
v 0.202209 -0.768076 1.31763
v 0.230381 -0.828267 1.31872
v 0.19901 -0.769353 1.32097
v 0.227767 -0.829311 1.32145
v 0.197908 -0.769813 1.32556
v 0.226867 -0.829687 1.3252
v 0.253101 -0.887824 1.32486
v 0.253924 -0.887529 1.32805
v 0.253873 -0.887511 1.32166
v 0.278583 -0.950024 1.3216
v 0.277878 -0.950292 1.3245
v 0.278629 -0.950041 1.32739
v 0.256201 -0.886677 1.33035
v 0.280708 -0.94931 1.32948
v 0.259262 -0.885517 1.33121
v 0.283505 -0.948316 1.33026
v 0.262307 -0.884353 1.33031
v 0.286287 -0.947317 1.32945
v 0.264543 -0.883487 1.32798
v 0.288331 -0.946575 1.32733
v 0.265313 -0.883175 1.32478
v 0.289035 -0.946307 1.32443
v 0.264492 -0.883469 1.32159
v 0.288285 -0.946559 1.32154
v 0.262219 -0.884322 1.31929
v 0.286207 -0.947289 1.31945
v 0.25916 -0.885481 1.31843
v 0.283412 -0.948283 1.31867
v 0.256113 -0.886646 1.31932
v 0.280629 -0.949282 1.31948
v 0.305171 -1.02165 1.31928
v 0.303192 -1.02232 1.32131
v 0.307863 -1.02075 1.3185
v 0.334845 -1.10706 1.31807
v 0.332162 -1.10794 1.31885
v 0.330189 -1.10858 1.32087
v 0.30251 -1.02256 1.32411
v 0.32951 -1.10882 1.32364
v 0.303236 -1.02234 1.32689
v 0.330233 -1.1086 1.32641
v 0.305247 -1.02168 1.32889
v 0.332238 -1.10796 1.3284
v 0.307952 -1.02078 1.32964
v 0.334933 -1.10709 1.32915
v 0.310644 -1.01988 1.32886
v 0.337615 -1.10622 1.32837
v 0.312621 -1.0192 1.32682
v 0.339586 -1.10557 1.32635
v 0.313303 -1.01896 1.32403
v 0.340265 -1.10534 1.32357
v 0.312577 -1.01919 1.32125
v 0.339541 -1.10556 1.32081
v 0.310567 -1.01985 1.31925
v 0.337539 -1.10619 1.31881
v 0.369197 -1.20848 1.31827
v 0.366511 -1.20938 1.31752
v 0.371193 -1.20782 1.32026
v 0.407784 -1.32127 1.31964
v 0.405809 -1.32199 1.31765
v 0.403152 -1.32297 1.3169
v 0.363837 -1.21028 1.3183
v 0.400508 -1.32396 1.31768
v 0.361871 -1.21095 1.32032
v 0.398564 -1.32469 1.3197
v 0.361194 -1.2112 1.3231
v 0.397895 -1.32495 1.32247
v 0.361915 -1.21097 1.32586
v 0.398608 -1.32471 1.32524
v 0.363913 -1.21031 1.32786
v 0.400584 -1.32398 1.32723
v 0.366599 -1.20941 1.3286
v 0.403241 -1.323 1.32798
v 0.369273 -1.20851 1.32782
v 0.405885 -1.32201 1.3272
v 0.371238 -1.20783 1.3258
v 0.407828 -1.32128 1.32518
v 0.371915 -1.20759 1.32303
v 0.408498 -1.32102 1.32241
v 0.449803 -1.43999 1.32171
v 0.449104 -1.44027 1.31895
v 0.449148 -1.44029 1.32449
v 0.494909 -1.56247 1.32371
v 0.495542 -1.56213 1.32094
v 0.494865 -1.56245 1.31818
v 0.447171 -1.44109 1.31695
v 0.492993 -1.56339 1.31618
v 0.44457 -1.4422 1.31621
v 0.490477 -1.56466 1.31543
v 0.441982 -1.44332 1.31699
v 0.487973 -1.56594 1.31621
v 0.44008 -1.44415 1.31901
v 0.486133 -1.56689 1.31823
v 0.439425 -1.44444 1.32178
v 0.485501 -1.56723 1.321
v 0.440124 -1.44416 1.32454
v 0.486177 -1.56691 1.32377
v 0.442058 -1.44334 1.32654
v 0.488049 -1.56597 1.32576
v 0.444658 -1.44223 1.32729
v 0.490565 -1.5647 1.32651
v 0.447247 -1.44112 1.32651
v 0.49307 -1.56342 1.32573
v 0.543737 -1.68498 1.32488
v 0.545493 -1.68389 1.32287
v 0.541346 -1.68644 1.32566
v 0.600162 -1.79412 1.32484
v 0.602405 -1.79246 1.32407
v 0.604051 -1.79123 1.32205
v 0.546097 -1.68351 1.32009
v 0.604615 -1.79078 1.31928
v 0.545449 -1.68388 1.31733
v 0.604006 -1.79121 1.31651
v 0.543661 -1.68495 1.31533
v 0.602328 -1.79243 1.31451
v 0.541258 -1.68641 1.31458
v 0.600073 -1.79409 1.31376
v 0.538866 -1.68788 1.31536
v 0.59783 -1.79576 1.31454
v 0.53711 -1.68896 1.31738
v 0.596184 -1.79699 1.31656
v 0.536507 -1.68935 1.32015
v 0.595619 -1.79743 1.31933
v 0.537155 -1.68898 1.32291
v 0.596228 -1.79701 1.32209
v 0.538943 -1.6879 1.32491
v 0.597907 -1.79578 1.32409
v 0.665236 -1.87709 1.32342
v 0.66731 -1.87522 1.32417
v 0.663692 -1.87846 1.32142
v 0.725536 -1.93351 1.32091
v 0.726956 -1.93201 1.32291
v 0.728862 -1.92998 1.32367
v 0.669371 -1.87335 1.3234
v 0.730756 -1.92794 1.3229
v 0.670884 -1.87197 1.32138
v 0.732145 -1.92643 1.32088
v 0.671401 -1.87147 1.31861
v 0.732618 -1.92589 1.31811
v 0.670839 -1.87195 1.31584
v 0.7321 -1.92641 1.31534
v 0.669295 -1.87332 1.31384
v 0.73068 -1.92791 1.31334
v 0.667221 -1.87519 1.31309
v 0.728774 -1.92995 1.31259
v 0.665159 -1.87706 1.31386
v 0.72688 -1.93199 1.31336
v 0.663647 -1.87844 1.31588
v 0.725491 -1.9335 1.31537
v 0.66313 -1.87894 1.31865
v 0.725018 -1.93404 1.31814
v 0.768704 -1.96732 1.3178
v 0.769193 -1.96677 1.32057
v 0.769148 -1.96675 1.31503
v 0.802119 -1.98781 1.31477
v 0.801695 -1.98839 1.31754
v 0.802163 -1.98782 1.32031
v 0.77053 -1.96519 1.32257
v 0.803443 -1.98621 1.32231
v 0.772324 -1.96306 1.32332
v 0.80516 -1.98401 1.32307
v 0.774106 -1.96092 1.32255
v 0.806864 -1.98181 1.3223
v 0.775411 -1.95933 1.32054
v 0.808112 -1.98018 1.32029
v 0.775855 -1.95877 1.31777
v 0.808536 -1.9796 1.31751
v 0.775367 -1.95932 1.315
v 0.808068 -1.98017 1.31475
v 0.774029 -1.96089 1.313
v 0.806787 -1.98179 1.31274
v 0.772235 -1.96303 1.31225
v 0.805071 -1.98398 1.31199
v 0.770453 -1.96517 1.31301
v 0.803367 -1.98618 1.31276
v 0.836213 -2.00125 1.31175
v 0.834579 -2.0035 1.31252
v 0.833383 -2.00517 1.31453
v 0.860495 -2.01394 1.31156
v 0.858916 -2.01623 1.31233
v 0.85776 -2.01793 1.31434
v 0.832977 -2.00576 1.3173
v 0.857369 -2.01853 1.31711
v 0.833427 -2.00518 1.32007
v 0.857805 -2.01794 1.31988
v 0.834655 -2.00353 1.32207
v 0.858992 -2.01626 1.32189
v 0.836301 -2.00128 1.32283
v 0.860584 -2.01397 1.32264
v 0.837935 -1.99903 1.32206
v 0.862163 -2.01168 1.32187
v 0.839131 -1.99737 1.32005
v 0.863319 -2.00999 1.31986
v 0.839536 -1.99677 1.31728
v 0.86371 -2.00938 1.31709
v 0.839087 -1.99735 1.31451
v 0.863274 -2.00997 1.31432
v 0.837859 -1.999 1.3125
v 0.862087 -2.01166 1.31232
v 0.874582 -2.01599 1.31426
v 0.873425 -2.01767 1.31228
v 0.871874 -2.01995 1.31153
v 0.877395 -2.01797 1.31442
v 0.87632 -2.01954 1.31257
v 0.874879 -2.02168 1.31187
v 0.870336 -2.02224 1.31229
v 0.87345 -2.02382 1.31258
v 0.86921 -2.02393 1.31428
v 0.872404 -2.0254 1.31444
v 0.868829 -2.02454 1.31702
v 0.87205 -2.02597 1.317
v 0.869253 -2.02395 1.31977
v 0.872444 -2.02542 1.31956
v 0.870411 -2.02226 1.32175
v 0.87352 -2.02384 1.32141
v 0.871961 -2.01998 1.3225
v 0.874961 -2.02171 1.32211
v 0.8735 -2.0177 1.32174
v 0.87639 -2.01957 1.3214
v 0.874626 -2.016 1.31975
v 0.877436 -2.01798 1.31954
v 0.875007 -2.0154 1.317
v 0.87779 -2.01742 1.31698
v 0.877965 -2.01864 1.31697
v 0.877658 -2.01907 1.31487
v 0.877691 -2.01908 1.31908
v 0.877185 -2.02002 1.31698
v 0.877197 -2.01998 1.31545
v 0.877221 -2.01998 1.3185
v 0.876472 -2.02111 1.31923
v 0.876822 -2.0204 1.32059
v 0.875747 -2.02221 1.32004
v 0.875656 -2.02215 1.3212
v 0.87501 -2.0233 1.31924
v 0.87448 -2.02389 1.3206
v 0.874249 -2.02442 1.31851
v 0.873588 -2.0252 1.3191
v 0.874261 -2.02438 1.31699
v 0.87328 -2.02563 1.31699
v 0.874225 -2.02441 1.31546
v 0.873554 -2.02519 1.31488
v 0.874974 -2.02328 1.31473
v 0.874423 -2.02387 1.31338
v 0.875699 -2.02219 1.31393
v 0.875589 -2.02212 1.31277
v 0.876765 -2.02038 1.31337
v 0.876436 -2.0211 1.31473
v 0.875723 -2.0222 1.31698
v 0.18811 -0.727285 1.31972
v 0.188012 -0.725051 1.31575
v 0.18919 -0.730665 1.31404
v 0.188867 -0.730676 1.31749
v 0.18966 -0.73408 1.31969
v 0.188933 -0.7307 1.32573
v 0.190395 -0.736289 1.31571
v 0.191622 -0.730649 1.31174
v 0.192428 -0.737293 1.31363
v 0.190846 -0.724016 1.31368
v 0.193053 -0.742214 1.31868
v 0.191326 -0.740534 1.31984
v 0.19049 -0.737658 1.32158
v 0.193315 -0.743966 1.32566
v 0.191666 -0.741936 1.32568
v 0.190483 -0.737494 1.3257
v 0.193164 -0.742253 1.33266
v 0.19142 -0.740566 1.33153
v 0.190556 -0.737681 1.32982
v 0.189756 -0.734114 1.33175
v 0.18731 -0.723718 1.32165
v 0.187383 -0.723905 1.32577
v 0.188999 -0.730723 1.33398
v 0.188206 -0.727319 1.33178
v 0.187376 -0.723741 1.32989
v 0.187239 -0.720863 1.33162
v 0.1869 -0.71946 1.32578
v 0.187146 -0.72083 1.31993
v 0.190413 -0.719163 1.33275
v 0.190151 -0.717412 1.32576
v 0.190302 -0.719124 1.31877
v 0.199085 -0.720629 1.319
v 0.198467 -0.725065 1.31414
v 0.199342 -0.719078 1.32569
v 0.211387 -0.725031 1.32558
v 0.2107 -0.726218 1.31994
v 0.208851 -0.729614 1.31586
v 0.199191 -0.720667 1.33238
v 0.21079 -0.72625 1.33122
v 0.222463 -0.737241 1.33015
v 0.223244 -0.736347 1.32546
v 0.222389 -0.737215 1.32078
v 0.23661 -0.757587 1.32921
v 0.237378 -0.756938 1.3253
v 0.236547 -0.757565 1.3214
v 0.234259 -0.759366 1.31858
v 0.220044 -0.7397 1.3174
v 0.231184 -0.761811 1.31752
v 0.216899 -0.743073 1.31612
v 0.206381 -0.734219 1.31431
v 0.197669 -0.73108 1.31229
v 0.203935 -0.738833 1.31587
v 0.1969 -0.737105 1.31412
v 0.213773 -0.746452 1.31743
v 0.211483 -0.748957 1.32083
v 0.202151 -0.742252 1.31996
v 0.19636 -0.741568 1.31896
v 0.228126 -0.764261 1.31861
v 0.225882 -0.766078 1.32145
v 0.225113 -0.766728 1.32536
v 0.210702 -0.749851 1.32552
v 0.201555 -0.74347 1.3256
v 0.225944 -0.7661 1.32927
v 0.211558 -0.748983 1.3302
v 0.202241 -0.742284 1.33124
v 0.196209 -0.743158 1.32565
v 0.196466 -0.741606 1.33234
v 0.20409 -0.738888 1.33533
v 0.197084 -0.73717 1.3372
v 0.19262 -0.737361 1.33775
v 0.20656 -0.734283 1.33687
v 0.197882 -0.731155 1.33905
v 0.191844 -0.730728 1.33969
v 0.190554 -0.736345 1.33571
v 0.189376 -0.730731 1.33742
v 0.191038 -0.724084 1.3378
v 0.188171 -0.725107 1.33576
v 0.198651 -0.72513 1.33722
v 0.209006 -0.729668 1.33532
v 0.217048 -0.743125 1.33486
v 0.220173 -0.739746 1.33355
v 0.231308 -0.761855 1.33314
v 0.234366 -0.759404 1.33205
v 0.25061 -0.792624 1.33159
v 0.253379 -0.790887 1.33068
v 0.255412 -0.789599 1.32832
v 0.270637 -0.828362 1.33042
v 0.273172 -0.827257 1.32964
v 0.275034 -0.826436 1.32761
v 0.275675 -0.826141 1.32482
v 0.25611 -0.789138 1.32507
v 0.27499 -0.82642 1.32204
v 0.25536 -0.789581 1.32183
v 0.25329 -0.790856 1.31949
v 0.273095 -0.82723 1.32003
v 0.270548 -0.828331 1.31928
v 0.250506 -0.792587 1.31861
v 0.268013 -0.829435 1.32006
v 0.247737 -0.794324 1.31952
v 0.266151 -0.830256 1.32209
v 0.245704 -0.795612 1.32188
v 0.245006 -0.796074 1.32513
v 0.265511 -0.830552 1.32488
v 0.266196 -0.830272 1.32766
v 0.245756 -0.79563 1.32837
v 0.26809 -0.829462 1.32967
v 0.247826 -0.794355 1.33071
v 0.228233 -0.764299 1.33209
v 0.213902 -0.746498 1.33358
v 0.282004 -0.861745 1.32727
v 0.283872 -0.861384 1.32914
v 0.286384 -0.86089 1.32983
v 0.291217 -0.887157 1.3271
v 0.293115 -0.887019 1.32895
v 0.295668 -0.886827 1.32964
v 0.298209 -0.886632 1.32891
v 0.288885 -0.860392 1.3291
v 0.300077 -0.886483 1.32704
v 0.290723 -0.86002 1.32721
v 0.291356 -0.859884 1.32461
v 0.300722 -0.886426 1.32446
v 0.300037 -0.886469 1.3219
v 0.290682 -0.860006 1.32201
v 0.298139 -0.886607 1.32005
v 0.288814 -0.860367 1.32014
v 0.295586 -0.886798 1.31936
v 0.286301 -0.860861 1.31945
v 0.2838 -0.861359 1.32018
v 0.293044 -0.886994 1.32008
v 0.291176 -0.887142 1.32196
v 0.281963 -0.86173 1.32207
v 0.290532 -0.8872 1.32453
v 0.281329 -0.861867 1.32467
v 0.293994 -0.905689 1.32189
v 0.293374 -0.905813 1.32446
v 0.294034 -0.905704 1.32703
v 0.295969 -0.919538 1.32183
v 0.295483 -0.919821 1.32441
v 0.29601 -0.919552 1.32697
v 0.29746 -0.918774 1.32883
v 0.295862 -0.905378 1.32888
v 0.299407 -0.917717 1.32952
v 0.298319 -0.904931 1.32957
v 0.300766 -0.904481 1.32884
v 0.301343 -0.916656 1.3288
v 0.302763 -0.915868 1.32693
v 0.302563 -0.904144 1.32697
v 0.303249 -0.915585 1.32436
v 0.303182 -0.90402 1.32439
v 0.302722 -0.915854 1.32179
v 0.302522 -0.90413 1.32183
v 0.300695 -0.904456 1.31998
v 0.301272 -0.916631 1.31994
v 0.299325 -0.917688 1.31924
v 0.298238 -0.904902 1.31929
v 0.297389 -0.918749 1.31996
v 0.295791 -0.905353 1.32001
v 0.304008 -0.927454 1.31918
v 0.303163 -0.92913 1.31989
v 0.302549 -0.930372 1.32175
v 0.312572 -0.93187 1.3191
v 0.313041 -0.933659 1.3198
v 0.313397 -0.934985 1.32166
v 0.313539 -0.935458 1.32423
v 0.302348 -0.930816 1.32432
v 0.313438 -0.935 1.3268
v 0.30259 -0.930387 1.32689
v 0.303233 -0.929155 1.32875
v 0.313111 -0.933684 1.32867
v 0.312654 -0.931899 1.32938
v 0.304089 -0.927483 1.32946
v 0.312186 -0.93011 1.32869
v 0.304934 -0.925808 1.32875
v 0.311829 -0.928784 1.32683
v 0.305548 -0.924565 1.32689
v 0.305749 -0.924122 1.32432
v 0.311687 -0.92831 1.32426
v 0.311788 -0.928769 1.32169
v 0.305507 -0.924551 1.32175
v 0.312115 -0.930085 1.31982
v 0.304863 -0.925783 1.31989
v 0.320608 -0.926739 1.32163
v 0.321754 -0.927544 1.31975
v 0.32332 -0.928639 1.31903
v 0.327501 -0.919792 1.3216
v 0.329185 -0.919976 1.31972
v 0.331478 -0.92023 1.319
v 0.324896 -0.929737 1.31972
v 0.333783 -0.920488 1.31968
v 0.335497 -0.920682 1.32153
v 0.326073 -0.930553 1.32158
v 0.336117 -0.920756 1.3241
v 0.326503 -0.930846 1.32414
v 0.335537 -0.920696 1.32667
v 0.326113 -0.930567 1.32672
v 0.333853 -0.920512 1.32855
v 0.324967 -0.929762 1.32859
v 0.33156 -0.920259 1.32927
v 0.323402 -0.928668 1.32931
v 0.321825 -0.927569 1.32862
v 0.329256 -0.920001 1.32859
v 0.327542 -0.919806 1.32674
v 0.320649 -0.926753 1.32677
v 0.326922 -0.919732 1.32417
v 0.320218 -0.92646 1.3242
v 0.328978 -0.909991 1.32675
v 0.328295 -0.909985 1.32419
v 0.328937 -0.909977 1.32161
v 0.328679 -0.89913 1.32679
v 0.328082 -0.89902 1.32422
v 0.328638 -0.899115 1.32165
v 0.330256 -0.899401 1.31977
v 0.330799 -0.909968 1.31974
v 0.33246 -0.899794 1.31905
v 0.333332 -0.909962 1.31901
v 0.335876 -0.90996 1.3197
v 0.334675 -0.90019 1.31974
v 0.336323 -0.900486 1.32158
v 0.337768 -0.909962 1.32155
v 0.33845 -0.909968 1.32411
v 0.33692 -0.900596 1.32415
v 0.336364 -0.900501 1.32672
v 0.337809 -0.909977 1.32669
v 0.334746 -0.900215 1.3286
v 0.335947 -0.909985 1.32856
v 0.332542 -0.899823 1.32932
v 0.333414 -0.909991 1.32929
v 0.330327 -0.899426 1.32864
v 0.330869 -0.909993 1.3286
v 0.333695 -0.891436 1.32934
v 0.332351 -0.890156 1.32865
v 0.331348 -0.889207 1.32679
v 0.339005 -0.886781 1.32931
v 0.338634 -0.884661 1.32862
v 0.33835 -0.88309 1.32676
v 0.338234 -0.882531 1.32419
v 0.330978 -0.888866 1.32423
v 0.338309 -0.883076 1.32162
v 0.331307 -0.889192 1.32165
v 0.332281 -0.890131 1.31978
v 0.338564 -0.884636 1.31975
v 0.338923 -0.886752 1.31903
v 0.333613 -0.891407 1.31906
v 0.334956 -0.892687 1.31975
v 0.339294 -0.888871 1.31973
v 0.339579 -0.890442 1.32159
v 0.33596 -0.893636 1.32161
v 0.339695 -0.891001 1.32416
v 0.336329 -0.893977 1.32417
v 0.33962 -0.890456 1.32673
v 0.336001 -0.893651 1.32675
v 0.335027 -0.892712 1.32862
v 0.339365 -0.888896 1.3286
v 0.349333 -0.89148 1.32664
v 0.349549 -0.889679 1.3285
v 0.349828 -0.887236 1.32921
v 0.365991 -0.895772 1.32642
v 0.366431 -0.894018 1.32821
v 0.367013 -0.891641 1.32889
v 0.350094 -0.88479 1.32851
v 0.367584 -0.889259 1.32822
v 0.367996 -0.887495 1.32643
v 0.350281 -0.882978 1.32666
v 0.368127 -0.886868 1.32396
v 0.350332 -0.882333 1.3241
v 0.367956 -0.887482 1.32148
v 0.350241 -0.882964 1.32154
v 0.367516 -0.889235 1.31969
v 0.350024 -0.884765 1.31968
v 0.366934 -0.891613 1.31901
v 0.349746 -0.887208 1.31898
v 0.349479 -0.889654 1.31968
v 0.366363 -0.893995 1.31969
v 0.365952 -0.895758 1.32148
v 0.349292 -0.891466 1.32153
v 0.349242 -0.89211 1.32408
v 0.365821 -0.896386 1.32395
v 0.389684 -0.902214 1.32149
v 0.389531 -0.902784 1.32375
v 0.38972 -0.902227 1.32601
v 0.418978 -0.91062 1.32153
v 0.418834 -0.911115 1.32351
v 0.41901 -0.910631 1.32548
v 0.390217 -0.900637 1.32765
v 0.419474 -0.909249 1.32692
v 0.420092 -0.907375 1.32746
v 0.390877 -0.89848 1.32828
v 0.420701 -0.905498 1.32692
v 0.391527 -0.89632 1.32766
v 0.421143 -0.904107 1.32549
v 0.391998 -0.894721 1.32602
v 0.392151 -0.894151 1.32376
v 0.421287 -0.903613 1.32351
v 0.421112 -0.904096 1.32153
v 0.391962 -0.894708 1.32149
v 0.420647 -0.905479 1.3201
v 0.391465 -0.896298 1.31985
v 0.420029 -0.907353 1.31956
v 0.390805 -0.898455 1.31923
v 0.390155 -0.900615 1.31985
v 0.41942 -0.90923 1.3201
v 0.451604 -0.917638 1.31988
v 0.451065 -0.919232 1.32034
v 0.450673 -0.920413 1.32156
v 0.477472 -0.926353 1.32011
v 0.476993 -0.927727 1.32051
v 0.476645 -0.928745 1.32157
v 0.450545 -0.920833 1.32324
v 0.476531 -0.929108 1.32303
v 0.476668 -0.928753 1.32448
v 0.4507 -0.920422 1.32493
v 0.477033 -0.927741 1.32554
v 0.451111 -0.919248 1.32615
v 0.477518 -0.92637 1.32594
v 0.451657 -0.917657 1.32661
v 0.452196 -0.916062 1.32615
v 0.477997 -0.924996 1.32554
v 0.478345 -0.923978 1.32448
v 0.452588 -0.914882 1.32493
v 0.47846 -0.923616 1.32303
v 0.452716 -0.914461 1.32324
v 0.478322 -0.92397 1.32157
v 0.452561 -0.914872 1.32156
v 0.45215 -0.916046 1.32034
v 0.477957 -0.924982 1.32051
v 0.4913 -0.929683 1.32069
v 0.490811 -0.930879 1.32032
v 0.49158 -0.928759 1.32162
v 0.49544 -0.930527 1.32183
v 0.495666 -0.931556 1.32129
v 0.494816 -0.932238 1.32078
v 0.495044 -0.933286 1.32129
v 0.490432 -0.932113 1.32069
v 0.494208 -0.933956 1.32183
v 0.490062 -0.933007 1.32162
v 0.490016 -0.933334 1.32291
v 0.494746 -0.934155 1.32288
v 0.494225 -0.933961 1.32393
v 0.490083 -0.933014 1.32421
v 0.495069 -0.933295 1.32446
v 0.490468 -0.932125 1.32514
v 0.494849 -0.93225 1.32498
v 0.490852 -0.930894 1.32551
v 0.491336 -0.929696 1.32514
v 0.495691 -0.931565 1.32446
v 0.495457 -0.930532 1.32393
v 0.491601 -0.928766 1.32421
v 0.495989 -0.930696 1.32288
v 0.491752 -0.928475 1.32291
v 0.496632 -0.932855 1.32286
v 0.183542 -1.41416 1.31868
v 0.183759 -1.42145 1.31908
v 0.183642 -1.41503 1.32122
v 0.183425 -1.40751 1.31924
v 0.183735 -1.4043 1.3182
v 0.183919 -1.41382 1.31798
v 0.184197 -1.42401 1.31796
v 0.186738 -1.41326 1.3174
v 0.187084 -1.42332 1.31736
v 0.186478 -1.40384 1.3176
v 0.187565 -1.43092 1.31835
v 0.184644 -1.43181 1.3188
v 0.184145 -1.4286 1.31949
v 0.188107 -1.43341 1.32108
v 0.18517 -1.43428 1.32113
v 0.184417 -1.42875 1.32116
v 0.188187 -1.43076 1.32382
v 0.185282 -1.43171 1.32347
v 0.184576 -1.42864 1.32283
v 0.184022 -1.42195 1.32329
v 0.183245 -1.40113 1.31973
v 0.183144 -1.40168 1.32127
v 0.183402 -1.41542 1.32375
v 0.183085 -1.40882 1.32326
v 0.18294 -1.40219 1.32282
v 0.183149 -1.39912 1.32344
v 0.183325 -1.39617 1.32129
v 0.183549 -1.39773 1.31912
v 0.185729 -1.39881 1.32379
v 0.18592 -1.39579 1.32125
v 0.18622 -1.39743 1.31868
v 0.193271 -1.3997 1.31835
v 0.193676 -1.40468 1.31719
v 0.192828 -1.39839 1.32112
v 0.205399 -1.40132 1.31799
v 0.206042 -1.4047 1.31677
v 0.204716 -1.40035 1.3209
v 0.20663 -1.40962 1.31658
v 0.194065 -1.41198 1.31699
v 0.194508 -1.41977 1.31696
v 0.20722 -1.41489 1.31658
v 0.207767 -1.41884 1.31772
v 0.195018 -1.42564 1.31804
v 0.208143 -1.42007 1.32074
v 0.1955 -1.42754 1.32095
v 0.207987 -1.41857 1.3238
v 0.19549 -1.42544 1.32389
v 0.194656 -1.42003 1.32505
v 0.187419 -1.42383 1.32489
v 0.207056 -1.41482 1.32504
v 0.205806 -1.40997 1.32514
v 0.19355 -1.41294 1.32512
v 0.186407 -1.41471 1.32493
v 0.18459 -1.42461 1.32438
v 0.183681 -1.41538 1.32444
v 0.185838 -1.40569 1.32481
v 0.183207 -1.40622 1.32431
v 0.192817 -1.40597 1.32499
v 0.192592 -1.40068 1.32387
v 0.204808 -1.40528 1.325
v 0.204396 -1.40178 1.32381
v 0.221135 -1.4023 1.32498
v 0.220489 -1.39964 1.3237
v 0.220928 -1.39868 1.32061
v 0.236171 -1.39521 1.32359
v 0.236746 -1.39444 1.32032
v 0.236934 -1.39801 1.32497
v 0.237991 -1.39569 1.31707
v 0.221928 -1.39959 1.31752
v 0.2391 -1.39872 1.31572
v 0.222871 -1.40231 1.31624
v 0.239994 -1.40292 1.31555
v 0.2237 -1.40619 1.31605
v 0.224458 -1.41036 1.31609
v 0.240735 -1.40743 1.31563
v 0.241204 -1.41077 1.31692
v 0.225032 -1.41349 1.31731
v 0.241257 -1.41162 1.32019
v 0.225258 -1.41438 1.32046
v 0.240803 -1.41002 1.32352
v 0.224915 -1.41305 1.32366
v 0.223878 -1.40994 1.32499
v 0.23981 -1.40649 1.32494
v 0.238417 -1.40209 1.32512
v 0.222464 -1.40601 1.32513
v 0.248794 -1.39927 1.32511
v 0.24752 -1.39389 1.32495
v 0.249834 -1.40505 1.3249
v 0.246885 -1.39032 1.32352
v 0.254066 -1.39764 1.32506
v 0.253112 -1.39098 1.3249
v 0.252682 -1.38663 1.32345
v 0.247589 -1.38962 1.32014
v 0.253476 -1.38597 1.32004
v 0.254713 -1.38858 1.31666
v 0.248882 -1.39158 1.31678
v 0.255469 -1.3936 1.31527
v 0.249866 -1.39561 1.3154
v 0.255738 -1.40016 1.31511
v 0.250489 -1.401 1.31523
v 0.250882 -1.40674 1.31533
v 0.255722 -1.40711 1.31522
v 0.255548 -1.41216 1.31656
v 0.251037 -1.41093 1.31666
v 0.25531 -1.41328 1.31992
v 0.25092 -1.41191 1.32001
v 0.255036 -1.41054 1.32334
v 0.250523 -1.40972 1.32342
v 0.254694 -1.40478 1.32484
v 0.256451 -1.40445 1.32456
v 0.256634 -1.41047 1.32312
v 0.256012 -1.39708 1.32483
v 0.256316 -1.3973 1.32408
v 0.256699 -1.40289 1.32327
v 0.256864 -1.40843 1.3224
v 0.257 -1.4093 1.31992
v 0.256799 -1.39879 1.31999
v 0.255917 -1.39248 1.32332
v 0.25563 -1.38791 1.32248
v 0.25627 -1.38872 1.32
v 0.257045 -1.38956 1.31754
v 0.257481 -1.39458 1.31674
v 0.257257 -1.40979 1.31747
v 0.257429 -1.40475 1.31671
v 0.257685 -1.39973 1.31598
v 0.257492 -1.39309 1.31548
v 0.256863 -1.38781 1.31681
v 0.257604 -1.39986 1.31527
v 0.255728 -1.38514 1.32001
v 0.254948 -1.3857 1.32322
v 0.25526 -1.39022 1.32462
v 0.257406 -1.40696 1.31543
v 0.257109 -1.41218 1.31673
v 0.256833 -1.41324 1.3199
v -0.0547948 -1.21245 1.32166
v -0.0454738 -1.20564 1.32221
v -0.0536657 -1.21149 1.32519
v -0.0632888 -1.21852 1.32242
v -0.0674563 -1.22028 1.32102
v -0.0551487 -1.21156 1.32073
v -0.0419861 -1.20205 1.3207
v -0.0552467 -1.20335 1.32012
v -0.0413173 -1.19366 1.32004
v -0.0684944 -1.21222 1.32039
v -0.0308316 -1.18586 1.32139
v -0.0318562 -1.1943 1.32186
v -0.0362704 -1.1986 1.32278
v -0.027269 -1.1825 1.32512
v -0.0285496 -1.19109 1.3251
v -0.0360101 -1.19793 1.3251
v -0.0308318 -1.18469 1.3289
v -0.0318063 -1.19312 1.32839
v -0.0361045 -1.19771 1.32746
v -0.0447664 -1.20468 1.32813
v -0.0714455 -1.22446 1.3231
v -0.070771 -1.22418 1.32526
v -0.0532383 -1.21163 1.32879
v -0.0617123 -1.21804 1.32808
v -0.070181 -1.22414 1.32746
v -0.0742912 -1.22595 1.32835
v -0.0780534 -1.2282 1.32533
v -0.0759704 -1.2264 1.32229
v -0.0758359 -1.21785 1.32885
v -0.0800546 -1.22024 1.32537
v -0.0776285 -1.21833 1.32186
v -0.0770342 -1.19484 1.32175
v -0.0679452 -1.18984 1.32022
v -0.0795663 -1.19644 1.32535
v -0.076226 -1.15965 1.32536
v -0.0736972 -1.1585 1.32171
v -0.0655287 -1.15523 1.32008
v -0.0754803 -1.19456 1.32892
v -0.0728059 -1.15858 1.32894
v -0.0671209 -1.11344 1.32916
v -0.0693346 -1.11365 1.32541
v -0.066968 -1.11292 1.32152
v -0.0588873 -1.05984 1.32943
v -0.0600829 -1.05934 1.32532
v -0.0579456 -1.05883 1.32102
v -0.0532747 -1.05862 1.31884
v -0.0606449 -1.11143 1.31962
v -0.0468616 -1.05864 1.31806
v -0.0520333 -1.10937 1.31901
v -0.0543026 -1.15045 1.31968
v -0.0551153 -1.18253 1.31991
v -0.0431745 -1.10702 1.31883
v -0.0431329 -1.14503 1.31958
v -0.0420739 -1.17443 1.31985
v -0.0349874 -1.1405 1.32103
v -0.0324495 -1.16783 1.32126
v -0.0365601 -1.10492 1.32041
v -0.0322374 -1.13839 1.32496
v -0.0291953 -1.16495 1.3251
v -0.0350137 -1.13961 1.32893
v -0.0324632 -1.1668 1.32897
v -0.0413343 -1.17341 1.33048
v -0.0404544 -1.1924 1.33036
v -0.0425969 -1.14433 1.33049
v -0.0531048 -1.15036 1.33057
v -0.0534064 -1.18199 1.33055
v -0.0532782 -1.20251 1.33041
v -0.0410987 -1.20073 1.32967
v -0.0532048 -1.21063 1.32978
v -0.0660629 -1.21157 1.33025
v -0.0651324 -1.21961 1.32958
v -0.065834 -1.18948 1.33037
v -0.0641898 -1.15538 1.33039
v -0.0515518 -1.1098 1.33086
v -0.0604701 -1.11217 1.33068
v -0.047011 -1.05955 1.33127
v -0.0540224 -1.05997 1.33108
v -0.0386205 -0.999231 1.33159
v -0.0449243 -0.998988 1.33139
v -0.0491917 -0.998347 1.32955
v -0.0299329 -0.932652 1.33181
v -0.036167 -0.932531 1.33164
v -0.0404636 -0.931952 1.32967
v -0.0501976 -0.997439 1.32498
v -0.0416596 -0.93087 1.32477
v -0.0398257 -0.930047 1.31975
v -0.048249 -0.996845 1.32024
v -0.0354362 -0.930201 1.31746
v -0.0440263 -0.997077 1.31792
v -0.0293465 -0.931083 1.31686
v -0.0381727 -0.997931 1.31717
v -0.0316214 -0.998982 1.31694
v -0.0397843 -1.05871 1.31782
v -0.022735 -0.932181 1.3167
v -0.0176901 -0.932913 1.31865
v -0.026504 -0.999636 1.31883
v -0.0342748 -1.05856 1.31956
v -0.0248135 -0.999499 1.32402
v -0.0324002 -1.05808 1.32435
v -0.0343114 -1.10371 1.3247
v -0.0344144 -1.05791 1.3292
v -0.0366187 -1.10415 1.32904
v -0.0429172 -1.10663 1.33075
v -0.0398301 -1.05861 1.33113
v -0.0267904 -0.999139 1.32928
v -0.0319451 -0.999143 1.33141
v -0.0181495 -0.932605 1.32933
v -0.0233095 -0.932575 1.33156
v -0.0129197 -0.863803 1.32945
v -0.0179783 -0.863846 1.33164
v -0.0244321 -0.864046 1.33198
v -0.00961708 -0.794633 1.32983
v -0.014598 -0.794743 1.33189
v -0.0209113 -0.79505 1.33229
v -0.0268438 -0.795405 1.33228
v -0.0305063 -0.864174 1.3319
v -0.0309071 -0.795225 1.33047
v -0.0347106 -0.863788 1.32998
v -0.0359092 -0.862666 1.32509
v -0.0319688 -0.794131 1.3258
v -0.0300929 -0.793005 1.32106
v -0.0341024 -0.861659 1.32011
v -0.0257484 -0.792769 1.31906
v -0.0297032 -0.861619 1.31794
v -0.0198276 -0.793244 1.31874
v -0.0236404 -0.862317 1.3175
v -0.017165 -0.863252 1.31744
v -0.0135261 -0.793984 1.31876
v -0.00882961 -0.794559 1.32052
v -0.0122999 -0.863914 1.31931
v -0.00750064 -0.794685 1.32511
v -0.010843 -0.863971 1.32432
v -0.016101 -0.932894 1.32394
v -0.00467491 -0.727109 1.32178
v -0.00340867 -0.727291 1.32611
v -0.00566628 -0.727341 1.33053
v 0.00120074 -0.668793 1.32254
v 0.0024847 -0.66902 1.32674
v -3.95218e-05 -0.669151 1.33103
v -0.0108098 -0.727506 1.33247
v -0.00564281 -0.66936 1.33289
v -0.0126626 -0.669822 1.33319
v -0.0172879 -0.727899 1.33283
v -0.0192361 -0.670519 1.33303
v -0.0233636 -0.728444 1.33277
v -0.0236327 -0.670668 1.33127
v -0.0274719 -0.728447 1.33102
v -0.0284256 -0.727403 1.32659
v -0.0245433 -0.669663 1.32703
v -0.0222113 -0.668395 1.32279
v -0.026377 -0.726199 1.32214
v -0.0173263 -0.667856 1.32104
v -0.0218918 -0.725794 1.32029
v -0.0108099 -0.667962 1.32082
v -0.0158502 -0.726064 1.32004
v -0.00942868 -0.72662 1.3201
v -0.00389155 -0.668372 1.3209
v -0.00455927 -0.624865 1.32072
v 0.0031464 -0.625195 1.32079
v 0.00879481 -0.625586 1.32242
v 0.00120574 -0.592688 1.32016
v 0.00947377 -0.593048 1.32022
v 0.0155164 -0.593482 1.32184
v 0.0169368 -0.593786 1.32603
v 0.0101614 -0.625851 1.32658
v 0.0137896 -0.593978 1.33032
v 0.00727712 -0.626036 1.33085
v 0.000986934 -0.626269 1.33271
v 0.00700262 -0.594167 1.33222
v -0.00145374 -0.594629 1.33251
v -0.00686496 -0.626775 1.333
v -0.00936573 -0.595439 1.33228
v -0.0142105 -0.627579 1.33278
v -0.0145885 -0.5957 1.33046
v -0.0190853 -0.627823 1.33099
v -0.020006 -0.626824 1.3268
v -0.0155026 -0.594684 1.32625
v -0.012522 -0.59332 1.32209
v -0.0173078 -0.625492 1.32265
v -0.00659735 -0.592673 1.32038
v -0.0118236 -0.624858 1.32094
v -0.0086217 -0.565967 1.32158
v -0.00272644 -0.565415 1.31986
v 0.00498643 -0.565576 1.31964
v -0.00487946 -0.540624 1.32115
v 0.000690619 -0.540233 1.31941
v 0.00791697 -0.540618 1.31919
v 0.0131436 -0.566104 1.31971
v 0.0155393 -0.541393 1.31929
v 0.0210752 -0.542155 1.32095
v 0.0190881 -0.566674 1.32134
v 0.0223103 -0.54257 1.32518
v 0.0204513 -0.56703 1.32555
v 0.0193236 -0.54262 1.32951
v 0.0173026 -0.567168 1.32987
v 0.0105712 -0.567204 1.33178
v 0.0129951 -0.542438 1.33142
v 0.00511294 -0.542457 1.33172
v 0.00218843 -0.567486 1.33209
v -0.00229261 -0.542913 1.3315
v -0.00566679 -0.568161 1.33185
v -0.00713277 -0.542958 1.32965
v -0.0108277 -0.568342 1.33001
v -0.0116567 -0.567299 1.32577
v -0.0078261 -0.541885 1.32538
v -0.00293697 -0.518932 1.32932
v -0.00349182 -0.51783 1.32501
v -0.000655305 -0.516645 1.32075
v 0.000557721 -0.501166 1.32903
v 0.00010695 -0.500049 1.32474
v 0.00284587 -0.498924 1.32049
v 0.00775946 -0.498817 1.31874
v 0.00455168 -0.516417 1.319
v 0.0140243 -0.499593 1.31854
v 0.0112432 -0.517028 1.31879
v 0.0182794 -0.518054 1.3189
v 0.020593 -0.500799 1.31867
v 0.02533 -0.501889 1.32036
v 0.02337 -0.519007 1.32059
v 0.0263274 -0.502397 1.32459
v 0.0244703 -0.519479 1.32484
v 0.0236743 -0.502285 1.32889
v 0.0216674 -0.519438 1.32918
v 0.0157846 -0.519037 1.33108
v 0.0181453 -0.501722 1.33078
v 0.0112582 -0.501285 1.33108
v 0.00845593 -0.518792 1.33138
v 0.00475837 -0.501357 1.33087
v 0.00155018 -0.519025 1.33116
v 0.00648929 -0.494057 1.33042
v 0.012503 -0.494068 1.33069
v 0.00255454 -0.49382 1.32867
v 0.00488436 -0.49264 1.32773
v 0.00879687 -0.492896 1.32877
v 0.0129429 -0.493046 1.32973
v 0.0177308 -0.493317 1.32872
v 0.0142817 -0.492644 1.32461
v 0.00568285 -0.491954 1.32462
v 0.00652757 -0.491104 1.32153
v 0.0108488 -0.491235 1.32053
v 0.0224469 -0.493855 1.32763
v 0.0232003 -0.493801 1.32452
v 0.0236597 -0.493548 1.32144
v 0.0194324 -0.492661 1.32048
v 0.0152311 -0.491671 1.31958
v 0.00934865 -0.491674 1.31895
v 0.00471421 -0.491729 1.32063
v 0.0151752 -0.49247 1.31869
v 0.00221293 -0.492772 1.32463
v 0.0212271 -0.493697 1.3189
v 0.0256492 -0.49479 1.32052
v 0.0265093 -0.495281 1.32449
v 0.0240984 -0.495147 1.32854
v 0.0189072 -0.494542 1.33034
v 0.392323 -1.83953 1.31945
v 0.39254 -1.8421 1.31985
v 0.392423 -1.83983 1.32199
v 0.392205 -1.83717 1.32001
v 0.396504 -1.83502 1.31893
v 0.396706 -1.83843 1.31871
v 0.396998 -1.84209 1.3187
v 0.42757 -1.83144 1.31789
v 0.428023 -1.8354 1.31786
v 0.427163 -1.82775 1.31808
v 0.42853 -1.83837 1.3189
v 0.397447 -1.84488 1.31955
v 0.392926 -1.84463 1.32026
v 0.428993 -1.83931 1.32169
v 0.397964 -1.84576 1.32188
v 0.393197 -1.84468 1.32193
v 0.428966 -1.83821 1.32452
v 0.398062 -1.84483 1.32423
v 0.393357 -1.84464 1.3236
v 0.392803 -1.84228 1.32406
v 0.392026 -1.83492 1.3205
v 0.391925 -1.83511 1.32204
v 0.392183 -1.83997 1.32452
v 0.391865 -1.83764 1.32403
v 0.391721 -1.83529 1.32359
v 0.395866 -1.83315 1.32421
v 0.39605 -1.8321 1.32204
v 0.396296 -1.83267 1.31986
v 0.426 -1.82563 1.3245
v 0.426253 -1.82452 1.32186
v 0.42673 -1.82523 1.3192
v 0.496401 -1.80934 1.31839
v 0.497312 -1.81188 1.31713
v 0.495444 -1.8085 1.32143
v 0.564672 -1.79267 1.32099
v 0.566098 -1.79362 1.31771
v 0.567472 -1.79611 1.31636
v 0.495026 -1.80943 1.32447
v 0.56409 -1.79339 1.32429
v 0.595122 -1.78608 1.3208
v 0.594501 -1.78664 1.32401
v 0.596648 -1.78699 1.31762
v 0.601236 -1.78699 1.31831
v 0.600357 -1.78686 1.32077
v 0.59961 -1.78669 1.32326
v 0.600715 -1.78881 1.32409
v 0.602697 -1.79156 1.32077
v 0.602564 -1.78928 1.31751
v 0.601972 -1.79101 1.32485
v 0.603355 -1.79359 1.32405
v 0.604525 -1.79623 1.32317
v 0.604811 -1.7966 1.3207
v 0.605141 -1.79675 1.31824
v 0.604378 -1.79424 1.31748
v 0.603697 -1.79171 1.31676
v 0.598171 -1.78937 1.31629
v 0.599485 -1.79268 1.31608
v 0.56867 -1.79963 1.31619
v 0.498124 -1.81553 1.31694
v 0.569704 -1.80345 1.31628
v 0.498877 -1.81947 1.31697
v 0.600573 -1.79625 1.31624
v 0.601238 -1.79894 1.31753
v 0.570358 -1.80629 1.31758
v 0.499463 -1.82241 1.31817
v 0.601182 -1.79956 1.32069
v 0.570403 -1.80703 1.32087
v 0.600508 -1.79828 1.3239
v 0.569798 -1.80569 1.3242
v 0.499717 -1.82326 1.32128
v 0.499395 -1.82203 1.32443
v 0.498357 -1.81911 1.32573
v 0.428127 -1.83543 1.32563
v 0.568577 -1.8027 1.32564
v 0.566892 -1.79903 1.32584
v 0.496947 -1.81542 1.32587
v 0.427009 -1.83181 1.32569
v 0.397361 -1.84228 1.32514
v 0.39644 -1.83897 1.32521
v 0.426246 -1.82828 1.32557
v 0.395941 -1.83568 1.32507
v 0.495649 -1.81194 1.32573
v 0.565078 -1.79569 1.32568
v 0.595595 -1.78877 1.32539
v 0.597517 -1.79189 1.32561
v 0.599254 -1.79538 1.32533
vt 0 1
vt 0 1
vt 0 1
vt 0 1
vt 0 1
vt 0 1
vt 0 1
vt 0 1
vt 0 1
vt 0 1
vt 0 1
vt 0 1
vt 0 1
vt 0 1
vt 0 1
vt 0 1
vt 0 1
vt 0 1
vt 0 1
vt 0 1
vt 0 1
vt 0 1
vt 0 1
vt 0 1
vt 0 1
vt 0 1
vt 0 1
vt 0 1
vt 0 1
vt 0 1
vt 0 1
vt 0 1
vt 0 1
vt 0 1
vt 0 1
vt 0 1
vt 0 1
vt 0 1
vt 0 1
vt 0 1
vt 0 1
vt 0 1
vt 0 1
vt 0 1
vt 0 1
vt 0 1
vt 0 1
vt 0 1
vt 0 1
vt 0 1
vt 0 1
vt 0 1
vt 0 1
vt 0 1
vt 0 1
vt 0 1
vt 0 1
vt 0 1
vt 0 1
vt 0 1
vt 0 1
vt 0 1
vt 0 1
vt 0 1
vt 0 1
vt 0 1
vt 0 1
vt 0 1
vt 0 1
vt 0 1
vt 0 1
vt 0 1
vt 0 1
vt 0 1
vt 0 1
vt 0 1
vt 0 1
vt 0 1
vt 0 1
vt 0 1
vt 0 1
vt 0 1
vt 0 1
vt 0 1
vt 0 1
vt 0 1
vt 0 1
vt 0 1
vt 0 1
vt 0 1
vt 0 1
vt 0 1
vt 0 1
vt 0 1
vt 0 1
vt 0 1
vt 0 1
vt 0 1
vt 0 1
vt 0 1
vt 0 1
vt 0 1
vt 0 1
vt 0 1
vt 0 1
vt 0 1
vt 0 1
vt 0 1
vt 0 1
vt 0 1
vt 0 1
vt 0 1
vt 0 1
vt 0 1
vt 0 1
vt 0 1
vt 0 1
vt 0 1
vt 0 1
vt 0 1
vt 0 1
vt 0 1
vt 0 1
vt 0 1
vt 0 1
vt 0 1
vt 0 1
vt 0 1
vt 0 1
vt 0 1
vt 0 1
vt 0 1
vt 0 1
vt 0 1
vt 0 1
vt 0 1
vt 0 1
vt 0 1
vt 0 1
vt 0 1
vt 0 1
vt 0 1
vt 0 1
vt 0 1
vt 0 1
vt 0 1
vt 0 1
vt 0 1
vt 0 1
vt 0 1
vt 0 1
vt 0 1
vt 0 1
vt 0 1
vt 0 1
vt 0 1
vt 0 1
vt 0 1
vt 0 1
vt 0 1
vt 0 1
vt 0 1
vt 0 1
vt 0 1
vt 0 1
vt 0 1
vt 0 1
vt 0 1
vt 0 1
vt 0 1
vt 0 1
vt 0 1
vt 0 1
vt 0 1
vt 0 1
vt 0 1
vt 0 1
vt 0 1
vt 0 1
vt 0 1
vt 0 1
vt 0 1
vt 0 1
vt 0 1
vt 0 1
vt 0 1
vt 0 1
vt 0 1
vt 0 1
vt 0 1
vt 0 1
vt 0 1
vt 0 1
vt 0 1
vt 0 1
vt 0 1
vt 0 1
vt 0 1
vt 0 1
vt 0 1
vt 0 1
vt 0 1
vt 0 1
vt 0 1
vt 0 1
vt 0 1
vt 0 1
vt 0 1
vt 0 1
vt 0 1
vt 0 1
vt 0 1
vt 0 1
vt 0 1
vt 0 1
vt 0 1
vt 0 1
vt 0 1
vt 0 1
vt 0 1
vt 0 1
vt 0 1
vt 0 1
vt 0 1
vt 0 1
vt 0 1
vt 0 1
vt 0 1
vt 0 1
vt 0 1
vt 0 1
vt 0 1
vt 0 1
vt 0 1
vt 0 1
vt 0 1
vt 0 1
vt 0 1
vt 0 1
vt 0 1
vt 0 1
vt 0 1
vt 0 1
vt 0 1
vt 0 1
vt 0 1
vt 0 1
vt 0 1
vt 0 1
vt 0 1
vt 0 1
vt 0 1
vt 0 1
vt 0 1
vt 0 1
vt 0 1
vt 0 1
vt 0 1
vt 0 1
vt 0 1
vt 0 1
vt 0 1
vt 0 1
vt 0 1
vt 0 1
vt 0 1
vt 0 1
vt 0 1
vt 0 1
vt 0 1
vt 0 1
vt 0 1
vt 0 1
vt 0 1
vt 0 1
vt 0 1
vt 0 1
vt 0 1
vt 0 1
vt 0 1
vt 0 1
vt 0 1
vt 0 1
vt 0 1
vt 0 1
vt 0 1
vt 0 1
vt 0 1
vt 0 1
vt 0 1
vt 0 1
vt 0 1
vt 0 1
vt 0 1
vt 0 1
vt 0 1
vt 0 1
vt 0 1
vt 0 1
vt 0 1
vt 0 1
vt 0 1
vt 0 1
vt 0 1
vt 0 1
vt 0 1
vt 0 1
vt 0 1
vt 0 1
vt 0 1
vt 0 1
vt 0 1
vt 0 1
vt 0 1
vt 0 1
vt 0 1
vt 0 1
vt 0 1
vt 0 1
vt 0 1
vt 0 1
vt 0 1
vt 0 1
vt 0 1
vt 0 1
vt 0 1
vt 0 1
vt 0 1
vt 0 1
vt 0 1
vt 0 1
vt 0 1
vt 0 1
vt 0 1
vt 0 1
vt 0 1
vt 0 1
vt 0 1
vt 0 1
vt 0 1
vt 0 1
vt 0 1
vt 0 1
vt 0 1
vt 0 1
vt 0 1
vt 0 1
vt 0 1
vt 0 1
vt 0 1
vt 0 1
vt 0 1
vt 0 1
vt 0 1
vt 0 1
vt 0 1
vt 0 1
vt 0 1
vt 0 1
vt 0 1
vt 0 1
vt 0 1
vt 0 1
vt 0 1
vt 0 1
vt 0 1
vt 0 1
vt 0 1
vt 0 1
vt 0 1
vt 0 1
vt 0 1
vt 0 1
vt 0 1
vt 0 1
vt 0 1
vt 0 1
vt 0 1
vt 0 1
vt 0 1
vt 0 1
vt 0 1
vt 0 1
vt 0 1
vt 0 1
vt 0 1
vt 0 1
vt 0 1
vt 0 1
vt 0 1
vt 0 1
vt 0 1
vt 0 1
vt 0 1
vt 0 1
vt 0 1
vt 0 1
vt 0 1
vt 0 1
vt 0 1
vt 0 1
vt 0 1
vt 0 1
vt 0 1
vt 0 1
vt 0 1
vt 0 1
vt 0 1
vt 0 1
vt 0 1
vt 0 1
vt 0 1
vt 0 1
vt 0 1
vt 0 1
vt 0 1
vt 0 1
vt 0 1
vt 0 1
vt 0 1
vt 0 1
vt 0 1
vt 0 1
vt 0 1
vt 0 1
vt 0 1
vt 0 1
vt 0 1
vt 0 1
vt 0 1
vt 0 1
vt 0 1
vt 0 1
vt 0 1
vt 0 1
vt 0 1
vt 0 1
vt 0 1
vt 0 1
vt 0 1
vt 0 1
vt 0 1
vt 0 1
vt 0 1
vt 0 1
vt 0 1
vt 0 1
vt 0 1
vt 0 1
vt 0 1
vt 0 1
vt 0 1
vt 0 1
vt 0 1
vt 0 1
vt 0 1
vt 0 1
vt 0 1
vt 0 1
vt 0 1
vt 0 1
vt 0 1
vt 0 1
vt 0 1
vt 0 1
vt 0 1
vt 0 1
vt 0 1
vt 0 1
vt 0 1
vt 0 1
vt 0 1
vt 0 1
vt 0 1
vt 0 1
vt 0 1
vt 0 1
vt 0 1
vt 0 1
vt 0 1
vt 0 1
vt 0 1
vt 0 1
vt 0 1
vt 0 1
vt 0 1
vt 0 1
vt 0 1
vt 0 1
vt 0 1
vt 0 1
vt 0 1
vt 0 1
vt 0 1
vt 0 1
vt 0 1
vt 0 1
vt 0 1
vt 0 1
vt 0 1
vt 0 1
vt 0 1
vt 0 1
vt 0 1
vt 0 1
vt 0 1
vt 0 1
vt 0 1
vt 0 1
vt 0 1
vt 0 1
vt 0 1
vt 0 1
vt 0 1
vt 0 1
vt 0 1
vt 0 1
vt 0 1
vt 0 1
vt 0 1
vt 0 1
vt 0 1
vt 0 1
vt 0 1
vt 0 1
vt 0 1
vt 0 1
vt 0 1
vt 0 1
vt 0 1
vt 0 1
vt 0 1
vt 0 1
vt 0 1
vt 0 1
vt 0 1
vt 0 1
vt 0 1
vt 0 1
vt 0 1
vt 0 1
vt 0 1
vt 0 1
vt 0 1
vt 0 1
vt 0 1
vt 0 1
vt 0 1
vt 0 1
vt 0 1
vt 0 1
vt 0 1
vt 0 1
vt 0 1
vt 0 1
vt 0 1
vt 0 1
vt 0 1
vt 0 1
vt 0 1
vt 0 1
vt 0 1
vt 0 1
vt 0 1
vt 0 1
vt 0 1
vt 0 1
vt 0 1
vt 0 1
vt 0 1
vt 0 1
vt 0 1
vt 0 1
vt 0 1
vt 0 1
vt 0 1
vt 0 1
vt 0 1
vt 0 1
vt 0 1
vt 0 1
vt 0 1
vt 0 1
vt 0 1
vt 0 1
vt 0 1
vt 0 1
vt 0 1
vt 0 1
vt 0 1
vt 0 1
vt 0 1
vt 0 1
vt 0 1
vt 0 1
vt 0 1
vt 0 1
vt 0 1
vt 0 1
vt 0 1
vt 0 1
vt 0 1
vt 0 1
vt 0 1
vt 0 1
vt 0 1
vt 0 1
vt 0 1
vt 0 1
vt 0 1
vt 0 1
vt 0 1
vt 0 1
vt 0 1
vt 0 1
vt 0 1
vt 0 1
vt 0 1
vt 0 1
vt 0 1
vt 0 1
vt 0 1
vt 0 1
vt 0 1
vt 0 1
vt 0 1
vt 0 1
vt 0 1
vt 0 1
vt 0 1
vt 0 1
vt 0 1
vt 0 1
vt 0 1
vt 0 1
vt 0 1
vt 0 1
vt 0 1
vt 0 1
vt 0 1
vt 0 1
vt 0 1
vt 0 1
vt 0 1
vt 0 1
vt 0 1
vt 0 1
vt 0 1
vt 0 1
vt 0 1
vt 0 1
vt 0 1
vt 0 1
vt 0 1
vt 0 1
vt 0 1
vt 0 1
vt 0 1
vt 0 1
vt 0 1
vt 0 1
vt 0 1
vt 0 1
vt 0 1
vt 0 1
vt 0 1
vt 0 1
vt 0 1
vt 0 1
vt 0 1
vt 0 1
vt 0 1
vt 0 1
vt 0 1
vt 0 1
vt 0 1
vt 0 1
vt 0 1
vt 0 1
vt 0 1
vt 0 1
vt 0 1
vt 0 1
vt 0 1
vt 0 1
vt 0 1
vt 0 1
vt 0 1
vt 0 1
vt 0 1
vt 0 1
vt 0 1
vt 0 1
vt 0 1
vt 0 1
vt 0 1
vt 0 1
vt 0 1
vt 0 1
vt 0 1
vt 0 1
vt 0 1
vt 0 1
vt 0 1
vt 0 1
vt 0 1
vt 0 1
vt 0 1
vt 0 1
vt 0 1
vt 0 1
vt 0 1
vt 0 1
vt 0 1
vt 0 1
vt 0 1
vt 0 1
vt 0 1
vt 0 1
vt 0 1
vt 0 1
vt 0 1
vt 0 1
vt 0 1
vt 0 1
vt 0 1
vt 0 1
vt 0 1
vt 0 1
vt 0 1
vt 0 1
vt 0 1
vt 0 1
vt 0 1
vt 0 1
vt 0 1
vt 0 1
vt 0 1
vt 0 1
vt 0 1
vt 0 1
vt 0 1
vt 0 1
vt 0 1
vt 0 1
vt 0 1
vt 0 1
vt 0 1
vt 0 1
vt 0 1
vt 0 1
vt 0 1
vt 0 1
vt 0 1
vt 0 1
vt 0 1
vt 0 1
vt 0 1
vt 0 1
vt 0 1
vt 0 1
vt 0 1
vt 0 1
vt 0 1
vt 0 1
vt 0 1
vt 0 1
vt 0 1
vt 0 1
vt 0 1
vt 0 1
vt 0 1
vt 0 1
vt 0 1
vt 0 1
vt 0 1
vt 0 1
vt 0 1
vt 0 1
vt 0 1
vt 0 1
vt 0 1
vt 0 1
vt 0 1
vt 0 1
vt 0 1
vt 0 1
vt 0 1
vt 0 1
vt 0 1
vt 0 1
vt 0 1
vt 0 1
vt 0 1
vt 0 1
vt 0 1
vt 0 1
vt 0 1
vt 0 1
vt 0 1
vt 0 1
vt 0 1
vt 0 1
vt 0 1
vt 0 1
vt 0 1
vt 0 1
vt 0 1
vt 0 1
vt 0 1
vt 0 1
vt 0 1
vt 0 1
vt 0 1
vt 0 1
vt 0 1
vt 0 1
vt 0 1
vt 0 1
vt 0 1
vt 0 1
vt 0 1
vt 0 1
vt 0 1
vt 0 1
vt 0 1
vt 0 1
vt 0 1
vt 0 1
vt 0 1
vt 0 1
vt 0 1
vt 0 1
vt 0 1
vt 0 1
vt 0 1
vt 0 1
vt 0 1
vt 0 1
vt 0 1
vt 0 1
vt 0 1
vt 0 1
vt 0 1
vt 0 1
vt 0 1
vt 0 1
vt 0 1
vt 0 1
vt 0 1
vt 0 1
vt 0 1
vt 0 1
vt 0 1
vt 0 1
vt 0 1
vt 0 1
vt 0 1
vt 0 1
vt 0 1
vt 0 1
vt 0 1
vt 0 1
vt 0 1
vt 0 1
vt 0 1
vt 0 1
vt 0 1
vt 0 1
vt 0 1
vt 0 1
vt 0 1
vt 0 1
vt 0 1
vt 0 1
vt 0 1
vt 0 1
vt 0 1
vt 0 1
vt 0 1
vt 0 1
vt 0 1
vt 0 1
vt 0 1
vt 0 1
vt 0 1
vt 0 1
vt 0 1
vt 0 1
vt 0 1
vt 0 1
vt 0 1
vt 0 1
vt 0 1
vt 0 1
vt 0 1
vt 0 1
vt 0 1
vt 0 1
vt 0 1
vt 0 1
vt 0 1
vt 0 1
vt 0 1
vt 0 1
vt 0 1
vt 0 1
vt 0 1
vt 0 1
vt 0 1
vt 0 1
vt 0 1
vt 0 1
vt 0 1
vt 0 1
vt 0 1
vt 0 1
vt 0 1
vt 0 1
vt 0 1
vt 0 1
vt 0 1
vt 0 1
vt 0 1
vt 0 1
vt 0 1
vt 0 1
vt 0 1
vt 0 1
vt 0 1
vt 0 1
vt 0 1
vt 0 1
vt 0 1
vt 0 1
vt 0 1
vt 0 1
vt 0 1
vt 0 1
vt 0 1
vt 0 1
vt 0 1
vt 0 1
vt 0 1
vt 0 1
vt 0 1
vt 0 1
vt 0 1
vt 0 1
vt 0 1
vt 0 1
vt 0 1
vt 0 1
vt 0 1
vt 0 1
vt 0 1
vt 0 1
vt 0 1
vt 0 1
vt 0 1
vt 0 1
vt 0 1
vt 0 1
vt 0 1
vt 0 1
vt 0 1
vt 0 1
vt 0 1
vt 0 1
vt 0 1
vt 0 1
vt 0 1
vt 0 1
vt 0 1
vt 0 1
vt 0 1
vt 0 1
vt 0 1
vt 0 1
vt 0 1
vt 0 1
vt 0 1
vt 0 1
vt 0 1
vt 0 1
vt 0 1
vt 0 1
vt 0 1
vt 0 1
vt 0 1
vt 0 1
vt 0 1
vt 0 1
vt 0 1
vt 0 1
vt 0 1
vt 0 1
vt 0 1
vt 0 1
vt 0 1
vt 0 1
vt 0 1
vt 0 1
vt 0 1
vt 0 1
vt 0 1
vt 0 1
vt 0 1
vt 0 1
vt 0 1
vt 0 1
vt 0 1
vt 0 1
vt 0 1
vt 0 1
vt 0 1
vt 0 1
vt 0 1
vt 0 1
vt 0 1
vt 0 1
vt 0 1
vt 0 1
vt 0 1
vt 0 1
vt 0 1
vt 0 1
vt 0 1
vt 0 1
vt 0 1
vt 0 1
vt 0 1
vt 0 1
vt 0 1
vt 0 1
vt 0 1
vt 0 1
vt 0 1
vt 0 1
vt 0 1
vt 0 1
vt 0 1
vt 0 1
vt 0 1
vt 0 1
vt 0 1
vt 0 1
vt 0 1
vt 0 1
vt 0 1
vt 0 1
vt 0 1
vt 0 1
vt 0 1
vt 0 1
vt 0 1
vt 0 1
vt 0 1
vt 0 1
vt 0 1
vt 0 1
vt 0 1
vt 0 1
vt 0 1
vt 0 1
vt 0 1
vt 0 1
vt 0 1
vt 0 1
vt 0 1
vt 0 1
vt 0 1
vt 0 1
vt 0 1
vt 0 1
vt 0 1
vt 0 1
vt 0 1
vt 0 1
vt 0 1
vt 0 1
vt 0 1
vt 0 1
vt 0 1
vt 0 1
vt 0 1
vt 0 1
vt 0 1
vt 0 1
vt 0 1
vt 0 1
vt 0 1
vt 0 1
vt 0 1
vt 0 1
vt 0 1
vt 0 1
vt 0 1
vt 0 1
vt 0 1
vt 0 1
vt 0 1
vt 0 1
vt 0 1
vt 0 1
vt 0 1
vt 0 1
vt 0 1
vt 0 1
vt 0 1
vt 0 1
vt 0 1
vt 0 1
vt 0 1
vt 0 1
vt 0 1
vt 0 1
vt 0 1
vt 0 1
vt 0 1
vt 0 1
vt 0 1
vt 0 1
vt 0 1
vt 0 1
vt 0 1
vt 0 1
vt 0 1
vt 0 1
vt 0 1
vt 0 1
vt 0 1
vt 0 1
vt 0 1
vt 0 1
vt 0 1
vt 0 1
vt 0 1
vt 0 1
vt 0 1
vt 0 1
vt 0 1
vt 0 1
vt 0 1
vt 0 1
vt 0 1
vt 0 1
vt 0 1
vt 0 1
vt 0 1
vt 0 1
vt 0 1
vt 0 1
vt 0 1
vt 0 1
vt 0 1
vt 0 1
vt 0 1
vt 0 1
vt 0 1
vt 0 1
vt 0 1
vt 0 1
vt 0 1
vt 0 1
vt 0 1
vt 0 1
vt 0 1
vt 0 1
vt 0 1
vt 0 1
vt 0 1
vt 0 1
vt 0 1
vt 0 1
vt 0 1
vt 0 1
vt 0 1
vt 0 1
vt 0 1
vt 0 1
vt 0 1
vt 0 1
vt 0 1
vt 0 1
vt 0 1
vt 0 1
vt 0 1
vt 0 1
vt 0 1
vt 0 1
vt 0 1
vt 0 1
vt 0 1
vt 0 1
vt 0 1
vt 0 1
vt 0 1
vt 0 1
vt 0 1
vt 0 1
vt 0 1
vt 0 1
vt 0 1
vt 0 1
vt 0 1
vt 0 1
vt 0 1
vt 0 1
vt 0 1
vt 0 1
vt 0 1
vt 0 1
vt 0 1
vt 0 1
vt 0 1
vt 0 1
vt 0 1
vt 0 1
vt 0 1
vt 0 1
vt 0 1
vt 0 1
vt 0 1
vt 0 1
vt 0 1
vt 0 1
vt 0 1
vt 0 1
vt 0 1
vt 0 1
vt 0 1
vt 0 1
vt 0 1
vt 0 1
vt 0 1
vt 0 1
vt 0 1
vt 0 1
vt 0 1
vt 0 1
vt 0 1
vt 0 1
vt 0 1
vt 0 1
vt 0 1
vt 0 1
vt 0 1
vt 0 1
vt 0 1
vt 0 1
vt 0 1
vt 0 1
vt 0 1
vt 0 1
vt 0 1
vt 0 1
vt 0 1
vt 0 1
vt 0 1
vt 0 1
vt 0 1
vt 0 1
vt 0 1
vt 0 1
vt 0 1
vt 0 1
vt 0 1
vt 0 1
vt 0 1
vt 0 1
vt 0 1
vt 0 1
vt 0 1
vt 0 1
vt 0 1
vt 0 1
vt 0 1
vt 0 1
vt 0 1
vt 0 1
vt 0 1
vt 0 1
vt 0 1
vt 0 1
vt 0 1
vt 0 1
vt 0 1
vt 0 1
vt 0 1
vt 0 1
vt 0 1
vt 0 1
vt 0 1
vt 0 1
vt 0 1
vt 0 1
vt 0 1
vt 0 1
vt 0 1
vt 0 1
vt 0 1
vt 0 1
vt 0 1
vt 0 1
vt 0 1
vt 0 1
vt 0 1
vt 0 1
vt 0 1
vt 0 1
vt 0 1
vt 0 1
vt 0 1
vt 0 1
vt 0 1
vt 0 1
vt 0 1
vt 0 1
vt 0 1
vt 0 1
vt 0 1
vt 0 1
vt 0 1
vt 0 1
vt 0 1
vt 0 1
vt 0 1
vt 0 1
vt 0 1
vt 0 1
vt 0 1
vt 0 1
vt 0 1
vt 0 1
vt 0 1
vt 0 1
vt 0 1
vt 0 1
vt 0 1
vt 0 1
vt 0 1
vt 0 1
vt 0 1
vt 0 1
vt 0 1
vt 0 1
vt 0 1
vt 0 1
vt 0 1
vt 0 1
vt 0 1
vt 0 1
vt 0 1
vt 0 1
vt 0 1
vt 0 1
vt 0 1
vt 0 1
vt 0 1
vt 0 1
vt 0 1
vt 0 1
vt 0 1
vt 0 1
vt 0 1
vt 0 1
vt 0 1
vt 0 1
vt 0 1
vt 0 1
vt 0 1
vt 0 1
vt 0 1
vt 0 1
vt 0 1
vt 0 1
vt 0 1
vt 0 1
vt 0 1
vt 0 1
vt 0 1
vt 0 1
vt 0 1
vt 0 1
vt 0 1
vt 0 1
vt 0 1
vt 0 1
vt 0 1
vt 0 1
vt 0 1
vt 0 1
vt 0 1
vt 0 1
vt 0 1
vt 0 1
vt 0 1
vt 0 1
vt 0 1
vt 0 1
vt 0 1
vt 0 1
vt 0 1
vt 0 1
vt 0 1
vt 0 1
vt 0 1
vt 0 1
vt 0 1
vt 0 1
vt 0 1
vt 0 1
vt 0 1
vt 0 1
vt 0 1
vt 0 1
vt 0 1
vt 0 1
vt 0 1
vt 0 1
vt 0 1
vt 0 1
vt 0 1
vt 0 1
vt 0 1
vt 0 1
vt 0 1
vt 0 1
vt 0 1
vt 0 1
vt 0 1
vt 0 1
vt 0 1
vt 0 1
vt 0 1
vt 0 1
vt 0 1
vt 0 1
vt 0 1
vt 0 1
vt 0 1
vt 0 1
vt 0 1
vt 0 1
vt 0 1
vt 0 1
vt 0 1
vt 0 1
vt 0 1
vt 0 1
vt 0 1
vt 0 1
vt 0 1
vt 0 1
vt 0 1
vt 0 1
vt 0 1
vt 0 1
vt 0 1
vt 0 1
vt 0 1
vt 0 1
vt 0 1
vt 0 1
vt 0 1
vt 0 1
vt 0 1
vt 0 1
vt 0 1
vt 0 1
vt 0 1
vt 0 1
vt 0 1
vt 0 1
vt 0 1
vt 0 1
vt 0 1
vt 0 1
vt 0 1
vt 0 1
vt 0 1
vt 0 1
vt 0 1
vt 0 1
vt 0 1
vt 0 1
vt 0 1
vt 0 1
vt 0 1
vt 0 1
vt 0 1
vt 0 1
vt 0 1
vt 0 1
vt 0 1
vt 0 1
vt 0 1
vt 0 1
vt 0 1
vt 0 1
vt 0 1
vt 0 1
vt 0 1
vt 0 1
vt 0 1
vt 0 1
vt 0 1
vt 0 1
vt 0 1
vt 0 1
vt 0 1
vt 0 1
vt 0 1
vt 0 1
vt 0 1
vt 0 1
vt 0 1
vt 0 1
vt 0 1
vt 0 1
vt 0 1
vt 0 1
vt 0 1
vt 0 1
vt 0 1
vt 0 1
vt 0 1
vt 0 1
vt 0 1
vt 0 1
vt 0 1
vt 0 1
vt 0 1
vt 0 1
vt 0 1
vt 0 1
vt 0 1
vt 0 1
vt 0 1
vt 0 1
vt 0 1
vt 0 1
vt 0 1
vt 0 1
vt 0 1
vt 0 1
vt 0 1
vt 0 1
vt 0 1
vt 0 1
vt 0 1
vt 0 1
vt 0 1
vt 0 1
vt 0 1
vt 0 1
vt 0 1
vt 0 1
vt 0 1
vt 0 1
vt 0 1
vt 0 1
vt 0 1
vt 0 1
vt 0 1
vt 0 1
vt 0 1
vt 0 1
vt 0 1
vt 0 1
vt 0 1
vt 0 1
vt 0 1
vt 0 1
vt 0 1
vt 0 1
vt 0 1
vt 0 1
vt 0 1
vt 0 1
vt 0 1
vt 0 1
vt 0 1
vt 0 1
vt 0 1
vt 0 1
vt 0 1
vt 0 1
vt 0 1
vt 0 1
vt 0 1
vt 0 1
vt 0 1
vt 0 1
vt 0 1
vt 0 1
vt 0 1
vt 0 1
vt 0 1
vt 0 1
vt 0 1
vt 0 1
vt 0 1
vt 0 1
vt 0 1
vt 0 1
vt 0 1
vt 0 1
vt 0 1
vt 0 1
vt 0 1
vt 0 1
vt 0 1
vt 0 1
vt 0 1
vt 0 1
vt 0 1
vt 0 1
vt 0 1
vt 0 1
vt 0 1
vt 0 1
vt 0 1
vt 0 1
vt 0 1
vt 0 1
vt 0 1
vt 0 1
vt 0 1
vt 0 1
vt 0 1
vt 0 1
vt 0 1
vt 0 1
vt 0 1
vt 0 1
vt 0 1
vt 0 1
vt 0 1
vt 0 1
vt 0 1
vt 0 1
vt 0 1
vt 0 1
vt 0 1
vt 0 1
vt 0 1
vt 0 1
vt 0 1
vt 0 1
vt 0 1
vt 0 1
vt 0 1
vt 0 1
vt 0 1
vt 0 1
vt 0 1
vt 0 1
vt 0 1
vt 0 1
vt 0 1
vt 0 1
vt 0 1
vt 0 1
vt 0 1
vt 0 1
vt 0 1
vt 0 1
vt 0 1
vt 0 1
vt 0 1
vt 0 1
vt 0 1
vt 0 1
vt 0 1
vt 0 1
vt 0 1
vt 0 1
vt 0 1
vt 0 1
vt 0 1
vt 0 1
vt 0 1
vt 0 1
vt 0 1
vt 0 1
vt 0 1
vt 0 1
vt 0 1
vt 0 1
vt 0 1
vt 0 1
vt 0 1
vt 0 1
vt 0 1
vt 0 1
vt 0 1
vt 0 1
vt 0 1
vt 0 1
vt 0 1
vt 0 1
vt 0 1
vt 0 1
vt 0 1
vt 0 1
vt 0 1
vt 0 1
vt 0 1
vt 0 1
vt 0 1
vt 0 1
vt 0 1
vt 0 1
vt 0 1
vt 0 1
vt 0 1
vt 0 1
vt 0 1
vt 0 1
vt 0 1
vt 0 1
vt 0 1
vt 0 1
vt 0 1
vt 0 1
vt 0 1
vt 0 1
vt 0 1
vt 0 1
vt 0 1
vt 0 1
vt 0 1
vt 0 1
vt 0 1
vt 0 1
vt 0 1
vt 0 1
vt 0 1
vt 0 1
vt 0 1
vt 0 1
vt 0 1
vt 0 1
vt 0 1
vt 0 1
vt 0 1
vt 0 1
vt 0 1
vt 0 1
vt 0 1
vt 0 1
vt 0 1
vt 0 1
vt 0 1
vt 0 1
vt 0 1
vt 0 1
vt 0 1
vt 0 1
vt 0 1
vt 0 1
vt 0 1
vt 0 1
vt 0 1
vt 0 1
vt 0 1
vt 0 1
vt 0 1
vt 0 1
vt 0 1
vt 0 1
vt 0 1
vt 0 1
vt 0 1
vt 0 1
vt 0 1
vt 0 1
vt 0 1
vt 0 1
vt 0 1
vt 0 1
vt 0 1
vt 0 1
vt 0 1
vt 0 1
vt 0 1
vt 0 1
vt 0 1
vt 0 1
vt 0 1
vt 0 1
vt 0 1
vt 0 1
vt 0 1
vt 0 1
vt 0 1
vt 0 1
vt 0 1
vt 0 1
vt 0 1
vt 0 1
vt 0 1
vt 0 1
vt 0 1
vt 0 1
vt 0 1
vt 0 1
vt 0 1
vt 0 1
vt 0 1
vt 0 1
vt 0 1
vt 0 1
vt 0 1
vt 0 1
vt 0 1
vt 0 1
vt 0 1
vt 0 1
vt 0 1
vt 0 1
vt 0 1
vt 0 1
vt 0 1
vt 0 1
vt 0 1
vt 0 1
vt 0 1
vt 0 1
vt 0 1
vt 0 1
vt 0 1
vt 0 1
vt 0 1
vt 0 1
vt 0 1
vt 0 1
vt 0 1
vt 0 1
vt 0 1
vt 0 1
vt 0 1
vt 0 1
vt 0 1
vt 0 1
vt 0 1
vt 0 1
vt 0 1
vt 0 1
vt 0 1
vt 0 1
vt 0 1
vt 0 1
vt 0 1
vt 0 1
vt 0 1
vt 0 1
vt 0 1
vt 0 1
vt 0 1
vt 0 1
vt 0 1
vt 0 1
vt 0 1
vt 0 1
vt 0 1
vt 0 1
vt 0 1
vt 0 1
vt 0 1
vt 0 1
vt 0 1
vt 0 1
vt 0 1
vt 0 1
vt 0 1
vt 0 1
vt 0 1
vt 0 1
vt 0 1
vt 0 1
vt 0 1
vt 0 1
vt 0 1
vt 0 1
vt 0 1
vt 0 1
vt 0 1
vt 0 1
vt 0 1
vt 0 1
vt 0 1
vt 0 1
vt 0 1
vt 0 1
vt 0 1
vt 0 1
vt 0 1
vt 0 1
vt 0 1
vt 0 1
vt 0 1
vt 0 1
vt 0 1
vt 0 1
vt 0 1
vt 0 1
vt 0 1
vt 0 1
vt 0 1
vt 0 1
vt 0 1
vt 0 1
vt 0 1
vt 0 1
vt 0 1
vt 0 1
vt 0 1
vt 0 1
vt 0 1
vt 0 1
vt 0 1
vt 0 1
vt 0 1
vt 0 1
vt 0 1
vt 0 1
vt 0 1
vt 0 1
vt 0 1
vt 0 1
vt 0 1
vt 0 1
vt 0 1
vt 0 1
vt 0 1
vt 0 1
vt 0 1
vt 0 1
vt 0 1
vt 0 1
vt 0 1
vt 0 1
vt 0 1
vt 0 1
vt 0 1
vt 0 1
vt 0 1
vt 0 1
vt 0 1
vt 0 1
vt 0 1
vt 0 1
vt 0 1
vt 0 1
vt 0 1
vt 0 1
vt 0 1
vt 0 1
vt 0 1
vt 0 1
vt 0 1
vt 0 1
vt 0 1
vt 0 1
vt 0 1
vt 0 1
vt 0 1
vt 0 1
vt 0 1
vt 0 1
vt 0 1
vt 0 1
vt 0 1
vt 0 1
vt 0 1
vt 0 1
vt 0 1
vt 0 1
vt 0 1
vt 0 1
vt 0 1
vt 0 1
vt 0 1
vt 0 1
vt 0 1
vt 0 1
vt 0 1
vt 0 1
vt 0 1
vt 0 1
vt 0 1
vt 0 1
vt 0 1
vt 0 1
vt 0 1
vt 0 1
vt 0 1
vt 0 1
vt 0 1
vt 0 1
vt 0 1
vt 0 1
vt 0 1
vt 0 1
vt 0 1
vt 0 1
vt 0 1
vt 0 1
vt 0 1
vt 0 1
vt 0 1
vt 0 1
vt 0 1
vt 0 1
vt 0 1
vt 0 1
vt 0 1
vt 0 1
vt 0 1
vt 0 1
vt 0 1
vt 0 1
vt 0 1
vt 0 1
vt 0 1
vt 0 1
vt 0 1
vt 0 1
vt 0 1
vt 0 1
vt 0 1
vt 0 1
vt 0 1
vt 0 1
vt 0 1
vt 0 1
vt 0 1
vt 0 1
vt 0 1
vt 0 1
vt 0 1
vt 0 1
vt 0 1
vt 0 1
vt 0 1
vt 0 1
vt 0 1
vt 0 1
vt 0 1
vt 0 1
vt 0 1
vt 0 1
vt 0 1
vt 0 1
vt 0 1
vt 0 1
vt 0 1
vt 0 1
vt 0 1
vt 0 1
vt 0 1
vt 0 1
vt 0 1
vt 0 1
vt 0 1
vt 0 1
vt 0 1
vt 0 1
vt 0 1
vt 0 1
vt 0 1
vt 0 1
vt 0 1
vt 0 1
vt 0 1
vt 0 1
vt 0 1
vt 0 1
vt 0 1
vt 0 1
vt 0 1
vt 0 1
vt 0 1
vt 0 1
vt 0 1
vt 0 1
vt 0 1
vt 0 1
vt 0 1
vt 0 1
vt 0 1
vt 0 1
vt 0 1
vt 0 1
vt 0 1
vt 0 1
vt 0 1
vt 0 1
vt 0 1
vt 0 1
vt 0 1
vt 0 1
vt 0 1
vt 0 1
vt 0 1
vt 0 1
vt 0 1
vt 0 1
vt 0 1
vt 0 1
vt 0 1
vt 0 1
vt 0 1
vt 0 1
vt 0 1
vt 0 1
vt 0 1
vt 0 1
vt 0 1
vt 0 1
vt 0 1
vt 0 1
vt 0 1
vt 0 1
vt 0 1
vt 0 1
vt 0 1
vt 0 1
vt 0 1
vt 0 1
vt 0 1
vt 0 1
vt 0 1
vt 0 1
vt 0 1
vt 0 1
vt 0 1
vt 0 1
vt 0 1
vt 0 1
vt 0 1
vt 0 1
vt 0 1
vt 0 1
vt 0 1
vt 0 1
vt 0 1
vt 0 1
vt 0 1
vt 0 1
vt 0 1
vt 0 1
vt 0 1
vt 0 1
vt 0 1
vt 0 1
vt 0 1
vt 0 1
vt 0 1
vt 0 1
vt 0 1
vt 0 1
vt 0 1
vt 0 1
vt 0 1
vt 0 1
vt 0 1
vt 0 1
vt 0 1
vt 0 1
vt 0 1
vt 0 1
vt 0 1
vt 0 1
vt 0 1
vt 0 1
vt 0 1
vt 0 1
vt 0 1
vt 0 1
vt 0 1
vt 0 1
vt 0 1
vt 0 1
vt 0 1
vt 0 1
vt 0 1
vt 0 1
vt 0 1
vt 0 1
vt 0 1
vt 0 1
vt 0 1
vt 0 1
vt 0 1
vt 0 1
vt 0 1
vt 0 1
vt 0 1
vt 0 1
vt 0 1
vt 0 1
vt 0 1
vt 0 1
vt 0 1
vt 0 1
vt 0 1
vt 0 1
vt 0 1
vt 0 1
vt 0 1
vt 0 1
vt 0 1
vt 0 1
vt 0 1
vt 0 1
vt 0 1
vt 0 1
vt 0 1
vt 0 1
vt 0 1
vt 0 1
vt 0 1
vt 0 1
vt 0 1
vt 0 1
vt 0 1
vt 0 1
vt 0 1
vt 0 1
vt 0 1
vt 0 1
vt 0 1
vt 0 1
vt 0 1
vt 0 1
vt 0 1
vt 0 1
vt 0 1
vt 0 1
vt 0 1
vt 0 1
vt 0 1
vt 0 1
vt 0 1
vt 0 1
vt 0 1
vt 0 1
vt 0 1
vt 0 1
vt 0 1
vt 0 1
vt 0 1
vt 0 1
vt 0 1
vt 0 1
vt 0 1
vt 0 1
vt 0 1
vt 0 1
vt 0 1
vt 0 1
vt 0 1
vt 0 1
vt 0 1
vt 0 1
vt 0 1
vt 0 1
vt 0 1
vt 0 1
vt 0 1
vt 0 1
vt 0 1
vt 0 1
vt 0 1
vt 0 1
vt 0 1
vt 0 1
vt 0 1
vt 0 1
vt 0 1
vt 0 1
vt 0 1
vt 0 1
vt 0 1
vt 0 1
vt 0 1
vt 0 1
vt 0 1
vt 0 1
vt 0 1
vt 0 1
vt 0 1
vt 0 1
vt 0 1
vt 0 1
vt 0 1
vt 0 1
vt 0 1
vt 0 1
vt 0 1
vt 0 1
vt 0 1
vt 0 1
vt 0 1
vt 0 1
vt 0 1
vt 0 1
vt 0 1
vt 0 1
vt 0 1
vt 0 1
vt 0 1
vt 0 1
vt 0 1
vt 0 1
vt 0 1
vt 0 1
vt 0 1
vt 0 1
vt 0 1
vt 0 1
vt 0 1
vt 0 1
vt 0 1
vt 0 1
vt 0 1
vt 0 1
vt 0 1
vt 0 1
vt 0 1
vt 0 1
vt 0 1
vt 0 1
vt 0 1
vt 0 1
vt 0 1
vt 0 1
vt 0 1
vt 0 1
vt 0 1
vt 0 1
vt 0 1
vt 0 1
vt 0 1
vt 0 1
vt 0 1
vt 0 1
vt 0 1
vt 0 1
vt 0 1
vt 0 1
vt 0 1
vt 0 1
vt 0 1
vt 0 1
vt 0 1
vt 0 1
vt 0 1
vt 0 1
vt 0 1
vt 0 1
vt 0 1
vt 0 1
vt 0 1
vt 0 1
vt 0 1
vt 0 1
vt 0 1
vt 0 1
vt 0 1
vt 0 1
vt 0 1
vt 0 1
vt 0 1
vt 0 1
vt 0 1
vt 0 1
vt 0 1
vt 0 1
vt 0 1
vt 0 1
vt 0 1
vt 0 1
vt 0 1
vt 0 1
vt 0 1
vt 0 1
vt 0 1
vt 0 1
vt 0 1
vt 0 1
vt 0 1
vt 0 1
vt 0 1
vt 0 1
vt 0 1
vt 0 1
vt 0 1
vt 0 1
vt 0 1
vt 0 1
vt 0 1
vt 0 1
vt 0 1
vt 0 1
vt 0 1
vt 0 1
vt 0 1
vt 0 1
vt 0 1
vt 0 1
vt 0 1
vt 0 1
vt 0 1
vt 0 1
vt 0 1
vt 0 1
vt 0 1
vt 0 1
vt 0 1
vt 0 1
vt 0 1
vt 0 1
vt 0 1
vt 0 1
vt 0 1
vt 0 1
vt 0 1
vt 0 1
vt 0 1
vt 0 1
vt 0 1
vt 0 1
vt 0 1
vt 0 1
vt 0 1
vt 0 1
vt 0 1
vt 0 1
vt 0 1
vt 0 1
vt 0 1
vt 0 1
vt 0 1
vt 0 1
vt 0 1
vt 0 1
vt 0 1
vt 0 1
vt 0 1
vt 0 1
vt 0 1
vt 0 1
vt 0 1
vt 0 1
vt 0 1
vt 0 1
vt 0 1
vt 0 1
vt 0 1
vt 0 1
vt 0 1
vt 0 1
vt 0 1
vt 0 1
vt 0 1
vt 0 1
vt 0 1
vt 0 1
vt 0 1
vt 0 1
vt 0 1
vt 0 1
vt 0 1
vt 0 1
vt 0 1
vt 0 1
vt 0 1
vt 0 1
vt 0 1
vt 0 1
vt 0 1
vt 0 1
vt 0 1
vt 0 1
vt 0 1
vt 0 1
vt 0 1
vt 0 1
vt 0 1
vt 0 1
vt 0 1
vt 0 1
vt 0 1
vt 0 1
vt 0 1
vt 0 1
vt 0 1
vt 0 1
vt 0 1
vt 0 1
vt 0 1
vt 0 1
vt 0 1
vt 0 1
vt 0 1
vt 0 1
vt 0 1
vt 0 1
vt 0 1
vt 0 1
vt 0 1
vt 0 1
vt 0 1
vt 0 1
vt 0 1
vt 0 1
vt 0 1
vt 0 1
vt 0 1
vt 0 1
vt 0 1
vt 0 1
vt 0 1
vt 0 1
vt 0 1
vt 0 1
vt 0 1
vt 0 1
vt 0 1
vt 0 1
vt 0 1
vt 0 1
vt 0 1
vt 0 1
vt 0 1
vt 0 1
vt 0 1
vt 0 1
vt 0 1
vt 0 1
vt 0 1
vt 0 1
vt 0 1
vt 0 1
vt 0 1
vt 0 1
vt 0 1
vt 0 1
vt 0 1
vt 0 1
vt 0 1
vt 0 1
vt 0 1
vt 0 1
vt 0 1
vt 0 1
vt 0 1
vt 0 1
vt 0 1
vt 0 1
vt 0 1
vt 0 1
vt 0 1
vt 0 1
vt 0 1
vt 0 1
vt 0 1
vt 0 1
vt 0 1
vt 0 1
vt 0 1
vt 0 1
vt 0 1
vt 0 1
vt 0 1
vt 0 1
vt 0 1
vt 0 1
vt 0 1
vt 0 1
vt 0 1
vt 0 1
vt 0 1
vt 0 1
vt 0 1
vt 0 1
vt 0 1
vt 0 1
vt 0 1
vt 0 1
vt 0 1
vt 0 1
vt 0 1
vt 0 1
vt 0 1
vt 0 1
vt 0 1
vt 0 1
vt 0 1
vt 0 1
vt 0 1
vt 0 1
vt 0 1
vt 0 1
vt 0 1
vt 0 1
vt 0 1
vt 0 1
vt 0 1
vt 0 1
vt 0 1
vt 0 1
vt 0 1
vt 0 1
vt 0 1
vt 0 1
vt 0 1
vt 0 1
vt 0 1
vt 0 1
vt 0 1
vt 0 1
vt 0 1
vt 0 1
vt 0 1
vt 0 1
vt 0 1
vt 0 1
vt 0 1
vt 0 1
vt 0 1
vt 0 1
vt 0 1
vt 0 1
vt 0 1
vt 0 1
vt 0 1
vt 0 1
vt 0 1
vt 0 1
vt 0 1
vt 0 1
vt 0 1
vt 0 1
vt 0 1
vt 0 1
vt 0 1
vt 0 1
vt 0 1
vt 0 1
vt 0 1
vt 0 1
vt 0 1
vt 0 1
vt 0 1
vt 0 1
vt 0 1
vt 0 1
vt 0 1
vt 0 1
vt 0 1
vt 0 1
vt 0 1
vt 0 1
vt 0 1
vt 0 1
vt 0 1
vt 0 1
vt 0 1
vt 0 1
vt 0 1
vt 0 1
vt 0 1
vt 0 1
vt 0 1
vt 0 1
vt 0 1
vt 0 1
vt 0 1
vt 0 1
vt 0 1
vt 0 1
vt 0 1
vt 0 1
vt 0 1
vt 0 1
vt 0 1
vt 0 1
vt 0 1
vt 0 1
vt 0 1
vt 0 1
vt 0 1
vt 0 1
vt 0 1
vt 0 1
vt 0 1
vt 0 1
vt 0 1
vt 0 1
vt 0 1
vt 0 1
vt 0 1
vt 0 1
vt 0 1
vt 0 1
vt 0 1
vt 0 1
vt 0 1
vt 0 1
vt 0 1
vt 0 1
vt 0 1
vt 0 1
vt 0 1
vt 0 1
vt 0 1
vt 0 1
vt 0 1
vt 0 1
vt 0 1
vt 0 1
vt 0 1
vt 0 1
vt 0 1
vt 0 1
vt 0 1
vt 0 1
vt 0 1
vt 0 1
vt 0 1
vt 0 1
vt 0 1
vt 0 1
vt 0 1
vt 0 1
vt 0 1
vt 0 1
vt 0 1
vt 0 1
vt 0 1
vt 0 1
vt 0 1
vt 0 1
vt 0 1
vt 0 1
vt 0 1
vt 0 1
vt 0 1
vt 0 1
vt 0 1
vt 0 1
vt 0 1
vt 0 1
vt 0 1
vt 0 1
vt 0 1
vt 0 1
vt 0 1
vt 0 1
vt 0 1
vt 0 1
vt 0 1
vt 0 1
vt 0 1
vt 0 1
vt 0 1
vt 0 1
vt 0 1
vt 0 1
vt 0 1
vt 0 1
vt 0 1
vt 0 1
vt 0 1
vt 0 1
vt 0 1
vt 0 1
vt 0 1
vt 0 1
vt 0 1
vt 0 1
vt 0 1
vt 0 1
vt 0 1
vt 0 1
vt 0 1
vt 0 1
vt 0 1
vt 0 1
vt 0 1
vt 0 1
vt 0 1
vt 0 1
vt 0 1
vt 0 1
vt 0 1
vt 0 1
vt 0 1
vt 0 1
vt 0 1
vt 0 1
vt 0 1
vt 0 1
vt 0 1
vt 0 1
vt 0 1
vt 0 1
vt 0 1
vt 0 1
vt 0 1
vt 0 1
vt 0 1
vt 0 1
vt 0 1
vt 0 1
vt 0 1
vt 0 1
vt 0 1
vt 0 1
vt 0 1
vt 0 1
vt 0 1
vt 0 1
vt 0 1
vt 0 1
vt 0 1
vt 0 1
vt 0 1
vt 0 1
vt 0 1
vt 0 1
vt 0 1
vt 0 1
vt 0 1
vt 0 1
vt 0 1
vt 0 1
vt 0 1
vt 0 1
vt 0 1
vt 0 1
vt 0 1
vt 0 1
vt 0 1
vt 0 1
vt 0 1
vt 0 1
vt 0 1
vt 0 1
vt 0 1
vt 0 1
vt 0 1
vt 0 1
vt 0 1
vt 0 1
vt 0 1
vt 0 1
vt 0 1
vt 0 1
vt 0 1
vt 0 1
vt 0 1
vt 0 1
vt 0 1
vt 0 1
vt 0 1
vt 0 1
vt 0 1
vt 0 1
vt 0 1
vt 0 1
vt 0 1
vt 0 1
vt 0 1
vt 0 1
vt 0 1
vt 0 1
vt 0 1
vt 0 1
vt 0 1
vt 0 1
vt 0 1
vt 0 1
vt 0 1
vt 0 1
vt 0 1
vt 0 1
vt 0 1
vt 0 1
vt 0 1
vt 0 1
vt 0 1
vt 0 1
vt 0 1
vt 0 1
vt 0 1
vt 0 1
vt 0 1
vt 0 1
vt 0 1
vt 0 1
vt 0 1
vt 0 1
vt 0 1
vt 0 1
vt 0 1
vt 0 1
vt 0 1
vt 0 1
vt 0 1
vt 0 1
vt 0 1
vt 0 1
vt 0 1
vt 0 1
vt 0 1
vt 0 1
vt 0 1
vt 0 1
vt 0 1
vt 0 1
vt 0 1
vt 0 1
vt 0 1
vt 0 1
vt 0 1
vt 0 1
vt 0 1
vt 0 1
vt 0 1
vt 0 1
vt 0 1
vt 0 1
vt 0 1
vt 0 1
vt 0 1
vt 0 1
vt 0 1
vt 0 1
vt 0 1
vt 0 1
vt 0 1
vt 0 1
vt 0 1
vt 0 1
vt 0 1
vt 0 1
vt 0 1
vt 0 1
vt 0 1
vt 0 1
vt 0 1
vt 0 1
vt 0 1
vt 0 1
vt 0 1
vt 0 1
vt 0 1
vt 0 1
vt 0 1
vt 0 1
vt 0 1
vt 0 1
vt 0 1
vt 0 1
vt 0 1
vt 0 1
vt 0 1
vt 0 1
vt 0 1
vt 0 1
vt 0 1
vt 0 1
vt 0 1
vt 0 1
vt 0 1
vt 0 1
vt 0 1
vt 0 1
vt 0 1
vt 0 1
vt 0 1
vt 0 1
vt 0 1
vt 0 1
vt 0 1
vt 0 1
vt 0 1
vt 0 1
vt 0 1
vt 0 1
vt 0 1
vt 0 1
vt 0 1
vt 0 1
vt 0 1
vt 0 1
vt 0 1
vt 0 1
vt 0 1
vt 0 1
vt 0 1
vt 0 1
vt 0 1
vt 0 1
vt 0 1
vt 0 1
vt 0 1
vt 0 1
vt 0 1
vt 0 1
vt 0 1
vt 0 1
vt 0 1
vt 0 1
vt 0 1
vt 0 1
vt 0 1
vt 0 1
vt 0 1
vt 0 1
vt 0 1
vt 0 1
vt 0 1
vt 0 1
vt 0 1
vt 0 1
vt 0 1
vt 0 1
vt 0 1
vt 0 1
vt 0 1
vt 0 1
vt 0 1
vt 0 1
vt 0 1
vt 0 1
vt 0 1
vt 0 1
vt 0 1
vt 0 1
vt 0 1
vt 0 1
vt 0 1
vt 0 1
vt 0 1
vt 0 1
vt 0 1
vt 0 1
vt 0 1
vt 0 1
vt 0 1
vt 0 1
vt 0 1
vt 0 1
vt 0 1
vt 0 1
vt 0 1
vt 0 1
vt 0 1
vt 0 1
vt 0 1
vt 0 1
vt 0 1
vt 0 1
vt 0 1
vt 0 1
vt 0 1
vt 0 1
vt 0 1
vt 0 1
vt 0 1
vt 0 1
vt 0 1
vt 0 1
vt 0 1
vt 0 1
vt 0 1
vt 0 1
vt 0 1
vt 0 1
vt 0 1
vt 0 1
vt 0 1
vt 0 1
vt 0 1
vt 0 1
vt 0 1
vt 0 1
vt 0 1
vt 0 1
vt 0 1
vt 0 1
vt 0 1
vt 0 1
vt 0 1
vt 0 1
vt 0 1
vt 0 1
vt 0 1
vt 0 1
vt 0 1
vt 0 1
vt 0 1
vt 0 1
vt 0 1
vt 0 1
vt 0 1
vt 0 1
vt 0 1
vt 0 1
vt 0 1
vt 0 1
vt 0 1
vt 0 1
vt 0 1
vt 0 1
vt 0 1
vt 0 1
vt 0 1
vt 0 1
vt 0 1
vt 0 1
vt 0 1
vt 0 1
vt 0 1
vt 0 1
vt 0 1
vt 0 1
vt 0 1
vt 0 1
vt 0 1
vt 0 1
vt 0 1
vt 0 1
vt 0 1
vt 0 1
vt 0 1
vt 0 1
vt 0 1
vt 0 1
vn -0.5635 0.7534 -0.3389
vn -0.2569 0.8309 -0.4935
vn -0.4665 0.3085 -0.8289
vn -0.82 0.3106 -0.4807
vn 0.01553 0.7445 -0.6675
vn 0.002503 0.3147 -0.9492
vn -0.00882 0.04587 -0.9989
vn -0.498 0.02942 -0.8667
vn -0.8648 0.01737 -0.5018
vn -0.5459 0.8378 0.006684
vn 0.03232 0.9995 0.002533
vn -0.5581 0.7514 0.3519
vn -0.2494 0.828 0.5021
vn 0.02554 0.7407 0.6713
vn 0.3023 0.8206 0.4849
vn 0.5865 0.7386 0.3323
vn 0.5687 0.8225 -0.002197
vn 0.5813 0.7404 -0.3374
vn 0.295 0.8233 -0.4849
vn 0.4656 0.3178 -0.826
vn 0.8131 0.3256 -0.4825
vn 0.8539 0.07447 -0.515
vn 0.482 0.06204 -0.8739
vn 0.4809 0.03742 -0.8759
vn -0.01129 0.001465 -0.9999
vn 0.8539 0.06436 -0.5165
vn 0.853 0.08786 -0.5144
vn 0.4826 0.05106 -0.8743
vn -0.008209 0.00177 -0.9999
vn -0.4996 -0.03424 -0.8655
vn -0.8639 -0.06122 -0.5
vn -0.4969 -0.04749 -0.8665
vn -0.8614 -0.08466 -0.5008
vn 0.4812 0.05664 -0.8748
vn -0.008637 0.00177 -0.9999
vn 0.8516 0.09772 -0.5151
vn 0.8485 0.1167 -0.5161
vn 0.4783 0.06742 -0.8756
vn -0.009919 0.001709 -0.9999
vn -0.496 -0.05307 -0.8666
vn -0.8602 -0.09449 -0.5011
vn -0.4951 -0.06384 -0.8665
vn -0.8578 -0.1134 -0.5012
vn -0.8569 0.01471 0.5153
vn -0.9999 0.0116 0.007904
vn -0.9973 -0.07202 0.00766
vn -0.856 -0.06336 0.513
vn -0.995 -0.09922 0.007599
vn -0.8535 -0.08655 0.5138
vn -0.9938 -0.1107 0.007569
vn -0.8523 -0.09644 0.5141
vn -0.9911 -0.1328 0.007508
vn -0.85 -0.1156 0.5139
vn 0.006775 -0.001953 1
vn -0.4837 -0.05075 0.8737
vn -0.4829 -0.05646 0.8738
vn 0.006317 -0.002106 1
vn -0.482 -0.0676 0.8736
vn 0.004975 -0.002564 1
vn 0.006165 0.04071 0.9991
vn -0.4848 0.0249 0.8743
vn -0.4864 -0.03793 0.8729
vn 0.003723 -0.002747 1
vn 0.8619 0.07187 0.5019
vn 0.4953 0.05756 0.8668
vn 0.4942 0.03375 0.8686
vn 0.8618 0.06223 0.5033
vn 0.4958 0.04779 0.8671
vn 0.8609 0.08597 0.5014
vn 0.4944 0.05329 0.8676
vn 0.8594 0.0958 0.5022
vn 0.4915 0.06366 0.8685
vn 0.8563 0.1145 0.5035
vn 0.9948 0.101 -0.007599
vn 0.9936 0.1125 -0.007538
vn 0.9909 0.1346 -0.007447
vn 0.9969 0.07797 -0.007691
vn 0.9972 0.07379 -0.007721
vn 0.9457 0.325 -0.006561
vn 0.8205 0.323 0.4715
vn 0.4781 0.3132 0.8205
vn 0.01679 0.3094 0.9508
vn -0.4539 0.3038 0.8376
vn -0.8124 0.3078 0.4952
vn -0.9518 0.3066 0.008393
vn 0.4881 0.08011 0.8691
vn 0.8515 0.1439 0.5042
vn 0.004273 -0.003052 1
vn 0.004456 -0.003235 1
vn 0.4848 0.09833 0.869
vn 0.8454 0.176 0.5042
vn 0.9856 0.1689 -0.007324
vn 0.8436 0.1463 -0.5166
vn 0.9785 0.2062 -0.007172
vn 0.8375 0.1784 -0.5164
vn 0.4803 0.1181 0.8691
vn 0.8376 0.2105 0.504
vn 0.003815 -0.003418 1
vn 0.005066 -0.002686 1
vn 0.478 0.1365 0.8677
vn 0.8305 0.2414 0.502
vn 0.9692 0.2462 -0.007019
vn 0.8297 0.2127 -0.516
vn 0.9596 0.2812 -0.006867
vn 0.8228 0.243 -0.5137
vn 0.4894 0.1218 0.8635
vn 0.8412 0.2112 0.4977
vn 0.0152 0.00119 0.9999
vn 0.0249 -0.000885 0.9997
vn 0.5072 0.04453 0.8607
vn 0.8651 0.07901 0.4953
vn 0.9695 0.2448 -0.006958
vn 0.8336 0.2128 -0.5096
vn 0.9956 0.09275 -0.007508
vn 0.8574 0.08145 -0.5081
vn 0.5061 -0.04657 0.8611
vn 0.8658 -0.07465 0.4948
vn 0.01971 -0.005585 0.9998
vn 0.01325 -0.00531 0.9999
vn 0.4956 -0.1004 0.8627
vn 0.8519 -0.1686 0.4958
vn 0.9965 -0.08353 -0.008057
vn 0.858 -0.07123 -0.5086
vn 0.9813 -0.1923 -0.008332
vn 0.8441 -0.165 -0.5101
vn 0.4866 -0.1326 0.8635
vn 0.8381 -0.2253 0.4967
vn 0.01212 -0.005219 0.9999
vn 0.01163 -0.005432 0.9999
vn 0.4774 -0.1604 0.8639
vn 0.8231 -0.274 0.4974
vn 0.966 -0.2583 -0.008393
vn 0.8304 -0.2217 -0.5111
vn 0.9491 -0.3147 -0.008393
vn 0.8155 -0.2703 -0.5117
vn 0.4655 -0.1906 0.8643
vn 0.8034 -0.3258 0.4984
vn 0.01279 -0.006561 0.9999
vn 0.01364 -0.008057 0.9998
vn 0.4436 -0.227 0.8669
vn 0.7714 -0.3891 0.5034
vn 0.9271 -0.3746 -0.008423
vn 0.7959 -0.3219 -0.5128
vn 0.8937 -0.4486 -0.008545
vn 0.7638 -0.3851 -0.5178
vn 0.4108 -0.2452 0.8781
vn 0.7368 -0.43 0.5216
vn 0.008026 -0.005615 0.9999
vn 0.001434 -0.003937 1
vn 0.3794 -0.2271 0.8969
vn 0.7206 -0.4134 0.5565
vn 0.8652 -0.5013 -0.008911
vn 0.7287 -0.426 -0.5361
vn 0.8701 -0.4928 -0.009735
vn 0.7113 -0.4096 -0.5711
vn 0.3562 -0.2014 0.9124
vn 0.7113 -0.3824 0.5897
vn 0.0004883 -0.007111 1
vn 0.001831 -0.009156 0.9999
vn 0.348 -0.1961 0.9167
vn 0.6995 -0.3886 0.5997
vn 0.8834 -0.4685 -0.01062
vn 0.7009 -0.3786 -0.6044
vn 0.8747 -0.4845 -0.01086
vn 0.6891 -0.3843 -0.6144
vn 0.3668 -0.2 0.9085
vn 0.7107 -0.3956 0.5817
vn -0.000885 -0.01239 0.9999
vn -0.007996 -0.02182 0.9997
vn 0.4092 -0.1902 0.8924
vn 0.7599 -0.3508 0.5471
vn 0.8712 -0.4908 -0.01035
vn 0.701 -0.3911 -0.5963
vn 0.9065 -0.422 -0.009461
vn 0.751 -0.3471 -0.5617
vn 0.4535 -0.1645 0.8759
vn 0.8104 -0.2774 0.5159
vn -0.006287 -0.02713 0.9996
vn 0.001526 -0.01798 0.9998
vn 0.4768 -0.1375 0.8681
vn 0.8337 -0.2277 0.503
vn 0.9468 -0.3216 -0.008698
vn 0.8021 -0.2746 -0.5303
vn 0.9654 -0.2608 -0.008362
vn 0.8257 -0.225 -0.5172
vn 0.4828 -0.115 0.8681
vn 0.842 -0.1959 0.5027
vn 0.003876 -0.006684 1
vn 0.004608 -0.002899 1
vn 0.4864 -0.09546 0.8685
vn 0.8483 -0.1646 0.5032
vn 0.9742 -0.2252 -0.008332
vn 0.834 -0.1929 -0.5168
vn 0.9818 -0.1895 -0.008301
vn 0.8404 -0.1614 -0.5173
vn 0.4891 -0.07834 0.8687
vn 0.8533 -0.1349 0.5036
vn 0.004608 -0.002533 1
vn 0.004089 -0.002655 1
vn 0.491 -0.05979 0.869
vn 0.8575 -0.1023 0.5041
vn 0.9879 -0.155 -0.008271
vn 0.8454 -0.1317 -0.5177
vn 0.993 -0.1173 -0.008209
vn 0.8495 -0.09925 -0.5181
vn 0.4929 -0.04083 0.8691
vn 0.8609 -0.06809 0.5042
vn 0.004059 -0.003937 1
vn 0.004089 -0.006684 0.9999
vn 0.4941 -0.02359 0.8691
vn 0.8628 -0.03574 0.5042
vn 0.9969 -0.0773 -0.008118
vn 0.8529 -0.06516 -0.518
vn 0.9992 -0.03922 -0.007996
vn 0.8548 -0.03278 -0.5178
vn 0.4944 -0.004669 0.8692
vn 0.8635 -0.00116 0.5043
vn 0.003967 -0.008484 0.9999
vn 0.003235 -0.007263 0.9999
vn 0.4932 0.02069 0.8696
vn 0.8621 0.04254 0.5049
vn 0.9999 0.001282 -0.007904
vn 0.8555 0.001831 -0.5178
vn 0.9986 0.05191 -0.007752
vn 0.8541 0.0455 -0.5181
vn 0.4897 0.05322 0.8702
vn 0.8571 0.09809 0.5056
vn 0.001984 -0.005005 1
vn 0.0006714 -0.004303 1
vn 0.4831 0.09143 0.8708
vn 0.8465 0.1648 0.5061
vn 0.9932 0.1161 -0.007538
vn 0.8491 0.1009 -0.5184
vn 0.981 0.1935 -0.007263
vn 0.8386 0.1673 -0.5184
vn 0.4751 0.1307 0.8702
vn 0.8307 0.2336 0.5053
vn 0.001221 -0.004486 1
vn 0.002167 -0.00473 1
vn 0.4656 0.1653 0.8694
vn 0.812 0.2941 0.5042
vn 0.9619 0.2733 -0.006867
vn 0.8229 0.2359 -0.5169
vn 0.9392 0.3433 -0.00647
vn 0.8042 0.2963 -0.5152
vn 0.4532 0.1969 0.8694
vn 0.7894 0.3505 0.5039
vn 0.002258 -0.006378 1
vn 0.004151 -0.008301 0.9999
vn 0.4404 0.2262 0.8689
vn 0.7646 0.4027 0.5033
vn 0.9125 0.409 -0.006073
vn 0.7817 0.3528 -0.5142
vn 0.8828 0.4696 -0.005646
vn 0.7568 0.4053 -0.5128
vn 0.4239 0.2548 0.8691
vn 0.7353 0.4537 0.5034
vn 0.004456 -0.01013 0.9999
vn 0.003479 -0.01041 0.9999
vn 0.4006 0.2891 0.8694
vn 0.6948 0.5134 0.5036
vn 0.8486 0.529 -0.005219
vn 0.7274 0.4565 -0.5123
vn 0.8014 0.598 -0.004639
vn 0.6869 0.5162 -0.5115
vn 0.3746 0.3238 0.8687
vn 0.6475 0.5727 0.5027
vn 0.004425 -0.01019 0.9999
vn 0.007172 -0.01209 0.9999
vn 0.3494 0.3536 0.8677
vn 0.5999 0.6238 0.5009
vn 0.7459 0.6661 -0.003998
vn 0.6397 0.5755 -0.5094
vn 0.6893 0.7244 -0.003388
vn 0.592 0.6267 -0.5067
vn 0.3093 0.3888 0.8678
vn 0.5289 0.6858 0.4999
vn 0.006806 -0.01703 0.9998
vn 0.004669 -0.02057 0.9998
vn 0.2379 0.4368 0.8675
vn 0.405 0.7668 0.4979
vn 0.6062 0.7953 -0.002533
vn 0.5209 0.6888 -0.5042
vn 0.4624 0.8866 -0.001129
vn 0.397 0.7697 -0.4998
vn 0.1585 0.4798 0.8629
vn 0.2661 0.8292 0.4914
vn 0.004944 -0.01529 0.9998
vn 0.004273 -0.01325 0.9999
vn 0.09116 0.4993 0.8616
vn 0.152 0.8586 0.4895
vn 0.3014 0.9535 0.0003662
vn 0.2583 0.8321 -0.4908
vn 0.1708 0.9853 0.001434
vn 0.1444 0.8613 -0.487
vn 0.005707 0.4952 0.8687
vn 0.007935 0.8664 0.4993
vn 0.003845 -0.02164 0.9998
vn 0.01331 -0.01444 0.9998
vn -0.07871 0.4857 0.8706
vn -0.1464 0.8508 0.5046
vn 0.006409 1 0.002686
vn 0.0007019 0.8691 -0.4946
vn -0.1735 0.9848 0.004089
vn -0.1534 0.8538 -0.4975
vn -0.05475 0.5008 0.8638
vn -0.1657 0.8494 0.501
vn 0.09455 0.02356 0.9952
vn 0.4498 0.1781 0.8751
vn 0.2947 0.5863 0.7545
vn 0.1812 0.882 0.4349
vn -0.2094 0.9778 0.004425
vn -0.1728 0.8524 -0.4935
vn 0.1364 0.9906 0.00177
vn 0.1747 0.8844 -0.4327
vn -0.01114 -0.00763 -0.9999
vn 0.07785 0.5042 -0.8601
vn -0.006897 0.5001 -0.8659
vn -0.01074 -0.01587 -0.9998
vn -0.09085 0.4908 -0.8665
vn -0.0007019 -0.008484 -0.9999
vn -0.06714 0.5059 -0.86
vn 0.0802 0.02945 -0.9963
vn 0.2833 0.5905 -0.7556
vn 0.4365 0.1831 -0.8809
vn 0.1622 -0.8539 -0.4945
vn 0.09226 -0.5007 -0.8607
vn 0.2279 -0.4475 -0.8647
vn 0.3377 -0.7965 -0.5015
vn 0.5916 -0.2318 -0.7722
vn 0.7092 -0.5407 -0.4524
vn -0.145 -0.8644 -0.4813
vn -0.09284 -0.5138 -0.8528
vn -0.006531 -0.5204 -0.8538
vn 0.001892 -0.8743 -0.4853
vn 0.1691 -0.8569 0.487
vn 0.19 -0.9817 -0.004364
vn 0.3799 -0.925 -0.005646
vn 0.3449 -0.7995 0.4917
vn 0.7543 -0.6565 -0.007813
vn 0.7161 -0.5433 0.4382
vn -0.1376 -0.8672 0.4786
vn -0.1601 -0.9871 -0.001556
vn 0.008026 -0.9999 -0.002991
vn 0.008942 -0.8771 0.4801
vn -0.07968 -0.5186 0.8513
vn 0.00589 -0.5253 0.8509
vn 0.1043 -0.5058 0.8563
vn 0.2404 -0.4525 0.8587
vn 0.6033 -0.2362 0.7617
vn 0.9384 0.3433 -0.03955
vn 0.9366 0.3503 -0.00647
vn 0.9987 -0.05109 -0.008057
vn 0.9738 0.003235 -0.2274
vn 0.9389 0.3432 0.02661
vn 0.9772 0.001984 0.212
vn 0.9268 0.3738 0.03668
vn 0.9171 0.1546 0.3673
vn 0.9166 0.3956 0.05811
vn 0.8352 0.353 0.4216
vn 0.9261 0.374 -0.04926
vn 0.9175 0.3976 -0.006165
vn 0.9156 0.3959 -0.07041
vn 0.9069 0.4186 -0.04743
vn 0.8945 0.4454 -0.03711
vn 0.8982 0.4395 -0.005921
vn 0.895 0.4453 0.02536
vn 0.9076 0.4183 0.03534
vn 0.7564 0.5472 0.3583
vn 0.6969 0.6872 0.2051
vn 0.6764 0.7365 -0.003235
vn 0.6937 0.6883 -0.2122
vn 0.7508 0.5491 -0.3671
vn 0.8285 0.3554 -0.4327
vn 0.9113 0.1566 -0.3809
vn -0.3878 -0.7835 0.4855
vn -0.4483 -0.8939 0.001038
vn -0.2913 -0.9566 -0.0003967
vn -0.2518 -0.84 0.4805
vn -0.3955 -0.7807 -0.4838
vn -0.2594 -0.8373 -0.4813
vn -0.2246 -0.4684 0.8545
vn -0.1461 -0.5025 0.8521
vn -0.5853 -0.6378 0.5005
vn -0.68 -0.7331 0.003327
vn -0.5915 -0.8063 0.002441
vn -0.5103 -0.7039 0.494
vn -0.5932 -0.635 -0.4949
vn -0.5181 -0.701 -0.4899
vn -0.3341 -0.3741 0.8651
vn -0.2929 -0.4169 0.8605
vn -0.6865 -0.5235 0.5047
vn -0.798 -0.6026 0.004608
vn -0.7418 -0.6706 0.003937
vn -0.6383 -0.5826 0.5031
vn -0.6943 -0.5207 -0.4968
vn -0.6461 -0.5798 -0.4963
vn -0.3923 -0.3061 0.8674
vn -0.3647 -0.3405 0.8666
vn -0.757 -0.4111 0.5079
vn -0.8807 -0.4736 0.005646
vn -0.8447 -0.5352 0.005188
vn -0.7262 -0.4648 0.5065
vn -0.7647 -0.4086 -0.4982
vn -0.734 -0.4621 -0.4977
vn -0.4314 -0.2401 0.8696
vn -0.4141 -0.2719 0.8686
vn -0.8073 -0.2966 0.5101
vn -0.9396 -0.3421 0.00647
vn -0.9124 -0.4091 0.006073
vn -0.7843 -0.355 0.5087
vn -0.815 -0.2944 -0.499
vn -0.792 -0.3526 -0.4983
vn -0.4602 -0.1724 0.8709
vn -0.4475 -0.2069 0.87
vn -0.8423 -0.1681 0.512
vn -0.9811 -0.1933 0.007172
vn -0.9622 -0.2721 0.006806
vn -0.8265 -0.2361 0.511
vn -0.8502 -0.1656 -0.4998
vn -0.8342 -0.2339 -0.4994
vn -0.4798 -0.09839 0.8718
vn -0.471 -0.1375 0.8713
vn -0.8561 -0.05417 0.5139
vn -0.9981 -0.06052 0.007691
vn -0.9928 -0.1191 0.007477
vn -0.8519 -0.1043 0.5132
vn -0.864 -0.05124 -0.5008
vn -0.8598 -0.1016 -0.5004
vn -0.486 -0.03442 0.8732
vn -0.4843 -0.06211 0.8726
vn -0.8569 0.02469 0.5148
vn -0.9995 0.03098 0.007996
vn -0.9999 -0.01279 0.007874
vn -0.8574 -0.01325 0.5145
vn -0.8649 0.02762 -0.5012
vn -0.8653 -0.01028 -0.5011
vn -0.4859 0.0108 0.874
vn -0.4863 -0.01157 0.8737
vn -0.8515 0.099 0.5149
vn -0.9931 0.1167 0.008179
vn -0.9972 0.07428 0.008087
vn -0.8549 0.06235 0.5149
vn -0.8594 0.102 -0.501
vn -0.8629 0.06528 -0.5011
vn -0.4828 0.0549 0.874
vn -0.4847 0.03345 0.874
vn -0.842 0.1609 0.5148
vn -0.982 0.1887 0.008301
vn -0.9879 0.1549 0.00824
vn -0.8469 0.1318 0.515
vn -0.8499 0.1641 -0.5007
vn -0.8549 0.135 -0.501
vn -0.4774 0.09012 0.874
vn -0.48 0.07367 0.8741
vn -0.8353 0.1912 0.5154
vn -0.9741 0.226 0.008423
vn -0.9762 0.2168 0.008332
vn -0.8374 0.1847 0.5145
vn -0.8434 0.1938 -0.5011
vn -0.8453 0.1877 -0.5002
vn -0.4746 0.1013 0.8743
vn -0.4754 0.1021 0.8738
vn -0.7979 0.2362 0.5545
vn -0.9593 0.2823 0.009461
vn -0.9719 0.235 0.008698
vn -0.8281 0.1979 0.5244
vn -0.8073 0.2384 -0.5398
vn -0.8366 0.2001 -0.5099
vn -0.4309 0.1247 0.8937
vn -0.4668 0.1022 0.8784
vn -0.7047 0.3551 0.6142
vn -0.8938 0.4483 0.0109
vn -0.9321 0.3621 0.01047
vn -0.7482 0.2948 0.5943
vn -0.7153 0.3591 -0.5994
vn -0.7587 0.2976 -0.5795
vn -0.3458 0.1731 0.9222
vn -0.3776 0.1522 0.9134
vn -0.6864 0.4569 0.5658
vn -0.8294 0.5586 0.009522
vn -0.8548 0.5188 0.01047
vn -0.6853 0.4123 0.6003
vn -0.6948 0.4617 -0.5514
vn -0.695 0.4171 -0.5857
vn -0.3671 0.2351 0.8999
vn -0.3478 0.2007 0.9158
vn -0.7502 0.4021 0.5248
vn -0.88 0.4748 0.008545
vn -0.8368 0.5473 0.00882
vn -0.7075 0.4585 0.5377
vn -0.7577 0.4065 -0.5105
vn -0.7152 0.4631 -0.5234
vn -0.4184 0.2203 0.8811
vn -0.3904 0.2465 0.887
vn -0.8118 0.2737 0.5158
vn -0.9472 0.3206 0.008423
vn -0.9225 0.3858 0.008454
vn -0.7894 0.3287 0.5183
vn -0.8195 0.2775 -0.5014
vn -0.797 0.3329 -0.5039
vn -0.4579 0.1528 0.8757
vn -0.4436 0.1827 0.8773
vn -0.8399 0.1706 0.5152
vn -0.9795 0.201 0.008301
vn -0.9642 0.2651 0.008393
vn -0.8266 0.2259 0.5154
vn -0.8477 0.1744 -0.501
vn -0.8343 0.2296 -0.5011
vn -0.4738 0.09381 0.8756
vn -0.4664 0.1257 0.8755
vn -0.8477 -0.0813 0.5242
vn -0.9956 -0.09363 0.007721
vn -0.9958 0.09085 0.008209
vn -0.851 0.07556 0.5196
vn -0.8558 -0.0788 -0.5112
vn -0.8591 0.07913 -0.5057
vn -0.4686 -0.04672 0.8822
vn -0.4753 0.03925 0.879
vn -0.8239 -0.244 0.5115
vn -0.9594 -0.2818 0.006745
vn -0.9684 -0.2494 0.006989
vn -0.8286 -0.2147 0.517
vn -0.8314 -0.2423 -0.5
vn -0.8364 -0.2131 -0.505
vn -0.4682 -0.1411 0.8722
vn -0.4649 -0.1216 0.8769
vn -0.8394 -0.1778 0.5137
vn -0.9788 -0.2049 0.007172
vn -0.9694 -0.2453 0.006958
vn -0.8319 -0.2127 0.5126
vn -0.8472 -0.1754 -0.5014
vn -0.8396 -0.2105 -0.5007
vn -0.476 -0.1034 0.8733
vn -0.4725 -0.1235 0.8726
vn -0.9859 -0.1672 0.007355
vn -0.8455 -0.1454 0.5137
vn -0.8534 -0.143 -0.5012
vn -0.4796 -0.08484 0.8733
vn -0.4891 -0.09912 -0.8665
vn -0.4855 -0.1197 -0.866
vn -0.01041 0.001709 -0.9999
vn -0.01099 0.0009766 -0.9999
vn -0.009552 0.0006714 -0.9999
vn -0.4811 -0.1381 -0.8657
vn -0.4928 -0.08066 -0.8664
vn -0.01062 0.00174 -0.9999
vn 0.4716 0.1026 -0.8758
vn 0.4672 0.1219 -0.8757
vn 0.465 0.1395 -0.8742
vn 0.4749 0.08429 -0.8759
vn -0.4779 -0.1188 -0.8703
vn 0.0005188 0.004456 -1
vn 0.00998 0.004028 -0.9999
vn -0.4819 -0.04242 -0.8752
vn 0.4766 0.1246 -0.8702
vn 0.4942 0.0488 -0.868
vn -0.4886 0.04529 -0.8713
vn 0.0047 0.001221 -1
vn -0.001617 0.001953 -1
vn -0.4869 0.1002 -0.8677
vn 0.4931 -0.04068 -0.869
vn 0.4825 -0.09412 -0.8708
vn -0.4795 0.1319 -0.8675
vn -0.002655 0.001831 -1
vn -0.003021 0.001801 -1
vn -0.4708 0.1592 -0.8677
vn 0.4736 -0.1265 -0.8715
vn 0.4646 -0.1541 -0.872
vn -0.4563 0.1895 -0.8694
vn -0.001526 0.001038 -1
vn -0.0001831 -0.0003662 -1
vn -0.4307 0.2274 -0.8734
vn 0.4529 -0.184 -0.8723
vn 0.4312 -0.2203 -0.8749
vn -0.4024 0.2533 -0.8797
vn -0.005127 0.001404 -1
vn -0.01093 0.001679 -0.9999
vn -0.3788 0.2412 -0.8935
vn 0.3985 -0.239 -0.8855
vn 0.3671 -0.222 -0.9033
vn -0.3595 0.2057 -0.9102
vn -0.01105 -0.002838 -0.9999
vn -0.009461 -0.005432 -0.9999
vn -0.3577 0.1771 -0.9169
vn 0.3441 -0.1972 -0.918
vn 0.3363 -0.1918 -0.922
vn -0.3902 0.1556 -0.9075
vn -0.01303 -0.008515 -0.9999
vn -0.0217 -0.01776 -0.9996
vn -0.4441 0.128 -0.8868
vn 0.3548 -0.1952 -0.9143
vn 0.3964 -0.1856 -0.8991
vn -0.4803 0.1059 -0.8707
vn -0.02115 -0.02274 -0.9995
vn -0.01355 -0.01285 -0.9998
vn -0.488 0.1058 -0.8664
vn 0.4402 -0.1603 -0.8835
vn 0.4635 -0.133 -0.876
vn -0.4886 0.1073 -0.8659
vn -0.01108 -0.0007935 -0.9999
vn -0.01028 0.003265 -0.9999
vn -0.4906 0.09555 -0.8661
vn 0.4696 -0.1099 -0.876
vn 0.4733 -0.09003 -0.8763
vn -0.4932 0.07904 -0.8663
vn -0.01032 0.003571 -0.9999
vn -0.0109 0.003204 -0.9999
vn -0.496 0.06006 -0.8662
vn 0.4758 -0.07294 -0.8765
vn 0.4778 -0.05463 -0.8768
vn -0.4979 0.03842 -0.8663
vn -0.01093 0.00174 -0.9999
vn -0.0109 -0.0009156 -0.9999
vn -0.4991 0.01584 -0.8664
vn 0.4796 -0.03586 -0.8767
vn 0.4808 -0.01856 -0.8766
vn -0.4995 -0.00647 -0.8662
vn -0.01102 -0.002594 -0.9999
vn -0.01175 -0.001465 -0.9999
vn -0.4993 -0.02939 -0.8659
vn 0.4812 0.0004273 -0.8766
vn 0.4799 0.02576 -0.8769
vn -0.4975 -0.05734 -0.8655
vn -0.013 0.0004883 -0.9999
vn -0.01425 0.0006409 -0.9999
vn -0.4929 -0.09406 -0.865
vn 0.4764 0.05802 -0.8773
vn 0.4699 0.09577 -0.8775
vn -0.484 -0.1336 -0.8648
vn -0.01352 6.104e-05 -0.9999
vn -0.01251 -0.0002441 -0.9999
vn -0.4731 -0.1686 -0.8647
vn 0.462 0.1346 -0.8766
vn 0.4526 0.1691 -0.8755
vn -0.4605 -0.2028 -0.8642
vn -0.01245 -0.001556 -0.9999
vn -0.01074 -0.002991 -0.9999
vn -0.4445 -0.2355 -0.8643
vn 0.4402 0.2011 -0.8751
vn 0.4272 0.2308 -0.8742
vn -0.4273 -0.2671 -0.8637
vn -0.01062 -0.004456 -0.9999
vn -0.01166 -0.004578 -0.9999
vn -0.4055 -0.3012 -0.863
vn 0.4107 0.2597 -0.874
vn 0.3873 0.2941 -0.8737
vn -0.3781 -0.3355 -0.8628
vn -0.01083 -0.004334 -0.9999
vn -0.008332 -0.006043 -0.9999
vn -0.3475 -0.3689 -0.862
vn 0.3612 0.3289 -0.8725
vn 0.3359 0.3587 -0.8709
vn -0.3064 -0.4117 -0.8582
vn -0.008911 -0.0109 -0.9999
vn -0.01117 -0.01453 -0.9998
vn -0.2382 -0.4633 -0.8536
vn 0.2955 0.3941 -0.8702
vn 0.224 0.442 -0.8686
vn -0.1596 -0.4976 -0.8526
vn -0.01083 -0.009491 -0.9999
vn 0.1448 0.4847 -0.8626
vn -0.9774 -0.02033 -0.2102
vn -0.941 0.1102 -0.3198
vn -0.5406 0.07233 -0.8382
vn -0.6038 -0.3509 -0.7157
vn -0.995 0.09952 0.008179
vn -0.9354 0.2529 -0.247
vn -0.4591 0.4981 -0.7355
vn 0.02463 0.5162 -0.8561
vn -0.06641 0.01813 -0.9976
vn -0.1312 -0.4899 -0.8618
vn -0.8859 0.4292 -0.1758
vn -0.3972 0.8142 -0.4233
vn 0.1019 0.8673 -0.4873
vn 0.2772 0.8321 -0.4804
vn 0.1561 0.5021 -0.8506
vn 0.0003967 0.02136 -0.9998
vn 0.4778 0.738 -0.4765
vn 0.2814 0.4503 -0.8474
vn 0.007935 0.0224 -0.9997
vn -0.1303 -0.4816 -0.8666
vn -0.2532 -0.4317 -0.8658
vn -0.1534 -0.8561 -0.4934
vn -0.1941 -0.8471 -0.4946
vn -0.4161 -0.7643 -0.4926
vn -0.2062 -0.9785 -0.001099
vn -0.4651 -0.8853 0.00119
vn -0.1517 -0.9884 -0.001556
vn -0.1461 -0.8589 0.4909
vn -0.1867 -0.8498 0.4928
vn -0.4086 -0.7669 0.4948
vn -0.1183 -0.4946 0.861
vn -0.1173 -0.4865 0.8657
vn -0.2402 -0.4364 0.8671
vn -0.05145 0.01251 0.9986
vn 0.01532 0.01578 0.9998
vn 0.02292 0.01682 0.9996
vn 0.1688 0.4974 0.8509
vn 0.2941 0.4456 0.8455
vn 0.03751 0.5114 0.8585
vn 0.1093 0.8646 0.4905
vn 0.2844 0.8295 0.4807
vn 0.485 0.7355 0.4731
vn 0.1343 0.9909 0.001709
vn 0.3238 0.9461 6.104e-05
vn 0.5492 0.8357 -0.001984
vn 0.7449 0.6672 -0.003998
vn 0.6516 0.5881 -0.479
vn 0.6589 0.5856 0.4721
vn 0.7796 0.4002 0.4817
vn 0.8865 0.4627 -0.005707
vn 0.772 0.4028 -0.4916
vn 0.3896 0.3556 -0.8495
vn 0.4584 0.2327 -0.8578
vn 0.01404 0.01215 -0.9998
vn 0.01904 -0.007019 -0.9998
vn -0.3641 -0.3472 -0.8642
vn -0.4304 -0.2499 -0.8673
vn -0.6246 -0.607 -0.4913
vn -0.7575 -0.423 -0.4972
vn -0.7129 -0.7012 0.003693
vn -0.8743 -0.4854 0.005554
vn -0.617 -0.6097 0.4976
vn -0.7497 -0.4257 0.5066
vn -0.351 -0.352 0.8677
vn -0.4173 -0.2546 0.8723
vn 0.02905 0.006531 0.9995
vn 0.03406 -0.01257 0.9993
vn 0.4024 0.3509 0.8455
vn 0.4714 0.228 0.852
vn 0.496 0.1163 0.8604
vn 0.8388 0.2295 0.4936
vn 0.02786 -0.03449 0.999
vn 0.02237 -0.04202 0.9988
vn 0.5014 0.0535 0.8636
vn 0.8578 0.1254 0.4983
vn 0.9621 0.2725 -0.006867
vn 0.9881 0.1534 -0.007385
vn 0.8311 0.2321 -0.5054
vn 0.85 0.128 -0.5109
vn 0.483 0.1209 -0.8672
vn 0.4882 0.05808 -0.8708
vn 0.01291 -0.02908 -0.9995
vn 0.007447 -0.03677 -0.9993
vn -0.462 -0.1781 -0.8688
vn -0.4754 -0.1328 -0.8697
vn -0.8154 -0.2874 -0.5025
vn -0.838 -0.2065 -0.505
vn -0.9445 -0.3282 0.006531
vn -0.972 -0.235 0.007019
vn -0.8075 -0.29 0.5135
vn -0.8301 -0.2091 0.5169
vn -0.4488 -0.1827 0.8747
vn -0.4621 -0.1374 0.8761
vn -0.4687 -0.06949 0.8806
vn 0.0264 -0.03723 0.9989
vn -0.8477 -0.09302 0.5222
vn -0.8507 0.07685 0.5199
vn -0.4739 0.03088 0.88
vn 0.02362 -0.02637 0.9994
vn 0.5107 -0.003571 0.8597
vn 0.5093 -0.07794 0.857
vn 0.869 0.02274 0.4942
vn 0.8644 -0.1128 0.49
vn 0.9994 0.03391 -0.007752
vn 0.9923 -0.1236 -0.008118
vn 0.8613 0.02576 -0.5075
vn 0.8568 -0.1089 -0.504
vn 0.4976 0.001679 -0.8674
vn 0.4963 -0.07114 -0.8652
vn 0.01138 -0.03113 -0.9994
vn 0.008576 -0.0184 -0.9998
vn -0.4821 -0.06415 -0.8737
vn -0.4873 0.03793 -0.8724
vn -0.8559 -0.08988 -0.5093
vn -0.8588 0.08103 -0.5058
vn -0.9949 -0.1005 0.00766
vn -0.9953 0.09604 0.00824
vn -0.9793 0.202 0.008362
vn -0.8424 0.1713 0.5109
vn -0.85 0.176 -0.4965
vn -0.8521 0.1616 -0.4978
vn -0.9828 0.1845 0.008301
vn -0.8445 0.1571 0.512
vn -0.4796 0.0933 0.8725
vn -0.4811 0.08792 0.8722
vn 0.008148 -0.009735 0.9999
vn 0.003113 -0.00351 1
vn 0.4933 -0.1104 0.8628
vn 0.488 -0.09458 0.8677
vn 0.8495 -0.183 0.4948
vn 0.8498 -0.1618 0.5015
vn 0.9781 -0.208 -0.008332
vn 0.9826 -0.1854 -0.008332
vn 0.8419 -0.1784 -0.5092
vn 0.8421 -0.1573 -0.5158
vn 0.4803 -0.1026 -0.871
vn 0.475 -0.08679 -0.8757
vn -0.006745 -0.0006104 -1
vn -0.01166 0.005341 -0.9999
vn -0.4926 0.1012 -0.8643
vn -0.4941 0.09561 -0.8641
vn -0.4924 0.07877 -0.8668
vn -0.8548 0.1338 -0.5014
vn -0.008454 0.004273 -0.9999
vn -0.006867 0.003479 -1
vn -0.4913 0.07657 -0.8676
vn -0.8546 0.1308 -0.5024
vn -0.9882 0.1529 0.008209
vn -0.9886 0.1499 0.008209
vn -0.847 0.1296 0.5154
vn -0.8468 0.1271 0.5164
vn -0.4794 0.07172 0.8746
vn -0.4781 0.07028 0.8755
vn 0.006348 -0.003784 1
vn 0.007965 -0.003723 0.9999
vn 0.4909 -0.07843 0.8676
vn 0.492 -0.07675 0.8672
vn 0.8543 -0.1337 0.5023
vn 0.855 -0.1308 0.5018
vn 0.9882 -0.1529 -0.008271
vn 0.9887 -0.1498 -0.008301
vn 0.8465 -0.1295 -0.5164
vn 0.8471 -0.1271 -0.516
vn 0.4779 -0.07135 -0.8755
vn 0.4789 -0.07044 -0.875
vn 0.478 -0.0698 -0.8756
vn -0.00824 0.003357 -0.9999
vn 0.8469 -0.1259 -0.5166
vn 0.8485 -0.1104 -0.5176
vn 0.4778 -0.06095 -0.8763
vn -0.009644 0.003265 -0.9999
vn -0.4923 0.07566 -0.8671
vn -0.4942 0.06656 -0.8668
vn -0.8552 0.1292 -0.5019
vn -0.8576 0.1135 -0.5016
vn -0.9889 0.1482 0.008209
vn -0.9915 0.13 0.008179
vn -0.8473 0.1259 0.5159
vn -0.8497 0.1105 0.5155
vn -0.4791 0.07004 0.8749
vn -0.481 0.06146 0.8745
vn 0.006653 -0.003021 1
vn 0.00531 -0.002533 1
vn 0.4912 -0.07544 0.8678
vn 0.4911 -0.06607 0.8686
vn 0.8548 -0.1292 0.5025
vn 0.8564 -0.1134 0.5036
vn 0.9889 -0.1483 -0.008271
vn 0.9915 -0.1302 -0.00824
vn 0.8588 -0.09558 0.5033
vn 0.9939 -0.1095 -0.008179
vn 0.8508 -0.09275 -0.5173
vn 0.8596 -0.09088 0.5027
vn 0.9945 -0.104 -0.008148
vn 0.8517 -0.08811 -0.5166
vn 0.4796 -0.05115 -0.876
vn 0.4809 -0.04868 -0.8754
vn -0.008698 0.002869 -0.9999
vn -0.007263 0.002533 -1
vn -0.4946 0.05615 -0.8673
vn -0.4939 0.0531 -0.8679
vn -0.8594 0.09565 -0.5022
vn -0.8595 0.09061 -0.5029
vn -0.9939 0.1095 0.008148
vn -0.9946 0.1037 0.008148
vn -0.8514 0.09281 0.5161
vn -0.8516 0.0878 0.5168
vn -0.4813 0.05136 0.875
vn -0.4805 0.04837 0.8756
vn 0.006317 -0.002564 1
vn 0.007752 -0.002838 0.9999
vn 0.4928 -0.05594 0.8683
vn 0.4942 -0.05341 0.8677
vn 0.007538 -0.004059 0.9999
vn 0.4939 -0.056 0.8677
vn 0.8592 -0.09455 0.5027
vn 0.006409 -0.008454 0.9999
vn 0.4933 -0.06009 0.8678
vn 0.8589 -0.09848 0.5026
vn 0.9941 -0.108 -0.008179
vn 0.9937 -0.1119 -0.008179
vn 0.8513 -0.09171 -0.5166
vn 0.8509 -0.09561 -0.5165
vn 0.4806 -0.05118 -0.8754
vn 0.4801 -0.05524 -0.8755
vn -0.007477 0.001404 -1
vn -0.008606 -0.00293 -0.9999
vn -0.4939 0.05338 -0.8679
vn -0.4953 0.04855 -0.8674
vn -0.8594 0.09186 -0.5029
vn -0.8604 0.08652 -0.5022
vn -0.9944 0.1053 0.008148
vn -0.995 0.0998 0.008148
vn -0.8515 0.08902 0.5167
vn -0.8524 0.08368 0.5161
vn -0.4806 0.04855 0.8755
vn -0.482 0.0437 0.8751
vn -0.4847 0.03626 0.8739
vn 0.005676 -0.01611 0.9998
vn -0.8543 0.07562 0.5142
vn -0.8542 0.0968 0.5107
vn -0.4863 0.04901 0.8724
vn 0.008332 -0.01721 0.9998
vn 0.4943 -0.06854 0.8665
vn 0.4991 -0.08506 0.8624
vn 0.8589 -0.1078 0.5006
vn 0.8586 -0.136 0.4942
vn 0.9926 -0.1215 -0.008209
vn 0.988 -0.1539 -0.008271
vn 0.851 -0.105 -0.5145
vn 0.8507 -0.1332 -0.5084
vn 0.4811 -0.06372 -0.8743
vn 0.4859 -0.0802 -0.8703
vn -0.009339 -0.01059 -0.9999
vn -0.006653 -0.01166 -0.9999
vn -0.4979 0.04108 -0.8662
vn -0.4995 0.05383 -0.8646
vn -0.8623 0.07846 -0.5003
vn -0.8621 0.09961 -0.4967
vn -0.9958 0.0914 0.008148
vn -0.9933 0.1152 0.008209
vn -0.9781 0.2078 0.008423
vn -0.8402 0.1781 0.5121
vn -0.8482 0.1807 -0.4978
vn -0.7989 0.3017 -0.5203
vn -0.9351 0.3541 0.009125
vn -0.7898 0.2993 0.5354
vn -0.4751 0.0994 0.8743
vn -0.4296 0.1641 0.888
vn 0.01569 -0.009156 0.9998
vn 0.02374 -0.00296 0.9997
vn 0.4984 -0.1192 0.8587
vn 0.4682 -0.1654 0.868
vn 0.8484 -0.2009 0.4898
vn 0.8108 -0.291 0.5079
vn 0.9731 -0.2301 -0.008515
vn 0.9406 -0.3394 -0.009339
vn 0.8404 -0.1984 -0.5044
vn 0.8016 -0.2889 -0.5234
vn 0.485 -0.1149 -0.8669
vn 0.4536 -0.1621 -0.8763
vn 0.0005493 -0.004151 -1
vn 0.007691 0.0007324 -1
vn -0.4884 0.1039 -0.8664
vn -0.444 0.1677 -0.8801
vn -0.3761 0.1984 -0.9051
vn -0.7235 0.3912 -0.5687
vn 0.006775 -0.0003357 -1
vn 0.08353 -0.04675 -0.9954
vn -0.2723 0.1549 -0.9496
vn -0.6344 0.3837 -0.671
vn -0.878 0.4786 0.01071
vn -0.8495 0.5274 0.01422
vn -0.7117 0.3884 0.5853
vn -0.6181 0.3791 0.6886
vn -0.3595 0.1952 0.9125
vn -0.254 0.1516 0.9552
vn 0.02432 -0.003082 0.9997
vn 0.1021 -0.04941 0.9935
vn 0.4096 -0.1887 0.8925
vn 0.461 -0.2327 0.8563
vn 0.7542 -0.3494 0.5559
vn 0.7877 -0.3918 0.4754
vn 0.9065 -0.422 -0.01105
vn 0.8954 -0.4451 -0.008789
vn 0.7425 -0.3473 -0.5727
vn 0.7775 -0.3902 -0.4931
vn 0.3929 -0.186 -0.9005
vn 0.4438 -0.2301 -0.8661
vn -0.365 0.931 0.005463
vn -0.3907 0.8117 0.4341
vn -0.9069 0.4213 0.008362
vn -0.883 0.4281 0.1922
vn -0.9314 0.2514 0.2631
vn -0.4478 0.4939 0.7454
vn -0.9359 0.1083 0.3352
vn -0.5276 0.06757 0.8468
vn -0.5927 -0.3549 0.723
vn -0.974 -0.02152 0.2256
vn -0.9791 -0.1378 0.1494
vn -0.6351 -0.6523 0.4136
vn -0.992 -0.1259 0.007508
vn -0.6486 -0.7611 0.00296
vn -0.9814 -0.137 -0.1346
vn -0.6414 -0.6501 -0.4073
vn -0.1669 -0.1545 -0.9738
vn 0.2874 -0.01752 -0.9576
vn 0.1116 -0.05847 -0.992
vn -0.3647 -0.1621 -0.9169
vn 0.644 0.0979 -0.7587
vn 0.5282 0.04877 -0.8477
vn 0.4902 0.03067 -0.8711
vn 0.03345 -0.03143 -0.9989
vn -0.4467 -0.08502 -0.8906
vn 0.9033 0.1795 -0.3896
vn 0.8505 0.1381 -0.5074
vn 0.8477 0.08573 -0.5234
vn 0.4688 0.02844 -0.8828
vn -0.001679 -0.005036 -1
vn 0.8447 0.05435 -0.5325
vn 0.8477 0.05698 -0.5274
vn 0.4713 0.03446 -0.8813
vn -0.008026 0.002472 -0.9999
vn -0.4741 -0.03964 -0.8796
vn -0.4855 -0.03253 -0.8736
vn -0.839 -0.1201 -0.5306
vn -0.8505 -0.0687 -0.5215
vn -0.8562 -0.06223 -0.5129
vn -0.9966 -0.08188 0.0094
vn -0.9971 -0.07532 0.008454
vn -0.9909 -0.1337 0.01038
vn -0.8268 -0.126 0.5482
vn -0.8404 -0.07294 0.5369
vn -0.8473 -0.06577 0.5269
vn -0.4259 -0.09421 0.8998
vn -0.4582 -0.04682 0.8876
vn -0.4715 -0.03861 0.881
vn 0.05609 -0.04077 0.9976
vn 0.01563 -0.01315 0.9998
vn 0.007477 -0.004547 0.9999
vn 0.4845 0.02136 0.8745
vn 0.4853 0.02823 0.8739
vn 0.5092 0.02322 0.8603
vn 0.859 0.08164 0.5054
vn 0.8547 0.05017 0.5166
vn 0.8565 0.05329 0.5133
vn 0.994 0.1091 -0.01056
vn 0.9979 0.06342 -0.009674
vn 0.9979 0.06412 -0.008576
vn 0.9967 0.08032 -0.007874
vn 0.8519 0.07077 -0.5188
vn 0.8601 0.06748 0.5056
vn 0.8605 0.08704 0.5018
vn 0.9947 0.1029 -0.00763
vn 0.8525 0.09006 -0.5148
vn 0.4789 0.04224 -0.8769
vn 0.4816 0.05289 -0.8748
vn -0.008789 0.00293 -0.9999
vn -0.009827 0.002289 -0.9999
vn -0.494 -0.0379 -0.8686
vn -0.4981 -0.04889 -0.8657
vn -0.8605 -0.07028 -0.5046
vn -0.8616 -0.08798 -0.4998
vn -0.9964 -0.08383 0.007843
vn -0.9946 -0.1037 0.007569
vn -0.8523 -0.07352 0.5178
vn -0.8537 -0.09098 0.5127
vn -0.4806 -0.04349 0.8759
vn -0.4849 -0.05408 0.8729
vn 0.006287 -0.00351 1
vn 0.005097 -0.003662 1
vn 0.4923 0.03659 0.8696
vn 0.4948 0.04767 0.8676
vn 0.004761 -0.004608 1
vn 0.4958 0.06165 0.8662
vn 0.8592 0.1118 0.4992
vn 0.006378 -0.00647 0.9999
vn 0.4978 0.06995 0.8645
vn 0.8586 0.1269 0.4966
vn 0.9913 0.1314 -0.007508
vn 0.9889 0.1486 -0.007477
vn 0.8513 0.1144 -0.512
vn 0.8508 0.1288 -0.5094
vn 0.4826 0.06613 -0.8733
vn 0.4845 0.07327 -0.8717
vn -0.01016 0.0005493 -0.9999
vn -0.008698 -0.002594 -0.9999
vn -0.4995 -0.06519 -0.8639
vn -0.499 -0.0788 -0.863
vn -0.8602 -0.1144 -0.4969
vn -0.8581 -0.1355 -0.4953
vn -0.991 -0.1336 0.007447
vn -0.9875 -0.1571 0.007324
vn -0.8524 -0.117 0.5096
vn -0.8504 -0.1375 0.5078
vn -0.4863 -0.06967 0.871
vn -0.4859 -0.08219 0.8701
vn -0.4852 -0.08576 0.8701
vn 0.00766 -0.009003 0.9999
vn -0.8498 -0.1421 0.5076
vn -0.8514 -0.1125 0.5122
vn -0.4818 -0.06833 0.8736
vn 0.01257 -0.009369 0.9998
vn 0.4992 0.06796 0.8638
vn 0.5026 0.04843 0.8632
vn 0.8594 0.1249 0.4958
vn 0.8635 0.09076 0.496
vn 0.9892 0.1463 -0.007477
vn 0.9942 0.1068 -0.007569
vn 0.8516 0.1261 -0.5087
vn 0.8558 0.09204 -0.509
vn 0.4859 0.07022 -0.8712
vn 0.4894 0.05066 -0.8706
vn -0.007477 -0.006348 -0.9999
vn -0.002594 -0.006836 -1
vn -0.4984 -0.08344 -0.8629
vn -0.4951 -0.06613 -0.8663
vn -0.8574 -0.1407 -0.4949
vn -0.8592 -0.1113 -0.4993
vn -0.9867 -0.1623 0.007324
vn -0.9917 -0.1285 0.007538
vn -0.8613 -0.0163 -0.5078
vn -0.9998 -0.01883 0.007965
vn -0.8532 -0.01837 0.5212
vn -0.8592 0.07859 -0.5054
vn -0.9958 0.09143 0.008179
vn -0.8512 0.07553 0.5193
vn -0.4751 -0.0152 0.8798
vn -0.4777 0.03668 0.8777
vn 0.01971 -0.01114 0.9997
vn 0.01202 -0.01355 0.9998
vn 0.506 -0.007691 0.8625
vn 0.4971 -0.06269 0.8654
vn 0.8678 -0.005493 0.4969
vn 0.8602 -0.09891 0.5002
vn 0.9999 -0.004059 -0.007843
vn 0.9937 -0.1114 -0.008148
vn 0.86 -0.003388 -0.5103
vn 0.8524 -0.09592 -0.5141
vn 0.4929 -0.004089 -0.8701
vn 0.4839 -0.05756 -0.8732
vn 0.004578 -0.007019 -0.9999
vn -0.00296 -0.007691 -0.9999
vn -0.4886 -0.01163 -0.8724
vn -0.491 0.04184 -0.8701
vn -0.007447 -0.004913 -0.9999
vn -0.493 0.06101 -0.8679
vn -0.8574 0.1098 -0.5027
vn -0.009247 -0.0006714 -0.9999
vn -0.4948 0.06119 -0.8668
vn -0.8585 0.1066 -0.5015
vn -0.9919 0.1269 0.00824
vn -0.9924 0.1224 0.008209
vn -0.8495 0.1063 0.5167
vn -0.8506 0.1029 0.5156
vn -0.4798 0.05515 0.8756
vn -0.4816 0.05487 0.8747
vn 0.007447 -0.01166 0.9999
vn 0.005676 -0.007904 0.9999
vn 0.4926 -0.07758 0.8668
vn 0.4921 -0.07019 0.8677
vn 0.8559 -0.1265 0.5014
vn 0.8568 -0.1164 0.5023
vn 0.9896 -0.1436 -0.008209
vn 0.9911 -0.1325 -0.008209
vn 0.848 -0.123 -0.5154
vn 0.8489 -0.1127 -0.5163
vn 0.4794 -0.07172 -0.8746
vn 0.4789 -0.06388 -0.8755
vn 0.4791 -0.04416 -0.8766
vn -0.0112 0.002838 -0.9999
vn 0.8517 -0.08097 -0.5177
vn 0.8543 -0.0358 -0.5185
vn 0.4797 -0.01819 -0.8772
vn -0.01212 0.003632 -0.9999
vn -0.4976 0.04831 -0.8661
vn -0.4996 0.0242 -0.8659
vn -0.8617 0.0813 -0.5008
vn -0.8647 0.03861 -0.5007
vn -0.9957 0.09229 0.008148
vn -0.9991 0.04273 0.007996
vn -0.8538 0.07761 0.5147
vn -0.8568 0.03519 0.5144
vn -0.4845 0.04199 0.8738
vn -0.4864 0.01834 0.8735
vn 0.003754 -0.004425 1
vn 0.002869 -0.003082 1
vn 0.4924 -0.05054 0.8689
vn 0.4931 -0.02408 0.8697
vn 0.8596 -0.08472 0.5038
vn 0.8623 -0.03928 0.5048
vn 0.9953 -0.09626 -0.008179
vn 0.999 -0.04376 -0.008057
vn 0.8635 0.000885 0.5043
vn 0.9999 0.002838 -0.007904
vn 0.8555 0.004059 -0.5177
vn 0.8636 0.02387 0.5036
vn 0.9995 0.02954 -0.007813
vn 0.8556 0.02698 -0.5169
vn 0.4812 0.004181 -0.8766
vn 0.4822 0.01712 -0.8759
vn -0.0105 0.003143 -0.9999
vn -0.008972 0.002991 -0.9999
vn -0.4988 0.001251 -0.8667
vn -0.4976 -0.01193 -0.8673
vn -0.865 -0.001038 -0.5017
vn -0.8643 -0.02402 -0.5023
vn -0.9999 -0.003052 0.007874
vn -0.9995 -0.02973 0.007813
vn -0.8571 -0.004181 0.5151
vn -0.8563 -0.02713 0.5156
vn -0.4856 -0.00412 0.8741
vn -0.4843 -0.01724 0.8747
vn 0.004547 -0.003021 1
vn 0.006073 -0.003113 1
vn 0.4946 -0.001221 0.8691
vn 0.4955 0.01178 0.8685
vn 0.4946 0.02222 0.8688
vn 0.8626 0.04239 0.504
vn 0.005371 -0.003418 1
vn 0.003906 -0.004242 1
vn 0.4924 0.03891 0.8695
vn 0.8602 0.07236 0.5048
vn 0.9987 0.05112 -0.007782
vn 0.9962 0.08606 -0.00766
vn 0.8546 0.04547 -0.5172
vn 0.8522 0.07532 -0.5178
vn 0.4813 0.02753 -0.8761
vn 0.4791 0.04401 -0.8766
vn -0.009705 0.002625 -0.9999
vn -0.01114 0.001587 -0.9999
vn -0.4977 -0.02301 -0.867
vn -0.4975 -0.04144 -0.8664
vn -0.8637 -0.04321 -0.5021
vn -0.8619 -0.07471 -0.5014
vn -0.9986 -0.05194 0.007721
vn -0.9961 -0.08829 0.007599
vn -0.8558 -0.0463 0.5152
vn -0.854 -0.07767 0.5144
vn -0.4845 -0.02829 0.8743
vn -0.4843 -0.04654 0.8737
vn -0.4818 -0.06812 0.8736
vn 0.004364 -0.005036 1
vn -0.8499 -0.1149 0.5142
vn -0.8456 -0.1428 0.5143
vn -0.4788 -0.08405 0.8738
vn 0.005737 -0.005097 1
vn 0.4907 0.05902 0.8693
vn 0.4898 0.07471 0.8686
vn 0.8566 0.1082 0.5045
vn 0.8532 0.1356 0.5037
vn 0.9918 0.1278 -0.007508
vn 0.9872 0.1595 -0.007416
vn 0.8486 0.111 -0.5173
vn 0.8452 0.1382 -0.5162
vn 0.4774 0.06381 -0.8763
vn 0.4766 0.0792 -0.8755
vn -0.01059 0.0004578 -0.9999
vn -0.009156 3.052e-05 -0.9999
vn -0.495 -0.06336 -0.8665
vn -0.492 -0.07959 -0.8669
vn -0.8578 -0.1122 -0.5015
vn -0.8535 -0.1402 -0.5018
vn -0.9913 -0.1315 0.007447
vn -0.9864 -0.1639 0.007324
vn -0.85 -0.1638 -0.5006
vn -0.9815 -0.191 0.007202
vn -0.8422 -0.1662 0.513
vn -0.8432 -0.2059 -0.4966
vn -0.9709 -0.2394 0.007019
vn -0.8354 -0.2083 0.5086
vn -0.4779 -0.09751 0.873
vn -0.4776 -0.1222 0.87
vn 0.005341 -0.005066 1
vn 0.002258 -0.00531 1
vn 0.4882 0.08823 0.8682
vn 0.4835 0.1126 0.868
vn 0.8495 0.159 0.5029
vn 0.8413 0.2011 0.5017
vn 0.9824 0.1866 -0.007263
vn 0.972 0.235 -0.00705
vn 0.8416 0.1615 -0.5152
vn 0.8334 0.2035 -0.5137
vn 0.4751 0.09253 -0.8751
vn 0.4704 0.1168 -0.8747
vn -0.009522 -9.156e-05 -0.9999
vn -0.01254 -0.0004273 -0.9999
vn -0.491 -0.0932 -0.8661
vn -0.4907 -0.118 -0.8633
vn -0.4828 -0.1676 -0.8595
vn -0.821 -0.29 -0.4917
vn -0.01785 -0.001648 -0.9998
vn -0.02149 -0.004913 -0.9998
vn -0.453 -0.2427 -0.8578
vn -0.7654 -0.4169 -0.4902
vn -0.9419 -0.3358 0.006531
vn -0.8765 -0.4813 0.005554
vn -0.8134 -0.2924 0.5029
vn -0.7579 -0.4193 0.4997
vn -0.4699 -0.1718 0.8658
vn -0.4402 -0.2469 0.8633
vn -0.003021 -0.006531 1
vn -0.006684 -0.009919 0.9999
vn 0.4682 0.1607 0.8688
vn 0.4331 0.2317 0.871
vn 0.8167 0.2851 0.5017
vn 0.7588 0.4122 0.5043
vn 0.9432 0.3321 -0.006561
vn 0.8772 0.4801 -0.005615
vn 0.8089 0.2875 -0.5128
vn 0.7511 0.4146 -0.5137
vn 0.4552 0.1649 -0.875
vn 0.4201 0.236 -0.8762
vn 0.3698 0.3099 -0.8759
vn -0.0188 -0.007141 -0.9998
vn 0.6615 0.5466 -0.5134
vn 0.6131 0.6075 -0.505
vn 0.3491 0.3512 -0.8687
vn -0.007019 0.003235 -1
vn -0.3997 -0.3188 -0.8594
vn -0.3623 -0.345 -0.8658
vn -0.6767 -0.5471 -0.4926
vn -0.6229 -0.6022 -0.4993
vn -0.7754 -0.6314 0.004334
vn -0.7163 -0.6977 0.003784
vn -0.6692 -0.5495 0.5001
vn -0.6153 -0.6046 0.5058
vn -0.3869 -0.3232 0.8636
vn -0.3494 -0.3495 0.8693
vn -0.004059 -0.01236 0.9999
vn 0.007691 -0.002045 0.9999
vn 0.3828 0.3055 0.8719
vn 0.362 0.3467 0.8653
vn 0.6692 0.5441 0.506
vn 0.6206 0.6049 0.4989
vn 0.7731 0.6342 -0.004364
vn 0.713 0.7011 -0.003601
vn 0.9842 0.1766 -0.01099
vn 0.8627 0.1346 0.4874
vn 0.9796 0.2007 -0.008972
vn 0.912 0.1765 0.3703
vn 0.5509 0.04221 0.8335
vn 0.6641 0.09235 0.7419
vn 0.3185 -0.02503 0.9476
vn 0.1425 -0.06745 0.9875
vn -0.1273 -0.1639 0.9782
vn -0.3332 -0.173 0.9268
vn -0.6414 -0.2967 0.7075
vn -0.7787 -0.2415 0.579
vn -0.9672 -0.2537 0.01117
vn -0.9365 -0.3504 0.01538
vn -0.6724 -0.2866 -0.6824
vn -0.7961 -0.2326 -0.5587
vn 0.1044 -0.4478 -0.888
vn -0.1973 -0.662 -0.723
vn -0.1667 -0.6493 -0.7421
vn 0.1082 -0.43 -0.8963
vn 0.08048 -0.3651 -0.9275
vn -0.2584 -0.5915 -0.7637
vn 0.4737 -0.2539 -0.8433
vn 0.474 -0.1509 -0.8675
vn 0.4525 -0.2687 -0.8503
vn 0.08914 -0.3374 -0.9371
vn 0.4128 -0.2227 -0.8832
vn -0.1581 -0.5811 -0.7983
vn 0.8372 -0.1035 -0.5369
vn 0.8193 -0.1724 -0.5468
vn 0.7844 -0.2333 -0.5746
vn 0.9907 -0.1356 -0.01379
vn 0.963 -0.269 -0.01526
vn 0.9992 -0.03665 -0.01147
vn 0.8552 -0.128 0.5022
vn 0.8445 -0.1885 0.5012
vn 0.8136 -0.2346 0.5319
vn 0.5143 -0.3249 0.7936
vn 0.5083 -0.3179 0.8003
vn 0.4644 -0.2185 0.8582
vn 0.1422 -0.5416 0.8285
vn 0.1444 -0.5043 0.8514
vn 0.1045 -0.3441 0.9331
vn -0.1607 -0.7045 0.6912
vn -0.1771 -0.5971 0.7824
vn -0.1752 -0.7209 0.6705
vn -0.3872 -0.8424 0.3747
vn -0.345 -0.8595 0.3771
vn -0.3117 -0.8524 0.4198
vn -0.4674 -0.884 0.0007935
vn -0.4058 -0.914 -0.0005799
vn -0.3366 -0.9416 -0.000885
vn -0.3988 -0.8283 -0.3936
vn -0.3486 -0.8459 -0.4035
vn -0.304 -0.8452 -0.4395
vn -0.4872 -0.7642 -0.4227
vn -0.5673 -0.8235 0.002838
vn -0.6861 -0.5136 -0.5152
vn -0.8135 -0.5815 0.006043
vn -0.363 -0.3419 -0.8668
vn -0.4719 -0.7777 0.4153
vn -0.6748 -0.5231 0.5206
vn -0.2299 -0.6452 0.7286
vn -0.3444 -0.3733 0.8614
vn 0.1125 -0.4536 0.8841
vn 0.06586 -0.1874 0.9801
vn 0.5015 -0.2191 0.8369
vn 0.4821 0.005768 0.8761
vn 0.8509 -0.003815 0.5252
vn 0.8316 0.1659 0.5299
vn 0.9955 0.0943 -0.009583
vn 0.9724 0.2331 -0.008301
vn 0.8367 0.01971 -0.5472
vn 0.8198 0.1755 -0.5449
vn 0.4616 0.03446 -0.8864
vn 0.04428 -0.1443 -0.9885
vn 0.8044 0.2233 -0.5505
vn 0.4353 0.116 -0.8928
vn -0.0003052 -0.0177 -0.9998
vn 0.8083 0.2204 -0.5459
vn 0.4396 0.115 -0.8908
vn -0.001953 -0.01871 -0.9998
vn -0.4346 -0.1584 -0.8865
vn -0.4412 -0.1593 -0.8831
vn -0.7959 -0.2811 -0.5361
vn -0.8001 -0.28 -0.5304
vn -0.9427 -0.3334 0.007782
vn -0.9437 -0.3308 0.007599
vn -0.787 -0.2827 0.5484
vn -0.7914 -0.2817 0.5425
vn -0.4214 -0.1617 0.8923
vn -0.428 -0.1627 0.889
vn 0.01376 -0.02185 0.9997
vn 0.01224 -0.02289 0.9996
vn 0.4485 0.1123 0.8867
vn 0.4529 0.1112 0.8846
vn 0.8134 0.2213 0.5379
vn 0.8172 0.2184 0.5333
vn 0.9636 0.2671 -0.008026
vn 0.9648 0.2627 -0.007904
vn 0.82 0.2316 0.5233
vn 0.9609 0.2766 -0.007508
vn 0.8115 0.2336 -0.5355
vn 0.8197 0.2579 0.5114
vn 0.9522 0.3054 -0.007019
vn 0.8117 0.2597 -0.5231
vn 0.4472 0.1231 -0.8859
vn 0.4547 0.1384 -0.8798
vn -0.003906 -0.02036 -0.9998
vn -0.005219 -0.02216 -0.9997
vn -0.451 -0.169 -0.8763
vn -0.4599 -0.1849 -0.8685
vn -0.8036 -0.2913 -0.5189
vn -0.8043 -0.3114 -0.5059
vn -0.9401 -0.3408 0.007202
vn -0.9327 -0.3605 0.006714
vn -0.7953 -0.2929 0.5307
vn -0.7965 -0.3131 0.5172
vn -0.438 -0.1723 0.8823
vn -0.4471 -0.188 0.8745
vn 0.01041 -0.02435 0.9996
vn 0.009217 -0.02585 0.9996
vn 0.4603 0.1195 0.8797
vn 0.4677 0.1352 0.8735
vn 0.01111 -0.02243 0.9997
vn 0.4731 0.1497 0.8682
vn 0.8182 0.2788 0.5027
vn 0.01218 -0.01544 0.9998
vn 0.4755 0.1524 0.8664
vn 0.8198 0.2781 0.5005
vn 0.9447 0.3278 -0.006623
vn 0.9454 0.3258 -0.006561
vn 0.8106 0.2806 -0.514
vn 0.8122 0.2801 -0.5117
vn 0.4602 0.1528 -0.8745
vn 0.4626 0.1559 -0.8727
vn -0.003418 -0.0188 -0.9998
vn -0.002472 -0.01138 -0.9999
vn -0.4635 -0.191 -0.8652
vn -0.466 -0.1794 -0.8664
vn -0.8046 -0.3207 -0.4997
vn -0.8099 -0.3056 -0.5006
vn -0.9291 -0.3697 0.006439
vn -0.9355 -0.3533 0.00647
vn -0.7971 -0.3224 0.5106
vn -0.8023 -0.3076 0.5116
vn -0.4508 -0.1941 0.8713
vn -0.4531 -0.1829 0.8725
vn -0.456 -0.1687 0.8738
vn 0.01169 -0.01221 0.9998
vn -0.809 -0.2857 0.5136
vn -0.8146 -0.2664 0.5152
vn -0.4576 -0.159 0.8748
vn 0.01361 -0.01614 0.9998
vn 0.477 0.1445 0.8669
vn 0.482 0.1268 0.8669
vn 0.8242 0.2626 0.5016
vn 0.8325 0.2347 0.5019
vn 0.9514 0.3077 -0.006653
vn 0.9611 0.2761 -0.006806
vn 0.8165 0.2648 -0.5129
vn 0.8246 0.2372 -0.5135
vn 0.4641 0.1485 -0.8732
vn 0.4689 0.1312 -0.8734
vn -0.003082 -0.007599 -0.9999
vn -0.001251 -0.01105 -0.9999
vn -0.469 -0.1647 -0.8677
vn -0.4707 -0.1546 -0.8686
vn -0.8168 -0.2835 -0.5025
vn -0.8225 -0.2639 -0.5038
vn -0.9444 -0.3288 0.006592
vn -0.952 -0.3059 0.006684
vn -0.9626 -0.2706 0.006867
vn -0.823 -0.2365 0.5164
vn -0.831 -0.2339 -0.5047
vn -0.8403 -0.1999 -0.5039
vn -0.9727 -0.2316 0.007019
vn -0.8324 -0.2026 0.5158
vn -0.4611 -0.1435 0.8756
vn -0.468 -0.1228 0.8751
vn 0.01535 -0.01999 0.9997
vn 0.0123 -0.01651 0.9998
vn 0.4884 0.1035 0.8664
vn 0.49 0.09012 0.867
vn 0.8424 0.1968 0.5015
vn 0.8477 0.1708 0.5021
vn 0.9725 0.2329 -0.007019
vn 0.9793 0.2022 -0.007172
vn 0.8345 0.1995 -0.5135
vn 0.8398 0.1736 -0.5143
vn 0.4752 0.1082 -0.8732
vn 0.4768 0.09482 -0.8739
vn 0.0003967 -0.01459 -0.9999
vn -0.002655 -0.01105 -0.9999
vn -0.4743 -0.1388 -0.8693
vn -0.4812 -0.1181 -0.8686
vn -0.4854 -0.1004 -0.8685
vn -0.8463 -0.1733 -0.5036
vn -0.004181 -0.005036 -1
vn -0.002594 -0.001251 -1
vn -0.4874 -0.07822 -0.8696
vn -0.8521 -0.1373 -0.5049
vn -0.9794 -0.2016 0.007172
vn -0.987 -0.1605 0.007355
vn -0.8384 -0.1759 0.5158
vn -0.8442 -0.1398 0.5174
vn -0.4722 -0.105 0.8752
vn -0.4742 -0.08261 0.8765
vn 0.01074 -0.01032 0.9999
vn 0.01236 -0.006287 0.9999
vn 0.491 0.08469 0.867
vn 0.4949 0.0701 0.8661
vn 0.8506 0.1567 0.5019
vn 0.8559 0.1281 0.5011
vn 0.9827 0.1848 -0.007263
vn 0.9885 0.1508 -0.007385
vn 0.8426 0.1593 -0.5143
vn 0.848 0.1306 -0.5137
vn 0.4778 0.08924 -0.8739
vn 0.4817 0.0745 -0.8732
vn 0.4878 0.04361 -0.8719
vn -0.0001526 0.00116 -1
vn 0.8556 0.07483 -0.5122
vn 0.8609 0.003784 -0.5088
vn 0.4932 0.003388 -0.8699
vn -0.0003357 0.00235 -1
vn -0.4903 -0.04209 -0.8705
vn -0.4964 0.00119 -0.8681
vn -0.8594 -0.07556 -0.5056
vn -0.8652 -0.0003357 -0.5013
vn -0.996 -0.08921 0.00766
vn -0.9999 -0.002319 0.008026
vn -0.8514 -0.07834 0.5186
vn -0.8571 -0.004242 0.5151
vn -0.477 -0.04691 0.8776
vn -0.4827 -0.005463 0.8757
vn 0.01486 -0.004334 0.9999
vn 0.01502 -0.005219 0.9998
vn 0.501 0.03882 0.8646
vn 0.5065 -0.003143 0.8622
vn 0.8635 0.07205 0.4992
vn 0.8686 3.052e-05 0.4954
vn 0.9963 0.08557 -0.007599
vn 0.9999 0.002716 -0.007782
vn 0.9978 -0.06589 -0.007996
vn 0.8619 -0.05496 -0.504
vn 0.8696 -0.06003 0.49
vn 0.8682 -0.05374 0.4933
vn 0.9982 -0.05948 -0.008118
vn 0.8603 -0.0481 -0.5075
vn 0.4965 -0.02979 -0.8675
vn 0.4899 -0.0231 -0.8714
vn -0.003113 0.003632 -1
vn -0.01425 0.007447 -0.9998
vn -0.5037 0.03668 -0.8631
vn -0.5122 0.03424 -0.8581
vn -0.8677 0.05976 -0.4935
vn -0.871 0.05087 -0.4886
vn -0.9977 0.06629 0.008209
vn -0.9984 0.05469 0.008057
vn -0.8597 0.05454 0.5078
vn -0.8632 0.04538 0.5027
vn -0.4899 0.02765 0.8713
vn -0.4985 0.02463 0.8665
vn 0.0127 -0.006684 0.9999
vn 0.00177 -0.003723 1
vn 0.51 -0.03867 0.8592
vn 0.5038 -0.03287 0.8632
vn -0.01856 -0.005768 0.9998
vn 0.4749 0.06095 0.8779
vn 0.8506 0.1126 0.5137
vn 0.001831 -0.005402 1
vn 0.4682 0.1567 0.8696
vn 0.817 0.2798 0.5042
vn 0.9909 0.1339 -0.00766
vn 0.945 0.327 -0.006592
vn 0.842 0.117 -0.5266
vn 0.809 0.2825 -0.5154
vn 0.4608 0.06848 -0.8848
vn 0.455 0.1615 -0.8757
vn -0.03415 0.002686 -0.9994
vn -0.01315 0.0001831 -0.9999
vn -0.5125 -0.06452 -0.8563
vn -0.4764 -0.1601 -0.8645
vn -0.8636 -0.1172 -0.4903
vn -0.8202 -0.2799 -0.4988
vn -0.9903 -0.1386 0.007263
vn -0.9455 -0.3255 0.006531
vn -0.8558 -0.1213 0.5029
vn -0.8124 -0.2827 0.5099
vn -0.4991 -0.07172 0.8636
vn -0.4633 -0.1649 0.8707
vn -0.8038 -0.3009 0.5132
vn -0.4543 -0.173 0.8739
vn 0.009644 -0.001495 0.9999
vn -0.813 -0.2724 0.5145
vn -0.4585 -0.1566 0.8748
vn 0.01077 -0.001556 0.9999
vn 0.4706 0.17 0.8658
vn 0.4767 0.1534 0.8656
vn 0.8128 0.2987 0.5
vn 0.823 0.2699 0.4999
vn 0.9376 0.3476 -0.006409
vn 0.9493 0.3143 -0.006623
vn 0.805 0.3012 -0.511
vn 0.8151 0.2726 -0.5111
vn 0.4575 0.1745 -0.8719
vn 0.4635 0.1582 -0.8719
vn -0.00528 0.003632 -1
vn -0.004273 0.003937 -1
vn -0.4674 -0.1685 -0.8678
vn -0.4718 -0.1518 -0.8685
vn -0.8116 -0.2983 -0.5022
vn -0.8209 -0.2697 -0.5033
vn -0.9375 -0.3478 0.00647
vn -0.9491 -0.3149 0.006653
vn -0.9576 -0.288 0.006775
vn -0.8212 -0.2496 0.5131
vn -0.8292 -0.2468 -0.5016
vn -0.8319 -0.2402 -0.5002
vn -0.9601 -0.2797 0.006745
vn -0.8241 -0.2427 0.5118
vn -0.4647 -0.1443 0.8736
vn -0.4673 -0.1412 0.8727
vn 0.009003 -0.002808 0.9999
vn 0.008301 -0.004242 0.9999
vn 0.4806 0.1392 0.8658
vn 0.4825 0.1334 0.8656
vn 0.8306 0.2459 0.4997
vn 0.8336 0.2365 0.499
vn 0.958 0.2866 -0.006775
vn 0.9612 0.2757 -0.006897
vn 0.8226 0.2487 -0.5112
vn 0.8258 0.239 -0.5108
vn 0.4673 0.1441 -0.8723
vn 0.4693 0.1378 -0.8722
vn -0.006104 0.002808 -1
vn -0.006684 0.000763 -1
vn -0.478 -0.1394 -0.8672
vn -0.4805 -0.1368 -0.8662
vn -0.4801 -0.1199 -0.869
vn -0.8379 -0.2104 -0.5035
vn -0.0005799 -0.0006409 -1
vn 0.006561 -0.002686 -1
vn -0.4836 -0.06528 -0.8728
vn -0.8537 -0.1134 -0.5083
vn -0.9695 -0.2451 0.006958
vn -0.9911 -0.1325 0.007538
vn -0.8302 -0.2125 0.5154
vn -0.8456 -0.116 0.521
vn -0.4669 -0.1236 0.8756
vn -0.4703 -0.0697 0.8798
vn 0.01425 -0.004913 0.9999
vn 0.02145 -0.007752 0.9997
vn 0.491 0.1132 0.8638
vn 0.5048 0.05423 0.8615
vn 0.8438 0.2014 0.4973
vn 0.8627 0.1012 0.4955
vn 0.972 0.2348 -0.00708
vn 0.9928 0.1196 -0.007416
vn 0.8361 0.2035 -0.5095
vn 0.8549 0.1037 -0.5083
vn 0.4779 0.1169 -0.8706
vn 0.4917 0.05863 -0.8688
vn 0.8585 0.02698 -0.512
vn 0.4883 0.01508 -0.8725
vn -0.004669 -0.001892 -1
vn 0.8563 0.03781 -0.515
vn 0.4833 0.02274 -0.8751
vn -0.01068 0.001312 -0.9999
vn -0.4967 -0.01956 -0.8676
vn -0.5003 -0.02103 -0.8656
vn -0.8642 -0.03363 -0.502
vn -0.8651 -0.03882 -0.5001
vn -0.9991 -0.04007 0.007843
vn -0.9989 -0.04672 0.007782
vn -0.8562 -0.03693 0.5154
vn -0.8571 -0.04218 0.5133
vn -0.4834 -0.02524 0.875
vn -0.487 -0.0268 0.873
vn 0.01038 -0.008393 0.9999
vn 0.004456 -0.00531 1
vn 0.5016 0.009461 0.865
vn 0.4967 0.01694 0.8677
vn 0.8665 0.02371 0.4986
vn 0.8643 0.03442 0.5017
vn 0.9995 0.03027 -0.007782
vn 0.9991 0.04221 -0.007813
vn 0.9964 0.08393 -0.00766
vn 0.8535 0.07373 -0.5159
vn 0.8615 0.07062 0.5028
vn 0.8575 0.1032 0.504
vn 0.9925 0.1217 -0.007508
vn 0.8495 0.1061 -0.5168
vn 0.4811 0.04355 -0.8756
vn 0.4782 0.06183 -0.876
vn -0.01038 0.002411 -0.9999
vn -0.0105 0.00235 -0.9999
vn -0.4978 -0.03934 -0.8664
vn -0.4956 -0.05756 -0.8666
vn -0.8623 -0.0716 -0.5012
vn -0.8588 -0.1034 -0.5017
vn -0.9963 -0.08487 0.00763
vn -0.9925 -0.1216 0.007508
vn -0.8544 -0.07471 0.5142
vn -0.8509 -0.1062 0.5144
vn -0.4846 -0.04471 0.8736
vn -0.4823 -0.06241 0.8737
vn 0.00473 -0.003723 1
vn 0.004486 -0.003235 1
vn 0.4945 0.03818 0.8683
vn 0.4915 0.05695 0.869
vn 0.4898 0.07233 0.8688
vn 0.8538 0.1299 0.504
vn 0.005524 -0.00293 1
vn 0.00647 -0.002777 1
vn 0.489 0.08124 0.8685
vn 0.8516 0.1454 0.5036
vn 0.9883 0.1527 -0.007385
vn 0.9853 0.1705 -0.007324
vn 0.8459 0.1325 -0.5166
vn 0.8436 0.1479 -0.5161
vn 0.4766 0.07678 -0.8757
vn 0.4759 0.08548 -0.8753
vn -0.0094 0.002197 -0.9999
vn -0.008423 0.002075 -0.9999
vn -0.4926 -0.07282 -0.8672
vn -0.4905 -0.08182 -0.8676
vn -0.8548 -0.13 -0.5023
vn -0.852 -0.1458 -0.5028
vn -0.9883 -0.1525 0.007355
vn -0.9853 -0.1707 0.007294
vn -0.8469 -0.1326 0.5148
vn -0.8441 -0.1482 0.5152
vn -0.4794 -0.07727 0.8742
vn -0.4772 -0.08606 0.8745
vn -0.8415 -0.1645 0.5146
vn -0.4763 -0.09592 0.874
vn 0.005707 -0.003998 1
vn -0.8366 -0.19 0.5138
vn -0.474 -0.1116 0.8734
vn 0.005463 -0.006439 0.9999
vn 0.487 0.08881 0.8688
vn 0.4846 0.09983 0.869
vn 0.8488 0.1596 0.504
vn 0.8444 0.1808 0.5042
vn 0.9823 0.1873 -0.007263
vn 0.9772 0.2123 -0.007141
vn 0.8408 0.1621 -0.5164
vn 0.8365 0.1833 -0.5163
vn 0.4739 0.09302 -0.8756
vn 0.4714 0.1041 -0.8757
vn -0.009217 0.000824 -0.9999
vn -0.009522 -0.001495 -0.9999
vn -0.4895 -0.09171 -0.8672
vn -0.4871 -0.1073 -0.8667
vn -0.8494 -0.1621 -0.5023
vn -0.8444 -0.1875 -0.5017
vn -0.9819 -0.1894 0.007233
vn -0.9758 -0.2185 0.007141
vn -0.9697 -0.2443 0.00705
vn -0.8312 -0.2124 0.5138
vn -0.839 -0.2099 -0.5019
vn -0.8363 -0.219 -0.5026
vn -0.9669 -0.2548 0.006958
vn -0.8284 -0.2215 0.5144
vn -0.4704 -0.1251 0.8735
vn -0.4679 -0.1306 0.8741
vn 0.007019 -0.008179 0.9999
vn 0.008515 -0.008881 0.9999
vn 0.4835 0.1097 0.8684
vn 0.4834 0.1135 0.868
vn 0.8407 0.1993 0.5035
vn 0.8393 0.2063 0.503
vn 0.9722 0.234 -0.00705
vn 0.9702 0.2422 -0.006989
vn 0.8328 0.2018 -0.5155
vn 0.8314 0.2088 -0.5149
vn 0.4703 0.1141 -0.8751
vn 0.4702 0.1179 -0.8746
vn -0.007935 -0.003174 -0.9999
vn -0.006409 -0.003815 -1
vn -0.4834 -0.1208 -0.867
vn -0.481 -0.1262 -0.8675
vn -0.003876 -0.0108 -0.9999
vn -0.4789 -0.1313 -0.868
vn -0.8349 -0.2231 -0.5031
vn 0.02423 -0.1395 -0.9899
vn -0.4477 -0.2494 -0.8587
vn -0.8001 -0.3351 -0.4975
vn -0.966 -0.2585 0.006958
vn -0.93 -0.3675 0.006378
vn -0.827 -0.2256 0.5149
vn -0.7924 -0.3376 0.508
vn -0.4657 -0.1358 0.8744
vn -0.4346 -0.2539 0.864
vn 0.01108 -0.01596 0.9998
vn 0.03912 -0.1448 0.9887
vn 0.4859 0.1044 0.8678
vn 0.5116 -0.03549 0.8585
vn 0.8419 0.1955 0.5029
vn 0.8665 0.04523 0.4971
vn 0.973 0.2308 -0.00708
vn 0.9969 0.07739 -0.007691
vn 0.834 0.1981 -0.5148
vn 0.8585 0.04794 -0.5104
vn 0.4727 0.1088 -0.8744
vn 0.4983 -0.03073 -0.8664
vn 0.4925 -0.5463 -0.6775
vn 0.123 -0.6257 -0.7703
vn 0.7726 -0.4944 -0.3982
vn 0.2826 -0.9448 -0.1657
vn 0.1922 -0.951 -0.2419
vn 0.3908 -0.9117 -0.1266
vn 0.3728 -0.9279 -0.005707
vn 0.8819 -0.4713 -0.008515
vn 0.3927 -0.9124 0.115
vn 0.7789 -0.4967 0.3829
vn 0.2848 -0.9459 0.1555
vn 0.5029 -0.5505 0.6664
vn 0.1956 -0.9527 0.2326
vn 0.1346 -0.6304 0.7645
vn 0.1097 -0.9816 0.1564
vn -0.2343 -0.7052 0.6691
vn -0.001892 -0.993 0.1177
vn -0.5094 -0.7671 0.3899
vn 0.02057 -0.9998 -0.003265
vn -0.6177 -0.7864 0.002503
vn -0.004303 -0.9923 -0.1236
vn -0.5156 -0.7648 -0.3862
vn 0.1071 -0.9807 -0.1638
vn -0.2447 -0.7014 -0.6694
vn 0.1993 -0.9799 -0.004364
vn -0.3532 -0.7724 -0.5278
vn -0.1925 -0.4531 -0.8704
vn -0.407 -0.9134 0.001831
vn -0.6599 -0.7513 0.008332
vn -0.5058 -0.5921 -0.6273
vn -0.244 -0.2731 -0.9305
vn -0.3701 -0.7625 0.5306
vn -0.5131 -0.5674 0.644
vn -0.6087 -0.3324 0.7204
vn -0.8621 -0.5065 0.01422
vn -0.621 -0.3589 -0.6967
vn -0.6366 -0.176 0.7508
vn -0.9541 -0.2991 0.01755
vn -0.6651 -0.1853 -0.7233
vn -0.2637 -0.1238 -0.9566
vn -0.2752 -0.02734 -0.961
vn 0.009339 -0.06253 -0.998
vn -0.007508 0.01077 -0.9999
vn -0.02478 0.08103 -0.9964
vn 0.2691 0.09241 -0.9586
vn 0.2222 0.2485 -0.9428
vn 0.3171 -0.008789 -0.9483
vn 0.7397 -0.05106 -0.6709
vn 0.6834 0.1936 -0.7039
vn 0.5348 0.5244 -0.6625
vn 0.9973 -0.07157 -0.0126
vn 0.9626 0.2708 -0.008759
vn 0.74 0.6726 -0.004852
vn 0.7516 -0.0285 0.659
vn 0.6826 0.209 0.7002
vn 0.5306 0.5231 0.6669
vn 0.3141 0.06632 0.9471
vn 0.2471 0.1371 0.9592
vn 0.2052 0.2396 0.9489
vn -0.01682 0.04816 0.9987
vn -0.02228 0.08249 0.9963
vn -0.0188 0.0857 0.9961
vn -0.2567 -0.06244 0.9644
vn -0.2411 -0.01297 0.9704
vn -0.2692 -0.1996 0.9421
vn -0.02014 0.1081 0.9939
vn -0.256 0.03598 0.966
vn -0.6628 -0.03168 0.7481
vn -0.03397 0.1803 0.983
vn -0.2973 0.1401 0.9444
vn -0.6834 0.1603 0.7122
vn -0.996 -0.08701 0.01779
vn -0.985 0.1716 0.01621
vn -0.6941 -0.02167 -0.7196
vn -0.7062 0.1755 -0.6859
vn -0.2977 0.0651 -0.9524
vn -0.3268 0.1741 -0.9289
vn -0.04297 0.1572 -0.9866
vn -0.05521 0.2273 -0.9723
vn 0.2023 0.3764 -0.904
vn 0.2435 0.3834 -0.8909
vn 0.4102 0.7038 -0.5799
vn 0.5301 0.634 -0.5629
vn 0.4917 0.8707 -0.002441
vn 0.6451 0.7641 -0.006653
vn 0.4128 0.6892 0.5954
vn 0.5387 0.6221 0.5681
vn 0.2049 0.3309 0.9211
vn 0.2542 0.3424 0.9045
vn 0.6288 0.5604 0.539
vn 0.2611 0.4368 0.8608
vn -0.07163 0.3564 0.9316
vn 0.4226 0.7915 0.4415
vn 0.05438 0.8143 0.5778
vn -0.1551 0.6777 0.7188
vn -0.3449 0.345 0.873
vn -0.3756 0.7359 0.5633
vn -0.6702 0.416 0.6146
vn -0.5734 0.6749 0.4644
vn -0.8882 0.4591 0.01428
vn -0.6053 0.7959 0.01068
vn -0.6836 0.4258 -0.5927
vn -0.5817 0.6799 -0.4465
vn -0.3602 0.3619 -0.8598
vn -0.3827 0.7421 -0.5503
vn -0.08481 0.3754 -0.9229
vn -0.1627 0.6841 -0.711
vn 0.2507 0.45 -0.8571
vn 0.04791 0.8172 -0.5744
vn 0.6192 0.5628 -0.5476
vn 0.414 0.7924 -0.4479
vn 0.7937 0.6082 -0.01016
vn 0.3862 0.9224 -0.003693
vn -0.2363 0.9716 0.005219
vn -0.2307 -0.4106 0.8821
vn 0.02786 -0.108 0.9937
vn 0.3947 -0.05429 0.9172
vn 0.7847 -0.1865 0.5911
vn 0.9622 -0.272 -0.01508
vn 0.7606 -0.2028 -0.6167
vn 0.3677 -0.1177 -0.9225
vn 0.04489 -0.1899 -0.9808
vn -0.5948 0.4532 -0.6639
vn -0.2108 0.4718 -0.8561
vn -0.05817 0.142 -0.9881
vn -0.478 -0.1475 -0.8658
vn -0.4014 0.9159 0.004883
vn 0.04318 0.8015 -0.5964
vn 0.3382 0.4148 -0.8447
vn -0.01007 0.01517 -0.9998
vn -0.4243 -0.2688 -0.8647
vn 0.4028 0.2965 -0.8659
vn -0.8893 0.08255 -0.4497
vn -0.7844 -0.3598 -0.5051
vn -0.7254 -0.4764 -0.4968
vn -0.9672 0.2537 0.008057
vn -0.8977 -0.4406 0.005829
vn -0.8335 -0.5524 0.005097
vn -0.8826 0.08225 0.4629
vn -0.7779 -0.3591 0.5155
vn -0.7194 -0.4759 0.5058
vn -0.4671 -0.1464 0.872
vn -0.4137 -0.2678 0.8701
vn -0.5846 0.4524 0.6735
vn -0.1993 0.4708 0.8594
vn -0.04596 0.143 0.9886
vn 0.002228 0.01639 0.9998
vn 0.05045 0.8 0.5979
vn 0.3482 0.4154 0.8403
vn 0.4133 0.2974 0.8606
vn 0.4002 0.8225 0.4041
vn 0.6339 0.611 0.4741
vn 0.7112 0.5018 0.4923
vn 0.7315 0.6818 -0.004028
vn 0.8175 0.5759 -0.004883
vn 0.3114 0.9503 0
vn 0.3954 0.8233 -0.4071
vn 0.6285 0.611 -0.4812
vn 0.7054 0.5014 -0.501
vn 0.836 0.5486 -0.005097
vn 0.7211 0.4751 -0.5043
vn 0.4131 0.2743 -0.8684
vn -0.005005 0.0001526 -1
vn 0.7429 0.4383 -0.5059
vn 0.4264 0.2521 -0.8686
vn 0.0002441 -0.001495 -1
vn -0.4219 -0.2745 -0.864
vn -0.4263 -0.2576 -0.8671
vn -0.7259 -0.476 -0.4964
vn -0.7406 -0.4482 -0.5005
vn -0.8352 -0.5499 0.005127
vn -0.8547 -0.519 0.005432
vn -0.7199 -0.4757 0.5054
vn -0.7341 -0.4484 0.5099
vn -0.4112 -0.2738 0.8694
vn -0.4149 -0.2579 0.8725
vn 0.007416 0.001099 1
vn 0.01325 -0.001831 0.9999
vn 0.4237 0.275 0.863
vn 0.4376 0.2517 0.8632
vn 0.7271 0.4754 0.4953
vn 0.7493 0.438 0.4966
vn 0.862 0.5068 -0.00531
vn 0.7826 0.3711 0.4997
vn 0.9013 0.4331 -0.005799
vn 0.7755 0.3726 -0.5097
vn 0.7974 0.3332 0.5031
vn 0.9199 0.392 -0.006165
vn 0.7897 0.3354 -0.5136
vn 0.4449 0.2088 -0.8709
vn 0.4504 0.1828 -0.8739
vn 0.0047 -0.01212 -0.9999
vn 0.001862 -0.02133 -0.9998
vn -0.4357 -0.2353 -0.8687
vn -0.4442 -0.2259 -0.8669
vn -0.7639 -0.4036 -0.5035
vn -0.7767 -0.3803 -0.5021
vn -0.8842 -0.4671 0.005829
vn -0.8986 -0.4388 0.00589
vn -0.7566 -0.4049 0.5134
vn -0.7691 -0.3824 0.5121
vn -0.4234 -0.2378 0.8742
vn -0.4314 -0.2297 0.8724
vn 0.01871 -0.01505 0.9997
vn 0.01642 -0.02576 0.9995
vn 0.4571 0.2062 0.8652
vn 0.4632 0.179 0.8679
vn 0.0166 -0.02673 0.9995
vn 0.4635 0.1778 0.8681
vn 0.7978 0.3319 0.5032
vn 0.01715 -0.02768 0.9995
vn 0.4637 0.1775 0.868
vn 0.7978 0.332 0.5031
vn 0.9205 0.3906 -0.006165
vn 0.9204 0.3909 -0.006195
vn 0.7902 0.3341 -0.5138
vn 0.7902 0.3343 -0.5137
vn 0.4506 0.1816 -0.874
vn 0.4508 0.1814 -0.874
vn 0.001984 -0.02222 -0.9997
vn 0.002533 -0.02307 -0.9997
vn -0.444 -0.2264 -0.8669
vn -0.4431 -0.228 -0.867
vn -0.7765 -0.3806 -0.5021
vn -0.7754 -0.3827 -0.5023
vn -0.8984 -0.4391 0.00589
vn -0.8973 -0.4414 0.00586
vn -0.7689 -0.3828 0.5121
vn -0.7678 -0.3849 0.5122
vn -0.4312 -0.2303 0.8723
vn -0.4302 -0.2319 0.8724
vn -0.4304 -0.2302 0.8728
vn 0.01755 -0.0268 0.9995
vn -0.7685 -0.3828 0.5127
vn -0.7748 -0.3685 0.5136
vn -0.4341 -0.2198 0.8736
vn 0.01663 -0.02152 0.9996
vn 0.4644 0.1774 0.8676
vn 0.4655 0.1772 0.8671
vn 0.7985 0.3312 0.5027
vn 0.8007 0.3267 0.502
vn 0.9209 0.3898 -0.006195
vn 0.9234 0.3837 -0.006195
vn 0.7908 0.3335 -0.5132
vn 0.793 0.3292 -0.5126
vn 0.4515 0.1815 -0.8736
vn 0.4525 0.1815 -0.8731
vn 0.002869 -0.022 -0.9997
vn 0.001831 -0.01648 -0.9998
vn -0.4433 -0.2261 -0.8673
vn -0.4471 -0.2155 -0.8681
vn -0.7762 -0.3804 -0.5027
vn -0.7826 -0.3661 -0.5034
vn -0.8984 -0.4391 0.00589
vn -0.9059 -0.4235 0.005982
vn -0.9207 -0.3902 0.006195
vn -0.7874 -0.3387 0.515
vn -0.7953 -0.3361 -0.5044
vn -0.8107 -0.2968 -0.5046
vn -0.9383 -0.3458 0.00647
vn -0.8028 -0.2996 0.5155
vn -0.4415 -0.1993 0.8748
vn -0.451 -0.1742 0.8753
vn 0.01508 -0.01355 0.9998
vn 0.01294 -0.007111 0.9999
vn 0.4687 0.1722 0.8664
vn 0.4734 0.1601 0.8661
vn 0.807 0.312 0.5013
vn 0.8168 0.2861 0.501
vn 0.9308 0.3654 -0.006317
vn 0.9424 0.3344 -0.00647
vn 0.7992 0.3146 -0.512
vn 0.8089 0.2889 -0.512
vn 0.4555 0.1768 -0.8725
vn 0.4602 0.1649 -0.8724
vn 0.0001526 -0.00824 -0.9999
vn -0.002075 -0.001465 -1
vn -0.4547 -0.1947 -0.8691
vn -0.4643 -0.1694 -0.8693
vn -0.4725 -0.1506 -0.8684
vn -0.822 -0.2662 -0.5033
vn -0.005188 0.001953 -1
vn -0.007233 0.002869 -1
vn -0.4761 -0.1437 -0.8675
vn -0.8263 -0.2545 -0.5024
vn -0.9505 -0.3107 0.006653
vn -0.9548 -0.2972 0.006714
vn -0.8141 -0.2691 0.5147
vn -0.8184 -0.2575 0.5138
vn -0.4591 -0.1556 0.8746
vn -0.4628 -0.1488 0.8739
vn 0.009919 -0.003906 0.9999
vn 0.007935 -0.003052 0.9999
vn 0.4762 0.1483 0.8667
vn 0.4768 0.1435 0.8672
vn 0.8242 0.2633 0.5014
vn 0.8267 0.2542 0.5019
vn 0.9515 0.3074 -0.006623
vn 0.9549 0.2969 -0.006714
vn 0.8162 0.2662 -0.5127
vn 0.8187 0.2572 -0.5134
vn 0.4629 0.1534 -0.873
vn 0.4634 0.1486 -0.8736
vn 0.4618 0.1507 -0.8741
vn -0.008484 0.002716 -0.9999
vn 0.8172 0.261 -0.5139
vn 0.8125 0.2749 -0.514
vn 0.4588 0.1586 -0.8742
vn -0.009339 0.002564 -0.9999
vn -0.4765 -0.1458 -0.867
vn -0.4747 -0.1541 -0.8665
vn -0.8256 -0.2582 -0.5018
vn -0.8214 -0.2724 -0.5011
vn -0.9535 -0.3014 0.006714
vn -0.9481 -0.3178 0.006623
vn -0.8176 -0.2611 0.5131
vn -0.8133 -0.2754 0.5124
vn -0.4631 -0.151 0.8733
vn -0.4613 -0.1594 0.8728
vn 0.006684 -0.003265 1
vn 0.00586 -0.003601 1
vn 0.4752 0.1455 0.8677
vn 0.4722 0.1533 0.868
vn 0.8252 0.258 0.5025
vn 0.8206 0.2719 0.5028
vn 0.9535 0.3013 -0.006684
vn 0.9482 0.3175 -0.006592
vn 0.9406 0.3393 -0.00647
vn 0.8064 0.294 -0.513
vn 0.8145 0.2908 0.502
vn 0.806 0.3152 0.5009
vn 0.93 0.3674 -0.006317
vn 0.7978 0.3187 -0.5117
vn 0.4557 0.1698 -0.8737
vn 0.4512 0.1845 -0.8731
vn -0.009613 0.002686 -0.9999
vn -0.01077 0.002655 -0.9999
vn -0.472 -0.1652 -0.8659
vn -0.4691 -0.1799 -0.8646
vn -0.8153 -0.2916 -0.5002
vn -0.8072 -0.3167 -0.4981
vn -0.9404 -0.3399 0.0065
vn -0.9295 -0.3687 0.006348
vn -0.8072 -0.2948 0.5113
vn -0.799 -0.3201 0.509
vn -0.4584 -0.1708 0.8721
vn -0.4553 -0.186 0.8707
vn 0.005799 -0.003845 1
vn 0.004975 -0.004395 1
vn 0.4693 0.1642 0.8676
vn 0.465 0.1784 0.8671
vn 0.4481 0.2091 0.8692
vn 0.781 0.3703 0.5029
vn -0.0003357 -0.0065 1
vn -0.006073 -0.01129 0.9999
vn 0.4066 0.269 0.8731
vn 0.7152 0.4801 0.5078
vn 0.902 0.4316 -0.005982
vn 0.8282 0.5604 -0.005097
vn 0.7727 0.3738 -0.513
vn 0.7072 0.4828 -0.5164
vn 0.4342 0.2151 -0.8747
vn 0.3933 0.2738 -0.8777
vn -0.01614 0.0004273 -0.9998
vn -0.02109 -0.005615 -0.9998
vn -0.4596 -0.2141 -0.8619
vn -0.4257 -0.2815 -0.86
vn -0.7842 -0.3738 -0.4952
vn -0.7212 -0.4858 -0.4937
vn -0.9009 -0.434 0.00589
vn -0.8271 -0.5619 0.004852
vn -0.7761 -0.3771 0.5053
vn -0.7136 -0.4885 0.5021
vn -0.4458 -0.22 0.8676
vn -0.4127 -0.2864 0.8647
vn -0.3574 -0.3528 0.8647
vn -0.002045 -0.01126 0.9999
vn -0.6206 -0.603 0.5013
vn -0.5477 -0.6693 0.502
vn -0.3134 -0.3892 0.8661
vn 0.002655 -0.00705 1
vn 0.3565 0.3363 0.8716
vn 0.319 0.3789 0.8687
vn 0.6225 0.5969 0.5061
vn 0.5514 0.6656 0.5028
vn 0.7191 0.6948 -0.003815
vn 0.635 0.7725 -0.002869
vn 0.6153 0.5988 -0.5126
vn 0.5448 0.6674 -0.5077
vn 0.3444 0.3399 -0.8751
vn 0.3077 0.3821 -0.8714
vn -0.01572 -0.00705 -0.9998
vn -0.01025 -0.003327 -0.9999
vn -0.3693 -0.3492 -0.8612
vn -0.3247 -0.3861 -0.8634
vn -0.6275 -0.6009 -0.495
vn -0.5542 -0.6675 -0.4972
vn -0.7198 -0.6941 0.003662
vn -0.6362 -0.7715 0.002808
vn -0.573 -0.8195 0.002197
vn -0.4931 -0.7113 0.5008
vn -0.4997 -0.7094 -0.497
vn -0.4475 -0.7435 -0.4969
vn -0.5126 -0.8586 0.001587
vn -0.4409 -0.7456 0.4997
vn -0.282 -0.4143 0.8654
vn -0.2516 -0.4342 0.865
vn 0.00296 -0.008026 0.9999
vn 0.004334 -0.006928 0.9999
vn 0.2879 0.4025 0.8689
vn 0.2595 0.4241 0.8676
vn 0.4967 0.7072 0.503
vn 0.445 0.742 0.5013
vn 0.5714 0.8206 -0.002228
vn 0.5107 0.8597 -0.001617
vn 0.4901 0.7091 -0.5068
vn 0.4384 0.744 -0.5042
vn 0.2767 0.406 -0.871
vn 0.2481 0.4277 -0.8692
vn -0.00998 -0.004059 -0.9999
vn -0.008667 -0.002716 -0.9999
vn -0.2933 -0.4109 -0.8632
vn -0.2629 -0.4306 -0.8634
vn -0.007263 0.0001526 -1
vn -0.2435 -0.4399 -0.8644
vn -0.4147 -0.7617 -0.4978
vn -0.00473 0.001434 -1
vn -0.2365 -0.4412 -0.8657
vn -0.4046 -0.7661 -0.4993
vn -0.4749 -0.88 0.001221
vn -0.4639 -0.8859 0.00119
vn -0.4082 -0.7638 0.5
vn -0.3981 -0.7682 0.5013
vn -0.2323 -0.4435 0.8656
vn -0.2251 -0.4449 0.8668
vn 0.005707 -0.004059 1
vn 0.008332 -0.002899 0.9999
vn 0.2421 0.4374 0.8661
vn 0.2397 0.4397 0.8655
vn 0.4131 0.7614 0.4995
vn 0.4074 0.7647 0.4992
vn 0.4733 0.8809 -0.001251
vn 0.4664 0.8846 -0.00116
vn 0.4066 0.7635 -0.5017
vn 0.4008 0.7669 -0.5012
vn 0.2308 0.441 -0.8673
vn 0.2284 0.4435 -0.8667
vn 0.4615 0.7307 -0.5029
vn 0.2811 0.4107 -0.8673
vn 0.03946 -0.02478 -0.9989
vn 0.7722 0.4355 -0.4625
vn 0.592 0.1508 -0.7917
vn 0.3547 -0.2332 -0.9054
vn -0.2004 -0.4605 -0.8647
vn 0.1216 -0.6134 -0.7803
vn -0.3743 -0.7813 -0.4994
vn -0.04489 -0.8918 -0.4502
vn -0.4359 -0.9 0.001007
vn -0.1043 -0.9945 -0.001862
vn -0.3674 -0.7836 0.5009
vn -0.03836 -0.8942 0.4459
vn -0.1885 -0.4646 0.8652
vn 0.133 -0.6177 0.775
vn 0.05313 -0.02951 0.9981
vn 0.368 -0.238 0.8988
vn 0.293 0.4066 0.8653
vn 0.6037 0.1467 0.7835
vn 0.4685 0.7284 0.4999
vn 0.7791 0.4332 0.453
vn 0.5302 0.8478 -0.001709
vn 0.8411 0.5408 -0.005036
vn 0.9913 -0.131 -0.00824
vn 0.9563 -0.1779 -0.2318
vn 0.9599 -0.1791 0.2156
vn 0.8541 -0.5201 -0.008271
vn 0.856 -0.5157 -0.03644
vn 0.8564 -0.5159 0.01981
vn 0.8423 -0.5382 0.02969
vn 0.8707 -0.3176 0.3756
vn 0.8299 -0.5559 0.04785
vn 0.7491 -0.4995 0.4352
vn 0.8181 -0.5742 0.02985
vn 0.6298 -0.6813 0.3731
vn 0.8027 -0.596 0.02011
vn 0.539 -0.8146 0.214
vn 0.8057 -0.5922 -0.008118
vn 0.5075 -0.8616 -0.00647
vn 0.8023 -0.5957 -0.03629
vn 0.5357 -0.8133 -0.2272
vn 0.8176 -0.574 -0.04611
vn 0.624 -0.6789 -0.3868
vn 0.829 -0.5555 -0.06421
vn 0.7423 -0.4968 -0.4496
vn 0.8647 -0.3154 -0.3909
vn 0.8417 -0.5379 -0.04621
vn 0.8307 -0.5566 -0.008209
vn -0.9807 -0.1921 -0.03705
vn -0.8717 0.1426 -0.4688
vn -0.8682 -0.1416 -0.4756
vn -0.9758 -0.213 -0.04831
vn -0.9719 -0.2343 -0.02277
vn -0.9749 -0.2224 0.007111
vn -0.8672 -0.3603 -0.3435
vn -0.3073 -0.03412 -0.951
vn -0.3176 -0.5213 -0.792
vn -0.2629 0.4761 -0.8392
vn -0.2945 -0.8477 -0.4412
vn -0.8662 -0.4693 -0.1715
vn -0.9689 -0.2469 -0.01257
vn -0.2759 -0.9612 -0.0005188
vn -0.8674 -0.4976 0.005463
vn -0.9698 -0.2436 0.007019
vn -0.2878 -0.8501 0.4409
vn -0.8635 -0.4702 0.1825
vn -0.9686 -0.247 0.02658
vn -0.9714 -0.2344 0.03693
vn -0.9881 -0.1509 -0.0286
vn -0.9874 -0.1581 0.007385
vn -0.975 -0.2133 0.06262
vn -0.9799 -0.1923 0.05158
vn -0.9875 -0.151 0.04349
vn -0.8653 0.3977 0.3052
vn -0.8696 0.4936 0.00824
vn -0.8699 0.3994 -0.2893
vn -0.2063 0.8464 0.491
vn -0.1877 0.9822 0.004242
vn -0.2137 0.8491 -0.4829
vn 0.2894 0.8374 -0.4635
vn 0.2315 0.4997 -0.8347
vn 0.3117 0.9502 0.0001831
vn 0.5741 0.8188 -0.002228
vn 0.5245 0.7147 -0.4627
vn 0.3834 0.4089 -0.8281
vn 0.2964 0.8349 0.4637
vn 0.5315 0.7122 0.4585
vn 0.6825 0.5566 0.4736
vn 0.7617 0.6479 -0.004212
vn 0.6752 0.5591 -0.4811
vn 0.7426 0.4574 0.4892
vn 0.8449 0.5349 -0.005158
vn 0.7349 0.4601 -0.4982
vn 0.439 0.2529 -0.8621
vn 0.4344 0.3072 -0.8467
vn 0.03177 -0.03211 -0.999
vn 0.08435 -0.04819 -0.9952
vn 0.17 -0.04151 -0.9846
vn 0.1555 -0.004303 -0.9878
vn -0.06995 -0.5059 -0.8597
vn 0.09583 -0.5177 -0.8502
vn -0.29 -0.4047 -0.8672
vn -0.5694 -0.6547 -0.4971
vn -0.2547 -0.8318 -0.4931
vn 0.08466 -0.8711 -0.4837
vn -0.3816 -0.3186 -0.8677
vn -0.6857 -0.5288 -0.5001
vn -0.7952 -0.6063 0.004578
vn -0.6699 -0.7424 0.003204
vn -0.3242 -0.946 -6.104e-05
vn -0.678 -0.5314 0.5078
vn -0.5618 -0.6573 0.5022
vn -0.2473 -0.8345 0.4924
vn 0.09192 -0.9957 -0.00351
vn 0.09183 -0.8738 0.4774
vn -0.0571 -0.5107 0.8578
vn 0.1085 -0.5225 0.8457
vn -0.3055 -0.5257 0.7938
vn 0.1847 -0.04703 0.9817
vn 0.1703 -0.009888 0.9853
vn -0.2928 -0.03946 0.9554
vn -0.8618 -0.3622 0.3552
vn -0.8606 -0.1443 0.4884
vn -0.2501 0.4713 0.8458
vn -0.8643 0.1398 0.4832
vn 0.2441 0.4951 0.8338
vn 0.3959 0.4044 0.8244
vn 0.09925 -0.05374 0.9936
vn 0.4472 0.3026 0.8417
vn 0.04675 -0.03769 0.9982
vn 0.452 0.2482 0.8568
vn 0.02701 -0.02557 0.9993
vn 0.4529 0.2287 0.8617
vn 0.7634 0.4157 0.4944
vn 0.01877 -0.01538 0.9997
vn 0.463 0.2163 0.8595
vn 0.7828 0.3834 0.49
vn 0.8957 0.4446 -0.00586
vn 0.8743 0.4854 -0.005554
vn 0.7752 0.386 -0.5001
vn 0.7556 0.4184 -0.5039
vn 0.4398 0.2335 -0.8672
vn 0.45 0.2211 -0.8652
vn 0.003784 -0.009766 -0.9999
vn 0.01199 -0.01996 -0.9997
vn -0.4417 -0.2445 -0.8632
vn -0.4165 -0.2756 -0.8663
vn -0.7627 -0.4174 -0.4939
vn -0.7308 -0.4655 -0.4992
vn -0.844 -0.5363 0.005158
vn -0.8764 -0.4814 0.005585
vn -0.755 -0.4201 0.5035
vn -0.723 -0.4682 0.508
vn -0.4286 -0.2493 0.8684
vn -0.4033 -0.2804 0.871
vn -0.3684 -0.3233 0.8716
vn -0.2769 -0.4095 0.8692
vn -0.7929 -0.3472 0.5007
vn -0.454 -0.2029 0.8676
vn 0.01706 -0.003784 0.9998
vn -0.8343 -0.2166 0.507
vn -0.4725 -0.1232 0.8727
vn 0.02374 0.002869 0.9997
vn 0.5089 0.1223 0.8521
vn 0.4828 0.1905 0.8547
vn 0.8523 0.2048 0.4812
vn 0.8121 0.3272 0.4832
vn 0.9264 0.3764 -0.006287
vn 0.972 0.2346 -0.007019
vn 0.8447 0.2074 -0.4933
vn 0.8045 0.3298 -0.4939
vn 0.4959 0.127 -0.859
vn 0.4698 0.1952 -0.8609
vn 0.008728 0.008515 -0.9999
vn 0.002014 0.001801 -1
vn -0.4671 -0.1981 -0.8617
vn -0.4857 -0.1183 -0.8661
vn -0.8421 -0.2138 -0.4951
vn -0.8006 -0.3445 -0.4902
vn -0.9683 -0.2498 0.006989
vn -0.9172 -0.3984 0.006134
vn -0.8723 -0.1252 -0.4726
vn -0.989 -0.1478 0.007416
vn -0.8648 -0.1278 0.4855
vn -0.8533 -0.3066 -0.4217
vn -0.938 -0.3465 0.006439
vn -0.8466 -0.309 0.4333
vn -0.5491 -0.1889 0.8141
vn -0.5091 -0.07248 0.8576
vn -0.02133 -0.01117 0.9997
vn 0.0145 -0.005402 0.9999
vn 0.5352 0.04486 0.8435
vn 0.5502 0.1185 0.8266
vn 0.8916 0.1489 0.4276
vn 0.8827 0.06903 0.4647
vn 0.989 0.1478 -0.007416
vn 0.997 0.0762 -0.00766
vn 0.8848 0.1513 -0.4407
vn 0.8754 0.07166 -0.4781
vn 0.5223 0.04962 -0.8513
vn 0.5375 0.1231 -0.8342
vn -0.03641 -0.005585 -0.9993
vn -0.0004578 0.0001831 -1
vn -0.5615 -0.1844 -0.8067
vn -0.5221 -0.06772 -0.8502
vn -0.06381 -0.03439 -0.9973
vn -0.4342 -0.4713 -0.7677
vn -0.6011 -0.7018 -0.3822
vn -0.03986 -0.08301 -0.9957
vn -0.04382 -0.6508 -0.7579
vn -0.02466 -0.9263 -0.3758
vn -0.01715 -0.9998 -0.002655
vn -0.6432 -0.7656 0.00293
vn -0.01901 -0.9284 0.3709
vn -0.5952 -0.7039 0.3876
vn -0.4226 -0.4755 0.7715
vn -0.03241 -0.6551 0.7548
vn -0.02493 -0.0886 0.9957
vn -0.04877 -0.03995 0.998
vn 0.08402 0.5681 0.8187
vn 0.4407 0.379 0.8137
vn 0.1807 0.8984 0.4002
vn 0.7369 0.5474 0.3966
vn 0.8162 0.5777 -0.004852
vn 0.2098 0.9777 0.001068
vn 0.1747 0.9006 -0.398
vn 0.7307 0.5495 -0.4051
vn 0.07178 0.5726 -0.8166
vn 0.4282 0.3835 -0.8182
vn -0.4374 0.806 -0.3988
vn -0.2978 0.5047 -0.8103
vn 0.006134 -0.06137 -0.9981
vn -0.783 0.412 -0.4659
vn -0.4583 0.2363 -0.8568
vn 0.04004 -0.04886 -0.998
vn 0.3277 -0.5389 -0.776
vn 0.5011 -0.2832 -0.8177
vn 0.7931 -0.4135 -0.4473
vn 0.5027 -0.7709 -0.3911
vn 0.8903 -0.4553 -0.008332
vn 0.5519 -0.8339 -0.006714
vn 0.7999 -0.416 0.4325
vn 0.5086 -0.7732 0.3788
vn 0.5135 -0.2878 0.8083
vn 0.3394 -0.5434 0.7678
vn 0.05509 -0.05451 0.997
vn 0.02109 -0.06702 0.9975
vn -0.2856 0.5 0.8176
vn -0.4453 0.2314 0.865
vn -0.7757 0.4092 0.4804
vn -0.4313 0.8036 0.4101
vn -0.8871 0.4614 0.008332
vn -0.4696 0.8828 0.006195
vn -0.869 0.04996 0.4923
vn -0.9981 0.0603 0.008057
vn -0.8766 0.05271 -0.4784
vn -0.8901 0.1043 0.4437
vn -0.9921 0.1248 0.008179
vn -0.8969 0.1068 -0.4291
vn -0.5776 0.05615 -0.8144
vn -0.5142 0.02966 -0.8571
vn -0.02359 0.01071 -0.9996
vn 0.01627 0.001923 -0.9998
vn 0.5338 -0.01654 -0.8454
vn 0.5563 0.0278 -0.8305
vn 0.8943 0.0871 -0.4389
vn 0.8806 -0.0238 -0.4732
vn 0.9996 -0.02615 -0.007965
vn 0.9933 0.1149 -0.007538
vn 0.901 0.08469 0.4253
vn 0.8879 -0.02643 0.4592
vn 0.5689 0.02316 0.8221
vn 0.5466 -0.0213 0.8371
vn -0.008515 0.005066 0.9999
vn 0.03131 -0.003693 0.9995
vn -0.565 0.05152 0.8235
vn -0.5011 0.02478 0.865
vn -0.06452 0.02197 0.9977
vn -0.5257 0.3149 0.7902
vn -0.7709 0.4878 0.4096
vn -0.03427 0.0643 0.9973
vn -0.2142 0.5458 0.8101
vn -0.316 0.8419 0.4373
vn -0.3498 0.9368 0.005341
vn -0.8425 0.5386 0.008148
vn -0.3226 0.8445 -0.4275
vn -0.7771 0.4902 -0.3947
vn -0.5378 0.3195 -0.7802
vn -0.2264 0.5505 -0.8036
vn -0.0492 0.06995 -0.9963
vn -0.07953 0.02765 -0.9964
vn 0.4745 -0.2307 -0.8495
vn 0.1606 -0.4658 -0.8702
vn 0.278 -0.8279 -0.4871
vn 0.826 -0.3378 -0.4513
vn 0.3103 -0.9506 -0.005127
vn 0.9326 -0.3609 -0.008423
vn 0.2853 -0.8307 0.478
vn 0.8329 -0.3404 0.4363
vn 0.4873 -0.2355 0.8408
vn 0.1735 -0.4707 0.865
vn -0.1484 -0.8633 0.4823
vn -0.07233 -0.5076 0.8585
vn 0.0137 0.01462 0.9998
vn -0.2151 -0.8415 0.4956
vn -0.114 -0.4908 0.8637
vn 0.02063 -0.00354 0.9998
vn 0.07739 0.527 0.8463
vn 0.1501 0.4836 0.8623
vn 0.2397 0.8354 0.4946
vn 0.1104 0.8738 0.4735
vn 0.2688 0.9632 0.0005493
vn 0.118 0.993 0.001801
vn 0.2322 0.8381 -0.4936
vn 0.1034 0.8764 -0.4703
vn 0.1372 0.4884 -0.8617
vn 0.06473 0.5318 -0.8444
vn 0.005707 0.002045 -1
vn -0.001221 0.02023 -0.9998
vn -0.08518 -0.5029 -0.8601
vn -0.127 -0.486 -0.8647
vn -0.2225 -0.8387 -0.4969
vn -0.1556 -0.8607 -0.4848
vn -0.1805 -0.9836 -0.001312
vn -0.2547 -0.967 -0.0006714
vn -0.2324 -0.8337 -0.5009
vn -0.2669 -0.9637 -0.0005799
vn -0.2249 -0.8364 0.4998
vn -0.2464 -0.8292 -0.5018
vn -0.2832 -0.959 -0.0004578
vn -0.2389 -0.8319 0.5009
vn -0.1181 -0.486 0.8659
vn -0.1259 -0.4829 0.8665
vn 0.02518 -0.006806 0.9996
vn 0.02484 -0.00647 0.9997
vn 0.174 0.4693 0.8657
vn 0.1652 0.4732 0.8653
vn 0.2811 0.819 0.5001
vn 0.2657 0.8246 0.4994
vn 0.2995 0.9541 0.0003052
vn 0.3176 0.9482 0.0001221
vn 0.2736 0.8217 -0.4999
vn 0.2582 0.8273 -0.4989
vn 0.161 0.4741 -0.8656
vn 0.1522 0.478 -0.865
vn 0.01022 -0.00116 -0.9999
vn 0.009919 -0.000824 -0.9999
vn -0.1311 -0.4812 -0.8667
vn -0.1389 -0.4781 -0.8672
vn 0.008972 -0.001862 -0.9999
vn -0.147 -0.4761 -0.867
vn -0.2595 -0.8253 -0.5015
vn 0.01129 -0.003601 -0.9999
vn -0.1476 -0.4765 -0.8667
vn -0.2621 -0.8247 -0.5012
vn -0.2982 -0.9545 -0.0003357
vn -0.3015 -0.9535 -0.0002747
vn -0.2545 -0.8274 0.5006
vn -0.252 -0.828 0.5009
vn -0.1346 -0.4813 0.8661
vn -0.134 -0.4809 0.8665
vn 0.02625 -0.009156 0.9996
vn 0.02396 -0.007477 0.9997
vn 0.1798 0.4664 0.8661
vn 0.185 0.4639 0.8664
vn 0.2997 0.8119 0.5009
vn 0.2922 0.8148 0.5006
vn 0.339 0.9408 0
vn 0.3307 0.9437 6.104e-05
vn 0.2922 0.8147 -0.5009
vn 0.2847 0.8176 -0.5005
vn 0.1668 0.4711 -0.8661
vn 0.172 0.4686 -0.8665
vn 0.2289 0.4469 -0.8648
vn 0.06684 -0.02399 -0.9975
vn 0.3485 0.7924 -0.5005
vn 0.5837 0.6586 -0.4748
vn 0.6727 0.1935 -0.7141
vn 0.3146 -0.1111 -0.9427
vn 0.406 -0.576 -0.7095
vn -0.09073 -0.4948 -0.8643
vn 0.05469 -0.8796 -0.4725
vn -0.2062 -0.8413 -0.4996
vn -0.2445 -0.9696 -0.000763
vn 0.2799 -0.96 -0.004913
vn 0.06177 -0.8823 0.4666
vn -0.1988 -0.8441 0.4979
vn 0.4167 -0.5801 0.6998
vn -0.07782 -0.4996 0.8627
vn 0.3289 -0.1164 0.9371
vn 0.08182 -0.02954 0.9962
vn 0.242 0.4422 0.8636
vn 0.6836 0.1897 0.7047
vn 0.5909 0.6561 0.4693
vn 0.356 0.7898 0.4995
vn 0.814 0.5808 -0.004761
vn 0.3964 0.918 -0.0005493
vn 0.9435 -0.3311 -0.008179
vn -0.9831 -0.02319 -0.1816
vn -0.9913 -0.04645 -0.1232
vn -0.9984 -0.04761 -0.03162
vn -0.9796 -0.01572 -0.2002
vn -0.6523 0.04807 -0.7564
vn -0.643 -0.004089 -0.7658
vn -0.6591 -0.08371 -0.7474
vn -0.1313 0.009278 -0.9913
vn -0.08667 -0.07529 -0.9934
vn -0.1183 0.1007 -0.9879
vn 0.1546 -0.4584 -0.8752
vn -0.633 -0.4508 -0.6292
vn -0.9942 -0.09043 -0.05783
vn 0.4019 -0.9156 -0.01068
vn -0.4194 -0.9072 0.03125
vn -0.9885 -0.1077 0.106
vn 0.2072 -0.4729 0.8564
vn -0.5216 -0.4414 0.7301
vn -0.9742 -0.1135 0.1948
vn -0.9836 -0.08612 0.1581
vn -0.9817 0.01279 -0.1902
vn -0.9967 0.007111 -0.08057
vn -0.992 -0.07196 0.1031
vn -0.9976 -0.03604 0.0586
vn -0.9997 0.002014 0.02365
vn -0.7215 0.2909 0.6283
vn -0.6416 0.7595 0.1074
vn -0.6576 0.3887 -0.6453
vn -0.01386 0.4473 0.8943
vn 0.05539 0.989 0.1366
vn -0.001587 0.5973 -0.802
vn 0.09857 0.6188 -0.7793
vn -0.03009 0.1278 -0.9913
vn 0.2301 0.9627 0.1419
vn -0.02646 0.6806 -0.7321
vn -0.0412 0.1728 -0.9841
vn 0.0148 0.9978 0.06372
vn -0.03305 0.01428 -0.9993
vn -0.04508 0.01291 -0.9989
vn 0.005158 -0.09143 -0.9958
vn 0.01688 -0.1313 -0.9912
vn 0.2263 -0.5941 -0.7718
vn 0.266 -0.48 -0.8359
vn 0.4048 -0.9141 0.02255
vn 0.5519 -0.8338 -0.01334
vn 0.2508 -0.5823 0.7733
vn 0.303 -0.4903 0.8171
vn 0.0455 -0.1053 0.9934
vn -0.04694 -0.0933 0.9945
vn 0.05661 -0.1455 0.9877
vn 0.0004273 0.003754 1
vn -0.01233 0.002777 0.9999
vn -0.1019 -0.004273 0.9948
vn -0.6247 -0.122 0.7713
vn -0.6657 -0.04761 0.7447
vn -0.09668 0.08475 0.9917
vn -0.6962 0.03525 0.7169
vn -0.004975 0.1133 0.9935
vn 0.0886 0.4993 0.8618
vn -0.01431 0.1644 0.9863
vn -0.006439 0.6255 0.7802
vn -0.04456 0.2102 0.9766
vn -0.1382 0.7218 0.6782
vn -0.1854 0.9818 -0.0397
vn -0.2531 0.7375 0.6261
vn -0.3282 0.9326 -0.1498
vn -0.06912 0.2109 0.975
vn -0.2211 0.6256 -0.7481
vn -0.148 0.6896 -0.7089
vn -0.082 0.19 -0.9783
vn -0.06745 0.2031 -0.9768
vn -0.03253 0.007141 -0.9994
vn -0.03253 0.01184 -0.9994
vn 0.01068 -0.171 -0.9852
vn -0.009156 -0.1781 -0.9839
vn 0.0394 -0.7213 -0.6914
vn 0.1483 -0.6943 -0.7042
vn 0.07959 -0.9911 0.106
vn 0.2405 -0.9685 0.06354
vn 0.07825 -0.6483 0.7573
vn 0.171 -0.6516 0.739
vn 0.0506 -0.1847 0.9815
vn 0.03415 -0.1895 0.9813
vn 0.000824 -0.002075 1
vn 0.001007 0.001556 1
vn 0.004212 -0.003052 1
vn -0.082 0.1858 0.9792
vn 0.01559 -0.1655 0.9861
vn -0.3605 0.7068 0.6086
vn 0.068 0.003235 0.9977
vn -0.02487 0.1817 0.983
vn -0.3261 0.7244 0.6073
vn -0.4494 0.8552 -0.2582
vn -0.4057 0.8644 -0.2969
vn -0.1991 0.5091 -0.8373
vn -0.2632 0.5335 -0.8038
vn -0.01807 0.1493 -0.9886
vn -0.08408 0.1599 -0.9835
vn 0.03735 0.004212 -0.9993
vn -0.02915 0.004761 -0.9995
vn -0.03372 -0.1566 -0.9871
vn 0.03577 -0.1494 -0.9881
vn -0.05618 -0.6972 -0.7147
vn -0.1095 -0.6864 -0.7189
vn -0.09842 -0.9818 0.1624
vn -0.1393 -0.98 0.1422
vn 0.009339 -0.5652 0.8249
vn -0.03272 -0.595 0.803
vn 0.08289 -0.1448 0.986
vn 0.666 -0.07486 0.7421
vn 0.6507 -0.3977 0.6468
vn 0.6402 0.05878 0.766
vn 0.9769 0.07279 0.2008
vn 0.986 0.02896 0.1643
vn 0.9915 -0.01273 0.1293
vn 0.9948 -0.02374 0.09842
vn 0.987 0.03452 0.157
vn 0.9678 0.09537 0.2328
vn 0.9579 0.1343 0.2536
vn 0.9686 0.1121 0.2217
vn 0.9802 0.09461 0.1737
vn 0.9905 0.03928 0.1317
vn 0.9969 -0.03623 0.06955
vn 0.9968 -0.01694 0.07807
vn 0.9957 -0.003449 0.09223
vn 0.7163 0.1651 -0.678
vn 0.6215 0.5477 -0.5601
vn 0.7358 -0.001038 -0.6771
vn 0.4426 0.8859 -0.139
vn 0.3613 0.7483 0.5563
vn 0.5669 0.2018 0.7986
vn 0.7276 -0.1166 -0.676
vn 0.6492 -0.5583 -0.5165
vn 0.6065 -0.7762 0.1722
vn 0.5526 -0.7751 -0.3063
vn 0.5873 -0.7753 -0.2323
vn 0.6026 -0.7975 -0.0307
vn 0.5411 -0.7721 -0.3332
vn 0.2122 -0.4281 -0.8784
vn 0.2773 -0.4043 -0.8715
vn 0.3713 -0.4426 -0.8162
vn 0.01669 -0.04315 -0.9989
vn 0.09528 -0.04498 -0.9944
vn -0.06677 -0.04059 -0.9969
vn 0.4933 -0.04462 -0.8687
vn 0.6299 -0.4801 -0.6105
vn 0.6316 -0.7618 -0.1438
vn 0.9999 0.0094 -0.003235
vn 0.9429 -0.3327 0.01633
vn 0.6505 -0.7534 0.09574
vn 0.4973 -0.03619 0.8668
vn 0.5927 -0.4177 0.6886
vn 0.6356 -0.7288 0.2547
vn 0.6109 -0.7513 0.2495
vn 0.4935 -0.8088 -0.3198
vn 0.5275 -0.8466 -0.07074
vn 0.598 -0.7699 0.2228
vn 0.5774 -0.7941 0.1897
vn 0.5286 -0.8318 0.1692
vn 0.01666 -0.6904 0.7232
vn -0.5171 -0.8518 0.08356
vn -0.1214 -0.6653 -0.7366
vn -0.3907 -0.05707 0.9187
vn -0.9822 -0.1408 0.1239
vn -0.5199 -0.06339 -0.8518
vn -0.5485 0.03098 -0.8356
vn -0.1007 0.0004578 -0.9949
vn -0.992 0.04498 0.1178
vn -0.991 0.109 0.07773
vn -0.5731 0.06699 -0.8167
vn -0.1309 0.007416 -0.9914
vn -0.4394 0.02182 0.898
vn -0.5003 0.05325 0.8642
vn -0.5942 0.08261 0.8
vn -0.9886 0.1502 0.006531
vn -0.6227 0.09125 -0.7771
vn -0.6893 0.1054 0.7167
vn -0.9859 0.1581 -0.05438
vn -0.6902 0.1024 -0.7163
vn -0.2606 0.02499 -0.9651
vn -0.1904 0.01428 -0.9816
vn -0.06934 -0.007324 -0.9976
vn -0.04398 -0.01236 -0.9989
vn -0.0221 -0.0094 -0.9997
vn -0.01184 -0.007416 -0.9999
vn 0.1053 -0.02005 -0.9942
vn 0.08408 -0.009064 -0.9964
vn 0.07105 -0.004089 -0.9974
vn 0.5258 0.02771 -0.8502
vn 0.468 0.03787 -0.8829
vn 0.6048 -0.01395 -0.7962
vn 0.9976 0.06949 9.156e-05
vn 0.995 0.09986 -0.004975
vn 0.5412 0.03803 0.84
vn 0.4842 0.04569 0.8737
vn 0.08441 0.002503 0.9964
vn 0.1151 -0.04544 0.9923
vn 0.1014 0.001801 0.9948
vn -0.00354 -0.003235 1
vn -0.002319 -0.003357 1
vn 0.03015 -0.04407 0.9986
vn 0.3961 -0.4287 0.8119
vn 0.3372 -0.4295 0.8377
vn -0.05145 -0.04242 0.9978
vn 0.2542 -0.473 0.8435
vn -0.08438 0.0006104 0.9964
vn -0.1005 0.005524 0.9949
vn -0.002777 -0.006775 1
vn -0.1304 0.009644 0.9914
vn -0.003265 -0.005951 1
vn -0.1725 0.01941 0.9848
vn -0.0007935 -0.003998 1
vn -0.2058 0.02539 0.9782
vn -0.7422 0.1059 0.6617
vn 0.007416 -0.003449 0.9999
vn -0.2177 0.02014 0.9758
vn -0.757 0.08036 0.6484
vn -0.9882 0.1404 -0.06082
vn -0.9934 0.105 -0.04547
vn -0.7482 0.07767 -0.6589
vn -0.7356 0.09705 -0.6705
vn -0.2812 0.0304 -0.9591
vn -0.2925 0.03088 -0.9557
vn -0.05893 0.008698 -0.9982
vn -0.07453 0.0005188 -0.9972
vn 0.1536 -0.02927 -0.9877
vn 0.1303 -0.02918 -0.991
vn 0.1708 -0.01471 -0.9852
vn 0.7294 -0.07459 -0.68
vn 0.7094 -0.09882 -0.6978
vn 0.6704 -0.07138 -0.7385
vn 0.9911 -0.13 0.02789
vn 0.9957 -0.09119 0.01819
vn 0.9999 -0.005921 0.008332
vn 0.6755 -0.06354 0.7346
vn 0.6168 -0.004456 0.787
vn 0.1346 -0.008148 0.9908
vn 0.1735 -0.02158 0.9846
vn 0.7072 -0.09287 0.7009
vn 0.2047 -0.02979 0.9784
vn 0.719 -0.07477 0.691
vn 0.2227 -0.02493 0.9745
vn 0.7129 -0.047 0.6996
vn 0.2281 -0.01724 0.9734
vn 0.01947 -0.004608 0.9998
vn 0.6928 -0.043 0.7198
vn 0.2221 -0.01813 0.9749
vn 0.02649 -0.007599 0.9996
vn -0.2095 0.004639 0.9778
vn -0.2156 0.01047 0.9764
vn -0.7665 0.03671 0.6412
vn -0.7627 0.05069 0.6447
vn -0.9964 0.07093 -0.04642
vn -0.9962 0.05631 -0.06583
vn -0.7258 0.05136 -0.6859
vn -0.7431 0.05875 -0.6665
vn -0.2387 0.03027 -0.9706
vn -0.2598 0.02979 -0.9652
vn -0.02472 0.0199 -0.9995
vn -0.03964 0.01639 -0.9991
vn 0.1783 0.002472 -0.984
vn 0.178 0.008576 -0.984
vn 0.7306 -0.02811 -0.6822
vn 0.7346 -0.038 -0.6774
vn 0.996 -0.05426 0.07019
vn 0.9967 -0.06201 0.05148
vn 0.994 -0.1028 0.03781
vn 0.7197 -0.04685 -0.6926
vn 0.9925 -0.08011 0.09256
vn 0.6613 -0.05844 0.7478
vn 0.6989 -0.09256 -0.7092
vn 0.984 -0.1358 0.115
vn 0.6217 -0.08356 0.7787
vn 0.2041 -0.02277 0.9787
vn 0.1803 -0.02326 0.9833
vn 0.01028 -0.001679 0.9999
vn 0.02142 -0.008423 0.9997
vn -0.2011 0.01865 0.9794
vn -0.2051 0.006195 0.9787
vn -0.7574 0.06449 0.6497
vn -0.7654 0.04086 0.6422
vn -0.9937 0.0618 -0.09281
vn -0.989 0.08737 -0.119
vn -0.6583 0.06455 -0.75
vn -0.696 0.05411 -0.7159
vn -0.1914 0.0239 -0.9812
vn -0.2153 0.02927 -0.9761
vn -0.01212 0.006684 -0.9999
vn -0.01575 0.0173 -0.9997
vn 0.1708 0.002686 -0.9853
vn 0.1561 -0.01505 -0.9876
vn -0.01105 -0.008362 -0.9999
vn 0.1422 -0.03626 -0.9892
vn 0.6789 -0.1381 -0.7211
vn -0.01062 -0.01672 -0.9998
vn 0.1371 -0.04157 -0.9897
vn 0.6799 -0.1285 -0.7219
vn 0.9765 -0.1627 0.141
vn 0.9737 -0.1859 0.1313
vn 0.5791 -0.08478 0.8108
vn 0.5901 -0.1015 0.8009
vn 0.1636 -0.01865 0.9863
vn 0.1582 -0.0105 0.9873
vn 0.002136 0.01498 0.9999
vn 0.003327 0.009339 0.9999
vn -0.1855 0.04166 0.9817
vn -0.1928 0.03549 0.9806
vn -0.7357 0.1139 0.6676
vn -0.7438 0.0979 0.6612
vn -0.9822 0.1211 -0.1433
vn -0.9766 0.1349 -0.1675
vn -0.5924 0.07123 -0.8025
vn -0.6195 0.07364 -0.7815
vn -0.1574 0.005402 -0.9875
vn -0.17 0.01395 -0.9853
vn -0.5902 0.07129 -0.804
vn -0.1589 0.004273 -0.9873
vn -0.01047 -0.01697 -0.9998
vn -0.6039 0.08539 -0.7924
vn -0.1687 0.009125 -0.9856
vn -0.0101 -0.01581 -0.9998
vn 0.139 -0.03333 -0.9897
vn 0.1472 -0.03122 -0.9886
vn 0.7013 -0.0748 -0.7089
vn 0.6899 -0.08545 -0.7189
vn 0.9844 -0.08426 0.1541
vn 0.9836 -0.101 0.1497
vn 0.5877 -0.04187 0.8079
vn 0.5787 -0.04929 0.814
vn 0.1586 -0.002747 0.9873
vn 0.1642 -0.002503 0.9864
vn 0.00296 0.01431 0.9999
vn 0.002441 0.01489 0.9999
vn -0.1986 0.04437 0.9791
vn -0.1884 0.04065 0.9812
vn -0.7555 0.1288 0.6424
vn -0.7427 0.1153 0.6596
vn -0.9734 0.1371 -0.1832
vn -0.9701 0.1549 -0.187
vn -0.766 0.1506 0.6249
vn -0.9661 0.1792 -0.186
vn -0.6186 0.104 -0.7788
vn -0.7681 0.1956 0.6097
vn -0.9576 0.2277 -0.1762
vn -0.6309 0.1486 -0.7614
vn -0.1869 0.04627 -0.9813
vn -0.1787 0.01654 -0.9837
vn -0.004944 0.007813 -0.9999
vn -0.009125 -0.01389 -0.9998
vn 0.1603 -0.03369 -0.9865
vn 0.1799 -0.01059 -0.9836
vn 0.7398 -0.05536 -0.6706
vn 0.7173 -0.0871 -0.6913
vn 0.9856 -0.06934 0.1542
vn 0.983 -0.1003 0.1538
vn 0.6232 -0.02863 0.7815
vn 0.6045 -0.05338 0.7948
vn 0.174 -0.005432 0.9847
vn 0.1866 0.01602 0.9823
vn 0.005158 0.03803 0.9992
vn 0.004059 0.01566 0.9998
vn -0.2183 0.08344 0.9723
vn -0.2089 0.05228 0.9765
vn -0.1756 0.4897 0.854
vn 0.01502 0.4657 0.8848
vn -0.6141 0.5633 0.5527
vn -0.1428 0.9339 0.3277
vn -0.01453 0.9247 0.3803
vn 0.04987 0.9138 0.403
vn 0.1426 0.928 0.3441
vn 0.1041 0.9819 0.1579
vn -0.11 0.9755 0.1906
vn -0.08496 0.9963 0.007965
vn 0.06122 0.9942 -0.08805
vn 0.2774 0.9186 0.2814
vn 0.3075 0.9437 0.1217
vn 0.3252 0.9423 -0.0795
vn 0.2127 0.9668 -0.1415
vn 0.1588 0.9716 -0.1756
vn -0.1281 0.5842 -0.8014
vn -0.5096 0.6728 -0.5363
vn 0.08457 0.5211 -0.8493
vn -0.7494 0.6598 -0.05515
vn 0.2714 0.5082 -0.8173
vn 0.7151 0.4654 -0.5214
vn 0.8863 0.4357 0.1571
vn 0.6004 0.452 0.6597
vn 0.2212 0.4515 0.8644
vn -0.754 -0.03516 -0.6559
vn -0.7981 -0.1919 -0.5711
vn -0.9909 -0.1326 -0.02402
vn -0.7939 0.0528 -0.6057
vn -0.1791 0.2017 -0.9629
vn -0.1299 0.02771 -0.9911
vn -0.09861 -0.1675 -0.9809
vn -0.02591 0.02539 -0.9993
vn 0.01724 -0.164 -0.9863
vn -0.07053 0.2216 -0.9726
vn 0.1386 -0.6901 -0.7103
vn -0.03955 -0.7181 -0.6948
vn -0.6395 -0.6067 -0.4722
vn 0.2118 -0.9772 0.0155
vn 0.03168 -0.9995 0.003784
vn -0.6951 -0.7172 0.04999
vn 0.1501 -0.6904 0.7077
vn -0.002777 -0.7219 0.6919
vn -0.5639 -0.6352 0.5277
vn -0.7467 -0.2589 0.6127
vn -0.7572 0.4347 -0.4875
vn -0.8995 0.4364 -0.0213
vn -0.7622 -0.1496 0.6297
vn -0.8434 0.005524 0.5372
vn -0.8023 0.3808 0.4595
vn -0.3255 0.658 0.679
vn -0.3867 0.9206 0.05454
vn -0.3301 0.6974 -0.6361
vn -0.1725 0.7001 0.6929
vn -0.2348 0.9717 0.02506
vn -0.1824 0.7239 -0.6654
vn -0.1718 0.7233 -0.6688
vn -0.064 0.2326 -0.9705
vn -0.225 0.9737 -0.03436
vn -0.2179 0.9721 -0.08661
vn -0.1644 0.7224 -0.6716
vn -0.06003 0.2429 -0.9682
vn -0.1734 0.7488 0.6396
vn -0.1761 0.7902 0.5869
vn -0.07166 0.994 -0.08292
vn -0.04498 0.8347 0.5488
vn -0.01096 0.7891 -0.6141
vn 0.5429 0.7744 -0.3247
vn 0.5483 0.8309 0.0947
vn 0.4157 0.7941 0.4433
vn 0.6081 0.4923 0.6227
vn 0.8983 0.4097 0.1584
vn 0.7374 0.4996 -0.4546
vn 0.6294 0.3241 0.7062
vn 0.7558 0.1784 0.63
vn 0.8246 -0.2319 0.516
vn 0.9433 -0.2926 0.1568
vn 0.8731 -0.3164 -0.3709
vn 0.8377 0.135 -0.5291
vn 0.7572 0.2713 -0.5941
vn 0.06949 0.3137 -0.947
vn 0.1097 0.05298 -0.9925
vn -0.009003 0.01151 -0.9999
vn -0.01587 0.01779 -0.9997
vn 0.04358 -0.2128 -0.9761
vn 0.03186 -0.1887 -0.9815
vn 0.1861 -0.2 -0.9619
vn 0.3644 -0.7192 -0.5916
vn 0.1722 -0.7513 -0.637
vn 0.1576 -0.7234 -0.6722
vn 0.4026 -0.9076 0.1193
vn 0.2288 -0.9694 0.08918
vn 0.3278 -0.6385 0.6963
vn 0.1681 -0.6927 0.7013
vn 0.2221 -0.9735 0.0535
vn 0.161 -0.6931 0.7025
vn 0.04874 -0.2091 0.9767
vn 0.03552 -0.1909 0.981
vn 0.05866 -0.2258 0.9724
vn 0.0047 0.0006104 1
vn -0.001221 0.002106 1
vn -0.01044 0.00473 0.9999
vn -0.07678 -0.2081 0.9751
vn -0.1153 -0.01373 0.9932
vn -0.05741 0.2045 0.9772
vn -0.1698 0.1739 0.97
vn -0.05567 0.2363 0.9701
vn -0.05667 0.2682 0.9617
vn 0.05957 0.3409 0.9382
vn 0.1124 0.07178 0.9911
vn 0.1822 -0.195 0.9637
f 1/1/1 2/2/2 3/3/3
f 1/1/1 3/3/3 4/4/4
f 2/2/2 5/5/5 6/6/6
f 2/2/2 6/6/6 3/3/3
f 3/3/3 6/6/6 7/7/7
f 3/3/3 7/7/7 8/8/8
f 4/4/4 3/3/3 8/8/8
f 4/4/4 8/8/8 9/9/9
f 1/1/1 10/10/10 11/11/11
f 1/1/1 11/11/11 2/2/2
f 12/12/12 13/13/13 11/11/11
f 12/12/12 11/11/11 10/10/10
f 14/14/14 15/15/15 11/11/11
f 14/14/14 11/11/11 13/13/13
f 16/16/16 17/17/17 11/11/11
f 16/16/16 11/11/11 15/15/15
f 18/18/18 19/19/19 11/11/11
f 18/18/18 11/11/11 17/17/17
f 5/5/5 2/2/2 11/11/11
f 5/5/5 11/11/11 19/19/19
f 5/5/5 19/19/19 20/20/20
f 5/5/5 20/20/20 6/6/6
f 19/19/19 18/18/18 21/21/21
f 19/19/19 21/21/21 20/20/20
f 20/20/20 21/21/21 22/22/22
f 20/20/20 22/22/22 23/23/23
f 6/6/6 20/20/20 23/23/23
f 6/6/6 23/23/23 7/7/7
f 7/7/7 23/23/23 24/24/24
f 7/7/7 24/24/24 25/25/25
f 23/23/23 22/22/22 26/26/26
f 23/23/23 26/26/26 24/24/24
f 24/24/24 26/26/26 27/27/27
f 24/24/24 27/27/27 28/28/28
f 25/25/25 24/24/24 28/28/28
f 25/25/25 28/28/28 29/29/29
f 9/9/9 8/8/8 30/30/30
f 9/9/9 30/30/30 31/31/31
f 8/8/8 7/7/7 25/25/25
f 8/8/8 25/25/25 30/30/30
f 30/30/30 25/25/25 29/29/29
f 30/30/30 29/29/29 32/32/32
f 31/31/31 30/30/30 32/32/32
f 31/31/31 32/32/32 33/33/33
f 29/29/29 28/28/28 34/34/34
f 29/29/29 34/34/34 35/35/35
f 28/28/28 27/27/27 36/36/36
f 28/28/28 36/36/36 34/34/34
f 34/34/34 36/36/36 37/37/37
f 34/34/34 37/37/37 38/38/38
f 35/35/35 34/34/34 38/38/38
f 35/35/35 38/38/38 39/39/39
f 33/33/33 32/32/32 40/40/40
f 33/33/33 40/40/40 41/41/41
f 32/32/32 29/29/29 35/35/35
f 32/32/32 35/35/35 40/40/40
f 40/40/40 35/35/35 39/39/39
f 40/40/40 39/39/39 42/42/42
f 41/41/41 40/40/40 42/42/42
f 41/41/41 42/42/42 43/43/43
f 44/44/44 45/45/45 46/46/46
f 44/44/44 46/46/46 47/47/47
f 45/45/45 9/9/9 31/31/31
f 45/45/45 31/31/31 46/46/46
f 46/46/46 31/31/31 33/33/33
f 46/46/46 33/33/33 48/48/48
f 47/47/47 46/46/46 48/48/48
f 47/47/47 48/48/48 49/49/49
f 49/49/49 48/48/48 50/50/50
f 49/49/49 50/50/50 51/51/51
f 48/48/48 33/33/33 41/41/41
f 48/48/48 41/41/41 50/50/50
f 50/50/50 41/41/41 43/43/43
f 50/50/50 43/43/43 52/52/52
f 51/51/51 50/50/50 52/52/52
f 51/51/51 52/52/52 53/53/53
f 54/54/54 55/55/55 56/56/56
f 54/54/54 56/56/56 57/57/57
f 55/55/55 49/49/49 51/51/51
f 55/55/55 51/51/51 56/56/56
f 56/56/56 51/51/51 53/53/53
f 56/56/56 53/53/53 58/58/58
f 57/57/57 56/56/56 58/58/58
f 57/57/57 58/58/58 59/59/59
f 60/60/60 61/61/61 62/62/62
f 60/60/60 62/62/62 63/63/63
f 61/61/61 44/44/44 47/47/47
f 61/61/61 47/47/47 62/62/62
f 62/62/62 47/47/47 49/49/49
f 62/62/62 49/49/49 55/55/55
f 63/63/63 62/62/62 55/55/55
f 63/63/63 55/55/55 54/54/54
f 64/64/64 65/65/65 66/66/66
f 64/64/64 66/66/66 67/67/67
f 65/65/65 60/60/60 63/63/63
f 65/65/65 63/63/63 66/66/66
f 66/66/66 63/63/63 54/54/54
f 66/66/66 54/54/54 68/68/68
f 67/67/67 66/66/66 68/68/68
f 67/67/67 68/68/68 69/69/69
f 69/69/69 68/68/68 70/70/70
f 69/69/69 70/70/70 71/71/71
f 68/68/68 54/54/54 57/57/57
f 68/68/68 57/57/57 70/70/70
f 70/70/70 57/57/57 59/59/59
f 70/70/70 59/59/59 72/72/72
f 71/71/71 70/70/70 72/72/72
f 71/71/71 72/72/72 73/73/73
f 27/27/27 74/74/74 75/75/75
f 27/27/27 75/75/75 36/36/36
f 74/74/74 69/69/69 71/71/71
f 74/74/74 71/71/71 75/75/75
f 75/75/75 71/71/71 73/73/73
f 75/75/75 73/73/73 76/76/76
f 36/36/36 75/75/75 76/76/76
f 36/36/36 76/76/76 37/37/37
f 22/22/22 77/77/77 78/78/78
f 22/22/22 78/78/78 26/26/26
f 77/77/77 64/64/64 67/67/67
f 77/77/77 67/67/67 78/78/78
f 78/78/78 67/67/67 69/69/69
f 78/78/78 69/69/69 74/74/74
f 26/26/26 78/78/78 74/74/74
f 26/26/26 74/74/74 27/27/27
f 18/18/18 17/17/17 79/79/79
f 18/18/18 79/79/79 21/21/21
f 17/17/17 16/16/16 80/80/80
f 17/17/17 80/80/80 79/79/79
f 79/79/79 80/80/80 64/64/64
f 79/79/79 64/64/64 77/77/77
f 21/21/21 79/79/79 77/77/77
f 21/21/21 77/77/77 22/22/22
f 16/16/16 15/15/15 81/81/81
f 16/16/16 81/81/81 80/80/80
f 15/15/15 14/14/14 82/82/82
f 15/15/15 82/82/82 81/81/81
f 81/81/81 82/82/82 60/60/60
f 81/81/81 60/60/60 65/65/65
f 80/80/80 81/81/81 65/65/65
f 80/80/80 65/65/65 64/64/64
f 14/14/14 13/13/13 83/83/83
f 14/14/14 83/83/83 82/82/82
f 13/13/13 12/12/12 84/84/84
f 13/13/13 84/84/84 83/83/83
f 83/83/83 84/84/84 44/44/44
f 83/83/83 44/44/44 61/61/61
f 82/82/82 83/83/83 61/61/61
f 82/82/82 61/61/61 60/60/60
f 12/12/12 10/10/10 85/85/85
f 12/12/12 85/85/85 84/84/84
f 10/10/10 1/1/1 4/4/4
f 10/10/10 4/4/4 85/85/85
f 85/85/85 4/4/4 9/9/9
f 85/85/85 9/9/9 45/45/45
f 84/84/84 85/85/85 45/45/45
f 84/84/84 45/45/45 44/44/44
f 73/73/73 72/72/72 86/86/86
f 73/73/73 86/86/86 87/87/87
f 72/72/72 59/59/59 88/88/88
f 72/72/72 88/88/88 86/86/86
f 86/86/86 88/88/88 89/89/89
f 86/86/86 89/89/89 90/90/90
f 87/87/87 86/86/86 90/90/90
f 87/87/87 90/90/90 91/91/91
f 37/37/37 76/76/76 92/92/92
f 37/37/37 92/92/92 93/93/93
f 76/76/76 73/73/73 87/87/87
f 76/76/76 87/87/87 92/92/92
f 92/92/92 87/87/87 91/91/91
f 92/92/92 91/91/91 94/94/94
f 93/93/93 92/92/92 94/94/94
f 93/93/93 94/94/94 95/95/95
f 91/91/91 90/90/90 96/96/96
f 91/91/91 96/96/96 97/97/97
f 90/90/90 89/89/89 98/98/98
f 90/90/90 98/98/98 96/96/96
f 96/96/96 98/98/98 99/99/99
f 96/96/96 99/99/99 100/100/100
f 97/97/97 96/96/96 100/100/100
f 97/97/97 100/100/100 101/101/101
f 95/95/95 94/94/94 102/102/102
f 95/95/95 102/102/102 103/103/103
f 94/94/94 91/91/91 97/97/97
f 94/94/94 97/97/97 102/102/102
f 102/102/102 97/97/97 101/101/101
f 102/102/102 101/101/101 104/104/104
f 103/103/103 102/102/102 104/104/104
f 103/103/103 104/104/104 105/105/105
f 101/101/101 100/100/100 106/106/106
f 101/101/101 106/106/106 107/107/107
f 100/100/100 99/99/99 108/108/108
f 100/100/100 108/108/108 106/106/106
f 106/106/106 108/108/108 109/109/109
f 106/106/106 109/109/109 110/110/110
f 107/107/107 106/106/106 110/110/110
f 107/107/107 110/110/110 111/111/111
f 105/105/105 104/104/104 112/112/112
f 105/105/105 112/112/112 113/113/113
f 104/104/104 101/101/101 107/107/107
f 104/104/104 107/107/107 112/112/112
f 112/112/112 107/107/107 111/111/111
f 112/112/112 111/111/111 114/114/114
f 113/113/113 112/112/112 114/114/114
f 113/113/113 114/114/114 115/115/115
f 111/111/111 110/110/110 116/116/116
f 111/111/111 116/116/116 117/117/117
f 110/110/110 109/109/109 118/118/118
f 110/110/110 118/118/118 116/116/116
f 116/116/116 118/118/118 119/119/119
f 116/116/116 119/119/119 120/120/120
f 117/117/117 116/116/116 120/120/120
f 117/117/117 120/120/120 121/121/121
f 115/115/115 114/114/114 122/122/122
f 115/115/115 122/122/122 123/123/123
f 114/114/114 111/111/111 117/117/117
f 114/114/114 117/117/117 122/122/122
f 122/122/122 117/117/117 121/121/121
f 122/122/122 121/121/121 124/124/124
f 123/123/123 122/122/122 124/124/124
f 123/123/123 124/124/124 125/125/125
f 121/121/121 120/120/120 126/126/126
f 121/121/121 126/126/126 127/127/127
f 120/120/120 119/119/119 128/128/128
f 120/120/120 128/128/128 126/126/126
f 126/126/126 128/128/128 129/129/129
f 126/126/126 129/129/129 130/130/130
f 127/127/127 126/126/126 130/130/130
f 127/127/127 130/130/130 131/131/131
f 125/125/125 124/124/124 132/132/132
f 125/125/125 132/132/132 133/133/133
f 124/124/124 121/121/121 127/127/127
f 124/124/124 127/127/127 132/132/132
f 132/132/132 127/127/127 131/131/131
f 132/132/132 131/131/131 134/134/134
f 133/133/133 132/132/132 134/134/134
f 133/133/133 134/134/134 135/135/135
f 131/131/131 130/130/130 136/136/136
f 131/131/131 136/136/136 137/137/137
f 130/130/130 129/129/129 138/138/138
f 130/130/130 138/138/138 136/136/136
f 136/136/136 138/138/138 139/139/139
f 136/136/136 139/139/139 140/140/140
f 137/137/137 136/136/136 140/140/140
f 137/137/137 140/140/140 141/141/141
f 135/135/135 134/134/134 142/142/142
f 135/135/135 142/142/142 143/143/143
f 134/134/134 131/131/131 137/137/137
f 134/134/134 137/137/137 142/142/142
f 142/142/142 137/137/137 141/141/141
f 142/142/142 141/141/141 144/144/144
f 143/143/143 142/142/142 144/144/144
f 143/143/143 144/144/144 145/145/145
f 141/141/141 140/140/140 146/146/146
f 141/141/141 146/146/146 147/147/147
f 140/140/140 139/139/139 148/148/148
f 140/140/140 148/148/148 146/146/146
f 146/146/146 148/148/148 149/149/149
f 146/146/146 149/149/149 150/150/150
f 147/147/147 146/146/146 150/150/150
f 147/147/147 150/150/150 151/151/151
f 145/145/145 144/144/144 152/152/152
f 145/145/145 152/152/152 153/153/153
f 144/144/144 141/141/141 147/147/147
f 144/144/144 147/147/147 152/152/152
f 152/152/152 147/147/147 151/151/151
f 152/152/152 151/151/151 154/154/154
f 153/153/153 152/152/152 154/154/154
f 153/153/153 154/154/154 155/155/155
f 151/151/151 150/150/150 156/156/156
f 151/151/151 156/156/156 157/157/157
f 150/150/150 149/149/149 158/158/158
f 150/150/150 158/158/158 156/156/156
f 156/156/156 158/158/158 159/159/159
f 156/156/156 159/159/159 160/160/160
f 157/157/157 156/156/156 160/160/160
f 157/157/157 160/160/160 161/161/161
f 155/155/155 154/154/154 162/162/162
f 155/155/155 162/162/162 163/163/163
f 154/154/154 151/151/151 157/157/157
f 154/154/154 157/157/157 162/162/162
f 162/162/162 157/157/157 161/161/161
f 162/162/162 161/161/161 164/164/164
f 163/163/163 162/162/162 164/164/164
f 163/163/163 164/164/164 165/165/165
f 161/161/161 160/160/160 166/166/166
f 161/161/161 166/166/166 167/167/167
f 160/160/160 159/159/159 168/168/168
f 160/160/160 168/168/168 166/166/166
f 166/166/166 168/168/168 169/169/169
f 166/166/166 169/169/169 170/170/170
f 167/167/167 166/166/166 170/170/170
f 167/167/167 170/170/170 171/171/171
f 165/165/165 164/164/164 172/172/172
f 165/165/165 172/172/172 173/173/173
f 164/164/164 161/161/161 167/167/167
f 164/164/164 167/167/167 172/172/172
f 172/172/172 167/167/167 171/171/171
f 172/172/172 171/171/171 174/174/174
f 173/173/173 172/172/172 174/174/174
f 173/173/173 174/174/174 175/175/175
f 171/171/171 170/170/170 176/176/176
f 171/171/171 176/176/176 177/177/177
f 170/170/170 169/169/169 178/178/178
f 170/170/170 178/178/178 176/176/176
f 176/176/176 178/178/178 179/179/179
f 176/176/176 179/179/179 180/180/180
f 177/177/177 176/176/176 180/180/180
f 177/177/177 180/180/180 181/181/181
f 175/175/175 174/174/174 182/182/182
f 175/175/175 182/182/182 183/183/183
f 174/174/174 171/171/171 177/177/177
f 174/174/174 177/177/177 182/182/182
f 182/182/182 177/177/177 181/181/181
f 182/182/182 181/181/181 184/184/184
f 183/183/183 182/182/182 184/184/184
f 183/183/183 184/184/184 185/185/185
f 181/181/181 180/180/180 186/186/186
f 181/181/181 186/186/186 187/187/187
f 180/180/180 179/179/179 188/188/188
f 180/180/180 188/188/188 186/186/186
f 186/186/186 188/188/188 189/189/189
f 186/186/186 189/189/189 190/190/190
f 187/187/187 186/186/186 190/190/190
f 187/187/187 190/190/190 191/191/191
f 185/185/185 184/184/184 192/192/192
f 185/185/185 192/192/192 193/193/193
f 184/184/184 181/181/181 187/187/187
f 184/184/184 187/187/187 192/192/192
f 192/192/192 187/187/187 191/191/191
f 192/192/192 191/191/191 194/194/194
f 193/193/193 192/192/192 194/194/194
f 193/193/193 194/194/194 195/195/195
f 191/191/191 190/190/190 196/196/196
f 191/191/191 196/196/196 197/197/197
f 190/190/190 189/189/189 198/198/198
f 190/190/190 198/198/198 196/196/196
f 196/196/196 198/198/198 199/199/199
f 196/196/196 199/199/199 200/200/200
f 197/197/197 196/196/196 200/200/200
f 197/197/197 200/200/200 201/201/201
f 195/195/195 194/194/194 202/202/202
f 195/195/195 202/202/202 203/203/203
f 194/194/194 191/191/191 197/197/197
f 194/194/194 197/197/197 202/202/202
f 202/202/202 197/197/197 201/201/201
f 202/202/202 201/201/201 204/204/204
f 203/203/203 202/202/202 204/204/204
f 203/203/203 204/204/204 205/205/205
f 201/201/201 200/200/200 206/206/206
f 201/201/201 206/206/206 207/207/207
f 200/200/200 199/199/199 208/208/208
f 200/200/200 208/208/208 206/206/206
f 206/206/206 208/208/208 209/209/209
f 206/206/206 209/209/209 210/210/210
f 207/207/207 206/206/206 210/210/210
f 207/207/207 210/210/210 211/211/211
f 205/205/205 204/204/204 212/212/212
f 205/205/205 212/212/212 213/213/213
f 204/204/204 201/201/201 207/207/207
f 204/204/204 207/207/207 212/212/212
f 212/212/212 207/207/207 211/211/211
f 212/212/212 211/211/211 214/214/214
f 213/213/213 212/212/212 214/214/214
f 213/213/213 214/214/214 215/215/215
f 211/211/211 210/210/210 216/216/216
f 211/211/211 216/216/216 217/217/217
f 210/210/210 209/209/209 218/218/218
f 210/210/210 218/218/218 216/216/216
f 216/216/216 218/218/218 219/219/219
f 216/216/216 219/219/219 220/220/220
f 217/217/217 216/216/216 220/220/220
f 217/217/217 220/220/220 221/221/221
f 215/215/215 214/214/214 222/222/222
f 215/215/215 222/222/222 223/223/223
f 214/214/214 211/211/211 217/217/217
f 214/214/214 217/217/217 222/222/222
f 222/222/222 217/217/217 221/221/221
f 222/222/222 221/221/221 224/224/224
f 223/223/223 222/222/222 224/224/224
f 223/223/223 224/224/224 225/225/225
f 221/221/221 220/220/220 226/226/226
f 221/221/221 226/226/226 227/227/227
f 220/220/220 219/219/219 228/228/228
f 220/220/220 228/228/228 226/226/226
f 226/226/226 228/228/228 229/229/229
f 226/226/226 229/229/229 230/230/230
f 227/227/227 226/226/226 230/230/230
f 227/227/227 230/230/230 231/231/231
f 225/225/225 224/224/224 232/232/232
f 225/225/225 232/232/232 233/233/233
f 224/224/224 221/221/221 227/227/227
f 224/224/224 227/227/227 232/232/232
f 232/232/232 227/227/227 231/231/231
f 232/232/232 231/231/231 234/234/234
f 233/233/233 232/232/232 234/234/234
f 233/233/233 234/234/234 235/235/235
f 231/231/231 230/230/230 236/236/236
f 231/231/231 236/236/236 237/237/237
f 230/230/230 229/229/229 238/238/238
f 230/230/230 238/238/238 236/236/236
f 236/236/236 238/238/238 239/239/239
f 236/236/236 239/239/239 240/240/240
f 237/237/237 236/236/236 240/240/240
f 237/237/237 240/240/240 241/241/241
f 235/235/235 234/234/234 242/242/242
f 235/235/235 242/242/242 243/243/243
f 234/234/234 231/231/231 237/237/237
f 234/234/234 237/237/237 242/242/242
f 242/242/242 237/237/237 241/241/241
f 242/242/242 241/241/241 244/244/244
f 243/243/243 242/242/242 244/244/244
f 243/243/243 244/244/244 245/245/245
f 241/241/241 240/240/240 246/246/246
f 241/241/241 246/246/246 247/247/247
f 240/240/240 239/239/239 248/248/248
f 240/240/240 248/248/248 246/246/246
f 246/246/246 248/248/248 249/249/249
f 246/246/246 249/249/249 250/250/250
f 247/247/247 246/246/246 250/250/250
f 247/247/247 250/250/250 251/251/251
f 245/245/245 244/244/244 252/252/252
f 245/245/245 252/252/252 253/253/253
f 244/244/244 241/241/241 247/247/247
f 244/244/244 247/247/247 252/252/252
f 252/252/252 247/247/247 251/251/251
f 252/252/252 251/251/251 254/254/254
f 253/253/253 252/252/252 254/254/254
f 253/253/253 254/254/254 255/255/255
f 251/251/251 250/250/250 256/256/256
f 251/251/251 256/256/256 257/257/257
f 250/250/250 249/249/249 258/258/258
f 250/250/250 258/258/258 256/256/256
f 256/256/256 258/258/258 259/259/259
f 256/256/256 259/259/259 260/260/260
f 257/257/257 256/256/256 260/260/260
f 257/257/257 260/260/260 261/261/261
f 255/255/255 254/254/254 262/262/262
f 255/255/255 262/262/262 263/263/263
f 254/254/254 251/251/251 257/257/257
f 254/254/254 257/257/257 262/262/262
f 262/262/262 257/257/257 261/261/261
f 262/262/262 261/261/261 264/264/264
f 263/263/263 262/262/262 264/264/264
f 263/263/263 264/264/264 265/265/265
f 261/261/261 260/260/260 266/266/266
f 261/261/261 266/266/266 267/267/267
f 260/260/260 259/259/259 268/268/268
f 260/260/260 268/268/268 266/266/266
f 266/266/266 268/268/268 269/269/269
f 266/266/266 269/269/269 270/270/270
f 267/267/267 266/266/266 270/270/270
f 267/267/267 270/270/270 271/271/271
f 265/265/265 264/264/264 272/272/272
f 265/265/265 272/272/272 273/273/273
f 264/264/264 261/261/261 267/267/267
f 264/264/264 267/267/267 272/272/272
f 272/272/272 267/267/267 271/271/271
f 272/272/272 271/271/271 274/274/274
f 273/273/273 272/272/272 274/274/274
f 273/273/273 274/274/274 275/275/275
f 271/271/271 270/270/270 276/276/276
f 271/271/271 276/276/276 277/277/277
f 270/270/270 269/269/269 278/278/278
f 270/270/270 278/278/278 276/276/276
f 276/276/276 278/278/278 279/279/279
f 276/276/276 279/279/279 280/280/280
f 277/277/277 276/276/276 280/280/280
f 277/277/277 280/280/280 281/281/281
f 275/275/275 274/274/274 282/282/282
f 275/275/275 282/282/282 283/283/283
f 274/274/274 271/271/271 277/277/277
f 274/274/274 277/277/277 282/282/282
f 282/282/282 277/277/277 281/281/281
f 282/282/282 281/281/281 284/284/284
f 283/283/283 282/282/282 284/284/284
f 283/283/283 284/284/284 285/285/285
f 281/281/281 280/280/280 286/286/286
f 281/281/281 286/286/286 287/287/287
f 280/280/280 279/279/279 288/288/288
f 280/280/280 288/288/288 286/286/286
f 286/286/286 288/288/288 289/289/289
f 286/286/286 289/289/289 290/290/290
f 287/287/287 286/286/286 290/290/290
f 287/287/287 290/290/290 291/291/291
f 285/285/285 284/284/284 292/292/292
f 285/285/285 292/292/292 293/293/293
f 284/284/284 281/281/281 287/287/287
f 284/284/284 287/287/287 292/292/292
f 292/292/292 287/287/287 291/291/291
f 292/292/292 291/291/291 294/294/294
f 293/293/293 292/292/292 294/294/294
f 293/293/293 294/294/294 295/295/295
f 291/291/291 290/290/290 296/296/296
f 291/291/291 296/296/296 297/297/297
f 290/290/290 289/289/289 298/298/298
f 290/290/290 298/298/298 296/296/296
f 296/296/296 298/298/298 299/299/299
f 296/296/296 299/299/299 300/300/300
f 297/297/297 296/296/296 300/300/300
f 297/297/297 300/300/300 301/301/301
f 295/295/295 294/294/294 302/302/302
f 295/295/295 302/302/302 303/303/303
f 294/294/294 291/291/291 297/297/297
f 294/294/294 297/297/297 302/302/302
f 302/302/302 297/297/297 301/301/301
f 302/302/302 301/301/301 304/304/304
f 303/303/303 302/302/302 304/304/304
f 303/303/303 304/304/304 305/305/305
f 301/301/301 300/300/300 306/306/306
f 301/301/301 306/306/306 307/307/307
f 300/300/300 299/299/299 308/308/308
f 300/300/300 308/308/308 306/306/306
f 306/306/306 308/308/308 309/309/309
f 306/306/306 309/309/309 310/310/310
f 307/307/307 306/306/306 310/310/310
f 307/307/307 310/310/310 311/311/311
f 305/305/305 304/304/304 312/312/312
f 305/305/305 312/312/312 313/313/313
f 304/304/304 301/301/301 307/307/307
f 304/304/304 307/307/307 312/312/312
f 312/312/312 307/307/307 311/311/311
f 312/312/312 311/311/311 314/314/314
f 313/313/313 312/312/312 314/314/314
f 313/313/313 314/314/314 315/315/315
f 316/316/316 317/317/317 318/318/318
f 316/316/316 318/318/318 319/319/319
f 317/317/317 295/295/295 303/303/303
f 317/317/317 303/303/303 318/318/318
f 318/318/318 303/303/303 305/305/305
f 318/318/318 305/305/305 320/320/320
f 319/319/319 318/318/318 320/320/320
f 319/319/319 320/320/320 321/321/321
f 321/321/321 320/320/320 322/322/322
f 321/321/321 322/322/322 323/323/323
f 320/320/320 305/305/305 313/313/313
f 320/320/320 313/313/313 322/322/322
f 322/322/322 313/313/313 315/315/315
f 322/322/322 315/315/315 324/324/324
f 323/323/323 322/322/322 324/324/324
f 323/323/323 324/324/324 325/325/325
f 326/326/326 327/327/327 328/328/328
f 326/326/326 328/328/328 329/329/329
f 327/327/327 321/321/321 323/323/323
f 327/327/327 323/323/323 328/328/328
f 328/328/328 323/323/323 325/325/325
f 328/328/328 325/325/325 330/330/330
f 329/329/329 328/328/328 330/330/330
f 329/329/329 330/330/330 331/331/331
f 332/332/332 333/333/333 334/334/334
f 332/332/332 334/334/334 335/335/335
f 333/333/333 316/316/316 319/319/319
f 333/333/333 319/319/319 334/334/334
f 334/334/334 319/319/319 321/321/321
f 334/334/334 321/321/321 327/327/327
f 335/335/335 334/334/334 327/327/327
f 335/335/335 327/327/327 326/326/326
f 336/336/336 337/337/337 338/338/338
f 336/336/336 338/338/338 339/339/339
f 337/337/337 326/326/326 329/329/329
f 337/337/337 329/329/329 338/338/338
f 338/338/338 329/329/329 331/331/331
f 338/338/338 331/331/331 340/340/340
f 339/339/339 338/338/338 340/340/340
f 339/339/339 340/340/340 341/341/341
f 342/342/342 343/343/343 344/344/344
f 342/342/342 344/344/344 345/345/345
f 343/343/343 332/332/332 335/335/335
f 343/343/343 335/335/335 344/344/344
f 344/344/344 335/335/335 326/326/326
f 344/344/344 326/326/326 337/337/337
f 345/345/345 344/344/344 337/337/337
f 345/345/345 337/337/337 336/336/336
f 289/289/289 346/346/346 347/347/347
f 289/289/289 347/347/347 298/298/298
f 346/346/346 342/342/342 345/345/345
f 346/346/346 345/345/345 347/347/347
f 347/347/347 345/345/345 336/336/336
f 347/347/347 336/336/336 348/348/348
f 298/298/298 347/347/347 348/348/348
f 298/298/298 348/348/348 299/299/299
f 299/299/299 348/348/348 349/349/349
f 299/299/299 349/349/349 308/308/308
f 348/348/348 336/336/336 339/339/339
f 348/348/348 339/339/339 349/349/349
f 349/349/349 339/339/339 341/341/341
f 349/349/349 341/341/341 350/350/350
f 308/308/308 349/349/349 350/350/350
f 308/308/308 350/350/350 309/309/309
f 351/351/351 352/352/352 353/353/353
f 351/351/351 353/353/353 354/354/354
f 352/352/352 355/355/355 356/356/356
f 352/352/352 356/356/356 353/353/353
f 353/353/353 356/356/356 341/341/341
f 353/353/353 341/341/341 340/340/340
f 354/354/354 353/353/353 340/340/340
f 354/354/354 340/340/340 331/331/331
f 355/355/355 357/357/357 358/358/358
f 355/355/355 358/358/358 356/356/356
f 357/357/357 359/359/359 360/360/360
f 357/357/357 360/360/360 358/358/358
f 358/358/358 360/360/360 309/309/309
f 358/358/358 309/309/309 350/350/350
f 356/356/356 358/358/358 350/350/350
f 356/356/356 350/350/350 341/341/341
f 351/351/351 361/361/361 362/362/362
f 351/351/351 362/362/362 352/352/352
f 363/363/363 364/364/364 362/362/362
f 363/363/363 362/362/362 361/361/361
f 365/365/365 366/366/366 362/362/362
f 365/365/365 362/362/362 364/364/364
f 367/367/367 368/368/368 362/362/362
f 367/367/367 362/362/362 366/366/366
f 359/359/359 357/357/357 362/362/362
f 359/359/359 362/362/362 368/368/368
f 355/355/355 352/352/352 362/362/362
f 355/355/355 362/362/362 357/357/357
f 359/359/359 368/368/368 369/369/369
f 359/359/359 369/369/369 360/360/360
f 368/368/368 367/367/367 370/370/370
f 368/368/368 370/370/370 369/369/369
f 369/369/369 370/370/370 311/311/311
f 369/369/369 311/311/311 310/310/310
f 360/360/360 369/369/369 310/310/310
f 360/360/360 310/310/310 309/309/309
f 367/367/367 366/366/366 371/371/371
f 367/367/367 371/371/371 370/370/370
f 366/366/366 365/365/365 372/372/372
f 366/366/366 372/372/372 371/371/371
f 371/371/371 372/372/372 315/315/315
f 371/371/371 315/315/315 314/314/314
f 370/370/370 371/371/371 314/314/314
f 370/370/370 314/314/314 311/311/311
f 365/365/365 364/364/364 373/373/373
f 365/365/365 373/373/373 372/372/372
f 364/364/364 363/363/363 374/374/374
f 364/364/364 374/374/374 373/373/373
f 373/373/373 374/374/374 325/325/325
f 373/373/373 325/325/325 324/324/324
f 372/372/372 373/373/373 324/324/324
f 372/372/372 324/324/324 315/315/315
f 363/363/363 361/361/361 375/375/375
f 363/363/363 375/375/375 374/374/374
f 361/361/361 351/351/351 354/354/354
f 361/361/361 354/354/354 375/375/375
f 375/375/375 354/354/354 331/331/331
f 375/375/375 331/331/331 330/330/330
f 374/374/374 375/375/375 330/330/330
f 374/374/374 330/330/330 325/325/325
f 376/376/376 377/377/377 378/378/378
f 376/376/376 378/378/378 379/379/379
f 377/377/377 380/380/380 381/381/381
f 377/377/377 381/381/381 378/378/378
f 378/378/378 381/381/381 332/332/332
f 378/378/378 332/332/332 343/343/343
f 379/379/379 378/378/378 343/343/343
f 379/379/379 343/343/343 342/342/342
f 279/279/279 382/382/382 383/383/383
f 279/279/279 383/383/383 288/288/288
f 382/382/382 376/376/376 379/379/379
f 382/382/382 379/379/379 383/383/383
f 383/383/383 379/379/379 342/342/342
f 383/383/383 342/342/342 346/346/346
f 288/288/288 383/383/383 346/346/346
f 288/288/288 346/346/346 289/289/289
f 384/384/384 385/385/385 386/386/386
f 384/384/384 386/386/386 387/387/387
f 385/385/385 388/388/388 389/389/389
f 385/385/385 389/389/389 386/386/386
f 386/386/386 389/389/389 380/380/380
f 386/386/386 380/380/380 377/377/377
f 387/387/387 386/386/386 377/377/377
f 387/387/387 377/377/377 376/376/376
f 269/269/269 390/390/390 391/391/391
f 269/269/269 391/391/391 278/278/278
f 390/390/390 384/384/384 387/387/387
f 390/390/390 387/387/387 391/391/391
f 391/391/391 387/387/387 376/376/376
f 391/391/391 376/376/376 382/382/382
f 278/278/278 391/391/391 382/382/382
f 278/278/278 382/382/382 279/279/279
f 392/392/392 393/393/393 394/394/394
f 392/392/392 394/394/394 395/395/395
f 393/393/393 396/396/396 397/397/397
f 393/393/393 397/397/397 394/394/394
f 394/394/394 397/397/397 388/388/388
f 394/394/394 388/388/388 385/385/385
f 395/395/395 394/394/394 385/385/385
f 395/395/395 385/385/385 384/384/384
f 259/259/259 398/398/398 399/399/399
f 259/259/259 399/399/399 268/268/268
f 398/398/398 392/392/392 395/395/395
f 398/398/398 395/395/395 399/399/399
f 399/399/399 395/395/395 384/384/384
f 399/399/399 384/384/384 390/390/390
f 268/268/268 399/399/399 390/390/390
f 268/268/268 390/390/390 269/269/269
f 400/400/400 401/401/401 402/402/402
f 400/400/400 402/402/402 403/403/403
f 401/401/401 404/404/404 405/405/405
f 401/401/401 405/405/405 402/402/402
f 402/402/402 405/405/405 396/396/396
f 402/402/402 396/396/396 393/393/393
f 403/403/403 402/402/402 393/393/393
f 403/403/403 393/393/393 392/392/392
f 249/249/249 406/406/406 407/407/407
f 249/249/249 407/407/407 258/258/258
f 406/406/406 400/400/400 403/403/403
f 406/406/406 403/403/403 407/407/407
f 407/407/407 403/403/403 392/392/392
f 407/407/407 392/392/392 398/398/398
f 258/258/258 407/407/407 398/398/398
f 258/258/258 398/398/398 259/259/259
f 408/408/408 409/409/409 410/410/410
f 408/408/408 410/410/410 411/411/411
f 409/409/409 412/412/412 413/413/413
f 409/409/409 413/413/413 410/410/410
f 410/410/410 413/413/413 404/404/404
f 410/410/410 404/404/404 401/401/401
f 411/411/411 410/410/410 401/401/401
f 411/411/411 401/401/401 400/400/400
f 239/239/239 414/414/414 415/415/415
f 239/239/239 415/415/415 248/248/248
f 414/414/414 408/408/408 411/411/411
f 414/414/414 411/411/411 415/415/415
f 415/415/415 411/411/411 400/400/400
f 415/415/415 400/400/400 406/406/406
f 248/248/248 415/415/415 406/406/406
f 248/248/248 406/406/406 249/249/249
f 416/416/416 417/417/417 418/418/418
f 416/416/416 418/418/418 419/419/419
f 417/417/417 420/420/420 421/421/421
f 417/417/417 421/421/421 418/418/418
f 418/418/418 421/421/421 412/412/412
f 418/418/418 412/412/412 409/409/409
f 419/419/419 418/418/418 409/409/409
f 419/419/419 409/409/409 408/408/408
f 229/229/229 422/422/422 423/423/423
f 229/229/229 423/423/423 238/238/238
f 422/422/422 416/416/416 419/419/419
f 422/422/422 419/419/419 423/423/423
f 423/423/423 419/419/419 408/408/408
f 423/423/423 408/408/408 414/414/414
f 238/238/238 423/423/423 414/414/414
f 238/238/238 414/414/414 239/239/239
f 424/424/424 425/425/425 426/426/426
f 424/424/424 426/426/426 427/427/427
f 425/425/425 428/428/428 429/429/429
f 425/425/425 429/429/429 426/426/426
f 426/426/426 429/429/429 420/420/420
f 426/426/426 420/420/420 417/417/417
f 427/427/427 426/426/426 417/417/417
f 427/427/427 417/417/417 416/416/416
f 219/219/219 430/430/430 431/431/431
f 219/219/219 431/431/431 228/228/228
f 430/430/430 424/424/424 427/427/427
f 430/430/430 427/427/427 431/431/431
f 431/431/431 427/427/427 416/416/416
f 431/431/431 416/416/416 422/422/422
f 228/228/228 431/431/431 422/422/422
f 228/228/228 422/422/422 229/229/229
f 432/432/432 433/433/433 434/434/434
f 432/432/432 434/434/434 435/435/435
f 433/433/433 436/436/436 437/437/437
f 433/433/433 437/437/437 434/434/434
f 434/434/434 437/437/437 428/428/428
f 434/434/434 428/428/428 425/425/425
f 435/435/435 434/434/434 425/425/425
f 435/435/435 425/425/425 424/424/424
f 209/209/209 438/438/438 439/439/439
f 209/209/209 439/439/439 218/218/218
f 438/438/438 432/432/432 435/435/435
f 438/438/438 435/435/435 439/439/439
f 439/439/439 435/435/435 424/424/424
f 439/439/439 424/424/424 430/430/430
f 218/218/218 439/439/439 430/430/430
f 218/218/218 430/430/430 219/219/219
f 440/440/440 441/441/441 442/442/442
f 440/440/440 442/442/442 443/443/443
f 441/441/441 444/444/444 445/445/445
f 441/441/441 445/445/445 442/442/442
f 442/442/442 445/445/445 436/436/436
f 442/442/442 436/436/436 433/433/433
f 443/443/443 442/442/442 433/433/433
f 443/443/443 433/433/433 432/432/432
f 199/199/199 446/446/446 447/447/447
f 199/199/199 447/447/447 208/208/208
f 446/446/446 440/440/440 443/443/443
f 446/446/446 443/443/443 447/447/447
f 447/447/447 443/443/443 432/432/432
f 447/447/447 432/432/432 438/438/438
f 208/208/208 447/447/447 438/438/438
f 208/208/208 438/438/438 209/209/209
f 448/448/448 449/449/449 450/450/450
f 448/448/448 450/450/450 451/451/451
f 449/449/449 452/452/452 453/453/453
f 449/449/449 453/453/453 450/450/450
f 450/450/450 453/453/453 444/444/444
f 450/450/450 444/444/444 441/441/441
f 451/451/451 450/450/450 441/441/441
f 451/451/451 441/441/441 440/440/440
f 189/189/189 454/454/454 455/455/455
f 189/189/189 455/455/455 198/198/198
f 454/454/454 448/448/448 451/451/451
f 454/454/454 451/451/451 455/455/455
f 455/455/455 451/451/451 440/440/440
f 455/455/455 440/440/440 446/446/446
f 198/198/198 455/455/455 446/446/446
f 198/198/198 446/446/446 199/199/199
f 456/456/456 457/457/457 458/458/458
f 456/456/456 458/458/458 459/459/459
f 457/457/457 460/460/460 461/461/461
f 457/457/457 461/461/461 458/458/458
f 458/458/458 461/461/461 452/452/452
f 458/458/458 452/452/452 449/449/449
f 459/459/459 458/458/458 449/449/449
f 459/459/459 449/449/449 448/448/448
f 179/179/179 462/462/462 463/463/463
f 179/179/179 463/463/463 188/188/188
f 462/462/462 456/456/456 459/459/459
f 462/462/462 459/459/459 463/463/463
f 463/463/463 459/459/459 448/448/448
f 463/463/463 448/448/448 454/454/454
f 188/188/188 463/463/463 454/454/454
f 188/188/188 454/454/454 189/189/189
f 464/464/464 465/465/465 466/466/466
f 464/464/464 466/466/466 467/467/467
f 465/465/465 468/468/468 469/469/469
f 465/465/465 469/469/469 466/466/466
f 466/466/466 469/469/469 460/460/460
f 466/466/466 460/460/460 457/457/457
f 467/467/467 466/466/466 457/457/457
f 467/467/467 457/457/457 456/456/456
f 169/169/169 470/470/470 471/471/471
f 169/169/169 471/471/471 178/178/178
f 470/470/470 464/464/464 467/467/467
f 470/470/470 467/467/467 471/471/471
f 471/471/471 467/467/467 456/456/456
f 471/471/471 456/456/456 462/462/462
f 178/178/178 471/471/471 462/462/462
f 178/178/178 462/462/462 179/179/179
f 472/472/472 473/473/473 474/474/474
f 472/472/472 474/474/474 475/475/475
f 473/473/473 476/476/476 477/477/477
f 473/473/473 477/477/477 474/474/474
f 474/474/474 477/477/477 468/468/468
f 474/474/474 468/468/468 465/465/465
f 475/475/475 474/474/474 465/465/465
f 475/475/475 465/465/465 464/464/464
f 159/159/159 478/478/478 479/479/479
f 159/159/159 479/479/479 168/168/168
f 478/478/478 472/472/472 475/475/475
f 478/478/478 475/475/475 479/479/479
f 479/479/479 475/475/475 464/464/464
f 479/479/479 464/464/464 470/470/470
f 168/168/168 479/479/479 470/470/470
f 168/168/168 470/470/470 169/169/169
f 480/480/480 481/481/481 482/482/482
f 480/480/480 482/482/482 483/483/483
f 481/481/481 484/484/484 485/485/485
f 481/481/481 485/485/485 482/482/482
f 482/482/482 485/485/485 476/476/476
f 482/482/482 476/476/476 473/473/473
f 483/483/483 482/482/482 473/473/473
f 483/483/483 473/473/473 472/472/472
f 149/149/149 486/486/486 487/487/487
f 149/149/149 487/487/487 158/158/158
f 486/486/486 480/480/480 483/483/483
f 486/486/486 483/483/483 487/487/487
f 487/487/487 483/483/483 472/472/472
f 487/487/487 472/472/472 478/478/478
f 158/158/158 487/487/487 478/478/478
f 158/158/158 478/478/478 159/159/159
f 488/488/488 489/489/489 490/490/490
f 488/488/488 490/490/490 491/491/491
f 489/489/489 492/492/492 493/493/493
f 489/489/489 493/493/493 490/490/490
f 490/490/490 493/493/493 484/484/484
f 490/490/490 484/484/484 481/481/481
f 491/491/491 490/490/490 481/481/481
f 491/491/491 481/481/481 480/480/480
f 139/139/139 494/494/494 495/495/495
f 139/139/139 495/495/495 148/148/148
f 494/494/494 488/488/488 491/491/491
f 494/494/494 491/491/491 495/495/495
f 495/495/495 491/491/491 480/480/480
f 495/495/495 480/480/480 486/486/486
f 148/148/148 495/495/495 486/486/486
f 148/148/148 486/486/486 149/149/149
f 496/496/496 497/497/497 498/498/498
f 496/496/496 498/498/498 499/499/499
f 497/497/497 500/500/500 501/501/501
f 497/497/497 501/501/501 498/498/498
f 498/498/498 501/501/501 492/492/492
f 498/498/498 492/492/492 489/489/489
f 499/499/499 498/498/498 489/489/489
f 499/499/499 489/489/489 488/488/488
f 129/129/129 502/502/502 503/503/503
f 129/129/129 503/503/503 138/138/138
f 502/502/502 496/496/496 499/499/499
f 502/502/502 499/499/499 503/503/503
f 503/503/503 499/499/499 488/488/488
f 503/503/503 488/488/488 494/494/494
f 138/138/138 503/503/503 494/494/494
f 138/138/138 494/494/494 139/139/139
f 504/504/504 505/505/505 506/506/506
f 504/504/504 506/506/506 507/507/507
f 505/505/505 508/508/508 509/509/509
f 505/505/505 509/509/509 506/506/506
f 506/506/506 509/509/509 500/500/500
f 506/506/506 500/500/500 497/497/497
f 507/507/507 506/506/506 497/497/497
f 507/507/507 497/497/497 496/496/496
f 119/119/119 510/510/510 511/511/511
f 119/119/119 511/511/511 128/128/128
f 510/510/510 504/504/504 507/507/507
f 510/510/510 507/507/507 511/511/511
f 511/511/511 507/507/507 496/496/496
f 511/511/511 496/496/496 502/502/502
f 128/128/128 511/511/511 502/502/502
f 128/128/128 502/502/502 129/129/129
f 512/512/512 513/513/513 514/514/514
f 512/512/512 514/514/514 515/515/515
f 513/513/513 516/516/516 517/517/517
f 513/513/513 517/517/517 514/514/514
f 514/514/514 517/517/517 508/508/508
f 514/514/514 508/508/508 505/505/505
f 515/515/515 514/514/514 505/505/505
f 515/515/515 505/505/505 504/504/504
f 109/109/109 518/518/518 519/519/519
f 109/109/109 519/519/519 118/118/118
f 518/518/518 512/512/512 515/515/515
f 518/518/518 515/515/515 519/519/519
f 519/519/519 515/515/515 504/504/504
f 519/519/519 504/504/504 510/510/510
f 118/118/118 519/519/519 510/510/510
f 118/118/118 510/510/510 119/119/119
f 520/520/520 521/521/521 522/522/522
f 520/520/520 522/522/522 523/523/523
f 521/521/521 524/524/524 525/525/525
f 521/521/521 525/525/525 522/522/522
f 522/522/522 525/525/525 516/516/516
f 522/522/522 516/516/516 513/513/513
f 523/523/523 522/522/522 513/513/513
f 523/523/523 513/513/513 512/512/512
f 99/99/99 526/526/526 527/527/527
f 99/99/99 527/527/527 108/108/108
f 526/526/526 520/520/520 523/523/523
f 526/526/526 523/523/523 527/527/527
f 527/527/527 523/523/523 512/512/512
f 527/527/527 512/512/512 518/518/518
f 108/108/108 527/527/527 518/518/518
f 108/108/108 518/518/518 109/109/109
f 528/528/528 529/529/529 530/530/530
f 528/528/528 530/530/530 531/531/531
f 529/529/529 532/532/532 533/533/533
f 529/529/529 533/533/533 530/530/530
f 530/530/530 533/533/533 524/524/524
f 530/530/530 524/524/524 521/521/521
f 531/531/531 530/530/530 521/521/521
f 531/531/531 521/521/521 520/520/520
f 89/89/89 534/534/534 535/535/535
f 89/89/89 535/535/535 98/98/98
f 534/534/534 528/528/528 531/531/531
f 534/534/534 531/531/531 535/535/535
f 535/535/535 531/531/531 520/520/520
f 535/535/535 520/520/520 526/526/526
f 98/98/98 535/535/535 526/526/526
f 98/98/98 526/526/526 99/99/99
f 53/53/53 52/52/52 536/536/536
f 53/53/53 536/536/536 537/537/537
f 52/52/52 43/43/43 538/538/538
f 52/52/52 538/538/538 536/536/536
f 536/536/536 538/538/538 532/532/532
f 536/536/536 532/532/532 529/529/529
f 537/537/537 536/536/536 529/529/529
f 537/537/537 529/529/529 528/528/528
f 59/59/59 58/58/58 539/539/539
f 59/59/59 539/539/539 88/88/88
f 58/58/58 53/53/53 537/537/537
f 58/58/58 537/537/537 539/539/539
f 539/539/539 537/537/537 528/528/528
f 539/539/539 528/528/528 534/534/534
f 88/88/88 539/539/539 534/534/534
f 88/88/88 534/534/534 89/89/89
f 532/532/532 540/540/540 541/541/541
f 532/532/532 541/541/541 533/533/533
f 540/540/540 542/542/542 543/543/543
f 540/540/540 543/543/543 541/541/541
f 541/541/541 543/543/543 544/544/544
f 541/541/541 544/544/544 545/545/545
f 533/533/533 541/541/541 545/545/545
f 533/533/533 545/545/545 524/524/524
f 43/43/43 42/42/42 546/546/546
f 43/43/43 546/546/546 538/538/538
f 42/42/42 39/39/39 547/547/547
f 42/42/42 547/547/547 546/546/546
f 546/546/546 547/547/547 542/542/542
f 546/546/546 542/542/542 540/540/540
f 538/538/538 546/546/546 540/540/540
f 538/538/538 540/540/540 532/532/532
f 542/542/542 548/548/548 549/549/549
f 542/542/542 549/549/549 543/543/543
f 548/548/548 95/95/95 103/103/103
f 548/548/548 103/103/103 549/549/549
f 549/549/549 103/103/103 105/105/105
f 549/549/549 105/105/105 550/550/550
f 543/543/543 549/549/549 550/550/550
f 543/543/543 550/550/550 544/544/544
f 39/39/39 38/38/38 551/551/551
f 39/39/39 551/551/551 547/547/547
f 38/38/38 37/37/37 93/93/93
f 38/38/38 93/93/93 551/551/551
f 551/551/551 93/93/93 95/95/95
f 551/551/551 95/95/95 548/548/548
f 547/547/547 551/551/551 548/548/548
f 547/547/547 548/548/548 542/542/542
f 524/524/524 545/545/545 552/552/552
f 524/524/524 552/552/552 525/525/525
f 545/545/545 544/544/544 553/553/553
f 545/545/545 553/553/553 552/552/552
f 552/552/552 553/553/553 554/554/554
f 552/552/552 554/554/554 555/555/555
f 525/525/525 552/552/552 555/555/555
f 525/525/525 555/555/555 516/516/516
f 544/544/544 550/550/550 556/556/556
f 544/544/544 556/556/556 553/553/553
f 550/550/550 105/105/105 113/113/113
f 550/550/550 113/113/113 556/556/556
f 556/556/556 113/113/113 115/115/115
f 556/556/556 115/115/115 557/557/557
f 553/553/553 556/556/556 557/557/557
f 553/553/553 557/557/557 554/554/554
f 516/516/516 555/555/555 558/558/558
f 516/516/516 558/558/558 517/517/517
f 555/555/555 554/554/554 559/559/559
f 555/555/555 559/559/559 558/558/558
f 558/558/558 559/559/559 560/560/560
f 558/558/558 560/560/560 561/561/561
f 517/517/517 558/558/558 561/561/561
f 517/517/517 561/561/561 508/508/508
f 554/554/554 557/557/557 562/562/562
f 554/554/554 562/562/562 559/559/559
f 557/557/557 115/115/115 123/123/123
f 557/557/557 123/123/123 562/562/562
f 562/562/562 123/123/123 125/125/125
f 562/562/562 125/125/125 563/563/563
f 559/559/559 562/562/562 563/563/563
f 559/559/559 563/563/563 560/560/560
f 508/508/508 561/561/561 564/564/564
f 508/508/508 564/564/564 509/509/509
f 561/561/561 560/560/560 565/565/565
f 561/561/561 565/565/565 564/564/564
f 564/564/564 565/565/565 566/566/566
f 564/564/564 566/566/566 567/567/567
f 509/509/509 564/564/564 567/567/567
f 509/509/509 567/567/567 500/500/500
f 560/560/560 563/563/563 568/568/568
f 560/560/560 568/568/568 565/565/565
f 563/563/563 125/125/125 133/133/133
f 563/563/563 133/133/133 568/568/568
f 568/568/568 133/133/133 135/135/135
f 568/568/568 135/135/135 569/569/569
f 565/565/565 568/568/568 569/569/569
f 565/565/565 569/569/569 566/566/566
f 500/500/500 567/567/567 570/570/570
f 500/500/500 570/570/570 501/501/501
f 567/567/567 566/566/566 571/571/571
f 567/567/567 571/571/571 570/570/570
f 570/570/570 571/571/571 572/572/572
f 570/570/570 572/572/572 573/573/573
f 501/501/501 570/570/570 573/573/573
f 501/501/501 573/573/573 492/492/492
f 566/566/566 569/569/569 574/574/574
f 566/566/566 574/574/574 571/571/571
f 569/569/569 135/135/135 143/143/143
f 569/569/569 143/143/143 574/574/574
f 574/574/574 143/143/143 145/145/145
f 574/574/574 145/145/145 575/575/575
f 571/571/571 574/574/574 575/575/575
f 571/571/571 575/575/575 572/572/572
f 492/492/492 573/573/573 576/576/576
f 492/492/492 576/576/576 493/493/493
f 573/573/573 572/572/572 577/577/577
f 573/573/573 577/577/577 576/576/576
f 576/576/576 577/577/577 578/578/578
f 576/576/576 578/578/578 579/579/579
f 493/493/493 576/576/576 579/579/579
f 493/493/493 579/579/579 484/484/484
f 572/572/572 575/575/575 580/580/580
f 572/572/572 580/580/580 577/577/577
f 575/575/575 145/145/145 153/153/153
f 575/575/575 153/153/153 580/580/580
f 580/580/580 153/153/153 155/155/155
f 580/580/580 155/155/155 581/581/581
f 577/577/577 580/580/580 581/581/581
f 577/577/577 581/581/581 578/578/578
f 484/484/484 579/579/579 582/582/582
f 484/484/484 582/582/582 485/485/485
f 579/579/579 578/578/578 583/583/583
f 579/579/579 583/583/583 582/582/582
f 582/582/582 583/583/583 584/584/584
f 582/582/582 584/584/584 585/585/585
f 485/485/485 582/582/582 585/585/585
f 485/485/485 585/585/585 476/476/476
f 578/578/578 581/581/581 586/586/586
f 578/578/578 586/586/586 583/583/583
f 581/581/581 155/155/155 163/163/163
f 581/581/581 163/163/163 586/586/586
f 586/586/586 163/163/163 165/165/165
f 586/586/586 165/165/165 587/587/587
f 583/583/583 586/586/586 587/587/587
f 583/583/583 587/587/587 584/584/584
f 476/476/476 585/585/585 588/588/588
f 476/476/476 588/588/588 477/477/477
f 585/585/585 584/584/584 589/589/589
f 585/585/585 589/589/589 588/588/588
f 588/588/588 589/589/589 590/590/590
f 588/588/588 590/590/590 591/591/591
f 477/477/477 588/588/588 591/591/591
f 477/477/477 591/591/591 468/468/468
f 584/584/584 587/587/587 592/592/592
f 584/584/584 592/592/592 589/589/589
f 587/587/587 165/165/165 173/173/173
f 587/587/587 173/173/173 592/592/592
f 592/592/592 173/173/173 175/175/175
f 592/592/592 175/175/175 593/593/593
f 589/589/589 592/592/592 593/593/593
f 589/589/589 593/593/593 590/590/590
f 468/468/468 591/591/591 594/594/594
f 468/468/468 594/594/594 469/469/469
f 591/591/591 590/590/590 595/595/595
f 591/591/591 595/595/595 594/594/594
f 594/594/594 595/595/595 596/596/596
f 594/594/594 596/596/596 597/597/597
f 469/469/469 594/594/594 597/597/597
f 469/469/469 597/597/597 460/460/460
f 590/590/590 593/593/593 598/598/598
f 590/590/590 598/598/598 595/595/595
f 593/593/593 175/175/175 183/183/183
f 593/593/593 183/183/183 598/598/598
f 598/598/598 183/183/183 185/185/185
f 598/598/598 185/185/185 599/599/599
f 595/595/595 598/598/598 599/599/599
f 595/595/595 599/599/599 596/596/596
f 460/460/460 597/597/597 600/600/600
f 460/460/460 600/600/600 461/461/461
f 597/597/597 596/596/596 601/601/601
f 597/597/597 601/601/601 600/600/600
f 600/600/600 601/601/601 602/602/602
f 600/600/600 602/602/602 603/603/603
f 461/461/461 600/600/600 603/603/603
f 461/461/461 603/603/603 452/452/452
f 596/596/596 599/599/599 604/604/604
f 596/596/596 604/604/604 601/601/601
f 599/599/599 185/185/185 193/193/193
f 599/599/599 193/193/193 604/604/604
f 604/604/604 193/193/193 195/195/195
f 604/604/604 195/195/195 605/605/605
f 601/601/601 604/604/604 605/605/605
f 601/601/601 605/605/605 602/602/602
f 452/452/452 603/603/603 606/606/606
f 452/452/452 606/606/606 453/453/453
f 603/603/603 602/602/602 607/607/607
f 603/603/603 607/607/607 606/606/606
f 606/606/606 607/607/607 608/608/608
f 606/606/606 608/608/608 609/609/609
f 453/453/453 606/606/606 609/609/609
f 453/453/453 609/609/609 444/444/444
f 602/602/602 605/605/605 610/610/610
f 602/602/602 610/610/610 607/607/607
f 605/605/605 195/195/195 203/203/203
f 605/605/605 203/203/203 610/610/610
f 610/610/610 203/203/203 205/205/205
f 610/610/610 205/205/205 611/611/611
f 607/607/607 610/610/610 611/611/611
f 607/607/607 611/611/611 608/608/608
f 444/444/444 609/609/609 612/612/612
f 444/444/444 612/612/612 445/445/445
f 609/609/609 608/608/608 613/613/613
f 609/609/609 613/613/613 612/612/612
f 612/612/612 613/613/613 614/614/614
f 612/612/612 614/614/614 615/615/615
f 445/445/445 612/612/612 615/615/615
f 445/445/445 615/615/615 436/436/436
f 608/608/608 611/611/611 616/616/616
f 608/608/608 616/616/616 613/613/613
f 611/611/611 205/205/205 213/213/213
f 611/611/611 213/213/213 616/616/616
f 616/616/616 213/213/213 215/215/215
f 616/616/616 215/215/215 617/617/617
f 613/613/613 616/616/616 617/617/617
f 613/613/613 617/617/617 614/614/614
f 436/436/436 615/615/615 618/618/618
f 436/436/436 618/618/618 437/437/437
f 615/615/615 614/614/614 619/619/619
f 615/615/615 619/619/619 618/618/618
f 618/618/618 619/619/619 620/620/620
f 618/618/618 620/620/620 621/621/621
f 437/437/437 618/618/618 621/621/621
f 437/437/437 621/621/621 428/428/428
f 614/614/614 617/617/617 622/622/622
f 614/614/614 622/622/622 619/619/619
f 617/617/617 215/215/215 223/223/223
f 617/617/617 223/223/223 622/622/622
f 622/622/622 223/223/223 225/225/225
f 622/622/622 225/225/225 623/623/623
f 619/619/619 622/622/622 623/623/623
f 619/619/619 623/623/623 620/620/620
f 428/428/428 621/621/621 624/624/624
f 428/428/428 624/624/624 429/429/429
f 621/621/621 620/620/620 625/625/625
f 621/621/621 625/625/625 624/624/624
f 624/624/624 625/625/625 626/626/626
f 624/624/624 626/626/626 627/627/627
f 429/429/429 624/624/624 627/627/627
f 429/429/429 627/627/627 420/420/420
f 620/620/620 623/623/623 628/628/628
f 620/620/620 628/628/628 625/625/625
f 623/623/623 225/225/225 233/233/233
f 623/623/623 233/233/233 628/628/628
f 628/628/628 233/233/233 235/235/235
f 628/628/628 235/235/235 629/629/629
f 625/625/625 628/628/628 629/629/629
f 625/625/625 629/629/629 626/626/626
f 420/420/420 627/627/627 630/630/630
f 420/420/420 630/630/630 421/421/421
f 627/627/627 626/626/626 631/631/631
f 627/627/627 631/631/631 630/630/630
f 630/630/630 631/631/631 632/632/632
f 630/630/630 632/632/632 633/633/633
f 421/421/421 630/630/630 633/633/633
f 421/421/421 633/633/633 412/412/412
f 626/626/626 629/629/629 634/634/634
f 626/626/626 634/634/634 631/631/631
f 629/629/629 235/235/235 243/243/243
f 629/629/629 243/243/243 634/634/634
f 634/634/634 243/243/243 245/245/245
f 634/634/634 245/245/245 635/635/635
f 631/631/631 634/634/634 635/635/635
f 631/631/631 635/635/635 632/632/632
f 412/412/412 633/633/633 636/636/636
f 412/412/412 636/636/636 413/413/413
f 633/633/633 632/632/632 637/637/637
f 633/633/633 637/637/637 636/636/636
f 636/636/636 637/637/637 638/638/638
f 636/636/636 638/638/638 639/639/639
f 413/413/413 636/636/636 639/639/639
f 413/413/413 639/639/639 404/404/404
f 632/632/632 635/635/635 640/640/640
f 632/632/632 640/640/640 637/637/637
f 635/635/635 245/245/245 253/253/253
f 635/635/635 253/253/253 640/640/640
f 640/640/640 253/253/253 255/255/255
f 640/640/640 255/255/255 641/641/641
f 637/637/637 640/640/640 641/641/641
f 637/637/637 641/641/641 638/638/638
f 404/404/404 639/639/639 642/642/642
f 404/404/404 642/642/642 405/405/405
f 639/639/639 638/638/638 643/643/643
f 639/639/639 643/643/643 642/642/642
f 642/642/642 643/643/643 644/644/644
f 642/642/642 644/644/644 645/645/645
f 405/405/405 642/642/642 645/645/645
f 405/405/405 645/645/645 396/396/396
f 638/638/638 641/641/641 646/646/646
f 638/638/638 646/646/646 643/643/643
f 641/641/641 255/255/255 263/263/263
f 641/641/641 263/263/263 646/646/646
f 646/646/646 263/263/263 265/265/265
f 646/646/646 265/265/265 647/647/647
f 643/643/643 646/646/646 647/647/647
f 643/643/643 647/647/647 644/644/644
f 396/396/396 645/645/645 648/648/648
f 396/396/396 648/648/648 397/397/397
f 645/645/645 644/644/644 649/649/649
f 645/645/645 649/649/649 648/648/648
f 648/648/648 649/649/649 650/650/650
f 648/648/648 650/650/650 651/651/651
f 397/397/397 648/648/648 651/651/651
f 397/397/397 651/651/651 388/388/388
f 644/644/644 647/647/647 652/652/652
f 644/644/644 652/652/652 649/649/649
f 647/647/647 265/265/265 273/273/273
f 647/647/647 273/273/273 652/652/652
f 652/652/652 273/273/273 275/275/275
f 652/652/652 275/275/275 653/653/653
f 649/649/649 652/652/652 653/653/653
f 649/649/649 653/653/653 650/650/650
f 388/388/388 651/651/651 654/654/654
f 388/388/388 654/654/654 389/389/389
f 651/651/651 650/650/650 655/655/655
f 651/651/651 655/655/655 654/654/654
f 654/654/654 655/655/655 656/656/656
f 654/654/654 656/656/656 657/657/657
f 389/389/389 654/654/654 657/657/657
f 389/389/389 657/657/657 380/380/380
f 650/650/650 653/653/653 658/658/658
f 650/650/650 658/658/658 655/655/655
f 653/653/653 275/275/275 283/283/283
f 653/653/653 283/283/283 658/658/658
f 658/658/658 283/283/283 285/285/285
f 658/658/658 285/285/285 659/659/659
f 655/655/655 658/658/658 659/659/659
f 655/655/655 659/659/659 656/656/656
f 380/380/380 657/657/657 660/660/660
f 380/380/380 660/660/660 381/381/381
f 657/657/657 656/656/656 661/661/661
f 657/657/657 661/661/661 660/660/660
f 660/660/660 661/661/661 316/316/316
f 660/660/660 316/316/316 333/333/333
f 381/381/381 660/660/660 333/333/333
f 381/381/381 333/333/333 332/332/332
f 656/656/656 659/659/659 662/662/662
f 656/656/656 662/662/662 661/661/661
f 659/659/659 285/285/285 293/293/293
f 659/659/659 293/293/293 662/662/662
f 662/662/662 293/293/293 295/295/295
f 662/662/662 295/295/295 317/317/317
f 661/661/661 662/662/662 317/317/317
f 661/661/661 317/317/317 316/316/316
f 663/663/663 664/664/664 665/665/665
f 663/663/663 665/665/665 666/666/666
f 664/664/664 663/663/663 667/667/667
f 664/664/664 667/667/667 668/668/668
f 664/664/664 668/668/668 669/669/669
f 664/664/664 669/669/669 665/665/665
f 665/665/665 669/669/669 670/670/670
f 665/665/665 670/670/670 671/671/671
f 666/666/666 665/665/665 671/671/671
f 666/666/666 671/671/671 672/672/672
f 668/668/668 673/673/673 674/674/674
f 668/668/668 674/674/674 669/669/669
f 669/669/669 674/674/674 675/675/675
f 669/669/669 675/675/675 670/670/670
f 670/670/670 675/675/675 676/676/676
f 670/670/670 676/676/676 677/677/677
f 671/671/671 670/670/670 677/677/677
f 671/671/671 677/677/677 678/678/678
f 677/677/677 676/676/676 679/679/679
f 677/677/677 679/679/679 680/680/680
f 678/678/678 677/677/677 680/680/680
f 678/678/678 680/680/680 681/681/681
f 672/672/672 671/671/671 678/678/678
f 672/672/672 678/678/678 682/682/682
f 682/682/682 678/678/678 681/681/681
f 682/682/682 681/681/681 683/683/683
f 684/684/684 672/672/672 682/682/682
f 684/684/684 682/682/682 685/685/685
f 685/685/685 682/682/682 683/683/683
f 685/685/685 683/683/683 686/686/686
f 687/687/687 685/685/685 686/686/686
f 687/687/687 686/686/686 688/688/688
f 689/689/689 684/684/684 685/685/685
f 689/689/689 685/685/685 687/687/687
f 690/690/690 689/689/689 687/687/687
f 690/690/690 687/687/687 691/691/691
f 691/691/691 687/687/687 688/688/688
f 691/691/691 688/688/688 692/692/692
f 693/693/693 690/690/690 691/691/691
f 693/693/693 691/691/691 694/694/694
f 694/694/694 691/691/691 692/692/692
f 694/694/694 692/692/692 695/695/695
f 696/696/696 693/693/693 694/694/694
f 696/696/696 694/694/694 697/697/697
f 697/697/697 694/694/694 695/695/695
f 697/697/697 695/695/695 698/698/698
f 699/699/699 697/697/697 698/698/698
f 699/699/699 698/698/698 700/700/700
f 701/701/701 696/696/696 697/697/697
f 701/701/701 697/697/697 699/699/699
f 702/702/702 701/701/701 699/699/699
f 702/702/702 699/699/699 703/703/703
f 703/703/703 699/699/699 700/700/700
f 703/703/703 700/700/700 704/704/704
f 705/705/705 702/702/702 703/703/703
f 705/705/705 703/703/703 706/706/706
f 706/706/706 703/703/703 704/704/704
f 706/706/706 704/704/704 707/707/707
f 675/675/675 705/705/705 706/706/706
f 675/675/675 706/706/706 676/676/676
f 676/676/676 706/706/706 707/707/707
f 676/676/676 707/707/707 679/679/679
f 679/679/679 707/707/707 708/708/708
f 679/679/679 708/708/708 709/709/709
f 707/707/707 704/704/704 710/710/710
f 707/707/707 710/710/710 708/708/708
f 708/708/708 710/710/710 711/711/711
f 708/708/708 711/711/711 712/712/712
f 709/709/709 708/708/708 712/712/712
f 709/709/709 712/712/712 713/713/713
f 680/680/680 679/679/679 709/709/709
f 680/680/680 709/709/709 714/714/714
f 714/714/714 709/709/709 713/713/713
f 714/714/714 713/713/713 715/715/715
f 681/681/681 680/680/680 714/714/714
f 681/681/681 714/714/714 716/716/716
f 716/716/716 714/714/714 715/715/715
f 716/716/716 715/715/715 717/717/717
f 683/683/683 681/681/681 716/716/716
f 683/683/683 716/716/716 718/718/718
f 718/718/718 716/716/716 717/717/717
f 718/718/718 717/717/717 719/719/719
f 686/686/686 683/683/683 718/718/718
f 686/686/686 718/718/718 720/720/720
f 720/720/720 718/718/718 719/719/719
f 720/720/720 719/719/719 721/721/721
f 722/722/722 720/720/720 721/721/721
f 722/722/722 721/721/721 723/723/723
f 688/688/688 686/686/686 720/720/720
f 688/688/688 720/720/720 722/722/722
f 692/692/692 688/688/688 722/722/722
f 692/692/692 722/722/722 724/724/724
f 724/724/724 722/722/722 723/723/723
f 724/724/724 723/723/723 725/725/725
f 726/726/726 724/724/724 725/725/725
f 726/726/726 725/725/725 727/727/727
f 695/695/695 692/692/692 724/724/724
f 695/695/695 724/724/724 726/726/726
f 698/698/698 695/695/695 726/726/726
f 698/698/698 726/726/726 728/728/728
f 728/728/728 726/726/726 727/727/727
f 728/728/728 727/727/727 729/729/729
f 700/700/700 698/698/698 728/728/728
f 700/700/700 728/728/728 730/730/730
f 730/730/730 728/728/728 729/729/729
f 730/730/730 729/729/729 731/731/731
f 704/704/704 700/700/700 730/730/730
f 704/704/704 730/730/730 710/710/710
f 710/710/710 730/730/730 731/731/731
f 710/710/710 731/731/731 711/711/711
f 711/711/711 731/731/731 732/732/732
f 711/711/711 732/732/732 733/733/733
f 731/731/731 729/729/729 734/734/734
f 731/731/731 734/734/734 732/732/732
f 732/732/732 734/734/734 735/735/735
f 732/732/732 735/735/735 736/736/736
f 733/733/733 732/732/732 736/736/736
f 733/733/733 736/736/736 737/737/737
f 712/712/712 711/711/711 733/733/733
f 712/712/712 733/733/733 738/738/738
f 738/738/738 733/733/733 737/737/737
f 738/738/738 737/737/737 739/739/739
f 713/713/713 712/712/712 738/738/738
f 713/713/713 738/738/738 740/740/740
f 740/740/740 738/738/738 739/739/739
f 740/740/740 739/739/739 741/741/741
f 742/742/742 740/740/740 741/741/741
f 742/742/742 741/741/741 743/743/743
f 715/715/715 713/713/713 740/740/740
f 715/715/715 740/740/740 742/742/742
f 717/717/717 715/715/715 742/742/742
f 717/717/717 742/742/742 744/744/744
f 744/744/744 742/742/742 743/743/743
f 744/744/744 743/743/743 745/745/745
f 719/719/719 717/717/717 744/744/744
f 719/719/719 744/744/744 746/746/746
f 746/746/746 744/744/744 745/745/745
f 746/746/746 745/745/745 747/747/747
f 721/721/721 719/719/719 746/746/746
f 721/721/721 746/746/746 748/748/748
f 748/748/748 746/746/746 747/747/747
f 748/748/748 747/747/747 749/749/749
f 750/750/750 748/748/748 749/749/749
f 750/750/750 749/749/749 751/751/751
f 723/723/723 721/721/721 748/748/748
f 723/723/723 748/748/748 750/750/750
f 725/725/725 723/723/723 750/750/750
f 725/725/725 750/750/750 752/752/752
f 752/752/752 750/750/750 751/751/751
f 752/752/752 751/751/751 753/753/753
f 727/727/727 725/725/725 752/752/752
f 727/727/727 752/752/752 754/754/754
f 754/754/754 752/752/752 753/753/753
f 754/754/754 753/753/753 755/755/755
f 729/729/729 727/727/727 754/754/754
f 729/729/729 754/754/754 734/734/734
f 734/734/734 754/754/754 755/755/755
f 734/734/734 755/755/755 735/735/735
f 735/735/735 755/755/755 756/756/756
f 735/735/735 756/756/756 757/757/757
f 755/755/755 753/753/753 758/758/758
f 755/755/755 758/758/758 756/756/756
f 756/756/756 758/758/758 759/759/759
f 756/756/756 759/759/759 760/760/760
f 757/757/757 756/756/756 760/760/760
f 757/757/757 760/760/760 761/761/761
f 736/736/736 735/735/735 757/757/757
f 736/736/736 757/757/757 762/762/762
f 762/762/762 757/757/757 761/761/761
f 762/762/762 761/761/761 763/763/763
f 737/737/737 736/736/736 762/762/762
f 737/737/737 762/762/762 764/764/764
f 764/764/764 762/762/762 763/763/763
f 764/764/764 763/763/763 765/765/765
f 766/766/766 764/764/764 765/765/765
f 766/766/766 765/765/765 767/767/767
f 739/739/739 737/737/737 764/764/764
f 739/739/739 764/764/764 766/766/766
f 741/741/741 739/739/739 766/766/766
f 741/741/741 766/766/766 768/768/768
f 768/768/768 766/766/766 767/767/767
f 768/768/768 767/767/767 769/769/769
f 743/743/743 741/741/741 768/768/768
f 743/743/743 768/768/768 770/770/770
f 770/770/770 768/768/768 769/769/769
f 770/770/770 769/769/769 771/771/771
f 745/745/745 743/743/743 770/770/770
f 745/745/745 770/770/770 772/772/772
f 772/772/772 770/770/770 771/771/771
f 772/772/772 771/771/771 773/773/773
f 774/774/774 772/772/772 773/773/773
f 774/774/774 773/773/773 775/775/775
f 747/747/747 745/745/745 772/772/772
f 747/747/747 772/772/772 774/774/774
f 749/749/749 747/747/747 774/774/774
f 749/749/749 774/774/774 776/776/776
f 776/776/776 774/774/774 775/775/775
f 776/776/776 775/775/775 777/777/777
f 751/751/751 749/749/749 776/776/776
f 751/751/751 776/776/776 778/778/778
f 778/778/778 776/776/776 777/777/777
f 778/778/778 777/777/777 779/779/779
f 753/753/753 751/751/751 778/778/778
f 753/753/753 778/778/778 758/758/758
f 758/758/758 778/778/778 779/779/779
f 758/758/758 779/779/779 759/759/759
f 759/759/759 779/779/779 780/780/780
f 759/759/759 780/780/780 781/781/781
f 779/779/779 777/777/777 782/782/782
f 779/779/779 782/782/782 780/780/780
f 780/780/780 782/782/782 783/783/783
f 780/780/780 783/783/783 784/784/784
f 781/781/781 780/780/780 784/784/784
f 781/781/781 784/784/784 785/785/785
f 760/760/760 759/759/759 781/781/781
f 760/760/760 781/781/781 786/786/786
f 786/786/786 781/781/781 785/785/785
f 786/786/786 785/785/785 787/787/787
f 761/761/761 760/760/760 786/786/786
f 761/761/761 786/786/786 788/788/788
f 788/788/788 786/786/786 787/787/787
f 788/788/788 787/787/787 789/789/789
f 790/790/790 788/788/788 789/789/789
f 790/790/790 789/789/789 791/791/791
f 763/763/763 761/761/761 788/788/788
f 763/763/763 788/788/788 790/790/790
f 765/765/765 763/763/763 790/790/790
f 765/765/765 790/790/790 792/792/792
f 792/792/792 790/790/790 791/791/791
f 792/792/792 791/791/791 793/793/793
f 767/767/767 765/765/765 792/792/792
f 767/767/767 792/792/792 794/794/794
f 794/794/794 792/792/792 793/793/793
f 794/794/794 793/793/793 795/795/795
f 769/769/769 767/767/767 794/794/794
f 769/769/769 794/794/794 796/796/796
f 796/796/796 794/794/794 795/795/795
f 796/796/796 795/795/795 797/797/797
f 798/798/798 796/796/796 797/797/797
f 798/798/798 797/797/797 799/799/799
f 771/771/771 769/769/769 796/796/796
f 771/771/771 796/796/796 798/798/798
f 773/773/773 771/771/771 798/798/798
f 773/773/773 798/798/798 800/800/800
f 800/800/800 798/798/798 799/799/799
f 800/800/800 799/799/799 801/801/801
f 775/775/775 773/773/773 800/800/800
f 775/775/775 800/800/800 802/802/802
f 802/802/802 800/800/800 801/801/801
f 802/802/802 801/801/801 803/803/803
f 777/777/777 775/775/775 802/802/802
f 777/777/777 802/802/802 782/782/782
f 782/782/782 802/802/802 803/803/803
f 782/782/782 803/803/803 783/783/783
f 783/783/783 803/803/803 804/804/804
f 783/783/783 804/804/804 805/805/805
f 803/803/803 801/801/801 806/806/806
f 803/803/803 806/806/806 804/804/804
f 804/804/804 806/806/806 807/807/807
f 804/804/804 807/807/807 808/808/808
f 805/805/805 804/804/804 808/808/808
f 805/805/805 808/808/808 809/809/809
f 784/784/784 783/783/783 805/805/805
f 784/784/784 805/805/805 810/810/810
f 810/810/810 805/805/805 809/809/809
f 810/810/810 809/809/809 811/811/811
f 785/785/785 784/784/784 810/810/810
f 785/785/785 810/810/810 812/812/812
f 812/812/812 810/810/810 811/811/811
f 812/812/812 811/811/811 813/813/813
f 814/814/814 812/812/812 813/813/813
f 814/814/814 813/813/813 815/815/815
f 787/787/787 785/785/785 812/812/812
f 787/787/787 812/812/812 814/814/814
f 789/789/789 787/787/787 814/814/814
f 789/789/789 814/814/814 816/816/816
f 816/816/816 814/814/814 815/815/815
f 816/816/816 815/815/815 817/817/817
f 791/791/791 789/789/789 816/816/816
f 791/791/791 816/816/816 818/818/818
f 818/818/818 816/816/816 817/817/817
f 818/818/818 817/817/817 819/819/819
f 793/793/793 791/791/791 818/818/818
f 793/793/793 818/818/818 820/820/820
f 820/820/820 818/818/818 819/819/819
f 820/820/820 819/819/819 821/821/821
f 822/822/822 820/820/820 821/821/821
f 822/822/822 821/821/821 823/823/823
f 795/795/795 793/793/793 820/820/820
f 795/795/795 820/820/820 822/822/822
f 797/797/797 795/795/795 822/822/822
f 797/797/797 822/822/822 824/824/824
f 824/824/824 822/822/822 823/823/823
f 824/824/824 823/823/823 825/825/825
f 799/799/799 797/797/797 824/824/824
f 799/799/799 824/824/824 826/826/826
f 826/826/826 824/824/824 825/825/825
f 826/826/826 825/825/825 827/827/827
f 801/801/801 799/799/799 826/826/826
f 801/801/801 826/826/826 806/806/806
f 806/806/806 826/826/826 827/827/827
f 806/806/806 827/827/827 807/807/807
f 807/807/807 827/827/827 828/828/828
f 807/807/807 828/828/828 829/829/829
f 827/827/827 825/825/825 830/830/830
f 827/827/827 830/830/830 828/828/828
f 828/828/828 830/830/830 831/831/831
f 828/828/828 831/831/831 832/832/832
f 829/829/829 828/828/828 832/832/832
f 829/829/829 832/832/832 833/833/833
f 808/808/808 807/807/807 829/829/829
f 808/808/808 829/829/829 834/834/834
f 834/834/834 829/829/829 833/833/833
f 834/834/834 833/833/833 835/835/835
f 809/809/809 808/808/808 834/834/834
f 809/809/809 834/834/834 836/836/836
f 836/836/836 834/834/834 835/835/835
f 836/836/836 835/835/835 837/837/837
f 838/838/838 836/836/836 837/837/837
f 838/838/838 837/837/837 839/839/839
f 811/811/811 809/809/809 836/836/836
f 811/811/811 836/836/836 838/838/838
f 813/813/813 811/811/811 838/838/838
f 813/813/813 838/838/838 840/840/840
f 840/840/840 838/838/838 839/839/839
f 840/840/840 839/839/839 841/841/841
f 815/815/815 813/813/813 840/840/840
f 815/815/815 840/840/840 842/842/842
f 842/842/842 840/840/840 841/841/841
f 842/842/842 841/841/841 843/843/843
f 817/817/817 815/815/815 842/842/842
f 817/817/817 842/842/842 844/844/844
f 844/844/844 842/842/842 843/843/843
f 844/844/844 843/843/843 845/845/845
f 846/846/846 844/844/844 845/845/845
f 846/846/846 845/845/845 847/847/847
f 819/819/819 817/817/817 844/844/844
f 819/819/819 844/844/844 846/846/846
f 821/821/821 819/819/819 846/846/846
f 821/821/821 846/846/846 848/848/848
f 848/848/848 846/846/846 847/847/847
f 848/848/848 847/847/847 849/849/849
f 823/823/823 821/821/821 848/848/848
f 823/823/823 848/848/848 850/850/850
f 850/850/850 848/848/848 849/849/849
f 850/850/850 849/849/849 851/851/851
f 825/825/825 823/823/823 850/850/850
f 825/825/825 850/850/850 830/830/830
f 830/830/830 850/850/850 851/851/851
f 830/830/830 851/851/851 831/831/831
f 851/851/851 849/849/849 852/852/852
f 851/851/851 852/852/852 853/853/853
f 831/831/831 851/851/851 853/853/853
f 831/831/831 853/853/853 854/854/854
f 853/853/853 852/852/852 855/855/855
f 853/853/853 855/855/855 856/856/856
f 854/854/854 853/853/853 856/856/856
f 854/854/854 856/856/856 857/857/857
f 858/858/858 854/854/854 857/857/857
f 858/858/858 857/857/857 859/859/859
f 832/832/832 831/831/831 854/854/854
f 832/832/832 854/854/854 858/858/858
f 833/833/833 832/832/832 858/858/858
f 833/833/833 858/858/858 860/860/860
f 860/860/860 858/858/858 859/859/859
f 860/860/860 859/859/859 861/861/861
f 835/835/835 833/833/833 860/860/860
f 835/835/835 860/860/860 862/862/862
f 862/862/862 860/860/860 861/861/861
f 862/862/862 861/861/861 863/863/863
f 837/837/837 835/835/835 862/862/862
f 837/837/837 862/862/862 864/864/864
f 864/864/864 862/862/862 863/863/863
f 864/864/864 863/863/863 865/865/865
f 866/866/866 864/864/864 865/865/865
f 866/866/866 865/865/865 867/867/867
f 839/839/839 837/837/837 864/864/864
f 839/839/839 864/864/864 866/866/866
f 841/841/841 839/839/839 866/866/866
f 841/841/841 866/866/866 868/868/868
f 868/868/868 866/866/866 867/867/867
f 868/868/868 867/867/867 869/869/869
f 843/843/843 841/841/841 868/868/868
f 843/843/843 868/868/868 870/870/870
f 870/870/870 868/868/868 869/869/869
f 870/870/870 869/869/869 871/871/871
f 845/845/845 843/843/843 870/870/870
f 845/845/845 870/870/870 872/872/872
f 872/872/872 870/870/870 871/871/871
f 872/872/872 871/871/871 873/873/873
f 874/874/874 872/872/872 873/873/873
f 874/874/874 873/873/873 875/875/875
f 847/847/847 845/845/845 872/872/872
f 847/847/847 872/872/872 874/874/874
f 849/849/849 847/847/847 874/874/874
f 849/849/849 874/874/874 852/852/852
f 852/852/852 874/874/874 875/875/875
f 852/852/852 875/875/875 855/855/855
f 875/875/875 873/873/873 876/876/876
f 875/875/875 876/876/876 877/877/877
f 855/855/855 875/875/875 877/877/877
f 855/855/855 877/877/877 878/878/878
f 877/877/877 876/876/876 879/879/879
f 877/877/877 879/879/879 880/880/880
f 878/878/878 877/877/877 880/880/880
f 878/878/878 880/880/880 881/881/881
f 856/856/856 855/855/855 878/878/878
f 856/856/856 878/878/878 882/882/882
f 882/882/882 878/878/878 881/881/881
f 882/882/882 881/881/881 883/883/883
f 857/857/857 856/856/856 882/882/882
f 857/857/857 882/882/882 884/884/884
f 884/884/884 882/882/882 883/883/883
f 884/884/884 883/883/883 885/885/885
f 886/886/886 884/884/884 885/885/885
f 886/886/886 885/885/885 887/887/887
f 859/859/859 857/857/857 884/884/884
f 859/859/859 884/884/884 886/886/886
f 861/861/861 859/859/859 886/886/886
f 861/861/861 886/886/886 888/888/888
f 888/888/888 886/886/886 887/887/887
f 888/888/888 887/887/887 889/889/889
f 863/863/863 861/861/861 888/888/888
f 863/863/863 888/888/888 890/890/890
f 890/890/890 888/888/888 889/889/889
f 890/890/890 889/889/889 891/891/891
f 865/865/865 863/863/863 890/890/890
f 865/865/865 890/890/890 892/892/892
f 892/892/892 890/890/890 891/891/891
f 892/892/892 891/891/891 893/893/893
f 894/894/894 892/892/892 893/893/893
f 894/894/894 893/893/893 895/895/895
f 867/867/867 865/865/865 892/892/892
f 867/867/867 892/892/892 894/894/894
f 869/869/869 867/867/867 894/894/894
f 869/869/869 894/894/894 896/896/896
f 896/896/896 894/894/894 895/895/895
f 896/896/896 895/895/895 897/897/897
f 871/871/871 869/869/869 896/896/896
f 871/871/871 896/896/896 898/898/898
f 898/898/898 896/896/896 897/897/897
f 898/898/898 897/897/897 899/899/899
f 873/873/873 871/871/871 898/898/898
f 873/873/873 898/898/898 876/876/876
f 876/876/876 898/898/898 899/899/899
f 876/876/876 899/899/899 879/879/879
f 879/879/879 899/899/899 900/900/900
f 879/879/879 900/900/900 901/901/901
f 899/899/899 897/897/897 902/902/902
f 899/899/899 902/902/902 900/900/900
f 900/900/900 902/902/902 903/903/903
f 900/900/900 903/903/903 904/904/904
f 901/901/901 900/900/900 904/904/904
f 901/901/901 904/904/904 905/905/905
f 880/880/880 879/879/879 901/901/901
f 880/880/880 901/901/901 906/906/906
f 906/906/906 901/901/901 905/905/905
f 906/906/906 905/905/905 907/907/907
f 881/881/881 880/880/880 906/906/906
f 881/881/881 906/906/906 908/908/908
f 908/908/908 906/906/906 907/907/907
f 908/908/908 907/907/907 909/909/909
f 910/910/910 908/908/908 909/909/909
f 910/910/910 909/909/909 911/911/911
f 883/883/883 881/881/881 908/908/908
f 883/883/883 908/908/908 910/910/910
f 885/885/885 883/883/883 910/910/910
f 885/885/885 910/910/910 912/912/912
f 912/912/912 910/910/910 911/911/911
f 912/912/912 911/911/911 913/913/913
f 887/887/887 885/885/885 912/912/912
f 887/887/887 912/912/912 914/914/914
f 914/914/914 912/912/912 913/913/913
f 914/914/914 913/913/913 915/915/915
f 889/889/889 887/887/887 914/914/914
f 889/889/889 914/914/914 916/916/916
f 916/916/916 914/914/914 915/915/915
f 916/916/916 915/915/915 917/917/917
f 918/918/918 916/916/916 917/917/917
f 918/918/918 917/917/917 919/919/919
f 891/891/891 889/889/889 916/916/916
f 891/891/891 916/916/916 918/918/918
f 893/893/893 891/891/891 918/918/918
f 893/893/893 918/918/918 920/920/920
f 920/920/920 918/918/918 919/919/919
f 920/920/920 919/919/919 921/921/921
f 895/895/895 893/893/893 920/920/920
f 895/895/895 920/920/920 922/922/922
f 922/922/922 920/920/920 921/921/921
f 922/922/922 921/921/921 923/923/923
f 897/897/897 895/895/895 922/922/922
f 897/897/897 922/922/922 902/902/902
f 902/902/902 922/922/922 923/923/923
f 902/902/902 923/923/923 903/903/903
f 903/903/903 923/923/923 924/924/924
f 903/903/903 924/924/924 925/925/925
f 923/923/923 921/921/921 926/926/926
f 923/923/923 926/926/926 924/924/924
f 924/924/924 926/926/926 927/927/927
f 924/924/924 927/927/927 928/928/928
f 925/925/925 924/924/924 928/928/928
f 925/925/925 928/928/928 929/929/929
f 904/904/904 903/903/903 925/925/925
f 904/904/904 925/925/925 930/930/930
f 930/930/930 925/925/925 929/929/929
f 930/930/930 929/929/929 931/931/931
f 905/905/905 904/904/904 930/930/930
f 905/905/905 930/930/930 932/932/932
f 932/932/932 930/930/930 931/931/931
f 932/932/932 931/931/931 933/933/933
f 934/934/934 932/932/932 933/933/933
f 934/934/934 933/933/933 935/935/935
f 907/907/907 905/905/905 932/932/932
f 907/907/907 932/932/932 934/934/934
f 909/909/909 907/907/907 934/934/934
f 909/909/909 934/934/934 936/936/936
f 936/936/936 934/934/934 935/935/935
f 936/936/936 935/935/935 937/937/937
f 911/911/911 909/909/909 936/936/936
f 911/911/911 936/936/936 938/938/938
f 938/938/938 936/936/936 937/937/937
f 938/938/938 937/937/937 939/939/939
f 913/913/913 911/911/911 938/938/938
f 913/913/913 938/938/938 940/940/940
f 940/940/940 938/938/938 939/939/939
f 940/940/940 939/939/939 941/941/941
f 942/942/942 940/940/940 941/941/941
f 942/942/942 941/941/941 943/943/943
f 915/915/915 913/913/913 940/940/940
f 915/915/915 940/940/940 942/942/942
f 917/917/917 915/915/915 942/942/942
f 917/917/917 942/942/942 944/944/944
f 944/944/944 942/942/942 943/943/943
f 944/944/944 943/943/943 945/945/945
f 919/919/919 917/917/917 944/944/944
f 919/919/919 944/944/944 946/946/946
f 946/946/946 944/944/944 945/945/945
f 946/946/946 945/945/945 947/947/947
f 921/921/921 919/919/919 946/946/946
f 921/921/921 946/946/946 926/926/926
f 926/926/926 946/946/946 947/947/947
f 926/926/926 947/947/947 927/927/927
f 927/927/927 947/947/947 948/948/948
f 927/927/927 948/948/948 949/949/949
f 947/947/947 945/945/945 950/950/950
f 947/947/947 950/950/950 948/948/948
f 948/948/948 950/950/950 951/951/951
f 948/948/948 951/951/951 952/952/952
f 949/949/949 948/948/948 952/952/952
f 949/949/949 952/952/952 953/953/953
f 928/928/928 927/927/927 949/949/949
f 928/928/928 949/949/949 954/954/954
f 954/954/954 949/949/949 953/953/953
f 954/954/954 953/953/953 955/955/955
f 929/929/929 928/928/928 954/954/954
f 929/929/929 954/954/954 956/956/956
f 956/956/956 954/954/954 955/955/955
f 956/956/956 955/955/955 957/957/957
f 958/958/958 956/956/956 957/957/957
f 958/958/958 957/957/957 959/959/959
f 931/931/931 929/929/929 956/956/956
f 931/931/931 956/956/956 958/958/958
f 933/933/933 931/931/931 958/958/958
f 933/933/933 958/958/958 960/960/960
f 960/960/960 958/958/958 959/959/959
f 960/960/960 959/959/959 961/961/961
f 935/935/935 933/933/933 960/960/960
f 935/935/935 960/960/960 962/962/962
f 962/962/962 960/960/960 961/961/961
f 962/962/962 961/961/961 963/963/963
f 937/937/937 935/935/935 962/962/962
f 937/937/937 962/962/962 964/964/964
f 964/964/964 962/962/962 963/963/963
f 964/964/964 963/963/963 965/965/965
f 966/966/966 964/964/964 965/965/965
f 966/966/966 965/965/965 967/967/967
f 939/939/939 937/937/937 964/964/964
f 939/939/939 964/964/964 966/966/966
f 941/941/941 939/939/939 966/966/966
f 941/941/941 966/966/966 968/968/968
f 968/968/968 966/966/966 967/967/967
f 968/968/968 967/967/967 969/969/969
f 970/970/970 968/968/968 969/969/969
f 970/970/970 969/969/969 971/971/971
f 943/943/943 941/941/941 968/968/968
f 943/943/943 968/968/968 970/970/970
f 945/945/945 943/943/943 970/970/970
f 945/945/945 970/970/970 950/950/950
f 950/950/950 970/970/970 971/971/971
f 950/950/950 971/971/971 951/951/951
f 972/972/972 973/973/973 702/702/702
f 972/972/972 702/702/702 705/705/705
f 674/674/674 972/972/972 705/705/705
f 674/674/674 705/705/705 675/675/675
f 974/974/974 975/975/975 973/973/973
f 974/974/974 973/973/973 972/972/972
f 673/673/673 974/974/974 972/972/972
f 673/673/673 972/972/972 674/674/674
f 975/975/975 976/976/976 977/977/977
f 975/975/975 977/977/977 973/973/973
f 973/973/973 977/977/977 701/701/701
f 973/973/973 701/701/701 702/702/702
f 976/976/976 978/978/978 979/979/979
f 976/976/976 979/979/979 977/977/977
f 977/977/977 979/979/979 696/696/696
f 977/977/977 696/696/696 701/701/701
f 979/979/979 980/980/980 693/693/693
f 979/979/979 693/693/693 696/696/696
f 978/978/978 981/981/981 980/980/980
f 978/978/978 980/980/980 979/979/979
f 981/981/981 982/982/982 983/983/983
f 981/981/981 983/983/983 980/980/980
f 980/980/980 983/983/983 690/690/690
f 980/980/980 690/690/690 693/693/693
f 982/982/982 984/984/984 985/985/985
f 982/982/982 985/985/985 983/983/983
f 983/983/983 985/985/985 689/689/689
f 983/983/983 689/689/689 690/690/690
f 984/984/984 986/986/986 987/987/987
f 984/984/984 987/987/987 985/985/985
f 985/985/985 987/987/987 684/684/684
f 985/985/985 684/684/684 689/689/689
f 987/987/987 666/666/666 672/672/672
f 987/987/987 672/672/672 684/684/684
f 986/986/986 663/663/663 666/666/666
f 986/986/986 666/666/666 987/987/987
f 986/986/986 984/984/984 667/667/667
f 986/986/986 667/667/667 663/663/663
f 982/982/982 981/981/981 667/667/667
f 982/982/982 667/667/667 984/984/984
f 978/978/978 976/976/976 667/667/667
f 978/978/978 667/667/667 981/981/981
f 975/975/975 974/974/974 667/667/667
f 975/975/975 667/667/667 976/976/976
f 673/673/673 668/668/668 667/667/667
f 673/673/673 667/667/667 974/974/974
f 988/988/988 989/989/989 990/990/990
f 988/988/988 990/990/990 991/991/991
f 989/989/989 992/992/992 993/993/993
f 989/989/989 993/993/993 990/990/990
f 990/990/990 993/993/993 994/994/994
f 990/990/990 994/994/994 995/995/995
f 991/991/991 990/990/990 995/995/995
f 991/991/991 995/995/995 996/996/996
f 992/992/992 997/997/997 998/998/998
f 992/992/992 998/998/998 993/993/993
f 993/993/993 998/998/998 999/999/999
f 993/993/993 999/999/999 994/994/994
f 995/995/995 994/994/994 1000/1000/1000
f 995/995/995 1000/1000/1000 1001/1001/1001
f 994/994/994 999/999/999 1002/1002/1002
f 994/994/994 1002/1002/1002 1000/1000/1000
f 1000/1000/1000 1002/1002/1002 1003/1003/1003
f 1000/1000/1000 1003/1003/1003 1004/1004/1004
f 1001/1001/1001 1000/1000/1000 1004/1004/1004
f 1001/1001/1001 1004/1004/1004 1005/1005/1005
f 996/996/996 995/995/995 1001/1001/1001
f 996/996/996 1001/1001/1001 1006/1006/1006
f 1006/1006/1006 1001/1001/1001 1005/1005/1005
f 1006/1006/1006 1005/1005/1005 1007/1007/1007
f 1008/1008/1008 996/996/996 1006/1006/1006
f 1008/1008/1008 1006/1006/1006 1009/1009/1009
f 1009/1009/1009 1006/1006/1006 1007/1007/1007
f 1009/1009/1009 1007/1007/1007 1010/1010/1010
f 1011/1011/1011 1009/1009/1009 1010/1010/1010
f 1011/1011/1011 1010/1010/1010 1012/1012/1012
f 1013/1013/1013 1008/1008/1008 1009/1009/1009
f 1013/1013/1013 1009/1009/1009 1011/1011/1011
f 1014/1014/1014 1013/1013/1013 1011/1011/1011
f 1014/1014/1014 1011/1011/1011 1015/1015/1015
f 1015/1015/1015 1011/1011/1011 1012/1012/1012
f 1015/1015/1015 1012/1012/1012 1016/1016/1016
f 1017/1017/1017 1014/1014/1014 1015/1015/1015
f 1017/1017/1017 1015/1015/1015 1018/1018/1018
f 1018/1018/1018 1015/1015/1015 1016/1016/1016
f 1018/1018/1018 1016/1016/1016 1019/1019/1019
f 1020/1020/1020 1017/1017/1017 1018/1018/1018
f 1020/1020/1020 1018/1018/1018 1021/1021/1021
f 1021/1021/1021 1018/1018/1018 1019/1019/1019
f 1021/1021/1021 1019/1019/1019 1022/1022/1022
f 1023/1023/1023 1021/1021/1021 1022/1022/1022
f 1023/1023/1023 1022/1022/1022 1024/1024/1024
f 1025/1025/1025 1020/1020/1020 1021/1021/1021
f 1025/1025/1025 1021/1021/1021 1023/1023/1023
f 1026/1026/1026 1025/1025/1025 1023/1023/1023
f 1026/1026/1026 1023/1023/1023 1027/1027/1027
f 1027/1027/1027 1023/1023/1023 1024/1024/1024
f 1027/1027/1027 1024/1024/1024 1028/1028/1028
f 1029/1029/1029 1026/1026/1026 1027/1027/1027
f 1029/1029/1029 1027/1027/1027 1030/1030/1030
f 1030/1030/1030 1027/1027/1027 1028/1028/1028
f 1030/1030/1030 1028/1028/1028 1031/1031/1031
f 999/999/999 1029/1029/1029 1030/1030/1030
f 999/999/999 1030/1030/1030 1002/1002/1002
f 1002/1002/1002 1030/1030/1030 1031/1031/1031
f 1002/1002/1002 1031/1031/1031 1003/1003/1003
f 1003/1003/1003 1031/1031/1031 1032/1032/1032
f 1003/1003/1003 1032/1032/1032 1033/1033/1033
f 1031/1031/1031 1028/1028/1028 1034/1034/1034
f 1031/1031/1031 1034/1034/1034 1032/1032/1032
f 1032/1032/1032 1034/1034/1034 1035/1035/1035
f 1032/1032/1032 1035/1035/1035 1036/1036/1036
f 1033/1033/1033 1032/1032/1032 1036/1036/1036
f 1033/1033/1033 1036/1036/1036 1037/1037/1037
f 1004/1004/1004 1003/1003/1003 1033/1033/1033
f 1004/1004/1004 1033/1033/1033 1038/1038/1038
f 1038/1038/1038 1033/1033/1033 1037/1037/1037
f 1038/1038/1038 1037/1037/1037 1039/1039/1039
f 1005/1005/1005 1004/1004/1004 1038/1038/1038
f 1005/1005/1005 1038/1038/1038 1040/1040/1040
f 1040/1040/1040 1038/1038/1038 1039/1039/1039
f 1040/1040/1040 1039/1039/1039 1041/1041/1041
f 1042/1042/1042 1040/1040/1040 1041/1041/1041
f 1042/1042/1042 1041/1041/1041 1043/1043/1043
f 1007/1007/1007 1005/1005/1005 1040/1040/1040
f 1007/1007/1007 1040/1040/1040 1042/1042/1042
f 1010/1010/1010 1007/1007/1007 1042/1042/1042
f 1010/1010/1010 1042/1042/1042 1044/1044/1044
f 1044/1044/1044 1042/1042/1042 1043/1043/1043
f 1044/1044/1044 1043/1043/1043 1045/1045/1045
f 1012/1012/1012 1010/1010/1010 1044/1044/1044
f 1012/1012/1012 1044/1044/1044 1046/1046/1046
f 1046/1046/1046 1044/1044/1044 1045/1045/1045
f 1046/1046/1046 1045/1045/1045 1047/1047/1047
f 1016/1016/1016 1012/1012/1012 1046/1046/1046
f 1016/1016/1016 1046/1046/1046 1048/1048/1048
f 1048/1048/1048 1046/1046/1046 1047/1047/1047
f 1048/1048/1048 1047/1047/1047 1049/1049/1049
f 1050/1050/1050 1048/1048/1048 1049/1049/1049
f 1050/1050/1050 1049/1049/1049 1051/1051/1051
f 1019/1019/1019 1016/1016/1016 1048/1048/1048
f 1019/1019/1019 1048/1048/1048 1050/1050/1050
f 1022/1022/1022 1019/1019/1019 1050/1050/1050
f 1022/1022/1022 1050/1050/1050 1052/1052/1052
f 1052/1052/1052 1050/1050/1050 1051/1051/1051
f 1052/1052/1052 1051/1051/1051 1053/1053/1053
f 1024/1024/1024 1022/1022/1022 1052/1052/1052
f 1024/1024/1024 1052/1052/1052 1054/1054/1054
f 1054/1054/1054 1052/1052/1052 1053/1053/1053
f 1054/1054/1054 1053/1053/1053 1055/1055/1055
f 1028/1028/1028 1024/1024/1024 1054/1054/1054
f 1028/1028/1028 1054/1054/1054 1034/1034/1034
f 1034/1034/1034 1054/1054/1054 1055/1055/1055
f 1034/1034/1034 1055/1055/1055 1035/1035/1035
f 1055/1055/1055 1053/1053/1053 1056/1056/1056
f 1055/1055/1055 1056/1056/1056 1057/1057/1057
f 1035/1035/1035 1055/1055/1055 1057/1057/1057
f 1035/1035/1035 1057/1057/1057 1058/1058/1058
f 1057/1057/1057 1056/1056/1056 1059/1059/1059
f 1057/1057/1057 1059/1059/1059 1060/1060/1060
f 1058/1058/1058 1057/1057/1057 1060/1060/1060
f 1058/1058/1058 1060/1060/1060 1061/1061/1061
f 1062/1062/1062 1058/1058/1058 1061/1061/1061
f 1062/1062/1062 1061/1061/1061 1063/1063/1063
f 1036/1036/1036 1035/1035/1035 1058/1058/1058
f 1036/1036/1036 1058/1058/1058 1062/1062/1062
f 1037/1037/1037 1036/1036/1036 1062/1062/1062
f 1037/1037/1037 1062/1062/1062 1064/1064/1064
f 1064/1064/1064 1062/1062/1062 1063/1063/1063
f 1064/1064/1064 1063/1063/1063 1065/1065/1065
f 1039/1039/1039 1037/1037/1037 1064/1064/1064
f 1039/1039/1039 1064/1064/1064 1066/1066/1066
f 1066/1066/1066 1064/1064/1064 1065/1065/1065
f 1066/1066/1066 1065/1065/1065 1067/1067/1067
f 1041/1041/1041 1039/1039/1039 1066/1066/1066
f 1041/1041/1041 1066/1066/1066 1068/1068/1068
f 1068/1068/1068 1066/1066/1066 1067/1067/1067
f 1068/1068/1068 1067/1067/1067 1069/1069/1069
f 1070/1070/1070 1068/1068/1068 1069/1069/1069
f 1070/1070/1070 1069/1069/1069 1071/1071/1071
f 1043/1043/1043 1041/1041/1041 1068/1068/1068
f 1043/1043/1043 1068/1068/1068 1070/1070/1070
f 1045/1045/1045 1043/1043/1043 1070/1070/1070
f 1045/1045/1045 1070/1070/1070 1072/1072/1072
f 1072/1072/1072 1070/1070/1070 1071/1071/1071
f 1072/1072/1072 1071/1071/1071 1073/1073/1073
f 1047/1047/1047 1045/1045/1045 1072/1072/1072
f 1047/1047/1047 1072/1072/1072 1074/1074/1074
f 1074/1074/1074 1072/1072/1072 1073/1073/1073
f 1074/1074/1074 1073/1073/1073 1075/1075/1075
f 1049/1049/1049 1047/1047/1047 1074/1074/1074
f 1049/1049/1049 1074/1074/1074 1076/1076/1076
f 1076/1076/1076 1074/1074/1074 1075/1075/1075
f 1076/1076/1076 1075/1075/1075 1077/1077/1077
f 1078/1078/1078 1076/1076/1076 1077/1077/1077
f 1078/1078/1078 1077/1077/1077 1079/1079/1079
f 1051/1051/1051 1049/1049/1049 1076/1076/1076
f 1051/1051/1051 1076/1076/1076 1078/1078/1078
f 1053/1053/1053 1051/1051/1051 1078/1078/1078
f 1053/1053/1053 1078/1078/1078 1056/1056/1056
f 1056/1056/1056 1078/1078/1078 1079/1079/1079
f 1056/1056/1056 1079/1079/1079 1059/1059/1059
f 1059/1059/1059 1079/1079/1079 1080/1080/1080
f 1059/1059/1059 1080/1080/1080 1081/1081/1081
f 1079/1079/1079 1077/1077/1077 1082/1082/1082
f 1079/1079/1079 1082/1082/1082 1080/1080/1080
f 1080/1080/1080 1082/1082/1082 1083/1083/1083
f 1080/1080/1080 1083/1083/1083 1084/1084/1084
f 1081/1081/1081 1080/1080/1080 1084/1084/1084
f 1081/1081/1081 1084/1084/1084 1085/1085/1085
f 1086/1086/1086 1081/1081/1081 1085/1085/1085
f 1086/1086/1086 1085/1085/1085 1087/1087/1087
f 1060/1060/1060 1059/1059/1059 1081/1081/1081
f 1060/1060/1060 1081/1081/1081 1086/1086/1086
f 1061/1061/1061 1060/1060/1060 1086/1086/1086
f 1061/1061/1061 1086/1086/1086 1088/1088/1088
f 1088/1088/1088 1086/1086/1086 1087/1087/1087
f 1088/1088/1088 1087/1087/1087 1089/1089/1089
f 1063/1063/1063 1061/1061/1061 1088/1088/1088
f 1063/1063/1063 1088/1088/1088 1090/1090/1090
f 1090/1090/1090 1088/1088/1088 1089/1089/1089
f 1090/1090/1090 1089/1089/1089 1091/1091/1091
f 1065/1065/1065 1063/1063/1063 1090/1090/1090
f 1065/1065/1065 1090/1090/1090 1092/1092/1092
f 1092/1092/1092 1090/1090/1090 1091/1091/1091
f 1092/1092/1092 1091/1091/1091 1093/1093/1093
f 1094/1094/1094 1092/1092/1092 1093/1093/1093
f 1094/1094/1094 1093/1093/1093 1095/1095/1095
f 1067/1067/1067 1065/1065/1065 1092/1092/1092
f 1067/1067/1067 1092/1092/1092 1094/1094/1094
f 1069/1069/1069 1067/1067/1067 1094/1094/1094
f 1069/1069/1069 1094/1094/1094 1096/1096/1096
f 1096/1096/1096 1094/1094/1094 1095/1095/1095
f 1096/1096/1096 1095/1095/1095 1097/1097/1097
f 1071/1071/1071 1069/1069/1069 1096/1096/1096
f 1071/1071/1071 1096/1096/1096 1098/1098/1098
f 1098/1098/1098 1096/1096/1096 1097/1097/1097
f 1098/1098/1098 1097/1097/1097 1099/1099/1099
f 1073/1073/1073 1071/1071/1071 1098/1098/1098
f 1073/1073/1073 1098/1098/1098 1100/1100/1100
f 1100/1100/1100 1098/1098/1098 1099/1099/1099
f 1100/1100/1100 1099/1099/1099 1101/1101/1101
f 1102/1102/1102 1100/1100/1100 1101/1101/1101
f 1102/1102/1102 1101/1101/1101 1103/1103/1103
f 1075/1075/1075 1073/1073/1073 1100/1100/1100
f 1075/1075/1075 1100/1100/1100 1102/1102/1102
f 1077/1077/1077 1075/1075/1075 1102/1102/1102
f 1077/1077/1077 1102/1102/1102 1082/1082/1082
f 1082/1082/1082 1102/1102/1102 1103/1103/1103
f 1082/1082/1082 1103/1103/1103 1083/1083/1083
f 1103/1103/1103 1101/1101/1101 1104/1104/1104
f 1103/1103/1103 1104/1104/1104 1105/1105/1105
f 1083/1083/1083 1103/1103/1103 1105/1105/1105
f 1083/1083/1083 1105/1105/1105 1106/1106/1106
f 1105/1105/1105 1104/1104/1104 1107/1107/1107
f 1105/1105/1105 1107/1107/1107 1108/1108/1108
f 1106/1106/1106 1105/1105/1105 1108/1108/1108
f 1106/1106/1106 1108/1108/1108 1109/1109/1109
f 1084/1084/1084 1083/1083/1083 1106/1106/1106
f 1084/1084/1084 1106/1106/1106 1110/1110/1110
f 1110/1110/1110 1106/1106/1106 1109/1109/1109
f 1110/1110/1110 1109/1109/1109 1111/1111/1111
f 1085/1085/1085 1084/1084/1084 1110/1110/1110
f 1085/1085/1085 1110/1110/1110 1112/1112/1112
f 1112/1112/1112 1110/1110/1110 1111/1111/1111
f 1112/1112/1112 1111/1111/1111 1113/1113/1113
f 1114/1114/1114 1112/1112/1112 1113/1113/1113
f 1114/1114/1114 1113/1113/1113 1115/1115/1115
f 1087/1087/1087 1085/1085/1085 1112/1112/1112
f 1087/1087/1087 1112/1112/1112 1114/1114/1114
f 1089/1089/1089 1087/1087/1087 1114/1114/1114
f 1089/1089/1089 1114/1114/1114 1116/1116/1116
f 1116/1116/1116 1114/1114/1114 1115/1115/1115
f 1116/1116/1116 1115/1115/1115 1117/1117/1117
f 1091/1091/1091 1089/1089/1089 1116/1116/1116
f 1091/1091/1091 1116/1116/1116 1118/1118/1118
f 1118/1118/1118 1116/1116/1116 1117/1117/1117
f 1118/1118/1118 1117/1117/1117 1119/1119/1119
f 1093/1093/1093 1091/1091/1091 1118/1118/1118
f 1093/1093/1093 1118/1118/1118 1120/1120/1120
f 1120/1120/1120 1118/1118/1118 1119/1119/1119
f 1120/1120/1120 1119/1119/1119 1121/1121/1121
f 1122/1122/1122 1120/1120/1120 1121/1121/1121
f 1122/1122/1122 1121/1121/1121 1123/1123/1123
f 1095/1095/1095 1093/1093/1093 1120/1120/1120
f 1095/1095/1095 1120/1120/1120 1122/1122/1122
f 1097/1097/1097 1095/1095/1095 1122/1122/1122
f 1097/1097/1097 1122/1122/1122 1124/1124/1124
f 1124/1124/1124 1122/1122/1122 1123/1123/1123
f 1124/1124/1124 1123/1123/1123 1125/1125/1125
f 1099/1099/1099 1097/1097/1097 1124/1124/1124
f 1099/1099/1099 1124/1124/1124 1126/1126/1126
f 1126/1126/1126 1124/1124/1124 1125/1125/1125
f 1126/1126/1126 1125/1125/1125 1127/1127/1127
f 1101/1101/1101 1099/1099/1099 1126/1126/1126
f 1101/1101/1101 1126/1126/1126 1104/1104/1104
f 1104/1104/1104 1126/1126/1126 1127/1127/1127
f 1104/1104/1104 1127/1127/1127 1107/1107/1107
f 1127/1127/1127 1125/1125/1125 1128/1128/1128
f 1127/1127/1127 1128/1128/1128 1129/1129/1129
f 1107/1107/1107 1127/1127/1127 1129/1129/1129
f 1107/1107/1107 1129/1129/1129 1130/1130/1130
f 1129/1129/1129 1128/1128/1128 1131/1131/1131
f 1129/1129/1129 1131/1131/1131 1132/1132/1132
f 1130/1130/1130 1129/1129/1129 1132/1132/1132
f 1130/1130/1130 1132/1132/1132 1133/1133/1133
f 1134/1134/1134 1130/1130/1130 1133/1133/1133
f 1134/1134/1134 1133/1133/1133 1135/1135/1135
f 1108/1108/1108 1107/1107/1107 1130/1130/1130
f 1108/1108/1108 1130/1130/1130 1134/1134/1134
f 1109/1109/1109 1108/1108/1108 1134/1134/1134
f 1109/1109/1109 1134/1134/1134 1136/1136/1136
f 1136/1136/1136 1134/1134/1134 1135/1135/1135
f 1136/1136/1136 1135/1135/1135 1137/1137/1137
f 1111/1111/1111 1109/1109/1109 1136/1136/1136
f 1111/1111/1111 1136/1136/1136 1138/1138/1138
f 1138/1138/1138 1136/1136/1136 1137/1137/1137
f 1138/1138/1138 1137/1137/1137 1139/1139/1139
f 1113/1113/1113 1111/1111/1111 1138/1138/1138
f 1113/1113/1113 1138/1138/1138 1140/1140/1140
f 1140/1140/1140 1138/1138/1138 1139/1139/1139
f 1140/1140/1140 1139/1139/1139 1141/1141/1141
f 1142/1142/1142 1140/1140/1140 1141/1141/1141
f 1142/1142/1142 1141/1141/1141 1143/1143/1143
f 1115/1115/1115 1113/1113/1113 1140/1140/1140
f 1115/1115/1115 1140/1140/1140 1142/1142/1142
f 1117/1117/1117 1115/1115/1115 1142/1142/1142
f 1117/1117/1117 1142/1142/1142 1144/1144/1144
f 1144/1144/1144 1142/1142/1142 1143/1143/1143
f 1144/1144/1144 1143/1143/1143 1145/1145/1145
f 1119/1119/1119 1117/1117/1117 1144/1144/1144
f 1119/1119/1119 1144/1144/1144 1146/1146/1146
f 1146/1146/1146 1144/1144/1144 1145/1145/1145
f 1146/1146/1146 1145/1145/1145 1147/1147/1147
f 1121/1121/1121 1119/1119/1119 1146/1146/1146
f 1121/1121/1121 1146/1146/1146 1148/1148/1148
f 1148/1148/1148 1146/1146/1146 1147/1147/1147
f 1148/1148/1148 1147/1147/1147 1149/1149/1149
f 1150/1150/1150 1148/1148/1148 1149/1149/1149
f 1150/1150/1150 1149/1149/1149 1151/1151/1151
f 1123/1123/1123 1121/1121/1121 1148/1148/1148
f 1123/1123/1123 1148/1148/1148 1150/1150/1150
f 1125/1125/1125 1123/1123/1123 1150/1150/1150
f 1125/1125/1125 1150/1150/1150 1128/1128/1128
f 1128/1128/1128 1150/1150/1150 1151/1151/1151
f 1128/1128/1128 1151/1151/1151 1131/1131/1131
f 1131/1131/1131 1151/1151/1151 1152/1152/1152
f 1131/1131/1131 1152/1152/1152 1153/1153/1153
f 1151/1151/1151 1149/1149/1149 1154/1154/1154
f 1151/1151/1151 1154/1154/1154 1152/1152/1152
f 1152/1152/1152 1154/1154/1154 1155/1155/1155
f 1152/1152/1152 1155/1155/1155 1156/1156/1156
f 1153/1153/1153 1152/1152/1152 1156/1156/1156
f 1153/1153/1153 1156/1156/1156 1157/1157/1157
f 1158/1158/1158 1153/1153/1153 1157/1157/1157
f 1158/1158/1158 1157/1157/1157 1159/1159/1159
f 1132/1132/1132 1131/1131/1131 1153/1153/1153
f 1132/1132/1132 1153/1153/1153 1158/1158/1158
f 1133/1133/1133 1132/1132/1132 1158/1158/1158
f 1133/1133/1133 1158/1158/1158 1160/1160/1160
f 1160/1160/1160 1158/1158/1158 1159/1159/1159
f 1160/1160/1160 1159/1159/1159 1161/1161/1161
f 1135/1135/1135 1133/1133/1133 1160/1160/1160
f 1135/1135/1135 1160/1160/1160 1162/1162/1162
f 1162/1162/1162 1160/1160/1160 1161/1161/1161
f 1162/1162/1162 1161/1161/1161 1163/1163/1163
f 1137/1137/1137 1135/1135/1135 1162/1162/1162
f 1137/1137/1137 1162/1162/1162 1164/1164/1164
f 1164/1164/1164 1162/1162/1162 1163/1163/1163
f 1164/1164/1164 1163/1163/1163 1165/1165/1165
f 1166/1166/1166 1164/1164/1164 1165/1165/1165
f 1166/1166/1166 1165/1165/1165 1167/1167/1167
f 1139/1139/1139 1137/1137/1137 1164/1164/1164
f 1139/1139/1139 1164/1164/1164 1166/1166/1166
f 1141/1141/1141 1139/1139/1139 1166/1166/1166
f 1141/1141/1141 1166/1166/1166 1168/1168/1168
f 1168/1168/1168 1166/1166/1166 1167/1167/1167
f 1168/1168/1168 1167/1167/1167 1169/1169/1169
f 1143/1143/1143 1141/1141/1141 1168/1168/1168
f 1143/1143/1143 1168/1168/1168 1170/1170/1170
f 1170/1170/1170 1168/1168/1168 1169/1169/1169
f 1170/1170/1170 1169/1169/1169 1171/1171/1171
f 1145/1145/1145 1143/1143/1143 1170/1170/1170
f 1145/1145/1145 1170/1170/1170 1172/1172/1172
f 1172/1172/1172 1170/1170/1170 1171/1171/1171
f 1172/1172/1172 1171/1171/1171 1173/1173/1173
f 1174/1174/1174 1172/1172/1172 1173/1173/1173
f 1174/1174/1174 1173/1173/1173 1175/1175/1175
f 1147/1147/1147 1145/1145/1145 1172/1172/1172
f 1147/1147/1147 1172/1172/1172 1174/1174/1174
f 1149/1149/1149 1147/1147/1147 1174/1174/1174
f 1149/1149/1149 1174/1174/1174 1154/1154/1154
f 1154/1154/1154 1174/1174/1174 1175/1175/1175
f 1154/1154/1154 1175/1175/1175 1155/1155/1155
f 1175/1175/1175 1173/1173/1173 1176/1176/1176
f 1175/1175/1175 1176/1176/1176 1177/1177/1177
f 1155/1155/1155 1175/1175/1175 1177/1177/1177
f 1155/1155/1155 1177/1177/1177 1178/1178/1178
f 1177/1177/1177 1176/1176/1176 1179/1179/1179
f 1177/1177/1177 1179/1179/1179 1180/1180/1180
f 1178/1178/1178 1177/1177/1177 1180/1180/1180
f 1178/1178/1178 1180/1180/1180 1181/1181/1181
f 1156/1156/1156 1155/1155/1155 1178/1178/1178
f 1156/1156/1156 1178/1178/1178 1182/1182/1182
f 1182/1182/1182 1178/1178/1178 1181/1181/1181
f 1182/1182/1182 1181/1181/1181 1183/1183/1183
f 1157/1157/1157 1156/1156/1156 1182/1182/1182
f 1157/1157/1157 1182/1182/1182 1184/1184/1184
f 1184/1184/1184 1182/1182/1182 1183/1183/1183
f 1184/1184/1184 1183/1183/1183 1185/1185/1185
f 1186/1186/1186 1184/1184/1184 1185/1185/1185
f 1186/1186/1186 1185/1185/1185 1187/1187/1187
f 1159/1159/1159 1157/1157/1157 1184/1184/1184
f 1159/1159/1159 1184/1184/1184 1186/1186/1186
f 1161/1161/1161 1159/1159/1159 1186/1186/1186
f 1161/1161/1161 1186/1186/1186 1188/1188/1188
f 1188/1188/1188 1186/1186/1186 1187/1187/1187
f 1188/1188/1188 1187/1187/1187 1189/1189/1189
f 1163/1163/1163 1161/1161/1161 1188/1188/1188
f 1163/1163/1163 1188/1188/1188 1190/1190/1190
f 1190/1190/1190 1188/1188/1188 1189/1189/1189
f 1190/1190/1190 1189/1189/1189 1191/1191/1191
f 1165/1165/1165 1163/1163/1163 1190/1190/1190
f 1165/1165/1165 1190/1190/1190 1192/1192/1192
f 1192/1192/1192 1190/1190/1190 1191/1191/1191
f 1192/1192/1192 1191/1191/1191 1193/1193/1193
f 1194/1194/1194 1192/1192/1192 1193/1193/1193
f 1194/1194/1194 1193/1193/1193 1195/1195/1195
f 1167/1167/1167 1165/1165/1165 1192/1192/1192
f 1167/1167/1167 1192/1192/1192 1194/1194/1194
f 1169/1169/1169 1167/1167/1167 1194/1194/1194
f 1169/1169/1169 1194/1194/1194 1196/1196/1196
f 1196/1196/1196 1194/1194/1194 1195/1195/1195
f 1196/1196/1196 1195/1195/1195 1197/1197/1197
f 1171/1171/1171 1169/1169/1169 1196/1196/1196
f 1171/1171/1171 1196/1196/1196 1198/1198/1198
f 1198/1198/1198 1196/1196/1196 1197/1197/1197
f 1198/1198/1198 1197/1197/1197 1199/1199/1199
f 1173/1173/1173 1171/1171/1171 1198/1198/1198
f 1173/1173/1173 1198/1198/1198 1176/1176/1176
f 1176/1176/1176 1198/1198/1198 1199/1199/1199
f 1176/1176/1176 1199/1199/1199 1179/1179/1179
f 1179/1179/1179 1199/1199/1199 1200/1200/1200
f 1179/1179/1179 1200/1200/1200 1201/1201/1201
f 1199/1199/1199 1197/1197/1197 1202/1202/1202
f 1199/1199/1199 1202/1202/1202 1200/1200/1200
f 1200/1200/1200 1202/1202/1202 1203/1203/1203
f 1200/1200/1200 1203/1203/1203 1204/1204/1204
f 1201/1201/1201 1200/1200/1200 1204/1204/1204
f 1201/1201/1201 1204/1204/1204 1205/1205/1205
f 1180/1180/1180 1179/1179/1179 1201/1201/1201
f 1180/1180/1180 1201/1201/1201 1206/1206/1206
f 1206/1206/1206 1201/1201/1201 1205/1205/1205
f 1206/1206/1206 1205/1205/1205 1207/1207/1207
f 1181/1181/1181 1180/1180/1180 1206/1206/1206
f 1181/1181/1181 1206/1206/1206 1208/1208/1208
f 1208/1208/1208 1206/1206/1206 1207/1207/1207
f 1208/1208/1208 1207/1207/1207 1209/1209/1209
f 1210/1210/1210 1208/1208/1208 1209/1209/1209
f 1210/1210/1210 1209/1209/1209 1211/1211/1211
f 1183/1183/1183 1181/1181/1181 1208/1208/1208
f 1183/1183/1183 1208/1208/1208 1210/1210/1210
f 1185/1185/1185 1183/1183/1183 1210/1210/1210
f 1185/1185/1185 1210/1210/1210 1212/1212/1212
f 1212/1212/1212 1210/1210/1210 1211/1211/1211
f 1212/1212/1212 1211/1211/1211 1213/1213/1213
f 1187/1187/1187 1185/1185/1185 1212/1212/1212
f 1187/1187/1187 1212/1212/1212 1214/1214/1214
f 1214/1214/1214 1212/1212/1212 1213/1213/1213
f 1214/1214/1214 1213/1213/1213 1215/1215/1215
f 1189/1189/1189 1187/1187/1187 1214/1214/1214
f 1189/1189/1189 1214/1214/1214 1216/1216/1216
f 1216/1216/1216 1214/1214/1214 1215/1215/1215
f 1216/1216/1216 1215/1215/1215 1217/1217/1217
f 1218/1218/1218 1216/1216/1216 1217/1217/1217
f 1218/1218/1218 1217/1217/1217 1219/1219/1219
f 1191/1191/1191 1189/1189/1189 1216/1216/1216
f 1191/1191/1191 1216/1216/1216 1218/1218/1218
f 1193/1193/1193 1191/1191/1191 1218/1218/1218
f 1193/1193/1193 1218/1218/1218 1220/1220/1220
f 1220/1220/1220 1218/1218/1218 1219/1219/1219
f 1220/1220/1220 1219/1219/1219 1221/1221/1221
f 1195/1195/1195 1193/1193/1193 1220/1220/1220
f 1195/1195/1195 1220/1220/1220 1222/1222/1222
f 1222/1222/1222 1220/1220/1220 1221/1221/1221
f 1222/1222/1222 1221/1221/1221 1223/1223/1223
f 1197/1197/1197 1195/1195/1195 1222/1222/1222
f 1197/1197/1197 1222/1222/1222 1202/1202/1202
f 1202/1202/1202 1222/1222/1222 1223/1223/1223
f 1202/1202/1202 1223/1223/1223 1203/1203/1203
f 1203/1203/1203 1223/1223/1223 1224/1224/1224
f 1203/1203/1203 1224/1224/1224 1225/1225/1225
f 1223/1223/1223 1221/1221/1221 1226/1226/1226
f 1223/1223/1223 1226/1226/1226 1224/1224/1224
f 1224/1224/1224 1226/1226/1226 1227/1227/1227
f 1224/1224/1224 1227/1227/1227 1228/1228/1228
f 1225/1225/1225 1224/1224/1224 1228/1228/1228
f 1225/1225/1225 1228/1228/1228 1229/1229/1229
f 1204/1204/1204 1203/1203/1203 1225/1225/1225
f 1204/1204/1204 1225/1225/1225 1230/1230/1230
f 1230/1230/1230 1225/1225/1225 1229/1229/1229
f 1230/1230/1230 1229/1229/1229 1231/1231/1231
f 1205/1205/1205 1204/1204/1204 1230/1230/1230
f 1205/1205/1205 1230/1230/1230 1232/1232/1232
f 1232/1232/1232 1230/1230/1230 1231/1231/1231
f 1232/1232/1232 1231/1231/1231 1233/1233/1233
f 1234/1234/1234 1232/1232/1232 1233/1233/1233
f 1234/1234/1234 1233/1233/1233 1235/1235/1235
f 1207/1207/1207 1205/1205/1205 1232/1232/1232
f 1207/1207/1207 1232/1232/1232 1234/1234/1234
f 1209/1209/1209 1207/1207/1207 1234/1234/1234
f 1209/1209/1209 1234/1234/1234 1236/1236/1236
f 1236/1236/1236 1234/1234/1234 1235/1235/1235
f 1236/1236/1236 1235/1235/1235 1237/1237/1237
f 1238/1238/1238 1236/1236/1236 1237/1237/1237
f 1238/1238/1238 1237/1237/1237 1239/1239/1239
f 1211/1211/1211 1209/1209/1209 1236/1236/1236
f 1211/1211/1211 1236/1236/1236 1238/1238/1238
f 1213/1213/1213 1211/1211/1211 1238/1238/1238
f 1213/1213/1213 1238/1238/1238 1240/1240/1240
f 1240/1240/1240 1238/1238/1238 1239/1239/1239
f 1240/1240/1240 1239/1239/1239 1241/1241/1241
f 1215/1215/1215 1213/1213/1213 1240/1240/1240
f 1215/1215/1215 1240/1240/1240 1242/1242/1242
f 1242/1242/1242 1240/1240/1240 1241/1241/1241
f 1242/1242/1242 1241/1241/1241 1243/1243/1243
f 1217/1217/1217 1215/1215/1215 1242/1242/1242
f 1217/1217/1217 1242/1242/1242 1244/1244/1244
f 1244/1244/1244 1242/1242/1242 1243/1243/1243
f 1244/1244/1244 1243/1243/1243 1245/1245/1245
f 1219/1219/1219 1217/1217/1217 1244/1244/1244
f 1219/1219/1219 1244/1244/1244 1246/1246/1246
f 1246/1246/1246 1244/1244/1244 1245/1245/1245
f 1246/1246/1246 1245/1245/1245 1247/1247/1247
f 1221/1221/1221 1219/1219/1219 1246/1246/1246
f 1221/1221/1221 1246/1246/1246 1226/1226/1226
f 1226/1226/1226 1246/1246/1246 1247/1247/1247
f 1226/1226/1226 1247/1247/1247 1227/1227/1227
f 1247/1247/1247 1245/1245/1245 1248/1248/1248
f 1247/1247/1247 1248/1248/1248 1249/1249/1249
f 1227/1227/1227 1247/1247/1247 1249/1249/1249
f 1227/1227/1227 1249/1249/1249 1250/1250/1250
f 1249/1249/1249 1248/1248/1248 1251/1251/1251
f 1249/1249/1249 1251/1251/1251 1252/1252/1252
f 1250/1250/1250 1249/1249/1249 1252/1252/1252
f 1250/1250/1250 1252/1252/1252 1253/1253/1253
f 1254/1254/1254 1250/1250/1250 1253/1253/1253
f 1254/1254/1254 1253/1253/1253 1255/1255/1255
f 1228/1228/1228 1227/1227/1227 1250/1250/1250
f 1228/1228/1228 1250/1250/1250 1254/1254/1254
f 1229/1229/1229 1228/1228/1228 1254/1254/1254
f 1229/1229/1229 1254/1254/1254 1256/1256/1256
f 1256/1256/1256 1254/1254/1254 1255/1255/1255
f 1256/1256/1256 1255/1255/1255 1257/1257/1257
f 1231/1231/1231 1229/1229/1229 1256/1256/1256
f 1231/1231/1231 1256/1256/1256 1258/1258/1258
f 1258/1258/1258 1256/1256/1256 1257/1257/1257
f 1258/1258/1258 1257/1257/1257 1259/1259/1259
f 1233/1233/1233 1231/1231/1231 1258/1258/1258
f 1233/1233/1233 1258/1258/1258 1260/1260/1260
f 1260/1260/1260 1258/1258/1258 1259/1259/1259
f 1260/1260/1260 1259/1259/1259 1261/1261/1261
f 1262/1262/1262 1260/1260/1260 1261/1261/1261
f 1262/1262/1262 1261/1261/1261 1263/1263/1263
f 1235/1235/1235 1233/1233/1233 1260/1260/1260
f 1235/1235/1235 1260/1260/1260 1262/1262/1262
f 1237/1237/1237 1235/1235/1235 1262/1262/1262
f 1237/1237/1237 1262/1262/1262 1264/1264/1264
f 1264/1264/1264 1262/1262/1262 1263/1263/1263
f 1264/1264/1264 1263/1263/1263 1265/1265/1265
f 1266/1266/1266 1264/1264/1264 1265/1265/1265
f 1266/1266/1266 1265/1265/1265 1267/1267/1267
f 1239/1239/1239 1237/1237/1237 1264/1264/1264
f 1239/1239/1239 1264/1264/1264 1266/1266/1266
f 1241/1241/1241 1239/1239/1239 1266/1266/1266
f 1241/1241/1241 1266/1266/1266 1268/1268/1268
f 1268/1268/1268 1266/1266/1266 1267/1267/1267
f 1268/1268/1268 1267/1267/1267 1269/1269/1269
f 1243/1243/1243 1241/1241/1241 1268/1268/1268
f 1243/1243/1243 1268/1268/1268 1270/1270/1270
f 1270/1270/1270 1268/1268/1268 1269/1269/1269
f 1270/1270/1270 1269/1269/1269 1271/1271/1271
f 1245/1245/1245 1243/1243/1243 1270/1270/1270
f 1245/1245/1245 1270/1270/1270 1248/1248/1248
f 1248/1248/1248 1270/1270/1270 1271/1271/1271
f 1248/1248/1248 1271/1271/1271 1251/1251/1251
f 1251/1251/1251 1271/1271/1271 1272/1272/1272
f 1251/1251/1251 1272/1272/1272 1273/1273/1273
f 1271/1271/1271 1269/1269/1269 1274/1274/1274
f 1271/1271/1271 1274/1274/1274 1272/1272/1272
f 1272/1272/1272 1274/1274/1274 1275/1275/1275
f 1272/1272/1272 1275/1275/1275 1276/1276/1276
f 1273/1273/1273 1272/1272/1272 1276/1276/1276
f 1273/1273/1273 1276/1276/1276 1277/1277/1277
f 1278/1278/1278 1273/1273/1273 1277/1277/1277
f 1278/1278/1278 1277/1277/1277 1279/1279/1279
f 1252/1252/1252 1251/1251/1251 1273/1273/1273
f 1252/1252/1252 1273/1273/1273 1278/1278/1278
f 1253/1253/1253 1252/1252/1252 1278/1278/1278
f 1253/1253/1253 1278/1278/1278 1280/1280/1280
f 1280/1280/1280 1278/1278/1278 1279/1279/1279
f 1280/1280/1280 1279/1279/1279 1281/1281/1281
f 1255/1255/1255 1253/1253/1253 1280/1280/1280
f 1255/1255/1255 1280/1280/1280 1282/1282/1282
f 1282/1282/1282 1280/1280/1280 1281/1281/1281
f 1282/1282/1282 1281/1281/1281 1283/1283/1283
f 1257/1257/1257 1255/1255/1255 1282/1282/1282
f 1257/1257/1257 1282/1282/1282 1284/1284/1284
f 1284/1284/1284 1282/1282/1282 1283/1283/1283
f 1284/1284/1284 1283/1283/1283 1285/1285/1285
f 1286/1286/1286 1284/1284/1284 1285/1285/1285
f 1286/1286/1286 1285/1285/1285 1287/1287/1287
f 1259/1259/1259 1257/1257/1257 1284/1284/1284
f 1259/1259/1259 1284/1284/1284 1286/1286/1286
f 1261/1261/1261 1259/1259/1259 1286/1286/1286
f 1261/1261/1261 1286/1286/1286 1288/1288/1288
f 1288/1288/1288 1286/1286/1286 1287/1287/1287
f 1288/1288/1288 1287/1287/1287 1289/1289/1289
f 1290/1290/1290 1288/1288/1288 1289/1289/1289
f 1290/1290/1290 1289/1289/1289 1291/1291/1291
f 1263/1263/1263 1261/1261/1261 1288/1288/1288
f 1263/1263/1263 1288/1288/1288 1290/1290/1290
f 1265/1265/1265 1263/1263/1263 1290/1290/1290
f 1265/1265/1265 1290/1290/1290 1292/1292/1292
f 1292/1292/1292 1290/1290/1290 1291/1291/1291
f 1292/1292/1292 1291/1291/1291 1293/1293/1293
f 1267/1267/1267 1265/1265/1265 1292/1292/1292
f 1267/1267/1267 1292/1292/1292 1294/1294/1294
f 1294/1294/1294 1292/1292/1292 1293/1293/1293
f 1294/1294/1294 1293/1293/1293 1295/1295/1295
f 1269/1269/1269 1267/1267/1267 1294/1294/1294
f 1269/1269/1269 1294/1294/1294 1274/1274/1274
f 1274/1274/1274 1294/1294/1294 1295/1295/1295
f 1274/1274/1274 1295/1295/1295 1275/1275/1275
f 1275/1275/1275 1295/1295/1295 1296/1296/1296
f 1275/1275/1275 1296/1296/1296 1297/1297/1297
f 1295/1295/1295 1293/1293/1293 1298/1298/1298
f 1295/1295/1295 1298/1298/1298 1296/1296/1296
f 1296/1296/1296 1298/1298/1298 1299/1299/1299
f 1296/1296/1296 1299/1299/1299 1300/1300/1300
f 1297/1297/1297 1296/1296/1296 1300/1300/1300
f 1297/1297/1297 1300/1300/1300 1301/1301/1301
f 1276/1276/1276 1275/1275/1275 1297/1297/1297
f 1276/1276/1276 1297/1297/1297 1302/1302/1302
f 1302/1302/1302 1297/1297/1297 1301/1301/1301
f 1302/1302/1302 1301/1301/1301 1303/1303/1303
f 1277/1277/1277 1276/1276/1276 1302/1302/1302
f 1277/1277/1277 1302/1302/1302 1304/1304/1304
f 1304/1304/1304 1302/1302/1302 1303/1303/1303
f 1304/1304/1304 1303/1303/1303 1305/1305/1305
f 1279/1279/1279 1277/1277/1277 1304/1304/1304
f 1279/1279/1279 1304/1304/1304 1306/1306/1306
f 1306/1306/1306 1304/1304/1304 1305/1305/1305
f 1306/1306/1306 1305/1305/1305 1307/1307/1307
f 1281/1281/1281 1279/1279/1279 1306/1306/1306
f 1281/1281/1281 1306/1306/1306 1308/1308/1308
f 1308/1308/1308 1306/1306/1306 1307/1307/1307
f 1308/1308/1308 1307/1307/1307 1309/1309/1309
f 1310/1310/1310 1308/1308/1308 1309/1309/1309
f 1310/1310/1310 1309/1309/1309 1311/1311/1311
f 1283/1283/1283 1281/1281/1281 1308/1308/1308
f 1283/1283/1283 1308/1308/1308 1310/1310/1310
f 1285/1285/1285 1283/1283/1283 1310/1310/1310
f 1285/1285/1285 1310/1310/1310 1312/1312/1312
f 1312/1312/1312 1310/1310/1310 1311/1311/1311
f 1312/1312/1312 1311/1311/1311 1313/1313/1313
f 1314/1314/1314 1312/1312/1312 1313/1313/1313
f 1314/1314/1314 1313/1313/1313 1315/1315/1315
f 1287/1287/1287 1285/1285/1285 1312/1312/1312
f 1287/1287/1287 1312/1312/1312 1314/1314/1314
f 1289/1289/1289 1287/1287/1287 1314/1314/1314
f 1289/1289/1289 1314/1314/1314 1316/1316/1316
f 1316/1316/1316 1314/1314/1314 1315/1315/1315
f 1316/1316/1316 1315/1315/1315 1317/1317/1317
f 1291/1291/1291 1289/1289/1289 1316/1316/1316
f 1291/1291/1291 1316/1316/1316 1318/1318/1318
f 1318/1318/1318 1316/1316/1316 1317/1317/1317
f 1318/1318/1318 1317/1317/1317 1319/1319/1319
f 1293/1293/1293 1291/1291/1291 1318/1318/1318
f 1293/1293/1293 1318/1318/1318 1298/1298/1298
f 1298/1298/1298 1318/1318/1318 1319/1319/1319
f 1298/1298/1298 1319/1319/1319 1299/1299/1299
f 998/998/998 1320/1320/1320 1029/1029/1029
f 998/998/998 1029/1029/1029 999/999/999
f 1320/1320/1320 1321/1321/1321 1026/1026/1026
f 1320/1320/1320 1026/1026/1026 1029/1029/1029
f 1322/1322/1322 1323/1323/1323 1321/1321/1321
f 1322/1322/1322 1321/1321/1321 1320/1320/1320
f 997/997/997 1322/1322/1322 1320/1320/1320
f 997/997/997 1320/1320/1320 998/998/998
f 1321/1321/1321 1324/1324/1324 1025/1025/1025
f 1321/1321/1321 1025/1025/1025 1026/1026/1026
f 1323/1323/1323 1325/1325/1325 1324/1324/1324
f 1323/1323/1323 1324/1324/1324 1321/1321/1321
f 1325/1325/1325 1326/1326/1326 1327/1327/1327
f 1325/1325/1325 1327/1327/1327 1324/1324/1324
f 1324/1324/1324 1327/1327/1327 1020/1020/1020
f 1324/1324/1324 1020/1020/1020 1025/1025/1025
f 1326/1326/1326 1328/1328/1328 1329/1329/1329
f 1326/1326/1326 1329/1329/1329 1327/1327/1327
f 1327/1327/1327 1329/1329/1329 1017/1017/1017
f 1327/1327/1327 1017/1017/1017 1020/1020/1020
f 1328/1328/1328 1330/1330/1330 1331/1331/1331
f 1328/1328/1328 1331/1331/1331 1329/1329/1329
f 1329/1329/1329 1331/1331/1331 1014/1014/1014
f 1329/1329/1329 1014/1014/1014 1017/1017/1017
f 1331/1331/1331 1332/1332/1332 1013/1013/1013
f 1331/1331/1331 1013/1013/1013 1014/1014/1014
f 1330/1330/1330 1333/1333/1333 1332/1332/1332
f 1330/1330/1330 1332/1332/1332 1331/1331/1331
f 1333/1333/1333 1334/1334/1334 1335/1335/1335
f 1333/1333/1333 1335/1335/1335 1332/1332/1332
f 1332/1332/1332 1335/1335/1335 1008/1008/1008
f 1332/1332/1332 1008/1008/1008 1013/1013/1013
f 1334/1334/1334 988/988/988 991/991/991
f 1334/1334/1334 991/991/991 1335/1335/1335
f 1335/1335/1335 991/991/991 996/996/996
f 1335/1335/1335 996/996/996 1008/1008/1008
f 1336/1336/1336 1337/1337/1337 1338/1338/1338
f 1336/1336/1336 1338/1338/1338 1339/1339/1339
f 1337/1337/1337 1336/1336/1336 1340/1340/1340
f 1337/1337/1337 1340/1340/1340 1341/1341/1341
f 1336/1336/1336 1342/1342/1342 1343/1343/1343
f 1336/1336/1336 1343/1343/1343 1340/1340/1340
f 1342/1342/1342 1336/1336/1336 1339/1339/1339
f 1342/1342/1342 1339/1339/1339 1344/1344/1344
f 1344/1344/1344 1339/1339/1339 1345/1345/1345
f 1344/1344/1344 1345/1345/1345 1346/1346/1346
f 1339/1339/1339 1338/1338/1338 1347/1347/1347
f 1339/1339/1339 1347/1347/1347 1345/1345/1345
f 1348/1348/1348 1342/1342/1342 1344/1344/1344
f 1348/1348/1348 1344/1344/1344 1349/1349/1349
f 1349/1349/1349 1344/1344/1344 1346/1346/1346
f 1349/1349/1349 1346/1346/1346 1350/1350/1350
f 1351/1351/1351 1349/1349/1349 1350/1350/1350
f 1351/1351/1351 1350/1350/1350 1352/1352/1352
f 1353/1353/1353 1348/1348/1348 1349/1349/1349
f 1353/1353/1353 1349/1349/1349 1351/1351/1351
f 1354/1354/1354 1353/1353/1353 1351/1351/1351
f 1354/1354/1354 1351/1351/1351 1355/1355/1355
f 1355/1355/1355 1351/1351/1351 1352/1352/1352
f 1355/1355/1355 1352/1352/1352 1356/1356/1356
f 1357/1357/1357 1354/1354/1354 1355/1355/1355
f 1357/1357/1357 1355/1355/1355 1358/1358/1358
f 1358/1358/1358 1355/1355/1355 1356/1356/1356
f 1358/1358/1358 1356/1356/1356 1359/1359/1359
f 1360/1360/1360 1357/1357/1357 1358/1358/1358
f 1360/1360/1360 1358/1358/1358 1361/1361/1361
f 1361/1361/1361 1358/1358/1358 1359/1359/1359
f 1361/1361/1361 1359/1359/1359 1362/1362/1362
f 1363/1363/1363 1361/1361/1361 1362/1362/1362
f 1363/1363/1363 1362/1362/1362 1364/1364/1364
f 1365/1365/1365 1360/1360/1360 1361/1361/1361
f 1365/1365/1365 1361/1361/1361 1363/1363/1363
f 1366/1366/1366 1365/1365/1365 1363/1363/1363
f 1366/1366/1366 1363/1363/1363 1367/1367/1367
f 1367/1367/1367 1363/1363/1363 1364/1364/1364
f 1367/1367/1367 1364/1364/1364 1368/1368/1368
f 1369/1369/1369 1366/1366/1366 1367/1367/1367
f 1369/1369/1369 1367/1367/1367 1370/1370/1370
f 1370/1370/1370 1367/1367/1367 1368/1368/1368
f 1370/1370/1370 1368/1368/1368 1371/1371/1371
f 1372/1372/1372 1369/1369/1369 1370/1370/1370
f 1372/1372/1372 1370/1370/1370 1373/1373/1373
f 1373/1373/1373 1370/1370/1370 1371/1371/1371
f 1373/1373/1373 1371/1371/1371 1374/1374/1374
f 1338/1338/1338 1373/1373/1373 1374/1374/1374
f 1338/1338/1338 1374/1374/1374 1347/1347/1347
f 1337/1337/1337 1372/1372/1372 1373/1373/1373
f 1337/1337/1337 1373/1373/1373 1338/1338/1338
f 1372/1372/1372 1337/1337/1337 1341/1341/1341
f 1372/1372/1372 1341/1341/1341 1375/1375/1375
f 1369/1369/1369 1372/1372/1372 1375/1375/1375
f 1369/1369/1369 1375/1375/1375 1376/1376/1376
f 1376/1376/1376 1375/1375/1375 1377/1377/1377
f 1376/1376/1376 1377/1377/1377 1378/1378/1378
f 1375/1375/1375 1341/1341/1341 1379/1379/1379
f 1375/1375/1375 1379/1379/1379 1377/1377/1377
f 1366/1366/1366 1369/1369/1369 1376/1376/1376
f 1366/1366/1366 1376/1376/1376 1380/1380/1380
f 1380/1380/1380 1376/1376/1376 1378/1378/1378
f 1380/1380/1380 1378/1378/1378 1381/1381/1381
f 1382/1382/1382 1380/1380/1380 1381/1381/1381
f 1382/1382/1382 1381/1381/1381 1383/1383/1383
f 1365/1365/1365 1366/1366/1366 1380/1380/1380
f 1365/1365/1365 1380/1380/1380 1382/1382/1382
f 1360/1360/1360 1365/1365/1365 1382/1382/1382
f 1360/1360/1360 1382/1382/1382 1384/1384/1384
f 1384/1384/1384 1382/1382/1382 1383/1383/1383
f 1384/1384/1384 1383/1383/1383 1385/1385/1385
f 1357/1357/1357 1360/1360/1360 1384/1384/1384
f 1357/1357/1357 1384/1384/1384 1386/1386/1386
f 1386/1386/1386 1384/1384/1384 1385/1385/1385
f 1386/1386/1386 1385/1385/1385 1387/1387/1387
f 1354/1354/1354 1357/1357/1357 1386/1386/1386
f 1354/1354/1354 1386/1386/1386 1388/1388/1388
f 1388/1388/1388 1386/1386/1386 1387/1387/1387
f 1388/1388/1388 1387/1387/1387 1389/1389/1389
f 1390/1390/1390 1388/1388/1388 1389/1389/1389
f 1390/1390/1390 1389/1389/1389 1391/1391/1391
f 1353/1353/1353 1354/1354/1354 1388/1388/1388
f 1353/1353/1353 1388/1388/1388 1390/1390/1390
f 1348/1348/1348 1353/1353/1353 1390/1390/1390
f 1348/1348/1348 1390/1390/1390 1392/1392/1392
f 1392/1392/1392 1390/1390/1390 1391/1391/1391
f 1392/1392/1392 1391/1391/1391 1393/1393/1393
f 1343/1343/1343 1392/1392/1392 1393/1393/1393
f 1343/1343/1343 1393/1393/1393 1394/1394/1394
f 1342/1342/1342 1348/1348/1348 1392/1392/1392
f 1342/1342/1342 1392/1392/1392 1343/1343/1343
f 1340/1340/1340 1343/1343/1343 1394/1394/1394
f 1340/1340/1340 1394/1394/1394 1395/1395/1395
f 1394/1394/1394 1393/1393/1393 1396/1396/1396
f 1394/1394/1394 1396/1396/1396 1397/1397/1397
f 1395/1395/1395 1394/1394/1394 1397/1397/1397
f 1395/1395/1395 1397/1397/1397 1398/1398/1398
f 1397/1397/1397 1396/1396/1396 1399/1399/1399
f 1397/1397/1397 1399/1399/1399 1400/1400/1400
f 1398/1398/1398 1397/1397/1397 1400/1400/1400
f 1398/1398/1398 1400/1400/1400 1401/1401/1401
f 1379/1379/1379 1395/1395/1395 1398/1398/1398
f 1379/1379/1379 1398/1398/1398 1402/1402/1402
f 1402/1402/1402 1398/1398/1398 1401/1401/1401
f 1402/1402/1402 1401/1401/1401 1403/1403/1403
f 1377/1377/1377 1379/1379/1379 1402/1402/1402
f 1377/1377/1377 1402/1402/1402 1404/1404/1404
f 1404/1404/1404 1402/1402/1402 1403/1403/1403
f 1404/1404/1404 1403/1403/1403 1405/1405/1405
f 1378/1378/1378 1377/1377/1377 1404/1404/1404
f 1378/1378/1378 1404/1404/1404 1406/1406/1406
f 1406/1406/1406 1404/1404/1404 1405/1405/1405
f 1406/1406/1406 1405/1405/1405 1407/1407/1407
f 1381/1381/1381 1378/1378/1378 1406/1406/1406
f 1381/1381/1381 1406/1406/1406 1408/1408/1408
f 1408/1408/1408 1406/1406/1406 1407/1407/1407
f 1408/1408/1408 1407/1407/1407 1409/1409/1409
f 1410/1410/1410 1408/1408/1408 1409/1409/1409
f 1410/1410/1410 1409/1409/1409 1411/1411/1411
f 1383/1383/1383 1381/1381/1381 1408/1408/1408
f 1383/1383/1383 1408/1408/1408 1410/1410/1410
f 1385/1385/1385 1383/1383/1383 1410/1410/1410
f 1385/1385/1385 1410/1410/1410 1412/1412/1412
f 1412/1412/1412 1410/1410/1410 1411/1411/1411
f 1412/1412/1412 1411/1411/1411 1413/1413/1413
f 1387/1387/1387 1385/1385/1385 1412/1412/1412
f 1387/1387/1387 1412/1412/1412 1414/1414/1414
f 1414/1414/1414 1412/1412/1412 1413/1413/1413
f 1414/1414/1414 1413/1413/1413 1415/1415/1415
f 1389/1389/1389 1387/1387/1387 1414/1414/1414
f 1389/1389/1389 1414/1414/1414 1416/1416/1416
f 1416/1416/1416 1414/1414/1414 1415/1415/1415
f 1416/1416/1416 1415/1415/1415 1417/1417/1417
f 1418/1418/1418 1416/1416/1416 1417/1417/1417
f 1418/1418/1418 1417/1417/1417 1419/1419/1419
f 1391/1391/1391 1389/1389/1389 1416/1416/1416
f 1391/1391/1391 1416/1416/1416 1418/1418/1418
f 1393/1393/1393 1391/1391/1391 1418/1418/1418
f 1393/1393/1393 1418/1418/1418 1396/1396/1396
f 1396/1396/1396 1418/1418/1418 1419/1419/1419
f 1396/1396/1396 1419/1419/1419 1399/1399/1399
f 1419/1419/1419 1417/1417/1417 1420/1420/1420
f 1419/1419/1419 1420/1420/1420 1421/1421/1421
f 1399/1399/1399 1419/1419/1419 1421/1421/1421
f 1399/1399/1399 1421/1421/1421 1422/1422/1422
f 1421/1421/1421 1420/1420/1420 1423/1423/1423
f 1421/1421/1421 1423/1423/1423 1424/1424/1424
f 1422/1422/1422 1421/1421/1421 1424/1424/1424
f 1422/1422/1422 1424/1424/1424 1425/1425/1425
f 1426/1426/1426 1422/1422/1422 1425/1425/1425
f 1426/1426/1426 1425/1425/1425 1427/1427/1427
f 1400/1400/1400 1399/1399/1399 1422/1422/1422
f 1400/1400/1400 1422/1422/1422 1426/1426/1426
f 1401/1401/1401 1400/1400/1400 1426/1426/1426
f 1401/1401/1401 1426/1426/1426 1428/1428/1428
f 1428/1428/1428 1426/1426/1426 1427/1427/1427
f 1428/1428/1428 1427/1427/1427 1429/1429/1429
f 1403/1403/1403 1401/1401/1401 1428/1428/1428
f 1403/1403/1403 1428/1428/1428 1430/1430/1430
f 1430/1430/1430 1428/1428/1428 1429/1429/1429
f 1430/1430/1430 1429/1429/1429 1431/1431/1431
f 1405/1405/1405 1403/1403/1403 1430/1430/1430
f 1405/1405/1405 1430/1430/1430 1432/1432/1432
f 1432/1432/1432 1430/1430/1430 1431/1431/1431
f 1432/1432/1432 1431/1431/1431 1433/1433/1433
f 1407/1407/1407 1405/1405/1405 1432/1432/1432
f 1407/1407/1407 1432/1432/1432 1434/1434/1434
f 1434/1434/1434 1432/1432/1432 1433/1433/1433
f 1434/1434/1434 1433/1433/1433 1435/1435/1435
f 1409/1409/1409 1407/1407/1407 1434/1434/1434
f 1409/1409/1409 1434/1434/1434 1436/1436/1436
f 1436/1436/1436 1434/1434/1434 1435/1435/1435
f 1436/1436/1436 1435/1435/1435 1437/1437/1437
f 1438/1438/1438 1436/1436/1436 1437/1437/1437
f 1438/1438/1438 1437/1437/1437 1439/1439/1439
f 1411/1411/1411 1409/1409/1409 1436/1436/1436
f 1411/1411/1411 1436/1436/1436 1438/1438/1438
f 1413/1413/1413 1411/1411/1411 1438/1438/1438
f 1413/1413/1413 1438/1438/1438 1440/1440/1440
f 1440/1440/1440 1438/1438/1438 1439/1439/1439
f 1440/1440/1440 1439/1439/1439 1441/1441/1441
f 1415/1415/1415 1413/1413/1413 1440/1440/1440
f 1415/1415/1415 1440/1440/1440 1442/1442/1442
f 1442/1442/1442 1440/1440/1440 1441/1441/1441
f 1442/1442/1442 1441/1441/1441 1443/1443/1443
f 1417/1417/1417 1415/1415/1415 1442/1442/1442
f 1417/1417/1417 1442/1442/1442 1420/1420/1420
f 1420/1420/1420 1442/1442/1442 1443/1443/1443
f 1420/1420/1420 1443/1443/1443 1423/1423/1423
f 1443/1443/1443 1441/1441/1441 1444/1444/1444
f 1443/1443/1443 1444/1444/1444 1445/1445/1445
f 1423/1423/1423 1443/1443/1443 1445/1445/1445
f 1423/1423/1423 1445/1445/1445 1446/1446/1446
f 1445/1445/1445 1444/1444/1444 1447/1447/1447
f 1445/1445/1445 1447/1447/1447 1448/1448/1448
f 1446/1446/1446 1445/1445/1445 1448/1448/1448
f 1446/1446/1446 1448/1448/1448 1449/1449/1449
f 1450/1450/1450 1446/1446/1446 1449/1449/1449
f 1450/1450/1450 1449/1449/1449 1451/1451/1451
f 1424/1424/1424 1423/1423/1423 1446/1446/1446
f 1424/1424/1424 1446/1446/1446 1450/1450/1450
f 1425/1425/1425 1424/1424/1424 1450/1450/1450
f 1425/1425/1425 1450/1450/1450 1452/1452/1452
f 1452/1452/1452 1450/1450/1450 1451/1451/1451
f 1452/1452/1452 1451/1451/1451 1453/1453/1453
f 1454/1454/1454 1452/1452/1452 1453/1453/1453
f 1454/1454/1454 1453/1453/1453 1455/1455/1455
f 1427/1427/1427 1425/1425/1425 1452/1452/1452
f 1427/1427/1427 1452/1452/1452 1454/1454/1454
f 1429/1429/1429 1427/1427/1427 1454/1454/1454
f 1429/1429/1429 1454/1454/1454 1456/1456/1456
f 1456/1456/1456 1454/1454/1454 1455/1455/1455
f 1456/1456/1456 1455/1455/1455 1457/1457/1457
f 1431/1431/1431 1429/1429/1429 1456/1456/1456
f 1431/1431/1431 1456/1456/1456 1458/1458/1458
f 1458/1458/1458 1456/1456/1456 1457/1457/1457
f 1458/1458/1458 1457/1457/1457 1459/1459/1459
f 1433/1433/1433 1431/1431/1431 1458/1458/1458
f 1433/1433/1433 1458/1458/1458 1460/1460/1460
f 1460/1460/1460 1458/1458/1458 1459/1459/1459
f 1460/1460/1460 1459/1459/1459 1461/1461/1461
f 1435/1435/1435 1433/1433/1433 1460/1460/1460
f 1435/1435/1435 1460/1460/1460 1462/1462/1462
f 1462/1462/1462 1460/1460/1460 1461/1461/1461
f 1462/1462/1462 1461/1461/1461 1463/1463/1463
f 1437/1437/1437 1435/1435/1435 1462/1462/1462
f 1437/1437/1437 1462/1462/1462 1464/1464/1464
f 1464/1464/1464 1462/1462/1462 1463/1463/1463
f 1464/1464/1464 1463/1463/1463 1465/1465/1465
f 1466/1466/1466 1464/1464/1464 1465/1465/1465
f 1466/1466/1466 1465/1465/1465 1467/1467/1467
f 1439/1439/1439 1437/1437/1437 1464/1464/1464
f 1439/1439/1439 1464/1464/1464 1466/1466/1466
f 1441/1441/1441 1439/1439/1439 1466/1466/1466
f 1441/1441/1441 1466/1466/1466 1444/1444/1444
f 1444/1444/1444 1466/1466/1466 1467/1467/1467
f 1444/1444/1444 1467/1467/1467 1447/1447/1447
f 1447/1447/1447 1467/1467/1467 1468/1468/1468
f 1447/1447/1447 1468/1468/1468 1469/1469/1469
f 1467/1467/1467 1465/1465/1465 1470/1470/1470
f 1467/1467/1467 1470/1470/1470 1468/1468/1468
f 1468/1468/1468 1470/1470/1470 1471/1471/1471
f 1468/1468/1468 1471/1471/1471 1472/1472/1472
f 1469/1469/1469 1468/1468/1468 1472/1472/1472
f 1469/1469/1469 1472/1472/1472 1473/1473/1473
f 1474/1474/1474 1469/1469/1469 1473/1473/1473
f 1474/1474/1474 1473/1473/1473 1475/1475/1475
f 1448/1448/1448 1447/1447/1447 1469/1469/1469
f 1448/1448/1448 1469/1469/1469 1474/1474/1474
f 1449/1449/1449 1448/1448/1448 1474/1474/1474
f 1449/1449/1449 1474/1474/1474 1476/1476/1476
f 1476/1476/1476 1474/1474/1474 1475/1475/1475
f 1476/1476/1476 1475/1475/1475 1477/1477/1477
f 1451/1451/1451 1449/1449/1449 1476/1476/1476
f 1451/1451/1451 1476/1476/1476 1478/1478/1478
f 1478/1478/1478 1476/1476/1476 1477/1477/1477
f 1478/1478/1478 1477/1477/1477 1479/1479/1479
f 1453/1453/1453 1451/1451/1451 1478/1478/1478
f 1453/1453/1453 1478/1478/1478 1480/1480/1480
f 1480/1480/1480 1478/1478/1478 1479/1479/1479
f 1480/1480/1480 1479/1479/1479 1481/1481/1481
f 1482/1482/1482 1480/1480/1480 1481/1481/1481
f 1482/1482/1482 1481/1481/1481 1483/1483/1483
f 1455/1455/1455 1453/1453/1453 1480/1480/1480
f 1455/1455/1455 1480/1480/1480 1482/1482/1482
f 1457/1457/1457 1455/1455/1455 1482/1482/1482
f 1457/1457/1457 1482/1482/1482 1484/1484/1484
f 1484/1484/1484 1482/1482/1482 1483/1483/1483
f 1484/1484/1484 1483/1483/1483 1485/1485/1485
f 1459/1459/1459 1457/1457/1457 1484/1484/1484
f 1459/1459/1459 1484/1484/1484 1486/1486/1486
f 1486/1486/1486 1484/1484/1484 1485/1485/1485
f 1486/1486/1486 1485/1485/1485 1487/1487/1487
f 1461/1461/1461 1459/1459/1459 1486/1486/1486
f 1461/1461/1461 1486/1486/1486 1488/1488/1488
f 1488/1488/1488 1486/1486/1486 1487/1487/1487
f 1488/1488/1488 1487/1487/1487 1489/1489/1489
f 1490/1490/1490 1488/1488/1488 1489/1489/1489
f 1490/1490/1490 1489/1489/1489 1491/1491/1491
f 1463/1463/1463 1461/1461/1461 1488/1488/1488
f 1463/1463/1463 1488/1488/1488 1490/1490/1490
f 1465/1465/1465 1463/1463/1463 1490/1490/1490
f 1465/1465/1465 1490/1490/1490 1470/1470/1470
f 1470/1470/1470 1490/1490/1490 1491/1491/1491
f 1470/1470/1470 1491/1491/1491 1471/1471/1471
f 1471/1471/1471 1491/1491/1491 1492/1492/1492
f 1471/1471/1471 1492/1492/1492 1493/1493/1493
f 1491/1491/1491 1489/1489/1489 1494/1494/1494
f 1491/1491/1491 1494/1494/1494 1492/1492/1492
f 1492/1492/1492 1494/1494/1494 1495/1495/1495
f 1492/1492/1492 1495/1495/1495 1496/1496/1496
f 1493/1493/1493 1492/1492/1492 1496/1496/1496
f 1493/1493/1493 1496/1496/1496 1497/1497/1497
f 1498/1498/1498 1493/1493/1493 1497/1497/1497
f 1498/1498/1498 1497/1497/1497 1499/1499/1499
f 1472/1472/1472 1471/1471/1471 1493/1493/1493
f 1472/1472/1472 1493/1493/1493 1498/1498/1498
f 1473/1473/1473 1472/1472/1472 1498/1498/1498
f 1473/1473/1473 1498/1498/1498 1500/1500/1500
f 1500/1500/1500 1498/1498/1498 1499/1499/1499
f 1500/1500/1500 1499/1499/1499 1501/1501/1501
f 1475/1475/1475 1473/1473/1473 1500/1500/1500
f 1475/1475/1475 1500/1500/1500 1502/1502/1502
f 1502/1502/1502 1500/1500/1500 1501/1501/1501
f 1502/1502/1502 1501/1501/1501 1503/1503/1503
f 1477/1477/1477 1475/1475/1475 1502/1502/1502
f 1477/1477/1477 1502/1502/1502 1504/1504/1504
f 1504/1504/1504 1502/1502/1502 1503/1503/1503
f 1504/1504/1504 1503/1503/1503 1505/1505/1505
f 1506/1506/1506 1504/1504/1504 1505/1505/1505
f 1506/1506/1506 1505/1505/1505 1507/1507/1507
f 1479/1479/1479 1477/1477/1477 1504/1504/1504
f 1479/1479/1479 1504/1504/1504 1506/1506/1506
f 1481/1481/1481 1479/1479/1479 1506/1506/1506
f 1481/1481/1481 1506/1506/1506 1508/1508/1508
f 1508/1508/1508 1506/1506/1506 1507/1507/1507
f 1508/1508/1508 1507/1507/1507 1509/1509/1509
f 1483/1483/1483 1481/1481/1481 1508/1508/1508
f 1483/1483/1483 1508/1508/1508 1510/1510/1510
f 1510/1510/1510 1508/1508/1508 1509/1509/1509
f 1510/1510/1510 1509/1509/1509 1511/1511/1511
f 1485/1485/1485 1483/1483/1483 1510/1510/1510
f 1485/1485/1485 1510/1510/1510 1512/1512/1512
f 1512/1512/1512 1510/1510/1510 1511/1511/1511
f 1512/1512/1512 1511/1511/1511 1513/1513/1513
f 1514/1514/1514 1512/1512/1512 1513/1513/1513
f 1514/1514/1514 1513/1513/1513 1515/1515/1515
f 1487/1487/1487 1485/1485/1485 1512/1512/1512
f 1487/1487/1487 1512/1512/1512 1514/1514/1514
f 1489/1489/1489 1487/1487/1487 1514/1514/1514
f 1489/1489/1489 1514/1514/1514 1494/1494/1494
f 1494/1494/1494 1514/1514/1514 1515/1515/1515
f 1494/1494/1494 1515/1515/1515 1495/1495/1495
f 1495/1495/1495 1515/1515/1515 1516/1516/1516
f 1495/1495/1495 1516/1516/1516 1517/1517/1517
f 1515/1515/1515 1513/1513/1513 1518/1518/1518
f 1515/1515/1515 1518/1518/1518 1516/1516/1516
f 1516/1516/1516 1518/1518/1518 1519/1519/1519
f 1516/1516/1516 1519/1519/1519 1520/1520/1520
f 1517/1517/1517 1516/1516/1516 1520/1520/1520
f 1517/1517/1517 1520/1520/1520 1521/1521/1521
f 1522/1522/1522 1517/1517/1517 1521/1521/1521
f 1522/1522/1522 1521/1521/1521 1523/1523/1523
f 1496/1496/1496 1495/1495/1495 1517/1517/1517
f 1496/1496/1496 1517/1517/1517 1522/1522/1522
f 1497/1497/1497 1496/1496/1496 1522/1522/1522
f 1497/1497/1497 1522/1522/1522 1524/1524/1524
f 1524/1524/1524 1522/1522/1522 1523/1523/1523
f 1524/1524/1524 1523/1523/1523 1525/1525/1525
f 1499/1499/1499 1497/1497/1497 1524/1524/1524
f 1499/1499/1499 1524/1524/1524 1526/1526/1526
f 1526/1526/1526 1524/1524/1524 1525/1525/1525
f 1526/1526/1526 1525/1525/1525 1527/1527/1527
f 1501/1501/1501 1499/1499/1499 1526/1526/1526
f 1501/1501/1501 1526/1526/1526 1528/1528/1528
f 1528/1528/1528 1526/1526/1526 1527/1527/1527
f 1528/1528/1528 1527/1527/1527 1529/1529/1529
f 1530/1530/1530 1528/1528/1528 1529/1529/1529
f 1530/1530/1530 1529/1529/1529 1531/1531/1531
f 1503/1503/1503 1501/1501/1501 1528/1528/1528
f 1503/1503/1503 1528/1528/1528 1530/1530/1530
f 1505/1505/1505 1503/1503/1503 1530/1530/1530
f 1505/1505/1505 1530/1530/1530 1532/1532/1532
f 1532/1532/1532 1530/1530/1530 1531/1531/1531
f 1532/1532/1532 1531/1531/1531 1533/1533/1533
f 1507/1507/1507 1505/1505/1505 1532/1532/1532
f 1507/1507/1507 1532/1532/1532 1534/1534/1534
f 1534/1534/1534 1532/1532/1532 1533/1533/1533
f 1534/1534/1534 1533/1533/1533 1535/1535/1535
f 1509/1509/1509 1507/1507/1507 1534/1534/1534
f 1509/1509/1509 1534/1534/1534 1536/1536/1536
f 1536/1536/1536 1534/1534/1534 1535/1535/1535
f 1536/1536/1536 1535/1535/1535 1537/1537/1537
f 1538/1538/1538 1536/1536/1536 1537/1537/1537
f 1538/1538/1538 1537/1537/1537 1539/1539/1539
f 1511/1511/1511 1509/1509/1509 1536/1536/1536
f 1511/1511/1511 1536/1536/1536 1538/1538/1538
f 1513/1513/1513 1511/1511/1511 1538/1538/1538
f 1513/1513/1513 1538/1538/1538 1518/1518/1518
f 1518/1518/1518 1538/1538/1538 1539/1539/1539
f 1518/1518/1518 1539/1539/1539 1519/1519/1519
f 1519/1519/1519 1539/1539/1539 1540/1540/1540
f 1519/1519/1519 1540/1540/1540 1541/1541/1541
f 1539/1539/1539 1537/1537/1537 1542/1542/1542
f 1539/1539/1539 1542/1542/1542 1540/1540/1540
f 1540/1540/1540 1542/1542/1542 1543/1543/1543
f 1540/1540/1540 1543/1543/1543 1544/1544/1544
f 1541/1541/1541 1540/1540/1540 1544/1544/1544
f 1541/1541/1541 1544/1544/1544 1545/1545/1545
f 1546/1546/1546 1541/1541/1541 1545/1545/1545
f 1546/1546/1546 1545/1545/1545 1547/1547/1547
f 1520/1520/1520 1519/1519/1519 1541/1541/1541
f 1520/1520/1520 1541/1541/1541 1546/1546/1546
f 1521/1521/1521 1520/1520/1520 1546/1546/1546
f 1521/1521/1521 1546/1546/1546 1548/1548/1548
f 1548/1548/1548 1546/1546/1546 1547/1547/1547
f 1548/1548/1548 1547/1547/1547 1549/1549/1549
f 1523/1523/1523 1521/1521/1521 1548/1548/1548
f 1523/1523/1523 1548/1548/1548 1550/1550/1550
f 1550/1550/1550 1548/1548/1548 1549/1549/1549
f 1550/1550/1550 1549/1549/1549 1551/1551/1551
f 1525/1525/1525 1523/1523/1523 1550/1550/1550
f 1525/1525/1525 1550/1550/1550 1552/1552/1552
f 1552/1552/1552 1550/1550/1550 1551/1551/1551
f 1552/1552/1552 1551/1551/1551 1553/1553/1553
f 1554/1554/1554 1552/1552/1552 1553/1553/1553
f 1554/1554/1554 1553/1553/1553 1555/1555/1555
f 1527/1527/1527 1525/1525/1525 1552/1552/1552
f 1527/1527/1527 1552/1552/1552 1554/1554/1554
f 1529/1529/1529 1527/1527/1527 1554/1554/1554
f 1529/1529/1529 1554/1554/1554 1556/1556/1556
f 1556/1556/1556 1554/1554/1554 1555/1555/1555
f 1556/1556/1556 1555/1555/1555 1557/1557/1557
f 1531/1531/1531 1529/1529/1529 1556/1556/1556
f 1531/1531/1531 1556/1556/1556 1558/1558/1558
f 1558/1558/1558 1556/1556/1556 1557/1557/1557
f 1558/1558/1558 1557/1557/1557 1559/1559/1559
f 1533/1533/1533 1531/1531/1531 1558/1558/1558
f 1533/1533/1533 1558/1558/1558 1560/1560/1560
f 1560/1560/1560 1558/1558/1558 1559/1559/1559
f 1560/1560/1560 1559/1559/1559 1561/1561/1561
f 1562/1562/1562 1560/1560/1560 1561/1561/1561
f 1562/1562/1562 1561/1561/1561 1563/1563/1563
f 1535/1535/1535 1533/1533/1533 1560/1560/1560
f 1535/1535/1535 1560/1560/1560 1562/1562/1562
f 1537/1537/1537 1535/1535/1535 1562/1562/1562
f 1537/1537/1537 1562/1562/1562 1542/1542/1542
f 1542/1542/1542 1562/1562/1562 1563/1563/1563
f 1542/1542/1542 1563/1563/1563 1543/1543/1543
f 1543/1543/1543 1563/1563/1563 1564/1564/1564
f 1543/1543/1543 1564/1564/1564 1565/1565/1565
f 1563/1563/1563 1561/1561/1561 1566/1566/1566
f 1563/1563/1563 1566/1566/1566 1564/1564/1564
f 1564/1564/1564 1566/1566/1566 1567/1567/1567
f 1564/1564/1564 1567/1567/1567 1568/1568/1568
f 1565/1565/1565 1564/1564/1564 1568/1568/1568
f 1565/1565/1565 1568/1568/1568 1569/1569/1569
f 1570/1570/1570 1565/1565/1565 1569/1569/1569
f 1570/1570/1570 1569/1569/1569 1571/1571/1571
f 1544/1544/1544 1543/1543/1543 1565/1565/1565
f 1544/1544/1544 1565/1565/1565 1570/1570/1570
f 1545/1545/1545 1544/1544/1544 1570/1570/1570
f 1545/1545/1545 1570/1570/1570 1572/1572/1572
f 1572/1572/1572 1570/1570/1570 1571/1571/1571
f 1572/1572/1572 1571/1571/1571 1573/1573/1573
f 1547/1547/1547 1545/1545/1545 1572/1572/1572
f 1547/1547/1547 1572/1572/1572 1574/1574/1574
f 1574/1574/1574 1572/1572/1572 1573/1573/1573
f 1574/1574/1574 1573/1573/1573 1575/1575/1575
f 1549/1549/1549 1547/1547/1547 1574/1574/1574
f 1549/1549/1549 1574/1574/1574 1576/1576/1576
f 1576/1576/1576 1574/1574/1574 1575/1575/1575
f 1576/1576/1576 1575/1575/1575 1577/1577/1577
f 1578/1578/1578 1576/1576/1576 1577/1577/1577
f 1578/1578/1578 1577/1577/1577 1579/1579/1579
f 1551/1551/1551 1549/1549/1549 1576/1576/1576
f 1551/1551/1551 1576/1576/1576 1578/1578/1578
f 1553/1553/1553 1551/1551/1551 1578/1578/1578
f 1553/1553/1553 1578/1578/1578 1580/1580/1580
f 1580/1580/1580 1578/1578/1578 1579/1579/1579
f 1580/1580/1580 1579/1579/1579 1581/1581/1581
f 1555/1555/1555 1553/1553/1553 1580/1580/1580
f 1555/1555/1555 1580/1580/1580 1582/1582/1582
f 1582/1582/1582 1580/1580/1580 1581/1581/1581
f 1582/1582/1582 1581/1581/1581 1583/1583/1583
f 1557/1557/1557 1555/1555/1555 1582/1582/1582
f 1557/1557/1557 1582/1582/1582 1584/1584/1584
f 1584/1584/1584 1582/1582/1582 1583/1583/1583
f 1584/1584/1584 1583/1583/1583 1585/1585/1585
f 1586/1586/1586 1584/1584/1584 1585/1585/1585
f 1586/1586/1586 1585/1585/1585 1587/1587/1587
f 1559/1559/1559 1557/1557/1557 1584/1584/1584
f 1559/1559/1559 1584/1584/1584 1586/1586/1586
f 1561/1561/1561 1559/1559/1559 1586/1586/1586
f 1561/1561/1561 1586/1586/1586 1566/1566/1566
f 1566/1566/1566 1586/1586/1586 1587/1587/1587
f 1566/1566/1566 1587/1587/1587 1567/1567/1567
f 1587/1587/1587 1585/1585/1585 1588/1588/1588
f 1587/1587/1587 1588/1588/1588 1589/1589/1589
f 1567/1567/1567 1587/1587/1587 1589/1589/1589
f 1567/1567/1567 1589/1589/1589 1590/1590/1590
f 1589/1589/1589 1588/1588/1588 1591/1591/1591
f 1589/1589/1589 1591/1591/1591 1592/1592/1592
f 1590/1590/1590 1589/1589/1589 1592/1592/1592
f 1590/1590/1590 1592/1592/1592 1593/1593/1593
f 1568/1568/1568 1567/1567/1567 1590/1590/1590
f 1568/1568/1568 1590/1590/1590 1594/1594/1594
f 1594/1594/1594 1590/1590/1590 1593/1593/1593
f 1594/1594/1594 1593/1593/1593 1595/1595/1595
f 1569/1569/1569 1568/1568/1568 1594/1594/1594
f 1569/1569/1569 1594/1594/1594 1596/1596/1596
f 1596/1596/1596 1594/1594/1594 1595/1595/1595
f 1596/1596/1596 1595/1595/1595 1597/1597/1597
f 1598/1598/1598 1596/1596/1596 1597/1597/1597
f 1598/1598/1598 1597/1597/1597 1599/1599/1599
f 1571/1571/1571 1569/1569/1569 1596/1596/1596
f 1571/1571/1571 1596/1596/1596 1598/1598/1598
f 1573/1573/1573 1571/1571/1571 1598/1598/1598
f 1573/1573/1573 1598/1598/1598 1600/1600/1600
f 1600/1600/1600 1598/1598/1598 1599/1599/1599
f 1600/1600/1600 1599/1599/1599 1601/1601/1601
f 1575/1575/1575 1573/1573/1573 1600/1600/1600
f 1575/1575/1575 1600/1600/1600 1602/1602/1602
f 1602/1602/1602 1600/1600/1600 1601/1601/1601
f 1602/1602/1602 1601/1601/1601 1603/1603/1603
f 1577/1577/1577 1575/1575/1575 1602/1602/1602
f 1577/1577/1577 1602/1602/1602 1604/1604/1604
f 1604/1604/1604 1602/1602/1602 1603/1603/1603
f 1604/1604/1604 1603/1603/1603 1605/1605/1605
f 1606/1606/1606 1604/1604/1604 1605/1605/1605
f 1606/1606/1606 1605/1605/1605 1607/1607/1607
f 1579/1579/1579 1577/1577/1577 1604/1604/1604
f 1579/1579/1579 1604/1604/1604 1606/1606/1606
f 1581/1581/1581 1579/1579/1579 1606/1606/1606
f 1581/1581/1581 1606/1606/1606 1608/1608/1608
f 1608/1608/1608 1606/1606/1606 1607/1607/1607
f 1608/1608/1608 1607/1607/1607 1609/1609/1609
f 1583/1583/1583 1581/1581/1581 1608/1608/1608
f 1583/1583/1583 1608/1608/1608 1610/1610/1610
f 1610/1610/1610 1608/1608/1608 1609/1609/1609
f 1610/1610/1610 1609/1609/1609 1611/1611/1611
f 1585/1585/1585 1583/1583/1583 1610/1610/1610
f 1585/1585/1585 1610/1610/1610 1588/1588/1588
f 1588/1588/1588 1610/1610/1610 1611/1611/1611
f 1588/1588/1588 1611/1611/1611 1591/1591/1591
f 1611/1611/1611 1609/1609/1609 1612/1612/1612
f 1611/1611/1611 1612/1612/1612 1613/1613/1613
f 1591/1591/1591 1611/1611/1611 1613/1613/1613
f 1591/1591/1591 1613/1613/1613 1614/1614/1614
f 1613/1613/1613 1612/1612/1612 1615/1615/1615
f 1613/1613/1613 1615/1615/1615 1616/1616/1616
f 1614/1614/1614 1613/1613/1613 1616/1616/1616
f 1614/1614/1614 1616/1616/1616 1617/1617/1617
f 1618/1618/1618 1614/1614/1614 1617/1617/1617
f 1618/1618/1618 1617/1617/1617 1619/1619/1619
f 1592/1592/1592 1591/1591/1591 1614/1614/1614
f 1592/1592/1592 1614/1614/1614 1618/1618/1618
f 1593/1593/1593 1592/1592/1592 1618/1618/1618
f 1593/1593/1593 1618/1618/1618 1620/1620/1620
f 1620/1620/1620 1618/1618/1618 1619/1619/1619
f 1620/1620/1620 1619/1619/1619 1621/1621/1621
f 1595/1595/1595 1593/1593/1593 1620/1620/1620
f 1595/1595/1595 1620/1620/1620 1622/1622/1622
f 1622/1622/1622 1620/1620/1620 1621/1621/1621
f 1622/1622/1622 1621/1621/1621 1623/1623/1623
f 1597/1597/1597 1595/1595/1595 1622/1622/1622
f 1597/1597/1597 1622/1622/1622 1624/1624/1624
f 1624/1624/1624 1622/1622/1622 1623/1623/1623
f 1624/1624/1624 1623/1623/1623 1625/1625/1625
f 1626/1626/1626 1624/1624/1624 1625/1625/1625
f 1626/1626/1626 1625/1625/1625 1627/1627/1627
f 1599/1599/1599 1597/1597/1597 1624/1624/1624
f 1599/1599/1599 1624/1624/1624 1626/1626/1626
f 1601/1601/1601 1599/1599/1599 1626/1626/1626
f 1601/1601/1601 1626/1626/1626 1628/1628/1628
f 1628/1628/1628 1626/1626/1626 1627/1627/1627
f 1628/1628/1628 1627/1627/1627 1629/1629/1629
f 1603/1603/1603 1601/1601/1601 1628/1628/1628
f 1603/1603/1603 1628/1628/1628 1630/1630/1630
f 1630/1630/1630 1628/1628/1628 1629/1629/1629
f 1630/1630/1630 1629/1629/1629 1631/1631/1631
f 1605/1605/1605 1603/1603/1603 1630/1630/1630
f 1605/1605/1605 1630/1630/1630 1632/1632/1632
f 1632/1632/1632 1630/1630/1630 1631/1631/1631
f 1632/1632/1632 1631/1631/1631 1633/1633/1633
f 1634/1634/1634 1632/1632/1632 1633/1633/1633
f 1634/1634/1634 1633/1633/1633 1635/1635/1635
f 1607/1607/1607 1605/1605/1605 1632/1632/1632
f 1607/1607/1607 1632/1632/1632 1634/1634/1634
f 1609/1609/1609 1607/1607/1607 1634/1634/1634
f 1609/1609/1609 1634/1634/1634 1612/1612/1612
f 1612/1612/1612 1634/1634/1634 1635/1635/1635
f 1612/1612/1612 1635/1635/1635 1615/1615/1615
f 1615/1615/1615 1635/1635/1635 1636/1636/1636
f 1615/1615/1615 1636/1636/1636 1637/1637/1637
f 1635/1635/1635 1633/1633/1633 1638/1638/1638
f 1635/1635/1635 1638/1638/1638 1636/1636/1636
f 1636/1636/1636 1638/1638/1638 1639/1639/1639
f 1636/1636/1636 1639/1639/1639 1640/1640/1640
f 1637/1637/1637 1636/1636/1636 1640/1640/1640
f 1637/1637/1637 1640/1640/1640 1641/1641/1641
f 1642/1642/1642 1637/1637/1637 1641/1641/1641
f 1642/1642/1642 1641/1641/1641 1643/1643/1643
f 1616/1616/1616 1615/1615/1615 1637/1637/1637
f 1616/1616/1616 1637/1637/1637 1642/1642/1642
f 1617/1617/1617 1616/1616/1616 1642/1642/1642
f 1617/1617/1617 1642/1642/1642 1644/1644/1644
f 1644/1644/1644 1642/1642/1642 1643/1643/1643
f 1644/1644/1644 1643/1643/1643 1645/1645/1645
f 1619/1619/1619 1617/1617/1617 1644/1644/1644
f 1619/1619/1619 1644/1644/1644 1646/1646/1646
f 1646/1646/1646 1644/1644/1644 1645/1645/1645
f 1646/1646/1646 1645/1645/1645 1647/1647/1647
f 1621/1621/1621 1619/1619/1619 1646/1646/1646
f 1621/1621/1621 1646/1646/1646 1648/1648/1648
f 1648/1648/1648 1646/1646/1646 1647/1647/1647
f 1648/1648/1648 1647/1647/1647 1649/1649/1649
f 1650/1650/1650 1648/1648/1648 1649/1649/1649
f 1650/1650/1650 1649/1649/1649 1651/1651/1651
f 1623/1623/1623 1621/1621/1621 1648/1648/1648
f 1623/1623/1623 1648/1648/1648 1650/1650/1650
f 1625/1625/1625 1623/1623/1623 1650/1650/1650
f 1625/1625/1625 1650/1650/1650 1652/1652/1652
f 1652/1652/1652 1650/1650/1650 1651/1651/1651
f 1652/1652/1652 1651/1651/1651 1653/1653/1653
f 1654/1654/1654 1652/1652/1652 1653/1653/1653
f 1654/1654/1654 1653/1653/1653 1655/1655/1655
f 1627/1627/1627 1625/1625/1625 1652/1652/1652
f 1627/1627/1627 1652/1652/1652 1654/1654/1654
f 1629/1629/1629 1627/1627/1627 1654/1654/1654
f 1629/1629/1629 1654/1654/1654 1656/1656/1656
f 1656/1656/1656 1654/1654/1654 1655/1655/1655
f 1656/1656/1656 1655/1655/1655 1657/1657/1657
f 1631/1631/1631 1629/1629/1629 1656/1656/1656
f 1631/1631/1631 1656/1656/1656 1658/1658/1658
f 1658/1658/1658 1656/1656/1656 1657/1657/1657
f 1658/1658/1658 1657/1657/1657 1659/1659/1659
f 1633/1633/1633 1631/1631/1631 1658/1658/1658
f 1633/1633/1633 1658/1658/1658 1638/1638/1638
f 1638/1638/1638 1658/1658/1658 1659/1659/1659
f 1638/1638/1638 1659/1659/1659 1639/1639/1639
f 1639/1639/1639 1659/1659/1659 1660/1660/1660
f 1639/1639/1639 1660/1660/1660 1661/1661/1661
f 1659/1659/1659 1657/1657/1657 1662/1662/1662
f 1659/1659/1659 1662/1662/1662 1660/1660/1660
f 1660/1660/1660 1662/1662/1662 1663/1663/1663
f 1660/1660/1660 1663/1663/1663 1664/1664/1664
f 1661/1661/1661 1660/1660/1660 1664/1664/1664
f 1661/1661/1661 1664/1664/1664 1665/1665/1665
f 1666/1666/1666 1661/1661/1661 1665/1665/1665
f 1666/1666/1666 1665/1665/1665 1667/1667/1667
f 1640/1640/1640 1639/1639/1639 1661/1661/1661
f 1640/1640/1640 1661/1661/1661 1666/1666/1666
f 1641/1641/1641 1640/1640/1640 1666/1666/1666
f 1641/1641/1641 1666/1666/1666 1668/1668/1668
f 1668/1668/1668 1666/1666/1666 1667/1667/1667
f 1668/1668/1668 1667/1667/1667 1669/1669/1669
f 1643/1643/1643 1641/1641/1641 1668/1668/1668
f 1643/1643/1643 1668/1668/1668 1670/1670/1670
f 1670/1670/1670 1668/1668/1668 1669/1669/1669
f 1670/1670/1670 1669/1669/1669 1671/1671/1671
f 1645/1645/1645 1643/1643/1643 1670/1670/1670
f 1645/1645/1645 1670/1670/1670 1672/1672/1672
f 1672/1672/1672 1670/1670/1670 1671/1671/1671
f 1672/1672/1672 1671/1671/1671 1673/1673/1673
f 1674/1674/1674 1672/1672/1672 1673/1673/1673
f 1674/1674/1674 1673/1673/1673 1675/1675/1675
f 1647/1647/1647 1645/1645/1645 1672/1672/1672
f 1647/1647/1647 1672/1672/1672 1674/1674/1674
f 1649/1649/1649 1647/1647/1647 1674/1674/1674
f 1649/1649/1649 1674/1674/1674 1676/1676/1676
f 1676/1676/1676 1674/1674/1674 1675/1675/1675
f 1676/1676/1676 1675/1675/1675 1677/1677/1677
f 1678/1678/1678 1676/1676/1676 1677/1677/1677
f 1678/1678/1678 1677/1677/1677 1679/1679/1679
f 1651/1651/1651 1649/1649/1649 1676/1676/1676
f 1651/1651/1651 1676/1676/1676 1678/1678/1678
f 1653/1653/1653 1651/1651/1651 1678/1678/1678
f 1653/1653/1653 1678/1678/1678 1680/1680/1680
f 1680/1680/1680 1678/1678/1678 1679/1679/1679
f 1680/1680/1680 1679/1679/1679 1681/1681/1681
f 1655/1655/1655 1653/1653/1653 1680/1680/1680
f 1655/1655/1655 1680/1680/1680 1682/1682/1682
f 1682/1682/1682 1680/1680/1680 1681/1681/1681
f 1682/1682/1682 1681/1681/1681 1683/1683/1683
f 1657/1657/1657 1655/1655/1655 1682/1682/1682
f 1657/1657/1657 1682/1682/1682 1662/1662/1662
f 1662/1662/1662 1682/1682/1682 1683/1683/1683
f 1662/1662/1662 1683/1683/1683 1663/1663/1663
f 1683/1683/1683 1681/1681/1681 1684/1684/1684
f 1683/1683/1683 1684/1684/1684 1685/1685/1685
f 1663/1663/1663 1683/1683/1683 1685/1685/1685
f 1663/1663/1663 1685/1685/1685 1686/1686/1686
f 1685/1685/1685 1684/1684/1684 1687/1687/1687
f 1685/1685/1685 1687/1687/1687 1688/1688/1688
f 1686/1686/1686 1685/1685/1685 1688/1688/1688
f 1686/1686/1686 1688/1688/1688 1689/1689/1689
f 1664/1664/1664 1663/1663/1663 1686/1686/1686
f 1664/1664/1664 1686/1686/1686 1690/1690/1690
f 1690/1690/1690 1686/1686/1686 1689/1689/1689
f 1690/1690/1690 1689/1689/1689 1691/1691/1691
f 1665/1665/1665 1664/1664/1664 1690/1690/1690
f 1665/1665/1665 1690/1690/1690 1692/1692/1692
f 1692/1692/1692 1690/1690/1690 1691/1691/1691
f 1692/1692/1692 1691/1691/1691 1693/1693/1693
f 1694/1694/1694 1692/1692/1692 1693/1693/1693
f 1694/1694/1694 1693/1693/1693 1695/1695/1695
f 1667/1667/1667 1665/1665/1665 1692/1692/1692
f 1667/1667/1667 1692/1692/1692 1694/1694/1694
f 1669/1669/1669 1667/1667/1667 1694/1694/1694
f 1669/1669/1669 1694/1694/1694 1696/1696/1696
f 1696/1696/1696 1694/1694/1694 1695/1695/1695
f 1696/1696/1696 1695/1695/1695 1697/1697/1697
f 1671/1671/1671 1669/1669/1669 1696/1696/1696
f 1671/1671/1671 1696/1696/1696 1698/1698/1698
f 1698/1698/1698 1696/1696/1696 1697/1697/1697
f 1698/1698/1698 1697/1697/1697 1699/1699/1699
f 1673/1673/1673 1671/1671/1671 1698/1698/1698
f 1673/1673/1673 1698/1698/1698 1700/1700/1700
f 1700/1700/1700 1698/1698/1698 1699/1699/1699
f 1700/1700/1700 1699/1699/1699 1701/1701/1701
f 1702/1702/1702 1700/1700/1700 1701/1701/1701
f 1702/1702/1702 1701/1701/1701 1703/1703/1703
f 1675/1675/1675 1673/1673/1673 1700/1700/1700
f 1675/1675/1675 1700/1700/1700 1702/1702/1702
f 1677/1677/1677 1675/1675/1675 1702/1702/1702
f 1677/1677/1677 1702/1702/1702 1704/1704/1704
f 1704/1704/1704 1702/1702/1702 1703/1703/1703
f 1704/1704/1704 1703/1703/1703 1705/1705/1705
f 1706/1706/1706 1704/1704/1704 1705/1705/1705
f 1706/1706/1706 1705/1705/1705 1707/1707/1707
f 1679/1679/1679 1677/1677/1677 1704/1704/1704
f 1679/1679/1679 1704/1704/1704 1706/1706/1706
f 1681/1681/1681 1679/1679/1679 1706/1706/1706
f 1681/1681/1681 1706/1706/1706 1684/1684/1684
f 1684/1684/1684 1706/1706/1706 1707/1707/1707
f 1684/1684/1684 1707/1707/1707 1687/1687/1687
f 1687/1687/1687 1707/1707/1707 1708/1708/1708
f 1687/1687/1687 1708/1708/1708 1709/1709/1709
f 1707/1707/1707 1705/1705/1705 1710/1710/1710
f 1707/1707/1707 1710/1710/1710 1708/1708/1708
f 1708/1708/1708 1710/1710/1710 1711/1711/1711
f 1708/1708/1708 1711/1711/1711 1712/1712/1712
f 1709/1709/1709 1708/1708/1708 1712/1712/1712
f 1709/1709/1709 1712/1712/1712 1713/1713/1713
f 1714/1714/1714 1709/1709/1709 1713/1713/1713
f 1714/1714/1714 1713/1713/1713 1715/1715/1715
f 1688/1688/1688 1687/1687/1687 1709/1709/1709
f 1688/1688/1688 1709/1709/1709 1714/1714/1714
f 1689/1689/1689 1688/1688/1688 1714/1714/1714
f 1689/1689/1689 1714/1714/1714 1716/1716/1716
f 1716/1716/1716 1714/1714/1714 1715/1715/1715
f 1716/1716/1716 1715/1715/1715 1717/1717/1717
f 1691/1691/1691 1689/1689/1689 1716/1716/1716
f 1691/1691/1691 1716/1716/1716 1718/1718/1718
f 1718/1718/1718 1716/1716/1716 1717/1717/1717
f 1718/1718/1718 1717/1717/1717 1719/1719/1719
f 1693/1693/1693 1691/1691/1691 1718/1718/1718
f 1693/1693/1693 1718/1718/1718 1720/1720/1720
f 1720/1720/1720 1718/1718/1718 1719/1719/1719
f 1720/1720/1720 1719/1719/1719 1721/1721/1721
f 1695/1695/1695 1693/1693/1693 1720/1720/1720
f 1695/1695/1695 1720/1720/1720 1722/1722/1722
f 1722/1722/1722 1720/1720/1720 1721/1721/1721
f 1722/1722/1722 1721/1721/1721 1723/1723/1723
f 1697/1697/1697 1695/1695/1695 1722/1722/1722
f 1697/1697/1697 1722/1722/1722 1724/1724/1724
f 1724/1724/1724 1722/1722/1722 1723/1723/1723
f 1724/1724/1724 1723/1723/1723 1725/1725/1725
f 1726/1726/1726 1724/1724/1724 1725/1725/1725
f 1726/1726/1726 1725/1725/1725 1727/1727/1727
f 1699/1699/1699 1697/1697/1697 1724/1724/1724
f 1699/1699/1699 1724/1724/1724 1726/1726/1726
f 1701/1701/1701 1699/1699/1699 1726/1726/1726
f 1701/1701/1701 1726/1726/1726 1728/1728/1728
f 1728/1728/1728 1726/1726/1726 1727/1727/1727
f 1728/1728/1728 1727/1727/1727 1729/1729/1729
f 1730/1730/1730 1728/1728/1728 1729/1729/1729
f 1730/1730/1730 1729/1729/1729 1731/1731/1731
f 1703/1703/1703 1701/1701/1701 1728/1728/1728
f 1703/1703/1703 1728/1728/1728 1730/1730/1730
f 1705/1705/1705 1703/1703/1703 1730/1730/1730
f 1705/1705/1705 1730/1730/1730 1710/1710/1710
f 1710/1710/1710 1730/1730/1730 1731/1731/1731
f 1710/1710/1710 1731/1731/1731 1711/1711/1711
f 1711/1711/1711 1731/1731/1731 1732/1732/1732
f 1711/1711/1711 1732/1732/1732 1733/1733/1733
f 1731/1731/1731 1729/1729/1729 1734/1734/1734
f 1731/1731/1731 1734/1734/1734 1732/1732/1732
f 1732/1732/1732 1734/1734/1734 1735/1735/1735
f 1732/1732/1732 1735/1735/1735 1736/1736/1736
f 1733/1733/1733 1732/1732/1732 1736/1736/1736
f 1733/1733/1733 1736/1736/1736 1737/1737/1737
f 1738/1738/1738 1733/1733/1733 1737/1737/1737
f 1738/1738/1738 1737/1737/1737 1739/1739/1739
f 1712/1712/1712 1711/1711/1711 1733/1733/1733
f 1712/1712/1712 1733/1733/1733 1738/1738/1738
f 1713/1713/1713 1712/1712/1712 1738/1738/1738
f 1713/1713/1713 1738/1738/1738 1740/1740/1740
f 1740/1740/1740 1738/1738/1738 1739/1739/1739
f 1740/1740/1740 1739/1739/1739 1741/1741/1741
f 1715/1715/1715 1713/1713/1713 1740/1740/1740
f 1715/1715/1715 1740/1740/1740 1742/1742/1742
f 1742/1742/1742 1740/1740/1740 1741/1741/1741
f 1742/1742/1742 1741/1741/1741 1743/1743/1743
f 1717/1717/1717 1715/1715/1715 1742/1742/1742
f 1717/1717/1717 1742/1742/1742 1744/1744/1744
f 1744/1744/1744 1742/1742/1742 1743/1743/1743
f 1744/1744/1744 1743/1743/1743 1745/1745/1745
f 1719/1719/1719 1717/1717/1717 1744/1744/1744
f 1719/1719/1719 1744/1744/1744 1746/1746/1746
f 1746/1746/1746 1744/1744/1744 1745/1745/1745
f 1746/1746/1746 1745/1745/1745 1747/1747/1747
f 1721/1721/1721 1719/1719/1719 1746/1746/1746
f 1721/1721/1721 1746/1746/1746 1748/1748/1748
f 1748/1748/1748 1746/1746/1746 1747/1747/1747
f 1748/1748/1748 1747/1747/1747 1749/1749/1749
f 1750/1750/1750 1748/1748/1748 1749/1749/1749
f 1750/1750/1750 1749/1749/1749 1751/1751/1751
f 1723/1723/1723 1721/1721/1721 1748/1748/1748
f 1723/1723/1723 1748/1748/1748 1750/1750/1750
f 1725/1725/1725 1723/1723/1723 1750/1750/1750
f 1725/1725/1725 1750/1750/1750 1752/1752/1752
f 1752/1752/1752 1750/1750/1750 1751/1751/1751
f 1752/1752/1752 1751/1751/1751 1753/1753/1753
f 1754/1754/1754 1752/1752/1752 1753/1753/1753
f 1754/1754/1754 1753/1753/1753 1755/1755/1755
f 1727/1727/1727 1725/1725/1725 1752/1752/1752
f 1727/1727/1727 1752/1752/1752 1754/1754/1754
f 1729/1729/1729 1727/1727/1727 1754/1754/1754
f 1729/1729/1729 1754/1754/1754 1734/1734/1734
f 1734/1734/1734 1754/1754/1754 1755/1755/1755
f 1734/1734/1734 1755/1755/1755 1735/1735/1735
f 1755/1755/1755 1753/1753/1753 1756/1756/1756
f 1755/1755/1755 1756/1756/1756 1757/1757/1757
f 1735/1735/1735 1755/1755/1755 1757/1757/1757
f 1735/1735/1735 1757/1757/1757 1758/1758/1758
f 1757/1757/1757 1756/1756/1756 1759/1759/1759
f 1757/1757/1757 1759/1759/1759 1760/1760/1760
f 1758/1758/1758 1757/1757/1757 1760/1760/1760
f 1758/1758/1758 1760/1760/1760 1761/1761/1761
f 1736/1736/1736 1735/1735/1735 1758/1758/1758
f 1736/1736/1736 1758/1758/1758 1762/1762/1762
f 1762/1762/1762 1758/1758/1758 1761/1761/1761
f 1762/1762/1762 1761/1761/1761 1763/1763/1763
f 1737/1737/1737 1736/1736/1736 1762/1762/1762
f 1737/1737/1737 1762/1762/1762 1764/1764/1764
f 1764/1764/1764 1762/1762/1762 1763/1763/1763
f 1764/1764/1764 1763/1763/1763 1765/1765/1765
f 1766/1766/1766 1764/1764/1764 1765/1765/1765
f 1766/1766/1766 1765/1765/1765 1767/1767/1767
f 1739/1739/1739 1737/1737/1737 1764/1764/1764
f 1739/1739/1739 1764/1764/1764 1766/1766/1766
f 1741/1741/1741 1739/1739/1739 1766/1766/1766
f 1741/1741/1741 1766/1766/1766 1768/1768/1768
f 1768/1768/1768 1766/1766/1766 1767/1767/1767
f 1768/1768/1768 1767/1767/1767 1769/1769/1769
f 1743/1743/1743 1741/1741/1741 1768/1768/1768
f 1743/1743/1743 1768/1768/1768 1770/1770/1770
f 1770/1770/1770 1768/1768/1768 1769/1769/1769
f 1770/1770/1770 1769/1769/1769 1771/1771/1771
f 1745/1745/1745 1743/1743/1743 1770/1770/1770
f 1745/1745/1745 1770/1770/1770 1772/1772/1772
f 1772/1772/1772 1770/1770/1770 1771/1771/1771
f 1772/1772/1772 1771/1771/1771 1773/1773/1773
f 1747/1747/1747 1745/1745/1745 1772/1772/1772
f 1747/1747/1747 1772/1772/1772 1774/1774/1774
f 1774/1774/1774 1772/1772/1772 1773/1773/1773
f 1774/1774/1774 1773/1773/1773 1775/1775/1775
f 1749/1749/1749 1747/1747/1747 1774/1774/1774
f 1749/1749/1749 1774/1774/1774 1776/1776/1776
f 1776/1776/1776 1774/1774/1774 1775/1775/1775
f 1776/1776/1776 1775/1775/1775 1777/1777/1777
f 1778/1778/1778 1776/1776/1776 1777/1777/1777
f 1778/1778/1778 1777/1777/1777 1779/1779/1779
f 1751/1751/1751 1749/1749/1749 1776/1776/1776
f 1751/1751/1751 1776/1776/1776 1778/1778/1778
f 1753/1753/1753 1751/1751/1751 1778/1778/1778
f 1753/1753/1753 1778/1778/1778 1756/1756/1756
f 1756/1756/1756 1778/1778/1778 1779/1779/1779
f 1756/1756/1756 1779/1779/1779 1759/1759/1759
f 1759/1759/1759 1779/1779/1779 1780/1780/1780
f 1759/1759/1759 1780/1780/1780 1781/1781/1781
f 1779/1779/1779 1777/1777/1777 1782/1782/1782
f 1779/1779/1779 1782/1782/1782 1780/1780/1780
f 1780/1780/1780 1782/1782/1782 1783/1783/1783
f 1780/1780/1780 1783/1783/1783 1784/1784/1784
f 1781/1781/1781 1780/1780/1780 1784/1784/1784
f 1781/1781/1781 1784/1784/1784 1785/1785/1785
f 1760/1760/1760 1759/1759/1759 1781/1781/1781
f 1760/1760/1760 1781/1781/1781 1786/1786/1786
f 1786/1786/1786 1781/1781/1781 1785/1785/1785
f 1786/1786/1786 1785/1785/1785 1787/1787/1787
f 1761/1761/1761 1760/1760/1760 1786/1786/1786
f 1761/1761/1761 1786/1786/1786 1788/1788/1788
f 1788/1788/1788 1786/1786/1786 1787/1787/1787
f 1788/1788/1788 1787/1787/1787 1789/1789/1789
f 1790/1790/1790 1788/1788/1788 1789/1789/1789
f 1790/1790/1790 1789/1789/1789 1791/1791/1791
f 1763/1763/1763 1761/1761/1761 1788/1788/1788
f 1763/1763/1763 1788/1788/1788 1790/1790/1790
f 1765/1765/1765 1763/1763/1763 1790/1790/1790
f 1765/1765/1765 1790/1790/1790 1792/1792/1792
f 1792/1792/1792 1790/1790/1790 1791/1791/1791
f 1792/1792/1792 1791/1791/1791 1793/1793/1793
f 1767/1767/1767 1765/1765/1765 1792/1792/1792
f 1767/1767/1767 1792/1792/1792 1794/1794/1794
f 1794/1794/1794 1792/1792/1792 1793/1793/1793
f 1794/1794/1794 1793/1793/1793 1795/1795/1795
f 1769/1769/1769 1767/1767/1767 1794/1794/1794
f 1769/1769/1769 1794/1794/1794 1796/1796/1796
f 1796/1796/1796 1794/1794/1794 1795/1795/1795
f 1796/1796/1796 1795/1795/1795 1797/1797/1797
f 1798/1798/1798 1796/1796/1796 1797/1797/1797
f 1798/1798/1798 1797/1797/1797 1799/1799/1799
f 1771/1771/1771 1769/1769/1769 1796/1796/1796
f 1771/1771/1771 1796/1796/1796 1798/1798/1798
f 1773/1773/1773 1771/1771/1771 1798/1798/1798
f 1773/1773/1773 1798/1798/1798 1800/1800/1800
f 1800/1800/1800 1798/1798/1798 1799/1799/1799
f 1800/1800/1800 1799/1799/1799 1801/1801/1801
f 1775/1775/1775 1773/1773/1773 1800/1800/1800
f 1775/1775/1775 1800/1800/1800 1802/1802/1802
f 1802/1802/1802 1800/1800/1800 1801/1801/1801
f 1802/1802/1802 1801/1801/1801 1803/1803/1803
f 1777/1777/1777 1775/1775/1775 1802/1802/1802
f 1777/1777/1777 1802/1802/1802 1782/1782/1782
f 1782/1782/1782 1802/1802/1802 1803/1803/1803
f 1782/1782/1782 1803/1803/1803 1783/1783/1783
f 1803/1803/1803 1801/1801/1801 1804/1804/1804
f 1803/1803/1803 1804/1804/1804 1805/1805/1805
f 1783/1783/1783 1803/1803/1803 1805/1805/1805
f 1783/1783/1783 1805/1805/1805 1806/1806/1806
f 1805/1805/1805 1804/1804/1804 1807/1807/1807
f 1805/1805/1805 1807/1807/1807 1808/1808/1808
f 1806/1806/1806 1805/1805/1805 1808/1808/1808
f 1806/1806/1806 1808/1808/1808 1809/1809/1809
f 1810/1810/1810 1806/1806/1806 1809/1809/1809
f 1810/1810/1810 1809/1809/1809 1811/1811/1811
f 1784/1784/1784 1783/1783/1783 1806/1806/1806
f 1784/1784/1784 1806/1806/1806 1810/1810/1810
f 1785/1785/1785 1784/1784/1784 1810/1810/1810
f 1785/1785/1785 1810/1810/1810 1812/1812/1812
f 1812/1812/1812 1810/1810/1810 1811/1811/1811
f 1812/1812/1812 1811/1811/1811 1813/1813/1813
f 1787/1787/1787 1785/1785/1785 1812/1812/1812
f 1787/1787/1787 1812/1812/1812 1814/1814/1814
f 1814/1814/1814 1812/1812/1812 1813/1813/1813
f 1814/1814/1814 1813/1813/1813 1815/1815/1815
f 1789/1789/1789 1787/1787/1787 1814/1814/1814
f 1789/1789/1789 1814/1814/1814 1816/1816/1816
f 1816/1816/1816 1814/1814/1814 1815/1815/1815
f 1816/1816/1816 1815/1815/1815 1817/1817/1817
f 1818/1818/1818 1816/1816/1816 1817/1817/1817
f 1818/1818/1818 1817/1817/1817 1819/1819/1819
f 1791/1791/1791 1789/1789/1789 1816/1816/1816
f 1791/1791/1791 1816/1816/1816 1818/1818/1818
f 1793/1793/1793 1791/1791/1791 1818/1818/1818
f 1793/1793/1793 1818/1818/1818 1820/1820/1820
f 1820/1820/1820 1818/1818/1818 1819/1819/1819
f 1820/1820/1820 1819/1819/1819 1821/1821/1821
f 1795/1795/1795 1793/1793/1793 1820/1820/1820
f 1795/1795/1795 1820/1820/1820 1822/1822/1822
f 1822/1822/1822 1820/1820/1820 1821/1821/1821
f 1822/1822/1822 1821/1821/1821 1823/1823/1823
f 1797/1797/1797 1795/1795/1795 1822/1822/1822
f 1797/1797/1797 1822/1822/1822 1824/1824/1824
f 1824/1824/1824 1822/1822/1822 1823/1823/1823
f 1824/1824/1824 1823/1823/1823 1825/1825/1825
f 1826/1826/1826 1824/1824/1824 1825/1825/1825
f 1826/1826/1826 1825/1825/1825 1827/1827/1827
f 1799/1799/1799 1797/1797/1797 1824/1824/1824
f 1799/1799/1799 1824/1824/1824 1826/1826/1826
f 1801/1801/1801 1799/1799/1799 1826/1826/1826
f 1801/1801/1801 1826/1826/1826 1804/1804/1804
f 1804/1804/1804 1826/1826/1826 1827/1827/1827
f 1804/1804/1804 1827/1827/1827 1807/1807/1807
f 1828/1828/1828 1829/1829/1829 1807/1807/1807
f 1828/1828/1828 1807/1807/1807 1827/1827/1827
f 1830/1830/1830 1828/1828/1828 1827/1827/1827
f 1830/1830/1830 1827/1827/1827 1825/1825/1825
f 1831/1831/1831 1832/1832/1832 1829/1829/1829
f 1831/1831/1831 1829/1829/1829 1828/1828/1828
f 1833/1833/1833 1831/1831/1831 1828/1828/1828
f 1833/1833/1833 1828/1828/1828 1830/1830/1830
f 1834/1834/1834 1833/1833/1833 1830/1830/1830
f 1834/1834/1834 1830/1830/1830 1835/1835/1835
f 1835/1835/1835 1830/1830/1830 1825/1825/1825
f 1835/1835/1835 1825/1825/1825 1823/1823/1823
f 1836/1836/1836 1834/1834/1834 1835/1835/1835
f 1836/1836/1836 1835/1835/1835 1837/1837/1837
f 1837/1837/1837 1835/1835/1835 1823/1823/1823
f 1837/1837/1837 1823/1823/1823 1821/1821/1821
f 1838/1838/1838 1836/1836/1836 1837/1837/1837
f 1838/1838/1838 1837/1837/1837 1839/1839/1839
f 1839/1839/1839 1837/1837/1837 1821/1821/1821
f 1839/1839/1839 1821/1821/1821 1819/1819/1819
f 1840/1840/1840 1838/1838/1838 1839/1839/1839
f 1840/1840/1840 1839/1839/1839 1841/1841/1841
f 1841/1841/1841 1839/1839/1839 1819/1819/1819
f 1841/1841/1841 1819/1819/1819 1817/1817/1817
f 1842/1842/1842 1840/1840/1840 1841/1841/1841
f 1842/1842/1842 1841/1841/1841 1843/1843/1843
f 1843/1843/1843 1841/1841/1841 1817/1817/1817
f 1843/1843/1843 1817/1817/1817 1815/1815/1815
f 1844/1844/1844 1842/1842/1842 1843/1843/1843
f 1844/1844/1844 1843/1843/1843 1845/1845/1845
f 1845/1845/1845 1843/1843/1843 1815/1815/1815
f 1845/1845/1845 1815/1815/1815 1813/1813/1813
f 1846/1846/1846 1844/1844/1844 1845/1845/1845
f 1846/1846/1846 1845/1845/1845 1847/1847/1847
f 1847/1847/1847 1845/1845/1845 1813/1813/1813
f 1847/1847/1847 1813/1813/1813 1811/1811/1811
f 1848/1848/1848 1846/1846/1846 1847/1847/1847
f 1848/1848/1848 1847/1847/1847 1849/1849/1849
f 1849/1849/1849 1847/1847/1847 1811/1811/1811
f 1849/1849/1849 1811/1811/1811 1809/1809/1809
f 1850/1850/1850 1848/1848/1848 1849/1849/1849
f 1850/1850/1850 1849/1849/1849 1851/1851/1851
f 1851/1851/1851 1849/1849/1849 1809/1809/1809
f 1851/1851/1851 1809/1809/1809 1808/1808/1808
f 1832/1832/1832 1850/1850/1850 1851/1851/1851
f 1832/1832/1832 1851/1851/1851 1829/1829/1829
f 1829/1829/1829 1851/1851/1851 1808/1808/1808
f 1829/1829/1829 1808/1808/1808 1807/1807/1807
f 1848/1848/1848 1850/1850/1850 1852/1852/1852
f 1848/1848/1848 1852/1852/1852 1846/1846/1846
f 1832/1832/1832 1831/1831/1831 1852/1852/1852
f 1832/1832/1832 1852/1852/1852 1850/1850/1850
f 1833/1833/1833 1834/1834/1834 1852/1852/1852
f 1833/1833/1833 1852/1852/1852 1831/1831/1831
f 1836/1836/1836 1838/1838/1838 1852/1852/1852
f 1836/1836/1836 1852/1852/1852 1834/1834/1834
f 1840/1840/1840 1842/1842/1842 1852/1852/1852
f 1840/1840/1840 1852/1852/1852 1838/1838/1838
f 1844/1844/1844 1846/1846/1846 1852/1852/1852
f 1844/1844/1844 1852/1852/1852 1842/1842/1842
f 1341/1341/1341 1340/1340/1340 1395/1395/1395
f 1341/1341/1341 1395/1395/1395 1379/1379/1379
f 1347/1347/1347 1374/1374/1374 1853/1853/1853
f 1347/1347/1347 1853/1853/1853 1854/1854/1854
f 1374/1374/1374 1371/1371/1371 1855/1855/1855
f 1374/1374/1374 1855/1855/1855 1853/1853/1853
f 1853/1853/1853 1855/1855/1855 1856/1856/1856
f 1853/1853/1853 1856/1856/1856 1857/1857/1857
f 1854/1854/1854 1853/1853/1853 1857/1857/1857
f 1854/1854/1854 1857/1857/1857 1858/1858/1858
f 1371/1371/1371 1368/1368/1368 1859/1859/1859
f 1371/1371/1371 1859/1859/1859 1855/1855/1855
f 1855/1855/1855 1859/1859/1859 1860/1860/1860
f 1855/1855/1855 1860/1860/1860 1856/1856/1856
f 1856/1856/1856 1860/1860/1860 1861/1861/1861
f 1856/1856/1856 1861/1861/1861 1862/1862/1862
f 1857/1857/1857 1856/1856/1856 1862/1862/1862
f 1857/1857/1857 1862/1862/1862 1863/1863/1863
f 1862/1862/1862 1861/1861/1861 1864/1864/1864
f 1862/1862/1862 1864/1864/1864 1865/1865/1865
f 1863/1863/1863 1862/1862/1862 1865/1865/1865
f 1863/1863/1863 1865/1865/1865 1866/1866/1866
f 1867/1867/1867 1863/1863/1863 1866/1866/1866
f 1867/1867/1867 1866/1866/1866 1868/1868/1868
f 1858/1858/1858 1857/1857/1857 1863/1863/1863
f 1858/1858/1858 1863/1863/1863 1867/1867/1867
f 1869/1869/1869 1858/1858/1858 1867/1867/1867
f 1869/1869/1869 1867/1867/1867 1870/1870/1870
f 1870/1870/1870 1867/1867/1867 1868/1868/1868
f 1870/1870/1870 1868/1868/1868 1871/1871/1871
f 1872/1872/1872 1870/1870/1870 1871/1871/1871
f 1872/1872/1872 1871/1871/1871 1873/1873/1873
f 1874/1874/1874 1869/1869/1869 1870/1870/1870
f 1874/1874/1874 1870/1870/1870 1872/1872/1872
f 1875/1875/1875 1874/1874/1874 1872/1872/1872
f 1875/1875/1875 1872/1872/1872 1876/1876/1876
f 1876/1876/1876 1872/1872/1872 1873/1873/1873
f 1876/1876/1876 1873/1873/1873 1877/1877/1877
f 1878/1878/1878 1875/1875/1875 1876/1876/1876
f 1878/1878/1878 1876/1876/1876 1879/1879/1879
f 1879/1879/1879 1876/1876/1876 1877/1877/1877
f 1879/1879/1879 1877/1877/1877 1880/1880/1880
f 1881/1881/1881 1878/1878/1878 1879/1879/1879
f 1881/1881/1881 1879/1879/1879 1882/1882/1882
f 1882/1882/1882 1879/1879/1879 1880/1880/1880
f 1882/1882/1882 1880/1880/1880 1883/1883/1883
f 1884/1884/1884 1881/1881/1881 1882/1882/1882
f 1884/1884/1884 1882/1882/1882 1885/1885/1885
f 1885/1885/1885 1882/1882/1882 1883/1883/1883
f 1885/1885/1885 1883/1883/1883 1886/1886/1886
f 1887/1887/1887 1884/1884/1884 1885/1885/1885
f 1887/1887/1887 1885/1885/1885 1888/1888/1888
f 1888/1888/1888 1885/1885/1885 1886/1886/1886
f 1888/1888/1888 1886/1886/1886 1889/1889/1889
f 1890/1890/1890 1888/1888/1888 1889/1889/1889
f 1890/1890/1890 1889/1889/1889 1891/1891/1891
f 1892/1892/1892 1887/1887/1887 1888/1888/1888
f 1892/1892/1892 1888/1888/1888 1890/1890/1890
f 1860/1860/1860 1892/1892/1892 1890/1890/1890
f 1860/1860/1860 1890/1890/1890 1861/1861/1861
f 1861/1861/1861 1890/1890/1890 1891/1891/1891
f 1861/1861/1861 1891/1891/1891 1864/1864/1864
f 1891/1891/1891 1889/1889/1889 1893/1893/1893
f 1891/1891/1891 1893/1893/1893 1894/1894/1894
f 1864/1864/1864 1891/1891/1891 1894/1894/1894
f 1864/1864/1864 1894/1894/1894 1895/1895/1895
f 1894/1894/1894 1893/1893/1893 1896/1896/1896
f 1894/1894/1894 1896/1896/1896 1897/1897/1897
f 1895/1895/1895 1894/1894/1894 1897/1897/1897
f 1895/1895/1895 1897/1897/1897 1898/1898/1898
f 1865/1865/1865 1864/1864/1864 1895/1895/1895
f 1865/1865/1865 1895/1895/1895 1899/1899/1899
f 1899/1899/1899 1895/1895/1895 1898/1898/1898
f 1899/1899/1899 1898/1898/1898 1900/1900/1900
f 1866/1866/1866 1865/1865/1865 1899/1899/1899
f 1866/1866/1866 1899/1899/1899 1901/1901/1901
f 1901/1901/1901 1899/1899/1899 1900/1900/1900
f 1901/1901/1901 1900/1900/1900 1902/1902/1902
f 1903/1903/1903 1901/1901/1901 1902/1902/1902
f 1903/1903/1903 1902/1902/1902 1904/1904/1904
f 1868/1868/1868 1866/1866/1866 1901/1901/1901
f 1868/1868/1868 1901/1901/1901 1903/1903/1903
f 1871/1871/1871 1868/1868/1868 1903/1903/1903
f 1871/1871/1871 1903/1903/1903 1905/1905/1905
f 1905/1905/1905 1903/1903/1903 1904/1904/1904
f 1905/1905/1905 1904/1904/1904 1906/1906/1906
f 1907/1907/1907 1905/1905/1905 1906/1906/1906
f 1907/1907/1907 1906/1906/1906 1908/1908/1908
f 1873/1873/1873 1871/1871/1871 1905/1905/1905
f 1873/1873/1873 1905/1905/1905 1907/1907/1907
f 1877/1877/1877 1873/1873/1873 1907/1907/1907
f 1877/1877/1877 1907/1907/1907 1909/1909/1909
f 1909/1909/1909 1907/1907/1907 1908/1908/1908
f 1909/1909/1909 1908/1908/1908 1910/1910/1910
f 1880/1880/1880 1877/1877/1877 1909/1909/1909
f 1880/1880/1880 1909/1909/1909 1911/1911/1911
f 1911/1911/1911 1909/1909/1909 1910/1910/1910
f 1911/1911/1911 1910/1910/1910 1912/1912/1912
f 1883/1883/1883 1880/1880/1880 1911/1911/1911
f 1883/1883/1883 1911/1911/1911 1913/1913/1913
f 1913/1913/1913 1911/1911/1911 1912/1912/1912
f 1913/1913/1913 1912/1912/1912 1914/1914/1914
f 1886/1886/1886 1883/1883/1883 1913/1913/1913
f 1886/1886/1886 1913/1913/1913 1915/1915/1915
f 1915/1915/1915 1913/1913/1913 1914/1914/1914
f 1915/1915/1915 1914/1914/1914 1916/1916/1916
f 1889/1889/1889 1886/1886/1886 1915/1915/1915
f 1889/1889/1889 1915/1915/1915 1893/1893/1893
f 1893/1893/1893 1915/1915/1915 1916/1916/1916
f 1893/1893/1893 1916/1916/1916 1896/1896/1896
f 1916/1916/1916 1914/1914/1914 1917/1917/1917
f 1916/1916/1916 1917/1917/1917 1918/1918/1918
f 1896/1896/1896 1916/1916/1916 1918/1918/1918
f 1896/1896/1896 1918/1918/1918 1919/1919/1919
f 1918/1918/1918 1917/1917/1917 1920/1920/1920
f 1918/1918/1918 1920/1920/1920 1921/1921/1921
f 1919/1919/1919 1918/1918/1918 1921/1921/1921
f 1919/1919/1919 1921/1921/1921 1922/1922/1922
f 1923/1923/1923 1919/1919/1919 1922/1922/1922
f 1923/1923/1923 1922/1922/1922 1924/1924/1924
f 1897/1897/1897 1896/1896/1896 1919/1919/1919
f 1897/1897/1897 1919/1919/1919 1923/1923/1923
f 1898/1898/1898 1897/1897/1897 1923/1923/1923
f 1898/1898/1898 1923/1923/1923 1925/1925/1925
f 1925/1925/1925 1923/1923/1923 1924/1924/1924
f 1925/1925/1925 1924/1924/1924 1926/1926/1926
f 1900/1900/1900 1898/1898/1898 1925/1925/1925
f 1900/1900/1900 1925/1925/1925 1927/1927/1927
f 1927/1927/1927 1925/1925/1925 1926/1926/1926
f 1927/1927/1927 1926/1926/1926 1928/1928/1928
f 1902/1902/1902 1900/1900/1900 1927/1927/1927
f 1902/1902/1902 1927/1927/1927 1929/1929/1929
f 1929/1929/1929 1927/1927/1927 1928/1928/1928
f 1929/1929/1929 1928/1928/1928 1930/1930/1930
f 1931/1931/1931 1929/1929/1929 1930/1930/1930
f 1931/1931/1931 1930/1930/1930 1932/1932/1932
f 1904/1904/1904 1902/1902/1902 1929/1929/1929
f 1904/1904/1904 1929/1929/1929 1931/1931/1931
f 1906/1906/1906 1904/1904/1904 1931/1931/1931
f 1906/1906/1906 1931/1931/1931 1933/1933/1933
f 1933/1933/1933 1931/1931/1931 1932/1932/1932
f 1933/1933/1933 1932/1932/1932 1934/1934/1934
f 1935/1935/1935 1933/1933/1933 1934/1934/1934
f 1935/1935/1935 1934/1934/1934 1936/1936/1936
f 1908/1908/1908 1906/1906/1906 1933/1933/1933
f 1908/1908/1908 1933/1933/1933 1935/1935/1935
f 1910/1910/1910 1908/1908/1908 1935/1935/1935
f 1910/1910/1910 1935/1935/1935 1937/1937/1937
f 1937/1937/1937 1935/1935/1935 1936/1936/1936
f 1937/1937/1937 1936/1936/1936 1938/1938/1938
f 1912/1912/1912 1910/1910/1910 1937/1937/1937
f 1912/1912/1912 1937/1937/1937 1939/1939/1939
f 1939/1939/1939 1937/1937/1937 1938/1938/1938
f 1939/1939/1939 1938/1938/1938 1940/1940/1940
f 1914/1914/1914 1912/1912/1912 1939/1939/1939
f 1914/1914/1914 1939/1939/1939 1917/1917/1917
f 1917/1917/1917 1939/1939/1939 1940/1940/1940
f 1917/1917/1917 1940/1940/1940 1920/1920/1920
f 1938/1938/1938 1936/1936/1936 1941/1941/1941
f 1938/1938/1938 1941/1941/1941 1940/1940/1940
f 1920/1920/1920 1940/1940/1940 1941/1941/1941
f 1920/1920/1920 1941/1941/1941 1921/1921/1921
f 1926/1926/1926 1924/1924/1924 1941/1941/1941
f 1926/1926/1926 1941/1941/1941 1928/1928/1928
f 1930/1930/1930 1928/1928/1928 1941/1941/1941
f 1930/1930/1930 1941/1941/1941 1932/1932/1932
f 1922/1922/1922 1921/1921/1921 1941/1941/1941
f 1922/1922/1922 1941/1941/1941 1924/1924/1924
f 1934/1934/1934 1932/1932/1932 1941/1941/1941
f 1934/1934/1934 1941/1941/1941 1936/1936/1936
f 1942/1942/1942 1943/1943/1943 1887/1887/1887
f 1942/1942/1942 1887/1887/1887 1892/1892/1892
f 1859/1859/1859 1942/1942/1942 1892/1892/1892
f 1859/1859/1859 1892/1892/1892 1860/1860/1860
f 1364/1364/1364 1362/1362/1362 1943/1943/1943
f 1364/1364/1364 1943/1943/1943 1942/1942/1942
f 1368/1368/1368 1364/1364/1364 1942/1942/1942
f 1368/1368/1368 1942/1942/1942 1859/1859/1859
f 1362/1362/1362 1359/1359/1359 1944/1944/1944
f 1362/1362/1362 1944/1944/1944 1943/1943/1943
f 1943/1943/1943 1944/1944/1944 1884/1884/1884
f 1943/1943/1943 1884/1884/1884 1887/1887/1887
f 1359/1359/1359 1356/1356/1356 1945/1945/1945
f 1359/1359/1359 1945/1945/1945 1944/1944/1944
f 1944/1944/1944 1945/1945/1945 1881/1881/1881
f 1944/1944/1944 1881/1881/1881 1884/1884/1884
f 1945/1945/1945 1946/1946/1946 1878/1878/1878
f 1945/1945/1945 1878/1878/1878 1881/1881/1881
f 1356/1356/1356 1352/1352/1352 1946/1946/1946
f 1356/1356/1356 1946/1946/1946 1945/1945/1945
f 1352/1352/1352 1350/1350/1350 1947/1947/1947
f 1352/1352/1352 1947/1947/1947 1946/1946/1946
f 1946/1946/1946 1947/1947/1947 1875/1875/1875
f 1946/1946/1946 1875/1875/1875 1878/1878/1878
f 1350/1350/1350 1346/1346/1346 1948/1948/1948
f 1350/1350/1350 1948/1948/1948 1947/1947/1947
f 1947/1947/1947 1948/1948/1948 1874/1874/1874
f 1947/1947/1947 1874/1874/1874 1875/1875/1875
f 1346/1346/1346 1345/1345/1345 1949/1949/1949
f 1346/1346/1346 1949/1949/1949 1948/1948/1948
f 1948/1948/1948 1949/1949/1949 1869/1869/1869
f 1948/1948/1948 1869/1869/1869 1874/1874/1874
f 1949/1949/1949 1854/1854/1854 1858/1858/1858
f 1949/1949/1949 1858/1858/1858 1869/1869/1869
f 1345/1345/1345 1347/1347/1347 1854/1854/1854
f 1345/1345/1345 1854/1854/1854 1949/1949/1949
f 1950/1950/1950 1951/1951/1951 1952/1952/1952
f 1950/1950/1950 1952/1952/1952 1953/1953/1953
f 1951/1951/1951 1950/1950/1950 1954/1954/1954
f 1951/1951/1951 1954/1954/1954 1955/1955/1955
f 1951/1951/1951 1955/1955/1955 1956/1956/1956
f 1951/1951/1951 1956/1956/1956 1952/1952/1952
f 1953/1953/1953 1952/1952/1952 1957/1957/1957
f 1953/1953/1953 1957/1957/1957 1958/1958/1958
f 1952/1952/1952 1956/1956/1956 1959/1959/1959
f 1952/1952/1952 1959/1959/1959 1957/1957/1957
f 1960/1960/1960 1950/1950/1950 1953/1953/1953
f 1960/1960/1960 1953/1953/1953 1961/1961/1961
f 1961/1961/1961 1953/1953/1953 1958/1958/1958
f 1961/1961/1961 1958/1958/1958 1962/1962/1962
f 1963/1963/1963 1960/1960/1960 1961/1961/1961
f 1963/1963/1963 1961/1961/1961 1964/1964/1964
f 1964/1964/1964 1961/1961/1961 1962/1962/1962
f 1964/1964/1964 1962/1962/1962 1965/1965/1965
f 1966/1966/1966 1963/1963/1963 1964/1964/1964
f 1966/1966/1966 1964/1964/1964 1967/1967/1967
f 1967/1967/1967 1964/1964/1964 1965/1965/1965
f 1967/1967/1967 1965/1965/1965 1968/1968/1968
f 1969/1969/1969 1967/1967/1967 1968/1968/1968
f 1969/1969/1969 1968/1968/1968 1970/1970/1970
f 1971/1971/1971 1966/1966/1966 1967/1967/1967
f 1971/1971/1971 1967/1967/1967 1969/1969/1969
f 1972/1972/1972 1971/1971/1971 1969/1969/1969
f 1972/1972/1972 1969/1969/1969 1973/1973/1973
f 1973/1973/1973 1969/1969/1969 1970/1970/1970
f 1973/1973/1973 1970/1970/1970 1974/1974/1974
f 1975/1975/1975 1972/1972/1972 1973/1973/1973
f 1975/1975/1975 1973/1973/1973 1976/1976/1976
f 1976/1976/1976 1973/1973/1973 1974/1974/1974
f 1976/1976/1976 1974/1974/1974 1977/1977/1977
f 1978/1978/1978 1975/1975/1975 1976/1976/1976
f 1978/1978/1978 1976/1976/1976 1979/1979/1979
f 1979/1979/1979 1976/1976/1976 1977/1977/1977
f 1979/1979/1979 1977/1977/1977 1980/1980/1980
f 1981/1981/1981 1979/1979/1979 1980/1980/1980
f 1981/1981/1981 1980/1980/1980 1982/1982/1982
f 1983/1983/1983 1978/1978/1978 1979/1979/1979
f 1983/1983/1983 1979/1979/1979 1981/1981/1981
f 1984/1984/1984 1983/1983/1983 1981/1981/1981
f 1984/1984/1984 1981/1981/1981 1985/1985/1985
f 1985/1985/1985 1981/1981/1981 1982/1982/1982
f 1985/1985/1985 1982/1982/1982 1986/1986/1986
f 1956/1956/1956 1985/1985/1985 1986/1986/1986
f 1956/1956/1956 1986/1986/1986 1959/1959/1959
f 1955/1955/1955 1984/1984/1984 1985/1985/1985
f 1955/1955/1955 1985/1985/1985 1956/1956/1956
f 1984/1984/1984 1955/1955/1955 1954/1954/1954
f 1984/1984/1984 1954/1954/1954 1983/1983/1983
f 1986/1986/1986 1982/1982/1982 1987/1987/1987
f 1986/1986/1986 1987/1987/1987 1988/1988/1988
f 1959/1959/1959 1986/1986/1986 1988/1988/1988
f 1959/1959/1959 1988/1988/1988 1989/1989/1989
f 1957/1957/1957 1959/1959/1959 1989/1989/1989
f 1957/1957/1957 1989/1989/1989 1990/1990/1990
f 1989/1989/1989 1988/1988/1988 1991/1991/1991
f 1989/1989/1989 1991/1991/1991 1992/1992/1992
f 1990/1990/1990 1989/1989/1989 1992/1992/1992
f 1990/1990/1990 1992/1992/1992 1993/1993/1993
f 1958/1958/1958 1957/1957/1957 1990/1990/1990
f 1958/1958/1958 1990/1990/1990 1994/1994/1994
f 1994/1994/1994 1990/1990/1990 1993/1993/1993
f 1994/1994/1994 1993/1993/1993 1995/1995/1995
f 1962/1962/1962 1958/1958/1958 1994/1994/1994
f 1962/1962/1962 1994/1994/1994 1996/1996/1996
f 1996/1996/1996 1994/1994/1994 1995/1995/1995
f 1996/1996/1996 1995/1995/1995 1997/1997/1997
f 1965/1965/1965 1962/1962/1962 1996/1996/1996
f 1965/1965/1965 1996/1996/1996 1998/1998/1998
f 1998/1998/1998 1996/1996/1996 1997/1997/1997
f 1998/1998/1998 1997/1997/1997 1999/1999/1999
f 1968/1968/1968 1965/1965/1965 1998/1998/1998
f 1968/1968/1968 1998/1998/1998 2000/2000/2000
f 2000/2000/2000 1998/1998/1998 1999/1999/1999
f 2000/2000/2000 1999/1999/1999 2001/2001/2001
f 2002/2002/2002 2000/2000/2000 2001/2001/2001
f 2002/2002/2002 2001/2001/2001 2003/2003/2003
f 1970/1970/1970 1968/1968/1968 2000/2000/2000
f 1970/1970/1970 2000/2000/2000 2002/2002/2002
f 1974/1974/1974 1970/1970/1970 2002/2002/2002
f 1974/1974/1974 2002/2002/2002 2004/2004/2004
f 2004/2004/2004 2002/2002/2002 2003/2003/2003
f 2004/2004/2004 2003/2003/2003 2005/2005/2005
f 1977/1977/1977 1974/1974/1974 2004/2004/2004
f 1977/1977/1977 2004/2004/2004 2006/2006/2006
f 2006/2006/2006 2004/2004/2004 2005/2005/2005
f 2006/2006/2006 2005/2005/2005 2007/2007/2007
f 1980/1980/1980 1977/1977/1977 2006/2006/2006
f 1980/1980/1980 2006/2006/2006 2008/2008/2008
f 2008/2008/2008 2006/2006/2006 2007/2007/2007
f 2008/2008/2008 2007/2007/2007 2009/2009/2009
f 1987/1987/1987 2008/2008/2008 2009/2009/2009
f 1987/1987/1987 2009/2009/2009 2010/2010/2010
f 1982/1982/1982 1980/1980/1980 2008/2008/2008
f 1982/1982/1982 2008/2008/2008 1987/1987/1987
f 1988/1988/1988 1987/1987/1987 2010/2010/2010
f 1988/1988/1988 2010/2010/2010 1991/1991/1991
f 2010/2010/2010 2009/2009/2009 2011/2011/2011
f 2010/2010/2010 2011/2011/2011 2012/2012/2012
f 1991/1991/1991 2010/2010/2010 2012/2012/2012
f 1991/1991/1991 2012/2012/2012 2013/2013/2013
f 2012/2012/2012 2011/2011/2011 2014/2014/2014
f 2012/2012/2012 2014/2014/2014 2015/2015/2015
f 2013/2013/2013 2012/2012/2012 2015/2015/2015
f 2013/2013/2013 2015/2015/2015 2016/2016/2016
f 2017/2017/2017 2013/2013/2013 2016/2016/2016
f 2017/2017/2017 2016/2016/2016 2018/2018/2018
f 1992/1992/1992 1991/1991/1991 2013/2013/2013
f 1992/1992/1992 2013/2013/2013 2017/2017/2017
f 1993/1993/1993 1992/1992/1992 2017/2017/2017
f 1993/1993/1993 2017/2017/2017 2019/2019/2019
f 2019/2019/2019 2017/2017/2017 2018/2018/2018
f 2019/2019/2019 2018/2018/2018 2020/2020/2020
f 1995/1995/1995 1993/1993/1993 2019/2019/2019
f 1995/1995/1995 2019/2019/2019 2021/2021/2021
f 2021/2021/2021 2019/2019/2019 2020/2020/2020
f 2021/2021/2021 2020/2020/2020 2022/2022/2022
f 1997/1997/1997 1995/1995/1995 2021/2021/2021
f 1997/1997/1997 2021/2021/2021 2023/2023/2023
f 2023/2023/2023 2021/2021/2021 2022/2022/2022
f 2023/2023/2023 2022/2022/2022 2024/2024/2024
f 1999/1999/1999 1997/1997/1997 2023/2023/2023
f 1999/1999/1999 2023/2023/2023 2025/2025/2025
f 2025/2025/2025 2023/2023/2023 2024/2024/2024
f 2025/2025/2025 2024/2024/2024 2026/2026/2026
f 2001/2001/2001 1999/1999/1999 2025/2025/2025
f 2001/2001/2001 2025/2025/2025 2027/2027/2027
f 2027/2027/2027 2025/2025/2025 2026/2026/2026
f 2027/2027/2027 2026/2026/2026 2028/2028/2028
f 2029/2029/2029 2027/2027/2027 2028/2028/2028
f 2029/2029/2029 2028/2028/2028 2030/2030/2030
f 2003/2003/2003 2001/2001/2001 2027/2027/2027
f 2003/2003/2003 2027/2027/2027 2029/2029/2029
f 2005/2005/2005 2003/2003/2003 2029/2029/2029
f 2005/2005/2005 2029/2029/2029 2031/2031/2031
f 2031/2031/2031 2029/2029/2029 2030/2030/2030
f 2031/2031/2031 2030/2030/2030 2032/2032/2032
f 2007/2007/2007 2005/2005/2005 2031/2031/2031
f 2007/2007/2007 2031/2031/2031 2033/2033/2033
f 2033/2033/2033 2031/2031/2031 2032/2032/2032
f 2033/2033/2033 2032/2032/2032 2034/2034/2034
f 2009/2009/2009 2007/2007/2007 2033/2033/2033
f 2009/2009/2009 2033/2033/2033 2011/2011/2011
f 2011/2011/2011 2033/2033/2033 2034/2034/2034
f 2011/2011/2011 2034/2034/2034 2014/2014/2014
f 2034/2034/2034 2032/2032/2032 2035/2035/2035
f 2034/2034/2034 2035/2035/2035 2036/2036/2036
f 2014/2014/2014 2034/2034/2034 2036/2036/2036
f 2014/2014/2014 2036/2036/2036 2037/2037/2037
f 2036/2036/2036 2035/2035/2035 2038/2038/2038
f 2036/2036/2036 2038/2038/2038 2039/2039/2039
f 2037/2037/2037 2036/2036/2036 2039/2039/2039
f 2037/2037/2037 2039/2039/2039 2040/2040/2040
f 2041/2041/2041 2037/2037/2037 2040/2040/2040
f 2041/2041/2041 2040/2040/2040 2042/2042/2042
f 2015/2015/2015 2014/2014/2014 2037/2037/2037
f 2015/2015/2015 2037/2037/2037 2041/2041/2041
f 2016/2016/2016 2015/2015/2015 2041/2041/2041
f 2016/2016/2016 2041/2041/2041 2043/2043/2043
f 2043/2043/2043 2041/2041/2041 2042/2042/2042
f 2043/2043/2043 2042/2042/2042 2044/2044/2044
f 2045/2045/2045 2043/2043/2043 2044/2044/2044
f 2045/2045/2045 2044/2044/2044 2046/2046/2046
f 2018/2018/2018 2016/2016/2016 2043/2043/2043
f 2018/2018/2018 2043/2043/2043 2045/2045/2045
f 2020/2020/2020 2018/2018/2018 2045/2045/2045
f 2020/2020/2020 2045/2045/2045 2047/2047/2047
f 2047/2047/2047 2045/2045/2045 2046/2046/2046
f 2047/2047/2047 2046/2046/2046 2048/2048/2048
f 2022/2022/2022 2020/2020/2020 2047/2047/2047
f 2022/2022/2022 2047/2047/2047 2049/2049/2049
f 2049/2049/2049 2047/2047/2047 2048/2048/2048
f 2049/2049/2049 2048/2048/2048 2050/2050/2050
f 2024/2024/2024 2022/2022/2022 2049/2049/2049
f 2024/2024/2024 2049/2049/2049 2051/2051/2051
f 2051/2051/2051 2049/2049/2049 2050/2050/2050
f 2051/2051/2051 2050/2050/2050 2052/2052/2052
f 2026/2026/2026 2024/2024/2024 2051/2051/2051
f 2026/2026/2026 2051/2051/2051 2053/2053/2053
f 2053/2053/2053 2051/2051/2051 2052/2052/2052
f 2053/2053/2053 2052/2052/2052 2054/2054/2054
f 2028/2028/2028 2026/2026/2026 2053/2053/2053
f 2028/2028/2028 2053/2053/2053 2055/2055/2055
f 2055/2055/2055 2053/2053/2053 2054/2054/2054
f 2055/2055/2055 2054/2054/2054 2056/2056/2056
f 2057/2057/2057 2055/2055/2055 2056/2056/2056
f 2057/2057/2057 2056/2056/2056 2058/2058/2058
f 2030/2030/2030 2028/2028/2028 2055/2055/2055
f 2030/2030/2030 2055/2055/2055 2057/2057/2057
f 2032/2032/2032 2030/2030/2030 2057/2057/2057
f 2032/2032/2032 2057/2057/2057 2035/2035/2035
f 2035/2035/2035 2057/2057/2057 2058/2058/2058
f 2035/2035/2035 2058/2058/2058 2038/2038/2038
f 2038/2038/2038 2058/2058/2058 2059/2059/2059
f 2038/2038/2038 2059/2059/2059 2060/2060/2060
f 2058/2058/2058 2056/2056/2056 2061/2061/2061
f 2058/2058/2058 2061/2061/2061 2059/2059/2059
f 2059/2059/2059 2061/2061/2061 2062/2062/2062
f 2059/2059/2059 2062/2062/2062 2063/2063/2063
f 2060/2060/2060 2059/2059/2059 2063/2063/2063
f 2060/2060/2060 2063/2063/2063 2064/2064/2064
f 2065/2065/2065 2060/2060/2060 2064/2064/2064
f 2065/2065/2065 2064/2064/2064 2066/2066/2066
f 2039/2039/2039 2038/2038/2038 2060/2060/2060
f 2039/2039/2039 2060/2060/2060 2065/2065/2065
f 2040/2040/2040 2039/2039/2039 2065/2065/2065
f 2040/2040/2040 2065/2065/2065 2067/2067/2067
f 2067/2067/2067 2065/2065/2065 2066/2066/2066
f 2067/2067/2067 2066/2066/2066 2068/2068/2068
f 2042/2042/2042 2040/2040/2040 2067/2067/2067
f 2042/2042/2042 2067/2067/2067 2069/2069/2069
f 2069/2069/2069 2067/2067/2067 2068/2068/2068
f 2069/2069/2069 2068/2068/2068 2070/2070/2070
f 2044/2044/2044 2042/2042/2042 2069/2069/2069
f 2044/2044/2044 2069/2069/2069 2071/2071/2071
f 2071/2071/2071 2069/2069/2069 2070/2070/2070
f 2071/2071/2071 2070/2070/2070 2072/2072/2072
f 2073/2073/2073 2071/2071/2071 2072/2072/2072
f 2073/2073/2073 2072/2072/2072 2074/2074/2074
f 2046/2046/2046 2044/2044/2044 2071/2071/2071
f 2046/2046/2046 2071/2071/2071 2073/2073/2073
f 2048/2048/2048 2046/2046/2046 2073/2073/2073
f 2048/2048/2048 2073/2073/2073 2075/2075/2075
f 2075/2075/2075 2073/2073/2073 2074/2074/2074
f 2075/2075/2075 2074/2074/2074 2076/2076/2076
f 2050/2050/2050 2048/2048/2048 2075/2075/2075
f 2050/2050/2050 2075/2075/2075 2077/2077/2077
f 2077/2077/2077 2075/2075/2075 2076/2076/2076
f 2077/2077/2077 2076/2076/2076 2078/2078/2078
f 2052/2052/2052 2050/2050/2050 2077/2077/2077
f 2052/2052/2052 2077/2077/2077 2079/2079/2079
f 2079/2079/2079 2077/2077/2077 2078/2078/2078
f 2079/2079/2079 2078/2078/2078 2080/2080/2080
f 2081/2081/2081 2079/2079/2079 2080/2080/2080
f 2081/2081/2081 2080/2080/2080 2082/2082/2082
f 2054/2054/2054 2052/2052/2052 2079/2079/2079
f 2054/2054/2054 2079/2079/2079 2081/2081/2081
f 2056/2056/2056 2054/2054/2054 2081/2081/2081
f 2056/2056/2056 2081/2081/2081 2061/2061/2061
f 2061/2061/2061 2081/2081/2081 2082/2082/2082
f 2061/2061/2061 2082/2082/2082 2062/2062/2062
f 2062/2062/2062 2082/2082/2082 2083/2083/2083
f 2062/2062/2062 2083/2083/2083 2084/2084/2084
f 2082/2082/2082 2080/2080/2080 2085/2085/2085
f 2082/2082/2082 2085/2085/2085 2083/2083/2083
f 2083/2083/2083 2085/2085/2085 2086/2086/2086
f 2083/2083/2083 2086/2086/2086 2087/2087/2087
f 2084/2084/2084 2083/2083/2083 2087/2087/2087
f 2084/2084/2084 2087/2087/2087 2088/2088/2088
f 2089/2089/2089 2084/2084/2084 2088/2088/2088
f 2089/2089/2089 2088/2088/2088 2090/2090/2090
f 2063/2063/2063 2062/2062/2062 2084/2084/2084
f 2063/2063/2063 2084/2084/2084 2089/2089/2089
f 2064/2064/2064 2063/2063/2063 2089/2089/2089
f 2064/2064/2064 2089/2089/2089 2091/2091/2091
f 2091/2091/2091 2089/2089/2089 2090/2090/2090
f 2091/2091/2091 2090/2090/2090 2092/2092/2092
f 2066/2066/2066 2064/2064/2064 2091/2091/2091
f 2066/2066/2066 2091/2091/2091 2093/2093/2093
f 2093/2093/2093 2091/2091/2091 2092/2092/2092
f 2093/2093/2093 2092/2092/2092 2094/2094/2094
f 2068/2068/2068 2066/2066/2066 2093/2093/2093
f 2068/2068/2068 2093/2093/2093 2095/2095/2095
f 2095/2095/2095 2093/2093/2093 2094/2094/2094
f 2095/2095/2095 2094/2094/2094 2096/2096/2096
f 2097/2097/2097 2095/2095/2095 2096/2096/2096
f 2097/2097/2097 2096/2096/2096 2098/2098/2098
f 2070/2070/2070 2068/2068/2068 2095/2095/2095
f 2070/2070/2070 2095/2095/2095 2097/2097/2097
f 2072/2072/2072 2070/2070/2070 2097/2097/2097
f 2072/2072/2072 2097/2097/2097 2099/2099/2099
f 2099/2099/2099 2097/2097/2097 2098/2098/2098
f 2099/2099/2099 2098/2098/2098 2100/2100/2100
f 2074/2074/2074 2072/2072/2072 2099/2099/2099
f 2074/2074/2074 2099/2099/2099 2101/2101/2101
f 2101/2101/2101 2099/2099/2099 2100/2100/2100
f 2101/2101/2101 2100/2100/2100 2102/2102/2102
f 2076/2076/2076 2074/2074/2074 2101/2101/2101
f 2076/2076/2076 2101/2101/2101 2103/2103/2103
f 2103/2103/2103 2101/2101/2101 2102/2102/2102
f 2103/2103/2103 2102/2102/2102 2104/2104/2104
f 2105/2105/2105 2103/2103/2103 2104/2104/2104
f 2105/2105/2105 2104/2104/2104 2106/2106/2106
f 2078/2078/2078 2076/2076/2076 2103/2103/2103
f 2078/2078/2078 2103/2103/2103 2105/2105/2105
f 2080/2080/2080 2078/2078/2078 2105/2105/2105
f 2080/2080/2080 2105/2105/2105 2085/2085/2085
f 2085/2085/2085 2105/2105/2105 2106/2106/2106
f 2085/2085/2085 2106/2106/2106 2086/2086/2086
f 2086/2086/2086 2106/2106/2106 2107/2107/2107
f 2086/2086/2086 2107/2107/2107 2108/2108/2108
f 2106/2106/2106 2104/2104/2104 2109/2109/2109
f 2106/2106/2106 2109/2109/2109 2107/2107/2107
f 2107/2107/2107 2109/2109/2109 2110/2110/2110
f 2107/2107/2107 2110/2110/2110 2111/2111/2111
f 2108/2108/2108 2107/2107/2107 2111/2111/2111
f 2108/2108/2108 2111/2111/2111 2112/2112/2112
f 2113/2113/2113 2108/2108/2108 2112/2112/2112
f 2113/2113/2113 2112/2112/2112 2114/2114/2114
f 2087/2087/2087 2086/2086/2086 2108/2108/2108
f 2087/2087/2087 2108/2108/2108 2113/2113/2113
f 2088/2088/2088 2087/2087/2087 2113/2113/2113
f 2088/2088/2088 2113/2113/2113 2115/2115/2115
f 2115/2115/2115 2113/2113/2113 2114/2114/2114
f 2115/2115/2115 2114/2114/2114 2116/2116/2116
f 2090/2090/2090 2088/2088/2088 2115/2115/2115
f 2090/2090/2090 2115/2115/2115 2117/2117/2117
f 2117/2117/2117 2115/2115/2115 2116/2116/2116
f 2117/2117/2117 2116/2116/2116 2118/2118/2118
f 2092/2092/2092 2090/2090/2090 2117/2117/2117
f 2092/2092/2092 2117/2117/2117 2119/2119/2119
f 2119/2119/2119 2117/2117/2117 2118/2118/2118
f 2119/2119/2119 2118/2118/2118 2120/2120/2120
f 2121/2121/2121 2119/2119/2119 2120/2120/2120
f 2121/2121/2121 2120/2120/2120 2122/2122/2122
f 2094/2094/2094 2092/2092/2092 2119/2119/2119
f 2094/2094/2094 2119/2119/2119 2121/2121/2121
f 2096/2096/2096 2094/2094/2094 2121/2121/2121
f 2096/2096/2096 2121/2121/2121 2123/2123/2123
f 2123/2123/2123 2121/2121/2121 2122/2122/2122
f 2123/2123/2123 2122/2122/2122 2124/2124/2124
f 2098/2098/2098 2096/2096/2096 2123/2123/2123
f 2098/2098/2098 2123/2123/2123 2125/2125/2125
f 2125/2125/2125 2123/2123/2123 2124/2124/2124
f 2125/2125/2125 2124/2124/2124 2126/2126/2126
f 2100/2100/2100 2098/2098/2098 2125/2125/2125
f 2100/2100/2100 2125/2125/2125 2127/2127/2127
f 2127/2127/2127 2125/2125/2125 2126/2126/2126
f 2127/2127/2127 2126/2126/2126 2128/2128/2128
f 2129/2129/2129 2127/2127/2127 2128/2128/2128
f 2129/2129/2129 2128/2128/2128 2130/2130/2130
f 2102/2102/2102 2100/2100/2100 2127/2127/2127
f 2102/2102/2102 2127/2127/2127 2129/2129/2129
f 2104/2104/2104 2102/2102/2102 2129/2129/2129
f 2104/2104/2104 2129/2129/2129 2109/2109/2109
f 2109/2109/2109 2129/2129/2129 2130/2130/2130
f 2109/2109/2109 2130/2130/2130 2110/2110/2110
f 2110/2110/2110 2130/2130/2130 2131/2131/2131
f 2110/2110/2110 2131/2131/2131 2132/2132/2132
f 2130/2130/2130 2128/2128/2128 2133/2133/2133
f 2130/2130/2130 2133/2133/2133 2131/2131/2131
f 2131/2131/2131 2133/2133/2133 2134/2134/2134
f 2131/2131/2131 2134/2134/2134 2135/2135/2135
f 2132/2132/2132 2131/2131/2131 2135/2135/2135
f 2132/2132/2132 2135/2135/2135 2136/2136/2136
f 2137/2137/2137 2132/2132/2132 2136/2136/2136
f 2137/2137/2137 2136/2136/2136 2138/2138/2138
f 2111/2111/2111 2110/2110/2110 2132/2132/2132
f 2111/2111/2111 2132/2132/2132 2137/2137/2137
f 2112/2112/2112 2111/2111/2111 2137/2137/2137
f 2112/2112/2112 2137/2137/2137 2139/2139/2139
f 2139/2139/2139 2137/2137/2137 2138/2138/2138
f 2139/2139/2139 2138/2138/2138 2140/2140/2140
f 2114/2114/2114 2112/2112/2112 2139/2139/2139
f 2114/2114/2114 2139/2139/2139 2141/2141/2141
f 2141/2141/2141 2139/2139/2139 2140/2140/2140
f 2141/2141/2141 2140/2140/2140 2142/2142/2142
f 2116/2116/2116 2114/2114/2114 2141/2141/2141
f 2116/2116/2116 2141/2141/2141 2143/2143/2143
f 2143/2143/2143 2141/2141/2141 2142/2142/2142
f 2143/2143/2143 2142/2142/2142 2144/2144/2144
f 2145/2145/2145 2143/2143/2143 2144/2144/2144
f 2145/2145/2145 2144/2144/2144 2146/2146/2146
f 2118/2118/2118 2116/2116/2116 2143/2143/2143
f 2118/2118/2118 2143/2143/2143 2145/2145/2145
f 2120/2120/2120 2118/2118/2118 2145/2145/2145
f 2120/2120/2120 2145/2145/2145 2147/2147/2147
f 2147/2147/2147 2145/2145/2145 2146/2146/2146
f 2147/2147/2147 2146/2146/2146 2148/2148/2148
f 2122/2122/2122 2120/2120/2120 2147/2147/2147
f 2122/2122/2122 2147/2147/2147 2149/2149/2149
f 2149/2149/2149 2147/2147/2147 2148/2148/2148
f 2149/2149/2149 2148/2148/2148 2150/2150/2150
f 2124/2124/2124 2122/2122/2122 2149/2149/2149
f 2124/2124/2124 2149/2149/2149 2151/2151/2151
f 2151/2151/2151 2149/2149/2149 2150/2150/2150
f 2151/2151/2151 2150/2150/2150 2152/2152/2152
f 2153/2153/2153 2151/2151/2151 2152/2152/2152
f 2153/2153/2153 2152/2152/2152 2154/2154/2154
f 2126/2126/2126 2124/2124/2124 2151/2151/2151
f 2126/2126/2126 2151/2151/2151 2153/2153/2153
f 2128/2128/2128 2126/2126/2126 2153/2153/2153
f 2128/2128/2128 2153/2153/2153 2133/2133/2133
f 2133/2133/2133 2153/2153/2153 2154/2154/2154
f 2133/2133/2133 2154/2154/2154 2134/2134/2134
f 2134/2134/2134 2154/2154/2154 2155/2155/2155
f 2134/2134/2134 2155/2155/2155 2156/2156/2156
f 2154/2154/2154 2152/2152/2152 2157/2157/2157
f 2154/2154/2154 2157/2157/2157 2155/2155/2155
f 2155/2155/2155 2157/2157/2157 2158/2158/2158
f 2155/2155/2155 2158/2158/2158 2159/2159/2159
f 2156/2156/2156 2155/2155/2155 2159/2159/2159
f 2156/2156/2156 2159/2159/2159 2160/2160/2160
f 2161/2161/2161 2156/2156/2156 2160/2160/2160
f 2161/2161/2161 2160/2160/2160 2162/2162/2162
f 2135/2135/2135 2134/2134/2134 2156/2156/2156
f 2135/2135/2135 2156/2156/2156 2161/2161/2161
f 2136/2136/2136 2135/2135/2135 2161/2161/2161
f 2136/2136/2136 2161/2161/2161 2163/2163/2163
f 2163/2163/2163 2161/2161/2161 2162/2162/2162
f 2163/2163/2163 2162/2162/2162 2164/2164/2164
f 2138/2138/2138 2136/2136/2136 2163/2163/2163
f 2138/2138/2138 2163/2163/2163 2165/2165/2165
f 2165/2165/2165 2163/2163/2163 2164/2164/2164
f 2165/2165/2165 2164/2164/2164 2166/2166/2166
f 2140/2140/2140 2138/2138/2138 2165/2165/2165
f 2140/2140/2140 2165/2165/2165 2167/2167/2167
f 2167/2167/2167 2165/2165/2165 2166/2166/2166
f 2167/2167/2167 2166/2166/2166 2168/2168/2168
f 2169/2169/2169 2167/2167/2167 2168/2168/2168
f 2169/2169/2169 2168/2168/2168 2170/2170/2170
f 2142/2142/2142 2140/2140/2140 2167/2167/2167
f 2142/2142/2142 2167/2167/2167 2169/2169/2169
f 2144/2144/2144 2142/2142/2142 2169/2169/2169
f 2144/2144/2144 2169/2169/2169 2171/2171/2171
f 2171/2171/2171 2169/2169/2169 2170/2170/2170
f 2171/2171/2171 2170/2170/2170 2172/2172/2172
f 2146/2146/2146 2144/2144/2144 2171/2171/2171
f 2146/2146/2146 2171/2171/2171 2173/2173/2173
f 2173/2173/2173 2171/2171/2171 2172/2172/2172
f 2173/2173/2173 2172/2172/2172 2174/2174/2174
f 2148/2148/2148 2146/2146/2146 2173/2173/2173
f 2148/2148/2148 2173/2173/2173 2175/2175/2175
f 2175/2175/2175 2173/2173/2173 2174/2174/2174
f 2175/2175/2175 2174/2174/2174 2176/2176/2176
f 2177/2177/2177 2175/2175/2175 2176/2176/2176
f 2177/2177/2177 2176/2176/2176 2178/2178/2178
f 2150/2150/2150 2148/2148/2148 2175/2175/2175
f 2150/2150/2150 2175/2175/2175 2177/2177/2177
f 2152/2152/2152 2150/2150/2150 2177/2177/2177
f 2152/2152/2152 2177/2177/2177 2157/2157/2157
f 2157/2157/2157 2177/2177/2177 2178/2178/2178
f 2157/2157/2157 2178/2178/2178 2158/2158/2158
f 2158/2158/2158 2178/2178/2178 2179/2179/2179
f 2158/2158/2158 2179/2179/2179 2180/2180/2180
f 2178/2178/2178 2176/2176/2176 2181/2181/2181
f 2178/2178/2178 2181/2181/2181 2179/2179/2179
f 2179/2179/2179 2181/2181/2181 2182/2182/2182
f 2179/2179/2179 2182/2182/2182 2183/2183/2183
f 2180/2180/2180 2179/2179/2179 2183/2183/2183
f 2180/2180/2180 2183/2183/2183 2184/2184/2184
f 2185/2185/2185 2180/2180/2180 2184/2184/2184
f 2185/2185/2185 2184/2184/2184 2186/2186/2186
f 2159/2159/2159 2158/2158/2158 2180/2180/2180
f 2159/2159/2159 2180/2180/2180 2185/2185/2185
f 2160/2160/2160 2159/2159/2159 2185/2185/2185
f 2160/2160/2160 2185/2185/2185 2187/2187/2187
f 2187/2187/2187 2185/2185/2185 2186/2186/2186
f 2187/2187/2187 2186/2186/2186 2188/2188/2188
f 2189/2189/2189 2187/2187/2187 2188/2188/2188
f 2189/2189/2189 2188/2188/2188 2190/2190/2190
f 2162/2162/2162 2160/2160/2160 2187/2187/2187
f 2162/2162/2162 2187/2187/2187 2189/2189/2189
f 2164/2164/2164 2162/2162/2162 2189/2189/2189
f 2164/2164/2164 2189/2189/2189 2191/2191/2191
f 2191/2191/2191 2189/2189/2189 2190/2190/2190
f 2191/2191/2191 2190/2190/2190 2192/2192/2192
f 2166/2166/2166 2164/2164/2164 2191/2191/2191
f 2166/2166/2166 2191/2191/2191 2193/2193/2193
f 2193/2193/2193 2191/2191/2191 2192/2192/2192
f 2193/2193/2193 2192/2192/2192 2194/2194/2194
f 2168/2168/2168 2166/2166/2166 2193/2193/2193
f 2168/2168/2168 2193/2193/2193 2195/2195/2195
f 2195/2195/2195 2193/2193/2193 2194/2194/2194
f 2195/2195/2195 2194/2194/2194 2196/2196/2196
f 2170/2170/2170 2168/2168/2168 2195/2195/2195
f 2170/2170/2170 2195/2195/2195 2197/2197/2197
f 2197/2197/2197 2195/2195/2195 2196/2196/2196
f 2197/2197/2197 2196/2196/2196 2198/2198/2198
f 2172/2172/2172 2170/2170/2170 2197/2197/2197
f 2172/2172/2172 2197/2197/2197 2199/2199/2199
f 2199/2199/2199 2197/2197/2197 2198/2198/2198
f 2199/2199/2199 2198/2198/2198 2200/2200/2200
f 2201/2201/2201 2199/2199/2199 2200/2200/2200
f 2201/2201/2201 2200/2200/2200 2202/2202/2202
f 2174/2174/2174 2172/2172/2172 2199/2199/2199
f 2174/2174/2174 2199/2199/2199 2201/2201/2201
f 2176/2176/2176 2174/2174/2174 2201/2201/2201
f 2176/2176/2176 2201/2201/2201 2181/2181/2181
f 2181/2181/2181 2201/2201/2201 2202/2202/2202
f 2181/2181/2181 2202/2202/2202 2182/2182/2182
f 2182/2182/2182 2202/2202/2202 2203/2203/2203
f 2182/2182/2182 2203/2203/2203 2204/2204/2204
f 2202/2202/2202 2200/2200/2200 2205/2205/2205
f 2202/2202/2202 2205/2205/2205 2203/2203/2203
f 2203/2203/2203 2205/2205/2205 2206/2206/2206
f 2203/2203/2203 2206/2206/2206 2207/2207/2207
f 2204/2204/2204 2203/2203/2203 2207/2207/2207
f 2204/2204/2204 2207/2207/2207 2208/2208/2208
f 2209/2209/2209 2204/2204/2204 2208/2208/2208
f 2209/2209/2209 2208/2208/2208 2210/2210/2210
f 2183/2183/2183 2182/2182/2182 2204/2204/2204
f 2183/2183/2183 2204/2204/2204 2209/2209/2209
f 2184/2184/2184 2183/2183/2183 2209/2209/2209
f 2184/2184/2184 2209/2209/2209 2211/2211/2211
f 2211/2211/2211 2209/2209/2209 2210/2210/2210
f 2211/2211/2211 2210/2210/2210 2212/2212/2212
f 2213/2213/2213 2211/2211/2211 2212/2212/2212
f 2213/2213/2213 2212/2212/2212 2214/2214/2214
f 2186/2186/2186 2184/2184/2184 2211/2211/2211
f 2186/2186/2186 2211/2211/2211 2213/2213/2213
f 2188/2188/2188 2186/2186/2186 2213/2213/2213
f 2188/2188/2188 2213/2213/2213 2215/2215/2215
f 2215/2215/2215 2213/2213/2213 2214/2214/2214
f 2215/2215/2215 2214/2214/2214 2216/2216/2216
f 2190/2190/2190 2188/2188/2188 2215/2215/2215
f 2190/2190/2190 2215/2215/2215 2217/2217/2217
f 2217/2217/2217 2215/2215/2215 2216/2216/2216
f 2217/2217/2217 2216/2216/2216 2218/2218/2218
f 2192/2192/2192 2190/2190/2190 2217/2217/2217
f 2192/2192/2192 2217/2217/2217 2219/2219/2219
f 2219/2219/2219 2217/2217/2217 2218/2218/2218
f 2219/2219/2219 2218/2218/2218 2220/2220/2220
f 2194/2194/2194 2192/2192/2192 2219/2219/2219
f 2194/2194/2194 2219/2219/2219 2221/2221/2221
f 2221/2221/2221 2219/2219/2219 2220/2220/2220
f 2221/2221/2221 2220/2220/2220 2222/2222/2222
f 2196/2196/2196 2194/2194/2194 2221/2221/2221
f 2196/2196/2196 2221/2221/2221 2223/2223/2223
f 2223/2223/2223 2221/2221/2221 2222/2222/2222
f 2223/2223/2223 2222/2222/2222 2224/2224/2224
f 2225/2225/2225 2223/2223/2223 2224/2224/2224
f 2225/2225/2225 2224/2224/2224 2226/2226/2226
f 2198/2198/2198 2196/2196/2196 2223/2223/2223
f 2198/2198/2198 2223/2223/2223 2225/2225/2225
f 2200/2200/2200 2198/2198/2198 2225/2225/2225
f 2200/2200/2200 2225/2225/2225 2205/2205/2205
f 2205/2205/2205 2225/2225/2225 2226/2226/2226
f 2205/2205/2205 2226/2226/2226 2206/2206/2206
f 2206/2206/2206 2226/2226/2226 2227/2227/2227
f 2206/2206/2206 2227/2227/2227 2228/2228/2228
f 2226/2226/2226 2224/2224/2224 2229/2229/2229
f 2226/2226/2226 2229/2229/2229 2227/2227/2227
f 2227/2227/2227 2229/2229/2229 2230/2230/2230
f 2227/2227/2227 2230/2230/2230 2231/2231/2231
f 2228/2228/2228 2227/2227/2227 2231/2231/2231
f 2228/2228/2228 2231/2231/2231 2232/2232/2232
f 2233/2233/2233 2228/2228/2228 2232/2232/2232
f 2233/2233/2233 2232/2232/2232 2234/2234/2234
f 2207/2207/2207 2206/2206/2206 2228/2228/2228
f 2207/2207/2207 2228/2228/2228 2233/2233/2233
f 2208/2208/2208 2207/2207/2207 2233/2233/2233
f 2208/2208/2208 2233/2233/2233 2235/2235/2235
f 2235/2235/2235 2233/2233/2233 2234/2234/2234
f 2235/2235/2235 2234/2234/2234 2236/2236/2236
f 2237/2237/2237 2235/2235/2235 2236/2236/2236
f 2237/2237/2237 2236/2236/2236 2238/2238/2238
f 2210/2210/2210 2208/2208/2208 2235/2235/2235
f 2210/2210/2210 2235/2235/2235 2237/2237/2237
f 2212/2212/2212 2210/2210/2210 2237/2237/2237
f 2212/2212/2212 2237/2237/2237 2239/2239/2239
f 2239/2239/2239 2237/2237/2237 2238/2238/2238
f 2239/2239/2239 2238/2238/2238 2240/2240/2240
f 2214/2214/2214 2212/2212/2212 2239/2239/2239
f 2214/2214/2214 2239/2239/2239 2241/2241/2241
f 2241/2241/2241 2239/2239/2239 2240/2240/2240
f 2241/2241/2241 2240/2240/2240 2242/2242/2242
f 2216/2216/2216 2214/2214/2214 2241/2241/2241
f 2216/2216/2216 2241/2241/2241 2243/2243/2243
f 2243/2243/2243 2241/2241/2241 2242/2242/2242
f 2243/2243/2243 2242/2242/2242 2244/2244/2244
f 2245/2245/2245 2243/2243/2243 2244/2244/2244
f 2245/2245/2245 2244/2244/2244 2246/2246/2246
f 2218/2218/2218 2216/2216/2216 2243/2243/2243
f 2218/2218/2218 2243/2243/2243 2245/2245/2245
f 2220/2220/2220 2218/2218/2218 2245/2245/2245
f 2220/2220/2220 2245/2245/2245 2247/2247/2247
f 2247/2247/2247 2245/2245/2245 2246/2246/2246
f 2247/2247/2247 2246/2246/2246 2248/2248/2248
f 2222/2222/2222 2220/2220/2220 2247/2247/2247
f 2222/2222/2222 2247/2247/2247 2249/2249/2249
f 2249/2249/2249 2247/2247/2247 2248/2248/2248
f 2249/2249/2249 2248/2248/2248 2250/2250/2250
f 2224/2224/2224 2222/2222/2222 2249/2249/2249
f 2224/2224/2224 2249/2249/2249 2229/2229/2229
f 2229/2229/2229 2249/2249/2249 2250/2250/2250
f 2229/2229/2229 2250/2250/2250 2230/2230/2230
f 2250/2250/2250 2248/2248/2248 2251/2251/2251
f 2250/2250/2250 2251/2251/2251 2252/2252/2252
f 2230/2230/2230 2250/2250/2250 2252/2252/2252
f 2230/2230/2230 2252/2252/2252 2253/2253/2253
f 2252/2252/2252 2251/2251/2251 2254/2254/2254
f 2252/2252/2252 2254/2254/2254 2255/2255/2255
f 2253/2253/2253 2252/2252/2252 2255/2255/2255
f 2253/2253/2253 2255/2255/2255 2256/2256/2256
f 2231/2231/2231 2230/2230/2230 2253/2253/2253
f 2231/2231/2231 2253/2253/2253 2257/2257/2257
f 2257/2257/2257 2253/2253/2253 2256/2256/2256
f 2257/2257/2257 2256/2256/2256 2258/2258/2258
f 2232/2232/2232 2231/2231/2231 2257/2257/2257
f 2232/2232/2232 2257/2257/2257 2259/2259/2259
f 2259/2259/2259 2257/2257/2257 2258/2258/2258
f 2259/2259/2259 2258/2258/2258 2260/2260/2260
f 2261/2261/2261 2259/2259/2259 2260/2260/2260
f 2261/2261/2261 2260/2260/2260 2262/2262/2262
f 2234/2234/2234 2232/2232/2232 2259/2259/2259
f 2234/2234/2234 2259/2259/2259 2261/2261/2261
f 2236/2236/2236 2234/2234/2234 2261/2261/2261
f 2236/2236/2236 2261/2261/2261 2263/2263/2263
f 2263/2263/2263 2261/2261/2261 2262/2262/2262
f 2263/2263/2263 2262/2262/2262 2264/2264/2264
f 2265/2265/2265 2263/2263/2263 2264/2264/2264
f 2265/2265/2265 2264/2264/2264 2266/2266/2266
f 2238/2238/2238 2236/2236/2236 2263/2263/2263
f 2238/2238/2238 2263/2263/2263 2265/2265/2265
f 2240/2240/2240 2238/2238/2238 2265/2265/2265
f 2240/2240/2240 2265/2265/2265 2267/2267/2267
f 2267/2267/2267 2265/2265/2265 2266/2266/2266
f 2267/2267/2267 2266/2266/2266 2268/2268/2268
f 2242/2242/2242 2240/2240/2240 2267/2267/2267
f 2242/2242/2242 2267/2267/2267 2269/2269/2269
f 2269/2269/2269 2267/2267/2267 2268/2268/2268
f 2269/2269/2269 2268/2268/2268 2270/2270/2270
f 2244/2244/2244 2242/2242/2242 2269/2269/2269
f 2244/2244/2244 2269/2269/2269 2271/2271/2271
f 2271/2271/2271 2269/2269/2269 2270/2270/2270
f 2271/2271/2271 2270/2270/2270 2272/2272/2272
f 2273/2273/2273 2271/2271/2271 2272/2272/2272
f 2273/2273/2273 2272/2272/2272 2274/2274/2274
f 2246/2246/2246 2244/2244/2244 2271/2271/2271
f 2246/2246/2246 2271/2271/2271 2273/2273/2273
f 2248/2248/2248 2246/2246/2246 2273/2273/2273
f 2248/2248/2248 2273/2273/2273 2251/2251/2251
f 2251/2251/2251 2273/2273/2273 2274/2274/2274
f 2251/2251/2251 2274/2274/2274 2254/2254/2254
f 2274/2274/2274 2272/2272/2272 2275/2275/2275
f 2274/2274/2274 2275/2275/2275 2276/2276/2276
f 2254/2254/2254 2274/2274/2274 2276/2276/2276
f 2254/2254/2254 2276/2276/2276 2277/2277/2277
f 2276/2276/2276 2275/2275/2275 2278/2278/2278
f 2276/2276/2276 2278/2278/2278 2279/2279/2279
f 2277/2277/2277 2276/2276/2276 2279/2279/2279
f 2277/2277/2277 2279/2279/2279 2280/2280/2280
f 2255/2255/2255 2254/2254/2254 2277/2277/2277
f 2255/2255/2255 2277/2277/2277 2281/2281/2281
f 2281/2281/2281 2277/2277/2277 2280/2280/2280
f 2281/2281/2281 2280/2280/2280 2282/2282/2282
f 2256/2256/2256 2255/2255/2255 2281/2281/2281
f 2256/2256/2256 2281/2281/2281 2283/2283/2283
f 2283/2283/2283 2281/2281/2281 2282/2282/2282
f 2283/2283/2283 2282/2282/2282 2284/2284/2284
f 2258/2258/2258 2256/2256/2256 2283/2283/2283
f 2258/2258/2258 2283/2283/2283 2285/2285/2285
f 2285/2285/2285 2283/2283/2283 2284/2284/2284
f 2285/2285/2285 2284/2284/2284 2286/2286/2286
f 2260/2260/2260 2258/2258/2258 2285/2285/2285
f 2260/2260/2260 2285/2285/2285 2287/2287/2287
f 2287/2287/2287 2285/2285/2285 2286/2286/2286
f 2287/2287/2287 2286/2286/2286 2288/2288/2288
f 2289/2289/2289 2287/2287/2287 2288/2288/2288
f 2289/2289/2289 2288/2288/2288 2290/2290/2290
f 2262/2262/2262 2260/2260/2260 2287/2287/2287
f 2262/2262/2262 2287/2287/2287 2289/2289/2289
f 2264/2264/2264 2262/2262/2262 2289/2289/2289
f 2264/2264/2264 2289/2289/2289 2291/2291/2291
f 2291/2291/2291 2289/2289/2289 2290/2290/2290
f 2291/2291/2291 2290/2290/2290 2292/2292/2292
f 2293/2293/2293 2291/2291/2291 2292/2292/2292
f 2293/2293/2293 2292/2292/2292 2294/2294/2294
f 2266/2266/2266 2264/2264/2264 2291/2291/2291
f 2266/2266/2266 2291/2291/2291 2293/2293/2293
f 2268/2268/2268 2266/2266/2266 2293/2293/2293
f 2268/2268/2268 2293/2293/2293 2295/2295/2295
f 2295/2295/2295 2293/2293/2293 2294/2294/2294
f 2295/2295/2295 2294/2294/2294 2296/2296/2296
f 2270/2270/2270 2268/2268/2268 2295/2295/2295
f 2270/2270/2270 2295/2295/2295 2297/2297/2297
f 2297/2297/2297 2295/2295/2295 2296/2296/2296
f 2297/2297/2297 2296/2296/2296 2298/2298/2298
f 2272/2272/2272 2270/2270/2270 2297/2297/2297
f 2272/2272/2272 2297/2297/2297 2275/2275/2275
f 2275/2275/2275 2297/2297/2297 2298/2298/2298
f 2275/2275/2275 2298/2298/2298 2278/2278/2278
f 2299/2299/2299 2300/2300/2300 2278/2278/2278
f 2299/2299/2299 2278/2278/2278 2298/2298/2298
f 2301/2301/2301 2299/2299/2299 2298/2298/2298
f 2301/2301/2301 2298/2298/2298 2296/2296/2296
f 2302/2302/2302 2303/2303/2303 2300/2300/2300
f 2302/2302/2302 2300/2300/2300 2299/2299/2299
f 2304/2304/2304 2302/2302/2302 2299/2299/2299
f 2304/2304/2304 2299/2299/2299 2301/2301/2301
f 2305/2305/2305 2304/2304/2304 2301/2301/2301
f 2305/2305/2305 2301/2301/2301 2306/2306/2306
f 2306/2306/2306 2301/2301/2301 2296/2296/2296
f 2306/2306/2306 2296/2296/2296 2294/2294/2294
f 2307/2307/2307 2305/2305/2305 2306/2306/2306
f 2307/2307/2307 2306/2306/2306 2308/2308/2308
f 2308/2308/2308 2306/2306/2306 2294/2294/2294
f 2308/2308/2308 2294/2294/2294 2292/2292/2292
f 2309/2309/2309 2307/2307/2307 2308/2308/2308
f 2309/2309/2309 2308/2308/2308 2310/2310/2310
f 2310/2310/2310 2308/2308/2308 2292/2292/2292
f 2310/2310/2310 2292/2292/2292 2290/2290/2290
f 2311/2311/2311 2309/2309/2309 2310/2310/2310
f 2311/2311/2311 2310/2310/2310 2312/2312/2312
f 2312/2312/2312 2310/2310/2310 2290/2290/2290
f 2312/2312/2312 2290/2290/2290 2288/2288/2288
f 2313/2313/2313 2311/2311/2311 2312/2312/2312
f 2313/2313/2313 2312/2312/2312 2314/2314/2314
f 2314/2314/2314 2312/2312/2312 2288/2288/2288
f 2314/2314/2314 2288/2288/2288 2286/2286/2286
f 2315/2315/2315 2313/2313/2313 2314/2314/2314
f 2315/2315/2315 2314/2314/2314 2316/2316/2316
f 2316/2316/2316 2314/2314/2314 2286/2286/2286
f 2316/2316/2316 2286/2286/2286 2284/2284/2284
f 2317/2317/2317 2315/2315/2315 2316/2316/2316
f 2317/2317/2317 2316/2316/2316 2318/2318/2318
f 2318/2318/2318 2316/2316/2316 2284/2284/2284
f 2318/2318/2318 2284/2284/2284 2282/2282/2282
f 2319/2319/2319 2317/2317/2317 2318/2318/2318
f 2319/2319/2319 2318/2318/2318 2320/2320/2320
f 2320/2320/2320 2318/2318/2318 2282/2282/2282
f 2320/2320/2320 2282/2282/2282 2280/2280/2280
f 2321/2321/2321 2320/2320/2320 2280/2280/2280
f 2321/2321/2321 2280/2280/2280 2279/2279/2279
f 2322/2322/2322 2319/2319/2319 2320/2320/2320
f 2322/2322/2322 2320/2320/2320 2321/2321/2321
f 2303/2303/2303 2322/2322/2322 2321/2321/2321
f 2303/2303/2303 2321/2321/2321 2300/2300/2300
f 2300/2300/2300 2321/2321/2321 2279/2279/2279
f 2300/2300/2300 2279/2279/2279 2278/2278/2278
f 2319/2319/2319 2322/2322/2322 2323/2323/2323
f 2319/2319/2319 2323/2323/2323 2317/2317/2317
f 2303/2303/2303 2302/2302/2302 2323/2323/2323
f 2303/2303/2303 2323/2323/2323 2322/2322/2322
f 2315/2315/2315 2317/2317/2317 2323/2323/2323
f 2315/2315/2315 2323/2323/2323 2313/2313/2313
f 2304/2304/2304 2305/2305/2305 2323/2323/2323
f 2304/2304/2304 2323/2323/2323 2302/2302/2302
f 2307/2307/2307 2309/2309/2309 2323/2323/2323
f 2307/2307/2307 2323/2323/2323 2305/2305/2305
f 2311/2311/2311 2313/2313/2313 2323/2323/2323
f 2311/2311/2311 2323/2323/2323 2309/2309/2309
f 1978/1978/1978 1983/1983/1983 1954/1954/1954
f 1978/1978/1978 1954/1954/1954 1975/1975/1975
f 1966/1966/1966 1971/1971/1971 1954/1954/1954
f 1966/1966/1966 1954/1954/1954 1963/1963/1963
f 1960/1960/1960 1963/1963/1963 1954/1954/1954
f 1960/1960/1960 1954/1954/1954 1950/1950/1950
f 1972/1972/1972 1975/1975/1975 1954/1954/1954
f 1972/1972/1972 1954/1954/1954 1971/1971/1971
f 2324/2324/2324 2325/2325/2325 2326/2326/2326
f 2324/2324/2324 2326/2326/2326 2327/2327/2327
f 2327/2327/2327 2328/2328/2328 2329/2329/2329
f 2327/2327/2327 2329/2329/2329 2324/2324/2324
f 2327/2327/2327 2326/2326/2326 2330/2330/2330
f 2327/2327/2327 2330/2330/2330 2328/2328/2328
f 2326/2326/2326 2331/2331/2331 2332/2332/2332
f 2326/2326/2326 2332/2332/2332 2330/2330/2330
f 2325/2325/2325 2333/2333/2333 2331/2331/2331
f 2325/2325/2325 2331/2331/2331 2326/2326/2326
f 2330/2330/2330 2332/2332/2332 2334/2334/2334
f 2330/2330/2330 2334/2334/2334 2335/2335/2335
f 2328/2328/2328 2330/2330/2330 2335/2335/2335
f 2328/2328/2328 2335/2335/2335 2336/2336/2336
f 2335/2335/2335 2334/2334/2334 2337/2337/2337
f 2335/2335/2335 2337/2337/2337 2338/2338/2338
f 2336/2336/2336 2335/2335/2335 2338/2338/2338
f 2336/2336/2336 2338/2338/2338 2339/2339/2339
f 2338/2338/2338 2337/2337/2337 2340/2340/2340
f 2338/2338/2338 2340/2340/2340 2341/2341/2341
f 2339/2339/2339 2338/2338/2338 2341/2341/2341
f 2339/2339/2339 2341/2341/2341 2342/2342/2342
f 2336/2336/2336 2339/2339/2339 2329/2329/2329
f 2336/2336/2336 2329/2329/2329 2328/2328/2328
f 2342/2342/2342 2343/2343/2343 2329/2329/2329
f 2342/2342/2342 2329/2329/2329 2339/2339/2339
f 2344/2344/2344 2324/2324/2324 2329/2329/2329
f 2344/2344/2344 2329/2329/2329 2345/2345/2345
f 2346/2346/2346 2347/2347/2347 2329/2329/2329
f 2346/2346/2346 2329/2329/2329 2343/2343/2343
f 2348/2348/2348 2345/2345/2345 2329/2329/2329
f 2348/2348/2348 2329/2329/2329 2347/2347/2347
f 2348/2348/2348 2349/2349/2349 2350/2350/2350
f 2348/2348/2348 2350/2350/2350 2345/2345/2345
f 2345/2345/2345 2350/2350/2350 2351/2351/2351
f 2345/2345/2345 2351/2351/2351 2344/2344/2344
f 2349/2349/2349 2352/2352/2352 2353/2353/2353
f 2349/2349/2349 2353/2353/2353 2350/2350/2350
f 2350/2350/2350 2353/2353/2353 2354/2354/2354
f 2350/2350/2350 2354/2354/2354 2351/2351/2351
f 2351/2351/2351 2354/2354/2354 2333/2333/2333
f 2351/2351/2351 2333/2333/2333 2325/2325/2325
f 2344/2344/2344 2351/2351/2351 2325/2325/2325
f 2344/2344/2344 2325/2325/2325 2324/2324/2324
f 2354/2354/2354 2355/2355/2355 2356/2356/2356
f 2354/2354/2354 2356/2356/2356 2333/2333/2333
f 2353/2353/2353 2357/2357/2357 2355/2355/2355
f 2353/2353/2353 2355/2355/2355 2354/2354/2354
f 2357/2357/2357 2358/2358/2358 2359/2359/2359
f 2357/2357/2357 2359/2359/2359 2355/2355/2355
f 2355/2355/2355 2359/2359/2359 2360/2360/2360
f 2355/2355/2355 2360/2360/2360 2356/2356/2356
f 2361/2361/2361 2362/2362/2362 2358/2358/2358
f 2361/2361/2361 2358/2358/2358 2357/2357/2357
f 2352/2352/2352 2361/2361/2361 2357/2357/2357
f 2352/2352/2352 2357/2357/2357 2353/2353/2353
f 2362/2362/2362 2363/2363/2363 2364/2364/2364
f 2362/2362/2362 2364/2364/2364 2358/2358/2358
f 2358/2358/2358 2364/2364/2364 2365/2365/2365
f 2358/2358/2358 2365/2365/2365 2359/2359/2359
f 2363/2363/2363 2366/2366/2366 2367/2367/2367
f 2363/2363/2363 2367/2367/2367 2364/2364/2364
f 2364/2364/2364 2367/2367/2367 2368/2368/2368
f 2364/2364/2364 2368/2368/2368 2365/2365/2365
f 2365/2365/2365 2368/2368/2368 2369/2369/2369
f 2365/2365/2365 2369/2369/2369 2370/2370/2370
f 2359/2359/2359 2365/2365/2365 2370/2370/2370
f 2359/2359/2359 2370/2370/2370 2360/2360/2360
f 2370/2370/2370 2369/2369/2369 2371/2371/2371
f 2370/2370/2370 2371/2371/2371 2372/2372/2372
f 2360/2360/2360 2370/2370/2370 2372/2372/2372
f 2360/2360/2360 2372/2372/2372 2373/2373/2373
f 2356/2356/2356 2360/2360/2360 2373/2373/2373
f 2356/2356/2356 2373/2373/2373 2374/2374/2374
f 2374/2374/2374 2373/2373/2373 2375/2375/2375
f 2374/2374/2374 2375/2375/2375 2376/2376/2376
f 2373/2373/2373 2372/2372/2372 2377/2377/2377
f 2373/2373/2373 2377/2377/2377 2375/2375/2375
f 2375/2375/2375 2377/2377/2377 2378/2378/2378
f 2375/2375/2375 2378/2378/2378 2379/2379/2379
f 2376/2376/2376 2375/2375/2375 2379/2379/2379
f 2376/2376/2376 2379/2379/2379 2380/2380/2380
f 2372/2372/2372 2371/2371/2371 2381/2381/2381
f 2372/2372/2372 2381/2381/2381 2377/2377/2377
f 2377/2377/2377 2381/2381/2381 2382/2382/2382
f 2377/2377/2377 2382/2382/2382 2378/2378/2378
f 2378/2378/2378 2382/2382/2382 2383/2383/2383
f 2378/2378/2378 2383/2383/2383 2384/2384/2384
f 2379/2379/2379 2378/2378/2378 2384/2384/2384
f 2379/2379/2379 2384/2384/2384 2385/2385/2385
f 2384/2384/2384 2383/2383/2383 2386/2386/2386
f 2384/2384/2384 2386/2386/2386 2387/2387/2387
f 2385/2385/2385 2384/2384/2384 2387/2387/2387
f 2385/2385/2385 2387/2387/2387 2388/2388/2388
f 2380/2380/2380 2379/2379/2379 2385/2385/2385
f 2380/2380/2380 2385/2385/2385 2389/2389/2389
f 2389/2389/2389 2385/2385/2385 2388/2388/2388
f 2389/2389/2389 2388/2388/2388 2390/2390/2390
f 2334/2334/2334 2380/2380/2380 2389/2389/2389
f 2334/2334/2334 2389/2389/2389 2337/2337/2337
f 2337/2337/2337 2389/2389/2389 2390/2390/2390
f 2337/2337/2337 2390/2390/2390 2340/2340/2340
f 2390/2390/2390 2388/2388/2388 2391/2391/2391
f 2390/2390/2390 2391/2391/2391 2392/2392/2392
f 2340/2340/2340 2390/2390/2390 2392/2392/2392
f 2340/2340/2340 2392/2392/2392 2393/2393/2393
f 2392/2392/2392 2391/2391/2391 2394/2394/2394
f 2392/2392/2392 2394/2394/2394 2395/2395/2395
f 2393/2393/2393 2392/2392/2392 2395/2395/2395
f 2393/2393/2393 2395/2395/2395 2396/2396/2396
f 2341/2341/2341 2340/2340/2340 2393/2393/2393
f 2341/2341/2341 2393/2393/2393 2397/2397/2397
f 2397/2397/2397 2393/2393/2393 2396/2396/2396
f 2397/2397/2397 2396/2396/2396 2398/2398/2398
f 2342/2342/2342 2341/2341/2341 2397/2397/2397
f 2342/2342/2342 2397/2397/2397 2343/2343/2343
f 2343/2343/2343 2397/2397/2397 2398/2398/2398
f 2343/2343/2343 2398/2398/2398 2346/2346/2346
f 2398/2398/2398 2396/2396/2396 2399/2399/2399
f 2398/2398/2398 2399/2399/2399 2400/2400/2400
f 2346/2346/2346 2398/2398/2398 2400/2400/2400
f 2346/2346/2346 2400/2400/2400 2347/2347/2347
f 2400/2400/2400 2399/2399/2399 2352/2352/2352
f 2400/2400/2400 2352/2352/2352 2349/2349/2349
f 2347/2347/2347 2400/2400/2400 2349/2349/2349
f 2347/2347/2347 2349/2349/2349 2348/2348/2348
f 2396/2396/2396 2395/2395/2395 2401/2401/2401
f 2396/2396/2396 2401/2401/2401 2399/2399/2399
f 2399/2399/2399 2401/2401/2401 2361/2361/2361
f 2399/2399/2399 2361/2361/2361 2352/2352/2352
f 2395/2395/2395 2394/2394/2394 2402/2402/2402
f 2395/2395/2395 2402/2402/2402 2401/2401/2401
f 2401/2401/2401 2402/2402/2402 2362/2362/2362
f 2401/2401/2401 2362/2362/2362 2361/2361/2361
f 2394/2394/2394 2403/2403/2403 2404/2404/2404
f 2394/2394/2394 2404/2404/2404 2402/2402/2402
f 2402/2402/2402 2404/2404/2404 2363/2363/2363
f 2402/2402/2402 2363/2363/2363 2362/2362/2362
f 2403/2403/2403 2405/2405/2405 2406/2406/2406
f 2403/2403/2403 2406/2406/2406 2404/2404/2404
f 2404/2404/2404 2406/2406/2406 2366/2366/2366
f 2404/2404/2404 2366/2366/2366 2363/2363/2363
f 2405/2405/2405 2407/2407/2407 2408/2408/2408
f 2405/2405/2405 2408/2408/2408 2406/2406/2406
f 2406/2406/2406 2408/2408/2408 2409/2409/2409
f 2406/2406/2406 2409/2409/2409 2366/2366/2366
f 2407/2407/2407 2410/2410/2410 2411/2411/2411
f 2407/2407/2407 2411/2411/2411 2408/2408/2408
f 2408/2408/2408 2411/2411/2411 2412/2412/2412
f 2408/2408/2408 2412/2412/2412 2409/2409/2409
f 2409/2409/2409 2412/2412/2412 2413/2413/2413
f 2409/2409/2409 2413/2413/2413 2414/2414/2414
f 2366/2366/2366 2409/2409/2409 2414/2414/2414
f 2366/2366/2366 2414/2414/2414 2367/2367/2367
f 2414/2414/2414 2413/2413/2413 2415/2415/2415
f 2414/2414/2414 2415/2415/2415 2416/2416/2416
f 2367/2367/2367 2414/2414/2414 2416/2416/2416
f 2367/2367/2367 2416/2416/2416 2368/2368/2368
f 2368/2368/2368 2416/2416/2416 2417/2417/2417
f 2368/2368/2368 2417/2417/2417 2369/2369/2369
f 2416/2416/2416 2415/2415/2415 2418/2418/2418
f 2416/2416/2416 2418/2418/2418 2417/2417/2417
f 2417/2417/2417 2418/2418/2418 2419/2419/2419
f 2417/2417/2417 2419/2419/2419 2420/2420/2420
f 2369/2369/2369 2417/2417/2417 2420/2420/2420
f 2369/2369/2369 2420/2420/2420 2371/2371/2371
f 2420/2420/2420 2419/2419/2419 2421/2421/2421
f 2420/2420/2420 2421/2421/2421 2422/2422/2422
f 2371/2371/2371 2420/2420/2420 2422/2422/2422
f 2371/2371/2371 2422/2422/2422 2381/2381/2381
f 2422/2422/2422 2421/2421/2421 2423/2423/2423
f 2422/2422/2422 2423/2423/2423 2424/2424/2424
f 2381/2381/2381 2422/2422/2422 2424/2424/2424
f 2381/2381/2381 2424/2424/2424 2382/2382/2382
f 2382/2382/2382 2424/2424/2424 2425/2425/2425
f 2382/2382/2382 2425/2425/2425 2383/2383/2383
f 2424/2424/2424 2423/2423/2423 2426/2426/2426
f 2424/2424/2424 2426/2426/2426 2425/2425/2425
f 2425/2425/2425 2426/2426/2426 2427/2427/2427
f 2425/2425/2425 2427/2427/2427 2428/2428/2428
f 2383/2383/2383 2425/2425/2425 2428/2428/2428
f 2383/2383/2383 2428/2428/2428 2386/2386/2386
f 2428/2428/2428 2427/2427/2427 2429/2429/2429
f 2428/2428/2428 2429/2429/2429 2430/2430/2430
f 2386/2386/2386 2428/2428/2428 2430/2430/2430
f 2386/2386/2386 2430/2430/2430 2431/2431/2431
f 2430/2430/2430 2429/2429/2429 2410/2410/2410
f 2430/2430/2430 2410/2410/2410 2407/2407/2407
f 2431/2431/2431 2430/2430/2430 2407/2407/2407
f 2431/2431/2431 2407/2407/2407 2405/2405/2405
f 2387/2387/2387 2386/2386/2386 2431/2431/2431
f 2387/2387/2387 2431/2431/2431 2432/2432/2432
f 2432/2432/2432 2431/2431/2431 2405/2405/2405
f 2432/2432/2432 2405/2405/2405 2403/2403/2403
f 2388/2388/2388 2387/2387/2387 2432/2432/2432
f 2388/2388/2388 2432/2432/2432 2391/2391/2391
f 2391/2391/2391 2432/2432/2432 2403/2403/2403
f 2391/2391/2391 2403/2403/2403 2394/2394/2394
f 2427/2427/2427 2433/2433/2433 2434/2434/2434
f 2427/2427/2427 2434/2434/2434 2429/2429/2429
f 2429/2429/2429 2434/2434/2434 2435/2435/2435
f 2429/2429/2429 2435/2435/2435 2410/2410/2410
f 2433/2433/2433 2436/2436/2436 2437/2437/2437
f 2433/2433/2433 2437/2437/2437 2434/2434/2434
f 2434/2434/2434 2437/2437/2437 2438/2438/2438
f 2434/2434/2434 2438/2438/2438 2435/2435/2435
f 2435/2435/2435 2438/2438/2438 2439/2439/2439
f 2435/2435/2435 2439/2439/2439 2440/2440/2440
f 2410/2410/2410 2435/2435/2435 2440/2440/2440
f 2410/2410/2410 2440/2440/2440 2411/2411/2411
f 2440/2440/2440 2439/2439/2439 2441/2441/2441
f 2440/2440/2440 2441/2441/2441 2442/2442/2442
f 2411/2411/2411 2440/2440/2440 2442/2442/2442
f 2411/2411/2411 2442/2442/2442 2412/2412/2412
f 2412/2412/2412 2442/2442/2442 2443/2443/2443
f 2412/2412/2412 2443/2443/2443 2413/2413/2413
f 2442/2442/2442 2441/2441/2441 2444/2444/2444
f 2442/2442/2442 2444/2444/2444 2443/2443/2443
f 2443/2443/2443 2444/2444/2444 2445/2445/2445
f 2443/2443/2443 2445/2445/2445 2446/2446/2446
f 2413/2413/2413 2443/2443/2443 2446/2446/2446
f 2413/2413/2413 2446/2446/2446 2415/2415/2415
f 2446/2446/2446 2445/2445/2445 2447/2447/2447
f 2446/2446/2446 2447/2447/2447 2448/2448/2448
f 2415/2415/2415 2446/2446/2446 2448/2448/2448
f 2415/2415/2415 2448/2448/2448 2418/2418/2418
f 2448/2448/2448 2447/2447/2447 2449/2449/2449
f 2448/2448/2448 2449/2449/2449 2450/2450/2450
f 2418/2418/2418 2448/2448/2448 2450/2450/2450
f 2418/2418/2418 2450/2450/2450 2419/2419/2419
f 2419/2419/2419 2450/2450/2450 2451/2451/2451
f 2419/2419/2419 2451/2451/2451 2421/2421/2421
f 2450/2450/2450 2449/2449/2449 2452/2452/2452
f 2450/2450/2450 2452/2452/2452 2451/2451/2451
f 2451/2451/2451 2452/2452/2452 2453/2453/2453
f 2451/2451/2451 2453/2453/2453 2454/2454/2454
f 2421/2421/2421 2451/2451/2451 2454/2454/2454
f 2421/2421/2421 2454/2454/2454 2423/2423/2423
f 2454/2454/2454 2453/2453/2453 2455/2455/2455
f 2454/2454/2454 2455/2455/2455 2456/2456/2456
f 2423/2423/2423 2454/2454/2454 2456/2456/2456
f 2423/2423/2423 2456/2456/2456 2426/2426/2426
f 2456/2456/2456 2455/2455/2455 2436/2436/2436
f 2456/2456/2456 2436/2436/2436 2433/2433/2433
f 2426/2426/2426 2456/2456/2456 2433/2433/2433
f 2426/2426/2426 2433/2433/2433 2427/2427/2427
f 2453/2453/2453 2457/2457/2457 2458/2458/2458
f 2453/2453/2453 2458/2458/2458 2455/2455/2455
f 2455/2455/2455 2458/2458/2458 2459/2459/2459
f 2455/2455/2455 2459/2459/2459 2436/2436/2436
f 2457/2457/2457 2460/2460/2460 2461/2461/2461
f 2457/2457/2457 2461/2461/2461 2458/2458/2458
f 2458/2458/2458 2461/2461/2461 2462/2462/2462
f 2458/2458/2458 2462/2462/2462 2459/2459/2459
f 2459/2459/2459 2462/2462/2462 2463/2463/2463
f 2459/2459/2459 2463/2463/2463 2464/2464/2464
f 2436/2436/2436 2459/2459/2459 2464/2464/2464
f 2436/2436/2436 2464/2464/2464 2437/2437/2437
f 2464/2464/2464 2463/2463/2463 2465/2465/2465
f 2464/2464/2464 2465/2465/2465 2466/2466/2466
f 2437/2437/2437 2464/2464/2464 2466/2466/2466
f 2437/2437/2437 2466/2466/2466 2438/2438/2438
f 2438/2438/2438 2466/2466/2466 2467/2467/2467
f 2438/2438/2438 2467/2467/2467 2439/2439/2439
f 2466/2466/2466 2465/2465/2465 2468/2468/2468
f 2466/2466/2466 2468/2468/2468 2467/2467/2467
f 2467/2467/2467 2468/2468/2468 2469/2469/2469
f 2467/2467/2467 2469/2469/2469 2470/2470/2470
f 2439/2439/2439 2467/2467/2467 2470/2470/2470
f 2439/2439/2439 2470/2470/2470 2441/2441/2441
f 2470/2470/2470 2469/2469/2469 2471/2471/2471
f 2470/2470/2470 2471/2471/2471 2472/2472/2472
f 2441/2441/2441 2470/2470/2470 2472/2472/2472
f 2441/2441/2441 2472/2472/2472 2444/2444/2444
f 2472/2472/2472 2471/2471/2471 2473/2473/2473
f 2472/2472/2472 2473/2473/2473 2474/2474/2474
f 2444/2444/2444 2472/2472/2472 2474/2474/2474
f 2444/2444/2444 2474/2474/2474 2445/2445/2445
f 2445/2445/2445 2474/2474/2474 2475/2475/2475
f 2445/2445/2445 2475/2475/2475 2447/2447/2447
f 2474/2474/2474 2473/2473/2473 2476/2476/2476
f 2474/2474/2474 2476/2476/2476 2475/2475/2475
f 2475/2475/2475 2476/2476/2476 2477/2477/2477
f 2475/2475/2475 2477/2477/2477 2478/2478/2478
f 2447/2447/2447 2475/2475/2475 2478/2478/2478
f 2447/2447/2447 2478/2478/2478 2449/2449/2449
f 2478/2478/2478 2477/2477/2477 2479/2479/2479
f 2478/2478/2478 2479/2479/2479 2480/2480/2480
f 2449/2449/2449 2478/2478/2478 2480/2480/2480
f 2449/2449/2449 2480/2480/2480 2452/2452/2452
f 2480/2480/2480 2479/2479/2479 2460/2460/2460
f 2480/2480/2480 2460/2460/2460 2457/2457/2457
f 2452/2452/2452 2480/2480/2480 2457/2457/2457
f 2452/2452/2452 2457/2457/2457 2453/2453/2453
f 2477/2477/2477 2481/2481/2481 2482/2482/2482
f 2477/2477/2477 2482/2482/2482 2479/2479/2479
f 2479/2479/2479 2482/2482/2482 2483/2483/2483
f 2479/2479/2479 2483/2483/2483 2460/2460/2460
f 2481/2481/2481 2484/2484/2484 2485/2485/2485
f 2481/2481/2481 2485/2485/2485 2482/2482/2482
f 2482/2482/2482 2485/2485/2485 2486/2486/2486
f 2482/2482/2482 2486/2486/2486 2483/2483/2483
f 2483/2483/2483 2486/2486/2486 2487/2487/2487
f 2483/2483/2483 2487/2487/2487 2488/2488/2488
f 2460/2460/2460 2483/2483/2483 2488/2488/2488
f 2460/2460/2460 2488/2488/2488 2461/2461/2461
f 2488/2488/2488 2487/2487/2487 2489/2489/2489
f 2488/2488/2488 2489/2489/2489 2490/2490/2490
f 2461/2461/2461 2488/2488/2488 2490/2490/2490
f 2461/2461/2461 2490/2490/2490 2462/2462/2462
f 2462/2462/2462 2490/2490/2490 2491/2491/2491
f 2462/2462/2462 2491/2491/2491 2463/2463/2463
f 2490/2490/2490 2489/2489/2489 2492/2492/2492
f 2490/2490/2490 2492/2492/2492 2491/2491/2491
f 2491/2491/2491 2492/2492/2492 2493/2493/2493
f 2491/2491/2491 2493/2493/2493 2494/2494/2494
f 2463/2463/2463 2491/2491/2491 2494/2494/2494
f 2463/2463/2463 2494/2494/2494 2465/2465/2465
f 2494/2494/2494 2493/2493/2493 2495/2495/2495
f 2494/2494/2494 2495/2495/2495 2496/2496/2496
f 2465/2465/2465 2494/2494/2494 2496/2496/2496
f 2465/2465/2465 2496/2496/2496 2468/2468/2468
f 2496/2496/2496 2495/2495/2495 2497/2497/2497
f 2496/2496/2496 2497/2497/2497 2498/2498/2498
f 2468/2468/2468 2496/2496/2496 2498/2498/2498
f 2468/2468/2468 2498/2498/2498 2469/2469/2469
f 2469/2469/2469 2498/2498/2498 2499/2499/2499
f 2469/2469/2469 2499/2499/2499 2471/2471/2471
f 2498/2498/2498 2497/2497/2497 2500/2500/2500
f 2498/2498/2498 2500/2500/2500 2499/2499/2499
f 2499/2499/2499 2500/2500/2500 2501/2501/2501
f 2499/2499/2499 2501/2501/2501 2502/2502/2502
f 2471/2471/2471 2499/2499/2499 2502/2502/2502
f 2471/2471/2471 2502/2502/2502 2473/2473/2473
f 2502/2502/2502 2501/2501/2501 2503/2503/2503
f 2502/2502/2502 2503/2503/2503 2504/2504/2504
f 2473/2473/2473 2502/2502/2502 2504/2504/2504
f 2473/2473/2473 2504/2504/2504 2476/2476/2476
f 2504/2504/2504 2503/2503/2503 2484/2484/2484
f 2504/2504/2504 2484/2484/2484 2481/2481/2481
f 2476/2476/2476 2504/2504/2504 2481/2481/2481
f 2476/2476/2476 2481/2481/2481 2477/2477/2477
f 2501/2501/2501 2505/2505/2505 2506/2506/2506
f 2501/2501/2501 2506/2506/2506 2503/2503/2503
f 2503/2503/2503 2506/2506/2506 2507/2507/2507
f 2503/2503/2503 2507/2507/2507 2484/2484/2484
f 2505/2505/2505 2508/2508/2508 2509/2509/2509
f 2505/2505/2505 2509/2509/2509 2506/2506/2506
f 2506/2506/2506 2509/2509/2509 2510/2510/2510
f 2506/2506/2506 2510/2510/2510 2507/2507/2507
f 2484/2484/2484 2507/2507/2507 2511/2511/2511
f 2484/2484/2484 2511/2511/2511 2485/2485/2485
f 2507/2507/2507 2510/2510/2510 2512/2512/2512
f 2507/2507/2507 2512/2512/2512 2511/2511/2511
f 2511/2511/2511 2512/2512/2512 2513/2513/2513
f 2511/2511/2511 2513/2513/2513 2514/2514/2514
f 2485/2485/2485 2511/2511/2511 2514/2514/2514
f 2485/2485/2485 2514/2514/2514 2486/2486/2486
f 2514/2514/2514 2513/2513/2513 2515/2515/2515
f 2514/2514/2514 2515/2515/2515 2516/2516/2516
f 2486/2486/2486 2514/2514/2514 2516/2516/2516
f 2486/2486/2486 2516/2516/2516 2487/2487/2487
f 2516/2516/2516 2515/2515/2515 2517/2517/2517
f 2516/2516/2516 2517/2517/2517 2518/2518/2518
f 2487/2487/2487 2516/2516/2516 2518/2518/2518
f 2487/2487/2487 2518/2518/2518 2489/2489/2489
f 2518/2518/2518 2517/2517/2517 2519/2519/2519
f 2518/2518/2518 2519/2519/2519 2520/2520/2520
f 2489/2489/2489 2518/2518/2518 2520/2520/2520
f 2489/2489/2489 2520/2520/2520 2492/2492/2492
f 2520/2520/2520 2519/2519/2519 2521/2521/2521
f 2520/2520/2520 2521/2521/2521 2522/2522/2522
f 2492/2492/2492 2520/2520/2520 2522/2522/2522
f 2492/2492/2492 2522/2522/2522 2493/2493/2493
f 2493/2493/2493 2522/2522/2522 2523/2523/2523
f 2493/2493/2493 2523/2523/2523 2495/2495/2495
f 2522/2522/2522 2521/2521/2521 2524/2524/2524
f 2522/2522/2522 2524/2524/2524 2523/2523/2523
f 2523/2523/2523 2524/2524/2524 2525/2525/2525
f 2523/2523/2523 2525/2525/2525 2526/2526/2526
f 2495/2495/2495 2523/2523/2523 2526/2526/2526
f 2495/2495/2495 2526/2526/2526 2497/2497/2497
f 2526/2526/2526 2525/2525/2525 2527/2527/2527
f 2526/2526/2526 2527/2527/2527 2528/2528/2528
f 2497/2497/2497 2526/2526/2526 2528/2528/2528
f 2497/2497/2497 2528/2528/2528 2500/2500/2500
f 2528/2528/2528 2527/2527/2527 2508/2508/2508
f 2528/2528/2528 2508/2508/2508 2505/2505/2505
f 2500/2500/2500 2528/2528/2528 2505/2505/2505
f 2500/2500/2500 2505/2505/2505 2501/2501/2501
f 2525/2525/2525 2529/2529/2529 2530/2530/2530
f 2525/2525/2525 2530/2530/2530 2527/2527/2527
f 2527/2527/2527 2530/2530/2530 2531/2531/2531
f 2527/2527/2527 2531/2531/2531 2508/2508/2508
f 2529/2529/2529 2532/2532/2532 2533/2533/2533
f 2529/2529/2529 2533/2533/2533 2530/2530/2530
f 2530/2530/2530 2533/2533/2533 2534/2534/2534
f 2530/2530/2530 2534/2534/2534 2531/2531/2531
f 2531/2531/2531 2534/2534/2534 2535/2535/2535
f 2531/2531/2531 2535/2535/2535 2536/2536/2536
f 2508/2508/2508 2531/2531/2531 2536/2536/2536
f 2508/2508/2508 2536/2536/2536 2509/2509/2509
f 2536/2536/2536 2535/2535/2535 2537/2537/2537
f 2536/2536/2536 2537/2537/2537 2538/2538/2538
f 2509/2509/2509 2536/2536/2536 2538/2538/2538
f 2509/2509/2509 2538/2538/2538 2510/2510/2510
f 2510/2510/2510 2538/2538/2538 2539/2539/2539
f 2510/2510/2510 2539/2539/2539 2512/2512/2512
f 2538/2538/2538 2537/2537/2537 2540/2540/2540
f 2538/2538/2538 2540/2540/2540 2539/2539/2539
f 2539/2539/2539 2540/2540/2540 2541/2541/2541
f 2539/2539/2539 2541/2541/2541 2542/2542/2542
f 2512/2512/2512 2539/2539/2539 2542/2542/2542
f 2512/2512/2512 2542/2542/2542 2513/2513/2513
f 2513/2513/2513 2542/2542/2542 2543/2543/2543
f 2513/2513/2513 2543/2543/2543 2515/2515/2515
f 2542/2542/2542 2541/2541/2541 2544/2544/2544
f 2542/2542/2542 2544/2544/2544 2543/2543/2543
f 2543/2543/2543 2544/2544/2544 2545/2545/2545
f 2543/2543/2543 2545/2545/2545 2546/2546/2546
f 2515/2515/2515 2543/2543/2543 2546/2546/2546
f 2515/2515/2515 2546/2546/2546 2517/2517/2517
f 2546/2546/2546 2545/2545/2545 2547/2547/2547
f 2546/2546/2546 2547/2547/2547 2548/2548/2548
f 2517/2517/2517 2546/2546/2546 2548/2548/2548
f 2517/2517/2517 2548/2548/2548 2519/2519/2519
f 2548/2548/2548 2547/2547/2547 2549/2549/2549
f 2548/2548/2548 2549/2549/2549 2550/2550/2550
f 2519/2519/2519 2548/2548/2548 2550/2550/2550
f 2519/2519/2519 2550/2550/2550 2521/2521/2521
f 2550/2550/2550 2549/2549/2549 2551/2551/2551
f 2550/2550/2550 2551/2551/2551 2552/2552/2552
f 2521/2521/2521 2550/2550/2550 2552/2552/2552
f 2521/2521/2521 2552/2552/2552 2524/2524/2524
f 2552/2552/2552 2551/2551/2551 2532/2532/2532
f 2552/2552/2552 2532/2532/2532 2529/2529/2529
f 2524/2524/2524 2552/2552/2552 2529/2529/2529
f 2524/2524/2524 2529/2529/2529 2525/2525/2525
f 2549/2549/2549 2553/2553/2553 2554/2554/2554
f 2549/2549/2549 2554/2554/2554 2551/2551/2551
f 2551/2551/2551 2554/2554/2554 2555/2555/2555
f 2551/2551/2551 2555/2555/2555 2532/2532/2532
f 2553/2553/2553 2556/2556/2556 2557/2557/2557
f 2553/2553/2553 2557/2557/2557 2554/2554/2554
f 2554/2554/2554 2557/2557/2557 2558/2558/2558
f 2554/2554/2554 2558/2558/2558 2555/2555/2555
f 2555/2555/2555 2558/2558/2558 2559/2559/2559
f 2555/2555/2555 2559/2559/2559 2560/2560/2560
f 2532/2532/2532 2555/2555/2555 2560/2560/2560
f 2532/2532/2532 2560/2560/2560 2533/2533/2533
f 2560/2560/2560 2559/2559/2559 2561/2561/2561
f 2560/2560/2560 2561/2561/2561 2562/2562/2562
f 2533/2533/2533 2560/2560/2560 2562/2562/2562
f 2533/2533/2533 2562/2562/2562 2534/2534/2534
f 2534/2534/2534 2562/2562/2562 2563/2563/2563
f 2534/2534/2534 2563/2563/2563 2535/2535/2535
f 2562/2562/2562 2561/2561/2561 2564/2564/2564
f 2562/2562/2562 2564/2564/2564 2563/2563/2563
f 2563/2563/2563 2564/2564/2564 2565/2565/2565
f 2563/2563/2563 2565/2565/2565 2566/2566/2566
f 2535/2535/2535 2563/2563/2563 2566/2566/2566
f 2535/2535/2535 2566/2566/2566 2537/2537/2537
f 2537/2537/2537 2566/2566/2566 2567/2567/2567
f 2537/2537/2537 2567/2567/2567 2540/2540/2540
f 2566/2566/2566 2565/2565/2565 2568/2568/2568
f 2566/2566/2566 2568/2568/2568 2567/2567/2567
f 2567/2567/2567 2568/2568/2568 2569/2569/2569
f 2567/2567/2567 2569/2569/2569 2570/2570/2570
f 2540/2540/2540 2567/2567/2567 2570/2570/2570
f 2540/2540/2540 2570/2570/2570 2541/2541/2541
f 2570/2570/2570 2569/2569/2569 2571/2571/2571
f 2570/2570/2570 2571/2571/2571 2572/2572/2572
f 2541/2541/2541 2570/2570/2570 2572/2572/2572
f 2541/2541/2541 2572/2572/2572 2544/2544/2544
f 2572/2572/2572 2571/2571/2571 2573/2573/2573
f 2572/2572/2572 2573/2573/2573 2574/2574/2574
f 2544/2544/2544 2572/2572/2572 2574/2574/2574
f 2544/2544/2544 2574/2574/2574 2545/2545/2545
f 2545/2545/2545 2574/2574/2574 2575/2575/2575
f 2545/2545/2545 2575/2575/2575 2547/2547/2547
f 2574/2574/2574 2573/2573/2573 2576/2576/2576
f 2574/2574/2574 2576/2576/2576 2575/2575/2575
f 2575/2575/2575 2576/2576/2576 2556/2556/2556
f 2575/2575/2575 2556/2556/2556 2553/2553/2553
f 2547/2547/2547 2575/2575/2575 2553/2553/2553
f 2547/2547/2547 2553/2553/2553 2549/2549/2549
f 2573/2573/2573 2577/2577/2577 2578/2578/2578
f 2573/2573/2573 2578/2578/2578 2576/2576/2576
f 2576/2576/2576 2578/2578/2578 2579/2579/2579
f 2576/2576/2576 2579/2579/2579 2556/2556/2556
f 2577/2577/2577 2580/2580/2580 2581/2581/2581
f 2577/2577/2577 2581/2581/2581 2578/2578/2578
f 2578/2578/2578 2581/2581/2581 2582/2582/2582
f 2578/2578/2578 2582/2582/2582 2579/2579/2579
f 2556/2556/2556 2579/2579/2579 2583/2583/2583
f 2556/2556/2556 2583/2583/2583 2557/2557/2557
f 2579/2579/2579 2582/2582/2582 2584/2584/2584
f 2579/2579/2579 2584/2584/2584 2583/2583/2583
f 2583/2583/2583 2584/2584/2584 2585/2585/2585
f 2583/2583/2583 2585/2585/2585 2586/2586/2586
f 2557/2557/2557 2583/2583/2583 2586/2586/2586
f 2557/2557/2557 2586/2586/2586 2558/2558/2558
f 2586/2586/2586 2585/2585/2585 2587/2587/2587
f 2586/2586/2586 2587/2587/2587 2588/2588/2588
f 2558/2558/2558 2586/2586/2586 2588/2588/2588
f 2558/2558/2558 2588/2588/2588 2559/2559/2559
f 2588/2588/2588 2587/2587/2587 2589/2589/2589
f 2588/2588/2588 2589/2589/2589 2590/2590/2590
f 2559/2559/2559 2588/2588/2588 2590/2590/2590
f 2559/2559/2559 2590/2590/2590 2561/2561/2561
f 2590/2590/2590 2589/2589/2589 2591/2591/2591
f 2590/2590/2590 2591/2591/2591 2592/2592/2592
f 2561/2561/2561 2590/2590/2590 2592/2592/2592
f 2561/2561/2561 2592/2592/2592 2564/2564/2564
f 2592/2592/2592 2591/2591/2591 2593/2593/2593
f 2592/2592/2592 2593/2593/2593 2594/2594/2594
f 2564/2564/2564 2592/2592/2592 2594/2594/2594
f 2564/2564/2564 2594/2594/2594 2565/2565/2565
f 2565/2565/2565 2594/2594/2594 2595/2595/2595
f 2565/2565/2565 2595/2595/2595 2568/2568/2568
f 2594/2594/2594 2593/2593/2593 2596/2596/2596
f 2594/2594/2594 2596/2596/2596 2595/2595/2595
f 2595/2595/2595 2596/2596/2596 2597/2597/2597
f 2595/2595/2595 2597/2597/2597 2598/2598/2598
f 2568/2568/2568 2595/2595/2595 2598/2598/2598
f 2568/2568/2568 2598/2598/2598 2569/2569/2569
f 2569/2569/2569 2598/2598/2598 2599/2599/2599
f 2569/2569/2569 2599/2599/2599 2571/2571/2571
f 2598/2598/2598 2597/2597/2597 2600/2600/2600
f 2598/2598/2598 2600/2600/2600 2599/2599/2599
f 2599/2599/2599 2600/2600/2600 2580/2580/2580
f 2599/2599/2599 2580/2580/2580 2577/2577/2577
f 2571/2571/2571 2599/2599/2599 2577/2577/2577
f 2571/2571/2571 2577/2577/2577 2573/2573/2573
f 2597/2597/2597 2601/2601/2601 2602/2602/2602
f 2597/2597/2597 2602/2602/2602 2600/2600/2600
f 2600/2600/2600 2602/2602/2602 2603/2603/2603
f 2600/2600/2600 2603/2603/2603 2580/2580/2580
f 2601/2601/2601 2604/2604/2604 2605/2605/2605
f 2601/2601/2601 2605/2605/2605 2602/2602/2602
f 2602/2602/2602 2605/2605/2605 2606/2606/2606
f 2602/2602/2602 2606/2606/2606 2603/2603/2603
f 2580/2580/2580 2603/2603/2603 2607/2607/2607
f 2580/2580/2580 2607/2607/2607 2581/2581/2581
f 2603/2603/2603 2606/2606/2606 2608/2608/2608
f 2603/2603/2603 2608/2608/2608 2607/2607/2607
f 2607/2607/2607 2608/2608/2608 2609/2609/2609
f 2607/2607/2607 2609/2609/2609 2610/2610/2610
f 2581/2581/2581 2607/2607/2607 2610/2610/2610
f 2581/2581/2581 2610/2610/2610 2582/2582/2582
f 2610/2610/2610 2609/2609/2609 2611/2611/2611
f 2610/2610/2610 2611/2611/2611 2612/2612/2612
f 2582/2582/2582 2610/2610/2610 2612/2612/2612
f 2582/2582/2582 2612/2612/2612 2584/2584/2584
f 2612/2612/2612 2611/2611/2611 2613/2613/2613
f 2612/2612/2612 2613/2613/2613 2614/2614/2614
f 2584/2584/2584 2612/2612/2612 2614/2614/2614
f 2584/2584/2584 2614/2614/2614 2585/2585/2585
f 2585/2585/2585 2614/2614/2614 2615/2615/2615
f 2585/2585/2585 2615/2615/2615 2587/2587/2587
f 2614/2614/2614 2613/2613/2613 2616/2616/2616
f 2614/2614/2614 2616/2616/2616 2615/2615/2615
f 2615/2615/2615 2616/2616/2616 2617/2617/2617
f 2615/2615/2615 2617/2617/2617 2618/2618/2618
f 2587/2587/2587 2615/2615/2615 2618/2618/2618
f 2587/2587/2587 2618/2618/2618 2589/2589/2589
f 2618/2618/2618 2617/2617/2617 2619/2619/2619
f 2618/2618/2618 2619/2619/2619 2620/2620/2620
f 2589/2589/2589 2618/2618/2618 2620/2620/2620
f 2589/2589/2589 2620/2620/2620 2591/2591/2591
f 2620/2620/2620 2619/2619/2619 2621/2621/2621
f 2620/2620/2620 2621/2621/2621 2622/2622/2622
f 2591/2591/2591 2620/2620/2620 2622/2622/2622
f 2591/2591/2591 2622/2622/2622 2593/2593/2593
f 2593/2593/2593 2622/2622/2622 2623/2623/2623
f 2593/2593/2593 2623/2623/2623 2596/2596/2596
f 2622/2622/2622 2621/2621/2621 2624/2624/2624
f 2622/2622/2622 2624/2624/2624 2623/2623/2623
f 2623/2623/2623 2624/2624/2624 2604/2604/2604
f 2623/2623/2623 2604/2604/2604 2601/2601/2601
f 2596/2596/2596 2623/2623/2623 2601/2601/2601
f 2596/2596/2596 2601/2601/2601 2597/2597/2597
f 2621/2621/2621 2625/2625/2625 2626/2626/2626
f 2621/2621/2621 2626/2626/2626 2624/2624/2624
f 2624/2624/2624 2626/2626/2626 2627/2627/2627
f 2624/2624/2624 2627/2627/2627 2604/2604/2604
f 2625/2625/2625 2628/2628/2628 2629/2629/2629
f 2625/2625/2625 2629/2629/2629 2626/2626/2626
f 2626/2626/2626 2629/2629/2629 2630/2630/2630
f 2626/2626/2626 2630/2630/2630 2627/2627/2627
f 2604/2604/2604 2627/2627/2627 2631/2631/2631
f 2604/2604/2604 2631/2631/2631 2605/2605/2605
f 2627/2627/2627 2630/2630/2630 2632/2632/2632
f 2627/2627/2627 2632/2632/2632 2631/2631/2631
f 2631/2631/2631 2632/2632/2632 2633/2633/2633
f 2631/2631/2631 2633/2633/2633 2634/2634/2634
f 2605/2605/2605 2631/2631/2631 2634/2634/2634
f 2605/2605/2605 2634/2634/2634 2606/2606/2606
f 2634/2634/2634 2633/2633/2633 2635/2635/2635
f 2634/2634/2634 2635/2635/2635 2636/2636/2636
f 2606/2606/2606 2634/2634/2634 2636/2636/2636
f 2606/2606/2606 2636/2636/2636 2608/2608/2608
f 2636/2636/2636 2635/2635/2635 2637/2637/2637
f 2636/2636/2636 2637/2637/2637 2638/2638/2638
f 2608/2608/2608 2636/2636/2636 2638/2638/2638
f 2608/2608/2608 2638/2638/2638 2609/2609/2609
f 2609/2609/2609 2638/2638/2638 2639/2639/2639
f 2609/2609/2609 2639/2639/2639 2611/2611/2611
f 2638/2638/2638 2637/2637/2637 2640/2640/2640
f 2638/2638/2638 2640/2640/2640 2639/2639/2639
f 2639/2639/2639 2640/2640/2640 2641/2641/2641
f 2639/2639/2639 2641/2641/2641 2642/2642/2642
f 2611/2611/2611 2639/2639/2639 2642/2642/2642
f 2611/2611/2611 2642/2642/2642 2613/2613/2613
f 2642/2642/2642 2641/2641/2641 2643/2643/2643
f 2642/2642/2642 2643/2643/2643 2644/2644/2644
f 2613/2613/2613 2642/2642/2642 2644/2644/2644
f 2613/2613/2613 2644/2644/2644 2616/2616/2616
f 2644/2644/2644 2643/2643/2643 2645/2645/2645
f 2644/2644/2644 2645/2645/2645 2646/2646/2646
f 2616/2616/2616 2644/2644/2644 2646/2646/2646
f 2616/2616/2616 2646/2646/2646 2617/2617/2617
f 2617/2617/2617 2646/2646/2646 2647/2647/2647
f 2617/2617/2617 2647/2647/2647 2619/2619/2619
f 2646/2646/2646 2645/2645/2645 2648/2648/2648
f 2646/2646/2646 2648/2648/2648 2647/2647/2647
f 2647/2647/2647 2648/2648/2648 2628/2628/2628
f 2647/2647/2647 2628/2628/2628 2625/2625/2625
f 2619/2619/2619 2647/2647/2647 2625/2625/2625
f 2619/2619/2619 2625/2625/2625 2621/2621/2621
f 2648/2648/2648 2649/2649/2649 2650/2650/2650
f 2648/2648/2648 2650/2650/2650 2628/2628/2628
f 2645/2645/2645 2651/2651/2651 2649/2649/2649
f 2645/2645/2645 2649/2649/2649 2648/2648/2648
f 2651/2651/2651 2652/2652/2652 2653/2653/2653
f 2651/2651/2651 2653/2653/2653 2649/2649/2649
f 2649/2649/2649 2653/2653/2653 2654/2654/2654
f 2649/2649/2649 2654/2654/2654 2650/2650/2650
f 2650/2650/2650 2654/2654/2654 2655/2655/2655
f 2650/2650/2650 2655/2655/2655 2656/2656/2656
f 2628/2628/2628 2650/2650/2650 2656/2656/2656
f 2628/2628/2628 2656/2656/2656 2629/2629/2629
f 2656/2656/2656 2655/2655/2655 2657/2657/2657
f 2656/2656/2656 2657/2657/2657 2658/2658/2658
f 2629/2629/2629 2656/2656/2656 2658/2658/2658
f 2629/2629/2629 2658/2658/2658 2630/2630/2630
f 2630/2630/2630 2658/2658/2658 2659/2659/2659
f 2630/2630/2630 2659/2659/2659 2632/2632/2632
f 2658/2658/2658 2657/2657/2657 2660/2660/2660
f 2658/2658/2658 2660/2660/2660 2659/2659/2659
f 2659/2659/2659 2660/2660/2660 2661/2661/2661
f 2659/2659/2659 2661/2661/2661 2662/2662/2662
f 2632/2632/2632 2659/2659/2659 2662/2662/2662
f 2632/2632/2632 2662/2662/2662 2633/2633/2633
f 2662/2662/2662 2661/2661/2661 2663/2663/2663
f 2662/2662/2662 2663/2663/2663 2664/2664/2664
f 2633/2633/2633 2662/2662/2662 2664/2664/2664
f 2633/2633/2633 2664/2664/2664 2635/2635/2635
f 2664/2664/2664 2663/2663/2663 2665/2665/2665
f 2664/2664/2664 2665/2665/2665 2666/2666/2666
f 2635/2635/2635 2664/2664/2664 2666/2666/2666
f 2635/2635/2635 2666/2666/2666 2637/2637/2637
f 2637/2637/2637 2666/2666/2666 2667/2667/2667
f 2637/2637/2637 2667/2667/2667 2640/2640/2640
f 2666/2666/2666 2665/2665/2665 2668/2668/2668
f 2666/2666/2666 2668/2668/2668 2667/2667/2667
f 2667/2667/2667 2668/2668/2668 2669/2669/2669
f 2667/2667/2667 2669/2669/2669 2670/2670/2670
f 2640/2640/2640 2667/2667/2667 2670/2670/2670
f 2640/2640/2640 2670/2670/2670 2641/2641/2641
f 2670/2670/2670 2669/2669/2669 2671/2671/2671
f 2670/2670/2670 2671/2671/2671 2672/2672/2672
f 2641/2641/2641 2670/2670/2670 2672/2672/2672
f 2641/2641/2641 2672/2672/2672 2643/2643/2643
f 2672/2672/2672 2671/2671/2671 2652/2652/2652
f 2672/2672/2672 2652/2652/2652 2651/2651/2651
f 2643/2643/2643 2672/2672/2672 2651/2651/2651
f 2643/2643/2643 2651/2651/2651 2645/2645/2645
f 2669/2669/2669 2668/2668/2668 2673/2673/2673
f 2669/2669/2669 2673/2673/2673 2671/2671/2671
f 2652/2652/2652 2671/2671/2671 2673/2673/2673
f 2652/2652/2652 2673/2673/2673 2653/2653/2653
f 2665/2665/2665 2663/2663/2663 2673/2673/2673
f 2665/2665/2665 2673/2673/2673 2668/2668/2668
f 2661/2661/2661 2660/2660/2660 2673/2673/2673
f 2661/2661/2661 2673/2673/2673 2663/2663/2663
f 2657/2657/2657 2655/2655/2655 2673/2673/2673
f 2657/2657/2657 2673/2673/2673 2660/2660/2660
f 2654/2654/2654 2653/2653/2653 2673/2673/2673
f 2654/2654/2654 2673/2673/2673 2655/2655/2655
f 2332/2332/2332 2376/2376/2376 2380/2380/2380
f 2332/2332/2332 2380/2380/2380 2334/2334/2334
f 2331/2331/2331 2374/2374/2374 2376/2376/2376
f 2331/2331/2331 2376/2376/2376 2332/2332/2332
f 2333/2333/2333 2356/2356/2356 2374/2374/2374
f 2333/2333/2333 2374/2374/2374 2331/2331/2331
f 2674/2674/2674 2675/2675/2675 2676/2676/2676
f 2674/2674/2674 2676/2676/2676 2677/2677/2677
f 2677/2677/2677 2678/2678/2678 2679/2679/2679
f 2677/2677/2677 2679/2679/2679 2674/2674/2674
f 2674/2674/2674 2679/2679/2679 2680/2680/2680
f 2674/2674/2674 2680/2680/2680 2675/2675/2675
f 2679/2679/2679 2681/2681/2681 2682/2682/2682
f 2679/2679/2679 2682/2682/2682 2680/2680/2680
f 2678/2678/2678 2683/2683/2683 2681/2681/2681
f 2678/2678/2678 2681/2681/2681 2679/2679/2679
f 2680/2680/2680 2682/2682/2682 2684/2684/2684
f 2680/2680/2680 2684/2684/2684 2685/2685/2685
f 2675/2675/2675 2680/2680/2680 2685/2685/2685
f 2675/2675/2675 2685/2685/2685 2686/2686/2686
f 2685/2685/2685 2684/2684/2684 2687/2687/2687
f 2685/2685/2685 2687/2687/2687 2688/2688/2688
f 2686/2686/2686 2685/2685/2685 2688/2688/2688
f 2686/2686/2686 2688/2688/2688 2689/2689/2689
f 2688/2688/2688 2687/2687/2687 2690/2690/2690
f 2688/2688/2688 2690/2690/2690 2691/2691/2691
f 2689/2689/2689 2688/2688/2688 2691/2691/2691
f 2689/2689/2689 2691/2691/2691 2692/2692/2692
f 2686/2686/2686 2689/2689/2689 2676/2676/2676
f 2686/2686/2686 2676/2676/2676 2675/2675/2675
f 2692/2692/2692 2693/2693/2693 2676/2676/2676
f 2692/2692/2692 2676/2676/2676 2689/2689/2689
f 2694/2694/2694 2677/2677/2677 2676/2676/2676
f 2694/2694/2694 2676/2676/2676 2695/2695/2695
f 2696/2696/2696 2697/2697/2697 2676/2676/2676
f 2696/2696/2696 2676/2676/2676 2693/2693/2693
f 2698/2698/2698 2695/2695/2695 2676/2676/2676
f 2698/2698/2698 2676/2676/2676 2697/2697/2697
f 2698/2698/2698 2699/2699/2699 2700/2700/2700
f 2698/2698/2698 2700/2700/2700 2695/2695/2695
f 2695/2695/2695 2700/2700/2700 2701/2701/2701
f 2695/2695/2695 2701/2701/2701 2694/2694/2694
f 2699/2699/2699 2702/2702/2702 2703/2703/2703
f 2699/2699/2699 2703/2703/2703 2700/2700/2700
f 2700/2700/2700 2703/2703/2703 2704/2704/2704
f 2700/2700/2700 2704/2704/2704 2701/2701/2701
f 2701/2701/2701 2704/2704/2704 2683/2683/2683
f 2701/2701/2701 2683/2683/2683 2678/2678/2678
f 2694/2694/2694 2701/2701/2701 2678/2678/2678
f 2694/2694/2694 2678/2678/2678 2677/2677/2677
f 2704/2704/2704 2705/2705/2705 2706/2706/2706
f 2704/2704/2704 2706/2706/2706 2683/2683/2683
f 2703/2703/2703 2707/2707/2707 2705/2705/2705
f 2703/2703/2703 2705/2705/2705 2704/2704/2704
f 2705/2705/2705 2708/2708/2708 2709/2709/2709
f 2705/2705/2705 2709/2709/2709 2706/2706/2706
f 2707/2707/2707 2710/2710/2710 2708/2708/2708
f 2707/2707/2707 2708/2708/2708 2705/2705/2705
f 2706/2706/2706 2709/2709/2709 2711/2711/2711
f 2706/2706/2706 2711/2711/2711 2712/2712/2712
f 2683/2683/2683 2706/2706/2706 2712/2712/2712
f 2683/2683/2683 2712/2712/2712 2681/2681/2681
f 2681/2681/2681 2712/2712/2712 2713/2713/2713
f 2681/2681/2681 2713/2713/2713 2682/2682/2682
f 2712/2712/2712 2711/2711/2711 2714/2714/2714
f 2712/2712/2712 2714/2714/2714 2713/2713/2713
f 2713/2713/2713 2714/2714/2714 2715/2715/2715
f 2713/2713/2713 2715/2715/2715 2716/2716/2716
f 2682/2682/2682 2713/2713/2713 2716/2716/2716
f 2682/2682/2682 2716/2716/2716 2684/2684/2684
f 2716/2716/2716 2715/2715/2715 2717/2717/2717
f 2716/2716/2716 2717/2717/2717 2718/2718/2718
f 2684/2684/2684 2716/2716/2716 2718/2718/2718
f 2684/2684/2684 2718/2718/2718 2687/2687/2687
f 2718/2718/2718 2717/2717/2717 2719/2719/2719
f 2718/2718/2718 2719/2719/2719 2720/2720/2720
f 2687/2687/2687 2718/2718/2718 2720/2720/2720
f 2687/2687/2687 2720/2720/2720 2690/2690/2690
f 2690/2690/2690 2720/2720/2720 2721/2721/2721
f 2690/2690/2690 2721/2721/2721 2722/2722/2722
f 2720/2720/2720 2719/2719/2719 2723/2723/2723
f 2720/2720/2720 2723/2723/2723 2721/2721/2721
f 2721/2721/2721 2723/2723/2723 2724/2724/2724
f 2721/2721/2721 2724/2724/2724 2725/2725/2725
f 2722/2722/2722 2721/2721/2721 2725/2725/2725
f 2722/2722/2722 2725/2725/2725 2726/2726/2726
f 2691/2691/2691 2690/2690/2690 2722/2722/2722
f 2691/2691/2691 2722/2722/2722 2727/2727/2727
f 2727/2727/2727 2722/2722/2722 2726/2726/2726
f 2727/2727/2727 2726/2726/2726 2728/2728/2728
f 2692/2692/2692 2691/2691/2691 2727/2727/2727
f 2692/2692/2692 2727/2727/2727 2693/2693/2693
f 2693/2693/2693 2727/2727/2727 2728/2728/2728
f 2693/2693/2693 2728/2728/2728 2696/2696/2696
f 2728/2728/2728 2726/2726/2726 2729/2729/2729
f 2728/2728/2728 2729/2729/2729 2730/2730/2730
f 2696/2696/2696 2728/2728/2728 2730/2730/2730
f 2696/2696/2696 2730/2730/2730 2697/2697/2697
f 2730/2730/2730 2729/2729/2729 2702/2702/2702
f 2730/2730/2730 2702/2702/2702 2699/2699/2699
f 2697/2697/2697 2730/2730/2730 2699/2699/2699
f 2697/2697/2697 2699/2699/2699 2698/2698/2698
f 2726/2726/2726 2725/2725/2725 2731/2731/2731
f 2726/2726/2726 2731/2731/2731 2729/2729/2729
f 2729/2729/2729 2731/2731/2731 2732/2732/2732
f 2729/2729/2729 2732/2732/2732 2702/2702/2702
f 2725/2725/2725 2724/2724/2724 2733/2733/2733
f 2725/2725/2725 2733/2733/2733 2731/2731/2731
f 2731/2731/2731 2733/2733/2733 2734/2734/2734
f 2731/2731/2731 2734/2734/2734 2732/2732/2732
f 2702/2702/2702 2732/2732/2732 2707/2707/2707
f 2702/2702/2702 2707/2707/2707 2703/2703/2703
f 2732/2732/2732 2734/2734/2734 2710/2710/2710
f 2732/2732/2732 2710/2710/2710 2707/2707/2707
f 2733/2733/2733 2735/2735/2735 2736/2736/2736
f 2733/2733/2733 2736/2736/2736 2734/2734/2734
f 2734/2734/2734 2736/2736/2736 2737/2737/2737
f 2734/2734/2734 2737/2737/2737 2710/2710/2710
f 2736/2736/2736 2738/2738/2738 2739/2739/2739
f 2736/2736/2736 2739/2739/2739 2737/2737/2737
f 2735/2735/2735 2740/2740/2740 2738/2738/2738
f 2735/2735/2735 2738/2738/2738 2736/2736/2736
f 2737/2737/2737 2739/2739/2739 2741/2741/2741
f 2737/2737/2737 2741/2741/2741 2742/2742/2742
f 2710/2710/2710 2737/2737/2737 2742/2742/2742
f 2710/2710/2710 2742/2742/2742 2708/2708/2708
f 2742/2742/2742 2741/2741/2741 2743/2743/2743
f 2742/2742/2742 2743/2743/2743 2744/2744/2744
f 2708/2708/2708 2742/2742/2742 2744/2744/2744
f 2708/2708/2708 2744/2744/2744 2709/2709/2709
f 2744/2744/2744 2743/2743/2743 2745/2745/2745
f 2744/2744/2744 2745/2745/2745 2746/2746/2746
f 2709/2709/2709 2744/2744/2744 2746/2746/2746
f 2709/2709/2709 2746/2746/2746 2711/2711/2711
f 2711/2711/2711 2746/2746/2746 2747/2747/2747
f 2711/2711/2711 2747/2747/2747 2714/2714/2714
f 2746/2746/2746 2745/2745/2745 2748/2748/2748
f 2746/2746/2746 2748/2748/2748 2747/2747/2747
f 2747/2747/2747 2748/2748/2748 2749/2749/2749
f 2747/2747/2747 2749/2749/2749 2750/2750/2750
f 2714/2714/2714 2747/2747/2747 2750/2750/2750
f 2714/2714/2714 2750/2750/2750 2715/2715/2715
f 2750/2750/2750 2749/2749/2749 2751/2751/2751
f 2750/2750/2750 2751/2751/2751 2752/2752/2752
f 2715/2715/2715 2750/2750/2750 2752/2752/2752
f 2715/2715/2715 2752/2752/2752 2717/2717/2717
f 2752/2752/2752 2751/2751/2751 2753/2753/2753
f 2752/2752/2752 2753/2753/2753 2754/2754/2754
f 2717/2717/2717 2752/2752/2752 2754/2754/2754
f 2717/2717/2717 2754/2754/2754 2719/2719/2719
f 2719/2719/2719 2754/2754/2754 2755/2755/2755
f 2719/2719/2719 2755/2755/2755 2723/2723/2723
f 2754/2754/2754 2753/2753/2753 2756/2756/2756
f 2754/2754/2754 2756/2756/2756 2755/2755/2755
f 2755/2755/2755 2756/2756/2756 2757/2757/2757
f 2755/2755/2755 2757/2757/2757 2758/2758/2758
f 2723/2723/2723 2755/2755/2755 2758/2758/2758
f 2723/2723/2723 2758/2758/2758 2724/2724/2724
f 2758/2758/2758 2757/2757/2757 2740/2740/2740
f 2758/2758/2758 2740/2740/2740 2735/2735/2735
f 2724/2724/2724 2758/2758/2758 2735/2735/2735
f 2724/2724/2724 2735/2735/2735 2733/2733/2733
f 2757/2757/2757 2759/2759/2759 2760/2760/2760
f 2757/2757/2757 2760/2760/2760 2740/2740/2740
f 2756/2756/2756 2761/2761/2761 2759/2759/2759
f 2756/2756/2756 2759/2759/2759 2757/2757/2757
f 2740/2740/2740 2760/2760/2760 2762/2762/2762
f 2740/2740/2740 2762/2762/2762 2738/2738/2738
f 2759/2759/2759 2763/2763/2763 2764/2764/2764
f 2759/2759/2759 2764/2764/2764 2760/2760/2760
f 2760/2760/2760 2764/2764/2764 2765/2765/2765
f 2760/2760/2760 2765/2765/2765 2762/2762/2762
f 2738/2738/2738 2762/2762/2762 2766/2766/2766
f 2738/2738/2738 2766/2766/2766 2739/2739/2739
f 2762/2762/2762 2765/2765/2765 2767/2767/2767
f 2762/2762/2762 2767/2767/2767 2766/2766/2766
f 2766/2766/2766 2767/2767/2767 2768/2768/2768
f 2766/2766/2766 2768/2768/2768 2769/2769/2769
f 2739/2739/2739 2766/2766/2766 2769/2769/2769
f 2739/2739/2739 2769/2769/2769 2741/2741/2741
f 2769/2769/2769 2768/2768/2768 2770/2770/2770
f 2769/2769/2769 2770/2770/2770 2771/2771/2771
f 2741/2741/2741 2769/2769/2769 2771/2771/2771
f 2741/2741/2741 2771/2771/2771 2743/2743/2743
f 2771/2771/2771 2770/2770/2770 2772/2772/2772
f 2771/2771/2771 2772/2772/2772 2773/2773/2773
f 2743/2743/2743 2771/2771/2771 2773/2773/2773
f 2743/2743/2743 2773/2773/2773 2745/2745/2745
f 2745/2745/2745 2773/2773/2773 2774/2774/2774
f 2745/2745/2745 2774/2774/2774 2748/2748/2748
f 2773/2773/2773 2772/2772/2772 2775/2775/2775
f 2773/2773/2773 2775/2775/2775 2774/2774/2774
f 2774/2774/2774 2775/2775/2775 2776/2776/2776
f 2774/2774/2774 2776/2776/2776 2777/2777/2777
f 2748/2748/2748 2774/2774/2774 2777/2777/2777
f 2748/2748/2748 2777/2777/2777 2749/2749/2749
f 2777/2777/2777 2776/2776/2776 2778/2778/2778
f 2777/2777/2777 2778/2778/2778 2779/2779/2779
f 2749/2749/2749 2777/2777/2777 2779/2779/2779
f 2749/2749/2749 2779/2779/2779 2751/2751/2751
f 2779/2779/2779 2778/2778/2778 2780/2780/2780
f 2779/2779/2779 2780/2780/2780 2781/2781/2781
f 2751/2751/2751 2779/2779/2779 2781/2781/2781
f 2751/2751/2751 2781/2781/2781 2753/2753/2753
f 2753/2753/2753 2781/2781/2781 2761/2761/2761
f 2753/2753/2753 2761/2761/2761 2756/2756/2756
f 2781/2781/2781 2780/2780/2780 2782/2782/2782
f 2781/2781/2781 2782/2782/2782 2761/2761/2761
f 2761/2761/2761 2782/2782/2782 2763/2763/2763
f 2761/2761/2761 2763/2763/2763 2759/2759/2759
f 2783/2783/2783 2782/2782/2782 2780/2780/2780
f 2783/2783/2783 2780/2780/2780 2784/2784/2784
f 2785/2785/2785 2763/2763/2763 2782/2782/2782
f 2785/2785/2785 2782/2782/2782 2783/2783/2783
f 2786/2786/2786 2785/2785/2785 2783/2783/2783
f 2786/2786/2786 2783/2783/2783 2787/2787/2787
f 2787/2787/2787 2783/2783/2783 2784/2784/2784
f 2787/2787/2787 2784/2784/2784 2788/2788/2788
f 2788/2788/2788 2789/2789/2789 2790/2790/2790
f 2788/2788/2788 2790/2790/2790 2787/2787/2787
f 2786/2786/2786 2787/2787/2787 2790/2790/2790
f 2786/2786/2786 2790/2790/2790 2791/2791/2791
f 2792/2792/2792 2791/2791/2791 2790/2790/2790
f 2792/2792/2792 2790/2790/2790 2793/2793/2793
f 2794/2794/2794 2793/2793/2793 2790/2790/2790
f 2794/2794/2794 2790/2790/2790 2795/2795/2795
f 2796/2796/2796 2797/2797/2797 2790/2790/2790
f 2796/2796/2796 2790/2790/2790 2789/2789/2789
f 2798/2798/2798 2795/2795/2795 2790/2790/2790
f 2798/2798/2798 2790/2790/2790 2797/2797/2797
f 2795/2795/2795 2799/2799/2799 2800/2800/2800
f 2795/2795/2795 2800/2800/2800 2794/2794/2794
f 2798/2798/2798 2801/2801/2801 2799/2799/2799
f 2798/2798/2798 2799/2799/2799 2795/2795/2795
f 2801/2801/2801 2772/2772/2772 2770/2770/2770
f 2801/2801/2801 2770/2770/2770 2799/2799/2799
f 2799/2799/2799 2770/2770/2770 2768/2768/2768
f 2799/2799/2799 2768/2768/2768 2800/2800/2800
f 2794/2794/2794 2800/2800/2800 2802/2802/2802
f 2794/2794/2794 2802/2802/2802 2793/2793/2793
f 2800/2800/2800 2768/2768/2768 2767/2767/2767
f 2800/2800/2800 2767/2767/2767 2802/2802/2802
f 2802/2802/2802 2767/2767/2767 2765/2765/2765
f 2802/2802/2802 2765/2765/2765 2803/2803/2803
f 2793/2793/2793 2802/2802/2802 2803/2803/2803
f 2793/2793/2793 2803/2803/2803 2792/2792/2792
f 2792/2792/2792 2803/2803/2803 2804/2804/2804
f 2792/2792/2792 2804/2804/2804 2791/2791/2791
f 2803/2803/2803 2765/2765/2765 2764/2764/2764
f 2803/2803/2803 2764/2764/2764 2804/2804/2804
f 2804/2804/2804 2764/2764/2764 2763/2763/2763
f 2804/2804/2804 2763/2763/2763 2785/2785/2785
f 2791/2791/2791 2804/2804/2804 2785/2785/2785
f 2791/2791/2791 2785/2785/2785 2786/2786/2786
f 2805/2805/2805 2775/2775/2775 2772/2772/2772
f 2805/2805/2805 2772/2772/2772 2801/2801/2801
f 2797/2797/2797 2805/2805/2805 2801/2801/2801
f 2797/2797/2797 2801/2801/2801 2798/2798/2798
f 2806/2806/2806 2776/2776/2776 2775/2775/2775
f 2806/2806/2806 2775/2775/2775 2805/2805/2805
f 2796/2796/2796 2806/2806/2806 2805/2805/2805
f 2796/2796/2796 2805/2805/2805 2797/2797/2797
f 2789/2789/2789 2807/2807/2807 2806/2806/2806
f 2789/2789/2789 2806/2806/2806 2796/2796/2796
f 2807/2807/2807 2778/2778/2778 2776/2776/2776
f 2807/2807/2807 2776/2776/2776 2806/2806/2806
f 2784/2784/2784 2780/2780/2780 2778/2778/2778
f 2784/2784/2784 2778/2778/2778 2807/2807/2807
f 2788/2788/2788 2784/2784/2784 2807/2807/2807
f 2788/2788/2788 2807/2807/2807 2789/2789/2789
f 2808/2808/2808 2809/2809/2809 2810/2810/2810
f 2808/2808/2808 2810/2810/2810 2811/2811/2811
f 2811/2811/2811 2812/2812/2812 2813/2813/2813
f 2811/2811/2811 2813/2813/2813 2808/2808/2808
f 2808/2808/2808 2813/2813/2813 2814/2814/2814
f 2808/2808/2808 2814/2814/2814 2809/2809/2809
f 2813/2813/2813 2815/2815/2815 2816/2816/2816
f 2813/2813/2813 2816/2816/2816 2814/2814/2814
f 2812/2812/2812 2817/2817/2817 2815/2815/2815
f 2812/2812/2812 2815/2815/2815 2813/2813/2813
f 2814/2814/2814 2816/2816/2816 2818/2818/2818
f 2814/2814/2814 2818/2818/2818 2819/2819/2819
f 2809/2809/2809 2814/2814/2814 2819/2819/2819
f 2809/2809/2809 2819/2819/2819 2820/2820/2820
f 2819/2819/2819 2818/2818/2818 2821/2821/2821
f 2819/2819/2819 2821/2821/2821 2822/2822/2822
f 2820/2820/2820 2819/2819/2819 2822/2822/2822
f 2820/2820/2820 2822/2822/2822 2823/2823/2823
f 2822/2822/2822 2821/2821/2821 2824/2824/2824
f 2822/2822/2822 2824/2824/2824 2825/2825/2825
f 2823/2823/2823 2822/2822/2822 2825/2825/2825
f 2823/2823/2823 2825/2825/2825 2826/2826/2826
f 2820/2820/2820 2823/2823/2823 2810/2810/2810
f 2820/2820/2820 2810/2810/2810 2809/2809/2809
f 2826/2826/2826 2827/2827/2827 2810/2810/2810
f 2826/2826/2826 2810/2810/2810 2823/2823/2823
f 2828/2828/2828 2811/2811/2811 2810/2810/2810
f 2828/2828/2828 2810/2810/2810 2829/2829/2829
f 2830/2830/2830 2831/2831/2831 2810/2810/2810
f 2830/2830/2830 2810/2810/2810 2827/2827/2827
f 2832/2832/2832 2829/2829/2829 2810/2810/2810
f 2832/2832/2832 2810/2810/2810 2831/2831/2831
f 2832/2832/2832 2833/2833/2833 2834/2834/2834
f 2832/2832/2832 2834/2834/2834 2829/2829/2829
f 2829/2829/2829 2834/2834/2834 2835/2835/2835
f 2829/2829/2829 2835/2835/2835 2828/2828/2828
f 2833/2833/2833 2836/2836/2836 2837/2837/2837
f 2833/2833/2833 2837/2837/2837 2834/2834/2834
f 2834/2834/2834 2837/2837/2837 2838/2838/2838
f 2834/2834/2834 2838/2838/2838 2835/2835/2835
f 2835/2835/2835 2838/2838/2838 2817/2817/2817
f 2835/2835/2835 2817/2817/2817 2812/2812/2812
f 2828/2828/2828 2835/2835/2835 2812/2812/2812
f 2828/2828/2828 2812/2812/2812 2811/2811/2811
f 2838/2838/2838 2839/2839/2839 2840/2840/2840
f 2838/2838/2838 2840/2840/2840 2817/2817/2817
f 2837/2837/2837 2841/2841/2841 2839/2839/2839
f 2837/2837/2837 2839/2839/2839 2838/2838/2838
f 2841/2841/2841 2842/2842/2842 2843/2843/2843
f 2841/2841/2841 2843/2843/2843 2839/2839/2839
f 2839/2839/2839 2843/2843/2843 2844/2844/2844
f 2839/2839/2839 2844/2844/2844 2840/2840/2840
f 2845/2845/2845 2846/2846/2846 2842/2842/2842
f 2845/2845/2845 2842/2842/2842 2841/2841/2841
f 2836/2836/2836 2845/2845/2845 2841/2841/2841
f 2836/2836/2836 2841/2841/2841 2837/2837/2837
f 2846/2846/2846 2847/2847/2847 2848/2848/2848
f 2846/2846/2846 2848/2848/2848 2842/2842/2842
f 2842/2842/2842 2848/2848/2848 2849/2849/2849
f 2842/2842/2842 2849/2849/2849 2843/2843/2843
f 2847/2847/2847 2850/2850/2850 2851/2851/2851
f 2847/2847/2847 2851/2851/2851 2848/2848/2848
f 2848/2848/2848 2851/2851/2851 2852/2852/2852
f 2848/2848/2848 2852/2852/2852 2849/2849/2849
f 2849/2849/2849 2852/2852/2852 2853/2853/2853
f 2849/2849/2849 2853/2853/2853 2854/2854/2854
f 2843/2843/2843 2849/2849/2849 2854/2854/2854
f 2843/2843/2843 2854/2854/2854 2844/2844/2844
f 2854/2854/2854 2853/2853/2853 2855/2855/2855
f 2854/2854/2854 2855/2855/2855 2856/2856/2856
f 2844/2844/2844 2854/2854/2854 2856/2856/2856
f 2844/2844/2844 2856/2856/2856 2857/2857/2857
f 2840/2840/2840 2844/2844/2844 2857/2857/2857
f 2840/2840/2840 2857/2857/2857 2858/2858/2858
f 2857/2857/2857 2856/2856/2856 2859/2859/2859
f 2857/2857/2857 2859/2859/2859 2860/2860/2860
f 2858/2858/2858 2857/2857/2857 2860/2860/2860
f 2858/2858/2858 2860/2860/2860 2861/2861/2861
f 2861/2861/2861 2860/2860/2860 2862/2862/2862
f 2861/2861/2861 2862/2862/2862 2863/2863/2863
f 2860/2860/2860 2859/2859/2859 2864/2864/2864
f 2860/2860/2860 2864/2864/2864 2862/2862/2862
f 2815/2815/2815 2858/2858/2858 2861/2861/2861
f 2815/2815/2815 2861/2861/2861 2816/2816/2816
f 2816/2816/2816 2861/2861/2861 2863/2863/2863
f 2816/2816/2816 2863/2863/2863 2818/2818/2818
f 2863/2863/2863 2862/2862/2862 2865/2865/2865
f 2863/2863/2863 2865/2865/2865 2866/2866/2866
f 2818/2818/2818 2863/2863/2863 2866/2866/2866
f 2818/2818/2818 2866/2866/2866 2821/2821/2821
f 2866/2866/2866 2865/2865/2865 2867/2867/2867
f 2866/2866/2866 2867/2867/2867 2868/2868/2868
f 2821/2821/2821 2866/2866/2866 2868/2868/2868
f 2821/2821/2821 2868/2868/2868 2824/2824/2824
f 2824/2824/2824 2868/2868/2868 2869/2869/2869
f 2824/2824/2824 2869/2869/2869 2870/2870/2870
f 2868/2868/2868 2867/2867/2867 2871/2871/2871
f 2868/2868/2868 2871/2871/2871 2869/2869/2869
f 2869/2869/2869 2871/2871/2871 2872/2872/2872
f 2869/2869/2869 2872/2872/2872 2873/2873/2873
f 2870/2870/2870 2869/2869/2869 2873/2873/2873
f 2870/2870/2870 2873/2873/2873 2874/2874/2874
f 2825/2825/2825 2824/2824/2824 2870/2870/2870
f 2825/2825/2825 2870/2870/2870 2875/2875/2875
f 2875/2875/2875 2870/2870/2870 2874/2874/2874
f 2875/2875/2875 2874/2874/2874 2876/2876/2876
f 2826/2826/2826 2825/2825/2825 2875/2875/2875
f 2826/2826/2826 2875/2875/2875 2827/2827/2827
f 2827/2827/2827 2875/2875/2875 2876/2876/2876
f 2827/2827/2827 2876/2876/2876 2830/2830/2830
f 2876/2876/2876 2874/2874/2874 2877/2877/2877
f 2876/2876/2876 2877/2877/2877 2878/2878/2878
f 2830/2830/2830 2876/2876/2876 2878/2878/2878
f 2830/2830/2830 2878/2878/2878 2831/2831/2831
f 2878/2878/2878 2877/2877/2877 2836/2836/2836
f 2878/2878/2878 2836/2836/2836 2833/2833/2833
f 2831/2831/2831 2878/2878/2878 2833/2833/2833
f 2831/2831/2831 2833/2833/2833 2832/2832/2832
f 2874/2874/2874 2873/2873/2873 2879/2879/2879
f 2874/2874/2874 2879/2879/2879 2877/2877/2877
f 2877/2877/2877 2879/2879/2879 2845/2845/2845
f 2877/2877/2877 2845/2845/2845 2836/2836/2836
f 2873/2873/2873 2872/2872/2872 2880/2880/2880
f 2873/2873/2873 2880/2880/2880 2879/2879/2879
f 2879/2879/2879 2880/2880/2880 2846/2846/2846
f 2879/2879/2879 2846/2846/2846 2845/2845/2845
f 2872/2872/2872 2881/2881/2881 2882/2882/2882
f 2872/2872/2872 2882/2882/2882 2880/2880/2880
f 2880/2880/2880 2882/2882/2882 2847/2847/2847
f 2880/2880/2880 2847/2847/2847 2846/2846/2846
f 2881/2881/2881 2883/2883/2883 2884/2884/2884
f 2881/2881/2881 2884/2884/2884 2882/2882/2882
f 2882/2882/2882 2884/2884/2884 2850/2850/2850
f 2882/2882/2882 2850/2850/2850 2847/2847/2847
f 2883/2883/2883 2885/2885/2885 2886/2886/2886
f 2883/2883/2883 2886/2886/2886 2884/2884/2884
f 2884/2884/2884 2886/2886/2886 2887/2887/2887
f 2884/2884/2884 2887/2887/2887 2850/2850/2850
f 2885/2885/2885 2888/2888/2888 2889/2889/2889
f 2885/2885/2885 2889/2889/2889 2886/2886/2886
f 2886/2886/2886 2889/2889/2889 2890/2890/2890
f 2886/2886/2886 2890/2890/2890 2887/2887/2887
f 2850/2850/2850 2887/2887/2887 2891/2891/2891
f 2850/2850/2850 2891/2891/2891 2851/2851/2851
f 2887/2887/2887 2890/2890/2890 2892/2892/2892
f 2887/2887/2887 2892/2892/2892 2891/2891/2891
f 2891/2891/2891 2892/2892/2892 2893/2893/2893
f 2891/2891/2891 2893/2893/2893 2894/2894/2894
f 2851/2851/2851 2891/2891/2891 2894/2894/2894
f 2851/2851/2851 2894/2894/2894 2852/2852/2852
f 2894/2894/2894 2893/2893/2893 2895/2895/2895
f 2894/2894/2894 2895/2895/2895 2896/2896/2896
f 2852/2852/2852 2894/2894/2894 2896/2896/2896
f 2852/2852/2852 2896/2896/2896 2853/2853/2853
f 2896/2896/2896 2895/2895/2895 2897/2897/2897
f 2896/2896/2896 2897/2897/2897 2898/2898/2898
f 2853/2853/2853 2896/2896/2896 2898/2898/2898
f 2853/2853/2853 2898/2898/2898 2855/2855/2855
f 2855/2855/2855 2898/2898/2898 2899/2899/2899
f 2855/2855/2855 2899/2899/2899 2900/2900/2900
f 2898/2898/2898 2897/2897/2897 2901/2901/2901
f 2898/2898/2898 2901/2901/2901 2899/2899/2899
f 2899/2899/2899 2901/2901/2901 2902/2902/2902
f 2899/2899/2899 2902/2902/2902 2903/2903/2903
f 2900/2900/2900 2899/2899/2899 2903/2903/2903
f 2900/2900/2900 2903/2903/2903 2904/2904/2904
f 2856/2856/2856 2855/2855/2855 2900/2900/2900
f 2856/2856/2856 2900/2900/2900 2859/2859/2859
f 2859/2859/2859 2900/2900/2900 2904/2904/2904
f 2859/2859/2859 2904/2904/2904 2864/2864/2864
f 2904/2904/2904 2903/2903/2903 2905/2905/2905
f 2904/2904/2904 2905/2905/2905 2906/2906/2906
f 2864/2864/2864 2904/2904/2904 2906/2906/2906
f 2864/2864/2864 2906/2906/2906 2907/2907/2907
f 2862/2862/2862 2864/2864/2864 2907/2907/2907
f 2862/2862/2862 2907/2907/2907 2865/2865/2865
f 2907/2907/2907 2906/2906/2906 2908/2908/2908
f 2907/2907/2907 2908/2908/2908 2909/2909/2909
f 2865/2865/2865 2907/2907/2907 2909/2909/2909
f 2865/2865/2865 2909/2909/2909 2867/2867/2867
f 2867/2867/2867 2909/2909/2909 2910/2910/2910
f 2867/2867/2867 2910/2910/2910 2871/2871/2871
f 2909/2909/2909 2908/2908/2908 2911/2911/2911
f 2909/2909/2909 2911/2911/2911 2910/2910/2910
f 2910/2910/2910 2911/2911/2911 2883/2883/2883
f 2910/2910/2910 2883/2883/2883 2881/2881/2881
f 2871/2871/2871 2910/2910/2910 2881/2881/2881
f 2871/2871/2871 2881/2881/2881 2872/2872/2872
f 2908/2908/2908 2912/2912/2912 2913/2913/2913
f 2908/2908/2908 2913/2913/2913 2911/2911/2911
f 2911/2911/2911 2913/2913/2913 2885/2885/2885
f 2911/2911/2911 2885/2885/2885 2883/2883/2883
f 2912/2912/2912 2914/2914/2914 2915/2915/2915
f 2912/2912/2912 2915/2915/2915 2913/2913/2913
f 2913/2913/2913 2915/2915/2915 2888/2888/2888
f 2913/2913/2913 2888/2888/2888 2885/2885/2885
f 2914/2914/2914 2916/2916/2916 2917/2917/2917
f 2914/2914/2914 2917/2917/2917 2915/2915/2915
f 2915/2915/2915 2917/2917/2917 2918/2918/2918
f 2915/2915/2915 2918/2918/2918 2888/2888/2888
f 2916/2916/2916 2919/2919/2919 2920/2920/2920
f 2916/2916/2916 2920/2920/2920 2917/2917/2917
f 2917/2917/2917 2920/2920/2920 2921/2921/2921
f 2917/2917/2917 2921/2921/2921 2918/2918/2918
f 2918/2918/2918 2921/2921/2921 2922/2922/2922
f 2918/2918/2918 2922/2922/2922 2923/2923/2923
f 2888/2888/2888 2918/2918/2918 2923/2923/2923
f 2888/2888/2888 2923/2923/2923 2889/2889/2889
f 2923/2923/2923 2922/2922/2922 2924/2924/2924
f 2923/2923/2923 2924/2924/2924 2925/2925/2925
f 2889/2889/2889 2923/2923/2923 2925/2925/2925
f 2889/2889/2889 2925/2925/2925 2890/2890/2890
f 2890/2890/2890 2925/2925/2925 2926/2926/2926
f 2890/2890/2890 2926/2926/2926 2892/2892/2892
f 2925/2925/2925 2924/2924/2924 2927/2927/2927
f 2925/2925/2925 2927/2927/2927 2926/2926/2926
f 2926/2926/2926 2927/2927/2927 2928/2928/2928
f 2926/2926/2926 2928/2928/2928 2929/2929/2929
f 2892/2892/2892 2926/2926/2926 2929/2929/2929
f 2892/2892/2892 2929/2929/2929 2893/2893/2893
f 2929/2929/2929 2928/2928/2928 2930/2930/2930
f 2929/2929/2929 2930/2930/2930 2931/2931/2931
f 2893/2893/2893 2929/2929/2929 2931/2931/2931
f 2893/2893/2893 2931/2931/2931 2895/2895/2895
f 2931/2931/2931 2930/2930/2930 2932/2932/2932
f 2931/2931/2931 2932/2932/2932 2933/2933/2933
f 2895/2895/2895 2931/2931/2931 2933/2933/2933
f 2895/2895/2895 2933/2933/2933 2897/2897/2897
f 2897/2897/2897 2933/2933/2933 2934/2934/2934
f 2897/2897/2897 2934/2934/2934 2901/2901/2901
f 2933/2933/2933 2932/2932/2932 2935/2935/2935
f 2933/2933/2933 2935/2935/2935 2934/2934/2934
f 2934/2934/2934 2935/2935/2935 2936/2936/2936
f 2934/2934/2934 2936/2936/2936 2937/2937/2937
f 2901/2901/2901 2934/2934/2934 2937/2937/2937
f 2901/2901/2901 2937/2937/2937 2902/2902/2902
f 2937/2937/2937 2936/2936/2936 2938/2938/2938
f 2937/2937/2937 2938/2938/2938 2939/2939/2939
f 2902/2902/2902 2937/2937/2937 2939/2939/2939
f 2902/2902/2902 2939/2939/2939 2940/2940/2940
f 2939/2939/2939 2938/2938/2938 2919/2919/2919
f 2939/2939/2939 2919/2919/2919 2916/2916/2916
f 2940/2940/2940 2939/2939/2939 2916/2916/2916
f 2940/2940/2940 2916/2916/2916 2914/2914/2914
f 2903/2903/2903 2902/2902/2902 2940/2940/2940
f 2903/2903/2903 2940/2940/2940 2905/2905/2905
f 2905/2905/2905 2940/2940/2940 2914/2914/2914
f 2905/2905/2905 2914/2914/2914 2912/2912/2912
f 2906/2906/2906 2905/2905/2905 2912/2912/2912
f 2906/2906/2906 2912/2912/2912 2908/2908/2908
f 2936/2936/2936 2941/2941/2941 2942/2942/2942
f 2936/2936/2936 2942/2942/2942 2938/2938/2938
f 2938/2938/2938 2942/2942/2942 2943/2943/2943
f 2938/2938/2938 2943/2943/2943 2919/2919/2919
f 2941/2941/2941 2944/2944/2944 2945/2945/2945
f 2941/2941/2941 2945/2945/2945 2942/2942/2942
f 2942/2942/2942 2945/2945/2945 2946/2946/2946
f 2942/2942/2942 2946/2946/2946 2943/2943/2943
f 2919/2919/2919 2943/2943/2943 2947/2947/2947
f 2919/2919/2919 2947/2947/2947 2920/2920/2920
f 2943/2943/2943 2946/2946/2946 2948/2948/2948
f 2943/2943/2943 2948/2948/2948 2947/2947/2947
f 2947/2947/2947 2948/2948/2948 2949/2949/2949
f 2947/2947/2947 2949/2949/2949 2950/2950/2950
f 2920/2920/2920 2947/2947/2947 2950/2950/2950
f 2920/2920/2920 2950/2950/2950 2921/2921/2921
f 2950/2950/2950 2949/2949/2949 2951/2951/2951
f 2950/2950/2950 2951/2951/2951 2952/2952/2952
f 2921/2921/2921 2950/2950/2950 2952/2952/2952
f 2921/2921/2921 2952/2952/2952 2922/2922/2922
f 2952/2952/2952 2951/2951/2951 2953/2953/2953
f 2952/2952/2952 2953/2953/2953 2954/2954/2954
f 2922/2922/2922 2952/2952/2952 2954/2954/2954
f 2922/2922/2922 2954/2954/2954 2924/2924/2924
f 2924/2924/2924 2954/2954/2954 2955/2955/2955
f 2924/2924/2924 2955/2955/2955 2927/2927/2927
f 2954/2954/2954 2953/2953/2953 2956/2956/2956
f 2954/2954/2954 2956/2956/2956 2955/2955/2955
f 2955/2955/2955 2956/2956/2956 2957/2957/2957
f 2955/2955/2955 2957/2957/2957 2958/2958/2958
f 2927/2927/2927 2955/2955/2955 2958/2958/2958
f 2927/2927/2927 2958/2958/2958 2928/2928/2928
f 2958/2958/2958 2957/2957/2957 2959/2959/2959
f 2958/2958/2958 2959/2959/2959 2960/2960/2960
f 2928/2928/2928 2958/2958/2958 2960/2960/2960
f 2928/2928/2928 2960/2960/2960 2930/2930/2930
f 2960/2960/2960 2959/2959/2959 2961/2961/2961
f 2960/2960/2960 2961/2961/2961 2962/2962/2962
f 2930/2930/2930 2960/2960/2960 2962/2962/2962
f 2930/2930/2930 2962/2962/2962 2932/2932/2932
f 2932/2932/2932 2962/2962/2962 2963/2963/2963
f 2932/2932/2932 2963/2963/2963 2935/2935/2935
f 2962/2962/2962 2961/2961/2961 2964/2964/2964
f 2962/2962/2962 2964/2964/2964 2963/2963/2963
f 2963/2963/2963 2964/2964/2964 2944/2944/2944
f 2963/2963/2963 2944/2944/2944 2941/2941/2941
f 2935/2935/2935 2963/2963/2963 2941/2941/2941
f 2935/2935/2935 2941/2941/2941 2936/2936/2936
f 2961/2961/2961 2965/2965/2965 2966/2966/2966
f 2961/2961/2961 2966/2966/2966 2964/2964/2964
f 2964/2964/2964 2966/2966/2966 2967/2967/2967
f 2964/2964/2964 2967/2967/2967 2944/2944/2944
f 2965/2965/2965 2968/2968/2968 2969/2969/2969
f 2965/2965/2965 2969/2969/2969 2966/2966/2966
f 2966/2966/2966 2969/2969/2969 2970/2970/2970
f 2966/2966/2966 2970/2970/2970 2967/2967/2967
f 2967/2967/2967 2970/2970/2970 2971/2971/2971
f 2967/2967/2967 2971/2971/2971 2972/2972/2972
f 2944/2944/2944 2967/2967/2967 2972/2972/2972
f 2944/2944/2944 2972/2972/2972 2945/2945/2945
f 2972/2972/2972 2971/2971/2971 2973/2973/2973
f 2972/2972/2972 2973/2973/2973 2974/2974/2974
f 2945/2945/2945 2972/2972/2972 2974/2974/2974
f 2945/2945/2945 2974/2974/2974 2946/2946/2946
f 2946/2946/2946 2974/2974/2974 2975/2975/2975
f 2946/2946/2946 2975/2975/2975 2948/2948/2948
f 2974/2974/2974 2973/2973/2973 2976/2976/2976
f 2974/2974/2974 2976/2976/2976 2975/2975/2975
f 2975/2975/2975 2976/2976/2976 2977/2977/2977
f 2975/2975/2975 2977/2977/2977 2978/2978/2978
f 2948/2948/2948 2975/2975/2975 2978/2978/2978
f 2948/2948/2948 2978/2978/2978 2949/2949/2949
f 2978/2978/2978 2977/2977/2977 2979/2979/2979
f 2978/2978/2978 2979/2979/2979 2980/2980/2980
f 2949/2949/2949 2978/2978/2978 2980/2980/2980
f 2949/2949/2949 2980/2980/2980 2951/2951/2951
f 2980/2980/2980 2979/2979/2979 2981/2981/2981
f 2980/2980/2980 2981/2981/2981 2982/2982/2982
f 2951/2951/2951 2980/2980/2980 2982/2982/2982
f 2951/2951/2951 2982/2982/2982 2953/2953/2953
f 2953/2953/2953 2982/2982/2982 2983/2983/2983
f 2953/2953/2953 2983/2983/2983 2956/2956/2956
f 2982/2982/2982 2981/2981/2981 2984/2984/2984
f 2982/2982/2982 2984/2984/2984 2983/2983/2983
f 2983/2983/2983 2984/2984/2984 2985/2985/2985
f 2983/2983/2983 2985/2985/2985 2986/2986/2986
f 2956/2956/2956 2983/2983/2983 2986/2986/2986
f 2956/2956/2956 2986/2986/2986 2957/2957/2957
f 2986/2986/2986 2985/2985/2985 2987/2987/2987
f 2986/2986/2986 2987/2987/2987 2988/2988/2988
f 2957/2957/2957 2986/2986/2986 2988/2988/2988
f 2957/2957/2957 2988/2988/2988 2959/2959/2959
f 2988/2988/2988 2987/2987/2987 2968/2968/2968
f 2988/2988/2988 2968/2968/2968 2965/2965/2965
f 2959/2959/2959 2988/2988/2988 2965/2965/2965
f 2959/2959/2959 2965/2965/2965 2961/2961/2961
f 2985/2985/2985 2989/2989/2989 2990/2990/2990
f 2985/2985/2985 2990/2990/2990 2987/2987/2987
f 2987/2987/2987 2990/2990/2990 2991/2991/2991
f 2987/2987/2987 2991/2991/2991 2968/2968/2968
f 2989/2989/2989 2992/2992/2992 2993/2993/2993
f 2989/2989/2989 2993/2993/2993 2990/2990/2990
f 2990/2990/2990 2993/2993/2993 2994/2994/2994
f 2990/2990/2990 2994/2994/2994 2991/2991/2991
f 2968/2968/2968 2991/2991/2991 2995/2995/2995
f 2968/2968/2968 2995/2995/2995 2969/2969/2969
f 2991/2991/2991 2994/2994/2994 2996/2996/2996
f 2991/2991/2991 2996/2996/2996 2995/2995/2995
f 2995/2995/2995 2996/2996/2996 2997/2997/2997
f 2995/2995/2995 2997/2997/2997 2998/2998/2998
f 2969/2969/2969 2995/2995/2995 2998/2998/2998
f 2969/2969/2969 2998/2998/2998 2970/2970/2970
f 2998/2998/2998 2997/2997/2997 2999/2999/2999
f 2998/2998/2998 2999/2999/2999 3000/3000/3000
f 2970/2970/2970 2998/2998/2998 3000/3000/3000
f 2970/2970/2970 3000/3000/3000 2971/2971/2971
f 3000/3000/3000 2999/2999/2999 3001/3001/3001
f 3000/3000/3000 3001/3001/3001 3002/3002/3002
f 2971/2971/2971 3000/3000/3000 3002/3002/3002
f 2971/2971/2971 3002/3002/3002 2973/2973/2973
f 2973/2973/2973 3002/3002/3002 3003/3003/3003
f 2973/2973/2973 3003/3003/3003 2976/2976/2976
f 3002/3002/3002 3001/3001/3001 3004/3004/3004
f 3002/3002/3002 3004/3004/3004 3003/3003/3003
f 3003/3003/3003 3004/3004/3004 3005/3005/3005
f 3003/3003/3003 3005/3005/3005 3006/3006/3006
f 2976/2976/2976 3003/3003/3003 3006/3006/3006
f 2976/2976/2976 3006/3006/3006 2977/2977/2977
f 3006/3006/3006 3005/3005/3005 3007/3007/3007
f 3006/3006/3006 3007/3007/3007 3008/3008/3008
f 2977/2977/2977 3006/3006/3006 3008/3008/3008
f 2977/2977/2977 3008/3008/3008 2979/2979/2979
f 3008/3008/3008 3007/3007/3007 3009/3009/3009
f 3008/3008/3008 3009/3009/3009 3010/3010/3010
f 2979/2979/2979 3008/3008/3008 3010/3010/3010
f 2979/2979/2979 3010/3010/3010 2981/2981/2981
f 2981/2981/2981 3010/3010/3010 3011/3011/3011
f 2981/2981/2981 3011/3011/3011 2984/2984/2984
f 3010/3010/3010 3009/3009/3009 3012/3012/3012
f 3010/3010/3010 3012/3012/3012 3011/3011/3011
f 3011/3011/3011 3012/3012/3012 2992/2992/2992
f 3011/3011/3011 2992/2992/2992 2989/2989/2989
f 2984/2984/2984 3011/3011/3011 2989/2989/2989
f 2984/2984/2984 2989/2989/2989 2985/2985/2985
f 3009/3009/3009 3013/3013/3013 3014/3014/3014
f 3009/3009/3009 3014/3014/3014 3012/3012/3012
f 3012/3012/3012 3014/3014/3014 3015/3015/3015
f 3012/3012/3012 3015/3015/3015 2992/2992/2992
f 3013/3013/3013 3016/3016/3016 3017/3017/3017
f 3013/3013/3013 3017/3017/3017 3014/3014/3014
f 3014/3014/3014 3017/3017/3017 3018/3018/3018
f 3014/3014/3014 3018/3018/3018 3015/3015/3015
f 3015/3015/3015 3018/3018/3018 3019/3019/3019
f 3015/3015/3015 3019/3019/3019 3020/3020/3020
f 2992/2992/2992 3015/3015/3015 3020/3020/3020
f 2992/2992/2992 3020/3020/3020 2993/2993/2993
f 3020/3020/3020 3019/3019/3019 3021/3021/3021
f 3020/3020/3020 3021/3021/3021 3022/3022/3022
f 2993/2993/2993 3020/3020/3020 3022/3022/3022
f 2993/2993/2993 3022/3022/3022 2994/2994/2994
f 2994/2994/2994 3022/3022/3022 3023/3023/3023
f 2994/2994/2994 3023/3023/3023 2996/2996/2996
f 3022/3022/3022 3021/3021/3021 3024/3024/3024
f 3022/3022/3022 3024/3024/3024 3023/3023/3023
f 3023/3023/3023 3024/3024/3024 3025/3025/3025
f 3023/3023/3023 3025/3025/3025 3026/3026/3026
f 2996/2996/2996 3023/3023/3023 3026/3026/3026
f 2996/2996/2996 3026/3026/3026 2997/2997/2997
f 3026/3026/3026 3025/3025/3025 3027/3027/3027
f 3026/3026/3026 3027/3027/3027 3028/3028/3028
f 2997/2997/2997 3026/3026/3026 3028/3028/3028
f 2997/2997/2997 3028/3028/3028 2999/2999/2999
f 3028/3028/3028 3027/3027/3027 3029/3029/3029
f 3028/3028/3028 3029/3029/3029 3030/3030/3030
f 2999/2999/2999 3028/3028/3028 3030/3030/3030
f 2999/2999/2999 3030/3030/3030 3001/3001/3001
f 3001/3001/3001 3030/3030/3030 3031/3031/3031
f 3001/3001/3001 3031/3031/3031 3004/3004/3004
f 3030/3030/3030 3029/3029/3029 3032/3032/3032
f 3030/3030/3030 3032/3032/3032 3031/3031/3031
f 3031/3031/3031 3032/3032/3032 3033/3033/3033
f 3031/3031/3031 3033/3033/3033 3034/3034/3034
f 3004/3004/3004 3031/3031/3031 3034/3034/3034
f 3004/3004/3004 3034/3034/3034 3005/3005/3005
f 3034/3034/3034 3033/3033/3033 3035/3035/3035
f 3034/3034/3034 3035/3035/3035 3036/3036/3036
f 3005/3005/3005 3034/3034/3034 3036/3036/3036
f 3005/3005/3005 3036/3036/3036 3007/3007/3007
f 3036/3036/3036 3035/3035/3035 3016/3016/3016
f 3036/3036/3036 3016/3016/3016 3013/3013/3013
f 3007/3007/3007 3036/3036/3036 3013/3013/3013
f 3007/3007/3007 3013/3013/3013 3009/3009/3009
f 3037/3037/3037 3035/3035/3035 3033/3033/3033
f 3037/3037/3037 3033/3033/3033 3038/3038/3038
f 3039/3039/3039 3016/3016/3016 3035/3035/3035
f 3039/3039/3039 3035/3035/3035 3037/3037/3037
f 3040/3040/3040 3039/3039/3039 3037/3037/3037
f 3040/3040/3040 3037/3037/3037 3041/3041/3041
f 3041/3041/3041 3037/3037/3037 3038/3038/3038
f 3041/3041/3041 3038/3038/3038 3042/3042/3042
f 3042/3042/3042 3043/3043/3043 3044/3044/3044
f 3042/3042/3042 3044/3044/3044 3041/3041/3041
f 3040/3040/3040 3041/3041/3041 3044/3044/3044
f 3040/3040/3040 3044/3044/3044 3045/3045/3045
f 3046/3046/3046 3045/3045/3045 3044/3044/3044
f 3046/3046/3046 3044/3044/3044 3047/3047/3047
f 3048/3048/3048 3049/3049/3049 3044/3044/3044
f 3048/3048/3048 3044/3044/3044 3043/3043/3043
f 3050/3050/3050 3051/3051/3051 3044/3044/3044
f 3050/3050/3050 3044/3044/3044 3049/3049/3049
f 3052/3052/3052 3047/3047/3047 3044/3044/3044
f 3052/3052/3052 3044/3044/3044 3051/3051/3051
f 3047/3047/3047 3053/3053/3053 3054/3054/3054
f 3047/3047/3047 3054/3054/3054 3046/3046/3046
f 3052/3052/3052 3055/3055/3055 3053/3053/3053
f 3052/3052/3052 3053/3053/3053 3047/3047/3047
f 3055/3055/3055 3021/3021/3021 3019/3019/3019
f 3055/3055/3055 3019/3019/3019 3053/3053/3053
f 3053/3053/3053 3019/3019/3019 3018/3018/3018
f 3053/3053/3053 3018/3018/3018 3054/3054/3054
f 3046/3046/3046 3054/3054/3054 3056/3056/3056
f 3046/3046/3046 3056/3056/3056 3045/3045/3045
f 3054/3054/3054 3018/3018/3018 3017/3017/3017
f 3054/3054/3054 3017/3017/3017 3056/3056/3056
f 3056/3056/3056 3017/3017/3017 3016/3016/3016
f 3056/3056/3056 3016/3016/3016 3039/3039/3039
f 3045/3045/3045 3056/3056/3056 3039/3039/3039
f 3045/3045/3045 3039/3039/3039 3040/3040/3040
f 3057/3057/3057 3024/3024/3024 3021/3021/3021
f 3057/3057/3057 3021/3021/3021 3055/3055/3055
f 3051/3051/3051 3057/3057/3057 3055/3055/3055
f 3051/3051/3051 3055/3055/3055 3052/3052/3052
f 3058/3058/3058 3025/3025/3025 3024/3024/3024
f 3058/3058/3058 3024/3024/3024 3057/3057/3057
f 3050/3050/3050 3058/3058/3058 3057/3057/3057
f 3050/3050/3050 3057/3057/3057 3051/3051/3051
f 3049/3049/3049 3059/3059/3059 3058/3058/3058
f 3049/3049/3049 3058/3058/3058 3050/3050/3050
f 3059/3059/3059 3027/3027/3027 3025/3025/3025
f 3059/3059/3059 3025/3025/3025 3058/3058/3058
f 3060/3060/3060 3029/3029/3029 3027/3027/3027
f 3060/3060/3060 3027/3027/3027 3059/3059/3059
f 3048/3048/3048 3060/3060/3060 3059/3059/3059
f 3048/3048/3048 3059/3059/3059 3049/3049/3049
f 3043/3043/3043 3061/3061/3061 3060/3060/3060
f 3043/3043/3043 3060/3060/3060 3048/3048/3048
f 3061/3061/3061 3032/3032/3032 3029/3029/3029
f 3061/3061/3061 3029/3029/3029 3060/3060/3060
f 3038/3038/3038 3033/3033/3033 3032/3032/3032
f 3038/3038/3038 3032/3032/3032 3061/3061/3061
f 3042/3042/3042 3038/3038/3038 3061/3061/3061
f 3042/3042/3042 3061/3061/3061 3043/3043/3043
f 2817/2817/2817 2840/2840/2840 2858/2858/2858
f 2817/2817/2817 2858/2858/2858 2815/2815/2815
f 3062/3062/3062 3063/3063/3063 3064/3064/3064
f 3062/3062/3062 3064/3064/3064 3065/3065/3065
f 3065/3065/3065 3066/3066/3066 3067/3067/3067
f 3065/3065/3065 3067/3067/3067 3062/3062/3062
f 3062/3062/3062 3067/3067/3067 3068/3068/3068
f 3062/3062/3062 3068/3068/3068 3063/3063/3063
f 3067/3067/3067 3069/3069/3069 3070/3070/3070
f 3067/3067/3067 3070/3070/3070 3068/3068/3068
f 3066/3066/3066 3071/3071/3071 3069/3069/3069
f 3066/3066/3066 3069/3069/3069 3067/3067/3067
f 3068/3068/3068 3070/3070/3070 3072/3072/3072
f 3068/3068/3068 3072/3072/3072 3073/3073/3073
f 3063/3063/3063 3068/3068/3068 3073/3073/3073
f 3063/3063/3063 3073/3073/3073 3074/3074/3074
f 3073/3073/3073 3072/3072/3072 3075/3075/3075
f 3073/3073/3073 3075/3075/3075 3076/3076/3076
f 3074/3074/3074 3073/3073/3073 3076/3076/3076
f 3074/3074/3074 3076/3076/3076 3077/3077/3077
f 3076/3076/3076 3075/3075/3075 3078/3078/3078
f 3076/3076/3076 3078/3078/3078 3079/3079/3079
f 3077/3077/3077 3076/3076/3076 3079/3079/3079
f 3077/3077/3077 3079/3079/3079 3080/3080/3080
f 3074/3074/3074 3077/3077/3077 3064/3064/3064
f 3074/3074/3074 3064/3064/3064 3063/3063/3063
f 3080/3080/3080 3081/3081/3081 3064/3064/3064
f 3080/3080/3080 3064/3064/3064 3077/3077/3077
f 3082/3082/3082 3065/3065/3065 3064/3064/3064
f 3082/3082/3082 3064/3064/3064 3083/3083/3083
f 3084/3084/3084 3085/3085/3085 3064/3064/3064
f 3084/3084/3084 3064/3064/3064 3081/3081/3081
f 3086/3086/3086 3083/3083/3083 3064/3064/3064
f 3086/3086/3086 3064/3064/3064 3085/3085/3085
f 3086/3086/3086 3087/3087/3087 3088/3088/3088
f 3086/3086/3086 3088/3088/3088 3083/3083/3083
f 3083/3083/3083 3088/3088/3088 3089/3089/3089
f 3083/3083/3083 3089/3089/3089 3082/3082/3082
f 3087/3087/3087 3090/3090/3090 3091/3091/3091
f 3087/3087/3087 3091/3091/3091 3088/3088/3088
f 3088/3088/3088 3091/3091/3091 3092/3092/3092
f 3088/3088/3088 3092/3092/3092 3089/3089/3089
f 3089/3089/3089 3092/3092/3092 3071/3071/3071
f 3089/3089/3089 3071/3071/3071 3066/3066/3066
f 3082/3082/3082 3089/3089/3089 3066/3066/3066
f 3082/3082/3082 3066/3066/3066 3065/3065/3065
f 3092/3092/3092 3093/3093/3093 3094/3094/3094
f 3092/3092/3092 3094/3094/3094 3071/3071/3071
f 3091/3091/3091 3095/3095/3095 3093/3093/3093
f 3091/3091/3091 3093/3093/3093 3092/3092/3092
f 3095/3095/3095 3096/3096/3096 3097/3097/3097
f 3095/3095/3095 3097/3097/3097 3093/3093/3093
f 3093/3093/3093 3097/3097/3097 3098/3098/3098
f 3093/3093/3093 3098/3098/3098 3094/3094/3094
f 3099/3099/3099 3100/3100/3100 3096/3096/3096
f 3099/3099/3099 3096/3096/3096 3095/3095/3095
f 3090/3090/3090 3099/3099/3099 3095/3095/3095
f 3090/3090/3090 3095/3095/3095 3091/3091/3091
f 3101/3101/3101 3096/3096/3096 3100/3100/3100
f 3101/3101/3101 3100/3100/3100 3102/3102/3102
f 3103/3103/3103 3097/3097/3097 3096/3096/3096
f 3103/3103/3103 3096/3096/3096 3101/3101/3101
f 3104/3104/3104 3103/3103/3103 3101/3101/3101
f 3104/3104/3104 3101/3101/3101 3105/3105/3105
f 3105/3105/3105 3101/3101/3101 3102/3102/3102
f 3105/3105/3105 3102/3102/3102 3106/3106/3106
f 3106/3106/3106 3107/3107/3107 3108/3108/3108
f 3106/3106/3106 3108/3108/3108 3105/3105/3105
f 3104/3104/3104 3105/3105/3105 3108/3108/3108
f 3104/3104/3104 3108/3108/3108 3109/3109/3109
f 3110/3110/3110 3111/3111/3111 3108/3108/3108
f 3110/3110/3110 3108/3108/3108 3107/3107/3107
f 3112/3112/3112 3113/3113/3113 3108/3108/3108
f 3112/3112/3112 3108/3108/3108 3111/3111/3111
f 3114/3114/3114 3115/3115/3115 3108/3108/3108
f 3114/3114/3114 3108/3108/3108 3113/3113/3113
f 3116/3116/3116 3109/3109/3109 3108/3108/3108
f 3116/3116/3116 3108/3108/3108 3115/3115/3115
f 3109/3109/3109 3117/3117/3117 3103/3103/3103
f 3109/3109/3109 3103/3103/3103 3104/3104/3104
f 3116/3116/3116 3118/3118/3118 3117/3117/3117
f 3116/3116/3116 3117/3117/3117 3109/3109/3109
f 3118/3118/3118 3119/3119/3119 3098/3098/3098
f 3118/3118/3118 3098/3098/3098 3117/3117/3117
f 3117/3117/3117 3098/3098/3098 3097/3097/3097
f 3117/3117/3117 3097/3097/3097 3103/3103/3103
f 3094/3094/3094 3098/3098/3098 3119/3119/3119
f 3094/3094/3094 3119/3119/3119 3120/3120/3120
f 3120/3120/3120 3119/3119/3119 3121/3121/3121
f 3120/3120/3120 3121/3121/3121 3122/3122/3122
f 3123/3123/3123 3121/3121/3121 3119/3119/3119
f 3123/3123/3123 3119/3119/3119 3118/3118/3118
f 3124/3124/3124 3125/3125/3125 3121/3121/3121
f 3124/3124/3124 3121/3121/3121 3123/3123/3123
f 3122/3122/3122 3121/3121/3121 3125/3125/3125
f 3122/3122/3122 3125/3125/3125 3126/3126/3126
f 3114/3114/3114 3124/3124/3124 3123/3123/3123
f 3114/3114/3114 3123/3123/3123 3115/3115/3115
f 3115/3115/3115 3123/3123/3123 3118/3118/3118
f 3115/3115/3115 3118/3118/3118 3116/3116/3116
f 3113/3113/3113 3127/3127/3127 3124/3124/3124
f 3113/3113/3113 3124/3124/3124 3114/3114/3114
f 3127/3127/3127 3128/3128/3128 3125/3125/3125
f 3127/3127/3127 3125/3125/3125 3124/3124/3124
f 3129/3129/3129 3130/3130/3130 3128/3128/3128
f 3129/3129/3129 3128/3128/3128 3127/3127/3127
f 3112/3112/3112 3129/3129/3129 3127/3127/3127
f 3112/3112/3112 3127/3127/3127 3113/3113/3113
f 3126/3126/3126 3125/3125/3125 3128/3128/3128
f 3126/3126/3126 3128/3128/3128 3131/3131/3131
f 3131/3131/3131 3128/3128/3128 3130/3130/3130
f 3131/3131/3131 3130/3130/3130 3132/3132/3132
f 3072/3072/3072 3126/3126/3126 3131/3131/3131
f 3072/3072/3072 3131/3131/3131 3075/3075/3075
f 3075/3075/3075 3131/3131/3131 3132/3132/3132
f 3075/3075/3075 3132/3132/3132 3078/3078/3078
f 3078/3078/3078 3132/3132/3132 3133/3133/3133
f 3078/3078/3078 3133/3133/3133 3134/3134/3134
f 3132/3132/3132 3130/3130/3130 3135/3135/3135
f 3132/3132/3132 3135/3135/3135 3133/3133/3133
f 3133/3133/3133 3135/3135/3135 3136/3136/3136
f 3133/3133/3133 3136/3136/3136 3137/3137/3137
f 3134/3134/3134 3133/3133/3133 3137/3137/3137
f 3134/3134/3134 3137/3137/3137 3138/3138/3138
f 3079/3079/3079 3078/3078/3078 3134/3134/3134
f 3079/3079/3079 3134/3134/3134 3139/3139/3139
f 3139/3139/3139 3134/3134/3134 3138/3138/3138
f 3139/3139/3139 3138/3138/3138 3140/3140/3140
f 3080/3080/3080 3079/3079/3079 3139/3139/3139
f 3080/3080/3080 3139/3139/3139 3081/3081/3081
f 3081/3081/3081 3139/3139/3139 3140/3140/3140
f 3081/3081/3081 3140/3140/3140 3084/3084/3084
f 3140/3140/3140 3138/3138/3138 3141/3141/3141
f 3140/3140/3140 3141/3141/3141 3142/3142/3142
f 3084/3084/3084 3140/3140/3140 3142/3142/3142
f 3084/3084/3084 3142/3142/3142 3085/3085/3085
f 3142/3142/3142 3141/3141/3141 3090/3090/3090
f 3142/3142/3142 3090/3090/3090 3087/3087/3087
f 3085/3085/3085 3142/3142/3142 3087/3087/3087
f 3085/3085/3085 3087/3087/3087 3086/3086/3086
f 3138/3138/3138 3137/3137/3137 3143/3143/3143
f 3138/3138/3138 3143/3143/3143 3141/3141/3141
f 3141/3141/3141 3143/3143/3143 3099/3099/3099
f 3141/3141/3141 3099/3099/3099 3090/3090/3090
f 3137/3137/3137 3136/3136/3136 3144/3144/3144
f 3137/3137/3137 3144/3144/3144 3143/3143/3143
f 3143/3143/3143 3144/3144/3144 3100/3100/3100
f 3143/3143/3143 3100/3100/3100 3099/3099/3099
f 3145/3145/3145 3144/3144/3144 3136/3136/3136
f 3145/3145/3145 3136/3136/3136 3146/3146/3146
f 3102/3102/3102 3100/3100/3100 3144/3144/3144
f 3102/3102/3102 3144/3144/3144 3145/3145/3145
f 3106/3106/3106 3102/3102/3102 3145/3145/3145
f 3106/3106/3106 3145/3145/3145 3107/3107/3107
f 3107/3107/3107 3145/3145/3145 3146/3146/3146
f 3107/3107/3107 3146/3146/3146 3110/3110/3110
f 3110/3110/3110 3146/3146/3146 3147/3147/3147
f 3110/3110/3110 3147/3147/3147 3111/3111/3111
f 3146/3146/3146 3136/3136/3136 3135/3135/3135
f 3146/3146/3146 3135/3135/3135 3147/3147/3147
f 3147/3147/3147 3135/3135/3135 3130/3130/3130
f 3147/3147/3147 3130/3130/3130 3129/3129/3129
f 3111/3111/3111 3147/3147/3147 3129/3129/3129
f 3111/3111/3111 3129/3129/3129 3112/3112/3112
f 3070/3070/3070 3122/3122/3122 3126/3126/3126
f 3070/3070/3070 3126/3126/3126 3072/3072/3072
f 3069/3069/3069 3120/3120/3120 3122/3122/3122
f 3069/3069/3069 3122/3122/3122 3070/3070/3070
f 3071/3071/3071 3094/3094/3094 3120/3120/3120
f 3071/3071/3071 3120/3120/3120 3069/3069/3069
