v 1.66251 0.0662798 0.452603
v 1.66537 0.0602603 0.44607
v 1.64084 0.059935 0.446247
v 1.64591 0.0684021 0.455949
v 1.6681 0.0517291 0.438844
v 1.63836 0.0504988 0.438064
v 1.60492 0.049991 0.445168
v 1.61098 0.0609961 0.456106
v 1.61955 0.0715822 0.469135
v 1.74689 -0.0545542 0.56015
v 1.765 -0.0542915 0.558845
v 1.77325 -0.0602014 0.565981
v 1.75648 -0.061015 0.569489
v 1.78094 -0.0552864 0.558506
v 1.79061 -0.0597472 0.562764
v 1.79962 -0.0650317 0.570291
v 1.78267 -0.0658453 0.575444
v 1.76757 -0.0669633 0.581128
v 1.76694 -4.27377e-06 0.764469
v 1.75259 -4.04221e-06 0.794335
v 1.75165 -0.0149527 0.794011
v 1.76582 -0.0146041 0.764067
v 1.73937 -3.80332e-06 0.818739
v 1.73855 -0.0151125 0.81847
v 1.73674 -0.0301834 0.817913
v 1.74956 -0.0296584 0.793404
v 1.76336 -0.0286942 0.763391
v 1.82127 -0.0409197 0.557162
v 1.82906 -0.0427296 0.564486
v 1.82376 -0.0540969 0.568458
v 1.81724 -0.0517185 0.561056
v 1.83315 -0.0438617 0.572999
v 1.82704 -0.0554351 0.576723
v 1.82244 -0.0618949 0.580384
v 1.81931 -0.0605007 0.571894
v 1.81338 -0.0577392 0.564061
v 1.82293 -0.0578291 0.611929
v 1.81972 -0.0550508 0.623496
v 1.81649 -0.0585108 0.624428
v 1.8188 -0.061425 0.615137
v 1.81111 -0.0518639 0.636653
v 1.80904 -0.0555787 0.635107
v 1.80532 -0.0576949 0.634441
v 1.8087 -0.0604707 0.62786
v 1.81003 -0.0639187 0.620526
v 1.78633 -0.0296179 0.666484
v 1.78414 -0.0276866 0.683849
v 1.78123 -0.0375905 0.683415
v 1.78383 -0.0391797 0.665911
v 1.78413 -0.0270923 0.705699
v 1.78098 -0.0377942 0.705335
v 1.7785 -0.0465324 0.704358
v 1.77891 -0.0450039 0.682461
v 1.7817 -0.0456886 0.664972
v 1.74446 -0.0438948 0.55245
v 1.76386 -0.045416 0.552954
v 1.76289 -0.0495536 0.55495
v 1.74364 -0.0489573 0.55503
v 1.78607 -0.0487605 0.554462
v 1.78403 -0.0524075 0.556215
v 1.71548 -0.0478256 0.501427
v 1.72273 -0.0461315 0.524796
v 1.71743 -0.0553301 0.529537
v 1.70777 -0.0578971 0.507074
v 1.72993 -0.0452771 0.542827
v 1.72721 -0.05321 0.547151
v 1.72491 -0.0649043 0.55869
v 1.70843 -0.0661212 0.53858
v 1.69691 -0.0684574 0.516685
v 1.82652 -4.54139e-06 0.550285
v 1.8249 -0.0226778 0.552601
v 1.80958 -0.0213434 0.547585
v 1.81016 -3.9264e-06 0.54509
v 1.80795 -0.0383665 0.552265
v 1.78884 -0.0353173 0.549626
v 1.78895 -0.0196915 0.545358
v 1.78877 -2.88638e-06 0.543032
v 1.82437 -0.0624051 0.588353
v 1.81987 -0.0672656 0.592076
v 1.81779 -0.0667606 0.583846
v 1.82516 -0.0619051 0.595755
v 1.82074 -0.0665442 0.599726
v 1.81169 -0.0700578 0.605333
v 1.81078 -0.0707884 0.597199
v 1.8086 -0.0700742 0.588504
v 1.78063 -0.0673662 0.64366
v 1.78143 -0.0726236 0.63496
v 1.79506 -0.0695424 0.622644
v 1.79415 -0.0652422 0.630372
v 1.78191 -0.075763 0.62522
v 1.79558 -0.0724139 0.614142
v 1.81113 -0.0674613 0.613075
v 1.77894 -0.0738218 0.603946
v 1.77492 -0.0710603 0.592739
v 1.78894 -0.0695138 0.585549
v 1.79253 -0.0716441 0.595563
v 1.80527 -0.0683837 0.579263
v 1.74559 -0.129406 0.719951
v 1.74068 -0.146267 0.699733
v 1.7616 -0.118307 0.681408
v 1.76382 -0.105655 0.697555
v 1.73523 -0.155059 0.679213
v 1.75899 -0.124757 0.664422
v 1.77469 -0.0986552 0.650335
v 1.77522 -0.0940382 0.664205
v 1.77546 -0.0851237 0.676822
v 1.72183 -0.149187 0.641565
v 1.71329 -0.140269 0.623827
v 1.74361 -0.112746 0.614903
v 1.75056 -0.119533 0.6311
v 1.70293 -0.128197 0.608534
v 1.73329 -0.103708 0.599756
v 1.75448 -0.0830656 0.592127
v 1.76432 -0.0894148 0.606698
v 1.76994 -0.0942885 0.621274
v 1.56296 0.0780339 0.518415
v 1.54252 0.0789425 0.534757
v 1.55737 0.0921228 0.553732
v 1.57603 0.0904171 0.537925
v 1.52498 0.0777888 0.545152
v 1.54128 0.091612 0.562733
v 1.5582 0.102937 0.582506
v 1.57331 0.102807 0.573518
v 1.59067 0.100276 0.557985
v 1.66696 0.193565 0.661791
v 1.64992 0.201554 0.670297
v 1.66206 0.209581 0.692629
v 1.67828 0.201231 0.683397
v 1.63593 0.203821 0.679281
v 1.64831 0.211992 0.701956
v 1.66049 0.210954 0.726898
v 1.67398 0.208576 0.717174
v 1.68928 0.200379 0.707009
v 1.53678 -0.0267693 0.45949
v 1.56642 -0.0273264 0.442334
v 1.5684 -0.0386981 0.449819
v 1.53857 -0.0381462 0.467664
v 1.60108 -0.0280488 0.429764
v 1.60235 -0.0394114 0.436524
v 1.60492 -0.049984 0.445167
v 1.57217 -0.049958 0.46047
v 1.54272 -0.0499323 0.479834
v 1.70397 -0.0537165 0.459788
v 1.71069 -0.051122 0.478786
v 1.70101 -0.0614081 0.485801
v 1.69401 -0.0635574 0.46764
v 1.68819 -0.0711974 0.4952
v 1.68043 -0.0721383 0.475958
v 1.67972 -0.100062 0.585725
v 1.67155 -0.0931585 0.571198
v 1.69251 -0.0789964 0.552781
v 1.70461 -0.0826321 0.570931
v 1.66343 -0.0906399 0.551756
v 1.68229 -0.0791209 0.53142
v 1.64022 -0.08648 0.503523
v 1.62925 -0.0804325 0.484334
v 1.65365 -0.0752076 0.468674
v 1.66256 -0.0793923 0.486116
v 1.61955 -0.0715766 0.469135
v 1.64591 -0.068398 0.455948
v 1.6625 -0.0662767 0.452602
v 1.67169 -0.0696684 0.4608
v 1.59784 3.91416e-06 0.422637
v 1.63914 2.59845e-06 0.417807
v 1.6399 -0.015208 0.419301
v 1.59906 -0.0146554 0.424699
v 1.67737 1.33381e-06 0.419213
v 1.67756 -0.0156902 0.420266
v 1.67644 -0.0299752 0.424049
v 1.64041 -0.0290262 0.423597
v 1.53434 5.74695e-06 0.450401
v 1.56317 4.95106e-06 0.433973
v 1.5643 -0.0142295 0.436483
v 1.53516 -0.0139015 0.453138
v 1.84424 -5.25531e-06 0.568531
v 1.84785 -5.45441e-06 0.579198
v 1.84357 -0.0246617 0.57966
v 1.84048 -0.0243092 0.56987
v 1.84865 -5.56399e-06 0.589902
v 1.84432 -0.0247471 0.589341
v 1.83608 -0.0444837 0.589392
v 1.83539 -0.0444368 0.581379
v 1.72652 -8.80246e-07 0.499367
v 1.72902 -1.10049e-06 0.521759
v 1.72906 -0.0147043 0.521511
v 1.72589 -0.0148056 0.498685
v 1.73148 -9.69428e-07 0.536021
v 1.7323 -0.0149056 0.53651
v 1.73315 -0.0278411 0.537881
v 1.72847 -0.0275981 0.521415
v 1.72397 -0.0279512 0.497875
v 1.74429 -3.11215e-07 0.544384
v 1.76435 -1.38515e-06 0.543558
v 1.76495 -0.0178513 0.545292
v 1.74513 -0.0162738 0.545508
v 1.76564 -0.032178 0.548575
v 1.74619 -0.0296767 0.547873
v 1.78901 -2.72292e-06 0.669215
v 1.78773 -3.24034e-06 0.685893
v 1.78665 -0.0147257 0.685077
v 1.78825 -0.0159945 0.668131
v 1.7883 -4.13982e-06 0.70724
v 1.78701 -0.0141769 0.706624
v 1.84136 -5.50299e-06 0.61259
v 1.83243 -5.27796e-06 0.626921
v 1.83065 -0.0222532 0.624795
v 1.83833 -0.0237751 0.610457
v 1.81887 -4.61967e-06 0.641725
v 1.8181 -0.020193 0.639949
v 1.81612 -0.0365438 0.637339
v 1.82684 -0.0399456 0.621888
v 1.8323 -0.0425121 0.607807
v 1.72102 -0.0291309 0.470846
v 1.72303 -0.0152532 0.470219
v 1.71521 -0.0302796 0.446762
v 1.71684 -0.015726 0.44411
v 1.71707 -1.35355e-07 0.443538
v 1.72362 -5.55338e-07 0.470409
v 1.80278 -0.0533734 0.558127
v 1.79934 -0.0572772 0.560202
v 1.80901 -0.062222 0.566762
v 1.83752 -4.96004e-06 0.558482
v 1.83474 -0.0236593 0.560425
v 1.70946 -0.164554 0.760496
v 1.72643 -0.150225 0.74202
v 1.73319 -0.123825 0.763206
v 1.71795 -0.135975 0.783974
v 1.75005 -0.106916 0.737826
v 1.75367 -0.0847275 0.751188
v 1.73857 -0.0974349 0.77894
v 1.72468 -0.107091 0.801357
v 1.72904 -0.155093 0.659935
v 1.75548 -0.124362 0.64762
v 1.77313 -0.0980709 0.635898
v 1.78115 -0.0757909 0.614813
v 1.79473 -0.0728741 0.605109
v 1.81462 -0.0652889 0.575056
v 1.8466 -5.58035e-06 0.600582
v 1.84268 -0.0245373 0.599048
v 1.83513 -0.0439453 0.597493
v 1.66694 -0.193566 0.661788
v 1.6556 -0.18152 0.641346
v 1.68187 -0.164632 0.632829
v 1.69199 -0.175398 0.652079
v 1.64535 -0.165405 0.625813
v 1.67158 -0.150109 0.617429
v 1.76602 -0.0888313 0.7116
v 1.76792 -0.0723882 0.722237
v 1.77599 -0.0737704 0.687486
v 1.77665 -0.0627484 0.695747
v 1.82459 -0.06025 0.603093
v 1.82017 -0.0643558 0.607149
v 1.6524 -0.0892709 0.527563
v 1.67227 -0.0800946 0.508089
v 1.66809 -0.0517262 0.438844
v 1.69017 -0.0534395 0.44626
v 1.68276 -0.0624094 0.453774
v 1.66537 -0.0602573 0.446069
v 1.70296 4.45151e-07 0.42686
v 1.7029 -0.0158858 0.427747
v 1.7013 -0.0305189 0.431273
v 1.71914 -0.0923495 0.585884
v 1.69086 -0.113199 0.596909
v 1.73977 -0.0746765 0.577166
v 1.75827 -0.0546709 0.761773
v 1.77092 -0.0500733 0.731594
v 1.77341 -0.0395275 0.732594
v 1.76069 -0.0419354 0.762906
v 1.77643 -0.027629 0.732983
v 1.66048 -0.210955 0.726894
v 1.67221 -0.196827 0.755281
v 1.65628 -0.198308 0.767496
v 1.64437 -0.212675 0.738683
v 1.68307 -0.172435 0.783942
v 1.6673 -0.17353 0.796588
v 1.64963 -0.174757 0.810763
v 1.63842 -0.199968 0.781188
v 1.62631 -0.214603 0.751897
v 1.601 -0.134937 0.633197
v 1.60595 -0.153175 0.635204
v 1.58902 -0.154051 0.645615
v 1.584 -0.135527 0.643578
v 1.61338 -0.173855 0.642022
v 1.59656 -0.175036 0.652536
v 1.57771 -0.176359 0.664321
v 1.57005 -0.155032 0.657285
v 1.56494 -0.13619 0.655214
v 1.55815 -0.102906 0.582465
v 1.57555 -0.111523 0.603744
v 1.5582 -0.111581 0.613754
v 1.54041 -0.10238 0.591983
v 1.58952 -0.118101 0.621158
v 1.57237 -0.118364 0.631394
v 1.55314 -0.118667 0.64288
v 1.53877 -0.111638 0.624997
v 1.52067 -0.101681 0.602576
v 1.48687 6.95862e-06 0.489182
v 1.48742 -0.013184 0.492094
v 1.46953 -0.012635 0.509432
v 1.46933 7.38568e-06 0.505931
v 1.48875 -0.0253486 0.498711
v 1.47028 -0.0241013 0.516904
v 1.45383 -0.0226088 0.534078
v 1.45398 -0.0119964 0.525325
v 1.45425 7.74707e-06 0.520959
v 1.71283 -0.0295579 0.845274
v 1.71454 -0.0146463 0.845817
v 1.69925 -0.0141841 0.859393
v 1.69751 -0.0288158 0.858842
v 1.71532 -3.23716e-06 0.846064
v 1.70003 -2.84893e-06 0.859643
v 1.6829 -2.41328e-06 0.874865
v 1.6821 -0.013666 0.874611
v 1.68034 -0.0279839 0.87405
v 1.70004 -0.111941 0.827377
v 1.70515 -0.0853801 0.837791
v 1.68972 -0.0852374 0.851246
v 1.68453 -0.112181 0.840675
v 1.7085 -0.0633473 0.842504
v 1.69312 -0.0628758 0.85603
v 1.67587 -0.0623472 0.871192
v 1.67241 -0.0850774 0.866329
v 1.66714 -0.112451 0.855582
v 1.71089 -0.0452673 0.844484
v 1.69554 -0.0445537 0.858039
v 1.67833 -0.0437538 0.873235
v 1.52482 -0.0776865 0.544996
v 1.54116 -0.0915368 0.562621
v 1.52284 -0.0898779 0.571533
v 1.50599 -0.0749334 0.554642
v 1.50274 -0.0876856 0.581129
v 1.48597 -0.0713231 0.56443
v 1.63592 -0.20382 0.679278
v 1.6483 -0.211992 0.701953
v 1.63201 -0.213726 0.713367
v 1.61944 -0.205425 0.690351
v 1.61375 -0.215671 0.726161
v 1.60097 -0.207223 0.702764
v 1.62379 -0.190972 0.657898
v 1.60713 -0.192393 0.66865
v 1.58846 -0.193986 0.680703
v 1.59692 -0.124345 0.630096
v 1.57986 -0.124745 0.640435
v 1.56074 -0.1252 0.652026
v 1.69255 -0.142415 0.808911
v 1.67692 -0.143079 0.821932
v 1.65941 -0.143824 0.836528
v 1.49711 -0.0477724 0.516512
v 1.50918 -0.0622672 0.529434
v 1.49017 -0.0590862 0.542179
v 1.47816 -0.0448524 0.532781
v 1.47103 -0.0549843 0.554521
v 1.46015 -0.0411669 0.548277
v 1.49105 -0.0361204 0.506628
v 1.47224 -0.0339716 0.524701
v 1.45505 -0.0313222 0.541899
v 1.74689 0.0545531 0.560151
v 1.75649 0.0610132 0.56949
v 1.77325 0.0601977 0.565982
v 1.765 0.0542885 0.558845
v 1.76758 0.0669606 0.581129
v 1.78268 0.0658408 0.575445
v 1.79962 0.0650249 0.570292
v 1.79061 0.0597411 0.562765
v 1.78094 0.0552813 0.558507
v 1.76583 0.0145956 0.764067
v 1.75165 0.0149447 0.794011
v 1.76337 0.0286859 0.763392
v 1.74957 0.0296505 0.793404
v 1.73674 0.030176 0.817914
v 1.73855 0.0151049 0.81847
v 1.82901 -0.0547754 0.599299
v 1.82963 -0.0558337 0.591909
v 1.82702 -0.0528179 0.608822
v 1.82293 0.0578193 0.61193
v 1.8188 0.0614172 0.615136
v 1.81649 0.0585109 0.624422
v 1.81973 0.0550428 0.623495
v 1.81003 0.063924 0.620516
v 1.8087 0.0605065 0.627825
v 1.80533 0.0577689 0.634375
v 1.80905 0.0556143 0.635072
v 1.81111 0.0518689 0.636643
v 1.78633 0.0296127 0.666484
v 1.78383 0.0391853 0.665903
v 1.78123 0.0376002 0.683403
v 1.78414 0.0276804 0.68385
v 1.78171 0.0457683 0.664904
v 1.77891 0.0451237 0.68236
v 1.7785 0.0466587 0.704251
v 1.78098 0.0378032 0.705322
v 1.78413 0.0270843 0.705699
v 1.74447 0.043894 0.55245
v 1.74364 0.0489566 0.555031
v 1.76289 0.0495508 0.554951
v 1.76386 0.0454131 0.552955
v 1.78403 0.0524019 0.556216
v 1.78607 0.0487548 0.554463
v 1.71548 0.0478246 0.501427
v 1.70777 0.0578964 0.507075
v 1.71743 0.0553286 0.529538
v 1.72273 0.0461297 0.524797
v 1.69691 0.0684573 0.516686
v 1.70844 0.06612 0.538581
v 1.72492 0.0649022 0.558692
v 1.72722 0.0532082 0.547152
v 1.72993 0.0452752 0.542828
v 1.80958 0.0213356 0.547585
v 1.8249 0.0226687 0.552602
v 1.78895 0.0196856 0.545358
v 1.78885 0.0353114 0.549626
v 1.80795 0.0383587 0.552266
v 1.82128 0.0409109 0.557162
v 1.82244 0.0618856 0.580385
v 1.8178 0.0667517 0.583848
v 1.81987 0.0672564 0.592077
v 1.82438 0.0623956 0.588354
v 1.8086 0.0700665 0.588505
v 1.81078 0.0707803 0.5972
v 1.81169 0.0700496 0.605334
v 1.82075 0.0665348 0.599727
v 1.82516 0.0618954 0.595756
v 1.78063 0.0674463 0.643592
v 1.79415 0.0652792 0.630338
v 1.79507 0.0695418 0.62264
v 1.78144 0.0726297 0.634952
v 1.81113 0.0674547 0.613075
v 1.79559 0.072408 0.614143
v 1.78192 0.0757587 0.625222
v 1.77894 0.0738181 0.603947
v 1.79253 0.0716387 0.595564
v 1.78894 0.0695088 0.58555
v 1.77492 0.0710569 0.59274
v 1.80528 0.0683763 0.579264
v 1.7456 0.129429 0.719929
v 1.76383 0.105736 0.697485
v 1.76161 0.118312 0.6814
v 1.74069 0.146265 0.699732
v 1.77546 0.0852506 0.676715
v 1.77523 0.0940481 0.664193
v 1.7747 0.0986487 0.650336
v 1.759 0.12475 0.664424
v 1.73524 0.155054 0.679216
v 1.72184 0.149184 0.641567
v 1.75057 0.119528 0.631102
v 1.74361 0.112742 0.614905
v 1.71329 0.140267 0.623829
v 1.76995 0.0942827 0.621276
v 1.76433 0.0894097 0.606699
v 1.75448 0.0830613 0.592128
v 1.73329 0.103704 0.599757
v 1.70294 0.128195 0.608536
v 1.70947 0.16455 0.760499
v 1.69606 0.170773 0.77325
v 1.70533 0.141197 0.797802
v 1.71796 0.135969 0.783976
v 1.68308 0.172431 0.783945
v 1.69256 0.142411 0.808913
v 1.70005 0.111936 0.827378
v 1.71265 0.111181 0.815961
v 1.72469 0.107085 0.801358
v 1.54274 0.049953 0.47985
v 1.51812 0.04941 0.498898
v 1.52864 0.0638947 0.515592
v 1.5513 0.0638172 0.497901
v 1.49715 0.0478081 0.516551
v 1.50929 0.062345 0.529546
v 1.53678 0.0267805 0.459491
v 1.53858 0.0381584 0.467667
v 1.5684 0.0387075 0.44982
v 1.56642 0.0273359 0.442334
v 1.57218 0.0499681 0.460472
v 1.60235 0.0394187 0.436524
v 1.60108 0.0280563 0.429764
v 1.70397 0.0537168 0.459788
v 1.69401 0.0635582 0.467641
v 1.70102 0.0614083 0.485802
v 1.7107 0.0511216 0.478787
v 1.68044 0.0721399 0.475959
v 1.6882 0.0711982 0.495201
v 1.67973 0.100062 0.585727
v 1.70461 0.0826307 0.570932
v 1.69252 0.078996 0.552782
v 1.67155 0.0931591 0.5712
v 1.6823 0.0791215 0.531421
v 1.66343 0.0906414 0.551757
v 1.64022 0.0864838 0.503524
v 1.66257 0.0793949 0.486117
v 1.65365 0.075211 0.468675
v 1.62925 0.0804373 0.484336
v 1.67169 0.0696707 0.460801
v 1.59906 0.0146631 0.4247
v 1.6399 0.0152131 0.419301
v 1.64041 0.0290312 0.423597
v 1.67644 0.0299778 0.424049
v 1.67756 0.0156929 0.420267
v 1.53516 0.0139128 0.453138
v 1.5643 0.0142393 0.436483
v 1.84048 0.0242989 0.56987
v 1.84357 0.024651 0.579661
v 1.83316 0.0438518 0.573
v 1.83539 0.0444267 0.58138
v 1.83608 0.0444735 0.589393
v 1.84432 0.0247362 0.589341
v 1.72589 0.0148039 0.498685
v 1.72907 0.0147021 0.521511
v 1.72398 0.0279496 0.497876
v 1.72847 0.0275959 0.521415
v 1.73316 0.027839 0.537881
v 1.7323 0.0149036 0.53651
v 1.74513 0.0162731 0.545508
v 1.76495 0.0178485 0.545292
v 1.74619 0.0296758 0.547873
v 1.76564 0.0321751 0.548576
v 1.78826 0.0159892 0.668131
v 1.78665 0.0147193 0.685077
v 1.78702 0.0141687 0.706625
v 1.83833 0.0237643 0.610458
v 1.83065 0.0222427 0.624796
v 1.8323 0.0425017 0.607808
v 1.82684 0.0399355 0.621889
v 1.81612 0.0365348 0.63734
v 1.8181 0.0201838 0.639949
v 1.72303 0.0152521 0.470219
v 1.72103 0.02913 0.470847
v 1.71685 0.0157257 0.44411
v 1.71522 0.0302794 0.446762
v 1.79934 0.0572699 0.560203
v 1.80278 0.0533659 0.558128
v 1.80901 0.0622139 0.566763
v 1.81338 0.0577307 0.564061
v 1.83475 0.0236495 0.560425
v 1.82907 0.0427201 0.564487
v 1.73857 0.097443 0.778929
v 1.73319 0.123829 0.763199
v 1.75367 0.0848402 0.751092
v 1.75005 0.106995 0.737758
v 1.72644 0.150223 0.742019
v 1.75548 0.124356 0.647622
v 1.72905 0.155089 0.659937
v 1.77313 0.0980648 0.6359
v 1.79474 0.0728684 0.605111
v 1.78116 0.0757869 0.614814
v 1.81462 0.0652803 0.575056
v 1.81931 0.0604917 0.571895
v 1.84269 0.0245264 0.599048
v 1.83514 0.043935 0.597494
v 1.692 0.175396 0.652081
v 1.68188 0.164631 0.632831
v 1.65561 0.181521 0.641349
v 1.67159 0.150109 0.617432
v 1.64536 0.165406 0.625815
v 1.69667 -0.0429489 0.438094
v 1.67249 -0.0418253 0.430907
v 1.711 -0.0428057 0.452379
v 1.78035 -0.0614006 0.651009
v 1.7774 -0.064994 0.667539
v 1.77756 -0.0729193 0.659005
v 1.78045 -0.0556945 0.657094
v 1.77756 -0.0573536 0.674356
v 1.82017 0.0643465 0.60715
v 1.82459 0.0602402 0.603094
v 1.67227 0.0800963 0.50809
v 1.6524 0.0892735 0.527564
v 1.68276 0.0624111 0.453775
v 1.69017 0.0534409 0.44626
v 1.7029 0.0158867 0.427747
v 1.7013 0.0305198 0.431274
v 1.69087 0.113198 0.59691
v 1.71915 0.0923469 0.585885
v 1.73978 0.0746734 0.577167
v 1.75827 0.054693 0.761749
v 1.7607 0.041931 0.762904
v 1.77341 0.0395301 0.732585
v 1.77092 0.0501532 0.731524
v 1.77643 0.0276205 0.732983
v 1.64438 0.212675 0.738686
v 1.65629 0.198307 0.767499
v 1.67222 0.196825 0.755284
v 1.62633 0.214604 0.751901
v 1.63843 0.199968 0.781192
v 1.64964 0.174755 0.810766
v 1.66731 0.173527 0.796591
v 1.60101 0.134941 0.633199
v 1.58401 0.135532 0.64358
v 1.58903 0.154055 0.645617
v 1.60596 0.153179 0.635207
v 1.56495 0.136196 0.655216
v 1.57006 0.155038 0.657287
v 1.57772 0.176364 0.664323
v 1.59657 0.17504 0.652538
v 1.61339 0.173859 0.642025
v 1.5404 0.102361 0.591957
v 1.5582 0.111585 0.613753
v 1.57556 0.111532 0.60375
v 1.52056 0.101582 0.602445
v 1.53877 0.111633 0.624982
v 1.55315 0.118674 0.642882
v 1.57238 0.11837 0.631396
v 1.58953 0.118106 0.62116
v 1.46953 0.0126497 0.509432
v 1.48742 0.0131978 0.492094
v 1.45398 0.0120118 0.525326
v 1.45383 0.0226241 0.534078
v 1.47028 0.0241158 0.516904
v 1.48875 0.0253622 0.498711
v 1.71283 0.0295516 0.845275
v 1.69751 0.0288102 0.858842
v 1.69925 0.0141785 0.859393
v 1.71454 0.0146399 0.845817
v 1.68034 0.0279792 0.874051
v 1.6821 0.0136612 0.874611
v 1.68453 0.112177 0.840677
v 1.68972 0.0852325 0.851248
v 1.70516 0.0853744 0.837793
v 1.66715 0.112447 0.855584
v 1.67242 0.0850734 0.86633
v 1.67587 0.0623429 0.871193
v 1.69312 0.0628706 0.856031
v 1.70851 0.0633414 0.842505
v 1.69554 0.0445483 0.85804
v 1.71089 0.0452611 0.844485
v 1.67834 0.0437493 0.873235
v 1.50591 0.0748324 0.554534
v 1.52278 0.0898072 0.571457
v 1.48551 0.0709033 0.563901
v 1.50241 0.0873861 0.58075
v 1.61945 0.205427 0.690355
v 1.63202 0.213727 0.71337
v 1.60098 0.207226 0.702767
v 1.61376 0.215673 0.726165
v 1.60714 0.192396 0.668653
v 1.6238 0.190974 0.657901
v 1.58847 0.19399 0.680706
v 1.57987 0.124751 0.640437
v 1.59693 0.12435 0.630098
v 1.56075 0.125206 0.652028
v 1.67693 0.143076 0.821934
v 1.65942 0.143821 0.836531
v 1.47814 0.044838 0.532754
v 1.49011 0.0590181 0.542102
v 1.46004 0.0410734 0.548145
v 1.4707 0.0546873 0.554141
v 1.47224 0.0339823 0.524698
v 1.49106 0.0361366 0.506633
v 1.45504 0.0313237 0.541883
v 1.63144 0.128593 0.614703
v 1.63727 0.145851 0.618289
v 1.6618 0.132283 0.608156
v 1.65385 0.116512 0.6012
v 1.61973 0.113073 0.598625
v 1.64094 0.103138 0.576521
v 1.62877 0.0993949 0.554619
v 1.60656 0.107534 0.579858
v 1.61444 0.0941542 0.531128
v 1.60385 0.117324 0.612074
v 1.61116 0.123398 0.621183
v 1.62694 0.118653 0.609537
v 1.61525 0.133787 0.624514
v 1.62771 0.172077 0.633545
v 1.63801 0.188919 0.649231
v 1.64818 0.107587 0.591686
v 1.7188 0.170641 0.717983
v 1.69978 0.187388 0.733651
v 1.71048 0.181811 0.693988
v 1.51089 0.0261984 0.479018
v 1.51294 0.0374378 0.487224
v 1.63143 -0.12859 0.614701
v 1.65385 -0.116511 0.601198
v 1.66179 -0.132283 0.608154
v 1.63726 -0.145849 0.618287
v 1.61972 -0.113069 0.598624
v 1.60655 -0.107528 0.579855
v 1.62876 -0.0993911 0.554617
v 1.64093 -0.103136 0.57652
v 1.59065 -0.10026 0.557969
v 1.61443 -0.094148 0.531125
v 1.73236 0.0623805 0.81541
v 1.72093 0.0635103 0.830815
v 1.72329 0.0457239 0.832751
v 1.73471 0.0454624 0.81719
v 1.72523 0.0300848 0.833525
v 1.71765 0.0851061 0.826194
v 1.72928 0.0825305 0.811086
v 1.62694 -0.118651 0.609535
v 1.64817 -0.107585 0.591684
v 1.69976 -0.187391 0.733648
v 1.71879 -0.170645 0.717981
v 1.68926 -0.200382 0.707006
v 1.71047 -0.181815 0.693986
v 1.70155 0.18231 0.672267
v 1.60144 0.0860131 0.511146
v 1.58995 0.0751985 0.493324
v 1.57972 0.0625799 0.47572
v 1.57599 -0.0903803 0.53788
v 1.60143 -0.0860033 0.511139
v 1.5629 -0.0779845 0.518353
v 1.58994 -0.0751862 0.493315
v 1.55126 -0.0637782 0.497857
v 1.57971 -0.0625681 0.475714
v 1.61098 -0.0609897 0.456105
v 1.70154 -0.182313 0.672264
v 1.67827 -0.201233 0.683394
v 1.72693 0.0149813 0.834064
v 1.72771 -3.54665e-06 0.834311
v 1.50875 6.41277e-06 0.469837
v 1.50943 0.0135971 0.472595
v 1.59013 0.110987 0.594643
v 1.62027 0.151725 0.6267
v 1.68545 0.194736 0.74508
v 1.51293 -0.0374221 0.487218
v 1.51089 -0.0261859 0.479018
v 1.51808 -0.0493712 0.498856
v 1.52853 -0.0638058 0.515474
v 1.54236 -0.0788242 0.534592
v 1.70532 -0.141202 0.7978
v 1.69605 -0.170777 0.773248
v 1.71264 -0.111187 0.81596
v 1.61115 -0.123394 0.621181
v 1.60384 -0.11732 0.612072
v 1.61524 -0.133784 0.624512
v 1.63799 -0.188918 0.649229
v 1.6277 -0.172074 0.633542
v 1.64991 -0.201553 0.670294
v 1.66205 -0.209582 0.692626
v 1.67396 -0.208578 0.717171
v 1.55726 -0.0920363 0.553613
v 1.57327 -0.102773 0.573476
v 1.73235 -0.0623876 0.815409
v 1.73471 -0.0454697 0.81719
v 1.72329 -0.0457307 0.83275
v 1.72093 -0.0635169 0.830814
v 1.72522 -0.0300917 0.833525
v 1.72927 -0.0825373 0.811085
v 1.71764 -0.0851124 0.826193
v 1.72693 -0.0149884 0.834064
v 1.50943 -0.0135844 0.472595
v 1.59012 -0.110978 0.594636
v 1.62026 -0.151722 0.626698
v 1.68544 -0.194739 0.745077
v 1.67249 0.041828 0.430907
v 1.69667 0.04295 0.438094
v 1.711 0.0428057 0.45238
v 1.82964 0.0558237 0.59191
v 1.82902 0.0547654 0.5993
v 1.82702 0.0528079 0.608822
v 1.81725 0.0517099 0.561056
v 1.82377 0.0540877 0.568459
v 1.82704 0.0554256 0.576724
v 1.78775 0.0441406 0.552612
v 1.80552 0.048146 0.555773
v 1.71716 0.0407406 0.473719
v 1.72068 0.0384269 0.498561
v 1.82893 0.0560133 0.584574
v 1.72636 0.0375476 0.522348
v 1.73223 0.0375048 0.540006
v 1.74582 0.0382757 0.550239
v 1.76514 0.0406112 0.551115
v 1.82297 0.0499686 0.622024
v 1.81349 0.0463976 0.636816
v 1.76602 0.0890771 0.711396
v 1.76792 0.0727328 0.721953
v 1.77665 0.0632765 0.695315
v 1.77599 0.0741481 0.687176
v 1.74727 0.0440963 0.79279
v 1.7449 0.0591682 0.791335
v 1.77924 0.0142301 0.733744
v 1.78051 -4.43086e-06 0.734232
v 1.74489 -0.059172 0.791337
v 1.74726 -0.0441035 0.79279
v 1.77924 -0.0142389 0.733744
v 1.74225 0.076204 0.787612
v 1.75618 0.0679991 0.758543
v 1.74225 -0.0762005 0.787619
v 1.75617 -0.0679205 0.758612
v 1.76932 0.06034 0.728393
v 1.77726 0.0545386 0.701014
v 1.76932 -0.0600947 0.728597
v 1.77726 -0.0541612 0.701325
v 1.80551 -0.0481537 0.555772
v 1.78775 -0.0441464 0.552611
v 1.71715 -0.0407414 0.473719
v 1.72067 -0.0384282 0.49856
v 1.82892 -0.0560231 0.584574
v 1.72636 -0.0375496 0.522347
v 1.73223 -0.0375068 0.540005
v 1.76514 -0.0406142 0.551114
v 1.74581 -0.0382765 0.550239
v 1.82296 -0.0499782 0.622024
v 1.81349 -0.0464047 0.636817
v 1.78072 -0.0507547 0.661947
v 1.79408 -0.052693 0.647307
v 1.79522 -0.0483635 0.650187
v 1.79339 -0.0565167 0.642948
v 1.79522 0.0484001 0.650153
v 1.79408 0.0528114 0.647207
v 1.78072 0.0509934 0.661751
v 1.79339 0.0566866 0.642806
v 1.78045 0.0560285 0.656821
v 1.79367 0.0608538 0.637034
v 1.78035 0.0616394 0.650813
v 1.63907 -0.0405069 0.430239
v 1.63835 -0.0504939 0.438064
v 1.63907 0.0405118 0.430239
v 1.64083 -0.0599304 0.446246
v 1.77755 0.0578506 0.67395
v 1.7774 0.0653498 0.667248
v 1.77756 0.0730395 0.658904
v 1.77785 0.0514228 0.679146
v 1.77785 -0.0510672 0.679438
v 1.73703 -0.028374 0.545623
v 1.73661 -0.0375088 0.548097
v 1.73499 -0.0442238 0.550789
v 1.73661 0.0375077 0.548097
v 1.73703 0.0283729 0.545623
v 1.735 0.0442228 0.55079
v 1.79367 -0.0607352 0.637134
v 1.77851 0.0831002 0.637308
v 1.77771 0.082708 0.625053
v 1.77531 0.0798824 0.612402
v 1.80103 0.0179443 0.653874
v 1.80155 -3.44963e-06 0.65528
v 1.79953 0.0328141 0.651736
v 1.73573 0.0153484 0.543627
v 1.73472 -4.17357e-07 0.542787
v 1.77066 0.0762928 0.59958
v 1.76194 0.07148 0.586317
v 1.77818 0.0795151 0.648775
v 1.73383 0.0505397 0.554151
v 1.73718 0.0574686 0.560921
v 1.79728 0.0424521 0.651039
v 1.74869 0.0648586 0.572671
v 1.77771 -0.0827129 0.625052
v 1.77851 -0.0831053 0.637307
v 1.77531 -0.079887 0.612401
v 1.80103 -0.0179511 0.653873
v 1.79953 -0.0328208 0.651735
v 1.73573 -0.0153493 0.543626
v 1.77065 -0.0762968 0.599579
v 1.76194 -0.0714833 0.586315
v 1.77817 -0.0795047 0.648787
v 1.73383 -0.0505406 0.55415
v 1.73718 -0.0574699 0.56092
v 1.79727 -0.0424533 0.651043
v 1.74869 -0.0648608 0.57267
vt 0.4947 0.8574
vt 0.4961 0.8691
vt 0.4367 0.8867
vt 0.4936 0.8675
vt 0.4913 0.8541
vt 0.496 0.8599
vt 0.4958 0.8593
vt 0.4574 0.8398
vt 0.4951 0.8606
vt 0.4736 0.832
vt 0.4261 0.8677
vt 0.4377 0.8819
vt 0.4305 0.8856
vt 0.4294 0.8743
vt 0.445 0.8253
vt 0.4286 0.8749
vt 0.43 0.8642
vt 0.4753 0.8412
vt 0.4826 0.8564
vt 0.4422 0.8317
vt 0.4317 0.8811
vt 0.4536 0.8502
vt 0.4851 0.8673
vt 0.4218 0.8839
vt 0.5003 0.8041
vt 0.4257 0.8849
vt 0.4875 0.8608
vt 0.4919 0.862
vt 0.4486 0.8725
vt 0.4367 0.8867
vt 0.4956 0.8633
vt 0.5036 0.804
vt 0.4872 0.8221
vt 0.4741 0.8217
vt 0.4833 0.8248
vt 0.4919 0.862
vt 0.468 0.826
vt 0.4861 0.8319
vt 0.4454 0.8891
vt 0.4344 0.8721
vt 0.4312 0.8734
vt 0.4223 0.8711
vt 0.4786 0.8282
vt 0.4889 0.8298
vt 0.5004 0.7981
vt 0.4786 0.8282
vt 0.4954 0.86
vt 0.4455 0.8835
vt 0.4329 0.8739
vt 0.4909 0.8635
vt 0.4183 0.8759
vt 0.4325 0.8745
vt 0.4261 0.8677
vt 0.4736 0.832
vt 0.463 0.8478
vt 0.4457 0.8701
vt 0.4377 0.8819
vt 0.436 0.8733
vt 0.4925 0.8609
vt 0.4801 0.8177
vt 0.4889 0.8577
vt 0.4872 0.8221
vt 0.4377 0.8819
vt 0.4246 0.8756
vt 0.493 0.8601
vt 0.4833 0.8248
vt 0.4329 0.8739
vt 0.4223 0.8711
vt 0.4863 0.8636
vt 0.4942 0.8432
vt 0.4444 0.8755
vt 0.4455 0.8835
vt 0.4454 0.8254
vt 0.4432 0.8743
vt 0.4863 0.8636
vt 0.4262 0.8677
vt 0.4945 0.8353
vt 0.4861 0.8319
vt 0.4455 0.8791
vt 0.4573 0.8666
vt 0.4925 0.8609
vt 0.4261 0.8677
vt 0.4294 0.8743
vt 0.43 0.8642
vt 0.5036 0.804
vt 0.4787 0.8379
vt 0.437 0.8744
vt 0.4383 0.8782
vt 0.4312 0.8734
vt 0.4693 0.836
vt 0.4261 0.8677
vt 0.4639 0.8707
vt 0.4736 0.832
vt 0.4325 0.8745
vt 0.4317 0.8811
vt 0.4593 0.8727
vt 0.4498 0.8651
vt 0.4989 0.8669
vt 0.4596 0.8351
vt 0.4377 0.8819
vt 0.4289 0.8725
vt 0.4945 0.8645
vt 0.43 0.8643
vt 0.4325 0.8751
vt 0.4593 0.8727
vt 0.5028 0.798
vt 0.4936 0.8675
vt 0.4629 0.8305
vt 0.4383 0.8782
vt 0.455 0.8727
vt 0.4964 0.8655
vt 0.4448 0.833
vt 0.4325 0.8745
vt 0.4573 0.8666
vt 0.5036 0.8123
vt 0.4968 0.8435
vt 0.5007 0.8644
vt 0.4326 0.8776
vt 0.4537 0.8804
vt 0.4913 0.8541
vt 0.4895 0.8565
vt 0.4913 0.8541
vt 0.4903 0.8652
vt 0.4573 0.8749
vt 0.4903 0.8652
vt 0.4981 0.8633
vt 0.4511 0.8623
vt 0.47 0.8911
vt 0.4913 0.8541
vt 0.4895 0.8565
vt 0.4934 0.8593
vt 0.4929 0.8636
vt 0.4958 0.8564
vt 0.4799 0.8637
vt 0.455 0.8727
vt 0.4573 0.8666
vt 0.4425 0.8319
vt 0.4863 0.8636
vt 0.4183 0.8759
vt 0.4853 0.8661
vt 0.4211 0.8757
vt 0.4286 0.8749
vt 0.4736 0.832
vt 0.4826 0.8347
vt 0.4593 0.8603
vt 0.436 0.8733
vt 0.4205 0.8771
vt 0.4965 0.7962
vt 0.4964 0.8655
vt 0.4782 0.8001
vt 0.4522 0.8568
vt 0.4482 0.8186
vt 0.4918 0.8663
vt 0.4211 0.8757
vt 0.4964 0.8655
vt 0.4647 0.8437
vt 0.4573 0.8666
vt 0.4344 0.8721
vt 0.4954 0.86
vt 0.4218 0.8747
vt 0.4853 0.8661
vt 0.4344 0.8721
vt 0.4782 0.8698
vt 0.4211 0.8757
vt 0.4639 0.8707
vt 0.4586 0.8766
vt 0.4906 0.8654
vt 0.4507 0.8745
vt 0.4815 0.8593
vt 0.4507 0.8745
vt 0.4852 0.8677
vt 0.4205 0.8771
vt 0.4663 0.863
vt 0.4432 0.8743
vt 0.4903 0.8652
vt 0.4261 0.8677
vt 0.4593 0.8603
vt 0.4551 0.8692
vt 0.4783 0.8704
vt 0.4521 0.8761
vt 0.4875 0.8608
vt 0.4551 0.8692
vt 0.4852 0.8677
vt 0.4702 0.8508
vt 0.4593 0.8603
vt 0.4573 0.8749
vt 0.4932 0.8354
vt 0.4261 0.8677
vt 0.4909 0.8635
vt 0.4507 0.8745
vt 0.4875 0.8608
vt 0.4693 0.836
vt 0.4702 0.8508
vt 0.4663 0.863
vt 0.436 0.8733
vt 0.4943 0.858
vt 0.4787 0.8379
vt 0.4629 0.8305
vt 0.463 0.8478
vt 0.4685 0.8557
vt 0.4415 0.8727
vt 0.4951 0.8432
vt 0.4223 0.8711
vt 0.4782 0.8698
vt 0.4647 0.8437
vt 0.4612 0.8532
vt 0.4393 0.8709
vt 0.4932 0.8354
vt 0.4211 0.8757
vt 0.4863 0.8636
vt 0.4344 0.8721
vt 0.5004 0.7981
vt 0.4329 0.8739
vt 0.4522 0.8568
vt 0.5 0.8121
vt 0.4393 0.8709
vt 0.4658 0.8752
vt 0.4498 0.8651
vt 0.4786 0.8282
vt 0.4593 0.8603
vt 0.43 0.8642
vt 0.4551 0.8692
vt 0.4612 0.8532
vt 0.5003 0.8041
vt 0.4965 0.8619
vt 0.4536 0.8502
vt 0.4475 0.8266
vt 0.4765 0.8106
vt 0.4945 0.8645
vt 0.4482 0.8186
vt 0.4294 0.8743
vt 0.4826 0.8072
vt 0.4916 0.8122
vt 0.4262 0.8677
vt 0.4432 0.8743
vt 0.492 0.8199
vt 0.4939 0.8197
vt 0.4551 0.8692
vt 0.4941 0.8119
vt 0.4511 0.8623
vt 0.5003 0.8041
vt 0.4471 0.8662
vt 0.492 0.8199
vt 0.4985 0.8626
vt 0.4267 0.8738
vt 0.5011 0.8636
vt 0.4925 0.8276
vt 0.4554 0.8446
vt 0.4477 0.8415
vt 0.4875 0.8608
vt 0.4833 0.8248
vt 0.494 0.8274
vt 0.4727 0.8035
vt 0.4939 0.8197
vt 0.4883 0.859
vt 0.4786 0.8282
vt 0.4939 0.8197
vt 0.4253 0.8747
vt 0.436 0.8733
vt 0.494 0.8274
vt 0.4573 0.8749
vt 0.4962 0.8277
vt 0.4826 0.8072
vt 0.4415 0.8727
vt 0.4815 0.8593
vt 0.4502 0.8359
vt 0.4964 0.8198
vt 0.4457 0.8474
vt 0.4419 0.8393
vt 0.4894 0.8649
vt 0.4944 0.8617
vt 0.4941 0.8119
vt 0.4997 0.8599
vt 0.4586 0.8766
vt 0.4163 0.8817
vt 0.4952 0.8621
vt 0.427 0.8806
vt 0.4956 0.8633
vt 0.495 0.8555
vt 0.4939 0.8625
vt 0.4939 0.8197
vt 0.4672 0.8777
vt 0.495 0.8568
vt 0.4197 0.8796
vt 0.4961 0.8625
vt 0.4305 0.8856
vt 0.4947 0.8629
vt 0.5003 0.8041
vt 0.4925 0.8609
vt 0.4964 0.8198
vt 0.4321 0.8707
vt 0.4954 0.8563
vt 0.4185 0.8827
vt 0.4961 0.8625
vt 0.427 0.8806
vt 0.4955 0.8615
vt 0.4786 0.8678
vt 0.493 0.8601
vt 0.4967 0.8119
vt 0.4425 0.8319
vt 0.5 0.8121
vt 0.4231 0.8801
vt 0.4955 0.8615
vt 0.4326 0.8776
vt 0.5001 0.8654
vt 0.4267 0.8738
vt 0.4948 0.8611
vt 0.4469 0.821
vt 0.4475 0.8266
vt 0.4289 0.8725
vt 0.4197 0.8796
vt 0.4975 0.8642
vt 0.4241 0.8772
vt 0.4952 0.8614
vt 0.4954 0.86
vt 0.4944 0.8617
vt 0.4563 0.8138
vt 0.4968 0.8435
vt 0.4951 0.8606
vt 0.4241 0.8772
vt 0.4952 0.8621
vt 0.4317 0.8811
vt 0.4971 0.804
vt 0.4944 0.8617
vt 0.4562 0.8138
vt 0.428 0.8773
vt 0.4938 0.8586
vt 0.4948 0.8611
vt 0.4478 0.8191
vt 0.4667 0.8848
vt 0.428 0.8773
vt 0.4965 0.8619
vt 0.4934 0.8593
vt 0.4952 0.8614
vt 0.4563 0.8138
vt 0.4628 0.8871
vt 0.427 0.8806
vt 0.4952 0.8621
vt 0.4949 0.862
vt 0.4672 0.8069
vt 0.4231 0.8801
vt 0.4939 0.8625
vt 0.4647 0.8085
vt 0.427 0.8806
vt 0.4944 0.8617
vt 0.4562 0.8138
vt 0.4231 0.8801
vt 0.4948 0.8611
vt 0.4949 0.862
vt 0.4562 0.8138
vt 0.4321 0.8707
vt 0.4317 0.8811
vt 0.4967 0.8119
vt 0.4944 0.8627
vt 0.4647 0.8085
vt 0.4257 0.8849
vt 0.4574 0.8398
vt 0.437 0.8744
vt 0.4644 0.8086
vt 0.4985 0.8626
vt 0.463 0.8478
vt 0.4989 0.862
vt 0.4961 0.8589
vt 0.4695 0.8808
vt 0.4952 0.8621
vt 0.4477 0.8415
vt 0.4562 0.8137
vt 0.4883 0.859
vt 0.455 0.886
vt 0.4653 0.8741
vt 0.455 0.886
vt 0.4478 0.8191
vt 0.4981 0.8633
vt 0.4801 0.8177
vt 0.4826 0.8564
vt 0.4975 0.8599
vt 0.4562 0.8138
vt 0.4971 0.8607
vt 0.4853 0.8661
vt 0.496 0.8599
vt 0.468 0.826
vt 0.5015 0.8629
vt 0.4949 0.862
vt 0.4554 0.8446
vt 0.437 0.8744
vt 0.4562 0.8137
vt 0.4422 0.8673
vt 0.4826 0.8347
vt 0.4989 0.862
vt 0.4947 0.8629
vt 0.4883 0.8703
vt 0.4964 0.8356
vt 0.463 0.8478
vt 0.4432 0.8743
vt 0.4479 0.8189
vt 0.4973 0.8603
vt 0.4994 0.8609
vt 0.4943 0.858
vt 0.4924 0.8531
vt 0.4883 0.8703
vt 0.4385 0.8548
vt 0.4994 0.8609
vt 0.4958 0.8587
vt 0.5011 0.8636
vt 0.4949 0.862
vt 0.4992 0.8614
vt 0.4947 0.8574
vt 0.4376 0.8499
vt 0.4864 0.8689
vt 0.4992 0.8614
vt 0.4951 0.8432
vt 0.4995 0.8364
vt 0.4962 0.8277
vt 0.4835 0.8544
vt 0.5026 0.8582
vt 0.4377 0.8497
vt 0.4992 0.8614
vt 0.4851 0.8673
vt 0.4992 0.8614
vt 0.4958 0.8587
vt 0.4968 0.8613
vt 0.4943 0.858
vt 0.4612 0.8532
vt 0.4976 0.8593
vt 0.4385 0.8548
vt 0.4444 0.8755
vt 0.4997 0.8599
vt 0.4985 0.8626
vt 0.4554 0.8446
vt 0.4536 0.8502
vt 0.5024 0.8607
vt 0.4376 0.8499
vt 0.4377 0.8753
vt 0.4995 0.8364
vt 0.4955 0.8608
vt 0.4997 0.8599
vt 0.4369 0.8462
vt 0.4852 0.8145
vt 0.4851 0.8673
vt 0.4998 0.8574
vt 0.4961 0.8596
vt 0.4968 0.8613
vt 0.4936 0.8675
vt 0.4948 0.8611
vt 0.4995 0.8606
vt 0.4377 0.8443
vt 0.4801 0.8177
vt 0.4851 0.8673
vt 0.4996 0.8442
vt 0.4944 0.8627
vt 0.4965 0.8619
vt 0.4961 0.8691
vt 0.4786 0.8678
vt 0.4516 0.8697
vt 0.4377 0.8497
vt 0.4667 0.8848
vt 0.4951 0.8606
vt 0.4843 0.8526
vt 0.4903 0.8553
vt 0.5001 0.8654
vt 0.4958 0.8593
vt 0.4961 0.8589
vt 0.4975 0.8642
vt 0.4377 0.8497
vt 0.4908 0.8722
vt 0.4903 0.8553
vt 0.4903 0.8553
vt 0.4945 0.8353
vt 0.4628 0.8871
vt 0.4377 0.8443
vt 0.5034 0.8294
vt 0.4642 0.88
vt 0.4606 0.881
vt 0.4945 0.8353
vt 0.4883 0.859
vt 0.4455 0.8791
vt 0.4378 0.8441
vt 0.4973 0.8603
vt 0.4615 0.875
vt 0.484 0.8758
vt 0.4952 0.8614
vt 0.4667 0.8848
vt 0.4377 0.8496
vt 0.4765 0.8106
vt 0.4814 0.8736
vt 0.4951 0.8606
vt 0.4958 0.8603
vt 0.4537 0.8804
vt 0.4385 0.8548
vt 0.4596 0.8351
vt 0.4606 0.881
vt 0.503 0.8452
vt 0.4377 0.8497
vt 0.4996 0.8442
vt 0.4925 0.8276
vt 0.4995 0.8364
vt 0.4864 0.8689
vt 0.4377 0.8496
vt 0.5024 0.8607
vt 0.4385 0.8548
vt 0.4853 0.8661
vt 0.5023 0.8614
vt 0.494 0.8274
vt 0.4814 0.8736
vt 0.5032 0.8374
vt 0.4299 0.8643
vt 0.494 0.8274
vt 0.4995 0.8364
vt 0.4964 0.8356
vt 0.4989 0.862
vt 0.4325 0.8745
vt 0.4338 0.8608
vt 0.4647 0.8437
vt 0.4516 0.8697
vt 0.437 0.8744
vt 0.4338 0.8608
vt 0.5015 0.8629
vt 0.4976 0.8593
vt 0.4299 0.8643
vt 0.4624 0.8763
vt 0.4975 0.8567
vt 0.4945 0.8353
vt 0.4883 0.8703
vt 0.4338 0.8608
vt 0.455 0.886
vt 0.4628 0.8871
vt 0.4624 0.8763
vt 0.4367 0.8579
vt 0.4975 0.8599
vt 0.4971 0.8607
vt 0.4938 0.8586
vt 0.4367 0.8579
vt 0.4995 0.8285
vt 0.4642 0.88
vt 0.4338 0.8608
vt 0.4955 0.8608
vt 0.4801 0.8177
vt 0.4765 0.8106
vt 0.4338 0.8608
vt 0.4765 0.8106
vt 0.4989 0.862
vt 0.4367 0.8579
vt 0.4377 0.8753
vt 0.4367 0.8579
vt 0.4995 0.8606
vt 0.4338 0.8608
vt 0.4964 0.8356
vt 0.4696 0.8151
vt 0.4299 0.8643
vt 0.4964 0.8356
vt 0.4981 0.8633
vt 0.4954 0.8563
vt 0.4338 0.8608
vt 0.4852 0.8145
vt 0.4741 0.8217
vt 0.4325 0.8751
vt 0.4338 0.8608
vt 0.4943 0.858
vt 0.4612 0.8532
vt 0.4393 0.8709
vt 0.4299 0.8643
vt 0.4994 0.8609
vt 0.4153 0.8812
vt 0.4741 0.8217
vt 0.4161 0.8788
vt 0.4994 0.8609
vt 0.4161 0.8788
vt 0.5032 0.8374
vt 0.4696 0.8151
vt 0.4153 0.8812
vt 0.4455 0.8835
vt 0.4883 0.859
vt 0.4477 0.8415
vt 0.4161 0.8788
vt 0.4369 0.8462
vt 0.4457 0.8474
vt 0.4179 0.8771
vt 0.4169 0.8765
vt 0.4938 0.8586
vt 0.4653 0.8741
vt 0.4934 0.8638
vt 0.4989 0.8669
vt 0.4929 0.8636
vt 0.4894 0.8471
vt 0.4666 0.8399
vt 0.4169 0.8765
vt 0.4934 0.8593
vt 0.4573 0.8749
vt 0.4628 0.8871
vt 0.4639 0.8707
vt 0.4939 0.8625
vt 0.493 0.8601
vt 0.4716 0.8475
vt 0.4161 0.8788
vt 0.4895 0.8565
vt 0.4975 0.8642
vt 0.4658 0.895
vt 0.4615 0.875
vt 0.4909 0.8635
vt 0.4874 0.8489
vt 0.4161 0.8788
vt 0.4903 0.8553
vt 0.4934 0.8638
vt 0.455 0.8727
vt 0.4929 0.8636
vt 0.4924 0.8531
vt 0.4874 0.8489
vt 0.4693 0.836
vt 0.4169 0.8765
vt 0.4934 0.8593
vt 0.4956 0.8633
vt 0.4939 0.8625
vt 0.4731 0.8444
vt 0.4169 0.8765
vt 0.493 0.8601
vt 0.4615 0.875
vt 0.455 0.886
vt 0.4593 0.8727
vt 0.4894 0.8649
vt 0.4856 0.8508
vt 0.4161 0.8788
vt 0.4889 0.8577
vt 0.4929 0.8636
vt 0.4753 0.8412
vt 0.4153 0.8812
vt 0.4593 0.8727
vt 0.4944 0.8627
vt 0.4856 0.8508
vt 0.4161 0.8788
vt 0.4964 0.8655
vt 0.4455 0.8835
vt 0.4161 0.8788
vt 0.4889 0.8577
vt 0.4903 0.8652
vt 0.4153 0.8812
vt 0.4835 0.8544
vt 0.4565 0.8932
vt 0.4965 0.7962
vt 0.4454 0.8891
vt 0.4843 0.8526
vt 0.5005 0.7955
vt 0.4615 0.875
vt 0.4906 0.8654
vt 0.5006 0.7955
vt 0.4895 0.8565
vt 0.4565 0.8932
vt 0.4958 0.8587
vt 0.47 0.8911
vt 0.4975 0.796
vt 0.4961 0.8625
vt 0.495 0.8568
vt 0.4672 0.8069
vt 0.5005 0.7955
vt 0.4908 0.8722
vt 0.4727 0.8035
vt 0.4647 0.8437
vt 0.5028 0.7951
vt 0.4667 0.8848
vt 0.4919 0.862
vt 0.4506 0.8171
vt 0.5037 0.795
vt 0.5006 0.7955
vt 0.5006 0.7955
vt 0.4997 0.8599
vt 0.4975 0.8642
vt 0.4731 0.8444
vt 0.5037 0.795
vt 0.4294 0.8743
vt 0.4985 0.8626
vt 0.5038 0.7949
vt 0.445 0.8253
vt 0.4799 0.8637
vt 0.4241 0.8772
vt 0.5007 0.7955
vt 0.4981 0.8633
vt 0.4971 0.804
vt 0.4961 0.8625
vt 0.4958 0.8587
vt 0.4666 0.8399
vt 0.4975 0.796
vt 0.4795 0.8719
vt 0.4909 0.8635
vt 0.5006 0.7955
vt 0.4724 0.8847
vt 0.4479 0.8189
vt 0.5007 0.7955
vt 0.4366 0.8688
vt 0.4975 0.796
vt 0.4253 0.8747
vt 0.5007 0.8644
vt 0.4782 0.8001
vt 0.486 0.7979
vt 0.4693 0.836
vt 0.4859 0.798
vt 0.4312 0.8734
vt 0.4798 0.7999
vt 0.4894 0.8649
vt 0.4666 0.8399
vt 0.4246 0.8756
vt 0.486 0.7979
vt 0.4666 0.8399
vt 0.4923 0.7969
vt 0.4454 0.8254
vt 0.4907 0.7971
vt 0.4454 0.8254
vt 0.4197 0.8796
vt 0.4859 0.798
vt 0.4859 0.798
vt 0.4907 0.7971
vt 0.4906 0.7971
vt 0.4859 0.798
vt 0.4516 0.8697
vt 0.4205 0.8771
vt 0.4798 0.7999
vt 0.4172 0.8791
vt 0.4859 0.798
vt 0.4995 0.8606
vt 0.4205 0.8771
vt 0.4859 0.798
vt 0.4695 0.8808
vt 0.4172 0.8791
vt 0.4799 0.7999
vt 0.4658 0.895
vt 0.4197 0.8796
vt 0.4923 0.7969
vt 0.4185 0.8827
vt 0.4944 0.7966
vt 0.4218 0.8839
vt 0.4312 0.8734
vt 0.4521 0.8761
vt 0.4943 0.7966
vt 0.4998 0.8574
vt 0.4231 0.8801
vt 0.4454 0.8254
vt 0.4907 0.7971
vt 0.4944 0.7966
vt 0.4965 0.7962
vt 0.4975 0.796
vt 0.4943 0.7966
vt 0.4943 0.7966
vt 0.5021 0.8618
vt 0.4975 0.796
vt 0.4995 0.8606
vt 0.4919 0.862
vt 0.4975 0.796
vt 0.5023 0.8614
vt 0.4925 0.8609
vt 0.4943 0.7966
vt 0.5021 0.8618
vt 0.4936 0.8675
vt 0.4907 0.7971
vt 0.4943 0.7966
vt 0.5019 0.8623
vt 0.4943 0.7966
vt 0.4906 0.7971
vt 0.4918 0.8663
vt 0.455 0.8727
vt 0.4227 0.8707
vt 0.4261 0.8677
vt 0.5019 0.8623
vt 0.4261 0.8677
vt 0.4419 0.8393
vt 0.4889 0.8577
vt 0.4448 0.833
vt 0.4227 0.8707
vt 0.4883 0.8703
vt 0.4261 0.8677
vt 0.4477 0.8415
vt 0.4507 0.8745
vt 0.4299 0.8643
vt 0.4299 0.8643
vt 0.4261 0.8677
vt 0.4554 0.8446
vt 0.4261 0.8677
vt 0.4502 0.8359
vt 0.4299 0.8643
vt 0.4179 0.8771
vt 0.4299 0.8643
vt 0.4716 0.8475
vt 0.4261 0.8677
vt 0.4218 0.8747
vt 0.4227 0.8707
vt 0.4574 0.8398
vt 0.4261 0.8677
vt 0.4261 0.8677
vt 0.418 0.8748
vt 0.4227 0.8707
vt 0.4486 0.8725
vt 0.4422 0.8317
vt 0.4224 0.871
vt 0.4457 0.8701
vt 0.445 0.8253
vt 0.4956 0.8596
vt 0.4958 0.8603
vt 0.4938 0.8586
vt 0.445 0.8253
vt 0.4516 0.8697
vt 0.4415 0.8727
vt 0.4685 0.8557
vt 0.4422 0.8317
vt 0.4486 0.8725
vt 0.445 0.8253
vt 0.4954 0.86
vt 0.4479 0.8189
vt 0.4479 0.8189
vt 0.4956 0.8596
vt 0.445 0.8253
vt 0.4393 0.8709
vt 0.445 0.8253
vt 0.4479 0.8189
vt 0.4486 0.8725
vt 0.4479 0.8189
vt 0.4833 0.8248
vt 0.445 0.8253
vt 0.4995 0.8285
vt 0.4457 0.8701
vt 0.4422 0.8317
vt 0.4422 0.8673
vt 0.445 0.8253
vt 0.4366 0.8688
vt 0.445 0.8253
vt 0.4961 0.8596
vt 0.4962 0.8277
vt 0.4422 0.8317
vt 0.4958 0.8593
vt 0.4369 0.8462
vt 0.4457 0.8701
vt 0.4395 0.8381
vt 0.4395 0.8381
vt 0.4471 0.8662
vt 0.4377 0.8443
vt 0.4395 0.8381
vt 0.4432 0.8296
vt 0.4958 0.8593
vt 0.4956 0.8596
vt 0.4423 0.8314
vt 0.4415 0.8727
vt 0.4395 0.8381
vt 0.4395 0.8381
vt 0.4947 0.8574
vt 0.4423 0.8314
vt 0.4422 0.8317
vt 0.4956 0.8596
vt 0.4395 0.8381
vt 0.4377 0.8443
vn 0.06632 0.8149 -0.5757
vn 0.09033 0.7223 -0.6856
vn -0.1001 0.731 -0.6749
vn -0.0687 0.8356 -0.5451
vn 0.08908 0.6609 -0.7451
vn -0.09488 0.6549 -0.7497
vn -0.2333 0.7029 -0.6719
vn -0.2279 0.7858 -0.5748
vn -0.1906 0.8596 -0.474
vn 0.064 -0.7179 -0.6932
vn -0.05002 -0.7336 -0.6777
vn -0.07157 -0.8517 -0.519
vn 0.04846 -0.8262 -0.5613
vn -0.04935 -0.7103 -0.7021
vn -0.03455 -0.7873 -0.6156
vn 0.00531 -0.888 -0.4597
vn -0.06494 -0.9198 -0.3869
vn 0.06522 -0.8894 -0.4524
vn 0.9083 -3.052e-05 0.4183
vn 0.8919 0 0.4521
vn 0.889 -0.1069 0.4451
vn 0.9031 -0.1288 0.4096
vn 0.8434 0 0.5372
vn 0.8414 -0.09058 0.5327
vn 0.8409 -0.1321 0.5247
vn 0.8885 -0.1547 0.432
vn 0.9001 -0.1872 0.3934
vn 0.4349 -0.373 -0.8195
vn 0.6903 -0.4216 -0.588
vn 0.6263 -0.5786 -0.5224
vn 0.3967 -0.5155 -0.7595
vn 0.8213 -0.4458 -0.3558
vn 0.7448 -0.5897 -0.3121
vn 0.6477 -0.7088 -0.2794
vn 0.5336 -0.7064 -0.4651
vn 0.3359 -0.6365 -0.6942
vn 0.7963 -0.5108 0.324
vn 0.7547 -0.4661 0.4616
vn 0.578 -0.6717 0.4633
vn 0.629 -0.6806 0.3757
vn 0.6168 -0.4291 0.6599
vn 0.4774 -0.6514 0.5897
vn 0.3462 -0.7643 0.544
vn 0.3777 -0.7887 0.4851
vn 0.4092 -0.7999 0.439
vn 0.871 -0.2224 0.4379
vn 0.9696 -0.2335 0.07294
vn 0.9536 -0.2897 0.08164
vn 0.8509 -0.2965 0.4336
vn 0.9612 -0.2434 0.1293
vn 0.9528 -0.2754 0.1278
vn 0.9615 -0.2425 0.1287
vn 0.9642 -0.2544 0.07462
vn 0.8481 -0.355 0.3933
vn 0.08231 -0.423 -0.9024
vn -0.003693 -0.4001 -0.9164
vn -0.02347 -0.5457 -0.8376
vn 0.08341 -0.5585 -0.8253
vn 0.03674 -0.427 -0.9035
vn 0.005402 -0.5518 -0.8339
vn 0.7988 -0.5832 -0.1476
vn 0.8137 -0.5181 -0.2635
vn 0.6996 -0.6557 -0.2839
vn 0.6778 -0.719 -0.1536
vn 0.8013 -0.4555 -0.3877
vn 0.6913 -0.5715 -0.4421
vn 0.4669 -0.6924 -0.55
vn 0.5425 -0.7875 -0.2925
vn 0.5391 -0.8276 -0.1562
vn 0.4622 0 -0.8868
vn 0.4529 -0.2143 -0.8654
vn 0.1933 -0.1968 -0.9612
vn 0.2008 0 -0.9796
vn 0.1819 -0.3233 -0.9286
vn 0.04498 -0.2901 -0.9559
vn 0.04202 -0.1843 -0.982
vn 0.04117 0 -0.9991
vn 0.7222 -0.6798 -0.1279
vn 0.5208 -0.8497 -0.08185
vn 0.4349 -0.8703 -0.2312
vn 0.7857 -0.6144 0.07221
vn 0.6097 -0.7812 0.1337
vn 0.3418 -0.9225 0.1791
vn 0.2274 -0.9729 -0.0405
vn 0.1426 -0.9743 -0.174
vn 0.8455 -0.4125 0.339
vn 0.8214 -0.4951 0.2832
vn 0.4223 -0.8205 0.3854
vn 0.4676 -0.7407 0.4823
vn 0.6971 -0.7102 0.09809
vn 0.281 -0.9455 0.1644
vn 0.4138 -0.832 0.3695
vn 0.2649 -0.923 -0.2791
vn 0.1396 -0.9235 -0.3572
vn -0.02542 -0.9644 -0.2632
vn 0.03159 -0.9835 -0.1779
vn 0.07608 -0.953 -0.2933
vn 0.8494 -0.4605 0.2577
vn 0.8106 -0.5683 0.1408
vn 0.8679 -0.4768 0.139
vn 0.896 -0.3784 0.2321
vn 0.7361 -0.6723 -0.07804
vn 0.8082 -0.5867 -0.05161
vn 0.9153 -0.4017 -0.02814
vn 0.9529 -0.2855 0.1021
vn 0.9674 -0.2109 0.1401
vn 0.4961 -0.7088 -0.5015
vn 0.3785 -0.6726 -0.6359
vn 0.4694 -0.6609 -0.5855
vn 0.5891 -0.6716 -0.4494
vn 0.2168 -0.5977 -0.7718
vn 0.321 -0.628 -0.7089
vn 0.4175 -0.6262 -0.6584
vn 0.5802 -0.6159 -0.533
vn 0.719 -0.5781 -0.3858
vn -0.2841 0.8685 -0.406
vn -0.2997 0.8596 -0.4139
vn -0.2308 0.9012 -0.3669
vn -0.2109 0.9099 -0.3571
vn -0.3297 0.842 -0.4269
vn -0.255 0.8911 -0.3753
vn -0.1838 0.9354 -0.3019
vn -0.1505 0.9409 -0.3033
vn -0.1001 0.9487 -0.2999
vn 0.2535 0.8188 -0.5151
vn 0.02933 0.8972 -0.4405
vn 0.1746 0.9556 -0.2374
vn 0.3891 0.8625 -0.3236
vn -0.1229 0.921 -0.3695
vn 0.02585 0.9861 -0.1639
vn 0.2386 0.9606 0.1422
vn 0.3679 0.9273 0.06861
vn 0.553 0.8326 -0.03
vn -0.4874 -0.4951 -0.7192
vn -0.376 -0.4834 -0.7905
vn -0.356 -0.6239 -0.6957
vn -0.4421 -0.6396 -0.6288
vn -0.2271 -0.4437 -0.8669
vn -0.232 -0.5873 -0.7754
vn -0.2333 -0.7028 -0.672
vn -0.3251 -0.7478 -0.5788
vn -0.38 -0.7642 -0.5211
vn 0.6179 -0.7149 -0.3272
vn 0.7571 -0.6412 -0.125
vn 0.6254 -0.7716 -0.1162
vn 0.5018 -0.8221 -0.269
vn 0.4781 -0.8695 -0.1236
vn 0.3526 -0.9074 -0.2285
vn 0.1104 -0.7409 -0.6624
vn 0.2494 -0.8878 -0.3867
vn 0.3898 -0.8681 -0.3075
vn 0.281 -0.7797 -0.5596
vn 0.2963 -0.9291 -0.221
vn 0.4102 -0.8956 -0.1721
vn 0.07038 -0.9656 -0.2501
vn -0.08792 -0.9282 -0.3615
vn 0.04205 -0.9246 -0.3784
vn 0.1969 -0.9532 -0.2292
vn -0.1906 -0.8596 -0.474
vn -0.06873 -0.8355 -0.5451
vn 0.06626 -0.8149 -0.5757
vn 0.203 -0.8817 -0.4259
vn -0.2245 0 -0.9745
vn -0.04907 0 -0.9988
vn -0.0549 -0.2049 -0.9772
vn -0.2238 -0.2603 -0.9392
vn 0.1572 0 -0.9875
vn 0.1534 -0.1697 -0.9735
vn 0.1337 -0.3972 -0.9079
vn -0.06757 -0.4037 -0.9124
vn -0.5498 0 -0.8353
vn -0.4086 0 -0.9127
vn -0.3947 -0.3013 -0.868
vn -0.5254 -0.3115 -0.7917
vn 0.9027 0 -0.4302
vn 0.9807 -3.052e-05 -0.1957
vn 0.9419 -0.2781 -0.1882
vn 0.8747 -0.2659 -0.4051
vn 0.9986 -3.052e-05 0.05316
vn 0.9597 -0.2778 0.04245
vn 0.8991 -0.4369 0.02701
vn 0.8759 -0.4503 -0.1733
vn 0.9937 -3.052e-05 -0.1125
vn 0.9874 -3.052e-05 -0.158
vn 0.9834 -0.02005 -0.1804
vn 0.99 -0.07074 -0.1219
vn 0.9506 -3.052e-05 -0.3103
vn 0.9447 0.01929 -0.3272
vn 0.9282 -0.08722 -0.3617
vn 0.9648 -0.1378 -0.2237
vn 0.9687 -0.2061 -0.1379
vn 0.07846 0 -0.9969
vn -0.0217 0 -0.9998
vn -0.01346 -0.1592 -0.9872
vn 0.08655 -0.12 -0.989
vn 0.0004578 -0.2578 -0.9662
vn 0.09433 -0.2256 -0.9696
vn 0.9199 -3.052e-05 0.392
vn 0.9995 -3.052e-05 0.03174
vn 0.9902 -0.1316 0.04627
vn 0.9028 -0.1311 0.4095
vn 0.9912 -3.052e-05 0.1322
vn 0.9799 -0.1507 0.1309
vn 0.8945 -3.052e-05 0.4471
vn 0.8087 -3.052e-05 0.5882
vn 0.8081 -0.1916 0.557
vn 0.8798 -0.2364 0.4123
vn 0.6868 -3.052e-05 0.7268
vn 0.6875 -0.1511 0.7103
vn 0.6979 -0.222 0.6809
vn 0.8171 -0.292 0.497
vn 0.8639 -0.362 0.3501
vn 0.9548 -0.2493 -0.162
vn 0.9821 -0.08939 -0.1657
vn 0.8368 -0.3254 -0.4404
vn 0.8827 -0.1114 -0.4564
vn 0.8899 0 -0.4561
vn 0.9861 -3.052e-05 -0.1661
vn 0.1444 -0.5161 -0.8442
vn 0.07581 -0.6518 -0.7546
vn 0.2017 -0.7797 -0.5927
vn 0.7355 0 -0.6775
vn 0.7215 -0.242 -0.6487
vn 0.7267 -0.5947 0.3438
vn 0.8078 -0.5202 0.277
vn 0.8433 -0.4233 0.3309
vn 0.7717 -0.4887 0.4069
vn 0.8745 -0.3752 0.3072
vn 0.8913 -0.3122 0.3287
vn 0.8678 -0.3428 0.3597
vn 0.8043 -0.3895 0.4487
vn 0.6141 -0.7168 -0.3301
vn 0.7025 -0.6536 -0.2814
vn 0.8334 -0.5077 -0.2184
vn 0.4474 -0.8817 -0.1497
vn 0.1237 -0.9904 -0.06214
vn 0.3416 -0.8561 -0.3878
vn 0.9588 -3.052e-05 0.2842
vn 0.9287 -0.2656 0.2588
vn 0.8867 -0.4078 0.2181
vn 0.2534 -0.8188 -0.5152
vn 0.1324 -0.7407 -0.6587
vn 0.2819 -0.6906 -0.666
vn 0.4011 -0.7478 -0.529
vn -0.05258 -0.5645 -0.8237
vn 0.1017 -0.5653 -0.8185
vn 0.9129 -0.3106 0.2649
vn 0.9232 -0.2677 0.2758
vn 0.9751 -0.1737 0.1375
vn 0.9789 -0.1573 0.1301
vn 0.8043 -0.5422 0.2431
vn 0.6451 -0.6982 0.3103
vn 0.2195 -0.9564 -0.1927
vn 0.3382 -0.9292 -0.149
vn 0.08902 -0.6609 -0.7451
vn 0.3435 -0.7205 -0.6024
vn 0.3064 -0.795 -0.5235
vn 0.0903 -0.7223 -0.6857
vn 0.5419 0 -0.8404
vn 0.5361 -0.1474 -0.8312
vn 0.4915 -0.3905 -0.7784
vn 0.2237 -0.6502 -0.726
vn 0.08301 -0.5832 -0.808
vn 0.3368 -0.6389 -0.6916
vn 0.9055 -0.2183 0.3639
vn 0.9254 -0.2384 0.2944
vn 0.9212 -0.2422 0.3045
vn 0.9034 -0.2022 0.378
vn 0.921 -0.2241 0.3186
vn 0.2385 -0.9607 0.1422
vn 0.4022 -0.8293 0.3879
vn 0.3837 -0.8326 0.3993
vn 0.2162 -0.9639 0.1553
vn 0.4915 -0.6987 0.5199
vn 0.4747 -0.7023 0.5305
vn -0.2695 -0.5387 0.7982
vn -0.3229 -0.6428 0.6947
vn -0.4225 -0.7574 0.4978
vn -0.4798 -0.322 -0.8162
vn -0.4707 -0.3287 -0.8187
vn -0.4828 -0.3269 -0.8124
vn -0.4859 -0.3192 -0.8136
vn -0.3754 -0.5942 -0.7113
vn -0.3962 -0.594 -0.7001
vn -0.8697 -0.4524 -0.1975
vn -0.9392 -0.2355 -0.2497
vn -0.9422 -0.237 -0.2369
vn -0.1835 -0.9354 -0.3023
vn -0.1395 -0.9554 -0.2603
vn -0.1522 -0.953 -0.2618
vn -0.2013 -0.9291 -0.31
vn -0.179 -0.9223 -0.3425
vn -0.1898 -0.921 -0.3403
vn -0.7285 -0.6766 0.1073
vn -0.7158 -0.677 0.1711
vn -0.7411 -0.6605 0.1203
vn -0.6782 0 -0.7348
vn -0.6502 -0.3111 -0.6931
vn -0.6728 -0.3281 -0.663
vn -0.7028 0 -0.7113
vn -0.6065 -0.4944 -0.6226
vn -0.6314 -0.5058 -0.5878
vn -0.9415 -0.3346 -0.03952
vn -0.9572 -0.251 -0.1438
vn -0.9654 3.052e-05 -0.2606
vn 0.6687 -0.1119 0.735
vn 0.6729 -0.07633 0.7357
vn 0.6603 -0.07819 0.7469
vn 0.6559 -0.1131 0.7463
vn 0.676 0 0.7369
vn 0.6636 0 0.7481
vn -0.1179 3.052e-05 0.993
vn -0.1363 -0.06375 0.9886
vn -0.157 -0.08954 0.9835
vn 0.597 -0.4568 0.6594
vn 0.6341 -0.3209 0.7035
vn 0.6203 -0.3218 0.7152
vn 0.5821 -0.4593 0.6709
vn 0.655 -0.2101 0.7258
vn 0.6419 -0.2102 0.7374
vn -0.1596 -0.1642 0.9734
vn -0.1691 -0.2499 0.9534
vn -0.1955 -0.3542 0.9145
vn 0.6644 -0.1436 0.7334
vn 0.6515 -0.1436 0.7449
vn -0.1572 -0.1128 0.9811
vn -0.3302 -0.8419 -0.4269
vn -0.2548 -0.891 -0.3756
vn -0.28 -0.8773 -0.3899
vn -0.3654 -0.8146 -0.4505
vn -0.7859 -0.6165 0.04843
vn -0.8296 -0.5583 -0.01166
vn -0.123 -0.921 -0.3695
vn 0.02579 -0.9861 -0.1639
vn -0.0001526 -0.9886 -0.1504
vn -0.1491 -0.9225 -0.3559
vn -0.5901 -0.7676 0.2499
vn -0.7158 -0.6911 0.09977
vn -0.2341 -0.8193 -0.5234
vn -0.2589 -0.8204 -0.5098
vn -0.784 -0.6201 -0.02853
vn -0.3628 -0.6779 -0.6394
vn -0.3704 -0.6765 -0.6365
vn -0.8335 -0.5335 -0.1439
vn 0.5499 -0.5813 0.5997
vn 0.5338 -0.5849 0.6107
vn -0.2311 -0.4491 0.863
vn -0.4823 -0.7322 -0.4809
vn -0.407 -0.7945 -0.4506
vn -0.4526 -0.7535 -0.4769
vn -0.5284 -0.6951 -0.4875
vn -0.8765 -0.4814 -0.002716
vn -0.9027 -0.43 0.01123
vn -0.5538 -0.6276 -0.5472
vn -0.5881 -0.6152 -0.525
vn -0.9216 -0.388 -0.00293
vn 0.06403 0.7179 -0.6931
vn 0.04849 0.8262 -0.5613
vn -0.07147 0.8517 -0.519
vn -0.04993 0.7336 -0.6777
vn 0.06525 0.8894 -0.4524
vn -0.06482 0.9198 -0.3869
vn 0.005402 0.888 -0.4597
vn -0.03446 0.7873 -0.6156
vn -0.04926 0.7103 -0.7021
vn 0.9031 0.1287 0.4096
vn 0.889 0.1069 0.4451
vn 0.9001 0.1871 0.3934
vn 0.8885 0.1547 0.432
vn 0.8409 0.132 0.5247
vn 0.8414 0.09055 0.5327
vn 0.8505 -0.4821 0.2102
vn 0.8438 -0.5355 0.03415
vn 0.8439 -0.4337 0.3158
vn 0.7964 0.5107 0.324
vn 0.6293 0.6804 0.3754
vn 0.5788 0.6714 0.4629
vn 0.7548 0.466 0.4616
vn 0.4096 0.8003 0.4379
vn 0.3788 0.789 0.4837
vn 0.3481 0.7639 0.5433
vn 0.4785 0.6507 0.5896
vn 0.6166 0.4293 0.6599
vn 0.8711 0.2223 0.4379
vn 0.8513 0.2963 0.433
vn 0.9541 0.2881 0.08139
vn 0.9696 0.2333 0.07291
vn 0.8488 0.3533 0.3934
vn 0.9652 0.2506 0.07468
vn 0.962 0.2404 0.1291
vn 0.9531 0.2742 0.1282
vn 0.9613 0.2433 0.1293
vn 0.08231 0.423 -0.9023
vn 0.08341 0.5585 -0.8253
vn -0.02338 0.5457 -0.8376
vn -0.003662 0.4001 -0.9164
vn 0.005463 0.5518 -0.8339
vn 0.03681 0.427 -0.9035
vn 0.7989 0.5831 -0.1476
vn 0.6778 0.719 -0.1536
vn 0.6997 0.6556 -0.2839
vn 0.8137 0.5181 -0.2635
vn 0.5392 0.8275 -0.1562
vn 0.5426 0.7874 -0.2924
vn 0.4669 0.6924 -0.55
vn 0.6913 0.5715 -0.4421
vn 0.8013 0.4555 -0.3877
vn 0.1933 0.1968 -0.9612
vn 0.453 0.2143 -0.8654
vn 0.04202 0.1843 -0.982
vn 0.04501 0.2901 -0.9559
vn 0.1819 0.3233 -0.9286
vn 0.435 0.373 -0.8195
vn 0.6478 0.7087 -0.2794
vn 0.435 0.8702 -0.2312
vn 0.5208 0.8497 -0.08185
vn 0.7222 0.6797 -0.1278
vn 0.1428 0.9743 -0.174
vn 0.2275 0.9729 -0.0405
vn 0.342 0.9225 0.1791
vn 0.6098 0.7812 0.1337
vn 0.7857 0.6143 0.07221
vn 0.8453 0.4136 0.3381
vn 0.4674 0.742 0.4805
vn 0.4221 0.8209 0.3846
vn 0.8211 0.4959 0.2827
vn 0.4139 0.8321 0.3691
vn 0.2811 0.9455 0.1643
vn 0.697 0.7103 0.0979
vn 0.2649 0.923 -0.279
vn 0.03171 0.9835 -0.1779
vn -0.0253 0.9644 -0.2633
vn 0.1397 0.9235 -0.3572
vn 0.0762 0.9529 -0.2933
vn 0.8492 0.4608 0.2576
vn 0.8958 0.3791 0.2317
vn 0.8678 0.4771 0.1386
vn 0.8105 0.5685 0.1407
vn 0.9673 0.2115 0.1397
vn 0.9529 0.2857 0.1017
vn 0.9153 0.4017 -0.02823
vn 0.8082 0.5867 -0.05173
vn 0.7361 0.6723 -0.07807
vn 0.4961 0.7088 -0.5014
vn 0.5891 0.6715 -0.4493
vn 0.4695 0.6609 -0.5855
vn 0.3786 0.6726 -0.6359
vn 0.719 0.578 -0.3858
vn 0.5802 0.6159 -0.533
vn 0.4175 0.6262 -0.6584
vn 0.3211 0.628 -0.7089
vn 0.2169 0.5977 -0.7718
vn 0.7267 0.5947 0.3438
vn 0.5894 0.6689 0.4529
vn 0.643 0.5546 0.5281
vn 0.7717 0.4887 0.4069
vn 0.4915 0.6986 0.5199
vn 0.5499 0.5813 0.5997
vn 0.597 0.4568 0.6594
vn 0.6843 0.438 0.583
vn 0.8043 0.3895 0.4487
vn -0.38 0.7645 -0.5207
vn -0.4294 0.7565 -0.4932
vn -0.3611 0.8208 -0.4426
vn -0.3291 0.8311 -0.4482
vn -0.4814 0.7328 -0.4808
vn -0.4059 0.795 -0.4508
vn -0.4874 0.4952 -0.7192
vn -0.442 0.6398 -0.6287
vn -0.3559 0.624 -0.6956
vn -0.376 0.4835 -0.7904
vn -0.3251 0.7479 -0.5787
vn -0.232 0.5873 -0.7754
vn -0.2271 0.4438 -0.8669
vn 0.618 0.7149 -0.3272
vn 0.5018 0.822 -0.269
vn 0.6254 0.7715 -0.1162
vn 0.7571 0.6411 -0.125
vn 0.3527 0.9074 -0.2285
vn 0.4782 0.8695 -0.1236
vn 0.1105 0.7409 -0.6624
vn 0.281 0.7797 -0.5596
vn 0.3898 0.868 -0.3074
vn 0.2495 0.8878 -0.3867
vn 0.4103 0.8956 -0.172
vn 0.2964 0.9291 -0.221
vn 0.07044 0.9656 -0.25
vn 0.197 0.9532 -0.2292
vn 0.04212 0.9246 -0.3784
vn -0.08786 0.9282 -0.3615
vn 0.203 0.8817 -0.4259
vn -0.2238 0.2604 -0.9392
vn -0.0549 0.2049 -0.9772
vn -0.06754 0.4037 -0.9124
vn 0.1337 0.3972 -0.9079
vn 0.1534 0.1697 -0.9735
vn -0.5254 0.3115 -0.7917
vn -0.3947 0.3013 -0.868
vn 0.8748 0.2659 -0.4051
vn 0.9419 0.278 -0.1882
vn 0.8214 0.4458 -0.3558
vn 0.8759 0.4503 -0.1733
vn 0.8991 0.4369 0.02701
vn 0.9597 0.2777 0.04242
vn 0.99 0.07068 -0.1219
vn 0.9834 0.01996 -0.1804
vn 0.9687 0.2061 -0.1379
vn 0.9648 0.1378 -0.2237
vn 0.9282 0.08716 -0.3617
vn 0.9447 -0.01935 -0.3272
vn 0.08655 0.1201 -0.989
vn -0.01343 0.1592 -0.9872
vn 0.09433 0.2256 -0.9696
vn 0.0004883 0.2578 -0.9662
vn 0.9028 0.131 0.4095
vn 0.9902 0.1315 0.04627
vn 0.9799 0.1507 0.1309
vn 0.8798 0.2363 0.4123
vn 0.8081 0.1916 0.557
vn 0.8639 0.3619 0.3502
vn 0.8172 0.2919 0.497
vn 0.6979 0.222 0.6809
vn 0.6875 0.1511 0.7103
vn 0.9821 0.0893 -0.1657
vn 0.9548 0.2492 -0.162
vn 0.8828 0.1114 -0.4564
vn 0.8368 0.3253 -0.4404
vn 0.07587 0.6518 -0.7546
vn 0.1444 0.5161 -0.8442
vn 0.2018 0.7797 -0.5927
vn 0.3359 0.6365 -0.6942
vn 0.7215 0.242 -0.6487
vn 0.6903 0.4215 -0.588
vn 0.8678 0.3427 0.3598
vn 0.8433 0.4234 0.331
vn 0.8913 0.3122 0.3288
vn 0.8744 0.3754 0.3073
vn 0.8078 0.5203 0.2771
vn 0.7025 0.6536 -0.2814
vn 0.6141 0.7168 -0.3301
vn 0.8334 0.5076 -0.2184
vn 0.1238 0.9903 -0.06214
vn 0.4474 0.8817 -0.1497
vn 0.3416 0.8561 -0.3878
vn 0.5336 0.7064 -0.4651
vn 0.9287 0.2655 0.2588
vn 0.8867 0.4077 0.2181
vn 0.4011 0.7478 -0.529
vn 0.282 0.6906 -0.666
vn 0.1324 0.7407 -0.6587
vn 0.1017 0.5653 -0.8185
vn -0.05255 0.5645 -0.8237
vn 0.4021 -0.6139 -0.6793
vn 0.1013 -0.5842 -0.8053
vn 0.7333 -0.5582 -0.3882
vn 0.8393 -0.4111 0.3558
vn 0.9895 -0.1101 0.09342
vn 0.9885 -0.1078 0.1062
vn 0.8243 -0.4283 0.3702
vn 0.9886 -0.1228 0.08759
vn 0.6453 0.6981 0.3102
vn 0.8043 0.5422 0.2432
vn 0.3383 0.9292 -0.149
vn 0.2196 0.9564 -0.1927
vn 0.3064 0.795 -0.5235
vn 0.3435 0.7205 -0.6024
vn 0.5361 0.1474 -0.8312
vn 0.4915 0.3905 -0.7784
vn 0.08304 0.5832 -0.808
vn 0.2238 0.6502 -0.726
vn 0.3368 0.6389 -0.6916
vn 0.9055 0.2185 0.3638
vn 0.9034 0.2022 0.3779
vn 0.9212 0.242 0.3046
vn 0.9254 0.2383 0.2944
vn 0.921 0.224 0.3186
vn 0.2162 0.9639 0.1553
vn 0.3837 0.8326 0.3993
vn 0.4022 0.8293 0.3879
vn -0.4224 0.7574 0.4978
vn -0.3229 0.6428 0.6946
vn -0.2694 0.5388 0.7982
vn 0.4747 0.7022 0.5305
vn -0.4797 0.3221 -0.8162
vn -0.4859 0.3192 -0.8136
vn -0.4828 0.327 -0.8124
vn -0.4707 0.3287 -0.8187
vn -0.9421 0.2372 -0.2368
vn -0.9392 0.2356 -0.2497
vn -0.8696 0.4525 -0.1975
vn -0.3961 0.5941 -0.7001
vn -0.3754 0.5943 -0.7113
vn -0.2021 0.929 -0.31
vn -0.1526 0.953 -0.2618
vn -0.1395 0.9554 -0.2601
vn -0.7416 0.66 0.12
vn -0.7159 0.677 0.1709
vn -0.7285 0.6766 0.1073
vn -0.1898 0.921 -0.3403
vn -0.1789 0.9223 -0.3424
vn -0.6728 0.3282 -0.663
vn -0.6501 0.3112 -0.6931
vn -0.9572 0.2511 -0.1438
vn -0.9415 0.3346 -0.03961
vn -0.6313 0.5058 -0.5878
vn -0.6064 0.4946 -0.6225
vn 0.6688 0.1118 0.735
vn 0.6559 0.1131 0.7463
vn 0.6603 0.07816 0.7469
vn 0.6729 0.07627 0.7357
vn -0.157 0.0896 0.9835
vn -0.1363 0.06381 0.9886
vn 0.5821 0.4592 0.6709
vn 0.6204 0.3218 0.7152
vn 0.6341 0.3208 0.7035
vn -0.1954 0.3542 0.9145
vn -0.1691 0.25 0.9533
vn -0.1596 0.1643 0.9734
vn 0.6419 0.2101 0.7374
vn 0.655 0.2101 0.7258
vn 0.6515 0.1436 0.7449
vn 0.6644 0.1436 0.7334
vn -0.1572 0.1129 0.9811
vn -0.3636 0.8145 -0.452
vn -0.28 0.8771 -0.3901
vn -0.8292 0.5586 -0.01492
vn -0.7862 0.6161 0.04776
vn -0.149 0.9226 -0.3558
vn -9.156e-05 0.9886 -0.1503
vn -0.7158 0.6912 0.09977
vn -0.5901 0.7677 0.2499
vn -0.2589 0.8204 -0.5098
vn -0.2341 0.8193 -0.5234
vn -0.7839 0.6202 -0.0285
vn -0.3703 0.6765 -0.6365
vn -0.3627 0.6779 -0.6393
vn -0.8334 0.5336 -0.1439
vn 0.5339 0.5848 0.6107
vn -0.2311 0.4492 0.863
vn -0.5274 0.6943 -0.4897
vn -0.4504 0.753 -0.4797
vn -0.9032 0.4291 0.009156
vn -0.8765 0.4813 -0.006684
vn -0.5878 0.6149 -0.5257
vn -0.5534 0.628 -0.547
vn -0.9218 0.3875 -0.003662
vn -0.3038 0.449 -0.8403
vn -0.2403 0.3792 -0.8935
vn -0.07761 0.4722 -0.8781
vn -0.102 0.6136 -0.783
vn 0.01434 0.9343 -0.3562
vn 0.167 0.9408 -0.295
vn 0.1074 0.9635 -0.2452
vn -0.0009156 0.96 -0.2799
vn -0.02799 0.9604 -0.2772
vn -0.1184 0.9243 -0.3627
vn -0.309 0.6915 -0.653
vn -0.1524 0.7686 -0.6213
vn -0.4321 0.3475 -0.8322
vn -0.2499 0.5888 -0.7686
vn -0.08744 0.8014 -0.5917
vn 0.0665 0.8563 -0.5121
vn 0.7574 0.6342 0.1551
vn 0.664 0.7157 0.2164
vn 0.6677 0.7403 -0.07816
vn -0.5604 0.4926 -0.6658
vn -0.5046 0.6374 -0.5823
vn -0.3038 -0.449 -0.8403
vn -0.102 -0.6136 -0.783
vn -0.07764 -0.4721 -0.8781
vn -0.2404 -0.3792 -0.8936
vn 0.01428 -0.9343 -0.3562
vn -0.001099 -0.96 -0.2799
vn 0.1072 -0.9635 -0.2452
vn 0.167 -0.9408 -0.295
vn -0.1004 -0.9486 -0.3
vn -0.02814 -0.9604 -0.2773
vn 0.8377 0.2043 0.5064
vn 0.7326 0.2093 0.6477
vn 0.74 0.1479 0.6561
vn 0.8415 0.1564 0.5171
vn 0.7427 0.1177 0.6591
vn 0.7151 0.3121 0.6254
vn 0.8262 0.2873 0.4846
vn -0.1525 -0.7686 -0.6213
vn 0.06647 -0.8563 -0.5121
vn 0.664 -0.7157 0.2164
vn 0.7574 -0.6342 0.1551
vn 0.553 -0.8326 -0.03
vn 0.6676 -0.7403 -0.07816
vn 0.5272 0.7741 -0.3503
vn -0.1713 0.9207 -0.3506
vn -0.2595 0.8697 -0.4197
vn -0.2975 0.822 -0.4855
vn -0.211 -0.9099 -0.3571
vn -0.1714 -0.9207 -0.3506
vn -0.284 -0.8685 -0.4062
vn -0.2595 -0.8697 -0.4197
vn -0.329 -0.831 -0.4486
vn -0.2975 -0.822 -0.4856
vn -0.228 -0.7858 -0.5749
vn 0.5272 -0.7742 -0.3503
vn 0.389 -0.8625 -0.3236
vn 0.7454 0.08011 0.6618
vn 0.7479 0 0.6637
vn -0.633 0 -0.7741
vn -0.6052 0.3077 -0.7341
vn -0.09131 0.9571 -0.275
vn -0.3907 0.3406 -0.8552
vn 0.5106 0.798 0.3202
vn -0.5048 -0.637 -0.5826
vn -0.5604 -0.4924 -0.6659
vn -0.4297 -0.7559 -0.4939
vn -0.3612 -0.8204 -0.4432
vn -0.2995 -0.8595 -0.4142
vn 0.643 -0.5546 0.5281
vn 0.5893 -0.6689 0.4529
vn 0.6842 -0.4381 0.583
vn -0.309 -0.6914 -0.653
vn -0.1185 -0.9243 -0.3627
vn -0.4321 -0.3474 -0.8322
vn -0.0875 -0.8014 -0.5917
vn -0.25 -0.5888 -0.7686
vn 0.02927 -0.8972 -0.4405
vn 0.1745 -0.9556 -0.2374
vn 0.3679 -0.9273 0.06861
vn -0.2308 -0.9011 -0.3671
vn -0.1508 -0.9408 -0.3035
vn 0.8377 -0.2044 0.5064
vn 0.8415 -0.1565 0.5171
vn 0.74 -0.148 0.6561
vn 0.7326 -0.2093 0.6477
vn 0.7427 -0.1178 0.6591
vn 0.8262 -0.2874 0.4846
vn 0.7151 -0.3122 0.6254
vn 0.7454 -0.08017 0.6618
vn -0.6052 -0.3077 -0.7342
vn -0.09146 -0.957 -0.2751
vn -0.3907 -0.3405 -0.8552
vn 0.5105 -0.798 0.3202
vn 0.1013 0.5842 -0.8052
vn 0.4021 0.6139 -0.6793
vn 0.7333 0.5582 -0.3882
vn 0.8439 0.5354 0.03415
vn 0.8505 0.4821 0.2102
vn 0.8439 0.4336 0.3158
vn 0.3967 0.5155 -0.7595
vn 0.6264 0.5786 -0.5224
vn 0.7449 0.5897 -0.3121
vn 0.04511 0.3595 -0.932
vn 0.1675 0.4239 -0.8901
vn 0.8753 0.461 -0.1462
vn 0.9033 0.4038 -0.1443
vn 0.8036 0.5748 -0.1542
vn 0.9063 0.3405 -0.2503
vn 0.8766 0.2957 -0.3796
vn 0.08844 0.3282 -0.9404
vn 0.004334 0.328 -0.9447
vn 0.8131 0.3584 0.4586
vn 0.6913 0.2758 0.6679
vn 0.9127 0.3111 0.2648
vn 0.9232 0.2677 0.2758
vn 0.9789 0.1571 0.1301
vn 0.975 0.1743 0.1374
vn 0.8911 0.1728 0.4195
vn 0.8905 0.2045 0.4064
vn 0.9305 0.1495 0.3343
vn 0.9395 -3.052e-05 0.3424
vn 0.8905 -0.2045 0.4064
vn 0.8911 -0.1728 0.4195
vn 0.9305 -0.1495 0.3342
vn 0.8834 0.2653 0.3864
vn 0.9018 0.2571 0.3473
vn 0.8833 -0.2653 0.3864
vn 0.9018 -0.257 0.3474
vn 0.9273 0.2428 0.2849
vn 0.975 0.1815 0.1281
vn 0.9272 -0.2429 0.285
vn 0.9746 -0.1834 0.1282
vn 0.1674 -0.4239 -0.8901
vn 0.04508 -0.3595 -0.932
vn 0.8752 -0.461 -0.1462
vn 0.9033 -0.4039 -0.1443
vn 0.8036 -0.5748 -0.1542
vn 0.9063 -0.3406 -0.2503
vn 0.8766 -0.2958 -0.3796
vn 0.004303 -0.3279 -0.9447
vn 0.08841 -0.3282 -0.9404
vn 0.8131 -0.3585 0.4586
vn 0.6915 -0.2755 0.6678
vn 0.8362 -0.3948 0.3805
vn 0.493 -0.6153 0.6151
vn 0.5873 -0.4284 0.6866
vn 0.4549 -0.6952 0.5566
vn 0.587 0.429 0.6865
vn 0.4942 0.614 0.6153
vn 0.8366 0.3936 0.381
vn 0.4565 0.6946 0.5559
vn 0.8252 0.4271 0.3696
vn 0.4605 0.7186 0.521
vn 0.8395 0.4117 0.3546
vn -0.08176 -0.5624 -0.8228
vn -0.09491 -0.6549 -0.7497
vn -0.08173 0.5624 -0.8228
vn -0.1001 -0.731 -0.6749
vn 0.9886 0.1223 0.08741
vn 0.9895 0.1102 0.0932
vn 0.9885 0.1078 0.1061
vn 0.9829 0.1658 0.08011
vn 0.9824 -0.1685 0.0799
vn 0.595 -0.1622 -0.7871
vn 0.5506 -0.3451 -0.7601
vn 0.5181 -0.4685 -0.7156
vn 0.5506 0.345 -0.7601
vn 0.595 0.1621 -0.7872
vn 0.5181 0.4685 -0.7156
vn 0.4602 -0.7173 0.523
vn 0.9572 0.2893 0.009919
vn 0.8509 0.4964 -0.1714
vn 0.6729 0.6529 -0.3478
vn 0.6744 0.1317 0.7265
vn 0.6847 0 0.7288
vn 0.6611 0.1963 0.7241
vn 0.6182 0.03494 -0.7852
vn 0.6258 0 -0.78
vn 0.493 0.7263 -0.4789
vn 0.3297 0.7392 -0.5871
vn 0.9834 0.1517 0.09922
vn 0.471 0.5564 -0.6845
vn 0.3457 0.6357 -0.6902
vn 0.6437 0.2613 0.7192
vn 0.2776 0.7007 -0.6572
vn 0.8509 -0.4964 -0.1714
vn 0.9572 -0.2893 0.00998
vn 0.6729 -0.6528 -0.3478
vn 0.6744 -0.1317 0.7265
vn 0.6611 -0.1962 0.7241
vn 0.6182 -0.03497 -0.7852
vn 0.493 -0.7263 -0.4789
vn 0.3297 -0.7392 -0.5872
vn 0.9834 -0.1516 0.09925
vn 0.4711 -0.5564 -0.6845
vn 0.3457 -0.6356 -0.6902
vn 0.644 -0.2605 0.7192
vn 0.2776 -0.7006 -0.6572
f 1/1/1 2/2/2 3/3/3
f 1/1/1 3/3/3 4/4/4
f 2/2/2 5/5/5 6/6/6
f 2/2/2 6/6/6 3/3/3
f 3/3/3 6/6/6 7/7/7
f 3/3/3 7/7/7 8/8/8
f 4/4/4 3/3/3 8/8/8
f 4/4/4 8/8/8 9/9/9
f 10/10/10 11/11/11 12/12/12
f 10/10/10 12/12/12 13/13/13
f 11/11/11 14/14/14 15/15/15
f 11/11/11 15/15/15 12/12/12
f 12/12/12 15/15/15 16/16/16
f 12/12/12 16/16/16 17/17/17
f 13/13/13 12/12/12 17/17/17
f 13/13/13 17/17/17 18/18/18
f 19/19/19 20/20/20 21/21/21
f 19/19/19 21/21/21 22/22/22
f 20/20/20 23/23/23 24/24/24
f 20/20/20 24/24/24 21/21/21
f 21/21/21 24/24/24 25/25/25
f 21/21/21 25/25/25 26/26/26
f 22/22/22 21/21/21 26/26/26
f 22/22/22 26/26/26 27/27/27
f 28/28/28 29/29/29 30/30/30
f 28/28/28 30/30/30 31/31/31
f 29/29/29 32/32/32 33/33/33
f 29/29/29 33/33/33 30/30/30
f 30/30/30 33/33/33 34/34/34
f 30/30/30 34/34/34 35/35/35
f 31/31/31 30/30/30 35/35/35
f 31/31/31 35/35/35 36/36/36
f 37/37/37 38/38/38 39/39/39
f 37/37/37 39/39/39 40/40/40
f 38/38/38 41/41/41 42/42/42
f 38/38/38 42/42/42 39/39/39
f 39/39/39 42/42/42 43/43/43
f 39/39/39 43/43/43 44/44/44
f 40/40/40 39/39/39 44/44/44
f 40/40/40 44/44/44 45/45/45
f 46/46/46 47/47/47 48/48/48
f 46/46/46 48/48/48 49/49/49
f 47/47/47 50/50/50 51/51/51
f 47/47/47 51/51/51 48/48/48
f 48/48/48 51/51/51 52/52/52
f 48/48/48 52/52/52 53/53/53
f 49/49/49 48/48/48 53/53/53
f 49/49/49 53/53/53 54/54/54
f 55/55/55 56/56/56 57/57/57
f 55/55/55 57/57/57 58/58/58
f 56/56/56 59/59/59 60/60/60
f 56/56/56 60/60/60 57/57/57
f 57/57/57 60/60/60 14/14/14
f 57/57/57 14/14/14 11/11/11
f 58/58/58 57/57/57 11/11/11
f 58/58/58 11/11/11 10/10/10
f 61/61/61 62/62/62 63/63/63
f 61/61/61 63/63/63 64/64/64
f 62/62/62 65/65/65 66/66/66
f 62/62/62 66/66/66 63/63/63
f 63/63/63 66/66/66 67/67/67
f 63/63/63 67/67/67 68/68/68
f 64/64/64 63/63/63 68/68/68
f 64/64/64 68/68/68 69/69/69
f 70/70/70 71/71/71 72/72/72
f 70/70/70 72/72/72 73/73/73
f 71/71/71 28/28/28 74/74/74
f 71/71/71 74/74/74 72/72/72
f 72/72/72 74/74/74 75/75/75
f 72/72/72 75/75/75 76/76/76
f 73/73/73 72/72/72 76/76/76
f 73/73/73 76/76/76 77/77/77
f 34/34/34 78/78/78 79/79/79
f 34/34/34 79/79/79 80/80/80
f 78/78/78 81/81/81 82/82/82
f 78/78/78 82/82/82 79/79/79
f 79/79/79 82/82/82 83/83/83
f 79/79/79 83/83/83 84/84/84
f 80/80/80 79/79/79 84/84/84
f 80/80/80 84/84/84 85/85/85
f 86/86/86 87/87/87 88/88/88
f 86/86/86 88/88/88 89/89/89
f 87/87/87 90/90/90 91/91/91
f 87/87/87 91/91/91 88/88/88
f 88/88/88 91/91/91 83/83/83
f 88/88/88 83/83/83 92/92/92
f 89/89/89 88/88/88 92/92/92
f 89/89/89 92/92/92 45/45/45
f 93/93/93 94/94/94 95/95/95
f 93/93/93 95/95/95 96/96/96
f 94/94/94 18/18/18 17/17/17
f 94/94/94 17/17/17 95/95/95
f 95/95/95 17/17/17 16/16/16
f 95/95/95 16/16/16 97/97/97
f 96/96/96 95/95/95 97/97/97
f 96/96/96 97/97/97 85/85/85
f 98/98/98 99/99/99 100/100/100
f 98/98/98 100/100/100 101/101/101
f 99/99/99 102/102/102 103/103/103
f 99/99/99 103/103/103 100/100/100
f 100/100/100 103/103/103 104/104/104
f 100/100/100 104/104/104 105/105/105
f 101/101/101 100/100/100 105/105/105
f 101/101/101 105/105/105 106/106/106
f 107/107/107 108/108/108 109/109/109
f 107/107/107 109/109/109 110/110/110
f 108/108/108 111/111/111 112/112/112
f 108/108/108 112/112/112 109/109/109
f 109/109/109 112/112/112 113/113/113
f 109/109/109 113/113/113 114/114/114
f 110/110/110 109/109/109 114/114/114
f 110/110/110 114/114/114 115/115/115
f 116/116/116 117/117/117 118/118/118
f 116/116/116 118/118/118 119/119/119
f 117/117/117 120/120/120 121/121/121
f 117/117/117 121/121/121 118/118/118
f 118/118/118 121/121/121 122/122/122
f 118/118/118 122/122/122 123/123/123
f 119/119/119 118/118/118 123/123/123
f 119/119/119 123/123/123 124/124/124
f 125/125/125 126/126/126 127/127/127
f 125/125/125 127/127/127 128/128/128
f 126/126/126 129/129/129 130/130/130
f 126/126/126 130/130/130 127/127/127
f 127/127/127 130/130/130 131/131/131
f 127/127/127 131/131/131 132/132/132
f 128/128/128 127/127/127 132/132/132
f 128/128/128 132/132/132 133/133/133
f 134/134/134 135/135/135 136/136/136
f 134/134/134 136/136/136 137/137/137
f 135/135/135 138/138/138 139/139/139
f 135/135/135 139/139/139 136/136/136
f 136/136/136 139/139/139 140/140/140
f 136/136/136 140/140/140 141/141/141
f 137/137/137 136/136/136 141/141/141
f 137/137/137 141/141/141 142/142/142
f 143/143/143 144/144/144 145/145/145
f 143/143/143 145/145/145 146/146/146
f 144/144/144 61/61/61 64/64/64
f 144/144/144 64/64/64 145/145/145
f 145/145/145 64/64/64 69/69/69
f 145/145/145 69/69/69 147/147/147
f 146/146/146 145/145/145 147/147/147
f 146/146/146 147/147/147 148/148/148
f 149/149/149 150/150/150 151/151/151
f 149/149/149 151/151/151 152/152/152
f 150/150/150 153/153/153 154/154/154
f 150/150/150 154/154/154 151/151/151
f 151/151/151 154/154/154 69/69/69
f 151/151/151 69/69/69 68/68/68
f 152/152/152 151/151/151 68/68/68
f 152/152/152 68/68/68 67/67/67
f 155/155/155 156/156/156 157/157/157
f 155/155/155 157/157/157 158/158/158
f 156/156/156 159/159/159 160/160/160
f 156/156/156 160/160/160 157/157/157
f 157/157/157 160/160/160 161/161/161
f 157/157/157 161/161/161 162/162/162
f 158/158/158 157/157/157 162/162/162
f 158/158/158 162/162/162 148/148/148
f 163/163/163 164/164/164 165/165/165
f 163/163/163 165/165/165 166/166/166
f 164/164/164 167/167/167 168/168/168
f 164/164/164 168/168/168 165/165/165
f 165/165/165 168/168/168 169/169/169
f 165/165/165 169/169/169 170/170/170
f 166/166/166 165/165/165 170/170/170
f 166/166/166 170/170/170 138/138/138
f 171/171/171 172/172/172 173/173/173
f 171/171/171 173/173/173 174/174/174
f 172/172/172 163/163/163 166/166/166
f 172/172/172 166/166/166 173/173/173
f 173/173/173 166/166/166 138/138/138
f 173/173/173 138/138/138 135/135/135
f 174/174/174 173/173/173 135/135/135
f 174/174/174 135/135/135 134/134/134
f 175/175/175 176/176/176 177/177/177
f 175/175/175 177/177/177 178/178/178
f 176/176/176 179/179/179 180/180/180
f 176/176/176 180/180/180 177/177/177
f 177/177/177 180/180/180 181/181/181
f 177/177/177 181/181/181 182/182/182
f 178/178/178 177/177/177 182/182/182
f 178/178/178 182/182/182 32/32/32
f 183/183/183 184/184/184 185/185/185
f 183/183/183 185/185/185 186/186/186
f 184/184/184 187/187/187 188/188/188
f 184/184/184 188/188/188 185/185/185
f 185/185/185 188/188/188 189/189/189
f 185/185/185 189/189/189 190/190/190
f 186/186/186 185/185/185 190/190/190
f 186/186/186 190/190/190 191/191/191
f 192/192/192 193/193/193 194/194/194
f 192/192/192 194/194/194 195/195/195
f 193/193/193 77/77/77 76/76/76
f 193/193/193 76/76/76 194/194/194
f 194/194/194 76/76/76 75/75/75
f 194/194/194 75/75/75 196/196/196
f 195/195/195 194/194/194 196/196/196
f 195/195/195 196/196/196 197/197/197
f 198/198/198 199/199/199 200/200/200
f 198/198/198 200/200/200 201/201/201
f 199/199/199 202/202/202 203/203/203
f 199/199/199 203/203/203 200/200/200
f 200/200/200 203/203/203 50/50/50
f 200/200/200 50/50/50 47/47/47
f 201/201/201 200/200/200 47/47/47
f 201/201/201 47/47/47 46/46/46
f 204/204/204 205/205/205 206/206/206
f 204/204/204 206/206/206 207/207/207
f 205/205/205 208/208/208 209/209/209
f 205/205/205 209/209/209 206/206/206
f 206/206/206 209/209/209 210/210/210
f 206/206/206 210/210/210 211/211/211
f 207/207/207 206/206/206 211/211/211
f 207/207/207 211/211/211 212/212/212
f 191/191/191 213/213/213 214/214/214
f 191/191/191 214/214/214 186/186/186
f 213/213/213 215/215/215 216/216/216
f 213/213/213 216/216/216 214/214/214
f 214/214/214 216/216/216 217/217/217
f 214/214/214 217/217/217 218/218/218
f 186/186/186 214/214/214 218/218/218
f 186/186/186 218/218/218 183/183/183
f 59/59/59 219/219/219 220/220/220
f 59/59/59 220/220/220 60/60/60
f 219/219/219 36/36/36 221/221/221
f 219/219/219 221/221/221 220/220/220
f 220/220/220 221/221/221 16/16/16
f 220/220/220 16/16/16 15/15/15
f 60/60/60 220/220/220 15/15/15
f 60/60/60 15/15/15 14/14/14
f 70/70/70 222/222/222 223/223/223
f 70/70/70 223/223/223 71/71/71
f 222/222/222 175/175/175 178/178/178
f 222/222/222 178/178/178 223/223/223
f 223/223/223 178/178/178 32/32/32
f 223/223/223 32/32/32 29/29/29
f 71/71/71 223/223/223 29/29/29
f 71/71/71 29/29/29 28/28/28
f 224/224/224 225/225/225 226/226/226
f 224/224/224 226/226/226 227/227/227
f 225/225/225 98/98/98 228/228/228
f 225/225/225 228/228/228 226/226/226
f 226/226/226 228/228/228 229/229/229
f 226/226/226 229/229/229 230/230/230
f 227/227/227 226/226/226 230/230/230
f 227/227/227 230/230/230 231/231/231
f 102/102/102 232/232/232 233/233/233
f 102/102/102 233/233/233 103/103/103
f 232/232/232 107/107/107 110/110/110
f 232/232/232 110/110/110 233/233/233
f 233/233/233 110/110/110 115/115/115
f 233/233/233 115/115/115 234/234/234
f 103/103/103 233/233/233 234/234/234
f 103/103/103 234/234/234 104/104/104
f 90/90/90 235/235/235 236/236/236
f 90/90/90 236/236/236 91/91/91
f 235/235/235 93/93/93 96/96/96
f 235/235/235 96/96/96 236/236/236
f 236/236/236 96/96/96 85/85/85
f 236/236/236 85/85/85 84/84/84
f 91/91/91 236/236/236 84/84/84
f 91/91/91 84/84/84 83/83/83
f 36/36/36 35/35/35 237/237/237
f 36/36/36 237/237/237 221/221/221
f 35/35/35 34/34/34 80/80/80
f 35/35/35 80/80/80 237/237/237
f 237/237/237 80/80/80 85/85/85
f 237/237/237 85/85/85 97/97/97
f 221/221/221 237/237/237 97/97/97
f 221/221/221 97/97/97 16/16/16
f 179/179/179 238/238/238 239/239/239
f 179/179/179 239/239/239 180/180/180
f 238/238/238 204/204/204 207/207/207
f 238/238/238 207/207/207 239/239/239
f 239/239/239 207/207/207 212/212/212
f 239/239/239 212/212/212 240/240/240
f 180/180/180 239/239/239 240/240/240
f 180/180/180 240/240/240 181/181/181
f 241/241/241 242/242/242 243/243/243
f 241/241/241 243/243/243 244/244/244
f 242/242/242 245/245/245 246/246/246
f 242/242/242 246/246/246 243/243/243
f 243/243/243 246/246/246 111/111/111
f 243/243/243 111/111/111 108/108/108
f 244/244/244 243/243/243 108/108/108
f 244/244/244 108/108/108 107/107/107
f 229/229/229 228/228/228 247/247/247
f 229/229/229 247/247/247 248/248/248
f 228/228/228 98/98/98 101/101/101
f 228/228/228 101/101/101 247/247/247
f 247/247/247 101/101/101 106/106/106
f 247/247/247 106/106/106 249/249/249
f 248/248/248 247/247/247 249/249/249
f 248/248/248 249/249/249 250/250/250
f 81/81/81 251/251/251 252/252/252
f 81/81/81 252/252/252 82/82/82
f 251/251/251 37/37/37 40/40/40
f 251/251/251 40/40/40 252/252/252
f 252/252/252 40/40/40 45/45/45
f 252/252/252 45/45/45 92/92/92
f 82/82/82 252/252/252 92/92/92
f 82/82/82 92/92/92 83/83/83
f 153/153/153 253/253/253 254/254/254
f 153/153/153 254/254/254 154/154/154
f 253/253/253 155/155/155 158/158/158
f 253/253/253 158/158/158 254/254/254
f 254/254/254 158/158/158 148/148/148
f 254/254/254 148/148/148 147/147/147
f 154/154/154 254/254/254 147/147/147
f 154/154/154 147/147/147 69/69/69
f 255/255/255 256/256/256 257/257/257
f 255/255/255 257/257/257 258/258/258
f 256/256/256 143/143/143 146/146/146
f 256/256/256 146/146/146 257/257/257
f 257/257/257 146/146/146 148/148/148
f 257/257/257 148/148/148 162/162/162
f 258/258/258 257/257/257 162/162/162
f 258/258/258 162/162/162 161/161/161
f 167/167/167 259/259/259 260/260/260
f 167/167/167 260/260/260 168/168/168
f 259/259/259 217/217/217 216/216/216
f 259/259/259 216/216/216 260/260/260
f 260/260/260 216/216/216 215/215/215
f 260/260/260 215/215/215 261/261/261
f 168/168/168 260/260/260 261/261/261
f 168/168/168 261/261/261 169/169/169
f 149/149/149 152/152/152 262/262/262
f 149/149/149 262/262/262 263/263/263
f 152/152/152 67/67/67 264/264/264
f 152/152/152 264/264/264 262/262/262
f 262/262/262 264/264/264 113/113/113
f 262/262/262 113/113/113 112/112/112
f 263/263/263 262/262/262 112/112/112
f 263/263/263 112/112/112 111/111/111
f 265/265/265 266/266/266 267/267/267
f 265/265/265 267/267/267 268/268/268
f 266/266/266 52/52/52 51/51/51
f 266/266/266 51/51/51 267/267/267
f 267/267/267 51/51/51 50/50/50
f 267/267/267 50/50/50 269/269/269
f 268/268/268 267/267/267 269/269/269
f 268/268/268 269/269/269 27/27/27
f 270/270/270 271/271/271 272/272/272
f 270/270/270 272/272/272 273/273/273
f 271/271/271 274/274/274 275/275/275
f 271/271/271 275/275/275 272/272/272
f 272/272/272 275/275/275 276/276/276
f 272/272/272 276/276/276 277/277/277
f 273/273/273 272/272/272 277/277/277
f 273/273/273 277/277/277 278/278/278
f 279/279/279 280/280/280 281/281/281
f 279/279/279 281/281/281 282/282/282
f 280/280/280 283/283/283 284/284/284
f 280/280/280 284/284/284 281/281/281
f 281/281/281 284/284/284 285/285/285
f 281/281/281 285/285/285 286/286/286
f 282/282/282 281/281/281 286/286/286
f 282/282/282 286/286/286 287/287/287
f 288/288/288 289/289/289 290/290/290
f 288/288/288 290/290/290 291/291/291
f 289/289/289 292/292/292 293/293/293
f 289/289/289 293/293/293 290/290/290
f 290/290/290 293/293/293 294/294/294
f 290/290/290 294/294/294 295/295/295
f 291/291/291 290/290/290 295/295/295
f 291/291/291 295/295/295 296/296/296
f 297/297/297 298/298/298 299/299/299
f 297/297/297 299/299/299 300/300/300
f 298/298/298 301/301/301 302/302/302
f 298/298/298 302/302/302 299/299/299
f 299/299/299 302/302/302 303/303/303
f 299/299/299 303/303/303 304/304/304
f 300/300/300 299/299/299 304/304/304
f 300/300/300 304/304/304 305/305/305
f 306/306/306 307/307/307 308/308/308
f 306/306/306 308/308/308 309/309/309
f 307/307/307 310/310/310 311/311/311
f 307/307/307 311/311/311 308/308/308
f 308/308/308 311/311/311 312/312/312
f 308/308/308 312/312/312 313/313/313
f 309/309/309 308/308/308 313/313/313
f 309/309/309 313/313/313 314/314/314
f 315/315/315 316/316/316 317/317/317
f 315/315/315 317/317/317 318/318/318
f 316/316/316 319/319/319 320/320/320
f 316/316/316 320/320/320 317/317/317
f 317/317/317 320/320/320 321/321/321
f 317/317/317 321/321/321 322/322/322
f 318/318/318 317/317/317 322/322/322
f 318/318/318 322/322/322 323/323/323
f 319/319/319 324/324/324 325/325/325
f 319/319/319 325/325/325 320/320/320
f 324/324/324 306/306/306 309/309/309
f 324/324/324 309/309/309 325/325/325
f 325/325/325 309/309/309 314/314/314
f 325/325/325 314/314/314 326/326/326
f 320/320/320 325/325/325 326/326/326
f 320/320/320 326/326/326 321/321/321
f 327/327/327 328/328/328 329/329/329
f 327/327/327 329/329/329 330/330/330
f 328/328/328 288/288/288 291/291/291
f 328/328/328 291/291/291 329/329/329
f 329/329/329 291/291/291 296/296/296
f 329/329/329 296/296/296 331/331/331
f 330/330/330 329/329/329 331/331/331
f 330/330/330 331/331/331 332/332/332
f 333/333/333 334/334/334 335/335/335
f 333/333/333 335/335/335 336/336/336
f 334/334/334 270/270/270 273/273/273
f 334/334/334 273/273/273 335/335/335
f 335/335/335 273/273/273 278/278/278
f 335/335/335 278/278/278 337/337/337
f 336/336/336 335/335/335 337/337/337
f 336/336/336 337/337/337 338/338/338
f 283/283/283 339/339/339 340/340/340
f 283/283/283 340/340/340 284/284/284
f 339/339/339 333/333/333 336/336/336
f 339/339/339 336/336/336 340/340/340
f 340/340/340 336/336/336 338/338/338
f 340/340/340 338/338/338 341/341/341
f 284/284/284 340/340/340 341/341/341
f 284/284/284 341/341/341 285/285/285
f 292/292/292 342/342/342 343/343/343
f 292/292/292 343/343/343 293/293/293
f 342/342/342 279/279/279 282/282/282
f 342/342/342 282/282/282 343/343/343
f 343/343/343 282/282/282 287/287/287
f 343/343/343 287/287/287 344/344/344
f 293/293/293 343/343/343 344/344/344
f 293/293/293 344/344/344 294/294/294
f 274/274/274 345/345/345 346/346/346
f 274/274/274 346/346/346 275/275/275
f 345/345/345 315/315/315 318/318/318
f 345/345/345 318/318/318 346/346/346
f 346/346/346 318/318/318 323/323/323
f 346/346/346 323/323/323 347/347/347
f 275/275/275 346/346/346 347/347/347
f 275/275/275 347/347/347 276/276/276
f 348/348/348 349/349/349 350/350/350
f 348/348/348 350/350/350 351/351/351
f 349/349/349 327/327/327 330/330/330
f 349/349/349 330/330/330 350/350/350
f 350/350/350 330/330/330 332/332/332
f 350/350/350 332/332/332 352/352/352
f 351/351/351 350/350/350 352/352/352
f 351/351/351 352/352/352 353/353/353
f 301/301/301 354/354/354 355/355/355
f 301/301/301 355/355/355 302/302/302
f 354/354/354 348/348/348 351/351/351
f 354/354/354 351/351/351 355/355/355
f 355/355/355 351/351/351 353/353/353
f 355/355/355 353/353/353 356/356/356
f 302/302/302 355/355/355 356/356/356
f 302/302/302 356/356/356 303/303/303
f 357/357/357 358/358/358 359/359/359
f 357/357/357 359/359/359 360/360/360
f 358/358/358 361/361/361 362/362/362
f 358/358/358 362/362/362 359/359/359
f 359/359/359 362/362/362 363/363/363
f 359/359/359 363/363/363 364/364/364
f 360/360/360 359/359/359 364/364/364
f 360/360/360 364/364/364 365/365/365
f 19/19/19 366/366/366 367/367/367
f 19/19/19 367/367/367 20/20/20
f 366/366/366 368/368/368 369/369/369
f 366/366/366 369/369/369 367/367/367
f 367/367/367 369/369/369 370/370/370
f 367/367/367 370/370/370 371/371/371
f 20/20/20 367/367/367 371/371/371
f 20/20/20 371/371/371 23/23/23
f 181/181/181 240/240/240 372/372/372
f 181/181/181 372/372/372 373/373/373
f 240/240/240 212/212/212 374/374/374
f 240/240/240 374/374/374 372/372/372
f 372/372/372 374/374/374 37/37/37
f 372/372/372 37/37/37 251/251/251
f 373/373/373 372/372/372 251/251/251
f 373/373/373 251/251/251 81/81/81
f 375/375/375 376/376/376 377/377/377
f 375/375/375 377/377/377 378/378/378
f 376/376/376 379/379/379 380/380/380
f 376/376/376 380/380/380 377/377/377
f 377/377/377 380/380/380 381/381/381
f 377/377/377 381/381/381 382/382/382
f 378/378/378 377/377/377 382/382/382
f 378/378/378 382/382/382 383/383/383
f 384/384/384 385/385/385 386/386/386
f 384/384/384 386/386/386 387/387/387
f 385/385/385 388/388/388 389/389/389
f 385/385/385 389/389/389 386/386/386
f 386/386/386 389/389/389 390/390/390
f 386/386/386 390/390/390 391/391/391
f 387/387/387 386/386/386 391/391/391
f 387/387/387 391/391/391 392/392/392
f 393/393/393 394/394/394 395/395/395
f 393/393/393 395/395/395 396/396/396
f 394/394/394 357/357/357 360/360/360
f 394/394/394 360/360/360 395/395/395
f 395/395/395 360/360/360 365/365/365
f 395/395/395 365/365/365 397/397/397
f 396/396/396 395/395/395 397/397/397
f 396/396/396 397/397/397 398/398/398
f 399/399/399 400/400/400 401/401/401
f 399/399/399 401/401/401 402/402/402
f 400/400/400 403/403/403 404/404/404
f 400/400/400 404/404/404 401/401/401
f 401/401/401 404/404/404 405/405/405
f 401/401/401 405/405/405 406/406/406
f 402/402/402 401/401/401 406/406/406
f 402/402/402 406/406/406 407/407/407
f 70/70/70 73/73/73 408/408/408
f 70/70/70 408/408/408 409/409/409
f 73/73/73 77/77/77 410/410/410
f 73/73/73 410/410/410 408/408/408
f 408/408/408 410/410/410 411/411/411
f 408/408/408 411/411/411 412/412/412
f 409/409/409 408/408/408 412/412/412
f 409/409/409 412/412/412 413/413/413
f 414/414/414 415/415/415 416/416/416
f 414/414/414 416/416/416 417/417/417
f 415/415/415 418/418/418 419/419/419
f 415/415/415 419/419/419 416/416/416
f 416/416/416 419/419/419 420/420/420
f 416/416/416 420/420/420 421/421/421
f 417/417/417 416/416/416 421/421/421
f 417/417/417 421/421/421 422/422/422
f 423/423/423 424/424/424 425/425/425
f 423/423/423 425/425/425 426/426/426
f 424/424/424 379/379/379 427/427/427
f 424/424/424 427/427/427 425/425/425
f 425/425/425 427/427/427 420/420/420
f 425/425/425 420/420/420 428/428/428
f 426/426/426 425/425/425 428/428/428
f 426/426/426 428/428/428 429/429/429
f 430/430/430 431/431/431 432/432/432
f 430/430/430 432/432/432 433/433/433
f 431/431/431 418/418/418 434/434/434
f 431/431/431 434/434/434 432/432/432
f 432/432/432 434/434/434 363/363/363
f 432/432/432 363/363/363 362/362/362
f 433/433/433 432/432/432 362/362/362
f 433/433/433 362/362/362 361/361/361
f 435/435/435 436/436/436 437/437/437
f 435/435/435 437/437/437 438/438/438
f 436/436/436 439/439/439 440/440/440
f 436/436/436 440/440/440 437/437/437
f 437/437/437 440/440/440 441/441/441
f 437/437/437 441/441/441 442/442/442
f 438/438/438 437/437/437 442/442/442
f 438/438/438 442/442/442 443/443/443
f 444/444/444 445/445/445 446/446/446
f 444/444/444 446/446/446 447/447/447
f 445/445/445 448/448/448 449/449/449
f 445/445/445 449/449/449 446/446/446
f 446/446/446 449/449/449 450/450/450
f 446/446/446 450/450/450 451/451/451
f 447/447/447 446/446/446 451/451/451
f 447/447/447 451/451/451 452/452/452
f 453/453/453 454/454/454 455/455/455
f 453/453/453 455/455/455 456/456/456
f 454/454/454 457/457/457 458/458/458
f 454/454/454 458/458/458 455/455/455
f 455/455/455 458/458/458 459/459/459
f 455/455/455 459/459/459 460/460/460
f 456/456/456 455/455/455 460/460/460
f 456/456/456 460/460/460 461/461/461
f 462/462/462 463/463/463 464/464/464
f 462/462/462 464/464/464 465/465/465
f 463/463/463 466/466/466 467/467/467
f 463/463/463 467/467/467 464/464/464
f 464/464/464 467/467/467 120/120/120
f 464/464/464 120/120/120 117/117/117
f 465/465/465 464/464/464 117/117/117
f 465/465/465 117/117/117 116/116/116
f 468/468/468 469/469/469 470/470/470
f 468/468/468 470/470/470 471/471/471
f 469/469/469 462/462/462 472/472/472
f 469/469/469 472/472/472 470/470/470
f 470/470/470 472/472/472 7/7/7
f 470/470/470 7/7/7 473/473/473
f 471/471/471 470/470/470 473/473/473
f 471/471/471 473/473/473 474/474/474
f 475/475/475 476/476/476 477/477/477
f 475/475/475 477/477/477 478/478/478
f 476/476/476 479/479/479 480/480/480
f 476/476/476 480/480/480 477/477/477
f 477/477/477 480/480/480 403/403/403
f 477/477/477 403/403/403 400/400/400
f 478/478/478 477/477/477 400/400/400
f 478/478/478 400/400/400 399/399/399
f 481/481/481 482/482/482 483/483/483
f 481/481/481 483/483/483 484/484/484
f 482/482/482 405/405/405 404/404/404
f 482/482/482 404/404/404 483/483/483
f 483/483/483 404/404/404 403/403/403
f 483/483/483 403/403/403 485/485/485
f 484/484/484 483/483/483 485/485/485
f 484/484/484 485/485/485 486/486/486
f 487/487/487 488/488/488 489/489/489
f 487/487/487 489/489/489 490/490/490
f 488/488/488 479/479/479 491/491/491
f 488/488/488 491/491/491 489/489/489
f 489/489/489 491/491/491 1/1/1
f 489/489/489 1/1/1 4/4/4
f 490/490/490 489/489/489 4/4/4
f 490/490/490 4/4/4 9/9/9
f 163/163/163 492/492/492 493/493/493
f 163/163/163 493/493/493 164/164/164
f 492/492/492 474/474/474 494/494/494
f 492/492/492 494/494/494 493/493/493
f 493/493/493 494/494/494 495/495/495
f 493/493/493 495/495/495 496/496/496
f 164/164/164 493/493/493 496/496/496
f 164/164/164 496/496/496 167/167/167
f 171/171/171 497/497/497 498/498/498
f 171/171/171 498/498/498 172/172/172
f 497/497/497 468/468/468 471/471/471
f 497/497/497 471/471/471 498/498/498
f 498/498/498 471/471/471 474/474/474
f 498/498/498 474/474/474 492/492/492
f 172/172/172 498/498/498 492/492/492
f 172/172/172 492/492/492 163/163/163
f 175/175/175 499/499/499 500/500/500
f 175/175/175 500/500/500 176/176/176
f 499/499/499 501/501/501 502/502/502
f 499/499/499 502/502/502 500/500/500
f 500/500/500 502/502/502 503/503/503
f 500/500/500 503/503/503 504/504/504
f 176/176/176 500/500/500 504/504/504
f 176/176/176 504/504/504 179/179/179
f 183/183/183 505/505/505 506/506/506
f 183/183/183 506/506/506 184/184/184
f 505/505/505 507/507/507 508/508/508
f 505/505/505 508/508/508 506/506/506
f 506/506/506 508/508/508 509/509/509
f 506/506/506 509/509/509 510/510/510
f 184/184/184 506/506/506 510/510/510
f 184/184/184 510/510/510 187/187/187
f 192/192/192 511/511/511 512/512/512
f 192/192/192 512/512/512 193/193/193
f 511/511/511 513/513/513 514/514/514
f 511/511/511 514/514/514 512/512/512
f 512/512/512 514/514/514 411/411/411
f 512/512/512 411/411/411 410/410/410
f 193/193/193 512/512/512 410/410/410
f 193/193/193 410/410/410 77/77/77
f 198/198/198 515/515/515 516/516/516
f 198/198/198 516/516/516 199/199/199
f 515/515/515 384/384/384 387/387/387
f 515/515/515 387/387/387 516/516/516
f 516/516/516 387/387/387 392/392/392
f 516/516/516 392/392/392 517/517/517
f 199/199/199 516/516/516 517/517/517
f 199/199/199 517/517/517 202/202/202
f 204/204/204 518/518/518 519/519/519
f 204/204/204 519/519/519 205/205/205
f 518/518/518 520/520/520 521/521/521
f 518/518/518 521/521/521 519/519/519
f 519/519/519 521/521/521 522/522/522
f 519/519/519 522/522/522 523/523/523
f 205/205/205 519/519/519 523/523/523
f 205/205/205 523/523/523 208/208/208
f 507/507/507 505/505/505 524/524/524
f 507/507/507 524/524/524 525/525/525
f 505/505/505 183/183/183 218/218/218
f 505/505/505 218/218/218 524/524/524
f 524/524/524 218/218/218 217/217/217
f 524/524/524 217/217/217 526/526/526
f 525/525/525 524/524/524 526/526/526
f 525/525/525 526/526/526 527/527/527
f 398/398/398 397/397/397 528/528/528
f 398/398/398 528/528/528 529/529/529
f 397/397/397 365/365/365 364/364/364
f 397/397/397 364/364/364 528/528/528
f 528/528/528 364/364/364 363/363/363
f 528/528/528 363/363/363 530/530/530
f 529/529/529 528/528/528 530/530/530
f 529/529/529 530/530/530 531/531/531
f 70/70/70 409/409/409 532/532/532
f 70/70/70 532/532/532 222/222/222
f 409/409/409 413/413/413 533/533/533
f 409/409/409 533/533/533 532/532/532
f 532/532/532 533/533/533 501/501/501
f 532/532/532 501/501/501 499/499/499
f 222/222/222 532/532/532 499/499/499
f 222/222/222 499/499/499 175/175/175
f 461/461/461 534/534/534 535/535/535
f 461/461/461 535/535/535 456/456/456
f 534/534/534 536/536/536 537/537/537
f 534/534/534 537/537/537 535/535/535
f 535/535/535 537/537/537 435/435/435
f 535/535/535 435/435/435 538/538/538
f 456/456/456 535/535/535 538/538/538
f 456/456/456 538/538/538 453/453/453
f 443/443/443 442/442/442 539/539/539
f 443/443/443 539/539/539 540/540/540
f 442/442/442 441/441/441 541/541/541
f 442/442/442 541/541/541 539/539/539
f 539/539/539 541/541/541 448/448/448
f 539/539/539 448/448/448 445/445/445
f 540/540/540 539/539/539 445/445/445
f 540/540/540 445/445/445 444/444/444
f 429/429/429 428/428/428 542/542/542
f 429/429/429 542/542/542 543/543/543
f 428/428/428 420/420/420 419/419/419
f 428/428/428 419/419/419 542/542/542
f 542/542/542 419/419/419 418/418/418
f 542/542/542 418/418/418 431/431/431
f 543/543/543 542/542/542 431/431/431
f 543/543/543 431/431/431 430/430/430
f 531/531/531 530/530/530 544/544/544
f 531/531/531 544/544/544 545/545/545
f 530/530/530 363/363/363 434/434/434
f 530/530/530 434/434/434 544/544/544
f 544/544/544 434/434/434 418/418/418
f 544/544/544 418/418/418 415/415/415
f 545/545/545 544/544/544 415/415/415
f 545/545/545 415/415/415 414/414/414
f 179/179/179 504/504/504 546/546/546
f 179/179/179 546/546/546 238/238/238
f 504/504/504 503/503/503 547/547/547
f 504/504/504 547/547/547 546/546/546
f 546/546/546 547/547/547 520/520/520
f 546/546/546 520/520/520 518/518/518
f 238/238/238 546/546/546 518/518/518
f 238/238/238 518/518/518 204/204/204
f 125/125/125 548/548/548 549/549/549
f 125/125/125 549/549/549 550/550/550
f 548/548/548 444/444/444 447/447/447
f 548/548/548 447/447/447 549/549/549
f 549/549/549 447/447/447 452/452/452
f 549/549/549 452/452/452 551/551/551
f 550/550/550 549/549/549 551/551/551
f 550/550/550 551/551/551 552/552/552
f 169/169/169 261/261/261 553/553/553
f 169/169/169 553/553/553 554/554/554
f 261/261/261 215/215/215 555/555/555
f 261/261/261 555/555/555 553/553/553
f 553/553/553 555/555/555 143/143/143
f 553/553/553 143/143/143 256/256/256
f 554/554/554 553/553/553 256/256/256
f 554/554/554 256/256/256 255/255/255
f 86/86/86 556/556/556 557/557/557
f 86/86/86 557/557/557 558/558/558
f 556/556/556 559/559/559 560/560/560
f 556/556/556 560/560/560 557/557/557
f 557/557/557 560/560/560 250/250/250
f 557/557/557 250/250/250 249/249/249
f 558/558/558 557/557/557 249/249/249
f 558/558/558 249/249/249 106/106/106
f 422/422/422 421/421/421 561/561/561
f 422/422/422 561/561/561 562/562/562
f 421/421/421 420/420/420 427/427/427
f 421/421/421 427/427/427 561/561/561
f 561/561/561 427/427/427 379/379/379
f 561/561/561 379/379/379 376/376/376
f 562/562/562 561/561/561 376/376/376
f 562/562/562 376/376/376 375/375/375
f 486/486/486 485/485/485 563/563/563
f 486/486/486 563/563/563 564/564/564
f 485/485/485 403/403/403 480/480/480
f 485/485/485 480/480/480 563/563/563
f 563/563/563 480/480/480 479/479/479
f 563/563/563 479/479/479 488/488/488
f 564/564/564 563/563/563 488/488/488
f 564/564/564 488/488/488 487/487/487
f 5/5/5 2/2/2 565/565/565
f 5/5/5 565/565/565 566/566/566
f 2/2/2 1/1/1 491/491/491
f 2/2/2 491/491/491 565/565/565
f 565/565/565 491/491/491 479/479/479
f 565/565/565 479/479/479 476/476/476
f 566/566/566 565/565/565 476/476/476
f 566/566/566 476/476/476 475/475/475
f 167/167/167 496/496/496 567/567/567
f 167/167/167 567/567/567 259/259/259
f 496/496/496 495/495/495 568/568/568
f 496/496/496 568/568/568 567/567/567
f 567/567/567 568/568/568 527/527/527
f 567/567/567 527/527/527 526/526/526
f 259/259/259 567/567/567 526/526/526
f 259/259/259 526/526/526 217/217/217
f 481/481/481 569/569/569 570/570/570
f 481/481/481 570/570/570 482/482/482
f 569/569/569 452/452/452 451/451/451
f 569/569/569 451/451/451 570/570/570
f 570/570/570 451/451/451 450/450/450
f 570/570/570 450/450/450 571/571/571
f 482/482/482 570/570/570 571/571/571
f 482/482/482 571/571/571 405/405/405
f 572/572/572 573/573/573 574/574/574
f 572/572/572 574/574/574 575/575/575
f 573/573/573 368/368/368 576/576/576
f 573/573/573 576/576/576 574/574/574
f 574/574/574 576/576/576 392/392/392
f 574/574/574 392/392/392 391/391/391
f 575/575/575 574/574/574 391/391/391
f 575/575/575 391/391/391 390/390/390
f 131/131/131 577/577/577 578/578/578
f 131/131/131 578/578/578 579/579/579
f 577/577/577 580/580/580 581/581/581
f 577/577/577 581/581/581 578/578/578
f 578/578/578 581/581/581 582/582/582
f 578/578/578 582/582/582 583/583/583
f 579/579/579 578/578/578 583/583/583
f 579/579/579 583/583/583 457/457/457
f 584/584/584 585/585/585 586/586/586
f 584/584/584 586/586/586 587/587/587
f 585/585/585 588/588/588 589/589/589
f 585/585/585 589/589/589 586/586/586
f 586/586/586 589/589/589 590/590/590
f 586/586/586 590/590/590 591/591/591
f 587/587/587 586/586/586 591/591/591
f 587/587/587 591/591/591 592/592/592
f 122/122/122 593/593/593 594/594/594
f 122/122/122 594/594/594 595/595/595
f 593/593/593 596/596/596 597/597/597
f 593/593/593 597/597/597 594/594/594
f 594/594/594 597/597/597 598/598/598
f 594/594/594 598/598/598 599/599/599
f 595/595/595 594/594/594 599/599/599
f 595/595/595 599/599/599 600/600/600
f 297/297/297 300/300/300 601/601/601
f 297/297/297 601/601/601 602/602/602
f 300/300/300 305/305/305 603/603/603
f 300/300/300 603/603/603 601/601/601
f 601/601/601 603/603/603 604/604/604
f 601/601/601 604/604/604 605/605/605
f 602/602/602 601/601/601 605/605/605
f 602/602/602 605/605/605 606/606/606
f 607/607/607 608/608/608 609/609/609
f 607/607/607 609/609/609 610/610/610
f 608/608/608 611/611/611 612/612/612
f 608/608/608 612/612/612 609/609/609
f 609/609/609 612/612/612 312/312/312
f 609/609/609 312/312/312 311/311/311
f 610/610/610 609/609/609 311/311/311
f 610/610/610 311/311/311 310/310/310
f 459/459/459 613/613/613 614/614/614
f 459/459/459 614/614/614 615/615/615
f 613/613/613 616/616/616 617/617/617
f 613/613/613 617/617/617 614/614/614
f 614/614/614 617/617/617 618/618/618
f 614/614/614 618/618/618 619/619/619
f 615/615/615 614/614/614 619/619/619
f 615/615/615 619/619/619 620/620/620
f 620/620/620 619/619/619 621/621/621
f 620/620/620 621/621/621 622/622/622
f 619/619/619 618/618/618 623/623/623
f 619/619/619 623/623/623 621/621/621
f 621/621/621 623/623/623 611/611/611
f 621/621/621 611/611/611 608/608/608
f 622/622/622 621/621/621 608/608/608
f 622/622/622 608/608/608 607/607/607
f 120/120/120 624/624/624 625/625/625
f 120/120/120 625/625/625 121/121/121
f 624/624/624 626/626/626 627/627/627
f 624/624/624 627/627/627 625/625/625
f 625/625/625 627/627/627 596/596/596
f 625/625/625 596/596/596 593/593/593
f 121/121/121 625/625/625 593/593/593
f 121/121/121 593/593/593 122/122/122
f 129/129/129 628/628/628 629/629/629
f 129/129/129 629/629/629 130/130/130
f 628/628/628 630/630/630 631/631/631
f 628/628/628 631/631/631 629/629/629
f 629/629/629 631/631/631 580/580/580
f 629/629/629 580/580/580 577/577/577
f 130/130/130 629/629/629 577/577/577
f 130/130/130 577/577/577 131/131/131
f 592/592/592 591/591/591 632/632/632
f 592/592/592 632/632/632 633/633/633
f 591/591/591 590/590/590 634/634/634
f 591/591/591 634/634/634 632/632/632
f 632/632/632 634/634/634 630/630/630
f 632/632/632 630/630/630 628/628/628
f 633/633/633 632/632/632 628/628/628
f 633/633/633 628/628/628 129/129/129
f 600/600/600 599/599/599 635/635/635
f 600/600/600 635/635/635 636/636/636
f 599/599/599 598/598/598 637/637/637
f 599/599/599 637/637/637 635/635/635
f 635/635/635 637/637/637 588/588/588
f 635/635/635 588/588/588 585/585/585
f 636/636/636 635/635/635 585/585/585
f 636/636/636 585/585/585 584/584/584
f 457/457/457 583/583/583 638/638/638
f 457/457/457 638/638/638 458/458/458
f 583/583/583 582/582/582 639/639/639
f 583/583/583 639/639/639 638/638/638
f 638/638/638 639/639/639 616/616/616
f 638/638/638 616/616/616 613/613/613
f 458/458/458 638/638/638 613/613/613
f 458/458/458 613/613/613 459/459/459
f 466/466/466 640/640/640 641/641/641
f 466/466/466 641/641/641 467/467/467
f 640/640/640 642/642/642 643/643/643
f 640/640/640 643/643/643 641/641/641
f 641/641/641 643/643/643 626/626/626
f 641/641/641 626/626/626 624/624/624
f 467/467/467 641/641/641 624/624/624
f 467/467/467 624/624/624 120/120/120
f 606/606/606 605/605/605 644/644/644
f 606/606/606 644/644/644 645/645/645
f 605/605/605 604/604/604 646/646/646
f 605/605/605 646/646/646 644/644/644
f 644/644/644 646/646/646 642/642/642
f 644/644/644 642/642/642 640/640/640
f 645/645/645 644/644/644 640/640/640
f 645/645/645 640/640/640 466/466/466
f 647/647/647 648/648/648 649/649/649
f 647/647/647 649/649/649 650/650/650
f 648/648/648 552/552/552 551/551/551
f 648/648/648 551/551/551 649/649/649
f 649/649/649 551/551/551 452/452/452
f 649/649/649 452/452/452 569/569/569
f 650/650/650 649/649/649 569/569/569
f 650/650/650 569/569/569 481/481/481
f 651/651/651 652/652/652 653/653/653
f 651/651/651 653/653/653 654/654/654
f 652/652/652 486/486/486 564/564/564
f 652/652/652 564/564/564 653/653/653
f 653/653/653 564/564/564 487/487/487
f 653/653/653 487/487/487 655/655/655
f 654/654/654 653/653/653 655/655/655
f 654/654/654 655/655/655 124/124/124
f 651/651/651 656/656/656 657/657/657
f 651/651/651 657/657/657 658/658/658
f 656/656/656 600/600/600 636/636/636
f 656/656/656 636/636/636 657/657/657
f 657/657/657 636/636/636 584/584/584
f 657/657/657 584/584/584 659/659/659
f 658/658/658 657/657/657 659/659/659
f 658/658/658 659/659/659 647/647/647
f 552/552/552 660/660/660 661/661/661
f 552/552/552 661/661/661 550/550/550
f 660/660/660 592/592/592 633/633/633
f 660/660/660 633/633/633 661/661/661
f 661/661/661 633/633/633 129/129/129
f 661/661/661 129/129/129 126/126/126
f 550/550/550 661/661/661 126/126/126
f 550/550/550 126/126/126 125/125/125
f 647/647/647 650/650/650 662/662/662
f 647/647/647 662/662/662 658/658/658
f 650/650/650 481/481/481 484/484/484
f 650/650/650 484/484/484 662/662/662
f 662/662/662 484/484/484 486/486/486
f 662/662/662 486/486/486 652/652/652
f 658/658/658 662/662/662 652/652/652
f 658/658/658 652/652/652 651/651/651
f 453/453/453 538/538/538 663/663/663
f 453/453/453 663/663/663 664/664/664
f 538/538/538 435/435/435 438/438/438
f 538/538/538 438/438/438 663/663/663
f 663/663/663 438/438/438 443/443/443
f 663/663/663 443/443/443 665/665/665
f 664/664/664 663/663/663 665/665/665
f 664/664/664 665/665/665 133/133/133
f 468/468/468 666/666/666 667/667/667
f 468/468/468 667/667/667 469/469/469
f 666/666/666 606/606/606 645/645/645
f 666/666/666 645/645/645 667/667/667
f 667/667/667 645/645/645 466/466/466
f 667/667/667 466/466/466 463/463/463
f 469/469/469 667/667/667 463/463/463
f 469/469/469 463/463/463 462/462/462
f 668/668/668 669/669/669 670/670/670
f 668/668/668 670/670/670 671/671/671
f 669/669/669 149/149/149 263/263/263
f 669/669/669 263/263/263 670/670/670
f 670/670/670 263/263/263 111/111/111
f 670/670/670 111/111/111 246/246/246
f 671/671/671 670/670/670 246/246/246
f 671/671/671 246/246/246 245/245/245
f 672/672/672 673/673/673 674/674/674
f 672/672/672 674/674/674 675/675/675
f 673/673/673 676/676/676 677/677/677
f 673/673/673 677/677/677 674/674/674
f 674/674/674 677/677/677 155/155/155
f 674/674/674 155/155/155 253/253/253
f 675/675/675 674/674/674 253/253/253
f 675/675/675 253/253/253 153/153/153
f 678/678/678 679/679/679 680/680/680
f 678/678/678 680/680/680 681/681/681
f 679/679/679 620/620/620 622/622/622
f 679/679/679 622/622/622 680/680/680
f 680/680/680 622/622/622 607/607/607
f 680/680/680 607/607/607 682/682/682
f 681/681/681 680/680/680 682/682/682
f 681/681/681 682/682/682 370/370/370
f 461/461/461 460/460/460 683/683/683
f 461/461/461 683/683/683 684/684/684
f 460/460/460 459/459/459 615/615/615
f 460/460/460 615/615/615 683/683/683
f 683/683/683 615/615/615 620/620/620
f 683/683/683 620/620/620 679/679/679
f 684/684/684 683/683/683 679/679/679
f 684/684/684 679/679/679 678/678/678
f 668/668/668 685/685/685 686/686/686
f 668/668/668 686/686/686 669/669/669
f 685/685/685 672/672/672 675/675/675
f 685/685/685 675/675/675 686/686/686
f 686/686/686 675/675/675 153/153/153
f 686/686/686 153/153/153 150/150/150
f 669/669/669 686/686/686 150/150/150
f 669/669/669 150/150/150 149/149/149
f 224/224/224 687/687/687 688/688/688
f 224/224/224 688/688/688 225/225/225
f 687/687/687 689/689/689 690/690/690
f 687/687/687 690/690/690 688/688/688
f 688/688/688 690/690/690 102/102/102
f 688/688/688 102/102/102 99/99/99
f 225/225/225 688/688/688 99/99/99
f 225/225/225 99/99/99 98/98/98
f 133/133/133 665/665/665 691/691/691
f 133/133/133 691/691/691 128/128/128
f 665/665/665 443/443/443 540/540/540
f 665/665/665 540/540/540 691/691/691
f 691/691/691 540/540/540 444/444/444
f 691/691/691 444/444/444 548/548/548
f 128/128/128 691/691/691 548/548/548
f 128/128/128 548/548/548 125/125/125
f 124/124/124 655/655/655 692/692/692
f 124/124/124 692/692/692 119/119/119
f 655/655/655 487/487/487 490/490/490
f 655/655/655 490/490/490 692/692/692
f 692/692/692 490/490/490 9/9/9
f 692/692/692 9/9/9 693/693/693
f 119/119/119 692/692/692 693/693/693
f 119/119/119 693/693/693 116/116/116
f 116/116/116 693/693/693 694/694/694
f 116/116/116 694/694/694 465/465/465
f 693/693/693 9/9/9 8/8/8
f 693/693/693 8/8/8 694/694/694
f 694/694/694 8/8/8 7/7/7
f 694/694/694 7/7/7 472/472/472
f 465/465/465 694/694/694 472/472/472
f 465/465/465 472/472/472 462/462/462
f 676/676/676 695/695/695 696/696/696
f 676/676/676 696/696/696 677/677/677
f 695/695/695 697/697/697 698/698/698
f 695/695/695 698/698/698 696/696/696
f 696/696/696 698/698/698 159/159/159
f 696/696/696 159/159/159 156/156/156
f 677/677/677 696/696/696 156/156/156
f 677/677/677 156/156/156 155/155/155
f 697/697/697 699/699/699 700/700/700
f 697/697/697 700/700/700 698/698/698
f 699/699/699 142/142/142 141/141/141
f 699/699/699 141/141/141 700/700/700
f 700/700/700 141/141/141 140/140/140
f 700/700/700 140/140/140 701/701/701
f 698/698/698 700/700/700 701/701/701
f 698/698/698 701/701/701 159/159/159
f 241/241/241 244/244/244 702/702/702
f 241/241/241 702/702/702 703/703/703
f 244/244/244 107/107/107 232/232/232
f 244/244/244 232/232/232 702/702/702
f 702/702/702 232/232/232 102/102/102
f 702/702/702 102/102/102 690/690/690
f 703/703/703 702/702/702 690/690/690
f 703/703/703 690/690/690 689/689/689
f 370/370/370 682/682/682 704/704/704
f 370/370/370 704/704/704 371/371/371
f 682/682/682 607/607/607 610/610/610
f 682/682/682 610/610/610 704/704/704
f 704/704/704 610/610/610 310/310/310
f 704/704/704 310/310/310 705/705/705
f 371/371/371 704/704/704 705/705/705
f 371/371/371 705/705/705 23/23/23
f 171/171/171 706/706/706 707/707/707
f 171/171/171 707/707/707 497/497/497
f 706/706/706 297/297/297 602/602/602
f 706/706/706 602/602/602 707/707/707
f 707/707/707 602/602/602 606/606/606
f 707/707/707 606/606/606 666/666/666
f 497/497/497 707/707/707 666/666/666
f 497/497/497 666/666/666 468/468/468
f 124/124/124 123/123/123 708/708/708
f 124/124/124 708/708/708 654/654/654
f 123/123/123 122/122/122 595/595/595
f 123/123/123 595/595/595 708/708/708
f 708/708/708 595/595/595 600/600/600
f 708/708/708 600/600/600 656/656/656
f 654/654/654 708/708/708 656/656/656
f 654/654/654 656/656/656 651/651/651
f 647/647/647 659/659/659 709/709/709
f 647/647/647 709/709/709 648/648/648
f 659/659/659 584/584/584 587/587/587
f 659/659/659 587/587/587 709/709/709
f 709/709/709 587/587/587 592/592/592
f 709/709/709 592/592/592 660/660/660
f 648/648/648 709/709/709 660/660/660
f 648/648/648 660/660/660 552/552/552
f 133/133/133 132/132/132 710/710/710
f 133/133/133 710/710/710 664/664/664
f 132/132/132 131/131/131 579/579/579
f 132/132/132 579/579/579 710/710/710
f 710/710/710 579/579/579 457/457/457
f 710/710/710 457/457/457 454/454/454
f 664/664/664 710/710/710 454/454/454
f 664/664/664 454/454/454 453/453/453
f 134/134/134 137/137/137 711/711/711
f 134/134/134 711/711/711 712/712/712
f 137/137/137 142/142/142 713/713/713
f 137/137/137 713/713/713 711/711/711
f 711/711/711 713/713/713 348/348/348
f 711/711/711 348/348/348 354/354/354
f 712/712/712 711/711/711 354/354/354
f 712/712/712 354/354/354 301/301/301
f 142/142/142 699/699/699 714/714/714
f 142/142/142 714/714/714 713/713/713
f 699/699/699 697/697/697 715/715/715
f 699/699/699 715/715/715 714/714/714
f 714/714/714 715/715/715 327/327/327
f 714/714/714 327/327/327 349/349/349
f 713/713/713 714/714/714 349/349/349
f 713/713/713 349/349/349 348/348/348
f 224/224/224 227/227/227 716/716/716
f 224/224/224 716/716/716 717/717/717
f 227/227/227 231/231/231 718/718/718
f 227/227/227 718/718/718 716/716/716
f 716/716/716 718/718/718 315/315/315
f 716/716/716 315/315/315 345/345/345
f 717/717/717 716/716/716 345/345/345
f 717/717/717 345/345/345 274/274/274
f 672/672/672 685/685/685 719/719/719
f 672/672/672 719/719/719 720/720/720
f 685/685/685 668/668/668 721/721/721
f 685/685/685 721/721/721 719/719/719
f 719/719/719 721/721/721 279/279/279
f 719/719/719 279/279/279 342/342/342
f 720/720/720 719/719/719 342/342/342
f 720/720/720 342/342/342 292/292/292
f 245/245/245 242/242/242 722/722/722
f 245/245/245 722/722/722 723/723/723
f 242/242/242 241/241/241 724/724/724
f 242/242/242 724/724/724 722/722/722
f 722/722/722 724/724/724 333/333/333
f 722/722/722 333/333/333 339/339/339
f 723/723/723 722/722/722 339/339/339
f 723/723/723 339/339/339 283/283/283
f 241/241/241 703/703/703 725/725/725
f 241/241/241 725/725/725 724/724/724
f 703/703/703 689/689/689 726/726/726
f 703/703/703 726/726/726 725/725/725
f 725/725/725 726/726/726 270/270/270
f 725/725/725 270/270/270 334/334/334
f 724/724/724 725/725/725 334/334/334
f 724/724/724 334/334/334 333/333/333
f 697/697/697 695/695/695 727/727/727
f 697/697/697 727/727/727 715/715/715
f 695/695/695 676/676/676 728/728/728
f 695/695/695 728/728/728 727/727/727
f 727/727/727 728/728/728 288/288/288
f 727/727/727 288/288/288 328/328/328
f 715/715/715 727/727/727 328/328/328
f 715/715/715 328/328/328 327/327/327
f 729/729/729 730/730/730 731/731/731
f 729/729/729 731/731/731 732/732/732
f 730/730/730 25/25/25 733/733/733
f 730/730/730 733/733/733 731/731/731
f 731/731/731 733/733/733 306/306/306
f 731/731/731 306/306/306 324/324/324
f 732/732/732 731/731/731 324/324/324
f 732/732/732 324/324/324 319/319/319
f 231/231/231 734/734/734 735/735/735
f 231/231/231 735/735/735 718/718/718
f 734/734/734 729/729/729 732/732/732
f 734/734/734 732/732/732 735/735/735
f 735/735/735 732/732/732 319/319/319
f 735/735/735 319/319/319 316/316/316
f 718/718/718 735/735/735 316/316/316
f 718/718/718 316/316/316 315/315/315
f 25/25/25 24/24/24 736/736/736
f 25/25/25 736/736/736 733/733/733
f 24/24/24 23/23/23 705/705/705
f 24/24/24 705/705/705 736/736/736
f 736/736/736 705/705/705 310/310/310
f 736/736/736 310/310/310 307/307/307
f 733/733/733 736/736/736 307/307/307
f 733/733/733 307/307/307 306/306/306
f 171/171/171 174/174/174 737/737/737
f 171/171/171 737/737/737 706/706/706
f 174/174/174 134/134/134 712/712/712
f 174/174/174 712/712/712 737/737/737
f 737/737/737 712/712/712 301/301/301
f 737/737/737 301/301/301 298/298/298
f 706/706/706 737/737/737 298/298/298
f 706/706/706 298/298/298 297/297/297
f 676/676/676 673/673/673 738/738/738
f 676/676/676 738/738/738 728/728/728
f 673/673/673 672/672/672 720/720/720
f 673/673/673 720/720/720 738/738/738
f 738/738/738 720/720/720 292/292/292
f 738/738/738 292/292/292 289/289/289
f 728/728/728 738/738/738 289/289/289
f 728/728/728 289/289/289 288/288/288
f 668/668/668 671/671/671 739/739/739
f 668/668/668 739/739/739 721/721/721
f 671/671/671 245/245/245 723/723/723
f 671/671/671 723/723/723 739/739/739
f 739/739/739 723/723/723 283/283/283
f 739/739/739 283/283/283 280/280/280
f 721/721/721 739/739/739 280/280/280
f 721/721/721 280/280/280 279/279/279
f 689/689/689 687/687/687 740/740/740
f 689/689/689 740/740/740 726/726/726
f 687/687/687 224/224/224 717/717/717
f 687/687/687 717/717/717 740/740/740
f 740/740/740 717/717/717 274/274/274
f 740/740/740 274/274/274 271/271/271
f 726/726/726 740/740/740 271/271/271
f 726/726/726 271/271/271 270/270/270
f 495/495/495 741/741/741 742/742/742
f 495/495/495 742/742/742 568/568/568
f 741/741/741 5/5/5 566/566/566
f 741/741/741 566/566/566 742/742/742
f 742/742/742 566/566/566 475/475/475
f 742/742/742 475/475/475 743/743/743
f 568/568/568 742/742/742 743/743/743
f 568/568/568 743/743/743 527/527/527
f 503/503/503 744/744/744 745/745/745
f 503/503/503 745/745/745 547/547/547
f 744/744/744 422/422/422 562/562/562
f 744/744/744 562/562/562 745/745/745
f 745/745/745 562/562/562 375/375/375
f 745/745/745 375/375/375 746/746/746
f 547/547/547 745/745/745 746/746/746
f 547/547/547 746/746/746 520/520/520
f 413/413/413 747/747/747 748/748/748
f 413/413/413 748/748/748 533/533/533
f 747/747/747 531/531/531 545/545/545
f 747/747/747 545/545/545 748/748/748
f 748/748/748 545/545/545 414/414/414
f 748/748/748 414/414/414 749/749/749
f 533/533/533 748/748/748 749/749/749
f 533/533/533 749/749/749 501/501/501
f 411/411/411 750/750/750 751/751/751
f 411/411/411 751/751/751 412/412/412
f 750/750/750 398/398/398 529/529/529
f 750/750/750 529/529/529 751/751/751
f 751/751/751 529/529/529 531/531/531
f 751/751/751 531/531/531 747/747/747
f 412/412/412 751/751/751 747/747/747
f 412/412/412 747/747/747 413/413/413
f 527/527/527 743/743/743 752/752/752
f 527/527/527 752/752/752 525/525/525
f 743/743/743 475/475/475 478/478/478
f 743/743/743 478/478/478 752/752/752
f 752/752/752 478/478/478 399/399/399
f 752/752/752 399/399/399 753/753/753
f 525/525/525 752/752/752 753/753/753
f 525/525/525 753/753/753 507/507/507
f 501/501/501 749/749/749 754/754/754
f 501/501/501 754/754/754 502/502/502
f 749/749/749 414/414/414 417/417/417
f 749/749/749 417/417/417 754/754/754
f 754/754/754 417/417/417 422/422/422
f 754/754/754 422/422/422 744/744/744
f 502/502/502 754/754/754 744/744/744
f 502/502/502 744/744/744 503/503/503
f 507/507/507 753/753/753 755/755/755
f 507/507/507 755/755/755 508/508/508
f 753/753/753 399/399/399 402/402/402
f 753/753/753 402/402/402 755/755/755
f 755/755/755 402/402/402 407/407/407
f 755/755/755 407/407/407 756/756/756
f 508/508/508 755/755/755 756/756/756
f 508/508/508 756/756/756 509/509/509
f 513/513/513 757/757/757 758/758/758
f 513/513/513 758/758/758 514/514/514
f 757/757/757 393/393/393 396/396/396
f 757/757/757 396/396/396 758/758/758
f 758/758/758 396/396/396 398/398/398
f 758/758/758 398/398/398 750/750/750
f 514/514/514 758/758/758 750/750/750
f 514/514/514 750/750/750 411/411/411
f 520/520/520 746/746/746 759/759/759
f 520/520/520 759/759/759 521/521/521
f 746/746/746 375/375/375 378/378/378
f 746/746/746 378/378/378 759/759/759
f 759/759/759 378/378/378 383/383/383
f 759/759/759 383/383/383 760/760/760
f 521/521/521 759/759/759 760/760/760
f 521/521/521 760/760/760 522/522/522
f 435/435/435 537/537/537 761/761/761
f 435/435/435 761/761/761 436/436/436
f 537/537/537 536/536/536 762/762/762
f 537/537/537 762/762/762 761/761/761
f 761/761/761 762/762/762 763/763/763
f 761/761/761 763/763/763 764/764/764
f 436/436/436 761/761/761 764/764/764
f 436/436/436 764/764/764 439/439/439
f 678/678/678 681/681/681 765/765/765
f 678/678/678 765/765/765 766/766/766
f 681/681/681 370/370/370 369/369/369
f 681/681/681 369/369/369 765/765/765
f 765/765/765 369/369/369 368/368/368
f 765/765/765 368/368/368 573/573/573
f 766/766/766 765/765/765 573/573/573
f 766/766/766 573/573/573 572/572/572
f 202/202/202 517/517/517 767/767/767
f 202/202/202 767/767/767 768/768/768
f 517/517/517 392/392/392 576/576/576
f 517/517/517 576/576/576 767/767/767
f 767/767/767 576/576/576 368/368/368
f 767/767/767 368/368/368 366/366/366
f 768/768/768 767/767/767 366/366/366
f 768/768/768 366/366/366 19/19/19
f 729/729/729 769/769/769 770/770/770
f 729/729/729 770/770/770 730/730/730
f 769/769/769 265/265/265 268/268/268
f 769/769/769 268/268/268 770/770/770
f 770/770/770 268/268/268 27/27/27
f 770/770/770 27/27/27 26/26/26
f 730/730/730 770/770/770 26/26/26
f 730/730/730 26/26/26 25/25/25
f 202/202/202 768/768/768 771/771/771
f 202/202/202 771/771/771 203/203/203
f 768/768/768 19/19/19 22/22/22
f 768/768/768 22/22/22 771/771/771
f 771/771/771 22/22/22 27/27/27
f 771/771/771 27/27/27 269/269/269
f 203/203/203 771/771/771 269/269/269
f 203/203/203 269/269/269 50/50/50
f 461/461/461 684/684/684 772/772/772
f 461/461/461 772/772/772 534/534/534
f 684/684/684 678/678/678 766/766/766
f 684/684/684 766/766/766 772/772/772
f 772/772/772 766/766/766 572/572/572
f 772/772/772 572/572/572 773/773/773
f 534/534/534 772/772/772 773/773/773
f 534/534/534 773/773/773 536/536/536
f 231/231/231 230/230/230 774/774/774
f 231/231/231 774/774/774 734/734/734
f 230/230/230 229/229/229 775/775/775
f 230/230/230 775/775/775 774/774/774
f 774/774/774 775/775/775 265/265/265
f 774/774/774 265/265/265 769/769/769
f 734/734/734 774/774/774 769/769/769
f 734/734/734 769/769/769 729/729/729
f 536/536/536 773/773/773 776/776/776
f 536/536/536 776/776/776 762/762/762
f 773/773/773 572/572/572 575/575/575
f 773/773/773 575/575/575 776/776/776
f 776/776/776 575/575/575 390/390/390
f 776/776/776 390/390/390 777/777/777
f 762/762/762 776/776/776 777/777/777
f 762/762/762 777/777/777 763/763/763
f 52/52/52 266/266/266 778/778/778
f 52/52/52 778/778/778 779/779/779
f 266/266/266 265/265/265 775/775/775
f 266/266/266 775/775/775 778/778/778
f 778/778/778 775/775/775 229/229/229
f 778/778/778 229/229/229 248/248/248
f 779/779/779 778/778/778 248/248/248
f 779/779/779 248/248/248 250/250/250
f 75/75/75 74/74/74 780/780/780
f 75/75/75 780/780/780 781/781/781
f 74/74/74 28/28/28 31/31/31
f 74/74/74 31/31/31 780/780/780
f 780/780/780 31/31/31 36/36/36
f 780/780/780 36/36/36 219/219/219
f 781/781/781 780/780/780 219/219/219
f 781/781/781 219/219/219 59/59/59
f 215/215/215 213/213/213 782/782/782
f 215/215/215 782/782/782 555/555/555
f 213/213/213 191/191/191 783/783/783
f 213/213/213 783/783/783 782/782/782
f 782/782/782 783/783/783 61/61/61
f 782/782/782 61/61/61 144/144/144
f 555/555/555 782/782/782 144/144/144
f 555/555/555 144/144/144 143/143/143
f 32/32/32 182/182/182 784/784/784
f 32/32/32 784/784/784 33/33/33
f 182/182/182 181/181/181 373/373/373
f 182/182/182 373/373/373 784/784/784
f 784/784/784 373/373/373 81/81/81
f 784/784/784 81/81/81 78/78/78
f 33/33/33 784/784/784 78/78/78
f 33/33/33 78/78/78 34/34/34
f 191/191/191 190/190/190 785/785/785
f 191/191/191 785/785/785 783/783/783
f 190/190/190 189/189/189 786/786/786
f 190/190/190 786/786/786 785/785/785
f 785/785/785 786/786/786 65/65/65
f 785/785/785 65/65/65 62/62/62
f 783/783/783 785/785/785 62/62/62
f 783/783/783 62/62/62 61/61/61
f 197/197/197 196/196/196 787/787/787
f 197/197/197 787/787/787 788/788/788
f 196/196/196 75/75/75 781/781/781
f 196/196/196 781/781/781 787/787/787
f 787/787/787 781/781/781 59/59/59
f 787/787/787 59/59/59 56/56/56
f 788/788/788 787/787/787 56/56/56
f 788/788/788 56/56/56 55/55/55
f 212/212/212 211/211/211 789/789/789
f 212/212/212 789/789/789 374/374/374
f 211/211/211 210/210/210 790/790/790
f 211/211/211 790/790/790 789/789/789
f 789/789/789 790/790/790 41/41/41
f 789/789/789 41/41/41 38/38/38
f 374/374/374 789/789/789 38/38/38
f 374/374/374 38/38/38 37/37/37
f 54/54/54 791/791/791 792/792/792
f 54/54/54 792/792/792 793/793/793
f 791/791/791 559/559/559 794/794/794
f 791/791/791 794/794/794 792/792/792
f 792/792/792 794/794/794 43/43/43
f 792/792/792 43/43/43 42/42/42
f 793/793/793 792/792/792 42/42/42
f 793/793/793 42/42/42 41/41/41
f 388/388/388 795/795/795 796/796/796
f 388/388/388 796/796/796 797/797/797
f 795/795/795 383/383/383 382/382/382
f 795/795/795 382/382/382 796/796/796
f 796/796/796 382/382/382 381/381/381
f 796/796/796 381/381/381 798/798/798
f 797/797/797 796/796/796 798/798/798
f 797/797/797 798/798/798 799/799/799
f 799/799/799 798/798/798 800/800/800
f 799/799/799 800/800/800 801/801/801
f 798/798/798 381/381/381 380/380/380
f 798/798/798 380/380/380 800/800/800
f 800/800/800 380/380/380 379/379/379
f 800/800/800 379/379/379 424/424/424
f 801/801/801 800/800/800 424/424/424
f 801/801/801 424/424/424 423/423/423
f 138/138/138 170/170/170 802/802/802
f 138/138/138 802/802/802 139/139/139
f 170/170/170 169/169/169 554/554/554
f 170/170/170 554/554/554 802/802/802
f 802/802/802 554/554/554 255/255/255
f 802/802/802 255/255/255 803/803/803
f 139/139/139 802/802/802 803/803/803
f 139/139/139 803/803/803 140/140/140
f 474/474/474 473/473/473 804/804/804
f 474/474/474 804/804/804 494/494/494
f 473/473/473 7/7/7 6/6/6
f 473/473/473 6/6/6 804/804/804
f 804/804/804 6/6/6 5/5/5
f 804/804/804 5/5/5 741/741/741
f 494/494/494 804/804/804 741/741/741
f 494/494/494 741/741/741 495/495/495
f 140/140/140 803/803/803 805/805/805
f 140/140/140 805/805/805 701/701/701
f 803/803/803 255/255/255 258/258/258
f 803/803/803 258/258/258 805/805/805
f 805/805/805 258/258/258 161/161/161
f 805/805/805 161/161/161 160/160/160
f 701/701/701 805/805/805 160/160/160
f 701/701/701 160/160/160 159/159/159
f 763/763/763 806/806/806 807/807/807
f 763/763/763 807/807/807 764/764/764
f 806/806/806 799/799/799 801/801/801
f 806/806/806 801/801/801 807/807/807
f 807/807/807 801/801/801 423/423/423
f 807/807/807 423/423/423 808/808/808
f 764/764/764 807/807/807 808/808/808
f 764/764/764 808/808/808 439/439/439
f 390/390/390 389/389/389 809/809/809
f 390/390/390 809/809/809 777/777/777
f 389/389/389 388/388/388 797/797/797
f 389/389/389 797/797/797 809/809/809
f 809/809/809 797/797/797 799/799/799
f 809/809/809 799/799/799 806/806/806
f 777/777/777 809/809/809 806/806/806
f 777/777/777 806/806/806 763/763/763
f 52/52/52 779/779/779 810/810/810
f 52/52/52 810/810/810 53/53/53
f 779/779/779 250/250/250 560/560/560
f 779/779/779 560/560/560 810/810/810
f 810/810/810 560/560/560 559/559/559
f 810/810/810 559/559/559 791/791/791
f 53/53/53 810/810/810 791/791/791
f 53/53/53 791/791/791 54/54/54
f 189/189/189 811/811/811 812/812/812
f 189/189/189 812/812/812 786/786/786
f 811/811/811 197/197/197 788/788/788
f 811/811/811 788/788/788 812/812/812
f 812/812/812 788/788/788 55/55/55
f 812/812/812 55/55/55 813/813/813
f 786/786/786 812/812/812 813/813/813
f 786/786/786 813/813/813 65/65/65
f 509/509/509 756/756/756 814/814/814
f 509/509/509 814/814/814 815/815/815
f 756/756/756 407/407/407 816/816/816
f 756/756/756 816/816/816 814/814/814
f 814/814/814 816/816/816 393/393/393
f 814/814/814 393/393/393 757/757/757
f 815/815/815 814/814/814 757/757/757
f 815/815/815 757/757/757 513/513/513
f 45/45/45 44/44/44 817/817/817
f 45/45/45 817/817/817 89/89/89
f 44/44/44 43/43/43 794/794/794
f 44/44/44 794/794/794 817/817/817
f 817/817/817 794/794/794 559/559/559
f 817/817/817 559/559/559 556/556/556
f 89/89/89 817/817/817 556/556/556
f 89/89/89 556/556/556 86/86/86
f 441/441/441 818/818/818 819/819/819
f 441/441/441 819/819/819 541/541/541
f 818/818/818 429/429/429 543/543/543
f 818/818/818 543/543/543 819/819/819
f 819/819/819 543/543/543 430/430/430
f 819/819/819 430/430/430 820/820/820
f 541/541/541 819/819/819 820/820/820
f 541/541/541 820/820/820 448/448/448
f 208/208/208 523/523/523 821/821/821
f 208/208/208 821/821/821 822/822/822
f 523/523/523 522/522/522 823/823/823
f 523/523/523 823/823/823 821/821/821
f 821/821/821 823/823/823 384/384/384
f 821/821/821 384/384/384 515/515/515
f 822/822/822 821/821/821 515/515/515
f 822/822/822 515/515/515 198/198/198
f 187/187/187 510/510/510 824/824/824
f 187/187/187 824/824/824 825/825/825
f 510/510/510 509/509/509 815/815/815
f 510/510/510 815/815/815 824/824/824
f 824/824/824 815/815/815 513/513/513
f 824/824/824 513/513/513 511/511/511
f 825/825/825 824/824/824 511/511/511
f 825/825/825 511/511/511 192/192/192
f 448/448/448 820/820/820 826/826/826
f 448/448/448 826/826/826 449/449/449
f 820/820/820 430/430/430 433/433/433
f 820/820/820 433/433/433 826/826/826
f 826/826/826 433/433/433 361/361/361
f 826/826/826 361/361/361 827/827/827
f 449/449/449 826/826/826 827/827/827
f 449/449/449 827/827/827 450/450/450
f 439/439/439 808/808/808 828/828/828
f 439/439/439 828/828/828 440/440/440
f 808/808/808 423/423/423 426/426/426
f 808/808/808 426/426/426 828/828/828
f 828/828/828 426/426/426 429/429/429
f 828/828/828 429/429/429 818/818/818
f 440/440/440 828/828/828 818/818/818
f 440/440/440 818/818/818 441/441/441
f 407/407/407 406/406/406 829/829/829
f 407/407/407 829/829/829 816/816/816
f 406/406/406 405/405/405 830/830/830
f 406/406/406 830/830/830 829/829/829
f 829/829/829 830/830/830 357/357/357
f 829/829/829 357/357/357 394/394/394
f 816/816/816 829/829/829 394/394/394
f 816/816/816 394/394/394 393/393/393
f 522/522/522 760/760/760 831/831/831
f 522/522/522 831/831/831 823/823/823
f 760/760/760 383/383/383 795/795/795
f 760/760/760 795/795/795 831/831/831
f 831/831/831 795/795/795 388/388/388
f 831/831/831 388/388/388 385/385/385
f 823/823/823 831/831/831 385/385/385
f 823/823/823 385/385/385 384/384/384
f 405/405/405 571/571/571 832/832/832
f 405/405/405 832/832/832 830/830/830
f 571/571/571 450/450/450 827/827/827
f 571/571/571 827/827/827 832/832/832
f 832/832/832 827/827/827 361/361/361
f 832/832/832 361/361/361 358/358/358
f 830/830/830 832/832/832 358/358/358
f 830/830/830 358/358/358 357/357/357
f 104/104/104 234/234/234 833/833/833
f 104/104/104 833/833/833 834/834/834
f 234/234/234 115/115/115 835/835/835
f 234/234/234 835/835/835 833/833/833
f 833/833/833 835/835/835 93/93/93
f 833/833/833 93/93/93 235/235/235
f 834/834/834 833/833/833 235/235/235
f 834/834/834 235/235/235 90/90/90
f 208/208/208 822/822/822 836/836/836
f 208/208/208 836/836/836 209/209/209
f 822/822/822 198/198/198 201/201/201
f 822/822/822 201/201/201 836/836/836
f 836/836/836 201/201/201 46/46/46
f 836/836/836 46/46/46 837/837/837
f 209/209/209 836/836/836 837/837/837
f 209/209/209 837/837/837 210/210/210
f 187/187/187 825/825/825 838/838/838
f 187/187/187 838/838/838 188/188/188
f 825/825/825 192/192/192 195/195/195
f 825/825/825 195/195/195 838/838/838
f 838/838/838 195/195/195 197/197/197
f 838/838/838 197/197/197 811/811/811
f 188/188/188 838/838/838 811/811/811
f 188/188/188 811/811/811 189/189/189
f 115/115/115 114/114/114 839/839/839
f 115/115/115 839/839/839 835/835/835
f 114/114/114 113/113/113 840/840/840
f 114/114/114 840/840/840 839/839/839
f 839/839/839 840/840/840 18/18/18
f 839/839/839 18/18/18 94/94/94
f 835/835/835 839/839/839 94/94/94
f 835/835/835 94/94/94 93/93/93
f 106/106/106 105/105/105 841/841/841
f 106/106/106 841/841/841 558/558/558
f 105/105/105 104/104/104 834/834/834
f 105/105/105 834/834/834 841/841/841
f 841/841/841 834/834/834 90/90/90
f 841/841/841 90/90/90 87/87/87
f 558/558/558 841/841/841 87/87/87
f 558/558/558 87/87/87 86/86/86
f 65/65/65 813/813/813 842/842/842
f 65/65/65 842/842/842 66/66/66
f 813/813/813 55/55/55 58/58/58
f 813/813/813 58/58/58 842/842/842
f 842/842/842 58/58/58 10/10/10
f 842/842/842 10/10/10 843/843/843
f 66/66/66 842/842/842 843/843/843
f 66/66/66 843/843/843 67/67/67
f 210/210/210 837/837/837 844/844/844
f 210/210/210 844/844/844 790/790/790
f 837/837/837 46/46/46 49/49/49
f 837/837/837 49/49/49 844/844/844
f 844/844/844 49/49/49 54/54/54
f 844/844/844 54/54/54 793/793/793
f 790/790/790 844/844/844 793/793/793
f 790/790/790 793/793/793 41/41/41
f 67/67/67 843/843/843 845/845/845
f 67/67/67 845/845/845 264/264/264
f 843/843/843 10/10/10 13/13/13
f 843/843/843 13/13/13 845/845/845
f 845/845/845 13/13/13 18/18/18
f 845/845/845 18/18/18 840/840/840
f 264/264/264 845/845/845 840/840/840
f 264/264/264 840/840/840 113/113/113
f 338/338/338 337/337/337 278/278/278
f 278/278/278 277/277/277 276/276/276
f 276/276/276 347/347/347 323/323/323
f 323/323/323 322/322/322 321/321/321
f 321/321/321 326/326/326 314/314/314
f 314/314/314 313/313/313 312/312/312
f 312/312/312 612/612/612 611/611/611
f 611/611/611 623/623/623 618/618/618
f 618/618/618 617/617/617 616/616/616
f 616/616/616 639/639/639 582/582/582
f 582/582/582 581/581/581 580/580/580
f 580/580/580 631/631/631 630/630/630
f 630/630/630 634/634/634 590/590/590
f 590/590/590 589/589/589 588/588/588
f 630/630/630 590/590/590 588/588/588
f 582/582/582 580/580/580 630/630/630
f 618/618/618 616/616/616 582/582/582
f 312/312/312 611/611/611 618/618/618
f 321/321/321 314/314/314 312/312/312
f 276/276/276 323/323/323 321/321/321
f 338/338/338 278/278/278 276/276/276
f 285/285/285 341/341/341 338/338/338
f 287/287/287 286/286/286 285/285/285
f 287/287/287 285/285/285 338/338/338
f 338/338/338 276/276/276 321/321/321
f 321/321/321 312/312/312 618/618/618
f 618/618/618 582/582/582 630/630/630
f 630/630/630 588/588/588 637/637/637
f 598/598/598 597/597/597 596/596/596
f 618/618/618 630/630/630 637/637/637
f 598/598/598 596/596/596 627/627/627
f 618/618/618 637/637/637 598/598/598
f 338/338/338 321/321/321 618/618/618
f 344/344/344 287/287/287 338/338/338
f 296/296/296 295/295/295 294/294/294
f 344/344/344 338/338/338 618/618/618
f 331/331/331 296/296/296 294/294/294
f 294/294/294 344/344/344 618/618/618
f 618/618/618 598/598/598 627/627/627
f 627/627/627 626/626/626 643/643/643
f 627/627/627 643/643/643 642/642/642
f 294/294/294 618/618/618 627/627/627
f 332/332/332 331/331/331 294/294/294
f 353/353/353 352/352/352 332/332/332
f 304/304/304 303/303/303 356/356/356
f 356/356/356 353/353/353 332/332/332
f 332/332/332 294/294/294 627/627/627
f 627/627/627 642/642/642 646/646/646
f 646/646/646 604/604/604 603/603/603
f 603/603/603 305/305/305 304/304/304
f 304/304/304 356/356/356 332/332/332
f 332/332/332 627/627/627 646/646/646
f 646/646/646 603/603/603 304/304/304
f 646/646/646 304/304/304 332/332/332
