v -0.380981 0.215667 0.955407
v -0.384167 0.219564 0.961137
v -0.393333 0.220379 0.96628
v -0.389374 0.216281 0.961144
v -0.382177 0.211786 0.952595
v -0.374981 0.211632 0.947281
v -0.36383 0.212424 0.939404
v -0.365771 0.215747 0.944882
v -0.35966 0.20862 0.932067
v -0.366084 0.204424 0.93442
v -0.352321 0.198693 0.918404
v -0.367981 0.200855 0.933164
v -0.343506 0.205189 0.915844
v -0.345354 0.208058 0.921312
v -0.34217 0.199557 0.910128
v -0.336997 0.170728 0.886206
v -0.333502 0.193819 0.899147
v -0.291679 0.142612 0.849941
v -0.298732 0.155324 0.860069
v -0.298669 0.137292 0.849768
v -0.297783 0.163837 0.864212
v -0.306708 0.173645 0.873117
v -0.297437 0.124221 0.840526
v -0.306428 0.125333 0.842592
v -0.307188 0.117153 0.834891
v -0.31533 0.125316 0.84292
v -0.317655 0.12277 0.841537
v -0.324791 0.132722 0.851972
v -0.329462 0.132819 0.853319
v -0.33712 0.143242 0.863261
v -0.34511 0.147339 0.86697
v -0.350186 0.157865 0.87531
v -0.357902 0.164663 0.880922
v -0.359892 0.172242 0.888542
v -0.367921 0.179239 0.897564
v -0.367978 0.183894 0.904248
v -0.375508 0.191242 0.915583
v -0.372084 0.19261 0.919108
v -0.377362 0.198586 0.9301
v -0.37234 0.197093 0.928713
v -0.376974 0.202033 0.937425
v -0.371299 0.199374 0.932739
v -0.375026 0.204213 0.94032
v -0.326921 0.194375 0.895285
v -0.323521 0.189626 0.89018
v -0.316866 0.189841 0.88669
v -0.315005 0.185136 0.882825
v -0.307495 0.182141 0.877707
v -0.301685 0.184552 0.877168
v -0.2961 0.174416 0.869634
v -0.289634 0.1617 0.860339
v -0.292366 0.174088 0.869797
v -0.285554 0.160069 0.859517
v -0.298946 0.185236 0.878402
v -0.307611 0.190115 0.883016
v -0.305259 0.191436 0.88488
v -0.311641 0.194767 0.890422
v -0.313131 0.193313 0.887953
v -0.318409 0.197812 0.896311
v -0.319349 0.195843 0.893086
v -0.325424 0.200986 0.902559
v -0.325504 0.198894 0.898657
v -0.333207 0.204268 0.909661
v -0.332569 0.201591 0.904896
v -0.333054 0.206487 0.913847
v -0.346029 0.210722 0.926112
v -0.324738 0.202913 0.906209
v -0.329518 0.208618 0.915355
v -0.34302 0.213266 0.928014
v -0.321185 0.204711 0.907537
v -0.317242 0.199472 0.899426
v -0.313748 0.200947 0.900601
v -0.310011 0.196163 0.893039
v -0.306517 0.197305 0.894081
v -0.303202 0.192546 0.887063
v -0.29963 0.193317 0.888003
v -0.296536 0.185904 0.880097
v -0.292959 0.186175 0.880868
v -0.289705 0.174035 0.870841
v -0.286331 0.173601 0.871297
v -0.282706 0.159093 0.859826
v -0.279669 0.157797 0.859911
v -0.279151 0.145744 0.848615
v -0.276144 0.143771 0.848172
v -0.273468 0.141564 0.847877
v -0.275853 0.131463 0.838914
v -0.272748 0.128567 0.837531
v -0.270407 0.125632 0.836544
v -0.274755 0.11376 0.829072
v -0.272695 0.110428 0.826865
v -0.277849 0.11742 0.831713
v -0.283229 0.105404 0.825448
v -0.280303 0.100929 0.821514
v -0.278478 0.0972587 0.81802
v -0.289559 0.0974322 0.818908
v -0.286991 0.0919964 0.813955
v -0.285379 0.0878314 0.809587
v -0.296401 0.0948446 0.815174
v -0.294344 0.0889493 0.809464
v -0.292994 0.0845753 0.804512
v -0.30227 0.0927366 0.810911
v -0.301285 0.0888521 0.805446
v -0.303722 0.0980376 0.817179
v -0.311099 0.10432 0.822985
v -0.31028 0.100089 0.816409
v -0.3097 0.0970274 0.810492
v -0.31841 0.111012 0.830045
v -0.318224 0.10763 0.823468
v -0.318045 0.105264 0.817202
v -0.327112 0.118558 0.838236
v -0.327711 0.115775 0.831954
v -0.328059 0.113913 0.825487
v -0.338277 0.127883 0.847782
v -0.339953 0.125601 0.842063
v -0.341092 0.124157 0.835576
v -0.349861 0.138707 0.857875
v -0.352811 0.137052 0.852964
v -0.354996 0.136326 0.846633
v -0.359624 0.150341 0.867759
v -0.363853 0.149587 0.86386
v -0.367212 0.150131 0.857851
v -0.367664 0.161662 0.877914
v -0.372818 0.161861 0.875127
v -0.377039 0.163668 0.869618
v -0.380087 0.172738 0.887274
v -0.384495 0.175229 0.882434
v -0.374635 0.171774 0.888953
v -0.381073 0.181126 0.900784
v -0.386448 0.182723 0.900159
v -0.390629 0.185511 0.896055
v -0.387158 0.190189 0.913064
v -0.392403 0.192401 0.91339
v -0.396287 0.195437 0.909963
v -0.391748 0.198168 0.925164
v -0.39691 0.201038 0.926221
v -0.400475 0.204427 0.923281
v -0.393869 0.204186 0.936304
v -0.399025 0.207746 0.937779
v -0.402238 0.211626 0.935053
v -0.394547 0.208303 0.945376
v -0.399735 0.212343 0.947023
v -0.402609 0.216584 0.94435
v -0.39495 0.210883 0.951559
v -0.400145 0.214997 0.953284
v -0.402724 0.219231 0.950701
v -0.394819 0.212567 0.955512
v -0.399907 0.216579 0.957558
v -0.402157 0.220625 0.955451
v -0.393736 0.213963 0.958191
v -0.398541 0.217959 0.96107
v -0.40035 0.221874 0.960079
v -0.392077 0.215265 0.960269
v -0.396494 0.219326 0.964293
v -0.397792 0.223166 0.964804
v -0.394047 0.224131 0.968248
v -0.383937 0.223085 0.963918
v -0.39027 0.226698 0.964872
v -0.394803 0.225991 0.960081
v -0.378886 0.22541 0.9613
v -0.379661 0.230003 0.951817
v -0.385765 0.229238 0.946703
v -0.367019 0.228509 0.949192
v -0.364077 0.218811 0.947436
v -0.357093 0.22091 0.944651
v -0.344554 0.223382 0.934446
v -0.334506 0.215095 0.924807
v -0.32198 0.216774 0.916633
v -0.32087 0.210083 0.912185
v -0.309032 0.211082 0.905319
v -0.313291 0.205752 0.904737
v -0.302512 0.206168 0.898695
v -0.306728 0.201551 0.898228
v -0.297048 0.201398 0.892942
v -0.300205 0.197443 0.892132
v -0.2915 0.19671 0.887577
v -0.293782 0.192936 0.886458
v -0.285866 0.191605 0.88256
v -0.287574 0.185197 0.879635
v -0.280463 0.183277 0.876282
v -0.28166 0.171931 0.870226
v -0.275567 0.169456 0.867283
v -0.275888 0.155352 0.858909
v -0.27097 0.152319 0.856268
v -0.270597 0.138317 0.846865
v -0.266869 0.134695 0.844406
v -0.2683 0.121775 0.835171
v -0.265576 0.117565 0.83255
v -0.271079 0.106349 0.824597
v -0.269003 0.10166 0.821341
v -0.277103 0.0932679 0.814797
v -0.275358 0.0885624 0.810867
v -0.28407 0.0840978 0.805817
v -0.282424 0.0800366 0.801584
v -0.291691 0.0811472 0.800397
v -0.290005 0.0777209 0.795951
v -0.300025 0.085693 0.800872
v -0.298242 0.0822594 0.795926
v -0.308498 0.0941455 0.805282
v -0.3066 0.0904474 0.799445
v -0.316898 0.102744 0.811208
v -0.31491 0.0990793 0.804124
v -0.327077 0.111916 0.818687
v -0.325144 0.108795 0.810316
v -0.340502 0.122942 0.828064
v -0.33885 0.120977 0.818652
v -0.355019 0.136343 0.838469
v -0.353739 0.136122 0.828137
v -0.367982 0.151857 0.849066
v -0.366994 0.153754 0.83776
v -0.378395 0.166844 0.860365
v -0.377521 0.1704 0.848074
v -0.386034 0.178928 0.872979
v -0.385049 0.182974 0.859773
v -0.392097 0.189143 0.886573
v -0.390871 0.192953 0.872533
v -0.397608 0.198919 0.900521
v -0.396078 0.202386 0.885758
v -0.401445 0.207847 0.913974
v -0.399388 0.211034 0.89875
v -0.402539 0.215113 0.926019
v -0.399594 0.218131 0.910733
v -0.402148 0.220138 0.935713
v -0.398168 0.223094 0.920713
v -0.401642 0.222718 0.942591
v -0.396687 0.225699 0.928103
v -0.400508 0.223935 0.94814
v -0.394461 0.226991 0.934173
v -0.398059 0.224954 0.95395
v -0.390613 0.228102 0.940334
v -0.377776 0.232193 0.918229
v -0.384069 0.230361 0.913122
v -0.37009 0.234168 0.923047
v -0.362542 0.236325 0.893089
v -0.371031 0.233729 0.889065
v -0.352473 0.239073 0.89639
v -0.361379 0.235648 0.926962
v -0.341664 0.241205 0.899196
v -0.34791 0.234021 0.925749
v -0.328001 0.239481 0.899756
v -0.327435 0.227421 0.91643
v -0.310302 0.231601 0.896622
v -0.30775 0.218951 0.904629
v -0.294075 0.221472 0.891554
v -0.296518 0.212025 0.89639
v -0.284586 0.213378 0.886644
v -0.290831 0.20634 0.890843
v -0.27942 0.206894 0.88212
v -0.286059 0.200882 0.885864
v -0.274982 0.20071 0.87781
v -0.281246 0.195537 0.88123
v -0.270608 0.194684 0.873805
v -0.276434 0.189837 0.876821
v -0.266425 0.188388 0.869903
v -0.271972 0.181025 0.871028
v -0.262789 0.17909 0.86448
v -0.268153 0.166858 0.86241
v -0.259961 0.164553 0.856099
v -0.264724 0.149445 0.851683
v -0.257626 0.146834 0.845515
v -0.261807 0.13149 0.839991
v -0.255812 0.128519 0.833887
v -0.261548 0.113704 0.828018
v -0.256511 0.110002 0.821803
v -0.265717 0.0967512 0.816315
v -0.261373 0.0918358 0.809754
v -0.272556 0.0830846 0.805332
v -0.268722 0.0773933 0.798411
v -0.279918 0.0751442 0.795845
v -0.2765 0.0698569 0.788722
v -0.28762 0.0735223 0.789998
v -0.284455 0.0688249 0.782582
v -0.295821 0.0777953 0.789348
v -0.292689 0.0728288 0.781245
v -0.30409 0.0853238 0.791709
v -0.300904 0.0797163 0.782451
v -0.312385 0.0937445 0.79476
v -0.309238 0.0879008 0.783948
v -0.322825 0.104013 0.799389
v -0.319989 0.0987437 0.787019
v -0.337005 0.117618 0.80671
v -0.334799 0.113905 0.793192
v -0.352275 0.134863 0.815538
v -0.350533 0.133294 0.801443
v -0.365457 0.154887 0.824523
v -0.363538 0.155495 0.810358
v -0.375527 0.17336 0.833957
v -0.372873 0.175562 0.819516
v -0.382378 0.186517 0.844375
v -0.378648 0.1893 0.828809
v -0.387417 0.196314 0.855639
v -0.382445 0.199069 0.838402
v -0.391809 0.205444 0.867406
v -0.385581 0.208063 0.848412
v -0.394236 0.21383 0.879177
v -0.386825 0.216267 0.858491
v -0.393435 0.220752 0.890335
v -0.384937 0.222979 0.868141
v -0.390873 0.225713 0.899943
v -0.381186 0.227945 0.87672
v -0.388072 0.228566 0.907319
v -0.376889 0.231232 0.883691
v -0.364519 0.233475 0.86088
v -0.370268 0.229662 0.854431
v -0.357346 0.236604 0.866346
v -0.352602 0.235039 0.840036
v -0.359504 0.230715 0.834023
v -0.344563 0.238671 0.845878
v -0.348119 0.239402 0.870616
v -0.335352 0.241325 0.851048
v -0.337679 0.242056 0.874198
v -0.325485 0.243403 0.855789
v -0.326672 0.24405 0.877521
v -0.315142 0.24483 0.860375
v -0.313475 0.242229 0.879974
v -0.302596 0.242928 0.864455
v -0.297258 0.234287 0.88081
v -0.286988 0.235639 0.867435
v -0.282633 0.223961 0.879764
v -0.272831 0.225978 0.868366
v -0.273946 0.215385 0.876901
v -0.264396 0.217358 0.866657
v -0.269038 0.208244 0.873113
v -0.259611 0.2097 0.863495
v -0.264772 0.20138 0.869337
v -0.255444 0.202242 0.860254
v -0.260607 0.194702 0.865842
v -0.251376 0.194986 0.857271
v -0.256727 0.1878 0.862372
v -0.247624 0.187525 0.854248
v -0.253613 0.177913 0.857224
v -0.244872 0.17706 0.849392
v -0.251619 0.162774 0.848915
v -0.243634 0.161289 0.841152
v -0.2503 0.144444 0.838285
v -0.243301 0.142291 0.830471
v -0.2495 0.125494 0.826589
v -0.243481 0.122676 0.818722
v -0.251028 0.106215 0.814404
v -0.245761 0.102788 0.806535
v -0.256419 0.0871538 0.802197
v -0.251551 0.083238 0.79438
v -0.264158 0.072169 0.790656
v -0.25957 0.0679628 0.782848
v -0.27235 0.0648168 0.780729
v -0.268129 0.0605493 0.772783
v -0.280605 0.0641364 0.774196
v -0.276633 0.0598546 0.765911
v -0.288882 0.0680685 0.772202
v -0.284826 0.0636587 0.763365
v -0.297019 0.0746789 0.772521
v -0.292742 0.0701639 0.763008
v -0.305365 0.0828089 0.772943
v -0.301003 0.0784445 0.762658
v -0.316425 0.0942769 0.774685
v -0.312315 0.090641 0.76322
v -0.331907 0.110995 0.779373
v -0.328434 0.108813 0.766236
v -0.348196 0.132269 0.786838
v -0.345264 0.131632 0.772718
v -0.361138 0.155999 0.796258
v -0.358152 0.156348 0.78277
v -0.36977 0.177055 0.806008
v -0.366096 0.177924 0.793412
v -0.374325 0.191249 0.814724
v -0.369435 0.192416 0.801805
v -0.376631 0.201174 0.822915
v -0.370248 0.202541 0.808788
v -0.378261 0.210243 0.831302
v -0.370387 0.211757 0.815714
v -0.378167 0.218355 0.839589
v -0.369068 0.219814 0.82235
v -0.37518 0.224763 0.847321
v -0.365252 0.225906 0.828289
v -0.355742 0.226099 0.81035
v -0.359931 0.220256 0.805613
v -0.349685 0.230833 0.815254
v -0.345238 0.224737 0.791147
v -0.349742 0.219143 0.787081
v -0.339003 0.229277 0.795586
v -0.342121 0.23551 0.821016
v -0.331141 0.233881 0.801028
v -0.333459 0.23947 0.827096
v -0.32218 0.237763 0.806956
v -0.324106 0.241959 0.832833
v -0.312687 0.240035 0.812728
v -0.314414 0.243545 0.838307
v -0.302961 0.241314 0.818342
v -0.304319 0.244501 0.84369
v -0.292883 0.242 0.823921
v -0.292152 0.242571 0.84879
v -0.28093 0.240131 0.829449
v -0.277111 0.235921 0.853123
v -0.2664 0.234038 0.834584
v -0.263483 0.226919 0.855394
v -0.253291 0.225611 0.837832
v -0.255318 0.218327 0.854665
v -0.245363 0.21713 0.83802
v -0.250635 0.210272 0.852239
v -0.24073 0.208874 0.836438
v -0.246544 0.202348 0.849676
v -0.23666 0.200698 0.834672
v -0.242554 0.194638 0.847324
v -0.232706 0.19274 0.833055
v -0.238928 0.186745 0.844852
v -0.229156 0.184631 0.831239
v -0.236529 0.175875 0.840417
v -0.226981 0.173671 0.827415
v -0.23602 0.159722 0.832444
v -0.226937 0.157602 0.820046
v -0.236648 0.140335 0.821933
v -0.228257 0.138263 0.810115
v -0.237798 0.120315 0.810341
v -0.230254 0.118081 0.799074
v -0.240826 0.10012 0.798367
v -0.234085 0.0977343 0.787701
v -0.247 0.0804405 0.786514
v -0.240858 0.0780989 0.776523
v -0.255276 0.065032 0.775237
v -0.249652 0.0625878 0.765722
v -0.26418 0.0572965 0.765231
v -0.259098 0.0542848 0.75574
v -0.272845 0.0561535 0.758182
v -0.268057 0.0524203 0.748422
v -0.280761 0.0595301 0.755227
v -0.275778 0.0553214 0.745113
v -0.288243 0.0658666 0.754305
v -0.282835 0.0615576 0.743785
v -0.296279 0.0744561 0.753251
v -0.290556 0.0704681 0.74219
v -0.307737 0.0874885 0.752673
v -0.301964 0.0842285 0.7406
v -0.32437 0.106929 0.754026
v -0.318817 0.104705 0.740329
v -0.34159 0.130948 0.759385
v -0.336129 0.12969 0.744355
v -0.354272 0.15634 0.769711
v -0.348399 0.155631 0.754422
v -0.361469 0.1782 0.780898
v -0.354814 0.177675 0.765682
v -0.363709 0.192827 0.788866
v -0.356131 0.192259 0.773177
v -0.36325 0.203028 0.794704
v -0.354697 0.202308 0.778105
v -0.362147 0.212286 0.800304
v -0.352655 0.211386 0.782686
v -0.340956 0.208623 0.760982
v -0.343633 0.199954 0.756957
v -0.337403 0.216001 0.764892
v -0.326908 0.203735 0.736363
v -0.329907 0.195341 0.73255
v -0.322914 0.210751 0.740063
v -0.332299 0.22128 0.76863
v -0.317341 0.215731 0.74366
v -0.325657 0.225388 0.772695
v -0.310465 0.2193 0.747429
v -0.317708 0.229309 0.777529
v -0.302713 0.222175 0.751609
v -0.308865 0.2325 0.782804
v -0.294263 0.224147 0.756015
v -0.299545 0.234338 0.788098
v -0.285271 0.22499 0.760429
v -0.290013 0.235375 0.793366
v -0.276053 0.225348 0.764923
v -0.280151 0.235932 0.79868
v -0.266562 0.225585 0.769664
v -0.268446 0.23423 0.804174
v -0.255144 0.224093 0.774927
v -0.254191 0.228727 0.809657
v -0.240939 0.219411 0.780616
v -0.241279 0.220946 0.813553
v -0.227887 0.212651 0.78504
v -0.23338 0.212797 0.81456
v -0.219743 0.205301 0.786738
v -0.228672 0.204655 0.81385
v -0.214744 0.197788 0.78677
v -0.224514 0.196554 0.812919
v -0.210288 0.190282 0.786552
v -0.22048 0.188667 0.812074
v -0.20596 0.182971 0.786399
v -0.21686 0.18066 0.810983
v -0.202012 0.175521 0.786007
v -0.214598 0.170013 0.807947
v -0.19921 0.165486 0.78368
v -0.214472 0.154556 0.801512
v -0.198278 0.150714 0.777976
v -0.215953 0.135702 0.792586
v -0.199278 0.132326 0.769841
v -0.218555 0.115504 0.782533
v -0.202264 0.112145 0.760684
v -0.223278 0.0949989 0.7722
v -0.20793 0.0915363 0.751358
v -0.231022 0.0754093 0.762101
v -0.216762 0.0720163 0.742297
v -0.240811 0.0597325 0.751938
v -0.227771 0.0561799 0.732805
v -0.251209 0.0506752 0.741768
v -0.239518 0.0463805 0.722611
v -0.26083 0.0480096 0.733887
v -0.250228 0.0429298 0.71427
v -0.268719 0.050645 0.730175
v -0.258595 0.0452981 0.710034
v -0.275597 0.0569723 0.72861
v -0.265532 0.0516307 0.708115
v -0.283011 0.066062 0.726756
v -0.272831 0.0606702 0.706154
v -0.294122 0.0802211 0.724428
v -0.283566 0.0748735 0.70355
v -0.310747 0.101441 0.722669
v -0.299467 0.0963969 0.700983
v -0.327718 0.127211 0.725197
v -0.315596 0.122479 0.702492
v -0.33937 0.153642 0.734492
v -0.326551 0.148978 0.710972
v -0.345048 0.175829 0.745405
v -0.33176 0.171149 0.721373
v -0.345693 0.190254 0.75252
v -0.332162 0.18565 0.728253
v -0.315989 0.177749 0.702768
v -0.315324 0.162691 0.696023
v -0.313986 0.18818 0.70711
v -0.299586 0.168404 0.678994
v -0.298593 0.152788 0.672672
v -0.297996 0.179755 0.683263
v -0.310968 0.196752 0.710869
v -0.295182 0.18869 0.68695
v -0.306892 0.203605 0.714463
v -0.291354 0.195538 0.690466
v -0.301446 0.2084 0.717979
v -0.286488 0.200292 0.693959
v -0.294944 0.211498 0.721585
v -0.280781 0.203101 0.697576
v -0.28775 0.213313 0.725372
v -0.274392 0.20411 0.701335
v -0.279813 0.213765 0.729054
v -0.267101 0.203281 0.704729
v -0.271112 0.212911 0.732409
v -0.258794 0.20086 0.707397
v -0.262151 0.211835 0.73585
v -0.250155 0.198418 0.71009
v -0.253057 0.211338 0.739912
v -0.241452 0.197252 0.713731
v -0.24191 0.210051 0.745005
v -0.230477 0.196251 0.718824
v -0.227573 0.206547 0.751034
v -0.215809 0.194025 0.725224
v -0.214097 0.201356 0.756023
v -0.20166 0.190481 0.730612
v -0.205417 0.195382 0.758223
v -0.192197 0.185903 0.732923
v -0.199839 0.189073 0.758682
v -0.185801 0.180784 0.733296
v -0.194799 0.182733 0.758869
v -0.179935 0.175583 0.73336
v -0.189882 0.176543 0.759159
v -0.17418 0.170437 0.733509
v -0.185283 0.170099 0.759255
v -0.168713 0.164845 0.733429
v -0.181485 0.160794 0.75727
v -0.16397 0.156084 0.731207
v -0.179118 0.146351 0.751626
v -0.16063 0.141823 0.725306
v -0.179126 0.128026 0.743572
v -0.160084 0.123527 0.717306
v -0.182344 0.107828 0.734813
v -0.163509 0.103414 0.709132
v -0.188888 0.0872481 0.726066
v -0.170501 0.0829013 0.700985
v -0.198558 0.0678376 0.717571
v -0.180393 0.0634339 0.692664
v -0.210645 0.0519096 0.708645
v -0.193026 0.0473532 0.68409
v -0.22399 0.0415898 0.698988
v -0.20775 0.0368435 0.675455
v -0.236162 0.0374921 0.690736
v -0.221444 0.0325643 0.667918
v -0.245216 0.0394227 0.685863
v -0.231421 0.0343546 0.66256
v -0.252418 0.0454682 0.683243
v -0.239205 0.0402966 0.659186
v -0.259947 0.054242 0.681196
v -0.247256 0.0489423 0.657199
v -0.270411 0.0681851 0.67891
v -0.257576 0.0624785 0.655685
v -0.285142 0.0894292 0.676652
v -0.271008 0.0828186 0.654435
v -0.299935 0.115041 0.678147
v -0.284224 0.107147 0.656384
v -0.310197 0.140837 0.686143
v -0.293613 0.131593 0.663744
v -0.280011 0.123809 0.646822
v -0.271859 0.101122 0.640752
v -0.284344 0.144 0.654021
v -0.269203 0.117632 0.634195
v -0.262561 0.0968945 0.629802
v -0.272574 0.136509 0.639433
v -0.285323 0.159629 0.659358
v -0.273446 0.151542 0.643722
v -0.284058 0.171398 0.663238
v -0.272643 0.163082 0.64726
v -0.281623 0.180513 0.666734
v -0.270876 0.171993 0.650645
v -0.27831 0.187411 0.670173
v -0.268334 0.178861 0.654066
v -0.274212 0.192283 0.673707
v -0.265066 0.184054 0.657656
v -0.269406 0.195099 0.677518
v -0.261062 0.187343 0.661716
v -0.263894 0.195801 0.681624
v -0.256252 0.18844 0.666378
v -0.257375 0.194439 0.685352
v -0.25037 0.187395 0.670921
v -0.249687 0.19143 0.688197
v -0.243244 0.184684 0.674724
v -0.241508 0.188543 0.690992
v -0.235271 0.182131 0.678417
v -0.233085 0.187282 0.694774
v -0.226513 0.181282 0.682813
v -0.222081 0.186725 0.700048
v -0.21513 0.181219 0.688209
v -0.206974 0.185541 0.706603
v -0.200038 0.180578 0.694247
v -0.192079 0.183168 0.711891
v -0.18509 0.178674 0.698462
v -0.181712 0.179432 0.713669
v -0.174085 0.17523 0.698763
v -0.174339 0.174919 0.713247
v -0.165694 0.170897 0.696656
v -0.167482 0.170257 0.712447
v -0.157758 0.166355 0.694109
v -0.160723 0.165483 0.711573
v -0.149942 0.161445 0.691325
v -0.15432 0.16001 0.710292
v -0.142667 0.155492 0.688096
v -0.149174 0.151358 0.707241
v -0.137554 0.146605 0.68433
v -0.146292 0.137433 0.701433
v -0.136065 0.133206 0.680082
v -0.146473 0.119579 0.694422
v -0.13784 0.116192 0.675872
v -0.150211 0.0997997 0.687803
v -0.142126 0.0969904 0.671861
v -0.156977 0.0793158 0.680772
v -0.148437 0.0766589 0.666309
v -0.166259 0.0595006 0.672428
v -0.1567 0.0566277 0.657881
v -0.178632 0.0431324 0.663866
v -0.168209 0.0401787 0.648776
v -0.194057 0.0328129 0.656363
v -0.183533 0.0303419 0.641399
v -0.208958 0.0290313 0.649942
v -0.198969 0.0272898 0.635434
v -0.220054 0.0313566 0.644509
v -0.21095 0.0302059 0.63029
v -0.228795 0.037788 0.640754
v -0.220738 0.0371779 0.626993
v -0.23758 0.0467448 0.639172
v -0.230483 0.046643 0.626408
v -0.247895 0.0598958 0.6387
v -0.241056 0.0595341 0.627133
v -0.260211 0.0787742 0.638569
v -0.25247 0.0767921 0.627847
v -0.246534 0.075782 0.61998
v -0.235885 0.0599097 0.618923
v -0.25506 0.0938182 0.62122
v -0.240707 0.0750201 0.61382
v -0.230897 0.0602591 0.6127
v -0.247787 0.09135 0.614236
v -0.26014 0.112624 0.623967
v -0.251741 0.108426 0.615607
v -0.262599 0.129969 0.627624
v -0.253797 0.1243 0.618051
v -0.263615 0.143936 0.631301
v -0.255286 0.137194 0.621269
v -0.263646 0.154691 0.634868
v -0.256305 0.14712 0.624851
v -0.262901 0.16296 0.638384
v -0.256646 0.154674 0.628449
v -0.261347 0.169618 0.641891
v -0.256088 0.161012 0.632056
v -0.258894 0.175309 0.645526
v -0.254427 0.167058 0.635868
v -0.255476 0.179579 0.649802
v -0.251515 0.172265 0.640532
v -0.251023 0.181812 0.655079
v -0.24726 0.1758 0.646548
v -0.245416 0.181836 0.660702
v -0.241731 0.177155 0.653361
v -0.238519 0.17998 0.665983
v -0.234866 0.176365 0.660238
v -0.230161 0.178156 0.671103
v -0.225913 0.175322 0.66679
v -0.220114 0.177975 0.676347
v -0.214346 0.175643 0.672662
v -0.207928 0.178288 0.681553
v -0.20122 0.176016 0.677296
v -0.1937 0.177549 0.686101
v -0.187899 0.174812 0.679906
v -0.179903 0.175384 0.688008
v -0.175395 0.172087 0.67901
v -0.168807 0.171851 0.685749
v -0.164334 0.168334 0.673675
v -0.159464 0.167573 0.681018
v -0.154161 0.164122 0.665857
v -0.150456 0.163061 0.67586
v -0.144248 0.159726 0.657822
v -0.141682 0.157829 0.670518
v -0.13488 0.154177 0.650175
v -0.133774 0.151077 0.665173
v -0.126945 0.146454 0.643693
v -0.128958 0.14176 0.661584
v -0.122842 0.136566 0.641516
v -0.129044 0.129037 0.661093
v -0.124352 0.124607 0.6457
v -0.132584 0.113142 0.661805
v -0.129277 0.109976 0.65161
v -0.137663 0.0946949 0.66115
v -0.134958 0.0923294 0.653864
v -0.143754 0.0747959 0.657081
v -0.140876 0.073037 0.650764
v -0.151074 0.0551158 0.648594
v -0.147443 0.0542105 0.642205
v -0.16143 0.0391378 0.638329
v -0.156658 0.0392039 0.63078
v -0.175889 0.0299692 0.629291
v -0.169839 0.0308397 0.619588
v -0.190971 0.0274007 0.622298
v -0.184004 0.0285717 0.611057
v -0.203224 0.0303157 0.617664
v -0.196137 0.0311279 0.606928
v -0.213853 0.0372859 0.615877
v -0.207384 0.0377028 0.606868
v -0.224748 0.047123 0.616961
v -0.219297 0.0476207 0.609668
v -0.213301 0.047908 0.603734
v -0.200815 0.0382696 0.599817
v -0.224907 0.0601612 0.607483
v -0.206812 0.0481502 0.59906
v -0.19417 0.0390565 0.594629
v -0.218243 0.0598413 0.60314
v -0.2337 0.0740353 0.608637
v -0.226308 0.0729994 0.604226
v -0.239641 0.0890912 0.608481
v -0.231689 0.0871196 0.603648
v -0.243299 0.10477 0.608883
v -0.235657 0.101672 0.603375
v -0.245779 0.119475 0.610328
v -0.239009 0.115401 0.603936
v -0.248041 0.131681 0.61284
v -0.242198 0.127087 0.605416
v -0.249932 0.141183 0.615962
v -0.244763 0.136375 0.60755
v -0.251069 0.148325 0.61926
v -0.24619 0.143378 0.610127
v -0.251267 0.154345 0.622862
v -0.246652 0.149216 0.613517
v -0.250356 0.160333 0.627094
v -0.246319 0.154964 0.618218
v -0.248031 0.16591 0.632521
v -0.244674 0.160513 0.62469
v -0.24406 0.170321 0.63953
v -0.241197 0.165341 0.63312
v -0.238642 0.172767 0.64757
v -0.236032 0.168461 0.642658
v -0.231806 0.172931 0.655828
v -0.229209 0.169258 0.652149
v -0.222472 0.172447 0.663357
v -0.219613 0.169066 0.660237
v -0.209926 0.172781 0.669256
v -0.206526 0.169149 0.665692
v -0.196013 0.172774 0.672917
v -0.191946 0.168546 0.667973
v -0.182783 0.171035 0.673654
v -0.178074 0.16618 0.666557
v -0.170558 0.167889 0.670177
v -0.165187 0.162738 0.660309
v -0.159182 0.164043 0.661818
v -0.153117 0.159165 0.64887
v -0.148338 0.160026 0.651016
v -0.141809 0.155674 0.635574
v -0.137881 0.155917 0.640603
v -0.131411 0.151905 0.624157
v -0.12853 0.150162 0.631885
v -0.12277 0.145944 0.616231
v -0.121429 0.141427 0.626224
v -0.116987 0.136369 0.613093
v -0.118566 0.13089 0.626743
v -0.115504 0.125291 0.616888
v -0.12119 0.119693 0.634987
v -0.119017 0.114679 0.62804
v -0.126777 0.106332 0.644436
v -0.124908 0.102405 0.639238
v -0.132491 0.0894384 0.648087
v -0.130407 0.0863718 0.643103
v -0.138024 0.0708272 0.645075
v -0.135438 0.0687058 0.639723
v -0.144008 0.0531828 0.636408
v -0.140822 0.0524571 0.631073
v -0.1523 0.0394791 0.624456
v -0.148262 0.0401479 0.619221
v -0.164166 0.0320032 0.612065
v -0.158927 0.0335217 0.606584
v -0.177256 0.0300051 0.602625
v -0.17097 0.0317342 0.596885
v -0.189159 0.0322084 0.598804
v -0.182463 0.0335875 0.593188
v -0.176487 0.0353225 0.589757
v -0.16567 0.0338747 0.593442
v -0.187792 0.0401309 0.591212
v -0.17204 0.0371121 0.588127
v -0.161934 0.0360383 0.591834
v -0.182767 0.0413208 0.589431
v -0.200289 0.0485552 0.595728
v -0.194937 0.0491071 0.59384
v -0.21168 0.0596257 0.599798
v -0.206267 0.0595974 0.597748
v -0.219701 0.0721908 0.600614
v -0.214464 0.0716692 0.598233
v -0.22523 0.0855939 0.599598
v -0.220318 0.0845215 0.596808
v -0.229736 0.0992065 0.598799
v -0.225223 0.0974047 0.595592
v -0.233919 0.112017 0.598541
v -0.229923 0.109452 0.594687
v -0.237991 0.12308 0.598756
v -0.234601 0.119909 0.593851
v -0.241008 0.132086 0.599529
v -0.237846 0.128596 0.593472
v -0.242148 0.139092 0.601081
v -0.238512 0.135613 0.594139
v -0.242267 0.144966 0.604018
v -0.238108 0.141604 0.596611
v -0.242236 0.150581 0.609009
v -0.238205 0.147217 0.601672
v -0.241321 0.156004 0.616595
v -0.237949 0.152564 0.610036
v -0.238587 0.160916 0.62687
v -0.236058 0.157415 0.621811
v -0.233873 0.164254 0.638279
v -0.231948 0.160706 0.634749
v -0.227024 0.165255 0.648939
v -0.225165 0.161654 0.64626
v -0.217132 0.165115 0.657315
v -0.21508 0.16143 0.654748
v -0.203687 0.16498 0.662122
v -0.201477 0.161138 0.658992
v -0.188511 0.163843 0.662736
v -0.185975 0.159659 0.658261
v -0.173641 0.160741 0.658641
v -0.17038 0.156043 0.651986
v -0.159602 0.157045 0.649105
v -0.155411 0.15222 0.639743
v -0.1466 0.154199 0.634445
v -0.141615 0.150052 0.62245
v -0.135051 0.151628 0.619398
v -0.129945 0.148243 0.606254
v -0.125412 0.148107 0.608819
v -0.121202 0.144825 0.597099
v -0.118084 0.141838 0.603635
v -0.115189 0.138287 0.594873
v -0.113619 0.131771 0.603987
v -0.111782 0.128036 0.598272
v -0.113239 0.12043 0.610803
v -0.112169 0.116678 0.607259
v -0.117518 0.110106 0.623562
v -0.117013 0.10653 0.620743
v -0.123768 0.0985981 0.63514
v -0.12358 0.0955774 0.632134
v -0.129186 0.0836537 0.63868
v -0.128987 0.0816983 0.63531
v -0.133754 0.0673258 0.634997
v -0.133172 0.0666991 0.631526
v -0.138377 0.0525505 0.626626
v -0.137055 0.0531954 0.623555
v -0.144873 0.0414944 0.615306
v -0.142672 0.0431162 0.612875
v -0.154535 0.0355614 0.603011
v -0.151535 0.0376911 0.601119
v -0.142005 0.0445601 0.611911
v -0.150249 0.0394683 0.600582
v -0.160079 0.0378374 0.59155
v -0.149954 0.0410008 0.600762
v -0.159303 0.0393912 0.591943
v -0.142231 0.0458551 0.611761
v -0.137732 0.0548437 0.621626
v -0.137025 0.0539978 0.622121
v -0.134762 0.066906 0.628943
v -0.133671 0.0666517 0.629742
v -0.131127 0.0803403 0.632384
v -0.129784 0.0807323 0.633414
v -0.12593 0.0928329 0.629087
v -0.124455 0.0938261 0.630285
v -0.119283 0.10282 0.617593
v -0.11778 0.104288 0.618926
v -0.11402 0.112351 0.603596
v -0.112645 0.114166 0.605105
v -0.11178 0.125377 0.595131
v -0.11284 0.123321 0.593327
v -0.115154 0.133399 0.588023
v -0.114521 0.135598 0.590275
v -0.119987 0.139973 0.588204
v -0.119763 0.142214 0.590985
v -0.128073 0.143534 0.596535
v -0.128027 0.14568 0.599449
v -0.140025 0.145467 0.614088
v -0.139818 0.147385 0.616412
v -0.154248 0.147614 0.633437
v -0.15396 0.149399 0.635109
v -0.168974 0.151217 0.646814
v -0.169069 0.153145 0.648432
v -0.183948 0.154665 0.653591
v -0.184613 0.15678 0.655422
v -0.198926 0.156259 0.654785
v -0.199994 0.158361 0.656651
v -0.212192 0.156821 0.650885
v -0.213502 0.158788 0.652674
v -0.22202 0.157292 0.64242
v -0.223535 0.159129 0.644173
v -0.22812 0.156582 0.630633
v -0.230043 0.158289 0.63236
v -0.230778 0.153538 0.617246
v -0.233454 0.155104 0.618889
v -0.231135 0.148772 0.60519
v -0.234557 0.1503 0.606648
v -0.230539 0.143223 0.596991
v -0.234328 0.144899 0.598159
v -0.230302 0.137348 0.592343
v -0.234148 0.139192 0.593235
v -0.231061 0.131306 0.590276
v -0.234818 0.133155 0.591024
v -0.230773 0.124529 0.589988
v -0.234422 0.126223 0.590715
v -0.227547 0.116376 0.590764
v -0.231144 0.11781 0.591534
v -0.222782 0.106658 0.592075
v -0.2263 0.107776 0.592814
v -0.221528 0.0962327 0.594096
v -0.218204 0.0954453 0.593569
v -0.213582 0.0833922 0.595413
v -0.216631 0.083844 0.595643
v -0.210817 0.0714145 0.597379
v -0.208074 0.0713072 0.597403
v -0.200367 0.0600213 0.597331
v -0.202749 0.0597571 0.597133
v -0.189752 0.0504102 0.593642
v -0.191704 0.0497399 0.593354
v -0.178409 0.0435048 0.589387
v -0.179933 0.042442 0.589037
v -0.168511 0.0400373 0.588264
v -0.169668 0.0386587 0.587845
v -0.167605 0.0413847 0.588867
v -0.177153 0.0445597 0.589932
v -0.158759 0.0409074 0.592509
v -0.167 0.0427126 0.589878
v -0.176193 0.0456263 0.5909
v -0.158512 0.0424429 0.593437
v -0.150076 0.0442358 0.601777
v -0.149873 0.0425244 0.601113
v -0.143325 0.0488543 0.612172
v -0.14265 0.0471829 0.611801
v -0.139672 0.0570017 0.621549
v -0.138595 0.0557531 0.621364
v -0.137392 0.0677975 0.628392
v -0.135978 0.067245 0.628399
v -0.134286 0.0798217 0.631246
v -0.132592 0.0800525 0.631578
v -0.129426 0.0910796 0.62737
v -0.127546 0.0919626 0.628056
v -0.122872 0.10024 0.615464
v -0.120948 0.101491 0.616389
v -0.117377 0.109196 0.601282
v -0.115585 0.110673 0.602256
v -0.114123 0.121376 0.591852
v -0.1156 0.119652 0.591015
v -0.117137 0.129316 0.585562
v -0.116057 0.131276 0.586317
v -0.121271 0.135646 0.585273
v -0.120538 0.137772 0.586168
v -0.129091 0.139088 0.593611
v -0.128504 0.141358 0.594473
v -0.141366 0.140945 0.612258
v -0.140653 0.14339 0.61259
v -0.155769 0.142954 0.632666
v -0.154947 0.145591 0.632471
v -0.169846 0.146325 0.645957
v -0.169218 0.149116 0.645747
v -0.183718 0.149726 0.652184
v -0.183526 0.1525 0.65217
v -0.197677 0.151688 0.653247
v -0.19802 0.154196 0.65325
v -0.210095 0.152733 0.649523
v -0.210977 0.154932 0.649404
v -0.219191 0.153506 0.641292
v -0.220543 0.155544 0.641002
v -0.224465 0.153157 0.629982
v -0.226217 0.154994 0.629332
v -0.226101 0.150733 0.617468
v -0.228163 0.152167 0.616186
v -0.225712 0.146378 0.606266
v -0.227866 0.147499 0.604456
v -0.225039 0.140597 0.598489
v -0.227011 0.141781 0.596599
v -0.224917 0.134242 0.594004
v -0.226769 0.135682 0.592226
v -0.225467 0.127973 0.592048
v -0.227557 0.129599 0.59029
v -0.224894 0.121324 0.591601
v -0.227289 0.122967 0.589953
v -0.221642 0.113628 0.591785
v -0.224088 0.115088 0.590527
v -0.217039 0.104526 0.592554
v -0.219413 0.105685 0.591705
v -0.215046 0.0947563 0.59333
v -0.212689 0.0939275 0.594029
v -0.208398 0.0825043 0.596162
v -0.210719 0.082985 0.59544
v -0.205544 0.0712223 0.597655
v -0.203397 0.0711137 0.598425
v -0.196398 0.0605937 0.598558
v -0.198226 0.0603038 0.597734
v -0.186667 0.0517936 0.595023
v -0.188063 0.0510905 0.594127
v -0.185531 0.0542761 0.597051
v -0.17583 0.0482036 0.593053
v -0.194661 0.0620552 0.60021
v -0.183371 0.066739 0.602059
v -0.176182 0.0570899 0.597396
v -0.191532 0.0684895 0.602742
v -0.201146 0.0721363 0.60036
v -0.195008 0.0798137 0.604489
v -0.206312 0.0825401 0.59829
v -0.20185 0.0854404 0.601827
v -0.210555 0.0933095 0.596693
v -0.202736 0.0953657 0.602467
v -0.21529 0.103148 0.595623
v -0.209883 0.102536 0.600176
v -0.219386 0.111731 0.595717
v -0.209564 0.109134 0.602398
v -0.223001 0.119286 0.595897
v -0.216508 0.116367 0.600932
v -0.223903 0.125837 0.596728
v -0.213507 0.120237 0.60379
v -0.224291 0.132458 0.598799
v -0.218362 0.128057 0.604218
v -0.223837 0.138589 0.603882
v -0.213772 0.13018 0.610028
v -0.224108 0.144336 0.611609
v -0.217708 0.137972 0.615489
v -0.223411 0.147716 0.621755
v -0.21231 0.136651 0.623278
v -0.221871 0.149863 0.632869
v -0.214789 0.142225 0.632624
v -0.216725 0.149624 0.642973
v -0.206807 0.137782 0.638087
v -0.208854 0.149059 0.65083
v -0.204046 0.141335 0.646947
v -0.19744 0.147267 0.653989
v -0.193009 0.135663 0.645913
v -0.184523 0.145314 0.653093
v -0.184128 0.137699 0.648671
v -0.171119 0.141725 0.646729
v -0.173223 0.131402 0.63984
v -0.15715 0.139107 0.633733
v -0.160507 0.132864 0.63139
v -0.143319 0.137263 0.613679
v -0.152071 0.128391 0.615347
v -0.131197 0.136083 0.595364
v -0.138801 0.130403 0.600363
v -0.124124 0.132813 0.587196
v -0.137703 0.125059 0.595657
v -0.119961 0.127105 0.587045
v -0.12914 0.122893 0.592047
v -0.119315 0.117939 0.592052
v -0.134268 0.114235 0.598422
v -0.120949 0.108098 0.601441
v -0.130492 0.10738 0.604022
v -0.1268 0.0994041 0.615005
v -0.139939 0.100235 0.614788
v -0.132658 0.0906153 0.626716
v -0.139951 0.0921529 0.624278
v -0.137543 0.0805391 0.630952
v -0.147714 0.086148 0.626743
v -0.139958 0.0695702 0.628663
v -0.146116 0.0751759 0.626816
v -0.142232 0.0602107 0.622072
v -0.151433 0.0717514 0.620679
v -0.145254 0.0523122 0.613027
v -0.150823 0.0611021 0.61379
v -0.151609 0.0480869 0.603284
v -0.158356 0.0625889 0.606971
v -0.159201 0.0455187 0.595437
v -0.162061 0.054936 0.599502
v -0.167256 0.0460005 0.59225
v -0.16989 0.060664 0.599024
v -0.177782 0.104768 0.615009
v -0.384979 0.211172 0.952888
v -0.385986 0.209633 0.950879
v -0.387366 0.208611 0.94928
v -0.387188 0.206683 0.945327
v -0.387443 0.20457 0.940225
v -0.386595 0.200678 0.931706
v -0.385167 0.195607 0.922018
v -0.380664 0.188417 0.910847
v -0.375423 0.180514 0.899903
v -0.369209 0.172147 0.889198
v -0.363151 0.162925 0.879451
v -0.355896 0.152618 0.870768
v -0.347496 0.141765 0.862129
v -0.33737 0.132326 0.853599
v -0.327585 0.123774 0.844853
v -0.319989 0.117545 0.8378
v -0.313323 0.111313 0.830706
v -0.307009 0.106658 0.825429
v -0.300274 0.103593 0.822564
v -0.294551 0.106258 0.825859
v -0.288417 0.112573 0.83081
v -0.283718 0.123573 0.836464
v -0.281189 0.135793 0.842203
v -0.284351 0.148879 0.850955
vt 0.09685 1
vt 0.04652 1
vt 0.328 1
vt 0.0699 1
vt 0.1169 1
vt 0.07508 1
vt 0.07508 1
vt 0.2051 1
vt 0.09685 1
vt 0.09816 1
vt 0.125 1
vt 0.1485 1
vt 0.1485 1
vt 0.8265 1
vt 0.0699 1
vt 0.09685 1
vt 0.1668 1
vt 0.3987 1
vt 0.09685 1
vt 0.1169 1
vt 0.2434 1
vt 0.1668 1
vt 0.332 1
vt 0.1668 1
vt 0.2981 1
vt 0.1485 1
vt 0.2684 1
vt 0.1169 1
vt 0.2981 1
vt 0.1616 1
vt 0.2981 1
vt 0.2219 1
vt 0.2381 1
vt 0.1668 1
vt 0.2377 1
vt 0.09816 1
vt 0.2682 1
vt 0.1711 1
vt 0.2381 1
vt 0.1616 1
vt 0.205 1
vt 0.1169 1
vt 0.1576 1
vt 0.4878 1
vt 0.2196 1
vt 0.7783 1
vt 0.2069 1
vt 0.2219 1
vt 0.3932 1
vt 0.2196 1
vt 0.1711 1
vt 0.1616 1
vt 0.4655 1
vt 0.2219 1
vt 0.2434 1
vt 0.2219 1
vt 0.2902 1
vt 0.3932 1
vt 0.3932 1
vt 0.6671 1
vt 0.6016 1
vt 0.7668 1
vt 0.6671 1
vt 0.3932 1
vt 0.7668 1
vt 0.3932 1
vt 0.8071 1
vt 0.7751 1
vt 0.3112 1
vt 0.7751 1
vt 0.3932 1
vt 0.725 1
vt 0.7136 1
vt 0.725 1
vt 0.3932 1
vt 0.6204 1
vt 0.5718 1
vt 0.6204 1
vt 0.3932 1
vt 0.4655 1
vt 0.3712 1
vt 0.3932 1
vt 0.2152 1
vt 0.2935 1
vt 0.2935 1
vt 0.164 1
vt 0.3932 1
vt 0.2045 1
vt 0.2045 1
vt 0.1815 1
vt 0.3932 1
vt 0.1815 1
vt 0.1472 1
vt 0.3932 1
vt 0.141 1
vt 0.1713 1
vt 0.1713 1
vt 0.1392 1
vt 0.3932 1
vt 0.1686 1
vt 0.1686 1
vt 0.1673 1
vt 0.3932 1
vt 0.1673 1
vt 0.138 1
vt 0.3932 1
vt 0.3018 1
vt 0.1711 1
vt 0.2902 1
vt 0.3307 1
vt 0.3932 1
vt 0.3433 1
vt 0.3932 1
vt 0.3307 1
vt 0.3734 1
vt 0.3734 1
vt 0.4184 1
vt 0.3932 1
vt 0.4165 1
vt 0.4878 1
vt 0.4184 1
vt 0.5125 1
vt 0.4878 1
vt 0.5125 1
vt 0.4878 1
vt 0.6375 1
vt 0.6016 1
vt 0.5125 1
vt 0.517 1
vt 0.6375 1
vt 0.4134 1
vt 0.6489 1
vt 0.4165 1
vt 0.517 1
vt 0.5125 1
vt 0.3626 1
vt 0.4184 1
vt 0.3734 1
vt 0.4165 1
vt 0.3626 1
vt 0.3569 1
vt 0.4165 1
vt 0.328 1
vt 0.4134 1
vt 0.3346 1
vt 0.3569 1
vt 0.3626 1
vt 0.3346 1
vt 0.3734 1
vt 0.3433 1
vt 0.3626 1
vt 0.3112 1
vt 0.3025 1
vt 0.3346 1
vt 0.3112 1
vt 0.3307 1
vt 0.3433 1
vt 0.3346 1
vt 0.2857 1
vt 0.2762 1
vt 0.3463 1
vt 0.3112 1
vt 0.2857 1
vt 0.3025 1
vt 0.3018 1
vt 0.3307 1
vt 0.2478 1
vt 0.2597 1
vt 0.2857 1
vt 0.2762 1
vt 0.2597 1
vt 0.2902 1
vt 0.3018 1
vt 0.2857 1
vt 0.2069 1
vt 0.2196 1
vt 0.2597 1
vt 0.2478 1
vt 0.2196 1
vt 0.2434 1
vt 0.2902 1
vt 0.2597 1
vt 0.2478 1
vt 0.2303 1
vt 0.187 1
vt 0.2069 1
vt 0.2762 1
vt 0.2603 1
vt 0.2303 1
vt 0.2478 1
vt 0.2303 1
vt 0.2125 1
vt 0.1669 1
vt 0.187 1
vt 0.2603 1
vt 0.2441 1
vt 0.2125 1
vt 0.2303 1
vt 0.3025 1
vt 0.2879 1
vt 0.2603 1
vt 0.2762 1
vt 0.2879 1
vt 0.2732 1
vt 0.2441 1
vt 0.2603 1
vt 0.328 1
vt 0.315 1
vt 0.2879 1
vt 0.3025 1
vt 0.315 1
vt 0.302 1
vt 0.2732 1
vt 0.2879 1
vt 0.3569 1
vt 0.3463 1
vt 0.315 1
vt 0.328 1
vt 0.3463 1
vt 0.3356 1
vt 0.302 1
vt 0.315 1
vt 0.4134 1
vt 0.4073 1
vt 0.3463 1
vt 0.3569 1
vt 0.4073 1
vt 0.4013 1
vt 0.3356 1
vt 0.517 1
vt 0.5187 1
vt 0.4134 1
vt 0.4073 1
vt 0.9079 1
vt 0.5187 1
vt 0.5209 1
vt 0.4013 1
vt 0.4073 1
vt 0.6489 1
vt 0.6604 1
vt 0.5187 1
vt 0.517 1
vt 0.6604 1
vt 0.673 1
vt 0.5209 1
vt 0.5187 1
vt 0.78 1
vt 0.801 1
vt 0.6604 1
vt 0.6489 1
vt 0.801 1
vt 0.8239 1
vt 0.673 1
vt 0.6604 1
vt 0.8776 1
vt 0.9054 1
vt 0.801 1
vt 0.78 1
vt 0.9054 1
vt 0.9351 1
vt 0.8239 1
vt 0.801 1
vt 0.9491 1
vt 0.9802 1
vt 0.9351 1
vt 0.9054 1
vt 0.9194 1
vt 0.9491 1
vt 0.9054 1
vt 0.8776 1
vt 0.9276 1
vt 0.9566 1
vt 0.9491 1
vt 0.9194 1
vt 0.9566 1
vt 0.986 1
vt 0.9802 1
vt 0.9491 1
vt 0.9272 1
vt 0.9549 1
vt 0.9566 1
vt 0.9276 1
vt 0.9549 1
vt 0.9826 1
vt 0.986 1
vt 0.9566 1
vt 0.9079 1
vt 0.9339 1
vt 0.9549 1
vt 0.9272 1
vt 0.9339 1
vt 0.9598 1
vt 0.9826 1
vt 0.9549 1
vt 0.8807 1
vt 0.904 1
vt 0.9598 1
vt 0.9339 1
vt 0.8573 1
vt 0.8807 1
vt 0.9339 1
vt 0.7878 1
vt 0.8081 1
vt 0.8573 1
vt 0.8807 1
vt 0.08856 1
vt 0.8081 1
vt 0.8284 1
vt 0.904 1
vt 0.8807 1
vt 0.7124 1
vt 0.7295 1
vt 0.8081 1
vt 0.7878 1
vt 0.7295 1
vt 0.7468 1
vt 0.8284 1
vt 0.8081 1
vt 0.6195 1
vt 0.6341 1
vt 0.7295 1
vt 0.7124 1
vt 0.6341 1
vt 0.649 1
vt 0.7468 1
vt 0.7295 1
vt 0.4988 1
vt 0.5109 1
vt 0.6341 1
vt 0.6195 1
vt 0.5109 1
vt 0.5235 1
vt 0.649 1
vt 0.6341 1
vt 0.3679 1
vt 0.3723 1
vt 0.5109 1
vt 0.4988 1
vt 0.3723 1
vt 0.3768 1
vt 0.5235 1
vt 0.5109 1
vt 0.2503 1
vt 0.2384 1
vt 0.3723 1
vt 0.3679 1
vt 0.2384 1
vt 0.2256 1
vt 0.3768 1
vt 0.3723 1
vt 0.1649 1
vt 0.1372 1
vt 0.2384 1
vt 0.2503 1
vt 0.1372 1
vt 0.1077 1
vt 0.2256 1
vt 0.2384 1
vt 0.08856 1
vt 0.05276 1
vt 0.1077 1
vt 0.1372 1
vt 0.1224 1
vt 0.08856 1
vt 0.1372 1
vt 0.1649 1
vt 0.105 1
vt 0.07125 1
vt 0.08856 1
vt 0.1224 1
vt 0.07125 1
vt 0.03615 1
vt 0.05276 1
vt 0.09221 1
vt 0.05962 1
vt 0.105 1
vt 0.07125 1
vt 0.04348 1
vt 0.05962 1
vt 0.02633 1
vt 0.03615 1
vt 0.07125 1
vt 0.08235 1
vt 0.05077 1
vt 0.05962 1
vt 0.09221 1
vt 0.05077 1
vt 0.01896 1
vt 0.02633 1
vt 0.05962 1
vt 0.07741 1
vt 0.04657 1
vt 0.05077 1
vt 0.08235 1
vt 0.04657 1
vt 0.01569 1
vt 0.01896 1
vt 0.05077 1
vt 0.07557 1
vt 0.04527 1
vt 0.04657 1
vt 0.07741 1
vt 0.04527 1
vt 0.01496 1
vt 0.01569 1
vt 0.04657 1
vt 0.07452 1
vt 0.04466 1
vt 0.04527 1
vt 0.07557 1
vt 0.04466 1
vt 0.0148 1
vt 0.01496 1
vt 0.04527 1
vt 0.07371 1
vt 0.04421 1
vt 0.04466 1
vt 0.07452 1
vt 0.04421 1
vt 0.0147 1
vt 0.0148 1
vt 0.04466 1
vt 0.07305 1
vt 0.04383 1
vt 0.04421 1
vt 0.07371 1
vt 0.04383 1
vt 0.01461 1
vt 0.0147 1
vt 0.04421 1
vt 0.07246 1
vt 0.04348 1
vt 0.04383 1
vt 0.07305 1
vt 0.04348 1
vt 0.01449 1
vt 0.01461 1
vt 0.04383 1
vt 0.07508 1
vt 0.04652 1
vt 0.04348 1
vt 0.07246 1
vt 0.04652 1
vt 0.01795 1
vt 0.01449 1
vt 0.0699 1
vt 0.04287 1
vt 0.04652 1
vt 0.01795 1
vt 0.302 1
vt 0.01795 1
vt 0.005439 1
vt 0.001811 1
vt 0.01449 1
vt 0.04287 1
vt 0.03091 1
vt 0.005439 1
vt 0.01795 1
vt 0.005439 1
vt 0.003641 1
vt 0 1
vt 0.001811 1
vt 0.03091 1
vt 0.02913 1
vt 0.003641 1
vt 0.005439 1
vt 0.1012 1
vt 0.09042 1
vt 0.03091 1
vt 0.04287 1
vt 0.09042 1
vt 0.08866 1
vt 0.02913 1
vt 0.03091 1
vt 0.1669 1
vt 0.1575 1
vt 0.09042 1
vt 0.1012 1
vt 0.1575 1
vt 0.1559 1
vt 0.08866 1
vt 0.09042 1
vt 0.2125 1
vt 0.2044 1
vt 0.1575 1
vt 0.1669 1
vt 0.2044 1
vt 0.2031 1
vt 0.1559 1
vt 0.1575 1
vt 0.2441 1
vt 0.2369 1
vt 0.2044 1
vt 0.2125 1
vt 0.2369 1
vt 0.2362 1
vt 0.2031 1
vt 0.2044 1
vt 0.2732 1
vt 0.2671 1
vt 0.2369 1
vt 0.2441 1
vt 0.2671 1
vt 0.2667 1
vt 0.2362 1
vt 0.2369 1
vt 0.302 1
vt 0.2967 1
vt 0.2671 1
vt 0.2732 1
vt 0.2967 1
vt 0.2965 1
vt 0.2667 1
vt 0.2671 1
vt 0.3356 1
vt 0.3311 1
vt 0.2967 1
vt 0.3311 1
vt 0.3308 1
vt 0.2967 1
vt 0.2965 1
vt 0.9826 1
vt 0.4013 1
vt 0.3989 1
vt 0.3311 1
vt 0.3356 1
vt 0.3989 1
vt 0.3988 1
vt 0.3308 1
vt 0.3311 1
vt 0.5209 1
vt 0.523 1
vt 0.3989 1
vt 0.4013 1
vt 0.523 1
vt 0.524 1
vt 0.3988 1
vt 0.3989 1
vt 0.673 1
vt 0.6811 1
vt 0.523 1
vt 0.5209 1
vt 0.6811 1
vt 0.6837 1
vt 0.524 1
vt 0.523 1
vt 0.8239 1
vt 0.8377 1
vt 0.6811 1
vt 0.673 1
vt 0.8377 1
vt 0.8419 1
vt 0.6837 1
vt 0.6811 1
vt 0.9351 1
vt 0.9522 1
vt 0.8377 1
vt 0.8239 1
vt 0.9522 1
vt 0.9569 1
vt 0.8419 1
vt 0.8377 1
vt 0.9964 1
vt 1 1
vt 0.9569 1
vt 0.9522 1
vt 0.9802 1
vt 0.9964 1
vt 0.9522 1
vt 0.9351 1
vt 0.986 1
vt 0.9997 1
vt 0.9964 1
vt 0.9802 1
vt 0.9997 1
vt 1.002 1
vt 1 1
vt 0.9964 1
vt 0.9826 1
vt 0.9946 1
vt 0.9997 1
vt 0.986 1
vt 0.9946 1
vt 0.9963 1
vt 1.002 1
vt 0.9997 1
vt 0.9598 1
vt 0.9709 1
vt 0.9946 1
vt 0.9709 1
vt 0.9723 1
vt 0.9946 1
vt 0.9963 1
vt 0.1077 1
vt 0.904 1
vt 0.9141 1
vt 0.9709 1
vt 0.9598 1
vt 0.9141 1
vt 0.9154 1
vt 0.9723 1
vt 0.9709 1
vt 0.8284 1
vt 0.8374 1
vt 0.9141 1
vt 0.904 1
vt 0.8374 1
vt 0.8387 1
vt 0.9154 1
vt 0.9141 1
vt 0.7468 1
vt 0.7547 1
vt 0.8374 1
vt 0.8284 1
vt 0.7547 1
vt 0.756 1
vt 0.8387 1
vt 0.8374 1
vt 0.649 1
vt 0.6561 1
vt 0.7547 1
vt 0.7468 1
vt 0.6561 1
vt 0.6566 1
vt 0.756 1
vt 0.7547 1
vt 0.5235 1
vt 0.5295 1
vt 0.6561 1
vt 0.649 1
vt 0.5295 1
vt 0.5284 1
vt 0.6566 1
vt 0.6561 1
vt 0.3768 1
vt 0.3789 1
vt 0.5295 1
vt 0.5235 1
vt 0.3789 1
vt 0.3754 1
vt 0.5284 1
vt 0.5295 1
vt 0.2256 1
vt 0.2191 1
vt 0.3789 1
vt 0.3768 1
vt 0.2191 1
vt 0.2131 1
vt 0.3754 1
vt 0.3789 1
vt 0.1077 1
vt 0.09307 1
vt 0.2191 1
vt 0.2256 1
vt 0.09307 1
vt 0.08557 1
vt 0.2131 1
vt 0.2191 1
vt 0.05276 1
vt 0.03543 1
vt 0.09307 1
vt 0.03543 1
vt 0.02835 1
vt 0.09307 1
vt 0.08557 1
vt 0.01461 1
vt 0.03615 1
vt 0.01962 1
vt 0.03543 1
vt 0.05276 1
vt 0.01962 1
vt 0.01412 1
vt 0.02835 1
vt 0.03543 1
vt 0.02633 1
vt 0.01116 1
vt 0.01962 1
vt 0.03615 1
vt 0.01116 1
vt 0.007353 1
vt 0.01412 1
vt 0.01962 1
vt 0.01896 1
vt 0.004862 1
vt 0.01116 1
vt 0.02633 1
vt 0.004862 1
vt 0.002343 1
vt 0.007353 1
vt 0.01116 1
vt 0.01569 1
vt 0.002203 1
vt 0.004862 1
vt 0.01896 1
vt 0.002203 1
vt 0.0002637 1
vt 0.002343 1
vt 0.004862 1
vt 0.01496 1
vt 0.00177 1
vt 0.002203 1
vt 0.01569 1
vt 0.00177 1
vt -4.248e-05 1
vt 0.0002637 1
vt 0.002203 1
vt 0.0148 1
vt 0.001777 1
vt 0.00177 1
vt 0.01496 1
vt 0.001777 1
vt -3.053e-05 1
vt -4.248e-05 1
vt 0.00177 1
vt 0.0147 1
vt 0.001813 1
vt 0.001777 1
vt 0.0148 1
vt 0.001813 1
vt -1.062e-05 1
vt -3.053e-05 1
vt 0.001777 1
vt 0.01461 1
vt 0.001822 1
vt 0.001813 1
vt 0.0147 1
vt 0.001822 1
vt -1.327e-06 1
vt -1.062e-05 1
vt 0.001813 1
vt 0.01449 1
vt 0.001811 1
vt 0.001822 1
vt 0.001811 1
vt 0 1
vt 0.001822 1
vt -1.327e-06 1
vt 0.2362 1
vt -1.327e-06 1
vt -1.659e-07 1
vt -1.327e-06 1
vt -1.062e-05 1
vt 0 1
vt 0 1
vt -1.659e-07 1
vt -1.327e-06 1
vt -1.659e-07 1
vt 0 1
vt 0 1
vt -1.327e-06 1
vt 0 1
vt 0 1
vt 0 1
vt -1.659e-07 1
vt 0.003641 1
vt 0.003654 1
vt 0 1
vt 0 1
vt 0.003654 1
vt 0.003675 1
vt 0 1
vt 0 1
vt 0.02913 1
vt 0.02923 1
vt 0.003654 1
vt 0.003641 1
vt 0.02923 1
vt 0.0294 1
vt 0.003675 1
vt 0.003654 1
vt 0.08866 1
vt 0.08897 1
vt 0.02923 1
vt 0.02913 1
vt 0.08897 1
vt 0.08949 1
vt 0.0294 1
vt 0.02923 1
vt 0.1559 1
vt 0.1564 1
vt 0.08897 1
vt 0.08866 1
vt 0.1564 1
vt 0.1572 1
vt 0.08949 1
vt 0.08897 1
vt 0.2031 1
vt 0.2038 1
vt 0.1564 1
vt 0.1559 1
vt 0.2038 1
vt 0.2046 1
vt 0.1572 1
vt 0.1564 1
vt 0.2362 1
vt 0.2369 1
vt 0.2038 1
vt 0.2031 1
vt 0.2369 1
vt 0.2377 1
vt 0.2046 1
vt 0.2038 1
vt 0.2667 1
vt 0.2675 1
vt 0.2369 1
vt 0.2675 1
vt 0.2682 1
vt 0.2369 1
vt 0.2377 1
vt 1 1
vt 0.2965 1
vt 0.2973 1
vt 0.2675 1
vt 0.2667 1
vt 0.2973 1
vt 0.2978 1
vt 0.2682 1
vt 0.2675 1
vt 0.3308 1
vt 0.3313 1
vt 0.2973 1
vt 0.2965 1
vt 0.3313 1
vt 0.3318 1
vt 0.2978 1
vt 0.2973 1
vt 0.3988 1
vt 0.3988 1
vt 0.3313 1
vt 0.3308 1
vt 0.3988 1
vt 0.3987 1
vt 0.3318 1
vt 0.3313 1
vt 0.524 1
vt 0.5232 1
vt 0.3988 1
vt 0.3988 1
vt 0.5232 1
vt 0.5218 1
vt 0.3987 1
vt 0.3988 1
vt 0.6837 1
vt 0.6818 1
vt 0.5232 1
vt 0.524 1
vt 0.6818 1
vt 0.6786 1
vt 0.5218 1
vt 0.5232 1
vt 0.8419 1
vt 0.839 1
vt 0.6818 1
vt 0.6837 1
vt 0.839 1
vt 0.8343 1
vt 0.6786 1
vt 0.6818 1
vt 0.9569 1
vt 0.9539 1
vt 0.839 1
vt 0.8419 1
vt 0.9539 1
vt 0.9488 1
vt 0.8343 1
vt 0.839 1
vt 0.9983 1
vt 0.995 1
vt 0.9488 1
vt 0.9539 1
vt 1 1
vt 0.9983 1
vt 0.9539 1
vt 0.9569 1
vt 1.002 1
vt 1.001 1
vt 0.9983 1
vt 0.9983 1
vt 1.001 1
vt 0.995 1
vt 1.001 1
vt 0.3754 1
vt 0.9963 1
vt 1.001 1
vt 0.9964 1
vt 0.9964 1
vt 1.002 1
vt 1.001 1
vt 0.9965 1
vt 0.9723 1
vt 1.001 1
vt 0.9964 1
vt 0.9725 1
vt 0.9725 1
vt 0.9963 1
vt 0.9729 1
vt 0.9965 1
vt 0.9154 1
vt 0.9964 1
vt 0.9725 1
vt 0.9156 1
vt 0.9156 1
vt 0.9723 1
vt 0.9729 1
vt 0.9158 1
vt 0.8387 1
vt 0.9725 1
vt 0.9156 1
vt 0.8387 1
vt 0.8387 1
vt 0.9154 1
vt 0.9158 1
vt 0.8385 1
vt 0.756 1
vt 0.9156 1
vt 0.8387 1
vt 0.7554 1
vt 0.7554 1
vt 0.8387 1
vt 0.8385 1
vt 0.7547 1
vt 0.6566 1
vt 0.8387 1
vt 0.7554 1
vt 0.6542 1
vt 0.6542 1
vt 0.756 1
vt 0.7547 1
vt 0.6515 1
vt 0.5284 1
vt 0.7554 1
vt 0.6542 1
vt 0.5219 1
vt 0.5219 1
vt 0.6566 1
vt 0.515 1
vt 0.6515 1
vt 0.3754 1
vt 0.6542 1
vt 0.365 1
vt 0.5219 1
vt 0.365 1
vt 0.5284 1
vt 0.515 1
vt 0.3542 1
vt 0.2131 1
vt 0.5219 1
vt 0.365 1
vt 0.2013 1
vt 0.2013 1
vt 0.3542 1
vt 0.365 1
vt 0.1896 1
vt -3.053e-05 1
vt 0.08557 1
vt 0.2013 1
vt 0.07467 1
vt 0.07467 1
vt 0.2131 1
vt 0.1896 1
vt 0.06419 1
vt 0.02835 1
vt 0.2013 1
vt 0.07467 1
vt 0.01965 1
vt 0.01965 1
vt 0.08557 1
vt 0.06419 1
vt 0.01144 1
vt 0.01412 1
vt 0.07467 1
vt 0.008251 1
vt 0.01965 1
vt 0.008251 1
vt 0.02835 1
vt 0.01144 1
vt 0.002731 1
vt 0.007353 1
vt 0.01965 1
vt 0.008251 1
vt 0.004297 1
vt 0.004297 1
vt 0.01412 1
vt 0.002731 1
vt 0.001422 1
vt 0.002343 1
vt 0.008251 1
vt 0.004297 1
vt 0.001374 1
vt 0.001374 1
vt 0.007353 1
vt 0.001422 1
vt 0.0004551 1
vt 0.0002637 1
vt 0.004297 1
vt 0.001374 1
vt 0.0001681 1
vt 0.0001681 1
vt 0.002343 1
vt 0.0004551 1
vt 5.689e-05 1
vt -4.248e-05 1
vt 0.001374 1
vt 0.0001681 1
vt -5.31e-06 1
vt -5.31e-06 1
vt 0.0002637 1
vt 5.689e-05 1
vt 0 1
vt -3.053e-05 1
vt 0.0001681 1
vt -3.816e-06 1
vt -5.31e-06 1
vt -3.816e-06 1
vt -4.248e-05 1
vt 0 1
vt 0 1
vt -1.062e-05 1
vt -5.31e-06 1
vt -3.816e-06 1
vt -1.327e-06 1
vt -1.327e-06 1
vt 0 1
vt -3.816e-06 1
vt 0 1
vt 0.1572 1
vt 0 1
vt 0 1
vt 0 1
vt 0 1
vt 0 1
vt 0 1
vt 0 1
vt 0 1
vt 0 1
vt 0 1
vt 0 1
vt 0 1
vt 0 1
vt 0 1
vt 0 1
vt 0 1
vt 0 1
vt 0 1
vt 0 1
vt 0 1
vt 0 1
vt 0 1
vt 0 1
vt 0 1
vt 0 1
vt 0 1
vt 0 1
vt 0 1
vt 0 1
vt 0 1
vt 0 1
vt 0 1
vt 0.003675 1
vt 0.003685 1
vt 0 1
vt 0 1
vt 0.003685 1
vt 0.003687 1
vt 0 1
vt 0 1
vt 0.0294 1
vt 0.02948 1
vt 0.003685 1
vt 0.003675 1
vt 0.02948 1
vt 0.0295 1
vt 0.003687 1
vt 0.003685 1
vt 0.08949 1
vt 0.08972 1
vt 0.02948 1
vt 0.0294 1
vt 0.08972 1
vt 0.08976 1
vt 0.0295 1
vt 0.02948 1
vt 0.1572 1
vt 0.1576 1
vt 0.08972 1
vt 0.08949 1
vt 0.1576 1
vt 0.1577 1
vt 0.08976 1
vt 0.08972 1
vt 0.2046 1
vt 0.205 1
vt 0.1576 1
vt 0.205 1
vt 0.1577 1
vt 0.2377 1
vt 0.238 1
vt 0.2046 1
vt 0.238 1
vt 0.2051 1
vt 0.205 1
vt 0.2684 1
vt 0.238 1
vt 0.2684 1
vt 0.2685 1
vt 0.238 1
vt 0.2978 1
vt 0.2684 1
vt 0.2682 1
vt 0.2981 1
vt 0.2685 1
vt 0.3318 1
vt 0.332 1
vt 0.2978 1
vt 0.332 1
vt 0.2981 1
vt 0.2981 1
vt 0.3987 1
vn 0.4321 -0.6298 0.6454
vn 0.3909 -0.6026 0.6957
vn -0.01599 -0.5882 0.8085
vn 0.2301 -0.7124 0.6629
vn 0.3438 -0.6885 0.6385
vn 0.4949 -0.5772 0.6495
vn 0.4129 -0.694 0.5898
vn 0.3946 -0.6909 0.6058
vn 0.4901 -0.6093 0.6233
vn 0.5473 -0.5049 0.6674
vn 0.567 -0.4836 0.6668
vn 0.4075 -0.628 0.663
vn 0.4088 -0.6857 0.6023
vn 0.292 -0.7985 0.5263
vn 0.536 -0.5095 0.673
vn 0.2433 -0.6048 0.7583
vn 0.4951 -0.5166 0.6985
vn 0.3228 -0.469 0.822
vn 0.3419 -0.4572 0.821
vn 0.2741 -0.5235 0.8067
vn 0.3309 -0.4505 0.8291
vn 0.351 -0.4321 0.8307
vn 0.1574 -0.5831 0.797
vn 0.08695 -0.6471 0.7574
vn -0.01184 -0.6794 0.7337
vn 0.1299 -0.6511 0.7477
vn 0.2102 -0.6251 0.7516
vn 0.2097 -0.623 0.7535
vn 0.1223 -0.6502 0.7498
vn 0.07779 -0.6458 0.7595
vn -0.01309 -0.6416 0.7669
vn -0.006714 -0.6471 0.7624
vn 0.01541 -0.6751 0.7375
vn 0.02368 -0.7468 0.6646
vn 0.0282 -0.7906 0.6117
vn -0.034 -0.8404 0.5408
vn -0.06662 -0.8653 0.4968
vn -0.1321 -0.8885 0.4395
vn -0.1489 -0.9044 0.3999
vn -0.1019 -0.8849 0.4544
vn -0.01428 -0.8751 0.4837
vn 0.108 -0.813 0.572
vn 0.21 -0.7741 0.5972
vn 0.4016 -0.5562 0.7275
vn 0.4101 -0.5229 0.7472
vn 0.3724 -0.5432 0.7525
vn 0.3735 -0.4776 0.7952
vn 0.3374 -0.463 0.8196
vn 0.08542 -0.6209 0.7792
vn 0.09003 -0.5646 0.8204
vn 0.1095 -0.5545 0.8249
vn -0.197 -0.6529 0.7314
vn -0.1809 -0.6393 0.7473
vn -0.1761 -0.7247 0.6662
vn 0.1328 -0.6976 0.704
vn -0.08112 -0.8229 0.5624
vn 0.007477 -0.8685 0.4956
vn 0.1843 -0.7407 0.646
vn 0.02377 -0.8767 0.4803
vn 0.2037 -0.7515 0.6274
vn 0.04752 -0.8783 0.4758
vn 0.2192 -0.7579 0.6144
vn 0.1406 -0.8625 0.4861
vn 0.2996 -0.7393 0.603
vn 0.1922 -0.8278 0.527
vn 0.3013 -0.7809 0.5471
vn 0.11 -0.8407 0.5302
vn 0.2989 -0.7226 0.6232
vn 0.356 -0.7082 0.6096
vn 0.2604 -0.7133 0.6507
vn 0.07831 -0.8464 0.5267
vn 0.2225 -0.7294 0.6468
vn 0.0441 -0.8487 0.527
vn 0.1678 -0.7468 0.6435
vn -0.04175 -0.8157 0.577
vn 0.08719 -0.7209 0.6875
vn -0.1585 -0.7269 0.6681
vn -0.001953 -0.6533 0.7571
vn -0.2328 -0.6589 0.7153
vn -0.09925 -0.6183 0.7796
vn -0.2924 -0.6499 0.7015
vn -0.2383 -0.6296 0.7394
vn -0.1393 -0.6133 0.7775
vn -0.3237 -0.6214 0.7135
vn -0.3771 -0.6063 0.7002
vn -0.01514 -0.5349 0.8448
vn -0.1931 -0.5511 0.8117
vn -0.3122 -0.5457 0.7776
vn 0.04892 -0.5267 0.8486
vn -0.0708 -0.5454 0.8351
vn 0.1278 -0.4978 0.8578
vn 0.08786 -0.5816 0.8087
vn 0.1045 -0.6151 0.7815
vn 0.03211 -0.6291 0.7766
vn -0.05261 -0.6659 0.7442
vn -0.021 -0.7046 0.7093
vn -0.05509 -0.7174 0.6944
vn -0.1429 -0.71 0.6896
vn -0.192 -0.755 0.6269
vn -0.2424 -0.777 0.581
vn -0.3397 -0.7776 0.529
vn -0.4445 -0.7808 0.439
vn -0.1778 -0.7467 0.6409
vn -0.1855 -0.787 0.5884
vn -0.4122 -0.8026 0.4311
vn -0.5348 -0.779 0.3272
vn -0.1991 -0.814 0.5456
vn -0.4176 -0.8303 0.369
vn -0.5322 -0.8059 0.2593
vn -0.2134 -0.8213 0.5289
vn -0.4042 -0.8464 0.3466
vn -0.5192 -0.8286 0.2093
vn -0.2486 -0.8083 0.5338
vn -0.4184 -0.8371 0.3524
vn -0.5573 -0.8137 0.1652
vn -0.2777 -0.7729 0.5705
vn -0.4677 -0.7982 0.3797
vn -0.6475 -0.7503 0.1333
vn -0.2615 -0.7402 0.6194
vn -0.5046 -0.7602 0.4091
vn -0.7299 -0.6736 0.1157
vn -0.1952 -0.7542 0.6269
vn -0.5062 -0.7606 0.4065
vn -0.7729 -0.6261 0.1027
vn -0.5004 -0.7787 0.3783
vn -0.7905 -0.6051 0.09488
vn -0.151 -0.7954 0.5869
vn -0.1549 -0.8235 0.5457
vn -0.5097 -0.785 0.3522
vn -0.8024 -0.5902 0.08835
vn -0.1924 -0.8435 0.5014
vn -0.5441 -0.7729 0.3263
vn -0.8329 -0.5467 0.08536
vn -0.2542 -0.8597 0.443
vn -0.6047 -0.736 0.3043
vn -0.8937 -0.4382 0.09653
vn -0.3155 -0.864 0.3923
vn -0.667 -0.6868 0.2885
vn -0.9491 -0.2973 0.1036
vn -0.3525 -0.864 0.3595
vn -0.7107 -0.6558 0.2546
vn -0.9791 -0.1862 0.08191
vn -0.3503 -0.8634 0.3631
vn -0.7311 -0.6292 0.2637
vn -0.994 -0.02072 0.1075
vn -0.2828 -0.8492 0.4459
vn -0.7074 -0.5789 0.4056
vn -0.9562 0.1708 0.2377
vn -0.1655 -0.8262 0.5385
vn -0.6172 -0.5592 0.5534
vn -0.8791 0.2911 0.3774
vn -0.04001 -0.802 0.596
vn -0.4557 -0.5706 0.6832
vn -0.7465 0.322 0.5823
vn -0.2355 0.2495 0.9393
vn 0.4259 -0.15 0.8922
vn 0.01312 0.8365 0.5478
vn -0.3999 0.9071 0.131
vn 0.4884 0.3238 0.8103
vn -0.0005799 0.9688 0.2477
vn -0.2472 0.9673 0.05609
vn 0.4123 0.7003 0.5827
vn 0.4391 -0.5891 0.6783
vn 0.5802 -0.1801 0.7942
vn 0.6084 0.261 0.7494
vn 0.5034 -0.4452 0.7405
vn 0.6106 -0.04608 0.7905
vn 0.4338 -0.5282 0.7299
vn 0.5555 -0.2545 0.7916
vn 0.393 -0.5479 0.7384
vn 0.4986 -0.3706 0.7836
vn 0.3527 -0.5718 0.7407
vn 0.4607 -0.3971 0.7937
vn 0.3016 -0.5819 0.7553
vn 0.429 -0.3819 0.8186
vn 0.2489 -0.5472 0.7991
vn 0.3971 -0.3699 0.8399
vn 0.181 -0.5295 0.8287
vn 0.3504 -0.4104 0.8419
vn 0.08823 -0.5435 0.8347
vn 0.302 -0.4516 0.8395
vn -0.05789 -0.5834 0.8101
vn 0.2457 -0.4933 0.8344
vn -0.2002 -0.5851 0.7858
vn 0.1879 -0.5307 0.8264
vn -0.167 -0.5502 0.8181
vn 0.1686 -0.5595 0.8115
vn -0.04956 -0.5683 0.8213
vn 0.125 -0.6117 0.7811
vn -0.02191 -0.6418 0.7665
vn 0.02954 -0.6828 0.73
vn -0.1006 -0.7288 0.6772
vn -0.1103 -0.7645 0.6351
vn -0.2892 -0.7923 0.5372
vn -0.3197 -0.8112 0.4897
vn -0.4998 -0.7767 0.3833
vn -0.5201 -0.7774 0.3538
vn -0.5936 -0.7548 0.2792
vn -0.6144 -0.7401 0.2732
vn -0.5906 -0.7768 0.2185
vn -0.6143 -0.7535 0.2342
vn -0.584 -0.7981 0.148
vn -0.6079 -0.7747 0.1742
vn -0.6391 -0.7674 0.0517
vn -0.6672 -0.7418 0.06726
vn -0.7429 -0.668 -0.04263
vn -0.7758 -0.6283 -0.05789
vn -0.8278 -0.552 -0.09983
vn -0.8561 -0.4952 -0.1476
vn -0.8755 -0.4685 -0.118
vn -0.8992 -0.3937 -0.1909
vn -0.9026 -0.4154 -0.1128
vn -0.9278 -0.3129 -0.2029
vn -0.9173 -0.3842 -0.1045
vn -0.9459 -0.2524 -0.2039
vn -0.9441 -0.3151 -0.09693
vn -0.9687 -0.1431 -0.2025
vn -0.9881 -0.1301 -0.08194
vn -0.9768 0.1055 -0.1862
vn -0.991 0.1148 -0.069
vn -0.9032 0.399 -0.1582
vn -0.9417 0.3293 -0.06827
vn -0.7698 0.6247 -0.1308
vn -0.835 0.5492 -0.03284
vn -0.5962 0.799 -0.07755
vn -0.6704 0.7409 0.04074
vn -0.4079 0.913 -0.007385
vn -0.5108 0.8552 0.08762
vn -0.311 0.95 0.02597
vn -0.2727 0.9621 0.00705
vn -0.3278 0.9444 -0.02402
vn -0.2289 0.9726 0.04035
vn -0.2645 0.9642 -0.01971
vn -0.3085 0.9499 -0.04868
vn -0.2227 0.9748 0.008789
vn -0.02329 0.9798 0.1984
vn -0.03693 0.9888 0.1442
vn 0.3251 0.8302 0.4529
vn 0.2802 0.8849 0.3721
vn 0.5463 0.5523 0.6297
vn 0.4935 0.6751 0.5483
vn 0.6203 0.259 0.7403
vn 0.5944 0.4295 0.6798
vn 0.6155 -0.02506 0.7877
vn 0.6399 0.1287 0.7576
vn 0.5758 -0.2039 0.7918
vn 0.6321 -0.06433 0.7722
vn 0.544 -0.2349 0.8055
vn 0.611 -0.09665 0.7857
vn 0.5231 -0.2167 0.8242
vn 0.5936 -0.0969 0.7989
vn 0.4996 -0.2495 0.8295
vn 0.5733 -0.1718 0.8011
vn 0.4681 -0.3344 0.818
vn 0.5465 -0.2919 0.7849
vn 0.4516 -0.3883 0.8033
vn 0.537 -0.3603 0.7628
vn 0.454 -0.4191 0.7862
vn 0.5489 -0.3919 0.7383
vn 0.4499 -0.4653 0.7623
vn 0.5505 -0.4396 0.7097
vn 0.3988 -0.5427 0.7391
vn 0.4994 -0.5253 0.6889
vn 0.2823 -0.6306 0.7229
vn 0.3777 -0.6292 0.6793
vn 0.1073 -0.7216 0.6839
vn 0.1735 -0.7482 0.6404
vn -0.1058 -0.8068 0.5813
vn -0.09125 -0.8468 0.524
vn -0.3384 -0.8357 0.4326
vn -0.3471 -0.8634 0.366
vn -0.5319 -0.7878 0.3105
vn -0.5416 -0.806 0.2387
vn -0.6301 -0.736 0.2473
vn -0.6501 -0.7412 0.1673
vn -0.6442 -0.7328 0.2192
vn -0.6847 -0.7168 0.1321
vn -0.6415 -0.7467 0.1755
vn -0.6933 -0.7143 0.09537
vn -0.6953 -0.7135 0.0856
vn -0.7396 -0.6725 0.02585
vn -0.8007 -0.598 -0.03442
vn -0.8308 -0.5524 -0.06763
vn -0.8785 -0.4571 -0.1387
vn -0.9007 -0.4056 -0.1556
vn -0.9163 -0.3423 -0.2077
vn -0.9337 -0.2748 -0.2296
vn -0.9406 -0.2347 -0.2453
vn -0.9492 -0.1349 -0.2841
vn -0.954 -0.1404 -0.2648
vn -0.9481 -0.009339 -0.3179
vn -0.962 0.00528 -0.2729
vn -0.9318 0.1513 -0.33
vn -0.9254 0.2843 -0.2504
vn -0.8565 0.4227 -0.2961
vn -0.7925 0.5758 -0.2009
vn -0.6951 0.682 -0.2273
vn -0.6296 0.7621 -0.1506
vn -0.5376 0.8267 -0.1657
vn -0.4658 0.8805 -0.08789
vn -0.4061 0.9078 -0.1043
vn -0.3789 0.9164 -0.1287
vn -0.4791 0.8583 -0.1838
vn -0.2982 0.9514 -0.07651
vn -0.3641 0.9178 -0.158
vn -0.4457 0.8711 -0.2063
vn -0.2794 0.9544 -0.105
vn -0.2454 0.9683 -0.04675
vn -0.206 0.976 -0.06973
vn -0.1963 0.9802 -0.02756
vn -0.1464 0.9877 -0.05493
vn -0.02673 0.9966 0.07831
vn 0.004028 0.9997 0.02423
vn 0.2571 0.9241 0.2826
vn 0.2484 0.9486 0.1959
vn 0.4559 0.7571 0.4679
vn 0.4318 0.8231 0.3688
vn 0.5735 0.5387 0.6172
vn 0.5714 0.6347 0.5201
vn 0.6609 0.2446 0.7094
vn 0.6952 0.353 0.6262
vn 0.6806 0.04865 0.731
vn 0.7337 0.1545 0.6616
vn 0.6677 0.01559 0.7442
vn 0.7252 0.1198 0.678
vn 0.653 0.0009766 0.7573
vn 0.7135 0.09766 0.6938
vn 0.6369 -0.1049 0.7638
vn 0.7035 -0.03327 0.7098
vn 0.6101 -0.2598 0.7485
vn 0.6748 -0.2258 0.7026
vn 0.598 -0.3464 0.7227
vn 0.6555 -0.3343 0.6771
vn 0.6089 -0.3816 0.6954
vn 0.6635 -0.3736 0.6482
vn 0.6097 -0.4282 0.667
vn 0.666 -0.4169 0.6185
vn 0.5639 -0.5117 0.6482
vn 0.6292 -0.4971 0.5975
vn 0.4531 -0.6226 0.6379
vn 0.5317 -0.6135 0.5838
vn 0.2405 -0.7668 0.595
vn 0.3201 -0.7778 0.5409
vn -0.06278 -0.8792 0.4722
vn -0.00943 -0.904 0.4274
vn -0.3466 -0.8843 0.3128
vn -0.3294 -0.9012 0.2818
vn -0.5488 -0.8173 0.1752
vn -0.5545 -0.8204 0.1397
vn -0.6637 -0.7434 0.08213
vn -0.6757 -0.7368 0.02472
vn -0.7094 -0.7041 0.03113
vn -0.7223 -0.69 -0.04523
vn -0.7282 -0.6853 -0.007447
vn -0.7429 -0.6633 -0.09006
vn -0.7718 -0.6327 -0.06226
vn -0.785 -0.6042 -0.1367
vn -0.8523 -0.5066 -0.1301
vn -0.8622 -0.4685 -0.1926
vn -0.916 -0.3495 -0.1971
vn -0.9227 -0.2911 -0.2526
vn -0.9438 -0.1942 -0.2672
vn -0.9418 -0.1085 -0.3182
vn -0.9447 -0.01935 -0.3273
vn -0.9242 0.08924 -0.3713
vn -0.9222 0.1277 -0.3651
vn -0.8842 0.2398 -0.4008
vn -0.8832 0.281 -0.3755
vn -0.8355 0.3707 -0.4056
vn -0.7852 0.5233 -0.3311
vn -0.7313 0.5809 -0.3573
vn -0.6189 0.7449 -0.249
vn -0.5695 0.776 -0.2709
vn -0.5287 0.791 -0.3077
vn -0.6896 0.6124 -0.3865
vn -0.4103 0.8771 -0.2496
vn -0.4736 0.8059 -0.3552
vn -0.6422 0.6413 -0.4198
vn -0.3517 0.8841 -0.3078
vn -0.3324 0.9196 -0.2093
vn -0.2696 0.922 -0.278
vn -0.2355 0.9589 -0.1583
vn -0.1646 0.9578 -0.2356
vn -0.1431 0.9827 -0.1176
vn -0.06583 0.9784 -0.1958
vn -0.07804 0.992 -0.09906
vn -0.004212 0.9847 -0.1739
vn 0.05109 0.9981 -0.035
vn 0.1044 0.9872 -0.1202
vn 0.2588 0.9607 0.1006
vn 0.283 0.959 -0.01382
vn 0.4307 0.8699 0.2403
vn 0.4429 0.8911 0.09851
vn 0.5894 0.714 0.3777
vn 0.6074 0.762 0.2242
vn 0.7392 0.4545 0.497
vn 0.7689 0.5307 0.3567
vn 0.7913 0.2629 0.552
vn 0.8299 0.3557 0.4298
vn 0.7875 0.228 0.5725
vn 0.8307 0.3222 0.4541
vn 0.781 0.2005 0.5914
vn 0.8292 0.2905 0.4774
vn 0.7801 0.04663 0.6239
vn 0.8388 0.1211 0.5307
vn 0.7489 -0.1835 0.6368
vn 0.8084 -0.1377 0.5723
vn 0.7157 -0.3179 0.6218
vn 0.7596 -0.2977 0.5782
vn 0.7117 -0.3655 0.5999
vn 0.7359 -0.3599 0.5735
vn 0.7073 -0.4099 0.576
vn 0.7159 -0.4112 0.5642
vn 0.6733 -0.4879 0.5555
vn 0.6783 -0.4885 0.5488
vn 0.5898 -0.6048 0.5351
vn 0.6054 -0.602 0.5206
vn 0.3953 -0.7787 0.4872
vn 0.4386 -0.7724 0.4594
vn 0.06812 -0.921 0.3835
vn 0.1423 -0.9248 0.3528
vn -0.2802 -0.9277 0.2465
vn -0.2151 -0.954 0.2086
vn -0.5499 -0.8296 0.0965
vn -0.534 -0.8446 0.03797
vn -0.6877 -0.7254 -0.03018
vn -0.6966 -0.7114 -0.09302
vn -0.7322 -0.6723 -0.1085
vn -0.7405 -0.6527 -0.1601
vn -0.7476 -0.646 -0.154
vn -0.7503 -0.6314 -0.1958
vn -0.7868 -0.5846 -0.1978
vn -0.7854 -0.5705 -0.2402
vn -0.8641 -0.4335 -0.2556
vn -0.8611 -0.4036 -0.309
vn -0.9204 -0.2302 -0.316
vn -0.9111 -0.1758 -0.3727
vn -0.9277 -0.02771 -0.3724
vn -0.9079 0.0379 -0.4174
vn -0.8945 0.176 -0.411
vn -0.8648 0.239 -0.4416
vn -0.8461 0.3175 -0.4281
vn -0.8116 0.3723 -0.4501
vn -0.796 0.427 -0.4289
vn -0.758 0.471 -0.451
vn -0.7114 0.5139 -0.4792
vn -0.7713 0.4163 -0.4815
vn -0.5836 0.6754 -0.4508
vn -0.6564 0.5453 -0.5213
vn -0.7222 0.4407 -0.533
vn -0.5221 0.7012 -0.4854
vn -0.4057 0.8255 -0.3923
vn -0.3412 0.8403 -0.4212
vn -0.278 0.8946 -0.3497
vn -0.2014 0.9066 -0.3708
vn -0.1885 0.9262 -0.3264
vn -0.09281 0.9349 -0.3426
vn -0.08179 0.9519 -0.2952
vn 0.02023 0.9476 -0.3187
vn 0.01108 0.9638 -0.2663
vn 0.1041 0.9457 -0.3078
vn 0.06244 0.9658 -0.2515
vn 0.137 0.9395 -0.3137
vn 0.1509 0.9659 -0.2102
vn 0.1953 0.9356 -0.294
vn 0.3023 0.945 -0.1243
vn 0.3097 0.9228 -0.2291
vn 0.4448 0.8953 -0.02588
vn 0.4245 0.8943 -0.1412
vn 0.6038 0.7909 0.09922
vn 0.5692 0.8221 -0.01248
vn 0.7684 0.5899 0.2481
vn 0.7346 0.6604 0.1559
vn 0.8354 0.4313 0.3406
vn 0.8089 0.5212 0.272
vn 0.838 0.3983 0.3729
vn 0.8119 0.489 0.3188
vn 0.8386 0.3651 0.4043
vn 0.8123 0.4566 0.363
vn 0.858 0.1908 0.4769
vn 0.8443 0.28 0.4569
vn 0.8339 -0.0875 0.5449
vn 0.8355 -0.01938 0.5491
vn 0.776 -0.2718 0.5691
vn 0.7769 -0.2327 0.585
vn 0.7372 -0.3518 0.5768
vn 0.7296 -0.3377 0.5947
vn 0.7062 -0.4132 0.5749
vn 0.6934 -0.4144 0.5894
vn 0.6656 -0.4929 0.5604
vn 0.6531 -0.4989 0.5697
vn 0.5968 -0.6058 0.5261
vn 0.586 -0.6123 0.5307
vn 0.4498 -0.7685 0.455
vn 0.4497 -0.768 0.456
vn 0.1922 -0.9197 0.3422
vn 0.2236 -0.9126 0.3422
vn -0.1576 -0.97 0.185
vn -0.1073 -0.9782 0.1775
vn -0.514 -0.8577 -0.009827
vn -0.4817 -0.8756 -0.03504
vn -0.6999 -0.6999 -0.1424
vn -0.6889 -0.7041 -0.1723
vn -0.7464 -0.6367 -0.1934
vn -0.7455 -0.6305 -0.2161
vn -0.755 -0.6177 -0.22
vn -0.7605 -0.6025 -0.2419
vn -0.7863 -0.5557 -0.2697
vn -0.7895 -0.5345 -0.3016
vn -0.8558 -0.3746 -0.3568
vn -0.8452 -0.3424 -0.4104
vn -0.8939 -0.1264 -0.4299
vn -0.8629 -0.08054 -0.4988
vn -0.8795 0.09226 -0.4669
vn -0.8346 0.1343 -0.5341
vn -0.829 0.2867 -0.4801
vn -0.7812 0.3131 -0.5401
vn -0.7429 0.3047 -0.596
vn -0.7912 0.15 -0.5929
vn -0.6876 0.4313 -0.584
vn -0.7286 0.272 -0.6286
vn -0.7663 0.141 -0.6268
vn -0.6784 0.3972 -0.618
vn -0.6158 0.5501 -0.5641
vn -0.6018 0.5302 -0.5972
vn -0.4807 0.7052 -0.5212
vn -0.4684 0.6881 -0.5542
vn -0.2973 0.8427 -0.4488
vn -0.2767 0.8336 -0.478
vn -0.1285 0.9158 -0.3805
vn -0.06403 0.9196 -0.3876
vn 0.01831 0.9425 -0.3337
vn 0.1299 0.9412 -0.312
vn 0.1477 0.9404 -0.3062
vn 0.2738 0.9231 -0.2701
vn 0.2218 0.9248 -0.3088
vn 0.3319 0.9019 -0.2765
vn 0.2246 0.9133 -0.3397
vn 0.2978 0.8978 -0.3245
vn 0.2351 0.9071 -0.349
vn 0.2537 0.8984 -0.3584
vn 0.2985 0.9027 -0.3098
vn 0.2638 0.9021 -0.3414
vn 0.3761 0.8957 -0.2369
vn 0.3049 0.9095 -0.2823
vn 0.4975 0.86 -0.1131
vn 0.3999 0.9004 -0.1711
vn 0.6603 0.7482 0.06394
vn 0.5545 0.8321 -0.002838
vn 0.744 0.6383 0.1972
vn 0.6469 0.7512 0.1311
vn 0.7495 0.6097 0.2577
vn 0.6606 0.7249 0.1952
vn 0.7536 0.5771 0.3146
vn 0.68 0.6867 0.2569
vn 0.8112 0.3935 0.4324
vn 0.7789 0.4908 0.3904
vn 0.8336 0.06537 0.5484
vn 0.8444 0.1339 0.5187
vn 0.786 -0.1824 0.5906
vn 0.8183 -0.1386 0.5578
vn 0.7366 -0.317 0.5974
vn 0.7761 -0.2895 0.5601
vn 0.6943 -0.4138 0.5887
vn 0.7269 -0.4001 0.5582
vn 0.6497 -0.5046 0.5685
vn 0.6678 -0.4991 0.5522
vn 0.5793 -0.618 0.5314
vn 0.5839 -0.6158 0.5289
vn 0.4465 -0.7677 0.4596
vn 0.4442 -0.7645 0.467
vn 0.2406 -0.906 0.3482
vn 0.2431 -0.9026 0.3553
vn -0.06641 -0.9815 0.1793
vn -0.04669 -0.984 0.1717
vn -0.4364 -0.8987 -0.04328
vn -0.3961 -0.916 -0.06333
vn -0.6596 -0.7277 -0.1881
vn -0.621 -0.7534 -0.2161
vn -0.7347 -0.6357 -0.2368
vn -0.7144 -0.6431 -0.2755
vn -0.7638 -0.5857 -0.2711
vn -0.7592 -0.567 -0.3195
vn -0.793 -0.5054 -0.3402
vn -0.7907 -0.471 -0.3911
vn -0.8319 -0.3105 -0.4599
vn -0.8167 -0.2784 -0.5054
vn -0.8288 -0.05048 -0.5573
vn -0.8022 -0.03644 -0.5959
vn -0.7807 -0.03201 -0.624
vn -0.7982 -0.2506 -0.5478
vn -0.7516 0.1216 -0.6483
vn -0.7653 -0.03461 -0.6427
vn -0.7819 -0.2325 -0.5784
vn -0.7405 0.1007 -0.6644
vn -0.7228 0.2353 -0.6497
vn -0.7144 0.204 -0.6692
vn -0.6757 0.3575 -0.6446
vn -0.665 0.3229 -0.6734
vn -0.5963 0.4968 -0.6305
vn -0.5786 0.4607 -0.673
vn -0.4661 0.6538 -0.596
vn -0.452 0.6055 -0.655
vn -0.2663 0.8087 -0.5244
vn -0.2539 0.7585 -0.6001
vn -0.01205 0.9096 -0.4152
vn 0.01975 0.8737 -0.4861
vn 0.2175 0.9262 -0.3078
vn 0.2623 0.8988 -0.3511
vn 0.3618 0.8992 -0.2459
vn 0.3974 0.8795 -0.2617
vn 0.3984 0.8835 -0.2463
vn 0.4134 0.8776 -0.2425
vn 0.33 0.8957 -0.298
vn 0.3167 0.9048 -0.2844
vn 0.2417 0.9082 -0.3416
vn 0.2019 0.9249 -0.3221
vn 0.2132 0.9185 -0.333
vn 0.1596 0.9386 -0.3059
vn 0.2312 0.9318 -0.2797
vn 0.1775 0.951 -0.253
vn 0.3101 0.9334 -0.1807
vn 0.2546 0.9511 -0.175
vn 0.4575 0.8886 -0.03235
vn 0.3921 0.9178 -0.0614
vn 0.5561 0.8267 0.08496
vn 0.4861 0.8734 0.0275
vn 0.5841 0.799 0.1427
vn 0.532 0.8429 0.08057
vn 0.6315 0.7484 0.2026
vn 0.6158 0.7754 0.1398
vn 0.7743 0.5372 0.3343
vn 0.7936 0.5527 0.2542
vn 0.875 0.166 0.4547
vn 0.9146 0.1807 0.3617
vn 0.8651 -0.1142 0.4884
vn 0.9084 -0.1031 0.405
vn 0.8309 -0.2606 0.4916
vn 0.8755 -0.2369 0.421
vn 0.78 -0.3687 0.5056
vn 0.8283 -0.3316 0.4515
vn 0.7062 -0.4755 0.5245
vn 0.7505 -0.4428 0.4906
vn 0.6038 -0.6037 0.5205
vn 0.638 -0.5894 0.4955
vn 0.451 -0.7627 0.4634
vn 0.4769 -0.7732 0.4181
vn 0.243 -0.9097 0.3367
vn 0.2575 -0.9311 0.2583
vn -0.04083 -0.9906 0.1302
vn -0.02878 -0.9985 0.04566
vn -0.3687 -0.9225 -0.1144
vn -0.3485 -0.9195 -0.1817
vn -0.5874 -0.7623 -0.2716
vn -0.5675 -0.7533 -0.3323
vn -0.6913 -0.6381 -0.339
vn -0.6739 -0.6181 -0.4047
vn -0.7452 -0.5443 -0.3852
vn -0.7283 -0.5189 -0.4474
vn -0.7789 -0.4374 -0.4494
vn -0.7635 -0.4106 -0.4985
vn -0.7309 -0.379 -0.5675
vn -0.7024 -0.4827 -0.5231
vn -0.7491 -0.2139 -0.627
vn -0.6572 -0.3278 -0.6787
vn -0.6505 -0.416 -0.6354
vn -0.6706 -0.1904 -0.717
vn -0.7408 -0.0379 -0.6706
vn -0.684 -0.04675 -0.728
vn -0.7265 0.07993 -0.6825
vn -0.7034 0.0463 -0.7092
vn -0.7092 0.1725 -0.6835
vn -0.7214 0.1171 -0.6825
vn -0.6645 0.2867 -0.69
vn -0.7117 0.2155 -0.6685
vn -0.5743 0.4234 -0.7006
vn -0.6431 0.3607 -0.6754
vn -0.4513 0.5542 -0.6993
vn -0.5183 0.5093 -0.687
vn -0.259 0.6949 -0.6708
vn -0.3144 0.6568 -0.6854
vn 0.01999 0.8174 -0.5756
vn -0.01263 0.7804 -0.6252
vn 0.2656 0.8618 -0.4322
vn 0.2506 0.828 -0.5016
vn 0.3962 0.8621 -0.3159
vn 0.3912 0.8368 -0.3828
vn 0.3993 0.8752 -0.2729
vn 0.3962 0.8549 -0.3347
vn 0.284 0.9086 -0.3061
vn 0.2764 0.883 -0.3792
vn 0.1611 0.9276 -0.337
vn 0.1602 0.8929 -0.4208
vn 0.1291 0.9431 -0.3065
vn 0.1394 0.9106 -0.3891
vn 0.161 0.9545 -0.251
vn 0.164 0.9277 -0.3354
vn 0.2297 0.9529 -0.198
vn 0.1899 0.9391 -0.2865
vn 0.3313 0.9355 -0.1225
vn 0.2258 0.9484 -0.2224
vn 0.4078 0.9117 -0.04913
vn 0.2899 0.9469 -0.1391
vn 0.4801 0.8771 0.01267
vn 0.4144 0.9087 -0.04944
vn 0.6117 0.787 0.07935
vn 0.6238 0.7802 0.04654
vn 0.816 0.5502 0.177
vn 0.85 0.5063 0.1454
vn 0.9431 0.1819 0.2781
vn 0.9569 0.1612 0.2416
vn 0.9347 -0.09861 0.3414
vn 0.9428 -0.08713 0.3216
vn 0.9 -0.2205 0.376
vn 0.9037 -0.1972 0.38
vn 0.8559 -0.3025 0.4194
vn 0.8524 -0.2787 0.4424
vn 0.7803 -0.4158 0.4671
vn 0.7717 -0.4048 0.4904
vn 0.669 -0.5811 0.4633
vn 0.6641 -0.5875 0.4624
vn 0.5068 -0.789 0.3474
vn 0.5054 -0.8049 0.3108
vn 0.2787 -0.9481 0.1531
vn 0.2837 -0.9545 0.09149
vn -0.008789 -0.9986 -0.05234
vn 0.01358 -0.9928 -0.1191
vn -0.3291 -0.91 -0.2521
vn -0.3047 -0.8917 -0.3346
vn -0.5555 -0.7296 -0.3988
vn -0.5384 -0.6807 -0.4966
vn -0.6579 -0.5813 -0.4787
vn -0.6299 -0.5116 -0.5843
vn -0.5791 -0.4012 -0.7097
vn -0.5027 -0.5904 -0.6314
vn -0.5807 -0.3258 -0.7461
vn -0.4993 -0.2562 -0.8277
vn -0.4363 -0.4447 -0.7822
vn -0.5065 -0.2379 -0.8287
vn -0.5721 -0.274 -0.7731
vn -0.5188 -0.2487 -0.8179
vn -0.588 -0.1834 -0.7878
vn -0.5632 -0.2119 -0.7987
vn -0.634 -0.08579 -0.7685
vn -0.6437 -0.1622 -0.7479
vn -0.7035 -0.02875 -0.71
vn -0.752 -0.1512 -0.6415
vn -0.7699 0.009308 -0.638
vn -0.843 -0.1434 -0.5184
vn -0.799 0.08829 -0.5947
vn -0.8823 -0.05734 -0.4672
vn -0.7616 0.2492 -0.5983
vn -0.856 0.1343 -0.4992
vn -0.641 0.4496 -0.622
vn -0.745 0.3799 -0.5484
vn -0.4065 0.6501 -0.6419
vn -0.4928 0.6491 -0.5794
vn -0.05567 0.7877 -0.6135
vn -0.08921 0.8226 -0.5615
vn 0.2475 0.8145 -0.5246
vn 0.2698 0.822 -0.5015
vn 0.4113 0.8023 -0.4326
vn 0.462 0.7635 -0.4511
vn 0.427 0.807 -0.4079
vn 0.482 0.74 -0.4691
vn 0.3091 0.8215 -0.4791
vn 0.3492 0.7452 -0.5681
vn 0.1845 0.8218 -0.539
vn 0.1902 0.7533 -0.6296
vn 0.142 0.845 -0.5155
vn 0.1055 0.792 -0.6012
vn 0.1252 0.8795 -0.4592
vn 0.03574 0.8403 -0.5409
vn 0.07749 0.9107 -0.4058
vn -0.08884 0.8694 -0.486
vn 0.04788 0.9411 -0.3347
vn -0.155 0.9015 -0.4041
vn 0.1343 0.965 -0.2253
vn -0.004303 0.9622 -0.2723
vn 0.3586 0.9288 -0.09311
vn 0.3646 0.9263 -0.09519
vn 0.6695 0.7413 0.0463
vn 0.7415 0.6671 0.07172
vn 0.8925 0.4229 0.1565
vn 0.9207 0.3451 0.1823
vn 0.9604 0.1322 0.2451
vn 0.957 0.1134 0.2668
vn 0.9414 -0.0636 0.3311
vn 0.9375 -0.04572 0.3449
vn 0.8974 -0.163 0.41
vn 0.8986 -0.1492 0.4127
vn 0.8347 -0.2601 0.4854
vn 0.847 -0.2631 0.4618
vn 0.7508 -0.4078 0.5196
vn 0.7804 -0.4108 0.4714
vn 0.6462 -0.604 0.4665
vn 0.6778 -0.6066 0.4155
vn 0.4916 -0.8203 0.2923
vn 0.5214 -0.8198 0.2368
vn 0.2898 -0.9554 0.05652
vn 0.3362 -0.9417 -0.01129
vn 0.04816 -0.9826 -0.1792
vn 0.1128 -0.9539 -0.2779
vn -0.2667 -0.8538 -0.447
vn -0.2048 -0.7748 -0.5981
vn -0.1141 -0.6459 -0.7548
vn 0.2122 -0.8853 -0.4137
vn -0.344 -0.2596 -0.9023
vn 0.01044 -0.4369 -0.8994
vn 0.357 -0.7112 -0.6055
vn -0.2307 -0.04196 -0.9721
vn -0.3962 -0.09412 -0.9133
vn -0.2668 0.08954 -0.9596
vn -0.4194 -0.16 -0.8936
vn -0.2844 -0.05368 -0.9572
vn -0.4672 -0.2474 -0.8488
vn -0.344 -0.2202 -0.9127
vn -0.5454 -0.2542 -0.7986
vn -0.4322 -0.2624 -0.8627
vn -0.6493 -0.2407 -0.7214
vn -0.537 -0.268 -0.7998
vn -0.7715 -0.2686 -0.5767
vn -0.6588 -0.3192 -0.6812
vn -0.8644 -0.2732 -0.422
vn -0.7619 -0.3315 -0.5564
vn -0.9058 -0.1451 -0.3981
vn -0.8002 -0.1598 -0.578
vn -0.8698 0.1068 -0.4816
vn -0.7184 0.1596 -0.6771
vn -0.7472 0.3768 -0.5474
vn -0.541 0.4708 -0.6969
vn -0.4949 0.6658 -0.5583
vn -0.3188 0.7221 -0.614
vn -0.08167 0.8567 -0.5092
vn 0.01059 0.8746 -0.4847
vn 0.3047 0.8402 -0.4485
vn 0.334 0.8576 -0.3911
vn 0.5146 0.7407 -0.4317
vn 0.5258 0.759 -0.3838
vn 0.5275 0.69 -0.4955
vn 0.5307 0.701 -0.4763
vn 0.3684 0.6904 -0.6226
vn 0.3601 0.6907 -0.6271
vn 0.1699 0.7076 -0.6858
vn 0.1396 0.6919 -0.7083
vn 0.04505 0.7578 -0.6509
vn -0.01892 0.7241 -0.6895
vn -0.07215 0.8066 -0.5867
vn -0.1835 0.7525 -0.6325
vn -0.2593 0.8091 -0.5273
vn -0.4077 0.7235 -0.557
vn -0.3359 0.8343 -0.4371
vn -0.476 0.7496 -0.4599
vn -0.1096 0.9467 -0.3028
vn -0.1952 0.9138 -0.356
vn 0.406 0.9084 -0.1001
vn 0.394 0.8927 -0.2187
vn 0.804 0.5904 0.07019
vn 0.8531 0.5184 -0.05887
vn 0.9429 0.2863 0.1699
vn 0.9843 0.1728 0.03638
vn 0.9631 0.07385 0.2587
vn 0.987 -0.0867 0.1351
vn 0.9399 -0.07862 0.3321
vn 0.9441 -0.2526 0.2116
vn 0.913 -0.191 0.3605
vn 0.9276 -0.3257 0.1827
vn 0.8921 -0.288 0.3481
vn 0.9445 -0.3215 0.06616
vn 0.8574 -0.3907 0.3347
vn 0.9547 -0.2968 0.02039
vn 0.7632 -0.5697 0.3048
vn 0.9006 -0.4309 0.05689
vn 0.6061 -0.7831 0.1393
vn 0.7617 -0.6455 -0.05655
vn 0.4295 -0.8951 -0.119
vn 0.586 -0.752 -0.3016
vn 0.8883 -0.2501 -0.385
vn 0.7497 -0.3712 -0.5479
vn 0.5108 -0.3314 -0.7933
vn 0.7494 0.02707 -0.6615
vn 0.545 0.03488 -0.8377
vn 0.7905 0.1644 -0.59
vn 0.6905 0.283 -0.6657
vn 0.9198 -0.06061 -0.3877
vn 0.5672 0.1929 -0.8006
vn 0.8626 -0.0318 -0.5049
vn 0.606 -0.1901 -0.7724
vn 0.8505 -0.279 -0.4458
vn 0.6846 -0.5864 -0.4328
vn 0.846 -0.506 -0.1679
vn 0.7282 -0.6629 -0.1741
vn 0.8563 -0.5161 -0.02014
vn 0.8326 -0.5067 -0.2236
vn 0.9346 -0.3447 -0.08704
vn 0.9753 -0.03552 -0.2178
vn 0.8997 -0.2055 -0.3851
vn 0.7835 0.2295 -0.5774
vn 0.8503 0.3854 -0.3584
vn 0.1755 0.681 -0.711
vn 0.3046 0.8172 -0.4893
vn -0.4602 0.6891 -0.5598
vn -0.3125 0.828 -0.4654
vn -0.6223 0.5986 -0.5044
vn -0.5599 0.6766 -0.4783
vn -0.5673 0.5643 -0.5997
vn -0.5055 0.646 -0.5719
vn -0.3699 0.5517 -0.7474
vn -0.286 0.6699 -0.6852
vn -0.113 0.5941 -0.7964
vn -0.07147 0.6782 -0.7314
vn 0.1197 0.6663 -0.736
vn 0.1199 0.6945 -0.7094
vn 0.3453 0.7337 -0.5852
vn 0.3408 0.7279 -0.595
vn 0.4854 0.7782 -0.3986
vn 0.4961 0.7552 -0.4283
vn 0.464 0.8339 -0.2987
vn 0.4852 0.8089 -0.332
vn 0.3439 0.8819 -0.3223
vn 0.3395 0.8737 -0.3484
vn 0.2366 0.8581 -0.4555
vn 0.1558 0.8696 -0.4686
vn 0.1705 0.7226 -0.6699
vn -0.02472 0.7443 -0.6673
vn 0.09522 0.47 -0.8775
vn -0.1769 0.503 -0.8459
vn -0.02561 0.1771 -0.9839
vn -0.3556 0.1831 -0.9165
vn -0.1432 -0.06949 -0.9872
vn -0.4784 -0.1345 -0.8678
vn -0.1985 -0.1946 -0.9606
vn -0.4712 -0.2879 -0.8337
vn -0.1986 -0.2126 -0.9567
vn -0.4009 -0.2748 -0.874
vn -0.3139 -0.2319 -0.9207
vn -0.1478 -0.1959 -0.9694
vn -0.06061 -0.1796 -0.9818
vn -0.2227 -0.2192 -0.9499
vn -0.1334 -0.133 -0.9821
vn 0.03787 -0.05341 -0.9978
vn 0.07382 0.2423 -0.9674
vn -0.08316 0.1153 -0.9898
vn 0.01117 0.4483 -0.8938
vn -0.1061 0.3037 -0.9468
vn -0.008209 0.4122 -0.911
vn -0.09754 0.2173 -0.9712
vn 0.2067 0.2152 -0.9544
vn 0.1514 -0.09867 -0.9835
vn 0.2357 0.3911 -0.8896
vn 0.05585 0.5356 -0.8426
vn 0.532 0.256 -0.8071
vn 0.2426 0.5464 -0.8016
vn 0.09314 0.6185 -0.7802
vn 0.4863 0.458 -0.7441
vn 0.6254 0.4263 -0.6536
vn 0.7034 0.238 -0.6697
vn 0.6129 0.4652 -0.6386
vn 0.7028 0.3352 -0.6274
vn 0.4389 0.4895 -0.7535
vn 0.5515 0.4115 -0.7256
vn 0.2204 0.3503 -0.9103
vn 0.3553 0.297 -0.8863
vn 0.1668 -0.07706 -0.9829
vn 0.4132 -0.1528 -0.8977
vn 0.3392 -0.6415 -0.688
vn 0.5824 -0.6261 -0.5184
vn 0.4338 -0.8197 -0.374
vn 0.6538 -0.7217 -0.2272
vn 0.4688 -0.7407 -0.4812
vn 0.7557 -0.5879 -0.2886
vn 0.8136 -0.3166 -0.4876
vn 0.4368 -0.5344 -0.7236
vn 0.2659 -0.2217 -0.9381
vn 0.664 0.08609 -0.7427
vn -0.2151 0.1682 -0.962
vn 0.03262 0.5115 -0.8587
vn -0.6927 0.3031 -0.6544
vn -0.5745 0.5356 -0.6189
vn -0.788 0.2534 -0.561
vn -0.7172 0.4359 -0.5436
vn -0.7384 0.1503 -0.6574
vn -0.6776 0.355 -0.644
vn -0.5554 0.03418 -0.8309
vn -0.4977 0.2858 -0.8189
vn -0.2649 -0.05515 -0.9627
vn -0.2061 0.2887 -0.935
vn 0.08954 -0.08432 -0.9924
vn 0.1215 0.3569 -0.9262
vn 0.4989 0.05322 -0.865
vn 0.4533 0.4906 -0.7442
vn 0.762 0.3201 -0.5628
vn 0.6226 0.6356 -0.4564
vn 0.798 0.5224 -0.3004
vn 0.5937 0.7497 -0.2921
vn 0.7785 0.5879 -0.2197
vn 0.4993 0.8145 -0.2953
vn 0.8115 0.5293 -0.2474
vn 0.4649 0.7778 -0.4229
vn 0.8754 0.3615 -0.3209
vn 0.4906 0.6207 -0.6116
vn 0.8878 0.1739 -0.4261
vn 0.4824 0.3693 -0.7942
vn 0.8401 0.1009 -0.533
vn 0.3758 0.1402 -0.916
vn 0.7935 0.2067 -0.5724
vn 0.2715 0.01724 -0.9622
vn 0.7318 0.2964 -0.6137
vn 0.2292 0.003723 -0.9734
vn 0.6652 0.2253 -0.7118
vn 0.1556 -0.04523 -0.9868
vn 0.1064 -0.1119 -0.988
vn 0.5891 0.1146 -0.7999
vn 0.5234 0.05887 -0.8501
vn 0.1408 -0.1197 -0.9828
vn 0.2114 0.02347 -0.9771
vn 0.4696 0.1903 -0.8621
vn 0.3259 0.4612 -0.8253
vn 0.2112 0.3467 -0.9138
vn 0.1442 0.6154 -0.7749
vn 0.1025 0.5542 -0.826
vn 0.05445 0.5046 -0.8616
vn 0.03381 0.5353 -0.844
vn 0.2548 0.3983 -0.8811
vn -0.005463 0.3445 -0.9387
vn -0.04721 0.3981 -0.9161
vn 0.1598 0.2886 -0.944
vn 0.4883 0.2216 -0.8441
vn 0.3185 0.1899 -0.9287
vn 0.6195 0.1417 -0.7721
vn 0.496 0.1054 -0.8619
vn 0.6868 0.2091 -0.6961
vn 0.4765 0.1544 -0.8655
vn 0.7426 0.3119 -0.5926
vn 0.5289 0.2369 -0.8149
vn 0.7668 0.3889 -0.5105
vn 0.4782 0.2567 -0.8398
vn 0.8127 0.2772 -0.5125
vn 0.5708 0.2748 -0.7737
vn 0.8581 0.1921 -0.4761
vn 0.5131 0.3388 -0.7886
vn 0.9014 0.2048 -0.3815
vn 0.6543 0.3896 -0.648
vn 0.8853 0.3442 -0.3126
vn 0.609 0.5737 -0.5477
vn 0.8379 0.4879 -0.2445
vn 0.6892 0.6312 -0.3558
vn 0.7978 0.5565 -0.2321
vn 0.6384 0.7014 -0.317
vn 0.7911 0.517 -0.3268
vn 0.664 0.6887 -0.291
vn 0.723 0.4073 -0.558
vn 0.5514 0.7232 -0.4159
vn 0.4807 0.2638 -0.8362
vn 0.4179 0.6674 -0.6164
vn 0.1343 0.2088 -0.9687
vn 0.1924 0.692 -0.6957
vn -0.1837 0.2127 -0.9597
vn -0.1077 0.6046 -0.7892
vn -0.4853 0.2762 -0.8296
vn -0.3312 0.6394 -0.6939
vn -0.6807 0.3331 -0.6524
vn -0.5695 0.5905 -0.5717
vn -0.7516 0.3707 -0.5455
vn -0.615 0.5881 -0.5252
vn -0.726 0.303 -0.6173
vn -0.649 0.5176 -0.5575
vn -0.5422 -0.02728 -0.8398
vn -0.5334 0.09653 -0.8403
vn -0.2324 -0.3754 -0.8972
vn -0.3205 -0.3537 -0.8787
vn -0.05152 -0.6027 -0.7962
vn -0.2129 -0.5472 -0.8094
vn 0.05857 -0.7837 -0.6184
vn -0.1035 -0.7529 -0.65
vn 0.09864 -0.8322 -0.5456
vn -0.05805 -0.7379 -0.6724
vn 0.1173 -0.6189 -0.7766
vn 0.03601 -0.6364 -0.7705
vn 0.2044 -0.1312 -0.97
vn 0.2936 -0.2145 -0.9315
vn 0.3499 0.2942 -0.8893
vn 0.4924 0.2156 -0.8432
vn 0.5149 0.4616 -0.7224
vn 0.6044 0.3643 -0.7085
vn 0.6095 0.4828 -0.6288
vn 0.6485 0.445 -0.6176
vn 0.588 0.4783 -0.6522
vn 0.5803 0.4275 -0.6932
vn 0.4528 0.5029 -0.7362
vn 0.4643 0.4388 -0.7693
vn 0.2145 0.5319 -0.8191
vn 0.2156 0.4062 -0.888
vn 0.1443 0.3635 -0.9203
vn 0.1478 -0.8047 0.575
vn 0.06296 -0.8412 0.537
vn -0.06012 -0.8834 0.4648
vn -0.1259 -0.9004 0.4164
vn -0.1729 -0.9053 0.388
vn -0.1383 -0.8934 0.4275
vn -0.0864 -0.869 0.4871
vn -0.01944 -0.8296 0.558
vn 0.0224 -0.7947 0.6066
vn 0.03159 -0.749 0.6617
vn -0.01538 -0.6963 0.7176
vn -0.08277 -0.6725 0.7354
vn -0.09696 -0.697 0.7105
vn -0.05481 -0.7231 0.6885
vn 0.01856 -0.7253 0.6881
vn 0.07331 -0.7114 0.6989
vn 0.07358 -0.6993 0.711
vn 0.0188 -0.689 0.7244
vn -0.07028 -0.6767 0.7328
vn -0.04456 -0.6506 0.7581
vn 0.1068 -0.5718 0.8134
vn 0.2138 -0.4932 0.8432
vn 0.1921 -0.5009 0.8439
vn 0.135 -0.5489 0.8249
f 1/1/1 2/2/2 3/3/3
f 1/1/1 3/3/3 4/4/4
f 4/4/4 5/5/5 6/6/6
f 4/4/4 6/6/6 1/1/1
f 7/7/7 8/8/8 2/2/2
f 7/7/7 2/2/2 1/1/1
f 1/1/1 6/6/6 9/9/9
f 1/1/1 9/9/9 7/7/7
f 6/6/6 10/10/10 11/11/11
f 6/6/6 11/11/11 9/9/9
f 5/5/5 12/12/12 10/10/10
f 5/5/5 10/10/10 6/6/6
f 7/7/7 9/9/9 13/13/13
f 7/7/7 13/13/13 14/14/14
f 9/9/9 11/11/11 15/15/15
f 9/9/9 15/15/15 13/13/13
f 10/10/10 12/12/12 16/16/16
f 10/10/10 16/16/16 11/11/11
f 15/15/15 11/11/11 16/16/16
f 15/15/15 16/16/16 17/17/17
f 18/18/18 19/19/19 16/16/16
f 18/18/18 16/16/16 20/20/20
f 21/21/21 22/22/22 16/16/16
f 21/21/21 16/16/16 19/19/19
f 23/23/23 20/20/20 16/16/16
f 23/23/23 16/16/16 24/24/24
f 25/25/25 24/24/24 16/16/16
f 25/25/25 16/16/16 26/26/26
f 27/27/27 26/26/26 16/16/16
f 27/27/27 16/16/16 28/28/28
f 29/29/29 28/28/28 16/16/16
f 29/29/29 16/16/16 30/30/30
f 31/31/31 30/30/30 16/16/16
f 31/31/31 16/16/16 32/32/32
f 33/33/33 32/32/32 16/16/16
f 33/33/33 16/16/16 34/34/34
f 35/35/35 34/34/34 16/16/16
f 35/35/35 16/16/16 36/36/36
f 37/37/37 36/36/36 16/16/16
f 37/37/37 16/16/16 38/38/38
f 39/39/39 38/38/38 16/16/16
f 39/39/39 16/16/16 40/40/40
f 41/41/41 40/40/40 16/16/16
f 41/41/41 16/16/16 42/42/42
f 43/43/43 42/42/42 16/16/16
f 43/43/43 16/16/16 12/12/12
f 44/44/44 17/17/17 16/16/16
f 44/44/44 16/16/16 45/45/45
f 46/46/46 45/45/45 16/16/16
f 46/46/46 16/16/16 47/47/47
f 48/48/48 47/47/47 16/16/16
f 48/48/48 16/16/16 22/22/22
f 49/49/49 48/48/48 22/22/22
f 49/49/49 22/22/22 50/50/50
f 50/50/50 22/22/22 21/21/21
f 50/50/50 21/21/21 51/51/51
f 52/52/52 50/50/50 51/51/51
f 52/52/52 51/51/51 53/53/53
f 54/54/54 49/49/49 50/50/50
f 54/54/54 50/50/50 52/52/52
f 55/55/55 47/47/47 48/48/48
f 55/55/55 48/48/48 49/49/49
f 56/56/56 55/55/55 49/49/49
f 56/56/56 49/49/49 54/54/54
f 57/57/57 58/58/58 55/55/55
f 57/57/57 55/55/55 56/56/56
f 58/58/58 46/46/46 47/47/47
f 58/58/58 47/47/47 55/55/55
f 59/59/59 60/60/60 58/58/58
f 59/59/59 58/58/58 57/57/57
f 60/60/60 45/45/45 46/46/46
f 60/60/60 46/46/46 58/58/58
f 61/61/61 62/62/62 60/60/60
f 61/61/61 60/60/60 59/59/59
f 62/62/62 44/44/44 45/45/45
f 62/62/62 45/45/45 60/60/60
f 63/63/63 64/64/64 62/62/62
f 63/63/63 62/62/62 61/61/61
f 64/64/64 17/17/17 44/44/44
f 64/64/64 44/44/44 62/62/62
f 14/14/14 13/13/13 64/64/64
f 14/14/14 64/64/64 63/63/63
f 13/13/13 15/15/15 17/17/17
f 13/13/13 17/17/17 64/64/64
f 63/63/63 65/65/65 66/66/66
f 63/63/63 66/66/66 14/14/14
f 61/61/61 67/67/67 65/65/65
f 61/61/61 65/65/65 63/63/63
f 65/65/65 68/68/68 69/69/69
f 65/65/65 69/69/69 66/66/66
f 67/67/67 70/70/70 68/68/68
f 67/67/67 68/68/68 65/65/65
f 59/59/59 71/71/71 67/67/67
f 59/59/59 67/67/67 61/61/61
f 71/71/71 72/72/72 70/70/70
f 71/71/71 70/70/70 67/67/67
f 57/57/57 73/73/73 71/71/71
f 57/57/57 71/71/71 59/59/59
f 73/73/73 74/74/74 72/72/72
f 73/73/73 72/72/72 71/71/71
f 56/56/56 75/75/75 73/73/73
f 56/56/56 73/73/73 57/57/57
f 75/75/75 76/76/76 74/74/74
f 75/75/75 74/74/74 73/73/73
f 54/54/54 77/77/77 75/75/75
f 54/54/54 75/75/75 56/56/56
f 77/77/77 78/78/78 76/76/76
f 77/77/77 76/76/76 75/75/75
f 52/52/52 79/79/79 77/77/77
f 52/52/52 77/77/77 54/54/54
f 79/79/79 80/80/80 78/78/78
f 79/79/79 78/78/78 77/77/77
f 53/53/53 81/81/81 79/79/79
f 53/53/53 79/79/79 52/52/52
f 81/81/81 82/82/82 80/80/80
f 81/81/81 80/80/80 79/79/79
f 83/83/83 84/84/84 81/81/81
f 83/83/83 81/81/81 53/53/53
f 84/84/84 85/85/85 82/82/82
f 84/84/84 82/82/82 81/81/81
f 86/86/86 87/87/87 84/84/84
f 86/86/86 84/84/84 83/83/83
f 87/87/87 88/88/88 85/85/85
f 87/87/87 85/85/85 84/84/84
f 89/89/89 90/90/90 88/88/88
f 89/89/89 88/88/88 87/87/87
f 91/91/91 89/89/89 87/87/87
f 91/91/91 87/87/87 86/86/86
f 92/92/92 93/93/93 89/89/89
f 92/92/92 89/89/89 91/91/91
f 93/93/93 94/94/94 90/90/90
f 93/93/93 90/90/90 89/89/89
f 95/95/95 96/96/96 93/93/93
f 95/95/95 93/93/93 92/92/92
f 96/96/96 97/97/97 94/94/94
f 96/96/96 94/94/94 93/93/93
f 98/98/98 99/99/99 96/96/96
f 98/98/98 96/96/96 95/95/95
f 99/99/99 100/100/100 97/97/97
f 99/99/99 97/97/97 96/96/96
f 101/101/101 102/102/102 100/100/100
f 101/101/101 100/100/100 99/99/99
f 103/103/103 101/101/101 99/99/99
f 103/103/103 99/99/99 98/98/98
f 104/104/104 105/105/105 101/101/101
f 104/104/104 101/101/101 103/103/103
f 105/105/105 106/106/106 102/102/102
f 105/105/105 102/102/102 101/101/101
f 107/107/107 108/108/108 105/105/105
f 107/107/107 105/105/105 104/104/104
f 108/108/108 109/109/109 106/106/106
f 108/108/108 106/106/106 105/105/105
f 110/110/110 111/111/111 108/108/108
f 110/110/110 108/108/108 107/107/107
f 111/111/111 112/112/112 109/109/109
f 111/111/111 109/109/109 108/108/108
f 113/113/113 114/114/114 111/111/111
f 113/113/113 111/111/111 110/110/110
f 114/114/114 115/115/115 112/112/112
f 114/114/114 112/112/112 111/111/111
f 116/116/116 117/117/117 114/114/114
f 116/116/116 114/114/114 113/113/113
f 117/117/117 118/118/118 115/115/115
f 117/117/117 115/115/115 114/114/114
f 119/119/119 120/120/120 117/117/117
f 119/119/119 117/117/117 116/116/116
f 120/120/120 121/121/121 118/118/118
f 120/120/120 118/118/118 117/117/117
f 122/122/122 123/123/123 120/120/120
f 122/122/122 120/120/120 119/119/119
f 123/123/123 124/124/124 121/121/121
f 123/123/123 121/121/121 120/120/120
f 125/125/125 126/126/126 124/124/124
f 125/125/125 124/124/124 123/123/123
f 127/127/127 125/125/125 123/123/123
f 127/127/127 123/123/123 122/122/122
f 128/128/128 129/129/129 125/125/125
f 128/128/128 125/125/125 127/127/127
f 129/129/129 130/130/130 126/126/126
f 129/129/129 126/126/126 125/125/125
f 131/131/131 132/132/132 129/129/129
f 131/131/131 129/129/129 128/128/128
f 132/132/132 133/133/133 130/130/130
f 132/132/132 130/130/130 129/129/129
f 134/134/134 135/135/135 132/132/132
f 134/134/134 132/132/132 131/131/131
f 135/135/135 136/136/136 133/133/133
f 135/135/135 133/133/133 132/132/132
f 137/137/137 138/138/138 135/135/135
f 137/137/137 135/135/135 134/134/134
f 138/138/138 139/139/139 136/136/136
f 138/138/138 136/136/136 135/135/135
f 140/140/140 141/141/141 138/138/138
f 140/140/140 138/138/138 137/137/137
f 141/141/141 142/142/142 139/139/139
f 141/141/141 139/139/139 138/138/138
f 143/143/143 144/144/144 141/141/141
f 143/143/143 141/141/141 140/140/140
f 144/144/144 145/145/145 142/142/142
f 144/144/144 142/142/142 141/141/141
f 146/146/146 147/147/147 144/144/144
f 146/146/146 144/144/144 143/143/143
f 147/147/147 148/148/148 145/145/145
f 147/147/147 145/145/145 144/144/144
f 149/149/149 150/150/150 147/147/147
f 149/149/149 147/147/147 146/146/146
f 150/150/150 151/151/151 148/148/148
f 150/150/150 148/148/148 147/147/147
f 152/152/152 153/153/153 150/150/150
f 152/152/152 150/150/150 149/149/149
f 153/153/153 154/154/154 151/151/151
f 153/153/153 151/151/151 150/150/150
f 4/4/4 3/3/3 153/153/153
f 4/4/4 153/153/153 152/152/152
f 3/3/3 155/155/155 154/154/154
f 3/3/3 154/154/154 153/153/153
f 2/2/2 156/156/156 155/155/155
f 2/2/2 155/155/155 3/3/3
f 155/155/155 157/157/157 158/158/158
f 155/155/155 158/158/158 154/154/154
f 156/156/156 159/159/159 157/157/157
f 156/156/156 157/157/157 155/155/155
f 157/157/157 160/160/160 161/161/161
f 157/157/157 161/161/161 158/158/158
f 159/159/159 162/162/162 160/160/160
f 159/159/159 160/160/160 157/157/157
f 163/163/163 164/164/164 159/159/159
f 163/163/163 159/159/159 156/156/156
f 164/164/164 165/165/165 162/162/162
f 164/164/164 162/162/162 159/159/159
f 69/69/69 166/166/166 164/164/164
f 69/69/69 164/164/164 163/163/163
f 166/166/166 167/167/167 165/165/165
f 166/166/166 165/165/165 164/164/164
f 68/68/68 168/168/168 166/166/166
f 68/68/68 166/166/166 69/69/69
f 168/168/168 169/169/169 167/167/167
f 168/168/168 167/167/167 166/166/166
f 70/70/70 170/170/170 168/168/168
f 70/70/70 168/168/168 68/68/68
f 170/170/170 171/171/171 169/169/169
f 170/170/170 169/169/169 168/168/168
f 72/72/72 172/172/172 170/170/170
f 72/72/72 170/170/170 70/70/70
f 172/172/172 173/173/173 171/171/171
f 172/172/172 171/171/171 170/170/170
f 74/74/74 174/174/174 172/172/172
f 74/74/74 172/172/172 72/72/72
f 174/174/174 175/175/175 173/173/173
f 174/174/174 173/173/173 172/172/172
f 76/76/76 176/176/176 174/174/174
f 76/76/76 174/174/174 74/74/74
f 176/176/176 177/177/177 175/175/175
f 176/176/176 175/175/175 174/174/174
f 78/78/78 178/178/178 176/176/176
f 78/78/78 176/176/176 76/76/76
f 178/178/178 179/179/179 177/177/177
f 178/178/178 177/177/177 176/176/176
f 80/80/80 180/180/180 178/178/178
f 80/80/80 178/178/178 78/78/78
f 180/180/180 181/181/181 179/179/179
f 180/180/180 179/179/179 178/178/178
f 82/82/82 182/182/182 180/180/180
f 82/82/82 180/180/180 80/80/80
f 182/182/182 183/183/183 181/181/181
f 182/182/182 181/181/181 180/180/180
f 85/85/85 184/184/184 182/182/182
f 85/85/85 182/182/182 82/82/82
f 184/184/184 185/185/185 183/183/183
f 184/184/184 183/183/183 182/182/182
f 88/88/88 186/186/186 184/184/184
f 88/88/88 184/184/184 85/85/85
f 186/186/186 187/187/187 185/185/185
f 186/186/186 185/185/185 184/184/184
f 188/188/188 189/189/189 187/187/187
f 188/188/188 187/187/187 186/186/186
f 90/90/90 188/188/188 186/186/186
f 90/90/90 186/186/186 88/88/88
f 94/94/94 190/190/190 188/188/188
f 94/94/94 188/188/188 90/90/90
f 190/190/190 191/191/191 189/189/189
f 190/190/190 189/189/189 188/188/188
f 97/97/97 192/192/192 190/190/190
f 97/97/97 190/190/190 94/94/94
f 192/192/192 193/193/193 191/191/191
f 192/192/192 191/191/191 190/190/190
f 100/100/100 194/194/194 192/192/192
f 100/100/100 192/192/192 97/97/97
f 194/194/194 195/195/195 193/193/193
f 194/194/194 193/193/193 192/192/192
f 102/102/102 196/196/196 194/194/194
f 102/102/102 194/194/194 100/100/100
f 196/196/196 197/197/197 195/195/195
f 196/196/196 195/195/195 194/194/194
f 106/106/106 198/198/198 196/196/196
f 106/106/106 196/196/196 102/102/102
f 198/198/198 199/199/199 197/197/197
f 198/198/198 197/197/197 196/196/196
f 109/109/109 200/200/200 198/198/198
f 109/109/109 198/198/198 106/106/106
f 200/200/200 201/201/201 199/199/199
f 200/200/200 199/199/199 198/198/198
f 112/112/112 202/202/202 200/200/200
f 112/112/112 200/200/200 109/109/109
f 202/202/202 203/203/203 201/201/201
f 202/202/202 201/201/201 200/200/200
f 115/115/115 204/204/204 202/202/202
f 115/115/115 202/202/202 112/112/112
f 204/204/204 205/205/205 203/203/203
f 204/204/204 203/203/203 202/202/202
f 118/118/118 206/206/206 204/204/204
f 118/118/118 204/204/204 115/115/115
f 206/206/206 207/207/207 205/205/205
f 206/206/206 205/205/205 204/204/204
f 121/121/121 208/208/208 206/206/206
f 121/121/121 206/206/206 118/118/118
f 208/208/208 209/209/209 207/207/207
f 208/208/208 207/207/207 206/206/206
f 124/124/124 210/210/210 208/208/208
f 124/124/124 208/208/208 121/121/121
f 210/210/210 211/211/211 209/209/209
f 210/210/210 209/209/209 208/208/208
f 126/126/126 212/212/212 210/210/210
f 126/126/126 210/210/210 124/124/124
f 212/212/212 213/213/213 211/211/211
f 212/212/212 211/211/211 210/210/210
f 130/130/130 214/214/214 212/212/212
f 130/130/130 212/212/212 126/126/126
f 214/214/214 215/215/215 213/213/213
f 214/214/214 213/213/213 212/212/212
f 133/133/133 216/216/216 214/214/214
f 133/133/133 214/214/214 130/130/130
f 216/216/216 217/217/217 215/215/215
f 216/216/216 215/215/215 214/214/214
f 136/136/136 218/218/218 216/216/216
f 136/136/136 216/216/216 133/133/133
f 218/218/218 219/219/219 217/217/217
f 218/218/218 217/217/217 216/216/216
f 139/139/139 220/220/220 218/218/218
f 139/139/139 218/218/218 136/136/136
f 220/220/220 221/221/221 219/219/219
f 220/220/220 219/219/219 218/218/218
f 142/142/142 222/222/222 220/220/220
f 142/142/142 220/220/220 139/139/139
f 222/222/222 223/223/223 221/221/221
f 222/222/222 221/221/221 220/220/220
f 145/145/145 224/224/224 222/222/222
f 145/145/145 222/222/222 142/142/142
f 224/224/224 225/225/225 223/223/223
f 224/224/224 223/223/223 222/222/222
f 148/148/148 226/226/226 224/224/224
f 148/148/148 224/224/224 145/145/145
f 226/226/226 227/227/227 225/225/225
f 226/226/226 225/225/225 224/224/224
f 151/151/151 228/228/228 226/226/226
f 151/151/151 226/226/226 148/148/148
f 228/228/228 229/229/229 227/227/227
f 228/228/228 227/227/227 226/226/226
f 154/154/154 158/158/158 228/228/228
f 154/154/154 228/228/228 151/151/151
f 158/158/158 161/161/161 229/229/229
f 158/158/158 229/229/229 228/228/228
f 229/229/229 230/230/230 231/231/231
f 229/229/229 231/231/231 227/227/227
f 161/161/161 232/232/232 230/230/230
f 161/161/161 230/230/230 229/229/229
f 230/230/230 233/233/233 234/234/234
f 230/230/230 234/234/234 231/231/231
f 232/232/232 235/235/235 233/233/233
f 232/232/232 233/233/233 230/230/230
f 160/160/160 236/236/236 232/232/232
f 160/160/160 232/232/232 161/161/161
f 236/236/236 237/237/237 235/235/235
f 236/236/236 235/235/235 232/232/232
f 162/162/162 238/238/238 236/236/236
f 162/162/162 236/236/236 160/160/160
f 238/238/238 239/239/239 237/237/237
f 238/238/238 237/237/237 236/236/236
f 165/165/165 240/240/240 238/238/238
f 165/165/165 238/238/238 162/162/162
f 240/240/240 241/241/241 239/239/239
f 240/240/240 239/239/239 238/238/238
f 167/167/167 242/242/242 240/240/240
f 167/167/167 240/240/240 165/165/165
f 242/242/242 243/243/243 241/241/241
f 242/242/242 241/241/241 240/240/240
f 169/169/169 244/244/244 242/242/242
f 169/169/169 242/242/242 167/167/167
f 244/244/244 245/245/245 243/243/243
f 244/244/244 243/243/243 242/242/242
f 171/171/171 246/246/246 244/244/244
f 171/171/171 244/244/244 169/169/169
f 246/246/246 247/247/247 245/245/245
f 246/246/246 245/245/245 244/244/244
f 173/173/173 248/248/248 246/246/246
f 173/173/173 246/246/246 171/171/171
f 248/248/248 249/249/249 247/247/247
f 248/248/248 247/247/247 246/246/246
f 175/175/175 250/250/250 248/248/248
f 175/175/175 248/248/248 173/173/173
f 250/250/250 251/251/251 249/249/249
f 250/250/250 249/249/249 248/248/248
f 177/177/177 252/252/252 250/250/250
f 177/177/177 250/250/250 175/175/175
f 252/252/252 253/253/253 251/251/251
f 252/252/252 251/251/251 250/250/250
f 179/179/179 254/254/254 252/252/252
f 179/179/179 252/252/252 177/177/177
f 254/254/254 255/255/255 253/253/253
f 254/254/254 253/253/253 252/252/252
f 181/181/181 256/256/256 254/254/254
f 181/181/181 254/254/254 179/179/179
f 256/256/256 257/257/257 255/255/255
f 256/256/256 255/255/255 254/254/254
f 183/183/183 258/258/258 256/256/256
f 183/183/183 256/256/256 181/181/181
f 258/258/258 259/259/259 257/257/257
f 258/258/258 257/257/257 256/256/256
f 185/185/185 260/260/260 258/258/258
f 185/185/185 258/258/258 183/183/183
f 260/260/260 261/261/261 259/259/259
f 260/260/260 259/259/259 258/258/258
f 187/187/187 262/262/262 260/260/260
f 187/187/187 260/260/260 185/185/185
f 262/262/262 263/263/263 261/261/261
f 262/262/262 261/261/261 260/260/260
f 264/264/264 265/265/265 263/263/263
f 264/264/264 263/263/263 262/262/262
f 189/189/189 264/264/264 262/262/262
f 189/189/189 262/262/262 187/187/187
f 191/191/191 266/266/266 264/264/264
f 191/191/191 264/264/264 189/189/189
f 266/266/266 267/267/267 265/265/265
f 266/266/266 265/265/265 264/264/264
f 193/193/193 268/268/268 266/266/266
f 193/193/193 266/266/266 191/191/191
f 268/268/268 269/269/269 267/267/267
f 268/268/268 267/267/267 266/266/266
f 195/195/195 270/270/270 268/268/268
f 195/195/195 268/268/268 193/193/193
f 270/270/270 271/271/271 269/269/269
f 270/270/270 269/269/269 268/268/268
f 197/197/197 272/272/272 270/270/270
f 197/197/197 270/270/270 195/195/195
f 272/272/272 273/273/273 271/271/271
f 272/272/272 271/271/271 270/270/270
f 199/199/199 274/274/274 272/272/272
f 199/199/199 272/272/272 197/197/197
f 274/274/274 275/275/275 273/273/273
f 274/274/274 273/273/273 272/272/272
f 201/201/201 276/276/276 274/274/274
f 201/201/201 274/274/274 199/199/199
f 276/276/276 277/277/277 275/275/275
f 276/276/276 275/275/275 274/274/274
f 203/203/203 278/278/278 276/276/276
f 203/203/203 276/276/276 201/201/201
f 278/278/278 279/279/279 277/277/277
f 278/278/278 277/277/277 276/276/276
f 205/205/205 280/280/280 278/278/278
f 205/205/205 278/278/278 203/203/203
f 280/280/280 281/281/281 279/279/279
f 280/280/280 279/279/279 278/278/278
f 207/207/207 282/282/282 280/280/280
f 207/207/207 280/280/280 205/205/205
f 282/282/282 283/283/283 281/281/281
f 282/282/282 281/281/281 280/280/280
f 209/209/209 284/284/284 282/282/282
f 209/209/209 282/282/282 207/207/207
f 284/284/284 285/285/285 283/283/283
f 284/284/284 283/283/283 282/282/282
f 211/211/211 286/286/286 284/284/284
f 211/211/211 284/284/284 209/209/209
f 286/286/286 287/287/287 285/285/285
f 286/286/286 285/285/285 284/284/284
f 213/213/213 288/288/288 286/286/286
f 213/213/213 286/286/286 211/211/211
f 288/288/288 289/289/289 287/287/287
f 288/288/288 287/287/287 286/286/286
f 215/215/215 290/290/290 288/288/288
f 215/215/215 288/288/288 213/213/213
f 290/290/290 291/291/291 289/289/289
f 290/290/290 289/289/289 288/288/288
f 217/217/217 292/292/292 290/290/290
f 217/217/217 290/290/290 215/215/215
f 292/292/292 293/293/293 291/291/291
f 292/292/292 291/291/291 290/290/290
f 219/219/219 294/294/294 292/292/292
f 219/219/219 292/292/292 217/217/217
f 294/294/294 295/295/295 293/293/293
f 294/294/294 293/293/293 292/292/292
f 221/221/221 296/296/296 294/294/294
f 221/221/221 294/294/294 219/219/219
f 296/296/296 297/297/297 295/295/295
f 296/296/296 295/295/295 294/294/294
f 223/223/223 298/298/298 296/296/296
f 223/223/223 296/296/296 221/221/221
f 298/298/298 299/299/299 297/297/297
f 298/298/298 297/297/297 296/296/296
f 225/225/225 300/300/300 298/298/298
f 225/225/225 298/298/298 223/223/223
f 300/300/300 301/301/301 299/299/299
f 300/300/300 299/299/299 298/298/298
f 227/227/227 231/231/231 300/300/300
f 227/227/227 300/300/300 225/225/225
f 231/231/231 234/234/234 301/301/301
f 231/231/231 301/301/301 300/300/300
f 301/301/301 302/302/302 303/303/303
f 301/301/301 303/303/303 299/299/299
f 234/234/234 304/304/304 302/302/302
f 234/234/234 302/302/302 301/301/301
f 302/302/302 305/305/305 306/306/306
f 302/302/302 306/306/306 303/303/303
f 304/304/304 307/307/307 305/305/305
f 304/304/304 305/305/305 302/302/302
f 233/233/233 308/308/308 304/304/304
f 233/233/233 304/304/304 234/234/234
f 308/308/308 309/309/309 307/307/307
f 308/308/308 307/307/307 304/304/304
f 235/235/235 310/310/310 308/308/308
f 235/235/235 308/308/308 233/233/233
f 310/310/310 311/311/311 309/309/309
f 310/310/310 309/309/309 308/308/308
f 237/237/237 312/312/312 310/310/310
f 237/237/237 310/310/310 235/235/235
f 312/312/312 313/313/313 311/311/311
f 312/312/312 311/311/311 310/310/310
f 239/239/239 314/314/314 312/312/312
f 239/239/239 312/312/312 237/237/237
f 314/314/314 315/315/315 313/313/313
f 314/314/314 313/313/313 312/312/312
f 241/241/241 316/316/316 314/314/314
f 241/241/241 314/314/314 239/239/239
f 316/316/316 317/317/317 315/315/315
f 316/316/316 315/315/315 314/314/314
f 243/243/243 318/318/318 316/316/316
f 243/243/243 316/316/316 241/241/241
f 318/318/318 319/319/319 317/317/317
f 318/318/318 317/317/317 316/316/316
f 245/245/245 320/320/320 318/318/318
f 245/245/245 318/318/318 243/243/243
f 320/320/320 321/321/321 319/319/319
f 320/320/320 319/319/319 318/318/318
f 247/247/247 322/322/322 320/320/320
f 247/247/247 320/320/320 245/245/245
f 322/322/322 323/323/323 321/321/321
f 322/322/322 321/321/321 320/320/320
f 249/249/249 324/324/324 322/322/322
f 249/249/249 322/322/322 247/247/247
f 324/324/324 325/325/325 323/323/323
f 324/324/324 323/323/323 322/322/322
f 251/251/251 326/326/326 324/324/324
f 251/251/251 324/324/324 249/249/249
f 326/326/326 327/327/327 325/325/325
f 326/326/326 325/325/325 324/324/324
f 253/253/253 328/328/328 326/326/326
f 253/253/253 326/326/326 251/251/251
f 328/328/328 329/329/329 327/327/327
f 328/328/328 327/327/327 326/326/326
f 255/255/255 330/330/330 328/328/328
f 255/255/255 328/328/328 253/253/253
f 330/330/330 331/331/331 329/329/329
f 330/330/330 329/329/329 328/328/328
f 257/257/257 332/332/332 330/330/330
f 257/257/257 330/330/330 255/255/255
f 332/332/332 333/333/333 331/331/331
f 332/332/332 331/331/331 330/330/330
f 259/259/259 334/334/334 332/332/332
f 259/259/259 332/332/332 257/257/257
f 334/334/334 335/335/335 333/333/333
f 334/334/334 333/333/333 332/332/332
f 261/261/261 336/336/336 334/334/334
f 261/261/261 334/334/334 259/259/259
f 336/336/336 337/337/337 335/335/335
f 336/336/336 335/335/335 334/334/334
f 263/263/263 338/338/338 336/336/336
f 263/263/263 336/336/336 261/261/261
f 338/338/338 339/339/339 337/337/337
f 338/338/338 337/337/337 336/336/336
f 340/340/340 341/341/341 339/339/339
f 340/340/340 339/339/339 338/338/338
f 265/265/265 340/340/340 338/338/338
f 265/265/265 338/338/338 263/263/263
f 267/267/267 342/342/342 340/340/340
f 267/267/267 340/340/340 265/265/265
f 342/342/342 343/343/343 341/341/341
f 342/342/342 341/341/341 340/340/340
f 269/269/269 344/344/344 342/342/342
f 269/269/269 342/342/342 267/267/267
f 344/344/344 345/345/345 343/343/343
f 344/344/344 343/343/343 342/342/342
f 271/271/271 346/346/346 344/344/344
f 271/271/271 344/344/344 269/269/269
f 346/346/346 347/347/347 345/345/345
f 346/346/346 345/345/345 344/344/344
f 273/273/273 348/348/348 346/346/346
f 273/273/273 346/346/346 271/271/271
f 348/348/348 349/349/349 347/347/347
f 348/348/348 347/347/347 346/346/346
f 275/275/275 350/350/350 348/348/348
f 275/275/275 348/348/348 273/273/273
f 350/350/350 351/351/351 349/349/349
f 350/350/350 349/349/349 348/348/348
f 277/277/277 352/352/352 350/350/350
f 277/277/277 350/350/350 275/275/275
f 352/352/352 353/353/353 351/351/351
f 352/352/352 351/351/351 350/350/350
f 279/279/279 354/354/354 352/352/352
f 279/279/279 352/352/352 277/277/277
f 354/354/354 355/355/355 353/353/353
f 354/354/354 353/353/353 352/352/352
f 281/281/281 356/356/356 354/354/354
f 281/281/281 354/354/354 279/279/279
f 356/356/356 357/357/357 355/355/355
f 356/356/356 355/355/355 354/354/354
f 283/283/283 358/358/358 356/356/356
f 283/283/283 356/356/356 281/281/281
f 358/358/358 359/359/359 357/357/357
f 358/358/358 357/357/357 356/356/356
f 285/285/285 360/360/360 358/358/358
f 285/285/285 358/358/358 283/283/283
f 360/360/360 361/361/361 359/359/359
f 360/360/360 359/359/359 358/358/358
f 287/287/287 362/362/362 360/360/360
f 287/287/287 360/360/360 285/285/285
f 362/362/362 363/363/363 361/361/361
f 362/362/362 361/361/361 360/360/360
f 289/289/289 364/364/364 362/362/362
f 289/289/289 362/362/362 287/287/287
f 364/364/364 365/365/365 363/363/363
f 364/364/364 363/363/363 362/362/362
f 291/291/291 366/366/366 364/364/364
f 291/291/291 364/364/364 289/289/289
f 366/366/366 367/367/367 365/365/365
f 366/366/366 365/365/365 364/364/364
f 293/293/293 368/368/368 366/366/366
f 293/293/293 366/366/366 291/291/291
f 368/368/368 369/369/369 367/367/367
f 368/368/368 367/367/367 366/366/366
f 295/295/295 370/370/370 368/368/368
f 295/295/295 368/368/368 293/293/293
f 370/370/370 371/371/371 369/369/369
f 370/370/370 369/369/369 368/368/368
f 297/297/297 372/372/372 370/370/370
f 297/297/297 370/370/370 295/295/295
f 372/372/372 373/373/373 371/371/371
f 372/372/372 371/371/371 370/370/370
f 299/299/299 303/303/303 372/372/372
f 299/299/299 372/372/372 297/297/297
f 303/303/303 306/306/306 373/373/373
f 303/303/303 373/373/373 372/372/372
f 373/373/373 374/374/374 375/375/375
f 373/373/373 375/375/375 371/371/371
f 306/306/306 376/376/376 374/374/374
f 306/306/306 374/374/374 373/373/373
f 374/374/374 377/377/377 378/378/378
f 374/374/374 378/378/378 375/375/375
f 376/376/376 379/379/379 377/377/377
f 376/376/376 377/377/377 374/374/374
f 305/305/305 380/380/380 376/376/376
f 305/305/305 376/376/376 306/306/306
f 380/380/380 381/381/381 379/379/379
f 380/380/380 379/379/379 376/376/376
f 307/307/307 382/382/382 380/380/380
f 307/307/307 380/380/380 305/305/305
f 382/382/382 383/383/383 381/381/381
f 382/382/382 381/381/381 380/380/380
f 309/309/309 384/384/384 382/382/382
f 309/309/309 382/382/382 307/307/307
f 384/384/384 385/385/385 383/383/383
f 384/384/384 383/383/383 382/382/382
f 311/311/311 386/386/386 384/384/384
f 311/311/311 384/384/384 309/309/309
f 386/386/386 387/387/387 385/385/385
f 386/386/386 385/385/385 384/384/384
f 313/313/313 388/388/388 386/386/386
f 313/313/313 386/386/386 311/311/311
f 388/388/388 389/389/389 387/387/387
f 388/388/388 387/387/387 386/386/386
f 315/315/315 390/390/390 388/388/388
f 315/315/315 388/388/388 313/313/313
f 390/390/390 391/391/391 389/389/389
f 390/390/390 389/389/389 388/388/388
f 317/317/317 392/392/392 390/390/390
f 317/317/317 390/390/390 315/315/315
f 392/392/392 393/393/393 391/391/391
f 392/392/392 391/391/391 390/390/390
f 319/319/319 394/394/394 392/392/392
f 319/319/319 392/392/392 317/317/317
f 394/394/394 395/395/395 393/393/393
f 394/394/394 393/393/393 392/392/392
f 321/321/321 396/396/396 394/394/394
f 321/321/321 394/394/394 319/319/319
f 396/396/396 397/397/397 395/395/395
f 396/396/396 395/395/395 394/394/394
f 323/323/323 398/398/398 396/396/396
f 323/323/323 396/396/396 321/321/321
f 398/398/398 399/399/399 397/397/397
f 398/398/398 397/397/397 396/396/396
f 325/325/325 400/400/400 398/398/398
f 325/325/325 398/398/398 323/323/323
f 400/400/400 401/401/401 399/399/399
f 400/400/400 399/399/399 398/398/398
f 327/327/327 402/402/402 400/400/400
f 327/327/327 400/400/400 325/325/325
f 402/402/402 403/403/403 401/401/401
f 402/402/402 401/401/401 400/400/400
f 329/329/329 404/404/404 402/402/402
f 329/329/329 402/402/402 327/327/327
f 404/404/404 405/405/405 403/403/403
f 404/404/404 403/403/403 402/402/402
f 331/331/331 406/406/406 404/404/404
f 331/331/331 404/404/404 329/329/329
f 406/406/406 407/407/407 405/405/405
f 406/406/406 405/405/405 404/404/404
f 333/333/333 408/408/408 406/406/406
f 333/333/333 406/406/406 331/331/331
f 408/408/408 409/409/409 407/407/407
f 408/408/408 407/407/407 406/406/406
f 335/335/335 410/410/410 408/408/408
f 335/335/335 408/408/408 333/333/333
f 410/410/410 411/411/411 409/409/409
f 410/410/410 409/409/409 408/408/408
f 337/337/337 412/412/412 410/410/410
f 337/337/337 410/410/410 335/335/335
f 412/412/412 413/413/413 411/411/411
f 412/412/412 411/411/411 410/410/410
f 339/339/339 414/414/414 412/412/412
f 339/339/339 412/412/412 337/337/337
f 414/414/414 415/415/415 413/413/413
f 414/414/414 413/413/413 412/412/412
f 416/416/416 417/417/417 415/415/415
f 416/416/416 415/415/415 414/414/414
f 341/341/341 416/416/416 414/414/414
f 341/341/341 414/414/414 339/339/339
f 343/343/343 418/418/418 416/416/416
f 343/343/343 416/416/416 341/341/341
f 418/418/418 419/419/419 417/417/417
f 418/418/418 417/417/417 416/416/416
f 345/345/345 420/420/420 418/418/418
f 345/345/345 418/418/418 343/343/343
f 420/420/420 421/421/421 419/419/419
f 420/420/420 419/419/419 418/418/418
f 347/347/347 422/422/422 420/420/420
f 347/347/347 420/420/420 345/345/345
f 422/422/422 423/423/423 421/421/421
f 422/422/422 421/421/421 420/420/420
f 349/349/349 424/424/424 422/422/422
f 349/349/349 422/422/422 347/347/347
f 424/424/424 425/425/425 423/423/423
f 424/424/424 423/423/423 422/422/422
f 351/351/351 426/426/426 424/424/424
f 351/351/351 424/424/424 349/349/349
f 426/426/426 427/427/427 425/425/425
f 426/426/426 425/425/425 424/424/424
f 353/353/353 428/428/428 426/426/426
f 353/353/353 426/426/426 351/351/351
f 428/428/428 429/429/429 427/427/427
f 428/428/428 427/427/427 426/426/426
f 355/355/355 430/430/430 428/428/428
f 355/355/355 428/428/428 353/353/353
f 430/430/430 431/431/431 429/429/429
f 430/430/430 429/429/429 428/428/428
f 357/357/357 432/432/432 430/430/430
f 357/357/357 430/430/430 355/355/355
f 432/432/432 433/433/433 431/431/431
f 432/432/432 431/431/431 430/430/430
f 359/359/359 434/434/434 432/432/432
f 359/359/359 432/432/432 357/357/357
f 434/434/434 435/435/435 433/433/433
f 434/434/434 433/433/433 432/432/432
f 361/361/361 436/436/436 434/434/434
f 361/361/361 434/434/434 359/359/359
f 436/436/436 437/437/437 435/435/435
f 436/436/436 435/435/435 434/434/434
f 363/363/363 438/438/438 436/436/436
f 363/363/363 436/436/436 361/361/361
f 438/438/438 439/439/439 437/437/437
f 438/438/438 437/437/437 436/436/436
f 365/365/365 440/440/440 438/438/438
f 365/365/365 438/438/438 363/363/363
f 440/440/440 441/441/441 439/439/439
f 440/440/440 439/439/439 438/438/438
f 367/367/367 442/442/442 440/440/440
f 367/367/367 440/440/440 365/365/365
f 442/442/442 443/443/443 441/441/441
f 442/442/442 441/441/441 440/440/440
f 369/369/369 444/444/444 442/442/442
f 369/369/369 442/442/442 367/367/367
f 444/444/444 445/445/445 443/443/443
f 444/444/444 443/443/443 442/442/442
f 371/371/371 375/375/375 444/444/444
f 371/371/371 444/444/444 369/369/369
f 375/375/375 378/378/378 445/445/445
f 375/375/375 445/445/445 444/444/444
f 445/445/445 446/446/446 447/447/447
f 445/445/445 447/447/447 443/443/443
f 378/378/378 448/448/448 446/446/446
f 378/378/378 446/446/446 445/445/445
f 446/446/446 449/449/449 450/450/450
f 446/446/446 450/450/450 447/447/447
f 448/448/448 451/451/451 449/449/449
f 448/448/448 449/449/449 446/446/446
f 377/377/377 452/452/452 448/448/448
f 377/377/377 448/448/448 378/378/378
f 452/452/452 453/453/453 451/451/451
f 452/452/452 451/451/451 448/448/448
f 379/379/379 454/454/454 452/452/452
f 379/379/379 452/452/452 377/377/377
f 454/454/454 455/455/455 453/453/453
f 454/454/454 453/453/453 452/452/452
f 381/381/381 456/456/456 454/454/454
f 381/381/381 454/454/454 379/379/379
f 456/456/456 457/457/457 455/455/455
f 456/456/456 455/455/455 454/454/454
f 383/383/383 458/458/458 456/456/456
f 383/383/383 456/456/456 381/381/381
f 458/458/458 459/459/459 457/457/457
f 458/458/458 457/457/457 456/456/456
f 385/385/385 460/460/460 458/458/458
f 385/385/385 458/458/458 383/383/383
f 460/460/460 461/461/461 459/459/459
f 460/460/460 459/459/459 458/458/458
f 387/387/387 462/462/462 460/460/460
f 387/387/387 460/460/460 385/385/385
f 462/462/462 463/463/463 461/461/461
f 462/462/462 461/461/461 460/460/460
f 389/389/389 464/464/464 462/462/462
f 389/389/389 462/462/462 387/387/387
f 464/464/464 465/465/465 463/463/463
f 464/464/464 463/463/463 462/462/462
f 391/391/391 466/466/466 464/464/464
f 391/391/391 464/464/464 389/389/389
f 466/466/466 467/467/467 465/465/465
f 466/466/466 465/465/465 464/464/464
f 393/393/393 468/468/468 466/466/466
f 393/393/393 466/466/466 391/391/391
f 468/468/468 469/469/469 467/467/467
f 468/468/468 467/467/467 466/466/466
f 395/395/395 470/470/470 468/468/468
f 395/395/395 468/468/468 393/393/393
f 470/470/470 471/471/471 469/469/469
f 470/470/470 469/469/469 468/468/468
f 397/397/397 472/472/472 470/470/470
f 397/397/397 470/470/470 395/395/395
f 472/472/472 473/473/473 471/471/471
f 472/472/472 471/471/471 470/470/470
f 399/399/399 474/474/474 472/472/472
f 399/399/399 472/472/472 397/397/397
f 474/474/474 475/475/475 473/473/473
f 474/474/474 473/473/473 472/472/472
f 401/401/401 476/476/476 474/474/474
f 401/401/401 474/474/474 399/399/399
f 476/476/476 477/477/477 475/475/475
f 476/476/476 475/475/475 474/474/474
f 403/403/403 478/478/478 476/476/476
f 403/403/403 476/476/476 401/401/401
f 478/478/478 479/479/479 477/477/477
f 478/478/478 477/477/477 476/476/476
f 405/405/405 480/480/480 478/478/478
f 405/405/405 478/478/478 403/403/403
f 480/480/480 481/481/481 479/479/479
f 480/480/480 479/479/479 478/478/478
f 407/407/407 482/482/482 480/480/480
f 407/407/407 480/480/480 405/405/405
f 482/482/482 483/483/483 481/481/481
f 482/482/482 481/481/481 480/480/480
f 409/409/409 484/484/484 482/482/482
f 409/409/409 482/482/482 407/407/407
f 484/484/484 485/485/485 483/483/483
f 484/484/484 483/483/483 482/482/482
f 411/411/411 486/486/486 484/484/484
f 411/411/411 484/484/484 409/409/409
f 486/486/486 487/487/487 485/485/485
f 486/486/486 485/485/485 484/484/484
f 413/413/413 488/488/488 486/486/486
f 413/413/413 486/486/486 411/411/411
f 488/488/488 489/489/489 487/487/487
f 488/488/488 487/487/487 486/486/486
f 415/415/415 490/490/490 488/488/488
f 415/415/415 488/488/488 413/413/413
f 490/490/490 491/491/491 489/489/489
f 490/490/490 489/489/489 488/488/488
f 492/492/492 493/493/493 491/491/491
f 492/492/492 491/491/491 490/490/490
f 417/417/417 492/492/492 490/490/490
f 417/417/417 490/490/490 415/415/415
f 419/419/419 494/494/494 492/492/492
f 419/419/419 492/492/492 417/417/417
f 494/494/494 495/495/495 493/493/493
f 494/494/494 493/493/493 492/492/492
f 421/421/421 496/496/496 494/494/494
f 421/421/421 494/494/494 419/419/419
f 496/496/496 497/497/497 495/495/495
f 496/496/496 495/495/495 494/494/494
f 423/423/423 498/498/498 496/496/496
f 423/423/423 496/496/496 421/421/421
f 498/498/498 499/499/499 497/497/497
f 498/498/498 497/497/497 496/496/496
f 425/425/425 500/500/500 498/498/498
f 425/425/425 498/498/498 423/423/423
f 500/500/500 501/501/501 499/499/499
f 500/500/500 499/499/499 498/498/498
f 427/427/427 502/502/502 500/500/500
f 427/427/427 500/500/500 425/425/425
f 502/502/502 503/503/503 501/501/501
f 502/502/502 501/501/501 500/500/500
f 429/429/429 504/504/504 502/502/502
f 429/429/429 502/502/502 427/427/427
f 504/504/504 505/505/505 503/503/503
f 504/504/504 503/503/503 502/502/502
f 431/431/431 506/506/506 504/504/504
f 431/431/431 504/504/504 429/429/429
f 506/506/506 507/507/507 505/505/505
f 506/506/506 505/505/505 504/504/504
f 433/433/433 508/508/508 506/506/506
f 433/433/433 506/506/506 431/431/431
f 508/508/508 509/509/509 507/507/507
f 508/508/508 507/507/507 506/506/506
f 435/435/435 510/510/510 508/508/508
f 435/435/435 508/508/508 433/433/433
f 510/510/510 511/511/511 509/509/509
f 510/510/510 509/509/509 508/508/508
f 437/437/437 512/512/512 510/510/510
f 437/437/437 510/510/510 435/435/435
f 512/512/512 513/513/513 511/511/511
f 512/512/512 511/511/511 510/510/510
f 439/439/439 514/514/514 512/512/512
f 439/439/439 512/512/512 437/437/437
f 514/514/514 515/515/515 513/513/513
f 514/514/514 513/513/513 512/512/512
f 441/441/441 516/516/516 514/514/514
f 441/441/441 514/514/514 439/439/439
f 516/516/516 517/517/517 515/515/515
f 516/516/516 515/515/515 514/514/514
f 443/443/443 447/447/447 516/516/516
f 443/443/443 516/516/516 441/441/441
f 447/447/447 450/450/450 517/517/517
f 447/447/447 517/517/517 516/516/516
f 517/517/517 518/518/518 519/519/519
f 517/517/517 519/519/519 515/515/515
f 450/450/450 520/520/520 518/518/518
f 450/450/450 518/518/518 517/517/517
f 518/518/518 521/521/521 522/522/522
f 518/518/518 522/522/522 519/519/519
f 520/520/520 523/523/523 521/521/521
f 520/520/520 521/521/521 518/518/518
f 449/449/449 524/524/524 520/520/520
f 449/449/449 520/520/520 450/450/450
f 524/524/524 525/525/525 523/523/523
f 524/524/524 523/523/523 520/520/520
f 451/451/451 526/526/526 524/524/524
f 451/451/451 524/524/524 449/449/449
f 526/526/526 527/527/527 525/525/525
f 526/526/526 525/525/525 524/524/524
f 453/453/453 528/528/528 526/526/526
f 453/453/453 526/526/526 451/451/451
f 528/528/528 529/529/529 527/527/527
f 528/528/528 527/527/527 526/526/526
f 455/455/455 530/530/530 528/528/528
f 455/455/455 528/528/528 453/453/453
f 530/530/530 531/531/531 529/529/529
f 530/530/530 529/529/529 528/528/528
f 457/457/457 532/532/532 530/530/530
f 457/457/457 530/530/530 455/455/455
f 532/532/532 533/533/533 531/531/531
f 532/532/532 531/531/531 530/530/530
f 459/459/459 534/534/534 532/532/532
f 459/459/459 532/532/532 457/457/457
f 534/534/534 535/535/535 533/533/533
f 534/534/534 533/533/533 532/532/532
f 461/461/461 536/536/536 534/534/534
f 461/461/461 534/534/534 459/459/459
f 536/536/536 537/537/537 535/535/535
f 536/536/536 535/535/535 534/534/534
f 463/463/463 538/538/538 536/536/536
f 463/463/463 536/536/536 461/461/461
f 538/538/538 539/539/539 537/537/537
f 538/538/538 537/537/537 536/536/536
f 465/465/465 540/540/540 538/538/538
f 465/465/465 538/538/538 463/463/463
f 540/540/540 541/541/541 539/539/539
f 540/540/540 539/539/539 538/538/538
f 467/467/467 542/542/542 540/540/540
f 467/467/467 540/540/540 465/465/465
f 542/542/542 543/543/543 541/541/541
f 542/542/542 541/541/541 540/540/540
f 469/469/469 544/544/544 542/542/542
f 469/469/469 542/542/542 467/467/467
f 544/544/544 545/545/545 543/543/543
f 544/544/544 543/543/543 542/542/542
f 471/471/471 546/546/546 544/544/544
f 471/471/471 544/544/544 469/469/469
f 546/546/546 547/547/547 545/545/545
f 546/546/546 545/545/545 544/544/544
f 473/473/473 548/548/548 546/546/546
f 473/473/473 546/546/546 471/471/471
f 548/548/548 549/549/549 547/547/547
f 548/548/548 547/547/547 546/546/546
f 475/475/475 550/550/550 548/548/548
f 475/475/475 548/548/548 473/473/473
f 550/550/550 551/551/551 549/549/549
f 550/550/550 549/549/549 548/548/548
f 477/477/477 552/552/552 550/550/550
f 477/477/477 550/550/550 475/475/475
f 552/552/552 553/553/553 551/551/551
f 552/552/552 551/551/551 550/550/550
f 479/479/479 554/554/554 552/552/552
f 479/479/479 552/552/552 477/477/477
f 554/554/554 555/555/555 553/553/553
f 554/554/554 553/553/553 552/552/552
f 481/481/481 556/556/556 554/554/554
f 481/481/481 554/554/554 479/479/479
f 556/556/556 557/557/557 555/555/555
f 556/556/556 555/555/555 554/554/554
f 483/483/483 558/558/558 556/556/556
f 483/483/483 556/556/556 481/481/481
f 558/558/558 559/559/559 557/557/557
f 558/558/558 557/557/557 556/556/556
f 485/485/485 560/560/560 558/558/558
f 485/485/485 558/558/558 483/483/483
f 560/560/560 561/561/561 559/559/559
f 560/560/560 559/559/559 558/558/558
f 487/487/487 562/562/562 560/560/560
f 487/487/487 560/560/560 485/485/485
f 562/562/562 563/563/563 561/561/561
f 562/562/562 561/561/561 560/560/560
f 489/489/489 564/564/564 562/562/562
f 489/489/489 562/562/562 487/487/487
f 564/564/564 565/565/565 563/563/563
f 564/564/564 563/563/563 562/562/562
f 491/491/491 566/566/566 564/564/564
f 491/491/491 564/564/564 489/489/489
f 566/566/566 567/567/567 565/565/565
f 566/566/566 565/565/565 564/564/564
f 568/568/568 569/569/569 567/567/567
f 568/568/568 567/567/567 566/566/566
f 493/493/493 568/568/568 566/566/566
f 493/493/493 566/566/566 491/491/491
f 495/495/495 570/570/570 568/568/568
f 495/495/495 568/568/568 493/493/493
f 570/570/570 571/571/571 569/569/569
f 570/570/570 569/569/569 568/568/568
f 497/497/497 572/572/572 570/570/570
f 497/497/497 570/570/570 495/495/495
f 572/572/572 573/573/573 571/571/571
f 572/572/572 571/571/571 570/570/570
f 499/499/499 574/574/574 572/572/572
f 499/499/499 572/572/572 497/497/497
f 574/574/574 575/575/575 573/573/573
f 574/574/574 573/573/573 572/572/572
f 501/501/501 576/576/576 574/574/574
f 501/501/501 574/574/574 499/499/499
f 576/576/576 577/577/577 575/575/575
f 576/576/576 575/575/575 574/574/574
f 503/503/503 578/578/578 576/576/576
f 503/503/503 576/576/576 501/501/501
f 578/578/578 579/579/579 577/577/577
f 578/578/578 577/577/577 576/576/576
f 505/505/505 580/580/580 578/578/578
f 505/505/505 578/578/578 503/503/503
f 580/580/580 581/581/581 579/579/579
f 580/580/580 579/579/579 578/578/578
f 507/507/507 582/582/582 580/580/580
f 507/507/507 580/580/580 505/505/505
f 582/582/582 583/583/583 581/581/581
f 582/582/582 581/581/581 580/580/580
f 509/509/509 584/584/584 582/582/582
f 509/509/509 582/582/582 507/507/507
f 584/584/584 585/585/585 583/583/583
f 584/584/584 583/583/583 582/582/582
f 511/511/511 586/586/586 584/584/584
f 511/511/511 584/584/584 509/509/509
f 586/586/586 587/587/587 585/585/585
f 586/586/586 585/585/585 584/584/584
f 513/513/513 588/588/588 586/586/586
f 513/513/513 586/586/586 511/511/511
f 588/588/588 589/589/589 587/587/587
f 588/588/588 587/587/587 586/586/586
f 515/515/515 519/519/519 588/588/588
f 515/515/515 588/588/588 513/513/513
f 519/519/519 522/522/522 589/589/589
f 519/519/519 589/589/589 588/588/588
f 589/589/589 590/590/590 591/591/591
f 589/589/589 591/591/591 587/587/587
f 522/522/522 592/592/592 590/590/590
f 522/522/522 590/590/590 589/589/589
f 590/590/590 593/593/593 594/594/594
f 590/590/590 594/594/594 591/591/591
f 592/592/592 595/595/595 593/593/593
f 592/592/592 593/593/593 590/590/590
f 521/521/521 596/596/596 592/592/592
f 521/521/521 592/592/592 522/522/522
f 596/596/596 597/597/597 595/595/595
f 596/596/596 595/595/595 592/592/592
f 523/523/523 598/598/598 596/596/596
f 523/523/523 596/596/596 521/521/521
f 598/598/598 599/599/599 597/597/597
f 598/598/598 597/597/597 596/596/596
f 525/525/525 600/600/600 598/598/598
f 525/525/525 598/598/598 523/523/523
f 600/600/600 601/601/601 599/599/599
f 600/600/600 599/599/599 598/598/598
f 527/527/527 602/602/602 600/600/600
f 527/527/527 600/600/600 525/525/525
f 602/602/602 603/603/603 601/601/601
f 602/602/602 601/601/601 600/600/600
f 529/529/529 604/604/604 602/602/602
f 529/529/529 602/602/602 527/527/527
f 604/604/604 605/605/605 603/603/603
f 604/604/604 603/603/603 602/602/602
f 531/531/531 606/606/606 604/604/604
f 531/531/531 604/604/604 529/529/529
f 606/606/606 607/607/607 605/605/605
f 606/606/606 605/605/605 604/604/604
f 533/533/533 608/608/608 606/606/606
f 533/533/533 606/606/606 531/531/531
f 608/608/608 609/609/609 607/607/607
f 608/608/608 607/607/607 606/606/606
f 535/535/535 610/610/610 608/608/608
f 535/535/535 608/608/608 533/533/533
f 610/610/610 611/611/611 609/609/609
f 610/610/610 609/609/609 608/608/608
f 537/537/537 612/612/612 610/610/610
f 537/537/537 610/610/610 535/535/535
f 612/612/612 613/613/613 611/611/611
f 612/612/612 611/611/611 610/610/610
f 539/539/539 614/614/614 612/612/612
f 539/539/539 612/612/612 537/537/537
f 614/614/614 615/615/615 613/613/613
f 614/614/614 613/613/613 612/612/612
f 541/541/541 616/616/616 614/614/614
f 541/541/541 614/614/614 539/539/539
f 616/616/616 617/617/617 615/615/615
f 616/616/616 615/615/615 614/614/614
f 543/543/543 618/618/618 616/616/616
f 543/543/543 616/616/616 541/541/541
f 618/618/618 619/619/619 617/617/617
f 618/618/618 617/617/617 616/616/616
f 545/545/545 620/620/620 618/618/618
f 545/545/545 618/618/618 543/543/543
f 620/620/620 621/621/621 619/619/619
f 620/620/620 619/619/619 618/618/618
f 547/547/547 622/622/622 620/620/620
f 547/547/547 620/620/620 545/545/545
f 622/622/622 623/623/623 621/621/621
f 622/622/622 621/621/621 620/620/620
f 549/549/549 624/624/624 622/622/622
f 549/549/549 622/622/622 547/547/547
f 624/624/624 625/625/625 623/623/623
f 624/624/624 623/623/623 622/622/622
f 551/551/551 626/626/626 624/624/624
f 551/551/551 624/624/624 549/549/549
f 626/626/626 627/627/627 625/625/625
f 626/626/626 625/625/625 624/624/624
f 553/553/553 628/628/628 626/626/626
f 553/553/553 626/626/626 551/551/551
f 628/628/628 629/629/629 627/627/627
f 628/628/628 627/627/627 626/626/626
f 555/555/555 630/630/630 628/628/628
f 555/555/555 628/628/628 553/553/553
f 630/630/630 631/631/631 629/629/629
f 630/630/630 629/629/629 628/628/628
f 557/557/557 632/632/632 630/630/630
f 557/557/557 630/630/630 555/555/555
f 632/632/632 633/633/633 631/631/631
f 632/632/632 631/631/631 630/630/630
f 559/559/559 634/634/634 632/632/632
f 559/559/559 632/632/632 557/557/557
f 634/634/634 635/635/635 633/633/633
f 634/634/634 633/633/633 632/632/632
f 561/561/561 636/636/636 634/634/634
f 561/561/561 634/634/634 559/559/559
f 636/636/636 637/637/637 635/635/635
f 636/636/636 635/635/635 634/634/634
f 563/563/563 638/638/638 636/636/636
f 563/563/563 636/636/636 561/561/561
f 638/638/638 639/639/639 637/637/637
f 638/638/638 637/637/637 636/636/636
f 565/565/565 640/640/640 638/638/638
f 565/565/565 638/638/638 563/563/563
f 640/640/640 641/641/641 639/639/639
f 640/640/640 639/639/639 638/638/638
f 567/567/567 642/642/642 640/640/640
f 567/567/567 640/640/640 565/565/565
f 642/642/642 643/643/643 641/641/641
f 642/642/642 641/641/641 640/640/640
f 644/644/644 645/645/645 643/643/643
f 644/644/644 643/643/643 642/642/642
f 569/569/569 644/644/644 642/642/642
f 569/569/569 642/642/642 567/567/567
f 571/571/571 646/646/646 644/644/644
f 571/571/571 644/644/644 569/569/569
f 646/646/646 647/647/647 645/645/645
f 646/646/646 645/645/645 644/644/644
f 573/573/573 648/648/648 646/646/646
f 573/573/573 646/646/646 571/571/571
f 648/648/648 649/649/649 647/647/647
f 648/648/648 647/647/647 646/646/646
f 575/575/575 650/650/650 648/648/648
f 575/575/575 648/648/648 573/573/573
f 650/650/650 651/651/651 649/649/649
f 650/650/650 649/649/649 648/648/648
f 577/577/577 652/652/652 650/650/650
f 577/577/577 650/650/650 575/575/575
f 652/652/652 653/653/653 651/651/651
f 652/652/652 651/651/651 650/650/650
f 579/579/579 654/654/654 652/652/652
f 579/579/579 652/652/652 577/577/577
f 654/654/654 655/655/655 653/653/653
f 654/654/654 653/653/653 652/652/652
f 581/581/581 656/656/656 654/654/654
f 581/581/581 654/654/654 579/579/579
f 656/656/656 657/657/657 655/655/655
f 656/656/656 655/655/655 654/654/654
f 583/583/583 658/658/658 656/656/656
f 583/583/583 656/656/656 581/581/581
f 658/658/658 659/659/659 657/657/657
f 658/658/658 657/657/657 656/656/656
f 585/585/585 660/660/660 658/658/658
f 585/585/585 658/658/658 583/583/583
f 660/660/660 661/661/661 659/659/659
f 660/660/660 659/659/659 658/658/658
f 587/587/587 591/591/591 660/660/660
f 587/587/587 660/660/660 585/585/585
f 591/591/591 594/594/594 661/661/661
f 591/591/591 661/661/661 660/660/660
f 661/661/661 662/662/662 663/663/663
f 661/661/661 663/663/663 659/659/659
f 594/594/594 664/664/664 662/662/662
f 594/594/594 662/662/662 661/661/661
f 662/662/662 665/665/665 666/666/666
f 662/662/662 666/666/666 663/663/663
f 664/664/664 667/667/667 665/665/665
f 664/664/664 665/665/665 662/662/662
f 593/593/593 668/668/668 664/664/664
f 593/593/593 664/664/664 594/594/594
f 668/668/668 669/669/669 667/667/667
f 668/668/668 667/667/667 664/664/664
f 595/595/595 670/670/670 668/668/668
f 595/595/595 668/668/668 593/593/593
f 670/670/670 671/671/671 669/669/669
f 670/670/670 669/669/669 668/668/668
f 597/597/597 672/672/672 670/670/670
f 597/597/597 670/670/670 595/595/595
f 672/672/672 673/673/673 671/671/671
f 672/672/672 671/671/671 670/670/670
f 599/599/599 674/674/674 672/672/672
f 599/599/599 672/672/672 597/597/597
f 674/674/674 675/675/675 673/673/673
f 674/674/674 673/673/673 672/672/672
f 601/601/601 676/676/676 674/674/674
f 601/601/601 674/674/674 599/599/599
f 676/676/676 677/677/677 675/675/675
f 676/676/676 675/675/675 674/674/674
f 603/603/603 678/678/678 676/676/676
f 603/603/603 676/676/676 601/601/601
f 678/678/678 679/679/679 677/677/677
f 678/678/678 677/677/677 676/676/676
f 605/605/605 680/680/680 678/678/678
f 605/605/605 678/678/678 603/603/603
f 680/680/680 681/681/681 679/679/679
f 680/680/680 679/679/679 678/678/678
f 607/607/607 682/682/682 680/680/680
f 607/607/607 680/680/680 605/605/605
f 682/682/682 683/683/683 681/681/681
f 682/682/682 681/681/681 680/680/680
f 609/609/609 684/684/684 682/682/682
f 609/609/609 682/682/682 607/607/607
f 684/684/684 685/685/685 683/683/683
f 684/684/684 683/683/683 682/682/682
f 611/611/611 686/686/686 684/684/684
f 611/611/611 684/684/684 609/609/609
f 686/686/686 687/687/687 685/685/685
f 686/686/686 685/685/685 684/684/684
f 613/613/613 688/688/688 686/686/686
f 613/613/613 686/686/686 611/611/611
f 688/688/688 689/689/689 687/687/687
f 688/688/688 687/687/687 686/686/686
f 615/615/615 690/690/690 688/688/688
f 615/615/615 688/688/688 613/613/613
f 690/690/690 691/691/691 689/689/689
f 690/690/690 689/689/689 688/688/688
f 617/617/617 692/692/692 690/690/690
f 617/617/617 690/690/690 615/615/615
f 692/692/692 693/693/693 691/691/691
f 692/692/692 691/691/691 690/690/690
f 619/619/619 694/694/694 692/692/692
f 619/619/619 692/692/692 617/617/617
f 694/694/694 695/695/695 693/693/693
f 694/694/694 693/693/693 692/692/692
f 621/621/621 696/696/696 694/694/694
f 621/621/621 694/694/694 619/619/619
f 696/696/696 697/697/697 695/695/695
f 696/696/696 695/695/695 694/694/694
f 623/623/623 698/698/698 696/696/696
f 623/623/623 696/696/696 621/621/621
f 698/698/698 699/699/699 697/697/697
f 698/698/698 697/697/697 696/696/696
f 625/625/625 700/700/700 698/698/698
f 625/625/625 698/698/698 623/623/623
f 700/700/700 701/701/701 699/699/699
f 700/700/700 699/699/699 698/698/698
f 627/627/627 702/702/702 700/700/700
f 627/627/627 700/700/700 625/625/625
f 702/702/702 703/703/703 701/701/701
f 702/702/702 701/701/701 700/700/700
f 629/629/629 704/704/704 702/702/702
f 629/629/629 702/702/702 627/627/627
f 704/704/704 705/705/705 703/703/703
f 704/704/704 703/703/703 702/702/702
f 631/631/631 706/706/706 704/704/704
f 631/631/631 704/704/704 629/629/629
f 706/706/706 707/707/707 705/705/705
f 706/706/706 705/705/705 704/704/704
f 633/633/633 708/708/708 706/706/706
f 633/633/633 706/706/706 631/631/631
f 708/708/708 709/709/709 707/707/707
f 708/708/708 707/707/707 706/706/706
f 635/635/635 710/710/710 708/708/708
f 635/635/635 708/708/708 633/633/633
f 710/710/710 711/711/711 709/709/709
f 710/710/710 709/709/709 708/708/708
f 637/637/637 712/712/712 710/710/710
f 637/637/637 710/710/710 635/635/635
f 712/712/712 713/713/713 711/711/711
f 712/712/712 711/711/711 710/710/710
f 639/639/639 714/714/714 712/712/712
f 639/639/639 712/712/712 637/637/637
f 714/714/714 715/715/715 713/713/713
f 714/714/714 713/713/713 712/712/712
f 641/641/641 716/716/716 714/714/714
f 641/641/641 714/714/714 639/639/639
f 716/716/716 717/717/717 715/715/715
f 716/716/716 715/715/715 714/714/714
f 643/643/643 718/718/718 716/716/716
f 643/643/643 716/716/716 641/641/641
f 718/718/718 719/719/719 717/717/717
f 718/718/718 717/717/717 716/716/716
f 720/720/720 721/721/721 719/719/719
f 720/720/720 719/719/719 718/718/718
f 645/645/645 720/720/720 718/718/718
f 645/645/645 718/718/718 643/643/643
f 647/647/647 722/722/722 720/720/720
f 647/647/647 720/720/720 645/645/645
f 722/722/722 723/723/723 721/721/721
f 722/722/722 721/721/721 720/720/720
f 649/649/649 724/724/724 722/722/722
f 649/649/649 722/722/722 647/647/647
f 724/724/724 725/725/725 723/723/723
f 724/724/724 723/723/723 722/722/722
f 651/651/651 726/726/726 724/724/724
f 651/651/651 724/724/724 649/649/649
f 726/726/726 727/727/727 725/725/725
f 726/726/726 725/725/725 724/724/724
f 653/653/653 728/728/728 726/726/726
f 653/653/653 726/726/726 651/651/651
f 728/728/728 729/729/729 727/727/727
f 728/728/728 727/727/727 726/726/726
f 655/655/655 730/730/730 728/728/728
f 655/655/655 728/728/728 653/653/653
f 730/730/730 731/731/731 729/729/729
f 730/730/730 729/729/729 728/728/728
f 657/657/657 732/732/732 730/730/730
f 657/657/657 730/730/730 655/655/655
f 732/732/732 733/733/733 731/731/731
f 732/732/732 731/731/731 730/730/730
f 659/659/659 663/663/663 732/732/732
f 659/659/659 732/732/732 657/657/657
f 663/663/663 666/666/666 733/733/733
f 663/663/663 733/733/733 732/732/732
f 733/733/733 734/734/734 735/735/735
f 733/733/733 735/735/735 731/731/731
f 666/666/666 736/736/736 734/734/734
f 666/666/666 734/734/734 733/733/733
f 734/734/734 737/737/737 738/738/738
f 734/734/734 738/738/738 735/735/735
f 736/736/736 739/739/739 737/737/737
f 736/736/736 737/737/737 734/734/734
f 665/665/665 740/740/740 736/736/736
f 665/665/665 736/736/736 666/666/666
f 740/740/740 741/741/741 739/739/739
f 740/740/740 739/739/739 736/736/736
f 667/667/667 742/742/742 740/740/740
f 667/667/667 740/740/740 665/665/665
f 742/742/742 743/743/743 741/741/741
f 742/742/742 741/741/741 740/740/740
f 669/669/669 744/744/744 742/742/742
f 669/669/669 742/742/742 667/667/667
f 744/744/744 745/745/745 743/743/743
f 744/744/744 743/743/743 742/742/742
f 671/671/671 746/746/746 744/744/744
f 671/671/671 744/744/744 669/669/669
f 746/746/746 747/747/747 745/745/745
f 746/746/746 745/745/745 744/744/744
f 673/673/673 748/748/748 746/746/746
f 673/673/673 746/746/746 671/671/671
f 748/748/748 749/749/749 747/747/747
f 748/748/748 747/747/747 746/746/746
f 675/675/675 750/750/750 748/748/748
f 675/675/675 748/748/748 673/673/673
f 750/750/750 751/751/751 749/749/749
f 750/750/750 749/749/749 748/748/748
f 677/677/677 752/752/752 750/750/750
f 677/677/677 750/750/750 675/675/675
f 752/752/752 753/753/753 751/751/751
f 752/752/752 751/751/751 750/750/750
f 679/679/679 754/754/754 752/752/752
f 679/679/679 752/752/752 677/677/677
f 754/754/754 755/755/755 753/753/753
f 754/754/754 753/753/753 752/752/752
f 681/681/681 756/756/756 754/754/754
f 681/681/681 754/754/754 679/679/679
f 756/756/756 757/757/757 755/755/755
f 756/756/756 755/755/755 754/754/754
f 683/683/683 758/758/758 756/756/756
f 683/683/683 756/756/756 681/681/681
f 758/758/758 759/759/759 757/757/757
f 758/758/758 757/757/757 756/756/756
f 685/685/685 760/760/760 758/758/758
f 685/685/685 758/758/758 683/683/683
f 760/760/760 761/761/761 759/759/759
f 760/760/760 759/759/759 758/758/758
f 687/687/687 762/762/762 760/760/760
f 687/687/687 760/760/760 685/685/685
f 762/762/762 763/763/763 761/761/761
f 762/762/762 761/761/761 760/760/760
f 689/689/689 764/764/764 762/762/762
f 689/689/689 762/762/762 687/687/687
f 764/764/764 765/765/765 763/763/763
f 764/764/764 763/763/763 762/762/762
f 691/691/691 766/766/766 764/764/764
f 691/691/691 764/764/764 689/689/689
f 766/766/766 767/767/767 765/765/765
f 766/766/766 765/765/765 764/764/764
f 693/693/693 768/768/768 766/766/766
f 693/693/693 766/766/766 691/691/691
f 768/768/768 769/769/769 767/767/767
f 768/768/768 767/767/767 766/766/766
f 695/695/695 770/770/770 768/768/768
f 695/695/695 768/768/768 693/693/693
f 770/770/770 771/771/771 769/769/769
f 770/770/770 769/769/769 768/768/768
f 770/770/770 695/695/695 697/697/697
f 770/770/770 697/697/697 772/772/772
f 771/771/771 770/770/770 772/772/772
f 771/771/771 772/772/772 773/773/773
f 773/773/773 772/772/772 774/774/774
f 773/773/773 774/774/774 775/775/775
f 772/772/772 697/697/697 699/699/699
f 772/772/772 699/699/699 774/774/774
f 774/774/774 699/699/699 701/701/701
f 774/774/774 701/701/701 776/776/776
f 775/775/775 774/774/774 776/776/776
f 775/775/775 776/776/776 777/777/777
f 777/777/777 776/776/776 778/778/778
f 777/777/777 778/778/778 779/779/779
f 776/776/776 701/701/701 703/703/703
f 776/776/776 703/703/703 778/778/778
f 779/779/779 778/778/778 780/780/780
f 779/779/779 780/780/780 781/781/781
f 778/778/778 703/703/703 705/705/705
f 778/778/778 705/705/705 780/780/780
f 781/781/781 780/780/780 782/782/782
f 781/781/781 782/782/782 783/783/783
f 780/780/780 705/705/705 707/707/707
f 780/780/780 707/707/707 782/782/782
f 783/783/783 782/782/782 784/784/784
f 783/783/783 784/784/784 785/785/785
f 782/782/782 707/707/707 709/709/709
f 782/782/782 709/709/709 784/784/784
f 785/785/785 784/784/784 786/786/786
f 785/785/785 786/786/786 787/787/787
f 784/784/784 709/709/709 711/711/711
f 784/784/784 711/711/711 786/786/786
f 713/713/713 788/788/788 786/786/786
f 713/713/713 786/786/786 711/711/711
f 788/788/788 789/789/789 787/787/787
f 788/788/788 787/787/787 786/786/786
f 715/715/715 790/790/790 788/788/788
f 715/715/715 788/788/788 713/713/713
f 790/790/790 791/791/791 789/789/789
f 790/790/790 789/789/789 788/788/788
f 717/717/717 792/792/792 790/790/790
f 717/717/717 790/790/790 715/715/715
f 792/792/792 793/793/793 791/791/791
f 792/792/792 791/791/791 790/790/790
f 719/719/719 794/794/794 792/792/792
f 719/719/719 792/792/792 717/717/717
f 794/794/794 795/795/795 793/793/793
f 794/794/794 793/793/793 792/792/792
f 796/796/796 797/797/797 795/795/795
f 796/796/796 795/795/795 794/794/794
f 721/721/721 796/796/796 794/794/794
f 721/721/721 794/794/794 719/719/719
f 723/723/723 798/798/798 796/796/796
f 723/723/723 796/796/796 721/721/721
f 798/798/798 799/799/799 797/797/797
f 798/798/798 797/797/797 796/796/796
f 725/725/725 800/800/800 798/798/798
f 725/725/725 798/798/798 723/723/723
f 800/800/800 801/801/801 799/799/799
f 800/800/800 799/799/799 798/798/798
f 727/727/727 802/802/802 800/800/800
f 727/727/727 800/800/800 725/725/725
f 802/802/802 803/803/803 801/801/801
f 802/802/802 801/801/801 800/800/800
f 729/729/729 804/804/804 802/802/802
f 729/729/729 802/802/802 727/727/727
f 804/804/804 805/805/805 803/803/803
f 804/804/804 803/803/803 802/802/802
f 731/731/731 735/735/735 804/804/804
f 731/731/731 804/804/804 729/729/729
f 735/735/735 738/738/738 805/805/805
f 735/735/735 805/805/805 804/804/804
f 805/805/805 806/806/806 807/807/807
f 805/805/805 807/807/807 803/803/803
f 738/738/738 808/808/808 806/806/806
f 738/738/738 806/806/806 805/805/805
f 806/806/806 809/809/809 810/810/810
f 806/806/806 810/810/810 807/807/807
f 808/808/808 811/811/811 809/809/809
f 808/808/808 809/809/809 806/806/806
f 737/737/737 812/812/812 808/808/808
f 737/737/737 808/808/808 738/738/738
f 812/812/812 813/813/813 811/811/811
f 812/812/812 811/811/811 808/808/808
f 739/739/739 814/814/814 812/812/812
f 739/739/739 812/812/812 737/737/737
f 814/814/814 815/815/815 813/813/813
f 814/814/814 813/813/813 812/812/812
f 741/741/741 816/816/816 814/814/814
f 741/741/741 814/814/814 739/739/739
f 816/816/816 817/817/817 815/815/815
f 816/816/816 815/815/815 814/814/814
f 743/743/743 818/818/818 816/816/816
f 743/743/743 816/816/816 741/741/741
f 818/818/818 819/819/819 817/817/817
f 818/818/818 817/817/817 816/816/816
f 745/745/745 820/820/820 818/818/818
f 745/745/745 818/818/818 743/743/743
f 820/820/820 821/821/821 819/819/819
f 820/820/820 819/819/819 818/818/818
f 747/747/747 822/822/822 820/820/820
f 747/747/747 820/820/820 745/745/745
f 822/822/822 823/823/823 821/821/821
f 822/822/822 821/821/821 820/820/820
f 749/749/749 824/824/824 822/822/822
f 749/749/749 822/822/822 747/747/747
f 824/824/824 825/825/825 823/823/823
f 824/824/824 823/823/823 822/822/822
f 751/751/751 826/826/826 824/824/824
f 751/751/751 824/824/824 749/749/749
f 826/826/826 827/827/827 825/825/825
f 826/826/826 825/825/825 824/824/824
f 753/753/753 828/828/828 826/826/826
f 753/753/753 826/826/826 751/751/751
f 828/828/828 829/829/829 827/827/827
f 828/828/828 827/827/827 826/826/826
f 755/755/755 830/830/830 828/828/828
f 755/755/755 828/828/828 753/753/753
f 830/830/830 831/831/831 829/829/829
f 830/830/830 829/829/829 828/828/828
f 757/757/757 832/832/832 830/830/830
f 757/757/757 830/830/830 755/755/755
f 832/832/832 833/833/833 831/831/831
f 832/832/832 831/831/831 830/830/830
f 759/759/759 834/834/834 832/832/832
f 759/759/759 832/832/832 757/757/757
f 834/834/834 835/835/835 833/833/833
f 834/834/834 833/833/833 832/832/832
f 761/761/761 836/836/836 834/834/834
f 761/761/761 834/834/834 759/759/759
f 836/836/836 837/837/837 835/835/835
f 836/836/836 835/835/835 834/834/834
f 763/763/763 838/838/838 836/836/836
f 763/763/763 836/836/836 761/761/761
f 838/838/838 839/839/839 837/837/837
f 838/838/838 837/837/837 836/836/836
f 765/765/765 840/840/840 838/838/838
f 765/765/765 838/838/838 763/763/763
f 840/840/840 841/841/841 839/839/839
f 840/840/840 839/839/839 838/838/838
f 767/767/767 842/842/842 840/840/840
f 767/767/767 840/840/840 765/765/765
f 842/842/842 843/843/843 841/841/841
f 842/842/842 841/841/841 840/840/840
f 769/769/769 844/844/844 842/842/842
f 769/769/769 842/842/842 767/767/767
f 844/844/844 845/845/845 843/843/843
f 844/844/844 843/843/843 842/842/842
f 771/771/771 846/846/846 844/844/844
f 771/771/771 844/844/844 769/769/769
f 846/846/846 847/847/847 845/845/845
f 846/846/846 845/845/845 844/844/844
f 846/846/846 771/771/771 773/773/773
f 846/846/846 773/773/773 848/848/848
f 847/847/847 846/846/846 848/848/848
f 847/847/847 848/848/848 849/849/849
f 849/849/849 848/848/848 850/850/850
f 849/849/849 850/850/850 851/851/851
f 848/848/848 773/773/773 775/775/775
f 848/848/848 775/775/775 850/850/850
f 850/850/850 775/775/775 777/777/777
f 850/850/850 777/777/777 852/852/852
f 851/851/851 850/850/850 852/852/852
f 851/851/851 852/852/852 853/853/853
f 853/853/853 852/852/852 854/854/854
f 853/853/853 854/854/854 855/855/855
f 852/852/852 777/777/777 779/779/779
f 852/852/852 779/779/779 854/854/854
f 855/855/855 854/854/854 856/856/856
f 855/855/855 856/856/856 857/857/857
f 854/854/854 779/779/779 781/781/781
f 854/854/854 781/781/781 856/856/856
f 857/857/857 856/856/856 858/858/858
f 857/857/857 858/858/858 859/859/859
f 856/856/856 781/781/781 783/783/783
f 856/856/856 783/783/783 858/858/858
f 859/859/859 858/858/858 860/860/860
f 859/859/859 860/860/860 861/861/861
f 858/858/858 783/783/783 785/785/785
f 858/858/858 785/785/785 860/860/860
f 861/861/861 860/860/860 862/862/862
f 861/861/861 862/862/862 863/863/863
f 860/860/860 785/785/785 787/787/787
f 860/860/860 787/787/787 862/862/862
f 789/789/789 864/864/864 862/862/862
f 789/789/789 862/862/862 787/787/787
f 864/864/864 865/865/865 863/863/863
f 864/864/864 863/863/863 862/862/862
f 791/791/791 866/866/866 864/864/864
f 791/791/791 864/864/864 789/789/789
f 866/866/866 867/867/867 865/865/865
f 866/866/866 865/865/865 864/864/864
f 793/793/793 868/868/868 866/866/866
f 793/793/793 866/866/866 791/791/791
f 868/868/868 869/869/869 867/867/867
f 868/868/868 867/867/867 866/866/866
f 795/795/795 870/870/870 868/868/868
f 795/795/795 868/868/868 793/793/793
f 870/870/870 871/871/871 869/869/869
f 870/870/870 869/869/869 868/868/868
f 872/872/872 873/873/873 871/871/871
f 872/872/872 871/871/871 870/870/870
f 797/797/797 872/872/872 870/870/870
f 797/797/797 870/870/870 795/795/795
f 799/799/799 874/874/874 872/872/872
f 799/799/799 872/872/872 797/797/797
f 874/874/874 875/875/875 873/873/873
f 874/874/874 873/873/873 872/872/872
f 801/801/801 876/876/876 874/874/874
f 801/801/801 874/874/874 799/799/799
f 876/876/876 877/877/877 875/875/875
f 876/876/876 875/875/875 874/874/874
f 803/803/803 807/807/807 876/876/876
f 803/803/803 876/876/876 801/801/801
f 807/807/807 810/810/810 877/877/877
f 807/807/807 877/877/877 876/876/876
f 878/878/878 875/875/875 877/877/877
f 878/878/878 877/877/877 879/879/879
f 879/879/879 877/877/877 810/810/810
f 879/879/879 810/810/810 880/880/880
f 881/881/881 879/879/879 880/880/880
f 881/881/881 880/880/880 882/882/882
f 883/883/883 878/878/878 879/879/879
f 883/883/883 879/879/879 881/881/881
f 884/884/884 885/885/885 878/878/878
f 884/884/884 878/878/878 883/883/883
f 885/885/885 873/873/873 875/875/875
f 885/885/885 875/875/875 878/878/878
f 886/886/886 887/887/887 885/885/885
f 886/886/886 885/885/885 884/884/884
f 887/887/887 871/871/871 873/873/873
f 887/887/887 873/873/873 885/885/885
f 888/888/888 889/889/889 887/887/887
f 888/888/888 887/887/887 886/886/886
f 889/889/889 869/869/869 871/871/871
f 889/889/889 871/871/871 887/887/887
f 890/890/890 891/891/891 889/889/889
f 890/890/890 889/889/889 888/888/888
f 891/891/891 867/867/867 869/869/869
f 891/891/891 869/869/869 889/889/889
f 892/892/892 893/893/893 891/891/891
f 892/892/892 891/891/891 890/890/890
f 893/893/893 865/865/865 867/867/867
f 893/893/893 867/867/867 891/891/891
f 894/894/894 895/895/895 893/893/893
f 894/894/894 893/893/893 892/892/892
f 895/895/895 863/863/863 865/865/865
f 895/895/895 865/865/865 893/893/893
f 896/896/896 861/861/861 863/863/863
f 896/896/896 863/863/863 895/895/895
f 897/897/897 896/896/896 895/895/895
f 897/897/897 895/895/895 894/894/894
f 898/898/898 899/899/899 896/896/896
f 898/898/898 896/896/896 897/897/897
f 899/899/899 859/859/859 861/861/861
f 899/899/899 861/861/861 896/896/896
f 900/900/900 901/901/901 899/899/899
f 900/900/900 899/899/899 898/898/898
f 901/901/901 857/857/857 859/859/859
f 901/901/901 859/859/859 899/899/899
f 902/902/902 903/903/903 901/901/901
f 902/902/902 901/901/901 900/900/900
f 903/903/903 855/855/855 857/857/857
f 903/903/903 857/857/857 901/901/901
f 904/904/904 905/905/905 903/903/903
f 904/904/904 903/903/903 902/902/902
f 905/905/905 853/853/853 855/855/855
f 905/905/905 855/855/855 903/903/903
f 906/906/906 907/907/907 905/905/905
f 906/906/906 905/905/905 904/904/904
f 907/907/907 851/851/851 853/853/853
f 907/907/907 853/853/853 905/905/905
f 908/908/908 909/909/909 907/907/907
f 908/908/908 907/907/907 906/906/906
f 909/909/909 849/849/849 851/851/851
f 909/909/909 851/851/851 907/907/907
f 910/910/910 911/911/911 909/909/909
f 910/910/910 909/909/909 908/908/908
f 911/911/911 847/847/847 849/849/849
f 911/911/911 849/849/849 909/909/909
f 912/912/912 913/913/913 911/911/911
f 912/912/912 911/911/911 910/910/910
f 913/913/913 845/845/845 847/847/847
f 913/913/913 847/847/847 911/911/911
f 914/914/914 915/915/915 913/913/913
f 914/914/914 913/913/913 912/912/912
f 915/915/915 843/843/843 845/845/845
f 915/915/915 845/845/845 913/913/913
f 916/916/916 917/917/917 915/915/915
f 916/916/916 915/915/915 914/914/914
f 917/917/917 841/841/841 843/843/843
f 917/917/917 843/843/843 915/915/915
f 918/918/918 919/919/919 917/917/917
f 918/918/918 917/917/917 916/916/916
f 919/919/919 839/839/839 841/841/841
f 919/919/919 841/841/841 917/917/917
f 920/920/920 921/921/921 919/919/919
f 920/920/920 919/919/919 918/918/918
f 921/921/921 837/837/837 839/839/839
f 921/921/921 839/839/839 919/919/919
f 922/922/922 923/923/923 921/921/921
f 922/922/922 921/921/921 920/920/920
f 923/923/923 835/835/835 837/837/837
f 923/923/923 837/837/837 921/921/921
f 924/924/924 925/925/925 923/923/923
f 924/924/924 923/923/923 922/922/922
f 925/925/925 833/833/833 835/835/835
f 925/925/925 835/835/835 923/923/923
f 926/926/926 927/927/927 925/925/925
f 926/926/926 925/925/925 924/924/924
f 927/927/927 831/831/831 833/833/833
f 927/927/927 833/833/833 925/925/925
f 928/928/928 929/929/929 927/927/927
f 928/928/928 927/927/927 926/926/926
f 929/929/929 829/829/829 831/831/831
f 929/929/929 831/831/831 927/927/927
f 930/930/930 931/931/931 929/929/929
f 930/930/930 929/929/929 928/928/928
f 931/931/931 827/827/827 829/829/829
f 931/931/931 829/829/829 929/929/929
f 932/932/932 933/933/933 931/931/931
f 932/932/932 931/931/931 930/930/930
f 933/933/933 825/825/825 827/827/827
f 933/933/933 827/827/827 931/931/931
f 934/934/934 935/935/935 933/933/933
f 934/934/934 933/933/933 932/932/932
f 935/935/935 823/823/823 825/825/825
f 935/935/935 825/825/825 933/933/933
f 936/936/936 821/821/821 823/823/823
f 936/936/936 823/823/823 935/935/935
f 937/937/937 936/936/936 935/935/935
f 937/937/937 935/935/935 934/934/934
f 938/938/938 939/939/939 936/936/936
f 938/938/938 936/936/936 937/937/937
f 939/939/939 819/819/819 821/821/821
f 939/939/939 821/821/821 936/936/936
f 940/940/940 817/817/817 819/819/819
f 940/940/940 819/819/819 939/939/939
f 941/941/941 940/940/940 939/939/939
f 941/941/941 939/939/939 938/938/938
f 942/942/942 943/943/943 940/940/940
f 942/942/942 940/940/940 941/941/941
f 943/943/943 815/815/815 817/817/817
f 943/943/943 817/817/817 940/940/940
f 944/944/944 945/945/945 943/943/943
f 944/944/944 943/943/943 942/942/942
f 945/945/945 813/813/813 815/815/815
f 945/945/945 815/815/815 943/943/943
f 946/946/946 947/947/947 945/945/945
f 946/946/946 945/945/945 944/944/944
f 947/947/947 811/811/811 813/813/813
f 947/947/947 813/813/813 945/945/945
f 948/948/948 949/949/949 947/947/947
f 948/948/948 947/947/947 946/946/946
f 949/949/949 809/809/809 811/811/811
f 949/949/949 811/811/811 947/947/947
f 882/882/882 880/880/880 949/949/949
f 882/882/882 949/949/949 948/948/948
f 880/880/880 810/810/810 809/809/809
f 880/880/880 809/809/809 949/949/949
f 950/950/950 948/948/948 946/946/946
f 950/950/950 946/946/946 951/951/951
f 952/952/952 882/882/882 948/948/948
f 952/952/952 948/948/948 950/950/950
f 953/953/953 950/950/950 951/951/951
f 953/953/953 951/951/951 954/954/954
f 955/955/955 952/952/952 950/950/950
f 955/955/955 950/950/950 953/953/953
f 956/956/956 957/957/957 952/952/952
f 956/956/956 952/952/952 955/955/955
f 957/957/957 881/881/881 882/882/882
f 957/957/957 882/882/882 952/952/952
f 958/958/958 959/959/959 957/957/957
f 958/958/958 957/957/957 956/956/956
f 959/959/959 883/883/883 881/881/881
f 959/959/959 881/881/881 957/957/957
f 960/960/960 961/961/961 959/959/959
f 960/960/960 959/959/959 958/958/958
f 961/961/961 884/884/884 883/883/883
f 961/961/961 883/883/883 959/959/959
f 962/962/962 963/963/963 961/961/961
f 962/962/962 961/961/961 960/960/960
f 963/963/963 886/886/886 884/884/884
f 963/963/963 884/884/884 961/961/961
f 964/964/964 965/965/965 963/963/963
f 964/964/964 963/963/963 962/962/962
f 965/965/965 888/888/888 886/886/886
f 965/965/965 886/886/886 963/963/963
f 966/966/966 967/967/967 965/965/965
f 966/966/966 965/965/965 964/964/964
f 967/967/967 890/890/890 888/888/888
f 967/967/967 888/888/888 965/965/965
f 968/968/968 969/969/969 967/967/967
f 968/968/968 967/967/967 966/966/966
f 969/969/969 892/892/892 890/890/890
f 969/969/969 890/890/890 967/967/967
f 970/970/970 971/971/971 969/969/969
f 970/970/970 969/969/969 968/968/968
f 971/971/971 894/894/894 892/892/892
f 971/971/971 892/892/892 969/969/969
f 972/972/972 897/897/897 894/894/894
f 972/972/972 894/894/894 971/971/971
f 973/973/973 972/972/972 971/971/971
f 973/973/973 971/971/971 970/970/970
f 974/974/974 975/975/975 972/972/972
f 974/974/974 972/972/972 973/973/973
f 975/975/975 898/898/898 897/897/897
f 975/975/975 897/897/897 972/972/972
f 976/976/976 977/977/977 975/975/975
f 976/976/976 975/975/975 974/974/974
f 977/977/977 900/900/900 898/898/898
f 977/977/977 898/898/898 975/975/975
f 978/978/978 979/979/979 977/977/977
f 978/978/978 977/977/977 976/976/976
f 979/979/979 902/902/902 900/900/900
f 979/979/979 900/900/900 977/977/977
f 980/980/980 981/981/981 979/979/979
f 980/980/980 979/979/979 978/978/978
f 981/981/981 904/904/904 902/902/902
f 981/981/981 902/902/902 979/979/979
f 982/982/982 983/983/983 981/981/981
f 982/982/982 981/981/981 980/980/980
f 983/983/983 906/906/906 904/904/904
f 983/983/983 904/904/904 981/981/981
f 984/984/984 985/985/985 983/983/983
f 984/984/984 983/983/983 982/982/982
f 985/985/985 908/908/908 906/906/906
f 985/985/985 906/906/906 983/983/983
f 986/986/986 987/987/987 985/985/985
f 986/986/986 985/985/985 984/984/984
f 987/987/987 910/910/910 908/908/908
f 987/987/987 908/908/908 985/985/985
f 988/988/988 989/989/989 987/987/987
f 988/988/988 987/987/987 986/986/986
f 989/989/989 912/912/912 910/910/910
f 989/989/989 910/910/910 987/987/987
f 990/990/990 991/991/991 989/989/989
f 990/990/990 989/989/989 988/988/988
f 991/991/991 914/914/914 912/912/912
f 991/991/991 912/912/912 989/989/989
f 992/992/992 993/993/993 991/991/991
f 992/992/992 991/991/991 990/990/990
f 993/993/993 916/916/916 914/914/914
f 993/993/993 914/914/914 991/991/991
f 994/994/994 995/995/995 993/993/993
f 994/994/994 993/993/993 992/992/992
f 995/995/995 918/918/918 916/916/916
f 995/995/995 916/916/916 993/993/993
f 996/996/996 997/997/997 995/995/995
f 996/996/996 995/995/995 994/994/994
f 997/997/997 920/920/920 918/918/918
f 997/997/997 918/918/918 995/995/995
f 998/998/998 999/999/999 997/997/997
f 998/998/998 997/997/997 996/996/996
f 999/999/999 922/922/922 920/920/920
f 999/999/999 920/920/920 997/997/997
f 1000/1000/1000 1001/1001/1001 999/999/999
f 1000/1000/1000 999/999/999 998/998/998
f 1001/1001/1001 924/924/924 922/922/922
f 1001/1001/1001 922/922/922 999/999/999
f 1002/1002/1002 1003/1003/1003 1001/1001/1001
f 1002/1002/1002 1001/1001/1001 1000/1000/1000
f 1003/1003/1003 926/926/926 924/924/924
f 1003/1003/1003 924/924/924 1001/1001/1001
f 1004/1004/1004 1005/1005/1005 1003/1003/1003
f 1004/1004/1004 1003/1003/1003 1002/1002/1002
f 1005/1005/1005 928/928/928 926/926/926
f 1005/1005/1005 926/926/926 1003/1003/1003
f 1006/1006/1006 1007/1007/1007 1005/1005/1005
f 1006/1006/1006 1005/1005/1005 1004/1004/1004
f 1007/1007/1007 930/930/930 928/928/928
f 1007/1007/1007 928/928/928 1005/1005/1005
f 1008/1008/1008 1009/1009/1009 1007/1007/1007
f 1008/1008/1008 1007/1007/1007 1006/1006/1006
f 1009/1009/1009 932/932/932 930/930/930
f 1009/1009/1009 930/930/930 1007/1007/1007
f 1010/1010/1010 1011/1011/1011 1009/1009/1009
f 1010/1010/1010 1009/1009/1009 1008/1008/1008
f 1011/1011/1011 934/934/934 932/932/932
f 1011/1011/1011 932/932/932 1009/1009/1009
f 1012/1012/1012 937/937/937 934/934/934
f 1012/1012/1012 934/934/934 1011/1011/1011
f 1013/1013/1013 1012/1012/1012 1011/1011/1011
f 1013/1013/1013 1011/1011/1011 1010/1010/1010
f 1014/1014/1014 1015/1015/1015 1012/1012/1012
f 1014/1014/1014 1012/1012/1012 1013/1013/1013
f 1015/1015/1015 938/938/938 937/937/937
f 1015/1015/1015 937/937/937 1012/1012/1012
f 1016/1016/1016 941/941/941 938/938/938
f 1016/1016/1016 938/938/938 1015/1015/1015
f 1017/1017/1017 1016/1016/1016 1015/1015/1015
f 1017/1017/1017 1015/1015/1015 1014/1014/1014
f 1018/1018/1018 1019/1019/1019 1016/1016/1016
f 1018/1018/1018 1016/1016/1016 1017/1017/1017
f 1019/1019/1019 942/942/942 941/941/941
f 1019/1019/1019 941/941/941 1016/1016/1016
f 1020/1020/1020 1021/1021/1021 1019/1019/1019
f 1020/1020/1020 1019/1019/1019 1018/1018/1018
f 1021/1021/1021 944/944/944 942/942/942
f 1021/1021/1021 942/942/942 1019/1019/1019
f 954/954/954 951/951/951 1021/1021/1021
f 954/954/954 1021/1021/1021 1020/1020/1020
f 951/951/951 946/946/946 944/944/944
f 951/951/951 944/944/944 1021/1021/1021
f 1020/1020/1020 1022/1022/1022 1023/1023/1023
f 1020/1020/1020 1023/1023/1023 954/954/954
f 1018/1018/1018 1024/1024/1024 1022/1022/1022
f 1018/1018/1018 1022/1022/1022 1020/1020/1020
f 1022/1022/1022 1025/1025/1025 1026/1026/1026
f 1022/1022/1022 1026/1026/1026 1023/1023/1023
f 1024/1024/1024 1027/1027/1027 1025/1025/1025
f 1024/1024/1024 1025/1025/1025 1022/1022/1022
f 1028/1028/1028 1029/1029/1029 1027/1027/1027
f 1028/1028/1028 1027/1027/1027 1024/1024/1024
f 1017/1017/1017 1028/1028/1028 1024/1024/1024
f 1017/1017/1017 1024/1024/1024 1018/1018/1018
f 1014/1014/1014 1030/1030/1030 1028/1028/1028
f 1014/1014/1014 1028/1028/1028 1017/1017/1017
f 1030/1030/1030 1031/1031/1031 1029/1029/1029
f 1030/1030/1030 1029/1029/1029 1028/1028/1028
f 1032/1032/1032 1033/1033/1033 1031/1031/1031
f 1032/1032/1032 1031/1031/1031 1030/1030/1030
f 1013/1013/1013 1032/1032/1032 1030/1030/1030
f 1013/1013/1013 1030/1030/1030 1014/1014/1014
f 1010/1010/1010 1034/1034/1034 1032/1032/1032
f 1010/1010/1010 1032/1032/1032 1013/1013/1013
f 1034/1034/1034 1035/1035/1035 1033/1033/1033
f 1034/1034/1034 1033/1033/1033 1032/1032/1032
f 1008/1008/1008 1036/1036/1036 1034/1034/1034
f 1008/1008/1008 1034/1034/1034 1010/1010/1010
f 1036/1036/1036 1037/1037/1037 1035/1035/1035
f 1036/1036/1036 1035/1035/1035 1034/1034/1034
f 1006/1006/1006 1038/1038/1038 1036/1036/1036
f 1006/1006/1006 1036/1036/1036 1008/1008/1008
f 1038/1038/1038 1039/1039/1039 1037/1037/1037
f 1038/1038/1038 1037/1037/1037 1036/1036/1036
f 1004/1004/1004 1040/1040/1040 1038/1038/1038
f 1004/1004/1004 1038/1038/1038 1006/1006/1006
f 1040/1040/1040 1041/1041/1041 1039/1039/1039
f 1040/1040/1040 1039/1039/1039 1038/1038/1038
f 1002/1002/1002 1042/1042/1042 1040/1040/1040
f 1002/1002/1002 1040/1040/1040 1004/1004/1004
f 1042/1042/1042 1043/1043/1043 1041/1041/1041
f 1042/1042/1042 1041/1041/1041 1040/1040/1040
f 1000/1000/1000 1044/1044/1044 1042/1042/1042
f 1000/1000/1000 1042/1042/1042 1002/1002/1002
f 1044/1044/1044 1045/1045/1045 1043/1043/1043
f 1044/1044/1044 1043/1043/1043 1042/1042/1042
f 998/998/998 1046/1046/1046 1044/1044/1044
f 998/998/998 1044/1044/1044 1000/1000/1000
f 1046/1046/1046 1047/1047/1047 1045/1045/1045
f 1046/1046/1046 1045/1045/1045 1044/1044/1044
f 1048/1048/1048 1049/1049/1049 1047/1047/1047
f 1048/1048/1048 1047/1047/1047 1046/1046/1046
f 996/996/996 1048/1048/1048 1046/1046/1046
f 996/996/996 1046/1046/1046 998/998/998
f 994/994/994 1050/1050/1050 1048/1048/1048
f 994/994/994 1048/1048/1048 996/996/996
f 1050/1050/1050 1051/1051/1051 1049/1049/1049
f 1050/1050/1050 1049/1049/1049 1048/1048/1048
f 992/992/992 1052/1052/1052 1050/1050/1050
f 992/992/992 1050/1050/1050 994/994/994
f 1052/1052/1052 1053/1053/1053 1051/1051/1051
f 1052/1052/1052 1051/1051/1051 1050/1050/1050
f 990/990/990 1054/1054/1054 1052/1052/1052
f 990/990/990 1052/1052/1052 992/992/992
f 1054/1054/1054 1055/1055/1055 1053/1053/1053
f 1054/1054/1054 1053/1053/1053 1052/1052/1052
f 988/988/988 1056/1056/1056 1054/1054/1054
f 988/988/988 1054/1054/1054 990/990/990
f 1056/1056/1056 1057/1057/1057 1055/1055/1055
f 1056/1056/1056 1055/1055/1055 1054/1054/1054
f 986/986/986 1058/1058/1058 1056/1056/1056
f 986/986/986 1056/1056/1056 988/988/988
f 1058/1058/1058 1059/1059/1059 1057/1057/1057
f 1058/1058/1058 1057/1057/1057 1056/1056/1056
f 984/984/984 1060/1060/1060 1058/1058/1058
f 984/984/984 1058/1058/1058 986/986/986
f 1060/1060/1060 1061/1061/1061 1059/1059/1059
f 1060/1060/1060 1059/1059/1059 1058/1058/1058
f 982/982/982 1062/1062/1062 1060/1060/1060
f 982/982/982 1060/1060/1060 984/984/984
f 1062/1062/1062 1063/1063/1063 1061/1061/1061
f 1062/1062/1062 1061/1061/1061 1060/1060/1060
f 1064/1064/1064 1065/1065/1065 1063/1063/1063
f 1064/1064/1064 1063/1063/1063 1062/1062/1062
f 980/980/980 1064/1064/1064 1062/1062/1062
f 980/980/980 1062/1062/1062 982/982/982
f 978/978/978 1066/1066/1066 1064/1064/1064
f 978/978/978 1064/1064/1064 980/980/980
f 1066/1066/1066 1067/1067/1067 1065/1065/1065
f 1066/1066/1066 1065/1065/1065 1064/1064/1064
f 976/976/976 1068/1068/1068 1066/1066/1066
f 976/976/976 1066/1066/1066 978/978/978
f 1068/1068/1068 1069/1069/1069 1067/1067/1067
f 1068/1068/1068 1067/1067/1067 1066/1066/1066
f 974/974/974 1070/1070/1070 1068/1068/1068
f 974/974/974 1068/1068/1068 976/976/976
f 1070/1070/1070 1071/1071/1071 1069/1069/1069
f 1070/1070/1070 1069/1069/1069 1068/1068/1068
f 973/973/973 1072/1072/1072 1070/1070/1070
f 973/973/973 1070/1070/1070 974/974/974
f 1072/1072/1072 1073/1073/1073 1071/1071/1071
f 1072/1072/1072 1071/1071/1071 1070/1070/1070
f 970/970/970 1074/1074/1074 1072/1072/1072
f 970/970/970 1072/1072/1072 973/973/973
f 1074/1074/1074 1075/1075/1075 1073/1073/1073
f 1074/1074/1074 1073/1073/1073 1072/1072/1072
f 1076/1076/1076 1077/1077/1077 1075/1075/1075
f 1076/1076/1076 1075/1075/1075 1074/1074/1074
f 968/968/968 1076/1076/1076 1074/1074/1074
f 968/968/968 1074/1074/1074 970/970/970
f 966/966/966 1078/1078/1078 1076/1076/1076
f 966/966/966 1076/1076/1076 968/968/968
f 1078/1078/1078 1079/1079/1079 1077/1077/1077
f 1078/1078/1078 1077/1077/1077 1076/1076/1076
f 964/964/964 1080/1080/1080 1078/1078/1078
f 964/964/964 1078/1078/1078 966/966/966
f 1080/1080/1080 1081/1081/1081 1079/1079/1079
f 1080/1080/1080 1079/1079/1079 1078/1078/1078
f 962/962/962 1082/1082/1082 1080/1080/1080
f 962/962/962 1080/1080/1080 964/964/964
f 1082/1082/1082 1083/1083/1083 1081/1081/1081
f 1082/1082/1082 1081/1081/1081 1080/1080/1080
f 960/960/960 1084/1084/1084 1082/1082/1082
f 960/960/960 1082/1082/1082 962/962/962
f 1084/1084/1084 1085/1085/1085 1083/1083/1083
f 1084/1084/1084 1083/1083/1083 1082/1082/1082
f 958/958/958 1086/1086/1086 1084/1084/1084
f 958/958/958 1084/1084/1084 960/960/960
f 1086/1086/1086 1087/1087/1087 1085/1085/1085
f 1086/1086/1086 1085/1085/1085 1084/1084/1084
f 1088/1088/1088 1089/1089/1089 1087/1087/1087
f 1088/1088/1088 1087/1087/1087 1086/1086/1086
f 956/956/956 1088/1088/1088 1086/1086/1086
f 956/956/956 1086/1086/1086 958/958/958
f 955/955/955 1090/1090/1090 1088/1088/1088
f 955/955/955 1088/1088/1088 956/956/956
f 1090/1090/1090 1091/1091/1091 1089/1089/1089
f 1090/1090/1090 1089/1089/1089 1088/1088/1088
f 953/953/953 1092/1092/1092 1090/1090/1090
f 953/953/953 1090/1090/1090 955/955/955
f 1092/1092/1092 1093/1093/1093 1091/1091/1091
f 1092/1092/1092 1091/1091/1091 1090/1090/1090
f 954/954/954 1023/1023/1023 1092/1092/1092
f 954/954/954 1092/1092/1092 953/953/953
f 1023/1023/1023 1026/1026/1026 1093/1093/1093
f 1023/1023/1023 1093/1093/1093 1092/1092/1092
f 1091/1091/1091 1093/1093/1093 1094/1094/1094
f 1091/1091/1091 1094/1094/1094 1089/1089/1089
f 1026/1026/1026 1025/1025/1025 1094/1094/1094
f 1026/1026/1026 1094/1094/1094 1093/1093/1093
f 1079/1079/1079 1081/1081/1081 1094/1094/1094
f 1079/1079/1079 1094/1094/1094 1077/1077/1077
f 1083/1083/1083 1085/1085/1085 1094/1094/1094
f 1083/1083/1083 1094/1094/1094 1081/1081/1081
f 1075/1075/1075 1077/1077/1077 1094/1094/1094
f 1075/1075/1075 1094/1094/1094 1073/1073/1073
f 1071/1071/1071 1073/1073/1073 1094/1094/1094
f 1071/1071/1071 1094/1094/1094 1069/1069/1069
f 1067/1067/1067 1069/1069/1069 1094/1094/1094
f 1067/1067/1067 1094/1094/1094 1065/1065/1065
f 1063/1063/1063 1065/1065/1065 1094/1094/1094
f 1063/1063/1063 1094/1094/1094 1061/1061/1061
f 1059/1059/1059 1061/1061/1061 1094/1094/1094
f 1059/1059/1059 1094/1094/1094 1057/1057/1057
f 1055/1055/1055 1057/1057/1057 1094/1094/1094
f 1055/1055/1055 1094/1094/1094 1053/1053/1053
f 1051/1051/1051 1053/1053/1053 1094/1094/1094
f 1051/1051/1051 1094/1094/1094 1049/1049/1049
f 1047/1047/1047 1049/1049/1049 1094/1094/1094
f 1047/1047/1047 1094/1094/1094 1045/1045/1045
f 1043/1043/1043 1045/1045/1045 1094/1094/1094
f 1043/1043/1043 1094/1094/1094 1041/1041/1041
f 1039/1039/1039 1041/1041/1041 1094/1094/1094
f 1039/1039/1039 1094/1094/1094 1037/1037/1037
f 1035/1035/1035 1037/1037/1037 1094/1094/1094
f 1035/1035/1035 1094/1094/1094 1033/1033/1033
f 1031/1031/1031 1033/1033/1033 1094/1094/1094
f 1031/1031/1031 1094/1094/1094 1029/1029/1029
f 1027/1027/1027 1029/1029/1029 1094/1094/1094
f 1027/1027/1027 1094/1094/1094 1025/1025/1025
f 1087/1087/1087 1089/1089/1089 1094/1094/1094
f 1087/1087/1087 1094/1094/1094 1085/1085/1085
f 66/66/66 69/69/69 163/163/163
f 66/66/66 163/163/163 8/8/8
f 8/8/8 163/163/163 156/156/156
f 8/8/8 156/156/156 2/2/2
f 14/14/14 66/66/66 8/8/8
f 14/14/14 8/8/8 7/7/7
f 152/152/152 1095/1095/1095 5/5/5
f 152/152/152 5/5/5 4/4/4
f 149/149/149 1096/1096/1096 1095/1095/1095
f 149/149/149 1095/1095/1095 152/152/152
f 1096/1096/1096 42/42/42 43/43/43
f 1096/1096/1096 43/43/43 1095/1095/1095
f 1095/1095/1095 43/43/43 12/12/12
f 1095/1095/1095 12/12/12 5/5/5
f 146/146/146 1097/1097/1097 1096/1096/1096
f 146/146/146 1096/1096/1096 149/149/149
f 1097/1097/1097 41/41/41 42/42/42
f 1097/1097/1097 42/42/42 1096/1096/1096
f 1098/1098/1098 40/40/40 41/41/41
f 1098/1098/1098 41/41/41 1097/1097/1097
f 143/143/143 1098/1098/1098 1097/1097/1097
f 143/143/143 1097/1097/1097 146/146/146
f 140/140/140 1099/1099/1099 1098/1098/1098
f 140/140/140 1098/1098/1098 143/143/143
f 1099/1099/1099 39/39/39 40/40/40
f 1099/1099/1099 40/40/40 1098/1098/1098
f 137/137/137 1100/1100/1100 1099/1099/1099
f 137/137/137 1099/1099/1099 140/140/140
f 1100/1100/1100 38/38/38 39/39/39
f 1100/1100/1100 39/39/39 1099/1099/1099
f 134/134/134 1101/1101/1101 1100/1100/1100
f 134/134/134 1100/1100/1100 137/137/137
f 1101/1101/1101 37/37/37 38/38/38
f 1101/1101/1101 38/38/38 1100/1100/1100
f 1102/1102/1102 36/36/36 37/37/37
f 1102/1102/1102 37/37/37 1101/1101/1101
f 131/131/131 1102/1102/1102 1101/1101/1101
f 131/131/131 1101/1101/1101 134/134/134
f 128/128/128 1103/1103/1103 1102/1102/1102
f 128/128/128 1102/1102/1102 131/131/131
f 1103/1103/1103 35/35/35 36/36/36
f 1103/1103/1103 36/36/36 1102/1102/1102
f 127/127/127 1104/1104/1104 1103/1103/1103
f 127/127/127 1103/1103/1103 128/128/128
f 1104/1104/1104 34/34/34 35/35/35
f 1104/1104/1104 35/35/35 1103/1103/1103
f 122/122/122 1105/1105/1105 1104/1104/1104
f 122/122/122 1104/1104/1104 127/127/127
f 1105/1105/1105 33/33/33 34/34/34
f 1105/1105/1105 34/34/34 1104/1104/1104
f 119/119/119 1106/1106/1106 1105/1105/1105
f 119/119/119 1105/1105/1105 122/122/122
f 1106/1106/1106 32/32/32 33/33/33
f 1106/1106/1106 33/33/33 1105/1105/1105
f 116/116/116 1107/1107/1107 1106/1106/1106
f 116/116/116 1106/1106/1106 119/119/119
f 1107/1107/1107 31/31/31 32/32/32
f 1107/1107/1107 32/32/32 1106/1106/1106
f 1108/1108/1108 30/30/30 31/31/31
f 1108/1108/1108 31/31/31 1107/1107/1107
f 113/113/113 1108/1108/1108 1107/1107/1107
f 113/113/113 1107/1107/1107 116/116/116
f 110/110/110 1109/1109/1109 1108/1108/1108
f 110/110/110 1108/1108/1108 113/113/113
f 1109/1109/1109 29/29/29 30/30/30
f 1109/1109/1109 30/30/30 1108/1108/1108
f 107/107/107 1110/1110/1110 1109/1109/1109
f 107/107/107 1109/1109/1109 110/110/110
f 1110/1110/1110 28/28/28 29/29/29
f 1110/1110/1110 29/29/29 1109/1109/1109
f 104/104/104 1111/1111/1111 1110/1110/1110
f 104/104/104 1110/1110/1110 107/107/107
f 1111/1111/1111 27/27/27 28/28/28
f 1111/1111/1111 28/28/28 1110/1110/1110
f 103/103/103 1112/1112/1112 1111/1111/1111
f 103/103/103 1111/1111/1111 104/104/104
f 1112/1112/1112 26/26/26 27/27/27
f 1112/1112/1112 27/27/27 1111/1111/1111
f 98/98/98 1113/1113/1113 1112/1112/1112
f 98/98/98 1112/1112/1112 103/103/103
f 1113/1113/1113 25/25/25 26/26/26
f 1113/1113/1113 26/26/26 1112/1112/1112
f 1114/1114/1114 24/24/24 25/25/25
f 1114/1114/1114 25/25/25 1113/1113/1113
f 95/95/95 1114/1114/1114 1113/1113/1113
f 95/95/95 1113/1113/1113 98/98/98
f 92/92/92 1115/1115/1115 1114/1114/1114
f 92/92/92 1114/1114/1114 95/95/95
f 1115/1115/1115 23/23/23 24/24/24
f 1115/1115/1115 24/24/24 1114/1114/1114
f 1116/1116/1116 20/20/20 23/23/23
f 1116/1116/1116 23/23/23 1115/1115/1115
f 91/91/91 1116/1116/1116 1115/1115/1115
f 91/91/91 1115/1115/1115 92/92/92
f 86/86/86 1117/1117/1117 1116/1116/1116
f 86/86/86 1116/1116/1116 91/91/91
f 1117/1117/1117 18/18/18 20/20/20
f 1117/1117/1117 20/20/20 1116/1116/1116
f 83/83/83 1118/1118/1118 1117/1117/1117
f 83/83/83 1117/1117/1117 86/86/86
f 1118/1118/1118 19/19/19 18/18/18
f 1118/1118/1118 18/18/18 1117/1117/1117
f 53/53/53 51/51/51 1118/1118/1118
f 53/53/53 1118/1118/1118 83/83/83
f 51/51/51 21/21/21 19/19/19
f 51/51/51 19/19/19 1118/1118/1118
