v 0.0592691 0.254692 0.787569
v 0.0566972 0.255401 0.792214
v 0.0604883 0.256794 0.797565
v 0.0631986 0.255884 0.793054
v 0.0563586 0.251454 0.792034
v 0.0600313 0.25283 0.797192
v 0.0644792 0.249784 0.803023
v 0.0651159 0.253606 0.803681
v 0.0679912 0.252403 0.799205
v 0.0737256 0.242549 0.787776
v 0.0688009 0.246567 0.782018
v 0.0806362 0.227269 0.773117
v 0.0755971 0.231951 0.767666
v 0.071383 0.232228 0.761806
v 0.0647127 0.245954 0.77648
v 0.0709851 0.243785 0.810395
v 0.0740697 0.24217 0.80584
v 0.0700826 0.240335 0.809411
v 0.0755038 0.229229 0.814383
v 0.0766687 0.232254 0.815652
v 0.0799524 0.230253 0.811063
v 0.0858975 0.219681 0.798179
v 0.0799154 0.231877 0.793595
v 0.0931228 0.204155 0.781527
v 0.0869654 0.216335 0.777884
v 0.0575177 0.244373 0.788908
v 0.0611271 0.244725 0.793475
v 0.0606113 0.226597 0.782606
v 0.0650673 0.216368 0.782982
v 0.0672118 0.224529 0.791403
v 0.0652057 0.242656 0.79926
v 0.0704456 0.233115 0.804762
v 0.0719209 0.208005 0.7912
v 0.0754669 0.209638 0.799752
v 0.0754208 0.223599 0.809723
v 0.0790535 0.215541 0.81099
v 0.0793919 0.221424 0.816239
v 0.078222 0.19533 0.795776
v 0.0807474 0.19872 0.801456
v 0.0815866 0.211074 0.811405
v 0.0820596 0.216004 0.81623
v 0.0837256 0.205207 0.810666
v 0.0843889 0.210424 0.815991
v 0.0819836 0.186929 0.7957
v 0.0856497 0.186596 0.800947
v 0.0871015 0.197307 0.810871
v 0.0878737 0.201499 0.815747
v 0.0871241 0.216241 0.813649
v 0.0835163 0.218547 0.81779
v 0.0859715 0.212779 0.817633
v 0.0898496 0.210456 0.813794
v 0.0895949 0.203565 0.817417
v 0.0937149 0.201293 0.81381
v 0.0807285 0.224159 0.817689
v 0.0841597 0.221939 0.81326
v 0.101006 0.191613 0.802771
v 0.0967189 0.20017 0.802185
v 0.110058 0.177727 0.787942
v 0.105295 0.18542 0.786753
v 0.101381 0.190533 0.785315
v 0.0934776 0.20569 0.801405
v 0.0902276 0.211291 0.80046
v 0.0976939 0.195899 0.783791
v 0.119407 0.163326 0.773478
v 0.114283 0.170205 0.771974
v 0.129579 0.147795 0.75978
v 0.124329 0.153734 0.758206
v 0.119242 0.157959 0.756347
v 0.109689 0.174911 0.770185
v 0.105394 0.179949 0.768324
v 0.114239 0.162477 0.754407
v 0.108189 0.169883 0.752456
v 0.100294 0.187836 0.766183
v 0.14137 0.130278 0.745968
v 0.136244 0.135056 0.74451
v 0.154671 0.11329 0.729784
v 0.149562 0.117362 0.728858
v 0.144023 0.120886 0.727973
v 0.130954 0.138718 0.742836
v 0.125209 0.14253 0.741132
v 0.137474 0.124344 0.727286
v 0.128102 0.131131 0.726964
v 0.117704 0.149508 0.739545
v 0.168606 0.0997634 0.710026
v 0.16312 0.104124 0.710229
v 0.180137 0.0909261 0.691082
v 0.174246 0.0957818 0.692719
v 0.167474 0.100662 0.695407
v 0.156993 0.108295 0.710983
v 0.149549 0.112183 0.712392
v 0.159124 0.105239 0.699213
v 0.14576 0.112389 0.704463
v 0.138088 0.119116 0.714719
v 0.186831 0.0872195 0.67718
v 0.18085 0.0918617 0.680238
v 0.190858 0.0876313 0.666319
v 0.184699 0.0912568 0.670842
v 0.176992 0.0952237 0.676784
v 0.173659 0.0967017 0.68459
v 0.164478 0.101582 0.690293
v 0.167069 0.0998553 0.68406
v 0.151553 0.106765 0.692796
v 0.149764 0.108731 0.69759
v 0.194739 0.0907891 0.655717
v 0.188047 0.0928801 0.661702
v 0.19782 0.0953346 0.645695
v 0.191259 0.0963559 0.652292
v 0.1831 0.0977437 0.660276
v 0.179603 0.0953984 0.669235
v 0.169229 0.0992342 0.677902
v 0.173724 0.100509 0.668987
v 0.159216 0.10514 0.679605
v 0.153426 0.10555 0.687997
v 0.130429 0.114282 0.698538
v 0.129144 0.116114 0.701872
v 0.132105 0.113008 0.695147
v 0.11219 0.117014 0.699914
v 0.110761 0.118673 0.702404
v 0.109563 0.120976 0.70497
v 0.128019 0.118898 0.705482
v 0.125776 0.123431 0.71034
v 0.108683 0.124533 0.707797
v 0.107619 0.130261 0.711178
v 0.10028 0.119455 0.699582
v 0.0990355 0.126081 0.702441
v 0.101488 0.115803 0.697061
v 0.0984065 0.107671 0.683465
v 0.0967416 0.111264 0.685942
v 0.0949196 0.118745 0.688932
v 0.102934 0.11339 0.694628
v 0.104541 0.111536 0.692139
v 0.10186 0.103115 0.678269
v 0.100113 0.105188 0.680956
v 0.0941379 0.101297 0.668316
v 0.092359 0.104106 0.67079
v 0.0958988 0.0989001 0.665592
v 0.0882952 0.0962469 0.655162
v 0.0865198 0.0987951 0.657938
v 0.0847925 0.101828 0.660443
v 0.090559 0.108052 0.673264
v 0.0887928 0.116612 0.676615
v 0.0830723 0.106104 0.663016
v 0.0815368 0.115423 0.666744
v 0.0802889 0.0934737 0.649602
v 0.0786013 0.0962853 0.652402
v 0.0822297 0.0911867 0.646528
v 0.0771744 0.084246 0.639455
v 0.0748729 0.0861219 0.642982
v 0.073064 0.0886557 0.646142
v 0.0769491 0.100406 0.655243
v 0.0752045 0.109665 0.659225
v 0.0713206 0.0925596 0.649213
v 0.0691723 0.101415 0.653266
v 0.069401 0.0784482 0.637808
v 0.0672279 0.0810212 0.641182
v 0.0722267 0.0768634 0.633804
v 0.0686935 0.0696314 0.629608
v 0.0654126 0.0708394 0.634155
v 0.0628315 0.0733598 0.637729
v 0.0651607 0.0850729 0.644272
v 0.0627556 0.0937133 0.648219
v 0.0603511 0.0774737 0.640847
v 0.057701 0.0858558 0.644701
v 0.0587997 0.0689559 0.639289
v 0.0557135 0.0767215 0.643237
v 0.0616437 0.0653324 0.635898
v 0.0628643 0.0574378 0.634733
v 0.0596115 0.0603607 0.638555
v 0.0559008 0.0672715 0.642715
v 0.064487 0.0633725 0.631975
v 0.0679575 0.0628359 0.626772
v 0.0694944 0.0563819 0.624534
v 0.0659527 0.0562075 0.630375
v 0.0688033 0.0494634 0.628604
v 0.0653673 0.0501935 0.633367
v 0.0724505 0.0501178 0.62227
v 0.0765605 0.0440456 0.6206
v 0.0729416 0.0430134 0.627312
v 0.0692913 0.043354 0.632345
v 0.0615953 0.0526156 0.637609
v 0.0571674 0.0586125 0.641978
v 0.0651786 0.0453471 0.636827
v 0.0602013 0.0503503 0.641334
v 0.0783737 0.0366893 0.627293
v 0.0748933 0.0365598 0.632394
v 0.0816519 0.0381509 0.620301
v 0.087335 0.0321999 0.62153
v 0.084609 0.030405 0.628509
v 0.0816375 0.0297574 0.633556
v 0.0709077 0.0379733 0.636854
v 0.0657799 0.0418645 0.641428
v 0.0781849 0.0303803 0.637987
v 0.073255 0.0331301 0.642781
v 0.0909004 0.024224 0.630991
v 0.0886222 0.0231121 0.635912
v 0.0930303 0.0260926 0.624508
v 0.0976181 0.0204821 0.630323
v 0.095972 0.0187268 0.635853
v 0.0942743 0.0173561 0.640399
v 0.0859195 0.0228007 0.640505
v 0.0814105 0.0245132 0.645786
v 0.0921927 0.0163867 0.644967
v 0.0881849 0.0173484 0.650452
v 0.0988929 0.0144119 0.643808
v 0.0974416 0.0131027 0.647582
v 0.100263 0.0159714 0.639555
v 0.101806 0.0122077 0.64989
v 0.100643 0.0109315 0.652859
v 0.0993264 0.00992121 0.655693
v 0.0955989 0.0121077 0.651572
v 0.0920671 0.012731 0.656483
v 0.0976132 0.00928459 0.658808
v 0.0945918 0.00983341 0.662743
v 0.102803 0.00792553 0.660775
v 0.101762 0.00729858 0.662785
v 0.103679 0.00884189 0.658797
v 0.107989 0.00649342 0.665777
v 0.107447 0.0058282 0.667097
v 0.106751 0.00543656 0.668512
v 0.100366 0.00703936 0.66509
v 0.0979329 0.00757303 0.668167
v 0.105728 0.00534894 0.670241
v 0.103775 0.00577226 0.672782
v 0.115978 0.00506103 0.671923
v 0.115573 0.00458775 0.673013
v 0.116213 0.00574038 0.670966
v 0.126617 0.00602579 0.674996
v 0.126616 0.00519897 0.675804
v 0.126439 0.00449361 0.676749
v 0.114799 0.00435018 0.674468
v 0.113068 0.00448524 0.676871
v 0.125867 0.003965 0.678099
v 0.124314 0.00378844 0.680636
v 0.137256 0.00440704 0.68171
v 0.136015 0.00403871 0.684465
v 0.137594 0.00515933 0.680441
v 0.150483 0.00815612 0.685533
v 0.150267 0.00727169 0.686763
v 0.149128 0.00669205 0.689588
v 0.137603 0.00603961 0.679557
v 0.137475 0.00698261 0.678757
v 0.150312 0.0101385 0.683675
v 0.15044 0.00911755 0.684615
v 0.166322 0.015566 0.690988
v 0.166238 0.0145861 0.692159
v 0.166402 0.0167047 0.689704
v 0.183397 0.0251441 0.68911
v 0.181789 0.0230874 0.692295
v 0.181539 0.0221093 0.694504
v 0.165909 0.0136413 0.693563
v 0.164368 0.0126943 0.696307
v 0.181036 0.0211643 0.696915
v 0.179037 0.0198514 0.700374
v 0.192894 0.0289457 0.683246
v 0.192953 0.0281463 0.687712
v 0.193252 0.0302572 0.676957
v 0.199821 0.0341699 0.662912
v 0.20056 0.0332574 0.670069
v 0.20106 0.0326045 0.676704
v 0.192415 0.0272559 0.692372
v 0.190359 0.0257743 0.698102
v 0.200604 0.0318316 0.683982
v 0.198653 0.0304342 0.692596
v 0.206277 0.0366954 0.659405
v 0.207153 0.0360696 0.667552
v 0.204899 0.037579 0.651839
v 0.208567 0.0411892 0.644007
v 0.210282 0.0400894 0.651923
v 0.211378 0.0393551 0.661125
v 0.206815 0.0354701 0.676871
v 0.204796 0.0343931 0.687888
v 0.211079 0.0389008 0.671973
v 0.2088 0.0382172 0.684913
v 0.212662 0.0441924 0.646946
v 0.213751 0.0432088 0.657023
v 0.210846 0.045675 0.638645
v 0.212313 0.0511838 0.635368
v 0.214052 0.0492308 0.64412
v 0.214917 0.0478874 0.654953
v 0.213311 0.0427869 0.669143
v 0.210623 0.0424049 0.68373
v 0.214133 0.0473762 0.668091
v 0.210879 0.0471817 0.683988
v 0.215087 0.0551599 0.643076
v 0.215569 0.0533793 0.654556
v 0.213536 0.0576057 0.6338
v 0.214507 0.0643286 0.633217
v 0.215868 0.0613769 0.643075
v 0.215967 0.0590906 0.655099
v 0.214275 0.0526658 0.668401
v 0.210306 0.05257 0.685167
v 0.214183 0.058065 0.669281
v 0.20947 0.0580537 0.68646
v 0.213959 0.0629462 0.670056
v 0.208628 0.0631079 0.687242
v 0.216032 0.0643546 0.655911
v 0.214785 0.0687959 0.656944
v 0.212598 0.0671191 0.670887
v 0.206966 0.067713 0.687893
v 0.216209 0.0672073 0.643448
v 0.214994 0.0706862 0.632991
v 0.214452 0.0762977 0.633216
v 0.21532 0.0722479 0.644182
v 0.212644 0.0762977 0.645333
v 0.211481 0.0722648 0.658222
v 0.212524 0.0809588 0.634059
v 0.209912 0.084886 0.635238
v 0.209131 0.079694 0.646587
v 0.207214 0.0752229 0.659426
v 0.209253 0.0705875 0.672002
v 0.203719 0.0719715 0.688845
v 0.204829 0.0736925 0.673058
v 0.199395 0.0759701 0.689736
v 0.20042 0.0767922 0.673729
v 0.194715 0.079776 0.690149
v 0.203224 0.0781777 0.660326
v 0.199483 0.0812101 0.661403
v 0.196136 0.0799762 0.674331
v 0.189973 0.0833924 0.690256
v 0.205837 0.0828256 0.647713
v 0.207383 0.0883345 0.63652
v 0.204906 0.0912935 0.638303
v 0.202727 0.0857508 0.649193
v 0.199355 0.0884333 0.651669
v 0.195584 0.0843226 0.663264
v 0.20208 0.0936736 0.641155
v 0.191768 0.0833332 0.675333
v 0.185241 0.0869217 0.690405
v 0.174377 0.0900222 0.732021
v 0.188589 0.0820793 0.710927
v 0.183681 0.0873075 0.71105
v 0.169617 0.097148 0.731991
v 0.178602 0.0919287 0.710712
v 0.16457 0.103523 0.731383
v 0.173655 0.0958701 0.710271
v 0.15961 0.108798 0.730626
v 0.147352 0.104706 0.760756
v 0.159729 0.0977091 0.748307
v 0.155697 0.106915 0.748453
v 0.143869 0.11607 0.761509
v 0.151159 0.115817 0.747889
v 0.139642 0.127795 0.761466
v 0.146354 0.123776 0.747067
v 0.134784 0.138837 0.760876
v 0.132609 0.117534 0.782066
v 0.138967 0.111117 0.771555
v 0.135123 0.124647 0.773377
v 0.127844 0.133128 0.785258
v 0.130386 0.138996 0.774412
v 0.122142 0.14982 0.787686
v 0.124957 0.15252 0.774388
v 0.115921 0.165415 0.78846
v 0.106904 0.167559 0.810955
v 0.11386 0.160228 0.801063
v 0.107008 0.177766 0.802709
v 0.0997108 0.186374 0.813262
v 0.120297 0.129264 0.800356
v 0.126126 0.124175 0.792633
v 0.12044 0.141544 0.797257
v 0.114013 0.147686 0.806107
v 0.138886 0.093519 0.776162
v 0.144098 0.0892648 0.766874
v 0.141879 0.0995389 0.769304
v 0.136231 0.104623 0.779056
v 0.152365 0.0848321 0.756895
v 0.150089 0.0944017 0.759057
v 0.129092 0.10108 0.790949
v 0.133841 0.0977184 0.784857
v 0.130547 0.109884 0.788593
v 0.12529 0.114042 0.795424
v 0.142369 0.0729815 0.769515
v 0.147351 0.0697814 0.761489
v 0.145891 0.0793909 0.76438
v 0.140846 0.0830089 0.773071
v 0.156265 0.0663813 0.752171
v 0.154447 0.075518 0.754711
v 0.134151 0.0781765 0.780959
v 0.138152 0.0758135 0.776309
v 0.13628 0.0863684 0.780828
v 0.131952 0.0890989 0.786189
v 0.136437 0.0601012 0.769198
v 0.139852 0.0574464 0.76585
v 0.139561 0.0662488 0.771261
v 0.135817 0.0685948 0.775247
v 0.143487 0.0545137 0.760837
v 0.143504 0.0635367 0.765342
v 0.148292 0.0514236 0.754348
v 0.148381 0.0604727 0.757961
v 0.157902 0.0487988 0.745916
v 0.157589 0.0574527 0.748996
v 0.14012 0.0378325 0.751371
v 0.145052 0.0349472 0.7476
v 0.146704 0.042709 0.751117
v 0.141848 0.0458121 0.756263
v 0.155656 0.0333589 0.741063
v 0.156928 0.0405878 0.743549
v 0.134521 0.0444913 0.756458
v 0.13715 0.0411706 0.754339
v 0.138611 0.0491197 0.760236
v 0.135671 0.0522669 0.762946
v 0.139933 0.0256993 0.740128
v 0.144892 0.0239428 0.737797
v 0.144698 0.0287227 0.743081
v 0.139761 0.0310453 0.745909
v 0.154322 0.0230195 0.733139
v 0.155002 0.0275744 0.737537
v 0.133374 0.0296256 0.743234
v 0.136528 0.0275298 0.741882
v 0.136708 0.0337141 0.748113
v 0.133943 0.0365165 0.749751
v 0.136186 0.0184363 0.728133
v 0.141387 0.0168994 0.726035
v 0.1443 0.0202491 0.732121
v 0.139218 0.0217795 0.734281
v 0.148423 0.0156921 0.722716
v 0.152544 0.0192636 0.728211
v 0.127948 0.0214417 0.731091
v 0.13183 0.0197472 0.729735
v 0.135339 0.0231866 0.735896
v 0.131806 0.024946 0.737202
v 0.157779 0.0154999 0.717648
v 0.164929 0.0195723 0.721619
v 0.167268 0.0163625 0.711558
v 0.177407 0.0211066 0.713485
v 0.185027 0.0255751 0.713972
v 0.16969 0.0236657 0.724721
v 0.172414 0.0282652 0.727505
v 0.18985 0.0301924 0.714523
v 0.192293 0.035164 0.715701
v 0.173848 0.0336727 0.730031
v 0.174514 0.018044 0.705473
v 0.185793 0.0234702 0.705328
v 0.194302 0.0281206 0.702853
v 0.200162 0.0324759 0.700799
v 0.203524 0.0368717 0.700009
v 0.204639 0.0415868 0.700695
v 0.192911 0.0406265 0.717727
v 0.204133 0.0468182 0.702445
v 0.192112 0.0466586 0.720406
v 0.174625 0.0400556 0.732339
v 0.17454 0.0472275 0.734871
v 0.173321 0.0549389 0.737945
v 0.190279 0.0532803 0.723386
v 0.187816 0.0603349 0.726104
v 0.17126 0.0630428 0.740963
v 0.202682 0.0526423 0.704672
v 0.200821 0.0587358 0.706696
v 0.16875 0.0714253 0.743317
v 0.185055 0.0676406 0.72812
v 0.181978 0.0750941 0.729703
v 0.165998 0.0800036 0.745265
v 0.19886 0.0647537 0.70803
v 0.196378 0.0706628 0.709042
v 0.192917 0.0764764 0.710127
v 0.178474 0.0826008 0.731133
v 0.16308 0.0887352 0.747089
v 0.13067 0.00908041 0.709753
v 0.136657 0.0078617 0.706066
v 0.148156 0.0112383 0.712343
v 0.141007 0.011972 0.716552
v 0.142183 0.00705057 0.701018
v 0.155178 0.0112285 0.707024
v 0.146435 0.0066328 0.694894
v 0.160759 0.0118046 0.70119
v 0.116829 0.00521241 0.689465
v 0.121262 0.0041567 0.68484
v 0.133345 0.00429195 0.689429
v 0.129282 0.00514032 0.695004
v 0.105147 0.00897775 0.695825
v 0.11132 0.00696958 0.693152
v 0.124075 0.00646844 0.69942
v 0.118254 0.00806932 0.702548
v 0.0924129 0.0122724 0.699398
v 0.0987313 0.0107693 0.697766
v 0.112336 0.00971548 0.7047
v 0.106507 0.0111892 0.706331
v 0.124981 0.010662 0.712262
v 0.119597 0.0122279 0.714037
v 0.134906 0.0134034 0.719432
v 0.129674 0.0149843 0.721392
v 0.0813083 0.0152853 0.702587
v 0.0865068 0.0136096 0.701059
v 0.100909 0.0124425 0.70783
v 0.0958499 0.0140966 0.709196
v 0.114436 0.0135332 0.715515
v 0.109799 0.0152008 0.716849
v 0.124911 0.0162986 0.722934
v 0.120675 0.0179796 0.724289
v 0.0675426 0.0226363 0.691645
v 0.0742774 0.0201981 0.689312
v 0.0858791 0.0139868 0.692515
v 0.0792923 0.0158312 0.694382
v 0.0815047 0.0171012 0.68685
v 0.0926923 0.0117671 0.690489
v 0.0574442 0.0266898 0.696419
v 0.0617421 0.0248241 0.694092
v 0.0733604 0.0175382 0.696375
v 0.0685318 0.0192979 0.698246
v 0.0483072 0.0460655 0.692131
v 0.0553134 0.0418253 0.688374
v 0.0640844 0.0299294 0.688169
v 0.0571838 0.0331349 0.69116
v 0.0636824 0.0355194 0.684095
v 0.0718943 0.025414 0.68492
v 0.0390008 0.0514853 0.69886
v 0.0428069 0.049236 0.695625
v 0.0515208 0.0357476 0.694122
v 0.0475362 0.0377259 0.696926
v 0.0350069 0.0755458 0.694918
v 0.041577 0.0686991 0.689712
v 0.0478955 0.0545465 0.689092
v 0.0409683 0.060124 0.693624
v 0.0500065 0.0586629 0.683157
v 0.0565375 0.046316 0.683669
v 0.0265768 0.0842505 0.703365
v 0.0299923 0.0806641 0.699438
v 0.0356973 0.0641784 0.697633
v 0.0320882 0.0669937 0.701219
v 0.0265396 0.110316 0.695246
v 0.0317529 0.101497 0.689095
v 0.0361473 0.0848541 0.689759
v 0.0302315 0.0926206 0.695472
v 0.0384369 0.0885863 0.680776
v 0.0438038 0.0733072 0.682207
v 0.0188827 0.12337 0.705589
v 0.0220071 0.117891 0.700817
v 0.0254565 0.098841 0.700512
v 0.0221874 0.103297 0.704846
v 0.0237019 0.143143 0.695435
v 0.0280974 0.130742 0.688031
v 0.0287653 0.116921 0.68799
v 0.0240532 0.127397 0.694656
v 0.0333322 0.115218 0.678646
v 0.0346489 0.102639 0.679153
v 0.016879 0.162432 0.708076
v 0.0196574 0.154464 0.702327
v 0.0197832 0.136766 0.700796
v 0.0168433 0.143467 0.706006
v 0.0305577 0.170057 0.704526
v 0.0345878 0.154605 0.694617
v 0.0303819 0.143062 0.690558
v 0.0261958 0.157187 0.699044
v 0.0386596 0.137557 0.683272
v 0.03502 0.126603 0.680322
v 0.0240275 0.194878 0.721924
v 0.0267231 0.184687 0.714157
v 0.0222856 0.170283 0.707043
v 0.0195799 0.179409 0.713576
v 0.0407766 0.19369 0.717308
v 0.044744 0.177365 0.704161
v 0.0394894 0.166062 0.699046
v 0.0355747 0.182306 0.710628
v 0.0480149 0.160138 0.690426
v 0.0430539 0.14877 0.686472
v 0.0339432 0.221457 0.742233
v 0.0368375 0.209955 0.731103
v 0.031774 0.19814 0.722412
v 0.0290466 0.209268 0.731919
v 0.0513334 0.213065 0.732752
v 0.0561228 0.198432 0.71757
v 0.0502671 0.188247 0.710443
v 0.0459709 0.203887 0.724741
v 0.0598089 0.182029 0.702034
v 0.053596 0.171344 0.695756
v 0.0425413 0.237293 0.760692
v 0.0463621 0.227416 0.748391
v 0.0416077 0.219488 0.739772
v 0.0383271 0.230446 0.751796
v 0.0624083 0.227471 0.748807
v 0.0681071 0.213824 0.732508
v 0.0622712 0.207417 0.725046
v 0.0569784 0.221257 0.740996
v 0.0728094 0.197775 0.715723
v 0.0664891 0.191497 0.708702
v 0.0513504 0.248241 0.776474
v 0.0562615 0.240085 0.76458
v 0.0513669 0.234448 0.756888
v 0.0469602 0.243245 0.769104
v 0.0774352 0.216933 0.74672
v 0.0730815 0.216607 0.739707
v 0.0671426 0.230867 0.755645
v 0.0825112 0.198589 0.731188
v 0.0780411 0.199444 0.723188
v 0.060661 0.243773 0.770916
v 0.0554222 0.252004 0.782363
v 0.0869258 0.210479 0.759304
v 0.0817182 0.215697 0.753515
v 0.0926444 0.19201 0.746279
v 0.0869499 0.197027 0.739454
v 0.0980838 0.17162 0.733516
v 0.0914166 0.175188 0.725191
v 0.102657 0.152861 0.722765
v 0.0949429 0.153961 0.713352
v 0.0899981 0.152313 0.701638
v 0.0866504 0.175788 0.715147
v 0.0819567 0.177725 0.706136
v 0.0848992 0.154214 0.691518
v 0.078725 0.154982 0.683241
v 0.0763207 0.177607 0.698374
v 0.105764 0.139236 0.71567
v 0.0973864 0.137396 0.706299
v 0.0927153 0.132631 0.693408
v 0.0870372 0.132698 0.682057
v 0.080265 0.132788 0.672959
v 0.0733029 0.127057 0.665696
v 0.0713452 0.149211 0.676205
v 0.0663945 0.11807 0.659651
v 0.0637882 0.139582 0.670029
v 0.0693056 0.171607 0.691474
v 0.0619719 0.161859 0.685178
v 0.0555228 0.15135 0.67943
v 0.057224 0.12984 0.664583
v 0.0522274 0.119926 0.660514
v 0.0502333 0.140514 0.674834
v 0.0598403 0.10946 0.65443
v 0.0548288 0.100705 0.650707
v 0.0523404 0.0907013 0.649017
v 0.0490381 0.109104 0.658294
v 0.0516319 0.0801574 0.648252
v 0.04715 0.097765 0.656923
v 0.0460864 0.129251 0.671843
v 0.0428225 0.117864 0.669649
v 0.0404052 0.106591 0.667528
v 0.0462032 0.0864087 0.655446
v 0.0471682 0.0748633 0.654572
v 0.039932 0.0950169 0.666366
v 0.0519346 0.0699572 0.647292
v 0.0541011 0.0598617 0.646602
v 0.0590082 0.0495265 0.646971
v 0.0509674 0.062965 0.655232
v 0.0660094 0.0393075 0.648901
v 0.0570016 0.0512563 0.657589
v 0.0424006 0.0827054 0.667102
v 0.0472744 0.0697935 0.669265
v 0.0739203 0.0298131 0.652614
v 0.0642078 0.0404445 0.661434
v 0.0809286 0.0219609 0.657497
v 0.0711911 0.0311899 0.66584
v 0.0536053 0.0567527 0.672064
v 0.0603341 0.0448197 0.674833
v 0.0666748 0.035014 0.677104
v 0.0769096 0.0239138 0.669903
v 0.0820661 0.0181293 0.673527
v 0.0730433 0.0267213 0.679077
v 0.0856955 0.0164148 0.662772
v 0.0894027 0.0125167 0.667842
v 0.0937904 0.00943755 0.672313
v 0.0877988 0.0132753 0.676891
v 0.10031 0.00698826 0.676437
v 0.0952445 0.00940158 0.680438
v 0.0801581 0.0192383 0.68116
v 0.0887452 0.01314 0.683939
v 0.0992914 0.00910781 0.687925
v 0.105165 0.00668679 0.684599
v 0.109841 0.00517649 0.680568
v 0.121338 0.130825 0.717306
v 0.115067 0.14308 0.726508
v 0.107741 0.161209 0.737744
v 0.100356 0.181377 0.750236
v 0.093634 0.199622 0.763387
v 0.040935 0.238886 0.766048
v 0.0450275 0.244259 0.774321
v 0.0411237 0.235591 0.766235
v 0.0450544 0.240712 0.774359
v 0.0490146 0.245125 0.781445
v 0.0491313 0.248874 0.781499
v 0.0529994 0.252575 0.787189
v 0.0527656 0.248699 0.78709
v 0.0430818 0.229471 0.764078
v 0.0470133 0.23348 0.771685
v 0.0484742 0.214111 0.761477
v 0.0543576 0.208389 0.766258
v 0.0546863 0.221594 0.77369
v 0.0505264 0.238424 0.778632
v 0.0542716 0.240924 0.783886
v 0.0597989 0.213945 0.77556
v 0.033456 0.22137 0.748062
v 0.0358919 0.216035 0.746916
v 0.0398621 0.223115 0.755841
v 0.037391 0.229617 0.757567
v 0.0423725 0.20254 0.746986
v 0.0489826 0.200452 0.754355
v 0.0242841 0.195658 0.727378
v 0.0273857 0.19194 0.727693
v 0.0320806 0.204527 0.737296
v 0.0289602 0.209679 0.737579
v 0.0353714 0.18261 0.731208
v 0.0432025 0.186539 0.740662
v 0.02332 0.197484 0.726134
v 0.0282027 0.211958 0.736636
v 0.0329095 0.22405 0.747417
v 0.0370323 0.23263 0.757177
v 0.0175227 0.164033 0.71344
v 0.021105 0.162187 0.714711
v 0.0239106 0.177406 0.720116
v 0.0201017 0.180574 0.718965
v 0.0303299 0.157506 0.720541
v 0.0373318 0.16635 0.728193
v 0.0163002 0.164838 0.711769
v 0.0189709 0.181913 0.717463
v 0.0188981 0.126034 0.710765
v 0.0221737 0.126487 0.712196
v 0.0213463 0.144769 0.712962
v 0.017372 0.145564 0.711266
v 0.0309209 0.127719 0.718121
v 0.0353928 0.141968 0.722742
v 0.0179748 0.125613 0.708978
v 0.016182 0.145772 0.709534
v 0.0246979 0.0877517 0.708647
v 0.0270684 0.0902387 0.710484
v 0.0244849 0.108293 0.71202
v 0.021243 0.10654 0.710064
v 0.0349965 0.0972504 0.716769
v 0.0375271 0.114795 0.72186
v 0.0366042 0.0544678 0.703698
v 0.0383325 0.0587066 0.705832
v 0.032128 0.0739683 0.708834
v 0.0297602 0.0702236 0.706429
v 0.0444003 0.0710913 0.712975
v 0.04322 0.0891725 0.719603
v 0.0370054 0.0529378 0.701701
v 0.03014 0.0687709 0.70431
v 0.0248449 0.0863607 0.706579
v 0.0208619 0.105526 0.708142
v 0.0542077 0.0308048 0.69956
v 0.0548264 0.0372584 0.7016
v 0.0466122 0.0472336 0.703541
v 0.045098 0.0410519 0.701001
v 0.0579553 0.0534526 0.709611
v 0.0538765 0.0697185 0.715836
v 0.0550554 0.0283061 0.698305
v 0.0455267 0.0391134 0.699331
v 0.0743309 0.0209724 0.704407
v 0.0732917 0.0272789 0.705995
v 0.0632099 0.031737 0.7028
v 0.0633107 0.024318 0.700564
v 0.0738416 0.044592 0.713305
v 0.0663726 0.0580633 0.71542
v 0.0771246 0.0177645 0.703735
v 0.0651743 0.0213671 0.699674
v 0.10318 0.0211187 0.718716
v 0.100587 0.0271778 0.719604
v 0.0866918 0.0269225 0.712534
v 0.0886806 0.0199838 0.71095
v 0.0959733 0.0442118 0.724424
v 0.0836881 0.0538407 0.722512
v 0.121391 0.0276202 0.732699
v 0.118009 0.0336188 0.732845
v 0.110939 0.0309442 0.726897
v 0.114261 0.024062 0.726145
v 0.110739 0.0495057 0.735492
v 0.101387 0.0567031 0.73302
v 0.10602 0.0178376 0.718033
v 0.0916718 0.0167178 0.710305
v 0.124406 0.0241752 0.732222
v 0.117111 0.0206779 0.725504
v 0.126627 0.0354747 0.743809
v 0.123161 0.0411652 0.743162
v 0.121172 0.0376173 0.738223
v 0.125035 0.0309486 0.738314
v 0.115518 0.0563008 0.744248
v 0.109409 0.061898 0.741556
v 0.129873 0.032309 0.743958
v 0.128234 0.0276165 0.738125
v 0.131465 0.0475334 0.757271
v 0.130692 0.0394194 0.750427
v 0.128548 0.0504992 0.756694
v 0.127614 0.0424936 0.749985
v 0.125221 0.0554174 0.7551
v 0.123883 0.0485055 0.748861
v 0.117307 0.0679411 0.754145
v 0.111807 0.0701029 0.749492
v 0.129882 0.0649403 0.770219
v 0.125954 0.0690544 0.768185
v 0.125568 0.0629379 0.761649
v 0.129548 0.0578221 0.763555
v 0.117522 0.0795895 0.765124
v 0.112859 0.0808182 0.758975
v 0.127156 0.0818168 0.781872
v 0.123244 0.0849067 0.779122
v 0.12443 0.0768501 0.773903
v 0.128905 0.072768 0.77638
v 0.115356 0.0929579 0.774281
v 0.111754 0.0913929 0.768163
v 0.133054 0.0625261 0.770617
v 0.132527 0.0550903 0.764054
v 0.13046 0.0800687 0.78264
v 0.132234 0.0706876 0.776861
v 0.122655 0.10401 0.791026
v 0.119695 0.105804 0.78731
v 0.121381 0.0951256 0.783167
v 0.125217 0.0923461 0.786651
v 0.112529 0.110426 0.781102
v 0.109679 0.105065 0.775035
v 0.125352 0.102939 0.792629
v 0.128241 0.0909282 0.787854
v 0.113857 0.131449 0.800753
v 0.111538 0.13168 0.796486
v 0.11599 0.11785 0.791122
v 0.118898 0.116647 0.795468
v 0.105843 0.132416 0.788919
v 0.105835 0.122208 0.78104
v 0.116283 0.131244 0.802564
v 0.121428 0.115967 0.79727
v 0.100672 0.168594 0.812575
v 0.0991136 0.166502 0.80778
v 0.105435 0.148298 0.802214
v 0.107639 0.149309 0.807149
v 0.0954667 0.161248 0.797998
v 0.0980106 0.144909 0.789162
v 0.0923601 0.183299 0.809794
v 0.0936328 0.186929 0.815102
v 0.0884498 0.170489 0.794786
v 0.10272 0.169603 0.814181
v 0.109892 0.149688 0.80885
v 0.0955039 0.188529 0.816726
v 0.208498 0.0887766 0.626393
v 0.206554 0.0925367 0.627702
v 0.205503 0.0914847 0.619388
v 0.203911 0.095495 0.620655
v 0.202314 0.0991782 0.622662
v 0.204613 0.0957897 0.629668
v 0.202291 0.0983138 0.632696
v 0.200329 0.102208 0.625603
v 0.197644 0.104737 0.629324
v 0.198884 0.100109 0.637042
v 0.198857 0.101687 0.616456
v 0.196952 0.105374 0.619028
v 0.194737 0.102713 0.610947
v 0.192772 0.106895 0.613156
v 0.189817 0.111042 0.615642
v 0.19427 0.108815 0.622039
v 0.201814 0.0934532 0.613298
v 0.200353 0.0976143 0.614534
v 0.197733 0.0942787 0.607822
v 0.196285 0.0984375 0.609095
v 0.212154 0.0798257 0.624884
v 0.210564 0.0846594 0.625409
v 0.208839 0.0826255 0.618401
v 0.207311 0.0873876 0.618637
v 0.204958 0.0846664 0.612734
v 0.203467 0.089381 0.612722
v 0.200673 0.0857071 0.60748
v 0.199252 0.090299 0.607313
v 0.209518 0.0697385 0.619509
v 0.206168 0.0716456 0.614282
v 0.205875 0.0786222 0.61326
v 0.209556 0.0766361 0.618712
v 0.202334 0.0729642 0.609433
v 0.201758 0.0797855 0.608193
v 0.212331 0.0672318 0.625574
v 0.21268 0.0739349 0.624988
v 0.210311 0.0533627 0.62847
v 0.21146 0.0601586 0.626564
v 0.208046 0.0554767 0.622949
v 0.208935 0.0624846 0.620796
v 0.205362 0.0573205 0.61828
v 0.205916 0.0643739 0.615858
v 0.202096 0.0589372 0.613989
v 0.202339 0.0658909 0.611267
v 0.205166 0.044124 0.631391
v 0.203192 0.0455645 0.626864
v 0.204631 0.0509386 0.621877
v 0.206951 0.0492629 0.626396
v 0.200792 0.0468355 0.623096
v 0.201806 0.0524349 0.617899
v 0.206882 0.0425988 0.637127
v 0.208955 0.0474427 0.631883
v 0.198823 0.037002 0.647005
v 0.19766 0.0381395 0.641987
v 0.200632 0.0413896 0.633456
v 0.202286 0.0401584 0.638163
v 0.195834 0.0390543 0.63855
v 0.198511 0.0424683 0.629754
v 0.199374 0.0355449 0.654591
v 0.203614 0.0388068 0.644515
v 0.191496 0.033628 0.663722
v 0.193651 0.0361957 0.650031
v 0.195009 0.0354409 0.652671
v 0.192394 0.0329468 0.66529
v 0.19546 0.0343131 0.657655
v 0.192955 0.0324785 0.666581
v 0.190488 0.0301363 0.67683
v 0.194629 0.032402 0.666968
v 0.180249 0.0263033 0.687029
v 0.188092 0.0308528 0.67792
v 0.188692 0.0299847 0.679094
v 0.180643 0.0251462 0.688708
v 0.179993 0.0274333 0.685517
v 0.187416 0.0317276 0.676647
v 0.179201 0.0285223 0.684417
v 0.1862 0.0325156 0.676037
v 0.188533 0.034819 0.662282
v 0.19021 0.0342798 0.662462
v 0.191768 0.0368785 0.648007
v 0.189733 0.0373505 0.647672
v 0.191265 0.0404029 0.634879
v 0.193513 0.0398802 0.635656
v 0.177526 0.0297142 0.683869
v 0.184197 0.0332887 0.676384
v 0.174955 0.0308524 0.684469
v 0.181364 0.0340014 0.677936
v 0.183786 0.0355536 0.666711
v 0.186445 0.0352157 0.663821
v 0.187795 0.0374745 0.650162
v 0.18565 0.0375048 0.654304
v 0.187869 0.040362 0.642439
v 0.189537 0.0404493 0.637678
v 0.171066 0.0324347 0.685107
v 0.176912 0.0354973 0.679177
v 0.164929 0.0368138 0.679839
v 0.167029 0.0419858 0.672053
v 0.173207 0.0406566 0.667337
v 0.179849 0.0366155 0.669318
v 0.181904 0.0385548 0.657823
v 0.171664 0.0445408 0.656659
v 0.177791 0.0444602 0.648602
v 0.184828 0.0410892 0.646791
v 0.186991 0.0450103 0.63699
v 0.19044 0.044245 0.632183
v 0.175608 0.0494001 0.641225
v 0.181192 0.0514584 0.633638
v 0.188949 0.0495575 0.628823
v 0.192213 0.0492135 0.62379
v 0.188778 0.0549625 0.622862
v 0.192249 0.0551682 0.617277
v 0.177042 0.0565163 0.630808
v 0.181336 0.0601941 0.624836
v 0.188736 0.0604662 0.618265
v 0.191609 0.0614355 0.612541
v 0.195468 0.0486338 0.618449
v 0.193789 0.0490587 0.619975
v 0.193766 0.0552025 0.613635
v 0.195591 0.0546993 0.612521
v 0.193052 0.0618168 0.608796
v 0.195023 0.0614109 0.607802
v 0.191984 0.044197 0.627758
v 0.193619 0.0439898 0.625471
v 0.197985 0.0478795 0.619876
v 0.198505 0.0537309 0.614351
v 0.198315 0.0603694 0.610002
v 0.195962 0.0433827 0.626588
v 0.192906 0.0680495 0.60556
v 0.194935 0.0678995 0.604586
v 0.191445 0.0673529 0.609377
v 0.191264 0.0728785 0.60728
v 0.192755 0.0738646 0.603445
v 0.194799 0.0740629 0.602475
v 0.198347 0.0671134 0.606983
v 0.198233 0.073755 0.604964
v 0.191851 0.0793169 0.601947
v 0.193921 0.0798815 0.601005
v 0.190409 0.0780371 0.605789
v 0.189205 0.0824988 0.604882
v 0.19057 0.0840075 0.601051
v 0.192638 0.0848986 0.600138
v 0.197462 0.0801095 0.603575
v 0.19625 0.0856145 0.602757
v 0.188353 0.0709226 0.61318
v 0.187262 0.0755267 0.612019
v 0.180948 0.0687272 0.620454
v 0.176084 0.0713234 0.622523
v 0.179575 0.0760383 0.618471
v 0.186573 0.0797682 0.610866
v 0.188214 0.0658144 0.615487
v 0.176799 0.0642474 0.625227
v 0.185181 0.0830677 0.610859
v 0.188089 0.0860463 0.604648
v 0.174603 0.0770607 0.621594
v 0.177727 0.081953 0.618315
v 0.184405 0.0864844 0.610872
v 0.186954 0.0892659 0.605163
v 0.182825 0.0897428 0.612033
v 0.185612 0.0927866 0.606428
v 0.172826 0.082345 0.622156
v 0.175648 0.0881631 0.619735
v 0.181818 0.0936802 0.613036
v 0.184089 0.0966049 0.608143
v 0.190177 0.0922481 0.600602
v 0.188252 0.0909162 0.601499
v 0.186859 0.0944907 0.602976
v 0.188745 0.0959904 0.602107
v 0.185221 0.0983734 0.604935
v 0.18707 0.100014 0.604112
v 0.189412 0.087657 0.600864
v 0.191416 0.0887961 0.59996
v 0.193558 0.0936222 0.603122
v 0.19211 0.0976026 0.60452
v 0.19048 0.101813 0.606439
v 0.194929 0.0898849 0.602558
v 0.183307 0.102397 0.607005
v 0.185057 0.104163 0.606244
v 0.182398 0.100544 0.610005
v 0.180294 0.104368 0.611987
v 0.180801 0.106463 0.60916
v 0.182302 0.108439 0.608514
v 0.18846 0.106091 0.608548
v 0.185503 0.110467 0.610853
v 0.181635 0.114652 0.613817
v 0.185845 0.114951 0.618659
v 0.178919 0.112532 0.611449
v 0.177393 0.114716 0.617256
v 0.179515 0.116887 0.619417
v 0.183278 0.117113 0.623668
v 0.17784 0.11021 0.611894
v 0.177883 0.107655 0.614514
v 0.17695 0.109297 0.619543
v 0.176651 0.11215 0.617419
v 0.17901 0.100955 0.616336
v 0.177194 0.103426 0.618994
v 0.173747 0.0941747 0.622368
v 0.169646 0.092365 0.627222
v 0.172643 0.0975254 0.62838
v 0.176909 0.105166 0.623315
v 0.180182 0.0971788 0.614796
v 0.171078 0.0879579 0.623877
v 0.177402 0.104243 0.631406
v 0.178415 0.108339 0.628775
v 0.169259 0.0930356 0.636283
v 0.170457 0.0949729 0.644269
v 0.17618 0.101855 0.642729
v 0.178063 0.105117 0.641343
v 0.168624 0.0977439 0.656694
v 0.171265 0.100993 0.655807
v 0.161061 0.0889439 0.654986
v 0.151509 0.0920764 0.66897
v 0.154613 0.0972665 0.671933
v 0.15686 0.100136 0.671002
v 0.178521 0.110996 0.627567
v 0.179238 0.113479 0.627736
v 0.17889 0.10739 0.640896
v 0.179718 0.109575 0.641377
v 0.172638 0.103057 0.655447
v 0.173456 0.10491 0.65615
v 0.158262 0.102123 0.670442
v 0.15878 0.103748 0.67127
v 0.18083 0.115609 0.629343
v 0.183614 0.116137 0.632122
v 0.18074 0.111516 0.642618
v 0.182219 0.112407 0.644235
v 0.173755 0.106512 0.657674
v 0.173906 0.107517 0.659498
v 0.158328 0.105086 0.673239
v 0.157419 0.106123 0.675749
v 0.190671 0.108708 0.638295
v 0.188172 0.114062 0.629797
v 0.187103 0.113969 0.636181
v 0.187542 0.109694 0.643525
v 0.183897 0.111523 0.646202
v 0.184007 0.109542 0.649094
v 0.176459 0.106384 0.66065
v 0.174412 0.107527 0.660997
v 0.156932 0.106618 0.678127
v 0.187962 0.102657 0.649229
v 0.181854 0.104525 0.655705
v 0.190826 0.11202 0.625413
v 0.194175 0.106951 0.633604
v 0.193892 0.101346 0.642756
v 0.136037 0.109771 0.687015
v 0.134538 0.110976 0.689648
v 0.137105 0.108423 0.684984
v 0.118493 0.1112 0.690392
v 0.117021 0.112698 0.692293
v 0.115282 0.114126 0.694792
v 0.133215 0.112066 0.692342
v 0.113677 0.115545 0.697376
v 0.106186 0.109879 0.689511
v 0.107909 0.108282 0.686796
v 0.105404 0.0994831 0.672396
v 0.103611 0.101271 0.675387
v 0.109723 0.106676 0.68419
v 0.111372 0.105047 0.682323
v 0.10901 0.0958116 0.66763
v 0.107254 0.0976313 0.669546
v 0.10143 0.0925784 0.656383
v 0.0994993 0.0947933 0.659397
v 0.103369 0.0904708 0.654427
v 0.096362 0.0876381 0.643826
v 0.094242 0.089755 0.645724
v 0.0921849 0.0920378 0.648755
v 0.097667 0.0968289 0.662575
v 0.0901907 0.0941129 0.652033
v 0.0891994 0.0859918 0.636842
v 0.086975 0.087692 0.639761
v 0.0914104 0.0844526 0.635141
v 0.088006 0.0805191 0.627492
v 0.0857074 0.0812623 0.629016
v 0.083221 0.0820706 0.631915
v 0.0845567 0.0893508 0.643145
v 0.0801726 0.0829807 0.635599
v 0.0825987 0.076234 0.621752
v 0.0797296 0.076265 0.624896
v 0.0850697 0.0760748 0.620266
v 0.0831676 0.0714212 0.614123
v 0.0805157 0.0712066 0.615489
v 0.0772907 0.0706356 0.618902
v 0.075978 0.0762997 0.629221
v 0.0730065 0.0698298 0.624075
v 0.0724299 0.063787 0.620158
v 0.0768808 0.0652714 0.614119
v 0.0782382 0.0599062 0.610166
v 0.0738763 0.0579384 0.616948
v 0.0802891 0.0663024 0.610653
v 0.0830403 0.0667857 0.609686
v 0.0844831 0.0620346 0.606157
v 0.0816917 0.0613012 0.606706
v 0.0842343 0.0560224 0.603099
v 0.0808191 0.0543165 0.606686
v 0.0870395 0.0570436 0.602715
v 0.0901909 0.0520857 0.59986
v 0.0874358 0.0507878 0.600212
v 0.0841879 0.0488033 0.604002
v 0.0766658 0.0520418 0.614014
v 0.0804274 0.0462673 0.611809
v 0.0909386 0.0458021 0.59879
v 0.0880249 0.0435819 0.602722
v 0.0935376 0.0473015 0.598514
v 0.0972169 0.0419024 0.599954
v 0.0948683 0.0403011 0.600099
v 0.0923624 0.0379989 0.603917
v 0.0848906 0.0407433 0.610993
v 0.0898773 0.0350183 0.612185
v 0.0991871 0.0337032 0.60532
v 0.0970608 0.0315501 0.608654
v 0.101222 0.0353139 0.605305
v 0.104434 0.0287452 0.614719
v 0.102717 0.027125 0.614765
v 0.10094 0.0251962 0.617498
v 0.0950387 0.0287747 0.616046
v 0.0992507 0.022809 0.623439
v 0.104435 0.0217259 0.627913
v 0.102994 0.0199372 0.63019
v 0.105869 0.0234261 0.627575
v 0.106197 0.0188855 0.641137
v 0.105071 0.0171362 0.641768
v 0.103962 0.0154636 0.64366
v 0.101612 0.0179164 0.634548
v 0.10289 0.013772 0.646608
v 0.105991 0.0129219 0.653336
v 0.105212 0.0114217 0.654802
v 0.10674 0.0145925 0.652667
v 0.109758 0.0114795 0.66152
v 0.109357 0.00992144 0.662094
v 0.10889 0.00858967 0.663171
v 0.104457 0.0100367 0.656729
v 0.108446 0.00743219 0.664448
v 0.116728 0.00891548 0.668281
v 0.116536 0.00767754 0.669111
v 0.116906 0.0104334 0.66776
v 0.126482 0.010697 0.672174
v 0.126465 0.00918185 0.672717
v 0.126493 0.00799227 0.673442
v 0.116377 0.00661941 0.670029
v 0.126556 0.00695498 0.674213
v 0.137295 0.00797484 0.677964
v 0.137107 0.00901924 0.677176
v 0.149959 0.0123609 0.681604
v 0.150144 0.0112368 0.682647
v 0.136935 0.0101685 0.676422
v 0.136775 0.011658 0.675779
v 0.149405 0.014929 0.679795
v 0.149748 0.0135069 0.680639
v 0.16581 0.0203099 0.685382
v 0.165974 0.0191225 0.686718
v 0.165286 0.0216096 0.684275
v 0.166121 0.0178663 0.688243
v 0.12649 0.0126391 0.672058
v 0.136557 0.0136352 0.675459
v 0.126207 0.0146936 0.672969
v 0.135969 0.0157135 0.676151
v 0.147631 0.0187544 0.679733
v 0.148777 0.0168061 0.679247
v 0.164121 0.0232009 0.683525
v 0.162213 0.0247964 0.683863
v 0.125965 0.0176073 0.67423
v 0.135224 0.0189312 0.676976
v 0.127983 0.0248587 0.67122
v 0.136718 0.0301635 0.670795
v 0.145142 0.0283552 0.676821
v 0.146041 0.021449 0.680615
v 0.159275 0.0272496 0.684166
v 0.154117 0.0360887 0.675791
v 0.109945 0.0152338 0.66325
v 0.110689 0.0182301 0.665111
v 0.117302 0.0176175 0.670341
v 0.116807 0.0142733 0.669017
v 0.115742 0.0256756 0.663392
v 0.123447 0.0291806 0.665548
v 0.107954 0.0227313 0.644023
v 0.109008 0.0253511 0.647122
v 0.108887 0.0215877 0.657213
v 0.107686 0.0184201 0.654882
v 0.113846 0.0314248 0.648396
v 0.117187 0.0321761 0.655666
v 0.109977 0.0132969 0.661794
v 0.116982 0.0122894 0.667849
v 0.107255 0.0208042 0.641848
v 0.10736 0.0164744 0.653107
v 0.10687 0.0318316 0.619526
v 0.108155 0.0339456 0.624277
v 0.109484 0.029699 0.635468
v 0.108044 0.0270117 0.631427
v 0.113105 0.0387995 0.629741
v 0.117272 0.0382048 0.639816
v 0.105891 0.0303117 0.616355
v 0.107166 0.0252223 0.628746
v 0.100559 0.0437898 0.605621
v 0.102372 0.0448932 0.611179
v 0.105902 0.0395756 0.616222
v 0.104072 0.0377792 0.610721
v 0.108514 0.0476808 0.618755
v 0.114727 0.0454985 0.625768
v 0.0991765 0.0429922 0.60194
v 0.102914 0.0366306 0.60721
v 0.0943174 0.0531982 0.605261
v 0.0966626 0.0537953 0.610711
v 0.0997319 0.0496825 0.610007
v 0.0973132 0.0487739 0.604145
v 0.103767 0.0553019 0.618116
v 0.11028 0.0529456 0.620953
v 0.089171 0.0622868 0.61074
v 0.0920888 0.0623233 0.615796
v 0.0944938 0.0581302 0.613283
v 0.0914514 0.0577305 0.607766
v 0.100143 0.06238 0.622274
v 0.106519 0.0593659 0.623153
v 0.0925282 0.052793 0.601682
v 0.0957178 0.0482038 0.600455
v 0.0870138 0.0622703 0.607564
v 0.0894781 0.0575096 0.604374
v 0.0883314 0.0709267 0.617566
v 0.0914572 0.0701356 0.622344
v 0.091508 0.0662661 0.618854
v 0.0880214 0.0666633 0.61369
v 0.0997166 0.0687995 0.628058
v 0.104474 0.0653185 0.627445
v 0.0858764 0.0713268 0.614811
v 0.0856843 0.0668546 0.610724
v 0.0928763 0.0789931 0.630138
v 0.0957577 0.0776041 0.634064
v 0.0936222 0.0738965 0.627838
v 0.0901816 0.075129 0.623277
v 0.103188 0.0749346 0.637664
v 0.106012 0.0708461 0.634224
v 0.0905317 0.0798201 0.627832
v 0.0877264 0.0757401 0.620745
v 0.10032 0.0847944 0.645725
v 0.102667 0.0830612 0.648628
v 0.0989462 0.0805274 0.640874
v 0.0959109 0.0822252 0.637406
v 0.109183 0.0795267 0.649949
v 0.110056 0.0757794 0.643859
v 0.111484 0.0924715 0.668738
v 0.112612 0.0903095 0.670446
v 0.108611 0.0851842 0.658217
v 0.106591 0.0872842 0.655991
v 0.116628 0.0862017 0.668368
v 0.116852 0.0796541 0.656941
v 0.0984904 0.0860654 0.643854
v 0.0937715 0.0832742 0.635323
v 0.110483 0.0941238 0.667381
v 0.105171 0.0887651 0.654338
v 0.119359 0.107721 0.690274
v 0.119833 0.104429 0.690503
v 0.114331 0.0985783 0.683328
v 0.113191 0.101617 0.682761
v 0.124148 0.0964035 0.683662
v 0.121574 0.0890005 0.674781
v 0.119287 0.109567 0.689632
v 0.112571 0.103383 0.68181
v 0.135542 0.10146 0.684998
v 0.136467 0.10492 0.684715
v 0.13715 0.091161 0.675741
v 0.137229 0.10684 0.684123
v 0.0755314 0.133934 0.754961
v 0.143481 0.0629775 0.644899
vt 0 1
vt 0.8057 1
vt 0.8057 1
vt 0.2822 1
vt 0 1
vt 0.2817 1
vt 0 1
vt 0.2822 1
vt 0 1
vt 0.3201 1
vt 0.8149 1
vt 0.004364 1
vt 0.177 1
vt 0.3197 1
vt 0.177 1
vt 0.7303 1
vt 0.32 1
vt 0.2817 1
vt 0.004364 1
vt 0.8149 1
vt 0.004364 1
vt 0.8675 1
vt 0.7209 1
vt 0.004364 1
vt 0.8809 1
vt 0.8878 1
vt 0.7903 1
vt 0.004364 1
vt 0.2438 1
vt 0.004364 1
vt 0.2822 1
vt 0.8057 1
vt 0.2427 1
vt 0.004364 1
vt 0.2822 1
vt 0.7209 1
vt 0.2517 1
vt 0.2858 1
vt 0.03491 1
vt 0.2438 1
vt 0.004364 1
vt 0.7069 1
vt 0.2438 1
vt 0.2517 1
vt 0.03491 1
vt 0.8809 1
vt 0.004364 1
vt 0.03491 1
vt 0.2007 1
vt 0.8433 1
vt 0.188 1
vt 0.7903 1
vt 0.03491 1
vt 0.8536 1
vt 0.2427 1
vt 0.8057 1
vt 0.7747 1
vt 0.03491 1
vt 0.188 1
vt 0.03491 1
vt 0.2438 1
vt 0.7632 1
vt 0.1866 1
vt 0.8675 1
vt 0.8536 1
vt 0.03491 1
vt 0.188 1
vt 0.004364 1
vt 0.1866 1
vt 0.8675 1
vt 0.1066 1
vt 0.03491 1
vt 0.8809 1
vt 0.9417 1
vt 0.7903 1
vt 0.004364 1
vt 0.188 1
vt 0.004364 1
vt 0.1062 1
vt 0.7747 1
vt 0.2007 1
vt 0.004364 1
vt 0.9336 1
vt 0.8809 1
vt 0.7747 1
vt 0 1
vt 0.1066 1
vt 0.004364 1
vt 0.1075 1
vt 0.7903 1
vt 0.1066 1
vt 0 1
vt 0.8878 1
vt 0.9455 1
vt 0.7069 1
vt 0 1
vt 0.03491 1
vt 0.004364 1
vt 0.1075 1
vt 0.6926 1
vt 0.1062 1
vt 0 1
vt 0.03491 1
vt 0.979 1
vt 0.7632 1
vt 0.2427 1
vt 0.9817 1
vt 0.004364 1
vt 0.03491 1
vt 0.7747 1
vt 0.9417 1
vt 0.03491 1
vt 0.1066 1
vt 0.6926 1
vt 0.03491 1
vt 0.9455 1
vt 0.1062 1
vt 0.1866 1
vt 0.03491 1
vt 0.682 1
vt 0.9417 1
vt 0.1866 1
vt 0.1062 1
vt 0.682 1
vt 0.9817 1
vt 0.1062 1
vt 0.03491 1
vt 0.1866 1
vt 0.1062 1
vt 0.6926 1
vt 0.9829 1
vt 0.03491 1
vt 0.1062 1
vt 0.6089 1
vt 0.1866 1
vt 0.9336 1
vt 0.1062 1
vt 0.1062 1
vt 0.1062 1
vt 0.6003 1
vt 0.9417 1
vt 0.1062 1
vt 0.1062 1
vt 0.6926 1
vt 0.1062 1
vt 0.9817 1
vt 0.1866 1
vt 0.1062 1
vt 0.1866 1
vt 0.7069 1
vt 0.979 1
vt 0.03491 1
vt 0.1062 1
vt 0.6202 1
vt 0.03491 1
vt 0.8536 1
vt 0.1866 1
vt 0.1062 1
vt 0.1062 1
vt 0.6089 1
vt 0.8433 1
vt 0.1062 1
vt 0.1866 1
vt 0.6089 1
vt 0.9188 1
vt 0.03491 1
vt 0.1866 1
vt 0.03491 1
vt 0.1062 1
vt 0.6202 1
vt 0.9251 1
vt 0.1866 1
vt 0.03491 1
vt 0.5318 1
vt 0.03491 1
vt 0.8536 1
vt 0.1866 1
vt 0.004364 1
vt 0.1062 1
vt 0.5243 1
vt 0.8675 1
vt 0.004364 1
vt 0.1866 1
vt 0.6003 1
vt 0.03491 1
vt 0.9336 1
vt 0.1062 1
vt 0.03491 1
vt 0.1062 1
vt 0.6089 1
vt 0.9251 1
vt 0.004364 1
vt 0.1062 1
vt 0.5243 1
vt 0.004364 1
vt 0.9251 1
vt 0.03491 1
vt 0.004364 1
vt 0.1062 1
vt 0.5183 1
vt 0.9336 1
vt 0.004364 1
vt 0.03491 1
vt 0.7069 1
vt 0 1
vt 0.979 1
vt 0.1062 1
vt 0 1
vt 0.1062 1
vt 0.7209 1
vt 0.9762 1
vt 0.004364 1
vt 0.03491 1
vt 0.6308 1
vt 0.004364 1
vt 0.9188 1
vt 0 1
vt 0 1
vt 0.03491 1
vt 0.6202 1
vt 0.9251 1
vt 0 1
vt 0.01442 1
vt 0.7209 1
vt 0.03491 1
vt 0.9741 1
vt 0.01442 1
vt 0.004364 1
vt 0.02327 1
vt 0.7303 1
vt 0.9762 1
vt 0.03491 1
vt 0.004364 1
vt 0.6375 1
vt 0.9762 1
vt 0.004364 1
vt 0.09164 1
vt 0.03491 1
vt 0.02327 1
vt 0.6308 1
vt 0.9741 1
vt 0.1502 1
vt 0.03491 1
vt 0.6308 1
vt 0.004364 1
vt 0.997 1
vt 0.1502 1
vt 0.004364 1
vt 0.02327 1
vt 0.6375 1
vt 0.9968 1
vt 0.004364 1
vt 0.1265 1
vt 0.5414 1
vt 0.004364 1
vt 0.9762 1
vt 0.004364 1
vt 0 1
vt 0.04958 1
vt 0.5383 1
vt 0.979 1
vt 0 1
vt 0.02327 1
vt 0.6202 1
vt 0.004364 1
vt 0.9974 1
vt 0.03491 1
vt 0.004364 1
vt 0.04958 1
vt 0.6308 1
vt 0.997 1
vt 0 1
vt 0.03491 1
vt 0.5383 1
vt 0 1
vt 0.997 1
vt 0.1214 1
vt 0 1
vt 0.04958 1
vt 0.5318 1
vt 0.9974 1
vt 0 1
vt 0.1062 1
vt 0.5318 1
vt 0 1
vt 1 1
vt 0.2231 1
vt 0 1
vt 0.04958 1
vt 0.5383 1
vt 1 1
vt 0 1
vt 0.1265 1
vt 0.4481 1
vt 0.997 1
vt 0 1
vt 0.1214 1
vt 0 1
vt 0.2231 1
vt 0.4451 1
vt 0.9968 1
vt 0.1214 1
vt 0 1
vt 0.5383 1
vt 0 1
vt 1 1
vt 0.1062 1
vt 0 1
vt 0.2433 1
vt 0.5414 1
vt 1 1
vt 0 1
vt 0.1954 1
vt 0.4487 1
vt 0 1
vt 0 1
vt 0.1214 1
vt 0 1
vt 0.1866 1
vt 0.4481 1
vt 0.8049 1
vt 0.1954 1
vt 0 1
vt 0.4481 1
vt 0 1
vt 0.8049 1
vt 0.4487 1
vt 0 1
vt 0.1954 1
vt 0.8039 1
vt 0.3722 1
vt 0 1
vt 0 1
vt 0.1866 1
vt 0.3723 1
vt 0 1
vt 0.2427 1
vt 0.7653 1
vt 0.4451 1
vt 0 1
vt 0 1
vt 0.2529 1
vt 0.4481 1
vt 0 1
vt 0.3205 1
vt 0 1
vt 0.3723 1
vt 0 1
vt 0 1
vt 0.1954 1
vt 0.3715 1
vt 0 1
vt 0.2433 1
vt 0 1
vt 0.5183 1
vt 0.7672 1
vt 0.2529 1
vt 0 1
vt 0.5243 1
vt 0.8059 1
vt 0.2529 1
vt 0 1
vt 0.4413 1
vt 0 1
vt 0.3205 1
vt 0.8049 1
vt 0.3264 1
vt 0 1
vt 0.4381 1
vt 0.7672 1
vt 0.2887 1
vt 8.077e-07 1
vt 0.5243 1
vt 0 1
vt 0.2529 1
vt 0.7677 1
vt 0.2427 1
vt 0 1
vt 0.5318 1
vt 0.7691 1
vt 0.2817 1
vt 0 1
vt 0.4451 1
vt 0.7331 1
vt 0.2887 1
vt 0 1
vt 0 1
vt 0.4413 1
vt 0.2817 1
vt 0.7704 1
vt 0.2887 1
vt 8.077e-07 1
vt 0.4413 1
vt 6.462e-06 1
vt 0.3277 1
vt 0.731 1
vt 0.3197 1
vt 8.077e-07 1
vt 0.4451 1
vt 0.7704 1
vt 0.2887 1
vt 0 1
vt 0.3715 1
vt 6.462e-06 1
vt 0.3277 1
vt 6.462e-06 1
vt 0.3812 1
vt 6.462e-06 1
vt 0.3703 1
vt 0.7691 1
vt 0.3264 1
vt 0.7312 1
vt 0.4381 1
vt 5.169e-05 1
vt 0.3277 1
vt 8.077e-07 1
vt 0.3197 1
vt 0.5182 1
vt 0.4413 1
vt 0.6045 1
vt 6.462e-06 1
vt 0.3703 1
vt 0.4015 1
vt 0 1
vt 0.3812 1
vt 0 1
vt 0.3693 1
vt 0 1
vt 0.3741 1
vt 0 1
vt 0 1
vt 0.677 1
vt 0 1
vt 0.6776 1
vt 0 1
vt 0.5967 1
vt 0 1
vt 0 1
vt 0.3197 1
vt 0.5962 1
vt 0 1
vt 0.6776 1
vt 0 1
vt 0.3277 1
vt 0 1
vt 0.682 1
vt 0 1
vt 0.6003 1
vt 0 1
vt 0.3741 1
vt 0 1
vt 0.5967 1
vt 0 1
vt 0.5967 1
vt 0 1
vt 0.6003 1
vt 0.2817 1
vt 0.003687 1
vt 0.5183 1
vt 0.003836 1
vt 0.3688 1
vt 0 1
vt 6.462e-06 1
vt 0.5158 1
vt 0.2817 1
vt 0.7331 1
vt 0.5962 1
vt 0.003706 1
vt 0.3197 1
vt 0.7331 1
vt 0.5967 1
vt 5.169e-05 1
vt 0.2817 1
vt 0.02952 1
vt 0.5158 1
vt 0.02971 1
vt 0.003706 1
vt 0.3197 1
vt 0.5155 1
vt 0.003836 1
vt 0.3197 1
vt 0.003687 1
vt 0.5155 1
vt 0.7312 1
vt 0.003706 1
vt 0.2817 1
vt 0.5158 1
vt 0.6028 1
vt 0.3197 1
vt 0.02952 1
vt 0.4368 1
vt 0.003706 1
vt 0.3197 1
vt 0.6791 1
vt 0.3197 1
vt 0.0295 1
vt 0.4366 1
vt 0.6811 1
vt 0.3688 1
vt 0 1
vt 0.5158 1
vt 0 1
vt 0.3688 1
vt 0.731 1
vt 0.3197 1
vt 0.003687 1
vt 0.5183 1
vt 0.7331 1
vt 0.3197 1
vt 0 1
vt 0.4381 1
vt 0.003687 1
vt 0.3688 1
vt 0.6811 1
vt 0.3688 1
vt 0 1
vt 0.4368 1
vt 0.6796 1
vt 0.1866 1
vt 0.003687 1
vt 0.4368 1
vt 0.003687 1
vt 0.1866 1
vt 0.7691 1
vt 0.2427 1
vt 0.003687 1
vt 0.4381 1
vt 0.7672 1
vt 0.2427 1
vt 0.0295 1
vt 0.3693 1
vt 0.003687 1
vt 0.1866 1
vt 0.7286 1
vt 0.1866 1
vt 0.0295 1
vt 0.3689 1
vt 0.7312 1
vt 0.2427 1
vt 0.003687 1
vt 0.4366 1
vt 0.003687 1
vt 0.2427 1
vt 0.7672 1
vt 0.2427 1
vt 0.0295 1
vt 0.4368 1
vt 0.7653 1
vt 0.2427 1
vt 0.0295 1
vt 0.3689 1
vt 0.0295 1
vt 0.2817 1
vt 0.7258 1
vt 0.2817 1
vt 0.0295 1
vt 0.3688 1
vt 0.7286 1
vt 0.2427 1
vt 0.09217 1
vt 0.677 1
vt 0.09217 1
vt 0.2427 1
vt 0.7286 1
vt 0.2817 1
vt 0.0295 1
vt 0.677 1
vt 0.7258 1
vt 0.2817 1
vt 0.09217 1
vt 0.5962 1
vt 0.0295 1
vt 0.3688 1
vt 0.6736 1
vt 0.3688 1
vt 0.09217 1
vt 0.5962 1
vt 0.2651 1
vt 0.09217 1
vt 0.677 1
vt 0.09217 1
vt 0.3197 1
vt 0.09217 1
vt 0.677 1
vt 0.2651 1
vt 0.177 1
vt 0.5962 1
vt 0.3688 1
vt 0.09217 1
vt 0.3513 1
vt 0.5962 1
vt 0.3197 1
vt 0.177 1
vt 0.3688 1
vt 0.177 1
vt 0.5962 1
vt 0.0295 1
vt 0.3197 1
vt 0.09217 1
vt 0.2651 1
vt 0.5962 1
vt 0.02952 1
vt 0.5155 1
vt 0.02952 1
vt 0.5155 1
vt 0.09219 1
vt 0.09219 1
vt 0.3197 1
vt 0.5962 1
vt 0.09233 1
vt 0.5962 1
vt 0.02971 1
vt 0.3197 1
vt 0.09233 1
vt 0.5155 1
vt 0.09219 1
vt 0.5155 1
vt 0.177 1
vt 0.09219 1
vt 0.2817 1
vt 0.5155 1
vt 0.09217 1
vt 0.5155 1
vt 0.177 1
vt 0.2817 1
vt 0.177 1
vt 0.4366 1
vt 0.177 1
vt 0.4366 1
vt 0.177 1
vt 0.2651 1
vt 0.3197 1
vt 0.5155 1
vt 0.2651 1
vt 0.5155 1
vt 0.177 1
vt 0.2651 1
vt 0.3197 1
vt 0.4366 1
vt 0.177 1
vt 0.4366 1
vt 0.177 1
vt 0.2817 1
vt 0.2651 1
vt 0.4366 1
vt 0.2651 1
vt 0.4366 1
vt 0.2651 1
vt 0.2651 1
vt 0.2817 1
vt 0.3688 1
vt 0.3513 1
vt 0.3688 1
vt 0.3513 1
vt 0.4366 1
vt 0.4366 1
vt 0.3513 1
vt 0.3688 1
vt 0.177 1
vt 0.3688 1
vt 0.6765 1
vt 0.677 1
vt 0.2817 1
vt 0.177 1
vt 0.2817 1
vt 0.177 1
vt 0.677 1
vt 0.2651 1
vt 0.3513 1
vt 0.5962 1
vt 0.2427 1
vt 0.2651 1
vt 0.2427 1
vt 0.2651 1
vt 0.5962 1
vt 0.2651 1
vt 0.2427 1
vt 0.2651 1
vt 0.677 1
vt 0.3513 1
vt 0.2817 1
vt 0.3513 1
vt 0.2427 1
vt 0.4347 1
vt 0.677 1
vt 0.3513 1
vt 0.2817 1
vt 0.2651 1
vt 0.4347 1
vt 0.5962 1
vt 0.3513 1
vt 0.5962 1
vt 0.2427 1
vt 0.4345 1
vt 0.5962 1
vt 0.3513 1
vt 0.1866 1
vt 0.4347 1
vt 0.3513 1
vt 0.5962 1
vt 0.2427 1
vt 0.5175 1
vt 0.5155 1
vt 0.3513 1
vt 0.1866 1
vt 0.4347 1
vt 0.7312 1
vt 0.5155 1
vt 0.1866 1
vt 0.4347 1
vt 0.5962 1
vt 0.5182 1
vt 0.2427 1
vt 0.4345 1
vt 0.1866 1
vt 0.4348 1
vt 0.5962 1
vt 0.4347 1
vt 0.2427 1
vt 0.5182 1
vt 0.3513 1
vt 0.5155 1
vt 0.5188 1
vt 0.5155 1
vt 0.3688 1
vt 0.3513 1
vt 0.5155 1
vt 0.3513 1
vt 0.3197 1
vt 0.4348 1
vt 0.3513 1
vt 0.5155 1
vt 0.3688 1
vt 0.4347 1
vt 0.4366 1
vt 0.4348 1
vt 0.3197 1
vt 0.4347 1
vt 0.7286 1
vt 0.4366 1
vt 0.3197 1
vt 0.5192 1
vt 0.5155 1
vt 0.4348 1
vt 0.3688 1
vt 0.4348 1
vt 0.3197 1
vt 0.5182 1
vt 0.5155 1
vt 0.4348 1
vt 0.3688 1
vt 0.5188 1
vt 0.5192 1
vt 0.4366 1
vt 0.5188 1
vt 0.4366 1
vt 0.3197 1
vt 0.6009 1
vt 0.4366 1
vt 0.519 1
vt 0.2817 1
vt 0.6028 1
vt 0.6028 1
vt 0.4366 1
vt 0.6765 1
vt 0.3688 1
vt 0.2817 1
vt 0.5175 1
vt 0.6765 1
vt 0.3688 1
vt 0.3197 1
vt 0.6009 1
vt 0.2817 1
vt 0.6028 1
vt 0.4366 1
vt 0.6765 1
vt 0.3197 1
vt 0.6736 1
vt 0.2817 1
vt 0.605 1
vt 0.4366 1
vt 0.6791 1
vt 0.2817 1
vt 0.6045 1
vt 0.519 1
vt 0.3688 1
vt 0.6058 1
vt 0.3688 1
vt 0.2817 1
vt 0.6045 1
vt 0.5155 1
vt 0.5192 1
vt 0.2427 1
vt 0.6058 1
vt 0.5188 1
vt 0.5155 1
vt 0.2427 1
vt 0.6791 1
vt 0.4366 1
vt 0.5192 1
vt 0.2817 1
vt 0.6058 1
vt 0.6791 1
vt 0.4366 1
vt 0.2427 1
vt 0.605 1
vt 0.5155 1
vt 0.6058 1
vt 0.2817 1
vt 0.6045 1
vt 0.5155 1
vt 0.6811 1
vt 0.6811 1
vt 0.6796 1
vt 0.4366 1
vt 0.4366 1
vt 0.8049 1
vt 0.4366 1
vt 0.1866 1
vt 0.8059 1
vt 0.2427 1
vt 0.8039 1
vt 0.4366 1
vt 0.8536 1
vt 0.1866 1
vt 0.9977 1
vt 0.8533 1
vt 0.3688 1
vt 0.2427 1
vt 1 1
vt 0.3197 1
vt 1 1
vt 0.8536 1
vt 0.3688 1
vt 0.2427 1
vt 0.9974 1
vt 0.7704 1
vt 0.4366 1
vt 0.2427 1
vt 0.8539 1
vt 0.7677 1
vt 0.4366 1
vt 0.1866 1
vt 0.9817 1
vt 0.1866 1
vt 0.7704 1
vt 0.3688 1
vt 0.8064 1
vt 0.3688 1
vt 0.9829 1
vt 0.8032 1
vt 0.3688 1
vt 0.8064 1
vt 0.677 1
vt 0.3688 1
vt 0.7691 1
vt 0.8059 1
vt 0.677 1
vt 0.3197 1
vt 0.9979 1
vt 0.3197 1
vt 0.8059 1
vt 0.5962 1
vt 0.8064 1
vt 0.3688 1
vt 0.9977 1
vt 0.8539 1
vt 0.5962 1
vt 0.3688 1
vt 0.8032 1
vt 0.677 1
vt 0.8537 1
vt 0.3197 1
vt 0.9977 1
vt 0.8064 1
vt 0.677 1
vt 0.3197 1
vt 0.9178 1
vt 0.5962 1
vt 0.8497 1
vt 0.8537 1
vt 0.3197 1
vt 0.8539 1
vt 0.5962 1
vt 0.3197 1
vt 0.8536 1
vt 0.5962 1
vt 0.9979 1
vt 1 1
vt 0.5962 1
vt 0.2817 1
vt 0.8536 1
vt 0.2817 1
vt 0.9178 1
vt 0.5155 1
vt 0.8533 1
vt 0.3197 1
vt 1 1
vt 0.9974 1
vt 0.5155 1
vt 0.2817 1
vt 0.9178 1
vt 0.3197 1
vt 0.9177 1
vt 0.5962 1
vt 0.9178 1
vt 0.2817 1
vt 0.9977 1
vt 1 1
vt 0.5962 1
vt 0.2817 1
vt 0.9731 1
vt 0.2817 1
vt 0.9177 1
vt 0.5155 1
vt 0.9731 1
vt 0.2427 1
vt 0.9178 1
vt 0.5155 1
vt 0.9171 1
vt 0.9178 1
vt 0.2427 1
vt 0.9731 1
vt 0.2817 1
vt 0.8385 1
vt 0.8497 1
vt 0.9731 1
vt 0.2817 1
vt 1 1
vt 0.2427 1
vt 0.2427 1
vt 0.8537 1
vt 0.8385 1
vt 0.912 1
vt 0.9171 1
vt 0.2427 1
vt 0.7577 1
vt 0.8539 1
vt 0.8537 1
vt 0.7577 1
vt 0.9171 1
vt 0.8385 1
vt 0.8385 1
vt 0.9178 1
vt 0.9171 1
vt 0.1866 1
vt 0.9723 1
vt 0.2427 1
vt 0.7577 1
vt 0.9731 1
vt 0.7577 1
vt 0.9178 1
vt 0.912 1
vt 0.2427 1
vt 1 1
vt 0.1866 1
vt 0.7577 1
vt 1 1
vt 0.9723 1
vt 0.7577 1
vt 0.2427 1
vt 0.9671 1
vt 0.1866 1
vt 0.9961 1
vt 0.677 1
vt 0.9671 1
vt 0.677 1
vt 0.9966 1
vt 0.9723 1
vt 0.1866 1
vt 0.9723 1
vt 0.3689 1
vt 0.7577 1
vt 0.9731 1
vt 0.9927 1
vt 0.3688 1
vt 1 1
vt 0.3197 1
vt 0.3197 1
vt 0.9961 1
vt 0.7577 1
vt 0.9961 1
vt 0.9961 1
vt 0.3689 1
vt 0.677 1
vt 0.9966 1
vt 1 1
vt 0.677 1
vt 0.9927 1
vt 0.8385 1
vt 0.8385 1
vt 0.9998 1
vt 0.9966 1
vt 0.3197 1
vt 0.9731 1
vt 0.3693 1
vt 0.7577 1
vt 0.9987 1
vt 0.7577 1
vt 1 1
vt 0.9998 1
vt 0.3197 1
vt 1 1
vt 0.2427 1
vt 0.8385 1
vt 0.9731 1
vt 0.3197 1
vt 1 1
vt 0.9966 1
vt 0.8385 1
vt 0.2817 1
vt 0.9731 1
vt 0.2817 1
vt 0.9966 1
vt 0.7577 1
vt 0.9731 1
vt 0.7577 1
vt 1 1
vt 0.9966 1
vt 0.3197 1
vt 0.9966 1
vt 0.2817 1
vt 0.7577 1
vt 1 1
vt 0.9966 1
vt 0.3197 1
vt 1 1
vt 0.2817 1
vt 0.7577 1
vt 0.9966 1
vt 0.9966 1
vt 0.2817 1
vt 0.677 1
vt 1 1
vt 1 1
vt 0.2817 1
vt 0.677 1
vt 1 1
vt 1 1
vt 0.2427 1
vt 0.7577 1
vt 1 1
vt 1 1
vt 0.2817 1
vt 0.2427 1
vt 1 1
vt 0.7577 1
vt 1 1
vt 1 1
vt 0.2817 1
vt 1 1
vt 0.677 1
vt 1 1
vt 1 1
vt 0.677 1
vt 0.9731 1
vt 1 1
vt 0.9731 1
vt 0.9159 1
vt 1 1
vt 1 1
vt 0.2427 1
vt 1 1
vt 0.2427 1
vt 0.9159 1
vt 1 1
vt 0.9731 1
vt 1 1
vt 0.2427 1
vt 1 1
vt 0.9731 1
vt 1 1
vt 0.1866 1
vt 1 1
vt 0.9159 1
vt 0.9987 1
vt 1 1
vt 0.2427 1
vt 0.9998 1
vt 0.1866 1
vt 0.9159 1
vt 1 1
vt 0.9159 1
vt 0.9998 1
vt 1 1
vt 0.1866 1
vt 0.9998 1
vt 0.2427 1
vt 0.9159 1
vt 1 1
vt 0.8385 1
vt 1 1
vt 1 1
vt 0.3693 1
vt 1 1
vt 0.1866 1
vt 0.8385 1
vt 1 1
vt 0.9159 1
vt 1 1
vt 0.3703 1
vt 1 1
vt 0.9159 1
vt 1 1
vt 0.3199 1
vt 1 1
vt 0.8385 1
vt 0.9998 1
vt 1 1
vt 0.3703 1
vt 1 1
vt 0.3197 1
vt 0.8385 1
vt 1 1
vt 0.9731 1
vt 1 1
vt 1 1
vt 0.32 1
vt 1 1
vt 0.3715 1
vt 0.9731 1
vt 1 1
vt 0.9159 1
vt 1 1
vt 1 1
vt 0.3199 1
vt 1 1
vt 0.3199 1
vt 0.9159 1
vt 1 1
vt 0.9731 1
vt 1 1
vt 1 1
vt 0.2817 1
vt 1 1
vt 0.32 1
vt 0.9731 1
vt 1 1
vt 0.9159 1
vt 1 1
vt 1 1
vt 0.3197 1
vt 1 1
vt 0.2817 1
vt 0.9159 1
vt 1 1
vt 0.9159 1
vt 1 1
vt 1 1
vt 0.2817 1
vt 1 1
vt 0.3199 1
vt 0.9159 1
vt 1 1
vt 0.8385 1
vt 1 1
vt 0.2817 1
vt 1 1
vt 0.8385 1
vt 1 1
vt 0.2817 1
vt 1 1
vt 0.9159 1
vt 1 1
vt 1 1
vt 0.9159 1
vt 1 1
vt 0.8385 1
vt 0.2427 1
vt 1 1
vt 0.2817 1
vt 1 1
vt 0.8385 1
vt 1 1
vt 1 1
vt 1 1
vt 0.2817 1
vt 1 1
vt 0.2427 1
vt 1 1
vt 1 1
vt 1 1
vt 0.2427 1
vt 1 1
vt 0.9966 1
vt 1 1
vt 0.2817 1
vt 1 1
vt 0.2427 1
vt 1 1
vt 0.9966 1
vt 1 1
vt 0.2427 1
vt 1 1
vt 1 1
vt 1 1
vt 1 1
vt 1 1
vt 0.2427 1
vt 1 1
vt 0.9966 1
vt 1 1
vt 0.1866 1
vt 1 1
vt 1 1
vt 0.9966 1
vt 0.1866 1
vt 1 1
vt 0.9966 1
vt 1 1
vt 0.2427 1
vt 1 1
vt 1 1
vt 0.9966 1
vt 0.1866 1
vt 1 1
vt 0.9731 1
vt 1 1
vt 0.2427 1
vt 1 1
vt 0.3715 1
vt 1 1
vt 0.9731 1
vt 1 1
vt 0.1866 1
vt 1 1
vt 1 1
vt 0.9966 1
vt 1 1
vt 0.9966 1
vt 0.3723 1
vt 1 1
vt 0.9731 1
vt 1 1
vt 0.32 1
vt 1 1
vt 1 1
vt 0.9731 1
vt 0.3201 1
vt 1 1
vt 1 1
vt 1 1
vt 0.3723 1
vt 1 1
vt 1 1
vt 1 1
vt 0.3201 1
vt 1 1
vt 0.9966 1
vt 1 1
vt 0.3722 1
vt 1 1
vt 0.3201 1
vt 1 1
vt 0.9966 1
vt 1 1
vt 0.3212 1
vt 1 1
vt 1 1
vt 1 1
vt 1 1
vt 1 1
vt 0.3212 1
vt 1 1
vt 0.9966 1
vt 1 1
vt 0.2858 1
vt 1 1
vt 1 1
vt 0.9966 1
vt 0.9966 1
vt 1 1
vt 1 1
vt 0.9966 1
vt 0.9731 1
vt 0.9731 1
vn 0.07425 0.9232 -0.3769
vn -0.6513 0.726 0.2207
vn -0.3533 0.8296 0.4324
vn 0.3944 0.8995 -0.1881
vn -0.7739 -0.1618 0.6123
vn -0.8092 -0.1217 0.5747
vn -0.8181 -0.1256 0.5611
vn -0.08765 0.6917 0.7168
vn 0.7121 0.6998 0.05609
vn 0.8184 0.5608 -0.1248
vn 0.626 0.7063 -0.3305
vn 0.8383 0.515 -0.1786
vn 0.7066 0.6231 -0.3352
vn 0.5471 0.7056 -0.4503
vn 0.3935 0.7827 -0.4821
vn 0.02466 0.5089 0.8605
vn 0.8248 0.5394 0.1695
vn -0.8216 -0.1434 0.5516
vn -0.7798 -0.1886 0.5969
vn 0.0842 0.3883 0.9177
vn 0.8473 0.4908 0.2028
vn 0.8913 0.4534 0.003845
vn 0.8838 0.4675 -0.01593
vn 0.8859 0.4596 -0.06241
vn 0.8863 0.4552 -0.08435
vn -0.6816 -0.3663 0.6334
vn -0.7762 -0.3343 0.5345
vn -0.7021 -0.3327 0.6296
vn -0.7942 -0.2866 0.5358
vn -0.8558 -0.2765 0.4371
vn -0.8567 -0.294 0.4238
vn -0.8874 -0.2716 0.3725
vn -0.8615 -0.2631 0.4341
vn -0.8632 -0.281 0.4193
vn -0.8688 -0.2945 0.3981
vn -0.8156 -0.347 0.463
vn -0.6953 -0.2724 0.6651
vn -0.8072 -0.3096 0.5024
vn -0.7714 -0.3579 0.5261
vn -0.7853 -0.3712 0.4954
vn -0.6589 -0.3173 0.682
vn -0.8145 -0.3417 0.4688
vn -0.6907 -0.3013 0.6574
vn -0.7667 -0.3391 0.5451
vn -0.7931 -0.337 0.5072
vn -0.8157 -0.3437 0.4653
vn -0.698 -0.2985 0.6509
vn 0.8547 0.4383 0.278
vn 0.2371 0.1303 0.9627
vn 0.1902 0.07212 0.9791
vn 0.845 0.397 0.3583
vn 0.1412 0.03458 0.9893
vn 0.8252 0.3434 0.4485
vn 0.1715 0.2501 0.9529
vn 0.8533 0.4666 0.2326
vn 0.888 0.4257 0.174
vn 0.8732 0.4839 0.05747
vn 0.8728 0.4818 0.07727
vn 0.8307 0.5528 -0.06659
vn 0.8197 0.5589 -0.1252
vn 0.865 0.5017 -0.01068
vn 0.8778 0.4788 -0.01175
vn 0.8559 0.5085 -0.09378
vn 0.8476 0.5304 0.01462
vn 0.7772 0.6081 -0.1621
vn 0.8145 0.578 -0.04984
vn 0.72 0.6454 -0.255
vn 0.6805 0.6486 -0.3409
vn 0.7587 0.6112 -0.2254
vn 0.8118 0.5546 -0.1824
vn 0.7334 0.6043 -0.3115
vn 0.7958 0.5408 -0.2725
vn 0.8582 0.492 -0.1459
vn 0.7578 0.6454 -0.09549
vn 0.6576 0.6938 -0.2935
vn 0.681 0.7272 -0.08597
vn 0.6077 0.7659 -0.2099
vn 0.5125 0.7903 -0.3357
vn 0.5879 0.6983 -0.4082
vn 0.6198 0.6665 -0.4141
vn 0.5105 0.7715 -0.3797
vn 0.5777 0.7078 -0.4064
vn 0.6935 0.6045 -0.3918
vn 0.6339 0.7732 -0.02017
vn 0.5975 0.7995 -0.06204
vn 0.6312 0.7735 0.05811
vn 0.6114 0.7902 0.04151
vn 0.5073 0.86 -0.05496
vn 0.4921 0.8538 -0.1699
vn 0.4407 0.8621 -0.25
vn 0.4071 0.8975 -0.1696
vn 0.3759 0.8737 -0.3085
vn 0.4705 0.8162 -0.3353
vn 0.6441 0.7441 0.1771
vn 0.6155 0.7766 0.1345
vn 0.6508 0.6806 0.3364
vn 0.602 0.7519 0.2688
vn 0.5215 0.8415 0.1412
vn 0.5158 0.8565 0.01978
vn 0.3916 0.9112 -0.1277
vn 0.4088 0.9124 -0.01923
vn 0.3032 0.928 -0.2163
vn 0.3088 0.9008 -0.3052
vn 0.6473 0.6201 0.4432
vn 0.5919 0.697 0.4049
vn 0.6601 0.6009 0.4508
vn 0.6108 0.6308 0.4786
vn 0.6248 0.6133 0.4832
vn 0.563 0.7566 0.3324
vn 0.4968 0.8371 0.2289
vn 0.6101 0.6269 0.4845
vn 0.4473 0.836 0.3178
vn 0.3727 0.9275 0.02963
vn 0.1958 0.9275 -0.3182
vn 0.1695 0.8547 -0.4906
vn 0.2257 0.9626 -0.1495
vn 0.04169 0.8755 -0.4813
vn 0.09656 0.8197 -0.5646
vn 0.183 0.7175 -0.6721
vn 0.2001 0.794 -0.574
vn 0.3049 0.7584 -0.5759
vn 0.2889 0.605 -0.7419
vn 0.4126 0.5358 -0.7367
vn 0.5979 0.5125 -0.6163
vn 0.7125 0.3776 -0.5913
vn 0.3953 0.6899 -0.6064
vn 0.5072 0.6991 -0.5039
vn 0.7152 0.5007 -0.4876
vn 0.8363 0.3194 -0.4455
vn 0.1863 0.7981 -0.573
vn 0.04709 0.8374 -0.5446
vn 0.1982 0.8518 -0.4849
vn 0.3265 0.8041 -0.4967
vn 0.4229 0.7746 -0.4702
vn 0.5445 0.6738 -0.4995
vn 0.3198 0.839 -0.4403
vn 0.2085 0.8381 -0.5041
vn 0.3074 0.7664 -0.5641
vn 0.4227 0.6637 -0.6171
vn 0.6913 0.4934 -0.5279
vn 0.7877 0.32 -0.5264
vn 0.5703 0.4898 -0.6594
vn 0.6521 0.342 -0.6766
vn -0.002899 0.7582 -0.652
vn 0.1292 0.6688 -0.7321
vn -0.0933 0.8154 -0.5713
vn -0.3425 0.7478 -0.5687
vn -0.2616 0.7096 -0.6542
vn -0.1133 0.6456 -0.7551
vn 0.3158 0.5203 -0.7934
vn 0.4273 0.3887 -0.8162
vn 0.09677 0.5279 -0.8437
vn 0.2447 0.4131 -0.8772
vn -0.4217 0.6314 -0.6507
vn -0.2563 0.5863 -0.7684
vn -0.5067 0.6619 -0.5523
vn -0.6904 0.4611 -0.5574
vn -0.6345 0.4239 -0.6462
vn -0.5072 0.4015 -0.7625
vn -0.04019 0.4963 -0.8672
vn 0.1026 0.4091 -0.9067
vn -0.3518 0.3639 -0.8624
vn -0.2459 0.3342 -0.9098
vn -0.683 0.114 -0.7214
vn -0.6321 0.1457 -0.761
vn -0.7414 0.1063 -0.6625
vn -0.8043 -0.1035 -0.5851
vn -0.7818 -0.06647 -0.6199
vn -0.7625 -0.004212 -0.647
vn -0.7992 0.1089 -0.591
vn -0.823 0.1504 -0.5478
vn -0.8479 -0.1067 -0.5192
vn -0.8317 -0.1255 -0.5408
vn -0.8022 -0.3037 -0.514
vn -0.7941 -0.2762 -0.5414
vn -0.8171 -0.2988 -0.493
vn -0.7458 -0.4823 -0.4596
vn -0.728 -0.4911 -0.4784
vn -0.7356 -0.4804 -0.4776
vn -0.8046 -0.2357 -0.545
vn -0.8157 -0.1544 -0.5575
vn -0.7765 -0.4627 -0.4278
vn -0.8364 -0.4006 -0.3741
vn -0.6403 -0.6291 -0.4406
vn -0.6526 -0.6288 -0.4227
vn -0.6613 -0.6207 -0.4211
vn -0.5981 -0.6976 -0.3943
vn -0.5781 -0.7017 -0.4164
vn -0.5881 -0.7029 -0.3999
vn -0.6995 -0.6244 -0.3474
vn -0.7678 -0.588 -0.2542
vn -0.6333 -0.7015 -0.3268
vn -0.6961 -0.6795 -0.2315
vn -0.5137 -0.7581 -0.4016
vn -0.5244 -0.7554 -0.3929
vn -0.5254 -0.7594 -0.3837
vn -0.34 -0.8586 -0.3835
vn -0.3634 -0.8451 -0.3921
vn -0.3952 -0.8337 -0.3856
vn -0.5757 -0.7482 -0.3298
vn -0.6457 -0.7264 -0.2352
vn -0.4819 -0.8127 -0.3273
vn -0.6004 -0.7649 -0.2332
vn -0.1237 -0.9192 -0.3739
vn -0.2094 -0.9095 -0.359
vn -0.04724 -0.9282 -0.3691
vn 0.1353 -0.9203 -0.367
vn 0.01288 -0.9331 -0.3594
vn -0.1248 -0.9385 -0.3219
vn -0.3673 -0.8828 -0.2926
vn -0.5448 -0.813 -0.2054
vn -0.317 -0.9182 -0.2375
vn -0.4812 -0.864 -0.1477
vn 0.02957 -0.9353 -0.3525
vn -0.1134 -0.9567 -0.2679
vn 0.1732 -0.8996 -0.401
vn 0.2057 -0.8651 -0.4574
vn 0.08054 -0.9315 -0.3547
vn -0.04251 -0.9754 -0.2163
vn -0.259 -0.9539 -0.1513
vn -0.3757 -0.9252 -0.0539
vn -0.1497 -0.986 -0.0737
vn -0.234 -0.9719 0.02383
vn 0.1668 -0.8735 -0.4573
vn 0.06323 -0.9577 -0.2806
vn 0.2524 -0.7781 -0.5752
vn 0.2877 -0.6615 -0.6926
vn 0.2436 -0.7565 -0.6069
vn 0.1674 -0.8851 -0.4342
vn -0.03763 -0.995 -0.09232
vn -0.1137 -0.993 0.03092
vn 0.06333 -0.981 -0.1832
vn -0.02042 -0.9998 0.00531
vn 0.2123 -0.9443 -0.2512
vn 0.1091 -0.994 0.004242
vn 0.307 -0.7867 -0.5355
vn 0.4453 -0.7206 -0.5314
vn 0.3804 -0.8885 -0.2567
vn 0.2747 -0.9614 0.01764
vn 0.347 -0.6501 -0.676
vn 0.3594 -0.5878 -0.7248
vn 0.4493 -0.5909 -0.67
vn 0.4547 -0.6195 -0.6399
vn 0.4643 -0.7212 -0.514
vn 0.4791 -0.764 -0.4321
vn 0.4208 -0.6716 -0.6098
vn 0.1198 -0.8947 -0.4301
vn 0.3695 -0.863 -0.3445
vn 0.4146 -0.8656 -0.2806
vn 0.4605 -0.862 -0.2118
vn 0.3935 -0.9191 0.01813
vn 0.4498 -0.8802 -0.1512
vn 0.445 -0.8955 -0.0007935
vn 0.2642 -0.9408 -0.2121
vn 0.3611 -0.9189 -0.1587
vn 0.1562 -0.9607 -0.2293
vn 0.2394 -0.9563 -0.1678
vn 0.2967 -0.9445 -0.1408
vn 0.3801 -0.9199 -0.09647
vn 0.4279 -0.8982 -0.1005
vn 0.4693 -0.8828 -0.01651
vn 0.4603 -0.8865 -0.04746
vn 0.5287 -0.8485 0.01862
vn 0.3903 -0.9093 -0.1443
vn 0.482 -0.8731 -0.07303
vn 0.3383 -0.9207 -0.1943
vn 0.5481 -0.7951 -0.2595
vn 0.6059 -0.7749 -0.18
vn 0.7013 -0.7096 -0.06769
vn 0.5785 -0.8156 0.005707
vn 0.6621 -0.7429 0.09818
vn 0.7881 -0.6129 0.05646
vn 0.8401 -0.5105 0.183
vn 0.8334 -0.5138 -0.2034
vn 0.9029 -0.4252 -0.06238
vn 0.7768 -0.5498 -0.3071
vn 0.8961 -0.3244 -0.3028
vn 0.9432 -0.278 -0.1817
vn 0.9806 -0.1932 -0.03192
vn 0.947 -0.3082 0.09064
vn 0.9485 -0.2088 0.2381
vn 0.9879 -0.09455 0.1232
vn 0.9625 -0.0191 0.2707
vn 0.9777 -0.1574 -0.1392
vn 0.9955 -0.09473 0.009766
vn 0.9413 -0.1967 -0.2741
vn 0.9637 -0.1131 -0.2415
vn 0.9915 -0.08649 -0.09711
vn 0.9978 -0.04617 0.047
vn 0.9871 -0.01929 0.1588
vn 0.9529 0.05155 0.2988
vn 0.9813 0.0112 0.1923
vn 0.9407 0.08817 0.3275
vn 0.9655 0.1403 0.2192
vn 0.9199 0.1922 0.3416
vn 0.9908 0.09839 0.09333
vn 0.8948 0.4131 0.1693
vn 0.8681 0.4411 0.2274
vn 0.8543 0.4166 0.3108
vn 0.9977 0.05771 -0.03357
vn 0.9825 0.02124 -0.1853
vn 0.9637 0.2593 -0.06354
vn 0.9372 0.3366 0.09131
vn 0.7923 0.565 0.2303
vn 0.7066 0.6688 0.231
vn 0.8804 0.466 0.0875
vn 0.8267 0.529 0.1914
vn 0.7172 0.6201 0.3178
vn 0.6285 0.7318 0.2634
vn 0.6959 0.6921 0.1918
vn 0.7504 0.6195 0.2304
vn 0.6146 0.7739 0.1524
vn 0.6783 0.7202 0.1456
vn 0.612 0.7779 0.1427
vn 0.6398 0.7638 0.08518
vn 0.6439 0.7067 0.2932
vn 0.6711 0.6668 0.324
vn 0.6253 0.7649 0.1544
vn 0.6193 0.7833 0.0521
vn 0.7197 0.5884 0.3684
vn 0.8187 0.5151 0.2539
vn 0.8026 0.5079 0.3127
vn 0.7319 0.5486 0.4042
vn 0.7107 0.5532 0.4344
vn 0.6769 0.6498 0.3457
vn 0.7472 0.5419 0.3846
vn 0.6386 0.7499 0.1728
vn 0.6176 0.7851 0.04584
vn 0.7843 0.439 0.4382
vn 0.7555 0.6025 0.2573
vn 0.7089 0.6887 0.1517
vn 0.773 0.5568 0.3038
vn 0.6683 0.7412 0.06323
vn 0.7526 0.6373 0.1653
vn 0.6419 0.7667 0.004425
vn 0.723 0.6901 0.03327
vn 0.7925 0.1747 0.5843
vn 0.7653 0.2698 0.5843
vn 0.801 0.3937 0.451
vn 0.8336 0.2774 0.4776
vn 0.8216 0.488 0.2947
vn 0.8628 0.3703 0.3442
vn 0.8137 0.5701 0.1129
vn 0.8651 0.4707 0.1729
vn 0.8862 0.1662 0.4324
vn 0.861 0.1626 0.4818
vn 0.8787 0.2357 0.4149
vn 0.8937 0.2211 0.3905
vn 0.8911 0.3203 0.3214
vn 0.8995 0.2997 0.3178
vn 0.8868 0.4188 0.1952
vn 0.8955 0.3887 0.2167
vn 0.765 0.1636 0.6228
vn 0.885 0.269 0.3799
vn 0.891 0.3534 0.285
vn 0.8011 0.2733 0.5325
vn 0.6503 -0.02521 0.7592
vn 0.8571 0.1349 0.4971
vn 0.8711 0.1868 0.4542
vn 0.7076 0.04672 0.705
vn 0.8754 0.05145 0.4805
vn 0.8295 0.03311 0.5575
vn 0.8455 0.09296 0.5259
vn 0.8821 0.1155 0.4567
vn 0.7142 0.01144 0.6999
vn 0.7499 0.0744 0.6573
vn 0.5669 -0.1464 0.8106
vn 0.8292 0.01315 0.5587
vn 0.846 0.08768 0.5258
vn 0.6071 -0.07483 0.791
vn 0.8226 -0.1108 0.5577
vn 0.7655 -0.1115 0.6337
vn 0.8055 -0.02515 0.592
vn 0.8579 -0.02103 0.5133
vn 0.6351 -0.1307 0.7613
vn 0.6795 -0.04163 0.7325
vn 0.4381 -0.3573 0.8248
vn 0.7442 -0.1895 0.6405
vn 0.7986 -0.07993 0.5965
vn 0.5158 -0.2426 0.8216
vn 0.1292 -0.5834 0.8018
vn 0.4611 -0.4903 0.7396
vn 0.6406 -0.3354 0.6907
vn 0.3131 -0.4827 0.8179
vn 0.6118 -0.3998 0.6825
vn 0.7495 -0.245 0.6149
vn 0.6023 -0.3391 0.7226
vn 0.6984 -0.23 0.6777
vn 0.5407 -0.2911 0.7892
vn 0.5845 -0.2281 0.7786
vn 0.2073 -0.5857 0.7836
vn 0.3412 -0.5228 0.7812
vn 0.4844 -0.4214 0.7667
vn 0.4196 -0.5086 0.7518
vn 0.4413 -0.4525 0.7749
vn 0.4987 -0.3483 0.7937
vn -0.2174 -0.6071 0.7642
vn 0.02438 -0.618 0.7858
vn 0.2299 -0.5833 0.779
vn -0.07309 -0.6167 0.7838
vn -0.03018 -0.7791 0.6261
vn 0.1207 -0.7817 0.6118
vn 0.2113 -0.6575 0.7232
vn 0.04904 -0.6781 0.7333
vn 0.2893 -0.7485 0.5966
vn 0.3696 -0.6024 0.7074
vn -0.2795 -0.6865 0.6713
vn -0.1374 -0.7456 0.652
vn -0.09809 -0.6644 0.7409
vn -0.277 -0.6236 0.731
vn -0.06552 -0.8596 0.5066
vn 0.01093 -0.8762 0.4819
vn 0.05783 -0.8542 0.5166
vn -0.05875 -0.8426 0.5352
vn 0.138 -0.8908 0.4328
vn 0.2093 -0.8461 0.4902
vn -0.2369 -0.759 0.6065
vn -0.1156 -0.8363 0.536
vn -0.1304 -0.813 0.5675
vn -0.2635 -0.7451 0.6127
vn 0.2471 -0.8962 0.3685
vn 0.3227 -0.8367 0.4425
vn 0.333 -0.9031 0.271
vn 0.4143 -0.8492 0.3274
vn 0.5205 -0.7414 0.4235
vn 0.4103 -0.7204 0.5592
vn 0.4852 -0.5591 0.6722
vn 0.6258 -0.573 0.5291
vn 0.6933 -0.3901 0.6058
vn 0.5297 -0.4105 0.7421
vn 0.4027 -0.9049 0.1375
vn 0.4738 -0.8692 0.1416
vn 0.5721 -0.7973 0.1922
vn 0.7016 -0.6535 0.284
vn 0.8266 -0.4239 0.3701
vn 0.886 -0.1798 0.4275
vn 0.7231 -0.2449 0.6458
vn 0.8915 -0.02911 0.4519
vn 0.7364 -0.1415 0.6616
vn 0.5537 -0.3089 0.7733
vn 0.5699 -0.2446 0.7844
vn 0.5905 -0.1788 0.787
vn 0.7448 -0.05594 0.6649
vn 0.7524 0.03595 0.6577
vn 0.6209 -0.08365 0.7794
vn 0.8843 0.05463 0.4636
vn 0.8731 0.1202 0.4723
vn 0.6533 0.009552 0.757
vn 0.7606 0.1295 0.6362
vn 0.7705 0.212 0.6011
vn 0.6845 0.07004 0.7256
vn 0.8584 0.2103 0.4678
vn 0.834 0.3429 0.4321
vn 0.7986 0.4836 0.3582
vn 0.7817 0.31 0.5411
vn 0.7221 0.1454 0.6763
vn -0.04114 -0.9363 0.3488
vn 0.04584 -0.9577 0.284
vn 0.1643 -0.9308 0.3264
vn 0.05966 -0.914 0.4012
vn 0.1299 -0.9678 0.2157
vn 0.2518 -0.937 0.242
vn 0.201 -0.9696 0.1394
vn 0.3258 -0.9343 0.1447
vn -0.1358 -0.9763 0.1683
vn -0.07547 -0.9924 0.09711
vn 0.04669 -0.992 0.117
vn -0.01465 -0.9821 0.1879
vn -0.2254 -0.9535 0.2001
vn -0.1958 -0.9573 0.2126
vn -0.08432 -0.9661 0.244
vn -0.1398 -0.9497 0.2802
vn -0.213 -0.9728 0.09134
vn -0.2221 -0.9643 0.1441
vn -0.1613 -0.9429 0.2914
vn -0.1534 -0.9482 0.2781
vn -0.1026 -0.9113 0.3988
vn -0.1155 -0.9048 0.4099
vn -0.03864 -0.8854 0.4631
vn -0.08106 -0.87 0.4863
vn -0.3168 -0.8952 0.3133
vn -0.2402 -0.9622 0.128
vn -0.1721 -0.9326 0.3173
vn -0.2531 -0.8401 0.4798
vn -0.1376 -0.8866 0.4416
vn -0.226 -0.7928 0.566
vn -0.1158 -0.8498 0.5142
vn -0.2182 -0.7633 0.608
vn -0.4665 -0.7037 -0.5358
vn -0.4659 -0.7678 -0.4397
vn -0.3293 -0.9389 -0.1
vn -0.3315 -0.9219 -0.2004
vn -0.4967 -0.8488 -0.1811
vn -0.3385 -0.9388 0.06305
vn -0.6103 -0.7214 -0.3272
vn -0.5188 -0.6912 -0.5031
vn -0.3725 -0.9116 -0.1736
vn -0.4509 -0.8925 0.01321
vn -0.6134 -0.3056 -0.7283
vn -0.6294 -0.3913 -0.6713
vn -0.5559 -0.5218 -0.647
vn -0.5479 -0.4431 -0.7095
vn -0.704 -0.5439 -0.4565
vn -0.6242 -0.6701 -0.4017
vn -0.7878 -0.3474 -0.5086
vn -0.6749 -0.2962 -0.6758
vn -0.61 -0.4387 -0.6598
vn -0.7215 -0.496 -0.4831
vn -0.7526 -0.2144 -0.6225
vn -0.7758 -0.2913 -0.5596
vn -0.7039 -0.3303 -0.6288
vn -0.6839 -0.2455 -0.687
vn -0.83 -0.4159 -0.3714
vn -0.7693 -0.4725 -0.4299
vn -0.8726 -0.1956 -0.4476
vn -0.7906 -0.1872 -0.5829
vn -0.7353 -0.2253 -0.6392
vn -0.8332 -0.2533 -0.4915
vn -0.8619 -0.1663 -0.479
vn -0.889 -0.2274 -0.3974
vn -0.8411 -0.264 -0.472
vn -0.8146 -0.1953 -0.5461
vn -0.9199 -0.3107 -0.2392
vn -0.8825 -0.367 -0.294
vn -0.9387 -0.1151 -0.3248
vn -0.8724 -0.1293 -0.4714
vn -0.8378 -0.1623 -0.5213
vn -0.9097 -0.1572 -0.3844
vn -0.7092 0.158 -0.687
vn -0.7665 0.1125 -0.6322
vn -0.896 -0.1243 -0.4262
vn -0.8616 -0.06912 -0.5028
vn -0.8493 0.03778 -0.5264
vn -0.9348 -0.1996 -0.2939
vn -0.8535 0.1907 -0.4849
vn -0.7159 0.1863 -0.6728
vn -0.8643 -0.03278 -0.5019
vn -0.9398 -0.01865 -0.3411
vn -0.263 0.4806 -0.8365
vn -0.3745 0.4435 -0.8143
vn -0.5001 0.345 -0.7942
vn -0.4195 0.3792 -0.8248
vn -0.5349 0.3919 -0.7486
vn -0.6319 0.2849 -0.7208
vn -0.5229 0.557 -0.6452
vn -0.244 0.5235 -0.8163
vn -0.4338 0.4081 -0.8032
vn -0.6737 0.4175 -0.6098
vn -0.1816 0.5997 -0.7794
vn -0.3055 0.5531 -0.7751
vn -0.3573 0.4926 -0.7935
vn -0.2274 0.538 -0.8117
vn -0.4338 0.516 -0.7386
vn -0.5196 0.4445 -0.7296
vn -0.3408 0.714 -0.6116
vn -0.1091 0.6531 -0.7493
vn -0.1739 0.5902 -0.7883
vn -0.4319 0.639 -0.6365
vn -0.08194 0.7112 -0.6982
vn -0.1675 0.6686 -0.7245
vn -0.232 0.6149 -0.7537
vn -0.1233 0.6604 -0.7407
vn -0.2063 0.6282 -0.7501
vn -0.3113 0.5812 -0.7518
vn -0.2246 0.8267 -0.5159
vn -0.01059 0.7549 -0.6557
vn -0.04047 0.7105 -0.7025
vn -0.256 0.7821 -0.5681
vn 0.1605 0.7846 -0.5988
vn 0.2403 0.7508 -0.6153
vn -0.0387 0.7233 -0.6894
vn -0.01221 0.7554 -0.6551
vn 0.3583 0.6785 -0.6412
vn -0.0119 0.6773 -0.7356
vn -0.1952 0.8737 -0.4455
vn 0.08884 0.8104 -0.579
vn 0.009095 0.7878 -0.6158
vn -0.2252 0.8518 -0.473
vn 0.6833 0.6072 -0.4054
vn 0.5237 0.693 -0.4954
vn 0.3751 0.7644 -0.5244
vn 0.7886 0.4832 -0.3802
vn 0.6718 0.5717 -0.471
vn 0.2237 0.8106 -0.5412
vn -0.1041 0.8979 -0.4276
vn 0.8412 0.4838 -0.2413
vn 0.771 0.5417 -0.3347
vn 0.8187 0.4682 -0.3324
vn 0.8082 0.4648 -0.3616
vn 0.7636 0.4711 -0.4415
vn 0.8097 0.4147 -0.4151
vn 0.6753 0.4861 -0.5546
vn 0.7912 0.3785 -0.4803
vn 0.8615 0.3145 -0.3986
vn 0.8418 0.3833 -0.38
vn 0.7708 0.4443 -0.4566
vn 0.8112 0.3449 -0.4721
vn 0.5642 0.455 -0.6889
vn 0.4702 0.5778 -0.6671
vn 0.5528 0.5061 -0.662
vn 0.7645 0.3478 -0.5426
vn 0.8648 0.2745 -0.4203
vn 0.8155 0.2842 -0.504
vn 0.636 0.3446 -0.6904
vn 0.3745 0.3949 -0.8389
vn 0.2177 0.5041 -0.8357
vn 0.204 0.4133 -0.8874
vn 0.01474 0.5045 -0.8632
vn 0.06943 0.6109 -0.7887
vn -0.1584 0.5844 -0.7958
vn -0.2986 0.5514 -0.779
vn -0.1425 0.4934 -0.858
vn -0.414 0.4211 -0.8069
vn -0.4915 0.477 -0.7286
vn 0.05301 0.417 -0.9073
vn -0.2867 0.3562 -0.8893
vn -0.629 0.2016 -0.7508
vn -0.6688 0.2824 -0.6877
vn -0.7539 0.07941 -0.6522
vn -0.7479 0.1833 -0.638
vn -0.6457 0.3715 -0.6671
vn -0.6813 0.2993 -0.668
vn -0.7557 0.182 -0.6291
vn -0.8081 0.06388 -0.5855
vn -0.9165 -0.1749 -0.3598
vn -0.9092 -0.06507 -0.4113
vn -0.8123 -0.04669 -0.5813
vn -0.887 -0.29 -0.3593
vn -0.848 -0.5021 -0.1694
vn -0.9116 -0.3919 -0.1239
vn -0.7772 -0.6161 -0.1275
vn -0.8575 -0.5123 -0.047
vn -0.9425 -0.2896 -0.1666
vn -0.91 -0.4057 -0.08475
vn -0.7241 -0.6764 -0.1344
vn -0.8094 -0.5844 -0.05689
vn -0.6901 -0.7076 -0.1516
vn -0.7714 -0.6287 -0.09842
vn -0.8724 -0.4769 -0.1074
vn -0.8296 -0.5341 -0.1627
vn -0.7822 -0.5904 -0.199
vn -0.7339 -0.6688 -0.1181
vn -0.6766 -0.7316 -0.08362
vn -0.7256 -0.6598 -0.1952
vn -0.6552 -0.7412 -0.146
vn -0.5921 -0.8004 -0.09348
vn -0.4732 -0.8809 0.002319
vn -0.5673 -0.8234 0.01114
vn -0.3137 -0.946 0.08179
vn -0.4042 -0.9075 0.114
vn -0.6327 -0.7665 -0.1096
vn -0.4775 -0.8772 0.04993
vn -0.316 -0.9344 0.1646
vn -0.2518 -0.9548 0.1577
vn -0.1775 -0.9791 0.09885
vn 0.4496 0.6949 -0.5611
vn 0.6012 0.6061 -0.5206
vn 0.729 0.5365 -0.425
vn 0.8186 0.4938 -0.2934
vn 0.868 0.4658 -0.1717
vn -0.8524 0.5205 0.04834
vn -0.8369 0.538 0.1001
vn -0.8214 -0.2273 0.523
vn -0.8045 -0.2138 0.5541
vn -0.7764 -0.2006 0.5974
vn -0.8101 0.5664 0.1515
vn -0.76 0.6235 0.1834
vn -0.7529 -0.1859 0.6313
vn -0.7191 -0.3868 0.5773
vn -0.7035 -0.3802 0.6004
vn -0.753 -0.3383 0.5643
vn -0.7494 -0.3143 0.5827
vn -0.7055 -0.3394 0.6222
vn -0.6755 -0.3802 0.6317
vn -0.6481 -0.3738 0.6635
vn -0.7232 -0.3091 0.6175
vn -0.7855 -0.2473 0.5673
vn -0.6599 -0.3742 0.6515
vn -0.7013 -0.3835 0.6008
vn -0.8153 -0.2396 0.5271
vn -0.7167 -0.3147 0.6223
vn -0.7543 -0.3103 0.5785
vn -0.7072 -0.2185 0.6724
vn -0.5753 -0.3042 0.7593
vn -0.6158 -0.3444 0.7086
vn -0.7418 -0.2423 0.6252
vn -0.6554 -0.2474 0.7136
vn -0.7027 -0.2745 0.6563
vn -0.9557 0.2924 0.03314
vn -0.9362 0.3515 0.003906
vn -0.9034 0.4284 -0.0163
vn -0.8689 0.4949 -0.0001526
vn -0.6596 -0.1184 0.7422
vn -0.4964 -0.1462 0.8556
vn -0.5354 -0.2355 0.8111
vn -0.6794 -0.1728 0.713
vn -0.6039 -0.1238 0.7873
vn -0.646 -0.1859 0.7403
vn -0.9878 0.07898 0.1341
vn -0.9744 0.2134 0.0708
vn -0.69 -0.09171 0.718
vn -0.4933 -0.06784 0.8672
vn -0.4846 -0.0766 0.8713
vn -0.6533 -0.08039 0.7527
vn -0.5902 -0.07193 0.804
vn -0.6111 -0.08963 0.7865
vn -0.9842 -0.115 0.1348
vn -0.9821 -0.04279 0.1832
vn -0.7923 -0.2415 0.5603
vn -0.4877 -0.1889 0.8523
vn -0.5034 -0.1121 0.8567
vn -0.7535 -0.15 0.6401
vn -0.5362 -0.1891 0.8226
vn -0.5831 -0.1286 0.8021
vn -0.6566 -0.4452 0.6087
vn -0.3215 -0.341 0.8834
vn -0.4197 -0.2795 0.8635
vn -0.7617 -0.3506 0.5448
vn -0.352 -0.357 0.8652
vn -0.4593 -0.2903 0.8395
vn -0.8855 -0.4612 -0.05667
vn -0.9344 -0.3289 -0.1369
vn -0.9651 -0.2361 -0.1136
vn -0.9852 -0.1713 -0.0009156
vn -0.4225 -0.4419 0.7913
vn -0.2717 -0.3303 0.9039
vn -0.2418 -0.3588 0.9015
vn -0.5123 -0.4785 0.7131
vn -0.3188 -0.3832 0.8669
vn -0.3408 -0.3877 0.8564
vn -0.6806 -0.6959 0.2288
vn -0.7977 -0.5953 0.09632
vn -0.4099 -0.4083 0.8156
vn -0.4118 -0.3146 0.8553
vn -0.3646 -0.3112 0.8776
vn -0.4091 -0.4112 0.8146
vn -0.4214 -0.3549 0.8345
vn -0.3895 -0.3805 0.8387
vn -0.3924 -0.6985 0.5984
vn -0.5215 -0.7536 0.4001
vn -0.4178 -0.412 0.8097
vn -0.4403 -0.3338 0.8335
vn -0.4228 -0.3286 0.8445
vn -0.4053 -0.4107 0.8167
vn -0.4324 -0.3612 0.8262
vn -0.4261 -0.3693 0.8259
vn -0.5372 -0.4468 0.7154
vn -0.5812 -0.368 0.7257
vn -0.489 -0.3444 0.8014
vn -0.4584 -0.4176 0.7845
vn -0.564 -0.3862 0.7299
vn -0.4813 -0.3815 0.7891
vn -0.3378 -0.6105 0.7163
vn -0.3475 -0.6391 0.6861
vn -0.3995 -0.6164 0.6785
vn -0.3526 -0.6003 0.7178
vn -0.6468 -0.4666 0.6033
vn -0.7147 -0.3918 0.5793
vn -0.6738 -0.3951 0.6244
vn -0.6102 -0.4799 0.6304
vn -0.685 -0.4061 0.6049
vn -0.6039 -0.4084 0.6844
vn -0.4598 -0.5962 0.6581
vn -0.442 -0.6297 0.6388
vn -0.4754 -0.5415 0.6934
vn -0.4751 -0.5488 0.6879
vn -0.6858 -0.4311 0.5863
vn -0.6692 -0.4324 0.6043
vn -0.7377 -0.3926 0.5492
vn -0.7255 -0.3826 0.572
vn -0.7093 -0.4241 0.563
vn -0.6722 -0.4244 0.6066
vn -0.6288 -0.5181 0.5797
vn -0.7458 -0.4671 0.475
vn -0.7512 -0.433 0.4982
vn -0.6709 -0.4724 0.5716
vn -0.75 -0.4741 0.4613
vn -0.7199 -0.4596 0.5201
vn -0.5963 -0.4579 0.6593
vn -0.7321 -0.4075 0.5458
vn -0.7369 -0.4645 0.491
vn -0.595 -0.5171 0.6153
vn -0.7237 -0.3981 0.5637
vn -0.7306 -0.4494 0.5141
vn -0.3038 -0.5966 0.7428
vn -0.4147 -0.5738 0.7061
vn -0.1356 -0.4856 0.8636
vn -0.1974 -0.5642 0.8017
vn -0.6885 -0.3967 0.6071
vn -0.7638 -0.368 0.5301
vn -0.7443 -0.3578 0.5639
vn -0.6385 -0.3995 0.6577
vn -0.7124 -0.3737 0.594
vn -0.7026 -0.3764 0.6039
vn -0.1365 -0.3688 0.9194
vn -0.1253 -0.4094 0.9037
vn -0.6879 -0.4411 0.5763
vn -0.7656 -0.435 0.474
vn -0.769 -0.4125 0.4884
vn -0.7045 -0.4246 0.5687
vn -0.7099 -0.4419 0.5484
vn -0.6996 -0.4101 0.5851
vn -0.06156 -0.339 0.9387
vn -0.1236 -0.3565 0.9261
vn -0.6594 -0.3799 0.6487
vn -0.7851 -0.3959 0.4762
vn -0.769 -0.4265 0.476
vn -0.6641 -0.4276 0.6132
vn -0.7423 -0.3971 0.5397
vn -0.7137 -0.4239 0.5576
vn -0.8084 -0.3578 0.4673
vn -0.6797 -0.3254 0.6573
vn -0.7601 -0.3604 0.5407
vn 0.105 -0.1364 0.985
vn 0.03549 -0.2668 0.9631
vn 0.1253 -0.02335 0.9918
vn 0.8765 0.4777 -0.05887
vn 0.8739 0.4861 0.00473
vn 0.8539 0.4361 -0.2839
vn 0.8559 0.4627 -0.2308
vn 0.8325 0.5386 -0.1295
vn 0.8449 0.526 0.0976
vn 0.7773 0.5877 0.2244
vn 0.7789 0.6268 0.01782
vn 0.7189 0.6752 0.1651
vn 0.694 0.6276 0.3529
vn 0.7729 0.5405 -0.3322
vn 0.737 0.6435 -0.2065
vn 0.6494 0.5425 -0.5328
vn 0.6176 0.6397 -0.4574
vn 0.5694 0.7398 -0.3584
vn 0.6891 0.7208 -0.07401
vn 0.7981 0.4057 -0.4454
vn 0.7923 0.4526 -0.4092
vn 0.709 0.3951 -0.584
vn 0.6796 0.4641 -0.5681
vn 0.9393 0.2158 -0.2668
vn 0.9011 0.4086 -0.1449
vn 0.8784 0.1939 -0.4369
vn 0.8627 0.3683 -0.3465
vn 0.8162 0.1707 -0.5519
vn 0.8079 0.3278 -0.4897
vn 0.756 0.143 -0.6388
vn 0.7384 0.2905 -0.6085
vn 0.8508 -0.1124 -0.5134
vn 0.7909 -0.1085 -0.6023
vn 0.8068 0.01032 -0.5907
vn 0.8676 0.009156 -0.4971
vn 0.7398 -0.1169 -0.6626
vn 0.7557 0.003967 -0.6549
vn 0.9142 -0.1195 -0.3873
vn 0.9347 0.006714 -0.3553
vn 0.8478 -0.338 -0.4087
vn 0.8917 -0.2107 -0.4005
vn 0.7884 -0.3388 -0.5135
vn 0.8297 -0.2115 -0.5165
vn 0.7181 -0.3439 -0.605
vn 0.7644 -0.216 -0.6074
vn 0.6443 -0.3614 -0.674
vn 0.702 -0.2346 -0.6723
vn 0.4964 -0.7683 -0.4041
vn 0.4416 -0.7571 -0.4814
vn 0.6229 -0.5337 -0.572
vn 0.6895 -0.5381 -0.4848
vn 0.388 -0.7497 -0.5361
vn 0.5509 -0.5375 -0.6384
vn 0.5289 -0.784 -0.325
vn 0.7389 -0.5479 -0.3921
vn 0.1534 -0.961 -0.23
vn 0.08042 -0.9589 -0.272
vn 0.2348 -0.9023 -0.3616
vn 0.2907 -0.9088 -0.2993
vn 0.03125 -0.956 -0.2916
vn 0.1922 -0.8966 -0.3988
vn 0.2077 -0.9595 -0.1903
vn 0.3221 -0.9161 -0.2386
vn -0.282 -0.9301 -0.2354
vn -0.1107 -0.9669 -0.2299
vn -0.06247 -0.9714 -0.2292
vn -0.2506 -0.9349 -0.2513
vn 0.01904 -0.9773 -0.2107
vn -0.1067 -0.9657 -0.2367
vn -0.08676 -0.953 -0.2902
vn 0.1002 -0.975 -0.1981
vn 0.1178 -0.7936 -0.5969
vn -0.2764 -0.8679 -0.4127
vn -0.1994 -0.8574 -0.4743
vn 0.1717 -0.7101 -0.6828
vn 0.04559 -0.7616 -0.6465
vn -0.3056 -0.8724 -0.3813
vn -0.0629 -0.6572 -0.7511
vn -0.3318 -0.8636 -0.3795
vn -0.3068 -0.9306 -0.1996
vn -0.272 -0.9386 -0.2123
vn -0.1466 -0.9626 -0.2276
vn -0.2971 -0.9251 -0.2365
vn -0.3895 -0.8434 -0.37
vn -0.03885 -0.9494 -0.3115
vn -0.2085 -0.4335 -0.8767
vn -0.3683 -0.8321 -0.4147
vn -0.263 -0.2203 -0.9393
vn -0.4257 -0.7605 -0.4902
vn -0.3706 -0.9059 -0.205
vn -0.3453 -0.9174 -0.1978
vn -0.4708 -0.8498 -0.2368
vn -0.4577 -0.8547 -0.2449
vn -0.6755 -0.6576 -0.3334
vn -0.7229 -0.6104 -0.3237
vn -0.05136 -0.3888 -0.9199
vn -0.332 -0.7985 -0.5022
vn 0.1244 -0.7099 -0.6932
vn -0.1743 -0.8592 -0.481
vn -0.4397 -0.862 -0.2523
vn -0.4104 -0.8835 -0.2258
vn -0.4547 -0.8526 -0.2573
vn -0.4391 -0.8459 -0.3026
vn -0.4454 -0.8186 -0.3627
vn -0.5293 -0.7731 -0.3494
vn -0.6009 -0.6617 -0.4484
vn -0.8419 -0.3779 -0.3851
vn -0.427 -0.7771 -0.4622
vn -0.4578 -0.7024 -0.5449
vn -0.6328 -0.5895 -0.502
vn -0.8345 -0.3795 -0.3995
vn -0.6411 -0.5371 -0.5481
vn -0.8157 -0.4074 -0.4107
vn -0.4412 -0.6326 -0.6365
vn -0.5183 -0.5066 -0.689
vn -0.6838 -0.4404 -0.5817
vn -0.8424 -0.33 -0.426
vn -0.226 -0.7183 -0.658
vn -0.7628 -0.4589 -0.4556
vn -0.7136 -0.4777 -0.5124
vn -0.1194 -0.6221 -0.7738
vn -0.7114 -0.3897 -0.5848
vn -0.04031 -0.5023 -0.8637
vn -0.8043 -0.4432 -0.3958
vn -0.3577 -0.7753 -0.5205
vn 0.2578 -0.756 -0.6016
vn 0.3994 -0.5741 -0.7147
vn 0.5029 -0.4151 -0.7581
vn 0.09366 -0.8902 -0.4457
vn -0.7009 -0.2958 -0.649
vn 0.04535 -0.3718 -0.9272
vn -0.8729 -0.2214 -0.4348
vn -0.8615 -0.2352 -0.45
vn -0.6643 -0.2855 -0.6908
vn 0.1223 -0.2639 -0.9568
vn 0.5854 -0.2835 -0.7596
vn 0.6424 -0.1521 -0.7511
vn -0.6304 -0.3026 -0.7148
vn 0.1539 -0.1736 -0.9727
vn -0.8383 -0.289 -0.4621
vn -0.83 -0.3067 -0.4657
vn -0.6253 -0.2713 -0.7317
vn 0.1439 -0.06516 -0.9874
vn 0.6623 -0.02463 -0.7488
vn 0.6536 0.1028 -0.7497
vn -0.7327 -0.2889 -0.6162
vn -0.7139 -0.2985 -0.6334
vn -0.5726 -0.3286 -0.751
vn -0.5116 -0.3126 -0.8003
vn -0.5973 -0.2774 -0.7525
vn -0.7259 -0.3003 -0.6188
vn -0.7197 -0.3186 -0.6169
vn -0.483 -0.4364 -0.7591
vn -0.7439 -0.234 -0.626
vn -0.8504 -0.2616 -0.4565
vn -0.5584 -0.1922 -0.807
vn -0.6652 -0.1191 -0.7371
vn -0.7819 -0.167 -0.6006
vn -0.8691 -0.2054 -0.4498
vn -0.7839 -0.1046 -0.612
vn -0.8779 -0.1661 -0.4491
vn -0.6225 -0.0387 -0.7816
vn -0.7059 0.006012 -0.7083
vn -0.8044 -0.07144 -0.5897
vn -0.8795 -0.1583 -0.4488
vn -0.0126 0.2661 -0.9638
vn -0.711 -0.06339 -0.7003
vn -0.746 -0.002136 -0.6659
vn -0.08963 0.3652 -0.9266
vn -0.7533 -0.0002441 -0.6576
vn -0.129 0.3917 -0.911
vn -0.6567 -0.1756 -0.7334
vn 0.08258 0.0968 -0.9919
vn 0.5484 0.3928 -0.7382
vn 0.4816 0.4806 -0.7329
vn 0.4305 0.5348 -0.7271
vn 0.6154 0.2526 -0.7466
vn -0.7418 -0.04556 -0.669
vn -0.141 0.3913 -0.9094
vn -0.874 -0.202 -0.442
vn -0.8668 -0.2736 -0.4169
vn -0.7387 -0.09571 -0.6672
vn -0.1874 0.415 -0.8903
vn 0.392 0.5934 -0.703
vn 0.3337 0.6807 -0.6521
vn 0.08115 0.8521 -0.517
vn 0.459 0.8517 -0.2527
vn -0.4667 0.5512 -0.6916
vn -0.7813 0.5989 -0.1756
vn -0.3654 0.9254 -0.1008
vn 0.1757 0.9844 -0.004608
vn -0.8675 -0.005432 -0.4974
vn -0.9351 -0.227 -0.2719
vn -0.9998 0.007874 0.01654
vn -0.9909 0.1213 -0.05786
vn -0.8471 -0.08362 -0.5247
vn -0.9388 0.04379 -0.3415
vn -0.7747 0.1132 -0.6221
vn -0.819 0.4288 -0.3812
vn -0.8424 0.5364 -0.05051
vn -0.953 0.303 -0.004273
vn -0.8128 -0.05206 -0.5801
vn -0.6989 0.1268 -0.7038
vn -0.8878 0.4578 0.04627
vn -0.9721 0.2122 0.09998
vn -0.7831 0.6176 -0.07282
vn -0.7615 0.6279 -0.1604
vn -0.8335 0.5354 -0.1363
vn -0.9218 0.3706 -0.1139
vn -0.7207 0.5252 -0.4524
vn -0.7875 0.4068 -0.463
vn -0.6459 0.6439 -0.4101
vn -0.4751 0.6238 -0.6206
vn -0.55 0.4205 -0.7215
vn -0.6286 0.2196 -0.7461
vn -0.9674 0.2046 0.1489
vn -0.8972 0.4074 0.1704
vn -0.943 0.3255 -0.06915
vn -0.9044 0.4255 -0.03204
vn -0.8018 0.428 -0.4171
vn -0.7734 0.5076 -0.3795
vn -0.6033 0.3641 -0.7096
vn -0.5146 0.5754 -0.6357
vn -0.6146 0.769 0.1757
vn -0.009125 0.9821 0.1883
vn -0.7345 0.6778 0.03323
vn -0.2239 0.9559 0.19
vn -0.6729 0.6697 -0.314
vn -0.3356 0.9373 -0.09424
vn -0.3709 0.7698 -0.5194
vn -0.1482 0.9428 -0.2986
vn 0.733 0.5965 0.3269
vn 0.5965 0.796 0.1028
vn 0.5302 0.8083 0.2561
vn 0.713 0.5616 0.4198
vn 0.3562 0.8597 0.3661
vn 0.6226 0.5856 0.519
vn 0.5573 0.6337 0.5365
vn 0.1704 0.9507 0.2591
vn 0.1783 0.9839 -0.01093
vn 0.6938 0.5202 0.4978
vn 0.7016 0.46 0.5441
vn 0.6459 0.7632 0.01584
vn 0.6966 0.6656 0.2679
vn 0.6593 0.6071 0.4436
vn -0.06653 0.8547 -0.5147
vn 0.02469 0.9268 -0.3746
vn -0.2286 0.6286 -0.7434
vn 0.03107 0.7112 -0.7023
vn -0.01477 0.847 -0.5313
vn -0.01984 0.8772 -0.4797
vn 0.148 0.9646 -0.2181
vn 0.002533 0.8853 -0.465
vn -0.02753 0.8477 -0.5297
vn -0.04364 0.8462 -0.5311
vn 0.1243 0.8707 -0.4758
vn 0.1232 0.8722 -0.4733
vn 0.03082 0.8258 -0.5631
vn 0.3068 0.7171 -0.6258
vn 0.4898 0.7144 -0.4997
vn 0.2358 0.837 -0.4937
vn 0.3322 0.827 -0.4536
vn 0.26 0.8684 -0.4222
vn 0.4814 0.7214 -0.4978
vn 0.412 0.7607 -0.5016
vn 0.2715 0.8395 -0.4707
vn 0.1789 0.8746 -0.4506
vn 0.2541 0.8729 -0.4165
vn 0.1503 0.8769 -0.4566
vn 0.06973 0.8626 -0.501
vn -0.06235 0.8665 -0.4952
vn 0.2754 0.8094 -0.5187
vn 0.1133 0.8354 -0.5377
vn -0.1633 0.8559 -0.4907
vn -0.307 0.8213 -0.4809
vn -0.122 0.8496 -0.5131
vn -0.3594 0.7822 -0.5089
vn -0.3515 0.8042 -0.4793
vn -0.4873 0.7489 -0.4491
vn -0.01645 0.8189 -0.5736
vn -0.08155 0.7413 -0.6662
vn -0.4894 0.6807 -0.5451
vn -0.6462 0.5951 -0.4777
vn -0.5236 0.7013 -0.4837
vn -0.6905 0.5244 -0.4981
vn -0.8161 0.2363 -0.5273
vn -0.7613 0.3444 -0.5494
vn -0.7958 0.09973 -0.5972
vn -0.8491 -0.03207 -0.5271
vn -0.5545 0.4948 -0.6691
vn -0.06369 0.6361 -0.769
vn -0.005554 0.5793 -0.8151
vn -0.5495 0.333 -0.7662
vn -0.5312 0.2018 -0.8228
vn -0.7858 -0.09586 -0.611
vn 0.0286 0.5399 -0.8412
vn 0.0824 0.4264 -0.9008
vn -0.4893 0.02832 -0.8716
vn -0.743 -0.2868 -0.6047
vn -0.8277 -0.2387 -0.5078
vn -0.7693 -0.4263 -0.4758
vn -0.3471 -0.2267 -0.91
vn -0.647 -0.484 -0.5891
vn 0.2387 0.174 -0.9554
vn 0.4535 -0.1376 -0.8806
vn -0.1198 -0.5015 -0.8568
vn -0.5011 -0.6565 -0.5638
vn -0.6867 -0.5812 -0.4367
vn -0.604 -0.684 -0.4091
vn 0.1146 -0.6842 -0.7202
vn -0.3089 -0.7884 -0.532
vn 0.6186 -0.3704 -0.6929
vn 0.7213 -0.5135 -0.4647
vn 0.3505 -0.7736 -0.5278
vn -0.02115 -0.8879 -0.4595
vn -0.4959 -0.7691 -0.4031
vn -0.2503 -0.8822 -0.3987
vn 0.5686 -0.7507 -0.3365
vn 0.3007 -0.8824 -0.3617
vn 0.7817 -0.5607 -0.273
vn 0.8378 -0.5066 -0.2034
vn 0.6923 -0.6683 -0.2719
vn 0.4953 -0.8054 -0.3257
vn 0.08518 -0.927 -0.3652
vn 0.2954 -0.8865 -0.3562
vn 0.706 -0.6034 -0.3707
vn 0.5057 -0.7595 -0.409
vn 0.8738 -0.3892 -0.2912
vn 0.7706 -0.2648 -0.5797
vn 0.5966 -0.5511 -0.5833
vn 0.4441 -0.7054 -0.5523
vn 0.328 -0.8471 -0.4181
vn 0.3243 -0.7919 -0.5174
vn 0.4497 -0.4704 -0.7592
vn 0.3767 -0.6155 -0.6922
vn 0.5267 -0.1869 -0.8292
vn 0.3767 -0.195 -0.9055
vn 0.3601 -0.421 -0.8325
vn 0.3355 -0.54 -0.7719
vn 0.3184 -0.6966 -0.6429
vn 0.3142 -0.6005 -0.7352
vn 0.3619 -0.5593 -0.7457
vn 0.3614 -0.5233 -0.7717
vn 0.4302 -0.568 -0.7016
vn 0.4409 -0.5842 -0.6813
vn 0.3592 -0.4285 -0.8291
vn 0.3464 -0.2389 -0.9071
vn 0.3671 -0.2889 -0.8842
vn 0.4107 -0.4822 -0.7738
vn 0.3823 -0.5835 -0.7165
vn 0.4158 -0.6552 -0.6307
vn 0.3005 -0.3812 -0.8743
vn 0.4011 -0.6214 -0.673
vn 0.3454 0.1922 -0.9185
vn 0.288 0.1234 -0.9496
vn 0.3014 0.3869 -0.8715
vn 0.2233 0.3607 -0.9055
vn 0.1619 0.3373 -0.9274
vn 0.2564 0.08371 -0.9629
vn 0.1386 0.01453 -0.9902
vn 0.04196 0.2638 -0.9636
vn 0.3544 -0.05725 -0.9333
vn 0.3094 -0.05237 -0.9495
vn 0.3362 -0.523 -0.7832
vn 0.3626 -0.5648 -0.7413
vn 0.3999 -0.5106 -0.7611
vn 0.3041 -0.04486 -0.9516
vn 0.2255 -0.1244 -0.9662
vn 0.3057 -0.62 -0.7225
vn 0.8451 0.1927 -0.4986
vn 0.7625 -0.1978 -0.616
vn 0.5058 -0.09925 -0.8569
vn 0.499 0.381 -0.7783
vn 0.5845 -0.5893 -0.5576
vn 0.4358 -0.6041 -0.6671
vn 0.9603 -0.2659 -0.08463
vn 0.8752 -0.4577 -0.1567
vn 0.8739 -0.3992 -0.2772
vn 0.9794 -0.1058 -0.172
vn 0.7438 -0.6287 -0.2271
vn 0.654 -0.6518 -0.384
vn 0.8578 0.09751 -0.5047
vn 0.5335 0.2375 -0.8118
vn 0.9351 -0.3312 -0.1257
vn 0.9661 -0.1698 -0.1946
vn 0.9645 -0.1067 -0.2414
vn 0.9042 -0.2926 -0.3112
vn 0.8809 -0.432 -0.1935
vn 0.9578 -0.251 -0.1396
vn 0.7642 -0.5086 -0.3965
vn 0.7268 -0.6142 -0.3073
vn 0.9145 -0.2413 -0.3248
vn 0.9167 -0.3521 -0.1891
vn 0.8682 0.3157 -0.3829
vn 0.8337 0.2049 -0.5127
vn 0.8896 -0.04685 -0.4542
vn 0.9348 0.1158 -0.3357
vn 0.7224 0.00528 -0.6915
vn 0.7246 -0.3252 -0.6076
vn 0.7943 0.1822 -0.5795
vn 0.8801 -0.04727 -0.4724
vn 0.6864 0.6094 -0.3967
vn 0.6264 0.5904 -0.509
vn 0.7196 0.4497 -0.529
vn 0.7691 0.5013 -0.3964
vn 0.4985 0.5489 -0.6709
vn 0.5732 0.2463 -0.7815
vn 0.6918 0.5661 -0.4482
vn 0.619 0.5783 -0.5314
vn 0.5844 0.6223 -0.5208
vn 0.6658 0.6229 -0.4108
vn 0.4566 0.6063 -0.6511
vn 0.4057 0.579 -0.7072
vn 0.5408 0.6024 -0.587
vn 0.6558 0.4325 -0.6187
vn 0.4996 0.6207 -0.6042
vn 0.5022 0.6475 -0.5733
vn 0.7423 0.4201 -0.522
vn 0.6794 0.4715 -0.5622
vn 0.6499 0.5118 -0.5618
vn 0.7296 0.471 -0.4958
vn 0.4613 0.6236 -0.6311
vn 0.3795 0.6461 -0.6621
vn 0.4551 0.6222 -0.6369
vn 0.478 0.5953 -0.6459
vn 0.7537 0.4122 -0.5118
vn 0.6644 0.5219 -0.535
vn 0.6661 0.4841 -0.5675
vn 0.7511 0.3962 -0.5281
vn 0.4343 0.7153 -0.5474
vn 0.3773 0.7146 -0.589
vn 0.5138 0.651 -0.5588
vn 0.4701 0.6498 -0.5972
vn 0.7977 0.28 -0.5341
vn 0.6822 0.5073 -0.5264
vn 0.662 0.5295 -0.5304
vn 0.7713 0.3725 -0.5161
vn 0.4242 0.7843 -0.4526
vn 0.3812 0.7859 -0.4869
vn 0.898 0.2565 -0.3574
vn 0.6818 0.5618 -0.4686
vn 0.6804 0.5485 -0.4859
vn 0.8403 0.2275 -0.492
vn 0.3714 0.7834 -0.4982
vn 0.3626 0.8062 -0.4675
vn 0.6493 0.5348 -0.5407
vn 0.575 0.6209 -0.5328
vn 0.7864 0.4292 -0.4443
vn 0.7241 0.4372 -0.5334
vn 0.2822 -0.1112 -0.9529
vn 0.1902 0.2794 -0.9411
vn 0.6263 0.4912 -0.6053
vn 0.8643 0.1252 -0.4871
vn -0.01367 0.6887 -0.7249
vn 0.1684 0.7685 -0.6172
vn 0.1525 0.2453 -0.9574
vn 0.7455 0.3671 -0.5562
vn -0.3575 0.3284 -0.8742
vn -0.435 -0.0434 -0.8993
vn -0.2505 0.6718 -0.6971
vn -0.4096 0.2014 -0.8897
vn -0.6612 -0.3191 0.6789
vn -0.05371 -0.02918 -0.9981
f 1/1/1 2/2/2 3/3/3
f 1/1/1 3/3/3 4/4/4
f 2/2/2 5/5/5 6/6/6
f 2/2/2 6/6/6 3/3/3
f 3/3/3 6/6/6 7/7/7
f 3/3/3 7/7/7 8/8/8
f 4/4/4 3/3/3 8/8/8
f 4/4/4 8/8/8 9/9/9
f 9/9/9 10/10/10 11/11/11
f 9/9/9 11/11/11 4/4/4
f 10/10/10 12/12/12 13/13/13
f 10/10/10 13/13/13 11/11/11
f 11/11/11 13/13/13 14/14/14
f 11/11/11 14/14/14 15/15/15
f 4/4/4 11/11/11 15/15/15
f 4/4/4 15/15/15 1/1/1
f 9/9/9 8/8/8 16/16/16
f 9/9/9 16/16/16 17/17/17
f 8/8/8 7/7/7 18/18/18
f 8/8/8 18/18/18 16/16/16
f 16/16/16 18/18/18 19/19/19
f 16/16/16 19/19/19 20/20/20
f 17/17/17 16/16/16 20/20/20
f 17/17/17 20/20/20 21/21/21
f 21/21/21 22/22/22 23/23/23
f 21/21/21 23/23/23 17/17/17
f 22/22/22 24/24/24 25/25/25
f 22/22/22 25/25/25 23/23/23
f 23/23/23 25/25/25 12/12/12
f 23/23/23 12/12/12 10/10/10
f 17/17/17 23/23/23 10/10/10
f 17/17/17 10/10/10 9/9/9
f 5/5/5 26/26/26 27/27/27
f 5/5/5 27/27/27 6/6/6
f 26/26/26 28/28/28 29/29/29
f 26/26/26 29/29/29 27/27/27
f 27/27/27 29/29/29 30/30/30
f 27/27/27 30/30/30 31/31/31
f 6/6/6 27/27/27 31/31/31
f 6/6/6 31/31/31 7/7/7
f 7/7/7 31/31/31 32/32/32
f 7/7/7 32/32/32 18/18/18
f 31/31/31 30/30/30 33/33/33
f 31/31/31 33/33/33 32/32/32
f 32/32/32 33/33/33 34/34/34
f 32/32/32 34/34/34 35/35/35
f 18/18/18 32/32/32 35/35/35
f 18/18/18 35/35/35 19/19/19
f 19/19/19 35/35/35 36/36/36
f 19/19/19 36/36/36 37/37/37
f 35/35/35 34/34/34 38/38/38
f 35/35/35 38/38/38 36/36/36
f 36/36/36 38/38/38 39/39/39
f 36/36/36 39/39/39 40/40/40
f 37/37/37 36/36/36 40/40/40
f 37/37/37 40/40/40 41/41/41
f 41/41/41 40/40/40 42/42/42
f 41/41/41 42/42/42 43/43/43
f 40/40/40 39/39/39 44/44/44
f 40/40/40 44/44/44 42/42/42
f 42/42/42 44/44/44 45/45/45
f 42/42/42 45/45/45 46/46/46
f 43/43/43 42/42/42 46/46/46
f 43/43/43 46/46/46 47/47/47
f 48/48/48 49/49/49 50/50/50
f 48/48/48 50/50/50 51/51/51
f 49/49/49 41/41/41 43/43/43
f 49/49/49 43/43/43 50/50/50
f 50/50/50 43/43/43 47/47/47
f 50/50/50 47/47/47 52/52/52
f 51/51/51 50/50/50 52/52/52
f 51/51/51 52/52/52 53/53/53
f 21/21/21 20/20/20 54/54/54
f 21/21/21 54/54/54 55/55/55
f 20/20/20 19/19/19 37/37/37
f 20/20/20 37/37/37 54/54/54
f 54/54/54 37/37/37 41/41/41
f 54/54/54 41/41/41 49/49/49
f 55/55/55 54/54/54 49/49/49
f 55/55/55 49/49/49 48/48/48
f 53/53/53 56/56/56 57/57/57
f 53/53/53 57/57/57 51/51/51
f 56/56/56 58/58/58 59/59/59
f 56/56/56 59/59/59 57/57/57
f 57/57/57 59/59/59 60/60/60
f 57/57/57 60/60/60 61/61/61
f 51/51/51 57/57/57 61/61/61
f 51/51/51 61/61/61 48/48/48
f 48/48/48 61/61/61 62/62/62
f 48/48/48 62/62/62 55/55/55
f 61/61/61 60/60/60 63/63/63
f 61/61/61 63/63/63 62/62/62
f 62/62/62 63/63/63 24/24/24
f 62/62/62 24/24/24 22/22/22
f 55/55/55 62/62/62 22/22/22
f 55/55/55 22/22/22 21/21/21
f 58/58/58 64/64/64 65/65/65
f 58/58/58 65/65/65 59/59/59
f 64/64/64 66/66/66 67/67/67
f 64/64/64 67/67/67 65/65/65
f 65/65/65 67/67/67 68/68/68
f 65/65/65 68/68/68 69/69/69
f 59/59/59 65/65/65 69/69/69
f 59/59/59 69/69/69 60/60/60
f 60/60/60 69/69/69 70/70/70
f 60/60/60 70/70/70 63/63/63
f 69/69/69 68/68/68 71/71/71
f 69/69/69 71/71/71 70/70/70
f 70/70/70 71/71/71 72/72/72
f 70/70/70 72/72/72 73/73/73
f 63/63/63 70/70/70 73/73/73
f 63/63/63 73/73/73 24/24/24
f 66/66/66 74/74/74 75/75/75
f 66/66/66 75/75/75 67/67/67
f 74/74/74 76/76/76 77/77/77
f 74/74/74 77/77/77 75/75/75
f 75/75/75 77/77/77 78/78/78
f 75/75/75 78/78/78 79/79/79
f 67/67/67 75/75/75 79/79/79
f 67/67/67 79/79/79 68/68/68
f 68/68/68 79/79/79 80/80/80
f 68/68/68 80/80/80 71/71/71
f 79/79/79 78/78/78 81/81/81
f 79/79/79 81/81/81 80/80/80
f 80/80/80 81/81/81 82/82/82
f 80/80/80 82/82/82 83/83/83
f 71/71/71 80/80/80 83/83/83
f 71/71/71 83/83/83 72/72/72
f 76/76/76 84/84/84 85/85/85
f 76/76/76 85/85/85 77/77/77
f 84/84/84 86/86/86 87/87/87
f 84/84/84 87/87/87 85/85/85
f 85/85/85 87/87/87 88/88/88
f 85/85/85 88/88/88 89/89/89
f 77/77/77 85/85/85 89/89/89
f 77/77/77 89/89/89 78/78/78
f 78/78/78 89/89/89 90/90/90
f 78/78/78 90/90/90 81/81/81
f 89/89/89 88/88/88 91/91/91
f 89/89/89 91/91/91 90/90/90
f 90/90/90 91/91/91 92/92/92
f 90/90/90 92/92/92 93/93/93
f 81/81/81 90/90/90 93/93/93
f 81/81/81 93/93/93 82/82/82
f 86/86/86 94/94/94 95/95/95
f 86/86/86 95/95/95 87/87/87
f 94/94/94 96/96/96 97/97/97
f 94/94/94 97/97/97 95/95/95
f 95/95/95 97/97/97 98/98/98
f 95/95/95 98/98/98 99/99/99
f 87/87/87 95/95/95 99/99/99
f 87/87/87 99/99/99 88/88/88
f 88/88/88 99/99/99 100/100/100
f 88/88/88 100/100/100 91/91/91
f 99/99/99 98/98/98 101/101/101
f 99/99/99 101/101/101 100/100/100
f 100/100/100 101/101/101 102/102/102
f 100/100/100 102/102/102 103/103/103
f 91/91/91 100/100/100 103/103/103
f 91/91/91 103/103/103 92/92/92
f 96/96/96 104/104/104 105/105/105
f 96/96/96 105/105/105 97/97/97
f 104/104/104 106/106/106 107/107/107
f 104/104/104 107/107/107 105/105/105
f 105/105/105 107/107/107 108/108/108
f 105/105/105 108/108/108 109/109/109
f 97/97/97 105/105/105 109/109/109
f 97/97/97 109/109/109 98/98/98
f 98/98/98 109/109/109 110/110/110
f 98/98/98 110/110/110 101/101/101
f 109/109/109 108/108/108 111/111/111
f 109/109/109 111/111/111 110/110/110
f 110/110/110 111/111/111 112/112/112
f 110/110/110 112/112/112 113/113/113
f 101/101/101 110/110/110 113/113/113
f 101/101/101 113/113/113 102/102/102
f 102/102/102 113/113/113 114/114/114
f 102/102/102 114/114/114 115/115/115
f 113/113/113 112/112/112 116/116/116
f 113/113/113 116/116/116 114/114/114
f 114/114/114 116/116/116 117/117/117
f 114/114/114 117/117/117 118/118/118
f 115/115/115 114/114/114 118/118/118
f 115/115/115 118/118/118 119/119/119
f 92/92/92 103/103/103 120/120/120
f 92/92/92 120/120/120 121/121/121
f 103/103/103 102/102/102 115/115/115
f 103/103/103 115/115/115 120/120/120
f 120/120/120 115/115/115 119/119/119
f 120/120/120 119/119/119 122/122/122
f 121/121/121 120/120/120 122/122/122
f 121/121/121 122/122/122 123/123/123
f 123/123/123 122/122/122 124/124/124
f 123/123/123 124/124/124 125/125/125
f 122/122/122 119/119/119 126/126/126
f 122/122/122 126/126/126 124/124/124
f 124/124/124 126/126/126 127/127/127
f 124/124/124 127/127/127 128/128/128
f 125/125/125 124/124/124 128/128/128
f 125/125/125 128/128/128 129/129/129
f 119/119/119 118/118/118 130/130/130
f 119/119/119 130/130/130 126/126/126
f 118/118/118 117/117/117 131/131/131
f 118/118/118 131/131/131 130/130/130
f 130/130/130 131/131/131 132/132/132
f 130/130/130 132/132/132 133/133/133
f 126/126/126 130/130/130 133/133/133
f 126/126/126 133/133/133 127/127/127
f 127/127/127 133/133/133 134/134/134
f 127/127/127 134/134/134 135/135/135
f 133/133/133 132/132/132 136/136/136
f 133/133/133 136/136/136 134/134/134
f 134/134/134 136/136/136 137/137/137
f 134/134/134 137/137/137 138/138/138
f 135/135/135 134/134/134 138/138/138
f 135/135/135 138/138/138 139/139/139
f 129/129/129 128/128/128 140/140/140
f 129/129/129 140/140/140 141/141/141
f 128/128/128 127/127/127 135/135/135
f 128/128/128 135/135/135 140/140/140
f 140/140/140 135/135/135 139/139/139
f 140/140/140 139/139/139 142/142/142
f 141/141/141 140/140/140 142/142/142
f 141/141/141 142/142/142 143/143/143
f 139/139/139 138/138/138 144/144/144
f 139/139/139 144/144/144 145/145/145
f 138/138/138 137/137/137 146/146/146
f 138/138/138 146/146/146 144/144/144
f 144/144/144 146/146/146 147/147/147
f 144/144/144 147/147/147 148/148/148
f 145/145/145 144/144/144 148/148/148
f 145/145/145 148/148/148 149/149/149
f 143/143/143 142/142/142 150/150/150
f 143/143/143 150/150/150 151/151/151
f 142/142/142 139/139/139 145/145/145
f 142/142/142 145/145/145 150/150/150
f 150/150/150 145/145/145 149/149/149
f 150/150/150 149/149/149 152/152/152
f 151/151/151 150/150/150 152/152/152
f 151/151/151 152/152/152 153/153/153
f 149/149/149 148/148/148 154/154/154
f 149/149/149 154/154/154 155/155/155
f 148/148/148 147/147/147 156/156/156
f 148/148/148 156/156/156 154/154/154
f 154/154/154 156/156/156 157/157/157
f 154/154/154 157/157/157 158/158/158
f 155/155/155 154/154/154 158/158/158
f 155/155/155 158/158/158 159/159/159
f 153/153/153 152/152/152 160/160/160
f 153/153/153 160/160/160 161/161/161
f 152/152/152 149/149/149 155/155/155
f 152/152/152 155/155/155 160/160/160
f 160/160/160 155/155/155 159/159/159
f 160/160/160 159/159/159 162/162/162
f 161/161/161 160/160/160 162/162/162
f 161/161/161 162/162/162 163/163/163
f 163/163/163 162/162/162 164/164/164
f 163/163/163 164/164/164 165/165/165
f 162/162/162 159/159/159 166/166/166
f 162/162/162 166/166/166 164/164/164
f 164/164/164 166/166/166 167/167/167
f 164/164/164 167/167/167 168/168/168
f 165/165/165 164/164/164 168/168/168
f 165/165/165 168/168/168 169/169/169
f 159/159/159 158/158/158 170/170/170
f 159/159/159 170/170/170 166/166/166
f 158/158/158 157/157/157 171/171/171
f 158/158/158 171/171/171 170/170/170
f 170/170/170 171/171/171 172/172/172
f 170/170/170 172/172/172 173/173/173
f 166/166/166 170/170/170 173/173/173
f 166/166/166 173/173/173 167/167/167
f 167/167/167 173/173/173 174/174/174
f 167/167/167 174/174/174 175/175/175
f 173/173/173 172/172/172 176/176/176
f 173/173/173 176/176/176 174/174/174
f 174/174/174 176/176/176 177/177/177
f 174/174/174 177/177/177 178/178/178
f 175/175/175 174/174/174 178/178/178
f 175/175/175 178/178/178 179/179/179
f 169/169/169 168/168/168 180/180/180
f 169/169/169 180/180/180 181/181/181
f 168/168/168 167/167/167 175/175/175
f 168/168/168 175/175/175 180/180/180
f 180/180/180 175/175/175 179/179/179
f 180/180/180 179/179/179 182/182/182
f 181/181/181 180/180/180 182/182/182
f 181/181/181 182/182/182 183/183/183
f 179/179/179 178/178/178 184/184/184
f 179/179/179 184/184/184 185/185/185
f 178/178/178 177/177/177 186/186/186
f 178/178/178 186/186/186 184/184/184
f 184/184/184 186/186/186 187/187/187
f 184/184/184 187/187/187 188/188/188
f 185/185/185 184/184/184 188/188/188
f 185/185/185 188/188/188 189/189/189
f 183/183/183 182/182/182 190/190/190
f 183/183/183 190/190/190 191/191/191
f 182/182/182 179/179/179 185/185/185
f 182/182/182 185/185/185 190/190/190
f 190/190/190 185/185/185 189/189/189
f 190/190/190 189/189/189 192/192/192
f 191/191/191 190/190/190 192/192/192
f 191/191/191 192/192/192 193/193/193
f 189/189/189 188/188/188 194/194/194
f 189/189/189 194/194/194 195/195/195
f 188/188/188 187/187/187 196/196/196
f 188/188/188 196/196/196 194/194/194
f 194/194/194 196/196/196 197/197/197
f 194/194/194 197/197/197 198/198/198
f 195/195/195 194/194/194 198/198/198
f 195/195/195 198/198/198 199/199/199
f 193/193/193 192/192/192 200/200/200
f 193/193/193 200/200/200 201/201/201
f 192/192/192 189/189/189 195/195/195
f 192/192/192 195/195/195 200/200/200
f 200/200/200 195/195/195 199/199/199
f 200/200/200 199/199/199 202/202/202
f 201/201/201 200/200/200 202/202/202
f 201/201/201 202/202/202 203/203/203
f 199/199/199 198/198/198 204/204/204
f 199/199/199 204/204/204 205/205/205
f 198/198/198 197/197/197 206/206/206
f 198/198/198 206/206/206 204/204/204
f 204/204/204 206/206/206 207/207/207
f 204/204/204 207/207/207 208/208/208
f 205/205/205 204/204/204 208/208/208
f 205/205/205 208/208/208 209/209/209
f 203/203/203 202/202/202 210/210/210
f 203/203/203 210/210/210 211/211/211
f 202/202/202 199/199/199 205/205/205
f 202/202/202 205/205/205 210/210/210
f 210/210/210 205/205/205 209/209/209
f 210/210/210 209/209/209 212/212/212
f 211/211/211 210/210/210 212/212/212
f 211/211/211 212/212/212 213/213/213
f 209/209/209 208/208/208 214/214/214
f 209/209/209 214/214/214 215/215/215
f 208/208/208 207/207/207 216/216/216
f 208/208/208 216/216/216 214/214/214
f 214/214/214 216/216/216 217/217/217
f 214/214/214 217/217/217 218/218/218
f 215/215/215 214/214/214 218/218/218
f 215/215/215 218/218/218 219/219/219
f 213/213/213 212/212/212 220/220/220
f 213/213/213 220/220/220 221/221/221
f 212/212/212 209/209/209 215/215/215
f 212/212/212 215/215/215 220/220/220
f 220/220/220 215/215/215 219/219/219
f 220/220/220 219/219/219 222/222/222
f 221/221/221 220/220/220 222/222/222
f 221/221/221 222/222/222 223/223/223
f 219/219/219 218/218/218 224/224/224
f 219/219/219 224/224/224 225/225/225
f 218/218/218 217/217/217 226/226/226
f 218/218/218 226/226/226 224/224/224
f 224/224/224 226/226/226 227/227/227
f 224/224/224 227/227/227 228/228/228
f 225/225/225 224/224/224 228/228/228
f 225/225/225 228/228/228 229/229/229
f 223/223/223 222/222/222 230/230/230
f 223/223/223 230/230/230 231/231/231
f 222/222/222 219/219/219 225/225/225
f 222/222/222 225/225/225 230/230/230
f 230/230/230 225/225/225 229/229/229
f 230/230/230 229/229/229 232/232/232
f 231/231/231 230/230/230 232/232/232
f 231/231/231 232/232/232 233/233/233
f 233/233/233 232/232/232 234/234/234
f 233/233/233 234/234/234 235/235/235
f 232/232/232 229/229/229 236/236/236
f 232/232/232 236/236/236 234/234/234
f 234/234/234 236/236/236 237/237/237
f 234/234/234 237/237/237 238/238/238
f 235/235/235 234/234/234 238/238/238
f 235/235/235 238/238/238 239/239/239
f 229/229/229 228/228/228 240/240/240
f 229/229/229 240/240/240 236/236/236
f 228/228/228 227/227/227 241/241/241
f 228/228/228 241/241/241 240/240/240
f 240/240/240 241/241/241 242/242/242
f 240/240/240 242/242/242 243/243/243
f 236/236/236 240/240/240 243/243/243
f 236/236/236 243/243/243 237/237/237
f 237/237/237 243/243/243 244/244/244
f 237/237/237 244/244/244 245/245/245
f 243/243/243 242/242/242 246/246/246
f 243/243/243 246/246/246 244/244/244
f 244/244/244 246/246/246 247/247/247
f 244/244/244 247/247/247 248/248/248
f 245/245/245 244/244/244 248/248/248
f 245/245/245 248/248/248 249/249/249
f 239/239/239 238/238/238 250/250/250
f 239/239/239 250/250/250 251/251/251
f 238/238/238 237/237/237 245/245/245
f 238/238/238 245/245/245 250/250/250
f 250/250/250 245/245/245 249/249/249
f 250/250/250 249/249/249 252/252/252
f 251/251/251 250/250/250 252/252/252
f 251/251/251 252/252/252 253/253/253
f 249/249/249 248/248/248 254/254/254
f 249/249/249 254/254/254 255/255/255
f 248/248/248 247/247/247 256/256/256
f 248/248/248 256/256/256 254/254/254
f 254/254/254 256/256/256 257/257/257
f 254/254/254 257/257/257 258/258/258
f 255/255/255 254/254/254 258/258/258
f 255/255/255 258/258/258 259/259/259
f 253/253/253 252/252/252 260/260/260
f 253/253/253 260/260/260 261/261/261
f 252/252/252 249/249/249 255/255/255
f 252/252/252 255/255/255 260/260/260
f 260/260/260 255/255/255 259/259/259
f 260/260/260 259/259/259 262/262/262
f 261/261/261 260/260/260 262/262/262
f 261/261/261 262/262/262 263/263/263
f 259/259/259 258/258/258 264/264/264
f 259/259/259 264/264/264 265/265/265
f 258/258/258 257/257/257 266/266/266
f 258/258/258 266/266/266 264/264/264
f 264/264/264 266/266/266 267/267/267
f 264/264/264 267/267/267 268/268/268
f 265/265/265 264/264/264 268/268/268
f 265/265/265 268/268/268 269/269/269
f 263/263/263 262/262/262 270/270/270
f 263/263/263 270/270/270 271/271/271
f 262/262/262 259/259/259 265/265/265
f 262/262/262 265/265/265 270/270/270
f 270/270/270 265/265/265 269/269/269
f 270/270/270 269/269/269 272/272/272
f 271/271/271 270/270/270 272/272/272
f 271/271/271 272/272/272 273/273/273
f 269/269/269 268/268/268 274/274/274
f 269/269/269 274/274/274 275/275/275
f 268/268/268 267/267/267 276/276/276
f 268/268/268 276/276/276 274/274/274
f 274/274/274 276/276/276 277/277/277
f 274/274/274 277/277/277 278/278/278
f 275/275/275 274/274/274 278/278/278
f 275/275/275 278/278/278 279/279/279
f 273/273/273 272/272/272 280/280/280
f 273/273/273 280/280/280 281/281/281
f 272/272/272 269/269/269 275/275/275
f 272/272/272 275/275/275 280/280/280
f 280/280/280 275/275/275 279/279/279
f 280/280/280 279/279/279 282/282/282
f 281/281/281 280/280/280 282/282/282
f 281/281/281 282/282/282 283/283/283
f 279/279/279 278/278/278 284/284/284
f 279/279/279 284/284/284 285/285/285
f 278/278/278 277/277/277 286/286/286
f 278/278/278 286/286/286 284/284/284
f 284/284/284 286/286/286 287/287/287
f 284/284/284 287/287/287 288/288/288
f 285/285/285 284/284/284 288/288/288
f 285/285/285 288/288/288 289/289/289
f 283/283/283 282/282/282 290/290/290
f 283/283/283 290/290/290 291/291/291
f 282/282/282 279/279/279 285/285/285
f 282/282/282 285/285/285 290/290/290
f 290/290/290 285/285/285 289/289/289
f 290/290/290 289/289/289 292/292/292
f 291/291/291 290/290/290 292/292/292
f 291/291/291 292/292/292 293/293/293
f 293/293/293 292/292/292 294/294/294
f 293/293/293 294/294/294 295/295/295
f 292/292/292 289/289/289 296/296/296
f 292/292/292 296/296/296 294/294/294
f 294/294/294 296/296/296 297/297/297
f 294/294/294 297/297/297 298/298/298
f 295/295/295 294/294/294 298/298/298
f 295/295/295 298/298/298 299/299/299
f 289/289/289 288/288/288 300/300/300
f 289/289/289 300/300/300 296/296/296
f 288/288/288 287/287/287 301/301/301
f 288/288/288 301/301/301 300/300/300
f 300/300/300 301/301/301 302/302/302
f 300/300/300 302/302/302 303/303/303
f 296/296/296 300/300/300 303/303/303
f 296/296/296 303/303/303 297/297/297
f 297/297/297 303/303/303 304/304/304
f 297/297/297 304/304/304 305/305/305
f 303/303/303 302/302/302 306/306/306
f 303/303/303 306/306/306 304/304/304
f 304/304/304 306/306/306 307/307/307
f 304/304/304 307/307/307 308/308/308
f 305/305/305 304/304/304 308/308/308
f 305/305/305 308/308/308 309/309/309
f 299/299/299 298/298/298 310/310/310
f 299/299/299 310/310/310 311/311/311
f 298/298/298 297/297/297 305/305/305
f 298/298/298 305/305/305 310/310/310
f 310/310/310 305/305/305 309/309/309
f 310/310/310 309/309/309 312/312/312
f 311/311/311 310/310/310 312/312/312
f 311/311/311 312/312/312 313/313/313
f 313/313/313 312/312/312 314/314/314
f 313/313/313 314/314/314 315/315/315
f 312/312/312 309/309/309 316/316/316
f 312/312/312 316/316/316 314/314/314
f 314/314/314 316/316/316 317/317/317
f 314/314/314 317/317/317 318/318/318
f 315/315/315 314/314/314 318/318/318
f 315/315/315 318/318/318 319/319/319
f 309/309/309 308/308/308 320/320/320
f 309/309/309 320/320/320 316/316/316
f 308/308/308 307/307/307 321/321/321
f 308/308/308 321/321/321 320/320/320
f 320/320/320 321/321/321 322/322/322
f 320/320/320 322/322/322 323/323/323
f 316/316/316 320/320/320 323/323/323
f 316/316/316 323/323/323 317/317/317
f 317/317/317 323/323/323 324/324/324
f 317/317/317 324/324/324 325/325/325
f 323/323/323 322/322/322 326/326/326
f 323/323/323 326/326/326 324/324/324
f 324/324/324 326/326/326 106/106/106
f 324/324/324 106/106/106 104/104/104
f 325/325/325 324/324/324 104/104/104
f 325/325/325 104/104/104 96/96/96
f 319/319/319 318/318/318 327/327/327
f 319/319/319 327/327/327 328/328/328
f 318/318/318 317/317/317 325/325/325
f 318/318/318 325/325/325 327/327/327
f 327/327/327 325/325/325 96/96/96
f 327/327/327 96/96/96 94/94/94
f 328/328/328 327/327/327 94/94/94
f 328/328/328 94/94/94 86/86/86
f 329/329/329 330/330/330 331/331/331
f 329/329/329 331/331/331 332/332/332
f 330/330/330 313/313/313 315/315/315
f 330/330/330 315/315/315 331/331/331
f 331/331/331 315/315/315 319/319/319
f 331/331/331 319/319/319 333/333/333
f 332/332/332 331/331/331 333/333/333
f 332/332/332 333/333/333 334/334/334
f 334/334/334 333/333/333 335/335/335
f 334/334/334 335/335/335 336/336/336
f 333/333/333 319/319/319 328/328/328
f 333/333/333 328/328/328 335/335/335
f 335/335/335 328/328/328 86/86/86
f 335/335/335 86/86/86 84/84/84
f 336/336/336 335/335/335 84/84/84
f 336/336/336 84/84/84 76/76/76
f 337/337/337 338/338/338 339/339/339
f 337/337/337 339/339/339 340/340/340
f 338/338/338 329/329/329 332/332/332
f 338/338/338 332/332/332 339/339/339
f 339/339/339 332/332/332 334/334/334
f 339/339/339 334/334/334 341/341/341
f 340/340/340 339/339/339 341/341/341
f 340/340/340 341/341/341 342/342/342
f 342/342/342 341/341/341 343/343/343
f 342/342/342 343/343/343 344/344/344
f 341/341/341 334/334/334 336/336/336
f 341/341/341 336/336/336 343/343/343
f 343/343/343 336/336/336 76/76/76
f 343/343/343 76/76/76 74/74/74
f 344/344/344 343/343/343 74/74/74
f 344/344/344 74/74/74 66/66/66
f 345/345/345 346/346/346 347/347/347
f 345/345/345 347/347/347 348/348/348
f 346/346/346 337/337/337 340/340/340
f 346/346/346 340/340/340 347/347/347
f 347/347/347 340/340/340 342/342/342
f 347/347/347 342/342/342 349/349/349
f 348/348/348 347/347/347 349/349/349
f 348/348/348 349/349/349 350/350/350
f 350/350/350 349/349/349 351/351/351
f 350/350/350 351/351/351 352/352/352
f 349/349/349 342/342/342 344/344/344
f 349/349/349 344/344/344 351/351/351
f 351/351/351 344/344/344 66/66/66
f 351/351/351 66/66/66 64/64/64
f 352/352/352 351/351/351 64/64/64
f 352/352/352 64/64/64 58/58/58
f 353/353/353 354/354/354 355/355/355
f 353/353/353 355/355/355 356/356/356
f 354/354/354 350/350/350 352/352/352
f 354/354/354 352/352/352 355/355/355
f 355/355/355 352/352/352 58/58/58
f 355/355/355 58/58/58 56/56/56
f 356/356/356 355/355/355 56/56/56
f 356/356/356 56/56/56 53/53/53
f 357/357/357 358/358/358 359/359/359
f 357/357/357 359/359/359 360/360/360
f 358/358/358 345/345/345 348/348/348
f 358/358/358 348/348/348 359/359/359
f 359/359/359 348/348/348 350/350/350
f 359/359/359 350/350/350 354/354/354
f 360/360/360 359/359/359 354/354/354
f 360/360/360 354/354/354 353/353/353
f 361/361/361 362/362/362 363/363/363
f 361/361/361 363/363/363 364/364/364
f 362/362/362 365/365/365 366/366/366
f 362/362/362 366/366/366 363/363/363
f 363/363/363 366/366/366 337/337/337
f 363/363/363 337/337/337 346/346/346
f 364/364/364 363/363/363 346/346/346
f 364/364/364 346/346/346 345/345/345
f 367/367/367 368/368/368 369/369/369
f 367/367/367 369/369/369 370/370/370
f 368/368/368 361/361/361 364/364/364
f 368/368/368 364/364/364 369/369/369
f 369/369/369 364/364/364 345/345/345
f 369/369/369 345/345/345 358/358/358
f 370/370/370 369/369/369 358/358/358
f 370/370/370 358/358/358 357/357/357
f 371/371/371 372/372/372 373/373/373
f 371/371/371 373/373/373 374/374/374
f 372/372/372 375/375/375 376/376/376
f 372/372/372 376/376/376 373/373/373
f 373/373/373 376/376/376 365/365/365
f 373/373/373 365/365/365 362/362/362
f 374/374/374 373/373/373 362/362/362
f 374/374/374 362/362/362 361/361/361
f 377/377/377 378/378/378 379/379/379
f 377/377/377 379/379/379 380/380/380
f 378/378/378 371/371/371 374/374/374
f 378/378/378 374/374/374 379/379/379
f 379/379/379 374/374/374 361/361/361
f 379/379/379 361/361/361 368/368/368
f 380/380/380 379/379/379 368/368/368
f 380/380/380 368/368/368 367/367/367
f 381/381/381 382/382/382 383/383/383
f 381/381/381 383/383/383 384/384/384
f 382/382/382 385/385/385 386/386/386
f 382/382/382 386/386/386 383/383/383
f 383/383/383 386/386/386 371/371/371
f 383/383/383 371/371/371 378/378/378
f 384/384/384 383/383/383 378/378/378
f 384/384/384 378/378/378 377/377/377
f 385/385/385 387/387/387 388/388/388
f 385/385/385 388/388/388 386/386/386
f 387/387/387 389/389/389 390/390/390
f 387/387/387 390/390/390 388/388/388
f 388/388/388 390/390/390 375/375/375
f 388/388/388 375/375/375 372/372/372
f 386/386/386 388/388/388 372/372/372
f 386/386/386 372/372/372 371/371/371
f 391/391/391 392/392/392 393/393/393
f 391/391/391 393/393/393 394/394/394
f 392/392/392 395/395/395 396/396/396
f 392/392/392 396/396/396 393/393/393
f 393/393/393 396/396/396 389/389/389
f 393/393/393 389/389/389 387/387/387
f 394/394/394 393/393/393 387/387/387
f 394/394/394 387/387/387 385/385/385
f 397/397/397 398/398/398 399/399/399
f 397/397/397 399/399/399 400/400/400
f 398/398/398 391/391/391 394/394/394
f 398/398/398 394/394/394 399/399/399
f 399/399/399 394/394/394 385/385/385
f 399/399/399 385/385/385 382/382/382
f 400/400/400 399/399/399 382/382/382
f 400/400/400 382/382/382 381/381/381
f 401/401/401 402/402/402 403/403/403
f 401/401/401 403/403/403 404/404/404
f 402/402/402 405/405/405 406/406/406
f 402/402/402 406/406/406 403/403/403
f 403/403/403 406/406/406 395/395/395
f 403/403/403 395/395/395 392/392/392
f 404/404/404 403/403/403 392/392/392
f 404/404/404 392/392/392 391/391/391
f 407/407/407 408/408/408 409/409/409
f 407/407/407 409/409/409 410/410/410
f 408/408/408 401/401/401 404/404/404
f 408/408/408 404/404/404 409/409/409
f 409/409/409 404/404/404 391/391/391
f 409/409/409 391/391/391 398/398/398
f 410/410/410 409/409/409 398/398/398
f 410/410/410 398/398/398 397/397/397
f 411/411/411 412/412/412 413/413/413
f 411/411/411 413/413/413 414/414/414
f 412/412/412 415/415/415 416/416/416
f 412/412/412 416/416/416 413/413/413
f 413/413/413 416/416/416 405/405/405
f 413/413/413 405/405/405 402/402/402
f 414/414/414 413/413/413 402/402/402
f 414/414/414 402/402/402 401/401/401
f 417/417/417 418/418/418 419/419/419
f 417/417/417 419/419/419 420/420/420
f 418/418/418 411/411/411 414/414/414
f 418/418/418 414/414/414 419/419/419
f 419/419/419 414/414/414 401/401/401
f 419/419/419 401/401/401 408/408/408
f 420/420/420 419/419/419 408/408/408
f 420/420/420 408/408/408 407/407/407
f 415/415/415 421/421/421 422/422/422
f 415/415/415 422/422/422 416/416/416
f 421/421/421 423/423/423 424/424/424
f 421/421/421 424/424/424 422/422/422
f 422/422/422 424/424/424 425/425/425
f 422/422/422 425/425/425 426/426/426
f 416/416/416 422/422/422 426/426/426
f 416/416/416 426/426/426 405/405/405
f 405/405/405 426/426/426 427/427/427
f 405/405/405 427/427/427 406/406/406
f 426/426/426 425/425/425 428/428/428
f 426/426/426 428/428/428 427/427/427
f 427/427/427 428/428/428 429/429/429
f 427/427/427 429/429/429 430/430/430
f 406/406/406 427/427/427 430/430/430
f 406/406/406 430/430/430 395/395/395
f 423/423/423 431/431/431 432/432/432
f 423/423/423 432/432/432 424/424/424
f 431/431/431 253/253/253 261/261/261
f 431/431/431 261/261/261 432/432/432
f 432/432/432 261/261/261 263/263/263
f 432/432/432 263/263/263 433/433/433
f 424/424/424 432/432/432 433/433/433
f 424/424/424 433/433/433 425/425/425
f 425/425/425 433/433/433 434/434/434
f 425/425/425 434/434/434 428/428/428
f 433/433/433 263/263/263 271/271/271
f 433/433/433 271/271/271 434/434/434
f 434/434/434 271/271/271 273/273/273
f 434/434/434 273/273/273 435/435/435
f 428/428/428 434/434/434 435/435/435
f 428/428/428 435/435/435 429/429/429
f 429/429/429 435/435/435 436/436/436
f 429/429/429 436/436/436 437/437/437
f 435/435/435 273/273/273 281/281/281
f 435/435/435 281/281/281 436/436/436
f 436/436/436 281/281/281 283/283/283
f 436/436/436 283/283/283 438/438/438
f 437/437/437 436/436/436 438/438/438
f 437/437/437 438/438/438 439/439/439
f 395/395/395 430/430/430 440/440/440
f 395/395/395 440/440/440 396/396/396
f 430/430/430 429/429/429 437/437/437
f 430/430/430 437/437/437 440/440/440
f 440/440/440 437/437/437 439/439/439
f 440/440/440 439/439/439 441/441/441
f 396/396/396 440/440/440 441/441/441
f 396/396/396 441/441/441 389/389/389
f 389/389/389 441/441/441 442/442/442
f 389/389/389 442/442/442 390/390/390
f 441/441/441 439/439/439 443/443/443
f 441/441/441 443/443/443 442/442/442
f 442/442/442 443/443/443 444/444/444
f 442/442/442 444/444/444 445/445/445
f 390/390/390 442/442/442 445/445/445
f 390/390/390 445/445/445 375/375/375
f 439/439/439 438/438/438 446/446/446
f 439/439/439 446/446/446 443/443/443
f 438/438/438 283/283/283 291/291/291
f 438/438/438 291/291/291 446/446/446
f 446/446/446 291/291/291 293/293/293
f 446/446/446 293/293/293 447/447/447
f 443/443/443 446/446/446 447/447/447
f 443/443/443 447/447/447 444/444/444
f 375/375/375 445/445/445 448/448/448
f 375/375/375 448/448/448 376/376/376
f 445/445/445 444/444/444 449/449/449
f 445/445/445 449/449/449 448/448/448
f 448/448/448 449/449/449 450/450/450
f 448/448/448 450/450/450 451/451/451
f 376/376/376 448/448/448 451/451/451
f 376/376/376 451/451/451 365/365/365
f 444/444/444 447/447/447 452/452/452
f 444/444/444 452/452/452 449/449/449
f 447/447/447 293/293/293 295/295/295
f 447/447/447 295/295/295 452/452/452
f 452/452/452 295/295/295 299/299/299
f 452/452/452 299/299/299 453/453/453
f 449/449/449 452/452/452 453/453/453
f 449/449/449 453/453/453 450/450/450
f 450/450/450 453/453/453 454/454/454
f 450/450/450 454/454/454 455/455/455
f 453/453/453 299/299/299 311/311/311
f 453/453/453 311/311/311 454/454/454
f 454/454/454 311/311/311 313/313/313
f 454/454/454 313/313/313 330/330/330
f 455/455/455 454/454/454 330/330/330
f 455/455/455 330/330/330 329/329/329
f 365/365/365 451/451/451 456/456/456
f 365/365/365 456/456/456 366/366/366
f 451/451/451 450/450/450 455/455/455
f 451/451/451 455/455/455 456/456/456
f 456/456/456 455/455/455 329/329/329
f 456/456/456 329/329/329 338/338/338
f 366/366/366 456/456/456 338/338/338
f 366/366/366 338/338/338 337/337/337
f 457/457/457 458/458/458 459/459/459
f 457/457/457 459/459/459 460/460/460
f 458/458/458 461/461/461 462/462/462
f 458/458/458 462/462/462 459/459/459
f 459/459/459 462/462/462 423/423/423
f 459/459/459 423/423/423 421/421/421
f 460/460/460 459/459/459 421/421/421
f 460/460/460 421/421/421 415/415/415
f 461/461/461 463/463/463 464/464/464
f 461/461/461 464/464/464 462/462/462
f 463/463/463 239/239/239 251/251/251
f 463/463/463 251/251/251 464/464/464
f 464/464/464 251/251/251 253/253/253
f 464/464/464 253/253/253 431/431/431
f 462/462/462 464/464/464 431/431/431
f 462/462/462 431/431/431 423/423/423
f 465/465/465 466/466/466 467/467/467
f 465/465/465 467/467/467 468/468/468
f 466/466/466 233/233/233 235/235/235
f 466/466/466 235/235/235 467/467/467
f 467/467/467 235/235/235 239/239/239
f 467/467/467 239/239/239 463/463/463
f 468/468/468 467/467/467 463/463/463
f 468/468/468 463/463/463 461/461/461
f 469/469/469 470/470/470 471/471/471
f 469/469/469 471/471/471 472/472/472
f 470/470/470 465/465/465 468/468/468
f 470/470/470 468/468/468 471/471/471
f 471/471/471 468/468/468 461/461/461
f 471/471/471 461/461/461 458/458/458
f 472/472/472 471/471/471 458/458/458
f 472/472/472 458/458/458 457/457/457
f 473/473/473 474/474/474 475/475/475
f 473/473/473 475/475/475 476/476/476
f 474/474/474 469/469/469 472/472/472
f 474/474/474 472/472/472 475/475/475
f 475/475/475 472/472/472 457/457/457
f 475/475/475 457/457/457 477/477/477
f 476/476/476 475/475/475 477/477/477
f 476/476/476 477/477/477 478/478/478
f 478/478/478 477/477/477 479/479/479
f 478/478/478 479/479/479 480/480/480
f 477/477/477 457/457/457 460/460/460
f 477/477/477 460/460/460 479/479/479
f 479/479/479 460/460/460 415/415/415
f 479/479/479 415/415/415 412/412/412
f 480/480/480 479/479/479 412/412/412
f 480/480/480 412/412/412 411/411/411
f 481/481/481 482/482/482 483/483/483
f 481/481/481 483/483/483 484/484/484
f 482/482/482 473/473/473 476/476/476
f 482/482/482 476/476/476 483/483/483
f 483/483/483 476/476/476 478/478/478
f 483/483/483 478/478/478 485/485/485
f 484/484/484 483/483/483 485/485/485
f 484/484/484 485/485/485 486/486/486
f 486/486/486 485/485/485 487/487/487
f 486/486/486 487/487/487 488/488/488
f 485/485/485 478/478/478 480/480/480
f 485/485/485 480/480/480 487/487/487
f 487/487/487 480/480/480 411/411/411
f 487/487/487 411/411/411 418/418/418
f 488/488/488 487/487/487 418/418/418
f 488/488/488 418/418/418 417/417/417
f 489/489/489 490/490/490 491/491/491
f 489/489/489 491/491/491 492/492/492
f 490/490/490 493/493/493 494/494/494
f 490/490/490 494/494/494 491/491/491
f 491/491/491 494/494/494 469/469/469
f 491/491/491 469/469/469 474/474/474
f 492/492/492 491/491/491 474/474/474
f 492/492/492 474/474/474 473/473/473
f 495/495/495 496/496/496 497/497/497
f 495/495/495 497/497/497 498/498/498
f 496/496/496 489/489/489 492/492/492
f 496/496/496 492/492/492 497/497/497
f 497/497/497 492/492/492 473/473/473
f 497/497/497 473/473/473 482/482/482
f 498/498/498 497/497/497 482/482/482
f 498/498/498 482/482/482 481/481/481
f 499/499/499 500/500/500 501/501/501
f 499/499/499 501/501/501 502/502/502
f 500/500/500 503/503/503 504/504/504
f 500/500/500 504/504/504 501/501/501
f 501/501/501 504/504/504 493/493/493
f 501/501/501 493/493/493 490/490/490
f 502/502/502 501/501/501 490/490/490
f 502/502/502 490/490/490 489/489/489
f 505/505/505 506/506/506 507/507/507
f 505/505/505 507/507/507 508/508/508
f 506/506/506 499/499/499 502/502/502
f 506/506/506 502/502/502 507/507/507
f 507/507/507 502/502/502 489/489/489
f 507/507/507 489/489/489 496/496/496
f 508/508/508 507/507/507 496/496/496
f 508/508/508 496/496/496 495/495/495
f 509/509/509 510/510/510 511/511/511
f 509/509/509 511/511/511 512/512/512
f 510/510/510 513/513/513 514/514/514
f 510/510/510 514/514/514 511/511/511
f 511/511/511 514/514/514 503/503/503
f 511/511/511 503/503/503 500/500/500
f 512/512/512 511/511/511 500/500/500
f 512/512/512 500/500/500 499/499/499
f 515/515/515 516/516/516 517/517/517
f 515/515/515 517/517/517 518/518/518
f 516/516/516 509/509/509 512/512/512
f 516/516/516 512/512/512 517/517/517
f 517/517/517 512/512/512 499/499/499
f 517/517/517 499/499/499 506/506/506
f 518/518/518 517/517/517 506/506/506
f 518/518/518 506/506/506 505/505/505
f 519/519/519 520/520/520 521/521/521
f 519/519/519 521/521/521 522/522/522
f 520/520/520 523/523/523 524/524/524
f 520/520/520 524/524/524 521/521/521
f 521/521/521 524/524/524 513/513/513
f 521/521/521 513/513/513 510/510/510
f 522/522/522 521/521/521 510/510/510
f 522/522/522 510/510/510 509/509/509
f 525/525/525 526/526/526 527/527/527
f 525/525/525 527/527/527 528/528/528
f 526/526/526 519/519/519 522/522/522
f 526/526/526 522/522/522 527/527/527
f 527/527/527 522/522/522 509/509/509
f 527/527/527 509/509/509 516/516/516
f 528/528/528 527/527/527 516/516/516
f 528/528/528 516/516/516 515/515/515
f 529/529/529 530/530/530 531/531/531
f 529/529/529 531/531/531 532/532/532
f 530/530/530 533/533/533 534/534/534
f 530/530/530 534/534/534 531/531/531
f 531/531/531 534/534/534 523/523/523
f 531/531/531 523/523/523 520/520/520
f 532/532/532 531/531/531 520/520/520
f 532/532/532 520/520/520 519/519/519
f 535/535/535 536/536/536 537/537/537
f 535/535/535 537/537/537 538/538/538
f 536/536/536 529/529/529 532/532/532
f 536/536/536 532/532/532 537/537/537
f 537/537/537 532/532/532 519/519/519
f 537/537/537 519/519/519 526/526/526
f 538/538/538 537/537/537 526/526/526
f 538/538/538 526/526/526 525/525/525
f 539/539/539 540/540/540 541/541/541
f 539/539/539 541/541/541 542/542/542
f 540/540/540 543/543/543 544/544/544
f 540/540/540 544/544/544 541/541/541
f 541/541/541 544/544/544 533/533/533
f 541/541/541 533/533/533 530/530/530
f 542/542/542 541/541/541 530/530/530
f 542/542/542 530/530/530 529/529/529
f 545/545/545 546/546/546 547/547/547
f 545/545/545 547/547/547 548/548/548
f 546/546/546 539/539/539 542/542/542
f 546/546/546 542/542/542 547/547/547
f 547/547/547 542/542/542 529/529/529
f 547/547/547 529/529/529 536/536/536
f 548/548/548 547/547/547 536/536/536
f 548/548/548 536/536/536 535/535/535
f 549/549/549 550/550/550 551/551/551
f 549/549/549 551/551/551 552/552/552
f 550/550/550 553/553/553 554/554/554
f 550/550/550 554/554/554 551/551/551
f 551/551/551 554/554/554 543/543/543
f 551/551/551 543/543/543 540/540/540
f 552/552/552 551/551/551 540/540/540
f 552/552/552 540/540/540 539/539/539
f 555/555/555 556/556/556 557/557/557
f 555/555/555 557/557/557 558/558/558
f 556/556/556 549/549/549 552/552/552
f 556/556/556 552/552/552 557/557/557
f 557/557/557 552/552/552 539/539/539
f 557/557/557 539/539/539 546/546/546
f 558/558/558 557/557/557 546/546/546
f 558/558/558 546/546/546 545/545/545
f 559/559/559 560/560/560 561/561/561
f 559/559/559 561/561/561 562/562/562
f 560/560/560 563/563/563 564/564/564
f 560/560/560 564/564/564 561/561/561
f 561/561/561 564/564/564 553/553/553
f 561/561/561 553/553/553 550/550/550
f 562/562/562 561/561/561 550/550/550
f 562/562/562 550/550/550 549/549/549
f 565/565/565 566/566/566 567/567/567
f 565/565/565 567/567/567 568/568/568
f 566/566/566 559/559/559 562/562/562
f 566/566/566 562/562/562 567/567/567
f 567/567/567 562/562/562 549/549/549
f 567/567/567 549/549/549 556/556/556
f 568/568/568 567/567/567 556/556/556
f 568/568/568 556/556/556 555/555/555
f 569/569/569 570/570/570 571/571/571
f 569/569/569 571/571/571 572/572/572
f 570/570/570 573/573/573 574/574/574
f 570/570/570 574/574/574 571/571/571
f 571/571/571 574/574/574 563/563/563
f 571/571/571 563/563/563 560/560/560
f 572/572/572 571/571/571 560/560/560
f 572/572/572 560/560/560 559/559/559
f 575/575/575 576/576/576 577/577/577
f 575/575/575 577/577/577 578/578/578
f 576/576/576 569/569/569 572/572/572
f 576/576/576 572/572/572 577/577/577
f 577/577/577 572/572/572 559/559/559
f 577/577/577 559/559/559 566/566/566
f 578/578/578 577/577/577 566/566/566
f 578/578/578 566/566/566 565/565/565
f 14/14/14 579/579/579 580/580/580
f 14/14/14 580/580/580 581/581/581
f 579/579/579 582/582/582 583/583/583
f 579/579/579 583/583/583 580/580/580
f 580/580/580 583/583/583 573/573/573
f 580/580/580 573/573/573 570/570/570
f 581/581/581 580/580/580 570/570/570
f 581/581/581 570/570/570 569/569/569
f 1/1/1 15/15/15 584/584/584
f 1/1/1 584/584/584 585/585/585
f 15/15/15 14/14/14 581/581/581
f 15/15/15 581/581/581 584/584/584
f 584/584/584 581/581/581 569/569/569
f 584/584/584 569/569/569 576/576/576
f 585/585/585 584/584/584 576/576/576
f 585/585/585 576/576/576 575/575/575
f 12/12/12 586/586/586 587/587/587
f 12/12/12 587/587/587 13/13/13
f 586/586/586 588/588/588 589/589/589
f 586/586/586 589/589/589 587/587/587
f 587/587/587 589/589/589 582/582/582
f 587/587/587 582/582/582 579/579/579
f 13/13/13 587/587/587 579/579/579
f 13/13/13 579/579/579 14/14/14
f 588/588/588 590/590/590 591/591/591
f 588/588/588 591/591/591 589/589/589
f 590/590/590 592/592/592 593/593/593
f 590/590/590 593/593/593 591/591/591
f 591/591/591 593/593/593 594/594/594
f 591/591/591 594/594/594 595/595/595
f 589/589/589 591/591/591 595/595/595
f 589/589/589 595/595/595 582/582/582
f 582/582/582 595/595/595 596/596/596
f 582/582/582 596/596/596 583/583/583
f 595/595/595 594/594/594 597/597/597
f 595/595/595 597/597/597 596/596/596
f 596/596/596 597/597/597 598/598/598
f 596/596/596 598/598/598 599/599/599
f 583/583/583 596/596/596 599/599/599
f 583/583/583 599/599/599 573/573/573
f 592/592/592 600/600/600 601/601/601
f 592/592/592 601/601/601 593/593/593
f 600/600/600 123/123/123 125/125/125
f 600/600/600 125/125/125 601/601/601
f 601/601/601 125/125/125 129/129/129
f 601/601/601 129/129/129 602/602/602
f 593/593/593 601/601/601 602/602/602
f 593/593/593 602/602/602 594/594/594
f 594/594/594 602/602/602 603/603/603
f 594/594/594 603/603/603 597/597/597
f 602/602/602 129/129/129 141/141/141
f 602/602/602 141/141/141 603/603/603
f 603/603/603 141/141/141 143/143/143
f 603/603/603 143/143/143 604/604/604
f 597/597/597 603/603/603 604/604/604
f 597/597/597 604/604/604 598/598/598
f 598/598/598 604/604/604 605/605/605
f 598/598/598 605/605/605 606/606/606
f 604/604/604 143/143/143 151/151/151
f 604/604/604 151/151/151 605/605/605
f 605/605/605 151/151/151 153/153/153
f 605/605/605 153/153/153 607/607/607
f 606/606/606 605/605/605 607/607/607
f 606/606/606 607/607/607 608/608/608
f 573/573/573 599/599/599 609/609/609
f 573/573/573 609/609/609 574/574/574
f 599/599/599 598/598/598 606/606/606
f 599/599/599 606/606/606 609/609/609
f 609/609/609 606/606/606 608/608/608
f 609/609/609 608/608/608 610/610/610
f 574/574/574 609/609/609 610/610/610
f 574/574/574 610/610/610 563/563/563
f 563/563/563 610/610/610 611/611/611
f 563/563/563 611/611/611 564/564/564
f 610/610/610 608/608/608 612/612/612
f 610/610/610 612/612/612 611/611/611
f 611/611/611 612/612/612 613/613/613
f 611/611/611 613/613/613 614/614/614
f 564/564/564 611/611/611 614/614/614
f 564/564/564 614/614/614 553/553/553
f 608/608/608 607/607/607 615/615/615
f 608/608/608 615/615/615 612/612/612
f 607/607/607 153/153/153 161/161/161
f 607/607/607 161/161/161 615/615/615
f 615/615/615 161/161/161 163/163/163
f 615/615/615 163/163/163 616/616/616
f 612/612/612 615/615/615 616/616/616
f 612/612/612 616/616/616 613/613/613
f 613/613/613 616/616/616 617/617/617
f 613/613/613 617/617/617 618/618/618
f 616/616/616 163/163/163 165/165/165
f 616/616/616 165/165/165 617/617/617
f 617/617/617 165/165/165 169/169/169
f 617/617/617 169/169/169 619/619/619
f 618/618/618 617/617/617 619/619/619
f 618/618/618 619/619/619 620/620/620
f 553/553/553 614/614/614 621/621/621
f 553/553/553 621/621/621 554/554/554
f 614/614/614 613/613/613 618/618/618
f 614/614/614 618/618/618 621/621/621
f 621/621/621 618/618/618 620/620/620
f 621/621/621 620/620/620 622/622/622
f 554/554/554 621/621/621 622/622/622
f 554/554/554 622/622/622 543/543/543
f 543/543/543 622/622/622 623/623/623
f 543/543/543 623/623/623 544/544/544
f 622/622/622 620/620/620 624/624/624
f 622/622/622 624/624/624 623/623/623
f 623/623/623 624/624/624 625/625/625
f 623/623/623 625/625/625 626/626/626
f 544/544/544 623/623/623 626/626/626
f 544/544/544 626/626/626 533/533/533
f 620/620/620 619/619/619 627/627/627
f 620/620/620 627/627/627 624/624/624
f 619/619/619 169/169/169 181/181/181
f 619/619/619 181/181/181 627/627/627
f 627/627/627 181/181/181 183/183/183
f 627/627/627 183/183/183 628/628/628
f 624/624/624 627/627/627 628/628/628
f 624/624/624 628/628/628 625/625/625
f 625/625/625 628/628/628 629/629/629
f 625/625/625 629/629/629 630/630/630
f 628/628/628 183/183/183 191/191/191
f 628/628/628 191/191/191 629/629/629
f 629/629/629 191/191/191 193/193/193
f 629/629/629 193/193/193 631/631/631
f 630/630/630 629/629/629 631/631/631
f 630/630/630 631/631/631 632/632/632
f 533/533/533 626/626/626 633/633/633
f 533/533/533 633/633/633 534/534/534
f 626/626/626 625/625/625 630/630/630
f 626/626/626 630/630/630 633/633/633
f 633/633/633 630/630/630 632/632/632
f 633/633/633 632/632/632 634/634/634
f 534/534/534 633/633/633 634/634/634
f 534/534/534 634/634/634 523/523/523
f 632/632/632 631/631/631 635/635/635
f 632/632/632 635/635/635 636/636/636
f 631/631/631 193/193/193 201/201/201
f 631/631/631 201/201/201 635/635/635
f 635/635/635 201/201/201 203/203/203
f 635/635/635 203/203/203 637/637/637
f 636/636/636 635/635/635 637/637/637
f 636/636/636 637/637/637 638/638/638
f 523/523/523 634/634/634 639/639/639
f 523/523/523 639/639/639 524/524/524
f 634/634/634 632/632/632 636/636/636
f 634/634/634 636/636/636 639/639/639
f 639/639/639 636/636/636 638/638/638
f 639/639/639 638/638/638 640/640/640
f 524/524/524 639/639/639 640/640/640
f 524/524/524 640/640/640 513/513/513
f 513/513/513 640/640/640 641/641/641
f 513/513/513 641/641/641 514/514/514
f 640/640/640 638/638/638 642/642/642
f 640/640/640 642/642/642 641/641/641
f 641/641/641 642/642/642 643/643/643
f 641/641/641 643/643/643 644/644/644
f 514/514/514 641/641/641 644/644/644
f 514/514/514 644/644/644 503/503/503
f 638/638/638 637/637/637 645/645/645
f 638/638/638 645/645/645 642/642/642
f 637/637/637 203/203/203 211/211/211
f 637/637/637 211/211/211 645/645/645
f 645/645/645 211/211/211 213/213/213
f 645/645/645 213/213/213 646/646/646
f 642/642/642 645/645/645 646/646/646
f 642/642/642 646/646/646 643/643/643
f 643/643/643 646/646/646 647/647/647
f 643/643/643 647/647/647 648/648/648
f 646/646/646 213/213/213 221/221/221
f 646/646/646 221/221/221 647/647/647
f 647/647/647 221/221/221 223/223/223
f 647/647/647 223/223/223 649/649/649
f 648/648/648 647/647/647 649/649/649
f 648/648/648 649/649/649 650/650/650
f 503/503/503 644/644/644 651/651/651
f 503/503/503 651/651/651 504/504/504
f 644/644/644 643/643/643 648/648/648
f 644/644/644 648/648/648 651/651/651
f 651/651/651 648/648/648 650/650/650
f 651/651/651 650/650/650 652/652/652
f 504/504/504 651/651/651 652/652/652
f 504/504/504 652/652/652 493/493/493
f 493/493/493 652/652/652 653/653/653
f 493/493/493 653/653/653 494/494/494
f 652/652/652 650/650/650 654/654/654
f 652/652/652 654/654/654 653/653/653
f 653/653/653 654/654/654 465/465/465
f 653/653/653 465/465/465 470/470/470
f 494/494/494 653/653/653 470/470/470
f 494/494/494 470/470/470 469/469/469
f 650/650/650 649/649/649 655/655/655
f 650/650/650 655/655/655 654/654/654
f 649/649/649 223/223/223 231/231/231
f 649/649/649 231/231/231 655/655/655
f 655/655/655 231/231/231 233/233/233
f 655/655/655 233/233/233 466/466/466
f 654/654/654 655/655/655 466/466/466
f 654/654/654 466/466/466 465/465/465
f 82/82/82 93/93/93 656/656/656
f 82/82/82 656/656/656 657/657/657
f 93/93/93 92/92/92 121/121/121
f 93/93/93 121/121/121 656/656/656
f 656/656/656 121/121/121 123/123/123
f 656/656/656 123/123/123 600/600/600
f 657/657/657 656/656/656 600/600/600
f 657/657/657 600/600/600 592/592/592
f 72/72/72 83/83/83 658/658/658
f 72/72/72 658/658/658 659/659/659
f 83/83/83 82/82/82 657/657/657
f 83/83/83 657/657/657 658/658/658
f 658/658/658 657/657/657 592/592/592
f 658/658/658 592/592/592 590/590/590
f 659/659/659 658/658/658 590/590/590
f 659/659/659 590/590/590 588/588/588
f 24/24/24 73/73/73 660/660/660
f 24/24/24 660/660/660 25/25/25
f 73/73/73 72/72/72 659/659/659
f 73/73/73 659/659/659 660/660/660
f 660/660/660 659/659/659 588/588/588
f 660/660/660 588/588/588 586/586/586
f 25/25/25 660/660/660 586/586/586
f 25/25/25 586/586/586 12/12/12
f 565/565/565 661/661/661 662/662/662
f 565/565/565 662/662/662 578/578/578
f 661/661/661 663/663/663 664/664/664
f 661/661/661 664/664/664 662/662/662
f 662/662/662 664/664/664 665/665/665
f 662/662/662 665/665/665 666/666/666
f 578/578/578 662/662/662 666/666/666
f 578/578/578 666/666/666 575/575/575
f 575/575/575 666/666/666 667/667/667
f 575/575/575 667/667/667 585/585/585
f 666/666/666 665/665/665 668/668/668
f 666/666/666 668/668/668 667/667/667
f 667/667/667 668/668/668 5/5/5
f 667/667/667 5/5/5 2/2/2
f 585/585/585 667/667/667 2/2/2
f 585/585/585 2/2/2 1/1/1
f 663/663/663 669/669/669 670/670/670
f 663/663/663 670/670/670 664/664/664
f 669/669/669 671/671/671 672/672/672
f 669/669/669 672/672/672 670/670/670
f 670/670/670 672/672/672 673/673/673
f 670/670/670 673/673/673 674/674/674
f 664/664/664 670/670/670 674/674/674
f 664/664/664 674/674/674 665/665/665
f 665/665/665 674/674/674 675/675/675
f 665/665/665 675/675/675 668/668/668
f 674/674/674 673/673/673 676/676/676
f 674/674/674 676/676/676 675/675/675
f 675/675/675 676/676/676 28/28/28
f 675/675/675 28/28/28 26/26/26
f 668/668/668 675/675/675 26/26/26
f 668/668/668 26/26/26 5/5/5
f 677/677/677 678/678/678 679/679/679
f 677/677/677 679/679/679 680/680/680
f 678/678/678 681/681/681 682/682/682
f 678/678/678 682/682/682 679/679/679
f 679/679/679 682/682/682 671/671/671
f 679/679/679 671/671/671 669/669/669
f 680/680/680 679/679/679 669/669/669
f 680/680/680 669/669/669 663/663/663
f 683/683/683 684/684/684 685/685/685
f 683/683/683 685/685/685 686/686/686
f 684/684/684 687/687/687 688/688/688
f 684/684/684 688/688/688 685/685/685
f 685/685/685 688/688/688 681/681/681
f 685/685/685 681/681/681 678/678/678
f 686/686/686 685/685/685 678/678/678
f 686/686/686 678/678/678 677/677/677
f 545/545/545 689/689/689 690/690/690
f 545/545/545 690/690/690 558/558/558
f 689/689/689 683/683/683 686/686/686
f 689/689/689 686/686/686 690/690/690
f 690/690/690 686/686/686 677/677/677
f 690/690/690 677/677/677 691/691/691
f 558/558/558 690/690/690 691/691/691
f 558/558/558 691/691/691 555/555/555
f 555/555/555 691/691/691 692/692/692
f 555/555/555 692/692/692 568/568/568
f 691/691/691 677/677/677 680/680/680
f 691/691/691 680/680/680 692/692/692
f 692/692/692 680/680/680 663/663/663
f 692/692/692 663/663/663 661/661/661
f 568/568/568 692/692/692 661/661/661
f 568/568/568 661/661/661 565/565/565
f 693/693/693 694/694/694 695/695/695
f 693/693/693 695/695/695 696/696/696
f 694/694/694 697/697/697 698/698/698
f 694/694/694 698/698/698 695/695/695
f 695/695/695 698/698/698 687/687/687
f 695/695/695 687/687/687 684/684/684
f 696/696/696 695/695/695 684/684/684
f 696/696/696 684/684/684 683/683/683
f 535/535/535 699/699/699 700/700/700
f 535/535/535 700/700/700 548/548/548
f 699/699/699 693/693/693 696/696/696
f 699/699/699 696/696/696 700/700/700
f 700/700/700 696/696/696 683/683/683
f 700/700/700 683/683/683 689/689/689
f 548/548/548 700/700/700 689/689/689
f 548/548/548 689/689/689 545/545/545
f 701/701/701 702/702/702 703/703/703
f 701/701/701 703/703/703 704/704/704
f 702/702/702 705/705/705 706/706/706
f 702/702/702 706/706/706 703/703/703
f 703/703/703 706/706/706 697/697/697
f 703/703/703 697/697/697 694/694/694
f 704/704/704 703/703/703 694/694/694
f 704/704/704 694/694/694 693/693/693
f 525/525/525 707/707/707 708/708/708
f 525/525/525 708/708/708 538/538/538
f 707/707/707 701/701/701 704/704/704
f 707/707/707 704/704/704 708/708/708
f 708/708/708 704/704/704 693/693/693
f 708/708/708 693/693/693 699/699/699
f 538/538/538 708/708/708 699/699/699
f 538/538/538 699/699/699 535/535/535
f 709/709/709 710/710/710 711/711/711
f 709/709/709 711/711/711 712/712/712
f 710/710/710 713/713/713 714/714/714
f 710/710/710 714/714/714 711/711/711
f 711/711/711 714/714/714 705/705/705
f 711/711/711 705/705/705 702/702/702
f 712/712/712 711/711/711 702/702/702
f 712/712/712 702/702/702 701/701/701
f 715/715/715 716/716/716 717/717/717
f 715/715/715 717/717/717 718/718/718
f 716/716/716 719/719/719 720/720/720
f 716/716/716 720/720/720 717/717/717
f 717/717/717 720/720/720 713/713/713
f 717/717/717 713/713/713 710/710/710
f 718/718/718 717/717/717 710/710/710
f 718/718/718 710/710/710 709/709/709
f 505/505/505 721/721/721 722/722/722
f 505/505/505 722/722/722 518/518/518
f 721/721/721 715/715/715 718/718/718
f 721/721/721 718/718/718 722/722/722
f 722/722/722 718/718/718 709/709/709
f 722/722/722 709/709/709 723/723/723
f 518/518/518 722/722/722 723/723/723
f 518/518/518 723/723/723 515/515/515
f 515/515/515 723/723/723 724/724/724
f 515/515/515 724/724/724 528/528/528
f 723/723/723 709/709/709 712/712/712
f 723/723/723 712/712/712 724/724/724
f 724/724/724 712/712/712 701/701/701
f 724/724/724 701/701/701 707/707/707
f 528/528/528 724/724/724 707/707/707
f 528/528/528 707/707/707 525/525/525
f 725/725/725 726/726/726 727/727/727
f 725/725/725 727/727/727 728/728/728
f 726/726/726 729/729/729 730/730/730
f 726/726/726 730/730/730 727/727/727
f 727/727/727 730/730/730 719/719/719
f 727/727/727 719/719/719 716/716/716
f 728/728/728 727/727/727 716/716/716
f 728/728/728 716/716/716 715/715/715
f 495/495/495 731/731/731 732/732/732
f 495/495/495 732/732/732 508/508/508
f 731/731/731 725/725/725 728/728/728
f 731/731/731 728/728/728 732/732/732
f 732/732/732 728/728/728 715/715/715
f 732/732/732 715/715/715 721/721/721
f 508/508/508 732/732/732 721/721/721
f 508/508/508 721/721/721 505/505/505
f 733/733/733 734/734/734 735/735/735
f 733/733/733 735/735/735 736/736/736
f 734/734/734 737/737/737 738/738/738
f 734/734/734 738/738/738 735/735/735
f 735/735/735 738/738/738 729/729/729
f 735/735/735 729/729/729 726/726/726
f 736/736/736 735/735/735 726/726/726
f 736/736/736 726/726/726 725/725/725
f 481/481/481 739/739/739 740/740/740
f 481/481/481 740/740/740 498/498/498
f 739/739/739 733/733/733 736/736/736
f 739/739/739 736/736/736 740/740/740
f 740/740/740 736/736/736 725/725/725
f 740/740/740 725/725/725 731/731/731
f 498/498/498 740/740/740 731/731/731
f 498/498/498 731/731/731 495/495/495
f 741/741/741 742/742/742 743/743/743
f 741/741/741 743/743/743 744/744/744
f 742/742/742 745/745/745 746/746/746
f 742/742/742 746/746/746 743/743/743
f 743/743/743 746/746/746 737/737/737
f 743/743/743 737/737/737 734/734/734
f 744/744/744 743/743/743 734/734/734
f 744/744/744 734/734/734 733/733/733
f 747/747/747 748/748/748 749/749/749
f 747/747/747 749/749/749 750/750/750
f 748/748/748 751/751/751 752/752/752
f 748/748/748 752/752/752 749/749/749
f 749/749/749 752/752/752 745/745/745
f 749/749/749 745/745/745 742/742/742
f 750/750/750 749/749/749 742/742/742
f 750/750/750 742/742/742 741/741/741
f 486/486/486 753/753/753 754/754/754
f 486/486/486 754/754/754 484/484/484
f 753/753/753 741/741/741 744/744/744
f 753/753/753 744/744/744 754/754/754
f 754/754/754 744/744/744 733/733/733
f 754/754/754 733/733/733 739/739/739
f 484/484/484 754/754/754 739/739/739
f 484/484/484 739/739/739 481/481/481
f 417/417/417 755/755/755 756/756/756
f 417/417/417 756/756/756 488/488/488
f 755/755/755 747/747/747 750/750/750
f 755/755/755 750/750/750 756/756/756
f 756/756/756 750/750/750 741/741/741
f 756/756/756 741/741/741 753/753/753
f 488/488/488 756/756/756 753/753/753
f 488/488/488 753/753/753 486/486/486
f 757/757/757 758/758/758 759/759/759
f 757/757/757 759/759/759 760/760/760
f 758/758/758 761/761/761 762/762/762
f 758/758/758 762/762/762 759/759/759
f 759/759/759 762/762/762 751/751/751
f 759/759/759 751/751/751 748/748/748
f 760/760/760 759/759/759 748/748/748
f 760/760/760 748/748/748 747/747/747
f 407/407/407 763/763/763 764/764/764
f 407/407/407 764/764/764 420/420/420
f 763/763/763 757/757/757 760/760/760
f 763/763/763 760/760/760 764/764/764
f 764/764/764 760/760/760 747/747/747
f 764/764/764 747/747/747 755/755/755
f 420/420/420 764/764/764 755/755/755
f 420/420/420 755/755/755 417/417/417
f 397/397/397 765/765/765 766/766/766
f 397/397/397 766/766/766 410/410/410
f 765/765/765 767/767/767 768/768/768
f 765/765/765 768/768/768 766/766/766
f 766/766/766 768/768/768 757/757/757
f 766/766/766 757/757/757 763/763/763
f 410/410/410 766/766/766 763/763/763
f 410/410/410 763/763/763 407/407/407
f 767/767/767 769/769/769 770/770/770
f 767/767/767 770/770/770 768/768/768
f 769/769/769 771/771/771 772/772/772
f 769/769/769 772/772/772 770/770/770
f 770/770/770 772/772/772 761/761/761
f 770/770/770 761/761/761 758/758/758
f 768/768/768 770/770/770 758/758/758
f 768/768/768 758/758/758 757/757/757
f 773/773/773 774/774/774 775/775/775
f 773/773/773 775/775/775 776/776/776
f 774/774/774 777/777/777 778/778/778
f 774/774/774 778/778/778 775/775/775
f 775/775/775 778/778/778 771/771/771
f 775/775/775 771/771/771 769/769/769
f 776/776/776 775/775/775 769/769/769
f 776/776/776 769/769/769 767/767/767
f 779/779/779 780/780/780 781/781/781
f 779/779/779 781/781/781 782/782/782
f 780/780/780 783/783/783 784/784/784
f 780/780/780 784/784/784 781/781/781
f 781/781/781 784/784/784 777/777/777
f 781/781/781 777/777/777 774/774/774
f 782/782/782 781/781/781 774/774/774
f 782/782/782 774/774/774 773/773/773
f 381/381/381 785/785/785 786/786/786
f 381/381/381 786/786/786 400/400/400
f 785/785/785 773/773/773 776/776/776
f 785/785/785 776/776/776 786/786/786
f 786/786/786 776/776/776 767/767/767
f 786/786/786 767/767/767 765/765/765
f 400/400/400 786/786/786 765/765/765
f 400/400/400 765/765/765 397/397/397
f 377/377/377 787/787/787 788/788/788
f 377/377/377 788/788/788 384/384/384
f 787/787/787 779/779/779 782/782/782
f 787/787/787 782/782/782 788/788/788
f 788/788/788 782/782/782 773/773/773
f 788/788/788 773/773/773 785/785/785
f 384/384/384 788/788/788 785/785/785
f 384/384/384 785/785/785 381/381/381
f 789/789/789 790/790/790 791/791/791
f 789/789/789 791/791/791 792/792/792
f 790/790/790 793/793/793 794/794/794
f 790/790/790 794/794/794 791/791/791
f 791/791/791 794/794/794 783/783/783
f 791/791/791 783/783/783 780/780/780
f 792/792/792 791/791/791 780/780/780
f 792/792/792 780/780/780 779/779/779
f 367/367/367 795/795/795 796/796/796
f 367/367/367 796/796/796 380/380/380
f 795/795/795 789/789/789 792/792/792
f 795/795/795 792/792/792 796/796/796
f 796/796/796 792/792/792 779/779/779
f 796/796/796 779/779/779 787/787/787
f 380/380/380 796/796/796 787/787/787
f 380/380/380 787/787/787 377/377/377
f 797/797/797 798/798/798 799/799/799
f 797/797/797 799/799/799 800/800/800
f 798/798/798 801/801/801 802/802/802
f 798/798/798 802/802/802 799/799/799
f 799/799/799 802/802/802 793/793/793
f 799/799/799 793/793/793 790/790/790
f 800/800/800 799/799/799 790/790/790
f 800/800/800 790/790/790 789/789/789
f 357/357/357 803/803/803 804/804/804
f 357/357/357 804/804/804 370/370/370
f 803/803/803 797/797/797 800/800/800
f 803/803/803 800/800/800 804/804/804
f 804/804/804 800/800/800 789/789/789
f 804/804/804 789/789/789 795/795/795
f 370/370/370 804/804/804 795/795/795
f 370/370/370 795/795/795 367/367/367
f 805/805/805 806/806/806 807/807/807
f 805/805/805 807/807/807 808/808/808
f 806/806/806 809/809/809 810/810/810
f 806/806/806 810/810/810 807/807/807
f 807/807/807 810/810/810 801/801/801
f 807/807/807 801/801/801 798/798/798
f 808/808/808 807/807/807 798/798/798
f 808/808/808 798/798/798 797/797/797
f 47/47/47 46/46/46 811/811/811
f 47/47/47 811/811/811 812/812/812
f 46/46/46 45/45/45 813/813/813
f 46/46/46 813/813/813 811/811/811
f 811/811/811 813/813/813 809/809/809
f 811/811/811 809/809/809 806/806/806
f 812/812/812 811/811/811 806/806/806
f 812/812/812 806/806/806 805/805/805
f 353/353/353 814/814/814 815/815/815
f 353/353/353 815/815/815 360/360/360
f 814/814/814 805/805/805 808/808/808
f 814/814/814 808/808/808 815/815/815
f 815/815/815 808/808/808 797/797/797
f 815/815/815 797/797/797 803/803/803
f 360/360/360 815/815/815 803/803/803
f 360/360/360 803/803/803 357/357/357
f 53/53/53 52/52/52 816/816/816
f 53/53/53 816/816/816 356/356/356
f 52/52/52 47/47/47 812/812/812
f 52/52/52 812/812/812 816/816/816
f 816/816/816 812/812/812 805/805/805
f 816/816/816 805/805/805 814/814/814
f 356/356/356 816/816/816 814/814/814
f 356/356/356 814/814/814 353/353/353
f 307/307/307 817/817/817 818/818/818
f 307/307/307 818/818/818 321/321/321
f 817/817/817 819/819/819 820/820/820
f 817/817/817 820/820/820 818/818/818
f 818/818/818 820/820/820 821/821/821
f 818/818/818 821/821/821 822/822/822
f 321/321/321 818/818/818 822/822/822
f 321/321/321 822/822/822 322/322/322
f 322/322/322 822/822/822 823/823/823
f 322/322/322 823/823/823 326/326/326
f 822/822/822 821/821/821 824/824/824
f 822/822/822 824/824/824 823/823/823
f 823/823/823 824/824/824 825/825/825
f 823/823/823 825/825/825 826/826/826
f 326/326/326 823/823/823 826/826/826
f 326/326/326 826/826/826 106/106/106
f 821/821/821 827/827/827 828/828/828
f 821/821/821 828/828/828 824/824/824
f 827/827/827 829/829/829 830/830/830
f 827/827/827 830/830/830 828/828/828
f 828/828/828 830/830/830 831/831/831
f 828/828/828 831/831/831 832/832/832
f 824/824/824 828/828/828 832/832/832
f 824/824/824 832/832/832 825/825/825
f 819/819/819 833/833/833 834/834/834
f 819/819/819 834/834/834 820/820/820
f 833/833/833 835/835/835 836/836/836
f 833/833/833 836/836/836 834/834/834
f 834/834/834 836/836/836 829/829/829
f 834/834/834 829/829/829 827/827/827
f 820/820/820 834/834/834 827/827/827
f 820/820/820 827/827/827 821/821/821
f 302/302/302 837/837/837 838/838/838
f 302/302/302 838/838/838 306/306/306
f 837/837/837 839/839/839 840/840/840
f 837/837/837 840/840/840 838/838/838
f 838/838/838 840/840/840 819/819/819
f 838/838/838 819/819/819 817/817/817
f 306/306/306 838/838/838 817/817/817
f 306/306/306 817/817/817 307/307/307
f 839/839/839 841/841/841 842/842/842
f 839/839/839 842/842/842 840/840/840
f 841/841/841 843/843/843 844/844/844
f 841/841/841 844/844/844 842/842/842
f 842/842/842 844/844/844 835/835/835
f 842/842/842 835/835/835 833/833/833
f 840/840/840 842/842/842 833/833/833
f 840/840/840 833/833/833 819/819/819
f 845/845/845 846/846/846 847/847/847
f 845/845/845 847/847/847 848/848/848
f 846/846/846 849/849/849 850/850/850
f 846/846/846 850/850/850 847/847/847
f 847/847/847 850/850/850 843/843/843
f 847/847/847 843/843/843 841/841/841
f 848/848/848 847/847/847 841/841/841
f 848/848/848 841/841/841 839/839/839
f 287/287/287 851/851/851 852/852/852
f 287/287/287 852/852/852 301/301/301
f 851/851/851 845/845/845 848/848/848
f 851/851/851 848/848/848 852/852/852
f 852/852/852 848/848/848 839/839/839
f 852/852/852 839/839/839 837/837/837
f 301/301/301 852/852/852 837/837/837
f 301/301/301 837/837/837 302/302/302
f 277/277/277 853/853/853 854/854/854
f 277/277/277 854/854/854 286/286/286
f 853/853/853 855/855/855 856/856/856
f 853/853/853 856/856/856 854/854/854
f 854/854/854 856/856/856 845/845/845
f 854/854/854 845/845/845 851/851/851
f 286/286/286 854/854/854 851/851/851
f 286/286/286 851/851/851 287/287/287
f 855/855/855 857/857/857 858/858/858
f 855/855/855 858/858/858 856/856/856
f 857/857/857 859/859/859 860/860/860
f 857/857/857 860/860/860 858/858/858
f 858/858/858 860/860/860 849/849/849
f 858/858/858 849/849/849 846/846/846
f 856/856/856 858/858/858 846/846/846
f 856/856/856 846/846/846 845/845/845
f 861/861/861 862/862/862 863/863/863
f 861/861/861 863/863/863 864/864/864
f 862/862/862 865/865/865 866/866/866
f 862/862/862 866/866/866 863/863/863
f 863/863/863 866/866/866 859/859/859
f 863/863/863 859/859/859 857/857/857
f 864/864/864 863/863/863 857/857/857
f 864/864/864 857/857/857 855/855/855
f 267/267/267 867/867/867 868/868/868
f 267/267/267 868/868/868 276/276/276
f 867/867/867 861/861/861 864/864/864
f 867/867/867 864/864/864 868/868/868
f 868/868/868 864/864/864 855/855/855
f 868/868/868 855/855/855 853/853/853
f 276/276/276 868/868/868 853/853/853
f 276/276/276 853/853/853 277/277/277
f 869/869/869 870/870/870 871/871/871
f 869/869/869 871/871/871 872/872/872
f 870/870/870 873/873/873 874/874/874
f 870/870/870 874/874/874 871/871/871
f 871/871/871 874/874/874 865/865/865
f 871/871/871 865/865/865 862/862/862
f 872/872/872 871/871/871 862/862/862
f 872/872/872 862/862/862 861/861/861
f 257/257/257 875/875/875 876/876/876
f 257/257/257 876/876/876 266/266/266
f 875/875/875 869/869/869 872/872/872
f 875/875/875 872/872/872 876/876/876
f 876/876/876 872/872/872 861/861/861
f 876/876/876 861/861/861 867/867/867
f 266/266/266 876/876/876 867/867/867
f 266/266/266 867/867/867 267/267/267
f 877/877/877 878/878/878 879/879/879
f 877/877/877 879/879/879 880/880/880
f 878/878/878 873/873/873 870/870/870
f 878/878/878 870/870/870 879/879/879
f 879/879/879 870/870/870 869/869/869
f 879/879/879 869/869/869 881/881/881
f 880/880/880 879/879/879 881/881/881
f 880/880/880 881/881/881 882/882/882
f 247/247/247 883/883/883 256/256/256
f 883/883/883 884/884/884 256/256/256
f 883/883/883 882/882/882 881/881/881
f 883/883/883 881/881/881 884/884/884
f 884/884/884 881/881/881 869/869/869
f 884/884/884 869/869/869 875/875/875
f 256/256/256 884/884/884 875/875/875
f 256/256/256 875/875/875 257/257/257
f 885/885/885 886/886/886 887/887/887
f 885/885/885 887/887/887 888/888/888
f 886/886/886 877/877/877 880/880/880
f 886/886/886 880/880/880 887/887/887
f 887/887/887 880/880/880 882/882/882
f 887/887/887 882/882/882 883/883/883
f 888/888/888 887/887/887 883/883/883
f 888/888/888 883/883/883 247/247/247
f 885/885/885 889/889/889 890/890/890
f 885/885/885 890/890/890 886/886/886
f 889/889/889 891/891/891 892/892/892
f 889/889/889 892/892/892 890/890/890
f 890/890/890 892/892/892 893/893/893
f 890/890/890 893/893/893 894/894/894
f 886/886/886 890/890/890 894/894/894
f 886/886/886 894/894/894 877/877/877
f 877/877/877 894/894/894 895/895/895
f 877/877/877 895/895/895 878/878/878
f 894/894/894 893/893/893 896/896/896
f 894/894/894 896/896/896 895/895/895
f 895/895/895 896/896/896 897/897/897
f 895/895/895 897/897/897 898/898/898
f 878/878/878 895/895/895 898/898/898
f 878/878/878 898/898/898 873/873/873
f 891/891/891 899/899/899 900/900/900
f 891/891/891 900/900/900 892/892/892
f 899/899/899 901/901/901 902/902/902
f 899/899/899 902/902/902 900/900/900
f 900/900/900 902/902/902 903/903/903
f 900/900/900 903/903/903 904/904/904
f 892/892/892 900/900/900 904/904/904
f 892/892/892 904/904/904 893/893/893
f 893/893/893 904/904/904 905/905/905
f 893/893/893 905/905/905 896/896/896
f 904/904/904 903/903/903 906/906/906
f 904/904/904 906/906/906 905/905/905
f 905/905/905 906/906/906 907/907/907
f 905/905/905 907/907/907 908/908/908
f 896/896/896 905/905/905 908/908/908
f 896/896/896 908/908/908 897/897/897
f 901/901/901 909/909/909 910/910/910
f 901/901/901 910/910/910 902/902/902
f 909/909/909 911/911/911 912/912/912
f 909/909/909 912/912/912 910/910/910
f 910/910/910 912/912/912 913/913/913
f 910/910/910 913/913/913 914/914/914
f 902/902/902 910/910/910 914/914/914
f 902/902/902 914/914/914 903/903/903
f 903/903/903 914/914/914 915/915/915
f 903/903/903 915/915/915 906/906/906
f 914/914/914 913/913/913 916/916/916
f 914/914/914 916/916/916 915/915/915
f 915/915/915 916/916/916 917/917/917
f 915/915/915 917/917/917 918/918/918
f 906/906/906 915/915/915 918/918/918
f 906/906/906 918/918/918 907/907/907
f 907/907/907 918/918/918 919/919/919
f 907/907/907 919/919/919 920/920/920
f 918/918/918 917/917/917 921/921/921
f 918/918/918 921/921/921 919/919/919
f 919/919/919 921/921/921 922/922/922
f 919/919/919 922/922/922 923/923/923
f 920/920/920 919/919/919 923/923/923
f 920/920/920 923/923/923 924/924/924
f 924/924/924 923/923/923 925/925/925
f 924/924/924 925/925/925 926/926/926
f 923/923/923 922/922/922 927/927/927
f 923/923/923 927/927/927 925/925/925
f 925/925/925 927/927/927 928/928/928
f 925/925/925 928/928/928 929/929/929
f 926/926/926 925/925/925 929/929/929
f 926/926/926 929/929/929 930/930/930
f 931/931/931 932/932/932 933/933/933
f 931/931/931 933/933/933 934/934/934
f 932/932/932 924/924/924 926/926/926
f 932/932/932 926/926/926 933/933/933
f 933/933/933 926/926/926 930/930/930
f 933/933/933 930/930/930 935/935/935
f 934/934/934 933/933/933 935/935/935
f 934/934/934 935/935/935 936/936/936
f 897/897/897 908/908/908 937/937/937
f 897/897/897 937/937/937 938/938/938
f 908/908/908 907/907/907 920/920/920
f 908/908/908 920/920/920 937/937/937
f 937/937/937 920/920/920 924/924/924
f 937/937/937 924/924/924 932/932/932
f 938/938/938 937/937/937 932/932/932
f 938/938/938 932/932/932 931/931/931
f 865/865/865 939/939/939 940/940/940
f 865/865/865 940/940/940 866/866/866
f 939/939/939 931/931/931 934/934/934
f 939/939/939 934/934/934 940/940/940
f 940/940/940 934/934/934 936/936/936
f 940/940/940 936/936/936 941/941/941
f 866/866/866 940/940/940 941/941/941
f 866/866/866 941/941/941 859/859/859
f 873/873/873 898/898/898 942/942/942
f 873/873/873 942/942/942 874/874/874
f 898/898/898 897/897/897 938/938/938
f 898/898/898 938/938/938 942/942/942
f 942/942/942 938/938/938 931/931/931
f 942/942/942 931/931/931 939/939/939
f 874/874/874 942/942/942 939/939/939
f 874/874/874 939/939/939 865/865/865
f 936/936/936 935/935/935 943/943/943
f 936/936/936 943/943/943 944/944/944
f 935/935/935 930/930/930 945/945/945
f 935/935/935 945/945/945 943/943/943
f 943/943/943 945/945/945 946/946/946
f 943/943/943 946/946/946 947/947/947
f 944/944/944 943/943/943 947/947/947
f 944/944/944 947/947/947 948/948/948
f 859/859/859 941/941/941 949/949/949
f 859/859/859 949/949/949 860/860/860
f 941/941/941 936/936/936 944/944/944
f 941/941/941 944/944/944 949/949/949
f 949/949/949 944/944/944 948/948/948
f 949/949/949 948/948/948 950/950/950
f 860/860/860 949/949/949 950/950/950
f 860/860/860 950/950/950 849/849/849
f 948/948/948 947/947/947 951/951/951
f 948/948/948 951/951/951 952/952/952
f 947/947/947 946/946/946 953/953/953
f 947/947/947 953/953/953 951/951/951
f 951/951/951 953/953/953 954/954/954
f 951/951/951 954/954/954 955/955/955
f 952/952/952 951/951/951 955/955/955
f 952/952/952 955/955/955 956/956/956
f 849/849/849 950/950/950 957/957/957
f 849/849/849 957/957/957 850/850/850
f 950/950/950 948/948/948 952/952/952
f 950/950/950 952/952/952 957/957/957
f 957/957/957 952/952/952 956/956/956
f 957/957/957 956/956/956 958/958/958
f 850/850/850 957/957/957 958/958/958
f 850/850/850 958/958/958 843/843/843
f 946/946/946 959/959/959 960/960/960
f 946/946/946 960/960/960 953/953/953
f 959/959/959 961/961/961 962/962/962
f 959/959/959 962/962/962 960/960/960
f 960/960/960 962/962/962 963/963/963
f 960/960/960 963/963/963 964/964/964
f 953/953/953 960/960/960 964/964/964
f 953/953/953 964/964/964 954/954/954
f 930/930/930 929/929/929 965/965/965
f 930/930/930 965/965/965 945/945/945
f 929/929/929 928/928/928 966/966/966
f 929/929/929 966/966/966 965/965/965
f 965/965/965 966/966/966 961/961/961
f 965/965/965 961/961/961 959/959/959
f 945/945/945 965/965/965 959/959/959
f 945/945/945 959/959/959 946/946/946
f 954/954/954 964/964/964 967/967/967
f 954/954/954 967/967/967 968/968/968
f 964/964/964 963/963/963 969/969/969
f 964/964/964 969/969/969 967/967/967
f 967/967/967 969/969/969 970/970/970
f 967/967/967 970/970/970 971/971/971
f 968/968/968 967/967/967 971/971/971
f 968/968/968 971/971/971 972/972/972
f 972/972/972 971/971/971 973/973/973
f 972/972/972 973/973/973 974/974/974
f 971/971/971 970/970/970 975/975/975
f 971/971/971 975/975/975 973/973/973
f 973/973/973 975/975/975 976/976/976
f 973/973/973 976/976/976 977/977/977
f 974/974/974 973/973/973 977/977/977
f 974/974/974 977/977/977 978/978/978
f 979/979/979 980/980/980 981/981/981
f 979/979/979 981/981/981 982/982/982
f 980/980/980 972/972/972 974/974/974
f 980/980/980 974/974/974 981/981/981
f 981/981/981 974/974/974 978/978/978
f 981/981/981 978/978/978 983/983/983
f 982/982/982 981/981/981 983/983/983
f 982/982/982 983/983/983 984/984/984
f 956/956/956 955/955/955 985/985/985
f 956/956/956 985/985/985 986/986/986
f 955/955/955 954/954/954 968/968/968
f 955/955/955 968/968/968 985/985/985
f 985/985/985 968/968/968 972/972/972
f 985/985/985 972/972/972 980/980/980
f 986/986/986 985/985/985 980/980/980
f 986/986/986 980/980/980 979/979/979
f 835/835/835 987/987/987 988/988/988
f 835/835/835 988/988/988 836/836/836
f 987/987/987 979/979/979 982/982/982
f 987/987/987 982/982/982 988/988/988
f 988/988/988 982/982/982 984/984/984
f 988/988/988 984/984/984 989/989/989
f 836/836/836 988/988/988 989/989/989
f 836/836/836 989/989/989 829/829/829
f 843/843/843 958/958/958 990/990/990
f 843/843/843 990/990/990 844/844/844
f 958/958/958 956/956/956 986/986/986
f 958/958/958 986/986/986 990/990/990
f 990/990/990 986/986/986 979/979/979
f 990/990/990 979/979/979 987/987/987
f 844/844/844 990/990/990 987/987/987
f 844/844/844 987/987/987 835/835/835
f 984/984/984 983/983/983 991/991/991
f 984/984/984 991/991/991 992/992/992
f 983/983/983 978/978/978 993/993/993
f 983/983/983 993/993/993 991/991/991
f 991/991/991 993/993/993 994/994/994
f 991/991/991 994/994/994 995/995/995
f 992/992/992 991/991/991 995/995/995
f 992/992/992 995/995/995 996/996/996
f 829/829/829 989/989/989 997/997/997
f 829/829/829 997/997/997 830/830/830
f 989/989/989 984/984/984 992/992/992
f 989/989/989 992/992/992 997/997/997
f 997/997/997 992/992/992 996/996/996
f 997/997/997 996/996/996 998/998/998
f 830/830/830 997/997/997 998/998/998
f 830/830/830 998/998/998 831/831/831
f 831/831/831 998/998/998 999/999/999
f 831/831/831 999/999/999 1000/1000/1000
f 998/998/998 996/996/996 1001/1001/1001
f 998/998/998 1001/1001/1001 999/999/999
f 999/999/999 1001/1001/1001 1002/1002/1002
f 999/999/999 1002/1002/1002 1003/1003/1003
f 1000/1000/1000 999/999/999 1003/1003/1003
f 1000/1000/1000 1003/1003/1003 1004/1004/1004
f 996/996/996 995/995/995 1005/1005/1005
f 996/996/996 1005/1005/1005 1001/1001/1001
f 995/995/995 994/994/994 1006/1006/1006
f 995/995/995 1006/1006/1006 1005/1005/1005
f 1005/1005/1005 1006/1006/1006 1007/1007/1007
f 1005/1005/1005 1007/1007/1007 1008/1008/1008
f 1001/1001/1001 1005/1005/1005 1008/1008/1008
f 1001/1001/1001 1008/1008/1008 1002/1002/1002
f 994/994/994 1009/1009/1009 1010/1010/1010
f 994/994/994 1010/1010/1010 1006/1006/1006
f 1009/1009/1009 1011/1011/1011 1012/1012/1012
f 1009/1009/1009 1012/1012/1012 1010/1010/1010
f 1010/1010/1010 1012/1012/1012 1013/1013/1013
f 1010/1010/1010 1013/1013/1013 1014/1014/1014
f 1006/1006/1006 1010/1010/1010 1014/1014/1014
f 1006/1006/1006 1014/1014/1014 1007/1007/1007
f 978/978/978 977/977/977 1015/1015/1015
f 978/978/978 1015/1015/1015 993/993/993
f 977/977/977 976/976/976 1016/1016/1016
f 977/977/977 1016/1016/1016 1015/1015/1015
f 1015/1015/1015 1016/1016/1016 1011/1011/1011
f 1015/1015/1015 1011/1011/1011 1009/1009/1009
f 993/993/993 1015/1015/1015 1009/1009/1009
f 993/993/993 1009/1009/1009 994/994/994
f 1007/1007/1007 1014/1014/1014 1017/1017/1017
f 1007/1007/1007 1017/1017/1017 1018/1018/1018
f 1014/1014/1014 1013/1013/1013 1019/1019/1019
f 1014/1014/1014 1019/1019/1019 1017/1017/1017
f 1017/1017/1017 1019/1019/1019 1020/1020/1020
f 1017/1017/1017 1020/1020/1020 1021/1021/1021
f 1018/1018/1018 1017/1017/1017 1021/1021/1021
f 1018/1018/1018 1021/1021/1021 1022/1022/1022
f 1022/1022/1022 1021/1021/1021 1023/1023/1023
f 1022/1022/1022 1023/1023/1023 1024/1024/1024
f 1021/1021/1021 1020/1020/1020 1025/1025/1025
f 1021/1021/1021 1025/1025/1025 1023/1023/1023
f 1023/1023/1023 1025/1025/1025 1026/1026/1026
f 1023/1023/1023 1026/1026/1026 1027/1027/1027
f 1024/1024/1024 1023/1023/1023 1027/1027/1027
f 1024/1024/1024 1027/1027/1027 1028/1028/1028
f 1002/1002/1002 1008/1008/1008 1029/1029/1029
f 1002/1002/1002 1029/1029/1029 1030/1030/1030
f 1008/1008/1008 1007/1007/1007 1018/1018/1018
f 1008/1008/1008 1018/1018/1018 1029/1029/1029
f 1029/1029/1029 1018/1018/1018 1022/1022/1022
f 1029/1029/1029 1022/1022/1022 1031/1031/1031
f 1030/1030/1030 1029/1029/1029 1031/1031/1031
f 1030/1030/1030 1031/1031/1031 1032/1032/1032
f 1032/1032/1032 1031/1031/1031 1033/1033/1033
f 1032/1032/1032 1033/1033/1033 1034/1034/1034
f 1031/1031/1031 1022/1022/1022 1024/1024/1024
f 1031/1031/1031 1024/1024/1024 1033/1033/1033
f 1033/1033/1033 1024/1024/1024 1028/1028/1028
f 1033/1033/1033 1028/1028/1028 1035/1035/1035
f 1034/1034/1034 1033/1033/1033 1035/1035/1035
f 1034/1034/1034 1035/1035/1035 1036/1036/1036
f 1004/1004/1004 1003/1003/1003 1037/1037/1037
f 1004/1004/1004 1037/1037/1037 1038/1038/1038
f 1003/1003/1003 1002/1002/1002 1030/1030/1030
f 1003/1003/1003 1030/1030/1030 1037/1037/1037
f 1037/1037/1037 1030/1030/1030 1032/1032/1032
f 1037/1037/1037 1032/1032/1032 1039/1039/1039
f 1038/1038/1038 1037/1037/1037 1039/1039/1039
f 1038/1038/1038 1039/1039/1039 1040/1040/1040
f 1040/1040/1040 1039/1039/1039 1041/1041/1041
f 1040/1040/1040 1041/1041/1041 1042/1042/1042
f 1039/1039/1039 1032/1032/1032 1034/1034/1034
f 1039/1039/1039 1034/1034/1034 1041/1041/1041
f 1041/1041/1041 1034/1034/1034 1036/1036/1036
f 1041/1041/1041 1036/1036/1036 1043/1043/1043
f 1042/1042/1042 1041/1041/1041 1043/1043/1043
f 1042/1042/1042 1043/1043/1043 1044/1044/1044
f 1045/1045/1045 1046/1046/1046 1047/1047/1047
f 1045/1045/1045 1047/1047/1047 1048/1048/1048
f 1046/1046/1046 1004/1004/1004 1038/1038/1038
f 1046/1046/1046 1038/1038/1038 1047/1047/1047
f 1047/1047/1047 1038/1038/1038 1040/1040/1040
f 1047/1047/1047 1040/1040/1040 1049/1049/1049
f 1048/1048/1048 1047/1047/1047 1049/1049/1049
f 1048/1048/1048 1049/1049/1049 1050/1050/1050
f 112/112/112 1051/1051/1051 1052/1052/1052
f 112/112/112 1052/1052/1052 1053/1053/1053
f 1051/1051/1051 1050/1050/1050 1049/1049/1049
f 1051/1051/1051 1049/1049/1049 1052/1052/1052
f 1052/1052/1052 1049/1049/1049 1040/1040/1040
f 1052/1052/1052 1040/1040/1040 1042/1042/1042
f 1053/1053/1053 1052/1052/1052 1042/1042/1042
f 1053/1053/1053 1042/1042/1042 1044/1044/1044
f 108/108/108 1054/1054/1054 1055/1055/1055
f 108/108/108 1055/1055/1055 111/111/111
f 1054/1054/1054 1045/1045/1045 1048/1048/1048
f 1054/1054/1054 1048/1048/1048 1055/1055/1055
f 1055/1055/1055 1048/1048/1048 1050/1050/1050
f 1055/1055/1055 1050/1050/1050 1051/1051/1051
f 111/111/111 1055/1055/1055 1051/1051/1051
f 111/111/111 1051/1051/1051 112/112/112
f 825/825/825 832/832/832 1056/1056/1056
f 825/825/825 1056/1056/1056 1057/1057/1057
f 832/832/832 831/831/831 1000/1000/1000
f 832/832/832 1000/1000/1000 1056/1056/1056
f 1056/1056/1056 1000/1000/1000 1004/1004/1004
f 1056/1056/1056 1004/1004/1004 1046/1046/1046
f 1057/1057/1057 1056/1056/1056 1046/1046/1046
f 1057/1057/1057 1046/1046/1046 1045/1045/1045
f 106/106/106 826/826/826 1058/1058/1058
f 106/106/106 1058/1058/1058 107/107/107
f 826/826/826 825/825/825 1057/1057/1057
f 826/826/826 1057/1057/1057 1058/1058/1058
f 1058/1058/1058 1057/1057/1057 1045/1045/1045
f 1058/1058/1058 1045/1045/1045 1054/1054/1054
f 107/107/107 1058/1058/1058 1054/1054/1054
f 107/107/107 1054/1054/1054 108/108/108
f 1044/1044/1044 1043/1043/1043 1059/1059/1059
f 1044/1044/1044 1059/1059/1059 1060/1060/1060
f 1043/1043/1043 1036/1036/1036 1061/1061/1061
f 1043/1043/1043 1061/1061/1061 1059/1059/1059
f 1059/1059/1059 1061/1061/1061 1062/1062/1062
f 1059/1059/1059 1062/1062/1062 1063/1063/1063
f 1060/1060/1060 1059/1059/1059 1063/1063/1063
f 1060/1060/1060 1063/1063/1063 1064/1064/1064
f 112/112/112 1053/1053/1053 1065/1065/1065
f 112/112/112 1065/1065/1065 116/116/116
f 1053/1053/1053 1044/1044/1044 1060/1060/1060
f 1053/1053/1053 1060/1060/1060 1065/1065/1065
f 1065/1065/1065 1060/1060/1060 1064/1064/1064
f 1065/1065/1065 1064/1064/1064 1066/1066/1066
f 116/116/116 1065/1065/1065 1066/1066/1066
f 116/116/116 1066/1066/1066 117/117/117
f 117/117/117 1066/1066/1066 1067/1067/1067
f 117/117/117 1067/1067/1067 131/131/131
f 1066/1066/1066 1064/1064/1064 1068/1068/1068
f 1066/1066/1066 1068/1068/1068 1067/1067/1067
f 1067/1067/1067 1068/1068/1068 1069/1069/1069
f 1067/1067/1067 1069/1069/1069 1070/1070/1070
f 131/131/131 1067/1067/1067 1070/1070/1070
f 131/131/131 1070/1070/1070 132/132/132
f 1064/1064/1064 1063/1063/1063 1071/1071/1071
f 1064/1064/1064 1071/1071/1071 1068/1068/1068
f 1063/1063/1063 1062/1062/1062 1072/1072/1072
f 1063/1063/1063 1072/1072/1072 1071/1071/1071
f 1071/1071/1071 1072/1072/1072 1073/1073/1073
f 1071/1071/1071 1073/1073/1073 1074/1074/1074
f 1068/1068/1068 1071/1071/1071 1074/1074/1074
f 1068/1068/1068 1074/1074/1074 1069/1069/1069
f 1069/1069/1069 1074/1074/1074 1075/1075/1075
f 1069/1069/1069 1075/1075/1075 1076/1076/1076
f 1074/1074/1074 1073/1073/1073 1077/1077/1077
f 1074/1074/1074 1077/1077/1077 1075/1075/1075
f 1075/1075/1075 1077/1077/1077 1078/1078/1078
f 1075/1075/1075 1078/1078/1078 1079/1079/1079
f 1076/1076/1076 1075/1075/1075 1079/1079/1079
f 1076/1076/1076 1079/1079/1079 1080/1080/1080
f 132/132/132 1070/1070/1070 1081/1081/1081
f 132/132/132 1081/1081/1081 136/136/136
f 1070/1070/1070 1069/1069/1069 1076/1076/1076
f 1070/1070/1070 1076/1076/1076 1081/1081/1081
f 1081/1081/1081 1076/1076/1076 1080/1080/1080
f 1081/1081/1081 1080/1080/1080 1082/1082/1082
f 136/136/136 1081/1081/1081 1082/1082/1082
f 136/136/136 1082/1082/1082 137/137/137
f 1080/1080/1080 1079/1079/1079 1083/1083/1083
f 1080/1080/1080 1083/1083/1083 1084/1084/1084
f 1079/1079/1079 1078/1078/1078 1085/1085/1085
f 1079/1079/1079 1085/1085/1085 1083/1083/1083
f 1083/1083/1083 1085/1085/1085 1086/1086/1086
f 1083/1083/1083 1086/1086/1086 1087/1087/1087
f 1084/1084/1084 1083/1083/1083 1087/1087/1087
f 1084/1084/1084 1087/1087/1087 1088/1088/1088
f 137/137/137 1082/1082/1082 1089/1089/1089
f 137/137/137 1089/1089/1089 146/146/146
f 1082/1082/1082 1080/1080/1080 1084/1084/1084
f 1082/1082/1082 1084/1084/1084 1089/1089/1089
f 1089/1089/1089 1084/1084/1084 1088/1088/1088
f 1089/1089/1089 1088/1088/1088 1090/1090/1090
f 146/146/146 1089/1089/1089 1090/1090/1090
f 146/146/146 1090/1090/1090 147/147/147
f 1088/1088/1088 1087/1087/1087 1091/1091/1091
f 1088/1088/1088 1091/1091/1091 1092/1092/1092
f 1087/1087/1087 1086/1086/1086 1093/1093/1093
f 1087/1087/1087 1093/1093/1093 1091/1091/1091
f 1091/1091/1091 1093/1093/1093 1094/1094/1094
f 1091/1091/1091 1094/1094/1094 1095/1095/1095
f 1092/1092/1092 1091/1091/1091 1095/1095/1095
f 1092/1092/1092 1095/1095/1095 1096/1096/1096
f 147/147/147 1090/1090/1090 1097/1097/1097
f 147/147/147 1097/1097/1097 156/156/156
f 1090/1090/1090 1088/1088/1088 1092/1092/1092
f 1090/1090/1090 1092/1092/1092 1097/1097/1097
f 1097/1097/1097 1092/1092/1092 1096/1096/1096
f 1097/1097/1097 1096/1096/1096 1098/1098/1098
f 156/156/156 1097/1097/1097 1098/1098/1098
f 156/156/156 1098/1098/1098 157/157/157
f 157/157/157 1098/1098/1098 1099/1099/1099
f 157/157/157 1099/1099/1099 171/171/171
f 1098/1098/1098 1096/1096/1096 1100/1100/1100
f 1098/1098/1098 1100/1100/1100 1099/1099/1099
f 1099/1099/1099 1100/1100/1100 1101/1101/1101
f 1099/1099/1099 1101/1101/1101 1102/1102/1102
f 171/171/171 1099/1099/1099 1102/1102/1102
f 171/171/171 1102/1102/1102 172/172/172
f 1096/1096/1096 1095/1095/1095 1103/1103/1103
f 1096/1096/1096 1103/1103/1103 1100/1100/1100
f 1095/1095/1095 1094/1094/1094 1104/1104/1104
f 1095/1095/1095 1104/1104/1104 1103/1103/1103
f 1103/1103/1103 1104/1104/1104 1105/1105/1105
f 1103/1103/1103 1105/1105/1105 1106/1106/1106
f 1100/1100/1100 1103/1103/1103 1106/1106/1106
f 1100/1100/1100 1106/1106/1106 1101/1101/1101
f 1101/1101/1101 1106/1106/1106 1107/1107/1107
f 1101/1101/1101 1107/1107/1107 1108/1108/1108
f 1106/1106/1106 1105/1105/1105 1109/1109/1109
f 1106/1106/1106 1109/1109/1109 1107/1107/1107
f 1107/1107/1107 1109/1109/1109 1110/1110/1110
f 1107/1107/1107 1110/1110/1110 1111/1111/1111
f 1108/1108/1108 1107/1107/1107 1111/1111/1111
f 1108/1108/1108 1111/1111/1111 1112/1112/1112
f 172/172/172 1102/1102/1102 1113/1113/1113
f 172/172/172 1113/1113/1113 176/176/176
f 1102/1102/1102 1101/1101/1101 1108/1108/1108
f 1102/1102/1102 1108/1108/1108 1113/1113/1113
f 1113/1113/1113 1108/1108/1108 1112/1112/1112
f 1113/1113/1113 1112/1112/1112 1114/1114/1114
f 176/176/176 1113/1113/1113 1114/1114/1114
f 176/176/176 1114/1114/1114 177/177/177
f 1112/1112/1112 1111/1111/1111 1115/1115/1115
f 1112/1112/1112 1115/1115/1115 1116/1116/1116
f 1111/1111/1111 1110/1110/1110 1117/1117/1117
f 1111/1111/1111 1117/1117/1117 1115/1115/1115
f 1115/1115/1115 1117/1117/1117 1118/1118/1118
f 1115/1115/1115 1118/1118/1118 1119/1119/1119
f 1116/1116/1116 1115/1115/1115 1119/1119/1119
f 1116/1116/1116 1119/1119/1119 1120/1120/1120
f 177/177/177 1114/1114/1114 1121/1121/1121
f 177/177/177 1121/1121/1121 186/186/186
f 1114/1114/1114 1112/1112/1112 1116/1116/1116
f 1114/1114/1114 1116/1116/1116 1121/1121/1121
f 1121/1121/1121 1116/1116/1116 1120/1120/1120
f 1121/1121/1121 1120/1120/1120 1122/1122/1122
f 186/186/186 1121/1121/1121 1122/1122/1122
f 186/186/186 1122/1122/1122 187/187/187
f 1120/1120/1120 1119/1119/1119 1123/1123/1123
f 1120/1120/1120 1123/1123/1123 1124/1124/1124
f 1119/1119/1119 1118/1118/1118 1125/1125/1125
f 1119/1119/1119 1125/1125/1125 1123/1123/1123
f 1123/1123/1123 1125/1125/1125 1126/1126/1126
f 1123/1123/1123 1126/1126/1126 1127/1127/1127
f 1124/1124/1124 1123/1123/1123 1127/1127/1127
f 1124/1124/1124 1127/1127/1127 1128/1128/1128
f 187/187/187 1122/1122/1122 1129/1129/1129
f 187/187/187 1129/1129/1129 196/196/196
f 1122/1122/1122 1120/1120/1120 1124/1124/1124
f 1122/1122/1122 1124/1124/1124 1129/1129/1129
f 1129/1129/1129 1124/1124/1124 1128/1128/1128
f 1129/1129/1129 1128/1128/1128 1130/1130/1130
f 196/196/196 1129/1129/1129 1130/1130/1130
f 196/196/196 1130/1130/1130 197/197/197
f 1128/1128/1128 1127/1127/1127 1131/1131/1131
f 1128/1128/1128 1131/1131/1131 1132/1132/1132
f 1127/1127/1127 1126/1126/1126 1133/1133/1133
f 1127/1127/1127 1133/1133/1133 1131/1131/1131
f 1131/1131/1131 1133/1133/1133 1134/1134/1134
f 1131/1131/1131 1134/1134/1134 1135/1135/1135
f 1132/1132/1132 1131/1131/1131 1135/1135/1135
f 1132/1132/1132 1135/1135/1135 1136/1136/1136
f 197/197/197 1130/1130/1130 1137/1137/1137
f 197/197/197 1137/1137/1137 206/206/206
f 1130/1130/1130 1128/1128/1128 1132/1132/1132
f 1130/1130/1130 1132/1132/1132 1137/1137/1137
f 1137/1137/1137 1132/1132/1132 1136/1136/1136
f 1137/1137/1137 1136/1136/1136 1138/1138/1138
f 206/206/206 1137/1137/1137 1138/1138/1138
f 206/206/206 1138/1138/1138 207/207/207
f 1136/1136/1136 1135/1135/1135 1139/1139/1139
f 1136/1136/1136 1139/1139/1139 1140/1140/1140
f 1135/1135/1135 1134/1134/1134 1141/1141/1141
f 1135/1135/1135 1141/1141/1141 1139/1139/1139
f 1139/1139/1139 1141/1141/1141 1142/1142/1142
f 1139/1139/1139 1142/1142/1142 1143/1143/1143
f 1140/1140/1140 1139/1139/1139 1143/1143/1143
f 1140/1140/1140 1143/1143/1143 1144/1144/1144
f 207/207/207 1138/1138/1138 1145/1145/1145
f 207/207/207 1145/1145/1145 216/216/216
f 1138/1138/1138 1136/1136/1136 1140/1140/1140
f 1138/1138/1138 1140/1140/1140 1145/1145/1145
f 1145/1145/1145 1140/1140/1140 1144/1144/1144
f 1145/1145/1145 1144/1144/1144 1146/1146/1146
f 216/216/216 1145/1145/1145 1146/1146/1146
f 216/216/216 1146/1146/1146 217/217/217
f 1144/1144/1144 1143/1143/1143 1147/1147/1147
f 1144/1144/1144 1147/1147/1147 1148/1148/1148
f 1143/1143/1143 1142/1142/1142 1149/1149/1149
f 1143/1143/1143 1149/1149/1149 1147/1147/1147
f 1147/1147/1147 1149/1149/1149 1150/1150/1150
f 1147/1147/1147 1150/1150/1150 1151/1151/1151
f 1148/1148/1148 1147/1147/1147 1151/1151/1151
f 1148/1148/1148 1151/1151/1151 1152/1152/1152
f 217/217/217 1146/1146/1146 1153/1153/1153
f 217/217/217 1153/1153/1153 226/226/226
f 1146/1146/1146 1144/1144/1144 1148/1148/1148
f 1146/1146/1146 1148/1148/1148 1153/1153/1153
f 1153/1153/1153 1148/1148/1148 1152/1152/1152
f 1153/1153/1153 1152/1152/1152 1154/1154/1154
f 226/226/226 1153/1153/1153 1154/1154/1154
f 226/226/226 1154/1154/1154 227/227/227
f 227/227/227 1154/1154/1154 1155/1155/1155
f 227/227/227 1155/1155/1155 241/241/241
f 1154/1154/1154 1152/1152/1152 1156/1156/1156
f 1154/1154/1154 1156/1156/1156 1155/1155/1155
f 1155/1155/1155 1156/1156/1156 1157/1157/1157
f 1155/1155/1155 1157/1157/1157 1158/1158/1158
f 241/241/241 1155/1155/1155 1158/1158/1158
f 241/241/241 1158/1158/1158 242/242/242
f 1152/1152/1152 1151/1151/1151 1159/1159/1159
f 1152/1152/1152 1159/1159/1159 1156/1156/1156
f 1151/1151/1151 1150/1150/1150 1160/1160/1160
f 1151/1151/1151 1160/1160/1160 1159/1159/1159
f 1159/1159/1159 1160/1160/1160 1161/1161/1161
f 1159/1159/1159 1161/1161/1161 1162/1162/1162
f 1156/1156/1156 1159/1159/1159 1162/1162/1162
f 1156/1156/1156 1162/1162/1162 1157/1157/1157
f 1157/1157/1157 1162/1162/1162 1163/1163/1163
f 1157/1157/1157 1163/1163/1163 1164/1164/1164
f 1162/1162/1162 1161/1161/1161 1165/1165/1165
f 1162/1162/1162 1165/1165/1165 1163/1163/1163
f 1163/1163/1163 1165/1165/1165 891/891/891
f 1163/1163/1163 891/891/891 889/889/889
f 1164/1164/1164 1163/1163/1163 889/889/889
f 1164/1164/1164 889/889/889 885/885/885
f 242/242/242 1158/1158/1158 1166/1166/1166
f 242/242/242 1166/1166/1166 246/246/246
f 1158/1158/1158 1157/1157/1157 1164/1164/1164
f 1158/1158/1158 1164/1164/1164 1166/1166/1166
f 1166/1166/1166 1164/1164/1164 885/885/885
f 1166/1166/1166 885/885/885 888/888/888
f 246/246/246 1166/1166/1166 888/888/888
f 246/246/246 888/888/888 247/247/247
f 1150/1150/1150 1167/1167/1167 1168/1168/1168
f 1150/1150/1150 1168/1168/1168 1160/1160/1160
f 1167/1167/1167 1169/1169/1169 1170/1170/1170
f 1167/1167/1167 1170/1170/1170 1168/1168/1168
f 1168/1168/1168 1170/1170/1170 1171/1171/1171
f 1168/1168/1168 1171/1171/1171 1172/1172/1172
f 1160/1160/1160 1168/1168/1168 1172/1172/1172
f 1160/1160/1160 1172/1172/1172 1161/1161/1161
f 1161/1161/1161 1172/1172/1172 1173/1173/1173
f 1161/1161/1161 1173/1173/1173 1165/1165/1165
f 1172/1172/1172 1171/1171/1171 1174/1174/1174
f 1172/1172/1172 1174/1174/1174 1173/1173/1173
f 1173/1173/1173 1174/1174/1174 901/901/901
f 1173/1173/1173 901/901/901 899/899/899
f 1165/1165/1165 1173/1173/1173 899/899/899
f 1165/1165/1165 899/899/899 891/891/891
f 1169/1169/1169 1175/1175/1175 1176/1176/1176
f 1169/1169/1169 1176/1176/1176 1170/1170/1170
f 1175/1175/1175 1177/1177/1177 1178/1178/1178
f 1175/1175/1175 1178/1178/1178 1176/1176/1176
f 1176/1176/1176 1178/1178/1178 1179/1179/1179
f 1176/1176/1176 1179/1179/1179 1180/1180/1180
f 1170/1170/1170 1176/1176/1176 1180/1180/1180
f 1170/1170/1170 1180/1180/1180 1171/1171/1171
f 1171/1171/1171 1180/1180/1180 1181/1181/1181
f 1171/1171/1171 1181/1181/1181 1174/1174/1174
f 1180/1180/1180 1179/1179/1179 1182/1182/1182
f 1180/1180/1180 1182/1182/1182 1181/1181/1181
f 1181/1181/1181 1182/1182/1182 911/911/911
f 1181/1181/1181 911/911/911 909/909/909
f 1174/1174/1174 1181/1181/1181 909/909/909
f 1174/1174/1174 909/909/909 901/901/901
f 1183/1183/1183 1184/1184/1184 1185/1185/1185
f 1183/1183/1183 1185/1185/1185 1186/1186/1186
f 1184/1184/1184 1187/1187/1187 1188/1188/1188
f 1184/1184/1184 1188/1188/1188 1185/1185/1185
f 1185/1185/1185 1188/1188/1188 1177/1177/1177
f 1185/1185/1185 1177/1177/1177 1175/1175/1175
f 1186/1186/1186 1185/1185/1185 1175/1175/1175
f 1186/1186/1186 1175/1175/1175 1169/1169/1169
f 1189/1189/1189 1190/1190/1190 1191/1191/1191
f 1189/1189/1189 1191/1191/1191 1192/1192/1192
f 1190/1190/1190 1193/1193/1193 1194/1194/1194
f 1190/1190/1190 1194/1194/1194 1191/1191/1191
f 1191/1191/1191 1194/1194/1194 1187/1187/1187
f 1191/1191/1191 1187/1187/1187 1184/1184/1184
f 1192/1192/1192 1191/1191/1191 1184/1184/1184
f 1192/1192/1192 1184/1184/1184 1183/1183/1183
f 1142/1142/1142 1195/1195/1195 1196/1196/1196
f 1142/1142/1142 1196/1196/1196 1149/1149/1149
f 1195/1195/1195 1183/1183/1183 1186/1186/1186
f 1195/1195/1195 1186/1186/1186 1196/1196/1196
f 1196/1196/1196 1186/1186/1186 1169/1169/1169
f 1196/1196/1196 1169/1169/1169 1167/1167/1167
f 1149/1149/1149 1196/1196/1196 1167/1167/1167
f 1149/1149/1149 1167/1167/1167 1150/1150/1150
f 1134/1134/1134 1197/1197/1197 1198/1198/1198
f 1134/1134/1134 1198/1198/1198 1141/1141/1141
f 1197/1197/1197 1189/1189/1189 1192/1192/1192
f 1197/1197/1197 1192/1192/1192 1198/1198/1198
f 1198/1198/1198 1192/1192/1192 1183/1183/1183
f 1198/1198/1198 1183/1183/1183 1195/1195/1195
f 1141/1141/1141 1198/1198/1198 1195/1195/1195
f 1141/1141/1141 1195/1195/1195 1142/1142/1142
f 1199/1199/1199 1200/1200/1200 1201/1201/1201
f 1199/1199/1199 1201/1201/1201 1202/1202/1202
f 1200/1200/1200 1203/1203/1203 1204/1204/1204
f 1200/1200/1200 1204/1204/1204 1201/1201/1201
f 1201/1201/1201 1204/1204/1204 1193/1193/1193
f 1201/1201/1201 1193/1193/1193 1190/1190/1190
f 1202/1202/1202 1201/1201/1201 1190/1190/1190
f 1202/1202/1202 1190/1190/1190 1189/1189/1189
f 1126/1126/1126 1205/1205/1205 1206/1206/1206
f 1126/1126/1126 1206/1206/1206 1133/1133/1133
f 1205/1205/1205 1199/1199/1199 1202/1202/1202
f 1205/1205/1205 1202/1202/1202 1206/1206/1206
f 1206/1206/1206 1202/1202/1202 1189/1189/1189
f 1206/1206/1206 1189/1189/1189 1197/1197/1197
f 1133/1133/1133 1206/1206/1206 1197/1197/1197
f 1133/1133/1133 1197/1197/1197 1134/1134/1134
f 1207/1207/1207 1208/1208/1208 1209/1209/1209
f 1207/1207/1207 1209/1209/1209 1210/1210/1210
f 1208/1208/1208 1211/1211/1211 1212/1212/1212
f 1208/1208/1208 1212/1212/1212 1209/1209/1209
f 1209/1209/1209 1212/1212/1212 1203/1203/1203
f 1209/1209/1209 1203/1203/1203 1200/1200/1200
f 1210/1210/1210 1209/1209/1209 1200/1200/1200
f 1210/1210/1210 1200/1200/1200 1199/1199/1199
f 1118/1118/1118 1213/1213/1213 1214/1214/1214
f 1118/1118/1118 1214/1214/1214 1125/1125/1125
f 1213/1213/1213 1207/1207/1207 1210/1210/1210
f 1213/1213/1213 1210/1210/1210 1214/1214/1214
f 1214/1214/1214 1210/1210/1210 1199/1199/1199
f 1214/1214/1214 1199/1199/1199 1205/1205/1205
f 1125/1125/1125 1214/1214/1214 1205/1205/1205
f 1125/1125/1125 1205/1205/1205 1126/1126/1126
f 1215/1215/1215 1216/1216/1216 1217/1217/1217
f 1215/1215/1215 1217/1217/1217 1218/1218/1218
f 1216/1216/1216 1219/1219/1219 1220/1220/1220
f 1216/1216/1216 1220/1220/1220 1217/1217/1217
f 1217/1217/1217 1220/1220/1220 1211/1211/1211
f 1217/1217/1217 1211/1211/1211 1208/1208/1208
f 1218/1218/1218 1217/1217/1217 1208/1208/1208
f 1218/1218/1218 1208/1208/1208 1207/1207/1207
f 1221/1221/1221 1222/1222/1222 1223/1223/1223
f 1221/1221/1221 1223/1223/1223 1224/1224/1224
f 1222/1222/1222 1225/1225/1225 1226/1226/1226
f 1222/1222/1222 1226/1226/1226 1223/1223/1223
f 1223/1223/1223 1226/1226/1226 1219/1219/1219
f 1223/1223/1223 1219/1219/1219 1216/1216/1216
f 1224/1224/1224 1223/1223/1223 1216/1216/1216
f 1224/1224/1224 1216/1216/1216 1215/1215/1215
f 1110/1110/1110 1227/1227/1227 1228/1228/1228
f 1110/1110/1110 1228/1228/1228 1117/1117/1117
f 1227/1227/1227 1215/1215/1215 1218/1218/1218
f 1227/1227/1227 1218/1218/1218 1228/1228/1228
f 1228/1228/1228 1218/1218/1218 1207/1207/1207
f 1228/1228/1228 1207/1207/1207 1213/1213/1213
f 1117/1117/1117 1228/1228/1228 1213/1213/1213
f 1117/1117/1117 1213/1213/1213 1118/1118/1118
f 1105/1105/1105 1229/1229/1229 1230/1230/1230
f 1105/1105/1105 1230/1230/1230 1109/1109/1109
f 1229/1229/1229 1221/1221/1221 1224/1224/1224
f 1229/1229/1229 1224/1224/1224 1230/1230/1230
f 1230/1230/1230 1224/1224/1224 1215/1215/1215
f 1230/1230/1230 1215/1215/1215 1227/1227/1227
f 1109/1109/1109 1230/1230/1230 1227/1227/1227
f 1109/1109/1109 1227/1227/1227 1110/1110/1110
f 1231/1231/1231 1232/1232/1232 1233/1233/1233
f 1231/1231/1231 1233/1233/1233 1234/1234/1234
f 1232/1232/1232 1235/1235/1235 1236/1236/1236
f 1232/1232/1232 1236/1236/1236 1233/1233/1233
f 1233/1233/1233 1236/1236/1236 1225/1225/1225
f 1233/1233/1233 1225/1225/1225 1222/1222/1222
f 1234/1234/1234 1233/1233/1233 1222/1222/1222
f 1234/1234/1234 1222/1222/1222 1221/1221/1221
f 1094/1094/1094 1237/1237/1237 1238/1238/1238
f 1094/1094/1094 1238/1238/1238 1104/1104/1104
f 1237/1237/1237 1231/1231/1231 1234/1234/1234
f 1237/1237/1237 1234/1234/1234 1238/1238/1238
f 1238/1238/1238 1234/1234/1234 1221/1221/1221
f 1238/1238/1238 1221/1221/1221 1229/1229/1229
f 1104/1104/1104 1238/1238/1238 1229/1229/1229
f 1104/1104/1104 1229/1229/1229 1105/1105/1105
f 1239/1239/1239 1240/1240/1240 1241/1241/1241
f 1239/1239/1239 1241/1241/1241 1242/1242/1242
f 1240/1240/1240 1243/1243/1243 1244/1244/1244
f 1240/1240/1240 1244/1244/1244 1241/1241/1241
f 1241/1241/1241 1244/1244/1244 1235/1235/1235
f 1241/1241/1241 1235/1235/1235 1232/1232/1232
f 1242/1242/1242 1241/1241/1241 1232/1232/1232
f 1242/1242/1242 1232/1232/1232 1231/1231/1231
f 1086/1086/1086 1245/1245/1245 1246/1246/1246
f 1086/1086/1086 1246/1246/1246 1093/1093/1093
f 1245/1245/1245 1239/1239/1239 1242/1242/1242
f 1245/1245/1245 1242/1242/1242 1246/1246/1246
f 1246/1246/1246 1242/1242/1242 1231/1231/1231
f 1246/1246/1246 1231/1231/1231 1237/1237/1237
f 1093/1093/1093 1246/1246/1246 1237/1237/1237
f 1093/1093/1093 1237/1237/1237 1094/1094/1094
f 1247/1247/1247 1248/1248/1248 1249/1249/1249
f 1247/1247/1247 1249/1249/1249 1250/1250/1250
f 1248/1248/1248 1251/1251/1251 1252/1252/1252
f 1248/1248/1248 1252/1252/1252 1249/1249/1249
f 1249/1249/1249 1252/1252/1252 1243/1243/1243
f 1249/1249/1249 1243/1243/1243 1240/1240/1240
f 1250/1250/1250 1249/1249/1249 1240/1240/1240
f 1250/1250/1250 1240/1240/1240 1239/1239/1239
f 1253/1253/1253 1254/1254/1254 1255/1255/1255
f 1253/1253/1253 1255/1255/1255 1256/1256/1256
f 1254/1254/1254 1257/1257/1257 1258/1258/1258
f 1254/1254/1254 1258/1258/1258 1255/1255/1255
f 1255/1255/1255 1258/1258/1258 1251/1251/1251
f 1255/1255/1255 1251/1251/1251 1248/1248/1248
f 1256/1256/1256 1255/1255/1255 1248/1248/1248
f 1256/1256/1256 1248/1248/1248 1247/1247/1247
f 1078/1078/1078 1259/1259/1259 1260/1260/1260
f 1078/1078/1078 1260/1260/1260 1085/1085/1085
f 1259/1259/1259 1247/1247/1247 1250/1250/1250
f 1259/1259/1259 1250/1250/1250 1260/1260/1260
f 1260/1260/1260 1250/1250/1250 1239/1239/1239
f 1260/1260/1260 1239/1239/1239 1245/1245/1245
f 1085/1085/1085 1260/1260/1260 1245/1245/1245
f 1085/1085/1085 1245/1245/1245 1086/1086/1086
f 1073/1073/1073 1261/1261/1261 1262/1262/1262
f 1073/1073/1073 1262/1262/1262 1077/1077/1077
f 1261/1261/1261 1253/1253/1253 1256/1256/1256
f 1261/1261/1261 1256/1256/1256 1262/1262/1262
f 1262/1262/1262 1256/1256/1256 1247/1247/1247
f 1262/1262/1262 1247/1247/1247 1259/1259/1259
f 1077/1077/1077 1262/1262/1262 1259/1259/1259
f 1077/1077/1077 1259/1259/1259 1078/1078/1078
f 1263/1263/1263 1264/1264/1264 1265/1265/1265
f 1263/1263/1263 1265/1265/1265 1266/1266/1266
f 1264/1264/1264 1267/1267/1267 1268/1268/1268
f 1264/1264/1264 1268/1268/1268 1265/1265/1265
f 1265/1265/1265 1268/1268/1268 1257/1257/1257
f 1265/1265/1265 1257/1257/1257 1254/1254/1254
f 1266/1266/1266 1265/1265/1265 1254/1254/1254
f 1266/1266/1266 1254/1254/1254 1253/1253/1253
f 1062/1062/1062 1269/1269/1269 1270/1270/1270
f 1062/1062/1062 1270/1270/1270 1072/1072/1072
f 1269/1269/1269 1263/1263/1263 1266/1266/1266
f 1269/1269/1269 1266/1266/1266 1270/1270/1270
f 1270/1270/1270 1266/1266/1266 1253/1253/1253
f 1270/1270/1270 1253/1253/1253 1261/1261/1261
f 1072/1072/1072 1270/1270/1270 1261/1261/1261
f 1072/1072/1072 1261/1261/1261 1073/1073/1073
f 1028/1028/1028 1027/1027/1027 1271/1271/1271
f 1028/1028/1028 1271/1271/1271 1272/1272/1272
f 1027/1027/1027 1026/1026/1026 1273/1273/1273
f 1027/1027/1027 1273/1273/1273 1271/1271/1271
f 1271/1271/1271 1273/1273/1273 1267/1267/1267
f 1271/1271/1271 1267/1267/1267 1264/1264/1264
f 1272/1272/1272 1271/1271/1271 1264/1264/1264
f 1272/1272/1272 1264/1264/1264 1263/1263/1263
f 1036/1036/1036 1035/1035/1035 1274/1274/1274
f 1036/1036/1036 1274/1274/1274 1061/1061/1061
f 1035/1035/1035 1028/1028/1028 1272/1272/1272
f 1035/1035/1035 1272/1272/1272 1274/1274/1274
f 1274/1274/1274 1272/1272/1272 1263/1263/1263
f 1274/1274/1274 1263/1263/1263 1269/1269/1269
f 1061/1061/1061 1274/1274/1274 1269/1269/1269
f 1061/1061/1061 1269/1269/1269 1062/1062/1062
f 28/28/28 676/676/676 1275/1275/1275
f 28/28/28 1275/1275/1275 29/29/29
f 673/673/673 672/672/672 1275/1275/1275
f 673/673/673 1275/1275/1275 676/676/676
f 671/671/671 682/682/682 1275/1275/1275
f 671/671/671 1275/1275/1275 672/672/672
f 681/681/681 688/688/688 1275/1275/1275
f 681/681/681 1275/1275/1275 682/682/682
f 687/687/687 698/698/698 1275/1275/1275
f 687/687/687 1275/1275/1275 688/688/688
f 697/697/697 706/706/706 1275/1275/1275
f 697/697/697 1275/1275/1275 698/698/698
f 705/705/705 714/714/714 1275/1275/1275
f 705/705/705 1275/1275/1275 706/706/706
f 713/713/713 720/720/720 1275/1275/1275
f 713/713/713 1275/1275/1275 714/714/714
f 719/719/719 730/730/730 1275/1275/1275
f 719/719/719 1275/1275/1275 720/720/720
f 729/729/729 738/738/738 1275/1275/1275
f 729/729/729 1275/1275/1275 730/730/730
f 737/737/737 746/746/746 1275/1275/1275
f 737/737/737 1275/1275/1275 738/738/738
f 745/745/745 752/752/752 1275/1275/1275
f 745/745/745 1275/1275/1275 746/746/746
f 751/751/751 762/762/762 1275/1275/1275
f 751/751/751 1275/1275/1275 752/752/752
f 761/761/761 772/772/772 1275/1275/1275
f 761/761/761 1275/1275/1275 762/762/762
f 771/771/771 778/778/778 1275/1275/1275
f 771/771/771 1275/1275/1275 772/772/772
f 777/777/777 784/784/784 1275/1275/1275
f 777/777/777 1275/1275/1275 778/778/778
f 783/783/783 794/794/794 1275/1275/1275
f 783/783/783 1275/1275/1275 784/784/784
f 793/793/793 802/802/802 1275/1275/1275
f 793/793/793 1275/1275/1275 794/794/794
f 801/801/801 810/810/810 1275/1275/1275
f 801/801/801 1275/1275/1275 802/802/802
f 809/809/809 813/813/813 1275/1275/1275
f 809/809/809 1275/1275/1275 810/810/810
f 45/45/45 44/44/44 1275/1275/1275
f 45/45/45 1275/1275/1275 813/813/813
f 39/39/39 38/38/38 1275/1275/1275
f 39/39/39 1275/1275/1275 44/44/44
f 34/34/34 33/33/33 1275/1275/1275
f 34/34/34 1275/1275/1275 38/38/38
f 30/30/30 29/29/29 1275/1275/1275
f 30/30/30 1275/1275/1275 33/33/33
f 913/913/913 912/912/912 1276/1276/1276
f 913/913/913 1276/1276/1276 916/916/916
f 911/911/911 1182/1182/1182 1276/1276/1276
f 911/911/911 1276/1276/1276 912/912/912
f 1179/1179/1179 1178/1178/1178 1276/1276/1276
f 1179/1179/1179 1276/1276/1276 1182/1182/1182
f 1177/1177/1177 1188/1188/1188 1276/1276/1276
f 1177/1177/1177 1276/1276/1276 1178/1178/1178
f 1187/1187/1187 1194/1194/1194 1276/1276/1276
f 1187/1187/1187 1276/1276/1276 1188/1188/1188
f 1193/1193/1193 1204/1204/1204 1276/1276/1276
f 1193/1193/1193 1276/1276/1276 1194/1194/1194
f 1203/1203/1203 1212/1212/1212 1276/1276/1276
f 1203/1203/1203 1276/1276/1276 1204/1204/1204
f 1211/1211/1211 1220/1220/1220 1276/1276/1276
f 1211/1211/1211 1276/1276/1276 1212/1212/1212
f 1219/1219/1219 1226/1226/1226 1276/1276/1276
f 1219/1219/1219 1276/1276/1276 1220/1220/1220
f 1225/1225/1225 1236/1236/1236 1276/1276/1276
f 1225/1225/1225 1276/1276/1276 1226/1226/1226
f 1235/1235/1235 1244/1244/1244 1276/1276/1276
f 1235/1235/1235 1276/1276/1276 1236/1236/1236
f 1243/1243/1243 1252/1252/1252 1276/1276/1276
f 1243/1243/1243 1276/1276/1276 1244/1244/1244
f 1251/1251/1251 1258/1258/1258 1276/1276/1276
f 1251/1251/1251 1276/1276/1276 1252/1252/1252
f 1257/1257/1257 1268/1268/1268 1276/1276/1276
f 1257/1257/1257 1276/1276/1276 1258/1258/1258
f 1267/1267/1267 1273/1273/1273 1276/1276/1276
f 1267/1267/1267 1276/1276/1276 1268/1268/1268
f 1026/1026/1026 1025/1025/1025 1276/1276/1276
f 1026/1026/1026 1276/1276/1276 1273/1273/1273
f 1020/1020/1020 1019/1019/1019 1276/1276/1276
f 1020/1020/1020 1276/1276/1276 1025/1025/1025
f 1013/1013/1013 1012/1012/1012 1276/1276/1276
f 1013/1013/1013 1276/1276/1276 1019/1019/1019
f 1011/1011/1011 1016/1016/1016 1276/1276/1276
f 1011/1011/1011 1276/1276/1276 1012/1012/1012
f 976/976/976 975/975/975 1276/1276/1276
f 976/976/976 1276/1276/1276 1016/1016/1016
f 970/970/970 969/969/969 1276/1276/1276
f 970/970/970 1276/1276/1276 975/975/975
f 963/963/963 962/962/962 1276/1276/1276
f 963/963/963 1276/1276/1276 969/969/969
f 961/961/961 966/966/966 1276/1276/1276
f 961/961/961 1276/1276/1276 962/962/962
f 928/928/928 927/927/927 1276/1276/1276
f 928/928/928 1276/1276/1276 966/966/966
f 922/922/922 921/921/921 1276/1276/1276
f 922/922/922 1276/1276/1276 927/927/927
f 917/917/917 916/916/916 1276/1276/1276
f 917/917/917 1276/1276/1276 921/921/921
