v -0.244674 -0.16052 0.62469
v -0.246318 -0.154971 0.618218
v -0.242235 -0.150588 0.609009
v -0.241321 -0.156011 0.616596
v -0.246651 -0.149224 0.613517
v -0.242267 -0.144974 0.604018
v -0.238108 -0.141611 0.596611
v -0.238205 -0.147224 0.601672
v -0.237949 -0.152571 0.610036
v -0.219613 -0.169073 0.660237
v -0.229208 -0.169266 0.652149
v -0.227023 -0.165262 0.648939
v -0.217132 -0.165122 0.657315
v -0.236032 -0.168468 0.642659
v -0.233872 -0.164261 0.638279
v -0.231948 -0.160713 0.634749
v -0.225165 -0.161662 0.64626
v -0.21508 -0.161438 0.654748
v -0.194169 -0.039064 0.594629
v -0.182462 -0.033595 0.593188
v -0.176487 -0.03533 0.589758
v -0.187792 -0.0401385 0.591213
v -0.17097 -0.0317418 0.596885
v -0.16567 -0.0338822 0.593442
v -0.161934 -0.0360458 0.591835
v -0.17204 -0.0371196 0.588127
v -0.182767 -0.0413283 0.589431
v -0.148262 -0.0401555 0.619222
v -0.140822 -0.0524646 0.631073
v -0.138377 -0.052558 0.626626
v -0.144872 -0.0415019 0.615307
v -0.135438 -0.0687133 0.639723
v -0.133753 -0.0673333 0.634997
v -0.133172 -0.0667066 0.631526
v -0.137055 -0.0532029 0.623555
v -0.142672 -0.0431237 0.612875
v -0.239009 -0.115408 0.603936
v -0.235657 -0.101679 0.603375
v -0.229736 -0.099214 0.598799
v -0.233918 -0.112025 0.598541
v -0.231689 -0.087127 0.603648
v -0.225229 -0.0856014 0.599598
v -0.220317 -0.084529 0.596808
v -0.225222 -0.0974122 0.595592
v -0.229923 -0.109459 0.594687
v -0.228256 -0.13827 0.810116
v -0.226936 -0.157609 0.820046
v -0.214471 -0.154563 0.801513
v -0.215953 -0.135709 0.792586
v -0.226981 -0.173678 0.827416
v -0.214597 -0.17002 0.807947
v -0.19921 -0.165494 0.78368
v -0.198278 -0.150722 0.777976
v -0.199277 -0.132333 0.769842
v -0.354813 -0.177682 0.765682
v -0.348398 -0.155639 0.754422
v -0.33937 -0.153649 0.734492
v -0.345048 -0.175837 0.745406
v -0.336129 -0.129697 0.744355
v -0.327717 -0.127218 0.725198
v -0.315595 -0.122486 0.702492
v -0.32655 -0.148985 0.710972
v -0.33176 -0.171157 0.721373
v -0.249651 -0.0625953 0.765722
v -0.240857 -0.0781064 0.776524
v -0.231022 -0.0754168 0.762101
v -0.24081 -0.05974 0.751938
v -0.234085 -0.0977417 0.787701
v -0.223278 -0.0950064 0.7722
v -0.20793 -0.0915438 0.751358
v -0.216761 -0.0720238 0.742297
v -0.227771 -0.0561874 0.732806
v -0.282834 -0.0615651 0.743785
v -0.275777 -0.0553289 0.745114
v -0.268718 -0.0506525 0.730176
v -0.275596 -0.0569798 0.72861
v -0.268056 -0.0524278 0.748422
v -0.26083 -0.0480171 0.733888
v -0.250228 -0.0429373 0.71427
v -0.258594 -0.0453056 0.710035
v -0.265532 -0.0516382 0.708116
v -0.354697 -0.202315 0.778105
v -0.356131 -0.192267 0.773177
v -0.345692 -0.190261 0.75252
v -0.343632 -0.199962 0.756957
v -0.332161 -0.185657 0.728254
v -0.329906 -0.195348 0.73255
v -0.25329 -0.225618 0.837832
v -0.266399 -0.234045 0.834585
v -0.254191 -0.228734 0.809657
v -0.241279 -0.220954 0.813553
v -0.280929 -0.240138 0.829449
v -0.268445 -0.234237 0.804174
v -0.255143 -0.224101 0.774927
v -0.240939 -0.219419 0.780617
v -0.227887 -0.212659 0.78504
v -0.13784 -0.1162 0.675872
v -0.136065 -0.133213 0.680082
v -0.129043 -0.129044 0.661093
v -0.132584 -0.113149 0.661805
v -0.137553 -0.146613 0.684331
v -0.128958 -0.141768 0.661584
v -0.122842 -0.136573 0.641516
v -0.124352 -0.124614 0.6457
v -0.129277 -0.109984 0.65161
v -0.272574 -0.136516 0.639434
v -0.269202 -0.117639 0.634196
v -0.26014 -0.112631 0.623967
v -0.262598 -0.129976 0.627624
v -0.262561 -0.096902 0.629802
v -0.25506 -0.0938257 0.62122
v -0.247787 -0.0913575 0.614236
v -0.25174 -0.108433 0.615608
v -0.253797 -0.124307 0.618051
v -0.168209 -0.0401862 0.648777
v -0.1567 -0.0566352 0.657881
v -0.151074 -0.0551233 0.648594
v -0.16143 -0.0391453 0.638329
v -0.148437 -0.0766664 0.666309
v -0.143754 -0.0748034 0.657081
v -0.140876 -0.0730445 0.650764
v -0.147443 -0.054218 0.642205
v -0.156657 -0.0392114 0.63078
v -0.220738 -0.0371854 0.626993
v -0.21095 -0.0302134 0.63029
v -0.203224 -0.0303232 0.617665
v -0.213853 -0.0372934 0.615877
v -0.198968 -0.0272973 0.635434
v -0.190971 -0.0274082 0.622299
v -0.184004 -0.0285792 0.611057
v -0.196137 -0.0311354 0.606929
v -0.207383 -0.0377104 0.606868
v -0.272643 -0.16309 0.647261
v -0.273445 -0.15155 0.643722
v -0.263615 -0.143943 0.631301
v -0.263645 -0.154699 0.634868
v -0.255285 -0.137202 0.621269
v -0.256305 -0.147127 0.624852
v -0.18509 -0.178682 0.698462
v -0.200038 -0.180585 0.694247
v -0.193699 -0.177556 0.686102
v -0.179903 -0.175391 0.688008
v -0.215129 -0.181227 0.68821
v -0.207928 -0.178295 0.681553
v -0.20122 -0.176023 0.677296
v -0.187899 -0.17482 0.679906
v -0.175394 -0.172094 0.67901
v -0.12593 -0.0928404 0.629087
v -0.131126 -0.0803478 0.632384
v -0.129784 -0.0807398 0.633414
v -0.124454 -0.0938336 0.630285
v -0.134762 -0.0669135 0.628943
v -0.133671 -0.0666592 0.629742
v -0.128987 -0.0817058 0.63531
v -0.12358 -0.0955849 0.632134
v -0.142231 -0.0458626 0.611761
v -0.149953 -0.0410083 0.600762
v -0.150249 -0.0394758 0.600583
v -0.142005 -0.0445676 0.611911
v -0.159303 -0.0393987 0.591943
v -0.160078 -0.0378449 0.59155
v -0.151535 -0.0376986 0.601119
v -0.212192 -0.156828 0.650885
v -0.198926 -0.156267 0.654786
v -0.199994 -0.158369 0.656651
v -0.213502 -0.158795 0.652674
v -0.183948 -0.154672 0.653591
v -0.184612 -0.156788 0.655422
v -0.185975 -0.159667 0.658261
v -0.201477 -0.161145 0.658992
v -0.213582 -0.0833997 0.595414
v -0.218204 -0.0954528 0.593569
v -0.221528 -0.0962402 0.594096
v -0.216631 -0.0838515 0.595644
v -0.222781 -0.106666 0.592075
v -0.2263 -0.107784 0.592814
v -0.115154 -0.133406 0.588023
v -0.112839 -0.123328 0.593327
v -0.11178 -0.125384 0.595131
v -0.114521 -0.135605 0.590275
v -0.11402 -0.112358 0.603596
v -0.112645 -0.114174 0.605105
v -0.112169 -0.116685 0.607259
v -0.111782 -0.128044 0.598272
v -0.115188 -0.138294 0.594874
v -0.200367 -0.0600288 0.597332
v -0.208074 -0.0713147 0.597403
v -0.210816 -0.071422 0.597379
v -0.202749 -0.0597646 0.597134
v -0.214464 -0.0716766 0.598233
v -0.206267 -0.0596049 0.597748
v -0.227573 -0.206554 0.751034
v -0.214096 -0.201364 0.756023
v -0.241909 -0.210058 0.745005
v -0.230476 -0.196258 0.718824
v -0.215809 -0.194032 0.725225
v -0.201659 -0.190488 0.730612
v -0.315989 -0.177757 0.702768
v -0.313986 -0.188188 0.70711
v -0.315324 -0.162698 0.696023
v -0.298593 -0.152796 0.672672
v -0.299586 -0.168411 0.678994
v -0.297995 -0.179762 0.683264
v -0.245215 -0.0394302 0.685863
v -0.252418 -0.0454757 0.683244
v -0.236162 -0.0374996 0.690736
v -0.221444 -0.0325718 0.667919
v -0.231421 -0.0343621 0.662561
v -0.239204 -0.0403041 0.659186
v -0.198558 -0.0678451 0.717571
v -0.210645 -0.0519172 0.708646
v -0.188888 -0.0872556 0.726067
v -0.170501 -0.0829088 0.700985
v -0.180393 -0.0634414 0.692664
v -0.193026 -0.0473607 0.68409
v -0.310197 -0.140844 0.686143
v -0.299935 -0.115049 0.678147
v -0.284223 -0.107155 0.656385
v -0.293612 -0.1316 0.663744
v -0.179118 -0.146359 0.751627
v -0.179125 -0.128033 0.743572
v -0.181485 -0.160802 0.75727
v -0.16397 -0.156091 0.731207
v -0.16063 -0.14183 0.725306
v -0.160084 -0.123535 0.717306
v -0.310465 -0.219307 0.74743
v -0.317341 -0.215738 0.74366
v -0.301446 -0.208407 0.71798
v -0.294944 -0.211506 0.721585
v -0.322913 -0.210758 0.740063
v -0.306891 -0.203612 0.714463
v -0.291354 -0.195546 0.690467
v -0.286488 -0.200299 0.693959
v -0.28078 -0.203108 0.697576
v -0.230772 -0.124536 0.589988
v -0.231061 -0.131314 0.590276
v -0.234818 -0.133162 0.591024
v -0.234422 -0.126231 0.590715
v -0.230302 -0.137355 0.592343
v -0.234147 -0.1392 0.593235
v -0.238511 -0.13562 0.59414
v -0.237846 -0.128603 0.593472
v -0.261062 -0.187351 0.661717
v -0.265065 -0.184061 0.657656
v -0.258893 -0.175317 0.645526
v -0.255476 -0.179586 0.649802
v -0.268334 -0.178868 0.654067
v -0.261347 -0.169626 0.641892
v -0.256088 -0.16102 0.632056
v -0.254427 -0.167065 0.635868
v -0.251515 -0.172272 0.640533
v -0.339002 -0.229284 0.795586
v -0.345238 -0.224745 0.791147
v -0.332298 -0.221288 0.768631
v -0.325656 -0.225396 0.772695
v -0.349741 -0.219151 0.787081
v -0.337403 -0.216008 0.764892
v -0.191946 -0.168553 0.667973
v -0.178073 -0.166187 0.666557
v -0.182783 -0.171042 0.673654
v -0.196013 -0.172781 0.672917
v -0.165187 -0.162745 0.66031
v -0.170558 -0.167896 0.670177
v -0.285554 -0.160076 0.859517
v -0.292366 -0.174095 0.869798
v -0.289705 -0.174043 0.870841
v -0.282706 -0.159101 0.859826
v -0.298945 -0.185244 0.878402
v -0.296536 -0.185912 0.880098
v -0.292959 -0.186182 0.880868
v -0.28633 -0.173609 0.871297
v -0.279668 -0.157804 0.859911
v -0.367664 -0.161669 0.877914
v -0.359624 -0.150348 0.867759
v -0.363853 -0.149594 0.86386
v -0.372818 -0.161868 0.875128
v -0.349861 -0.138714 0.857875
v -0.35281 -0.13706 0.852964
v -0.354995 -0.136333 0.846633
v -0.367211 -0.150138 0.857851
v -0.377038 -0.163675 0.869618
v -0.283229 -0.105411 0.825448
v -0.277849 -0.117427 0.831713
v -0.274754 -0.113767 0.829072
v -0.280303 -0.100937 0.821514
v -0.275853 -0.131471 0.838914
v -0.272748 -0.128575 0.837531
v -0.270407 -0.125639 0.836544
v -0.272695 -0.110435 0.826865
v -0.278478 -0.0972662 0.81802
v -0.311098 -0.104328 0.822986
v -0.303721 -0.0980451 0.817179
v -0.30227 -0.0927441 0.810912
v -0.310279 -0.100097 0.81641
v -0.296401 -0.0948521 0.815174
v -0.294344 -0.0889568 0.809464
v -0.292993 -0.0845828 0.804512
v -0.301284 -0.0888596 0.805447
v -0.3097 -0.0970348 0.810492
v -0.394547 -0.20831 0.945376
v -0.393869 -0.204193 0.936304
v -0.399025 -0.207753 0.93778
v -0.399735 -0.21235 0.947023
v -0.391747 -0.198175 0.925164
v -0.39691 -0.201045 0.926222
v -0.400475 -0.204434 0.923281
v -0.402238 -0.211634 0.935053
v -0.402608 -0.216592 0.94435
v -0.345354 -0.208066 0.921313
v -0.363829 -0.212431 0.939405
v -0.36577 -0.215754 0.944882
v -0.346029 -0.21073 0.926112
v -0.38098 -0.215675 0.955408
v -0.384167 -0.219571 0.961138
v -0.383936 -0.223092 0.963919
v -0.364076 -0.218818 0.947436
v -0.343019 -0.213273 0.928014
v -0.381073 -0.181134 0.900785
v -0.374634 -0.171781 0.888954
v -0.380087 -0.172746 0.887275
v -0.386447 -0.182731 0.900159
v -0.384494 -0.175236 0.882434
v -0.390629 -0.185519 0.896056
v -0.392077 -0.215273 0.960269
v -0.393735 -0.21397 0.958191
v -0.39854 -0.217967 0.96107
v -0.396494 -0.219333 0.964293
v -0.394819 -0.212575 0.955512
v -0.399907 -0.216586 0.957559
v -0.402157 -0.220632 0.955451
v -0.40035 -0.221881 0.960079
v -0.397792 -0.223174 0.964804
v -0.12277 -0.145952 0.616231
v -0.116987 -0.136377 0.613093
v -0.121429 -0.141435 0.626224
v -0.12853 -0.150169 0.631885
v -0.115504 -0.125298 0.616888
v -0.118565 -0.130897 0.626743
v -0.126945 -0.146461 0.643693
v -0.13488 -0.154184 0.650175
v -0.30296 -0.241321 0.818342
v -0.312687 -0.240043 0.812729
v -0.299544 -0.234345 0.788098
v -0.290013 -0.235382 0.793367
v -0.32218 -0.237771 0.806957
v -0.308865 -0.232508 0.782805
v -0.294263 -0.224154 0.756015
v -0.28527 -0.224998 0.76043
v -0.276052 -0.225355 0.764923
v -0.235271 -0.182139 0.678417
v -0.243244 -0.184691 0.674724
v -0.238518 -0.179988 0.665983
v -0.230161 -0.178163 0.671103
v -0.25037 -0.187402 0.670921
v -0.245416 -0.181843 0.660703
v -0.24173 -0.177162 0.653361
v -0.234865 -0.176373 0.660238
v -0.225913 -0.175329 0.66679
v -0.271111 -0.212918 0.73241
v -0.262151 -0.211842 0.73585
v -0.279812 -0.213773 0.729054
v -0.267101 -0.203289 0.704729
v -0.258794 -0.200868 0.707397
v -0.250155 -0.198425 0.71009
v -0.231135 -0.14878 0.605191
v -0.230778 -0.153545 0.617246
v -0.233454 -0.155111 0.618889
v -0.234557 -0.150308 0.606649
v -0.22812 -0.15659 0.630633
v -0.230042 -0.158297 0.632361
v -0.236058 -0.157422 0.621811
v -0.325424 -0.200994 0.902559
v -0.333206 -0.204275 0.909661
v -0.333053 -0.206495 0.913847
v -0.324738 -0.20292 0.906209
v -0.329518 -0.208626 0.915355
v -0.321185 -0.204718 0.907537
v -0.214743 -0.197796 0.78677
v -0.219743 -0.205308 0.786738
v -0.205416 -0.195389 0.758223
v -0.199839 -0.18908 0.758682
v -0.192197 -0.185911 0.732923
v -0.185801 -0.180791 0.733296
v -0.168974 -0.151224 0.646815
v -0.169069 -0.153152 0.648432
v -0.154248 -0.147621 0.633437
v -0.15396 -0.149407 0.635109
v -0.155411 -0.152227 0.639743
v -0.17038 -0.15605 0.651986
v -0.244762 -0.136383 0.60755
v -0.242197 -0.127095 0.605417
v -0.237991 -0.123087 0.598756
v -0.241007 -0.132093 0.599529
v -0.234601 -0.119916 0.593851
v -0.165693 -0.170905 0.696656
v -0.174085 -0.175237 0.698763
v -0.168806 -0.171859 0.685749
v -0.159464 -0.167581 0.681018
v -0.164334 -0.168342 0.673675
v -0.154161 -0.16413 0.665858
v -0.240729 -0.208882 0.836438
v -0.245363 -0.217137 0.838021
v -0.23338 -0.212804 0.81456
v -0.228672 -0.204663 0.81385
v -0.302511 -0.206175 0.898695
v -0.309031 -0.21109 0.905319
v -0.296518 -0.212033 0.89639
v -0.290831 -0.206347 0.890843
v -0.32198 -0.216781 0.916633
v -0.30775 -0.218958 0.904629
v -0.294075 -0.221479 0.891554
v -0.284585 -0.213385 0.886644
v -0.27942 -0.206901 0.88212
v -0.385764 -0.229246 0.946703
v -0.390612 -0.228109 0.940335
v -0.377776 -0.2322 0.91823
v -0.37009 -0.234175 0.923047
v -0.394461 -0.226998 0.934173
v -0.384068 -0.230368 0.913123
v -0.371031 -0.233737 0.889065
v -0.362542 -0.236332 0.893089
v -0.352472 -0.239081 0.89639
v -0.398167 -0.223101 0.920713
v -0.399593 -0.218139 0.910733
v -0.393435 -0.220759 0.890335
v -0.390872 -0.22572 0.899943
v -0.399387 -0.211041 0.89875
v -0.394235 -0.213837 0.879177
v -0.386825 -0.216275 0.858491
v -0.384936 -0.222986 0.868141
v -0.381186 -0.227952 0.876721
v -0.344553 -0.22339 0.934447
v -0.327435 -0.227429 0.91643
v -0.367019 -0.228517 0.949192
v -0.34791 -0.234029 0.925749
v -0.328001 -0.239489 0.899756
v -0.310301 -0.231608 0.896623
v -0.390871 -0.192961 0.872533
v -0.385048 -0.182981 0.859773
v -0.382377 -0.186524 0.844375
v -0.387416 -0.196321 0.85564
v -0.37752 -0.170408 0.848075
v -0.375527 -0.173367 0.833957
v -0.372873 -0.175569 0.819516
v -0.378647 -0.189308 0.828809
v -0.382445 -0.199077 0.838403
v -0.306599 -0.0904549 0.799445
v -0.298242 -0.0822669 0.795926
v -0.295821 -0.0778027 0.789349
v -0.30409 -0.0853313 0.791709
v -0.290005 -0.0777284 0.795951
v -0.28762 -0.0735298 0.789999
v -0.284455 -0.0688324 0.782583
v -0.292689 -0.0728363 0.781245
v -0.300903 -0.0797238 0.782451
v -0.275357 -0.0885699 0.810867
v -0.269003 -0.101667 0.821341
v -0.265716 -0.0967587 0.816315
v -0.272556 -0.0830921 0.805333
v -0.265576 -0.117572 0.832551
v -0.261548 -0.113712 0.828019
v -0.25651 -0.110009 0.821803
v -0.261373 -0.0918432 0.809754
v -0.268722 -0.0774008 0.798411
v -0.366993 -0.153762 0.83776
v -0.365456 -0.154894 0.824523
v -0.353739 -0.136129 0.828137
v -0.352274 -0.13487 0.815539
v -0.350532 -0.133301 0.801443
v -0.363537 -0.155502 0.810359
v -0.27097 -0.152326 0.856269
v -0.275567 -0.169463 0.867283
v -0.268152 -0.166865 0.86241
v -0.264724 -0.149452 0.851683
v -0.280462 -0.183285 0.876282
v -0.271972 -0.181033 0.871029
v -0.262788 -0.179098 0.86448
v -0.259961 -0.16456 0.8561
v -0.257626 -0.146842 0.845516
v -0.25961 -0.209708 0.863496
v -0.264396 -0.217366 0.866657
v -0.255318 -0.218334 0.854665
v -0.250634 -0.210279 0.852239
v -0.272831 -0.225985 0.868366
v -0.263483 -0.226926 0.855394
v -0.325484 -0.24341 0.85579
v -0.335351 -0.241332 0.851048
v -0.324106 -0.241966 0.832833
v -0.314413 -0.243553 0.838307
v -0.344563 -0.238679 0.845878
v -0.333459 -0.239478 0.827096
v -0.359504 -0.230722 0.834023
v -0.365252 -0.225914 0.828289
v -0.355741 -0.226106 0.81035
v -0.349684 -0.23084 0.815255
v -0.369068 -0.219821 0.82235
v -0.359931 -0.220263 0.805614
v -0.286988 -0.235646 0.867435
v -0.277111 -0.235928 0.853124
v -0.302596 -0.242936 0.864456
v -0.292152 -0.242578 0.84879
v -0.370248 -0.202548 0.808788
v -0.369435 -0.192423 0.801806
v -0.363709 -0.192834 0.788867
v -0.363249 -0.203036 0.794704
v -0.366095 -0.177932 0.793412
v -0.361468 -0.178208 0.780898
v -0.292741 -0.0701714 0.763008
v -0.284826 -0.0636662 0.763365
v -0.280761 -0.0595376 0.755227
v -0.288242 -0.0658741 0.754305
v -0.276632 -0.0598621 0.765911
v -0.272845 -0.056161 0.758183
v -0.259569 -0.0679703 0.782848
v -0.251551 -0.0832455 0.79438
v -0.247 -0.080448 0.786514
v -0.255276 -0.0650395 0.775237
v -0.24576 -0.102796 0.806535
v -0.240826 -0.100128 0.798368
v -0.358152 -0.156355 0.782771
v -0.354271 -0.156347 0.769711
v -0.345264 -0.131639 0.772718
v -0.341589 -0.130955 0.759385
v -0.243301 -0.142298 0.830471
v -0.243634 -0.161296 0.841152
v -0.23602 -0.159729 0.832444
v -0.236647 -0.140342 0.821934
v -0.244872 -0.177067 0.849392
v -0.236529 -0.175882 0.840418
v -0.124908 -0.102412 0.639238
v -0.119017 -0.114686 0.62804
v -0.117518 -0.110114 0.623562
v -0.123768 -0.0986055 0.63514
v -0.113239 -0.120437 0.610803
v -0.117013 -0.106538 0.620743
v -0.181711 -0.17944 0.713669
v -0.174339 -0.174926 0.713248
v -0.192079 -0.183176 0.711891
v -0.249687 -0.191437 0.688197
v -0.241508 -0.18855 0.690992
v -0.257375 -0.194446 0.685353
v -0.274211 -0.192291 0.673708
v -0.269406 -0.195106 0.677519
v -0.27831 -0.187419 0.670173
v -0.206973 -0.185548 0.706603
v -0.222081 -0.186733 0.700048
v -0.285323 -0.159636 0.659358
v -0.284057 -0.171406 0.663238
v -0.284344 -0.144007 0.654021
v -0.220054 -0.0313641 0.64451
v -0.228794 -0.0377955 0.640754
v -0.208958 -0.0290389 0.649942
v -0.166259 -0.0595081 0.672429
v -0.178632 -0.0431399 0.663866
v -0.156977 -0.0793233 0.680772
v -0.28001 -0.123816 0.646822
v -0.271858 -0.10113 0.640752
v -0.146291 -0.137441 0.701433
v -0.146473 -0.119586 0.694423
v -0.149174 -0.151366 0.707241
v -0.20775 -0.036851 0.675455
v -0.194057 -0.0328204 0.656363
v -0.183533 -0.0303494 0.641399
v -0.268129 -0.0605568 0.772783
v -0.26418 -0.057304 0.765231
v -0.259097 -0.0542924 0.755741
v -0.282423 -0.0800441 0.801584
v -0.279918 -0.0751517 0.795845
v -0.276499 -0.0698644 0.788722
v -0.289558 -0.0974397 0.818909
v -0.286991 -0.0920039 0.813955
v -0.285378 -0.0878389 0.809587
v -0.239518 -0.046388 0.722611
v -0.223989 -0.0415973 0.698988
v -0.137732 -0.0548512 0.621627
v -0.137025 -0.0540053 0.622121
v -0.175889 -0.0299767 0.629292
v -0.169839 -0.0308472 0.619588
v -0.251209 -0.0506827 0.741768
v -0.158927 -0.0335292 0.606585
v -0.154534 -0.0355689 0.603011
v -0.271007 -0.0828261 0.654435
v -0.26021 -0.0787817 0.63857
v -0.257576 -0.062486 0.655685
v -0.247895 -0.0599033 0.6387
v -0.241056 -0.0595416 0.627133
v -0.252469 -0.0767996 0.627847
v -0.328434 -0.108821 0.766236
v -0.324369 -0.106937 0.754026
v -0.312314 -0.0906485 0.76322
v -0.307737 -0.0874959 0.752673
v -0.301964 -0.0842359 0.7406
v -0.318817 -0.104712 0.74033
v -0.33885 -0.120985 0.818652
v -0.337005 -0.117625 0.806711
v -0.325143 -0.108803 0.810316
v -0.322825 -0.10402 0.799389
v -0.319988 -0.0987511 0.787019
v -0.334799 -0.113913 0.793192
v -0.338277 -0.12789 0.847782
v -0.339952 -0.125608 0.842063
v -0.327112 -0.118565 0.838236
v -0.327711 -0.115782 0.831954
v -0.328058 -0.113921 0.825487
v -0.341091 -0.124165 0.835577
v -0.299467 -0.0964043 0.700983
v -0.285142 -0.0894367 0.676652
v -0.283566 -0.074881 0.70355
v -0.270411 -0.0681926 0.67891
v -0.178409 -0.0435123 0.589387
v -0.189752 -0.0504177 0.593642
v -0.191704 -0.0497474 0.593354
v -0.179933 -0.0424495 0.589038
v -0.194937 -0.0491146 0.59384
v -0.246533 -0.0757895 0.61998
v -0.235885 -0.0599172 0.618923
v -0.230897 -0.0602666 0.612701
v -0.240706 -0.0750276 0.61382
v -0.310746 -0.101448 0.72267
v -0.294121 -0.0802286 0.724428
v -0.226308 -0.0730069 0.604226
v -0.2197 -0.0721983 0.600614
v -0.218243 -0.0598488 0.603141
v -0.211679 -0.0596332 0.599798
v -0.340502 -0.122949 0.828064
v -0.355019 -0.13635 0.838469
v -0.327077 -0.111923 0.818687
v -0.284069 -0.0841053 0.805818
v -0.291691 -0.0811546 0.800397
v -0.277103 -0.0932754 0.814797
v -0.281659 -0.171939 0.870226
v -0.275888 -0.155359 0.858909
v -0.287574 -0.185204 0.879635
v -0.367981 -0.151864 0.849066
v -0.378394 -0.166852 0.860365
v -0.271079 -0.106357 0.824597
v -0.2683 -0.121783 0.835172
v -0.300024 -0.0857005 0.800872
v -0.308498 -0.0941529 0.805283
v -0.386033 -0.178936 0.872979
v -0.392097 -0.189151 0.886573
v -0.357093 -0.220917 0.944651
v -0.334505 -0.215103 0.924807
v -0.378885 -0.225418 0.961301
v -0.402538 -0.21512 0.926019
v -0.402147 -0.220145 0.935713
v -0.401445 -0.207854 0.913974
v -0.398059 -0.224961 0.95395
v -0.394802 -0.225998 0.960081
v -0.400508 -0.223943 0.94814
v -0.32087 -0.21009 0.912185
v -0.313291 -0.20576 0.904737
v -0.27915 -0.145752 0.848615
v -0.284351 -0.148887 0.850955
v -0.289634 -0.161707 0.860339
v -0.281189 -0.1358 0.842203
v -0.291678 -0.14262 0.849942
v -0.298731 -0.155332 0.860069
v -0.297782 -0.163844 0.864213
v -0.31841 -0.11102 0.830046
v -0.319989 -0.117552 0.8378
v -0.313323 -0.11132 0.830706
v -0.327585 -0.123781 0.844853
v -0.329461 -0.132826 0.85332
v -0.324791 -0.13273 0.851972
v -0.317655 -0.122778 0.841537
v -0.389374 -0.216288 0.961144
v -0.382176 -0.211794 0.952595
v -0.384978 -0.211179 0.952888
v -0.374981 -0.211639 0.947282
v -0.366084 -0.204431 0.93442
v -0.367981 -0.200862 0.933164
v -0.375025 -0.20422 0.94032
v -0.39495 -0.210891 0.951559
v -0.387188 -0.206691 0.945328
v -0.387443 -0.204577 0.940225
v -0.387366 -0.208619 0.94928
v -0.376974 -0.202041 0.937425
v -0.37234 -0.1971 0.928713
v -0.377362 -0.198593 0.9301
v -0.355896 -0.152625 0.870768
v -0.347496 -0.141772 0.862129
v -0.363151 -0.162933 0.879451
v -0.357901 -0.16467 0.880922
v -0.350185 -0.157872 0.87531
v -0.345109 -0.147347 0.86697
v -0.311641 -0.194775 0.890422
v -0.305258 -0.191443 0.88488
v -0.307611 -0.190122 0.883017
v -0.31313 -0.19332 0.887953
v -0.301684 -0.184559 0.877169
v -0.307494 -0.182149 0.877708
v -0.315005 -0.185143 0.882825
v -0.316866 -0.189848 0.88669
v -0.359659 -0.208628 0.932068
v -0.343505 -0.205196 0.915844
v -0.342169 -0.199564 0.910128
v -0.35232 -0.1987 0.918404
v -0.29455 -0.106266 0.825859
v -0.288417 -0.11258 0.83081
v -0.300274 -0.103601 0.822564
v -0.307188 -0.117161 0.834891
v -0.306427 -0.125341 0.842592
v -0.297436 -0.124228 0.840527
v -0.387158 -0.190197 0.913064
v -0.380663 -0.188425 0.910847
v -0.375423 -0.180522 0.899903
v -0.385166 -0.195615 0.922019
v -0.375508 -0.19125 0.915583
v -0.367978 -0.183901 0.904248
v -0.367921 -0.179246 0.897564
v -0.283718 -0.12358 0.836464
v -0.298669 -0.1373 0.849769
v -0.33737 -0.132334 0.853599
v -0.33712 -0.143249 0.863261
v -0.331907 -0.111002 0.779373
v -0.348196 -0.132276 0.786838
v -0.316424 -0.0942843 0.774685
v -0.27235 -0.0648243 0.780729
v -0.280604 -0.0641439 0.774196
v -0.264158 -0.0721765 0.790656
v -0.251619 -0.162782 0.848915
v -0.250299 -0.144452 0.838286
v -0.253613 -0.17792 0.857225
v -0.361138 -0.156006 0.796259
v -0.36977 -0.177063 0.806008
v -0.256418 -0.0871613 0.802198
v -0.251028 -0.106222 0.814404
v -0.288881 -0.068076 0.772202
v -0.297019 -0.0746864 0.772522
v -0.374324 -0.191256 0.814724
v -0.37663 -0.201181 0.822915
v -0.297257 -0.234295 0.88081
v -0.282632 -0.223969 0.879764
v -0.313474 -0.242236 0.879975
v -0.375179 -0.224771 0.847322
v -0.370268 -0.22967 0.854432
v -0.378167 -0.218362 0.83959
v -0.348118 -0.239409 0.870616
v -0.337678 -0.242063 0.874198
v -0.357346 -0.236611 0.866346
v -0.273946 -0.215393 0.876901
v -0.269038 -0.208252 0.873114
v -0.309237 -0.0879082 0.783949
v -0.305365 -0.0828163 0.772943
v -0.301003 -0.078452 0.762659
v -0.307008 -0.106665 0.825429
v -0.31533 -0.125324 0.84292
v -0.318044 -0.105272 0.817203
v -0.316897 -0.102752 0.811209
v -0.314909 -0.0990867 0.804124
v -0.16851 -0.0400448 0.588264
v -0.169668 -0.0386662 0.587846
v -0.247256 -0.0489498 0.657199
v -0.23758 -0.0467523 0.639172
v -0.230482 -0.0466505 0.626408
v -0.296279 -0.0744636 0.753251
v -0.290556 -0.0704756 0.742191
v -0.312385 -0.093752 0.79476
v -0.318224 -0.107638 0.823468
v -0.27283 -0.0606776 0.706154
v -0.259947 -0.0542495 0.681197
v -0.224748 -0.0471305 0.616961
v -0.219296 -0.0476282 0.609668
v -0.283011 -0.0660694 0.726757
v -0.206812 -0.0481577 0.59906
v -0.200289 -0.0485627 0.595728
v -0.266425 -0.188396 0.869904
v -0.256727 -0.187807 0.862372
v -0.270607 -0.194691 0.873805
v -0.260606 -0.194709 0.865842
v -0.251375 -0.194993 0.857271
v -0.247624 -0.187532 0.854249
v -0.318408 -0.19782 0.896311
v -0.319349 -0.19585 0.893087
v -0.325504 -0.198901 0.898657
v -0.32352 -0.189633 0.89018
v -0.32692 -0.194382 0.895285
v -0.29963 -0.193325 0.888003
v -0.293781 -0.192944 0.886458
v -0.306516 -0.197312 0.894082
v -0.300205 -0.197451 0.892133
v -0.2915 -0.196717 0.887578
v -0.285865 -0.191612 0.88256
v -0.168713 -0.164852 0.73343
v -0.15432 -0.160017 0.710292
v -0.17418 -0.170444 0.733509
v -0.160723 -0.16549 0.711573
v -0.149942 -0.161452 0.691325
v -0.142667 -0.1555 0.688096
v -0.238928 -0.186752 0.844852
v -0.242554 -0.194645 0.847324
v -0.232705 -0.192748 0.833055
v -0.229156 -0.184639 0.831239
v -0.276433 -0.189845 0.876821
v -0.281246 -0.195544 0.88123
v -0.21686 -0.180667 0.810984
v -0.22048 -0.188674 0.812074
v -0.205959 -0.182979 0.7864
v -0.202012 -0.175528 0.786007
v -0.133774 -0.151085 0.665173
v -0.141682 -0.157836 0.670518
v -0.185283 -0.170107 0.759255
v -0.189882 -0.17655 0.75916
v -0.303201 -0.192554 0.887064
v -0.310011 -0.19617 0.893039
v -0.141808 -0.155681 0.635575
v -0.131411 -0.151913 0.624157
v -0.137881 -0.155924 0.640603
v -0.148338 -0.160033 0.651016
v -0.144248 -0.159733 0.657823
v -0.128073 -0.143542 0.596535
v -0.119987 -0.13998 0.588204
v -0.119763 -0.142222 0.590985
v -0.128027 -0.145688 0.599449
v -0.121202 -0.144832 0.597099
v -0.129945 -0.148251 0.606254
v -0.376889 -0.231239 0.883691
v -0.364518 -0.233483 0.860881
v -0.352602 -0.235047 0.840036
v -0.386594 -0.200686 0.931706
v -0.372083 -0.192618 0.919108
v -0.402724 -0.219238 0.950702
v -0.401642 -0.222726 0.942591
v -0.396686 -0.225706 0.928103
v -0.274392 -0.204118 0.701335
v -0.263894 -0.195808 0.681624
v -0.256252 -0.188447 0.666378
v -0.342121 -0.235517 0.821016
v -0.33114 -0.233889 0.801028
v -0.388071 -0.228574 0.907319
v -0.230538 -0.14323 0.596991
v -0.234327 -0.144907 0.598159
v -0.400145 -0.215005 0.953284
v -0.317708 -0.229316 0.777529
v -0.302713 -0.222183 0.751609
v -0.251022 -0.18182 0.655079
v -0.247259 -0.175808 0.646548
v -0.287749 -0.21332 0.725372
v -0.241196 -0.165348 0.63312
v -0.238587 -0.160924 0.626871
v -0.255812 -0.128526 0.833887
v -0.2495 -0.125502 0.826589
v -0.24348 -0.122683 0.818723
v -0.2961 -0.174423 0.869634
v -0.306707 -0.173653 0.873118
v -0.273468 -0.141572 0.847877
v -0.270597 -0.138325 0.846866
v -0.266869 -0.134702 0.844406
v -0.163508 -0.103421 0.709132
v -0.150211 -0.0998072 0.687803
v -0.142125 -0.0969979 0.671861
v -0.130407 -0.0863793 0.643104
v -0.129186 -0.0836612 0.63868
v -0.237798 -0.120322 0.810341
v -0.230254 -0.118088 0.799074
v -0.261807 -0.131497 0.839991
v -0.276144 -0.143778 0.848173
v -0.202264 -0.112153 0.760684
v -0.182344 -0.107835 0.734813
v -0.119282 -0.102827 0.617593
v -0.11778 -0.104295 0.618926
v -0.137663 -0.0947024 0.66115
v -0.134958 -0.0923369 0.653865
v -0.218555 -0.115512 0.782533
v -0.132491 -0.0894459 0.648087
v -0.138024 -0.0708347 0.645075
v -0.126777 -0.10634 0.644436
v -0.24406 -0.170328 0.63953
v -0.238642 -0.172775 0.647571
v -0.24803 -0.165918 0.632521
v -0.125412 -0.148115 0.608819
v -0.135051 -0.151636 0.619398
v -0.118083 -0.141845 0.603636
v -0.2133 -0.0479155 0.603734
v -0.224907 -0.0601687 0.607483
v -0.200814 -0.0382771 0.599817
v -0.2337 -0.0740427 0.608637
v -0.239641 -0.0890987 0.608481
v -0.164165 -0.0320107 0.612065
v -0.177256 -0.0300126 0.602625
v -0.1523 -0.0394866 0.624456
v -0.12119 -0.1197 0.634987
v -0.248041 -0.131689 0.61284
v -0.249932 -0.14119 0.615962
v -0.245778 -0.119482 0.610328
v -0.113619 -0.131778 0.603987
v -0.17364 -0.160749 0.658641
v -0.188511 -0.16385 0.662736
v -0.159602 -0.157052 0.649105
v -0.243298 -0.104777 0.608883
v -0.144007 -0.0531903 0.636409
v -0.189159 -0.0322159 0.598804
v -0.231805 -0.172939 0.655828
v -0.222472 -0.172455 0.663358
v -0.250356 -0.16034 0.627095
v -0.251267 -0.154352 0.622862
v -0.117377 -0.109204 0.601282
v -0.1156 -0.11966 0.591016
v -0.119314 -0.117947 0.592052
v -0.120949 -0.108106 0.601441
v -0.117137 -0.129324 0.585562
v -0.119961 -0.127112 0.587045
v -0.12914 -0.1229 0.592048
v -0.134268 -0.114242 0.598423
v -0.130491 -0.107388 0.604022
v -0.196398 -0.0606012 0.598559
v -0.186666 -0.0518011 0.595023
v -0.185531 -0.0542836 0.597051
v -0.19466 -0.0620627 0.600211
v -0.176193 -0.0456338 0.590901
v -0.17583 -0.0482111 0.593053
v -0.176182 -0.0570974 0.597396
v -0.183371 -0.0667465 0.602059
v -0.191531 -0.068497 0.602743
v -0.208398 -0.0825118 0.596162
v -0.203397 -0.0711212 0.598425
v -0.201145 -0.0721438 0.60036
v -0.206312 -0.0825476 0.59829
v -0.195008 -0.0798212 0.60449
v -0.20185 -0.0854478 0.601827
v -0.225711 -0.146385 0.606266
v -0.225039 -0.140604 0.598489
v -0.223837 -0.138596 0.603882
v -0.224107 -0.144344 0.611609
v -0.224916 -0.134249 0.594004
v -0.224291 -0.132465 0.5988
v -0.218362 -0.128064 0.604218
v -0.213772 -0.130187 0.610029
v -0.217707 -0.137979 0.615489
v -0.155769 -0.142961 0.632666
v -0.169845 -0.146332 0.645957
v -0.171119 -0.141733 0.646729
v -0.15715 -0.139114 0.633733
v -0.183718 -0.149734 0.652184
v -0.184523 -0.145321 0.653093
v -0.184128 -0.137707 0.648671
v -0.173223 -0.131409 0.63984
v -0.160507 -0.132872 0.63139
v -0.143325 -0.0488618 0.612172
v -0.139672 -0.0570092 0.62155
v -0.142232 -0.0602182 0.622072
v -0.145254 -0.0523197 0.613027
v -0.137391 -0.067805 0.628392
v -0.139958 -0.0695777 0.628663
v -0.146116 -0.0751834 0.626816
v -0.151433 -0.0717589 0.62068
v -0.150823 -0.0611096 0.61379
v -0.134286 -0.0798291 0.631246
v -0.137543 -0.0805466 0.630953
v -0.129426 -0.0910871 0.62737
v -0.132658 -0.0906228 0.626717
v -0.139951 -0.0921604 0.624278
v -0.147714 -0.0861555 0.626743
v -0.166999 -0.0427201 0.589878
v -0.167256 -0.046008 0.592251
v -0.158511 -0.0424505 0.593437
v -0.159201 -0.0455262 0.595438
v -0.162061 -0.0549435 0.599502
v -0.16989 -0.0606715 0.599024
v -0.150076 -0.0442433 0.601778
v -0.151609 -0.0480944 0.603284
v -0.158356 -0.0625964 0.606971
v -0.122872 -0.100247 0.615464
v -0.1268 -0.0994115 0.615005
v -0.139939 -0.100242 0.614788
v -0.224894 -0.121332 0.591602
v -0.221641 -0.113635 0.591785
v -0.219386 -0.111738 0.595717
v -0.223 -0.119294 0.595897
v -0.217039 -0.104533 0.592554
v -0.21529 -0.103155 0.595623
v -0.209883 -0.102543 0.600176
v -0.209564 -0.109141 0.602398
v -0.216507 -0.116375 0.600932
v -0.210095 -0.15274 0.649523
v -0.21919 -0.153514 0.641292
v -0.216725 -0.149631 0.642973
v -0.208854 -0.149067 0.650831
v -0.224465 -0.153165 0.629982
v -0.221871 -0.14987 0.632869
v -0.214788 -0.142232 0.632625
v -0.206807 -0.137789 0.638087
v -0.204046 -0.141343 0.646947
v -0.226101 -0.15074 0.617468
v -0.22341 -0.147724 0.621755
v -0.21231 -0.136659 0.623278
v -0.129091 -0.139095 0.593611
v -0.141366 -0.140952 0.612258
v -0.143319 -0.13727 0.613679
v -0.131197 -0.13609 0.595365
v -0.15207 -0.128399 0.615347
v -0.1388 -0.130411 0.600363
v -0.212689 -0.0939349 0.59403
v -0.210555 -0.093317 0.596693
v -0.202736 -0.0953732 0.602468
v -0.225467 -0.12798 0.592049
v -0.223903 -0.125844 0.596729
v -0.213506 -0.120245 0.60379
v -0.256645 -0.154682 0.628449
v -0.251069 -0.148333 0.61926
v -0.24619 -0.143386 0.610128
v -0.385581 -0.20807 0.848412
v -0.37826 -0.210251 0.831302
v -0.370386 -0.211764 0.815714
v -0.369209 -0.172154 0.889198
v -0.359891 -0.17225 0.888542
v -0.396287 -0.195445 0.909963
v -0.397607 -0.198927 0.900521
v -0.396078 -0.202393 0.885758
v -0.295182 -0.188697 0.686951
v -0.281623 -0.180521 0.666734
v -0.270875 -0.172001 0.650645
v -0.362147 -0.212294 0.800304
v -0.352654 -0.211394 0.782687
v -0.391809 -0.205452 0.867406
v -0.242148 -0.139099 0.601081
v -0.392402 -0.192409 0.91339
v -0.227547 -0.116383 0.590764
v -0.231144 -0.117817 0.591534
v -0.326908 -0.203742 0.736363
v -0.310968 -0.196759 0.710869
v -0.262901 -0.162967 0.638384
v -0.340956 -0.20863 0.760982
v -0.121271 -0.135653 0.585273
v -0.124124 -0.132821 0.587196
v -0.137703 -0.125066 0.595657
v -0.141615 -0.150059 0.62245
v -0.1466 -0.154206 0.634446
v -0.153117 -0.159172 0.64887
v -0.140025 -0.145475 0.614088
v -0.139818 -0.147393 0.616413
v -0.159182 -0.16405 0.661818
v -0.332569 -0.201598 0.904896
v -0.333502 -0.193826 0.899148
v -0.274981 -0.200717 0.87781
v -0.264771 -0.201387 0.869337
v -0.255444 -0.20225 0.860254
v -0.313748 -0.200955 0.900601
v -0.306727 -0.201559 0.898228
v -0.297047 -0.201406 0.892942
v -0.179935 -0.17559 0.73336
v -0.167482 -0.170264 0.712447
v -0.157758 -0.166363 0.694109
v -0.246543 -0.202356 0.849676
v -0.23666 -0.200705 0.834673
v -0.286058 -0.20089 0.885864
v -0.224514 -0.196561 0.812919
v -0.210288 -0.19029 0.786552
v -0.150455 -0.163069 0.675861
v -0.194799 -0.182741 0.758869
v -0.317242 -0.199479 0.899426
v -0.197677 -0.151696 0.653248
v -0.19744 -0.147274 0.65399
v -0.193009 -0.135671 0.645913
v -0.214346 -0.175651 0.672663
v -0.209926 -0.172789 0.669256
v -0.206525 -0.169156 0.665692
v -0.341664 -0.241212 0.899197
v -0.326671 -0.244058 0.877521
v -0.315141 -0.244837 0.860376
v -0.385986 -0.209641 0.95088
v -0.371298 -0.199382 0.932739
v -0.394047 -0.224138 0.968249
v -0.390269 -0.226706 0.964873
v -0.37966 -0.23001 0.951817
v -0.241452 -0.197259 0.713731
v -0.233085 -0.187289 0.694774
v -0.226512 -0.18129 0.682813
v -0.304319 -0.244508 0.84369
v -0.292883 -0.242008 0.823921
v -0.361379 -0.235656 0.926962
v -0.266562 -0.225592 0.769664
v -0.253057 -0.211346 0.739912
v -0.220113 -0.177982 0.676348
v -0.28015 -0.23594 0.79868
v -0.393332 -0.220386 0.96628
v -0.22202 -0.157299 0.64242
v -0.223535 -0.159136 0.644173
v -0.203686 -0.164987 0.662123
v -0.220543 -0.155551 0.641002
v -0.226216 -0.155002 0.629333
v -0.210977 -0.15494 0.649404
v -0.140653 -0.143398 0.612591
v -0.154947 -0.145598 0.632471
v -0.128503 -0.141365 0.594473
v -0.224087 -0.115096 0.590527
v -0.219412 -0.105693 0.591706
v -0.227289 -0.122975 0.589954
v -0.120948 -0.101498 0.616389
v -0.115585 -0.11068 0.602256
v -0.127546 -0.09197 0.628056
v -0.227011 -0.141789 0.596599
v -0.226769 -0.13569 0.592226
v -0.227866 -0.147506 0.604456
v -0.120538 -0.137779 0.586168
v -0.116057 -0.131283 0.586317
v -0.167605 -0.0413922 0.588867
v -0.158758 -0.0409149 0.592509
v -0.177153 -0.0445672 0.589932
v -0.188062 -0.051098 0.594128
v -0.198226 -0.0603113 0.597734
v -0.138595 -0.0557606 0.621364
v -0.135978 -0.0672525 0.6284
v -0.14265 -0.0471904 0.611801
v -0.169218 -0.149123 0.645747
v -0.183525 -0.152508 0.65217
v -0.228162 -0.152175 0.616186
v -0.227557 -0.129606 0.59029
v -0.205544 -0.0712298 0.597656
v -0.210718 -0.0829925 0.59544
v -0.114122 -0.121384 0.591852
v -0.215046 -0.0947637 0.593331
v -0.19802 -0.154203 0.65325
v -0.149873 -0.0425319 0.601113
v -0.132592 -0.08006 0.631578
v -0.336997 -0.170735 0.886206
v -0.177781 -0.104776 0.61501
vt 1 1
vt 0 1
vt 0.2092 1
vt 0.125 1
vt 0.3487 1
vt 0.6422 1
vt 0.9159 1
vt 0.5109 1
vt 0.0296 1
vt 0.1791 1
vt 0.2525 1
vt 0.2414 1
vt 0.05999 1
vt 0.3488 1
vt 0 1
vt 0.9505 1
vt 0.1753 1
vt 0.1048 1
vt 0.1837 1
vt 0 1
vt 0.2362 1
vt 0.9802 1
vt 0.3484 1
vt 0.08388 1
vt 0.03149 1
vt 0.1372 1
vt 0.8381 1
vt 0.05899 1
vt 0 1
vt 0.2031 1
vt -3.751e-09 1
vt 0.1837 1
vt 0.04348 1
vt 0.05529 1
vt 0.5517 1
vt 0.4014 1
vt 0.1836 1
vt 0 1
vt 0.2038 1
vt 0.1068 1
vt 0.3487 1
vt 0.2014 1
vt 0.03806 1
vt 0.9741 1
vt 0.02439 1
vt 0.5266 1
vt 0.1372 1
vt 0.2369 1
vt 0.04421 1
vt 0.05999 1
vt 0.1298 1
vt 0.008753 1
vt 0.105 1
vt 0.5288 1
vt 0.3491 1
vt 0.1835 1
vt 0.2031 1
vt 0.9883 1
vt 0.1894 1
vt 0.1042 1
vt 0.001131 1
vt 0.1298 1
vt 0.001688 1
vt 0.1837 1
vt -5.584e-09 1
vt 0.1559 1
vt -5.584e-09 1
vt 0.6769 1
vt 1 1
vt 0.009485 1
vt 0.5422 1
vt 0.6782 1
vt 0.007374 1
vt 0.2256 1
vt 0.1564 1
vt 0.9351 1
vt 0.3514 1
vt 0.9927 1
vt 0.001688 1
vt 0.3679 1
vt 0.007374 1
vt 0.9731 1
vt -1.656e-08 1
vt 0.2038 1
vt 0.01343 1
vt -3.278e-09 1
vt 0.9158 1
vt 0.06695 1
vt 0.05899 1
vt 0.2038 1
vt 0.9158 1
vt 0.1844 1
vt 0.9703 1
vt 0.001131 1
vt 0.05899 1
vt 0.9438 1
vt 0.6846 1
vt 0.08856 1
vt 0.1564 1
vt 0.07371 1
vt 0.3986 1
vt 0.1082 1
vt 0.04907 1
vt 0.1224 1
vt 0.4023 1
vt 0.5219 1
vt 0.4068 1
vt 0.1572 1
vt 0.1327 1
vt 0.521 1
vt 0.08295 1
vt 0.01343 1
vt 0.06572 1
vt 0.001688 1
vt 0.05899 1
vt 0 1
vt 0.2046 1
vt -3e-08 1
vt 0.399 1
vt 0.1835 1
vt 0.03149 1
vt 0.5517 1
vt 0.5219 1
vt 0.007374 1
vt 0.1372 1
vt 0.2369 1
vt 0.9054 1
vt 0.6782 1
vt 0.09054 1
vt 0.009485 1
vt 0.3723 1
vt 0.007374 1
vt 0.9731 1
vt -1.328e-09 1
vt 0.2038 1
vt 0.02258 1
vt -2.07e-09 1
vt 0.9731 1
vt 0.399 1
vt 0.4014 1
vt 0.2046 1
vt 0.8372 1
vt 0.521 1
vt 0.1496 1
vt 0.004992 1
vt 0.007374 1
vt 0.9886 1
vt 0.6635 1
vt 0.2056 1
vt 0.2377 1
vt 0.07305 1
vt 0.189 1
vt 0.3421 1
vt 0.9487 1
vt 0.4023 1
vt 0.8142 1
vt 0.2385 1
vt 0 1
vt -1.028e-08 1
vt 0.6495 1
vt 0.3406 1
vt 0.9459 1
vt 0.6743 1
vt 0.2092 1
vt -1.327e-06 1
vt 0.008478 1
vt 0.8142 1
vt 0.3421 1
vt 0.01785 1
vt 0.2109 1
vt 0.6635 1
vt 0.1616 1
vt -1.659e-07 1
vt 0.008842 1
vt 0.7936 1
vt 0.008478 1
vt 0.9438 1
vt 0.1582 1
vt 0 1
vt 0.07741 1
vt 0.1347 1
vt 0.06695 1
vt 0.03806 1
vt 0.9459 1
vt 0 1
vt 0.8142 1
vt 0.2056 1
vt -1.327e-06 1
vt 0.02728 1
vt 0.9254 1
vt 0.1837 1
vt -1.062e-05 1
vt 0.8381 1
vt 0.3406 1
vt 0.06572 1
vt 0.007374 1
vt 0.9958 1
vt -1.327e-06 1
vt 0.03883 1
vt 0.3406 1
vt 0.8385 1
vt -2.07e-09 1
vt 0.9731 1
vt -1.659e-07 1
vt 0.9491 1
vt 0.3982 1
vt 0.9159 1
vt 0.2384 1
vt 0.007374 1
vt -1.659e-07 1
vt -1.285e-09 1
vt 0.1082 1
vt 0.04866 1
vt 0 1
vt 0.6871 1
vt -1.327e-06 1
vt 0.4 1
vt 0.915 1
vt 0.635 1
vt 0 1
vt 0.04348 1
vt 0.3393 1
vt 0.8378 1
vt 0.07125 1
vt 0.5266 1
vt 0.1582 1
vt 0.04657 1
vt 0 1
vt 0.187 1
vt 0.9721 1
vt 0.5109 1
vt 0.9721 1
vt 0.01896 1
vt 0.09227 1
vt 0.8142 1
vt 0.2056 1
vt 0 1
vt 0.03141 1
vt 0.7936 1
vt 0.3571 1
vt -1.328e-09 1
vt 0.9158 1
vt 0.5288 1
vt 0.01569 1
vt -1.659e-07 1
vt 0.1012 1
vt 0.5219 1
vt 0.3514 1
vt 0.915 1
vt 0.05077 1
vt 0.09007 1
vt 0.535 1
vt 0.04657 1
vt 0 1
vt 0.04287 1
vt 0.1844 1
vt 0.5113 1
vt 0.05899 1
vt 0.3057 1
vt 0 1
vt 0.04383 1
vt 0.1837 1
vt 0.01449 1
vt 0.6875 1
vt 0.1224 1
vt -4.248e-05 1
vt 0.04383 1
vt 0.0004 1
vt 0.03034 1
vt 0.9651 1
vt 0.1669 1
vt 0.5288 1
vt 0.0004 1
vt 0.5113 1
vt 0.0002637 1
vt 0.03198 1
vt 0.004992 1
vt 0.09711 1
vt 0.8378 1
vt 0.9703 1
vt 0.915 1
vt 0.05899 1
vt 0 1
vt 0.0001681 1
vt -3.751e-09 1
vt 2.975e-05 1
vt 0.09227 1
vt 0.9089 1
vt 0.7063 1
vt 0.5283 1
vt 0.05899 1
vt 0.3723 1
vt -5.31e-06 1
vt 0.9491 1
vt 0.001688 1
vt 0.09711 1
vt 0.9089 1
vt 0.2503 1
vt 0 1
vt 0.1616 1
vt 0.01569 1
vt 0.0002637 1
vt 0.0699 1
vt 0.9731 1
vt 0.03328 1
vt 0.8328 1
vt 0.04657 1
vt 0.09227 1
vt 0.9886 1
vt 0.007374 1
vt 0.002343 1
vt 0 1
vt 0.002635 1
vt 0.03198 1
vt 1.001 1
vt 0.05899 1
vt 0.9506 1
vt 0.9159 1
vt -3.278e-09 1
vt 0.001374 1
vt 0.02258 1
vt 0 1
vt 0.8384 1
vt 0.1791 1
vt 0.2256 1
vt 0.0001681 1
vt 0.008478 1
vt 0.9958 1
vt 0.007374 1
vt 0.9958 1
vt 0.217 1
vt 0 1
vt 0.05899 1
vt 0.336 1
vt 0.0001681 1
vt 0.04527 1
vt 0.1837 1
vt 0.01461 1
vt 0.3571 1
vt 0 1
vt 0.1178 1
vt 0.2765 1
vt 0.001374 1
vt 0.05999 1
vt 0.1894 1
vt 0.007374 1
vt 0.9958 1
vt 0.2232 1
vt 0.1739 1
vt 0.1178 1
vt 0.266 1
vt 0.0004551 1
vt 0.05899 1
vt 0.5219 1
vt 0.05899 1
vt 1 1
vt 0.2529 1
vt 0.1048 1
vt 5.689e-05 1
vt 0.007374 1
vt 0.05899 1
vt 0.9958 1
vt 0.1688 1
vt 0.1178 1
vt 0.8295 1
vt 0.1582 1
vt -5.31e-06 1
vt 0.125 1
vt 0.9002 1
vt 0.007374 1
vt 0.08235 1
vt 0.05899 1
vt 0.187 1
vt 0.0001681 1
vt 0.2478 1
vt 0.2478 1
vt 0.007374 1
vt 0.007374 1
vt 0.2303 1
vt 5.689e-05 1
vt 0.2232 1
vt 0.2069 1
vt 0.05899 1
vt 0.1577 1
vt 0 1
vt 0.9254 1
vt 0.9158 1
vt 0.9958 1
vt 0.007374 1
vt 0.9159 1
vt 0.05507 1
vt 0.1559 1
vt 0.03497 1
vt 0.9703 1
vt 0.05899 1
vt 0.187 1
vt 0.08866 1
vt 0.1753 1
vt 0.2603 1
vt 0 1
vt 0.007374 1
vt 0.2303 1
vt 0.08897 1
vt 0.1692 1
vt 0.05899 1
vt 0.1669 1
vt 0.1564 1
vt 0.217 1
vt 0.9464 1
vt 0.9157 1
vt 0.1844 1
vt 0.2303 1
vt 0.007374 1
vt 0.06087 1
vt 0.2109 1
vt 0.08866 1
vt 0.001105 1
vt 0.9461 1
vt 0.8372 1
vt 0.3491 1
vt 0.2256 1
vt 0.06087 1
vt 0.6875 1
vt 0.01496 1
vt 0.02913 1
vt 0.125 1
vt 0.9932 1
vt 0.9157 1
vt 0.3488 1
vt 0.04527 1
vt 0.6962 1
vt 0 1
vt 0.02923 1
vt 0.05899 1
vt 0.9731 1
vt 0.05899 1
vt 0.9936 1
vt 0.9159 1
vt -2.07e-09 1
vt 0.08897 1
vt 0.04999 1
vt 1 1
vt 0.9157 1
vt 0.1837 1
vt -2.622e-08 1
vt 0.9159 1
vt 0.05899 1
vt 0.2384 1
vt 0.08897 1
vt 0.9054 1
vt 0.9932 1
vt 0.9157 1
vt 0.1844 1
vt 0.3768 1
vt 0.05899 1
vt 0.9933 1
vt 0 1
vt 0.02923 1
vt -3.751e-09 1
vt 0.1836 1
vt 3.19e-05 1
vt 0.9927 1
vt -3.751e-09 1
vt 0.1837 1
vt 0.001375 1
vt 0.0294 1
vt 0.9933 1
vt 0.9731 1
vt 0.05999 1
vt 0.9487 1
vt 0.05899 1
vt 0.08856 1
vt 0.08949 1
vt 0.07305 1
vt 1 1
vt 0.9731 1
vt 0.1837 1
vt 0.1649 1
vt 0.5288 1
vt 0 1
vt 0.2603 1
vt 0.1564 1
vt 0.217 1
vt 0.8384 1
vt 0.9946 1
vt 0.1347 1
vt 0.266 1
vt 0.08897 1
vt 0.008478 1
vt 0.9158 1
vt 0.9942 1
vt 0.4044 1
vt 0.1485 1
vt 0.08949 1
vt 0.0699 1
vt 0.9731 1
vt 1 1
vt 0.673 1
vt 0.1572 1
vt 0.9731 1
vt 0.9942 1
vt 0.9159 1
vt -1.063e-08 1
vt 0.01412 1
vt 0.03883 1
vt 0.9731 1
vt 0.9942 1
vt 0.007374 1
vt 0.1077 1
vt 0.02835 1
vt 0.8776 1
vt 0.9159 1
vt 0.9535 1
vt 0.9159 1
vt 0.6604 1
vt 0.01965 1
vt -1.285e-09 1
vt 0.9159 1
vt 0.1492 1
vt 0.5209 1
vt 0.008251 1
vt 0.9159 1
vt 0.9568 1
vt 0.1837 1
vt 0.1077 1
vt 0.02835 1
vt 0.07246 1
vt 0.9731 1
vt 0.9946 1
vt 0.9939 1
vt 0.3077 1
vt 0.08557 1
vt 0.03615 1
vt 0.2014 1
vt 0.1012 1
vt 0.07467 1
vt 0.1692 1
vt 0.5283 1
vt 0.01965 1
vt 0.007374 1
vt 0.6871 1
vt 0.01965 1
vt 0.09685 1
vt 0.05899 1
vt 0.07467 1
vt 0.3475 1
vt 0.06419 1
vt 0.03883 1
vt 0.3471 1
vt 0.01144 1
vt 0.9194 1
vt 0.1835 1
vt 0.008251 1
vt 0 1
vt 0.3982 1
vt 0.01965 1
vt 0.05899 1
vt 0.01144 1
vt 0.05276 1
vt 0.1835 1
vt 0.315 1
vt 0.002731 1
vt 0.5422 1
vt 0.4073 1
vt 0.8387 1
vt 0.3475 1
vt 9.891e-05 1
vt 0.9154 1
vt 0.9936 1
vt 0.6475 1
vt 0.9156 1
vt 0.9482 1
vt 0.1688 1
vt 0.8387 1
vt 0.2051 1
vt 0.9154 1
vt 0.9723 1
vt 0.3647 1
vt 0.9725 1
vt 0.336 1
vt 0.9156 1
vt 0.3393 1
vt 0.9156 1
vt 0.3487 1
vt 0.02728 1
vt 0.1837 1
vt 0.5422 1
vt 0.5187 1
vt 0.9725 1
vt 0.9158 1
vt 0.02724 1
vt 0.05899 1
vt 0.3484 1
vt 0.0007801 1
vt 0.9729 1
vt 0.9933 1
vt 0.008753 1
vt 0.1836 1
vt 1 1
vt 0.1616 1
vt 0.9158 1
vt 0.3484 1
vt 0.008734 1
vt 0.3488 1
vt 0.9651 1
vt 0.1496 1
vt 0.8387 1
vt 0.3487 1
vt 0.02763 1
vt 0.9254 1
vt 0.2385 1
vt 0.9156 1
vt 0.9566 1
vt -3e-08 1
vt 0.9158 1
vt 0.008734 1
vt 0.1837 1
vt 0.2177 1
vt 0.8385 1
vt 0.008842 1
vt 0.4017 1
vt 1.002 1
vt 0.1837 1
vt 0.000256 1
vt 1 1
vt -4.113e-08 1
vt 0.0001837 1
vt 0.9983 1
vt 3.19e-05 1
vt 4.948e-06 1
vt 1.001 1
vt 0.08856 1
vt 5.902e-07 1
vt 1 1
vt 0.0007801 1
vt 0.9569 1
vt 0.9482 1
vt 0.9539 1
vt 0.9491 1
vt 0.9983 1
vt 0.04999 1
vt 0.9983 1
vt 5.902e-07 1
vt 9.891e-05 1
vt 0.9539 1
vt 0.1485 1
vt 9.891e-05 1
vt 0.9488 1
vt 0 1
vt 9.891e-05 1
vt 0.995 1
vt 0.1616 1
vt 0.5109 1
vt 1.001 1
vt 0.07125 1
vt 0.1492 1
vt 0.9936 1
vt 0 1
vt 0.1836 1
vt 0.05237 1
vt 0.9983 1
vt 0.9194 1
vt 0.1631 1
vt 0.8384 1
vt 0.1631 1
vt 0.05899 1
vt 0.09227 1
vt 0.995 1
vt 0.1327 1
vt 0.2011 1
vt 0.9464 1
vt 0 1
vt 0.0827 1
vt 0.007374 1
vt 1.001 1
vt 0.187 1
vt 0.1492 1
vt 0.8385 1
vt 0 1
vt 0.535 1
vt 0.08557 1
vt 0.189 1
vt 0.2011 1
vt 0.9487 1
vt 0 1
vt 1 1
vt 0.09007 1
vt 0.09711 1
vt 0.2131 1
vt 0.9598 1
vt 0.09797 1
vt 0.9933 1
vt 0 1
vt 0.09007 1
vt 0.2013 1
vt 0.1347 1
vt 0.9159 1
vt 0 1
vt 0.07467 1
vt 0.09797 1
vt 0.2161 1
vt 0.9936 1
vt 0 1
vt 0.9159 1
vt 0.1692 1
vt 0.2131 1
vt 0.06752 1
vt 0.1492 1
vt 1 1
vt 0 1
vt 0.8384 1
vt 0.3754 1
vt 0.1088 1
vt 0.365 1
vt 0 1
vt 0.2013 1
vt 0.517 1
vt 0.5187 1
vt 0.2013 1
vt 0.6489 1
vt 0.4073 1
vt 0.365 1
vt 0.05276 1
vt 0.5187 1
vt 0.3542 1
vt 0.0827 1
vt 0.1896 1
vt 0.9731 1
vt 0.07467 1
vt 0.9276 1
vt 0.2013 1
vt 0.05892 1
vt 0.1896 1
vt 0.4134 1
vt 0.1347 1
vt 0.06419 1
vt 0.125 1
vt 0.6604 1
vt 0.6837 1
vt 0.1955 1
vt 0.517 1
vt 0.524 1
vt 0.2092 1
vt 0.05225 1
vt 0.5232 1
vt 0.5187 1
vt 0.6818 1
vt 0.2256 1
vt -4.467e-08 1
vt 0.524 1
vt 0 1
vt 0.2056 1
vt 0.3988 1
vt 0.02763 1
vt 0.3988 1
vt 0.02728 1
vt 0.5232 1
vt 0.02724 1
vt 0.5232 1
vt 0.3988 1
vt 0.05305 1
vt 0.3987 1
vt 0.5218 1
vt 0.05237 1
vt 0.6818 1
vt 0.4015 1
vt 0.5232 1
vt 0.9157 1
vt 0.5218 1
vt 0.1582 1
vt 0.9339 1
vt 0.09007 1
vt 0.2384 1
vt 0.8807 1
vt 0.6786 1
vt 0.2478 1
vt 0.8807 1
vt 0.007374 1
vt 0.9741 1
vt 0.2381 1
vt 0.007374 1
vt 0.904 1
vt 0.0296 1
vt 0 1
vt 0.3188 1
vt 0.2051 1
vt 0.08976 1
vt 0.8081 1
vt 0.0295 1
vt 0.5422 1
vt 0.2051 1
vt 0.8807 1
vt 0.08976 1
vt 0.05899 1
vt 0.2381 1
vt 0.904 1
vt 0.2051 1
vt 0.8284 1
vt 0.007374 1
vt 0.1082 1
vt 0.1577 1
vt 0.07557 1
vt 0.1577 1
vt 0.07741 1
vt 0.2051 1
vt 0.04657 1
vt 0.007374 1
vt 0.2303 1
vt 0.2051 1
vt 0.217 1
vt 0.986 1
vt 0.8295 1
vt 0.2051 1
vt 0.1577 1
vt 0.2092 1
vt 0.9566 1
vt 0 1
vt 1 1
vt 0.1577 1
vt 0.1649 1
vt 0.2051 1
vt 0.2069 1
vt 0.1009 1
vt 0.2381 1
vt 0 1
vt 0.1009 1
vt 0.2051 1
vt 0.5283 1
vt 0.2051 1
vt 0.1835 1
vt 0.2381 1
vt 0.2381 1
vt 0 1
vt 0 1
vt 0 1
vt 0.1692 1
vt 0 1
vt 0.09711 1
vt 0 1
vt 0.3368 1
vt 0 1
vt 0.9535 1
vt 0 1
vt 0.4013 1
vt 0 1
vt 0.1372 1
vt 0.9703 1
vt 0 1
vt 0.0001837 1
vt 0.5104 1
vt 0 1
vt 0.4104 1
vt 0.4015 1
vt 0 1
vt 0 1
vt 0.1835 1
vt 0 1
vt 0 1
vt 0.08295 1
vt 0 1
vt 0.2549 1
vt 0 1
vt 0 1
vt 0.09054 1
vt 0 1
vt 0 1
vt 0.08388 1
vt 0.4012 1
vt 0 1
vt 0.01461 1
vt 0.3375 1
vt 0 1
vt 0.2414 1
vt 0.3077 1
vt 0 1
vt 0.3375 1
vt 0.3368 1
vt 0 1
vt 0.0147 1
vt 0 1
vt 0.04421 1
vt 0.3099 1
vt 0 1
vt 0 1
vt 0.03141 1
vt 0.04383 1
vt 0 1
vt 0 1
vt 0.2177 1
vt 0.9157 1
vt 0 1
vt 0 1
vt 0 1
vt 0 1
vt 0.2109 1
vt 0.1577 1
vt 0.04383 1
vt 0.03806 1
vt 0.1894 1
vt 0.08976 1
vt 0.002054 1
vt 0.1577 1
vt 0.003954 1
vt 0.9939 1
vt 0 1
vt 0.9937 1
vt 0.1837 1
vt 0.02728 1
vt 0.08976 1
vt 0.012 1
vt 0 1
vt 0.006234 1
vt 0.9937 1
vt 0 1
vt 1 1
vt 0.03806 1
vt 0.3514 1
vt 0.1577 1
vt 0.012 1
vt 0 1
vt 0.9937 1
vt 0.03034 1
vt 0.3571 1
vt 0.08976 1
vt 0.01085 1
vt 0.915 1
vt 0.006234 1
vt 0.9937 1
vt 0 1
vt 1 1
vt 1 1
vt 0 1
vt 0.0295 1
vt 0.01952 1
vt 0.04866 1
vt 0.02084 1
vt 0.951 1
vt 0 1
vt 0.9486 1
vt 0.5283 1
vt 0.7194 1
vt 0.0295 1
vt 0.02084 1
vt 0.02439 1
vt 0.012 1
vt 1 1
vt 0 1
vt 0.9939 1
vt 0.06695 1
vt 0.08976 1
vt 0.4017 1
vt 0.03388 1
vt 0.8381 1
vt 0 1
vt 0.2384 1
vt 0.08976 1
vt 0.03497 1
vt 0 1
vt 0.9939 1
vt 0.006434 1
vt 0.1894 1
vt 0.0295 1
vt 0 1
vt 0.08856 1
vt 0.0295 1
vt 0.01952 1
vt 0.9159 1
vt 0.3571 1
vt 0.08976 1
vt 0.03883 1
vt 0.05529 1
vt 0 1
vt 0.9489 1
vt 0 1
vt 0.8385 1
vt 0.04181 1
vt 0 1
vt 0.1577 1
vt 0.1496 1
vt 0.9506 1
vt -2.07e-09 1
vt 0.9489 1
vt 0 1
vt 0.1178 1
vt 0.05077 1
vt 0.08976 1
vt 0.012 1
vt 0.007374 1
vt 0.2478 1
vt 0.08976 1
vt 0.2441 1
vt 0.2125 1
vt 0.007374 1
vt 0.2014 1
vt 0.1577 1
vt 0 1
vt 0 1
vt 0 1
vt 0.05892 1
vt 0.3647 1
vt 0.007374 1
vt 0.3368 1
vt 0.9942 1
vt 0.007374 1
vt 0.5209 1
vt 0 1
vt -1.656e-08 1
vt 0.6422 1
vt 0.007374 1
vt 0 1
vt 0.5109 1
vt 0.05899 1
vt 0.4068 1
vt 0.05899 1
vt 0.1836 1
vt 0.007374 1
vt 0.007374 1
vt 0.05899 1
vt 0.2274 1
vt 0.05899 1
vt 0.5104 1
vt 0.007374 1
vt 0 1
vt 0.007374 1
vt 0.7878 1
vt 0.007374 1
vt 0.003954 1
vt 0.2762 1
vt 0 1
vt 0.3368 1
vt 0.2215 1
vt 0.8385 1
vt 0.9159 1
vt 0.9159 1
vt 0.2125 1
vt 0.8081 1
vt 0.8385 1
vt 0.8807 1
vt 0.9491 1
vt 0.9159 1
vt 0.9339 1
vt 0.8573 1
vt 0.9731 1
vt 0.9079 1
vt 0.9731 1
vt 0.8573 1
vt 0.9159 1
vt 0.9159 1
vt 0.9802 1
vt 0.9731 1
vt 0.9731 1
vt 0.9159 1
vt 0.1496 1
vt 0.8385 1
vt 0.1955 1
vt 0.2014 1
vt 0.9159 1
vt 0 1
vt 0.8368 1
vt 0.9159 1
vt 0.2503 1
vt 0.8385 1
vt 0.2109 1
vt 0.9883 1
vt 1 1
vt 0 1
vt 0.3406 1
vt 0.9932 1
vt 0.7063 1
vt 0.9932 1
vt 0.1836 1
vt 1 1
vt 0.1082 1
vt 0.9932 1
vt 0.9461 1
vt 0.9461 1
vt 0.9932 1
vt 0.2508 1
vt 0.9932 1
vt 0.9461 1
vt 0.9461 1
vt 0.22 1
vt 0.2274 1
vt 0.9932 1
vt 0.2215 1
vt 0.189 1
vt 1 1
vt 0.3188 1
vt 0.1791 1
vt 0.9932 1
vt 0.3232 1
vt 0.2215 1
vt 0.9932 1
vt 0.2501 1
vt 0.2215 1
vt 1 1
vt 0.1791 1
vt 0.05899 1
vt 0.001105 1
vt 0.1739 1
vt 0.1837 1
vt 0.22 1
vt 0.1837 1
vt 0.01621 1
vt 0.2508 1
vt 0.05899 1
vt 0.01621 1
vt 0.1837 1
vt 0.3488 1
vt 0.3488 1
vt 0.3959 1
vt 0.1837 1
vt 0.1837 1
vt 0.3488 1
vt 0.3488 1
vt 0.1837 1
vt 0.05899 1
vt 0.1837 1
vn -0.08921 -0.8226 -0.5615
vn -0.4928 -0.6491 -0.5794
vn -0.4949 -0.6658 -0.5583
vn -0.08167 -0.8567 -0.5092
vn -0.745 -0.3799 -0.5484
vn -0.7472 -0.3768 -0.5474
vn -0.541 -0.4708 -0.6969
vn -0.3188 -0.7221 -0.614
vn 0.01059 -0.8746 -0.4847
vn 0.3492 -0.7452 -0.5681
vn 0.482 -0.74 -0.4691
vn 0.5275 -0.69 -0.4955
vn 0.3684 -0.6904 -0.6226
vn 0.462 -0.7635 -0.4511
vn 0.5146 -0.7407 -0.4317
vn 0.5258 -0.759 -0.3838
vn 0.5307 -0.701 -0.4763
vn 0.3601 -0.6907 -0.6271
vn -0.4363 0.4447 -0.7822
vn -0.2048 0.7748 -0.5981
vn -0.1141 0.6459 -0.7548
vn -0.344 0.2596 -0.9023
vn 0.1128 0.9539 -0.2779
vn 0.2122 0.8853 -0.4137
vn 0.357 0.7112 -0.6055
vn 0.01044 0.4369 -0.8994
vn -0.2306 0.04196 -0.9721
vn 0.5214 0.8198 0.2368
vn 0.6778 0.6066 0.4155
vn 0.7632 0.5697 0.3048
vn 0.6061 0.7831 0.1393
vn 0.7804 0.4108 0.4714
vn 0.8574 0.3907 0.3347
vn 0.9547 0.2968 0.02039
vn 0.9006 0.4309 0.05689
vn 0.7617 0.6455 -0.05655
vn -0.752 0.1512 -0.6415
vn -0.6437 0.1622 -0.7479
vn -0.6493 0.2407 -0.7214
vn -0.7715 0.2686 -0.5767
vn -0.5632 0.2119 -0.7987
vn -0.5454 0.2542 -0.7986
vn -0.4322 0.2624 -0.8627
vn -0.537 0.268 -0.7998
vn -0.6588 0.3192 -0.6812
vn 0.7359 0.3599 0.5735
vn 0.7596 0.2977 0.5782
vn 0.776 0.2718 0.5691
vn 0.7372 0.3518 0.5768
vn 0.8084 0.1377 0.5723
vn 0.8339 0.0875 0.5449
vn 0.8355 0.01938 0.5491
vn 0.7769 0.2327 0.585
vn 0.7296 0.3377 0.5947
vn -0.9079 -0.0379 -0.4174
vn -0.9111 0.1758 -0.3727
vn -0.894 0.1264 -0.4299
vn -0.8795 -0.09226 -0.4669
vn -0.8611 0.4036 -0.309
vn -0.8558 0.3746 -0.3568
vn -0.8452 0.3424 -0.4104
vn -0.8629 0.08054 -0.4988
vn -0.8346 -0.1343 -0.5341
vn 0.4386 0.7724 0.4594
vn 0.6054 0.602 0.5206
vn 0.5968 0.6058 0.5261
vn 0.4498 0.7685 0.455
vn 0.6783 0.4885 0.5488
vn 0.6656 0.4929 0.5603
vn 0.6531 0.4989 0.5697
vn 0.586 0.6123 0.5307
vn 0.4497 0.768 0.456
vn -0.6966 0.7114 -0.09302
vn -0.534 0.8446 0.03797
vn -0.514 0.8577 -0.009827
vn -0.6999 0.6999 -0.1424
vn -0.2151 0.954 0.2086
vn -0.1576 0.97 0.185
vn -0.1073 0.9782 0.1775
vn -0.4817 0.8756 -0.03504
vn -0.6889 0.7041 -0.1723
vn -0.8116 -0.3723 -0.4501
vn -0.8648 -0.239 -0.4416
vn -0.829 -0.2867 -0.4801
vn -0.7713 -0.4163 -0.4815
vn -0.7812 -0.3131 -0.5401
vn -0.7222 -0.4407 -0.533
vn 0.6074 -0.762 0.2242
vn 0.4429 -0.8911 0.09851
vn 0.4448 -0.8953 -0.02588
vn 0.6038 -0.7909 0.09922
vn 0.283 -0.959 -0.01382
vn 0.3023 -0.945 -0.1243
vn 0.3097 -0.9228 -0.2291
vn 0.4245 -0.8943 -0.1412
vn 0.5692 -0.8221 -0.01248
vn 0.8755 0.2369 0.421
vn 0.9084 0.1031 0.405
vn 0.9347 0.09861 0.3414
vn 0.9 0.2205 0.376
vn 0.9146 -0.1807 0.3617
vn 0.9431 -0.1819 0.2781
vn 0.9569 -0.1612 0.2416
vn 0.9428 0.08713 0.3216
vn 0.9037 0.1972 0.38
vn -0.7405 -0.1007 -0.6644
vn -0.7653 0.03461 -0.6427
vn -0.7408 0.0379 -0.6706
vn -0.7265 -0.07993 -0.6825
vn -0.7819 0.2325 -0.5784
vn -0.7491 0.2139 -0.627
vn -0.6706 0.1904 -0.717
vn -0.684 0.04675 -0.728
vn -0.7034 -0.0463 -0.7092
vn 0.4769 0.7732 0.418
vn 0.638 0.5894 0.4955
vn 0.669 0.5811 0.4633
vn 0.5068 0.789 0.3474
vn 0.7505 0.4428 0.4906
vn 0.7803 0.4158 0.4671
vn 0.7717 0.4048 0.4904
vn 0.6641 0.5875 0.4624
vn 0.5054 0.8049 0.3108
vn -0.5675 0.7533 -0.3323
vn -0.3485 0.9195 -0.1817
vn -0.3291 0.91 -0.2521
vn -0.5555 0.7296 -0.3988
vn -0.02878 0.9985 0.04566
vn -0.008789 0.9986 -0.05234
vn 0.01355 0.9928 -0.1191
vn -0.3047 0.8917 -0.3346
vn -0.5384 0.6807 -0.4966
vn -0.665 -0.3229 -0.6734
vn -0.7144 -0.204 -0.6692
vn -0.7092 -0.1725 -0.6835
vn -0.6645 -0.2867 -0.69
vn -0.7214 -0.1171 -0.6825
vn -0.7117 -0.2155 -0.6685
vn 0.2546 -0.9511 -0.175
vn 0.1775 -0.951 -0.253
vn 0.161 -0.9545 -0.251
vn 0.2297 -0.9529 -0.198
vn 0.1596 -0.9386 -0.3059
vn 0.1291 -0.9431 -0.3065
vn 0.1394 -0.9106 -0.3891
vn 0.164 -0.9277 -0.3354
vn 0.1899 -0.9391 -0.2865
vn 0.6846 0.5864 -0.4328
vn 0.606 0.1901 -0.7724
vn 0.8505 0.279 -0.4458
vn 0.846 0.506 -0.1679
vn 0.5672 -0.1929 -0.8006
vn 0.8626 0.0318 -0.5049
vn 0.9445 0.3215 0.06616
vn 0.9276 0.3257 0.1827
vn 0.7905 -0.1644 -0.59
vn 0.7494 -0.02707 -0.6615
vn 0.7497 0.3712 -0.5479
vn 0.8883 0.2502 -0.385
vn 0.545 -0.03488 -0.8377
vn 0.5108 0.3314 -0.7933
vn 0.586 0.752 -0.3016
vn 0.3453 -0.7337 -0.5852
vn 0.1197 -0.6663 -0.736
vn 0.1199 -0.6945 -0.7094
vn 0.3408 -0.7279 -0.595
vn -0.113 -0.5941 -0.7964
vn -0.07147 -0.6782 -0.7314
vn -0.01892 -0.7241 -0.6894
vn 0.1396 -0.6919 -0.7083
vn -0.06061 0.1796 -0.9818
vn -0.1478 0.1959 -0.9694
vn -0.3139 0.2319 -0.9207
vn -0.2227 0.2192 -0.9499
vn -0.1986 0.2126 -0.9567
vn -0.4009 0.2748 -0.874
vn 0.7835 -0.2295 -0.5774
vn 0.8997 0.2055 -0.3851
vn 0.9753 0.03552 -0.2178
vn 0.8503 -0.3854 -0.3584
vn 0.8326 0.5067 -0.2236
vn 0.9346 0.3447 -0.08704
vn 0.987 0.0867 0.1351
vn 0.9843 -0.1728 0.03638
vn 0.8531 -0.5184 -0.05887
vn 0.07382 -0.2423 -0.9674
vn 0.03787 0.05341 -0.9978
vn -0.1334 0.133 -0.9821
vn -0.08316 -0.1153 -0.9898
vn -0.344 0.2202 -0.9127
vn -0.2844 0.05368 -0.9572
vn 0.3761 -0.8957 -0.2369
vn 0.4975 -0.86 -0.1131
vn 0.2985 -0.9027 -0.3098
vn 0.2638 -0.9021 -0.3414
vn 0.3049 -0.9095 -0.2823
vn 0.3999 -0.9004 -0.1711
vn -0.7429 -0.3047 -0.596
vn -0.6876 -0.4313 -0.584
vn -0.7912 -0.15 -0.5929
vn -0.7663 -0.141 -0.6268
vn -0.7286 -0.272 -0.6286
vn -0.6784 -0.3972 -0.618
vn -0.4364 0.8987 -0.04328
vn -0.6596 0.7277 -0.1881
vn -0.06641 0.9815 0.1793
vn -0.04669 0.984 0.1717
vn -0.3961 0.916 -0.06333
vn -0.621 0.7534 -0.2161
vn 0.5793 0.618 0.5314
vn 0.4465 0.7677 0.4596
vn 0.6497 0.5046 0.5685
vn 0.6678 0.4991 0.5522
vn 0.5839 0.6158 0.5289
vn 0.4442 0.7645 0.467
vn -0.8288 0.05048 -0.5573
vn -0.8319 0.3105 -0.4599
vn -0.8167 0.2784 -0.5054
vn -0.8022 0.03644 -0.5959
vn 0.786 0.1824 0.5906
vn 0.7366 0.317 0.5974
vn 0.8336 -0.06537 0.5484
vn 0.8444 -0.1339 0.5187
vn 0.8183 0.1386 0.5578
vn 0.7761 0.2895 0.5601
vn -0.2014 -0.9066 -0.3708
vn -0.3412 -0.8403 -0.4212
vn -0.2973 -0.8427 -0.4488
vn -0.1285 -0.9158 -0.3805
vn -0.5221 -0.7012 -0.4854
vn -0.4807 -0.7052 -0.5212
vn -0.4683 -0.6881 -0.5542
vn -0.2767 -0.8336 -0.478
vn -0.06403 -0.9196 -0.3876
vn -0.1432 0.06949 -0.9872
vn -0.02561 -0.1771 -0.9839
vn -0.3556 -0.1831 -0.9165
vn -0.4784 0.1345 -0.8678
vn 0.09522 -0.47 -0.8775
vn -0.1769 -0.503 -0.8459
vn -0.7183 -0.1596 -0.6771
vn -0.8002 0.1598 -0.578
vn 0.01975 -0.8737 -0.4861
vn -0.2539 -0.7585 -0.6001
vn -0.259 -0.6949 -0.6708
vn 0.01999 -0.8174 -0.5756
vn -0.452 -0.6055 -0.655
vn -0.4513 -0.5542 -0.6993
vn -0.5183 -0.5093 -0.687
vn -0.3144 -0.6568 -0.6854
vn -0.01263 -0.7804 -0.6252
vn -0.3517 -0.8841 -0.3078
vn -0.4736 -0.8059 -0.3552
vn -0.4057 -0.8255 -0.3923
vn -0.278 -0.8946 -0.3497
vn -0.6422 -0.6413 -0.4198
vn -0.5836 -0.6754 -0.4508
vn 0.1055 -0.792 -0.6012
vn 0.03574 -0.8403 -0.5409
vn 0.1252 -0.8795 -0.4592
vn 0.142 -0.845 -0.5155
vn -0.08884 -0.8694 -0.486
vn 0.07749 -0.9107 -0.4058
vn -0.1809 0.6393 0.7473
vn -0.197 0.6529 0.7314
vn -0.2328 0.6589 0.7153
vn -0.2924 0.6499 0.7015
vn -0.1761 0.7247 0.6662
vn -0.1585 0.7269 0.6681
vn -0.001953 0.6533 0.7571
vn -0.09925 0.6183 0.7796
vn -0.2383 0.6296 0.7394
vn -0.1952 0.7542 0.6269
vn -0.2615 0.7402 0.6194
vn -0.5046 0.7602 0.4091
vn -0.5062 0.7606 0.4065
vn -0.2777 0.7729 0.5705
vn -0.4677 0.7982 0.3797
vn -0.6475 0.7503 0.1333
vn -0.7299 0.6736 0.1157
vn -0.7729 0.6261 0.1027
vn 0.08786 0.5816 0.8087
vn 0.1278 0.4978 0.8578
vn 0.04892 0.5267 0.8486
vn 0.1045 0.6151 0.7815
vn -0.01514 0.5349 0.8448
vn -0.1931 0.5512 0.8117
vn -0.3123 0.5457 0.7776
vn -0.0708 0.5454 0.8351
vn 0.03211 0.6291 0.7766
vn -0.1855 0.787 0.5884
vn -0.1778 0.7467 0.6409
vn -0.3397 0.7776 0.529
vn -0.4122 0.8026 0.4311
vn -0.1429 0.71 0.6896
vn -0.192 0.755 0.6269
vn -0.2424 0.777 0.581
vn -0.4445 0.7808 0.439
vn -0.5348 0.779 0.3272
vn -0.3525 0.864 0.3595
vn -0.3155 0.864 0.3923
vn -0.667 0.6868 0.2885
vn -0.7107 0.6558 0.2546
vn -0.2542 0.8597 0.443
vn -0.6047 0.736 0.3043
vn -0.8937 0.4382 0.09653
vn -0.9491 0.2973 0.1036
vn -0.9791 0.1862 0.08191
vn 0.292 0.7985 0.5263
vn 0.4129 0.694 0.5898
vn 0.3946 0.6909 0.6058
vn 0.3014 0.7809 0.5471
vn 0.4321 0.6298 0.6454
vn 0.3909 0.6026 0.6957
vn 0.4259 0.15 0.8922
vn 0.4391 0.5891 0.6783
vn 0.356 0.7082 0.6096
vn -0.1549 0.8235 0.5457
vn -0.151 0.7954 0.5869
vn -0.5004 0.7787 0.3783
vn -0.5097 0.785 0.3522
vn -0.7905 0.6051 0.09488
vn -0.8024 0.5902 0.08835
vn -0.04001 0.802 0.596
vn -0.1655 0.8262 0.5385
vn -0.6172 0.5592 0.5534
vn -0.4557 0.5706 0.6832
vn -0.2828 0.8492 0.4459
vn -0.7074 0.5789 0.4056
vn -0.9562 -0.1708 0.2377
vn -0.8791 -0.2911 0.3774
vn -0.7465 -0.322 0.5823
vn 0.7415 -0.6671 0.07172
vn 0.9207 -0.3451 0.1823
vn 0.8925 -0.4229 0.1565
vn 0.6695 -0.7413 0.0463
vn 0.957 -0.1134 0.2668
vn 0.9604 -0.1322 0.2451
vn 0.85 -0.5063 0.1454
vn 0.6238 -0.7802 0.04654
vn -0.004212 -0.9847 -0.1739
vn -0.06583 -0.9784 -0.1958
vn 0.01108 -0.9638 -0.2663
vn 0.06244 -0.9658 -0.2515
vn -0.1646 -0.9578 -0.2356
vn -0.08179 -0.9519 -0.2952
vn 0.02023 -0.9476 -0.3187
vn 0.104 -0.9457 -0.3078
vn 0.137 -0.9395 -0.3137
vn 0.3167 -0.9048 -0.2844
vn 0.4134 -0.8776 -0.2425
vn 0.3993 -0.8752 -0.2729
vn 0.284 -0.9086 -0.3061
vn 0.3974 -0.8795 -0.2617
vn 0.3962 -0.8621 -0.3159
vn 0.3912 -0.8368 -0.3828
vn 0.3962 -0.8549 -0.3347
vn 0.2764 -0.883 -0.3792
vn 0.2218 -0.9248 -0.3088
vn 0.2246 -0.9133 -0.3397
vn 0.1477 -0.9404 -0.3062
vn 0.2738 -0.9231 -0.2701
vn 0.3319 -0.9019 -0.2765
vn 0.2978 -0.8978 -0.3245
vn 0.2366 -0.8581 -0.4555
vn 0.3439 -0.8819 -0.3223
vn 0.3395 -0.8737 -0.3484
vn 0.1558 -0.8696 -0.4686
vn 0.464 -0.8339 -0.2987
vn 0.4852 -0.8089 -0.332
vn 0.334 -0.8576 -0.3911
vn 0.04752 0.8783 0.4758
vn 0.1406 0.8625 0.4862
vn 0.1922 0.8278 0.527
vn 0.11 0.8407 0.5302
vn 0.2989 0.7226 0.6232
vn 0.2604 0.7133 0.6507
vn 0.8089 -0.5212 0.272
vn 0.7346 -0.6604 0.1559
vn 0.6603 -0.7482 0.06394
vn 0.744 -0.6383 0.1972
vn 0.5545 -0.8321 -0.002838
vn 0.6469 -0.7512 0.1311
vn -0.3699 -0.5517 -0.7474
vn -0.286 -0.6699 -0.6852
vn -0.5673 -0.5643 -0.5997
vn -0.5055 -0.646 -0.5719
vn -0.4077 -0.7235 -0.557
vn -0.1835 -0.7525 -0.6325
vn -0.8823 0.05734 -0.4672
vn -0.843 0.1434 -0.5184
vn -0.8644 0.2732 -0.422
vn -0.9058 0.1451 -0.3981
vn -0.7619 0.3315 -0.5564
vn 0.4861 -0.8734 0.0275
vn 0.3921 -0.9178 -0.0614
vn 0.3313 -0.9355 -0.1225
vn 0.4078 -0.9117 -0.04913
vn 0.2258 -0.9484 -0.2224
vn 0.2898 -0.9469 -0.1391
vn 0.8299 -0.3557 0.4298
vn 0.7689 -0.5307 0.3567
vn 0.7684 -0.5899 0.2481
vn 0.8354 -0.4313 0.3406
vn 0.4986 0.3706 0.7836
vn 0.5555 0.2545 0.7916
vn 0.6155 0.02506 0.7877
vn 0.5758 0.2039 0.7918
vn 0.6107 0.04608 0.7905
vn 0.6203 -0.259 0.7403
vn 0.5944 -0.4295 0.6798
vn 0.6399 -0.1287 0.7576
vn 0.6321 0.06433 0.7722
vn -0.2472 -0.9673 0.05609
vn -0.311 -0.95 0.02597
vn -0.2727 -0.9621 0.00705
vn -0.2289 -0.9726 0.04035
vn -0.4079 -0.913 -0.007385
vn -0.3278 -0.9444 -0.02402
vn -0.3085 -0.9499 -0.04868
vn -0.2645 -0.9642 -0.01971
vn -0.2227 -0.9748 0.008789
vn -0.7698 -0.6247 -0.1308
vn -0.9032 -0.399 -0.1582
vn -0.7925 -0.5758 -0.2009
vn -0.6296 -0.7621 -0.1506
vn -0.9768 -0.1055 -0.1862
vn -0.9254 -0.2843 -0.2504
vn -0.8565 -0.4227 -0.2961
vn -0.6951 -0.682 -0.2273
vn -0.5376 -0.8267 -0.1657
vn 0.6084 -0.261 0.7494
vn 0.5463 -0.5523 0.6297
vn 0.4123 -0.7003 0.5827
vn 0.3251 -0.8302 0.4529
vn 0.2802 -0.8849 0.3721
vn 0.4935 -0.6751 0.5483
vn -0.9459 0.2524 -0.2039
vn -0.9278 0.3129 -0.2029
vn -0.9406 0.2347 -0.2453
vn -0.954 0.1404 -0.2648
vn -0.8992 0.3937 -0.1909
vn -0.9163 0.3423 -0.2077
vn -0.9337 0.2748 -0.2296
vn -0.9492 0.1349 -0.2841
vn -0.9481 0.009339 -0.3179
vn -0.6144 0.7401 0.2732
vn -0.5201 0.7774 0.3538
vn -0.5319 0.7878 0.3105
vn -0.6301 0.736 0.2473
vn -0.3197 0.8112 0.4897
vn -0.3384 0.8357 0.4326
vn -0.3471 0.8634 0.366
vn -0.5416 0.806 0.2387
vn -0.65 0.7412 0.1673
vn 0.02954 0.6828 0.73
vn 0.125 0.6117 0.7811
vn 0.2823 0.6306 0.7229
vn 0.1073 0.7216 0.6839
vn 0.1686 0.5595 0.8115
vn 0.3988 0.5427 0.7391
vn 0.4994 0.5253 0.6889
vn 0.3777 0.6292 0.6793
vn 0.1735 0.7482 0.6404
vn -0.8561 0.4952 -0.1476
vn -0.8785 0.4571 -0.1387
vn -0.7758 0.6283 -0.05789
vn -0.8007 0.598 -0.03442
vn -0.8308 0.5524 -0.06763
vn -0.9007 0.4056 -0.1556
vn 0.2457 0.4933 0.8344
vn 0.302 0.4516 0.8395
vn 0.4516 0.3883 0.8033
vn 0.454 0.4191 0.7862
vn 0.3504 0.4104 0.8419
vn 0.4681 0.3344 0.818
vn 0.5465 0.2919 0.7849
vn 0.537 0.3603 0.7628
vn 0.5489 0.3919 0.7383
vn 0.7337 -0.1545 0.6616
vn 0.6952 -0.353 0.6262
vn 0.7392 -0.4545 0.497
vn 0.7913 -0.2629 0.552
vn 0.5714 -0.6347 0.5201
vn 0.5894 -0.714 0.3777
vn -0.1464 -0.9877 -0.05493
vn -0.206 -0.976 -0.06973
vn -0.1431 -0.9827 -0.1176
vn -0.07804 -0.992 -0.09906
vn -0.2794 -0.9544 -0.105
vn -0.2355 -0.9589 -0.1583
vn -0.4457 -0.8711 -0.2063
vn -0.5695 -0.776 -0.2709
vn -0.5287 -0.791 -0.3077
vn -0.4103 -0.8771 -0.2496
vn -0.7313 -0.5809 -0.3573
vn -0.6896 -0.6124 -0.3865
vn 0.4318 -0.8231 0.3688
vn 0.4307 -0.8699 0.2403
vn 0.2484 -0.9486 0.1959
vn 0.2588 -0.9607 0.1006
vn -0.8842 -0.2398 -0.4008
vn -0.9242 -0.08924 -0.3713
vn -0.8945 -0.176 -0.411
vn -0.8461 -0.3175 -0.4281
vn -0.9418 0.1085 -0.3182
vn -0.9277 0.02771 -0.3724
vn -0.6757 0.7368 0.02472
vn -0.5545 0.8204 0.1397
vn -0.5499 0.8296 0.0965
vn -0.6877 0.7254 -0.03018
vn -0.3294 0.9012 0.2818
vn -0.2802 0.9277 0.2465
vn 0.3201 0.7778 0.5409
vn 0.5317 0.6135 0.5838
vn 0.5898 0.6048 0.5351
vn 0.3953 0.7787 0.4872
vn 0.6292 0.4971 0.5975
vn 0.6733 0.4879 0.5555
vn -0.9227 0.2911 -0.2526
vn -0.9204 0.2302 -0.316
vn -0.8622 0.4685 -0.1926
vn -0.8641 0.4335 -0.2556
vn 0.6635 0.3736 0.6482
vn 0.6555 0.3343 0.6771
vn 0.7157 0.3179 0.6218
vn 0.7117 0.3655 0.5999
vn 0.6748 0.2258 0.7026
vn 0.7489 0.1835 0.6368
vn 0.8986 0.1492 0.4127
vn 0.9375 0.04572 0.3449
vn 0.9399 0.07862 0.3321
vn 0.913 0.191 0.3605
vn 0.9631 -0.07385 0.2587
vn 0.9441 0.2526 0.2116
vn 0.4575 -0.8886 -0.03235
vn 0.5561 -0.8267 0.08496
vn 0.3101 -0.9334 -0.1807
vn 0.3984 -0.8835 -0.2463
vn 0.33 -0.8957 -0.298
vn 0.3618 -0.8992 -0.2459
vn -0.2663 -0.8087 -0.5244
vn -0.01205 -0.9096 -0.4152
vn -0.4661 -0.6538 -0.596
vn 0.2312 -0.9318 -0.2797
vn 0.2132 -0.9185 -0.333
vn -0.7228 -0.2353 -0.6497
vn -0.6757 -0.3575 -0.6447
vn -0.7516 -0.1216 -0.6483
vn -0.3687 0.9225 -0.1144
vn -0.5874 0.7623 -0.2716
vn -0.04083 0.9906 0.1302
vn 0.6038 0.6037 0.5205
vn 0.4511 0.7627 0.4634
vn 0.7062 0.4755 0.5245
vn -0.7807 0.03201 -0.624
vn -0.7982 0.2506 -0.5478
vn 0.8651 0.1142 0.4884
vn 0.8309 0.2606 0.4916
vn 0.875 -0.166 0.4547
vn 0.2431 0.9026 0.3553
vn 0.243 0.9097 0.3367
vn 0.2575 0.9311 0.2583
vn -0.00943 0.904 0.4274
vn 0.06812 0.921 0.3835
vn 0.1423 0.9248 0.3528
vn -0.1103 0.7645 0.6351
vn -0.1058 0.8068 0.5813
vn -0.09125 0.8468 0.524
vn -0.05261 0.6659 0.7442
vn -0.02103 0.7046 0.7093
vn -0.05509 0.7174 0.6944
vn 0.2236 0.9126 0.3422
vn 0.2406 0.906 0.3482
vn 0.6905 -0.283 -0.6657
vn 0.9198 0.06061 -0.3877
vn 0.2787 0.9481 0.1531
vn 0.2837 0.9545 0.09149
vn 0.1922 0.9197 0.3422
vn 0.3362 0.9417 -0.01129
vn 0.4295 0.8951 -0.119
vn -0.7907 0.471 -0.3911
vn -0.7789 0.4374 -0.4494
vn -0.7592 0.567 -0.3195
vn -0.7452 0.5443 -0.3852
vn -0.7283 0.5189 -0.4474
vn -0.7635 0.4106 -0.4985
vn -0.785 0.6042 -0.1367
vn -0.7868 0.5846 -0.1978
vn -0.7429 0.6633 -0.09006
vn -0.7476 0.646 -0.154
vn -0.7503 0.6314 -0.1958
vn -0.7854 0.5705 -0.2402
vn -0.6672 0.7418 0.06726
vn -0.6954 0.7135 0.0856
vn -0.6079 0.7747 0.1742
vn -0.6415 0.7467 0.1755
vn -0.6933 0.7143 0.09537
vn -0.7396 0.6725 0.02585
vn -0.2486 0.8083 0.5338
vn -0.4184 0.8371 0.3524
vn -0.2134 0.8213 0.5289
vn -0.4042 0.8464 0.3466
vn -0.5192 0.8286 0.2093
vn -0.5573 0.8137 0.1652
vn -0.7895 0.5345 -0.3016
vn -0.793 0.5054 -0.3402
vn -0.7605 0.6025 -0.2419
vn -0.7638 0.5857 -0.2711
vn -0.008179 -0.4122 -0.911
vn 0.01117 -0.4483 -0.8938
vn -0.1061 -0.3037 -0.9468
vn -0.09751 -0.2173 -0.9712
vn -0.2668 -0.08954 -0.9596
vn -0.7309 0.379 -0.5675
vn -0.7024 0.4827 -0.5231
vn -0.6505 0.416 -0.6354
vn -0.6572 0.3278 -0.6787
vn -0.7863 0.5557 -0.2697
vn -0.755 0.6177 -0.22
vn -0.5188 0.2487 -0.8179
vn -0.4672 0.2474 -0.8488
vn -0.5065 0.2379 -0.8287
vn -0.4194 0.16 -0.8936
vn -0.6391 0.7674 0.0517
vn -0.7429 0.668 -0.04263
vn -0.584 0.7981 0.148
vn -0.1006 0.7288 0.6772
vn -0.2892 0.7923 0.5372
vn -0.02191 0.6418 0.7665
vn 0.0882 0.5435 0.8347
vn -0.05789 0.5834 0.8101
vn 0.181 0.5296 0.8287
vn -0.8278 0.552 -0.09983
vn -0.8755 0.4685 -0.118
vn -0.04956 0.5683 0.8213
vn -0.167 0.5502 0.8181
vn -0.4998 0.7767 0.3833
vn -0.5936 0.7548 0.2792
vn -0.9026 0.4154 -0.1128
vn -0.9173 0.3842 -0.1045
vn 0.5803 0.1801 0.7942
vn 0.5034 0.4452 0.7405
vn 0.4884 -0.3238 0.8103
vn -0.991 -0.1148 -0.069
vn -0.9417 -0.3293 -0.06827
vn -0.9881 0.1301 -0.08194
vn -0.5108 -0.8552 0.08762
vn -0.3999 -0.9071 0.131
vn -0.6704 -0.7409 0.04074
vn 0.4338 0.5282 0.7299
vn 0.393 0.5479 0.7384
vn -0.1393 0.6133 0.7775
vn 0.135 0.5489 0.8249
vn 0.1095 0.5545 0.8249
vn 0.1921 0.5009 0.8439
vn 0.3228 0.469 0.822
vn 0.3419 0.4572 0.821
vn 0.3309 0.4505 0.8291
vn -0.1991 0.814 0.5456
vn 0.07331 0.7114 0.6989
vn 0.07358 0.6993 0.711
vn 0.01859 0.7253 0.6881
vn 0.1223 0.6502 0.7498
vn 0.2097 0.623 0.7535
vn 0.2102 0.6251 0.7516
vn 0.2301 0.7124 0.6629
vn 0.3438 0.6885 0.6385
vn 0.1478 0.8047 0.575
vn 0.4949 0.5772 0.6495
vn 0.5473 0.5049 0.6674
vn 0.4075 0.628 0.663
vn 0.21 0.7741 0.5972
vn -0.3503 0.8634 0.3631
vn -0.1259 0.9004 0.4164
vn -0.1729 0.9053 0.388
vn -0.06012 0.8834 0.4648
vn -0.01425 0.8751 0.4837
vn -0.1019 0.8849 0.4544
vn -0.1489 0.9044 0.3999
vn -0.08277 0.6725 0.7354
vn -0.09696 0.697 0.7105
vn -0.01538 0.6963 0.7176
vn 0.01541 0.6751 0.7375
vn -0.006714 0.6471 0.7624
vn -0.01309 0.6416 0.7669
vn 0.007447 0.8685 0.4956
vn -0.08112 0.8229 0.5623
vn 0.1328 0.6976 0.704
vn 0.1843 0.7407 0.646
vn 0.08542 0.6209 0.7792
vn 0.3374 0.463 0.8196
vn 0.3735 0.4776 0.7952
vn 0.3724 0.5432 0.7525
vn 0.4901 0.6093 0.6233
vn 0.4088 0.6857 0.6023
vn 0.5361 0.5095 0.673
vn 0.567 0.4836 0.6668
vn -0.04456 0.6506 0.7581
vn 0.1068 0.5718 0.8134
vn -0.07028 0.6767 0.7328
vn -0.01184 0.6794 0.7337
vn 0.08695 0.6471 0.7574
vn 0.1574 0.5831 0.797
vn -0.1924 0.8435 0.5014
vn -0.01944 0.8296 0.558
vn 0.0224 0.7947 0.6066
vn -0.0864 0.869 0.4871
vn -0.06665 0.8653 0.4968
vn -0.034 0.8404 0.5408
vn 0.0282 0.7906 0.6117
vn 0.2138 0.4932 0.8432
vn 0.2741 0.5235 0.8067
vn -0.05481 0.7232 0.6885
vn 0.07779 0.6458 0.7595
vn -0.7718 0.6327 -0.06226
vn -0.8523 0.5066 -0.1301
vn -0.7282 0.6853 -0.007447
vn -0.06278 0.8792 0.4722
vn -0.3466 0.8843 0.3128
vn 0.2405 0.7668 0.595
vn 0.598 0.3464 0.7227
vn 0.6089 0.3816 0.6954
vn 0.6101 0.2598 0.7485
vn -0.916 0.3495 -0.1971
vn -0.9438 0.1942 -0.2672
vn 0.4531 0.6226 0.6379
vn 0.5639 0.5117 0.6482
vn -0.5488 0.8173 0.1752
vn -0.6637 0.7434 0.08213
vn -0.9447 0.01935 -0.3273
vn -0.9222 -0.1277 -0.3651
vn 0.4559 -0.7571 0.4679
vn 0.5735 -0.5387 0.6172
vn 0.2571 -0.9241 0.2826
vn -0.6189 -0.7449 -0.249
vn -0.4791 -0.8583 -0.1838
vn -0.7852 -0.5233 -0.3311
vn -0.2454 -0.9683 -0.04675
vn -0.1963 -0.9802 -0.02756
vn -0.2982 -0.9514 -0.07651
vn 0.6609 -0.2446 0.7094
vn 0.6806 -0.04865 0.731
vn -0.6847 0.7168 0.1321
vn -0.7094 0.7041 0.03113
vn -0.7223 0.69 -0.04523
vn 0.0188 0.689 0.7244
vn 0.1299 0.6511 0.7477
vn -0.5322 0.8059 0.2593
vn -0.5906 0.7768 0.2185
vn -0.6143 0.7535 0.2341
vn 0.2067 -0.2152 -0.9544
vn 0.1514 0.09867 -0.9835
vn -0.7144 0.6431 -0.2755
vn -0.6913 0.6381 -0.339
vn -0.6739 0.6181 -0.4047
vn -0.7322 0.6723 -0.1085
vn -0.7405 0.6527 -0.1601
vn -0.6442 0.7328 0.2192
vn -0.4176 0.8303 0.369
vn -0.7455 0.6305 -0.2161
vn -0.7347 0.6357 -0.2368
vn -0.6579 0.5813 -0.4787
vn -0.6299 0.5116 -0.5843
vn -0.7464 0.6367 -0.1934
vn -0.4993 0.2562 -0.8277
vn -0.3962 0.09412 -0.9133
vn 0.5733 0.1718 0.8011
vn 0.6369 0.1049 0.7638
vn 0.5936 0.09687 0.7989
vn 0.653 -0.0009766 0.7573
vn 0.7135 -0.09769 0.6938
vn 0.7035 0.03327 0.7098
vn 0.02377 0.8767 0.4803
vn 0.2037 0.7515 0.6274
vn 0.2192 0.7579 0.6144
vn 0.4101 0.5229 0.7472
vn 0.4016 0.5562 0.7275
vn 0.08719 0.7209 0.6875
vn 0.2489 0.5472 0.7991
vn 0.1678 0.7468 0.6435
vn 0.3016 0.5819 0.7553
vn 0.429 0.3819 0.8186
vn 0.3971 0.3699 0.8399
vn 0.7789 -0.4908 0.3904
vn 0.7743 -0.5372 0.3343
vn 0.68 -0.6867 0.2569
vn 0.6315 -0.7484 0.2026
vn 0.6158 -0.7754 0.1398
vn 0.7936 -0.5527 0.2542
vn 0.7801 -0.04663 0.6239
vn 0.781 -0.2005 0.5914
vn 0.8292 -0.2905 0.4774
vn 0.8388 -0.1211 0.5307
vn 0.4996 0.2495 0.8295
vn 0.5231 0.2167 0.8242
vn 0.858 -0.1908 0.4769
vn 0.8386 -0.3651 0.4043
vn 0.8123 -0.4566 0.363
vn 0.8443 -0.28 0.4569
vn 0.816 -0.5502 0.177
vn 0.6117 -0.787 0.07935
vn 0.8112 -0.3935 0.4324
vn 0.7536 -0.5771 0.3146
vn -0.04175 0.8157 0.577
vn 0.0441 0.8487 0.527
vn -0.004273 -0.9622 -0.2723
vn 0.3646 -0.9263 -0.09519
vn 0.3586 -0.9288 -0.09311
vn 0.1343 -0.965 -0.2253
vn 0.4144 -0.9087 -0.04944
vn -0.4602 -0.6891 -0.5598
vn 0.1755 -0.681 -0.711
vn 0.3046 -0.8172 -0.4893
vn -0.3125 -0.828 -0.4654
vn 0.3941 -0.8927 -0.2187
vn -0.1952 -0.9138 -0.356
vn -0.4061 -0.9078 -0.1043
vn -0.3789 -0.9164 -0.1287
vn -0.3641 -0.9178 -0.158
vn -0.1383 0.8934 0.4275
vn -0.1321 0.8885 0.4395
vn -0.994 0.02072 0.1075
vn -0.835 -0.5492 -0.03284
vn -0.5962 -0.799 -0.07755
vn 0.1299 -0.9412 -0.312
vn 0.2175 -0.9262 -0.3078
vn 0.2623 -0.8988 -0.3511
vn -0.3324 -0.9196 -0.2093
vn -0.2696 -0.922 -0.278
vn -0.4658 -0.8805 -0.08789
vn 0.1705 -0.7226 -0.6699
vn -0.02472 -0.7443 -0.6673
vn -0.7311 0.6292 0.2637
vn -0.1885 -0.9262 -0.3264
vn -0.09281 -0.9349 -0.3426
vn 0.2656 -0.8618 -0.4322
vn 0.2506 -0.828 -0.5016
vn 0.01831 -0.9425 -0.3337
vn 0.2698 -0.822 -0.5015
vn 0.3047 -0.8402 -0.4485
vn 0.5505 0.4396 0.7097
vn 0.6097 0.4282 0.667
vn 0.666 0.4169 0.6185
vn 0.09003 0.5646 0.8204
vn 0.351 0.4321 0.8307
vn -0.3771 0.6063 0.7002
vn -0.2002 0.5851 0.7858
vn 0.1879 0.5307 0.8264
vn 0.7269 0.4001 0.5582
vn 0.78 0.3687 0.5056
vn 0.8283 0.3316 0.4515
vn 0.847 0.2631 0.4618
vn 0.8921 0.288 0.3481
vn 0.7073 0.4099 0.576
vn 0.7159 0.4112 0.5642
vn 0.4499 0.4653 0.7623
vn -0.3237 0.6214 0.7135
vn 0.6934 0.4144 0.5894
vn 0.6943 0.4138 0.5887
vn 0.7282 0.6629 -0.1741
vn 0.8563 0.5161 -0.02017
vn 0.8559 0.3025 0.4194
vn 0.8524 0.2787 0.4424
vn 0.7062 0.4132 0.5749
vn 0.8347 0.2601 0.4854
vn 0.7508 0.4078 0.5196
vn 0.8974 0.163 0.41
vn 0.2475 -0.8145 -0.5246
vn 0.4113 -0.8023 -0.4326
vn -0.05567 -0.7877 -0.6135
vn 0.406 -0.9084 -0.1001
vn -0.1096 -0.9467 -0.3028
vn 0.804 -0.5904 0.07019
vn -0.5791 0.4012 -0.7097
vn -0.5807 0.3258 -0.7461
vn -0.5027 0.5904 -0.6314
vn -0.5721 0.274 -0.7731
vn -0.588 0.1834 -0.7878
vn 0.2898 0.9554 0.05652
vn 0.04816 0.9826 -0.1792
vn 0.4916 0.8203 0.2923
vn 0.9414 0.0636 0.3311
vn -0.7699 -0.009308 -0.638
vn -0.799 -0.08832 -0.5947
vn -0.7035 0.02875 -0.71
vn 0.9429 -0.2863 0.1699
vn -0.07215 -0.8066 -0.5867
vn 0.04505 -0.7578 -0.6509
vn -0.2593 -0.8091 -0.5273
vn -0.634 0.08579 -0.7685
vn 0.6462 0.604 0.4665
vn -0.2667 0.8538 -0.447
vn 0.427 -0.807 -0.4079
vn 0.3091 -0.8215 -0.4791
vn -0.4065 -0.6501 -0.6419
vn -0.641 -0.4496 -0.622
vn 0.4688 0.7407 -0.4812
vn 0.4368 0.5344 -0.7236
vn -0.05152 0.6027 -0.7962
vn 0.05857 0.7837 -0.6184
vn 0.2659 0.2217 -0.9381
vn -0.2324 0.3754 -0.8972
vn -0.3205 0.3537 -0.8787
vn -0.2129 0.5472 -0.8094
vn -0.1035 0.7529 -0.65
vn 0.3259 -0.4612 -0.8253
vn 0.1442 -0.6154 -0.7749
vn 0.05445 -0.5046 -0.8616
vn 0.2548 -0.3983 -0.8811
vn 0.09314 -0.6185 -0.7802
vn 0.03381 -0.5353 -0.844
vn -0.04721 -0.3981 -0.9161
vn -0.005463 -0.3445 -0.9387
vn 0.1598 -0.2886 -0.944
vn 0.5233 -0.05887 -0.8501
vn 0.4696 -0.1903 -0.8621
vn 0.4883 -0.2216 -0.8441
vn 0.6195 -0.1417 -0.7721
vn 0.3185 -0.1899 -0.9287
vn 0.496 -0.1054 -0.8619
vn 0.8115 -0.5293 -0.2474
vn 0.8754 -0.3615 -0.3209
vn 0.8853 -0.3442 -0.3126
vn 0.8379 -0.4879 -0.2445
vn 0.8878 -0.1739 -0.4261
vn 0.9014 -0.2048 -0.3815
vn 0.6543 -0.3896 -0.648
vn 0.609 -0.5737 -0.5477
vn 0.6892 -0.6312 -0.3558
vn -0.7384 -0.1503 -0.6574
vn -0.5554 -0.03418 -0.8309
vn -0.4853 -0.2762 -0.8296
vn -0.6807 -0.3331 -0.6524
vn -0.2649 0.05515 -0.9627
vn -0.1837 -0.2127 -0.9597
vn -0.1077 -0.6046 -0.7892
vn -0.3312 -0.6394 -0.6939
vn -0.5695 -0.5905 -0.5717
vn 0.6129 -0.4652 -0.6386
vn 0.4389 -0.4895 -0.7535
vn 0.5149 -0.4616 -0.7224
vn 0.6095 -0.4828 -0.6288
vn 0.2204 -0.3503 -0.9103
vn 0.3499 -0.2942 -0.8893
vn 0.4924 -0.2156 -0.8432
vn 0.6044 -0.3643 -0.7085
vn 0.6485 -0.445 -0.6176
vn 0.1668 0.07706 -0.9829
vn 0.2044 0.1312 -0.97
vn 0.3392 0.6415 -0.688
vn 0.1173 0.6189 -0.7766
vn 0.03601 0.6364 -0.7705
vn 0.2936 0.2145 -0.9315
vn 0.2426 -0.5464 -0.8016
vn 0.2145 -0.5319 -0.8191
vn 0.4863 -0.458 -0.7441
vn 0.4529 -0.5029 -0.7362
vn 0.4643 -0.4388 -0.7693
vn 0.2156 -0.4062 -0.888
vn 0.6254 -0.4263 -0.6536
vn 0.588 -0.4783 -0.6522
vn 0.5803 -0.4275 -0.6932
vn 0.4338 0.8197 -0.374
vn 0.09864 0.8322 -0.5456
vn -0.05805 0.7379 -0.6724
vn 0.7935 -0.2067 -0.5724
vn 0.7318 -0.2964 -0.6137
vn 0.7668 -0.3889 -0.5105
vn 0.8127 -0.2772 -0.5125
vn 0.6652 -0.2253 -0.7118
vn 0.7427 -0.3119 -0.5926
vn 0.5289 -0.2369 -0.8149
vn 0.4782 -0.2567 -0.8398
vn 0.5708 -0.2748 -0.7737
vn 0.4989 -0.05322 -0.865
vn 0.762 -0.3201 -0.5628
vn 0.723 -0.4073 -0.558
vn 0.4807 -0.2638 -0.8362
vn 0.798 -0.5224 -0.3004
vn 0.7911 -0.517 -0.3268
vn 0.664 -0.6887 -0.291
vn 0.5514 -0.7232 -0.4159
vn 0.4179 -0.6674 -0.6164
vn 0.7785 -0.5879 -0.2197
vn 0.7978 -0.5565 -0.2321
vn 0.6384 -0.7014 -0.317
vn -0.6927 -0.3031 -0.6544
vn -0.788 -0.2534 -0.561
vn -0.7516 -0.3707 -0.5455
vn -0.726 -0.303 -0.6173
vn -0.615 -0.5881 -0.5252
vn -0.649 -0.5176 -0.5575
vn 0.5891 -0.1146 -0.7999
vn 0.6868 -0.2091 -0.6961
vn 0.4765 -0.1544 -0.8655
vn 0.8401 -0.1009 -0.533
vn 0.8581 -0.1921 -0.4761
vn 0.5131 -0.3388 -0.7886
vn -0.6431 -0.3607 -0.6754
vn -0.7616 -0.2492 -0.5983
vn -0.856 -0.1343 -0.4992
vn -0.9318 -0.1513 -0.33
vn -0.8832 -0.281 -0.3755
vn -0.8355 -0.3707 -0.4056
vn 0.03159 0.749 0.6617
vn 0.02368 0.7468 0.6646
vn -0.8329 0.5467 0.08536
vn -0.9441 0.3151 -0.09693
vn -0.9687 0.1431 -0.2025
vn -0.6018 -0.5302 -0.5972
vn -0.5963 -0.4968 -0.6305
vn -0.5786 -0.4607 -0.673
vn -0.796 -0.427 -0.4289
vn -0.758 -0.471 -0.451
vn -0.962 -0.00528 -0.2729
vn -0.8698 -0.1068 -0.4816
vn -0.5441 0.7729 0.3263
vn -0.1985 0.1946 -0.9606
vn -0.4712 0.2879 -0.8337
vn -0.6564 -0.5453 -0.5213
vn -0.6158 -0.5501 -0.5641
vn -0.5743 -0.4234 -0.7006
vn -0.7114 -0.5139 -0.4792
vn -0.2151 -0.1682 -0.962
vn -0.5422 0.02728 -0.8398
vn -0.5334 -0.09653 -0.8403
vn -0.476 -0.7496 -0.4599
vn -0.3359 -0.8343 -0.4371
vn -0.155 -0.9015 -0.4041
vn -0.6223 -0.5986 -0.5044
vn -0.5599 -0.6766 -0.4783
vn 0.04788 -0.9411 -0.3347
vn 0.2996 0.7393 0.603
vn 0.4951 0.5166 0.6985
vn 0.611 0.09665 0.7857
vn 0.6677 -0.01559 0.7442
vn 0.7252 -0.1198 0.678
vn 0.2225 0.7294 0.6468
vn 0.3527 0.5718 0.7407
vn 0.4607 0.3971 0.7937
vn 0.6606 -0.7249 0.1952
vn 0.5841 -0.799 0.1427
vn 0.532 -0.8429 0.08057
vn 0.7875 -0.228 0.5725
vn 0.8307 -0.3222 0.4541
vn 0.544 0.2349 0.8055
vn 0.838 -0.3983 0.3729
vn 0.8119 -0.489 0.3188
vn 0.4801 -0.8771 0.01267
vn 0.7495 -0.6097 0.2577
vn 0.07831 0.8464 0.5267
vn 0.08954 0.08432 -0.9924
vn 0.1343 -0.2088 -0.9687
vn 0.1924 -0.692 -0.6957
vn 0.1602 -0.8929 -0.4208
vn 0.1845 -0.8218 -0.539
vn 0.1902 -0.7533 -0.6296
vn -0.03693 -0.9888 0.1442
vn -0.02673 -0.9966 0.07831
vn 0.004028 -0.9997 0.02423
vn 0.06299 0.8412 0.537
vn 0.108 0.813 0.572
vn -0.2355 -0.2495 0.9393
vn 0.01312 -0.8365 0.5478
vn -0.0005799 -0.9688 0.2477
vn 0.2537 -0.8984 -0.3584
vn 0.2417 -0.9082 -0.3416
vn 0.2019 -0.9249 -0.3221
vn 0.05109 -0.9981 -0.03497
vn 0.1044 -0.9872 -0.1202
vn -0.02329 -0.9798 0.1984
vn 0.1953 -0.9356 -0.294
vn 0.2351 -0.9071 -0.349
vn 0.1611 -0.9276 -0.337
vn 0.1509 -0.9659 -0.2102
vn -0.01599 0.5882 0.8085
vn 0.4854 -0.7782 -0.3986
vn 0.4961 -0.7552 -0.4283
vn 0.1699 -0.7076 -0.6858
vn 0.6226 -0.6356 -0.4564
vn 0.5937 -0.7497 -0.2921
vn 0.4533 -0.4906 -0.7442
vn -0.7172 -0.4359 -0.5436
vn -0.6776 -0.355 -0.644
vn -0.5745 -0.5356 -0.6189
vn 0.2292 -0.003723 -0.9734
vn 0.1556 0.04523 -0.9868
vn 0.2715 -0.01724 -0.9622
vn 0.6538 0.7217 -0.2272
vn 0.7557 0.5879 -0.2886
vn 0.5824 0.6261 -0.5184
vn 0.4906 -0.6207 -0.6116
vn 0.4824 -0.3693 -0.7942
vn 0.4649 -0.7778 -0.4229
vn 0.03262 -0.5115 -0.8587
vn 0.664 -0.08609 -0.7427
vn 0.2357 -0.3911 -0.8896
vn 0.532 -0.2559 -0.8071
vn 0.05585 -0.5356 -0.8426
vn 0.1025 -0.5542 -0.826
vn 0.2112 -0.3467 -0.9138
vn 0.5515 -0.4115 -0.7256
vn 0.3553 -0.297 -0.8863
vn 0.7028 -0.3352 -0.6274
vn -0.4977 -0.2858 -0.8189
vn -0.2061 -0.2887 -0.935
vn 0.4993 -0.8145 -0.2953
vn 0.3758 -0.1402 -0.916
vn 0.2114 -0.02347 -0.9771
vn 0.1408 0.1197 -0.9828
vn 0.8136 0.3166 -0.4876
vn 0.1064 0.1119 -0.988
vn 0.1215 -0.3569 -0.9262
vn 0.7034 -0.238 -0.6697
vn 0.4132 0.1528 -0.8977
vn 0.2433 0.6048 0.7583
vn 0.1443 -0.3635 -0.9203
f 1/1/1 2/2/2 3/3/3
f 1/1/1 3/3/3 4/4/4
f 2/2/2 5/5/5 6/6/6
f 2/2/2 6/6/6 3/3/3
f 3/3/3 6/6/6 7/7/7
f 3/3/3 7/7/7 8/8/8
f 4/4/4 3/3/3 8/8/8
f 4/4/4 8/8/8 9/9/9
f 10/10/10 11/11/11 12/12/12
f 10/10/10 12/12/12 13/13/13
f 11/11/11 14/14/14 15/15/15
f 11/11/11 15/15/15 12/12/12
f 12/12/12 15/15/15 16/16/16
f 12/12/12 16/16/16 17/17/17
f 13/13/13 12/12/12 17/17/17
f 13/13/13 17/17/17 18/18/18
f 19/19/19 20/20/20 21/21/21
f 19/19/19 21/21/21 22/22/22
f 20/20/20 23/23/23 24/24/24
f 20/20/20 24/24/24 21/21/21
f 21/21/21 24/24/24 25/25/25
f 21/21/21 25/25/25 26/26/26
f 22/22/22 21/21/21 26/26/26
f 22/22/22 26/26/26 27/27/27
f 28/28/28 29/29/29 30/30/30
f 28/28/28 30/30/30 31/31/31
f 29/29/29 32/32/32 33/33/33
f 29/29/29 33/33/33 30/30/30
f 30/30/30 33/33/33 34/34/34
f 30/30/30 34/34/34 35/35/35
f 31/31/31 30/30/30 35/35/35
f 31/31/31 35/35/35 36/36/36
f 37/37/37 38/38/38 39/39/39
f 37/37/37 39/39/39 40/40/40
f 38/38/38 41/41/41 42/42/42
f 38/38/38 42/42/42 39/39/39
f 39/39/39 42/42/42 43/43/43
f 39/39/39 43/43/43 44/44/44
f 40/40/40 39/39/39 44/44/44
f 40/40/40 44/44/44 45/45/45
f 46/46/46 47/47/47 48/48/48
f 46/46/46 48/48/48 49/49/49
f 47/47/47 50/50/50 51/51/51
f 47/47/47 51/51/51 48/48/48
f 48/48/48 51/51/51 52/52/52
f 48/48/48 52/52/52 53/53/53
f 49/49/49 48/48/48 53/53/53
f 49/49/49 53/53/53 54/54/54
f 55/55/55 56/56/56 57/57/57
f 55/55/55 57/57/57 58/58/58
f 56/56/56 59/59/59 60/60/60
f 56/56/56 60/60/60 57/57/57
f 57/57/57 60/60/60 61/61/61
f 57/57/57 61/61/61 62/62/62
f 58/58/58 57/57/57 62/62/62
f 58/58/58 62/62/62 63/63/63
f 64/64/64 65/65/65 66/66/66
f 64/64/64 66/66/66 67/67/67
f 65/65/65 68/68/68 69/69/69
f 65/65/65 69/69/69 66/66/66
f 66/66/66 69/69/69 70/70/70
f 66/66/66 70/70/70 71/71/71
f 67/67/67 66/66/66 71/71/71
f 67/67/67 71/71/71 72/72/72
f 73/73/73 74/74/74 75/75/75
f 73/73/73 75/75/75 76/76/76
f 74/74/74 77/77/77 78/78/78
f 74/74/74 78/78/78 75/75/75
f 75/75/75 78/78/78 79/79/79
f 75/75/75 79/79/79 80/80/80
f 76/76/76 75/75/75 80/80/80
f 76/76/76 80/80/80 81/81/81
f 82/82/82 83/83/83 84/84/84
f 82/82/82 84/84/84 85/85/85
f 83/83/83 55/55/55 58/58/58
f 83/83/83 58/58/58 84/84/84
f 84/84/84 58/58/58 63/63/63
f 84/84/84 63/63/63 86/86/86
f 85/85/85 84/84/84 86/86/86
f 85/85/85 86/86/86 87/87/87
f 88/88/88 89/89/89 90/90/90
f 88/88/88 90/90/90 91/91/91
f 89/89/89 92/92/92 93/93/93
f 89/89/89 93/93/93 90/90/90
f 90/90/90 93/93/93 94/94/94
f 90/90/90 94/94/94 95/95/95
f 91/91/91 90/90/90 95/95/95
f 91/91/91 95/95/95 96/96/96
f 97/97/97 98/98/98 99/99/99
f 97/97/97 99/99/99 100/100/100
f 98/98/98 101/101/101 102/102/102
f 98/98/98 102/102/102 99/99/99
f 99/99/99 102/102/102 103/103/103
f 99/99/99 103/103/103 104/104/104
f 100/100/100 99/99/99 104/104/104
f 100/100/100 104/104/104 105/105/105
f 106/106/106 107/107/107 108/108/108
f 106/106/106 108/108/108 109/109/109
f 107/107/107 110/110/110 111/111/111
f 107/107/107 111/111/111 108/108/108
f 108/108/108 111/111/111 112/112/112
f 108/108/108 112/112/112 113/113/113
f 109/109/109 108/108/108 113/113/113
f 109/109/109 113/113/113 114/114/114
f 115/115/115 116/116/116 117/117/117
f 115/115/115 117/117/117 118/118/118
f 116/116/116 119/119/119 120/120/120
f 116/116/116 120/120/120 117/117/117
f 117/117/117 120/120/120 121/121/121
f 117/117/117 121/121/121 122/122/122
f 118/118/118 117/117/117 122/122/122
f 118/118/118 122/122/122 123/123/123
f 124/124/124 125/125/125 126/126/126
f 124/124/124 126/126/126 127/127/127
f 125/125/125 128/128/128 129/129/129
f 125/125/125 129/129/129 126/126/126
f 126/126/126 129/129/129 130/130/130
f 126/126/126 130/130/130 131/131/131
f 127/127/127 126/126/126 131/131/131
f 127/127/127 131/131/131 132/132/132
f 133/133/133 134/134/134 135/135/135
f 133/133/133 135/135/135 136/136/136
f 134/134/134 106/106/106 109/109/109
f 134/134/134 109/109/109 135/135/135
f 135/135/135 109/109/109 114/114/114
f 135/135/135 114/114/114 137/137/137
f 136/136/136 135/135/135 137/137/137
f 136/136/136 137/137/137 138/138/138
f 139/139/139 140/140/140 141/141/141
f 139/139/139 141/141/141 142/142/142
f 140/140/140 143/143/143 144/144/144
f 140/140/140 144/144/144 141/141/141
f 141/141/141 144/144/144 145/145/145
f 141/141/141 145/145/145 146/146/146
f 142/142/142 141/141/141 146/146/146
f 142/142/142 146/146/146 147/147/147
f 148/148/148 149/149/149 150/150/150
f 148/148/148 150/150/150 151/151/151
f 149/149/149 152/152/152 153/153/153
f 149/149/149 153/153/153 150/150/150
f 150/150/150 153/153/153 34/34/34
f 150/150/150 34/34/34 154/154/154
f 151/151/151 150/150/150 154/154/154
f 151/151/151 154/154/154 155/155/155
f 156/156/156 157/157/157 158/158/158
f 156/156/156 158/158/158 159/159/159
f 157/157/157 160/160/160 161/161/161
f 157/157/157 161/161/161 158/158/158
f 158/158/158 161/161/161 25/25/25
f 158/158/158 25/25/25 162/162/162
f 159/159/159 158/158/158 162/162/162
f 159/159/159 162/162/162 36/36/36
f 163/163/163 164/164/164 165/165/165
f 163/163/163 165/165/165 166/166/166
f 164/164/164 167/167/167 168/168/168
f 164/164/164 168/168/168 165/165/165
f 165/165/165 168/168/168 169/169/169
f 165/165/165 169/169/169 170/170/170
f 166/166/166 165/165/165 170/170/170
f 166/166/166 170/170/170 18/18/18
f 171/171/171 172/172/172 173/173/173
f 171/171/171 173/173/173 174/174/174
f 172/172/172 175/175/175 176/176/176
f 172/172/172 176/176/176 173/173/173
f 173/173/173 176/176/176 45/45/45
f 173/173/173 45/45/45 44/44/44
f 174/174/174 173/173/173 44/44/44
f 174/174/174 44/44/44 43/43/43
f 177/177/177 178/178/178 179/179/179
f 177/177/177 179/179/179 180/180/180
f 178/178/178 181/181/181 182/182/182
f 178/178/178 182/182/182 179/179/179
f 179/179/179 182/182/182 183/183/183
f 179/179/179 183/183/183 184/184/184
f 180/180/180 179/179/179 184/184/184
f 180/180/180 184/184/184 185/185/185
f 186/186/186 187/187/187 188/188/188
f 186/186/186 188/188/188 189/189/189
f 187/187/187 171/171/171 174/174/174
f 187/187/187 174/174/174 188/188/188
f 188/188/188 174/174/174 43/43/43
f 188/188/188 43/43/43 190/190/190
f 189/189/189 188/188/188 190/190/190
f 189/189/189 190/190/190 191/191/191
f 96/96/96 95/95/95 192/192/192
f 96/96/96 192/192/192 193/193/193
f 95/95/95 94/94/94 194/194/194
f 95/95/95 194/194/194 192/192/192
f 192/192/192 194/194/194 195/195/195
f 192/192/192 195/195/195 196/196/196
f 193/193/193 192/192/192 196/196/196
f 193/193/193 196/196/196 197/197/197
f 87/87/87 86/86/86 198/198/198
f 87/87/87 198/198/198 199/199/199
f 86/86/86 63/63/63 200/200/200
f 86/86/86 200/200/200 198/198/198
f 198/198/198 200/200/200 201/201/201
f 198/198/198 201/201/201 202/202/202
f 199/199/199 198/198/198 202/202/202
f 199/199/199 202/202/202 203/203/203
f 81/81/81 80/80/80 204/204/204
f 81/81/81 204/204/204 205/205/205
f 80/80/80 79/79/79 206/206/206
f 80/80/80 206/206/206 204/204/204
f 204/204/204 206/206/206 207/207/207
f 204/204/204 207/207/207 208/208/208
f 205/205/205 204/204/204 208/208/208
f 205/205/205 208/208/208 209/209/209
f 72/72/72 71/71/71 210/210/210
f 72/72/72 210/210/210 211/211/211
f 71/71/71 70/70/70 212/212/212
f 71/71/71 212/212/212 210/210/210
f 210/210/210 212/212/212 213/213/213
f 210/210/210 213/213/213 214/214/214
f 211/211/211 210/210/210 214/214/214
f 211/211/211 214/214/214 215/215/215
f 63/63/63 62/62/62 216/216/216
f 63/63/63 216/216/216 200/200/200
f 62/62/62 61/61/61 217/217/217
f 62/62/62 217/217/217 216/216/216
f 216/216/216 217/217/217 218/218/218
f 216/216/216 218/218/218 219/219/219
f 200/200/200 216/216/216 219/219/219
f 200/200/200 219/219/219 201/201/201
f 54/54/54 53/53/53 220/220/220
f 54/54/54 220/220/220 221/221/221
f 53/53/53 52/52/52 222/222/222
f 53/53/53 222/222/222 220/220/220
f 220/220/220 222/222/222 223/223/223
f 220/220/220 223/223/223 224/224/224
f 221/221/221 220/220/220 224/224/224
f 221/221/221 224/224/224 225/225/225
f 226/226/226 227/227/227 228/228/228
f 226/226/226 228/228/228 229/229/229
f 227/227/227 230/230/230 231/231/231
f 227/227/227 231/231/231 228/228/228
f 228/228/228 231/231/231 232/232/232
f 228/228/228 232/232/232 233/233/233
f 229/229/229 228/228/228 233/233/233
f 229/229/229 233/233/233 234/234/234
f 235/235/235 236/236/236 237/237/237
f 235/235/235 237/237/237 238/238/238
f 236/236/236 239/239/239 240/240/240
f 236/236/236 240/240/240 237/237/237
f 237/237/237 240/240/240 7/7/7
f 237/237/237 7/7/7 241/241/241
f 238/238/238 237/237/237 241/241/241
f 238/238/238 241/241/241 242/242/242
f 243/243/243 244/244/244 245/245/245
f 243/243/243 245/245/245 246/246/246
f 244/244/244 247/247/247 248/248/248
f 244/244/244 248/248/248 245/245/245
f 245/245/245 248/248/248 249/249/249
f 245/245/245 249/249/249 250/250/250
f 246/246/246 245/245/245 250/250/250
f 246/246/246 250/250/250 251/251/251
f 252/252/252 253/253/253 254/254/254
f 252/252/252 254/254/254 255/255/255
f 253/253/253 256/256/256 257/257/257
f 253/253/253 257/257/257 254/254/254
f 254/254/254 257/257/257 230/230/230
f 254/254/254 230/230/230 227/227/227
f 255/255/255 254/254/254 227/227/227
f 255/255/255 227/227/227 226/226/226
f 258/258/258 259/259/259 260/260/260
f 258/258/258 260/260/260 261/261/261
f 259/259/259 262/262/262 263/263/263
f 259/259/259 263/263/263 260/260/260
f 260/260/260 263/263/263 147/147/147
f 260/260/260 147/147/147 146/146/146
f 261/261/261 260/260/260 146/146/146
f 261/261/261 146/146/146 145/145/145
f 264/264/264 265/265/265 266/266/266
f 264/264/264 266/266/266 267/267/267
f 265/265/265 268/268/268 269/269/269
f 265/265/265 269/269/269 266/266/266
f 266/266/266 269/269/269 270/270/270
f 266/266/266 270/270/270 271/271/271
f 267/267/267 266/266/266 271/271/271
f 267/267/267 271/271/271 272/272/272
f 273/273/273 274/274/274 275/275/275
f 273/273/273 275/275/275 276/276/276
f 274/274/274 277/277/277 278/278/278
f 274/274/274 278/278/278 275/275/275
f 275/275/275 278/278/278 279/279/279
f 275/275/275 279/279/279 280/280/280
f 276/276/276 275/275/275 280/280/280
f 276/276/276 280/280/280 281/281/281
f 282/282/282 283/283/283 284/284/284
f 282/282/282 284/284/284 285/285/285
f 283/283/283 286/286/286 287/287/287
f 283/283/283 287/287/287 284/284/284
f 284/284/284 287/287/287 288/288/288
f 284/284/284 288/288/288 289/289/289
f 285/285/285 284/284/284 289/289/289
f 285/285/285 289/289/289 290/290/290
f 291/291/291 292/292/292 293/293/293
f 291/291/291 293/293/293 294/294/294
f 292/292/292 295/295/295 296/296/296
f 292/292/292 296/296/296 293/293/293
f 293/293/293 296/296/296 297/297/297
f 293/293/293 297/297/297 298/298/298
f 294/294/294 293/293/293 298/298/298
f 294/294/294 298/298/298 299/299/299
f 300/300/300 301/301/301 302/302/302
f 300/300/300 302/302/302 303/303/303
f 301/301/301 304/304/304 305/305/305
f 301/301/301 305/305/305 302/302/302
f 302/302/302 305/305/305 306/306/306
f 302/302/302 306/306/306 307/307/307
f 303/303/303 302/302/302 307/307/307
f 303/303/303 307/307/307 308/308/308
f 309/309/309 310/310/310 311/311/311
f 309/309/309 311/311/311 312/312/312
f 310/310/310 313/313/313 314/314/314
f 310/310/310 314/314/314 311/311/311
f 311/311/311 314/314/314 315/315/315
f 311/311/311 315/315/315 316/316/316
f 312/312/312 311/311/311 316/316/316
f 312/312/312 316/316/316 317/317/317
f 318/318/318 319/319/319 320/320/320
f 318/318/318 320/320/320 321/321/321
f 319/319/319 273/273/273 276/276/276
f 319/319/319 276/276/276 320/320/320
f 320/320/320 276/276/276 281/281/281
f 320/320/320 281/281/281 322/322/322
f 321/321/321 320/320/320 322/322/322
f 321/321/321 322/322/322 323/323/323
f 324/324/324 325/325/325 326/326/326
f 324/324/324 326/326/326 327/327/327
f 325/325/325 328/328/328 329/329/329
f 325/325/325 329/329/329 326/326/326
f 326/326/326 329/329/329 330/330/330
f 326/326/326 330/330/330 331/331/331
f 327/327/327 326/326/326 331/331/331
f 327/327/327 331/331/331 332/332/332
f 333/333/333 334/334/334 335/335/335
f 333/333/333 335/335/335 336/336/336
f 334/334/334 337/337/337 338/338/338
f 334/334/334 338/338/338 335/335/335
f 335/335/335 338/338/338 103/103/103
f 335/335/335 103/103/103 339/339/339
f 336/336/336 335/335/335 339/339/339
f 336/336/336 339/339/339 340/340/340
f 341/341/341 342/342/342 343/343/343
f 341/341/341 343/343/343 344/344/344
f 342/342/342 345/345/345 346/346/346
f 342/342/342 346/346/346 343/343/343
f 343/343/343 346/346/346 347/347/347
f 343/343/343 347/347/347 348/348/348
f 344/344/344 343/343/343 348/348/348
f 344/344/344 348/348/348 349/349/349
f 350/350/350 351/351/351 352/352/352
f 350/350/350 352/352/352 353/353/353
f 351/351/351 354/354/354 355/355/355
f 351/351/351 355/355/355 352/352/352
f 352/352/352 355/355/355 356/356/356
f 352/352/352 356/356/356 357/357/357
f 353/353/353 352/352/352 357/357/357
f 353/353/353 357/357/357 358/358/358
f 349/349/349 348/348/348 359/359/359
f 349/349/349 359/359/359 360/360/360
f 348/348/348 347/347/347 361/361/361
f 348/348/348 361/361/361 359/359/359
f 359/359/359 361/361/361 362/362/362
f 359/359/359 362/362/362 363/363/363
f 360/360/360 359/359/359 363/363/363
f 360/360/360 363/363/363 364/364/364
f 365/365/365 366/366/366 367/367/367
f 365/365/365 367/367/367 368/368/368
f 366/366/366 369/369/369 370/370/370
f 366/366/366 370/370/370 367/367/367
f 367/367/367 370/370/370 16/16/16
f 367/367/367 16/16/16 371/371/371
f 368/368/368 367/367/367 371/371/371
f 368/368/368 371/371/371 9/9/9
f 372/372/372 373/373/373 374/374/374
f 372/372/372 374/374/374 375/375/375
f 373/373/373 309/309/309 312/312/312
f 373/373/373 312/312/312 374/374/374
f 374/374/374 312/312/312 317/317/317
f 374/374/374 317/317/317 376/376/376
f 375/375/375 374/374/374 376/376/376
f 375/375/375 376/376/376 377/377/377
f 378/378/378 379/379/379 380/380/380
f 378/378/378 380/380/380 381/381/381
f 379/379/379 96/96/96 193/193/193
f 379/379/379 193/193/193 380/380/380
f 380/380/380 193/193/193 197/197/197
f 380/380/380 197/197/197 382/382/382
f 381/381/381 380/380/380 382/382/382
f 381/381/381 382/382/382 383/383/383
f 167/167/167 384/384/384 385/385/385
f 167/167/167 385/385/385 168/168/168
f 384/384/384 386/386/386 387/387/387
f 384/384/384 387/387/387 385/385/385
f 385/385/385 387/387/387 388/388/388
f 385/385/385 388/388/388 389/389/389
f 168/168/168 385/385/385 389/389/389
f 168/168/168 389/389/389 169/169/169
f 390/390/390 391/391/391 392/392/392
f 390/390/390 392/392/392 393/393/393
f 391/391/391 37/37/37 40/40/40
f 391/391/391 40/40/40 392/392/392
f 392/392/392 40/40/40 45/45/45
f 392/392/392 45/45/45 394/394/394
f 393/393/393 392/392/392 394/394/394
f 393/393/393 394/394/394 242/242/242
f 395/395/395 396/396/396 397/397/397
f 395/395/395 397/397/397 398/398/398
f 396/396/396 139/139/139 142/142/142
f 396/396/396 142/142/142 397/397/397
f 397/397/397 142/142/142 147/147/147
f 397/397/397 147/147/147 399/399/399
f 398/398/398 397/397/397 399/399/399
f 398/398/398 399/399/399 400/400/400
f 401/401/401 402/402/402 403/403/403
f 401/401/401 403/403/403 404/404/404
f 402/402/402 88/88/88 91/91/91
f 402/402/402 91/91/91 403/403/403
f 403/403/403 91/91/91 96/96/96
f 403/403/403 96/96/96 379/379/379
f 404/404/404 403/403/403 379/379/379
f 404/404/404 379/379/379 378/378/378
f 405/405/405 406/406/406 407/407/407
f 405/405/405 407/407/407 408/408/408
f 406/406/406 409/409/409 410/410/410
f 406/406/406 410/410/410 407/407/407
f 407/407/407 410/410/410 411/411/411
f 407/407/407 411/411/411 412/412/412
f 408/408/408 407/407/407 412/412/412
f 408/408/408 412/412/412 413/413/413
f 414/414/414 415/415/415 416/416/416
f 414/414/414 416/416/416 417/417/417
f 415/415/415 418/418/418 419/419/419
f 415/415/415 419/419/419 416/416/416
f 416/416/416 419/419/419 420/420/420
f 416/416/416 420/420/420 421/421/421
f 417/417/417 416/416/416 421/421/421
f 417/417/417 421/421/421 422/422/422
f 423/423/423 424/424/424 425/425/425
f 423/423/423 425/425/425 426/426/426
f 424/424/424 427/427/427 428/428/428
f 424/424/424 428/428/428 425/425/425
f 425/425/425 428/428/428 429/429/429
f 425/425/425 429/429/429 430/430/430
f 426/426/426 425/425/425 430/430/430
f 426/426/426 430/430/430 431/431/431
f 409/409/409 432/432/432 433/433/433
f 409/409/409 433/433/433 410/410/410
f 432/432/432 434/434/434 435/435/435
f 432/432/432 435/435/435 433/433/433
f 433/433/433 435/435/435 436/436/436
f 433/433/433 436/436/436 437/437/437
f 410/410/410 433/433/433 437/437/437
f 410/410/410 437/437/437 411/411/411
f 438/438/438 439/439/439 440/440/440
f 438/438/438 440/440/440 441/441/441
f 439/439/439 442/442/442 443/443/443
f 439/439/439 443/443/443 440/440/440
f 440/440/440 443/443/443 444/444/444
f 440/440/440 444/444/444 445/445/445
f 441/441/441 440/440/440 445/445/445
f 441/441/441 445/445/445 446/446/446
f 447/447/447 448/448/448 449/449/449
f 447/447/447 449/449/449 450/450/450
f 448/448/448 451/451/451 452/452/452
f 448/448/448 452/452/452 449/449/449
f 449/449/449 452/452/452 453/453/453
f 449/449/449 453/453/453 454/454/454
f 450/450/450 449/449/449 454/454/454
f 450/450/450 454/454/454 455/455/455
f 456/456/456 457/457/457 458/458/458
f 456/456/456 458/458/458 459/459/459
f 457/457/457 460/460/460 461/461/461
f 457/457/457 461/461/461 458/458/458
f 458/458/458 461/461/461 462/462/462
f 458/458/458 462/462/462 463/463/463
f 459/459/459 458/458/458 463/463/463
f 459/459/459 463/463/463 464/464/464
f 442/442/442 465/465/465 466/466/466
f 442/442/442 466/466/466 443/443/443
f 465/465/465 467/467/467 468/468/468
f 465/465/465 468/468/468 466/466/466
f 466/466/466 468/468/468 469/469/469
f 466/466/466 469/469/469 470/470/470
f 443/443/443 466/466/466 470/470/470
f 443/443/443 470/470/470 444/444/444
f 471/471/471 472/472/472 473/473/473
f 471/471/471 473/473/473 474/474/474
f 472/472/472 475/475/475 476/476/476
f 472/472/472 476/476/476 473/473/473
f 473/473/473 476/476/476 477/477/477
f 473/473/473 477/477/477 478/478/478
f 474/474/474 473/473/473 478/478/478
f 474/474/474 478/478/478 479/479/479
f 480/480/480 481/481/481 482/482/482
f 480/480/480 482/482/482 483/483/483
f 481/481/481 484/484/484 485/485/485
f 481/481/481 485/485/485 482/482/482
f 482/482/482 485/485/485 88/88/88
f 482/482/482 88/88/88 402/402/402
f 483/483/483 482/482/482 402/402/402
f 483/483/483 402/402/402 401/401/401
f 486/486/486 487/487/487 488/488/488
f 486/486/486 488/488/488 489/489/489
f 487/487/487 490/490/490 491/491/491
f 487/487/487 491/491/491 488/488/488
f 488/488/488 491/491/491 345/345/345
f 488/488/488 345/345/345 342/342/342
f 489/489/489 488/488/488 342/342/342
f 489/489/489 342/342/342 341/341/341
f 492/492/492 493/493/493 494/494/494
f 492/492/492 494/494/494 495/495/495
f 493/493/493 496/496/496 497/497/497
f 493/493/493 497/497/497 494/494/494
f 494/494/494 497/497/497 256/256/256
f 494/494/494 256/256/256 253/253/253
f 495/495/495 494/494/494 253/253/253
f 495/495/495 253/253/253 252/252/252
f 484/484/484 498/498/498 499/499/499
f 484/484/484 499/499/499 485/485/485
f 498/498/498 500/500/500 501/501/501
f 498/498/498 501/501/501 499/499/499
f 499/499/499 501/501/501 92/92/92
f 499/499/499 92/92/92 89/89/89
f 485/485/485 499/499/499 89/89/89
f 485/485/485 89/89/89 88/88/88
f 502/502/502 503/503/503 504/504/504
f 502/502/502 504/504/504 505/505/505
f 503/503/503 506/506/506 507/507/507
f 503/503/503 507/507/507 504/504/504
f 504/504/504 507/507/507 55/55/55
f 504/504/504 55/55/55 83/83/83
f 505/505/505 504/504/504 83/83/83
f 505/505/505 83/83/83 82/82/82
f 508/508/508 509/509/509 510/510/510
f 508/508/508 510/510/510 511/511/511
f 509/509/509 512/512/512 513/513/513
f 509/509/509 513/513/513 510/510/510
f 510/510/510 513/513/513 77/77/77
f 510/510/510 77/77/77 74/74/74
f 511/511/511 510/510/510 74/74/74
f 511/511/511 74/74/74 73/73/73
f 514/514/514 515/515/515 516/516/516
f 514/514/514 516/516/516 517/517/517
f 515/515/515 518/518/518 519/519/519
f 515/515/515 519/519/519 516/516/516
f 516/516/516 519/519/519 68/68/68
f 516/516/516 68/68/68 65/65/65
f 517/517/517 516/516/516 65/65/65
f 517/517/517 65/65/65 64/64/64
f 506/506/506 520/520/520 521/521/521
f 506/506/506 521/521/521 507/507/507
f 520/520/520 522/522/522 523/523/523
f 520/520/520 523/523/523 521/521/521
f 521/521/521 523/523/523 59/59/59
f 521/521/521 59/59/59 56/56/56
f 507/507/507 521/521/521 56/56/56
f 507/507/507 56/56/56 55/55/55
f 524/524/524 525/525/525 526/526/526
f 524/524/524 526/526/526 527/527/527
f 525/525/525 528/528/528 529/529/529
f 525/525/525 529/529/529 526/526/526
f 526/526/526 529/529/529 50/50/50
f 526/526/526 50/50/50 47/47/47
f 527/527/527 526/526/526 47/47/47
f 527/527/527 47/47/47 46/46/46
f 530/530/530 531/531/531 532/532/532
f 530/530/530 532/532/532 533/533/533
f 531/531/531 337/337/337 534/534/534
f 531/531/531 534/534/534 532/532/532
f 532/532/532 534/534/534 183/183/183
f 532/532/532 183/183/183 535/535/535
f 533/533/533 532/532/532 535/535/535
f 533/533/533 535/535/535 155/155/155
f 383/383/383 382/382/382 536/536/536
f 383/383/383 536/536/536 537/537/537
f 382/382/382 197/197/197 538/538/538
f 382/382/382 538/538/538 536/536/536
f 536/536/536 538/538/538 139/139/139
f 536/536/536 139/139/139 396/396/396
f 537/537/537 536/536/536 396/396/396
f 537/537/537 396/396/396 395/395/395
f 364/364/364 363/363/363 539/539/539
f 364/364/364 539/539/539 540/540/540
f 363/363/363 362/362/362 541/541/541
f 363/363/363 541/541/541 539/539/539
f 539/539/539 541/541/541 354/354/354
f 539/539/539 354/354/354 351/351/351
f 540/540/540 539/539/539 351/351/351
f 540/540/540 351/351/351 350/350/350
f 234/234/234 233/233/233 542/542/542
f 234/234/234 542/542/542 543/543/543
f 233/233/233 232/232/232 544/544/544
f 233/233/233 544/544/544 542/542/542
f 542/542/542 544/544/544 247/247/247
f 542/542/542 247/247/247 244/244/244
f 543/543/543 542/542/542 244/244/244
f 543/543/543 244/244/244 243/243/243
f 197/197/197 196/196/196 545/545/545
f 197/197/197 545/545/545 538/538/538
f 196/196/196 195/195/195 546/546/546
f 196/196/196 546/546/546 545/545/545
f 545/545/545 546/546/546 143/143/143
f 545/545/545 143/143/143 140/140/140
f 538/538/538 545/545/545 140/140/140
f 538/538/538 140/140/140 139/139/139
f 203/203/203 202/202/202 547/547/547
f 203/203/203 547/547/547 548/548/548
f 202/202/202 201/201/201 549/549/549
f 202/202/202 549/549/549 547/547/547
f 547/547/547 549/549/549 106/106/106
f 547/547/547 106/106/106 134/134/134
f 548/548/548 547/547/547 134/134/134
f 548/548/548 134/134/134 133/133/133
f 209/209/209 208/208/208 550/550/550
f 209/209/209 550/550/550 551/551/551
f 208/208/208 207/207/207 552/552/552
f 208/208/208 552/552/552 550/550/550
f 550/550/550 552/552/552 128/128/128
f 550/550/550 128/128/128 125/125/125
f 551/551/551 550/550/550 125/125/125
f 551/551/551 125/125/125 124/124/124
f 215/215/215 214/214/214 553/553/553
f 215/215/215 553/553/553 554/554/554
f 214/214/214 213/213/213 555/555/555
f 214/214/214 555/555/555 553/553/553
f 553/553/553 555/555/555 119/119/119
f 553/553/553 119/119/119 116/116/116
f 554/554/554 553/553/553 116/116/116
f 554/554/554 116/116/116 115/115/115
f 201/201/201 219/219/219 556/556/556
f 201/201/201 556/556/556 549/549/549
f 219/219/219 218/218/218 557/557/557
f 219/219/219 557/557/557 556/556/556
f 556/556/556 557/557/557 110/110/110
f 556/556/556 110/110/110 107/107/107
f 549/549/549 556/556/556 107/107/107
f 549/549/549 107/107/107 106/106/106
f 225/225/225 224/224/224 558/558/558
f 225/225/225 558/558/558 559/559/559
f 224/224/224 223/223/223 560/560/560
f 224/224/224 560/560/560 558/558/558
f 558/558/558 560/560/560 101/101/101
f 558/558/558 101/101/101 98/98/98
f 559/559/559 558/558/558 98/98/98
f 559/559/559 98/98/98 97/97/97
f 207/207/207 561/561/561 562/562/562
f 207/207/207 562/562/562 552/552/552
f 561/561/561 215/215/215 554/554/554
f 561/561/561 554/554/554 562/562/562
f 562/562/562 554/554/554 115/115/115
f 562/562/562 115/115/115 563/563/563
f 552/552/552 562/562/562 563/563/563
f 552/552/552 563/563/563 128/128/128
f 512/512/512 564/564/564 565/565/565
f 512/512/512 565/565/565 513/513/513
f 564/564/564 514/514/514 517/517/517
f 564/564/564 517/517/517 565/565/565
f 565/565/565 517/517/517 64/64/64
f 565/565/565 64/64/64 566/566/566
f 513/513/513 565/565/565 566/566/566
f 513/513/513 566/566/566 77/77/77
f 451/451/451 567/567/567 568/568/568
f 451/451/451 568/568/568 452/452/452
f 567/567/567 456/456/456 459/459/459
f 567/567/567 459/459/459 568/568/568
f 568/568/568 459/459/459 464/464/464
f 568/568/568 464/464/464 569/569/569
f 452/452/452 568/568/568 569/569/569
f 452/452/452 569/569/569 453/453/453
f 295/295/295 570/570/570 571/571/571
f 295/295/295 571/571/571 296/296/296
f 570/570/570 282/282/282 285/285/285
f 570/570/570 285/285/285 571/571/571
f 571/571/571 285/285/285 290/290/290
f 571/571/571 290/290/290 572/572/572
f 296/296/296 571/571/571 572/572/572
f 296/296/296 572/572/572 297/297/297
f 79/79/79 573/573/573 574/574/574
f 79/79/79 574/574/574 206/206/206
f 573/573/573 72/72/72 211/211/211
f 573/573/573 211/211/211 574/574/574
f 574/574/574 211/211/211 215/215/215
f 574/574/574 215/215/215 561/561/561
f 206/206/206 574/574/574 561/561/561
f 206/206/206 561/561/561 207/207/207
f 152/152/152 575/575/575 576/576/576
f 152/152/152 576/576/576 153/153/153
f 575/575/575 156/156/156 159/159/159
f 575/575/575 159/159/159 576/576/576
f 576/576/576 159/159/159 36/36/36
f 576/576/576 36/36/36 35/35/35
f 153/153/153 576/576/576 35/35/35
f 153/153/153 35/35/35 34/34/34
f 128/128/128 563/563/563 577/577/577
f 128/128/128 577/577/577 129/129/129
f 563/563/563 115/115/115 118/118/118
f 563/563/563 118/118/118 577/577/577
f 577/577/577 118/118/118 123/123/123
f 577/577/577 123/123/123 578/578/578
f 129/129/129 577/577/577 578/578/578
f 129/129/129 578/578/578 130/130/130
f 77/77/77 566/566/566 579/579/579
f 77/77/77 579/579/579 78/78/78
f 566/566/566 64/64/64 67/67/67
f 566/566/566 67/67/67 579/579/579
f 579/579/579 67/67/67 72/72/72
f 579/579/579 72/72/72 573/573/573
f 78/78/78 579/579/579 573/573/573
f 78/78/78 573/573/573 79/79/79
f 23/23/23 580/580/580 581/581/581
f 23/23/23 581/581/581 24/24/24
f 580/580/580 28/28/28 31/31/31
f 580/580/580 31/31/31 581/581/581
f 581/581/581 31/31/31 36/36/36
f 581/581/581 36/36/36 162/162/162
f 24/24/24 581/581/581 162/162/162
f 24/24/24 162/162/162 25/25/25
f 218/218/218 582/582/582 583/583/583
f 218/218/218 583/583/583 557/557/557
f 582/582/582 584/584/584 585/585/585
f 582/582/582 585/585/585 583/583/583
f 583/583/583 585/585/585 586/586/586
f 583/583/583 586/586/586 587/587/587
f 557/557/557 583/583/583 587/587/587
f 557/557/557 587/587/587 110/110/110
f 522/522/522 588/588/588 589/589/589
f 522/522/522 589/589/589 523/523/523
f 588/588/588 590/590/590 591/591/591
f 588/588/588 591/591/591 589/589/589
f 589/589/589 591/591/591 592/592/592
f 589/589/589 592/592/592 593/593/593
f 523/523/523 589/589/589 593/593/593
f 523/523/523 593/593/593 59/59/59
f 467/467/467 594/594/594 595/595/595
f 467/467/467 595/595/595 468/468/468
f 594/594/594 596/596/596 597/597/597
f 594/594/594 597/597/597 595/595/595
f 595/595/595 597/597/597 598/598/598
f 595/595/595 598/598/598 599/599/599
f 468/468/468 595/595/595 599/599/599
f 468/468/468 599/599/599 469/469/469
f 277/277/277 600/600/600 601/601/601
f 277/277/277 601/601/601 278/278/278
f 600/600/600 602/602/602 603/603/603
f 600/600/600 603/603/603 601/601/601
f 601/601/601 603/603/603 604/604/604
f 601/601/601 604/604/604 605/605/605
f 278/278/278 601/601/601 605/605/605
f 278/278/278 605/605/605 279/279/279
f 61/61/61 606/606/606 607/607/607
f 61/61/61 607/607/607 217/217/217
f 606/606/606 608/608/608 609/609/609
f 606/606/606 609/609/609 607/607/607
f 607/607/607 609/609/609 584/584/584
f 607/607/607 584/584/584 582/582/582
f 217/217/217 607/607/607 582/582/582
f 217/217/217 582/582/582 218/218/218
f 610/610/610 611/611/611 612/612/612
f 610/610/610 612/612/612 613/613/613
f 611/611/611 186/186/186 189/189/189
f 611/611/611 189/189/189 612/612/612
f 612/612/612 189/189/189 191/191/191
f 612/612/612 191/191/191 614/614/614
f 613/613/613 612/612/612 614/614/614
f 613/613/613 614/614/614 27/27/27
f 110/110/110 587/587/587 615/615/615
f 110/110/110 615/615/615 111/111/111
f 587/587/587 586/586/586 616/616/616
f 587/587/587 616/616/616 615/615/615
f 615/615/615 616/616/616 617/617/617
f 615/615/615 617/617/617 618/618/618
f 111/111/111 615/615/615 618/618/618
f 111/111/111 618/618/618 112/112/112
f 59/59/59 593/593/593 619/619/619
f 59/59/59 619/619/619 60/60/60
f 593/593/593 592/592/592 620/620/620
f 593/593/593 620/620/620 619/619/619
f 619/619/619 620/620/620 608/608/608
f 619/619/619 608/608/608 606/606/606
f 60/60/60 619/619/619 606/606/606
f 60/60/60 606/606/606 61/61/61
f 41/41/41 621/621/621 622/622/622
f 41/41/41 622/622/622 42/42/42
f 621/621/621 623/623/623 624/624/624
f 621/621/621 624/624/624 622/622/622
f 622/622/622 624/624/624 191/191/191
f 622/622/622 191/191/191 190/190/190
f 42/42/42 622/622/622 190/190/190
f 42/42/42 190/190/190 43/43/43
f 279/279/279 605/605/605 625/625/625
f 279/279/279 625/625/625 626/626/626
f 605/605/605 604/604/604 627/627/627
f 605/605/605 627/627/627 625/625/625
f 625/625/625 627/627/627 596/596/596
f 625/625/625 596/596/596 594/594/594
f 626/626/626 625/625/625 594/594/594
f 626/626/626 594/594/594 467/467/467
f 297/297/297 572/572/572 628/628/628
f 297/297/297 628/628/628 629/629/629
f 572/572/572 290/290/290 630/630/630
f 572/572/572 630/630/630 628/628/628
f 628/628/628 630/630/630 456/456/456
f 628/628/628 456/456/456 567/567/567
f 629/629/629 628/628/628 567/567/567
f 629/629/629 567/567/567 451/451/451
f 272/272/272 271/271/271 631/631/631
f 272/272/272 631/631/631 632/632/632
f 271/271/271 270/270/270 633/633/633
f 271/271/271 633/633/633 631/631/631
f 631/631/631 633/633/633 475/475/475
f 631/631/631 475/475/475 472/472/472
f 632/632/632 631/631/631 472/472/472
f 632/632/632 472/472/472 471/471/471
f 281/281/281 280/280/280 634/634/634
f 281/281/281 634/634/634 635/635/635
f 280/280/280 279/279/279 626/626/626
f 280/280/280 626/626/626 634/634/634
f 634/634/634 626/626/626 467/467/467
f 634/634/634 467/467/467 465/465/465
f 635/635/635 634/634/634 465/465/465
f 635/635/635 465/465/465 442/442/442
f 290/290/290 289/289/289 636/636/636
f 290/290/290 636/636/636 630/630/630
f 289/289/289 288/288/288 637/637/637
f 289/289/289 637/637/637 636/636/636
f 636/636/636 637/637/637 460/460/460
f 636/636/636 460/460/460 457/457/457
f 630/630/630 636/636/636 457/457/457
f 630/630/630 457/457/457 456/456/456
f 299/299/299 298/298/298 638/638/638
f 299/299/299 638/638/638 639/639/639
f 298/298/298 297/297/297 629/629/629
f 298/298/298 629/629/629 638/638/638
f 638/638/638 629/629/629 451/451/451
f 638/638/638 451/451/451 448/448/448
f 639/639/639 638/638/638 448/448/448
f 639/639/639 448/448/448 447/447/447
f 323/323/323 322/322/322 640/640/640
f 323/323/323 640/640/640 641/641/641
f 322/322/322 281/281/281 635/635/635
f 322/322/322 635/635/635 640/640/640
f 640/640/640 635/635/635 442/442/442
f 640/640/640 442/442/442 439/439/439
f 641/641/641 640/640/640 439/439/439
f 641/641/641 439/439/439 438/438/438
f 317/317/317 316/316/316 642/642/642
f 317/317/317 642/642/642 643/643/643
f 316/316/316 315/315/315 644/644/644
f 316/316/316 644/644/644 642/642/642
f 642/642/642 644/644/644 434/434/434
f 642/642/642 434/434/434 432/432/432
f 643/643/643 642/642/642 432/432/432
f 643/643/643 432/432/432 409/409/409
f 308/308/308 307/307/307 645/645/645
f 308/308/308 645/645/645 646/646/646
f 307/307/307 306/306/306 647/647/647
f 307/307/307 647/647/647 645/645/645
f 645/645/645 647/647/647 427/427/427
f 645/645/645 427/427/427 424/424/424
f 646/646/646 645/645/645 424/424/424
f 646/646/646 424/424/424 423/423/423
f 332/332/332 331/331/331 648/648/648
f 332/332/332 648/648/648 649/649/649
f 331/331/331 330/330/330 650/650/650
f 331/331/331 650/650/650 648/648/648
f 648/648/648 650/650/650 418/418/418
f 648/648/648 418/418/418 415/415/415
f 649/649/649 648/648/648 415/415/415
f 649/649/649 415/415/415 414/414/414
f 377/377/377 376/376/376 651/651/651
f 377/377/377 651/651/651 652/652/652
f 376/376/376 317/317/317 643/643/643
f 376/376/376 643/643/643 651/651/651
f 651/651/651 643/643/643 409/409/409
f 651/651/651 409/409/409 406/406/406
f 652/652/652 651/651/651 406/406/406
f 652/652/652 406/406/406 405/405/405
f 264/264/264 653/653/653 654/654/654
f 264/264/264 654/654/654 655/655/655
f 653/653/653 286/286/286 656/656/656
f 653/653/653 656/656/656 654/654/654
f 654/654/654 656/656/656 657/657/657
f 654/654/654 657/657/657 658/658/658
f 655/655/655 654/654/654 658/658/658
f 655/655/655 658/658/658 659/659/659
f 291/291/291 660/660/660 661/661/661
f 291/291/291 661/661/661 662/662/662
f 660/660/660 602/602/602 663/663/663
f 660/660/660 663/663/663 661/661/661
f 661/661/661 663/663/663 664/664/664
f 661/661/661 664/664/664 665/665/665
f 662/662/662 661/661/661 665/665/665
f 662/662/662 665/665/665 666/666/666
f 324/324/324 667/667/667 668/668/668
f 324/324/324 668/668/668 669/669/669
f 667/667/667 313/313/313 670/670/670
f 667/667/667 670/670/670 668/668/668
f 668/668/668 670/670/670 671/671/671
f 668/668/668 671/671/671 672/672/672
f 669/669/669 668/668/668 672/672/672
f 669/669/669 672/672/672 673/673/673
f 300/300/300 674/674/674 675/675/675
f 300/300/300 675/675/675 676/676/676
f 674/674/674 328/328/328 677/677/677
f 674/674/674 677/677/677 675/675/675
f 675/675/675 677/677/677 678/678/678
f 675/675/675 678/678/678 679/679/679
f 676/676/676 675/675/675 679/679/679
f 676/676/676 679/679/679 680/680/680
f 277/277/277 274/274/274 681/681/681
f 277/277/277 681/681/681 682/682/682
f 274/274/274 273/273/273 683/683/683
f 274/274/274 683/683/683 681/681/681
f 681/681/681 683/683/683 684/684/684
f 681/681/681 684/684/684 685/685/685
f 682/682/682 681/681/681 685/685/685
f 682/682/682 685/685/685 686/686/686
f 687/687/687 688/688/688 689/689/689
f 687/687/687 689/689/689 690/690/690
f 688/688/688 268/268/268 691/691/691
f 688/688/688 691/691/691 689/689/689
f 689/689/689 691/691/691 692/692/692
f 689/689/689 692/692/692 693/693/693
f 690/690/690 689/689/689 693/693/693
f 690/690/690 693/693/693 694/694/694
f 313/313/313 310/310/310 695/695/695
f 313/313/313 695/695/695 670/670/670
f 310/310/310 309/309/309 696/696/696
f 310/310/310 696/696/696 695/695/695
f 695/695/695 696/696/696 697/697/697
f 695/695/695 697/697/697 698/698/698
f 670/670/670 695/695/695 698/698/698
f 670/670/670 698/698/698 671/671/671
f 282/282/282 570/570/570 699/699/699
f 282/282/282 699/699/699 700/700/700
f 570/570/570 295/295/295 701/701/701
f 570/570/570 701/701/701 699/699/699
f 699/699/699 701/701/701 702/702/702
f 699/699/699 702/702/702 703/703/703
f 700/700/700 699/699/699 703/703/703
f 700/700/700 703/703/703 704/704/704
f 318/318/318 705/705/705 706/706/706
f 318/318/318 706/706/706 707/707/707
f 705/705/705 304/304/304 708/708/708
f 705/705/705 708/708/708 706/706/706
f 706/706/706 708/708/708 709/709/709
f 706/706/706 709/709/709 710/710/710
f 707/707/707 706/706/706 710/710/710
f 707/707/707 710/710/710 711/711/711
f 286/286/286 283/283/283 712/712/712
f 286/286/286 712/712/712 656/656/656
f 283/283/283 282/282/282 700/700/700
f 283/283/283 700/700/700 712/712/712
f 712/712/712 700/700/700 704/704/704
f 712/712/712 704/704/704 713/713/713
f 656/656/656 712/712/712 713/713/713
f 656/656/656 713/713/713 657/657/657
f 602/602/602 600/600/600 714/714/714
f 602/602/602 714/714/714 663/663/663
f 600/600/600 277/277/277 682/682/682
f 600/600/600 682/682/682 714/714/714
f 714/714/714 682/682/682 686/686/686
f 714/714/714 686/686/686 715/715/715
f 663/663/663 714/714/714 715/715/715
f 663/663/663 715/715/715 664/664/664
f 469/469/469 599/599/599 716/716/716
f 469/469/469 716/716/716 717/717/717
f 599/599/599 598/598/598 718/718/718
f 599/599/599 718/718/718 716/716/716
f 716/716/716 718/718/718 590/590/590
f 716/716/716 590/590/590 588/588/588
f 717/717/717 716/716/716 588/588/588
f 717/717/717 588/588/588 522/522/522
f 453/453/453 569/569/569 719/719/719
f 453/453/453 719/719/719 720/720/720
f 569/569/569 464/464/464 721/721/721
f 569/569/569 721/721/721 719/719/719
f 719/719/719 721/721/721 514/514/514
f 719/719/719 514/514/514 564/564/564
f 720/720/720 719/719/719 564/564/564
f 720/720/720 564/564/564 512/512/512
f 479/479/479 478/478/478 722/722/722
f 479/479/479 722/722/722 723/723/723
f 478/478/478 477/477/477 724/724/724
f 478/478/478 724/724/724 722/722/722
f 722/722/722 724/724/724 528/528/528
f 722/722/722 528/528/528 525/525/525
f 723/723/723 722/722/722 525/525/525
f 723/723/723 525/525/525 524/524/524
f 444/444/444 470/470/470 725/725/725
f 444/444/444 725/725/725 726/726/726
f 470/470/470 469/469/469 717/717/717
f 470/470/470 717/717/717 725/725/725
f 725/725/725 717/717/717 522/522/522
f 725/725/725 522/522/522 520/520/520
f 726/726/726 725/725/725 520/520/520
f 726/726/726 520/520/520 506/506/506
f 464/464/464 463/463/463 727/727/727
f 464/464/464 727/727/727 721/721/721
f 463/463/463 462/462/462 728/728/728
f 463/463/463 728/728/728 727/727/727
f 727/727/727 728/728/728 518/518/518
f 727/727/727 518/518/518 515/515/515
f 721/721/721 727/727/727 515/515/515
f 721/721/721 515/515/515 514/514/514
f 455/455/455 454/454/454 729/729/729
f 455/455/455 729/729/729 730/730/730
f 454/454/454 453/453/453 720/720/720
f 454/454/454 720/720/720 729/729/729
f 729/729/729 720/720/720 512/512/512
f 729/729/729 512/512/512 509/509/509
f 730/730/730 729/729/729 509/509/509
f 730/730/730 509/509/509 508/508/508
f 446/446/446 445/445/445 731/731/731
f 446/446/446 731/731/731 732/732/732
f 445/445/445 444/444/444 726/726/726
f 445/445/445 726/726/726 731/731/731
f 731/731/731 726/726/726 506/506/506
f 731/731/731 506/506/506 503/503/503
f 732/732/732 731/731/731 503/503/503
f 732/732/732 503/503/503 502/502/502
f 411/411/411 437/437/437 733/733/733
f 411/411/411 733/733/733 734/734/734
f 437/437/437 436/436/436 735/735/735
f 437/437/437 735/735/735 733/733/733
f 733/733/733 735/735/735 500/500/500
f 733/733/733 500/500/500 498/498/498
f 734/734/734 733/733/733 498/498/498
f 734/734/734 498/498/498 484/484/484
f 431/431/431 430/430/430 736/736/736
f 431/431/431 736/736/736 737/737/737
f 430/430/430 429/429/429 738/738/738
f 430/430/430 738/738/738 736/736/736
f 736/736/736 738/738/738 496/496/496
f 736/736/736 496/496/496 493/493/493
f 737/737/737 736/736/736 493/493/493
f 737/737/737 493/493/493 492/492/492
f 422/422/422 421/421/421 739/739/739
f 422/422/422 739/739/739 740/740/740
f 421/421/421 420/420/420 741/741/741
f 421/421/421 741/741/741 739/739/739
f 739/739/739 741/741/741 490/490/490
f 739/739/739 490/490/490 487/487/487
f 740/740/740 739/739/739 487/487/487
f 740/740/740 487/487/487 486/486/486
f 413/413/413 412/412/412 742/742/742
f 413/413/413 742/742/742 743/743/743
f 412/412/412 411/411/411 734/734/734
f 412/412/412 734/734/734 742/742/742
f 742/742/742 734/734/734 484/484/484
f 742/742/742 484/484/484 481/481/481
f 743/743/743 742/742/742 481/481/481
f 743/743/743 481/481/481 480/480/480
f 598/598/598 744/744/744 745/745/745
f 598/598/598 745/745/745 718/718/718
f 744/744/744 455/455/455 730/730/730
f 744/744/744 730/730/730 745/745/745
f 745/745/745 730/730/730 508/508/508
f 745/745/745 508/508/508 746/746/746
f 718/718/718 745/745/745 746/746/746
f 718/718/718 746/746/746 590/590/590
f 295/295/295 292/292/292 747/747/747
f 295/295/295 747/747/747 701/701/701
f 292/292/292 291/291/291 662/662/662
f 292/292/292 662/662/662 747/747/747
f 747/747/747 662/662/662 666/666/666
f 747/747/747 666/666/666 748/748/748
f 701/701/701 747/747/747 748/748/748
f 701/701/701 748/748/748 702/702/702
f 604/604/604 749/749/749 750/750/750
f 604/604/604 750/750/750 627/627/627
f 749/749/749 299/299/299 639/639/639
f 749/749/749 639/639/639 750/750/750
f 750/750/750 639/639/639 447/447/447
f 750/750/750 447/447/447 751/751/751
f 627/627/627 750/750/750 751/751/751
f 627/627/627 751/751/751 596/596/596
f 160/160/160 752/752/752 753/753/753
f 160/160/160 753/753/753 161/161/161
f 752/752/752 610/610/610 613/613/613
f 752/752/752 613/613/613 753/753/753
f 753/753/753 613/613/613 27/27/27
f 753/753/753 27/27/27 26/26/26
f 161/161/161 753/753/753 26/26/26
f 161/161/161 26/26/26 25/25/25
f 584/584/584 754/754/754 755/755/755
f 584/584/584 755/755/755 585/585/585
f 754/754/754 209/209/209 551/551/551
f 754/754/754 551/551/551 755/755/755
f 755/755/755 551/551/551 124/124/124
f 755/755/755 124/124/124 756/756/756
f 585/585/585 755/755/755 756/756/756
f 585/585/585 756/756/756 586/586/586
f 590/590/590 746/746/746 757/757/757
f 590/590/590 757/757/757 591/591/591
f 746/746/746 508/508/508 511/511/511
f 746/746/746 511/511/511 757/757/757
f 757/757/757 511/511/511 73/73/73
f 757/757/757 73/73/73 758/758/758
f 591/591/591 757/757/757 758/758/758
f 591/591/591 758/758/758 592/592/592
f 596/596/596 751/751/751 759/759/759
f 596/596/596 759/759/759 597/597/597
f 751/751/751 447/447/447 450/450/450
f 751/751/751 450/450/450 759/759/759
f 759/759/759 450/450/450 455/455/455
f 759/759/759 455/455/455 744/744/744
f 597/597/597 759/759/759 744/744/744
f 597/597/597 744/744/744 598/598/598
f 602/602/602 660/660/660 760/760/760
f 602/602/602 760/760/760 603/603/603
f 660/660/660 291/291/291 294/294/294
f 660/660/660 294/294/294 760/760/760
f 760/760/760 294/294/294 299/299/299
f 760/760/760 299/299/299 749/749/749
f 603/603/603 760/760/760 749/749/749
f 603/603/603 749/749/749 604/604/604
f 608/608/608 761/761/761 762/762/762
f 608/608/608 762/762/762 609/609/609
f 761/761/761 81/81/81 205/205/205
f 761/761/761 205/205/205 762/762/762
f 762/762/762 205/205/205 209/209/209
f 762/762/762 209/209/209 754/754/754
f 609/609/609 762/762/762 754/754/754
f 609/609/609 754/754/754 584/584/584
f 586/586/586 756/756/756 763/763/763
f 586/586/586 763/763/763 616/616/616
f 756/756/756 124/124/124 127/127/127
f 756/756/756 127/127/127 763/763/763
f 763/763/763 127/127/127 132/132/132
f 763/763/763 132/132/132 764/764/764
f 616/616/616 763/763/763 764/764/764
f 616/616/616 764/764/764 617/617/617
f 592/592/592 758/758/758 765/765/765
f 592/592/592 765/765/765 620/620/620
f 758/758/758 73/73/73 76/76/76
f 758/758/758 76/76/76 765/765/765
f 765/765/765 76/76/76 81/81/81
f 765/765/765 81/81/81 761/761/761
f 620/620/620 765/765/765 761/761/761
f 620/620/620 761/761/761 608/608/608
f 623/623/623 766/766/766 767/767/767
f 623/623/623 767/767/767 624/624/624
f 766/766/766 19/19/19 22/22/22
f 766/766/766 22/22/22 767/767/767
f 767/767/767 22/22/22 27/27/27
f 767/767/767 27/27/27 614/614/614
f 624/624/624 767/767/767 614/614/614
f 624/624/624 614/614/614 191/191/191
f 477/477/477 768/768/768 769/769/769
f 477/477/477 769/769/769 724/724/724
f 768/768/768 770/770/770 771/771/771
f 768/768/768 771/771/771 769/769/769
f 769/769/769 771/771/771 772/772/772
f 769/769/769 772/772/772 773/773/773
f 724/724/724 769/769/769 773/773/773
f 724/724/724 773/773/773 528/528/528
f 372/372/372 774/774/774 775/775/775
f 372/372/372 775/775/775 776/776/776
f 774/774/774 687/687/687 690/690/690
f 774/774/774 690/690/690 775/775/775
f 775/775/775 690/690/690 694/694/694
f 775/775/775 694/694/694 777/777/777
f 776/776/776 775/775/775 777/777/777
f 776/776/776 777/777/777 778/778/778
f 270/270/270 779/779/779 780/780/780
f 270/270/270 780/780/780 633/633/633
f 779/779/779 781/781/781 782/782/782
f 779/779/779 782/782/782 780/780/780
f 780/780/780 782/782/782 783/783/783
f 780/780/780 783/783/783 784/784/784
f 633/633/633 780/780/780 784/784/784
f 633/633/633 784/784/784 475/475/475
f 223/223/223 785/785/785 786/786/786
f 223/223/223 786/786/786 560/560/560
f 785/785/785 787/787/787 788/788/788
f 785/785/785 788/788/788 786/786/786
f 786/786/786 788/788/788 789/789/789
f 786/786/786 789/789/789 790/790/790
f 560/560/560 786/786/786 790/790/790
f 560/560/560 790/790/790 101/101/101
f 528/528/528 773/773/773 791/791/791
f 528/528/528 791/791/791 529/529/529
f 773/773/773 772/772/772 792/792/792
f 773/773/773 792/792/792 791/791/791
f 791/791/791 792/792/792 793/793/793
f 791/791/791 793/793/793 794/794/794
f 529/529/529 791/791/791 794/794/794
f 529/529/529 794/794/794 50/50/50
f 475/475/475 784/784/784 795/795/795
f 475/475/475 795/795/795 476/476/476
f 784/784/784 783/783/783 796/796/796
f 784/784/784 796/796/796 795/795/795
f 795/795/795 796/796/796 770/770/770
f 795/795/795 770/770/770 768/768/768
f 476/476/476 795/795/795 768/768/768
f 476/476/476 768/768/768 477/477/477
f 50/50/50 794/794/794 797/797/797
f 50/50/50 797/797/797 51/51/51
f 794/794/794 793/793/793 798/798/798
f 794/794/794 798/798/798 797/797/797
f 797/797/797 798/798/798 799/799/799
f 797/797/797 799/799/799 800/800/800
f 51/51/51 797/797/797 800/800/800
f 51/51/51 800/800/800 52/52/52
f 101/101/101 790/790/790 801/801/801
f 101/101/101 801/801/801 102/102/102
f 790/790/790 789/789/789 802/802/802
f 790/790/790 802/802/802 801/801/801
f 801/801/801 802/802/802 340/340/340
f 801/801/801 340/340/340 339/339/339
f 102/102/102 801/801/801 339/339/339
f 102/102/102 339/339/339 103/103/103
f 52/52/52 800/800/800 803/803/803
f 52/52/52 803/803/803 222/222/222
f 800/800/800 799/799/799 804/804/804
f 800/800/800 804/804/804 803/803/803
f 803/803/803 804/804/804 787/787/787
f 803/803/803 787/787/787 785/785/785
f 222/222/222 803/803/803 785/785/785
f 222/222/222 785/785/785 223/223/223
f 268/268/268 688/688/688 805/805/805
f 268/268/268 805/805/805 269/269/269
f 688/688/688 687/687/687 806/806/806
f 688/688/688 806/806/806 805/805/805
f 805/805/805 806/806/806 781/781/781
f 805/805/805 781/781/781 779/779/779
f 269/269/269 805/805/805 779/779/779
f 269/269/269 779/779/779 270/270/270
f 807/807/807 808/808/808 809/809/809
f 807/807/807 809/809/809 810/810/810
f 808/808/808 333/333/333 336/336/336
f 808/808/808 336/336/336 809/809/809
f 809/809/809 336/336/336 340/340/340
f 809/809/809 340/340/340 811/811/811
f 810/810/810 809/809/809 811/811/811
f 810/810/810 811/811/811 400/400/400
f 812/812/812 813/813/813 814/814/814
f 812/812/812 814/814/814 815/815/815
f 813/813/813 177/177/177 180/180/180
f 813/813/813 180/180/180 814/814/814
f 814/814/814 180/180/180 185/185/185
f 814/814/814 185/185/185 816/816/816
f 815/815/815 814/814/814 816/816/816
f 815/815/815 816/816/816 817/817/817
f 420/420/420 818/818/818 819/819/819
f 420/420/420 819/819/819 741/741/741
f 818/818/818 431/431/431 737/737/737
f 818/818/818 737/737/737 819/819/819
f 819/819/819 737/737/737 492/492/492
f 819/819/819 492/492/492 820/820/820
f 741/741/741 819/819/819 820/820/820
f 741/741/741 820/820/820 490/490/490
f 304/304/304 301/301/301 821/821/821
f 304/304/304 821/821/821 708/708/708
f 301/301/301 300/300/300 676/676/676
f 301/301/301 676/676/676 821/821/821
f 821/821/821 676/676/676 680/680/680
f 821/821/821 680/680/680 822/822/822
f 708/708/708 821/821/821 822/822/822
f 708/708/708 822/822/822 709/709/709
f 330/330/330 823/823/823 824/824/824
f 330/330/330 824/824/824 650/650/650
f 823/823/823 308/308/308 646/646/646
f 823/823/823 646/646/646 824/824/824
f 824/824/824 646/646/646 423/423/423
f 824/824/824 423/423/423 825/825/825
f 650/650/650 824/824/824 825/825/825
f 650/650/650 825/825/825 418/418/418
f 362/362/362 826/826/826 827/827/827
f 362/362/362 827/827/827 541/541/541
f 826/826/826 234/234/234 543/543/543
f 826/826/826 543/543/543 827/827/827
f 827/827/827 543/543/543 243/243/243
f 827/827/827 243/243/243 828/828/828
f 541/541/541 827/827/827 828/828/828
f 541/541/541 828/828/828 354/354/354
f 490/490/490 820/820/820 829/829/829
f 490/490/490 829/829/829 491/491/491
f 820/820/820 492/492/492 495/495/495
f 820/820/820 495/495/495 829/829/829
f 829/829/829 495/495/495 252/252/252
f 829/829/829 252/252/252 830/830/830
f 491/491/491 829/829/829 830/830/830
f 491/491/491 830/830/830 345/345/345
f 418/418/418 825/825/825 831/831/831
f 418/418/418 831/831/831 419/419/419
f 825/825/825 423/423/423 426/426/426
f 825/825/825 426/426/426 831/831/831
f 831/831/831 426/426/426 431/431/431
f 831/831/831 431/431/431 818/818/818
f 419/419/419 831/831/831 818/818/818
f 419/419/419 818/818/818 420/420/420
f 239/239/239 832/832/832 833/833/833
f 239/239/239 833/833/833 240/240/240
f 832/832/832 365/365/365 368/368/368
f 832/832/832 368/368/368 833/833/833
f 833/833/833 368/368/368 9/9/9
f 833/833/833 9/9/9 8/8/8
f 240/240/240 833/833/833 8/8/8
f 240/240/240 8/8/8 7/7/7
f 328/328/328 674/674/674 834/834/834
f 328/328/328 834/834/834 329/329/329
f 674/674/674 300/300/300 303/303/303
f 674/674/674 303/303/303 834/834/834
f 834/834/834 303/303/303 308/308/308
f 834/834/834 308/308/308 823/823/823
f 329/329/329 834/834/834 823/823/823
f 329/329/329 823/823/823 330/330/330
f 345/345/345 830/830/830 835/835/835
f 345/345/345 835/835/835 346/346/346
f 830/830/830 252/252/252 255/255/255
f 830/830/830 255/255/255 835/835/835
f 835/835/835 255/255/255 226/226/226
f 835/835/835 226/226/226 836/836/836
f 346/346/346 835/835/835 836/836/836
f 346/346/346 836/836/836 347/347/347
f 354/354/354 828/828/828 837/837/837
f 354/354/354 837/837/837 355/355/355
f 828/828/828 243/243/243 246/246/246
f 828/828/828 246/246/246 837/837/837
f 837/837/837 246/246/246 251/251/251
f 837/837/837 251/251/251 838/838/838
f 355/355/355 837/837/837 838/838/838
f 355/355/355 838/838/838 356/356/356
f 347/347/347 836/836/836 839/839/839
f 347/347/347 839/839/839 361/361/361
f 836/836/836 226/226/226 229/229/229
f 836/836/836 229/229/229 839/839/839
f 839/839/839 229/229/229 234/234/234
f 839/839/839 234/234/234 826/826/826
f 361/361/361 839/839/839 826/826/826
f 361/361/361 826/826/826 362/362/362
f 14/14/14 840/840/840 841/841/841
f 14/14/14 841/841/841 15/15/15
f 840/840/840 1/1/1 4/4/4
f 840/840/840 4/4/4 841/841/841
f 841/841/841 4/4/4 9/9/9
f 841/841/841 9/9/9 371/371/371
f 15/15/15 841/841/841 371/371/371
f 15/15/15 371/371/371 16/16/16
f 462/462/462 842/842/842 843/843/843
f 462/462/462 843/843/843 728/728/728
f 842/842/842 479/479/479 723/723/723
f 842/842/842 723/723/723 843/843/843
f 843/843/843 723/723/723 524/524/524
f 843/843/843 524/524/524 844/844/844
f 728/728/728 843/843/843 844/844/844
f 728/728/728 844/844/844 518/518/518
f 268/268/268 265/265/265 845/845/845
f 268/268/268 845/845/845 691/691/691
f 265/265/265 264/264/264 655/655/655
f 265/265/265 655/655/655 845/845/845
f 845/845/845 655/655/655 659/659/659
f 845/845/845 659/659/659 846/846/846
f 691/691/691 845/845/845 846/846/846
f 691/691/691 846/846/846 692/692/692
f 288/288/288 847/847/847 848/848/848
f 288/288/288 848/848/848 637/637/637
f 847/847/847 272/272/272 632/632/632
f 847/847/847 632/632/632 848/848/848
f 848/848/848 632/632/632 471/471/471
f 848/848/848 471/471/471 849/849/849
f 637/637/637 848/848/848 849/849/849
f 637/637/637 849/849/849 460/460/460
f 213/213/213 850/850/850 851/851/851
f 213/213/213 851/851/851 555/555/555
f 850/850/850 225/225/225 559/559/559
f 850/850/850 559/559/559 851/851/851
f 851/851/851 559/559/559 97/97/97
f 851/851/851 97/97/97 852/852/852
f 555/555/555 851/851/851 852/852/852
f 555/555/555 852/852/852 119/119/119
f 32/32/32 853/853/853 854/854/854
f 32/32/32 854/854/854 33/33/33
f 853/853/853 530/530/530 533/533/533
f 853/853/853 533/533/533 854/854/854
f 854/854/854 533/533/533 155/155/155
f 854/854/854 155/155/155 154/154/154
f 33/33/33 854/854/854 154/154/154
f 33/33/33 154/154/154 34/34/34
f 518/518/518 844/844/844 855/855/855
f 518/518/518 855/855/855 519/519/519
f 844/844/844 524/524/524 527/527/527
f 844/844/844 527/527/527 855/855/855
f 855/855/855 527/527/527 46/46/46
f 855/855/855 46/46/46 856/856/856
f 519/519/519 855/855/855 856/856/856
f 519/519/519 856/856/856 68/68/68
f 460/460/460 849/849/849 857/857/857
f 460/460/460 857/857/857 461/461/461
f 849/849/849 471/471/471 474/474/474
f 849/849/849 474/474/474 857/857/857
f 857/857/857 474/474/474 479/479/479
f 857/857/857 479/479/479 842/842/842
f 461/461/461 857/857/857 842/842/842
f 461/461/461 842/842/842 462/462/462
f 286/286/286 653/653/653 858/858/858
f 286/286/286 858/858/858 287/287/287
f 653/653/653 264/264/264 267/267/267
f 653/653/653 267/267/267 858/858/858
f 858/858/858 267/267/267 272/272/272
f 858/858/858 272/272/272 847/847/847
f 287/287/287 858/858/858 847/847/847
f 287/287/287 847/847/847 288/288/288
f 70/70/70 859/859/859 860/860/860
f 70/70/70 860/860/860 212/212/212
f 859/859/859 54/54/54 221/221/221
f 859/859/859 221/221/221 860/860/860
f 860/860/860 221/221/221 225/225/225
f 860/860/860 225/225/225 850/850/850
f 212/212/212 860/860/860 850/850/850
f 212/212/212 850/850/850 213/213/213
f 181/181/181 861/861/861 862/862/862
f 181/181/181 862/862/862 182/182/182
f 861/861/861 148/148/148 151/151/151
f 861/861/861 151/151/151 862/862/862
f 862/862/862 151/151/151 155/155/155
f 862/862/862 155/155/155 535/535/535
f 182/182/182 862/862/862 535/535/535
f 182/182/182 535/535/535 183/183/183
f 119/119/119 852/852/852 863/863/863
f 119/119/119 863/863/863 120/120/120
f 852/852/852 97/97/97 100/100/100
f 852/852/852 100/100/100 863/863/863
f 863/863/863 100/100/100 105/105/105
f 863/863/863 105/105/105 864/864/864
f 120/120/120 863/863/863 864/864/864
f 120/120/120 864/864/864 121/121/121
f 68/68/68 856/856/856 865/865/865
f 68/68/68 865/865/865 69/69/69
f 856/856/856 46/46/46 49/49/49
f 856/856/856 49/49/49 865/865/865
f 865/865/865 49/49/49 54/54/54
f 865/865/865 54/54/54 859/859/859
f 69/69/69 865/865/865 859/859/859
f 69/69/69 859/859/859 70/70/70
f 121/121/121 864/864/864 866/866/866
f 121/121/121 866/866/866 867/867/867
f 864/864/864 105/105/105 868/868/868
f 864/864/864 868/868/868 866/866/866
f 866/866/866 868/868/868 530/530/530
f 866/866/866 530/530/530 853/853/853
f 867/867/867 866/866/866 853/853/853
f 867/867/867 853/853/853 32/32/32
f 356/356/356 838/838/838 869/869/869
f 356/356/356 869/869/869 870/870/870
f 838/838/838 251/251/251 871/871/871
f 838/838/838 871/871/871 869/869/869
f 869/869/869 871/871/871 1/1/1
f 869/869/869 1/1/1 840/840/840
f 870/870/870 869/869/869 840/840/840
f 870/870/870 840/840/840 14/14/14
f 817/817/817 816/816/816 872/872/872
f 817/817/817 872/872/872 873/873/873
f 816/816/816 185/185/185 874/874/874
f 816/816/816 874/874/874 872/872/872
f 872/872/872 874/874/874 333/333/333
f 872/872/872 333/333/333 808/808/808
f 873/873/873 872/872/872 808/808/808
f 873/873/873 808/808/808 807/807/807
f 617/617/617 764/764/764 875/875/875
f 617/617/617 875/875/875 876/876/876
f 764/764/764 132/132/132 877/877/877
f 764/764/764 877/877/877 875/875/875
f 875/875/875 877/877/877 19/19/19
f 875/875/875 19/19/19 766/766/766
f 876/876/876 875/875/875 766/766/766
f 876/876/876 766/766/766 623/623/623
f 112/112/112 618/618/618 878/878/878
f 112/112/112 878/878/878 879/879/879
f 618/618/618 617/617/617 876/876/876
f 618/618/618 876/876/876 878/878/878
f 878/878/878 876/876/876 623/623/623
f 878/878/878 623/623/623 621/621/621
f 879/879/879 878/878/878 621/621/621
f 879/879/879 621/621/621 41/41/41
f 130/130/130 578/578/578 880/880/880
f 130/130/130 880/880/880 881/881/881
f 578/578/578 123/123/123 882/882/882
f 578/578/578 882/882/882 880/880/880
f 880/880/880 882/882/882 28/28/28
f 880/880/880 28/28/28 580/580/580
f 881/881/881 880/880/880 580/580/580
f 881/881/881 580/580/580 23/23/23
f 105/105/105 104/104/104 883/883/883
f 105/105/105 883/883/883 868/868/868
f 104/104/104 103/103/103 338/338/338
f 104/104/104 338/338/338 883/883/883
f 883/883/883 338/338/338 337/337/337
f 883/883/883 337/337/337 531/531/531
f 868/868/868 883/883/883 531/531/531
f 868/868/868 531/531/531 530/530/530
f 138/138/138 137/137/137 884/884/884
f 138/138/138 884/884/884 885/885/885
f 137/137/137 114/114/114 886/886/886
f 137/137/137 886/886/886 884/884/884
f 884/884/884 886/886/886 37/37/37
f 884/884/884 37/37/37 391/391/391
f 885/885/885 884/884/884 391/391/391
f 885/885/885 391/391/391 390/390/390
f 185/185/185 184/184/184 887/887/887
f 185/185/185 887/887/887 874/874/874
f 184/184/184 183/183/183 534/534/534
f 184/184/184 534/534/534 887/887/887
f 887/887/887 534/534/534 337/337/337
f 887/887/887 337/337/337 334/334/334
f 874/874/874 887/887/887 334/334/334
f 874/874/874 334/334/334 333/333/333
f 169/169/169 389/389/389 888/888/888
f 169/169/169 888/888/888 889/889/889
f 389/389/389 388/388/388 890/890/890
f 389/389/389 890/890/890 888/888/888
f 888/888/888 890/890/890 262/262/262
f 888/888/888 262/262/262 259/259/259
f 889/889/889 888/888/888 259/259/259
f 889/889/889 259/259/259 258/258/258
f 114/114/114 113/113/113 891/891/891
f 114/114/114 891/891/891 886/886/886
f 113/113/113 112/112/112 879/879/879
f 113/113/113 879/879/879 891/891/891
f 891/891/891 879/879/879 41/41/41
f 891/891/891 41/41/41 38/38/38
f 886/886/886 891/891/891 38/38/38
f 886/886/886 38/38/38 37/37/37
f 123/123/123 122/122/122 892/892/892
f 123/123/123 892/892/892 882/882/882
f 122/122/122 121/121/121 867/867/867
f 122/122/122 867/867/867 892/892/892
f 892/892/892 867/867/867 32/32/32
f 892/892/892 32/32/32 29/29/29
f 882/882/882 892/892/892 29/29/29
f 882/882/882 29/29/29 28/28/28
f 132/132/132 131/131/131 893/893/893
f 132/132/132 893/893/893 877/877/877
f 131/131/131 130/130/130 881/881/881
f 131/131/131 881/881/881 893/893/893
f 893/893/893 881/881/881 23/23/23
f 893/893/893 23/23/23 20/20/20
f 877/877/877 893/893/893 20/20/20
f 877/877/877 20/20/20 19/19/19
f 358/358/358 357/357/357 894/894/894
f 358/358/358 894/894/894 895/895/895
f 357/357/357 356/356/356 870/870/870
f 357/357/357 870/870/870 894/894/894
f 894/894/894 870/870/870 14/14/14
f 894/894/894 14/14/14 11/11/11
f 895/895/895 894/894/894 11/11/11
f 895/895/895 11/11/11 10/10/10
f 251/251/251 250/250/250 896/896/896
f 251/251/251 896/896/896 871/871/871
f 250/250/250 249/249/249 897/897/897
f 250/250/250 897/897/897 896/896/896
f 896/896/896 897/897/897 5/5/5
f 896/896/896 5/5/5 2/2/2
f 871/871/871 896/896/896 2/2/2
f 871/871/871 2/2/2 1/1/1
f 898/898/898 899/899/899 900/900/900
f 898/898/898 900/900/900 901/901/901
f 899/899/899 902/902/902 903/903/903
f 899/899/899 903/903/903 900/900/900
f 900/900/900 903/903/903 904/904/904
f 900/900/900 904/904/904 905/905/905
f 901/901/901 900/900/900 905/905/905
f 901/901/901 905/905/905 906/906/906
f 907/907/907 908/908/908 909/909/909
f 907/907/907 909/909/909 910/910/910
f 908/908/908 911/911/911 912/912/912
f 908/908/908 912/912/912 909/909/909
f 909/909/909 912/912/912 913/913/913
f 909/909/909 913/913/913 914/914/914
f 910/910/910 909/909/909 914/914/914
f 910/910/910 914/914/914 915/915/915
f 916/916/916 917/917/917 918/918/918
f 916/916/916 918/918/918 919/919/919
f 917/917/917 907/907/907 910/910/910
f 917/917/917 910/910/910 918/918/918
f 918/918/918 910/910/910 915/915/915
f 918/918/918 915/915/915 920/920/920
f 919/919/919 918/918/918 920/920/920
f 919/919/919 920/920/920 921/921/921
f 922/922/922 923/923/923 924/924/924
f 922/922/922 924/924/924 925/925/925
f 923/923/923 926/926/926 927/927/927
f 923/923/923 927/927/927 924/924/924
f 924/924/924 927/927/927 928/928/928
f 924/924/924 928/928/928 929/929/929
f 925/925/925 924/924/924 929/929/929
f 925/925/925 929/929/929 930/930/930
f 931/931/931 932/932/932 933/933/933
f 931/931/931 933/933/933 934/934/934
f 932/932/932 935/935/935 936/936/936
f 932/932/932 936/936/936 933/933/933
f 933/933/933 936/936/936 937/937/937
f 933/933/933 937/937/937 938/938/938
f 934/934/934 933/933/933 938/938/938
f 934/934/934 938/938/938 939/939/939
f 940/940/940 941/941/941 942/942/942
f 940/940/940 942/942/942 943/943/943
f 941/941/941 944/944/944 945/945/945
f 941/941/941 945/945/945 942/942/942
f 942/942/942 945/945/945 946/946/946
f 942/942/942 946/946/946 947/947/947
f 943/943/943 942/942/942 947/947/947
f 943/943/943 947/947/947 948/948/948
f 944/944/944 949/949/949 950/950/950
f 944/944/944 950/950/950 945/945/945
f 949/949/949 951/951/951 952/952/952
f 949/949/949 952/952/952 950/950/950
f 950/950/950 952/952/952 953/953/953
f 950/950/950 953/953/953 954/954/954
f 945/945/945 950/950/950 954/954/954
f 945/945/945 954/954/954 946/946/946
f 911/911/911 955/955/955 956/956/956
f 911/911/911 956/956/956 912/912/912
f 955/955/955 957/957/957 958/958/958
f 955/955/955 958/958/958 956/956/956
f 956/956/956 958/958/958 959/959/959
f 956/956/956 959/959/959 960/960/960
f 912/912/912 956/956/956 960/960/960
f 912/912/912 960/960/960 913/913/913
f 957/957/957 961/961/961 962/962/962
f 957/957/957 962/962/962 958/958/958
f 961/961/961 940/940/940 943/943/943
f 961/961/961 943/943/943 962/962/962
f 962/962/962 943/943/943 948/948/948
f 962/962/962 948/948/948 963/963/963
f 958/958/958 962/962/962 963/963/963
f 958/958/958 963/963/963 959/959/959
f 951/951/951 964/964/964 965/965/965
f 951/951/951 965/965/965 952/952/952
f 964/964/964 898/898/898 901/901/901
f 964/964/964 901/901/901 965/965/965
f 965/965/965 901/901/901 906/906/906
f 965/965/965 906/906/906 966/966/966
f 952/952/952 965/965/965 966/966/966
f 952/952/952 966/966/966 953/953/953
f 967/967/967 968/968/968 969/969/969
f 967/967/967 969/969/969 970/970/970
f 968/968/968 971/971/971 972/972/972
f 968/968/968 972/972/972 969/969/969
f 969/969/969 972/972/972 973/973/973
f 969/969/969 973/973/973 974/974/974
f 970/970/970 969/969/969 974/974/974
f 970/970/970 974/974/974 975/975/975
f 976/976/976 977/977/977 978/978/978
f 976/976/976 978/978/978 979/979/979
f 977/977/977 980/980/980 981/981/981
f 977/977/977 981/981/981 978/978/978
f 978/978/978 981/981/981 982/982/982
f 978/978/978 982/982/982 983/983/983
f 979/979/979 978/978/978 983/983/983
f 979/979/979 983/983/983 984/984/984
f 980/980/980 985/985/985 986/986/986
f 980/980/980 986/986/986 981/981/981
f 985/985/985 922/922/922 925/925/925
f 985/985/985 925/925/925 986/986/986
f 986/986/986 925/925/925 930/930/930
f 986/986/986 930/930/930 987/987/987
f 981/981/981 986/986/986 987/987/987
f 981/981/981 987/987/987 982/982/982
f 988/988/988 989/989/989 990/990/990
f 988/988/988 990/990/990 991/991/991
f 989/989/989 931/931/931 934/934/934
f 989/989/989 934/934/934 990/990/990
f 990/990/990 934/934/934 939/939/939
f 990/990/990 939/939/939 992/992/992
f 991/991/991 990/990/990 992/992/992
f 991/991/991 992/992/992 993/993/993
f 971/971/971 994/994/994 995/995/995
f 971/971/971 995/995/995 972/972/972
f 994/994/994 916/916/916 919/919/919
f 994/994/994 919/919/919 995/995/995
f 995/995/995 919/919/919 921/921/921
f 995/995/995 921/921/921 996/996/996
f 972/972/972 995/995/995 996/996/996
f 972/972/972 996/996/996 973/973/973
f 926/926/926 997/997/997 998/998/998
f 926/926/926 998/998/998 927/927/927
f 997/997/997 967/967/967 970/970/970
f 997/997/997 970/970/970 998/998/998
f 998/998/998 970/970/970 975/975/975
f 998/998/998 975/975/975 999/999/999
f 927/927/927 998/998/998 999/999/999
f 927/927/927 999/999/999 928/928/928
f 249/249/249 1000/1000/1000 1001/1001/1001
f 249/249/249 1001/1001/1001 897/897/897
f 1000/1000/1000 138/138/138 885/885/885
f 1000/1000/1000 885/885/885 1001/1001/1001
f 1001/1001/1001 885/885/885 390/390/390
f 1001/1001/1001 390/390/390 1002/1002/1002
f 897/897/897 1001/1001/1001 1002/1002/1002
f 897/897/897 1002/1002/1002 5/5/5
f 429/429/429 1003/1003/1003 1004/1004/1004
f 429/429/429 1004/1004/1004 738/738/738
f 1003/1003/1003 446/446/446 732/732/732
f 1003/1003/1003 732/732/732 1004/1004/1004
f 1004/1004/1004 732/732/732 502/502/502
f 1004/1004/1004 502/502/502 1005/1005/1005
f 738/738/738 1004/1004/1004 1005/1005/1005
f 738/738/738 1005/1005/1005 496/496/496
f 273/273/273 319/319/319 1006/1006/1006
f 273/273/273 1006/1006/1006 683/683/683
f 319/319/319 318/318/318 707/707/707
f 319/319/319 707/707/707 1006/1006/1006
f 1006/1006/1006 707/707/707 711/711/711
f 1006/1006/1006 711/711/711 1007/1007/1007
f 683/683/683 1006/1006/1006 1007/1007/1007
f 683/683/683 1007/1007/1007 684/684/684
f 306/306/306 1008/1008/1008 1009/1009/1009
f 306/306/306 1009/1009/1009 647/647/647
f 1008/1008/1008 323/323/323 641/641/641
f 1008/1008/1008 641/641/641 1009/1009/1009
f 1009/1009/1009 641/641/641 438/438/438
f 1009/1009/1009 438/438/438 1010/1010/1010
f 647/647/647 1009/1009/1009 1010/1010/1010
f 647/647/647 1010/1010/1010 427/427/427
f 232/232/232 1011/1011/1011 1012/1012/1012
f 232/232/232 1012/1012/1012 544/544/544
f 1011/1011/1011 203/203/203 548/548/548
f 1011/1011/1011 548/548/548 1012/1012/1012
f 1012/1012/1012 548/548/548 133/133/133
f 1012/1012/1012 133/133/133 1013/1013/1013
f 544/544/544 1012/1012/1012 1013/1013/1013
f 544/544/544 1013/1013/1013 247/247/247
f 496/496/496 1005/1005/1005 1014/1014/1014
f 496/496/496 1014/1014/1014 497/497/497
f 1005/1005/1005 502/502/502 505/505/505
f 1005/1005/1005 505/505/505 1014/1014/1014
f 1014/1014/1014 505/505/505 82/82/82
f 1014/1014/1014 82/82/82 1015/1015/1015
f 497/497/497 1014/1014/1014 1015/1015/1015
f 497/497/497 1015/1015/1015 256/256/256
f 427/427/427 1010/1010/1010 1016/1016/1016
f 427/427/427 1016/1016/1016 428/428/428
f 1010/1010/1010 438/438/438 441/441/441
f 1010/1010/1010 441/441/441 1016/1016/1016
f 1016/1016/1016 441/441/441 446/446/446
f 1016/1016/1016 446/446/446 1003/1003/1003
f 428/428/428 1016/1016/1016 1003/1003/1003
f 428/428/428 1003/1003/1003 429/429/429
f 5/5/5 1002/1002/1002 1017/1017/1017
f 5/5/5 1017/1017/1017 6/6/6
f 1002/1002/1002 390/390/390 393/393/393
f 1002/1002/1002 393/393/393 1017/1017/1017
f 1017/1017/1017 393/393/393 242/242/242
f 1017/1017/1017 242/242/242 241/241/241
f 6/6/6 1017/1017/1017 241/241/241
f 6/6/6 241/241/241 7/7/7
f 304/304/304 705/705/705 1018/1018/1018
f 304/304/304 1018/1018/1018 305/305/305
f 705/705/705 318/318/318 321/321/321
f 705/705/705 321/321/321 1018/1018/1018
f 1018/1018/1018 321/321/321 323/323/323
f 1018/1018/1018 323/323/323 1008/1008/1008
f 305/305/305 1018/1018/1018 1008/1008/1008
f 305/305/305 1008/1008/1008 306/306/306
f 175/175/175 1019/1019/1019 1020/1020/1020
f 175/175/175 1020/1020/1020 176/176/176
f 1019/1019/1019 235/235/235 238/238/238
f 1019/1019/1019 238/238/238 1020/1020/1020
f 1020/1020/1020 238/238/238 242/242/242
f 1020/1020/1020 242/242/242 394/394/394
f 176/176/176 1020/1020/1020 394/394/394
f 176/176/176 394/394/394 45/45/45
f 230/230/230 1021/1021/1021 1022/1022/1022
f 230/230/230 1022/1022/1022 231/231/231
f 1021/1021/1021 87/87/87 199/199/199
f 1021/1021/1021 199/199/199 1022/1022/1022
f 1022/1022/1022 199/199/199 203/203/203
f 1022/1022/1022 203/203/203 1011/1011/1011
f 231/231/231 1022/1022/1022 1011/1011/1011
f 231/231/231 1011/1011/1011 232/232/232
f 247/247/247 1013/1013/1013 1023/1023/1023
f 247/247/247 1023/1023/1023 248/248/248
f 1013/1013/1013 133/133/133 136/136/136
f 1013/1013/1013 136/136/136 1023/1023/1023
f 1023/1023/1023 136/136/136 138/138/138
f 1023/1023/1023 138/138/138 1000/1000/1000
f 248/248/248 1023/1023/1023 1000/1000/1000
f 248/248/248 1000/1000/1000 249/249/249
f 256/256/256 1015/1015/1015 1024/1024/1024
f 256/256/256 1024/1024/1024 257/257/257
f 1015/1015/1015 82/82/82 85/85/85
f 1015/1015/1015 85/85/85 1024/1024/1024
f 1024/1024/1024 85/85/85 87/87/87
f 1024/1024/1024 87/87/87 1021/1021/1021
f 257/257/257 1024/1024/1024 1021/1021/1021
f 257/257/257 1021/1021/1021 230/230/230
f 902/902/902 1025/1025/1025 1026/1026/1026
f 902/902/902 1026/1026/1026 903/903/903
f 1025/1025/1025 988/988/988 991/991/991
f 1025/1025/1025 991/991/991 1026/1026/1026
f 1026/1026/1026 991/991/991 993/993/993
f 1026/1026/1026 993/993/993 1027/1027/1027
f 903/903/903 1026/1026/1026 1027/1027/1027
f 903/903/903 1027/1027/1027 904/904/904
f 388/388/388 1028/1028/1028 1029/1029/1029
f 388/388/388 1029/1029/1029 890/890/890
f 1028/1028/1028 817/817/817 873/873/873
f 1028/1028/1028 873/873/873 1029/1029/1029
f 1029/1029/1029 873/873/873 807/807/807
f 1029/1029/1029 807/807/807 1030/1030/1030
f 890/890/890 1029/1029/1029 1030/1030/1030
f 890/890/890 1030/1030/1030 262/262/262
f 386/386/386 1031/1031/1031 1032/1032/1032
f 386/386/386 1032/1032/1032 387/387/387
f 1031/1031/1031 812/812/812 815/815/815
f 1031/1031/1031 815/815/815 1032/1032/1032
f 1032/1032/1032 815/815/815 817/817/817
f 1032/1032/1032 817/817/817 1028/1028/1028
f 387/387/387 1032/1032/1032 1028/1028/1028
f 387/387/387 1028/1028/1028 388/388/388
f 262/262/262 1030/1030/1030 1033/1033/1033
f 262/262/262 1033/1033/1033 263/263/263
f 1030/1030/1030 807/807/807 810/810/810
f 1030/1030/1030 810/810/810 1033/1033/1033
f 1033/1033/1033 810/810/810 400/400/400
f 1033/1033/1033 400/400/400 399/399/399
f 263/263/263 1033/1033/1033 399/399/399
f 263/263/263 399/399/399 147/147/147
f 309/309/309 373/373/373 1034/1034/1034
f 309/309/309 1034/1034/1034 696/696/696
f 373/373/373 372/372/372 776/776/776
f 373/373/373 776/776/776 1034/1034/1034
f 1034/1034/1034 776/776/776 778/778/778
f 1034/1034/1034 778/778/778 1035/1035/1035
f 696/696/696 1034/1034/1034 1035/1035/1035
f 696/696/696 1035/1035/1035 697/697/697
f 770/770/770 1036/1036/1036 1037/1037/1037
f 770/770/770 1037/1037/1037 771/771/771
f 1036/1036/1036 413/413/413 743/743/743
f 1036/1036/1036 743/743/743 1037/1037/1037
f 1037/1037/1037 743/743/743 480/480/480
f 1037/1037/1037 480/480/480 1038/1038/1038
f 771/771/771 1037/1037/1037 1038/1038/1038
f 771/771/771 1038/1038/1038 772/772/772
f 781/781/781 1039/1039/1039 1040/1040/1040
f 781/781/781 1040/1040/1040 782/782/782
f 1039/1039/1039 377/377/377 652/652/652
f 1039/1039/1039 652/652/652 1040/1040/1040
f 1040/1040/1040 652/652/652 405/405/405
f 1040/1040/1040 405/405/405 1041/1041/1041
f 782/782/782 1040/1040/1040 1041/1041/1041
f 782/782/782 1041/1041/1041 783/783/783
f 787/787/787 1042/1042/1042 1043/1043/1043
f 787/787/787 1043/1043/1043 788/788/788
f 1042/1042/1042 383/383/383 537/537/537
f 1042/1042/1042 537/537/537 1043/1043/1043
f 1043/1043/1043 537/537/537 395/395/395
f 1043/1043/1043 395/395/395 1044/1044/1044
f 788/788/788 1043/1043/1043 1044/1044/1044
f 788/788/788 1044/1044/1044 789/789/789
f 772/772/772 1038/1038/1038 1045/1045/1045
f 772/772/772 1045/1045/1045 792/792/792
f 1038/1038/1038 480/480/480 483/483/483
f 1038/1038/1038 483/483/483 1045/1045/1045
f 1045/1045/1045 483/483/483 401/401/401
f 1045/1045/1045 401/401/401 1046/1046/1046
f 792/792/792 1045/1045/1045 1046/1046/1046
f 792/792/792 1046/1046/1046 793/793/793
f 783/783/783 1041/1041/1041 1047/1047/1047
f 783/783/783 1047/1047/1047 796/796/796
f 1041/1041/1041 405/405/405 408/408/408
f 1041/1041/1041 408/408/408 1047/1047/1047
f 1047/1047/1047 408/408/408 413/413/413
f 1047/1047/1047 413/413/413 1036/1036/1036
f 796/796/796 1047/1047/1047 1036/1036/1036
f 796/796/796 1036/1036/1036 770/770/770
f 793/793/793 1046/1046/1046 1048/1048/1048
f 793/793/793 1048/1048/1048 798/798/798
f 1046/1046/1046 401/401/401 404/404/404
f 1046/1046/1046 404/404/404 1048/1048/1048
f 1048/1048/1048 404/404/404 378/378/378
f 1048/1048/1048 378/378/378 1049/1049/1049
f 798/798/798 1048/1048/1048 1049/1049/1049
f 798/798/798 1049/1049/1049 799/799/799
f 789/789/789 1044/1044/1044 1050/1050/1050
f 789/789/789 1050/1050/1050 802/802/802
f 1044/1044/1044 395/395/395 398/398/398
f 1044/1044/1044 398/398/398 1050/1050/1050
f 1050/1050/1050 398/398/398 400/400/400
f 1050/1050/1050 400/400/400 811/811/811
f 802/802/802 1050/1050/1050 811/811/811
f 802/802/802 811/811/811 340/340/340
f 799/799/799 1049/1049/1049 1051/1051/1051
f 799/799/799 1051/1051/1051 804/804/804
f 1049/1049/1049 378/378/378 381/381/381
f 1049/1049/1049 381/381/381 1051/1051/1051
f 1051/1051/1051 381/381/381 383/383/383
f 1051/1051/1051 383/383/383 1042/1042/1042
f 804/804/804 1051/1051/1051 1042/1042/1042
f 804/804/804 1042/1042/1042 787/787/787
f 687/687/687 774/774/774 1052/1052/1052
f 687/687/687 1052/1052/1052 806/806/806
f 774/774/774 372/372/372 375/375/375
f 774/774/774 375/375/375 1052/1052/1052
f 1052/1052/1052 375/375/375 377/377/377
f 1052/1052/1052 377/377/377 1039/1039/1039
f 806/806/806 1052/1052/1052 1039/1039/1039
f 806/806/806 1039/1039/1039 781/781/781
f 935/935/935 1053/1053/1053 1054/1054/1054
f 935/935/935 1054/1054/1054 936/936/936
f 1053/1053/1053 976/976/976 979/979/979
f 1053/1053/1053 979/979/979 1054/1054/1054
f 1054/1054/1054 979/979/979 984/984/984
f 1054/1054/1054 984/984/984 1055/1055/1055
f 936/936/936 1054/1054/1054 1055/1055/1055
f 936/936/936 1055/1055/1055 937/937/937
f 145/145/145 1056/1056/1056 1057/1057/1057
f 145/145/145 1057/1057/1057 261/261/261
f 1056/1056/1056 358/358/358 895/895/895
f 1056/1056/1056 895/895/895 1057/1057/1057
f 1057/1057/1057 895/895/895 10/10/10
f 1057/1057/1057 10/10/10 1058/1058/1058
f 261/261/261 1057/1057/1057 1058/1058/1058
f 261/261/261 1058/1058/1058 258/258/258
f 436/436/436 1059/1059/1059 1060/1060/1060
f 436/436/436 1060/1060/1060 735/735/735
f 1059/1059/1059 422/422/422 740/740/740
f 1059/1059/1059 740/740/740 1060/1060/1060
f 1060/1060/1060 740/740/740 486/486/486
f 1060/1060/1060 486/486/486 1061/1061/1061
f 735/735/735 1060/1060/1060 1061/1061/1061
f 735/735/735 1061/1061/1061 500/500/500
f 328/328/328 325/325/325 1062/1062/1062
f 328/328/328 1062/1062/1062 677/677/677
f 325/325/325 324/324/324 669/669/669
f 325/325/325 669/669/669 1062/1062/1062
f 1062/1062/1062 669/669/669 673/673/673
f 1062/1062/1062 673/673/673 1063/1063/1063
f 677/677/677 1062/1062/1062 1063/1063/1063
f 677/677/677 1063/1063/1063 678/678/678
f 315/315/315 1064/1064/1064 1065/1065/1065
f 315/315/315 1065/1065/1065 644/644/644
f 1064/1064/1064 332/332/332 649/649/649
f 1064/1064/1064 649/649/649 1065/1065/1065
f 1065/1065/1065 649/649/649 414/414/414
f 1065/1065/1065 414/414/414 1066/1066/1066
f 644/644/644 1065/1065/1065 1066/1066/1066
f 644/644/644 1066/1066/1066 434/434/434
f 195/195/195 1067/1067/1067 1068/1068/1068
f 195/195/195 1068/1068/1068 546/546/546
f 1067/1067/1067 364/364/364 540/540/540
f 1067/1067/1067 540/540/540 1068/1068/1068
f 1068/1068/1068 540/540/540 350/350/350
f 1068/1068/1068 350/350/350 1069/1069/1069
f 546/546/546 1068/1068/1068 1069/1069/1069
f 546/546/546 1069/1069/1069 143/143/143
f 500/500/500 1061/1061/1061 1070/1070/1070
f 500/500/500 1070/1070/1070 501/501/501
f 1061/1061/1061 486/486/486 489/489/489
f 1061/1061/1061 489/489/489 1070/1070/1070
f 1070/1070/1070 489/489/489 341/341/341
f 1070/1070/1070 341/341/341 1071/1071/1071
f 501/501/501 1070/1070/1070 1071/1071/1071
f 501/501/501 1071/1071/1071 92/92/92
f 434/434/434 1066/1066/1066 1072/1072/1072
f 434/434/434 1072/1072/1072 435/435/435
f 1066/1066/1066 414/414/414 417/417/417
f 1066/1066/1066 417/417/417 1072/1072/1072
f 1072/1072/1072 417/417/417 422/422/422
f 1072/1072/1072 422/422/422 1059/1059/1059
f 435/435/435 1072/1072/1072 1059/1059/1059
f 435/435/435 1059/1059/1059 436/436/436
f 94/94/94 1073/1073/1073 1074/1074/1074
f 94/94/94 1074/1074/1074 194/194/194
f 1073/1073/1073 349/349/349 360/360/360
f 1073/1073/1073 360/360/360 1074/1074/1074
f 1074/1074/1074 360/360/360 364/364/364
f 1074/1074/1074 364/364/364 1067/1067/1067
f 194/194/194 1074/1074/1074 1067/1067/1067
f 194/194/194 1067/1067/1067 195/195/195
f 143/143/143 1069/1069/1069 1075/1075/1075
f 143/143/143 1075/1075/1075 144/144/144
f 1069/1069/1069 350/350/350 353/353/353
f 1069/1069/1069 353/353/353 1075/1075/1075
f 1075/1075/1075 353/353/353 358/358/358
f 1075/1075/1075 358/358/358 1056/1056/1056
f 144/144/144 1075/1075/1075 1056/1056/1056
f 144/144/144 1056/1056/1056 145/145/145
f 92/92/92 1071/1071/1071 1076/1076/1076
f 92/92/92 1076/1076/1076 93/93/93
f 1071/1071/1071 341/341/341 344/344/344
f 1071/1071/1071 344/344/344 1076/1076/1076
f 1076/1076/1076 344/344/344 349/349/349
f 1076/1076/1076 349/349/349 1073/1073/1073
f 93/93/93 1076/1076/1076 1073/1073/1073
f 93/93/93 1073/1073/1073 94/94/94
f 313/313/313 667/667/667 1077/1077/1077
f 313/313/313 1077/1077/1077 314/314/314
f 667/667/667 324/324/324 327/327/327
f 667/667/667 327/327/327 1077/1077/1077
f 1077/1077/1077 327/327/327 332/332/332
f 1077/1077/1077 332/332/332 1064/1064/1064
f 314/314/314 1077/1077/1077 1064/1064/1064
f 314/314/314 1064/1064/1064 315/315/315
f 369/369/369 1078/1078/1078 1079/1079/1079
f 369/369/369 1079/1079/1079 370/370/370
f 1078/1078/1078 163/163/163 166/166/166
f 1078/1078/1078 166/166/166 1079/1079/1079
f 1079/1079/1079 166/166/166 18/18/18
f 1079/1079/1079 18/18/18 17/17/17
f 370/370/370 1079/1079/1079 17/17/17
f 370/370/370 17/17/17 16/16/16
f 258/258/258 1058/1058/1058 1080/1080/1080
f 258/258/258 1080/1080/1080 889/889/889
f 1058/1058/1058 10/10/10 13/13/13
f 1058/1058/1058 13/13/13 1080/1080/1080
f 1080/1080/1080 13/13/13 18/18/18
f 1080/1080/1080 18/18/18 170/170/170
f 889/889/889 1080/1080/1080 170/170/170
f 889/889/889 170/170/170 169/169/169
f 980/980/980 977/977/977 1081/1081/1081
f 980/980/980 1081/1081/1081 1082/1082/1082
f 977/977/977 976/976/976 1083/1083/1083
f 977/977/977 1083/1083/1083 1081/1081/1081
f 1081/1081/1081 1083/1083/1083 163/163/163
f 1081/1081/1081 163/163/163 1078/1078/1078
f 1082/1082/1082 1081/1081/1081 1078/1078/1078
f 1082/1082/1082 1078/1078/1078 369/369/369
f 931/931/931 989/989/989 1084/1084/1084
f 931/931/931 1084/1084/1084 1085/1085/1085
f 989/989/989 988/988/988 1086/1086/1086
f 989/989/989 1086/1086/1086 1084/1084/1084
f 1084/1084/1084 1086/1086/1086 812/812/812
f 1084/1084/1084 812/812/812 1031/1031/1031
f 1085/1085/1085 1084/1084/1084 1031/1031/1031
f 1085/1085/1085 1031/1031/1031 386/386/386
f 971/971/971 968/968/968 1087/1087/1087
f 971/971/971 1087/1087/1087 1088/1088/1088
f 968/968/968 967/967/967 1089/1089/1089
f 968/968/968 1089/1089/1089 1087/1087/1087
f 1087/1087/1087 1089/1089/1089 235/235/235
f 1087/1087/1087 235/235/235 1019/1019/1019
f 1088/1088/1088 1087/1087/1087 1019/1019/1019
f 1088/1088/1088 1019/1019/1019 175/175/175
f 898/898/898 964/964/964 1090/1090/1090
f 898/898/898 1090/1090/1090 1091/1091/1091
f 964/964/964 951/951/951 1092/1092/1092
f 964/964/964 1092/1092/1092 1090/1090/1090
f 1090/1090/1090 1092/1092/1092 148/148/148
f 1090/1090/1090 148/148/148 861/861/861
f 1091/1091/1091 1090/1090/1090 861/861/861
f 1091/1091/1091 861/861/861 181/181/181
f 926/926/926 923/923/923 1093/1093/1093
f 926/926/926 1093/1093/1093 1094/1094/1094
f 923/923/923 922/922/922 1095/1095/1095
f 923/923/923 1095/1095/1095 1093/1093/1093
f 1093/1093/1093 1095/1095/1095 365/365/365
f 1093/1093/1093 365/365/365 832/832/832
f 1094/1094/1094 1093/1093/1093 832/832/832
f 1094/1094/1094 832/832/832 239/239/239
f 988/988/988 1025/1025/1025 1096/1096/1096
f 988/988/988 1096/1096/1096 1086/1086/1086
f 1025/1025/1025 902/902/902 1097/1097/1097
f 1025/1025/1025 1097/1097/1097 1096/1096/1096
f 1096/1096/1096 1097/1097/1097 177/177/177
f 1096/1096/1096 177/177/177 813/813/813
f 1086/1086/1086 1096/1096/1096 813/813/813
f 1086/1086/1086 813/813/813 812/812/812
f 957/957/957 955/955/955 1098/1098/1098
f 957/957/957 1098/1098/1098 1099/1099/1099
f 955/955/955 911/911/911 1100/1100/1100
f 955/955/955 1100/1100/1100 1098/1098/1098
f 1098/1098/1098 1100/1100/1100 610/610/610
f 1098/1098/1098 610/610/610 752/752/752
f 1099/1099/1099 1098/1098/1098 752/752/752
f 1099/1099/1099 752/752/752 160/160/160
f 911/911/911 908/908/908 1101/1101/1101
f 911/911/911 1101/1101/1101 1100/1100/1100
f 908/908/908 907/907/907 1102/1102/1102
f 908/908/908 1102/1102/1102 1101/1101/1101
f 1101/1101/1101 1102/1102/1102 186/186/186
f 1101/1101/1101 186/186/186 611/611/611
f 1100/1100/1100 1101/1101/1101 611/611/611
f 1100/1100/1100 611/611/611 610/610/610
f 944/944/944 941/941/941 1103/1103/1103
f 944/944/944 1103/1103/1103 1104/1104/1104
f 941/941/941 940/940/940 1105/1105/1105
f 941/941/941 1105/1105/1105 1103/1103/1103
f 1103/1103/1103 1105/1105/1105 156/156/156
f 1103/1103/1103 156/156/156 575/575/575
f 1104/1104/1104 1103/1103/1103 575/575/575
f 1104/1104/1104 575/575/575 152/152/152
f 935/935/935 932/932/932 1106/1106/1106
f 935/935/935 1106/1106/1106 1107/1107/1107
f 932/932/932 931/931/931 1085/1085/1085
f 932/932/932 1085/1085/1085 1106/1106/1106
f 1106/1106/1106 1085/1085/1085 386/386/386
f 1106/1106/1106 386/386/386 384/384/384
f 1107/1107/1107 1106/1106/1106 384/384/384
f 1107/1107/1107 384/384/384 167/167/167
f 922/922/922 985/985/985 1108/1108/1108
f 922/922/922 1108/1108/1108 1095/1095/1095
f 985/985/985 980/980/980 1082/1082/1082
f 985/985/985 1082/1082/1082 1108/1108/1108
f 1108/1108/1108 1082/1082/1082 369/369/369
f 1108/1108/1108 369/369/369 366/366/366
f 1095/1095/1095 1108/1108/1108 366/366/366
f 1095/1095/1095 366/366/366 365/365/365
f 967/967/967 997/997/997 1109/1109/1109
f 967/967/967 1109/1109/1109 1089/1089/1089
f 997/997/997 926/926/926 1094/1094/1094
f 997/997/997 1094/1094/1094 1109/1109/1109
f 1109/1109/1109 1094/1094/1094 239/239/239
f 1109/1109/1109 239/239/239 236/236/236
f 1089/1089/1089 1109/1109/1109 236/236/236
f 1089/1089/1089 236/236/236 235/235/235
f 907/907/907 917/917/917 1110/1110/1110
f 907/907/907 1110/1110/1110 1102/1102/1102
f 917/917/917 916/916/916 1111/1111/1111
f 917/917/917 1111/1111/1111 1110/1110/1110
f 1110/1110/1110 1111/1111/1111 171/171/171
f 1110/1110/1110 171/171/171 187/187/187
f 1102/1102/1102 1110/1110/1110 187/187/187
f 1102/1102/1102 187/187/187 186/186/186
f 902/902/902 899/899/899 1112/1112/1112
f 902/902/902 1112/1112/1112 1097/1097/1097
f 899/899/899 898/898/898 1091/1091/1091
f 899/899/899 1091/1091/1091 1112/1112/1112
f 1112/1112/1112 1091/1091/1091 181/181/181
f 1112/1112/1112 181/181/181 178/178/178
f 1097/1097/1097 1112/1112/1112 178/178/178
f 1097/1097/1097 178/178/178 177/177/177
f 916/916/916 994/994/994 1113/1113/1113
f 916/916/916 1113/1113/1113 1111/1111/1111
f 994/994/994 971/971/971 1088/1088/1088
f 994/994/994 1088/1088/1088 1113/1113/1113
f 1113/1113/1113 1088/1088/1088 175/175/175
f 1113/1113/1113 175/175/175 172/172/172
f 1111/1111/1111 1113/1113/1113 172/172/172
f 1111/1111/1111 172/172/172 171/171/171
f 976/976/976 1053/1053/1053 1114/1114/1114
f 976/976/976 1114/1114/1114 1083/1083/1083
f 1053/1053/1053 935/935/935 1107/1107/1107
f 1053/1053/1053 1107/1107/1107 1114/1114/1114
f 1114/1114/1114 1107/1107/1107 167/167/167
f 1114/1114/1114 167/167/167 164/164/164
f 1083/1083/1083 1114/1114/1114 164/164/164
f 1083/1083/1083 164/164/164 163/163/163
f 940/940/940 961/961/961 1115/1115/1115
f 940/940/940 1115/1115/1115 1105/1105/1105
f 961/961/961 957/957/957 1099/1099/1099
f 961/961/961 1099/1099/1099 1115/1115/1115
f 1115/1115/1115 1099/1099/1099 160/160/160
f 1115/1115/1115 160/160/160 157/157/157
f 1105/1105/1105 1115/1115/1115 157/157/157
f 1105/1105/1105 157/157/157 156/156/156
f 951/951/951 949/949/949 1116/1116/1116
f 951/951/951 1116/1116/1116 1092/1092/1092
f 949/949/949 944/944/944 1104/1104/1104
f 949/949/949 1104/1104/1104 1116/1116/1116
f 1116/1116/1116 1104/1104/1104 152/152/152
f 1116/1116/1116 152/152/152 149/149/149
f 1092/1092/1092 1116/1116/1116 149/149/149
f 1092/1092/1092 149/149/149 148/148/148
f 659/659/659 658/658/658 1117/1117/1117
f 659/659/659 1117/1117/1117 846/846/846
f 657/657/657 713/713/713 1117/1117/1117
f 657/657/657 1117/1117/1117 658/658/658
f 704/704/704 703/703/703 1117/1117/1117
f 704/704/704 1117/1117/1117 713/713/713
f 702/702/702 748/748/748 1117/1117/1117
f 702/702/702 1117/1117/1117 703/703/703
f 666/666/666 665/665/665 1117/1117/1117
f 666/666/666 1117/1117/1117 748/748/748
f 664/664/664 715/715/715 1117/1117/1117
f 664/664/664 1117/1117/1117 665/665/665
f 686/686/686 685/685/685 1117/1117/1117
f 686/686/686 1117/1117/1117 715/715/715
f 684/684/684 1007/1007/1007 1117/1117/1117
f 684/684/684 1117/1117/1117 685/685/685
f 711/711/711 710/710/710 1117/1117/1117
f 711/711/711 1117/1117/1117 1007/1007/1007
f 709/709/709 822/822/822 1117/1117/1117
f 709/709/709 1117/1117/1117 710/710/710
f 680/680/680 679/679/679 1117/1117/1117
f 680/680/680 1117/1117/1117 822/822/822
f 678/678/678 1063/1063/1063 1117/1117/1117
f 678/678/678 1117/1117/1117 679/679/679
f 673/673/673 672/672/672 1117/1117/1117
f 673/673/673 1117/1117/1117 1063/1063/1063
f 671/671/671 698/698/698 1117/1117/1117
f 671/671/671 1117/1117/1117 672/672/672
f 697/697/697 1035/1035/1035 1117/1117/1117
f 697/697/697 1117/1117/1117 698/698/698
f 778/778/778 777/777/777 1117/1117/1117
f 778/778/778 1117/1117/1117 1035/1035/1035
f 694/694/694 693/693/693 1117/1117/1117
f 694/694/694 1117/1117/1117 777/777/777
f 692/692/692 846/846/846 1117/1117/1117
f 692/692/692 1117/1117/1117 693/693/693
f 946/946/946 954/954/954 1118/1118/1118
f 946/946/946 1118/1118/1118 947/947/947
f 953/953/953 966/966/966 1118/1118/1118
f 953/953/953 1118/1118/1118 954/954/954
f 906/906/906 905/905/905 1118/1118/1118
f 906/906/906 1118/1118/1118 966/966/966
f 904/904/904 1027/1027/1027 1118/1118/1118
f 904/904/904 1118/1118/1118 905/905/905
f 993/993/993 992/992/992 1118/1118/1118
f 993/993/993 1118/1118/1118 1027/1027/1027
f 939/939/939 938/938/938 1118/1118/1118
f 939/939/939 1118/1118/1118 992/992/992
f 937/937/937 1055/1055/1055 1118/1118/1118
f 937/937/937 1118/1118/1118 938/938/938
f 984/984/984 983/983/983 1118/1118/1118
f 984/984/984 1118/1118/1118 1055/1055/1055
f 982/982/982 987/987/987 1118/1118/1118
f 982/982/982 1118/1118/1118 983/983/983
f 930/930/930 929/929/929 1118/1118/1118
f 930/930/930 1118/1118/1118 987/987/987
f 928/928/928 999/999/999 1118/1118/1118
f 928/928/928 1118/1118/1118 929/929/929
f 975/975/975 974/974/974 1118/1118/1118
f 975/975/975 1118/1118/1118 999/999/999
f 973/973/973 996/996/996 1118/1118/1118
f 973/973/973 1118/1118/1118 974/974/974
f 921/921/921 920/920/920 1118/1118/1118
f 921/921/921 1118/1118/1118 996/996/996
f 915/915/915 914/914/914 1118/1118/1118
f 915/915/915 1118/1118/1118 920/920/920
f 913/913/913 960/960/960 1118/1118/1118
f 913/913/913 1118/1118/1118 914/914/914
f 959/959/959 963/963/963 1118/1118/1118
f 959/959/959 1118/1118/1118 960/960/960
f 948/948/948 947/947/947 1118/1118/1118
f 948/948/948 1118/1118/1118 963/963/963
