v 0.06186 0.273519 0.64197
v 0.0569892 0.270686 0.64333
v 0.050478 0.28436 0.649626
v 0.055923 0.28705 0.648156
v 0.0425213 0.302098 0.659261
v 0.0485189 0.304707 0.657735
v 0.0458563 0.280132 0.652923
v 0.0372675 0.297976 0.662526
v 0.053028 0.266306 0.646492
v 0.0700719 0.256262 0.637505
v 0.0658909 0.253074 0.638275
v 0.0623432 0.260423 0.640052
v 0.0666937 0.263419 0.638876
v 0.059002 0.25591 0.642868
v 0.0628295 0.248518 0.640279
v 0.0756985 0.274745 0.644226
v 0.0681298 0.274748 0.642354
v 0.0625575 0.288264 0.64841
v 0.0703806 0.288308 0.650143
v 0.0555318 0.305951 0.657819
v 0.0636135 0.306068 0.659293
v 0.0832243 0.258 0.639072
v 0.0759837 0.257778 0.63778
v 0.0726765 0.264705 0.639301
v 0.0800412 0.264686 0.641102
v 0.100621 0.254589 0.646028
v 0.0913319 0.257207 0.641554
v 0.0884862 0.263695 0.644211
v 0.0983788 0.261166 0.649364
v 0.084497 0.273779 0.647519
v 0.0951687 0.271283 0.653125
v 0.0794877 0.287333 0.65332
v 0.0907254 0.2846 0.658894
v 0.0729474 0.30508 0.662158
v 0.0844564 0.302058 0.667371
v 0.0857233 0.253153 0.633992
v 0.0783605 0.251911 0.634454
v 0.0777993 0.253662 0.636305
v 0.0850245 0.254494 0.636589
v 0.0716546 0.251674 0.636398
v 0.0718675 0.249548 0.634797
v 0.102904 0.250744 0.638243
v 0.0935226 0.253325 0.634621
v 0.0928841 0.254271 0.638018
v 0.102075 0.251721 0.641917
v 0.105174 0.246485 0.634194
v 0.0959516 0.24949 0.630009
v 0.0939902 0.252407 0.63241
v 0.103497 0.249505 0.63616
v 0.0860553 0.252452 0.631733
v 0.0880636 0.249648 0.628846
v 0.0803863 0.248892 0.628541
v 0.0784304 0.251456 0.632012
v 0.0717116 0.249114 0.632207
v 0.0737249 0.246693 0.628493
v 0.0997615 0.233037 0.620331
v 0.0931092 0.231179 0.619379
v 0.0860128 0.241442 0.6239
v 0.0932647 0.242632 0.624565
v 0.079757 0.239185 0.623841
v 0.0873676 0.228714 0.619367
v 0.113963 0.232831 0.627892
v 0.106509 0.234372 0.622426
v 0.100624 0.24314 0.626151
v 0.108982 0.240721 0.63094
v 0.110034 0.215798 0.613932
v 0.103791 0.213216 0.611634
v 0.0990869 0.221122 0.615918
v 0.105353 0.223359 0.617384
v 0.0936742 0.218395 0.615776
v 0.0983159 0.21009 0.611185
v 0.123672 0.217159 0.625635
v 0.116648 0.21758 0.618297
v 0.111859 0.225 0.620352
v 0.118917 0.224136 0.626562
v 0.117813 0.209333 0.603218
v 0.110801 0.205469 0.59903
v 0.107627 0.208502 0.605036
v 0.114221 0.211704 0.608412
v 0.101625 0.20477 0.604194
v 0.104186 0.201103 0.597903
v 0.132014 0.212246 0.621437
v 0.124966 0.212114 0.610964
v 0.121129 0.213924 0.614639
v 0.128202 0.213799 0.623655
v 0.098064 0.196688 0.59905
v 0.0963437 0.200861 0.605437
v 0.0938669 0.206549 0.612438
v 0.0911637 0.197634 0.608191
v 0.0897215 0.203344 0.61484
v 0.0918684 0.193174 0.60186
v 0.0896178 0.215031 0.617006
v 0.083299 0.22521 0.620424
v 0.0860667 0.211662 0.619001
v 0.0800249 0.221314 0.621973
v 0.0853354 0.200834 0.618118
v 0.0822709 0.208608 0.621501
v 0.0767035 0.217426 0.623875
v 0.0792374 0.204164 0.626302
v 0.0742806 0.211913 0.628423
v 0.0818597 0.197176 0.623528
v 0.0853592 0.19099 0.606205
v 0.0857263 0.195464 0.61222
v 0.0814592 0.192291 0.618776
v 0.080263 0.188007 0.613719
v 0.0804273 0.191103 0.63228
v 0.0780706 0.197211 0.635033
v 0.073855 0.20374 0.637567
v 0.0785066 0.191002 0.646598
v 0.0753497 0.196295 0.649439
v 0.0804012 0.185862 0.64387
v 0.0782275 0.182678 0.625715
v 0.0797146 0.186655 0.628977
v 0.079755 0.181935 0.641888
v 0.0786181 0.178324 0.640456
v 0.080417 0.178432 0.656012
v 0.080625 0.1817 0.656401
v 0.0810151 0.184874 0.65748
v 0.0825881 0.185429 0.672753
v 0.0827539 0.187741 0.672752
v 0.0833567 0.182269 0.672708
v 0.0800736 0.188899 0.659416
v 0.078382 0.193003 0.661556
v 0.0828362 0.190335 0.672678
v 0.0825224 0.192999 0.6728
v 0.0873929 0.18801 0.690454
v 0.0860941 0.191448 0.690556
v 0.086213 0.19298 0.688813
v 0.0911204 0.19755 0.70557
v 0.0911776 0.198582 0.702267
v 0.0926236 0.193688 0.705223
v 0.0869021 0.193786 0.685508
v 0.0873759 0.194572 0.68245
v 0.0920145 0.197835 0.696001
v 0.0927317 0.196921 0.690029
v 0.0972707 0.202937 0.709945
v 0.0978712 0.201414 0.702378
v 0.0984496 0.199596 0.695079
v 0.104352 0.204755 0.704397
v 0.104487 0.202625 0.696976
v 0.104276 0.206551 0.712116
v 0.0990938 0.197915 0.713262
v 0.0974923 0.202032 0.713805
v 0.104898 0.205731 0.716112
v 0.106493 0.201771 0.715848
v 0.112048 0.209988 0.709645
v 0.11137 0.208127 0.702246
v 0.11078 0.206032 0.695318
v 0.118784 0.210653 0.696267
v 0.117082 0.209332 0.69075
v 0.120551 0.211915 0.702351
v 0.114529 0.206162 0.714616
v 0.113069 0.209469 0.713941
v 0.122042 0.211448 0.706282
v 0.123334 0.208819 0.707632
v 0.129314 0.211202 0.69039
v 0.126142 0.211553 0.687009
v 0.122996 0.212036 0.684007
v 0.131818 0.211576 0.675663
v 0.127704 0.214129 0.675134
v 0.136007 0.209413 0.676298
v 0.132642 0.207732 0.693472
v 0.131414 0.210109 0.692565
v 0.138714 0.207459 0.676427
v 0.140155 0.205096 0.676348
v 0.143602 0.203763 0.660764
v 0.141567 0.206054 0.661608
v 0.138385 0.208582 0.662596
v 0.140047 0.207071 0.648055
v 0.136407 0.20993 0.649365
v 0.142835 0.205001 0.646774
v 0.134125 0.211961 0.663367
v 0.130136 0.216098 0.66413
v 0.132332 0.214362 0.650394
v 0.128635 0.219937 0.651516
v 0.138468 0.208878 0.633581
v 0.135034 0.210605 0.635131
v 0.130862 0.213718 0.636502
v 0.1265 0.219521 0.63729
v 0.122314 0.226784 0.638419
v 0.118675 0.233763 0.640686
v 0.126045 0.225829 0.653075
v 0.11615 0.239223 0.64305
v 0.124561 0.230826 0.654607
v 0.127682 0.220595 0.665137
v 0.125169 0.217027 0.675343
v 0.126411 0.224564 0.666212
v 0.123739 0.219752 0.6761
v 0.115012 0.242434 0.644529
v 0.123799 0.234027 0.655714
v 0.114159 0.244208 0.646222
v 0.122582 0.236172 0.657065
v 0.125506 0.227296 0.667223
v 0.122477 0.221824 0.677166
v 0.123903 0.229295 0.66862
v 0.120572 0.223387 0.678932
v 0.121121 0.231449 0.67103
v 0.117838 0.22491 0.681975
v 0.119261 0.234971 0.675193
v 0.116463 0.227537 0.686991
v 0.120132 0.238492 0.659467
v 0.118046 0.24254 0.66319
v 0.11255 0.245892 0.649313
v 0.110759 0.24944 0.653253
v 0.111012 0.212722 0.691996
v 0.116039 0.217777 0.686569
v 0.113453 0.218721 0.690532
v 0.108524 0.21332 0.69663
v 0.11241 0.220881 0.696373
v 0.10738 0.2153 0.702977
v 0.114538 0.210551 0.688206
v 0.119531 0.21506 0.683187
v 0.118077 0.216616 0.684297
v 0.113059 0.211806 0.689343
v 0.100005 0.20537 0.697219
v 0.105568 0.208604 0.695808
v 0.103055 0.209151 0.7005
v 0.0974732 0.206087 0.701858
v 0.101276 0.210955 0.706917
v 0.0949755 0.207844 0.708345
v 0.103205 0.20316 0.693302
v 0.108979 0.206562 0.691911
v 0.107564 0.207726 0.693078
v 0.101897 0.204374 0.694493
v 0.114423 0.225708 0.704013
v 0.108854 0.220323 0.710612
v 0.116649 0.233442 0.712654
v 0.110506 0.228224 0.719209
v 0.118107 0.232435 0.694305
v 0.119932 0.240178 0.702653
v 0.101136 0.215612 0.714672
v 0.0930251 0.212046 0.716414
v 0.100967 0.223116 0.723406
v 0.0907593 0.219041 0.725456
v 0.0987264 0.233574 0.732954
v 0.0870186 0.229297 0.735068
v 0.0934389 0.249165 0.743896
v 0.0808303 0.244806 0.746008
v 0.109457 0.238945 0.728619
v 0.104772 0.254722 0.739294
v 0.115785 0.244429 0.721639
v 0.11106 0.260624 0.731613
v 0.118636 0.251447 0.710895
v 0.113563 0.267935 0.719987
v 0.0847036 0.271684 0.757008
v 0.0715834 0.267134 0.759273
v 0.0733486 0.299342 0.773091
v 0.0599253 0.294623 0.775634
v 0.0962978 0.277429 0.751906
v 0.0850578 0.305228 0.767393
v 0.102567 0.283562 0.743542
v 0.0913366 0.311481 0.758379
v 0.104886 0.290916 0.731248
v 0.093465 0.318956 0.745352
v 0.0604858 0.329849 0.792628
v 0.0468329 0.325136 0.795471
v 0.0471348 0.362509 0.814779
v 0.0333403 0.357858 0.817809
v 0.0723026 0.33578 0.786419
v 0.0590187 0.368446 0.808297
v 0.0785758 0.342177 0.776781
v 0.0652516 0.374981 0.79825
v 0.0803441 0.350173 0.762691
v 0.0666201 0.383585 0.783165
v 0.0522365 0.409329 0.821692
v 0.0461272 0.402727 0.831801
v 0.0402607 0.44353 0.844791
v 0.0345531 0.43699 0.854914
v 0.0532995 0.418246 0.806084
v 0.0409739 0.452461 0.828882
v 0.0343015 0.396776 0.838251
v 0.0204979 0.392116 0.841265
v 0.0230305 0.431112 0.861256
v 0.00936142 0.426496 0.864173
v 0.0140464 0.464218 0.882445
v 0.000634324 0.459819 0.885323
v 0.00675472 0.496729 0.902738
v -0.00639547 0.492588 0.905602
v 0.0249724 0.469843 0.876067
v 0.0170601 0.502025 0.896287
v 0.0298872 0.476164 0.865698
v 0.0211522 0.508013 0.885647
v 0.0300808 0.484886 0.849413
v 0.0208579 0.516349 0.869077
v 0.0138386 0.540028 0.906004
v 0.0102416 0.534408 0.916674
v 0.00724563 0.571617 0.925575
v 0.00394232 0.566299 0.936038
v 0.013279 0.547866 0.889464
v 0.00646222 0.57904 0.909365
v 0.000318151 0.52939 0.923081
v -0.0126698 0.525389 0.925898
v -0.0057544 0.561453 0.942271
v -0.0186343 0.557462 0.944987
v -0.0116648 0.59178 0.958902
v -0.0244201 0.587687 0.961458
v -0.0168046 0.619176 0.972923
v -0.0293981 0.614873 0.975262
v -0.00218363 0.596589 0.952947
v -0.00756798 0.624081 0.967308
v 0.000823161 0.60176 0.942856
v -0.00489041 0.629239 0.957655
v -0.000342839 0.608997 0.927181
v -0.00650429 0.636374 0.942553
v -0.0206421 0.642724 0.98462
v -0.0330412 0.638121 0.9867
v -0.0237632 0.662683 0.99429
v -0.0359917 0.657784 0.996115
v -0.011672 0.647836 0.979367
v -0.0149888 0.668021 0.989397
v -0.0093207 0.653066 0.970141
v -0.0128376 0.673355 0.980625
v -0.0112904 0.660021 0.955534
v -0.0149517 0.68013 0.966594
v -0.0269585 0.679922 1.00218
v -0.0390682 0.674839 1.0038
v -0.0307196 0.696583 1.00837
v -0.0426247 0.691515 1.00977
v -0.0182398 0.685398 0.99764
v -0.0220264 0.70199 1.0042
v -0.0160522 0.690789 0.989396
v -0.0195952 0.707223 0.996521
v -0.0180024 0.697436 0.976153
v -0.0210276 0.713485 0.984013
v -0.0239387 0.72401 1.00232
v -0.0267753 0.719265 1.00942
v -0.0288987 0.739314 1.00837
v -0.0323326 0.735213 1.01476
v -0.0244694 0.729402 0.990227
v -0.0281271 0.743807 0.996478
v -0.0352997 0.714199 1.01312
v -0.0467191 0.70934 1.01426
v -0.0402986 0.730601 1.01783
v -0.0506886 0.725805 1.01849
v -0.0451785 0.743317 1.02327
v -0.0539176 0.738186 1.02326
v -0.0495052 0.752355 1.02666
v -0.0566997 0.746962 1.02642
v -0.0382734 0.747522 1.02092
v -0.043668 0.75615 1.02443
v -0.0340886 0.751048 1.01536
v -0.0389652 0.759312 1.01919
v -0.031735 0.755105 1.00364
v -0.0354093 0.763313 1.00774
v -0.0430251 0.76476 1.01643
v -0.0476852 0.761689 1.02233
v -0.0460795 0.768082 1.0109
v -0.050394 0.764984 1.01773
v -0.0392021 0.768872 1.00536
v -0.0425266 0.772285 1.00026
v -0.0529314 0.758363 1.02552
v -0.0593711 0.753234 1.02602
v -0.055355 0.762057 1.02215
v -0.061527 0.75739 1.02365
v -0.0568271 0.764132 1.01929
v -0.0627666 0.759717 1.02128
v -0.0577664 0.765117 1.01677
v -0.063444 0.760796 1.01881
v -0.0521179 0.766855 1.01428
v -0.0532986 0.767764 1.01173
v -0.0481198 0.769927 1.00704
v -0.0495443 0.770763 1.00456
v -0.0448521 0.774058 0.99682
v -0.0465107 0.774669 0.994767
v -0.0502252 0.771071 0.990644
v -0.052722 0.768058 0.999292
v -0.0508751 0.77063 1.00215
v -0.0480762 0.774185 0.992855
v -0.0544139 0.76774 1.00903
v -0.0559674 0.76543 1.00569
v -0.0600394 0.763068 1.01013
v -0.0586773 0.765165 1.01383
v -0.0640918 0.760957 1.01571
v -0.0652027 0.759237 1.01183
v -0.0560661 0.756981 0.986246
v -0.057739 0.755382 0.993236
v -0.0553728 0.762094 0.99596
v -0.0532827 0.764365 0.988128
v -0.0581742 0.759963 1.00169
v -0.0600684 0.753758 0.998281
v -0.0636886 0.752288 1.00197
v -0.0620358 0.758036 1.00576
v -0.0669603 0.754971 1.00739
v -0.0683522 0.749986 1.00354
v -0.0587698 0.750641 0.992092
v -0.0607304 0.74931 0.996575
v -0.058942 0.747295 0.991933
v -0.0606057 0.746117 0.995943
v -0.0574285 0.75189 0.985827
v -0.0578739 0.748403 0.986314
v -0.0640754 0.74811 0.999877
v -0.0684253 0.746183 1.00129
v -0.0636563 0.745061 0.998846
v -0.0676599 0.743247 1.00005
v -0.0801675 0.742961 0.999044
v -0.073745 0.746225 1.00228
v -0.0732933 0.742907 1.00014
v -0.0789055 0.739671 0.997123
v -0.072074 0.740026 0.998964
v -0.0771451 0.736734 0.99618
v -0.0942345 0.741323 0.989163
v -0.0876133 0.741924 0.994777
v -0.0852778 0.737786 0.993056
v -0.0908713 0.736253 0.987842
v -0.082948 0.734663 0.992386
v -0.0880806 0.73294 0.987572
v -0.0729835 0.750071 1.00596
v -0.0718513 0.753162 1.01025
v -0.080621 0.746647 1.00254
v -0.08071 0.74952 1.00667
v -0.0898983 0.747437 0.998185
v -0.0918297 0.752079 1.00226
v -0.0984008 0.748879 0.992165
v -0.102234 0.755539 0.995797
v -0.0712439 0.754296 1.01407
v -0.0709813 0.753959 1.01717
v -0.0809187 0.750465 1.01035
v -0.081139 0.749988 1.01337
v -0.0931307 0.753712 1.00581
v -0.0938757 0.753232 1.00869
v -0.104612 0.758035 0.998866
v -0.105832 0.757664 1.00129
v -0.0804434 0.746058 1.01785
v -0.0696448 0.750307 1.02173
v -0.0706086 0.752785 1.01961
v -0.0810965 0.748707 1.01578
v -0.106404 0.753221 1.00497
v -0.0938303 0.748903 1.01306
v -0.0941625 0.751838 1.01103
v -0.106421 0.756259 1.00326
v -0.10398 0.740312 1.00595
v -0.0908181 0.737078 1.01478
v -0.092705 0.743719 1.01474
v -0.105659 0.747706 1.00629
v -0.0789568 0.741497 1.01958
v -0.0769874 0.735735 1.0198
v -0.0656208 0.740094 1.02381
v -0.067806 0.745986 1.0236
v -0.0724101 0.718863 1.01382
v -0.06116 0.721541 1.0172
v -0.0635738 0.732614 1.02121
v -0.0748836 0.729065 1.01753
v -0.0980724 0.719541 0.998024
v -0.0852708 0.718499 1.00789
v -0.0882747 0.729448 1.01215
v -0.101286 0.731475 1.00286
v -0.0919376 0.685883 0.986665
v -0.0788742 0.68458 0.997952
v -0.0820398 0.702455 1.00323
v -0.0948925 0.703359 0.992634
v -0.0693405 0.703121 1.00981
v -0.0660671 0.68522 1.0051
v -0.0542851 0.687608 1.00882
v -0.057885 0.7055 1.01327
v -0.0602547 0.652038 0.991407
v -0.0480795 0.654126 0.99531
v -0.0510033 0.670968 1.00289
v -0.0630317 0.668662 0.999022
v -0.0867001 0.653961 0.971673
v -0.0733383 0.6518 0.983727
v -0.0760024 0.668194 0.991528
v -0.0892582 0.669966 0.979787
v -0.0802708 0.613135 0.950196
v -0.067036 0.610671 0.96288
v -0.0705999 0.633008 0.974328
v -0.0839512 0.635413 0.961969
v -0.0575101 0.633012 0.982134
v -0.0540075 0.610456 0.970813
v -0.0417326 0.611907 0.974713
v -0.0452615 0.634796 0.986029
v -0.0692702 0.557612 0.919103
v -0.0562514 0.554999 0.932302
v -0.0620647 0.584322 0.948939
v -0.0751296 0.586724 0.935928
v -0.0491063 0.583892 0.957024
v -0.0433284 0.554237 0.940499
v -0.0310757 0.555043 0.944523
v -0.0368307 0.585025 0.960976
v -0.0572125 0.496075 0.879765
v -0.0438086 0.491847 0.892807
v -0.0502362 0.523961 0.913131
v -0.0634501 0.527345 0.899982
v -0.0372931 0.52269 0.921339
v -0.0308461 0.49016 0.90097
v -0.0187587 0.490397 0.905089
v -0.0250942 0.523149 0.925419
v -0.0145625 0.423759 0.859405
v -0.00282708 0.424072 0.863596
v -0.0116364 0.457514 0.884771
v -0.0235441 0.457267 0.880621
v -0.040572 0.430191 0.838222
v -0.0274278 0.42548 0.85129
v -0.0364714 0.459035 0.872498
v -0.0498133 0.463663 0.859445
v -0.0154802 0.36108 0.792199
v -0.00281877 0.356793 0.80476
v -0.0160668 0.391188 0.828288
v -0.0290208 0.395856 0.815366
v -0.0032703 0.389433 0.83643
v 0.00980879 0.35515 0.812892
v 0.021295 0.355446 0.817197
v 0.00835821 0.389703 0.840682
v 0.0378064 0.291315 0.770973
v 0.0485044 0.292007 0.774998
v 0.0350171 0.322588 0.794791
v 0.0238284 0.322047 0.790507
v 0.0143913 0.295057 0.752026
v 0.0260435 0.292235 0.763339
v 0.0115589 0.323261 0.782513
v -0.000606007 0.32671 0.770525
v 0.0401255 0.247046 0.726588
v 0.0509913 0.243844 0.73666
v 0.0395477 0.265389 0.74844
v 0.0282584 0.268351 0.737782
v 0.0507077 0.264241 0.755459
v 0.0614202 0.242471 0.743042
v 0.070663 0.242658 0.745924
v 0.0607263 0.264713 0.758904
v 0.0571113 0.219851 0.707258
v 0.0663388 0.217534 0.71652
v 0.0596654 0.2282 0.726382
v 0.049512 0.231046 0.716791
v 0.0692047 0.227116 0.732363
v 0.0748924 0.216804 0.72244
v 0.0824737 0.217103 0.725271
v 0.0776553 0.22729 0.735051
v 0.0692764 0.207963 0.688681
v 0.0766114 0.206121 0.697454
v 0.0719465 0.210567 0.706523
v 0.063708 0.21267 0.697445
v 0.0795196 0.209793 0.712691
v 0.0833745 0.20536 0.703772
v 0.0892377 0.205948 0.707356
v 0.0861384 0.210183 0.715872
v 0.0889646 0.201404 0.691391
v 0.0945545 0.202922 0.695483
v 0.0921134 0.203948 0.700438
v 0.0865323 0.202916 0.696537
v 0.0768403 0.20139 0.678285
v 0.0829836 0.200949 0.6858
v 0.0802775 0.203139 0.690508
v 0.0736414 0.204295 0.682359
v 0.0805378 0.197296 0.674395
v 0.0861233 0.197344 0.681733
v 0.084837 0.199063 0.68308
v 0.079018 0.199186 0.675849
v 0.0906677 0.199889 0.688464
v 0.0918383 0.198379 0.687216
v 0.0975075 0.200375 0.691418
v 0.0963079 0.201711 0.692623
v 0.0982939 0.199381 0.691714
v 0.0926186 0.197191 0.687331
v 0.1041 0.202248 0.693581
v 0.0870552 0.195787 0.681316
v 0.0817233 0.195305 0.673385
v 0.0704161 0.203459 0.65349
v 0.0752829 0.198645 0.664633
v 0.0734678 0.200623 0.666152
v 0.0683219 0.205582 0.655095
v 0.0709292 0.202975 0.668472
v 0.0658252 0.207908 0.657483
v 0.0768096 0.196237 0.663242
v 0.0726316 0.200483 0.651724
v 0.0636685 0.223451 0.634255
v 0.0661757 0.212977 0.642589
v 0.0638781 0.215416 0.64436
v 0.0612045 0.226215 0.636223
v 0.0621334 0.217577 0.64693
v 0.0604 0.228163 0.638899
v 0.0696149 0.20913 0.640239
v 0.0684861 0.218615 0.631369
v 0.0600493 0.220694 0.651534
v 0.0599178 0.230803 0.64378
v 0.0564478 0.22544 0.657229
v 0.0579162 0.235204 0.649334
v 0.0623756 0.211458 0.661503
v 0.0574603 0.216421 0.667067
v 0.0672571 0.206418 0.672275
v 0.0622425 0.210904 0.678058
v 0.0632902 0.241085 0.633977
v 0.0609512 0.23573 0.634941
v 0.0613192 0.238308 0.639211
v 0.0637959 0.243728 0.637134
v 0.0601867 0.242818 0.643801
v 0.0658674 0.236857 0.628942
v 0.0638082 0.231084 0.630195
v 0.0611943 0.233988 0.632365
v 0.0632704 0.23968 0.631512
v 0.066883 0.245773 0.63436
v 0.0671049 0.248243 0.636484
v 0.0690249 0.242342 0.628569
v 0.066714 0.244918 0.631827
v 0.0559531 0.25004 0.647394
v 0.049415 0.260392 0.651558
v 0.052978 0.24223 0.653987
v 0.045889 0.25236 0.658994
v 0.0696979 0.22536 0.627054
v 0.0723074 0.230363 0.625492
v 0.0754233 0.235201 0.624468
v 0.0504725 0.232366 0.662923
v 0.0428375 0.242099 0.66914
v 0.0507911 0.222966 0.673841
v 0.042943 0.232002 0.681455
v 0.0343557 0.255249 0.676691
v 0.0376739 0.265992 0.666
v 0.0246621 0.27227 0.685924
v 0.0281104 0.283574 0.67539
v 0.0344411 0.244507 0.689682
v 0.0247493 0.260974 0.698875
v 0.0416528 0.274236 0.658204
v 0.0324842 0.292075 0.667725
v 0.0132127 0.293662 0.697119
v 0.0168136 0.305505 0.687226
v -7.44884e-05 0.320273 0.710753
v 0.00399427 0.331933 0.701549
v 0.013184 0.281948 0.709623
v -0.000467117 0.308678 0.72288
v 0.0215848 0.314281 0.68007
v 0.0269337 0.320238 0.675205
v 0.00932308 0.340565 0.694947
v 0.0152611 0.346427 0.690437
v 0.0327811 0.324337 0.672117
v 0.0392887 0.326953 0.670594
v 0.0216591 0.350477 0.687532
v 0.0286095 0.353126 0.686014
v 0.00978804 0.379572 0.704811
v 0.0170915 0.382217 0.703242
v -0.00201569 0.410329 0.723679
v 0.00554118 0.41295 0.721996
v 0.00289169 0.375698 0.707666
v -0.00932231 0.406684 0.726637
v -0.00367968 0.370253 0.712025
v -0.0164852 0.401796 0.73107
v -0.00983105 0.362527 0.718342
v -0.0235182 0.395289 0.737382
v -0.0282375 0.433664 0.751771
v -0.0206178 0.43808 0.74709
v -0.0387277 0.465264 0.773434
v -0.0307975 0.46934 0.768452
v -0.03598 0.428149 0.758273
v -0.0469843 0.460426 0.78016
v -0.0130215 0.441534 0.743907
v -0.00531182 0.444138 0.742061
v -0.0230256 0.472643 0.765022
v -0.0152405 0.475204 0.763044
v -0.031941 0.503252 0.786477
v -0.0241328 0.505717 0.784466
v -0.0396201 0.532847 0.807684
v -0.0318332 0.535199 0.805684
v -0.0397938 0.500084 0.790086
v -0.0474923 0.529835 0.811421
v -0.0479013 0.496236 0.795311
v -0.0556741 0.526198 0.816838
v -0.0564911 0.491792 0.802154
v -0.0643739 0.521947 0.823724
v -0.0620704 0.554862 0.837458
v -0.053868 0.558205 0.831873
v -0.0675763 0.582333 0.856453
v -0.0593019 0.585266 0.850746
v -0.0706666 0.550733 0.844382
v -0.0761325 0.578548 0.863471
v -0.0459954 0.561008 0.828032
v -0.0382623 0.563272 0.82603
v -0.0513798 0.587801 0.846878
v -0.0436868 0.59 0.844903
v -0.0561011 0.613326 0.863729
v -0.0483884 0.615482 0.861851
v -0.0601677 0.637328 0.878735
v -0.0523603 0.63951 0.876958
v -0.0641758 0.611097 0.867513
v -0.0684694 0.63535 0.88245
v -0.0726534 0.608671 0.873282
v -0.0772035 0.633368 0.888271
v -0.0814628 0.605631 0.880476
v -0.0863324 0.631026 0.895611
v -0.0634558 0.659142 0.891966
v -0.0554848 0.661466 0.890215
v -0.0656333 0.676801 0.902536
v -0.0574886 0.679411 0.900706
v -0.0720132 0.657302 0.895783
v -0.0744445 0.675154 0.906739
v -0.0809904 0.655633 0.901769
v -0.0837861 0.674108 0.913331
v -0.0902806 0.653573 0.909176
v -0.0933235 0.672483 0.921081
v -0.094881 0.627915 0.90427
v -0.0988661 0.650539 0.917651
v -0.101845 0.669197 0.929235
v -0.102026 0.646122 0.929299
v -0.104828 0.664369 0.940185
v -0.098101 0.623588 0.916351
v -0.0839937 0.573564 0.871779
v -0.0896203 0.601599 0.888988
v -0.0926026 0.596662 0.901136
v -0.0867518 0.56786 0.883857
v -0.0808127 0.562191 0.901232
v -0.0867165 0.591251 0.918329
v -0.0921111 0.618045 0.933118
v -0.0959233 0.640422 0.945458
v -0.0986647 0.658692 0.955673
v -0.1045 0.684486 0.938834
v -0.0959018 0.687555 0.930801
v -0.107989 0.698798 0.945025
v -0.0996812 0.700581 0.936441
v -0.1073 0.679446 0.949231
v -0.109936 0.693915 0.956296
v -0.101116 0.6741 0.9642
v -0.103552 0.689171 0.97145
v -0.106075 0.705647 0.977807
v -0.112876 0.709358 0.961663
v -0.108651 0.720944 0.98346
v -0.115368 0.722755 0.966839
v -0.1136 0.715082 0.946432
v -0.105621 0.712967 0.936483
v -0.110887 0.723128 0.933461
v -0.116841 0.726262 0.938914
v -0.11863 0.728769 0.943691
v -0.117761 0.725435 0.951982
v -0.111209 0.732536 0.988104
v -0.11724 0.732948 0.970902
v -0.113282 0.741166 0.991082
v -0.118439 0.740525 0.973603
v -0.119479 0.733578 0.955236
v -0.119624 0.734342 0.944005
v -0.120123 0.740153 0.957875
v -0.119917 0.740149 0.946433
v -0.118464 0.734013 0.937782
v -0.113319 0.730752 0.93341
v -0.11871 0.739707 0.940252
v -0.113703 0.736035 0.935884
v -0.120033 0.744796 0.959994
v -0.119464 0.744107 0.949062
v -0.119354 0.74764 0.961549
v -0.118387 0.746257 0.951233
v -0.118917 0.746176 0.975116
v -0.118764 0.749984 0.975785
v -0.118148 0.743222 0.943204
v -0.11326 0.739215 0.938834
v -0.116968 0.744952 0.945737
v -0.112263 0.740749 0.941467
v -0.115036 0.745047 0.947505
v -0.110523 0.7408 0.943321
v -0.111316 0.742112 0.948179
v -0.106943 0.738162 0.944003
v -0.116628 0.746726 0.952779
v -0.113457 0.744342 0.953554
v -0.11808 0.748794 0.96256
v -0.115821 0.747759 0.963064
v -0.118049 0.751948 0.975953
v -0.116655 0.752327 0.975775
v -0.110338 0.747199 0.974469
v -0.107259 0.737664 0.962764
v -0.112196 0.744027 0.96311
v -0.114311 0.751144 0.975316
v -0.108371 0.738138 0.953525
v -0.102437 0.729271 0.953112
v -0.0985481 0.725098 0.946965
v -0.105181 0.734999 0.947685
v -0.100896 0.731787 0.943463
v -0.0945343 0.722631 0.942968
v -0.0985424 0.732464 0.972598
v -0.0959001 0.722336 0.962491
v -0.101399 0.729437 0.962264
v -0.104475 0.739923 0.973281
v -0.0969179 0.719714 0.952915
v -0.0922857 0.712571 0.95382
v -0.0896078 0.707251 0.948683
v -0.0934216 0.714708 0.947097
v -0.0900402 0.712585 0.943824
v -0.0869375 0.70528 0.946186
v -0.0918636 0.718927 0.96417
v -0.0886717 0.710181 0.956455
v -0.0887623 0.717853 0.966735
v -0.085638 0.710692 0.960119
v -0.0943018 0.727899 0.973163
v -0.0911969 0.725284 0.974504
v -0.0864404 0.705258 0.951967
v -0.0842546 0.703537 0.949828
v -0.0835581 0.706582 0.956222
v -0.0816969 0.705197 0.954157
v -0.0775107 0.704596 0.944073
v -0.0829421 0.704613 0.944879
v -0.0808285 0.703535 0.948632
v -0.0760242 0.704543 0.947694
v -0.0788345 0.705527 0.952623
v -0.0747357 0.706928 0.951112
v -0.0644484 0.707088 0.942193
v -0.0710043 0.705149 0.943295
v -0.0701341 0.70617 0.946595
v -0.0640252 0.708519 0.945259
v -0.0695497 0.708922 0.949433
v -0.0639786 0.711326 0.947874
v -0.0853988 0.710652 0.941662
v -0.0888381 0.718831 0.939512
v -0.0793657 0.70857 0.940218
v -0.0816485 0.714139 0.936793
v -0.072318 0.706967 0.939292
v -0.0737214 0.710249 0.935242
v -0.0654252 0.707976 0.938417
v -0.0663345 0.710382 0.934442
v -0.093544 0.725724 0.938703
v -0.0979637 0.730189 0.938233
v -0.0842539 0.71856 0.934381
v -0.0865302 0.721232 0.932548
v -0.0748166 0.713266 0.931855
v -0.0755428 0.715369 0.929166
v -0.0665685 0.713157 0.930882
v -0.0663716 0.715491 0.927994
v -0.0884166 0.721699 0.928695
v -0.101789 0.731653 0.935073
v -0.100572 0.731921 0.937038
v -0.0878733 0.722169 0.93071
v -0.0654978 0.716633 0.924049
v -0.0758156 0.715834 0.925096
v -0.0759026 0.71624 0.927011
v -0.0660743 0.716746 0.925838
v -0.0633325 0.71281 0.92078
v -0.0745035 0.711814 0.9216
v -0.0752565 0.714237 0.923211
v -0.0644673 0.715115 0.92229
v -0.0884528 0.720155 0.926516
v -0.0881749 0.717581 0.924508
v -0.102523 0.727311 0.930044
v -0.102378 0.730158 0.932596
v -0.0855085 0.70922 0.922014
v -0.0994887 0.716483 0.9273
v -0.101995 0.722801 0.927982
v -0.0875209 0.713946 0.923006
v -0.0614103 0.707654 0.918256
v -0.0723402 0.705589 0.91922
v -0.0737244 0.708918 0.920445
v -0.0624163 0.710336 0.919666
v -0.0588753 0.699526 0.912359
v -0.067733 0.696395 0.91427
v -0.0699651 0.701652 0.917289
v -0.0600498 0.704398 0.915827
v -0.0815685 0.703362 0.921193
v -0.0777063 0.696308 0.919163
v -0.0888333 0.69874 0.927305
v -0.0942484 0.708334 0.928117
v -0.0857811 0.687923 0.922217
v -0.0757747 0.68759 0.914512
v -0.0666427 0.688752 0.909702
v -0.0583082 0.691744 0.90773
v -0.0438347 0.714195 0.915685
v -0.050846 0.705549 0.912756
v -0.0519004 0.711871 0.915997
v -0.0452323 0.723095 0.918204
v -0.0532963 0.716278 0.918231
v -0.0471493 0.7297 0.919596
v -0.0434299 0.687991 0.903001
v -0.0500821 0.683125 0.90094
v -0.0505845 0.696467 0.908134
v -0.0436832 0.702938 0.910877
v -0.0382407 0.645105 0.87791
v -0.0450825 0.642057 0.876779
v -0.0482272 0.66449 0.890218
v -0.0415942 0.668287 0.891697
v -0.0320224 0.698328 0.911491
v -0.0374871 0.693667 0.906642
v -0.0378127 0.71061 0.915828
v -0.03277 0.716541 0.922044
v -0.0380449 0.724405 0.921307
v -0.0332594 0.732064 0.928647
v -0.0253002 0.652491 0.884075
v -0.0317014 0.648693 0.880212
v -0.0354316 0.672704 0.894461
v -0.0295406 0.676825 0.89863
v -0.0134719 0.598368 0.850308
v -0.021102 0.595997 0.847379
v -0.0267713 0.622907 0.864618
v -0.0197115 0.626064 0.868059
v -0.0337929 0.620064 0.862618
v -0.0285642 0.5938 0.845628
v -0.0360842 0.591895 0.844663
v -0.0409712 0.617652 0.861612
v -0.000348173 0.541379 0.809385
v -0.00827795 0.540001 0.80713
v -0.0150138 0.568359 0.828115
v -0.00712928 0.5701 0.830593
v -0.0227383 0.56661 0.826625
v -0.0160885 0.538431 0.805957
v -0.0239642 0.536936 0.805314
v -0.030498 0.56502 0.825761
v 0.000556671 0.478838 0.762306
v -0.00733237 0.477136 0.762341
v -0.0162278 0.507554 0.783916
v -0.00834096 0.509154 0.784217
v 0.0164766 0.481629 0.765091
v 0.00834898 0.480554 0.762689
v -0.000559919 0.510806 0.784999
v 0.00739306 0.512073 0.787332
v 0.0392568 0.416512 0.723731
v 0.029932 0.417003 0.721431
v 0.0185614 0.449137 0.74122
v 0.0271492 0.449616 0.743456
v 0.010572 0.447658 0.741119
v 0.021555 0.416078 0.721218
v 0.0134318 0.414755 0.721356
v 0.00259987 0.446051 0.741333
v 0.0446195 0.355152 0.686432
v 0.0362452 0.354628 0.68572
v 0.0248992 0.383877 0.70276
v 0.0331905 0.384794 0.702987
v 0.0649725 0.351981 0.692194
v 0.0539228 0.354614 0.688201
v 0.0420776 0.384948 0.703882
v 0.0523214 0.383287 0.706906
v 0.0643725 0.327672 0.67405
v 0.0758411 0.324612 0.678765
v 0.0549389 0.328565 0.671627
v 0.0466493 0.328303 0.670492
v 0.0883478 0.338115 0.711903
v 0.0777603 0.34633 0.699769
v 0.0640223 0.378712 0.713835
v 0.0739911 0.370973 0.726192
v 0.049742 0.413333 0.730295
v 0.0590009 0.406288 0.743177
v 0.109289 0.287649 0.688485
v 0.0981054 0.296136 0.675985
v 0.0893077 0.318512 0.686904
v 0.10035 0.309991 0.699149
v 0.0930921 0.328354 0.728477
v 0.0791734 0.360573 0.744147
v 0.0646128 0.395173 0.762798
v 0.113797 0.277536 0.704398
v 0.104924 0.300196 0.715195
v 0.120966 0.249555 0.688777
v 0.119134 0.261167 0.696037
v 0.114866 0.271323 0.680487
v 0.117402 0.259225 0.674108
v 0.107533 0.26656 0.661965
v 0.10402 0.279312 0.667873
v 0.109388 0.25646 0.657335
v 0.117725 0.249559 0.668243
v 0.120027 0.240938 0.681494
v 0.0365749 0.447792 0.750153
v 0.0450871 0.441689 0.763657
v 0.0251148 0.480849 0.771707
v 0.0329033 0.475674 0.785271
v 0.0508024 0.430434 0.784517
v 0.03835 0.464709 0.806674
v 0.0276024 0.496875 0.826891
v 0.0186484 0.527835 0.846516
v 0.0227253 0.507396 0.80568
v 0.0143753 0.53776 0.825778
v 0.0155663 0.511887 0.793056
v 0.00763838 0.541633 0.814207
v 0.000825279 0.570974 0.835373
v 0.00739339 0.567861 0.846701
v -0.00574152 0.600075 0.855665
v 0.000647982 0.597817 0.867315
v 0.0112896 0.558695 0.867127
v 0.00443663 0.589339 0.887502
v -0.00277991 0.619098 0.905994
v -0.0094599 0.646309 0.922047
v -0.00668778 0.627175 0.886148
v -0.0135486 0.654193 0.902647
v -0.0126534 0.628672 0.874115
v -0.0190305 0.655475 0.890531
v -0.0145605 0.669528 0.935582
v -0.0182373 0.689179 0.94734
v -0.0187075 0.677312 0.916713
v -0.0221837 0.696982 0.92915
v -0.0238329 0.679238 0.904993
v -0.026854 0.699921 0.91789
v -0.0209587 0.706189 0.957922
v -0.0232437 0.721611 0.966547
v -0.0243673 0.714086 0.940492
v -0.0258853 0.72924 0.949301
v -0.0283023 0.717825 0.92923
v -0.029215 0.733423 0.937178
v -0.0305697 0.747073 0.940448
v -0.0273313 0.742883 0.954455
v -0.0322757 0.758521 0.941786
v -0.0289275 0.755032 0.958056
v -0.034849 0.745445 0.930383
v -0.0369741 0.755985 0.930262
v -0.0255304 0.736206 0.972667
v -0.0278802 0.749432 0.978064
v -0.0340772 0.767412 0.944118
v -0.0308273 0.765464 0.962199
v -0.0361271 0.773621 0.947065
v -0.033281 0.773422 0.965737
v -0.0388226 0.763016 0.931454
v -0.0405128 0.767238 0.93385
v -0.0303345 0.760498 0.98409
v -0.0332288 0.768901 0.988064
v -0.0396716 0.736004 0.923007
v -0.0418938 0.744845 0.923216
v -0.0436459 0.750365 0.924263
v -0.045081 0.753514 0.926286
v -0.0486297 0.733967 0.920947
v -0.0498763 0.73669 0.922661
v -0.0544199 0.719427 0.919715
v -0.0554942 0.721897 0.921076
v -0.056804 0.724021 0.922835
v -0.0512383 0.738594 0.924834
v -0.058047 0.725219 0.924742
v -0.0524929 0.739278 0.927004
v -0.04652 0.755298 0.928815
v -0.0422573 0.769466 0.936557
v -0.0477359 0.755448 0.931155
v -0.0437125 0.769611 0.938838
v -0.048479 0.753562 0.932755
v -0.0445376 0.767502 0.940194
v -0.0489556 0.750013 0.933891
v -0.044958 0.76355 0.940918
v -0.0533879 0.73825 0.928743
v -0.0541249 0.735785 0.93033
v -0.0589059 0.72488 0.926505
v -0.0595913 0.723159 0.928452
v -0.060434 0.716898 0.933951
v -0.0602735 0.720396 0.930955
v -0.0548606 0.732194 0.932119
v -0.0551172 0.727166 0.934091
v -0.0496521 0.73812 0.935748
v -0.0493939 0.745104 0.934923
v -0.0453135 0.75801 0.941362
v -0.0458366 0.749921 0.941304
v -0.0587666 0.711051 0.940579
v -0.0596742 0.713232 0.937249
v -0.0545283 0.72088 0.936215
v -0.0538091 0.716076 0.938814
v -0.0495486 0.721547 0.937961
v -0.0496034 0.729026 0.936403
v -0.0466473 0.739117 0.940772
v -0.0475228 0.729829 0.941357
v -0.0585225 0.711675 0.943725
v -0.0537095 0.715171 0.942158
v -0.0587372 0.714003 0.946743
v -0.0540374 0.7167 0.945944
v -0.0497942 0.719049 0.941346
v -0.0482265 0.72593 0.944449
v -0.0502408 0.719691 0.945847
v -0.0488085 0.725456 0.94909
v -0.051853 0.753313 0.964592
v -0.0489058 0.742287 0.951415
v -0.0500273 0.737341 0.953797
v -0.0532601 0.747829 0.966026
v -0.0507294 0.735442 0.957652
v -0.0540027 0.744742 0.968621
v -0.0542679 0.757468 0.976616
v -0.0557631 0.752029 0.977079
v -0.0564126 0.7485 0.978496
v -0.051458 0.765701 0.977693
v -0.0494126 0.762406 0.96503
v -0.0483707 0.773496 0.979434
v -0.0467539 0.771578 0.966245
v -0.0471468 0.751951 0.951408
v -0.0453357 0.762493 0.952404
v -0.0460835 0.777616 0.980847
v -0.0447261 0.777186 0.967001
v -0.0443299 0.778908 0.981933
v -0.0431308 0.779863 0.967303
v -0.0440634 0.769817 0.952849
v -0.0431373 0.7743 0.952737
v -0.0400814 0.77751 0.984873
v -0.0425158 0.778871 0.983035
v -0.0414999 0.780982 0.967423
v -0.0393326 0.780584 0.967461
v -0.0407037 0.778199 0.951372
v -0.0421607 0.777124 0.952326
v -0.0385193 0.777137 0.949595
v -0.0363611 0.778296 0.967248
v -0.0367356 0.774401 0.987517
v -0.0980692 0.738705 0.981726
v -0.0940446 0.733489 0.981216
v -0.0910151 0.730201 0.981596
v -0.103541 0.746681 0.98366
v -0.108737 0.753869 0.986117
v -0.111934 0.756806 0.988085
v -0.113569 0.756757 0.989543
v -0.114756 0.752928 0.991545
v -0.114456 0.755598 0.99068
v -0.114431 0.748024 0.991974
v -0.0758211 0.510716 0.844709
v -0.0694525 0.503054 0.862084
v -0.0753812 0.532971 0.882201
v -0.0815963 0.539527 0.864871
v -0.0727555 0.516973 0.832305
v -0.0787422 0.54559 0.852731
v -0.0577308 0.447392 0.802271
v -0.0520196 0.438348 0.820227
v -0.0617874 0.471495 0.841568
v -0.0678884 0.480006 0.823836
v -0.0548074 0.454701 0.789165
v -0.0647758 0.486664 0.811009
v -0.0315545 0.377666 0.758775
v -0.0261019 0.36848 0.77547
v -0.0400659 0.403915 0.797759
v -0.0456002 0.4132 0.78018
v -0.0297118 0.386985 0.746191
v -0.0431111 0.421385 0.767208
v 0.004822 0.300284 0.737582
v -0.0106272 0.332894 0.754983
v -0.0159421 0.341659 0.739399
v -0.0148763 0.352298 0.727193
v 0.0305133 0.252549 0.713232
v 0.0187067 0.273569 0.724017
v 0.0483944 0.224522 0.694892
v 0.040176 0.236351 0.703834
v 0.0558321 0.216506 0.685959
v 0.110019 0.20567 0.692161
v 0.115752 0.209446 0.688296
v 0.120929 0.213339 0.682874
v 0.141527 0.197298 0.676061
v 0.14554 0.197878 0.6601
v 0.144776 0.201062 0.660391
v 0.140945 0.201731 0.676383
v 0.144616 0.202824 0.645865
v 0.145865 0.200387 0.64511
v 0.142528 0.204633 0.631472
v 0.140794 0.20695 0.632414
v 0.134731 0.210256 0.620019
v 0.136892 0.20757 0.619059
v 0.146391 0.182063 0.670569
v 0.149863 0.185891 0.655774
v 0.146641 0.193725 0.659109
v 0.142641 0.191434 0.674576
v 0.147347 0.197116 0.643896
v 0.150332 0.190008 0.640592
v 0.147249 0.19422 0.626802
v 0.144415 0.201432 0.630153
v 0.139181 0.2038 0.617707
v 0.141955 0.196066 0.614474
v 0.134812 0.174465 0.69153
v 0.140973 0.178237 0.682938
v 0.136282 0.189595 0.68853
v 0.129154 0.186974 0.698377
v 0.13447 0.197729 0.691802
v 0.126361 0.196673 0.703401
v 0.133509 0.203669 0.693309
v 0.12465 0.203916 0.706574
v 0.112649 0.186573 0.706711
v 0.119074 0.192241 0.707621
v 0.116495 0.200212 0.712108
v 0.10916 0.194897 0.712009
v 0.123638 0.167535 0.69611
v 0.128949 0.170874 0.695598
v 0.122685 0.182699 0.702215
v 0.116987 0.177932 0.701735
v 0.101026 0.178425 0.697012
v 0.106711 0.182107 0.703419
v 0.102352 0.19062 0.708938
v 0.0961521 0.186659 0.701633
v 0.113757 0.161795 0.689033
v 0.118795 0.164499 0.694086
v 0.111795 0.173977 0.698907
v 0.106632 0.170687 0.693238
v 0.0899625 0.171201 0.672049
v 0.095441 0.174688 0.686339
v 0.0906906 0.181926 0.688759
v 0.08594 0.177252 0.672612
v 0.100631 0.157272 0.667259
v 0.107813 0.15942 0.680193
v 0.101044 0.167657 0.683811
v 0.0948678 0.164916 0.670476
v 0.0858108 0.155705 0.632709
v 0.0924999 0.155543 0.650584
v 0.0883623 0.162867 0.653696
v 0.0831849 0.162969 0.635602
v 0.084827 0.168736 0.655327
v 0.0810219 0.168775 0.637674
v 0.0819446 0.174024 0.655877
v 0.0792004 0.173925 0.639177
v 0.0847838 0.163287 0.604535
v 0.083025 0.158854 0.616576
v 0.0811213 0.166206 0.618801
v 0.0830708 0.170605 0.606112
v 0.0796806 0.172185 0.620927
v 0.0817674 0.176658 0.60794
v 0.0783954 0.177779 0.623106
v 0.0805345 0.182644 0.610223
v 0.0951377 0.183109 0.597459
v 0.0876076 0.179933 0.600795
v 0.0861099 0.185698 0.602632
v 0.0932449 0.188343 0.598675
v 0.0987868 0.170761 0.594619
v 0.0907867 0.167151 0.597925
v 0.0891291 0.174145 0.599381
v 0.0970626 0.177569 0.596333
v 0.10912 0.192867 0.59463
v 0.102259 0.187619 0.595455
v 0.100004 0.192434 0.596258
v 0.10658 0.197401 0.595328
v 0.114173 0.179162 0.590975
v 0.106591 0.17479 0.592253
v 0.104628 0.181954 0.594319
v 0.111873 0.186944 0.593298
v 0.129261 0.188583 0.595581
v 0.121863 0.183702 0.591658
v 0.119238 0.191964 0.594062
v 0.12644 0.197014 0.598105
v 0.116251 0.197928 0.595598
v 0.123456 0.202594 0.59972
v 0.113529 0.202229 0.596468
v 0.120725 0.20653 0.600779
v 0.130399 0.206454 0.607971
v 0.127878 0.209777 0.609016
v 0.135925 0.193522 0.603598
v 0.133103 0.201738 0.606474
v 0.123519 0.172904 0.588638
v 0.115461 0.169321 0.587802
v 0.124581 0.160972 0.58489
v 0.11633 0.158208 0.583774
v 0.131416 0.176657 0.592214
v 0.132898 0.163548 0.588171
v 0.138592 0.180458 0.598915
v 0.140648 0.165915 0.593541
v 0.145244 0.182387 0.60845
v 0.148106 0.166873 0.601694
v 0.125754 0.149008 0.580344
v 0.117641 0.14639 0.578976
v 0.128108 0.135285 0.575438
v 0.120193 0.132574 0.573996
v 0.134074 0.151268 0.583651
v 0.136288 0.137693 0.578862
v 0.141998 0.153058 0.588647
v 0.144192 0.139513 0.584091
v 0.149904 0.153563 0.596362
v 0.152186 0.140131 0.592026
v 0.132384 0.11804 0.570991
v 0.124438 0.11548 0.569688
v 0.137652 0.0982025 0.568811
v 0.129524 0.0957573 0.567454
v 0.140611 0.120522 0.574393
v 0.146014 0.10089 0.572357
v 0.14857 0.122519 0.579902
v 0.154008 0.10332 0.578104
v 0.156416 0.123684 0.588167
v 0.161531 0.105434 0.586487
v 0.155363 0.165348 0.613142
v 0.157937 0.152087 0.607634
v 0.160383 0.139113 0.603353
v 0.164359 0.149116 0.621241
v 0.166954 0.137061 0.616841
v 0.160871 0.161962 0.626884
v 0.164089 0.123875 0.599602
v 0.168334 0.107377 0.597726
v 0.169961 0.12372 0.613015
v 0.173087 0.10967 0.610755
v 0.163074 0.15769 0.64148
v 0.167376 0.145439 0.635488
v 0.170016 0.134791 0.630838
v 0.166865 0.141877 0.648856
v 0.169403 0.132942 0.643935
v 0.162043 0.153236 0.655252
v 0.172398 0.123899 0.626866
v 0.174512 0.112714 0.62422
v 0.171298 0.124526 0.639846
v 0.172624 0.116053 0.636892
v 0.165611 0.13193 0.654906
v 0.167163 0.125496 0.650792
v 0.167956 0.119047 0.647646
v 0.16137 0.126378 0.658918
v 0.161831 0.121194 0.655654
v 0.160071 0.131467 0.663009
v 0.158383 0.149199 0.66665
v 0.163325 0.13911 0.660009
v 0.158071 0.137203 0.668177
v 0.153234 0.146028 0.674865
v 0.154148 0.131123 0.667862
v 0.155223 0.126742 0.663803
v 0.155477 0.122137 0.660459
v 0.148865 0.126479 0.666114
v 0.148962 0.121964 0.662792
v 0.148036 0.130628 0.670038
v 0.147694 0.14395 0.679517
v 0.152379 0.136002 0.672967
v 0.146551 0.135094 0.674935
v 0.142153 0.142462 0.681191
v 0.136604 0.141037 0.680411
v 0.140458 0.134104 0.674564
v 0.141487 0.129791 0.670011
v 0.133215 0.133066 0.671086
v 0.133672 0.128574 0.666918
v 0.130132 0.139775 0.67649
v 0.142011 0.125547 0.666403
v 0.141941 0.120811 0.663268
v 0.133828 0.123873 0.663679
v 0.133589 0.118559 0.660856
v 0.123949 0.126909 0.65975
v 0.123746 0.121335 0.656784
v 0.123411 0.115016 0.654344
v 0.112808 0.117652 0.645446
v 0.11271 0.109926 0.643442
v 0.113005 0.124441 0.648271
v 0.121828 0.138812 0.668601
v 0.124031 0.132014 0.663595
v 0.113237 0.130561 0.651897
v 0.111696 0.137803 0.656546
v 0.102259 0.121128 0.63311
v 0.102694 0.112914 0.63031
v 0.103346 0.103479 0.628761
v 0.0960304 0.10884 0.614828
v 0.0975855 0.0977118 0.613599
v 0.0947243 0.118456 0.617575
v 0.100598 0.136627 0.640914
v 0.101988 0.128579 0.636619
v 0.093596 0.127374 0.620972
v 0.0918868 0.136535 0.624808
v 0.088627 0.138679 0.611314
v 0.090928 0.128251 0.608033
v 0.0928762 0.117917 0.604776
v 0.0929081 0.131064 0.597777
v 0.0954507 0.119502 0.594358
v 0.0902206 0.142451 0.600931
v 0.0948733 0.107074 0.602182
v 0.0971236 0.0944944 0.600996
v 0.0980618 0.107329 0.591673
v 0.100953 0.0932073 0.590278
v 0.100439 0.122688 0.585468
v 0.103738 0.108854 0.582181
v 0.107405 0.0928125 0.580418
v 0.110472 0.110968 0.57479
v 0.114858 0.0930907 0.572693
v 0.106593 0.126402 0.578746
v 0.0951341 0.146866 0.593433
v 0.0976225 0.135197 0.589584
v 0.103748 0.139593 0.58358
v 0.101754 0.151221 0.588273
v 0.113107 0.129683 0.57497
v 0.11727 0.113157 0.570741
v 0.122103 0.0940463 0.568506
v 0.108792 0.155005 0.584987
v 0.110372 0.143323 0.580025
v 0.0928192 0.157821 0.596118
v 0.0873277 0.153587 0.603029
v 0.100241 0.161806 0.591981
v 0.107787 0.165636 0.589132
v 0.111242 0.0742218 0.580894
v 0.104235 0.0763259 0.590747
v 0.114973 0.0552963 0.584788
v 0.107606 0.058913 0.594162
v 0.119143 0.0731336 0.573436
v 0.123114 0.0532379 0.578044
v 0.12675 0.0732461 0.569431
v 0.130988 0.0527698 0.574432
v 0.134447 0.0746834 0.568666
v 0.138916 0.0541274 0.574048
v 0.118399 0.0389318 0.592668
v 0.110835 0.0438816 0.601074
v 0.121716 0.0281936 0.602206
v 0.114375 0.0338497 0.609413
v 0.12666 0.0361194 0.586842
v 0.129695 0.025014 0.597309
v 0.13469 0.0351274 0.58367
v 0.137479 0.0236942 0.594564
v 0.142714 0.0363779 0.583528
v 0.145212 0.0248137 0.594499
v 0.142757 0.0773988 0.570607
v 0.147323 0.0573725 0.576696
v 0.151174 0.0807226 0.574724
v 0.155681 0.0616676 0.581394
v 0.151046 0.0401613 0.586516
v 0.15312 0.0288664 0.597392
v 0.159197 0.0455036 0.59133
v 0.160776 0.0348103 0.601842
v 0.16332 0.0662072 0.58726
v 0.166558 0.0513963 0.596706
v 0.167652 0.0415007 0.606452
v 0.172832 0.057961 0.602935
v 0.17345 0.0489176 0.611519
v 0.169966 0.071213 0.594581
v 0.159042 0.0840257 0.580658
v 0.166128 0.0874616 0.588728
v 0.175254 0.0770885 0.603727
v 0.177612 0.0655065 0.610531
v 0.177748 0.0572365 0.617634
v 0.179732 0.0739612 0.619352
v 0.179384 0.06629 0.624856
v 0.178048 0.0839379 0.614245
v 0.172095 0.091375 0.599166
v 0.175778 0.0960899 0.61118
v 0.176103 0.101703 0.623697
v 0.177347 0.0915982 0.625394
v 0.173208 0.107423 0.635556
v 0.173463 0.0991395 0.6361
v 0.178217 0.0829969 0.628963
v 0.177432 0.0756868 0.632974
v 0.173625 0.0916367 0.638423
v 0.172631 0.0844829 0.641194
v 0.167206 0.105498 0.645277
v 0.166986 0.0988049 0.646692
v 0.166142 0.0916685 0.648558
v 0.159686 0.103676 0.652832
v 0.159136 0.0965248 0.654006
v 0.160073 0.109845 0.65212
v 0.167728 0.112304 0.645651
v 0.16108 0.115671 0.653182
v 0.153351 0.11167 0.656166
v 0.152863 0.105757 0.656261
v 0.152529 0.0986444 0.65684
v 0.146294 0.105642 0.65772
v 0.146205 0.0985779 0.657908
v 0.146787 0.111508 0.658056
v 0.154532 0.117105 0.657705
v 0.147975 0.116941 0.659899
v 0.140897 0.115559 0.66035
v 0.139746 0.109942 0.658382
v 0.132566 0.11276 0.658169
v 0.131591 0.106708 0.656464
v 0.139405 0.10397 0.657956
v 0.139738 0.0969157 0.658106
v 0.131574 0.100485 0.656429
v 0.132501 0.0934505 0.656984
v 0.122092 0.101319 0.651438
v 0.12256 0.0946691 0.652369
v 0.124196 0.0877089 0.653814
v 0.113694 0.0858482 0.645374
v 0.116048 0.0789493 0.648101
v 0.112641 0.0932546 0.643001
v 0.122633 0.108197 0.652291
v 0.112504 0.101517 0.642438
v 0.104056 0.0929192 0.629056
v 0.105055 0.0826229 0.631366
v 0.0993123 0.0848275 0.614725
v 0.101227 0.0720895 0.618258
v 0.106728 0.0739665 0.635431
v 0.109695 0.0669741 0.639691
v 0.103509 0.0615896 0.623751
v 0.106904 0.0540289 0.62954
v 0.102459 0.0642561 0.605546
v 0.105289 0.0513943 0.611825
v 0.108871 0.0426197 0.618943
v 0.099714 0.0795016 0.601941
v 0.113779 0.0386944 0.625107
v 0.111983 0.0494275 0.634127
v 0.119489 0.0375479 0.630542
v 0.118062 0.0464724 0.637879
v 0.118667 0.0303091 0.617015
v 0.123426 0.0305404 0.623967
v 0.114356 0.0612714 0.642713
v 0.119849 0.0720566 0.649747
v 0.120003 0.0562437 0.644888
v 0.12447 0.0651115 0.650632
v 0.12691 0.0799071 0.654426
v 0.13411 0.0850544 0.65694
v 0.130214 0.0715787 0.654426
v 0.136071 0.075841 0.65643
v 0.140389 0.0881853 0.657771
v 0.146046 0.0897023 0.657568
v 0.141178 0.078458 0.657049
v 0.145796 0.0797523 0.656817
v 0.151657 0.0897698 0.656705
v 0.157539 0.0878836 0.654305
v 0.150408 0.0798538 0.65604
v 0.155263 0.078358 0.653969
v 0.163747 0.0835723 0.649553
v 0.169537 0.0771621 0.643147
v 0.160388 0.0748853 0.649917
v 0.165171 0.0696915 0.644504
v 0.173934 0.0692496 0.636114
v 0.175848 0.0607139 0.629295
v 0.168811 0.0632509 0.638624
v 0.170412 0.0562784 0.632978
v 0.174549 0.0523869 0.623349
v 0.170852 0.0446295 0.618396
v 0.169374 0.0494497 0.628106
v 0.16636 0.0430439 0.624107
v 0.165796 0.0376122 0.614313
v 0.159754 0.0312171 0.610551
v 0.162213 0.0371822 0.620886
v 0.157213 0.0317493 0.617994
v 0.152986 0.0255196 0.606831
v 0.145971 0.0216577 0.604407
v 0.151562 0.0268144 0.615196
v 0.145714 0.02342 0.61344
v 0.139101 0.0206461 0.604523
v 0.132199 0.0219448 0.60688
v 0.140047 0.0224982 0.613675
v 0.134407 0.023565 0.61567
v 0.125151 0.0249437 0.610971
v 0.128676 0.0260608 0.619038
v 0.085755 0.149303 0.614141
v 0.089017 0.146437 0.628923
v 0.0970479 0.146194 0.645949
v 0.106927 0.147455 0.662152
v 0.115641 0.148862 0.67466
v 0.122668 0.150409 0.683012
v 0.128261 0.152331 0.687471
v 0.133299 0.154467 0.688791
v 0.138609 0.156709 0.687553
v 0.144178 0.159564 0.683159
v 0.149638 0.16347 0.674966
v 0.154027 0.167988 0.663326
v 0.156281 0.172553 0.649094
v 0.155526 0.176965 0.63415
v 0.15138 0.180802 0.620352
vt 0.5 0.9412
vt 0.9238 0.2979
vt 0.3 0.07203
vt 0.9306 0.3318
vt 0.06051 0.6839
vt 0.6025 0.937
vt 0.0724 0.8731
vt 0.2964 0.9276
vt 0.6018 0.937
vt 0.5028 0.9415
vt 0.0589 0.4313
vt 0.1973 0.0937
vt 0.9152 0.1718
vt 0.0541 0.6667
vt 0.3898 0.9366
vt 0.5028 0.9415
vt 0.9093 0.1321
vt 0.198 0.09065
vt 0.8857 0.2251
vt 0.3 0.07203
vt 0.606 0.9374
vt 0.5339 0.9446
vt 0.8057 0.1321
vt 0.2964 0.07239
vt 0.806 0.1371
vt 0.6025 0.937
vt 0.8882 0.2183
vt 0.1973 0.0937
vt 0.1973 0.0937
vt 0.9271 0.3194
vt 0.6025 0.937
vt 0.1165 0.1622
vt 0.3982 0.06219
vt 0.3982 0.06219
vt 0.1406 0.8747
vt 0.7036 0.9276
vt 0.8053 0.1229
vt 0.1199 0.1573
vt 0.8882 0.2183
vt 0.3293 0.06909
vt 0.606 0.9374
vt 0.7036 0.9276
vt 0.8057 0.1321
vt 0.198 0.09065
vt 0.196 0.09886
vt 0.7036 0.9276
vt 0.6994 0.073
vt 0.196 0.09886
vt 0.0872 0.1485
vt 0.9186 0.2143
vt 0.6018 0.937
vt 0.8057 0.1321
vt 0.0841 0.1795
vt 0.1926 0.106
vt 0.7036 0.9276
vt 0.6025 0.937
vt 0.8053 0.1229
vt 0.1165 0.1622
vt 0.6698 0.07032
vt 0.08111 0.2093
vt 0.5 0.9412
vt 0.6047 0.9367
vt 0.806 0.1371
vt 0.1973 0.0937
vt 0.1915 0.1196
vt 0.6025 0.9369
vt 0.9186 0.2143
vt 0.5 0.05199
vt 0.7038 0.07263
vt 0.8048 0.1059
vt 0.6025 0.9369
vt 0.5 0.9412
vt 0.8057 0.1321
vt 0.3975 0.06227
vt 0.196 0.09886
vt 0.5 0.9412
vt 0.0841 0.1795
vt 0.3979 0.06261
vt 0.6994 0.073
vt 0.8053 0.1229
vt 0.6018 0.937
vt 0.7603 0.9055
vt 0.2981 0.07863
vt 0.5042 0.05242
vt 0.3977 0.06372
vt 0.1926 0.106
vt 0.5042 0.05242
vt 0.9109 0.1481
vt 0.8048 0.1059
vt 0.5 0.9412
vt 0.7078 0.9272
vt 0.3979 0.06261
vt 0.0872 0.1485
vt 0.9109 0.1481
vt 0.6025 0.9369
vt 0.8012 0.09633
vt 0.3992 0.06529
vt 0.3293 0.06909
vt 0.9125 0.1773
vt 0.6018 0.937
vt 0.7036 0.9276
vt 0.196 0.09886
vt 0.5339 0.05539
vt 0.8048 0.1059
vt 0.6047 0.9367
vt 0.6975 0.07788
vt 0.3979 0.06261
vt 0.2981 0.07863
vt 0.8012 0.09633
vt 0.6025 0.9369
vt 0.7375 0.9242
vt 0.1926 0.106
vt 0.2914 0.07289
vt 0.6681 0.0688
vt 0.7078 0.9272
vt 0.2981 0.07863
vt 0.2622 0.07581
vt 0.8053 0.1229
vt 0.6698 0.07032
vt 0.2964 0.9276
vt 0.3982 0.937
vt 0.3992 0.06529
vt 0.1926 0.106
vt 0.6975 0.07788
vt 0.3989 0.937
vt 0.2952 0.08246
vt 0.3975 0.06227
vt 0.8048 0.1059
vt 0.5983 0.06359
vt 0.2964 0.9276
vt 0.3989 0.937
vt 0.2949 0.07254
vt 0.1915 0.1196
vt 0.6698 0.07032
vt 0.2964 0.9276
vt 0.6008 0.06377
vt 0.2914 0.07289
vt 0.3977 0.06372
vt 0.6975 0.07788
vt 0.2964 0.9276
vt 0.401 0.9374
vt 0.2981 0.07863
vt 0.3979 0.06261
vt 0.6975 0.07788
vt 0.3989 0.937
vt 0.6008 0.06377
vt 0.5339 0.05539
vt 0.2952 0.08246
vt 0.6004 0.06198
vt 0.5339 0.9446
vt 0.5028 0.9415
vt 0.398 0.06431
vt 0.3992 0.06529
vt 0.6681 0.0688
vt 0.401 0.9374
vt 0.6008 0.06377
vt 0.4025 0.07251
vt 0.3293 0.06909
vt 0.5331 0.05521
vt 0.5028 0.9415
vt 0.3982 0.937
vt 0.3975 0.06226
vt 0.5041 0.06647
vt 0.503 0.05909
vt 0.5 0.9412
vt 0.398 0.06451
vt 0.5041 0.06647
vt 0.6004 0.06198
vt 0.5983 0.06359
vt 0.3989 0.937
vt 0.2964 0.9276
vt 0.4025 0.07251
vt 0.739 0.09312
vt 0.5014 0.05976
vt 0.3982 0.937
vt 0.5 0.05879
vt 0.4071 0.08533
vt 0.503 0.05909
vt 0.5018 0.07887
vt 0.6008 0.06377
vt 0.4025 0.07251
vt 0.6058 0.0654
vt 0.6035 0.06411
vt 0.3982 0.937
vt 0.301 0.08383
vt 0.3988 0.06443
vt 0.708 0.07606
vt 0.2964 0.9276
vt 0.3127 0.09805
vt 0.708 0.07606
vt 0.7034 0.07437
vt 0.2964 0.9276
vt 0.4071 0.08533
vt 0.5015 0.05951
vt 0.6025 0.06409
vt 0.3982 0.937
vt 0.3992 0.06529
vt 0.6035 0.06411
vt 0.5028 0.05851
vt 0.2964 0.9276
vt 0.6035 0.06411
vt 0.3982 0.937
vt 0.2622 0.07581
vt 0.5028 0.05851
vt 0.3982 0.937
vt 0.5014 0.05976
vt 0.301 0.08383
vt 0.5015 0.05929
vt 0.5015 0.05951
vt 0.3982 0.937
vt 0.5 0.9412
vt 0.4009 0.06408
vt 0.4025 0.07251
vt 0.6058 0.0654
vt 0.5 0.9412
vt 0.6025 0.06409
vt 0.2622 0.07581
vt 0.5339 0.05539
vt 0.6035 0.06411
vt 0.3982 0.937
vt 0.2964 0.9277
vt 0.398 0.06366
vt 0.1937 0.09107
vt 0.2952 0.0841
vt 0.2083 0.1029
vt 0.5014 0.05976
vt 0.4 0.06525
vt 0.5 0.9412
vt 0.2952 0.0841
vt 0.3982 0.937
vt 0.301 0.08383
vt 0.3988 0.06373
vt 0.4039 0.06478
vt 0.5 0.9412
vt 0.301 0.08383
vt 0.2952 0.0841
vt 0.503 0.05909
vt 0.1946 0.9104
vt 0.503 0.05909
vt 0.08599 0.8393
vt 0.2083 0.1029
vt 0.4 0.06525
vt 0.398 0.06366
vt 0.1944 0.916
vt 0.2221 0.1183
vt 0.4009 0.06408
vt 0.5331 0.05521
vt 0.09193 0.8987
vt 0.4007 0.06411
vt 0.09193 0.8987
vt 0.3127 0.09805
vt 0.4 0.06525
vt 0.2952 0.0841
vt 0.1944 0.916
vt 0.2083 0.1029
vt 0.3988 0.06373
vt 0.4007 0.06411
vt 0.1944 0.916
vt 0.2988 0.08119
vt 0.1946 0.9174
vt 0.1329 0.1681
vt 0.2958 0.07713
vt 0.2952 0.0841
vt 0.09278 0.9072
vt 0.1487 0.1819
vt 0.4039 0.06478
vt 0.2988 0.08119
vt 0.2964 0.9276
vt 0.4009 0.06408
vt 0.1946 0.9174
vt 0.2221 0.1183
vt 0.5339 0.05539
vt 0.3316 0.07232
vt 0.2964 0.9276
vt 0.1937 0.09107
vt 0.5042 0.05242
vt 0.3966 0.06644
vt 0.2964 0.9276
vt 0.4 0.06525
vt 0.1946 0.9104
vt 0.1199 0.1573
vt 0.5015 0.05929
vt 0.3988 0.06373
vt 0.2964 0.9276
vt 0.1329 0.1681
vt 0.3989 0.06523
vt 0.5015 0.05951
vt 0.1944 0.916
vt 0.3988 0.06373
vt 0.1988 0.9178
vt 0.2083 0.1029
vt 0.5042 0.05242
vt 0.5015 0.05951
vt 0.1267 0.9106
vt 0.1927 0.2229
vt 0.398 0.06366
vt 0.3997 0.06535
vt 0.1205 0.8484
vt 0.3989 0.06523
vt 0.1981 0.9108
vt 0.2578 0.1646
vt 0.5014 0.05976
vt 0.5 0.05199
vt 0.1205 0.8484
vt 0.2387 0.1395
vt 0.1946 0.1243
vt 0.293 0.0784
vt 0.198 0.9094
vt 0.3989 0.06523
vt 0.1981 0.9108
vt 0.1692 0.2008
vt 0.2976 0.07688
vt 0.1152 0.2041
vt 0.1199 0.8427
vt 0.1692 0.2008
vt 0.1946 0.1243
vt 0.2615 0.09606
vt 0.2964 0.9276
vt 0.3997 0.06535
vt 0.1981 0.9108
vt 0.2387 0.1395
vt 0.3966 0.06644
vt 0.1152 0.2041
vt 0.2964 0.9276
vt 0.2221 0.1183
vt 0.293 0.0784
vt 0.3316 0.07232
vt 0.198 0.9094
vt 0.1152 0.2041
vt 0.2964 0.9276
vt 0.1487 0.1819
vt 0.1946 0.1243
vt 0.3989 0.06523
vt 0.1988 0.9178
vt 0.2387 0.1395
vt 0.1946 0.1243
vt 0.2988 0.08119
vt 0.2964 0.9277
vt 0.1936 0.1278
vt 0.2964 0.9276
vt 0.324 0.1185
vt 0.1923 0.1107
vt 0.1152 0.2041
vt 0.1981 0.9108
vt 0.3127 0.09805
vt 0.2988 0.08119
vt 0.1933 0.1003
vt 0.3983 0.937
vt 0.1946 0.1243
vt 0.2964 0.9276
vt 0.2221 0.1183
vt 0.2952 0.0841
vt 0.1923 0.1107
vt 0.3983 0.937
vt 0.2578 0.1646
vt 0.2952 0.0841
vt 0.08566 0.1543
vt 0.3982 0.937
vt 0.2958 0.07713
vt 0.2964 0.9276
vt 0.337 0.1432
vt 0.1923 0.1107
vt 0.1946 0.1243
vt 0.3983 0.937
vt 0.3983 0.937
vt 0.1933 0.1003
vt 0.324 0.1185
vt 0.2952 0.0841
vt 0.08386 0.1785
vt 0.2964 0.9276
vt 0.1936 0.1278
vt 0.2387 0.1395
vt 0.1946 0.1243
vt 0.5001 0.9413
vt 0.3982 0.937
vt 0.08566 0.1543
vt 0.337 0.1432
vt 0.1946 0.1243
vt 0.07871 0.2199
vt 0.5 0.9412
vt 0.1923 0.1107
vt 0.4187 0.129
vt 0.2952 0.0841
vt 0.3983 0.937
vt 0.4125 0.1049
vt 0.2973 0.07456
vt 0.1935 0.1415
vt 0.5003 0.9413
vt 0.1947 0.1232
vt 0.5001 0.9413
vt 0.324 0.1185
vt 0.3017 0.07515
vt 0.1936 0.1368
vt 0.3983 0.937
vt 0.1972 0.9093
vt 0.3316 0.07232
vt 0.324 0.1185
vt 0.1936 0.1278
vt 0.3017 0.07515
vt 0.1197 0.8428
vt 0.117 0.8425
vt 0.1936 0.1368
vt 0.4125 0.1049
vt 0.1157 0.1994
vt 0.1936 0.1368
vt 0.1978 0.9094
vt 0.4071 0.08534
vt 0.07871 0.2199
vt 0.1101 0.2233
vt 0.117 0.8425
vt 0.3127 0.09805
vt 0.1936 0.1278
vt 0.1209 0.148
vt 0.1972 0.9093
vt 0.4125 0.1049
vt 0.1128 0.2299
vt 0.1935 0.1415
vt 0.1946 0.9104
vt 0.5013 0.09823
vt 0.1101 0.2233
vt 0.1953 0.1173
vt 0.08599 0.8393
vt 0.1972 0.9093
vt 0.07082 0.3542
vt 0.5018 0.07887
vt 0.1936 0.1368
vt 0.2964 0.9276
vt 0.1128 0.2299
vt 0.4071 0.08534
vt 0.1946 0.1243
vt 0.1946 0.9104
vt 0.1101 0.2233
vt 0.4187 0.129
vt 0.1152 0.2041
vt 0.07013 0.3495
vt 0.2964 0.9276
vt 0.1101 0.2233
vt 0.5005 0.1224
vt 0.1978 0.9094
vt 0.07871 0.2199
vt 0.5013 0.09823
vt 0.07013 0.3495
vt 0.2964 0.9277
vt 0.06659 0.3451
vt 0.4125 0.1049
vt 0.1157 0.1994
vt 0.1972 0.9093
vt 0.052 0.5
vt 0.2415 0.2695
vt 0.1947 0.1232
vt 0.07013 0.3495
vt 0.2964 0.9276
vt 0.052 0.5
vt 0.299 0.2183
vt 0.07703 0.8268
vt 0.052 0.5
vt 0.2782 0.1912
vt 0.06659 0.3451
vt 0.1929 0.9044
vt 0.07082 0.3542
vt 0.217 0.2461
vt 0.2952 0.0841
vt 0.1161 0.8413
vt 0.07013 0.3495
vt 0.217 0.2461
vt 0.1946 0.1243
vt 0.052 0.5
vt 0.1973 0.9086
vt 0.08201 0.1802
vt 0.2782 0.1912
vt 0.1973 0.9086
vt 0.07007 0.3162
vt 0.2578 0.1646
vt 0.1947 0.1232
vt 0.06763 0.3334
vt 0.1161 0.8413
vt 0.08711 0.1393
vt 0.1927 0.2229
vt 0.1197 0.8428
vt 0.07308 0.2896
vt 0.2782 0.1912
vt 0.2952 0.0841
vt 0.08711 0.1393
vt 0.1978 0.9094
vt 0.07007 0.3162
vt 0.3509 0.1695
vt 0.1973 0.9086
vt 0.05515 0.4857
vt 0.337 0.1432
vt 0.09222 0.09846
vt 0.2991 0.9278
vt 0.07007 0.3162
vt 0.2578 0.1646
vt 0.2952 0.0841
vt 0.1978 0.9094
vt 0.06763 0.3334
vt 0.299 0.2183
vt 0.1947 0.1232
vt 0.0589 0.4313
vt 0.2964 0.9277
vt 0.07308 0.2896
vt 0.3651 0.1966
vt 0.1929 0.9044
vt 0.07007 0.3162
vt 0.3509 0.1695
vt 0.057 0.4467
vt 0.3303 0.931
vt 0.05515 0.4857
vt 0.2782 0.1912
vt 0.1953 0.1173
vt 0.1973 0.9086
vt 0.03743 0.643
vt 0.3651 0.1966
vt 0.2952 0.0841
vt 0.05699 0.4502
vt 0.2991 0.9278
vt 0.03788 0.6533
vt 0.4325 0.1813
vt 0.3982 0.9378
vt 0.05325 0.4871
vt 0.4255 0.1548
vt 0.398 0.06366
vt 0.05325 0.4871
vt 0.3303 0.931
vt 0.03788 0.6533
vt 0.3509 0.1695
vt 0.2991 0.9278
vt 0.03788 0.6533
vt 0.3509 0.1695
vt 0.2952 0.0841
vt 0.04275 0.6601
vt 0.3983 0.9371
vt 0.057 0.4467
vt 0.4255 0.1548
vt 0.2991 0.9278
vt 0.04275 0.6601
vt 0.4187 0.129
vt 0.03037 0.8146
vt 0.3983 0.9371
vt 0.05921 0.8442
vt 0.337 0.1432
vt 0.2952 0.0841
vt 0.3983 0.9371
vt 0.03037 0.8146
vt 0.4255 0.1548
vt 0.04275 0.6601
vt 0.03743 0.643
vt 0.3983 0.937
vt 0.06164 0.8178
vt 0.5001 0.1481
vt 0.5005 0.1224
vt 0.03788 0.6533
vt 0.398 0.06366
vt 0.4187 0.129
vt 0.0479 0.662
vt 0.4973 0.9416
vt 0.057 0.4467
vt 0.4325 0.1813
vt 0.05515 0.4857
vt 0.0479 0.662
vt 0.3983 0.937
vt 0.5 0.1743
vt 0.0479 0.662
vt 0.5003 0.9413
vt 0.05515 0.4857
vt 0.5001 0.1481
vt 0.0909 0.8604
vt 0.0589 0.4313
vt 0.4661 0.9446
vt 0.4255 0.1548
vt 0.2952 0.0841
vt 0.3651 0.1966
vt 0.07474 0.8046
vt 0.06051 0.6839
vt 0.4973 0.9416
vt 0.0541 0.6667
vt 0.3982 0.9378
vt 0.299 0.2183
vt 0.398 0.06366
vt 0.3983 0.9371
vt 0.0541 0.6667
vt 0.299 0.2183
vt 0.07474 0.8046
vt 0.0479 0.662
vt 0.2535 0.9117
vt 0.06051 0.6839
vt 0.3651 0.1966
vt 0.05921 0.8442
vt 0.04275 0.6601
vt 0.3651 0.1966
vt 0.05297 0.4904
vt 0.299 0.2183
vt 0.299 0.2183
vt 0.0724 0.8731
vt 0.07239 0.7036
vt 0.3968 0.9375
vt 0.3651 0.1966
vt 0.05297 0.4904
vt 0.299 0.2183
vt 0.2415 0.2695
vt 0.05199 0.5
vt 0.5 0.05199
vt 0.291 0.9256
vt 0.2415 0.2695
vt 0.06051 0.6839
vt 0.07239 0.7036
vt 0.291 0.9256
vt 0.5 0.05199
vt 0.3982 0.9378
vt 0.299 0.2183
vt 0.0541 0.6667
vt 0.299 0.2183
vt 0.09278 0.9072
vt 0.1909 0.1192
vt 0.3968 0.9375
vt 0.1915 0.1201
vt 0.7645 0.9126
vt 0.2415 0.2695
vt 0.0909 0.8604
vt 0.07121 0.3079
vt 0.3968 0.9375
vt 0.2415 0.2695
vt 0.5 0.05199
vt 0.08386 0.1785
vt 0.4997 0.9481
vt 0.299 0.2183
vt 0.398 0.06366
vt 0.1167 0.1608
vt 0.3898 0.9366
vt 0.07512 0.3069
vt 0.5 0.948
vt 0.5 0.1743
vt 0.1167 0.1608
vt 0.398 0.06366
vt 0.3982 0.9378
vt 0.4325 0.1813
vt 0.07512 0.3069
vt 0.1199 0.1579
vt 0.4978 0.949
vt 0.1915 0.1201
vt 0.3968 0.9375
vt 0.4325 0.1813
vt 0.5 0.05199
vt 0.07661 0.3103
vt 0.4997 0.9481
vt 0.5 0.1743
vt 0.08012 0.2192
vt 0.05884 0.5674
vt 0.1812 0.8965
vt 0.07512 0.3069
vt 0.03905 0.8319
vt 0.5 0.1743
vt 0.053 0.5071
vt 0.08504 0.1701
vt 0.1677 0.8798
vt 0.4325 0.1813
vt 0.07661 0.3103
vt 0.0523 0.4973
vt 0.06395 0.8595
vt 0.1909 0.1192
vt 0.1812 0.8965
vt 0.4325 0.1813
vt 0.194 0.1232
vt 0.07121 0.3079
vt 0.06395 0.8595
vt 0.5 0.1743
vt 0.08574 0.1631
vt 0.05884 0.5674
vt 0.1812 0.8965
vt 0.053 0.5071
vt 0.1929 0.9044
vt 0.4325 0.1813
vt 0.07128 0.702
vt 0.06499 0.5056
vt 0.3006 0.928
vt 0.3651 0.1966
vt 0.1976 0.08928
vt 0.331 0.06893
vt 0.3752 0.9404
vt 0.07512 0.3069
vt 0.07703 0.8268
vt 0.3651 0.1966
vt 0.08504 0.1701
vt 0.07635 0.6966
vt 0.3303 0.931
vt 0.06499 0.5056
vt 0.4325 0.1813
vt 0.1161 0.8413
vt 0.07729 0.6955
vt 0.2964 0.9276
vt 0.1929 0.9044
vt 0.3938 0.06408
vt 0.4325 0.1813
vt 0.07635 0.6966
vt 0.1677 0.8798
vt 0.3982 0.06219
vt 0.3651 0.1966
vt 0.06552 0.5
vt 0.3651 0.1966
vt 0.1197 0.8428
vt 0.4325 0.1813
vt 0.2981 0.08284
vt 0.07128 0.702
vt 0.1812 0.8965
vt 0.07635 0.6966
vt 0.3006 0.928
vt 0.6349 0.1966
vt 0.07729 0.6955
vt 0.5675 0.1813
vt 0.07703 0.8268
vt 0.07635 0.6966
vt 0.2129 0.9161
vt 0.5675 0.1813
vt 0.4661 0.05539
vt 0.262 0.9153
vt 0.07661 0.3103
vt 0.3815 0.9373
vt 0.1199 0.1579
vt 0.6349 0.1966
vt 0.1161 0.8413
vt 0.3974 0.06405
vt 0.3752 0.9404
vt 0.6349 0.1966
vt 0.07663 0.3059
vt 0.1171 0.1576
vt 0.262 0.9153
vt 0.5675 0.1813
vt 0.3938 0.06408
vt 0.1171 0.1576
vt 0.3815 0.9373
vt 0.5675 0.1813
vt 0.07663 0.3059
vt 0.08598 0.1606
vt 0.3898 0.9366
vt 0.4943 0.05823
vt 0.3815 0.9373
vt 0.6349 0.1966
vt 0.3974 0.06405
vt 0.07323 0.3048
vt 0.2535 0.9117
vt 0.5675 0.1813
vt 0.4661 0.05539
vt 0.06552 0.5
vt 0.3898 0.9366
vt 0.07663 0.3059
vt 0.5001 0.9499
vt 0.5 0.1743
vt 0.06499 0.5056
vt 0.3974 0.06405
vt 0.4978 0.949
vt 0.543 0.9444
vt 0.07661 0.3103
vt 0.5 0.1743
vt 0.1947 0.1231
vt 0.07323 0.3048
vt 0.3752 0.9404
vt 0.05884 0.5674
vt 0.5675 0.1813
vt 0.1152 0.2041
vt 0.5001 0.9499
vt 0.05921 0.8442
vt 0.07663 0.3059
vt 0.5675 0.1813
vt 0.1948 0.1229
vt 0.06499 0.5056
vt 0.3815 0.9373
vt 0.09278 0.09278
vt 0.5 0.1743
vt 0.08012 0.2192
vt 0.1344 0.8822
vt 0.5 0.1743
vt 0.07408 0.2964
vt 0.0746 0.2982
vt 0.1544 0.8771
vt 0.1123 0.2054
vt 0.07474 0.8046
vt 0.5675 0.1813
vt 0.0746 0.2982
vt 0.09703 0.09236
vt 0.07474 0.8046
vt 0.0909 0.8604
vt 0.0746 0.2982
vt 0.7585 0.2695
vt 0.1267 0.08938
vt 0.09703 0.09236
vt 0.1544 0.8771
vt 0.1544 0.8771
vt 0.06498 0.5058
vt 0.701 0.2183
vt 0.3303 0.06899
vt 0.07617 0.3077
vt 0.1688 0.8813
vt 0.701 0.2183
vt 0.07617 0.3077
vt 0.05879 0.5679
vt 0.262 0.9153
vt 0.7585 0.2695
vt 0.07408 0.2964
vt 0.194 0.1232
vt 0.2535 0.9117
vt 0.7585 0.2695
vt 0.06498 0.5058
vt 0.06552 0.5
vt 0.1688 0.8813
vt 0.701 0.2183
vt 0.0746 0.2982
vt 0.1947 0.1231
vt 0.1344 0.8822
vt 0.2129 0.9161
vt 0.07653 0.6969
vt 0.701 0.2183
vt 0.06552 0.5
vt 0.262 0.9153
vt 0.07729 0.6955
vt 0.7585 0.2695
vt 0.3006 0.07196
vt 0.2285 0.9207
vt 0.07653 0.6969
vt 0.701 0.2183
vt 0.3006 0.07196
vt 0.06498 0.5058
vt 0.1544 0.8771
vt 0.06498 0.5058
vt 0.6349 0.1966
vt 0.3788 0.9558
vt 0.07653 0.6969
vt 0.6349 0.1966
vt 0.07239 0.7036
vt 0.3768 0.9489
vt 0.05879 0.5679
vt 0.701 0.2183
vt 0.1947 0.1231
vt 0.2508 0.9348
vt 0.07239 0.7036
vt 0.701 0.2183
vt 0.117 0.8425
vt 0.117 0.8425
vt 0.2508 0.9348
vt 0.08599 0.8393
vt 0.6349 0.1966
vt 0.6349 0.1966
vt 0.07729 0.6955
vt 0.701 0.2183
vt 0.07653 0.6969
vt 0.3768 0.9489
vt 0.1197 0.8428
vt 0.5 0.1743
vt 0.1988 0.08216
vt 0.3987 0.06214
vt 0.6326 0.9436
vt 0.2129 0.9161
vt 0.1946 0.08399
vt 0.5675 0.1813
vt 0.1946 0.08399
vt 0.504 0.9527
vt 0.2625 0.07579
vt 0.5747 0.1547
vt 0.2967 0.07236
vt 0.3768 0.9489
vt 0.2967 0.07236
vt 0.5001 0.1481
vt 0.2964 0.07239
vt 0.2964 0.07239
vt 0.4991 0.9619
vt 0.543 0.9444
vt 0.1903 0.08301
vt 0.5001 0.1481
vt 0.1948 0.1229
vt 0.3788 0.9558
vt 0.09193 0.1013
vt 0.5747 0.1547
vt 0.2964 0.07239
vt 0.1946 0.08399
vt 0.3752 0.9404
vt 0.09278 0.09278
vt 0.5822 0.1285
vt 0.504 0.9527
vt 0.08598 0.1606
vt 0.5005 0.1224
vt 0.3982 0.06219
vt 0.1903 0.08301
vt 0.4991 0.9619
vt 0.1976 0.08928
vt 0.5747 0.1547
vt 0.3768 0.9489
vt 0.3304 0.06898
vt 0.6493 0.1694
vt 0.09193 0.1013
vt 0.01726 0.7776
vt 0.1946 0.08399
vt 0.6639 0.1423
vt 0.2964 0.07239
vt 0.1406 0.8747
vt 0.3052 0.07151
vt 0.5822 0.1285
vt 0.2964 0.07239
vt 0.2008 0.09098
vt 0.1473 0.8665
vt 0.1988 0.09063
vt 0.5675 0.1813
vt 0.02035 0.8091
vt 0.1976 0.08928
vt 0.6349 0.1966
vt 0.3052 0.07151
vt 0.02035 0.8091
vt 0.1988 0.09063
vt 0.6493 0.1694
vt 0.1988 0.09063
vt 0.5747 0.1547
vt 0.1171 0.1576
vt 0.331 0.06893
vt 0.6349 0.1966
vt 0.1338 0.8829
vt 0.08598 0.1606
vt 0.701 0.2183
vt 0.1976 0.08928
vt 0.5049 0.05235
vt 0.02345 0.8406
vt 0.1406 0.8747
vt 0.1988 0.09063
vt 0.7221 0.191
vt 0.1199 0.1579
vt 0.2008 0.09098
vt 0.6493 0.1694
vt 0.3994 0.06221
vt 0.5013 0.05187
vt 0.6493 0.1694
vt 0.3994 0.06221
vt 0.7221 0.191
vt 0.1171 0.1576
vt 0.2608 0.9403
vt 0.4034 0.06167
vt 0.7434 0.1634
vt 0.6639 0.1423
vt 0.5049 0.05235
vt 0.7221 0.191
vt 0.7843 0.2459
vt 0.3983 0.06288
vt 0.2967 0.07236
vt 0.2442 0.9251
vt 0.8101 0.2219
vt 0.3994 0.06221
vt 0.7434 0.1634
vt 0.3983 0.06288
vt 0.5341 0.05537
vt 0.1338 0.8829
vt 0.701 0.2183
vt 0.2625 0.07579
vt 0.7585 0.2695
vt 0.4034 0.06167
vt 0.2967 0.07236
vt 0.1473 0.8665
vt 0.7843 0.2459
vt 0.3994 0.06221
vt 0.7221 0.191
vt 0.3987 0.06214
vt 0.331 0.06893
vt 0.2773 0.9554
vt 0.5005 0.1224
vt 0.3982 0.06219
vt 0.5822 0.1285
vt 0.3987 0.06214
vt 0.5 0.05199
vt 0.2608 0.9403
vt 0.5899 0.1036
vt 0.5006 0.05193
vt 0.5013 0.09823
vt 0.5013 0.05187
vt 0.5006 0.05193
vt 0.1406 0.8747
vt 0.5013 0.09823
vt 0.3991 0.0621
vt 0.5899 0.1036
vt 0.3987 0.06214
vt 0.3991 0.0621
vt 0.6213 0.9567
vt 0.3982 0.06219
vt 0.504 0.9527
vt 0.5963 0.08358
vt 0.297 0.07233
vt 0.5018 0.07887
vt 0.2967 0.07236
vt 0.5 0.05199
vt 0.6326 0.9436
vt 0.2964 0.07239
vt 0.504 0.9527
vt 0.5899 0.1036
vt 0.3982 0.06219
vt 0.6785 0.1161
vt 0.2967 0.07236
vt 0.6907 0.09466
vt 0.2964 0.07239
vt 0.2964 0.07239
vt 0.6469 0.9289
vt 0.5963 0.08358
vt 0.1965 0.1053
vt 0.5822 0.1285
vt 0.2964 0.07239
vt 0.1948 0.1229
vt 0.543 0.9444
vt 0.6639 0.1423
vt 0.3982 0.06219
vt 0.1965 0.1053
vt 0.6326 0.9436
vt 0.6785 0.1161
vt 0.3982 0.06219
vt 0.1181 0.1752
vt 0.7391 0.9157
vt 0.2964 0.07239
vt 0.7528 0.9231
vt 0.5899 0.1036
vt 0.1965 0.1053
vt 0.1948 0.1229
vt 0.6639 0.1423
vt 0.1152 0.2041
vt 0.6469 0.9289
vt 0.1988 0.08216
vt 0.7434 0.1634
vt 0.5 0.05199
vt 0.6213 0.9567
vt 0.1181 0.1752
vt 0.7645 0.1362
vt 0.1267 0.08938
vt 0.7397 0.9388
vt 0.1965 0.1053
vt 0.6785 0.1161
vt 0.5 0.05199
vt 0.7528 0.9231
vt 0.6785 0.1161
vt 0.5341 0.05537
vt 0.3983 0.06288
vt 0.6326 0.9436
vt 0.7645 0.1362
vt 0.5 0.05822
vt 0.3975 0.06297
vt 0.4866 0.9538
vt 0.6271 0.9326
vt 0.2922 0.07281
vt 0.7822 0.1138
vt 0.394 0.06262
vt 0.5 0.05822
vt 0.6489 0.9285
vt 0.4661 0.05539
vt 0.6907 0.09466
vt 0.3975 0.06297
vt 0.7645 0.1362
vt 0.3975 0.06297
vt 0.2964 0.07239
vt 0.493 0.951
vt 0.8353 0.1981
vt 0.3983 0.06288
vt 0.8563 0.1783
vt 0.394 0.06262
vt 0.2625 0.07579
vt 0.493 0.951
vt 0.7822 0.1138
vt 0.3975 0.06297
vt 0.3982 0.06219
vt 0.7434 0.1634
vt 0.2922 0.07281
vt 0.6271 0.9326
vt 0.3982 0.06219
vt 0.8101 0.2219
vt 0.8353 0.1981
vt 0.5 0.05199
vt 0.7645 0.1362
vt 0.194 0.1232
vt 0.7036 0.07239
vt 0.1947 0.1231
vt 0.606 0.06262
vt 0.1123 0.2054
vt 0.6006 0.07099
vt 0.3982 0.06219
vt 0.4943 0.05823
vt 0.6985 0.08115
vt 0.6985 0.08115
vt 0.6129 0.9346
vt 0.3303 0.06899
vt 0.6006 0.07099
vt 0.2952 0.0841
vt 0.2981 0.08284
vt 0.5963 0.08358
vt 0.4978 0.949
vt 0.1915 0.1201
vt 0.6907 0.09466
vt 0.3974 0.06405
vt 0.194 0.1232
vt 0.6006 0.07099
vt 0.6271 0.9326
vt 0.2981 0.08284
vt 0.5041 0.06647
vt 0.3303 0.06899
vt 0.2981 0.08284
vt 0.5018 0.07887
vt 0.2952 0.0841
vt 0.5963 0.08358
vt 0.1915 0.1201
vt 0.606 0.06262
vt 0.398 0.06366
vt 0.5339 0.05539
vt 0.398 0.06366
vt 0.5041 0.06647
vt 0.6006 0.07099
vt 0.8801 0.1573
vt 0.3988 0.06443
vt 0.802 0.09065
vt 0.7645 0.9126
vt 0.398 0.06451
vt 0.7939 0.09971
vt 0.2952 0.0841
vt 0.3988 0.06443
vt 0.6129 0.9346
vt 0.2952 0.0841
vt 0.8703 0.1656
vt 0.4658 0.05542
vt 0.8111 0.9031
vt 0.6271 0.9326
vt 0.3975 0.06226
vt 0.8703 0.1656
vt 0.4009 0.06408
vt 0.2952 0.0841
vt 0.6489 0.9285
vt 0.4024 0.06262
vt 0.7939 0.09971
vt 0.3303 0.06899
vt 0.8506 0.8846
vt 0.8528 0.8712
vt 0.3977 0.06372
vt 0.7822 0.1138
vt 0.2952 0.0841
vt 0.2952 0.0841
vt 0.7391 0.9157
vt 0.8563 0.1783
vt 0.3988 0.06443
vt 0.8407 0.8686
vt 0.1946 0.1243
vt 0.7939 0.09971
vt 0.1946 0.1243
vt 0.7484 0.9169
vt 0.497 0.05852
vt 0.6985 0.08115
vt 0.2952 0.0841
vt 0.7484 0.9169
vt 0.2952 0.0841
vt 0.6907 0.09466
vt 0.1946 0.1243
vt 0.8407 0.8686
vt 0.497 0.05852
vt 0.7822 0.1138
vt 0.1946 0.1243
vt 0.8146 0.8775
vt 0.2952 0.0841
vt 0.802 0.09065
vt 0.1152 0.2041
vt 0.7036 0.9276
vt 0.3977 0.06372
vt 0.7036 0.07239
vt 0.1946 0.1243
vt 0.9076 0.7953
vt 0.398 0.06431
vt 0.6985 0.08115
vt 0.1946 0.1243
vt 0.1152 0.2041
vt 0.8407 0.8686
vt 0.7939 0.09971
vt 0.1946 0.1243
vt 0.8146 0.8775
vt 0.5 0.0588
vt 0.8853 0.2091
vt 0.1946 0.1243
vt 0.1152 0.2041
vt 0.8928 0.852
vt 0.8058 0.1279
vt 0.1152 0.2041
vt 0.8528 0.8712
vt 0.2952 0.0841
vt 0.8041 0.1116
vt 0.1946 0.1243
vt 0.9136 0.7954
vt 0.3988 0.06417
vt 0.883 0.1864
vt 0.1947 0.1232
vt 0.9076 0.7953
vt 0.2952 0.0841
vt 0.883 0.1864
vt 0.1947 0.1232
vt 0.8407 0.8686
vt 0.2981 0.08264
vt 0.8041 0.1116
vt 0.2952 0.0841
vt 0.8418 0.9002
vt 0.1209 0.148
vt 0.802 0.09065
vt 0.1947 0.1232
vt 0.1953 0.1173
vt 0.7397 0.9388
vt 0.8801 0.1573
vt 0.2952 0.0841
vt 0.1157 0.1994
vt 0.8041 0.1116
vt 0.1953 0.1173
vt 0.7043 0.07968
vt 0.7036 0.07239
vt 0.398 0.06431
vt 0.1152 0.2041
vt 0.7528 0.9231
vt 0.1946 0.1243
vt 0.7528 0.9231
vt 0.802 0.09065
vt 0.1157 0.1994
vt 0.2952 0.08246
vt 0.8506 0.8846
vt 0.8058 0.1279
vt 0.2981 0.08264
vt 0.398 0.06451
vt 0.8506 0.8846
vt 0.1947 0.1232
vt 0.8528 0.8712
vt 0.7049 0.08535
vt 0.3973 0.06443
vt 0.4972 0.05851
vt 0.9138 0.8066
vt 0.7043 0.07968
vt 0.1954 0.123
vt 0.1123 0.2054
vt 0.9391 0.6623
vt 0.5 0.05879
vt 0.7391 0.9157
vt 0.8041 0.1116
vt 0.3988 0.06417
vt 0.4972 0.05851
vt 0.9136 0.7954
vt 0.5 0.0588
vt 0.7049 0.08535
vt 0.3973 0.06443
vt 0.3938 0.06408
vt 0.8528 0.8712
vt 0.8418 0.9002
vt 0.5991 0.06424
vt 0.3988 0.06417
vt 0.4661 0.05539
vt 0.9123 0.8185
vt 0.3988 0.06417
vt 0.6012 0.06317
vt 0.3973 0.06443
vt 0.2952 0.0841
vt 0.9138 0.8066
vt 0.9136 0.7954
vt 0.7043 0.07968
vt 0.5 0.05879
vt 0.2952 0.0841
vt 0.8506 0.8846
vt 0.3938 0.06408
vt 0.7043 0.07968
vt 0.4024 0.06262
vt 0.398 0.06451
vt 0.937 0.664
vt 0.9391 0.6623
vt 0.1947 0.1237
vt 0.6012 0.06317
vt 0.2952 0.0841
vt 0.9076 0.7953
vt 0.2952 0.0841
vt 0.6018 0.06219
vt 0.1976 0.1228
vt 0.5 0.05199
vt 0.9345 0.6706
vt 0.9076 0.7953
vt 0.1124 0.2044
vt 0.7036 0.07239
vt 0.3973 0.06443
vt 0.937 0.664
vt 0.1124 0.2044
vt 0.6012 0.06317
vt 0.398 0.06366
vt 0.5 0.05199
vt 0.8928 0.852
vt 0.9391 0.4936
vt 0.4957 0.05242
vt 0.1915 0.1196
vt 0.398 0.06366
vt 0.937 0.664
vt 0.5 0.05199
vt 0.5 0.05199
vt 0.1947 0.1237
vt 0.398 0.06366
vt 0.9345 0.6706
vt 0.9391 0.4469
vt 0.2952 0.08246
vt 0.6018 0.06219
vt 0.398 0.06366
vt 0.9391 0.6623
vt 0.5 0.05199
vt 0.5991 0.06424
vt 0.2981 0.08264
vt 0.2952 0.0841
vt 0.937 0.664
vt 0.9421 0.4497
vt 0.1947 0.1237
vt 0.4658 0.05542
vt 0.398 0.06366
vt 0.9391 0.4936
vt 0.1976 0.1228
vt 0.4957 0.05242
vt 0.2952 0.0841
vt 0.398 0.06366
vt 0.9123 0.8185
vt 0.9405 0.67
vt 0.6012 0.06317
vt 0.1947 0.1237
vt 0.398 0.06366
vt 0.9414 0.674
vt 0.2952 0.0841
vt 0.7053 0.08932
vt 0.2952 0.0841
vt 0.2952 0.0841
vt 0.9138 0.8066
vt 0.9138 0.8066
vt 0.2952 0.0841
vt 0.602 0.06516
vt 0.398 0.06366
vt 0.9405 0.67
vt 0.2952 0.0841
vt 0.6013 0.06496
vt 0.1909 0.1192
vt 0.1909 0.1192
vt 0.7052 0.08828
vt 0.7052 0.08828
vt 0.3303 0.06899
vt 0.1909 0.1192
vt 0.6013 0.06496
vt 0.5991 0.06424
vt 0.08012 0.2192
vt 0.1909 0.1192
vt 0.9462 0.491
vt 0.1909 0.1192
vt 0.9136 0.7954
vt 0.7049 0.08535
vt 0.08574 0.1631
vt 0.08574 0.1631
vt 0.9421 0.4497
vt 0.6013 0.06496
vt 0.3049 0.07154
vt 0.1954 0.123
vt 0.8882 0.2183
vt 0.2952 0.0841
vt 0.9405 0.67
vt 0.497 0.05852
vt 0.194 0.1232
vt 0.1909 0.1192
vt 0.9391 0.6623
vt 0.4658 0.05542
vt 0.1909 0.1192
vt 0.08574 0.1631
vt 0.9414 0.674
vt 0.5991 0.06424
vt 0.1976 0.1228
vt 0.08574 0.1631
vt 0.9423 0.4519
vt 0.1909 0.1192
vt 0.602 0.06516
vt 0.1152 0.2041
vt 0.4661 0.05539
vt 0.9405 0.67
vt 0.9462 0.491
vt 0.5 0.0588
vt 0.3938 0.06408
vt 0.3981 0.06412
vt 0.497 0.05852
vt 0.1123 0.2054
vt 0.4972 0.05851
vt 0.9279 0.3523
vt 0.9477 0.5029
vt 0.6013 0.06496
vt 0.4972 0.05851
vt 0.8869 0.225
vt 0.3981 0.06412
vt 0.5 0.05879
vt 0.9284 0.3481
vt 0.8069 0.1393
vt 0.1954 0.123
vt 0.4024 0.06262
vt 0.9476 0.5044
vt 0.3981 0.06412
vt 0.8066 0.1363
vt 0.3303 0.06899
vt 0.2981 0.08285
vt 0.9284 0.3481
vt 0.9476 0.5044
vt 0.8864 0.2208
vt 0.3303 0.06899
vt 0.4024 0.06262
vt 0.8864 0.2208
vt 0.1976 0.1228
vt 0.2952 0.0841
vt 0.9474 0.5059
vt 0.9317 0.3441
vt 0.8066 0.1363
vt 0.3938 0.06408
vt 0.8058 0.1279
vt 0.2981 0.08285
vt 0.2952 0.0841
vt 0.9284 0.3481
vt 0.8853 0.2091
vt 0.1954 0.123
vt 0.3981 0.06412
vt 0.8882 0.2183
vt 0.1909 0.1192
vt 0.8066 0.1363
vt 0.3049 0.07154
vt 0.2981 0.08285
vt 0.9317 0.3441
vt 0.9186 0.2143
vt 0.7052 0.08828
vt 0.1915 0.1201
vt 0.7049 0.08535
vt 0.2981 0.08285
vt 0.194 0.1232
vt 0.9279 0.3523
vt 0.8058 0.1279
vt 0.08504 0.1701
vt 0.1915 0.1201
vt 0.8857 0.2251
vt 0.3303 0.06899
vt 0.8069 0.1393
vt 0.1915 0.1201
vt 0.7053 0.08932
vt 0.7052 0.08828
vt 0.08012 0.2192
vt 0.194 0.1232
vt 0.9284 0.3481
vt 0.194 0.1232
vt 0.9421 0.4497
vt 0.8066 0.1363
vt 0.08504 0.1701
vt 0.1909 0.1192
vt 0.9306 0.3318
vt 0.887 0.2264
vt 0.5 0.05879
vt 0.08574 0.1631
vt 0.9271 0.3194
vt 0.807 0.1404
vt 0.3982 0.06304
vt 0.1915 0.1201
vt 0.9391 0.4936
vt 0.807 0.1402
vt 0.5 0.05879
vt 0.3982 0.06304
vt 0.9391 0.4936
vt 0.887 0.2262
vt 0.3982 0.06304
vt 0.5 0.05879
vt 0.9271 0.3194
vt 0.887 0.2262
vt 0.3982 0.06304
vt 0.3982 0.06304
vt 0.9238 0.2979
vt 0.807 0.1402
vt 0.2964 0.07239
vt 0.5 0.05879
vt 0.9391 0.4469
vt 0.8069 0.1393
vt 0.3982 0.06304
vt 0.2964 0.07239
vt 0.9271 0.3194
vt 0.8869 0.225
vt 0.2964 0.07239
vt 0.3982 0.06304
vt 0.9093 0.1321
vt 0.807 0.1402
vt 0.3303 0.06899
vt 0.2964 0.07239
vt 0.9035 0.09252
vt 0.7053 0.08963
vt 0.3982 0.06304
vt 0.7053 0.08932
vt 0.2981 0.08264
vt 0.8069 0.1393
vt 0.1915 0.1196
vt 0.807 0.1404
vt 0.08111 0.2093
vt 0.7053 0.08968
vt 0.1152 0.2041
vt 0.7053 0.08963
vt 0.5 0.05879
vt 0.807 0.1402
vt 0.5 0.05879
vt 0.7053 0.08968
vt 0.398 0.06431
vt 0.602 0.0652
vn -0.1906 0.2733 -0.9428
vn -0.491 0.09339 -0.8661
vn -0.5069 0.186 -0.8417
vn -0.2146 0.3585 -0.9085
vn -0.4909 0.2477 -0.8353
vn -0.2229 0.4008 -0.8886
vn -0.6904 0.01825 -0.7232
vn -0.6756 0.08539 -0.7322
vn -0.6712 -0.06516 -0.7384
vn -0.1423 0.1869 -0.972
vn -0.4307 0.111 -0.8956
vn -0.4465 0.02707 -0.8943
vn -0.1525 0.1819 -0.9714
vn -0.648 -0.09507 -0.7557
vn -0.7146 0.06479 -0.6965
vn 0.2807 0.4338 -0.8561
vn 0.09745 0.3866 -0.9171
vn 0.06793 0.4597 -0.8855
vn 0.2565 0.4941 -0.8307
vn 0.03488 0.4903 -0.8708
vn 0.221 0.5224 -0.8235
vn 0.2032 0.4998 -0.8419
vn 0.05655 0.3185 -0.9462
vn 0.1079 0.3027 -0.9469
vn 0.2755 0.3892 -0.879
vn 0.5628 0.6436 -0.5187
vn 0.3765 0.6371 -0.6725
vn 0.4203 0.4533 -0.7861
vn 0.5714 0.4698 -0.6728
vn 0.4218 0.4555 -0.7839
vn 0.5614 0.457 -0.6898
vn 0.405 0.5033 -0.7632
vn 0.5484 0.4988 -0.6712
vn 0.3805 0.5313 -0.7569
vn 0.5361 0.5274 -0.6591
vn -0.05066 0.9256 -0.375
vn -0.2208 0.8602 -0.4596
vn -0.08689 0.5569 -0.826
vn 0.05408 0.7719 -0.6334
vn -0.237 0.4144 -0.8787
vn -0.4207 0.7627 -0.4911
vn 0.4808 0.841 -0.248
vn 0.1967 0.9307 -0.3084
vn 0.266 0.8743 -0.406
vn 0.4946 0.8274 -0.2658
vn 0.5962 0.6333 -0.4934
vn 0.2922 0.6712 -0.6812
vn 0.2229 0.8273 -0.5155
vn 0.5392 0.7233 -0.4313
vn -0.04111 0.8614 -0.5062
vn 0.03092 0.6372 -0.77
vn -0.1278 0.6169 -0.7765
vn -0.2242 0.8705 -0.4382
vn -0.4539 0.788 -0.4159
vn -0.3117 0.526 -0.7913
vn 0.1245 0.4085 -0.9042
vn -0.03769 0.3391 -0.94
vn -0.06616 0.4271 -0.9018
vn 0.07416 0.5023 -0.8615
vn -0.2282 0.3052 -0.9245
vn -0.2245 0.2157 -0.9503
vn 0.6836 0.536 -0.4954
vn 0.3974 0.498 -0.7707
vn 0.3359 0.5983 -0.7274
vn 0.6355 0.6089 -0.4746
vn 0.1273 0.672 -0.7295
vn -0.129 0.6037 -0.7867
vn -0.03327 0.3752 -0.9263
vn 0.1804 0.4304 -0.8844
vn -0.2692 0.2527 -0.9293
vn -0.3906 0.4713 -0.7907
vn 0.613 0.7129 -0.3405
vn 0.4057 0.6983 -0.5896
vn 0.4569 0.4779 -0.7502
vn 0.7033 0.5256 -0.4787
vn 0.06189 0.8219 -0.5661
vn -0.1684 0.6976 -0.6964
vn -0.2415 0.7667 -0.5948
vn -0.005371 0.8574 -0.5145
vn -0.463 0.6387 -0.6146
vn -0.3873 0.5542 -0.7368
vn 0.4361 0.8877 -0.1477
vn 0.2662 0.8887 -0.3731
vn 0.237 0.8986 -0.3691
vn 0.4291 0.8896 -0.156
vn -0.5267 0.4731 -0.7062
vn -0.5971 0.5564 -0.5778
vn -0.5771 0.3582 -0.7339
vn -0.6236 0.5685 -0.5366
vn -0.6447 0.3308 -0.6891
vn -0.5804 0.4839 -0.6549
vn -0.4617 0.1217 -0.8786
vn -0.3824 0.07248 -0.9211
vn -0.5422 0.05148 -0.8387
vn -0.4525 -0.01624 -0.8916
vn -0.7765 0.2348 -0.5847
vn -0.6641 -0.07285 -0.744
vn -0.5791 -0.1609 -0.7992
vn -0.8289 -0.2446 -0.503
vn -0.7481 -0.3542 -0.5611
vn -0.9428 0.0513 -0.3293
vn -0.7164 0.4581 -0.5262
vn -0.7345 0.5259 -0.4288
vn -0.9194 0.3493 -0.1809
vn -0.9205 0.2972 -0.2536
vn -0.9934 -0.04791 -0.1043
vn -0.903 -0.3431 -0.2583
vn -0.8351 -0.4565 -0.3069
vn -0.9219 -0.3832 -0.05628
vn -0.865 -0.4979 -0.06079
vn -0.9976 -0.06909 0.005219
vn -0.9915 0.1292 -0.01349
vn -0.9741 0.2246 0.02417
vn -0.9818 0.1737 0.07675
vn -0.9959 0.007019 0.09006
vn -0.9739 -0.1499 0.1701
vn -0.9926 0.05918 0.1057
vn -0.9935 -0.07312 0.08704
vn -0.9811 -0.0571 0.1848
vn -0.9854 0.08448 0.1481
vn -0.9079 -0.3182 0.2729
vn -0.9349 -0.329 0.1332
vn -0.8671 -0.4622 0.1858
vn -0.9733 0.02435 0.228
vn -0.9129 -0.1877 0.3624
vn -0.8158 -0.4244 0.3928
vn -0.959 -0.01791 0.2827
vn -0.8678 0.4921 0.06879
vn -0.8791 0.1375 0.4563
vn -0.7039 0.71 0.01679
vn -0.6642 -0.4638 0.5863
vn -0.7512 0.658 0.05152
vn -0.8209 0.4749 0.3173
vn -0.4341 0.8884 -0.1494
vn -0.4328 0.9013 -0.01523
vn -0.5553 0.8307 0.03903
vn -0.3697 0.9033 -0.2177
vn -0.3686 0.9186 -0.1422
vn -0.4315 0.875 -0.2195
vn -0.4478 0.8808 -0.1538
vn -0.4371 0.8979 0.05075
vn -0.3548 -0.4147 0.8379
vn -0.6294 0.3032 0.7155
vn -0.274 0.5099 0.8154
vn 0.04044 -0.237 0.9706
vn -0.3071 0.9514 0.0246
vn -0.4459 0.8769 -0.1791
vn -0.4818 0.8724 -0.08176
vn -0.2872 0.9539 -0.08734
vn -0.3183 0.943 0.09665
vn -0.0651 0.9978 0.01028
vn 0.3951 0.06052 0.9166
vn 0.06229 0.7412 0.6684
vn 0.3642 0.8374 0.4076
vn 0.6796 0.2902 0.6737
vn 0.2447 0.9681 0.05426
vn 0.06702 0.9953 0.06934
vn 0.1374 0.9373 0.3201
vn 0.4431 0.8845 0.1455
vn 0.5756 0.7506 0.3244
vn 0.4974 0.8637 0.08072
vn 0.8343 0.3531 0.4235
vn 0.5976 0.7629 0.2465
vn 0.712 0.6859 0.1502
vn 0.8847 0.3965 0.2452
vn 0.8402 0.535 0.08884
vn 0.6962 0.7164 0.04477
vn 0.6186 0.785 0.03137
vn 0.6095 0.7927 0.006653
vn 0.6612 0.7496 -0.0296
vn 0.7115 0.7024 0.0188
vn 0.6629 0.7443 0.08133
vn 0.7904 0.5931 0.153
vn 0.7671 0.6398 -0.04736
vn 0.8536 0.5175 -0.05982
vn 0.5696 0.8219 -0.007477
vn 0.5303 0.8477 -0.01224
vn 0.674 0.7277 -0.127
vn 0.7912 0.5687 -0.2248
vn 0.8187 0.5133 -0.2574
vn 0.8079 0.5127 -0.2906
vn 0.9058 0.4109 -0.1036
vn 0.7891 0.4988 -0.3584
vn 0.9219 0.3551 -0.1547
vn 0.9065 0.3819 0.1798
vn 0.7625 0.4564 0.4586
vn 0.9448 0.2731 0.181
vn 0.8354 0.2617 0.4832
vn 0.7512 0.5686 -0.3352
vn 0.8926 0.4371 -0.1104
vn 0.6812 0.7124 -0.1689
vn 0.8009 0.597 0.04672
vn 0.9066 0.3456 0.2421
vn 0.8142 0.2706 0.5136
vn 0.8085 0.4755 0.3467
vn 0.785 0.3077 0.5377
vn 0.8701 0.3824 0.3108
vn 0.8975 0.1098 0.4271
vn 0.994 0.05615 0.09372
vn 0.9598 -0.2242 0.1685
vn 0.8091 0.5841 0.06388
vn 0.9247 0.3556 -0.1359
vn 0.6756 0.7212 -0.1528
vn 0.747 0.5511 -0.3718
vn 0.7645 -0.2813 0.5799
vn 0.7962 0.03842 0.6037
vn 0.884 -0.2018 0.4216
vn 0.7823 -0.482 0.3945
vn 0.879 -0.4309 0.2043
vn 0.7461 -0.5945 0.2998
vn 0.516 0.2399 0.8223
vn 0.6745 0.2621 0.6902
vn 0.7387 0.1314 0.6611
vn 0.684 -0.07575 0.7255
vn 0.3975 -0.8068 0.4371
vn 0.6264 -0.5823 0.5181
vn 0.6055 -0.6975 0.3831
vn 0.3862 -0.8494 0.3597
vn 0.5651 -0.7223 0.3987
vn 0.3421 -0.8329 0.4351
vn 0.05618 -0.1942 0.9793
vn 0.3547 0.1152 0.9279
vn 0.5754 -0.3519 0.7382
vn 0.3253 -0.6559 0.6811
vn 0.8673 -0.471 0.1611
vn 0.7187 -0.6027 0.3466
vn 0.9014 -0.3262 0.2847
vn 0.7056 -0.504 0.4982
vn 0.9518 -0.3035 0.04407
vn 0.9844 -0.138 0.109
vn 0.5284 -0.6871 0.4987
vn 0.3043 -0.7692 0.5619
vn 0.4836 -0.6019 0.6354
vn 0.2697 -0.6736 0.6881
vn 0.4341 -0.486 0.7585
vn 0.2316 -0.564 0.7926
vn 0.4004 -0.3839 0.832
vn 0.1999 -0.4748 0.8571
vn 0.6834 -0.3459 0.6429
vn 0.665 -0.2125 0.7159
vn 0.9045 -0.1166 0.4102
vn 0.888 0.03293 0.4586
vn 0.9767 0.07593 0.2009
vn 0.9506 0.2004 0.2369
vn 0.3986 -0.3348 0.8538
vn 0.186 -0.4409 0.878
vn 0.4195 -0.3378 0.8425
vn 0.1891 -0.4572 0.869
vn 0.6699 -0.1443 0.7282
vn 0.6923 -0.1333 0.7092
vn 0.8841 0.1012 0.4562
vn 0.8927 0.1212 0.4341
vn 0.9387 0.2517 0.2356
vn 0.9368 0.2742 0.2172
vn 0.4406 -0.3586 0.8229
vn 0.1963 -0.4842 0.8527
vn 0.4517 -0.3748 0.8096
vn 0.1999 -0.4981 0.8437
vn 0.7147 -0.1466 0.6838
vn 0.7299 -0.1635 0.6637
vn 0.906 0.1203 0.4057
vn 0.9192 0.1102 0.378
vn 0.9405 0.2825 0.1885
vn 0.9477 0.2781 0.1568
vn 0.93 0.09967 0.3538
vn 0.74 -0.1761 0.6491
vn 0.9404 0.09897 0.3253
vn 0.754 -0.1773 0.6325
vn 0.9545 0.268 0.1307
vn 0.9596 0.2593 0.1095
vn 0.4552 -0.384 0.8033
vn 0.1997 -0.5 0.8427
vn 0.4574 -0.3861 0.8011
vn 0.1963 -0.4938 0.8471
vn 0.4644 -0.3862 0.797
vn 0.1926 -0.4878 0.8514
vn 0.4734 -0.3906 0.7895
vn 0.1914 -0.4884 0.8513
vn 0.7786 -0.1714 0.6037
vn 0.8052 -0.1705 0.568
vn 0.9543 0.1026 0.2805
vn 0.9686 0.09738 0.2288
vn 0.9658 0.2451 0.08472
vn 0.9739 0.2195 0.05661
vn 0.9769 0.09186 0.1929
vn 0.8202 -0.1685 0.5466
vn 0.979 0.1019 0.1766
vn 0.8235 -0.1517 0.5466
vn 0.9792 0.1998 0.03543
vn 0.9788 0.2033 0.02338
vn 0.4762 -0.3888 0.7887
vn 0.191 -0.4834 0.8543
vn 0.4706 -0.3688 0.8015
vn 0.1882 -0.46 0.8677
vn 0.4613 -0.345 0.8174
vn 0.1834 -0.4316 0.8832
vn 0.4542 -0.3363 0.8249
vn 0.1803 -0.416 0.8913
vn 0.8232 -0.132 0.5521
vn 0.8258 -0.1281 0.5492
vn 0.9796 0.1175 0.1629
vn 0.9826 0.1208 0.141
vn 0.9763 0.2163 0.008362
vn 0.9757 0.2182 -0.01648
vn 0.4496 -0.3346 0.8282
vn 0.1789 -0.4082 0.8952
vn 0.4397 -0.3211 0.8388
vn 0.1735 -0.3923 0.9033
vn 0.8293 -0.1306 0.5433
vn 0.8254 -0.121 0.5513
vn 0.986 0.1172 0.1185
vn 0.9863 0.1205 0.1127
vn 0.9766 0.2107 -0.04209
vn 0.9774 0.2042 -0.05475
vn 0.4118 -0.2769 0.8682
vn 0.1533 -0.3455 0.9258
vn 0.3648 -0.2049 0.9082
vn 0.1174 -0.2675 0.9564
vn 0.8029 -0.0885 0.5895
vn 0.761 -0.03522 0.6478
vn 0.9814 0.1339 0.1374
vn 0.969 0.1572 0.1906
vn 0.9784 0.2014 -0.04675
vn 0.9789 0.2035 -0.01398
vn 0.95 0.1767 0.2572
vn 0.7195 -0.004273 0.6945
vn 0.9243 0.1717 0.3408
vn 0.6853 -0.03452 0.7274
vn 0.9767 0.2103 0.04224
vn 0.9696 0.2168 0.1135
vn 0.326 -0.1694 0.93
vn 0.08979 -0.2273 0.9697
vn 0.321 -0.2195 0.9213
vn 0.0943 -0.2822 0.9547
vn 0.309 -0.2348 0.9216
vn 0.09351 -0.3216 0.9422
vn 0.1838 0.02228 0.9827
vn -0.0333 -0.1463 0.9887
vn 0.6199 -0.03122 0.7841
vn 0.4509 0.2539 0.8556
vn 0.8658 0.1909 0.4626
vn 0.6838 0.4315 0.5883
vn 0.9437 0.2603 0.2041
vn 0.8187 0.4716 0.3277
vn 0.3696 0.766 0.526
vn 0.1981 0.6643 0.7207
vn 0.1381 0.8911 0.4322
vn 0.05628 0.8478 0.5272
vn 0.5275 0.7615 0.3764
vn 0.261 0.8899 0.374
vn -0.02081 0.4435 0.896
vn -0.2438 0.1942 0.9502
vn -0.1288 0.7002 0.7023
vn -0.3803 0.4555 0.8049
vn -0.2024 0.8193 0.5364
vn -0.4803 0.6354 0.6046
vn -0.3548 0.8804 0.3146
vn -0.5814 0.7444 0.3282
vn -0.02185 0.9051 0.4245
vn -0.2289 0.9348 0.2714
vn 0.01254 0.9236 0.3831
vn -0.2453 0.9301 0.2734
vn 0.05588 0.9337 0.3536
vn -0.298 0.9189 0.2584
vn -0.8667 0.4961 -0.05237
vn -0.8264 0.5522 -0.1099
vn -0.6232 0.7794 0.06388
vn -0.693 0.7163 0.08109
vn -0.551 0.8343 0.01184
vn -0.7467 0.6279 -0.2192
vn -0.6595 0.6983 -0.2782
vn -0.549 0.8357 0.01267
vn -0.6424 0.766 0.0257
vn -0.6267 0.7281 -0.2776
vn -0.9369 0.316 -0.1495
vn -0.9165 0.334 -0.2202
vn -0.881 0.4373 -0.1802
vn -0.9097 0.3996 -0.1126
vn -0.795 0.5058 -0.3347
vn -0.8195 0.3915 -0.4184
vn -0.6225 0.4861 -0.6132
vn -0.6545 0.5938 -0.4679
vn -0.5255 0.6689 -0.5257
vn -0.3897 0.5694 -0.7238
vn -0.9507 0.1702 -0.2593
vn -0.8387 0.204 -0.5049
vn -0.7955 0.4083 -0.4477
vn -0.7062 0.4062 -0.5798
vn -0.9679 0.1807 -0.1744
vn -0.8205 0.4227 -0.3849
vn -0.586 0.3107 -0.7483
vn -0.2636 0.4157 -0.8704
vn -0.5425 0.4425 -0.714
vn -0.3291 0.5169 -0.7902
vn 0.2342 0.6 -0.7649
vn -0.06876 0.6127 -0.7873
vn 0.05362 0.4714 -0.8803
vn 0.278 0.4956 -0.8228
vn -0.1805 0.5962 -0.7823
vn -0.09156 0.6393 -0.7634
vn 0.5811 0.5591 -0.5913
vn 0.438 0.5713 -0.694
vn 0.4376 0.5153 -0.7368
vn 0.5778 0.5405 -0.6115
vn -0.003845 0.6733 -0.7394
vn 0.1242 0.7142 -0.6888
vn -0.2375 0.7458 -0.6223
vn -0.4231 0.8368 -0.3475
vn 0.1767 0.7255 -0.6651
vn 0.08985 0.8909 -0.4452
vn 0.4482 0.647 -0.6168
vn 0.434 0.7992 -0.4158
vn 0.5726 0.6049 -0.5533
vn 0.5005 0.7562 -0.4215
vn -0.5437 0.8392 -0.00647
vn -0.5723 0.7611 0.3052
vn -0.05029 0.9975 -0.04929
vn -0.1751 0.9258 0.3348
vn 0.3037 0.9526 -0.01367
vn 0.09 0.9201 0.3812
vn 0.2039 0.9748 -0.09082
vn -0.188 0.9322 0.3093
vn -0.3445 0.3544 0.8693
vn -0.4584 0.3266 0.8265
vn -0.5408 0.5737 0.6151
vn -0.2868 0.684 0.6706
vn -0.6497 0.2573 0.7153
vn -0.3402 0.3621 0.8678
vn -0.1519 0.7027 0.6951
vn -0.4863 0.6372 0.5979
vn -0.7018 -0.2901 0.6506
vn -0.4654 -0.274 0.8416
vn -0.4376 0.03485 0.8985
vn -0.705 -0.03818 0.7082
vn -0.3452 0.04706 0.9373
vn -0.2963 -0.2574 0.9197
vn -0.1739 -0.2222 0.9593
vn -0.3413 0.06659 0.9376
vn -0.2951 -0.3434 0.8916
vn -0.1005 -0.311 0.9451
vn -0.08759 -0.3576 0.9297
vn -0.2679 -0.3895 0.8812
vn -0.6862 -0.3795 0.6205
vn -0.4888 -0.3786 0.7859
vn -0.4642 -0.421 0.7793
vn -0.6799 -0.4129 0.606
vn -0.7089 -0.3526 0.6109
vn -0.5369 -0.3578 0.764
vn -0.5207 -0.3287 0.7879
vn -0.7014 -0.3344 0.6294
vn -0.3252 -0.2989 0.8972
vn -0.3327 -0.3414 0.8791
vn -0.1023 -0.3092 0.9455
vn -0.1152 -0.2636 0.9577
vn -0.328 -0.4462 0.8327
vn -0.06973 -0.431 0.8996
vn -0.07996 -0.387 0.9186
vn -0.3273 -0.4106 0.851
vn -0.7219 -0.4019 0.5632
vn -0.5495 -0.4344 0.7136
vn -0.5418 -0.4109 0.7332
vn -0.713 -0.3901 0.5825
vn -0.7388 -0.4163 0.53
vn -0.5691 -0.456 0.6842
vn -0.5604 -0.4415 0.7007
vn -0.7322 -0.4036 0.5485
vn -0.3364 -0.4583 0.8227
vn -0.3452 -0.473 0.8106
vn -0.07776 -0.459 0.885
vn -0.07227 -0.4465 0.8919
vn -0.7439 -0.4463 0.4973
vn -0.5802 -0.4959 0.646
vn -0.5749 -0.4759 0.6655
vn -0.742 -0.4328 0.512
vn -0.3529 -0.4945 0.7943
vn -0.3612 -0.5202 0.7739
vn -0.08728 -0.5087 0.8565
vn -0.08243 -0.4793 0.8738
vn -0.7536 -0.4613 0.4682
vn -0.5951 -0.5138 0.6179
vn -0.5875 -0.509 0.6291
vn -0.7473 -0.4553 0.484
vn -0.3721 -0.5387 0.7559
vn -0.382 -0.5448 0.7465
vn -0.1024 -0.5395 0.8357
vn -0.09482 -0.5321 0.8413
vn -0.3807 -0.5813 0.719
vn -0.1022 -0.5634 0.8198
vn -0.1047 -0.5458 0.8313
vn -0.3846 -0.5553 0.7373
vn -0.7601 -0.5023 0.4122
vn -0.593 -0.557 0.5814
vn -0.5977 -0.5268 0.6043
vn -0.7599 -0.4748 0.4439
vn -0.7409 -0.5519 0.3825
vn -0.5752 -0.6039 0.5517
vn -0.5849 -0.5873 0.5593
vn -0.753 -0.5316 0.3878
vn -0.3769 -0.6075 0.6992
vn -0.3736 -0.62 0.69
vn -0.0994 -0.5883 0.8025
vn -0.1001 -0.5816 0.8073
vn -0.3648 -0.6007 0.7114
vn -0.09372 -0.5533 0.8277
vn -0.09714 -0.5792 0.8093
vn -0.3682 -0.6173 0.6952
vn -0.7102 -0.5768 0.4035
vn -0.5556 -0.6038 0.5715
vn -0.5633 -0.6084 0.559
vn -0.7251 -0.566 0.3923
vn -0.6883 -0.6124 0.3888
vn -0.5445 -0.6283 0.5556
vn -0.5531 -0.603 0.5748
vn -0.6998 -0.589 0.4042
vn -0.3613 -0.5898 0.7222
vn -0.349 -0.6181 0.7043
vn -0.06641 -0.5635 0.8234
vn -0.08481 -0.5341 0.8411
vn -0.6016 -0.7513 0.2711
vn -0.4692 -0.7851 0.4043
vn -0.5173 -0.6932 0.5018
vn -0.6605 -0.6652 0.3482
vn -0.3261 -0.6941 0.6418
vn -0.2968 -0.7913 0.5345
vn -0.02118 -0.7563 0.6538
vn -0.04361 -0.6488 0.7597
vn -0.4894 -0.8572 0.1602
vn -0.3719 -0.9016 0.2207
vn -0.4172 -0.861 0.2906
vn -0.5308 -0.8263 0.188
vn -0.2623 -0.875 0.4068
vn -0.2051 -0.9325 0.2972
vn 0.05707 -0.9187 0.3907
vn 0.005676 -0.8517 0.524
vn -0.1201 -0.938 0.325
vn 0.1347 -0.9208 0.366
vn 0.127 -0.9435 0.3059
vn -0.1298 -0.959 0.2517
vn -0.4913 -0.8373 0.2397
vn -0.3319 -0.8949 0.2982
vn -0.3307 -0.9169 0.2232
vn -0.4787 -0.8572 0.1895
vn -0.6435 -0.6736 0.3636
vn -0.555 -0.6384 0.5332
vn -0.4131 -0.809 0.4181
vn -0.547 -0.7822 0.2982
vn -0.2351 -0.8329 0.5009
vn -0.4593 -0.5638 0.6864
vn -0.2852 -0.447 0.8478
vn 0.01218 -0.8133 0.5817
vn -0.5575 0.6058 0.5676
vn -0.7232 0.2977 0.6231
vn -0.3897 0.749 0.5359
vn -0.7849 -0.2262 0.5768
vn -0.7778 -0.4745 0.4121
vn -0.7838 -0.6158 -0.08011
vn -0.7284 -0.6655 0.1625
vn -0.6573 -0.7448 0.1147
vn -0.7556 -0.6463 -0.1061
vn -0.6311 -0.7699 0.09424
vn -0.7752 -0.6235 -0.1014
vn -0.8045 -0.5591 0.2003
vn -0.8306 -0.5542 -0.0549
vn -0.7644 -0.3968 -0.5081
vn -0.7918 -0.5321 -0.2998
vn -0.8348 -0.4901 -0.2509
vn -0.8929 -0.2884 -0.3456
vn -0.9029 -0.3904 -0.1799
vn -0.9825 -0.1198 -0.1422
vn -0.806 -0.5067 -0.3058
vn -0.7338 -0.394 -0.5533
vn -0.9145 -0.3339 -0.2284
vn -0.9748 -0.07404 -0.2105
vn -0.8672 -0.3456 -0.3583
vn -0.8882 -0.1587 -0.431
vn -0.7945 -0.5948 -0.1219
vn -0.7891 -0.5882 -0.1767
vn -0.6303 -0.7729 0.07321
vn -0.6335 -0.7725 0.04263
vn -0.8584 0.4556 -0.2358
vn -0.9688 0.1874 -0.1622
vn -0.9561 0.1692 -0.2391
vn -0.8246 0.3508 -0.4438
vn -0.8581 -0.02441 -0.5129
vn -0.5215 0.1293 -0.8433
vn -0.6579 -0.14 -0.74
vn -0.8721 0.02118 -0.4888
vn -0.7681 0.3419 -0.5414
vn -0.6773 0.6406 -0.3618
vn -0.5268 0.403 -0.7484
vn -0.4478 0.3354 -0.8288
vn -0.6501 0.5901 -0.4787
vn -0.7479 -0.1735 -0.6408
vn -0.7523 -0.165 -0.6377
vn -0.7948 -0.2423 -0.5564
vn -0.7964 -0.2351 -0.5571
vn -0.5815 -0.1703 -0.7955
vn -0.439 0.02228 -0.8982
vn -0.363 0.1479 -0.9199
vn -0.8244 -0.3638 -0.4335
vn -0.8388 -0.3407 -0.4246
vn -0.7973 -0.5701 -0.1982
vn -0.8368 -0.5202 -0.1703
vn -0.8657 -0.3009 -0.4001
vn -0.823 -0.1888 -0.5357
vn -0.8769 -0.2714 -0.3966
vn -0.8297 -0.1491 -0.5379
vn -0.8728 -0.468 -0.1385
vn -0.8903 -0.437 -0.1278
vn -0.7774 -0.101 -0.6208
vn -0.7753 -0.04547 -0.6299
vn -0.881 -0.2428 -0.4061
vn -0.8234 -0.1097 -0.5567
vn -0.8844 -0.2069 -0.4183
vn -0.8108 -0.06195 -0.582
vn -0.9019 -0.4125 -0.1278
vn -0.9146 -0.3838 -0.1271
vn -0.7554 0.005799 -0.6552
vn -0.6428 0.1395 -0.7533
vn -0.7277 0.05957 -0.6832
vn -0.6061 0.1872 -0.773
vn -0.4628 0.2868 -0.8388
vn -0.227 0.4166 -0.8802
vn -0.4358 0.3146 -0.8432
vn -0.2324 0.4214 -0.8766
vn -0.4192 0.3403 -0.8417
vn -0.2423 0.428 -0.8706
vn -0.4164 0.3695 -0.8307
vn -0.2568 0.4442 -0.8583
vn -0.5771 0.2326 -0.7829
vn -0.5622 0.2784 -0.7787
vn -0.7003 0.1177 -0.7041
vn -0.6797 0.1799 -0.711
vn -0.7948 -0.002838 -0.6068
vn -0.779 0.06781 -0.6232
vn -0.6665 0.2359 -0.7072
vn -0.5592 0.3179 -0.7656
vn -0.658 0.2779 -0.6999
vn -0.5619 0.3464 -0.7512
vn -0.7635 0.1376 -0.631
vn -0.7469 0.1952 -0.6356
vn -0.4231 0.3971 -0.8144
vn -0.2706 0.4654 -0.8427
vn -0.431 0.4192 -0.799
vn -0.2759 0.4871 -0.8286
vn -0.4353 0.438 -0.7866
vn -0.2704 0.5077 -0.818
vn -0.4361 0.4535 -0.7772
vn -0.261 0.5226 -0.8116
vn -0.5659 0.3677 -0.7379
vn -0.5687 0.385 -0.7269
vn -0.653 0.3092 -0.6913
vn -0.6515 0.3325 -0.6818
vn -0.7322 0.2418 -0.6367
vn -0.7254 0.2767 -0.6303
vn -0.6509 0.3412 -0.6782
vn -0.5671 0.3928 -0.724
vn -0.6443 0.3317 -0.689
vn -0.5565 0.3868 -0.7353
vn -0.7266 0.2879 -0.6237
vn -0.7241 0.2736 -0.6331
vn -0.4335 0.4596 -0.7751
vn -0.2556 0.5251 -0.8117
vn -0.4237 0.4522 -0.7848
vn -0.2544 0.5117 -0.8206
vn -0.4064 0.4408 -0.8003
vn -0.2546 0.4917 -0.8327
vn -0.3901 0.4357 -0.8111
vn -0.2559 0.4772 -0.8407
vn -0.5372 0.3784 -0.7537
vn -0.5178 0.3804 -0.7662
vn -0.6289 0.3218 -0.7078
vn -0.6116 0.3277 -0.7201
vn -0.7099 0.2613 -0.654
vn -0.6924 0.2722 -0.6682
vn -0.3854 0.4362 -0.8131
vn -0.2608 0.4686 -0.844
vn -0.3944 0.4404 -0.8065
vn -0.2741 0.463 -0.8429
vn -0.5083 0.3912 -0.7672
vn -0.5078 0.4057 -0.76
vn -0.6001 0.3467 -0.7209
vn -0.592 0.3667 -0.7176
vn -0.6802 0.2978 -0.6698
vn -0.6711 0.3165 -0.6704
vn -0.8789 0.1083 -0.4646
vn -0.8741 0.1371 -0.4659
vn -0.8716 0.149 -0.467
vn -0.9882 -0.1527 -0.009522
vn -0.9883 -0.1524 -0.001465
vn -0.9849 -0.1722 -0.01837
vn -0.8968 0.1045 -0.43
vn -0.888 0.09235 -0.4505
vn -0.9821 -0.1871 -0.01807
vn -0.9831 -0.1825 -0.0108
vn -0.8731 -0.3678 0.32
vn -0.8726 -0.3622 0.3275
vn -0.8726 -0.3491 0.3414
vn -0.8702 -0.3374 0.359
vn -0.8635 -0.3395 0.3729
vn -0.8763 0.07053 -0.4766
vn -0.6737 0.2217 -0.7049
vn -0.892 -0.1421 -0.429
vn -0.6969 -0.1002 -0.7102
vn -0.9828 -0.1838 0.01538
vn -0.9708 -0.2315 0.06247
vn -0.8563 -0.3382 0.3903
vn -0.8535 -0.315 0.4152
vn -0.8501 -0.3032 0.4305
vn -0.9539 -0.2704 0.1303
vn -0.8431 -0.3305 0.4241
vn -0.9397 -0.2773 0.2003
vn -0.8984 -0.3476 -0.2683
vn -0.6873 -0.3999 -0.6063
vn -0.6519 -0.3424 -0.6766
vn -0.8509 -0.3416 -0.3992
vn -0.9614 -0.2568 -0.09891
vn -0.9629 -0.2694 0.01468
vn -0.8464 -0.3457 0.405
vn -0.9432 -0.2516 0.2168
vn -0.8766 -0.2663 0.4007
vn -0.9632 -0.1795 0.2001
vn -0.984 -0.1675 0.0607
vn -0.9892 -0.09925 -0.1079
vn -0.9976 -0.05448 0.04212
vn -0.9872 0.1015 -0.1226
vn -0.8168 0.04746 -0.575
vn -0.4878 0.1024 -0.8669
vn -0.695 0.4232 -0.5812
vn -0.1795 0.5323 -0.8273
vn -0.9893 0.1456 -0.003479
vn -0.8921 0.4153 -0.1777
vn -0.8228 0.5607 -0.09201
vn -0.5279 0.8202 -0.2203
vn -0.9845 -0.0412 0.1705
vn -0.9668 0.2342 0.1021
vn -0.4902 0.7001 -0.5191
vn 0.1014 0.7373 -0.6679
vn -0.1309 0.9036 -0.4079
vn 0.314 0.8076 -0.4991
vn 0.3949 0.889 -0.2316
vn 0.5164 0.8101 -0.2777
vn 0.6847 0.7286 -0.01733
vn 0.6772 0.7355 0.02075
vn 0.1942 0.9649 -0.1768
vn 0.6748 0.7352 -0.06418
vn -0.2066 0.9581 -0.1983
vn 0.5277 0.8244 -0.2045
vn -0.6779 0.7329 -0.05728
vn 0.02738 0.9603 -0.2777
vn 0.6623 0.6465 -0.3786
vn 0.7792 0.5946 -0.198
vn 0.7237 0.6644 -0.1865
vn 0.4937 0.7896 -0.3643
vn 0.791 0.6117 0.006378
vn 0.8407 0.5404 0.03473
vn 0.8165 0.4779 0.3239
vn 0.7793 0.5965 0.1922
vn 0.739 0.5965 0.3132
vn 0.7177 0.442 0.538
vn 0.7027 0.5838 -0.4066
vn 0.7387 0.5819 -0.3401
vn 0.7859 0.5672 -0.2462
vn 0.7065 0.5921 -0.3876
vn 0.8546 0.5185 -0.02811
vn 0.786 0.58 -0.2138
vn 0.7644 0.6405 0.07367
vn 0.8331 0.463 0.3025
vn 0.6567 0.4356 0.6156
vn 0.53 0.7438 0.4073
vn 0.6469 0.6269 -0.4341
vn 0.6062 0.6648 -0.4366
vn 0.1017 0.8034 -0.5866
vn 0.04074 0.8019 -0.596
vn 0.6798 0.5984 -0.424
vn 0.1808 0.7963 -0.5772
vn 0.4996 0.8031 -0.3246
vn 0.2165 0.9709 -0.1025
vn -0.008515 0.8249 -0.5652
vn -0.1805 0.8665 -0.4654
vn 0.03928 0.9247 0.3787
vn 0.2232 0.8244 0.5201
vn -0.1037 0.9933 -0.05008
vn -0.253 0.9461 -0.202
vn -0.3654 0.8231 -0.4346
vn -0.4164 0.7645 -0.492
vn -0.4131 0.9069 0.08191
vn -0.1509 0.9772 0.1494
vn -0.3486 0.8552 -0.3834
vn -0.4727 0.7681 -0.4318
vn -0.4369 0.7082 -0.5545
vn -0.4657 0.6765 -0.5704
vn 0.4541 0.5033 0.7352
vn 0.6123 0.4836 0.6254
vn 0.31 0.6694 0.675
vn 0.4893 0.6051 0.628
vn 0.08032 0.8348 0.5446
vn 0.2284 0.7519 0.6184
vn -0.2881 0.8095 0.5116
vn -0.2565 0.7329 0.6301
vn 0.6907 0.6147 0.3808
vn 0.6552 0.7536 0.05267
vn 0.5835 0.6672 0.463
vn 0.5868 0.7869 0.1908
vn 0.2989 0.759 0.5783
vn 0.3016 0.8494 0.433
vn -0.2946 0.7322 0.6141
vn -0.3571 0.7927 0.494
vn 0.3401 0.8317 -0.4389
vn 0.3847 0.7933 -0.4719
vn 0.527 0.8082 -0.2629
vn 0.4906 0.8585 -0.1494
vn -0.4043 0.7506 -0.5226
vn 0.09629 0.8894 -0.4468
vn 0.2337 0.9713 0.04477
vn -0.4404 0.8944 0.07779
vn -0.2414 0.3833 -0.8915
vn -0.0589 0.4433 -0.8944
vn -0.001984 0.6543 -0.7562
vn -0.2965 0.5244 -0.7981
vn 0.1763 0.707 -0.6848
vn 0.004517 0.4937 -0.8696
vn -0.004822 0.53 -0.848
vn 0.2243 0.7196 -0.6572
vn -0.3407 -0.05222 -0.9387
vn -0.5148 -0.2535 -0.819
vn -0.3136 0.1419 -0.9389
vn -0.1807 0.2095 -0.9609
vn -0.2652 0.3791 -0.8865
vn -0.1842 0.2623 -0.9472
vn -0.1071 0.3071 -0.9456
vn -0.2308 0.3368 -0.9128
vn -0.3041 0.4478 -0.8408
vn -0.3634 0.3883 -0.8468
vn -0.2835 0.3146 -0.9059
vn -0.3016 0.4262 -0.8528
vn -0.4236 -0.03473 -0.9051
vn -0.479 0.2035 -0.8539
vn -0.6135 -0.01804 -0.7895
vn -0.5886 -0.3297 -0.7381
vn -0.5929 0.2942 -0.7495
vn -0.5029 0.374 -0.7792
vn -0.3976 0.4324 -0.8093
vn -0.2921 0.4574 -0.8399
vn 0.08179 0.3554 -0.9311
vn -0.2013 0.421 -0.8844
vn -0.2534 0.3565 -0.8993
vn 0.08432 0.2542 -0.9635
vn -0.3 0.2914 -0.9083
vn -0.04303 0.2176 -0.9751
vn -0.01508 0.4855 -0.8741
vn -0.1518 0.4763 -0.866
vn -0.1665 0.4576 -0.8734
vn 0.02441 0.4441 -0.8956
vn -0.03003 0.5134 -0.8576
vn -0.1346 0.5009 -0.8549
vn -0.1453 0.4888 -0.8602
vn -0.03241 0.5025 -0.8639
vn 0.4939 0.4699 -0.7316
vn 0.1866 0.4918 -0.8504
vn 0.3244 0.4159 -0.8495
vn 0.6574 0.3573 -0.6634
vn 0.4909 0.2801 -0.8249
vn 0.7852 0.2251 -0.5768
vn 0.3321 0.5351 -0.7768
vn 0.1007 0.5259 -0.8445
vn 0.124 0.5159 -0.8477
vn 0.391 0.5155 -0.7624
vn 0.2615 0.5771 -0.7736
vn 0.07965 0.567 -0.8198
vn 0.09006 0.5412 -0.8361
vn 0.2915 0.5527 -0.7807
vn -0.01712 0.5312 -0.8471
vn -0.006745 0.5582 -0.8296
vn -0.1009 0.546 -0.8317
vn -0.1169 0.5201 -0.846
vn 0.2663 0.6155 -0.7418
vn 0.05628 0.6057 -0.7937
vn 0.06861 0.5922 -0.8029
vn 0.2502 0.6008 -0.7592
vn -0.008667 0.5813 -0.8136
vn -0.02893 0.5889 -0.8077
vn -0.1086 0.5678 -0.8159
vn -0.09638 0.5654 -0.8192
vn -0.09391 0.5517 -0.8287
vn -0.1545 0.5306 -0.8334
vn -0.1335 0.5542 -0.8216
vn -0.06406 0.5779 -0.8136
vn 0.3385 0.609 -0.7172
vn 0.03821 0.5841 -0.8108
vn 0.04349 0.6032 -0.7964
vn 0.3025 0.6185 -0.7252
vn 0.4059 0.5569 -0.7246
vn 0.1111 0.5304 -0.8404
vn 0.0553 0.5561 -0.8292
vn 0.3682 0.5874 -0.7206
vn -0.0947 0.5225 -0.8473
vn -0.05338 0.5025 -0.8629
vn -0.1326 0.4866 -0.8635
vn -0.1555 0.5057 -0.8485
vn 0.1075 0.5135 -0.8513
vn -0.04544 0.4859 -0.8728
vn -0.09198 0.4794 -0.8728
vn 0.02341 0.5 -0.8657
vn 0.4973 0.5323 -0.6851
vn 0.2873 0.5283 -0.7989
vn 0.2004 0.52 -0.8303
vn 0.4551 0.5343 -0.7123
vn 0.3455 0.5377 -0.7691
vn 0.522 0.5365 -0.663
vn 0.1739 0.526 -0.8325
vn -0.00238 0.4944 -0.8692
vn 0.8684 0.4573 -0.1915
vn 0.7039 0.5181 -0.4859
vn 0.7014 0.5195 -0.4879
vn 0.8695 0.4567 -0.1882
vn 0.6972 0.5318 -0.4806
vn 0.8738 0.4505 -0.183
vn 0.8797 0.4259 -0.2116
vn 0.7068 0.5047 -0.4956
vn 0.7041 0.5181 -0.4856
vn 0.8711 0.4496 -0.1975
vn 0.9301 0.3616 0.06449
vn 0.9286 0.368 0.0474
vn 0.9323 0.3606 0.02664
vn 0.9501 0.3046 0.06717
vn 0.9366 0.3427 0.07279
vn 0.9981 0.04935 -0.03519
vn 0.9762 0.2142 0.03265
vn 0.8983 0.3674 -0.2409
vn 0.9217 0.266 -0.2824
vn 0.7324 0.4136 -0.5408
vn 0.7163 0.4687 -0.5169
vn 0.75 0.406 -0.5221
vn 0.9373 0.208 -0.2795
vn 0.9954 -0.07663 -0.05765
vn 0.6948 0.5444 -0.4698
vn 0.8812 0.4379 -0.1779
vn 0.6883 0.5482 -0.475
vn 0.8903 0.4187 -0.1792
vn 0.9384 0.3455 0.0101
vn 0.9451 0.3268 0.0003662
vn 0.9539 0.2998 -0.00766
vn 0.9641 0.2648 -0.01782
vn 0.8989 0.3954 -0.1887
vn 0.9055 0.3723 -0.2036
vn 0.6692 0.5486 -0.5012
vn 0.6438 0.5472 -0.5349
vn 0.6297 0.5398 -0.5587
vn 0.9087 0.3579 -0.2147
vn 0.6352 0.5255 -0.5659
vn 0.9083 0.3577 -0.2169
vn 0.9702 0.241 -0.02585
vn 0.9693 0.244 -0.02957
vn 0.9658 0.2565 -0.03818
vn 0.9653 0.2546 -0.05683
vn 0.9082 0.3587 -0.2157
vn 0.9145 0.3424 -0.2153
vn 0.6561 0.5067 -0.5592
vn 0.6906 0.4803 -0.5407
vn 0.9681 0.2385 -0.07666
vn 0.9723 0.2172 -0.08621
vn 0.9268 0.3096 -0.2125
vn 0.9432 0.2652 -0.2
vn 0.7382 0.4404 -0.511
vn 0.8028 0.3758 -0.4628
vn 0.9777 0.1946 -0.07929
vn 0.9825 0.1781 -0.05319
vn 0.9615 0.2128 -0.1737
vn 0.9751 0.1716 -0.1401
vn 0.8774 0.2783 -0.3907
vn 0.9257 0.1946 -0.3243
vn 0.94 0.1725 -0.2944
vn 0.9807 0.1618 -0.1091
vn 0.9285 0.2272 -0.2936
vn 0.978 0.1912 -0.08344
vn 0.8124 0.1741 -0.5564
vn 0.7341 0.2518 -0.6307
vn 0.9845 0.175 -0.01218
vn 0.9815 0.1884 0.03253
vn 0.8765 0.3691 -0.3089
vn 0.9608 0.2715 -0.05576
vn 0.725 0.5985 -0.3408
vn 0.894 0.4475 -0.02091
vn 0.4853 0.4643 -0.7408
vn 0.1694 0.6612 -0.7308
vn 0.9657 0.2457 0.08332
vn 0.8877 0.431 0.1618
vn 0.5273 0.1874 -0.8288
vn 0.3586 0.2177 -0.9077
vn 0.005371 0.3502 -0.9366
vn -0.3855 0.4483 -0.8065
vn -0.2957 0.2593 -0.9194
vn -0.5481 0.3137 -0.7753
vn -0.3605 0.2756 -0.8911
vn -0.4573 0.3212 -0.8292
vn -0.5662 0.3924 -0.7248
vn -0.6958 0.3473 -0.6287
vn -0.7353 0.474 -0.4844
vn -0.8463 0.3628 -0.39
vn -0.6584 0.4494 -0.6037
vn -0.21 0.7637 -0.6104
vn -0.869 0.3818 -0.3146
vn -0.6855 0.6361 -0.354
vn -0.9639 0.2655 0.02158
vn -0.9515 0.3043 -0.04462
vn -0.9438 0.1997 0.2633
vn -0.9809 0.1553 0.1169
vn -0.9375 0.3448 -0.04703
vn -0.9183 0.3195 0.2336
vn -0.8526 0.5175 -0.07266
vn -0.8256 0.4984 0.2644
vn -0.6001 0.4743 0.6441
vn -0.745 0.474 0.4693
vn -0.8285 0.292 0.4778
vn -0.6265 0.2607 0.7345
vn -0.775 0.1149 0.6214
vn -0.886 0.1616 0.4345
vn -0.9809 0.1173 0.1552
vn -0.9809 0.1013 0.1659
vn -0.5799 0.7727 0.2583
vn -0.4974 0.5718 0.6524
vn -0.4461 0.3248 0.8339
vn -0.5809 0.613 0.5354
vn -0.7572 0.3398 0.5578
vn -0.7021 0.1363 0.6989
vn -0.9838 0.09088 0.1544
vn -0.9908 0.1102 0.07773
vn -0.5852 0.7502 -0.3077
vn -0.6641 0.743 -0.0831
vn -0.502 0.6893 -0.5224
vn -0.5516 0.7123 -0.434
vn -0.8426 0.5359 0.05188
vn -0.983 0.1601 -0.09015
vn -0.7371 0.5914 -0.3269
vn -0.8435 0.4025 -0.3556
vn -0.9287 0.2087 -0.3065
vn -0.9525 0.1222 -0.2788
vn -0.9721 0.02493 -0.233
vn -0.9571 0.0853 -0.277
vn -0.8378 0.3591 -0.4113
vn -0.8333 0.3629 -0.417
vn -0.9351 0.2841 -0.2117
vn -0.9614 0.1613 -0.2229
vn -0.8314 0.3961 -0.3897
vn -0.9195 0.3558 -0.1671
vn -0.9213 0.276 -0.274
vn -0.8956 0.4323 -0.105
vn -0.9243 0.3192 -0.209
vn -0.9517 0.1752 -0.2521
vn -0.9667 0.1863 -0.1751
vn -0.7823 0.6228 -0.01367
vn -0.8916 0.4294 -0.144
vn -0.4503 0.8848 0.1198
vn -0.7369 0.6716 -0.07666
vn -0.9718 0.2093 -0.1089
vn -0.9474 0.3084 -0.08484
vn 0.4043 0.8772 0.2587
vn 0.0506 0.972 0.2297
vn -0.2757 0.961 -0.02139
vn 0.3178 0.9481 0.005737
vn -0.1509 0.9536 -0.2606
vn -0.7432 0.6512 -0.1533
vn 0.3804 0.856 -0.35
vn 0.7056 0.7085 0.0094
vn 0.6681 0.7054 0.2366
vn 0.6652 0.5711 -0.4809
vn 0.6657 0.5699 -0.4817
vn 0.209 0.7637 -0.6107
vn 0.6416 0.5959 -0.4829
vn 0.5413 0.7052 -0.4579
vn 0.2045 0.9246 -0.3212
vn -0.3659 0.9304 -0.02051
vn -0.9145 0.1292 0.3832
vn -0.7937 0.5469 0.2662
vn -0.9095 -0.09986 0.4035
vn -0.9801 -0.1947 -0.03812
vn -0.8769 -0.3839 0.2892
vn -0.8744 -0.3727 0.3106
vn -0.9839 -0.1777 -0.01535
vn -0.8925 0.1009 -0.4395
vn -0.8972 0.1183 -0.4255
vn -0.9623 -0.2566 -0.08951
vn -0.8801 -0.4225 0.2165
vn -0.8802 -0.4007 0.2544
vn -0.9719 -0.2258 -0.06638
vn -0.893 0.009308 -0.45
vn -0.8908 0.05853 -0.4506
vn -0.9397 -0.3208 -0.1182
vn -0.8653 -0.4682 0.1786
vn -0.8746 -0.4463 0.1894
vn -0.9518 -0.2875 -0.1063
vn -0.8917 -0.105 -0.4402
vn -0.8943 -0.04462 -0.4452
vn -0.839 -0.5128 0.1817
vn -0.8532 -0.4897 0.1794
vn -0.9272 -0.3533 -0.1245
vn -0.8877 -0.1619 -0.431
vn -0.8103 -0.5604 0.1712
vn -0.8245 -0.5365 0.1795
vn -0.733 -0.6734 0.09632
vn -0.7857 -0.6009 0.1468
vn -0.6671 -0.7435 0.04633
vn -0.2075 0.8071 0.5527
vn 0.0741 0.7729 0.6301
vn 0.4604 0.6249 0.6305
vn 0.9377 0.1007 0.3327
vn 0.959 0.2302 0.1648
vn 0.9378 0.322 0.1293
vn 0.9361 0.1749 0.3052
vn 0.8516 0.5241 0.004975
vn 0.9105 0.4133 0.01205
vn 0.8183 0.5599 -0.1299
vn 0.7265 0.6819 -0.0842
vn 0.6115 0.7479 -0.2584
vn 0.7211 0.6108 -0.3271
vn 0.8983 0.2505 0.3608
vn 0.9265 0.3224 0.1942
vn 0.9456 0.2621 0.1928
vn 0.9234 0.1525 0.3522
vn 0.9239 0.3819 0.02429
vn 0.9272 0.3745 0.003479
vn 0.8881 0.41 -0.2076
vn 0.8655 0.4754 -0.1577
vn 0.7757 0.5137 -0.3666
vn 0.8032 0.4242 -0.4183
vn 0.7076 -0.007019 0.7065
vn 0.8388 0.1486 0.5237
vn 0.8595 0.04462 0.5092
vn 0.7118 -0.1048 0.6945
vn 0.8699 0.0047 0.4932
vn 0.7191 -0.1343 0.6818
vn 0.8743 0.08829 0.4773
vn 0.7285 -0.04364 0.6836
vn 0.09983 -0.4821 0.8704
vn 0.4355 -0.3235 0.84
vn 0.4507 -0.2641 0.8527
vn 0.1172 -0.4653 0.8773
vn 0.1136 -0.4209 0.9
vn 0.4475 -0.2191 0.867
vn 0.426 -0.2904 0.8568
vn 0.0864 -0.4508 0.8884
vn -0.4923 -0.6273 0.6034
vn -0.2289 -0.5889 0.7751
vn -0.2387 -0.5812 0.7779
vn -0.543 -0.5978 0.5897
vn -0.4369 -0.6537 0.6178
vn -0.2055 -0.5748 0.792
vn -0.2285 -0.5745 0.7859
vn -0.4603 -0.6416 0.6135
vn -0.7262 -0.5823 0.3655
vn -0.6381 -0.616 0.4619
vn -0.7105 -0.5536 0.4344
vn -0.8046 -0.4917 0.3328
vn -0.6435 -0.6366 0.425
vn -0.5593 -0.6668 0.4924
vn -0.5847 -0.6558 0.4776
vn -0.6693 -0.6316 0.3911
vn -0.8875 -0.4132 0.2038
vn -0.7538 -0.5537 0.3537
vn -0.7769 -0.553 0.3009
vn -0.9013 -0.4053 0.1525
vn -0.8181 -0.513 0.2598
vn -0.9185 -0.3804 0.1081
vn -0.8869 -0.4046 0.2228
vn -0.9592 -0.2705 0.0824
vn -0.8776 -0.1259 -0.4626
vn -0.9619 -0.2664 -0.06095
vn -0.9672 -0.2418 -0.07736
vn -0.8844 -0.0936 -0.4572
vn -0.9713 -0.2185 -0.09445
vn -0.8987 -0.06549 -0.4337
vn -0.9894 -0.115 -0.08795
vn -0.9228 0.0538 -0.3815
vn -0.3797 0.07642 -0.9219
vn -0.6221 0.05173 -0.7812
vn -0.6859 0.1894 -0.7026
vn -0.4756 0.2051 -0.8554
vn -0.4136 0.1543 -0.8973
vn -0.603 0.03635 -0.7969
vn -0.5896 0.04114 -0.8066
vn -0.3691 0.1075 -0.9231
vn -0.1006 0.1476 -0.9839
vn -0.2578 0.07834 -0.963
vn -0.3561 0.1981 -0.9132
vn -0.1892 0.2799 -0.9412
vn -0.1674 0.2523 -0.953
vn -0.3311 0.2128 -0.9192
vn -0.2847 0.1388 -0.9485
vn -0.1438 0.2 -0.9691
vn 0.4281 0.3604 -0.8287
vn 0.111 0.2999 -0.9474
vn 0.1104 0.3054 -0.9458
vn 0.4161 0.4177 -0.8077
vn 0.1345 0.2977 -0.9451
vn 0.4 0.4628 -0.7911
vn 0.04398 0.445 -0.8944
vn 0.2872 0.615 -0.7344
vn 0.5951 0.5713 -0.5651
vn 0.4744 0.7218 -0.5039
vn 0.6635 0.4078 -0.6272
vn 0.6401 0.4899 -0.5918
vn 0.1213 0.3055 -0.9444
vn -0.1609 0.2974 -0.9411
vn 0.1306 0.3427 -0.9303
vn -0.1434 0.3396 -0.9295
vn 0.4075 0.3272 -0.8526
vn 0.3691 0.3409 -0.8646
vn 0.6384 0.3612 -0.6797
vn 0.5853 0.3492 -0.7318
vn 0.7877 0.3818 -0.4835
vn 0.7526 0.3554 -0.5543
vn 0.1437 0.3618 -0.9211
vn -0.1197 0.3396 -0.9329
vn 0.1672 0.3218 -0.9319
vn -0.08609 0.2756 -0.9574
vn 0.3524 0.3596 -0.864
vn 0.3667 0.3405 -0.8657
vn 0.5536 0.3481 -0.7565
vn 0.5567 0.3404 -0.7577
vn 0.7271 0.3326 -0.6005
vn 0.7195 0.3277 -0.6122
vn 0.2033 0.2262 -0.9526
vn -0.04346 0.1684 -0.9847
vn 0.2679 0.07947 -0.9601
vn 0.01621 0.02795 -0.9995
vn 0.4025 0.2641 -0.8764
vn 0.4622 0.1196 -0.8787
vn 0.5843 0.2882 -0.7586
vn 0.6305 0.1592 -0.7597
vn 0.7317 0.2975 -0.6132
vn 0.7641 0.1943 -0.6152
vn 0.8597 0.3586 -0.3636
vn 0.843 0.3243 -0.4292
vn 0.8327 0.3134 -0.4564
vn 0.9214 0.3142 -0.2286
vn 0.9184 0.29 -0.2689
vn 0.9222 0.3565 -0.1495
vn 0.8375 0.2926 -0.4614
vn 0.8626 0.2154 -0.4577
vn 0.9224 0.2688 -0.2774
vn 0.9411 0.2129 -0.2626
vn 0.9394 0.3349 0.07324
vn 0.9601 0.2796 -0.001465
vn 0.9704 0.2377 -0.04114
vn 0.9536 0.196 0.2282
vn 0.9696 0.1289 0.2079
vn 0.9185 0.2779 0.2814
vn 0.9767 0.2097 -0.04523
vn 0.9863 0.1644 -0.0148
vn 0.9713 0.08771 0.221
vn 0.9621 0.03995 0.2698
vn 0.8923 -0.0596 0.4474
vn 0.8726 -0.1084 0.4763
vn 0.8338 -0.1573 0.5292
vn 0.6773 -0.336 0.6544
vn 0.6267 -0.3577 0.6923
vn 0.7176 -0.3084 0.6244
vn 0.8622 0.1692 0.4774
vn 0.8939 0.04007 0.4465
vn 0.7537 -0.187 0.63
vn 0.7457 -0.009674 0.6662
vn 0.4613 -0.5363 0.7068
vn 0.4326 -0.5194 0.7369
vn 0.4067 -0.4921 0.7697
vn 0.213 -0.6036 0.7683
vn 0.2229 -0.5397 0.8118
vn 0.2061 -0.6614 0.7211
vn 0.5163 -0.2548 0.8176
vn 0.5098 -0.4311 0.7445
vn 0.2172 -0.6098 0.7622
vn 0.201 -0.4828 0.8523
vn -0.1194 -0.6287 0.7684
vn -0.06812 -0.6908 0.7198
vn -0.04361 -0.6841 0.728
vn -0.3281 -0.6701 0.6658
vn -0.3162 -0.6017 0.7335
vn -0.3729 -0.6689 0.6431
vn -0.01856 -0.5952 0.8033
vn 0.009247 -0.5128 0.8585
vn -0.3035 -0.4907 0.8167
vn -0.281 -0.3992 0.8727
vn -0.5452 -0.4464 0.7095
vn -0.5529 -0.3348 0.763
vn -0.5532 -0.2378 0.7984
vn -0.7235 -0.2241 0.6529
vn -0.7476 -0.1259 0.652
vn -0.6998 -0.3168 0.6402
vn -0.5282 -0.6313 0.5679
vn -0.5247 -0.5669 0.635
vn -0.6648 -0.443 0.6014
vn -0.6355 -0.557 0.5345
vn -0.8111 -0.258 0.5249
vn -0.8407 -0.1887 0.5075
vn -0.873 -0.1034 0.4766
vn -0.9461 -0.183 0.2673
vn -0.9648 -0.1358 0.2249
vn -0.9263 -0.2243 0.3027
vn -0.7479 -0.4609 0.4776
vn -0.7794 -0.3488 0.5204
vn -0.9055 -0.2762 0.322
vn -0.885 -0.3507 0.3063
vn -0.9708 -0.2391 -0.0202
vn -0.9811 -0.1913 -0.02731
vn -0.9843 -0.1657 -0.05976
vn -0.9217 -0.08689 -0.378
vn -0.9162 -0.09082 -0.3903
vn -0.9108 -0.1147 -0.3965
vn -0.9821 -0.1603 -0.09876
vn -0.9775 -0.165 -0.131
vn -0.9021 -0.1207 -0.4143
vn -0.8879 -0.1614 -0.4307
vn -0.8021 -0.01325 -0.597
vn -0.789 -0.0766 -0.6096
vn -0.7712 -0.1418 -0.6206
vn -0.6258 -0.01117 -0.7799
vn -0.6001 -0.1064 -0.7928
vn -0.6448 0.08179 -0.7599
vn -0.7465 0.04028 -0.6641
vn -0.7941 0.03214 -0.607
vn -0.6381 0.1575 -0.7536
vn -0.5847 0.1887 -0.7889
vn -0.3912 0.1896 -0.9005
vn -0.3541 0.08158 -0.9316
vn -0.3113 -0.04285 -0.9493
vn -0.4024 0.2915 -0.8678
vn -0.4117 0.2687 -0.8708
vn -0.6668 0.03235 -0.7445
vn -0.8886 -0.1393 -0.437
vn -0.4953 0.1817 -0.8495
vn -0.3705 0.2653 -0.8901
vn -0.7512 -0.2251 -0.6204
vn -0.8759 -0.2181 -0.4304
vn -0.7249 -0.3508 -0.5928
vn -0.8631 -0.3068 -0.4011
vn -0.5682 -0.2233 -0.792
vn -0.5271 -0.3841 -0.758
vn -0.2586 -0.195 -0.9461
vn -0.1985 -0.3849 -0.9013
vn 0.1024 -0.139 -0.985
vn 0.1974 -0.3262 -0.9244
vn -0.6916 -0.5158 -0.5056
vn -0.8449 -0.434 -0.3125
vn -0.6202 -0.734 -0.2767
vn -0.779 -0.6196 -0.09626
vn -0.4831 -0.5767 -0.6588
vn -0.4148 -0.813 -0.4085
vn -0.147 -0.5982 -0.7877
vn -0.09268 -0.8513 -0.5164
vn 0.274 -0.5278 -0.804
vn 0.3257 -0.7793 -0.5353
vn 0.3656 -0.09095 -0.9263
vn 0.4706 -0.2575 -0.8439
vn 0.5387 -0.05466 -0.8407
vn 0.614 -0.2148 -0.7595
vn 0.5564 -0.4237 -0.7147
vn 0.611 -0.6456 -0.4581
vn 0.6798 -0.367 -0.6349
vn 0.7281 -0.5692 -0.3819
vn 0.7223 -0.1635 -0.6719
vn 0.7657 -0.3144 -0.5611
vn 0.8027 -0.5105 -0.3082
vn 0.86 -0.2275 -0.4567
vn 0.8827 -0.4241 -0.2026
vn 0.827 -0.08396 -0.5558
vn 0.6796 -0.007813 -0.7335
vn 0.7988 0.05252 -0.5993
vn 0.9175 0.01257 -0.3974
vn 0.9486 -0.1078 -0.2974
vn 0.9526 -0.3017 -0.03931
vn 0.9978 0.02109 -0.06299
vn 0.9694 -0.1592 0.1871
vn 0.9793 0.1025 -0.1745
vn 0.8923 0.111 -0.4376
vn 0.9628 0.1493 -0.2253
vn 0.99 0.1344 0.04172
vn 0.9851 0.1411 0.09812
vn 0.9407 0.03784 0.3371
vn 0.9196 0.1066 0.3782
vn 0.9735 0.1028 0.204
vn 0.9084 -0.05734 0.4141
vn 0.8885 0.1192 0.443
vn 0.8107 -0.01566 0.5853
vn 0.7815 0.01749 0.6236
vn 0.7603 0.1042 0.6412
vn 0.6944 0.005097 0.7195
vn 0.5802 0.0727 0.8112
vn 0.5251 0.02084 0.8508
vn 0.5919 -0.09192 0.8007
vn 0.7922 -0.1304 0.5961
vn 0.5854 -0.3024 0.7522
vn 0.3804 -0.178 0.9075
vn 0.3476 0.02518 0.9373
vn 0.2983 0.01801 0.9543
vn 0.1302 -0.01285 0.9914
vn 0.1046 0.002014 0.9945
vn 0.1825 -0.2126 0.9599
vn 0.3861 -0.4073 0.8277
vn 0.2174 -0.4366 0.873
vn 0.006409 -0.4013 0.9159
vn -0.04337 -0.1879 0.9812
vn -0.286 -0.2788 0.9167
vn -0.3251 -0.0918 0.9412
vn -0.08231 -0.01105 0.9965
vn -0.06516 -0.002197 0.9979
vn -0.3276 0.02942 0.9443
vn -0.2674 0.003113 0.9636
vn -0.5871 0.01306 0.8094
vn -0.5635 0.06583 0.8235
vn -0.4752 -0.003418 0.8798
vn -0.7583 0.05084 0.6499
vn -0.6609 -0.04901 0.7489
vn -0.7846 0.05033 0.618
vn -0.5664 -0.1199 0.8154
vn -0.7707 -0.02539 0.6367
vn -0.8982 -0.03122 0.4385
vn -0.9109 0.0009766 0.4126
vn -0.9773 -0.1075 0.1825
vn -0.9802 -0.1152 0.1608
vn -0.8914 -0.03101 0.452
vn -0.7988 -0.1469 0.5834
vn -0.9618 -0.1742 0.211
vn -0.8773 -0.3036 0.3716
vn -0.9615 -0.2353 -0.1415
vn -0.9436 -0.3244 -0.0658
vn -0.8703 -0.4755 0.1282
vn -0.9709 -0.1864 -0.1505
vn -0.7006 -0.607 0.3752
vn -0.7138 -0.4299 0.5528
vn -0.2585 -0.6797 0.6864
vn -0.2743 -0.5835 0.7643
vn -0.6093 -0.7636 0.2138
vn -0.2051 -0.7623 0.6139
vn -0.65 -0.2714 0.7098
vn -0.5326 -0.1647 0.8302
vn -0.2451 -0.4958 0.8331
vn -0.192 -0.4283 0.883
vn -0.3754 -0.09879 0.9216
vn -0.1987 -0.0661 0.9778
vn -0.1119 -0.3803 0.9181
vn -0.01782 -0.3528 0.9355
vn -0.02875 -0.05521 0.998
vn 0.1054 -0.05557 0.9929
vn 0.07212 -0.3351 0.9394
vn 0.1451 -0.3307 0.9325
vn 0.264 -0.0658 0.9622
vn 0.4646 -0.09552 0.8803
vn 0.2312 -0.3344 0.9136
vn 0.342 -0.3647 0.866
vn 0.6083 -0.1371 0.7818
vn 0.6912 -0.1787 0.7002
vn 0.4085 -0.402 0.8195
vn 0.4418 -0.4309 0.7869
vn 0.7615 -0.2368 0.6033
vn 0.8201 -0.3432 0.4578
vn 0.4699 -0.4657 0.7499
vn 0.4956 -0.5241 0.6926
vn 0.8268 -0.4777 0.2968
vn 0.7891 -0.5888 0.175
vn 0.4935 -0.5965 0.633
vn 0.4723 -0.6522 0.5929
vn 0.7349 -0.6717 0.09265
vn 0.6727 -0.7392 0.03137
vn 0.4458 -0.6931 0.5665
vn 0.4159 -0.7282 0.5448
vn 0.57 -0.8211 -0.02832
vn 0.3284 -0.9412 -0.07929
vn 0.3747 -0.7714 0.5142
vn 0.2674 -0.8372 0.4771
vn -0.02033 -0.9977 -0.06391
vn -0.2798 -0.96 0.00174
vn 0.09247 -0.8703 0.4837
vn -0.0249 -0.8532 0.521
vn -0.4575 -0.885 0.08591
vn -0.1188 -0.8226 0.556
vn -0.9614 -0.2723 -0.03943
vn -0.8785 -0.4017 0.2586
vn -0.7408 -0.5283 0.4147
vn -0.6325 -0.6136 0.4726
vn -0.5444 -0.6575 0.5209
vn -0.4126 -0.6607 0.6271
vn -0.1695 -0.5885 0.7905
vn 0.159 -0.4162 0.8952
vn 0.4842 -0.1778 0.8567
vn 0.7158 0.05441 0.6962
vn 0.8324 0.2083 0.5134
vn 0.8923 0.3004 0.337
vn 0.9238 0.3518 0.1509
vn 0.9245 0.3765 -0.05972
vn 0.8795 0.3852 -0.2795
f 1/1/1 2/2/2 3/3/3
f 1/1/1 3/3/3 4/4/4
f 4/4/4 3/3/3 5/5/5
f 4/4/4 5/5/5 6/6/6
f 3/3/3 7/7/7 8/8/8
f 3/3/3 8/8/8 5/5/5
f 2/2/2 9/9/9 7/7/7
f 2/2/2 7/7/7 3/3/3
f 10/10/10 11/11/11 12/12/12
f 10/10/10 12/12/12 13/13/13
f 13/13/13 12/12/12 2/2/2
f 13/13/13 2/2/2 1/1/1
f 12/12/12 14/14/14 9/9/9
f 12/12/12 9/9/9 2/2/2
f 11/11/11 15/15/15 14/14/14
f 11/11/11 14/14/14 12/12/12
f 16/16/16 17/17/17 18/18/18
f 16/16/16 18/18/18 19/19/19
f 19/19/19 18/18/18 20/20/20
f 19/19/19 20/20/20 21/21/21
f 18/18/18 4/4/4 6/6/6
f 18/18/18 6/6/6 20/20/20
f 17/17/17 1/1/1 4/4/4
f 17/17/17 4/4/4 18/18/18
f 22/22/22 23/23/23 24/24/24
f 22/22/22 24/24/24 25/25/25
f 25/25/25 24/24/24 17/17/17
f 25/25/25 17/17/17 16/16/16
f 24/24/24 13/13/13 1/1/1
f 24/24/24 1/1/1 17/17/17
f 23/23/23 10/10/10 13/13/13
f 23/23/23 13/13/13 24/24/24
f 26/26/26 27/27/27 28/28/28
f 26/26/26 28/28/28 29/29/29
f 29/29/29 28/28/28 30/30/30
f 29/29/29 30/30/30 31/31/31
f 28/28/28 25/25/25 16/16/16
f 28/28/28 16/16/16 30/30/30
f 27/27/27 22/22/22 25/25/25
f 27/27/27 25/25/25 28/28/28
f 31/31/31 30/30/30 32/32/32
f 31/31/31 32/32/32 33/33/33
f 33/33/33 32/32/32 34/34/34
f 33/33/33 34/34/34 35/35/35
f 32/32/32 19/19/19 21/21/21
f 32/32/32 21/21/21 34/34/34
f 30/30/30 16/16/16 19/19/19
f 30/30/30 19/19/19 32/32/32
f 36/36/36 37/37/37 38/38/38
f 36/36/36 38/38/38 39/39/39
f 39/39/39 38/38/38 23/23/23
f 39/39/39 23/23/23 22/22/22
f 38/38/38 40/40/40 10/10/10
f 38/38/38 10/10/10 23/23/23
f 37/37/37 41/41/41 40/40/40
f 37/37/37 40/40/40 38/38/38
f 42/42/42 43/43/43 44/44/44
f 42/42/42 44/44/44 45/45/45
f 45/45/45 44/44/44 27/27/27
f 45/45/45 27/27/27 26/26/26
f 44/44/44 39/39/39 22/22/22
f 44/44/44 22/22/22 27/27/27
f 43/43/43 36/36/36 39/39/39
f 43/43/43 39/39/39 44/44/44
f 46/46/46 47/47/47 48/48/48
f 46/46/46 48/48/48 49/49/49
f 49/49/49 48/48/48 43/43/43
f 49/49/49 43/43/43 42/42/42
f 48/48/48 50/50/50 36/36/36
f 48/48/48 36/36/36 43/43/43
f 47/47/47 51/51/51 50/50/50
f 47/47/47 50/50/50 48/48/48
f 51/51/51 52/52/52 53/53/53
f 51/51/51 53/53/53 50/50/50
f 50/50/50 53/53/53 37/37/37
f 50/50/50 37/37/37 36/36/36
f 53/53/53 54/54/54 41/41/41
f 53/53/53 41/41/41 37/37/37
f 52/52/52 55/55/55 54/54/54
f 52/52/52 54/54/54 53/53/53
f 56/56/56 57/57/57 58/58/58
f 56/56/56 58/58/58 59/59/59
f 59/59/59 58/58/58 52/52/52
f 59/59/59 52/52/52 51/51/51
f 58/58/58 60/60/60 55/55/55
f 58/58/58 55/55/55 52/52/52
f 57/57/57 61/61/61 60/60/60
f 57/57/57 60/60/60 58/58/58
f 62/62/62 63/63/63 64/64/64
f 62/62/62 64/64/64 65/65/65
f 65/65/65 64/64/64 47/47/47
f 65/65/65 47/47/47 46/46/46
f 64/64/64 59/59/59 51/51/51
f 64/64/64 51/51/51 47/47/47
f 63/63/63 56/56/56 59/59/59
f 63/63/63 59/59/59 64/64/64
f 66/66/66 67/67/67 68/68/68
f 66/66/66 68/68/68 69/69/69
f 69/69/69 68/68/68 57/57/57
f 69/69/69 57/57/57 56/56/56
f 68/68/68 70/70/70 61/61/61
f 68/68/68 61/61/61 57/57/57
f 67/67/67 71/71/71 70/70/70
f 67/67/67 70/70/70 68/68/68
f 72/72/72 73/73/73 74/74/74
f 72/72/72 74/74/74 75/75/75
f 75/75/75 74/74/74 63/63/63
f 75/75/75 63/63/63 62/62/62
f 74/74/74 69/69/69 56/56/56
f 74/74/74 56/56/56 63/63/63
f 73/73/73 66/66/66 69/69/69
f 73/73/73 69/69/69 74/74/74
f 76/76/76 77/77/77 78/78/78
f 76/76/76 78/78/78 79/79/79
f 79/79/79 78/78/78 67/67/67
f 79/79/79 67/67/67 66/66/66
f 78/78/78 80/80/80 71/71/71
f 78/78/78 71/71/71 67/67/67
f 77/77/77 81/81/81 80/80/80
f 77/77/77 80/80/80 78/78/78
f 82/82/82 83/83/83 84/84/84
f 82/82/82 84/84/84 85/85/85
f 85/85/85 84/84/84 73/73/73
f 85/85/85 73/73/73 72/72/72
f 84/84/84 79/79/79 66/66/66
f 84/84/84 66/66/66 73/73/73
f 83/83/83 76/76/76 79/79/79
f 83/83/83 79/79/79 84/84/84
f 81/81/81 86/86/86 87/87/87
f 81/81/81 87/87/87 80/80/80
f 80/80/80 87/87/87 88/88/88
f 80/80/80 88/88/88 71/71/71
f 87/87/87 89/89/89 90/90/90
f 87/87/87 90/90/90 88/88/88
f 86/86/86 91/91/91 89/89/89
f 86/86/86 89/89/89 87/87/87
f 71/71/71 88/88/88 92/92/92
f 71/71/71 92/92/92 70/70/70
f 70/70/70 92/92/92 93/93/93
f 70/70/70 93/93/93 61/61/61
f 92/92/92 94/94/94 95/95/95
f 92/92/92 95/95/95 93/93/93
f 88/88/88 90/90/90 94/94/94
f 88/88/88 94/94/94 92/92/92
f 90/90/90 96/96/96 97/97/97
f 90/90/90 97/97/97 94/94/94
f 94/94/94 97/97/97 98/98/98
f 94/94/94 98/98/98 95/95/95
f 97/97/97 99/99/99 100/100/100
f 97/97/97 100/100/100 98/98/98
f 96/96/96 101/101/101 99/99/99
f 96/96/96 99/99/99 97/97/97
f 91/91/91 102/102/102 103/103/103
f 91/91/91 103/103/103 89/89/89
f 89/89/89 103/103/103 96/96/96
f 89/89/89 96/96/96 90/90/90
f 103/103/103 104/104/104 101/101/101
f 103/103/103 101/101/101 96/96/96
f 102/102/102 105/105/105 104/104/104
f 102/102/102 104/104/104 103/103/103
f 101/101/101 106/106/106 107/107/107
f 101/101/101 107/107/107 99/99/99
f 99/99/99 107/107/107 108/108/108
f 99/99/99 108/108/108 100/100/100
f 107/107/107 109/109/109 110/110/110
f 107/107/107 110/110/110 108/108/108
f 106/106/106 111/111/111 109/109/109
f 106/106/106 109/109/109 107/107/107
f 105/105/105 112/112/112 113/113/113
f 105/105/105 113/113/113 104/104/104
f 104/104/104 113/113/113 106/106/106
f 104/104/104 106/106/106 101/101/101
f 113/113/113 114/114/114 111/111/111
f 113/113/113 111/111/111 106/106/106
f 112/112/112 115/115/115 114/114/114
f 112/112/112 114/114/114 113/113/113
f 115/115/115 116/116/116 117/117/117
f 115/115/115 117/117/117 114/114/114
f 114/114/114 117/117/117 118/118/118
f 114/114/114 118/118/118 111/111/111
f 117/117/117 119/119/119 120/120/120
f 117/117/117 120/120/120 118/118/118
f 116/116/116 121/121/121 119/119/119
f 116/116/116 119/119/119 117/117/117
f 111/111/111 118/118/118 122/122/122
f 111/111/111 122/122/122 109/109/109
f 109/109/109 122/122/122 123/123/123
f 109/109/109 123/123/123 110/110/110
f 122/122/122 124/124/124 125/125/125
f 122/122/122 125/125/125 123/123/123
f 118/118/118 120/120/120 124/124/124
f 118/118/118 124/124/124 122/122/122
f 121/121/121 126/126/126 127/127/127
f 121/121/121 127/127/127 119/119/119
f 119/119/119 127/127/127 128/128/128
f 119/119/119 128/128/128 120/120/120
f 127/127/127 129/129/129 130/130/130
f 127/127/127 130/130/130 128/128/128
f 126/126/126 131/131/131 129/129/129
f 126/126/126 129/129/129 127/127/127
f 120/120/120 128/128/128 132/132/132
f 120/120/120 132/132/132 124/124/124
f 124/124/124 132/132/132 133/133/133
f 124/124/124 133/133/133 125/125/125
f 132/132/132 134/134/134 135/135/135
f 132/132/132 135/135/135 133/133/133
f 128/128/128 130/130/130 134/134/134
f 128/128/128 134/134/134 132/132/132
f 130/130/130 136/136/136 137/137/137
f 130/130/130 137/137/137 134/134/134
f 134/134/134 137/137/137 138/138/138
f 134/134/134 138/138/138 135/135/135
f 137/137/137 139/139/139 140/140/140
f 137/137/137 140/140/140 138/138/138
f 136/136/136 141/141/141 139/139/139
f 136/136/136 139/139/139 137/137/137
f 131/131/131 142/142/142 143/143/143
f 131/131/131 143/143/143 129/129/129
f 129/129/129 143/143/143 136/136/136
f 129/129/129 136/136/136 130/130/130
f 143/143/143 144/144/144 141/141/141
f 143/143/143 141/141/141 136/136/136
f 142/142/142 145/145/145 144/144/144
f 142/142/142 144/144/144 143/143/143
f 141/141/141 146/146/146 147/147/147
f 141/141/141 147/147/147 139/139/139
f 139/139/139 147/147/147 148/148/148
f 139/139/139 148/148/148 140/140/140
f 147/147/147 149/149/149 150/150/150
f 147/147/147 150/150/150 148/148/148
f 146/146/146 151/151/151 149/149/149
f 146/146/146 149/149/149 147/147/147
f 145/145/145 152/152/152 153/153/153
f 145/145/145 153/153/153 144/144/144
f 144/144/144 153/153/153 146/146/146
f 144/144/144 146/146/146 141/141/141
f 153/153/153 154/154/154 151/151/151
f 153/153/153 151/151/151 146/146/146
f 152/152/152 155/155/155 154/154/154
f 152/152/152 154/154/154 153/153/153
f 151/151/151 156/156/156 157/157/157
f 151/151/151 157/157/157 149/149/149
f 149/149/149 157/157/157 158/158/158
f 149/149/149 158/158/158 150/150/150
f 157/157/157 159/159/159 160/160/160
f 157/157/157 160/160/160 158/158/158
f 156/156/156 161/161/161 159/159/159
f 156/156/156 159/159/159 157/157/157
f 155/155/155 162/162/162 163/163/163
f 155/155/155 163/163/163 154/154/154
f 154/154/154 163/163/163 156/156/156
f 154/154/154 156/156/156 151/151/151
f 163/163/163 164/164/164 161/161/161
f 163/163/163 161/161/161 156/156/156
f 162/162/162 165/165/165 164/164/164
f 162/162/162 164/164/164 163/163/163
f 165/165/165 166/166/166 167/167/167
f 165/165/165 167/167/167 164/164/164
f 164/164/164 167/167/167 168/168/168
f 164/164/164 168/168/168 161/161/161
f 167/167/167 169/169/169 170/170/170
f 167/167/167 170/170/170 168/168/168
f 166/166/166 171/171/171 169/169/169
f 166/166/166 169/169/169 167/167/167
f 161/161/161 168/168/168 172/172/172
f 161/161/161 172/172/172 159/159/159
f 159/159/159 172/172/172 173/173/173
f 159/159/159 173/173/173 160/160/160
f 172/172/172 174/174/174 175/175/175
f 172/172/172 175/175/175 173/173/173
f 168/168/168 170/170/170 174/174/174
f 168/168/168 174/174/174 172/172/172
f 171/171/171 176/176/176 177/177/177
f 171/171/171 177/177/177 169/169/169
f 169/169/169 177/177/177 178/178/178
f 169/169/169 178/178/178 170/170/170
f 177/177/177 85/85/85 72/72/72
f 177/177/177 72/72/72 178/178/178
f 176/176/176 82/82/82 85/85/85
f 176/176/176 85/85/85 177/177/177
f 170/170/170 178/178/178 179/179/179
f 170/170/170 179/179/179 174/174/174
f 174/174/174 179/179/179 180/180/180
f 174/174/174 180/180/180 175/175/175
f 179/179/179 75/75/75 62/62/62
f 179/179/179 62/62/62 180/180/180
f 178/178/178 72/72/72 75/75/75
f 178/178/178 75/75/75 179/179/179
f 175/175/175 180/180/180 181/181/181
f 175/175/175 181/181/181 182/182/182
f 182/182/182 181/181/181 183/183/183
f 182/182/182 183/183/183 184/184/184
f 181/181/181 65/65/65 46/46/46
f 181/181/181 46/46/46 183/183/183
f 180/180/180 62/62/62 65/65/65
f 180/180/180 65/65/65 181/181/181
f 160/160/160 173/173/173 185/185/185
f 160/160/160 185/185/185 186/186/186
f 186/186/186 185/185/185 187/187/187
f 186/186/186 187/187/187 188/188/188
f 185/185/185 182/182/182 184/184/184
f 185/185/185 184/184/184 187/187/187
f 173/173/173 175/175/175 182/182/182
f 173/173/173 182/182/182 185/185/185
f 184/184/184 183/183/183 189/189/189
f 184/184/184 189/189/189 190/190/190
f 190/190/190 189/189/189 191/191/191
f 190/190/190 191/191/191 192/192/192
f 189/189/189 49/49/49 42/42/42
f 189/189/189 42/42/42 191/191/191
f 183/183/183 46/46/46 49/49/49
f 183/183/183 49/49/49 189/189/189
f 188/188/188 187/187/187 193/193/193
f 188/188/188 193/193/193 194/194/194
f 194/194/194 193/193/193 195/195/195
f 194/194/194 195/195/195 196/196/196
f 193/193/193 190/190/190 192/192/192
f 193/193/193 192/192/192 195/195/195
f 187/187/187 184/184/184 190/190/190
f 187/187/187 190/190/190 193/193/193
f 196/196/196 195/195/195 197/197/197
f 196/196/196 197/197/197 198/198/198
f 198/198/198 197/197/197 199/199/199
f 198/198/198 199/199/199 200/200/200
f 197/197/197 201/201/201 202/202/202
f 197/197/197 202/202/202 199/199/199
f 195/195/195 192/192/192 201/201/201
f 195/195/195 201/201/201 197/197/197
f 192/192/192 191/191/191 203/203/203
f 192/192/192 203/203/203 201/201/201
f 201/201/201 203/203/203 204/204/204
f 201/201/201 204/204/204 202/202/202
f 203/203/203 45/45/45 26/26/26
f 203/203/203 26/26/26 204/204/204
f 191/191/191 42/42/42 45/45/45
f 191/191/191 45/45/45 203/203/203
f 205/205/205 206/206/206 207/207/207
f 205/205/205 207/207/207 208/208/208
f 208/208/208 207/207/207 209/209/209
f 208/208/208 209/209/209 210/210/210
f 207/207/207 198/198/198 200/200/200
f 207/207/207 200/200/200 209/209/209
f 206/206/206 196/196/196 198/198/198
f 206/206/206 198/198/198 207/207/207
f 211/211/211 212/212/212 213/213/213
f 211/211/211 213/213/213 214/214/214
f 214/214/214 213/213/213 206/206/206
f 214/214/214 206/206/206 205/205/205
f 213/213/213 194/194/194 196/196/196
f 213/213/213 196/196/196 206/206/206
f 212/212/212 188/188/188 194/194/194
f 212/212/212 194/194/194 213/213/213
f 215/215/215 216/216/216 217/217/217
f 215/215/215 217/217/217 218/218/218
f 218/218/218 217/217/217 219/219/219
f 218/218/218 219/219/219 220/220/220
f 217/217/217 208/208/208 210/210/210
f 217/217/217 210/210/210 219/219/219
f 216/216/216 205/205/205 208/208/208
f 216/216/216 208/208/208 217/217/217
f 221/221/221 222/222/222 223/223/223
f 221/221/221 223/223/223 224/224/224
f 224/224/224 223/223/223 216/216/216
f 224/224/224 216/216/216 215/215/215
f 223/223/223 214/214/214 205/205/205
f 223/223/223 205/205/205 216/216/216
f 222/222/222 211/211/211 214/214/214
f 222/222/222 214/214/214 223/223/223
f 210/210/210 209/209/209 225/225/225
f 210/210/210 225/225/225 226/226/226
f 226/226/226 225/225/225 227/227/227
f 226/226/226 227/227/227 228/228/228
f 225/225/225 229/229/229 230/230/230
f 225/225/225 230/230/230 227/227/227
f 209/209/209 200/200/200 229/229/229
f 209/209/209 229/229/229 225/225/225
f 220/220/220 219/219/219 231/231/231
f 220/220/220 231/231/231 232/232/232
f 232/232/232 231/231/231 233/233/233
f 232/232/232 233/233/233 234/234/234
f 231/231/231 226/226/226 228/228/228
f 231/231/231 228/228/228 233/233/233
f 219/219/219 210/210/210 226/226/226
f 219/219/219 226/226/226 231/231/231
f 234/234/234 233/233/233 235/235/235
f 234/234/234 235/235/235 236/236/236
f 236/236/236 235/235/235 237/237/237
f 236/236/236 237/237/237 238/238/238
f 235/235/235 239/239/239 240/240/240
f 235/235/235 240/240/240 237/237/237
f 233/233/233 228/228/228 239/239/239
f 233/233/233 239/239/239 235/235/235
f 228/228/228 227/227/227 241/241/241
f 228/228/228 241/241/241 239/239/239
f 239/239/239 241/241/241 242/242/242
f 239/239/239 242/242/242 240/240/240
f 241/241/241 243/243/243 244/244/244
f 241/241/241 244/244/244 242/242/242
f 227/227/227 230/230/230 243/243/243
f 227/227/227 243/243/243 241/241/241
f 238/238/238 237/237/237 245/245/245
f 238/238/238 245/245/245 246/246/246
f 246/246/246 245/245/245 247/247/247
f 246/246/246 247/247/247 248/248/248
f 245/245/245 249/249/249 250/250/250
f 245/245/245 250/250/250 247/247/247
f 237/237/237 240/240/240 249/249/249
f 237/237/237 249/249/249 245/245/245
f 240/240/240 242/242/242 251/251/251
f 240/240/240 251/251/251 249/249/249
f 249/249/249 251/251/251 252/252/252
f 249/249/249 252/252/252 250/250/250
f 251/251/251 253/253/253 254/254/254
f 251/251/251 254/254/254 252/252/252
f 242/242/242 244/244/244 253/253/253
f 242/242/242 253/253/253 251/251/251
f 248/248/248 247/247/247 255/255/255
f 248/248/248 255/255/255 256/256/256
f 256/256/256 255/255/255 257/257/257
f 256/256/256 257/257/257 258/258/258
f 255/255/255 259/259/259 260/260/260
f 255/255/255 260/260/260 257/257/257
f 247/247/247 250/250/250 259/259/259
f 247/247/247 259/259/259 255/255/255
f 250/250/250 252/252/252 261/261/261
f 250/250/250 261/261/261 259/259/259
f 259/259/259 261/261/261 262/262/262
f 259/259/259 262/262/262 260/260/260
f 261/261/261 263/263/263 264/264/264
f 261/261/261 264/264/264 262/262/262
f 252/252/252 254/254/254 263/263/263
f 252/252/252 263/263/263 261/261/261
f 260/260/260 262/262/262 265/265/265
f 260/260/260 265/265/265 266/266/266
f 266/266/266 265/265/265 267/267/267
f 266/266/266 267/267/267 268/268/268
f 265/265/265 269/269/269 270/270/270
f 265/265/265 270/270/270 267/267/267
f 262/262/262 264/264/264 269/269/269
f 262/262/262 269/269/269 265/265/265
f 258/258/258 257/257/257 271/271/271
f 258/258/258 271/271/271 272/272/272
f 272/272/272 271/271/271 273/273/273
f 272/272/272 273/273/273 274/274/274
f 271/271/271 266/266/266 268/268/268
f 271/271/271 268/268/268 273/273/273
f 257/257/257 260/260/260 266/266/266
f 257/257/257 266/266/266 271/271/271
f 274/274/274 273/273/273 275/275/275
f 274/274/274 275/275/275 276/276/276
f 276/276/276 275/275/275 277/277/277
f 276/276/276 277/277/277 278/278/278
f 275/275/275 279/279/279 280/280/280
f 275/275/275 280/280/280 277/277/277
f 273/273/273 268/268/268 279/279/279
f 273/273/273 279/279/279 275/275/275
f 268/268/268 267/267/267 281/281/281
f 268/268/268 281/281/281 279/279/279
f 279/279/279 281/281/281 282/282/282
f 279/279/279 282/282/282 280/280/280
f 281/281/281 283/283/283 284/284/284
f 281/281/281 284/284/284 282/282/282
f 267/267/267 270/270/270 283/283/283
f 267/267/267 283/283/283 281/281/281
f 280/280/280 282/282/282 285/285/285
f 280/280/280 285/285/285 286/286/286
f 286/286/286 285/285/285 287/287/287
f 286/286/286 287/287/287 288/288/288
f 285/285/285 289/289/289 290/290/290
f 285/285/285 290/290/290 287/287/287
f 282/282/282 284/284/284 289/289/289
f 282/282/282 289/289/289 285/285/285
f 278/278/278 277/277/277 291/291/291
f 278/278/278 291/291/291 292/292/292
f 292/292/292 291/291/291 293/293/293
f 292/292/292 293/293/293 294/294/294
f 291/291/291 286/286/286 288/288/288
f 291/291/291 288/288/288 293/293/293
f 277/277/277 280/280/280 286/286/286
f 277/277/277 286/286/286 291/291/291
f 294/294/294 293/293/293 295/295/295
f 294/294/294 295/295/295 296/296/296
f 296/296/296 295/295/295 297/297/297
f 296/296/296 297/297/297 298/298/298
f 295/295/295 299/299/299 300/300/300
f 295/295/295 300/300/300 297/297/297
f 293/293/293 288/288/288 299/299/299
f 293/293/293 299/299/299 295/295/295
f 288/288/288 287/287/287 301/301/301
f 288/288/288 301/301/301 299/299/299
f 299/299/299 301/301/301 302/302/302
f 299/299/299 302/302/302 300/300/300
f 301/301/301 303/303/303 304/304/304
f 301/301/301 304/304/304 302/302/302
f 287/287/287 290/290/290 303/303/303
f 287/287/287 303/303/303 301/301/301
f 298/298/298 297/297/297 305/305/305
f 298/298/298 305/305/305 306/306/306
f 306/306/306 305/305/305 307/307/307
f 306/306/306 307/307/307 308/308/308
f 305/305/305 309/309/309 310/310/310
f 305/305/305 310/310/310 307/307/307
f 297/297/297 300/300/300 309/309/309
f 297/297/297 309/309/309 305/305/305
f 300/300/300 302/302/302 311/311/311
f 300/300/300 311/311/311 309/309/309
f 309/309/309 311/311/311 312/312/312
f 309/309/309 312/312/312 310/310/310
f 311/311/311 313/313/313 314/314/314
f 311/311/311 314/314/314 312/312/312
f 302/302/302 304/304/304 313/313/313
f 302/302/302 313/313/313 311/311/311
f 308/308/308 307/307/307 315/315/315
f 308/308/308 315/315/315 316/316/316
f 316/316/316 315/315/315 317/317/317
f 316/316/316 317/317/317 318/318/318
f 315/315/315 319/319/319 320/320/320
f 315/315/315 320/320/320 317/317/317
f 307/307/307 310/310/310 319/319/319
f 307/307/307 319/319/319 315/315/315
f 310/310/310 312/312/312 321/321/321
f 310/310/310 321/321/321 319/319/319
f 319/319/319 321/321/321 322/322/322
f 319/319/319 322/322/322 320/320/320
f 321/321/321 323/323/323 324/324/324
f 321/321/321 324/324/324 322/322/322
f 312/312/312 314/314/314 323/323/323
f 312/312/312 323/323/323 321/321/321
f 320/320/320 322/322/322 325/325/325
f 320/320/320 325/325/325 326/326/326
f 326/326/326 325/325/325 327/327/327
f 326/326/326 327/327/327 328/328/328
f 325/325/325 329/329/329 330/330/330
f 325/325/325 330/330/330 327/327/327
f 322/322/322 324/324/324 329/329/329
f 322/322/322 329/329/329 325/325/325
f 318/318/318 317/317/317 331/331/331
f 318/318/318 331/331/331 332/332/332
f 332/332/332 331/331/331 333/333/333
f 332/332/332 333/333/333 334/334/334
f 331/331/331 326/326/326 328/328/328
f 331/331/331 328/328/328 333/333/333
f 317/317/317 320/320/320 326/326/326
f 317/317/317 326/326/326 331/331/331
f 334/334/334 333/333/333 335/335/335
f 334/334/334 335/335/335 336/336/336
f 336/336/336 335/335/335 337/337/337
f 336/336/336 337/337/337 338/338/338
f 335/335/335 339/339/339 340/340/340
f 335/335/335 340/340/340 337/337/337
f 333/333/333 328/328/328 339/339/339
f 333/333/333 339/339/339 335/335/335
f 328/328/328 327/327/327 341/341/341
f 328/328/328 341/341/341 339/339/339
f 339/339/339 341/341/341 342/342/342
f 339/339/339 342/342/342 340/340/340
f 341/341/341 343/343/343 344/344/344
f 341/341/341 344/344/344 342/342/342
f 327/327/327 330/330/330 343/343/343
f 327/327/327 343/343/343 341/341/341
f 340/340/340 342/342/342 345/345/345
f 340/340/340 345/345/345 346/346/346
f 346/346/346 345/345/345 347/347/347
f 346/346/346 347/347/347 348/348/348
f 345/345/345 349/349/349 350/350/350
f 345/345/345 350/350/350 347/347/347
f 342/342/342 344/344/344 349/349/349
f 342/342/342 349/349/349 345/345/345
f 338/338/338 337/337/337 351/351/351
f 338/338/338 351/351/351 352/352/352
f 352/352/352 351/351/351 353/353/353
f 352/352/352 353/353/353 354/354/354
f 351/351/351 346/346/346 348/348/348
f 351/351/351 348/348/348 353/353/353
f 337/337/337 340/340/340 346/346/346
f 337/337/337 346/346/346 351/351/351
f 354/354/354 353/353/353 355/355/355
f 354/354/354 355/355/355 356/356/356
f 356/356/356 355/355/355 357/357/357
f 356/356/356 357/357/357 358/358/358
f 355/355/355 359/359/359 360/360/360
f 355/355/355 360/360/360 357/357/357
f 353/353/353 348/348/348 359/359/359
f 353/353/353 359/359/359 355/355/355
f 348/348/348 347/347/347 361/361/361
f 348/348/348 361/361/361 359/359/359
f 359/359/359 361/361/361 362/362/362
f 359/359/359 362/362/362 360/360/360
f 361/361/361 363/363/363 364/364/364
f 361/361/361 364/364/364 362/362/362
f 347/347/347 350/350/350 363/363/363
f 347/347/347 363/363/363 361/361/361
f 365/365/365 366/366/366 367/367/367
f 365/365/365 367/367/367 368/368/368
f 368/368/368 367/367/367 362/362/362
f 368/368/368 362/362/362 364/364/364
f 367/367/367 369/369/369 360/360/360
f 367/367/367 360/360/360 362/362/362
f 366/366/366 370/370/370 369/369/369
f 366/366/366 369/369/369 367/367/367
f 370/370/370 371/371/371 372/372/372
f 370/370/370 372/372/372 369/369/369
f 369/369/369 372/372/372 357/357/357
f 369/369/369 357/357/357 360/360/360
f 372/372/372 373/373/373 358/358/358
f 372/372/372 358/358/358 357/357/357
f 371/371/371 374/374/374 373/373/373
f 371/371/371 373/373/373 372/372/372
f 375/375/375 376/376/376 377/377/377
f 375/375/375 377/377/377 378/378/378
f 378/378/378 377/377/377 366/366/366
f 378/378/378 366/366/366 365/365/365
f 377/377/377 379/379/379 370/370/370
f 377/377/377 370/370/370 366/366/366
f 376/376/376 380/380/380 379/379/379
f 376/376/376 379/379/379 377/377/377
f 380/380/380 381/381/381 382/382/382
f 380/380/380 382/382/382 379/379/379
f 379/379/379 382/382/382 371/371/371
f 379/379/379 371/371/371 370/370/370
f 382/382/382 383/383/383 374/374/374
f 382/382/382 374/374/374 371/371/371
f 381/381/381 384/384/384 383/383/383
f 381/381/381 383/383/383 382/382/382
f 380/380/380 376/376/376 385/385/385
f 380/380/380 385/385/385 386/386/386
f 386/386/386 385/385/385 387/387/387
f 386/386/386 387/387/387 388/388/388
f 385/385/385 389/389/389 390/390/390
f 385/385/385 390/390/390 387/387/387
f 376/376/376 375/375/375 389/389/389
f 376/376/376 389/389/389 385/385/385
f 384/384/384 381/381/381 391/391/391
f 384/384/384 391/391/391 392/392/392
f 392/392/392 391/391/391 393/393/393
f 392/392/392 393/393/393 394/394/394
f 391/391/391 386/386/386 388/388/388
f 391/391/391 388/388/388 393/393/393
f 381/381/381 380/380/380 386/386/386
f 381/381/381 386/386/386 391/391/391
f 395/395/395 396/396/396 397/397/397
f 395/395/395 397/397/397 398/398/398
f 398/398/398 397/397/397 399/399/399
f 398/398/398 399/399/399 400/400/400
f 397/397/397 392/392/392 394/394/394
f 397/397/397 394/394/394 399/399/399
f 396/396/396 384/384/384 392/392/392
f 396/396/396 392/392/392 397/397/397
f 401/401/401 402/402/402 403/403/403
f 401/401/401 403/403/403 404/404/404
f 404/404/404 403/403/403 405/405/405
f 404/404/404 405/405/405 406/406/406
f 403/403/403 398/398/398 400/400/400
f 403/403/403 400/400/400 405/405/405
f 402/402/402 395/395/395 398/398/398
f 402/402/402 398/398/398 403/403/403
f 384/384/384 396/396/396 407/407/407
f 384/384/384 407/407/407 383/383/383
f 383/383/383 407/407/407 408/408/408
f 383/383/383 408/408/408 374/374/374
f 407/407/407 409/409/409 410/410/410
f 407/407/407 410/410/410 408/408/408
f 396/396/396 395/395/395 409/409/409
f 396/396/396 409/409/409 407/407/407
f 395/395/395 402/402/402 411/411/411
f 395/395/395 411/411/411 409/409/409
f 409/409/409 411/411/411 412/412/412
f 409/409/409 412/412/412 410/410/410
f 411/411/411 413/413/413 414/414/414
f 411/411/411 414/414/414 412/412/412
f 402/402/402 401/401/401 413/413/413
f 402/402/402 413/413/413 411/411/411
f 374/374/374 408/408/408 415/415/415
f 374/374/374 415/415/415 373/373/373
f 373/373/373 415/415/415 416/416/416
f 373/373/373 416/416/416 358/358/358
f 415/415/415 417/417/417 418/418/418
f 415/415/415 418/418/418 416/416/416
f 408/408/408 410/410/410 417/417/417
f 408/408/408 417/417/417 415/415/415
f 410/410/410 412/412/412 419/419/419
f 410/410/410 419/419/419 417/417/417
f 417/417/417 419/419/419 420/420/420
f 417/417/417 420/420/420 418/418/418
f 419/419/419 421/421/421 422/422/422
f 419/419/419 422/422/422 420/420/420
f 412/412/412 414/414/414 421/421/421
f 412/412/412 421/421/421 419/419/419
f 423/423/423 424/424/424 425/425/425
f 423/423/423 425/425/425 426/426/426
f 426/426/426 425/425/425 416/416/416
f 426/426/426 416/416/416 418/418/418
f 425/425/425 356/356/356 358/358/358
f 425/425/425 358/358/358 416/416/416
f 424/424/424 354/354/354 356/356/356
f 424/424/424 356/356/356 425/425/425
f 427/427/427 428/428/428 429/429/429
f 427/427/427 429/429/429 430/430/430
f 430/430/430 429/429/429 420/420/420
f 430/430/430 420/420/420 422/422/422
f 429/429/429 426/426/426 418/418/418
f 429/429/429 418/418/418 420/420/420
f 428/428/428 423/423/423 426/426/426
f 428/428/428 426/426/426 429/429/429
f 431/431/431 432/432/432 433/433/433
f 431/431/431 433/433/433 434/434/434
f 434/434/434 433/433/433 428/428/428
f 434/434/434 428/428/428 427/427/427
f 433/433/433 435/435/435 423/423/423
f 433/433/433 423/423/423 428/428/428
f 432/432/432 436/436/436 435/435/435
f 432/432/432 435/435/435 433/433/433
f 436/436/436 437/437/437 438/438/438
f 436/436/436 438/438/438 435/435/435
f 435/435/435 438/438/438 424/424/424
f 435/435/435 424/424/424 423/423/423
f 438/438/438 352/352/352 354/354/354
f 438/438/438 354/354/354 424/424/424
f 437/437/437 338/338/338 352/352/352
f 437/437/437 352/352/352 438/438/438
f 439/439/439 440/440/440 441/441/441
f 439/439/439 441/441/441 442/442/442
f 442/442/442 441/441/441 437/437/437
f 442/442/442 437/437/437 436/436/436
f 441/441/441 336/336/336 338/338/338
f 441/441/441 338/338/338 437/437/437
f 440/440/440 334/334/334 336/336/336
f 440/440/440 336/336/336 441/441/441
f 443/443/443 444/444/444 445/445/445
f 443/443/443 445/445/445 446/446/446
f 446/446/446 445/445/445 432/432/432
f 446/446/446 432/432/432 431/431/431
f 445/445/445 442/442/442 436/436/436
f 445/445/445 436/436/436 432/432/432
f 444/444/444 439/439/439 442/442/442
f 444/444/444 442/442/442 445/445/445
f 447/447/447 448/448/448 449/449/449
f 447/447/447 449/449/449 450/450/450
f 450/450/450 449/449/449 444/444/444
f 450/450/450 444/444/444 443/443/443
f 449/449/449 451/451/451 439/439/439
f 449/449/449 439/439/439 444/444/444
f 448/448/448 452/452/452 451/451/451
f 448/448/448 451/451/451 449/449/449
f 452/452/452 453/453/453 454/454/454
f 452/452/452 454/454/454 451/451/451
f 451/451/451 454/454/454 440/440/440
f 451/451/451 440/440/440 439/439/439
f 454/454/454 332/332/332 334/334/334
f 454/454/454 334/334/334 440/440/440
f 453/453/453 318/318/318 332/332/332
f 453/453/453 332/332/332 454/454/454
f 455/455/455 456/456/456 457/457/457
f 455/455/455 457/457/457 458/458/458
f 458/458/458 457/457/457 453/453/453
f 458/458/458 453/453/453 452/452/452
f 457/457/457 316/316/316 318/318/318
f 457/457/457 318/318/318 453/453/453
f 456/456/456 308/308/308 316/316/316
f 456/456/456 316/316/316 457/457/457
f 459/459/459 460/460/460 461/461/461
f 459/459/459 461/461/461 462/462/462
f 462/462/462 461/461/461 448/448/448
f 462/462/462 448/448/448 447/447/447
f 461/461/461 458/458/458 452/452/452
f 461/461/461 452/452/452 448/448/448
f 460/460/460 455/455/455 458/458/458
f 460/460/460 458/458/458 461/461/461
f 463/463/463 464/464/464 465/465/465
f 463/463/463 465/465/465 466/466/466
f 466/466/466 465/465/465 460/460/460
f 466/466/466 460/460/460 459/459/459
f 465/465/465 467/467/467 455/455/455
f 465/465/465 455/455/455 460/460/460
f 464/464/464 468/468/468 467/467/467
f 464/464/464 467/467/467 465/465/465
f 468/468/468 469/469/469 470/470/470
f 468/468/468 470/470/470 467/467/467
f 467/467/467 470/470/470 456/456/456
f 467/467/467 456/456/456 455/455/455
f 470/470/470 306/306/306 308/308/308
f 470/470/470 308/308/308 456/456/456
f 469/469/469 298/298/298 306/306/306
f 469/469/469 306/306/306 470/470/470
f 471/471/471 472/472/472 473/473/473
f 471/471/471 473/473/473 474/474/474
f 474/474/474 473/473/473 464/464/464
f 474/474/474 464/464/464 463/463/463
f 473/473/473 475/475/475 468/468/468
f 473/473/473 468/468/468 464/464/464
f 472/472/472 476/476/476 475/475/475
f 472/472/472 475/475/475 473/473/473
f 476/476/476 477/477/477 478/478/478
f 476/476/476 478/478/478 475/475/475
f 475/475/475 478/478/478 469/469/469
f 475/475/475 469/469/469 468/468/468
f 478/478/478 296/296/296 298/298/298
f 478/478/478 298/298/298 469/469/469
f 477/477/477 294/294/294 296/296/296
f 477/477/477 296/296/296 478/478/478
f 479/479/479 480/480/480 481/481/481
f 479/479/479 481/481/481 482/482/482
f 482/482/482 481/481/481 472/472/472
f 482/482/482 472/472/472 471/471/471
f 481/481/481 483/483/483 476/476/476
f 481/481/481 476/476/476 472/472/472
f 480/480/480 484/484/484 483/483/483
f 480/480/480 483/483/483 481/481/481
f 484/484/484 485/485/485 486/486/486
f 484/484/484 486/486/486 483/483/483
f 483/483/483 486/486/486 477/477/477
f 483/483/483 477/477/477 476/476/476
f 486/486/486 292/292/292 294/294/294
f 486/486/486 294/294/294 477/477/477
f 485/485/485 278/278/278 292/292/292
f 485/485/485 292/292/292 486/486/486
f 487/487/487 488/488/488 489/489/489
f 487/487/487 489/489/489 490/490/490
f 490/490/490 489/489/489 485/485/485
f 490/490/490 485/485/485 484/484/484
f 489/489/489 276/276/276 278/278/278
f 489/489/489 278/278/278 485/485/485
f 488/488/488 274/274/274 276/276/276
f 488/488/488 276/276/276 489/489/489
f 491/491/491 492/492/492 493/493/493
f 491/491/491 493/493/493 494/494/494
f 494/494/494 493/493/493 480/480/480
f 494/494/494 480/480/480 479/479/479
f 493/493/493 490/490/490 484/484/484
f 493/493/493 484/484/484 480/480/480
f 492/492/492 487/487/487 490/490/490
f 492/492/492 490/490/490 493/493/493
f 495/495/495 496/496/496 497/497/497
f 495/495/495 497/497/497 498/498/498
f 498/498/498 497/497/497 492/492/492
f 498/498/498 492/492/492 491/491/491
f 497/497/497 499/499/499 487/487/487
f 497/497/497 487/487/487 492/492/492
f 496/496/496 500/500/500 499/499/499
f 496/496/496 499/499/499 497/497/497
f 500/500/500 501/501/501 502/502/502
f 500/500/500 502/502/502 499/499/499
f 499/499/499 502/502/502 488/488/488
f 499/499/499 488/488/488 487/487/487
f 502/502/502 272/272/272 274/274/274
f 502/502/502 274/274/274 488/488/488
f 501/501/501 258/258/258 272/272/272
f 501/501/501 272/272/272 502/502/502
f 503/503/503 504/504/504 505/505/505
f 503/503/503 505/505/505 506/506/506
f 506/506/506 505/505/505 501/501/501
f 506/506/506 501/501/501 500/500/500
f 505/505/505 256/256/256 258/258/258
f 505/505/505 258/258/258 501/501/501
f 504/504/504 248/248/248 256/256/256
f 504/504/504 256/256/256 505/505/505
f 507/507/507 508/508/508 509/509/509
f 507/507/507 509/509/509 510/510/510
f 510/510/510 509/509/509 496/496/496
f 510/510/510 496/496/496 495/495/495
f 509/509/509 506/506/506 500/500/500
f 509/509/509 500/500/500 496/496/496
f 508/508/508 503/503/503 506/506/506
f 508/508/508 506/506/506 509/509/509
f 511/511/511 512/512/512 513/513/513
f 511/511/511 513/513/513 514/514/514
f 514/514/514 513/513/513 508/508/508
f 514/514/514 508/508/508 507/507/507
f 513/513/513 515/515/515 503/503/503
f 513/513/513 503/503/503 508/508/508
f 512/512/512 516/516/516 515/515/515
f 512/512/512 515/515/515 513/513/513
f 516/516/516 517/517/517 518/518/518
f 516/516/516 518/518/518 515/515/515
f 515/515/515 518/518/518 504/504/504
f 515/515/515 504/504/504 503/503/503
f 518/518/518 246/246/246 248/248/248
f 518/518/518 248/248/248 504/504/504
f 517/517/517 238/238/238 246/246/246
f 517/517/517 246/246/246 518/518/518
f 519/519/519 520/520/520 521/521/521
f 519/519/519 521/521/521 522/522/522
f 522/522/522 521/521/521 512/512/512
f 522/522/522 512/512/512 511/511/511
f 521/521/521 523/523/523 516/516/516
f 521/521/521 516/516/516 512/512/512
f 520/520/520 524/524/524 523/523/523
f 520/520/520 523/523/523 521/521/521
f 524/524/524 525/525/525 526/526/526
f 524/524/524 526/526/526 523/523/523
f 523/523/523 526/526/526 517/517/517
f 523/523/523 517/517/517 516/516/516
f 526/526/526 236/236/236 238/238/238
f 526/526/526 238/238/238 517/517/517
f 525/525/525 234/234/234 236/236/236
f 525/525/525 236/236/236 526/526/526
f 527/527/527 528/528/528 529/529/529
f 527/527/527 529/529/529 530/530/530
f 530/530/530 529/529/529 520/520/520
f 530/530/530 520/520/520 519/519/519
f 529/529/529 531/531/531 524/524/524
f 529/529/529 524/524/524 520/520/520
f 528/528/528 532/532/532 531/531/531
f 528/528/528 531/531/531 529/529/529
f 532/532/532 533/533/533 534/534/534
f 532/532/532 534/534/534 531/531/531
f 531/531/531 534/534/534 525/525/525
f 531/531/531 525/525/525 524/524/524
f 534/534/534 232/232/232 234/234/234
f 534/534/534 234/234/234 525/525/525
f 533/533/533 220/220/220 232/232/232
f 533/533/533 232/232/232 534/534/534
f 535/535/535 536/536/536 537/537/537
f 535/535/535 537/537/537 538/538/538
f 538/538/538 537/537/537 533/533/533
f 538/538/538 533/533/533 532/532/532
f 537/537/537 218/218/218 220/220/220
f 537/537/537 220/220/220 533/533/533
f 536/536/536 215/215/215 218/218/218
f 536/536/536 218/218/218 537/537/537
f 539/539/539 540/540/540 541/541/541
f 539/539/539 541/541/541 542/542/542
f 542/542/542 541/541/541 528/528/528
f 542/542/542 528/528/528 527/527/527
f 541/541/541 538/538/538 532/532/532
f 541/541/541 532/532/532 528/528/528
f 540/540/540 535/535/535 538/538/538
f 540/540/540 538/538/538 541/541/541
f 543/543/543 544/544/544 545/545/545
f 543/543/543 545/545/545 546/546/546
f 546/546/546 545/545/545 540/540/540
f 546/546/546 540/540/540 539/539/539
f 545/545/545 547/547/547 535/535/535
f 545/545/545 535/535/535 540/540/540
f 544/544/544 548/548/548 547/547/547
f 544/544/544 547/547/547 545/545/545
f 548/548/548 549/549/549 550/550/550
f 548/548/548 550/550/550 547/547/547
f 547/547/547 550/550/550 536/536/536
f 547/547/547 536/536/536 535/535/535
f 550/550/550 224/224/224 215/215/215
f 550/550/550 215/215/215 536/536/536
f 549/549/549 221/221/221 224/224/224
f 549/549/549 224/224/224 550/550/550
f 135/135/135 138/138/138 551/551/551
f 135/135/135 551/551/551 552/552/552
f 552/552/552 551/551/551 549/549/549
f 552/552/552 549/549/549 548/548/548
f 551/551/551 553/553/553 221/221/221
f 551/551/551 221/221/221 549/549/549
f 138/138/138 140/140/140 553/553/553
f 138/138/138 553/553/553 551/551/551
f 125/125/125 133/133/133 554/554/554
f 125/125/125 554/554/554 555/555/555
f 555/555/555 554/554/554 544/544/544
f 555/555/555 544/544/544 543/543/543
f 554/554/554 552/552/552 548/548/548
f 554/554/554 548/548/548 544/544/544
f 133/133/133 135/135/135 552/552/552
f 133/133/133 552/552/552 554/554/554
f 556/556/556 557/557/557 558/558/558
f 556/556/556 558/558/558 559/559/559
f 559/559/559 558/558/558 560/560/560
f 559/559/559 560/560/560 561/561/561
f 558/558/558 546/546/546 539/539/539
f 558/558/558 539/539/539 560/560/560
f 557/557/557 543/543/543 546/546/546
f 557/557/557 546/546/546 558/558/558
f 110/110/110 123/123/123 562/562/562
f 110/110/110 562/562/562 563/563/563
f 563/563/563 562/562/562 557/557/557
f 563/563/563 557/557/557 556/556/556
f 562/562/562 555/555/555 543/543/543
f 562/562/562 543/543/543 557/557/557
f 123/123/123 125/125/125 555/555/555
f 123/123/123 555/555/555 562/562/562
f 564/564/564 565/565/565 566/566/566
f 564/564/564 566/566/566 567/567/567
f 567/567/567 566/566/566 568/568/568
f 567/567/567 568/568/568 569/569/569
f 566/566/566 559/559/559 561/561/561
f 566/566/566 561/561/561 568/568/568
f 565/565/565 556/556/556 559/559/559
f 565/565/565 559/559/559 566/566/566
f 100/100/100 108/108/108 570/570/570
f 100/100/100 570/570/570 571/571/571
f 571/571/571 570/570/570 565/565/565
f 571/571/571 565/565/565 564/564/564
f 570/570/570 563/563/563 556/556/556
f 570/570/570 556/556/556 565/565/565
f 108/108/108 110/110/110 563/563/563
f 108/108/108 563/563/563 570/570/570
f 569/569/569 568/568/568 572/572/572
f 569/569/569 572/572/572 573/573/573
f 573/573/573 572/572/572 574/574/574
f 573/573/573 574/574/574 575/575/575
f 572/572/572 576/576/576 577/577/577
f 572/572/572 577/577/577 574/574/574
f 568/568/568 561/561/561 576/576/576
f 568/568/568 576/576/576 572/572/572
f 561/561/561 560/560/560 578/578/578
f 561/561/561 578/578/578 576/576/576
f 576/576/576 578/578/578 579/579/579
f 576/576/576 579/579/579 577/577/577
f 578/578/578 542/542/542 527/527/527
f 578/578/578 527/527/527 579/579/579
f 560/560/560 539/539/539 542/542/542
f 560/560/560 542/542/542 578/578/578
f 580/580/580 581/581/581 582/582/582
f 580/580/580 582/582/582 583/583/583
f 583/583/583 582/582/582 584/584/584
f 583/583/583 584/584/584 15/15/15
f 582/582/582 573/573/573 575/575/575
f 582/582/582 575/575/575 584/584/584
f 581/581/581 569/569/569 573/573/573
f 581/581/581 573/573/573 582/582/582
f 585/585/585 586/586/586 587/587/587
f 585/585/585 587/587/587 588/588/588
f 588/588/588 587/587/587 581/581/581
f 588/588/588 581/581/581 580/580/580
f 587/587/587 567/567/567 569/569/569
f 587/587/587 569/569/569 581/581/581
f 586/586/586 564/564/564 567/567/567
f 586/586/586 567/567/567 587/587/587
f 41/41/41 589/589/589 590/590/590
f 41/41/41 590/590/590 40/40/40
f 40/40/40 590/590/590 11/11/11
f 40/40/40 11/11/11 10/10/10
f 590/590/590 583/583/583 15/15/15
f 590/590/590 15/15/15 11/11/11
f 589/589/589 580/580/580 583/583/583
f 589/589/589 583/583/583 590/590/590
f 55/55/55 591/591/591 592/592/592
f 55/55/55 592/592/592 54/54/54
f 54/54/54 592/592/592 589/589/589
f 54/54/54 589/589/589 41/41/41
f 592/592/592 588/588/588 580/580/580
f 592/592/592 580/580/580 589/589/589
f 591/591/591 585/585/585 588/588/588
f 591/591/591 588/588/588 592/592/592
f 15/15/15 584/584/584 593/593/593
f 15/15/15 593/593/593 14/14/14
f 14/14/14 593/593/593 594/594/594
f 14/14/14 594/594/594 9/9/9
f 593/593/593 595/595/595 596/596/596
f 593/593/593 596/596/596 594/594/594
f 584/584/584 575/575/575 595/595/595
f 584/584/584 595/595/595 593/593/593
f 95/95/95 98/98/98 597/597/597
f 95/95/95 597/597/597 598/598/598
f 598/598/598 597/597/597 586/586/586
f 598/598/598 586/586/586 585/585/585
f 597/597/597 571/571/571 564/564/564
f 597/597/597 564/564/564 586/586/586
f 98/98/98 100/100/100 571/571/571
f 98/98/98 571/571/571 597/597/597
f 95/95/95 598/598/598 599/599/599
f 95/95/95 599/599/599 93/93/93
f 93/93/93 599/599/599 60/60/60
f 93/93/93 60/60/60 61/61/61
f 599/599/599 591/591/591 55/55/55
f 599/599/599 55/55/55 60/60/60
f 598/598/598 585/585/585 591/591/591
f 598/598/598 591/591/591 599/599/599
f 575/575/575 574/574/574 600/600/600
f 575/575/575 600/600/600 595/595/595
f 595/595/595 600/600/600 601/601/601
f 595/595/595 601/601/601 596/596/596
f 600/600/600 602/602/602 603/603/603
f 600/600/600 603/603/603 601/601/601
f 574/574/574 577/577/577 602/602/602
f 574/574/574 602/602/602 600/600/600
f 596/596/596 601/601/601 604/604/604
f 596/596/596 604/604/604 605/605/605
f 605/605/605 604/604/604 606/606/606
f 605/605/605 606/606/606 607/607/607
f 604/604/604 608/608/608 609/609/609
f 604/604/604 609/609/609 606/606/606
f 601/601/601 603/603/603 608/608/608
f 601/601/601 608/608/608 604/604/604
f 9/9/9 594/594/594 610/610/610
f 9/9/9 610/610/610 7/7/7
f 7/7/7 610/610/610 611/611/611
f 7/7/7 611/611/611 8/8/8
f 610/610/610 605/605/605 607/607/607
f 610/610/610 607/607/607 611/611/611
f 594/594/594 596/596/596 605/605/605
f 594/594/594 605/605/605 610/610/610
f 607/607/607 606/606/606 612/612/612
f 607/607/607 612/612/612 613/613/613
f 613/613/613 612/612/612 614/614/614
f 613/613/613 614/614/614 615/615/615
f 612/612/612 616/616/616 617/617/617
f 612/612/612 617/617/617 614/614/614
f 606/606/606 609/609/609 616/616/616
f 606/606/606 616/616/616 612/612/612
f 8/8/8 611/611/611 618/618/618
f 8/8/8 618/618/618 619/619/619
f 619/619/619 618/618/618 620/620/620
f 619/619/619 620/620/620 621/621/621
f 618/618/618 613/613/613 615/615/615
f 618/618/618 615/615/615 620/620/620
f 611/611/611 607/607/607 613/613/613
f 611/611/611 613/613/613 618/618/618
f 6/6/6 5/5/5 622/622/622
f 6/6/6 622/622/622 623/623/623
f 623/623/623 622/622/622 624/624/624
f 623/623/623 624/624/624 625/625/625
f 622/622/622 619/619/619 621/621/621
f 622/622/622 621/621/621 624/624/624
f 5/5/5 8/8/8 619/619/619
f 5/5/5 619/619/619 622/622/622
f 625/625/625 624/624/624 626/626/626
f 625/625/625 626/626/626 627/627/627
f 627/627/627 626/626/626 628/628/628
f 627/627/627 628/628/628 629/629/629
f 626/626/626 630/630/630 631/631/631
f 626/626/626 631/631/631 628/628/628
f 624/624/624 621/621/621 630/630/630
f 624/624/624 630/630/630 626/626/626
f 621/621/621 620/620/620 632/632/632
f 621/621/621 632/632/632 630/630/630
f 630/630/630 632/632/632 633/633/633
f 630/630/630 633/633/633 631/631/631
f 632/632/632 634/634/634 635/635/635
f 632/632/632 635/635/635 633/633/633
f 620/620/620 615/615/615 634/634/634
f 620/620/620 634/634/634 632/632/632
f 631/631/631 633/633/633 636/636/636
f 631/631/631 636/636/636 637/637/637
f 637/637/637 636/636/636 638/638/638
f 637/637/637 638/638/638 639/639/639
f 636/636/636 640/640/640 641/641/641
f 636/636/636 641/641/641 638/638/638
f 633/633/633 635/635/635 640/640/640
f 633/633/633 640/640/640 636/636/636
f 629/629/629 628/628/628 642/642/642
f 629/629/629 642/642/642 643/643/643
f 643/643/643 642/642/642 644/644/644
f 643/643/643 644/644/644 645/645/645
f 642/642/642 637/637/637 639/639/639
f 642/642/642 639/639/639 644/644/644
f 628/628/628 631/631/631 637/637/637
f 628/628/628 637/637/637 642/642/642
f 645/645/645 644/644/644 646/646/646
f 645/645/645 646/646/646 647/647/647
f 647/647/647 646/646/646 648/648/648
f 647/647/647 648/648/648 649/649/649
f 646/646/646 650/650/650 651/651/651
f 646/646/646 651/651/651 648/648/648
f 644/644/644 639/639/639 650/650/650
f 644/644/644 650/650/650 646/646/646
f 639/639/639 638/638/638 652/652/652
f 639/639/639 652/652/652 650/650/650
f 650/650/650 652/652/652 653/653/653
f 650/650/650 653/653/653 651/651/651
f 652/652/652 654/654/654 655/655/655
f 652/652/652 655/655/655 653/653/653
f 638/638/638 641/641/641 654/654/654
f 638/638/638 654/654/654 652/652/652
f 651/651/651 653/653/653 656/656/656
f 651/651/651 656/656/656 657/657/657
f 657/657/657 656/656/656 658/658/658
f 657/657/657 658/658/658 659/659/659
f 656/656/656 660/660/660 661/661/661
f 656/656/656 661/661/661 658/658/658
f 653/653/653 655/655/655 660/660/660
f 653/653/653 660/660/660 656/656/656
f 649/649/649 648/648/648 662/662/662
f 649/649/649 662/662/662 663/663/663
f 663/663/663 662/662/662 664/664/664
f 663/663/663 664/664/664 665/665/665
f 662/662/662 657/657/657 659/659/659
f 662/662/662 659/659/659 664/664/664
f 648/648/648 651/651/651 657/657/657
f 648/648/648 657/657/657 662/662/662
f 665/665/665 664/664/664 666/666/666
f 665/665/665 666/666/666 667/667/667
f 667/667/667 666/666/666 668/668/668
f 667/667/667 668/668/668 669/669/669
f 666/666/666 670/670/670 671/671/671
f 666/666/666 671/671/671 668/668/668
f 664/664/664 659/659/659 670/670/670
f 664/664/664 670/670/670 666/666/666
f 659/659/659 658/658/658 672/672/672
f 659/659/659 672/672/672 670/670/670
f 670/670/670 672/672/672 673/673/673
f 670/670/670 673/673/673 671/671/671
f 672/672/672 674/674/674 675/675/675
f 672/672/672 675/675/675 673/673/673
f 658/658/658 661/661/661 674/674/674
f 658/658/658 674/674/674 672/672/672
f 669/669/669 668/668/668 676/676/676
f 669/669/669 676/676/676 677/677/677
f 677/677/677 676/676/676 678/678/678
f 677/677/677 678/678/678 679/679/679
f 676/676/676 680/680/680 681/681/681
f 676/676/676 681/681/681 678/678/678
f 668/668/668 671/671/671 680/680/680
f 668/668/668 680/680/680 676/676/676
f 671/671/671 673/673/673 682/682/682
f 671/671/671 682/682/682 680/680/680
f 680/680/680 682/682/682 683/683/683
f 680/680/680 683/683/683 681/681/681
f 682/682/682 684/684/684 685/685/685
f 682/682/682 685/685/685 683/683/683
f 673/673/673 675/675/675 684/684/684
f 673/673/673 684/684/684 682/682/682
f 675/675/675 686/686/686 687/687/687
f 675/675/675 687/687/687 684/684/684
f 684/684/684 687/687/687 688/688/688
f 684/684/684 688/688/688 685/685/685
f 687/687/687 689/689/689 690/690/690
f 687/687/687 690/690/690 688/688/688
f 686/686/686 691/691/691 689/689/689
f 686/686/686 689/689/689 687/687/687
f 661/661/661 692/692/692 693/693/693
f 661/661/661 693/693/693 674/674/674
f 674/674/674 693/693/693 686/686/686
f 674/674/674 686/686/686 675/675/675
f 693/693/693 694/694/694 691/691/691
f 693/693/693 691/691/691 686/686/686
f 692/692/692 695/695/695 694/694/694
f 692/692/692 694/694/694 693/693/693
f 695/695/695 696/696/696 697/697/697
f 695/695/695 697/697/697 694/694/694
f 694/694/694 697/697/697 698/698/698
f 694/694/694 698/698/698 691/691/691
f 697/697/697 474/474/474 463/463/463
f 697/697/697 463/463/463 698/698/698
f 696/696/696 471/471/471 474/474/474
f 696/696/696 474/474/474 697/697/697
f 691/691/691 698/698/698 699/699/699
f 691/691/691 699/699/699 689/689/689
f 689/689/689 699/699/699 700/700/700
f 689/689/689 700/700/700 690/690/690
f 699/699/699 466/466/466 459/459/459
f 699/699/699 459/459/459 700/700/700
f 698/698/698 463/463/463 466/466/466
f 698/698/698 466/466/466 699/699/699
f 685/685/685 688/688/688 701/701/701
f 685/685/685 701/701/701 702/702/702
f 702/702/702 701/701/701 703/703/703
f 702/702/702 703/703/703 704/704/704
f 701/701/701 705/705/705 706/706/706
f 701/701/701 706/706/706 703/703/703
f 688/688/688 690/690/690 705/705/705
f 688/688/688 705/705/705 701/701/701
f 690/690/690 700/700/700 707/707/707
f 690/690/690 707/707/707 705/705/705
f 705/705/705 707/707/707 708/708/708
f 705/705/705 708/708/708 706/706/706
f 707/707/707 462/462/462 447/447/447
f 707/707/707 447/447/447 708/708/708
f 700/700/700 459/459/459 462/462/462
f 700/700/700 462/462/462 707/707/707
f 706/706/706 708/708/708 709/709/709
f 706/706/706 709/709/709 710/710/710
f 710/710/710 709/709/709 711/711/711
f 710/710/710 711/711/711 712/712/712
f 709/709/709 450/450/450 443/443/443
f 709/709/709 443/443/443 711/711/711
f 708/708/708 447/447/447 450/450/450
f 708/708/708 450/450/450 709/709/709
f 704/704/704 703/703/703 713/713/713
f 704/704/704 713/713/713 714/714/714
f 715/715/715 714/714/714 713/713/713
f 715/715/715 713/713/713 716/716/716
f 717/717/717 716/716/716 713/713/713
f 717/717/717 713/713/713 718/718/718
f 712/712/712 718/718/718 713/713/713
f 712/712/712 713/713/713 710/710/710
f 706/706/706 710/710/710 713/713/713
f 706/706/706 713/713/713 703/703/703
f 712/712/712 711/711/711 719/719/719
f 712/712/712 719/719/719 720/720/720
f 720/720/720 719/719/719 721/721/721
f 720/720/720 721/721/721 722/722/722
f 719/719/719 446/446/446 431/431/431
f 719/719/719 431/431/431 721/721/721
f 711/711/711 443/443/443 446/446/446
f 711/711/711 446/446/446 719/719/719
f 717/717/717 718/718/718 723/723/723
f 717/717/717 723/723/723 724/724/724
f 724/724/724 723/723/723 725/725/725
f 724/724/724 725/725/725 726/726/726
f 723/723/723 720/720/720 722/722/722
f 723/723/723 722/722/722 725/725/725
f 718/718/718 712/712/712 720/720/720
f 718/718/718 720/720/720 723/723/723
f 715/715/715 716/716/716 727/727/727
f 715/715/715 727/727/727 728/728/728
f 728/728/728 727/727/727 729/729/729
f 728/728/728 729/729/729 730/730/730
f 727/727/727 724/724/724 726/726/726
f 727/727/727 726/726/726 729/729/729
f 716/716/716 717/717/717 724/724/724
f 716/716/716 724/724/724 727/727/727
f 726/726/726 725/725/725 731/731/731
f 726/726/726 731/731/731 732/732/732
f 732/732/732 731/731/731 733/733/733
f 732/732/732 733/733/733 734/734/734
f 731/731/731 735/735/735 736/736/736
f 731/731/731 736/736/736 733/733/733
f 725/725/725 722/722/722 735/735/735
f 725/725/725 735/735/735 731/731/731
f 730/730/730 729/729/729 737/737/737
f 730/730/730 737/737/737 738/738/738
f 738/738/738 737/737/737 739/739/739
f 738/738/738 739/739/739 740/740/740
f 737/737/737 732/732/732 734/734/734
f 737/737/737 734/734/734 739/739/739
f 729/729/729 726/726/726 732/732/732
f 729/729/729 732/732/732 737/737/737
f 740/740/740 739/739/739 741/741/741
f 740/740/740 741/741/741 742/742/742
f 742/742/742 741/741/741 743/743/743
f 742/742/742 743/743/743 744/744/744
f 741/741/741 745/745/745 746/746/746
f 741/741/741 746/746/746 743/743/743
f 739/739/739 734/734/734 745/745/745
f 739/739/739 745/745/745 741/741/741
f 734/734/734 733/733/733 747/747/747
f 734/734/734 747/747/747 745/745/745
f 745/745/745 747/747/747 748/748/748
f 745/745/745 748/748/748 746/746/746
f 747/747/747 749/749/749 750/750/750
f 747/747/747 750/750/750 748/748/748
f 733/733/733 736/736/736 749/749/749
f 733/733/733 749/749/749 747/747/747
f 751/751/751 752/752/752 753/753/753
f 751/751/751 753/753/753 754/754/754
f 754/754/754 753/753/753 748/748/748
f 754/754/754 748/748/748 750/750/750
f 753/753/753 755/755/755 746/746/746
f 753/753/753 746/746/746 748/748/748
f 752/752/752 756/756/756 755/755/755
f 752/752/752 755/755/755 753/753/753
f 756/756/756 757/757/757 758/758/758
f 756/756/756 758/758/758 755/755/755
f 755/755/755 758/758/758 743/743/743
f 755/755/755 743/743/743 746/746/746
f 758/758/758 759/759/759 744/744/744
f 758/758/758 744/744/744 743/743/743
f 757/757/757 760/760/760 759/759/759
f 757/757/757 759/759/759 758/758/758
f 761/761/761 762/762/762 763/763/763
f 761/761/761 763/763/763 764/764/764
f 764/764/764 763/763/763 752/752/752
f 764/764/764 752/752/752 751/751/751
f 763/763/763 765/765/765 756/756/756
f 763/763/763 756/756/756 752/752/752
f 762/762/762 766/766/766 765/765/765
f 762/762/762 765/765/765 763/763/763
f 766/766/766 767/767/767 768/768/768
f 766/766/766 768/768/768 765/765/765
f 765/765/765 768/768/768 757/757/757
f 765/765/765 757/757/757 756/756/756
f 768/768/768 769/769/769 760/760/760
f 768/768/768 760/760/760 757/757/757
f 767/767/767 770/770/770 769/769/769
f 767/767/767 769/769/769 768/768/768
f 766/766/766 762/762/762 771/771/771
f 766/766/766 771/771/771 772/772/772
f 772/772/772 771/771/771 773/773/773
f 772/772/772 773/773/773 774/774/774
f 771/771/771 775/775/775 776/776/776
f 771/771/771 776/776/776 773/773/773
f 762/762/762 761/761/761 775/775/775
f 762/762/762 775/775/775 771/771/771
f 770/770/770 767/767/767 777/777/777
f 770/770/770 777/777/777 778/778/778
f 778/778/778 777/777/777 779/779/779
f 778/778/778 779/779/779 780/780/780
f 777/777/777 772/772/772 774/774/774
f 777/777/777 774/774/774 779/779/779
f 767/767/767 766/766/766 772/772/772
f 767/767/767 772/772/772 777/777/777
f 781/781/781 782/782/782 783/783/783
f 781/781/781 783/783/783 784/784/784
f 784/784/784 783/783/783 785/785/785
f 784/784/784 785/785/785 786/786/786
f 783/783/783 778/778/778 780/780/780
f 783/783/783 780/780/780 785/785/785
f 782/782/782 770/770/770 778/778/778
f 782/782/782 778/778/778 783/783/783
f 787/787/787 788/788/788 789/789/789
f 787/787/787 789/789/789 790/790/790
f 790/790/790 789/789/789 791/791/791
f 790/790/790 791/791/791 792/792/792
f 789/789/789 784/784/784 786/786/786
f 789/789/789 786/786/786 791/791/791
f 788/788/788 781/781/781 784/784/784
f 788/788/788 784/784/784 789/789/789
f 770/770/770 782/782/782 793/793/793
f 770/770/770 793/793/793 769/769/769
f 769/769/769 793/793/793 794/794/794
f 769/769/769 794/794/794 760/760/760
f 793/793/793 795/795/795 796/796/796
f 793/793/793 796/796/796 794/794/794
f 782/782/782 781/781/781 795/795/795
f 782/782/782 795/795/795 793/793/793
f 781/781/781 788/788/788 797/797/797
f 781/781/781 797/797/797 795/795/795
f 795/795/795 797/797/797 798/798/798
f 795/795/795 798/798/798 796/796/796
f 797/797/797 799/799/799 800/800/800
f 797/797/797 800/800/800 798/798/798
f 788/788/788 787/787/787 799/799/799
f 788/788/788 799/799/799 797/797/797
f 760/760/760 794/794/794 801/801/801
f 760/760/760 801/801/801 759/759/759
f 759/759/759 801/801/801 802/802/802
f 759/759/759 802/802/802 744/744/744
f 801/801/801 803/803/803 804/804/804
f 801/801/801 804/804/804 802/802/802
f 794/794/794 796/796/796 803/803/803
f 794/794/794 803/803/803 801/801/801
f 796/796/796 798/798/798 805/805/805
f 796/796/796 805/805/805 803/803/803
f 803/803/803 805/805/805 806/806/806
f 803/803/803 806/806/806 804/804/804
f 805/805/805 807/807/807 808/808/808
f 805/805/805 808/808/808 806/806/806
f 798/798/798 800/800/800 807/807/807
f 798/798/798 807/807/807 805/805/805
f 809/809/809 810/810/810 811/811/811
f 809/809/809 811/811/811 812/812/812
f 812/812/812 811/811/811 802/802/802
f 812/812/812 802/802/802 804/804/804
f 811/811/811 742/742/742 744/744/744
f 811/811/811 744/744/744 802/802/802
f 810/810/810 740/740/740 742/742/742
f 810/810/810 742/742/742 811/811/811
f 813/813/813 814/814/814 815/815/815
f 813/813/813 815/815/815 816/816/816
f 816/816/816 815/815/815 806/806/806
f 816/816/816 806/806/806 808/808/808
f 815/815/815 812/812/812 804/804/804
f 815/815/815 804/804/804 806/806/806
f 814/814/814 809/809/809 812/812/812
f 814/814/814 812/812/812 815/815/815
f 817/817/817 818/818/818 819/819/819
f 817/817/817 819/819/819 820/820/820
f 820/820/820 819/819/819 814/814/814
f 820/820/820 814/814/814 813/813/813
f 819/819/819 821/821/821 809/809/809
f 819/819/819 809/809/809 814/814/814
f 818/818/818 822/822/822 821/821/821
f 818/818/818 821/821/821 819/819/819
f 822/822/822 823/823/823 824/824/824
f 822/822/822 824/824/824 821/821/821
f 821/821/821 824/824/824 810/810/810
f 821/821/821 810/810/810 809/809/809
f 824/824/824 738/738/738 740/740/740
f 824/824/824 740/740/740 810/810/810
f 823/823/823 730/730/730 738/738/738
f 823/823/823 738/738/738 824/824/824
f 825/825/825 826/826/826 827/827/827
f 825/825/825 827/827/827 828/828/828
f 828/828/828 827/827/827 823/823/823
f 828/828/828 823/823/823 822/822/822
f 827/827/827 728/728/728 730/730/730
f 827/827/827 730/730/730 823/823/823
f 826/826/826 715/715/715 728/728/728
f 826/826/826 728/728/728 827/827/827
f 829/829/829 830/830/830 831/831/831
f 829/829/829 831/831/831 832/832/832
f 832/832/832 831/831/831 818/818/818
f 832/832/832 818/818/818 817/817/817
f 831/831/831 828/828/828 822/822/822
f 831/831/831 822/822/822 818/818/818
f 830/830/830 825/825/825 828/828/828
f 830/830/830 828/828/828 831/831/831
f 833/833/833 834/834/834 835/835/835
f 833/833/833 835/835/835 836/836/836
f 836/836/836 835/835/835 830/830/830
f 836/836/836 830/830/830 829/829/829
f 835/835/835 837/837/837 825/825/825
f 835/835/835 825/825/825 830/830/830
f 834/834/834 838/838/838 837/837/837
f 834/834/834 837/837/837 835/835/835
f 838/838/838 839/839/839 840/840/840
f 838/838/838 840/840/840 837/837/837
f 837/837/837 840/840/840 826/826/826
f 837/837/837 826/826/826 825/825/825
f 840/840/840 714/714/714 715/715/715
f 840/840/840 715/715/715 826/826/826
f 839/839/839 704/704/704 714/714/714
f 839/839/839 714/714/714 840/840/840
f 681/681/681 683/683/683 841/841/841
f 681/681/681 841/841/841 842/842/842
f 842/842/842 841/841/841 839/839/839
f 842/842/842 839/839/839 838/838/838
f 841/841/841 702/702/702 704/704/704
f 841/841/841 704/704/704 839/839/839
f 683/683/683 685/685/685 702/702/702
f 683/683/683 702/702/702 841/841/841
f 679/679/679 678/678/678 843/843/843
f 679/679/679 843/843/843 844/844/844
f 844/844/844 843/843/843 834/834/834
f 844/844/844 834/834/834 833/833/833
f 843/843/843 842/842/842 838/838/838
f 843/843/843 838/838/838 834/834/834
f 678/678/678 681/681/681 842/842/842
f 678/678/678 842/842/842 843/843/843
f 845/845/845 846/846/846 847/847/847
f 845/845/845 847/847/847 848/848/848
f 848/848/848 847/847/847 849/849/849
f 848/848/848 849/849/849 850/850/850
f 847/847/847 836/836/836 829/829/829
f 847/847/847 829/829/829 849/849/849
f 846/846/846 833/833/833 836/836/836
f 846/846/846 836/836/836 847/847/847
f 851/851/851 852/852/852 853/853/853
f 851/851/851 853/853/853 854/854/854
f 854/854/854 853/853/853 846/846/846
f 854/854/854 846/846/846 845/845/845
f 853/853/853 844/844/844 833/833/833
f 853/853/853 833/833/833 846/846/846
f 852/852/852 679/679/679 844/844/844
f 852/852/852 844/844/844 853/853/853
f 855/855/855 856/856/856 857/857/857
f 855/855/855 857/857/857 858/858/858
f 858/858/858 857/857/857 852/852/852
f 858/858/858 852/852/852 851/851/851
f 857/857/857 677/677/677 679/679/679
f 857/857/857 679/679/679 852/852/852
f 856/856/856 669/669/669 677/677/677
f 856/856/856 677/677/677 857/857/857
f 859/859/859 860/860/860 861/861/861
f 859/859/859 861/861/861 862/862/862
f 862/862/862 861/861/861 863/863/863
f 862/862/862 863/863/863 864/864/864
f 861/861/861 854/854/854 845/845/845
f 861/861/861 845/845/845 863/863/863
f 860/860/860 851/851/851 854/854/854
f 860/860/860 854/854/854 861/861/861
f 865/865/865 866/866/866 867/867/867
f 865/865/865 867/867/867 868/868/868
f 868/868/868 867/867/867 860/860/860
f 868/868/868 860/860/860 859/859/859
f 867/867/867 858/858/858 851/851/851
f 867/867/867 851/851/851 860/860/860
f 866/866/866 855/855/855 858/858/858
f 866/866/866 858/858/858 867/867/867
f 869/869/869 870/870/870 871/871/871
f 869/869/869 871/871/871 872/872/872
f 872/872/872 871/871/871 866/866/866
f 872/872/872 866/866/866 865/865/865
f 871/871/871 873/873/873 855/855/855
f 871/871/871 855/855/855 866/866/866
f 870/870/870 874/874/874 873/873/873
f 870/870/870 873/873/873 871/871/871
f 874/874/874 875/875/875 876/876/876
f 874/874/874 876/876/876 873/873/873
f 873/873/873 876/876/876 856/856/856
f 873/873/873 856/856/856 855/855/855
f 876/876/876 667/667/667 669/669/669
f 876/876/876 669/669/669 856/856/856
f 875/875/875 665/665/665 667/667/667
f 875/875/875 667/667/667 876/876/876
f 877/877/877 878/878/878 879/879/879
f 877/877/877 879/879/879 880/880/880
f 880/880/880 879/879/879 870/870/870
f 880/880/880 870/870/870 869/869/869
f 879/879/879 881/881/881 874/874/874
f 879/879/879 874/874/874 870/870/870
f 878/878/878 882/882/882 881/881/881
f 878/878/878 881/881/881 879/879/879
f 882/882/882 883/883/883 884/884/884
f 882/882/882 884/884/884 881/881/881
f 881/881/881 884/884/884 875/875/875
f 881/881/881 875/875/875 874/874/874
f 884/884/884 663/663/663 665/665/665
f 884/884/884 665/665/665 875/875/875
f 883/883/883 649/649/649 663/663/663
f 883/883/883 663/663/663 884/884/884
f 885/885/885 886/886/886 887/887/887
f 885/885/885 887/887/887 888/888/888
f 888/888/888 887/887/887 883/883/883
f 888/888/888 883/883/883 882/882/882
f 887/887/887 647/647/647 649/649/649
f 887/887/887 649/649/649 883/883/883
f 886/886/886 645/645/645 647/647/647
f 886/886/886 647/647/647 887/887/887
f 889/889/889 890/890/890 891/891/891
f 889/889/889 891/891/891 892/892/892
f 892/892/892 891/891/891 878/878/878
f 892/892/892 878/878/878 877/877/877
f 891/891/891 888/888/888 882/882/882
f 891/891/891 882/882/882 878/878/878
f 890/890/890 885/885/885 888/888/888
f 890/890/890 888/888/888 891/891/891
f 893/893/893 894/894/894 895/895/895
f 893/893/893 895/895/895 896/896/896
f 896/896/896 895/895/895 890/890/890
f 896/896/896 890/890/890 889/889/889
f 895/895/895 897/897/897 885/885/885
f 895/895/895 885/885/885 890/890/890
f 894/894/894 898/898/898 897/897/897
f 894/894/894 897/897/897 895/895/895
f 898/898/898 899/899/899 900/900/900
f 898/898/898 900/900/900 897/897/897
f 897/897/897 900/900/900 886/886/886
f 897/897/897 886/886/886 885/885/885
f 900/900/900 643/643/643 645/645/645
f 900/900/900 645/645/645 886/886/886
f 899/899/899 629/629/629 643/643/643
f 899/899/899 643/643/643 900/900/900
f 901/901/901 902/902/902 903/903/903
f 901/901/901 903/903/903 904/904/904
f 904/904/904 903/903/903 899/899/899
f 904/904/904 899/899/899 898/898/898
f 903/903/903 627/627/627 629/629/629
f 903/903/903 629/629/629 899/899/899
f 902/902/902 625/625/625 627/627/627
f 902/902/902 627/627/627 903/903/903
f 905/905/905 906/906/906 907/907/907
f 905/905/905 907/907/907 908/908/908
f 908/908/908 907/907/907 894/894/894
f 908/908/908 894/894/894 893/893/893
f 907/907/907 904/904/904 898/898/898
f 907/907/907 898/898/898 894/894/894
f 906/906/906 901/901/901 904/904/904
f 906/906/906 904/904/904 907/907/907
f 35/35/35 34/34/34 909/909/909
f 35/35/35 909/909/909 910/910/910
f 910/910/910 909/909/909 906/906/906
f 910/910/910 906/906/906 905/905/905
f 909/909/909 911/911/911 901/901/901
f 909/909/909 901/901/901 906/906/906
f 34/34/34 21/21/21 911/911/911
f 34/34/34 911/911/911 909/909/909
f 21/21/21 20/20/20 912/912/912
f 21/21/21 912/912/912 911/911/911
f 911/911/911 912/912/912 902/902/902
f 911/911/911 902/902/902 901/901/901
f 912/912/912 623/623/623 625/625/625
f 912/912/912 625/625/625 902/902/902
f 20/20/20 6/6/6 623/623/623
f 20/20/20 623/623/623 912/912/912
f 913/913/913 914/914/914 915/915/915
f 913/913/913 915/915/915 916/916/916
f 916/916/916 915/915/915 917/917/917
f 916/916/916 917/917/917 918/918/918
f 915/915/915 908/908/908 893/893/893
f 915/915/915 893/893/893 917/917/917
f 914/914/914 905/905/905 908/908/908
f 914/914/914 908/908/908 915/915/915
f 919/919/919 920/920/920 921/921/921
f 919/919/919 921/921/921 922/922/922
f 922/922/922 921/921/921 914/914/914
f 922/922/922 914/914/914 913/913/913
f 921/921/921 910/910/910 905/905/905
f 921/921/921 905/905/905 914/914/914
f 920/920/920 35/35/35 910/910/910
f 920/920/920 910/910/910 921/921/921
f 254/254/254 923/923/923 924/924/924
f 254/254/254 924/924/924 263/263/263
f 263/263/263 924/924/924 925/925/925
f 263/263/263 925/925/925 264/264/264
f 924/924/924 916/916/916 918/918/918
f 924/924/924 918/918/918 925/925/925
f 923/923/923 913/913/913 916/916/916
f 923/923/923 916/916/916 924/924/924
f 244/244/244 926/926/926 927/927/927
f 244/244/244 927/927/927 253/253/253
f 253/253/253 927/927/927 923/923/923
f 253/253/253 923/923/923 254/254/254
f 927/927/927 922/922/922 913/913/913
f 927/927/927 913/913/913 923/923/923
f 926/926/926 919/919/919 922/922/922
f 926/926/926 922/922/922 927/927/927
f 230/230/230 928/928/928 929/929/929
f 230/230/230 929/929/929 243/243/243
f 243/243/243 929/929/929 926/926/926
f 243/243/243 926/926/926 244/244/244
f 929/929/929 930/930/930 919/919/919
f 929/929/929 919/919/919 926/926/926
f 928/928/928 931/931/931 930/930/930
f 928/928/928 930/930/930 929/929/929
f 931/931/931 932/932/932 933/933/933
f 931/931/931 933/933/933 930/930/930
f 930/930/930 933/933/933 920/920/920
f 930/930/930 920/920/920 919/919/919
f 933/933/933 33/33/33 35/35/35
f 933/933/933 35/35/35 920/920/920
f 932/932/932 31/31/31 33/33/33
f 932/932/932 33/33/33 933/933/933
f 202/202/202 204/204/204 934/934/934
f 202/202/202 934/934/934 935/935/935
f 935/935/935 934/934/934 932/932/932
f 935/935/935 932/932/932 931/931/931
f 934/934/934 29/29/29 31/31/31
f 934/934/934 31/31/31 932/932/932
f 204/204/204 26/26/26 29/29/29
f 204/204/204 29/29/29 934/934/934
f 200/200/200 199/199/199 936/936/936
f 200/200/200 936/936/936 229/229/229
f 229/229/229 936/936/936 928/928/928
f 229/229/229 928/928/928 230/230/230
f 936/936/936 935/935/935 931/931/931
f 936/936/936 931/931/931 928/928/928
f 199/199/199 202/202/202 935/935/935
f 199/199/199 935/935/935 936/936/936
f 918/918/918 917/917/917 937/937/937
f 918/918/918 937/937/937 938/938/938
f 938/938/938 937/937/937 939/939/939
f 938/938/938 939/939/939 940/940/940
f 937/937/937 896/896/896 889/889/889
f 937/937/937 889/889/889 939/939/939
f 917/917/917 893/893/893 896/896/896
f 917/917/917 896/896/896 937/937/937
f 264/264/264 925/925/925 941/941/941
f 264/264/264 941/941/941 269/269/269
f 269/269/269 941/941/941 942/942/942
f 269/269/269 942/942/942 270/270/270
f 941/941/941 938/938/938 940/940/940
f 941/941/941 940/940/940 942/942/942
f 925/925/925 918/918/918 938/938/938
f 925/925/925 938/938/938 941/941/941
f 270/270/270 942/942/942 943/943/943
f 270/270/270 943/943/943 283/283/283
f 283/283/283 943/943/943 944/944/944
f 283/283/283 944/944/944 284/284/284
f 943/943/943 945/945/945 946/946/946
f 943/943/943 946/946/946 944/944/944
f 942/942/942 940/940/940 945/945/945
f 942/942/942 945/945/945 943/943/943
f 940/940/940 939/939/939 947/947/947
f 940/940/940 947/947/947 945/945/945
f 945/945/945 947/947/947 948/948/948
f 945/945/945 948/948/948 946/946/946
f 947/947/947 892/892/892 877/877/877
f 947/947/947 877/877/877 948/948/948
f 939/939/939 889/889/889 892/892/892
f 939/939/939 892/892/892 947/947/947
f 946/946/946 948/948/948 949/949/949
f 946/946/946 949/949/949 950/950/950
f 950/950/950 949/949/949 951/951/951
f 950/950/950 951/951/951 952/952/952
f 949/949/949 880/880/880 869/869/869
f 949/949/949 869/869/869 951/951/951
f 948/948/948 877/877/877 880/880/880
f 948/948/948 880/880/880 949/949/949
f 284/284/284 944/944/944 953/953/953
f 284/284/284 953/953/953 289/289/289
f 289/289/289 953/953/953 954/954/954
f 289/289/289 954/954/954 290/290/290
f 953/953/953 950/950/950 952/952/952
f 953/953/953 952/952/952 954/954/954
f 944/944/944 946/946/946 950/950/950
f 944/944/944 950/950/950 953/953/953
f 290/290/290 954/954/954 955/955/955
f 290/290/290 955/955/955 303/303/303
f 303/303/303 955/955/955 956/956/956
f 303/303/303 956/956/956 304/304/304
f 955/955/955 957/957/957 958/958/958
f 955/955/955 958/958/958 956/956/956
f 954/954/954 952/952/952 957/957/957
f 954/954/954 957/957/957 955/955/955
f 952/952/952 951/951/951 959/959/959
f 952/952/952 959/959/959 957/957/957
f 957/957/957 959/959/959 960/960/960
f 957/957/957 960/960/960 958/958/958
f 959/959/959 872/872/872 865/865/865
f 959/959/959 865/865/865 960/960/960
f 951/951/951 869/869/869 872/872/872
f 951/951/951 872/872/872 959/959/959
f 304/304/304 956/956/956 961/961/961
f 304/304/304 961/961/961 313/313/313
f 313/313/313 961/961/961 962/962/962
f 313/313/313 962/962/962 314/314/314
f 961/961/961 963/963/963 964/964/964
f 961/961/961 964/964/964 962/962/962
f 956/956/956 958/958/958 963/963/963
f 956/956/956 963/963/963 961/961/961
f 958/958/958 960/960/960 965/965/965
f 958/958/958 965/965/965 963/963/963
f 963/963/963 965/965/965 966/966/966
f 963/963/963 966/966/966 964/964/964
f 965/965/965 868/868/868 859/859/859
f 965/965/965 859/859/859 966/966/966
f 960/960/960 865/865/865 868/868/868
f 960/960/960 868/868/868 965/965/965
f 314/314/314 962/962/962 967/967/967
f 314/314/314 967/967/967 323/323/323
f 323/323/323 967/967/967 968/968/968
f 323/323/323 968/968/968 324/324/324
f 967/967/967 969/969/969 970/970/970
f 967/967/967 970/970/970 968/968/968
f 962/962/962 964/964/964 969/969/969
f 962/962/962 969/969/969 967/967/967
f 964/964/964 966/966/966 971/971/971
f 964/964/964 971/971/971 969/969/969
f 969/969/969 971/971/971 972/972/972
f 969/969/969 972/972/972 970/970/970
f 971/971/971 862/862/862 864/864/864
f 971/971/971 864/864/864 972/972/972
f 966/966/966 859/859/859 862/862/862
f 966/966/966 862/862/862 971/971/971
f 970/970/970 972/972/972 973/973/973
f 970/970/970 973/973/973 974/974/974
f 974/974/974 973/973/973 975/975/975
f 974/974/974 975/975/975 976/976/976
f 973/973/973 977/977/977 978/978/978
f 973/973/973 978/978/978 975/975/975
f 972/972/972 864/864/864 977/977/977
f 972/972/972 977/977/977 973/973/973
f 324/324/324 968/968/968 979/979/979
f 324/324/324 979/979/979 329/329/329
f 329/329/329 979/979/979 980/980/980
f 329/329/329 980/980/980 330/330/330
f 979/979/979 974/974/974 976/976/976
f 979/979/979 976/976/976 980/980/980
f 968/968/968 970/970/970 974/974/974
f 968/968/968 974/974/974 979/979/979
f 976/976/976 975/975/975 981/981/981
f 976/976/976 981/981/981 982/982/982
f 982/982/982 981/981/981 983/983/983
f 982/982/982 983/983/983 984/984/984
f 981/981/981 985/985/985 986/986/986
f 981/981/981 986/986/986 983/983/983
f 975/975/975 978/978/978 985/985/985
f 975/975/975 985/985/985 981/981/981
f 330/330/330 980/980/980 987/987/987
f 330/330/330 987/987/987 343/343/343
f 343/343/343 987/987/987 988/988/988
f 343/343/343 988/988/988 344/344/344
f 987/987/987 982/982/982 984/984/984
f 987/987/987 984/984/984 988/988/988
f 980/980/980 976/976/976 982/982/982
f 980/980/980 982/982/982 987/987/987
f 864/864/864 863/863/863 989/989/989
f 864/864/864 989/989/989 977/977/977
f 977/977/977 989/989/989 990/990/990
f 977/977/977 990/990/990 978/978/978
f 989/989/989 848/848/848 850/850/850
f 989/989/989 850/850/850 990/990/990
f 863/863/863 845/845/845 848/848/848
f 863/863/863 848/848/848 989/989/989
f 978/978/978 990/990/990 991/991/991
f 978/978/978 991/991/991 985/985/985
f 985/985/985 991/991/991 992/992/992
f 985/985/985 992/992/992 986/986/986
f 991/991/991 993/993/993 994/994/994
f 991/991/991 994/994/994 992/992/992
f 990/990/990 850/850/850 993/993/993
f 990/990/990 993/993/993 991/991/991
f 850/850/850 849/849/849 995/995/995
f 850/850/850 995/995/995 993/993/993
f 993/993/993 995/995/995 996/996/996
f 993/993/993 996/996/996 994/994/994
f 995/995/995 832/832/832 817/817/817
f 995/995/995 817/817/817 996/996/996
f 849/849/849 829/829/829 832/832/832
f 849/849/849 832/832/832 995/995/995
f 994/994/994 996/996/996 997/997/997
f 994/994/994 997/997/997 998/998/998
f 998/998/998 997/997/997 999/999/999
f 998/998/998 999/999/999 1000/1000/1000
f 997/997/997 820/820/820 813/813/813
f 997/997/997 813/813/813 999/999/999
f 996/996/996 817/817/817 820/820/820
f 996/996/996 820/820/820 997/997/997
f 986/986/986 992/992/992 1001/1001/1001
f 986/986/986 1001/1001/1001 1002/1002/1002
f 1002/1002/1002 1001/1001/1001 1003/1003/1003
f 1002/1002/1002 1003/1003/1003 1004/1004/1004
f 1001/1001/1001 998/998/998 1000/1000/1000
f 1001/1001/1001 1000/1000/1000 1003/1003/1003
f 992/992/992 994/994/994 998/998/998
f 992/992/992 998/998/998 1001/1001/1001
f 1004/1004/1004 1003/1003/1003 1005/1005/1005
f 1004/1004/1004 1005/1005/1005 1006/1006/1006
f 1006/1006/1006 1005/1005/1005 1007/1007/1007
f 1006/1006/1006 1007/1007/1007 1008/1008/1008
f 1005/1005/1005 1009/1009/1009 1010/1010/1010
f 1005/1005/1005 1010/1010/1010 1007/1007/1007
f 1003/1003/1003 1000/1000/1000 1009/1009/1009
f 1003/1003/1003 1009/1009/1009 1005/1005/1005
f 1000/1000/1000 999/999/999 1011/1011/1011
f 1000/1000/1000 1011/1011/1011 1009/1009/1009
f 1009/1009/1009 1011/1011/1011 1012/1012/1012
f 1009/1009/1009 1012/1012/1012 1010/1010/1010
f 1011/1011/1011 816/816/816 808/808/808
f 1011/1011/1011 808/808/808 1012/1012/1012
f 999/999/999 813/813/813 816/816/816
f 999/999/999 816/816/816 1011/1011/1011
f 800/800/800 1013/1013/1013 1014/1014/1014
f 800/800/800 1014/1014/1014 807/807/807
f 807/807/807 1014/1014/1014 1012/1012/1012
f 807/807/807 1012/1012/1012 808/808/808
f 1014/1014/1014 1015/1015/1015 1010/1010/1010
f 1014/1014/1014 1010/1010/1010 1012/1012/1012
f 1013/1013/1013 1016/1016/1016 1015/1015/1015
f 1013/1013/1013 1015/1015/1015 1014/1014/1014
f 1016/1016/1016 1017/1017/1017 1018/1018/1018
f 1016/1016/1016 1018/1018/1018 1015/1015/1015
f 1015/1015/1015 1018/1018/1018 1007/1007/1007
f 1015/1015/1015 1007/1007/1007 1010/1010/1010
f 1018/1018/1018 1019/1019/1019 1008/1008/1008
f 1018/1018/1018 1008/1008/1008 1007/1007/1007
f 1017/1017/1017 1020/1020/1020 1019/1019/1019
f 1017/1017/1017 1019/1019/1019 1018/1018/1018
f 787/787/787 1021/1021/1021 1022/1022/1022
f 787/787/787 1022/1022/1022 799/799/799
f 799/799/799 1022/1022/1022 1013/1013/1013
f 799/799/799 1013/1013/1013 800/800/800
f 1022/1022/1022 1023/1023/1023 1016/1016/1016
f 1022/1022/1022 1016/1016/1016 1013/1013/1013
f 1021/1021/1021 1024/1024/1024 1023/1023/1023
f 1021/1021/1021 1023/1023/1023 1022/1022/1022
f 1024/1024/1024 1025/1025/1025 1026/1026/1026
f 1024/1024/1024 1026/1026/1026 1023/1023/1023
f 1023/1023/1023 1026/1026/1026 1017/1017/1017
f 1023/1023/1023 1017/1017/1017 1016/1016/1016
f 1026/1026/1026 1027/1027/1027 1020/1020/1020
f 1026/1026/1026 1020/1020/1020 1017/1017/1017
f 1025/1025/1025 1028/1028/1028 1027/1027/1027
f 1025/1025/1025 1027/1027/1027 1026/1026/1026
f 1024/1024/1024 1021/1021/1021 1029/1029/1029
f 1024/1024/1024 1029/1029/1029 1030/1030/1030
f 1030/1030/1030 1029/1029/1029 1031/1031/1031
f 1030/1030/1030 1031/1031/1031 1032/1032/1032
f 1029/1029/1029 790/790/790 792/792/792
f 1029/1029/1029 792/792/792 1031/1031/1031
f 1021/1021/1021 787/787/787 790/790/790
f 1021/1021/1021 790/790/790 1029/1029/1029
f 1028/1028/1028 1025/1025/1025 1033/1033/1033
f 1028/1028/1028 1033/1033/1033 1034/1034/1034
f 1034/1034/1034 1033/1033/1033 1035/1035/1035
f 1034/1034/1034 1035/1035/1035 1036/1036/1036
f 1033/1033/1033 1030/1030/1030 1032/1032/1032
f 1033/1033/1033 1032/1032/1032 1035/1035/1035
f 1025/1025/1025 1024/1024/1024 1030/1030/1030
f 1025/1025/1025 1030/1030/1030 1033/1033/1033
f 1037/1037/1037 1038/1038/1038 1039/1039/1039
f 1037/1037/1037 1039/1039/1039 1040/1040/1040
f 1040/1040/1040 1039/1039/1039 1041/1041/1041
f 1040/1040/1040 1041/1041/1041 1042/1042/1042
f 1039/1039/1039 1034/1034/1034 1036/1036/1036
f 1039/1039/1039 1036/1036/1036 1041/1041/1041
f 1038/1038/1038 1028/1028/1028 1034/1034/1034
f 1038/1038/1038 1034/1034/1034 1039/1039/1039
f 375/375/375 1043/1043/1043 1044/1044/1044
f 375/375/375 1044/1044/1044 389/389/389
f 389/389/389 1044/1044/1044 1045/1045/1045
f 389/389/389 1045/1045/1045 390/390/390
f 1044/1044/1044 1040/1040/1040 1042/1042/1042
f 1044/1044/1044 1042/1042/1042 1045/1045/1045
f 1043/1043/1043 1037/1037/1037 1040/1040/1040
f 1043/1043/1043 1040/1040/1040 1044/1044/1044
f 1037/1037/1037 1043/1043/1043 1046/1046/1046
f 1037/1037/1037 1046/1046/1046 1047/1047/1047
f 1047/1047/1047 1046/1046/1046 1048/1048/1048
f 1047/1047/1047 1048/1048/1048 1049/1049/1049
f 1046/1046/1046 378/378/378 365/365/365
f 1046/1046/1046 365/365/365 1048/1048/1048
f 1043/1043/1043 375/375/375 378/378/378
f 1043/1043/1043 378/378/378 1046/1046/1046
f 1028/1028/1028 1038/1038/1038 1050/1050/1050
f 1028/1028/1028 1050/1050/1050 1027/1027/1027
f 1027/1027/1027 1050/1050/1050 1051/1051/1051
f 1027/1027/1027 1051/1051/1051 1020/1020/1020
f 1050/1050/1050 1047/1047/1047 1049/1049/1049
f 1050/1050/1050 1049/1049/1049 1051/1051/1051
f 1038/1038/1038 1037/1037/1037 1047/1047/1047
f 1038/1038/1038 1047/1047/1047 1050/1050/1050
f 1049/1049/1049 1048/1048/1048 1052/1052/1052
f 1049/1049/1049 1052/1052/1052 1053/1053/1053
f 1053/1053/1053 1052/1052/1052 1054/1054/1054
f 1053/1053/1053 1054/1054/1054 1055/1055/1055
f 1052/1052/1052 368/368/368 364/364/364
f 1052/1052/1052 364/364/364 1054/1054/1054
f 1048/1048/1048 365/365/365 368/368/368
f 1048/1048/1048 368/368/368 1052/1052/1052
f 1020/1020/1020 1051/1051/1051 1056/1056/1056
f 1020/1020/1020 1056/1056/1056 1019/1019/1019
f 1019/1019/1019 1056/1056/1056 1057/1057/1057
f 1019/1019/1019 1057/1057/1057 1008/1008/1008
f 1056/1056/1056 1053/1053/1053 1055/1055/1055
f 1056/1056/1056 1055/1055/1055 1057/1057/1057
f 1051/1051/1051 1049/1049/1049 1053/1053/1053
f 1051/1051/1051 1053/1053/1053 1056/1056/1056
f 350/350/350 1058/1058/1058 1059/1059/1059
f 350/350/350 1059/1059/1059 363/363/363
f 363/363/363 1059/1059/1059 1054/1054/1054
f 363/363/363 1054/1054/1054 364/364/364
f 1059/1059/1059 1060/1060/1060 1055/1055/1055
f 1059/1059/1059 1055/1055/1055 1054/1054/1054
f 1058/1058/1058 1061/1061/1061 1060/1060/1060
f 1058/1058/1058 1060/1060/1060 1059/1059/1059
f 1061/1061/1061 1062/1062/1062 1063/1063/1063
f 1061/1061/1061 1063/1063/1063 1060/1060/1060
f 1060/1060/1060 1063/1063/1063 1057/1057/1057
f 1060/1060/1060 1057/1057/1057 1055/1055/1055
f 1063/1063/1063 1006/1006/1006 1008/1008/1008
f 1063/1063/1063 1008/1008/1008 1057/1057/1057
f 1062/1062/1062 1004/1004/1004 1006/1006/1006
f 1062/1062/1062 1006/1006/1006 1063/1063/1063
f 984/984/984 983/983/983 1064/1064/1064
f 984/984/984 1064/1064/1064 1065/1065/1065
f 1065/1065/1065 1064/1064/1064 1062/1062/1062
f 1065/1065/1065 1062/1062/1062 1061/1061/1061
f 1064/1064/1064 1002/1002/1002 1004/1004/1004
f 1064/1064/1064 1004/1004/1004 1062/1062/1062
f 983/983/983 986/986/986 1002/1002/1002
f 983/983/983 1002/1002/1002 1064/1064/1064
f 344/344/344 988/988/988 1066/1066/1066
f 344/344/344 1066/1066/1066 349/349/349
f 349/349/349 1066/1066/1066 1058/1058/1058
f 349/349/349 1058/1058/1058 350/350/350
f 1066/1066/1066 1065/1065/1065 1061/1061/1061
f 1066/1066/1066 1061/1061/1061 1058/1058/1058
f 988/988/988 984/984/984 1065/1065/1065
f 988/988/988 1065/1065/1065 1066/1066/1066
f 761/761/761 1067/1067/1067 1068/1068/1068
f 761/761/761 1068/1068/1068 775/775/775
f 775/775/775 1068/1068/1068 1069/1069/1069
f 775/775/775 1069/1069/1069 776/776/776
f 1068/1068/1068 404/404/404 406/406/406
f 1068/1068/1068 406/406/406 1069/1069/1069
f 1067/1067/1067 401/401/401 404/404/404
f 1067/1067/1067 404/404/404 1068/1068/1068
f 401/401/401 1067/1067/1067 1070/1070/1070
f 401/401/401 1070/1070/1070 413/413/413
f 413/413/413 1070/1070/1070 1071/1071/1071
f 413/413/413 1071/1071/1071 414/414/414
f 1070/1070/1070 764/764/764 751/751/751
f 1070/1070/1070 751/751/751 1071/1071/1071
f 1067/1067/1067 761/761/761 764/764/764
f 1067/1067/1067 764/764/764 1070/1070/1070
f 414/414/414 1071/1071/1071 1072/1072/1072
f 414/414/414 1072/1072/1072 421/421/421
f 421/421/421 1072/1072/1072 1073/1073/1073
f 421/421/421 1073/1073/1073 422/422/422
f 1072/1072/1072 754/754/754 750/750/750
f 1072/1072/1072 750/750/750 1073/1073/1073
f 1071/1071/1071 751/751/751 754/754/754
f 1071/1071/1071 754/754/754 1072/1072/1072
f 736/736/736 1074/1074/1074 1075/1075/1075
f 736/736/736 1075/1075/1075 749/749/749
f 749/749/749 1075/1075/1075 1073/1073/1073
f 749/749/749 1073/1073/1073 750/750/750
f 1075/1075/1075 430/430/430 422/422/422
f 1075/1075/1075 422/422/422 1073/1073/1073
f 1074/1074/1074 427/427/427 430/430/430
f 1074/1074/1074 430/430/430 1075/1075/1075
f 722/722/722 721/721/721 1076/1076/1076
f 722/722/722 1076/1076/1076 735/735/735
f 735/735/735 1076/1076/1076 1074/1074/1074
f 735/735/735 1074/1074/1074 736/736/736
f 1076/1076/1076 434/434/434 427/427/427
f 1076/1076/1076 427/427/427 1074/1074/1074
f 721/721/721 431/431/431 434/434/434
f 721/721/721 434/434/434 1076/1076/1076
f 1077/1077/1077 1078/1078/1078 1079/1079/1079
f 1077/1077/1077 1079/1079/1079 1080/1080/1080
f 1080/1080/1080 1079/1079/1079 696/696/696
f 1080/1080/1080 696/696/696 695/695/695
f 1079/1079/1079 482/482/482 471/471/471
f 1079/1079/1079 471/471/471 696/696/696
f 1078/1078/1078 479/479/479 482/482/482
f 1078/1078/1078 482/482/482 1079/1079/1079
f 655/655/655 1081/1081/1081 1082/1082/1082
f 655/655/655 1082/1082/1082 660/660/660
f 660/660/660 1082/1082/1082 692/692/692
f 660/660/660 692/692/692 661/661/661
f 1082/1082/1082 1080/1080/1080 695/695/695
f 1082/1082/1082 695/695/695 692/692/692
f 1081/1081/1081 1077/1077/1077 1080/1080/1080
f 1081/1081/1081 1080/1080/1080 1082/1082/1082
f 1083/1083/1083 1084/1084/1084 1085/1085/1085
f 1083/1083/1083 1085/1085/1085 1086/1086/1086
f 1086/1086/1086 1085/1085/1085 1078/1078/1078
f 1086/1086/1086 1078/1078/1078 1077/1077/1077
f 1085/1085/1085 494/494/494 479/479/479
f 1085/1085/1085 479/479/479 1078/1078/1078
f 1084/1084/1084 491/491/491 494/494/494
f 1084/1084/1084 494/494/494 1085/1085/1085
f 641/641/641 1087/1087/1087 1088/1088/1088
f 641/641/641 1088/1088/1088 654/654/654
f 654/654/654 1088/1088/1088 1081/1081/1081
f 654/654/654 1081/1081/1081 655/655/655
f 1088/1088/1088 1086/1086/1086 1077/1077/1077
f 1088/1088/1088 1077/1077/1077 1081/1081/1081
f 1087/1087/1087 1083/1083/1083 1086/1086/1086
f 1087/1087/1087 1086/1086/1086 1088/1088/1088
f 1089/1089/1089 1090/1090/1090 1091/1091/1091
f 1089/1089/1089 1091/1091/1091 1092/1092/1092
f 1092/1092/1092 1091/1091/1091 1084/1084/1084
f 1092/1092/1092 1084/1084/1084 1083/1083/1083
f 1091/1091/1091 498/498/498 491/491/491
f 1091/1091/1091 491/491/491 1084/1084/1084
f 1090/1090/1090 495/495/495 498/498/498
f 1090/1090/1090 498/498/498 1091/1091/1091
f 635/635/635 1093/1093/1093 1094/1094/1094
f 635/635/635 1094/1094/1094 640/640/640
f 640/640/640 1094/1094/1094 1087/1087/1087
f 640/640/640 1087/1087/1087 641/641/641
f 1094/1094/1094 1092/1092/1092 1083/1083/1083
f 1094/1094/1094 1083/1083/1083 1087/1087/1087
f 1093/1093/1093 1089/1089/1089 1092/1092/1092
f 1093/1093/1093 1092/1092/1092 1094/1094/1094
f 617/617/617 1095/1095/1095 1096/1096/1096
f 617/617/617 1096/1096/1096 1097/1097/1097
f 1097/1097/1097 1096/1096/1096 1090/1090/1090
f 1097/1097/1097 1090/1090/1090 1089/1089/1089
f 1096/1096/1096 510/510/510 495/495/495
f 1096/1096/1096 495/495/495 1090/1090/1090
f 1095/1095/1095 507/507/507 510/510/510
f 1095/1095/1095 510/510/510 1096/1096/1096
f 615/615/615 614/614/614 1098/1098/1098
f 615/615/615 1098/1098/1098 634/634/634
f 634/634/634 1098/1098/1098 1093/1093/1093
f 634/634/634 1093/1093/1093 635/635/635
f 1098/1098/1098 1097/1097/1097 1089/1089/1089
f 1098/1098/1098 1089/1089/1089 1093/1093/1093
f 614/614/614 617/617/617 1097/1097/1097
f 614/614/614 1097/1097/1097 1098/1098/1098
f 609/609/609 1099/1099/1099 1100/1100/1100
f 609/609/609 1100/1100/1100 616/616/616
f 616/616/616 1100/1100/1100 1095/1095/1095
f 616/616/616 1095/1095/1095 617/617/617
f 1100/1100/1100 514/514/514 507/507/507
f 1100/1100/1100 507/507/507 1095/1095/1095
f 1099/1099/1099 511/511/511 514/514/514
f 1099/1099/1099 514/514/514 1100/1100/1100
f 603/603/603 1101/1101/1101 1102/1102/1102
f 603/603/603 1102/1102/1102 608/608/608
f 608/608/608 1102/1102/1102 1099/1099/1099
f 608/608/608 1099/1099/1099 609/609/609
f 1102/1102/1102 522/522/522 511/511/511
f 1102/1102/1102 511/511/511 1099/1099/1099
f 1101/1101/1101 519/519/519 522/522/522
f 1101/1101/1101 522/522/522 1102/1102/1102
f 577/577/577 579/579/579 1103/1103/1103
f 577/577/577 1103/1103/1103 602/602/602
f 602/602/602 1103/1103/1103 1101/1101/1101
f 602/602/602 1101/1101/1101 603/603/603
f 1103/1103/1103 530/530/530 519/519/519
f 1103/1103/1103 519/519/519 1101/1101/1101
f 579/579/579 527/527/527 530/530/530
f 579/579/579 530/530/530 1103/1103/1103
f 140/140/140 148/148/148 1104/1104/1104
f 140/140/140 1104/1104/1104 553/553/553
f 553/553/553 1104/1104/1104 222/222/222
f 553/553/553 222/222/222 221/221/221
f 1104/1104/1104 1105/1105/1105 211/211/211
f 1104/1104/1104 211/211/211 222/222/222
f 148/148/148 150/150/150 1105/1105/1105
f 148/148/148 1105/1105/1105 1104/1104/1104
f 150/150/150 158/158/158 1106/1106/1106
f 150/150/150 1106/1106/1106 1105/1105/1105
f 1105/1105/1105 1106/1106/1106 212/212/212
f 1105/1105/1105 212/212/212 211/211/211
f 1106/1106/1106 186/186/186 188/188/188
f 1106/1106/1106 188/188/188 212/212/212
f 158/158/158 160/160/160 186/186/186
f 158/158/158 186/186/186 1106/1106/1106
f 1107/1107/1107 1108/1108/1108 1109/1109/1109
f 1107/1107/1107 1109/1109/1109 1110/1110/1110
f 1110/1110/1110 1109/1109/1109 166/166/166
f 1110/1110/1110 166/166/166 165/165/165
f 1109/1109/1109 1111/1111/1111 171/171/171
f 1109/1109/1109 171/171/171 166/166/166
f 1108/1108/1108 1112/1112/1112 1111/1111/1111
f 1108/1108/1108 1111/1111/1111 1109/1109/1109
f 1112/1112/1112 1113/1113/1113 1114/1114/1114
f 1112/1112/1112 1114/1114/1114 1111/1111/1111
f 1111/1111/1111 1114/1114/1114 176/176/176
f 1111/1111/1111 176/176/176 171/171/171
f 1114/1114/1114 1115/1115/1115 82/82/82
f 1114/1114/1114 82/82/82 176/176/176
f 1113/1113/1113 1116/1116/1116 1115/1115/1115
f 1113/1113/1113 1115/1115/1115 1114/1114/1114
f 1117/1117/1117 1118/1118/1118 1119/1119/1119
f 1117/1117/1117 1119/1119/1119 1120/1120/1120
f 1120/1120/1120 1119/1119/1119 1108/1108/1108
f 1120/1120/1120 1108/1108/1108 1107/1107/1107
f 1119/1119/1119 1121/1121/1121 1112/1112/1112
f 1119/1119/1119 1112/1112/1112 1108/1108/1108
f 1118/1118/1118 1122/1122/1122 1121/1121/1121
f 1118/1118/1118 1121/1121/1121 1119/1119/1119
f 1122/1122/1122 1123/1123/1123 1124/1124/1124
f 1122/1122/1122 1124/1124/1124 1121/1121/1121
f 1121/1121/1121 1124/1124/1124 1113/1113/1113
f 1121/1121/1121 1113/1113/1113 1112/1112/1112
f 1124/1124/1124 1125/1125/1125 1116/1116/1116
f 1124/1124/1124 1116/1116/1116 1113/1113/1113
f 1123/1123/1123 1126/1126/1126 1125/1125/1125
f 1123/1123/1123 1125/1125/1125 1124/1124/1124
f 1127/1127/1127 1128/1128/1128 1129/1129/1129
f 1127/1127/1127 1129/1129/1129 1130/1130/1130
f 1130/1130/1130 1129/1129/1129 1131/1131/1131
f 1130/1130/1130 1131/1131/1131 1132/1132/1132
f 1129/1129/1129 1120/1120/1120 1107/1107/1107
f 1129/1129/1129 1107/1107/1107 1131/1131/1131
f 1128/1128/1128 1117/1117/1117 1120/1120/1120
f 1128/1128/1128 1120/1120/1120 1129/1129/1129
f 1132/1132/1132 1131/1131/1131 1133/1133/1133
f 1132/1132/1132 1133/1133/1133 1134/1134/1134
f 1134/1134/1134 1133/1133/1133 162/162/162
f 1134/1134/1134 162/162/162 155/155/155
f 1133/1133/1133 1110/1110/1110 165/165/165
f 1133/1133/1133 165/165/165 162/162/162
f 1131/1131/1131 1107/1107/1107 1110/1110/1110
f 1131/1131/1131 1110/1110/1110 1133/1133/1133
f 1135/1135/1135 1136/1136/1136 1137/1137/1137
f 1135/1135/1135 1137/1137/1137 1138/1138/1138
f 1138/1138/1138 1137/1137/1137 152/152/152
f 1138/1138/1138 152/152/152 145/145/145
f 1137/1137/1137 1134/1134/1134 155/155/155
f 1137/1137/1137 155/155/155 152/152/152
f 1136/1136/1136 1132/1132/1132 1134/1134/1134
f 1136/1136/1136 1134/1134/1134 1137/1137/1137
f 1139/1139/1139 1140/1140/1140 1141/1141/1141
f 1139/1139/1139 1141/1141/1141 1142/1142/1142
f 1142/1142/1142 1141/1141/1141 1136/1136/1136
f 1142/1142/1142 1136/1136/1136 1135/1135/1135
f 1141/1141/1141 1130/1130/1130 1132/1132/1132
f 1141/1141/1141 1132/1132/1132 1136/1136/1136
f 1140/1140/1140 1127/1127/1127 1130/1130/1130
f 1140/1140/1140 1130/1130/1130 1141/1141/1141
f 1143/1143/1143 1144/1144/1144 1145/1145/1145
f 1143/1143/1143 1145/1145/1145 1146/1146/1146
f 1146/1146/1146 1145/1145/1145 142/142/142
f 1146/1146/1146 142/142/142 131/131/131
f 1145/1145/1145 1138/1138/1138 145/145/145
f 1145/1145/1145 145/145/145 142/142/142
f 1144/1144/1144 1135/1135/1135 1138/1138/1138
f 1144/1144/1144 1138/1138/1138 1145/1145/1145
f 1147/1147/1147 1148/1148/1148 1149/1149/1149
f 1147/1147/1147 1149/1149/1149 1150/1150/1150
f 1150/1150/1150 1149/1149/1149 1144/1144/1144
f 1150/1150/1150 1144/1144/1144 1143/1143/1143
f 1149/1149/1149 1142/1142/1142 1135/1135/1135
f 1149/1149/1149 1135/1135/1135 1144/1144/1144
f 1148/1148/1148 1139/1139/1139 1142/1142/1142
f 1148/1148/1148 1142/1142/1142 1149/1149/1149
f 1151/1151/1151 1152/1152/1152 1153/1153/1153
f 1151/1151/1151 1153/1153/1153 1154/1154/1154
f 1154/1154/1154 1153/1153/1153 126/126/126
f 1154/1154/1154 126/126/126 121/121/121
f 1153/1153/1153 1146/1146/1146 131/131/131
f 1153/1153/1153 131/131/131 126/126/126
f 1152/1152/1152 1143/1143/1143 1146/1146/1146
f 1152/1152/1152 1146/1146/1146 1153/1153/1153
f 1155/1155/1155 1156/1156/1156 1157/1157/1157
f 1155/1155/1155 1157/1157/1157 1158/1158/1158
f 1158/1158/1158 1157/1157/1157 1152/1152/1152
f 1158/1158/1158 1152/1152/1152 1151/1151/1151
f 1157/1157/1157 1150/1150/1150 1143/1143/1143
f 1157/1157/1157 1143/1143/1143 1152/1152/1152
f 1156/1156/1156 1147/1147/1147 1150/1150/1150
f 1156/1156/1156 1150/1150/1150 1157/1157/1157
f 1159/1159/1159 1160/1160/1160 1161/1161/1161
f 1159/1159/1159 1161/1161/1161 1162/1162/1162
f 1162/1162/1162 1161/1161/1161 1163/1163/1163
f 1162/1162/1162 1163/1163/1163 1164/1164/1164
f 1161/1161/1161 1158/1158/1158 1151/1151/1151
f 1161/1161/1161 1151/1151/1151 1163/1163/1163
f 1160/1160/1160 1155/1155/1155 1158/1158/1158
f 1160/1160/1160 1158/1158/1158 1161/1161/1161
f 1164/1164/1164 1163/1163/1163 1165/1165/1165
f 1164/1164/1164 1165/1165/1165 1166/1166/1166
f 1166/1166/1166 1165/1165/1165 116/116/116
f 1166/1166/1166 116/116/116 115/115/115
f 1165/1165/1165 1154/1154/1154 121/121/121
f 1165/1165/1165 121/121/121 116/116/116
f 1163/1163/1163 1151/1151/1151 1154/1154/1154
f 1163/1163/1163 1154/1154/1154 1165/1165/1165
f 1167/1167/1167 1168/1168/1168 1169/1169/1169
f 1167/1167/1167 1169/1169/1169 1170/1170/1170
f 1170/1170/1170 1169/1169/1169 1171/1171/1171
f 1170/1170/1170 1171/1171/1171 1172/1172/1172
f 1169/1169/1169 1162/1162/1162 1164/1164/1164
f 1169/1169/1169 1164/1164/1164 1171/1171/1171
f 1168/1168/1168 1159/1159/1159 1162/1162/1162
f 1168/1168/1168 1162/1162/1162 1169/1169/1169
f 1172/1172/1172 1171/1171/1171 1173/1173/1173
f 1172/1172/1172 1173/1173/1173 1174/1174/1174
f 1174/1174/1174 1173/1173/1173 112/112/112
f 1174/1174/1174 112/112/112 105/105/105
f 1173/1173/1173 1166/1166/1166 115/115/115
f 1173/1173/1173 115/115/115 112/112/112
f 1171/1171/1171 1164/1164/1164 1166/1166/1166
f 1171/1171/1171 1166/1166/1166 1173/1173/1173
f 1175/1175/1175 1176/1176/1176 1177/1177/1177
f 1175/1175/1175 1177/1177/1177 1178/1178/1178
f 1178/1178/1178 1177/1177/1177 102/102/102
f 1178/1178/1178 102/102/102 91/91/91
f 1177/1177/1177 1174/1174/1174 105/105/105
f 1177/1177/1177 105/105/105 102/102/102
f 1176/1176/1176 1172/1172/1172 1174/1174/1174
f 1176/1176/1176 1174/1174/1174 1177/1177/1177
f 1179/1179/1179 1180/1180/1180 1181/1181/1181
f 1179/1179/1179 1181/1181/1181 1182/1182/1182
f 1182/1182/1182 1181/1181/1181 1176/1176/1176
f 1182/1182/1182 1176/1176/1176 1175/1175/1175
f 1181/1181/1181 1170/1170/1170 1172/1172/1172
f 1181/1181/1181 1172/1172/1172 1176/1176/1176
f 1180/1180/1180 1167/1167/1167 1170/1170/1170
f 1180/1180/1180 1170/1170/1170 1181/1181/1181
f 1183/1183/1183 1184/1184/1184 1185/1185/1185
f 1183/1183/1183 1185/1185/1185 1186/1186/1186
f 1186/1186/1186 1185/1185/1185 86/86/86
f 1186/1186/1186 86/86/86 81/81/81
f 1185/1185/1185 1178/1178/1178 91/91/91
f 1185/1185/1185 91/91/91 86/86/86
f 1184/1184/1184 1175/1175/1175 1178/1178/1178
f 1184/1184/1184 1178/1178/1178 1185/1185/1185
f 1187/1187/1187 1188/1188/1188 1189/1189/1189
f 1187/1187/1187 1189/1189/1189 1190/1190/1190
f 1190/1190/1190 1189/1189/1189 1184/1184/1184
f 1190/1190/1190 1184/1184/1184 1183/1183/1183
f 1189/1189/1189 1182/1182/1182 1175/1175/1175
f 1189/1189/1189 1175/1175/1175 1184/1184/1184
f 1188/1188/1188 1179/1179/1179 1182/1182/1182
f 1188/1188/1188 1182/1182/1182 1189/1189/1189
f 1191/1191/1191 1192/1192/1192 1193/1193/1193
f 1191/1191/1191 1193/1193/1193 1194/1194/1194
f 1194/1194/1194 1193/1193/1193 1195/1195/1195
f 1194/1194/1194 1195/1195/1195 1196/1196/1196
f 1193/1193/1193 1190/1190/1190 1183/1183/1183
f 1193/1193/1193 1183/1183/1183 1195/1195/1195
f 1192/1192/1192 1187/1187/1187 1190/1190/1190
f 1192/1192/1192 1190/1190/1190 1193/1193/1193
f 1196/1196/1196 1195/1195/1195 1197/1197/1197
f 1196/1196/1196 1197/1197/1197 1198/1198/1198
f 1198/1198/1198 1197/1197/1197 77/77/77
f 1198/1198/1198 77/77/77 76/76/76
f 1197/1197/1197 1186/1186/1186 81/81/81
f 1197/1197/1197 81/81/81 77/77/77
f 1195/1195/1195 1183/1183/1183 1186/1186/1186
f 1195/1195/1195 1186/1186/1186 1197/1197/1197
f 1116/1116/1116 1199/1199/1199 1200/1200/1200
f 1116/1116/1116 1200/1200/1200 1115/1115/1115
f 1115/1115/1115 1200/1200/1200 83/83/83
f 1115/1115/1115 83/83/83 82/82/82
f 1200/1200/1200 1198/1198/1198 76/76/76
f 1200/1200/1200 76/76/76 83/83/83
f 1199/1199/1199 1196/1196/1196 1198/1198/1198
f 1199/1199/1199 1198/1198/1198 1200/1200/1200
f 1126/1126/1126 1201/1201/1201 1202/1202/1202
f 1126/1126/1126 1202/1202/1202 1125/1125/1125
f 1125/1125/1125 1202/1202/1202 1199/1199/1199
f 1125/1125/1125 1199/1199/1199 1116/1116/1116
f 1202/1202/1202 1194/1194/1194 1196/1196/1196
f 1202/1202/1202 1196/1196/1196 1199/1199/1199
f 1201/1201/1201 1191/1191/1191 1194/1194/1194
f 1201/1201/1201 1194/1194/1194 1202/1202/1202
f 1187/1187/1187 1192/1192/1192 1203/1203/1203
f 1187/1187/1187 1203/1203/1203 1204/1204/1204
f 1204/1204/1204 1203/1203/1203 1205/1205/1205
f 1204/1204/1204 1205/1205/1205 1206/1206/1206
f 1203/1203/1203 1207/1207/1207 1208/1208/1208
f 1203/1203/1203 1208/1208/1208 1205/1205/1205
f 1192/1192/1192 1191/1191/1191 1207/1207/1207
f 1192/1192/1192 1207/1207/1207 1203/1203/1203
f 1191/1191/1191 1201/1201/1201 1209/1209/1209
f 1191/1191/1191 1209/1209/1209 1207/1207/1207
f 1207/1207/1207 1209/1209/1209 1210/1210/1210
f 1207/1207/1207 1210/1210/1210 1208/1208/1208
f 1209/1209/1209 1211/1211/1211 1212/1212/1212
f 1209/1209/1209 1212/1212/1212 1210/1210/1210
f 1201/1201/1201 1126/1126/1126 1211/1211/1211
f 1201/1201/1201 1211/1211/1211 1209/1209/1209
f 1206/1206/1206 1205/1205/1205 1213/1213/1213
f 1206/1206/1206 1213/1213/1213 1214/1214/1214
f 1214/1214/1214 1213/1213/1213 1215/1215/1215
f 1214/1214/1214 1215/1215/1215 1216/1216/1216
f 1213/1213/1213 1217/1217/1217 1218/1218/1218
f 1213/1213/1213 1218/1218/1218 1215/1215/1215
f 1205/1205/1205 1208/1208/1208 1217/1217/1217
f 1205/1205/1205 1217/1217/1217 1213/1213/1213
f 1208/1208/1208 1210/1210/1210 1219/1219/1219
f 1208/1208/1208 1219/1219/1219 1217/1217/1217
f 1217/1217/1217 1219/1219/1219 1220/1220/1220
f 1217/1217/1217 1220/1220/1220 1218/1218/1218
f 1219/1219/1219 1221/1221/1221 1222/1222/1222
f 1219/1219/1219 1222/1222/1222 1220/1220/1220
f 1210/1210/1210 1212/1212/1212 1221/1221/1221
f 1210/1210/1210 1221/1221/1221 1219/1219/1219
f 1216/1216/1216 1215/1215/1215 1223/1223/1223
f 1216/1216/1216 1223/1223/1223 1224/1224/1224
f 1224/1224/1224 1223/1223/1223 1225/1225/1225
f 1224/1224/1224 1225/1225/1225 1226/1226/1226
f 1223/1223/1223 1227/1227/1227 1228/1228/1228
f 1223/1223/1223 1228/1228/1228 1225/1225/1225
f 1215/1215/1215 1218/1218/1218 1227/1227/1227
f 1215/1215/1215 1227/1227/1227 1223/1223/1223
f 1218/1218/1218 1220/1220/1220 1229/1229/1229
f 1218/1218/1218 1229/1229/1229 1227/1227/1227
f 1227/1227/1227 1229/1229/1229 1230/1230/1230
f 1227/1227/1227 1230/1230/1230 1228/1228/1228
f 1229/1229/1229 1231/1231/1231 1232/1232/1232
f 1229/1229/1229 1232/1232/1232 1230/1230/1230
f 1220/1220/1220 1222/1222/1222 1231/1231/1231
f 1220/1220/1220 1231/1231/1231 1229/1229/1229
f 1212/1212/1212 1233/1233/1233 1234/1234/1234
f 1212/1212/1212 1234/1234/1234 1221/1221/1221
f 1221/1221/1221 1234/1234/1234 1235/1235/1235
f 1221/1221/1221 1235/1235/1235 1222/1222/1222
f 1234/1234/1234 1236/1236/1236 1237/1237/1237
f 1234/1234/1234 1237/1237/1237 1235/1235/1235
f 1233/1233/1233 1238/1238/1238 1236/1236/1236
f 1233/1233/1233 1236/1236/1236 1234/1234/1234
f 1222/1222/1222 1235/1235/1235 1239/1239/1239
f 1222/1222/1222 1239/1239/1239 1231/1231/1231
f 1231/1231/1231 1239/1239/1239 1240/1240/1240
f 1231/1231/1231 1240/1240/1240 1232/1232/1232
f 1239/1239/1239 1241/1241/1241 1242/1242/1242
f 1239/1239/1239 1242/1242/1242 1240/1240/1240
f 1235/1235/1235 1237/1237/1237 1241/1241/1241
f 1235/1235/1235 1241/1241/1241 1239/1239/1239
f 1238/1238/1238 1243/1243/1243 1244/1244/1244
f 1238/1238/1238 1244/1244/1244 1236/1236/1236
f 1236/1236/1236 1244/1244/1244 1245/1245/1245
f 1236/1236/1236 1245/1245/1245 1237/1237/1237
f 1244/1244/1244 1246/1246/1246 1247/1247/1247
f 1244/1244/1244 1247/1247/1247 1245/1245/1245
f 1243/1243/1243 1248/1248/1248 1246/1246/1246
f 1243/1243/1243 1246/1246/1246 1244/1244/1244
f 1237/1237/1237 1245/1245/1245 1249/1249/1249
f 1237/1237/1237 1249/1249/1249 1241/1241/1241
f 1241/1241/1241 1249/1249/1249 1250/1250/1250
f 1241/1241/1241 1250/1250/1250 1242/1242/1242
f 1249/1249/1249 1251/1251/1251 1252/1252/1252
f 1249/1249/1249 1252/1252/1252 1250/1250/1250
f 1245/1245/1245 1247/1247/1247 1251/1251/1251
f 1245/1245/1245 1251/1251/1251 1249/1249/1249
f 1247/1247/1247 1253/1253/1253 1254/1254/1254
f 1247/1247/1247 1254/1254/1254 1251/1251/1251
f 1251/1251/1251 1254/1254/1254 1255/1255/1255
f 1251/1251/1251 1255/1255/1255 1252/1252/1252
f 1254/1254/1254 1256/1256/1256 1257/1257/1257
f 1254/1254/1254 1257/1257/1257 1255/1255/1255
f 1253/1253/1253 1258/1258/1258 1256/1256/1256
f 1253/1253/1253 1256/1256/1256 1254/1254/1254
f 1248/1248/1248 1259/1259/1259 1260/1260/1260
f 1248/1248/1248 1260/1260/1260 1246/1246/1246
f 1246/1246/1246 1260/1260/1260 1253/1253/1253
f 1246/1246/1246 1253/1253/1253 1247/1247/1247
f 1260/1260/1260 1261/1261/1261 1258/1258/1258
f 1260/1260/1260 1258/1258/1258 1253/1253/1253
f 1259/1259/1259 1262/1262/1262 1261/1261/1261
f 1259/1259/1259 1261/1261/1261 1260/1260/1260
f 1258/1258/1258 1263/1263/1263 1264/1264/1264
f 1258/1258/1258 1264/1264/1264 1256/1256/1256
f 1256/1256/1256 1264/1264/1264 1265/1265/1265
f 1256/1256/1256 1265/1265/1265 1257/1257/1257
f 1264/1264/1264 1266/1266/1266 1267/1267/1267
f 1264/1264/1264 1267/1267/1267 1265/1265/1265
f 1263/1263/1263 1268/1268/1268 1266/1266/1266
f 1263/1263/1263 1266/1266/1266 1264/1264/1264
f 1262/1262/1262 1269/1269/1269 1270/1270/1270
f 1262/1262/1262 1270/1270/1270 1261/1261/1261
f 1261/1261/1261 1270/1270/1270 1263/1263/1263
f 1261/1261/1261 1263/1263/1263 1258/1258/1258
f 1270/1270/1270 1271/1271/1271 1268/1268/1268
f 1270/1270/1270 1268/1268/1268 1263/1263/1263
f 1269/1269/1269 1272/1272/1272 1271/1271/1271
f 1269/1269/1269 1271/1271/1271 1270/1270/1270
f 1272/1272/1272 1273/1273/1273 1274/1274/1274
f 1272/1272/1272 1274/1274/1274 1271/1271/1271
f 1271/1271/1271 1274/1274/1274 1275/1275/1275
f 1271/1271/1271 1275/1275/1275 1268/1268/1268
f 1274/1274/1274 1276/1276/1276 1277/1277/1277
f 1274/1274/1274 1277/1277/1277 1275/1275/1275
f 1273/1273/1273 1278/1278/1278 1276/1276/1276
f 1273/1273/1273 1276/1276/1276 1274/1274/1274
f 1268/1268/1268 1275/1275/1275 1279/1279/1279
f 1268/1268/1268 1279/1279/1279 1266/1266/1266
f 1266/1266/1266 1279/1279/1279 1280/1280/1280
f 1266/1266/1266 1280/1280/1280 1267/1267/1267
f 1279/1279/1279 1281/1281/1281 1282/1282/1282
f 1279/1279/1279 1282/1282/1282 1280/1280/1280
f 1275/1275/1275 1277/1277/1277 1281/1281/1281
f 1275/1275/1275 1281/1281/1281 1279/1279/1279
f 1277/1277/1277 1283/1283/1283 1284/1284/1284
f 1277/1277/1277 1284/1284/1284 1281/1281/1281
f 1281/1281/1281 1284/1284/1284 1285/1285/1285
f 1281/1281/1281 1285/1285/1285 1282/1282/1282
f 1284/1284/1284 1286/1286/1286 1287/1287/1287
f 1284/1284/1284 1287/1287/1287 1285/1285/1285
f 1283/1283/1283 1288/1288/1288 1286/1286/1286
f 1283/1283/1283 1286/1286/1286 1284/1284/1284
f 1278/1278/1278 1289/1289/1289 1290/1290/1290
f 1278/1278/1278 1290/1290/1290 1276/1276/1276
f 1276/1276/1276 1290/1290/1290 1283/1283/1283
f 1276/1276/1276 1283/1283/1283 1277/1277/1277
f 1290/1290/1290 1291/1291/1291 1288/1288/1288
f 1290/1290/1290 1288/1288/1288 1283/1283/1283
f 1289/1289/1289 1292/1292/1292 1291/1291/1291
f 1289/1289/1289 1291/1291/1291 1290/1290/1290
f 1288/1288/1288 1293/1293/1293 1294/1294/1294
f 1288/1288/1288 1294/1294/1294 1286/1286/1286
f 1286/1286/1286 1294/1294/1294 1295/1295/1295
f 1286/1286/1286 1295/1295/1295 1287/1287/1287
f 1294/1294/1294 1296/1296/1296 1297/1297/1297
f 1294/1294/1294 1297/1297/1297 1295/1295/1295
f 1293/1293/1293 1298/1298/1298 1296/1296/1296
f 1293/1293/1293 1296/1296/1296 1294/1294/1294
f 1292/1292/1292 1299/1299/1299 1300/1300/1300
f 1292/1292/1292 1300/1300/1300 1291/1291/1291
f 1291/1291/1291 1300/1300/1300 1293/1293/1293
f 1291/1291/1291 1293/1293/1293 1288/1288/1288
f 1300/1300/1300 1301/1301/1301 1298/1298/1298
f 1300/1300/1300 1298/1298/1298 1293/1293/1293
f 1299/1299/1299 1302/1302/1302 1301/1301/1301
f 1299/1299/1299 1301/1301/1301 1300/1300/1300
f 1302/1302/1302 1303/1303/1303 1304/1304/1304
f 1302/1302/1302 1304/1304/1304 1301/1301/1301
f 1301/1301/1301 1304/1304/1304 1305/1305/1305
f 1301/1301/1301 1305/1305/1305 1298/1298/1298
f 1304/1304/1304 1306/1306/1306 1307/1307/1307
f 1304/1304/1304 1307/1307/1307 1305/1305/1305
f 1303/1303/1303 1308/1308/1308 1306/1306/1306
f 1303/1303/1303 1306/1306/1306 1304/1304/1304
f 1298/1298/1298 1305/1305/1305 1309/1309/1309
f 1298/1298/1298 1309/1309/1309 1296/1296/1296
f 1296/1296/1296 1309/1309/1309 1310/1310/1310
f 1296/1296/1296 1310/1310/1310 1297/1297/1297
f 1309/1309/1309 1311/1311/1311 1312/1312/1312
f 1309/1309/1309 1312/1312/1312 1310/1310/1310
f 1305/1305/1305 1307/1307/1307 1311/1311/1311
f 1305/1305/1305 1311/1311/1311 1309/1309/1309
f 1307/1307/1307 1313/1313/1313 1314/1314/1314
f 1307/1307/1307 1314/1314/1314 1311/1311/1311
f 1311/1311/1311 1314/1314/1314 1315/1315/1315
f 1311/1311/1311 1315/1315/1315 1312/1312/1312
f 1314/1314/1314 1316/1316/1316 1317/1317/1317
f 1314/1314/1314 1317/1317/1317 1315/1315/1315
f 1313/1313/1313 1318/1318/1318 1316/1316/1316
f 1313/1313/1313 1316/1316/1316 1314/1314/1314
f 1308/1308/1308 1319/1319/1319 1320/1320/1320
f 1308/1308/1308 1320/1320/1320 1306/1306/1306
f 1306/1306/1306 1320/1320/1320 1313/1313/1313
f 1306/1306/1306 1313/1313/1313 1307/1307/1307
f 1320/1320/1320 1321/1321/1321 1318/1318/1318
f 1320/1320/1320 1318/1318/1318 1313/1313/1313
f 1319/1319/1319 1322/1322/1322 1321/1321/1321
f 1319/1319/1319 1321/1321/1321 1320/1320/1320
f 1318/1318/1318 1323/1323/1323 1324/1324/1324
f 1318/1318/1318 1324/1324/1324 1316/1316/1316
f 1316/1316/1316 1324/1324/1324 1325/1325/1325
f 1316/1316/1316 1325/1325/1325 1317/1317/1317
f 1324/1324/1324 1224/1224/1224 1226/1226/1226
f 1324/1324/1324 1226/1226/1226 1325/1325/1325
f 1323/1323/1323 1216/1216/1216 1224/1224/1224
f 1323/1323/1323 1224/1224/1224 1324/1324/1324
f 1322/1322/1322 1326/1326/1326 1327/1327/1327
f 1322/1322/1322 1327/1327/1327 1321/1321/1321
f 1321/1321/1321 1327/1327/1327 1323/1323/1323
f 1321/1321/1321 1323/1323/1323 1318/1318/1318
f 1327/1327/1327 1214/1214/1214 1216/1216/1216
f 1327/1327/1327 1216/1216/1216 1323/1323/1323
f 1326/1326/1326 1206/1206/1206 1214/1214/1214
f 1326/1326/1326 1214/1214/1214 1327/1327/1327
f 1167/1167/1167 1180/1180/1180 1328/1328/1328
f 1167/1167/1167 1328/1328/1328 1329/1329/1329
f 1329/1329/1329 1328/1328/1328 1319/1319/1319
f 1329/1329/1329 1319/1319/1319 1308/1308/1308
f 1328/1328/1328 1330/1330/1330 1322/1322/1322
f 1328/1328/1328 1322/1322/1322 1319/1319/1319
f 1180/1180/1180 1179/1179/1179 1330/1330/1330
f 1180/1180/1180 1330/1330/1330 1328/1328/1328
f 1179/1179/1179 1188/1188/1188 1331/1331/1331
f 1179/1179/1179 1331/1331/1331 1330/1330/1330
f 1330/1330/1330 1331/1331/1331 1326/1326/1326
f 1330/1330/1330 1326/1326/1326 1322/1322/1322
f 1331/1331/1331 1204/1204/1204 1206/1206/1206
f 1331/1331/1331 1206/1206/1206 1326/1326/1326
f 1188/1188/1188 1187/1187/1187 1204/1204/1204
f 1188/1188/1188 1204/1204/1204 1331/1331/1331
f 1312/1312/1312 1315/1315/1315 1332/1332/1332
f 1312/1312/1312 1332/1332/1332 1333/1333/1333
f 1333/1333/1333 1332/1332/1332 1334/1334/1334
f 1333/1333/1333 1334/1334/1334 1335/1335/1335
f 1332/1332/1332 1336/1336/1336 1337/1337/1337
f 1332/1332/1332 1337/1337/1337 1334/1334/1334
f 1315/1315/1315 1317/1317/1317 1336/1336/1336
f 1315/1315/1315 1336/1336/1336 1332/1332/1332
f 1317/1317/1317 1325/1325/1325 1338/1338/1338
f 1317/1317/1317 1338/1338/1338 1336/1336/1336
f 1336/1336/1336 1338/1338/1338 1339/1339/1339
f 1336/1336/1336 1339/1339/1339 1337/1337/1337
f 1338/1338/1338 1340/1340/1340 1341/1341/1341
f 1338/1338/1338 1341/1341/1341 1339/1339/1339
f 1325/1325/1325 1226/1226/1226 1340/1340/1340
f 1325/1325/1325 1340/1340/1340 1338/1338/1338
f 1335/1335/1335 1334/1334/1334 1342/1342/1342
f 1335/1335/1335 1342/1342/1342 1343/1343/1343
f 1343/1343/1343 1342/1342/1342 1344/1344/1344
f 1343/1343/1343 1344/1344/1344 1345/1345/1345
f 1342/1342/1342 1346/1346/1346 1347/1347/1347
f 1342/1342/1342 1347/1347/1347 1344/1344/1344
f 1334/1334/1334 1337/1337/1337 1346/1346/1346
f 1334/1334/1334 1346/1346/1346 1342/1342/1342
f 1337/1337/1337 1339/1339/1339 1348/1348/1348
f 1337/1337/1337 1348/1348/1348 1346/1346/1346
f 1346/1346/1346 1348/1348/1348 1349/1349/1349
f 1346/1346/1346 1349/1349/1349 1347/1347/1347
f 1348/1348/1348 1350/1350/1350 1351/1351/1351
f 1348/1348/1348 1351/1351/1351 1349/1349/1349
f 1339/1339/1339 1341/1341/1341 1350/1350/1350
f 1339/1339/1339 1350/1350/1350 1348/1348/1348
f 1226/1226/1226 1225/1225/1225 1352/1352/1352
f 1226/1226/1226 1352/1352/1352 1340/1340/1340
f 1340/1340/1340 1352/1352/1352 1353/1353/1353
f 1340/1340/1340 1353/1353/1353 1341/1341/1341
f 1352/1352/1352 1354/1354/1354 1355/1355/1355
f 1352/1352/1352 1355/1355/1355 1353/1353/1353
f 1225/1225/1225 1228/1228/1228 1354/1354/1354
f 1225/1225/1225 1354/1354/1354 1352/1352/1352
f 1341/1341/1341 1353/1353/1353 1356/1356/1356
f 1341/1341/1341 1356/1356/1356 1350/1350/1350
f 1350/1350/1350 1356/1356/1356 1357/1357/1357
f 1350/1350/1350 1357/1357/1357 1351/1351/1351
f 1356/1356/1356 1358/1358/1358 1359/1359/1359
f 1356/1356/1356 1359/1359/1359 1357/1357/1357
f 1353/1353/1353 1355/1355/1355 1358/1358/1358
f 1353/1353/1353 1358/1358/1358 1356/1356/1356
f 1355/1355/1355 1360/1360/1360 1361/1361/1361
f 1355/1355/1355 1361/1361/1361 1358/1358/1358
f 1358/1358/1358 1361/1361/1361 1362/1362/1362
f 1358/1358/1358 1362/1362/1362 1359/1359/1359
f 1361/1361/1361 1363/1363/1363 1364/1364/1364
f 1361/1361/1361 1364/1364/1364 1362/1362/1362
f 1360/1360/1360 1365/1365/1365 1363/1363/1363
f 1360/1360/1360 1363/1363/1363 1361/1361/1361
f 1228/1228/1228 1230/1230/1230 1366/1366/1366
f 1228/1228/1228 1366/1366/1366 1354/1354/1354
f 1354/1354/1354 1366/1366/1366 1360/1360/1360
f 1354/1354/1354 1360/1360/1360 1355/1355/1355
f 1366/1366/1366 1367/1367/1367 1365/1365/1365
f 1366/1366/1366 1365/1365/1365 1360/1360/1360
f 1230/1230/1230 1232/1232/1232 1367/1367/1367
f 1230/1230/1230 1367/1367/1367 1366/1366/1366
f 1365/1365/1365 1368/1368/1368 1369/1369/1369
f 1365/1365/1365 1369/1369/1369 1363/1363/1363
f 1363/1363/1363 1369/1369/1369 1370/1370/1370
f 1363/1363/1363 1370/1370/1370 1364/1364/1364
f 1369/1369/1369 1371/1371/1371 1372/1372/1372
f 1369/1369/1369 1372/1372/1372 1370/1370/1370
f 1368/1368/1368 1373/1373/1373 1371/1371/1371
f 1368/1368/1368 1371/1371/1371 1369/1369/1369
f 1232/1232/1232 1240/1240/1240 1374/1374/1374
f 1232/1232/1232 1374/1374/1374 1367/1367/1367
f 1367/1367/1367 1374/1374/1374 1368/1368/1368
f 1367/1367/1367 1368/1368/1368 1365/1365/1365
f 1374/1374/1374 1375/1375/1375 1373/1373/1373
f 1374/1374/1374 1373/1373/1373 1368/1368/1368
f 1240/1240/1240 1242/1242/1242 1375/1375/1375
f 1240/1240/1240 1375/1375/1375 1374/1374/1374
f 1242/1242/1242 1250/1250/1250 1376/1376/1376
f 1242/1242/1242 1376/1376/1376 1375/1375/1375
f 1375/1375/1375 1376/1376/1376 1377/1377/1377
f 1375/1375/1375 1377/1377/1377 1373/1373/1373
f 1376/1376/1376 1378/1378/1378 1379/1379/1379
f 1376/1376/1376 1379/1379/1379 1377/1377/1377
f 1250/1250/1250 1252/1252/1252 1378/1378/1378
f 1250/1250/1250 1378/1378/1378 1376/1376/1376
f 1373/1373/1373 1377/1377/1377 1380/1380/1380
f 1373/1373/1373 1380/1380/1380 1371/1371/1371
f 1371/1371/1371 1380/1380/1380 1381/1381/1381
f 1371/1371/1371 1381/1381/1381 1372/1372/1372
f 1380/1380/1380 1382/1382/1382 1383/1383/1383
f 1380/1380/1380 1383/1383/1383 1381/1381/1381
f 1377/1377/1377 1379/1379/1379 1382/1382/1382
f 1377/1377/1377 1382/1382/1382 1380/1380/1380
f 1379/1379/1379 1384/1384/1384 1385/1385/1385
f 1379/1379/1379 1385/1385/1385 1382/1382/1382
f 1382/1382/1382 1385/1385/1385 1386/1386/1386
f 1382/1382/1382 1386/1386/1386 1383/1383/1383
f 1385/1385/1385 1387/1387/1387 1388/1388/1388
f 1385/1385/1385 1388/1388/1388 1386/1386/1386
f 1384/1384/1384 1389/1389/1389 1387/1387/1387
f 1384/1384/1384 1387/1387/1387 1385/1385/1385
f 1252/1252/1252 1255/1255/1255 1390/1390/1390
f 1252/1252/1252 1390/1390/1390 1378/1378/1378
f 1378/1378/1378 1390/1390/1390 1384/1384/1384
f 1378/1378/1378 1384/1384/1384 1379/1379/1379
f 1390/1390/1390 1391/1391/1391 1389/1389/1389
f 1390/1390/1390 1389/1389/1389 1384/1384/1384
f 1255/1255/1255 1257/1257/1257 1391/1391/1391
f 1255/1255/1255 1391/1391/1391 1390/1390/1390
f 1389/1389/1389 1392/1392/1392 1393/1393/1393
f 1389/1389/1389 1393/1393/1393 1387/1387/1387
f 1387/1387/1387 1393/1393/1393 1394/1394/1394
f 1387/1387/1387 1394/1394/1394 1388/1388/1388
f 1393/1393/1393 1395/1395/1395 1396/1396/1396
f 1393/1393/1393 1396/1396/1396 1394/1394/1394
f 1392/1392/1392 1397/1397/1397 1395/1395/1395
f 1392/1392/1392 1395/1395/1395 1393/1393/1393
f 1257/1257/1257 1265/1265/1265 1398/1398/1398
f 1257/1257/1257 1398/1398/1398 1391/1391/1391
f 1391/1391/1391 1398/1398/1398 1392/1392/1392
f 1391/1391/1391 1392/1392/1392 1389/1389/1389
f 1398/1398/1398 1399/1399/1399 1397/1397/1397
f 1398/1398/1398 1397/1397/1397 1392/1392/1392
f 1265/1265/1265 1267/1267/1267 1399/1399/1399
f 1265/1265/1265 1399/1399/1399 1398/1398/1398
f 1267/1267/1267 1280/1280/1280 1400/1400/1400
f 1267/1267/1267 1400/1400/1400 1399/1399/1399
f 1399/1399/1399 1400/1400/1400 1401/1401/1401
f 1399/1399/1399 1401/1401/1401 1397/1397/1397
f 1400/1400/1400 1402/1402/1402 1403/1403/1403
f 1400/1400/1400 1403/1403/1403 1401/1401/1401
f 1280/1280/1280 1282/1282/1282 1402/1402/1402
f 1280/1280/1280 1402/1402/1402 1400/1400/1400
f 1397/1397/1397 1401/1401/1401 1404/1404/1404
f 1397/1397/1397 1404/1404/1404 1395/1395/1395
f 1395/1395/1395 1404/1404/1404 1405/1405/1405
f 1395/1395/1395 1405/1405/1405 1396/1396/1396
f 1404/1404/1404 1406/1406/1406 1407/1407/1407
f 1404/1404/1404 1407/1407/1407 1405/1405/1405
f 1401/1401/1401 1403/1403/1403 1406/1406/1406
f 1401/1401/1401 1406/1406/1406 1404/1404/1404
f 1403/1403/1403 1408/1408/1408 1409/1409/1409
f 1403/1403/1403 1409/1409/1409 1406/1406/1406
f 1406/1406/1406 1409/1409/1409 1410/1410/1410
f 1406/1406/1406 1410/1410/1410 1407/1407/1407
f 1409/1409/1409 1411/1411/1411 1412/1412/1412
f 1409/1409/1409 1412/1412/1412 1410/1410/1410
f 1408/1408/1408 1413/1413/1413 1411/1411/1411
f 1408/1408/1408 1411/1411/1411 1409/1409/1409
f 1282/1282/1282 1285/1285/1285 1414/1414/1414
f 1282/1282/1282 1414/1414/1414 1402/1402/1402
f 1402/1402/1402 1414/1414/1414 1408/1408/1408
f 1402/1402/1402 1408/1408/1408 1403/1403/1403
f 1414/1414/1414 1415/1415/1415 1413/1413/1413
f 1414/1414/1414 1413/1413/1413 1408/1408/1408
f 1285/1285/1285 1287/1287/1287 1415/1415/1415
f 1285/1285/1285 1415/1415/1415 1414/1414/1414
f 1287/1287/1287 1295/1295/1295 1416/1416/1416
f 1287/1287/1287 1416/1416/1416 1415/1415/1415
f 1415/1415/1415 1416/1416/1416 1417/1417/1417
f 1415/1415/1415 1417/1417/1417 1413/1413/1413
f 1416/1416/1416 1418/1418/1418 1419/1419/1419
f 1416/1416/1416 1419/1419/1419 1417/1417/1417
f 1295/1295/1295 1297/1297/1297 1418/1418/1418
f 1295/1295/1295 1418/1418/1418 1416/1416/1416
f 1413/1413/1413 1417/1417/1417 1420/1420/1420
f 1413/1413/1413 1420/1420/1420 1411/1411/1411
f 1411/1411/1411 1420/1420/1420 1421/1421/1421
f 1411/1411/1411 1421/1421/1421 1412/1412/1412
f 1420/1420/1420 1422/1422/1422 1423/1423/1423
f 1420/1420/1420 1423/1423/1423 1421/1421/1421
f 1417/1417/1417 1419/1419/1419 1422/1422/1422
f 1417/1417/1417 1422/1422/1422 1420/1420/1420
f 1419/1419/1419 1424/1424/1424 1425/1425/1425
f 1419/1419/1419 1425/1425/1425 1422/1422/1422
f 1422/1422/1422 1425/1425/1425 1426/1426/1426
f 1422/1422/1422 1426/1426/1426 1423/1423/1423
f 1425/1425/1425 1343/1343/1343 1345/1345/1345
f 1425/1425/1425 1345/1345/1345 1426/1426/1426
f 1424/1424/1424 1335/1335/1335 1343/1343/1343
f 1424/1424/1424 1343/1343/1343 1425/1425/1425
f 1297/1297/1297 1310/1310/1310 1427/1427/1427
f 1297/1297/1297 1427/1427/1427 1418/1418/1418
f 1418/1418/1418 1427/1427/1427 1424/1424/1424
f 1418/1418/1418 1424/1424/1424 1419/1419/1419
f 1427/1427/1427 1333/1333/1333 1335/1335/1335
f 1427/1427/1427 1335/1335/1335 1424/1424/1424
f 1310/1310/1310 1312/1312/1312 1333/1333/1333
f 1310/1310/1310 1333/1333/1333 1427/1427/1427
f 1423/1423/1423 1426/1426/1426 1428/1428/1428
f 1423/1423/1423 1428/1428/1428 1429/1429/1429
f 1429/1429/1429 1428/1428/1428 1430/1430/1430
f 1429/1429/1429 1430/1430/1430 1431/1431/1431
f 1428/1428/1428 1432/1432/1432 1433/1433/1433
f 1428/1428/1428 1433/1433/1433 1430/1430/1430
f 1426/1426/1426 1345/1345/1345 1432/1432/1432
f 1426/1426/1426 1432/1432/1432 1428/1428/1428
f 1412/1412/1412 1421/1421/1421 1434/1434/1434
f 1412/1412/1412 1434/1434/1434 1435/1435/1435
f 1435/1435/1435 1434/1434/1434 1436/1436/1436
f 1435/1435/1435 1436/1436/1436 1437/1437/1437
f 1434/1434/1434 1429/1429/1429 1431/1431/1431
f 1434/1434/1434 1431/1431/1431 1436/1436/1436
f 1421/1421/1421 1423/1423/1423 1429/1429/1429
f 1421/1421/1421 1429/1429/1429 1434/1434/1434
f 1407/1407/1407 1410/1410/1410 1438/1438/1438
f 1407/1407/1407 1438/1438/1438 1439/1439/1439
f 1439/1439/1439 1438/1438/1438 1440/1440/1440
f 1439/1439/1439 1440/1440/1440 1441/1441/1441
f 1438/1438/1438 1435/1435/1435 1437/1437/1437
f 1438/1438/1438 1437/1437/1437 1440/1440/1440
f 1410/1410/1410 1412/1412/1412 1435/1435/1435
f 1410/1410/1410 1435/1435/1435 1438/1438/1438
f 1396/1396/1396 1405/1405/1405 1442/1442/1442
f 1396/1396/1396 1442/1442/1442 1443/1443/1443
f 1443/1443/1443 1442/1442/1442 1444/1444/1444
f 1443/1443/1443 1444/1444/1444 1445/1445/1445
f 1442/1442/1442 1439/1439/1439 1441/1441/1441
f 1442/1442/1442 1441/1441/1441 1444/1444/1444
f 1405/1405/1405 1407/1407/1407 1439/1439/1439
f 1405/1405/1405 1439/1439/1439 1442/1442/1442
f 1388/1388/1388 1394/1394/1394 1446/1446/1446
f 1388/1388/1388 1446/1446/1446 1447/1447/1447
f 1447/1447/1447 1446/1446/1446 1448/1448/1448
f 1447/1447/1447 1448/1448/1448 1449/1449/1449
f 1446/1446/1446 1443/1443/1443 1445/1445/1445
f 1446/1446/1446 1445/1445/1445 1448/1448/1448
f 1394/1394/1394 1396/1396/1396 1443/1443/1443
f 1394/1394/1394 1443/1443/1443 1446/1446/1446
f 1383/1383/1383 1386/1386/1386 1450/1450/1450
f 1383/1383/1383 1450/1450/1450 1451/1451/1451
f 1451/1451/1451 1450/1450/1450 1452/1452/1452
f 1451/1451/1451 1452/1452/1452 1453/1453/1453
f 1450/1450/1450 1447/1447/1447 1449/1449/1449
f 1450/1450/1450 1449/1449/1449 1452/1452/1452
f 1386/1386/1386 1388/1388/1388 1447/1447/1447
f 1386/1386/1386 1447/1447/1447 1450/1450/1450
f 1372/1372/1372 1381/1381/1381 1454/1454/1454
f 1372/1372/1372 1454/1454/1454 1455/1455/1455
f 1455/1455/1455 1454/1454/1454 1456/1456/1456
f 1455/1455/1455 1456/1456/1456 1457/1457/1457
f 1454/1454/1454 1451/1451/1451 1453/1453/1453
f 1454/1454/1454 1453/1453/1453 1456/1456/1456
f 1381/1381/1381 1383/1383/1383 1451/1451/1451
f 1381/1381/1381 1451/1451/1451 1454/1454/1454
f 1364/1364/1364 1370/1370/1370 1458/1458/1458
f 1364/1364/1364 1458/1458/1458 1459/1459/1459
f 1459/1459/1459 1458/1458/1458 1460/1460/1460
f 1459/1459/1459 1460/1460/1460 1461/1461/1461
f 1458/1458/1458 1455/1455/1455 1457/1457/1457
f 1458/1458/1458 1457/1457/1457 1460/1460/1460
f 1370/1370/1370 1372/1372/1372 1455/1455/1455
f 1370/1370/1370 1455/1455/1455 1458/1458/1458
f 1359/1359/1359 1362/1362/1362 1462/1462/1462
f 1359/1359/1359 1462/1462/1462 1463/1463/1463
f 1463/1463/1463 1462/1462/1462 1464/1464/1464
f 1463/1463/1463 1464/1464/1464 1465/1465/1465
f 1462/1462/1462 1459/1459/1459 1461/1461/1461
f 1462/1462/1462 1461/1461/1461 1464/1464/1464
f 1362/1362/1362 1364/1364/1364 1459/1459/1459
f 1362/1362/1362 1459/1459/1459 1462/1462/1462
f 1351/1351/1351 1357/1357/1357 1466/1466/1466
f 1351/1351/1351 1466/1466/1466 1467/1467/1467
f 1467/1467/1467 1466/1466/1466 1468/1468/1468
f 1467/1467/1467 1468/1468/1468 1469/1469/1469
f 1466/1466/1466 1463/1463/1463 1465/1465/1465
f 1466/1466/1466 1465/1465/1465 1468/1468/1468
f 1357/1357/1357 1359/1359/1359 1463/1463/1463
f 1357/1357/1357 1463/1463/1463 1466/1466/1466
f 1347/1347/1347 1349/1349/1349 1470/1470/1470
f 1347/1347/1347 1470/1470/1470 1471/1471/1471
f 1471/1471/1471 1470/1470/1470 1472/1472/1472
f 1471/1471/1471 1472/1472/1472 1473/1473/1473
f 1470/1470/1470 1467/1467/1467 1469/1469/1469
f 1470/1470/1470 1469/1469/1469 1472/1472/1472
f 1349/1349/1349 1351/1351/1351 1467/1467/1467
f 1349/1349/1349 1467/1467/1467 1470/1470/1470
f 1345/1345/1345 1344/1344/1344 1474/1474/1474
f 1345/1345/1345 1474/1474/1474 1432/1432/1432
f 1432/1432/1432 1474/1474/1474 1475/1475/1475
f 1432/1432/1432 1475/1475/1475 1433/1433/1433
f 1474/1474/1474 1471/1471/1471 1473/1473/1473
f 1474/1474/1474 1473/1473/1473 1475/1475/1475
f 1344/1344/1344 1347/1347/1347 1471/1471/1471
f 1344/1344/1344 1471/1471/1471 1474/1474/1474
f 1159/1159/1159 1168/1168/1168 1476/1476/1476
f 1159/1159/1159 1476/1476/1476 1477/1477/1477
f 1477/1477/1477 1476/1476/1476 1303/1303/1303
f 1477/1477/1477 1303/1303/1303 1302/1302/1302
f 1476/1476/1476 1329/1329/1329 1308/1308/1308
f 1476/1476/1476 1308/1308/1308 1303/1303/1303
f 1168/1168/1168 1167/1167/1167 1329/1329/1329
f 1168/1168/1168 1329/1329/1329 1476/1476/1476
f 1155/1155/1155 1160/1160/1160 1478/1478/1478
f 1155/1155/1155 1478/1478/1478 1479/1479/1479
f 1479/1479/1479 1478/1478/1478 1299/1299/1299
f 1479/1479/1479 1299/1299/1299 1292/1292/1292
f 1478/1478/1478 1477/1477/1477 1302/1302/1302
f 1478/1478/1478 1302/1302/1302 1299/1299/1299
f 1160/1160/1160 1159/1159/1159 1477/1477/1477
f 1160/1160/1160 1477/1477/1477 1478/1478/1478
f 1147/1147/1147 1156/1156/1156 1480/1480/1480
f 1147/1147/1147 1480/1480/1480 1481/1481/1481
f 1481/1481/1481 1480/1480/1480 1289/1289/1289
f 1481/1481/1481 1289/1289/1289 1278/1278/1278
f 1480/1480/1480 1479/1479/1479 1292/1292/1292
f 1480/1480/1480 1292/1292/1292 1289/1289/1289
f 1156/1156/1156 1155/1155/1155 1479/1479/1479
f 1156/1156/1156 1479/1479/1479 1480/1480/1480
f 1139/1139/1139 1148/1148/1148 1482/1482/1482
f 1139/1139/1139 1482/1482/1482 1483/1483/1483
f 1483/1483/1483 1482/1482/1482 1273/1273/1273
f 1483/1483/1483 1273/1273/1273 1272/1272/1272
f 1482/1482/1482 1481/1481/1481 1278/1278/1278
f 1482/1482/1482 1278/1278/1278 1273/1273/1273
f 1148/1148/1148 1147/1147/1147 1481/1481/1481
f 1148/1148/1148 1481/1481/1481 1482/1482/1482
f 1127/1127/1127 1140/1140/1140 1484/1484/1484
f 1127/1127/1127 1484/1484/1484 1485/1485/1485
f 1485/1485/1485 1484/1484/1484 1269/1269/1269
f 1485/1485/1485 1269/1269/1269 1262/1262/1262
f 1484/1484/1484 1483/1483/1483 1272/1272/1272
f 1484/1484/1484 1272/1272/1272 1269/1269/1269
f 1140/1140/1140 1139/1139/1139 1483/1483/1483
f 1140/1140/1140 1483/1483/1483 1484/1484/1484
f 1117/1117/1117 1128/1128/1128 1486/1486/1486
f 1117/1117/1117 1486/1486/1486 1487/1487/1487
f 1487/1487/1487 1486/1486/1486 1259/1259/1259
f 1487/1487/1487 1259/1259/1259 1248/1248/1248
f 1486/1486/1486 1485/1485/1485 1262/1262/1262
f 1486/1486/1486 1262/1262/1262 1259/1259/1259
f 1128/1128/1128 1127/1127/1127 1485/1485/1485
f 1128/1128/1128 1485/1485/1485 1486/1486/1486
f 1122/1122/1122 1118/1118/1118 1488/1488/1488
f 1122/1122/1122 1488/1488/1488 1489/1489/1489
f 1489/1489/1489 1488/1488/1488 1243/1243/1243
f 1489/1489/1489 1243/1243/1243 1238/1238/1238
f 1488/1488/1488 1487/1487/1487 1248/1248/1248
f 1488/1488/1488 1248/1248/1248 1243/1243/1243
f 1118/1118/1118 1117/1117/1117 1487/1487/1487
f 1118/1118/1118 1487/1487/1487 1488/1488/1488
f 1126/1126/1126 1123/1123/1123 1490/1490/1490
f 1126/1126/1126 1490/1490/1490 1211/1211/1211
f 1211/1211/1211 1490/1490/1490 1233/1233/1233
f 1211/1211/1211 1233/1233/1233 1212/1212/1212
f 1490/1490/1490 1489/1489/1489 1238/1238/1238
f 1490/1490/1490 1238/1238/1238 1233/1233/1233
f 1123/1123/1123 1122/1122/1122 1489/1489/1489
f 1123/1123/1123 1489/1489/1489 1490/1490/1490
f 393/393/393 388/388/388 387/387/387
f 387/387/387 390/390/390 1045/1045/1045
f 1045/1045/1045 1042/1042/1042 1041/1041/1041
f 1041/1041/1041 1036/1036/1036 1035/1035/1035
f 1035/1035/1035 1032/1032/1032 1031/1031/1031
f 1031/1031/1031 792/792/792 791/791/791
f 791/791/791 786/786/786 785/785/785
f 785/785/785 780/780/780 779/779/779
f 779/779/779 774/774/774 773/773/773
f 773/773/773 776/776/776 1069/1069/1069
f 1069/1069/1069 406/406/406 405/405/405
f 405/405/405 400/400/400 399/399/399
f 399/399/399 394/394/394 393/393/393
f 393/393/393 387/387/387 1045/1045/1045
f 1045/1045/1045 1041/1041/1041 1035/1035/1035
f 1035/1035/1035 1031/1031/1031 791/791/791
f 791/791/791 785/785/785 779/779/779
f 779/779/779 773/773/773 1069/1069/1069
f 1069/1069/1069 405/405/405 399/399/399
f 399/399/399 393/393/393 1045/1045/1045
f 1045/1045/1045 1035/1035/1035 791/791/791
f 791/791/791 779/779/779 1069/1069/1069
f 1069/1069/1069 399/399/399 1045/1045/1045
f 1045/1045/1045 791/791/791 1069/1069/1069
f 1430/1430/1430 1433/1433/1433 1475/1475/1475
f 1475/1475/1475 1473/1473/1473 1472/1472/1472
f 1472/1472/1472 1469/1469/1469 1468/1468/1468
f 1468/1468/1468 1465/1465/1465 1464/1464/1464
f 1464/1464/1464 1461/1461/1461 1460/1460/1460
f 1460/1460/1460 1457/1457/1457 1456/1456/1456
f 1456/1456/1456 1453/1453/1453 1452/1452/1452
f 1452/1452/1452 1449/1449/1449 1448/1448/1448
f 1448/1448/1448 1445/1445/1445 1444/1444/1444
f 1444/1444/1444 1441/1441/1441 1440/1440/1440
f 1440/1440/1440 1437/1437/1437 1436/1436/1436
f 1436/1436/1436 1431/1431/1431 1430/1430/1430
f 1430/1430/1430 1475/1475/1475 1472/1472/1472
f 1472/1472/1472 1468/1468/1468 1464/1464/1464
f 1464/1464/1464 1460/1460/1460 1456/1456/1456
f 1456/1456/1456 1452/1452/1452 1448/1448/1448
f 1448/1448/1448 1444/1444/1444 1440/1440/1440
f 1440/1440/1440 1436/1436/1436 1430/1430/1430
f 1430/1430/1430 1472/1472/1472 1464/1464/1464
f 1464/1464/1464 1456/1456/1456 1448/1448/1448
f 1448/1448/1448 1440/1440/1440 1430/1430/1430
f 1464/1464/1464 1448/1448/1448 1430/1430/1430
