v 0.423998 -0.11378 0.658664
v 0.419661 -0.112719 0.659365
v 0.415216 -0.122282 0.656132
v 0.419233 -0.123696 0.655643
v 0.410688 -0.130341 0.651266
v 0.414603 -0.132026 0.650737
v 0.411471 -0.120876 0.656676
v 0.407222 -0.128519 0.651875
v 0.415452 -0.111795 0.660052
v 0.44668 -0.0660638 0.645632
v 0.437749 -0.0648506 0.65166
v 0.434929 -0.0759292 0.656354
v 0.442524 -0.0767567 0.65227
v 0.429581 -0.0889006 0.65963
v 0.435657 -0.089414 0.657189
v 0.427567 -0.0764759 0.659815
v 0.423601 -0.0890475 0.661719
v 0.429295 -0.0657307 0.656615
v 0.439155 -0.0547034 0.629844
v 0.429339 -0.0531663 0.639494
v 0.435612 -0.0575928 0.646277
v 0.445162 -0.0589096 0.638291
v 0.426893 -0.0587734 0.652514
v 0.420816 -0.0544259 0.64678
v 0.393335 -0.143603 0.620287
v 0.388573 -0.138779 0.622276
v 0.382682 -0.131024 0.614916
v 0.387715 -0.137384 0.612364
v 0.377661 -0.120151 0.608344
v 0.383083 -0.127899 0.605041
v 0.378998 -0.125368 0.617277
v 0.373822 -0.113964 0.611346
v 0.384996 -0.133999 0.624143
v 0.404503 -0.143727 0.636975
v 0.400382 -0.141265 0.637966
v 0.394586 -0.142109 0.630154
v 0.399017 -0.145564 0.628703
v 0.391151 -0.138362 0.63157
v 0.39706 -0.138438 0.639001
v 0.385292 -0.0818552 0.587924
v 0.377324 -0.0725453 0.596737
v 0.382431 -0.0637483 0.599075
v 0.390737 -0.0723539 0.588828
v 0.389742 -0.0568429 0.603997
v 0.398521 -0.0641863 0.592725
v 0.377434 -0.0596534 0.607951
v 0.384171 -0.0540476 0.613561
v 0.372543 -0.0674752 0.604415
v 0.374282 -0.10776 0.602811
v 0.380368 -0.116483 0.598406
v 0.37301 -0.0950774 0.598777
v 0.379861 -0.104372 0.593001
v 0.370162 -0.101489 0.606705
v 0.368589 -0.0890229 0.6038
v 0.420254 -0.0534049 0.609466
v 0.410103 -0.0496535 0.62088
v 0.420462 -0.0503173 0.63067
v 0.430591 -0.0526628 0.619893
v 0.412178 -0.0512239 0.638828
v 0.402359 -0.0496969 0.62978
v 0.374106 -0.0831327 0.59669
v 0.381602 -0.0926438 0.589412
v 0.369476 -0.0774479 0.603019
v 0.461237 -0.179412 0.558191
v 0.451274 -0.163565 0.554602
v 0.457346 -0.153097 0.551147
v 0.465892 -0.168201 0.553586
v 0.465123 -0.143223 0.552298
v 0.472577 -0.158008 0.55389
v 0.446409 -0.13556 0.551915
v 0.4552 -0.126502 0.553971
v 0.439085 -0.144955 0.554116
v 0.429327 -0.155921 0.636783
v 0.422608 -0.151216 0.635838
v 0.418493 -0.156154 0.626132
v 0.425747 -0.162681 0.627225
v 0.414414 -0.159126 0.615746
v 0.42261 -0.168027 0.616808
v 0.411331 -0.151802 0.626304
v 0.406576 -0.152884 0.616458
v 0.41589 -0.148146 0.635704
v 0.477797 -0.112491 0.569247
v 0.464124 -0.0939592 0.575733
v 0.474161 -0.091718 0.586808
v 0.48917 -0.111651 0.580605
v 0.480839 -0.0922808 0.599857
v 0.496213 -0.113098 0.594417
v 0.457691 -0.0731838 0.59656
v 0.464569 -0.0733069 0.608804
v 0.448369 -0.0762815 0.585562
v 0.482342 -0.0938585 0.614602
v 0.495645 -0.113869 0.610664
v 0.478123 -0.095706 0.629254
v 0.488569 -0.11304 0.627022
v 0.468219 -0.0758392 0.621522
v 0.466778 -0.0803421 0.633766
v 0.447491 -0.125565 0.657901
v 0.440857 -0.12096 0.657536
v 0.435348 -0.130248 0.655271
v 0.441683 -0.134046 0.655695
v 0.430858 -0.138277 0.65046
v 0.437117 -0.141814 0.650987
v 0.429144 -0.127354 0.655177
v 0.424693 -0.1357 0.65029
v 0.434304 -0.11742 0.657656
v 0.425184 -0.126819 0.55952
v 0.43283 -0.11773 0.55814
v 0.441922 -0.108892 0.560573
v 0.417824 -0.100613 0.567796
v 0.426655 -0.0916718 0.570416
v 0.41066 -0.109945 0.568601
v 0.420105 -0.170689 0.594845
v 0.408725 -0.156806 0.594818
v 0.40961 -0.152094 0.583442
v 0.422524 -0.168184 0.582299
v 0.413078 -0.145202 0.572796
v 0.426987 -0.162838 0.570194
v 0.398058 -0.138719 0.587906
v 0.400263 -0.129894 0.579144
v 0.398551 -0.145853 0.597546
v 0.468691 -0.0978475 0.641831
v 0.477389 -0.11099 0.640906
v 0.457532 -0.102338 0.651116
v 0.465343 -0.111288 0.650998
v 0.459268 -0.0866303 0.644506
v 0.449324 -0.0951593 0.652548
v 0.470577 -0.235245 0.630989
v 0.469049 -0.239355 0.633576
v 0.45934 -0.232377 0.643128
v 0.461619 -0.228547 0.639472
v 0.453682 -0.22386 0.652888
v 0.456025 -0.220759 0.647733
v 0.457732 -0.237535 0.647924
v 0.45207 -0.228172 0.659137
v 0.468141 -0.244936 0.63735
v 0.51862 -0.182935 0.645129
v 0.52179 -0.182356 0.649541
v 0.528522 -0.19121 0.638301
v 0.524827 -0.190997 0.634184
v 0.530933 -0.202339 0.627658
v 0.527033 -0.201626 0.623077
v 0.533317 -0.19242 0.643687
v 0.536014 -0.204225 0.63343
v 0.525975 -0.182459 0.655224
v 0.493457 -0.181605 0.658974
v 0.496103 -0.178332 0.666717
v 0.509555 -0.178485 0.659175
v 0.506783 -0.180457 0.653157
v 0.513352 -0.176955 0.666478
v 0.499783 -0.175332 0.675788
v 0.493483 -0.240904 0.614589
v 0.495227 -0.244171 0.61901
v 0.482003 -0.243155 0.62549
v 0.481904 -0.239348 0.622341
v 0.482811 -0.248606 0.629828
v 0.497781 -0.249158 0.624528
v 0.474824 -0.186957 0.666972
v 0.477067 -0.183842 0.674855
v 0.485699 -0.180099 0.672053
v 0.482996 -0.183801 0.663742
v 0.489346 -0.176548 0.681765
v 0.480103 -0.180879 0.684194
v 0.5113 -0.238465 0.605172
v 0.514059 -0.241183 0.61064
v 0.505912 -0.24327 0.614038
v 0.503353 -0.240392 0.608812
v 0.509251 -0.247743 0.620158
v 0.517521 -0.245257 0.616808
v 0.454997 -0.207085 0.662047
v 0.453134 -0.208422 0.667804
v 0.455842 -0.202274 0.671526
v 0.457442 -0.201569 0.665754
v 0.46074 -0.196268 0.67362
v 0.461573 -0.19645 0.667484
v 0.454752 -0.203787 0.678557
v 0.460458 -0.196685 0.681138
v 0.451818 -0.210723 0.674705
v 0.453775 -0.200297 0.57935
v 0.44118 -0.182701 0.573434
v 0.446144 -0.174151 0.562426
v 0.457737 -0.191055 0.567373
v 0.432609 -0.154577 0.560445
v 0.527309 -0.219477 0.609077
v 0.530178 -0.221486 0.614224
v 0.528121 -0.228788 0.610677
v 0.525473 -0.22629 0.605534
v 0.52491 -0.234423 0.608913
v 0.52222 -0.231683 0.603752
v 0.531643 -0.232094 0.616485
v 0.528349 -0.238091 0.61471
v 0.534069 -0.224336 0.62014
v 0.49401 -0.144885 0.568392
v 0.487245 -0.129292 0.567137
v 0.499906 -0.129342 0.579225
v 0.507729 -0.146113 0.58148
v 0.50768 -0.131318 0.594012
v 0.516443 -0.148565 0.597419
v 0.440473 -0.170054 0.640786
v 0.435451 -0.162689 0.638615
v 0.4326 -0.171772 0.629754
v 0.438318 -0.181025 0.632813
v 0.430705 -0.179936 0.620006
v 0.437682 -0.191476 0.624003
v 0.4427 -0.203861 0.604211
v 0.431946 -0.18789 0.598747
v 0.436017 -0.187202 0.586134
v 0.448228 -0.204479 0.592116
v 0.43027 -0.185425 0.609883
v 0.439084 -0.199346 0.614676
v 0.420393 -0.170697 0.606212
v 0.503924 -0.142151 0.632348
v 0.496694 -0.128499 0.628045
v 0.484127 -0.123334 0.642478
v 0.489792 -0.134542 0.646955
v 0.471405 -0.120422 0.652791
v 0.475901 -0.129408 0.656967
v 0.488954 -0.209802 0.574137
v 0.492556 -0.214405 0.578524
v 0.489787 -0.222242 0.587749
v 0.486726 -0.218881 0.584202
v 0.485162 -0.228413 0.599484
v 0.482856 -0.226411 0.596964
v 0.492766 -0.226273 0.591677
v 0.487134 -0.231113 0.602329
v 0.496478 -0.219738 0.583466
v 0.501201 -0.226214 0.589633
v 0.496136 -0.231051 0.596443
v 0.489157 -0.234171 0.605645
v 0.499226 -0.23537 0.601115
v 0.49095 -0.236895 0.608851
v 0.505657 -0.232143 0.59575
v 0.454334 -0.190738 0.642999
v 0.455808 -0.192668 0.643512
v 0.458335 -0.187243 0.648654
v 0.457083 -0.184579 0.648332
v 0.461966 -0.182139 0.651833
v 0.460796 -0.178848 0.651984
v 0.45901 -0.19018 0.65018
v 0.462649 -0.185371 0.652995
v 0.456534 -0.195383 0.645331
v 0.512057 -0.195422 0.583899
v 0.513433 -0.199866 0.587301
v 0.507111 -0.201575 0.579965
v 0.504103 -0.196204 0.575897
v 0.501654 -0.205003 0.575859
v 0.498043 -0.199506 0.571316
v 0.510748 -0.207391 0.584701
v 0.505935 -0.211223 0.581177
v 0.515386 -0.204385 0.591236
v 0.46513 -0.223414 0.617499
v 0.466336 -0.223856 0.618535
v 0.459433 -0.215096 0.624249
v 0.457958 -0.214836 0.623644
v 0.455789 -0.205731 0.629581
v 0.453946 -0.20524 0.629167
v 0.460323 -0.217099 0.626183
v 0.456636 -0.208154 0.631631
v 0.467347 -0.22555 0.620423
v 0.518351 -0.177851 0.64187
v 0.516649 -0.179006 0.639684
v 0.524287 -0.18939 0.627684
v 0.527712 -0.189111 0.628023
v 0.525355 -0.198246 0.612169
v 0.529028 -0.19756 0.610767
v 0.521473 -0.18923 0.627929
v 0.522334 -0.198516 0.614078
v 0.515365 -0.179633 0.638787
v 0.488051 -0.166942 0.649796
v 0.489281 -0.171102 0.645792
v 0.503351 -0.173007 0.644283
v 0.503291 -0.17024 0.647852
v 0.503474 -0.174932 0.643627
v 0.490244 -0.174181 0.645906
v 0.47622 -0.228864 0.610205
v 0.47466 -0.227852 0.608537
v 0.477546 -0.230755 0.612359
v 0.470575 -0.169723 0.654276
v 0.471959 -0.174 0.6523
v 0.479022 -0.171672 0.648986
v 0.47748 -0.167117 0.652239
v 0.480163 -0.175276 0.649415
v 0.472925 -0.177651 0.652813
v 0.521805 -0.214127 0.600384
v 0.524695 -0.217309 0.604657
v 0.522739 -0.22359 0.600846
v 0.519353 -0.219641 0.595929
v 0.519406 -0.228814 0.59901
v 0.515769 -0.224586 0.593811
v 0.491265 -0.177094 0.647894
v 0.50411 -0.176878 0.644783
v 0.515325 -0.180497 0.639302
v 0.504882 -0.178834 0.646849
v 0.516023 -0.181583 0.640657
v 0.492045 -0.17982 0.650704
v 0.479007 -0.233078 0.615049
v 0.468618 -0.227978 0.623186
v 0.480399 -0.235272 0.617738
v 0.469921 -0.230461 0.626153
v 0.500935 -0.214947 0.580292
v 0.506175 -0.222105 0.586943
v 0.511153 -0.228616 0.593525
v 0.510968 -0.218258 0.587526
v 0.45673 -0.198509 0.648448
v 0.459174 -0.193279 0.652938
v 0.462855 -0.188567 0.655417
v 0.458967 -0.196463 0.656601
v 0.462691 -0.191759 0.658733
v 0.456568 -0.201763 0.652467
v 0.518429 -0.209477 0.595768
v 0.515097 -0.213841 0.590295
v 0.461232 -0.220032 0.629345
v 0.457138 -0.211501 0.635114
v 0.462061 -0.223079 0.632942
v 0.457379 -0.21496 0.639248
v 0.545829 -0.375383 0.739586
v 0.562754 -0.397144 0.753734
v 0.549424 -0.389482 0.771884
v 0.532911 -0.367787 0.757214
v 0.540014 -0.377285 0.791686
v 0.524402 -0.356207 0.77645
v 0.566775 -0.410833 0.787509
v 0.556704 -0.398211 0.807676
v 0.580306 -0.418437 0.768965
v 0.456108 -0.204817 0.656995
v 0.45847 -0.199509 0.66085
v 0.462263 -0.194756 0.662651
v 0.473855 -0.184169 0.65792
v 0.47399 -0.186735 0.661609
v 0.481972 -0.184006 0.658281
v 0.4817 -0.181679 0.654653
v 0.492426 -0.18184 0.653982
v 0.523056 -0.208182 0.607791
v 0.525244 -0.21003 0.610952
v 0.52776 -0.211303 0.614709
v 0.524666 -0.201103 0.620088
v 0.523133 -0.200374 0.618012
v 0.4708 -0.232595 0.628685
v 0.462441 -0.225711 0.636245
v 0.457202 -0.217968 0.643354
v 0.516913 -0.1826 0.642386
v 0.522735 -0.190653 0.631665
v 0.521591 -0.190088 0.630105
v 0.505494 -0.180396 0.649331
v 0.589959 -0.413638 0.870655
v 0.612539 -0.436296 0.890795
v 0.615035 -0.425327 0.897869
v 0.592464 -0.402877 0.877733
v 0.621355 -0.413705 0.901758
v 0.598682 -0.391609 0.881617
v 0.639805 -0.447952 0.91878
v 0.646323 -0.435932 0.922681
v 0.637132 -0.459223 0.911699
v 0.618531 -0.282025 0.753601
v 0.633888 -0.305695 0.766022
v 0.643134 -0.316533 0.75132
v 0.628302 -0.293217 0.739098
v 0.646323 -0.327674 0.742628
v 0.632641 -0.305013 0.730036
v 0.657506 -0.339844 0.764586
v 0.659535 -0.350139 0.755995
v 0.648931 -0.329612 0.779572
v 0.587186 -0.269701 0.793318
v 0.600856 -0.29269 0.807829
v 0.618059 -0.297445 0.786941
v 0.603316 -0.274052 0.773547
v 0.632818 -0.321275 0.801258
v 0.614909 -0.31621 0.822929
v 0.576868 -0.374605 0.721941
v 0.591819 -0.394098 0.735918
v 0.577681 -0.397875 0.74223
v 0.561509 -0.377088 0.72826
v 0.594387 -0.418177 0.75727
v 0.607297 -0.413134 0.750873
v 0.561322 -0.275843 0.814725
v 0.574227 -0.298427 0.830105
v 0.587088 -0.292308 0.82233
v 0.574115 -0.269397 0.8072
v 0.600702 -0.315755 0.837776
v 0.587987 -0.321535 0.845653
v 0.599001 -0.364239 0.716317
v 0.612532 -0.382688 0.730195
v 0.603317 -0.388834 0.732183
v 0.58923 -0.370133 0.718233
v 0.617947 -0.40709 0.747009
v 0.626595 -0.400718 0.744848
v 0.521502 -0.330913 0.803552
v 0.536264 -0.351104 0.819164
v 0.539168 -0.339905 0.826581
v 0.524615 -0.319902 0.810939
v 0.546513 -0.327475 0.830821
v 0.532357 -0.30711 0.8152
v 0.555099 -0.360352 0.842534
v 0.561976 -0.348391 0.84666
v 0.55237 -0.371558 0.835202
v 0.629014 -0.32515 0.721724
v 0.641072 -0.346525 0.735313
v 0.634812 -0.356845 0.732666
v 0.622676 -0.336541 0.718917
v 0.627623 -0.36701 0.730513
v 0.615045 -0.347765 0.716751
v 0.646953 -0.376962 0.746788
v 0.64048 -0.386001 0.7448
v 0.65287 -0.367724 0.74923
v 0.681414 -0.406991 0.781989
v 0.700533 -0.427792 0.803059
v 0.695798 -0.435824 0.800483
v 0.676499 -0.414961 0.779745
v 0.690616 -0.443835 0.798769
v 0.671267 -0.422832 0.778192
v 0.716357 -0.457097 0.822666
v 0.7111 -0.465274 0.820717
v 0.721034 -0.448984 0.825629
v 0.617859 -0.459842 0.804525
v 0.639365 -0.482179 0.825321
v 0.627601 -0.47442 0.843851
v 0.604982 -0.452395 0.823314
v 0.617982 -0.461461 0.863931
v 0.594781 -0.439546 0.843611
v 0.650958 -0.496321 0.865079
v 0.642425 -0.483662 0.884936
v 0.66137 -0.504063 0.846899
v 0.682111 -0.375534 0.813201
v 0.702334 -0.398274 0.832448
v 0.708531 -0.40559 0.818413
v 0.689023 -0.383763 0.798028
v 0.708034 -0.41298 0.810619
v 0.689054 -0.391889 0.789252
v 0.729213 -0.427558 0.840283
v 0.728352 -0.434379 0.833484
v 0.723722 -0.421017 0.853087
v 0.647936 -0.363057 0.857194
v 0.669218 -0.386737 0.876067
v 0.68705 -0.391545 0.853972
v 0.666237 -0.368083 0.835221
v 0.709354 -0.415016 0.873893
v 0.692427 -0.410501 0.895887
v 0.641016 -0.451465 0.786076
v 0.660442 -0.473771 0.807178
v 0.650416 -0.480723 0.813693
v 0.630096 -0.458282 0.792669
v 0.67149 -0.502832 0.835683
v 0.680993 -0.496092 0.829426
v 0.621844 -0.36723 0.880094
v 0.643962 -0.38979 0.89995
v 0.655483 -0.385485 0.8915
v 0.633775 -0.362244 0.872145
v 0.679397 -0.408851 0.911711
v 0.668406 -0.412482 0.920642
v 0.658746 -0.436941 0.7792
v 0.677832 -0.458569 0.799923
v 0.669658 -0.466049 0.802793
v 0.65059 -0.444046 0.781839
v 0.689938 -0.488327 0.824979
v 0.69805 -0.480604 0.821911
v 0.865757 -0.570892 1.03534
v 0.876288 -0.582301 1.04282
v 0.884689 -0.580674 1.02775
v 0.874419 -0.569903 1.02
v 0.892349 -0.579324 1.00962
v 0.882819 -0.569446 1.00278
v 0.892089 -0.589383 1.0322
v 0.899029 -0.587537 1.01456
v 0.883784 -0.591211 1.04616
v 0.806179 -0.573775 0.928447
v 0.815677 -0.580645 0.937463
v 0.810652 -0.59117 0.942848
v 0.800386 -0.583084 0.93261
v 0.804354 -0.602075 0.948836
v 0.793376 -0.592878 0.937663
v 0.817977 -0.598746 0.949168
v 0.813133 -0.611324 0.955944
v 0.821776 -0.586186 0.943213
v 0.797036 -0.524695 1.01761
v 0.810592 -0.535999 1.0271
v 0.818425 -0.53469 1.02081
v 0.805017 -0.523291 1.01077
v 0.827324 -0.53716 1.00929
v 0.814271 -0.525904 0.9984
v 0.831227 -0.54614 1.02974
v 0.839616 -0.548 1.01902
v 0.823722 -0.547664 1.03549
v 0.829019 -0.548108 0.933801
v 0.841192 -0.55466 0.943622
v 0.833698 -0.558833 0.938273
v 0.822872 -0.552702 0.929487
v 0.826892 -0.56472 0.935369
v 0.817095 -0.558545 0.927006
v 0.840839 -0.5627 0.944427
v 0.832724 -0.568471 0.941199
v 0.850263 -0.559286 0.950442
v 0.766747 -0.563257 1.00699
v 0.78029 -0.57364 1.01584
v 0.785573 -0.563152 1.02252
v 0.771842 -0.552611 1.0137
v 0.792646 -0.553216 1.0266
v 0.778883 -0.542458 1.01768
v 0.799908 -0.574812 1.03093
v 0.806649 -0.564806 1.03475
v 0.794614 -0.585216 1.02453
v 0.837247 -0.533969 0.964897
v 0.849573 -0.544334 0.978045
v 0.854655 -0.54787 0.967408
v 0.841444 -0.537988 0.953852
v 0.85401 -0.550645 0.95938
v 0.840037 -0.541563 0.946364
v 0.866386 -0.555966 0.978018
v 0.866129 -0.557937 0.968794
v 0.860678 -0.553123 0.989165
v 0.775547 -0.605098 0.951528
v 0.786606 -0.614445 0.961938
v 0.779547 -0.609213 0.975999
v 0.767904 -0.599645 0.966226
v 0.776002 -0.59836 0.992191
v 0.763495 -0.588394 0.982903
v 0.790988 -0.618374 0.985196
v 0.788768 -0.608512 1.00114
v 0.797026 -0.623297 0.97091
v 0.795725 -0.611147 0.953932
v 0.784643 -0.601681 0.942877
v 0.805652 -0.620642 0.961882
v 0.866903 -0.578636 0.964926
v 0.865217 -0.579346 0.966194
v 0.851891 -0.579457 0.960106
v 0.852958 -0.578525 0.958661
v 0.842429 -0.58316 0.9563
v 0.843006 -0.582324 0.954677
v 0.849577 -0.579745 0.961469
v 0.840601 -0.583285 0.958039
v 0.86231 -0.579363 0.967041
v 0.827862 -0.642831 0.964183
v 0.832517 -0.646093 0.965551
v 0.828986 -0.648939 0.976938
v 0.823083 -0.642446 0.971871
v 0.82615 -0.650957 0.993085
v 0.81822 -0.642466 0.98623
v 0.834667 -0.653568 0.981557
v 0.833057 -0.657248 0.998462
v 0.837371 -0.649023 0.969301
v 0.852768 -0.574743 1.04998
v 0.864422 -0.588402 1.05588
v 0.869886 -0.584564 1.05177
v 0.858929 -0.57174 1.04518
v 0.877599 -0.594552 1.05425
v 0.872649 -0.599044 1.05817
v 0.829942 -0.59865 0.946927
v 0.83339 -0.602228 0.948423
v 0.83444 -0.620354 0.951647
v 0.829573 -0.615917 0.95029
v 0.835384 -0.635441 0.955753
v 0.82909 -0.630793 0.954867
v 0.838169 -0.622262 0.954437
v 0.839879 -0.637374 0.959118
v 0.836216 -0.60415 0.950485
v 0.827184 -0.612725 1.04186
v 0.837077 -0.621479 1.04742
v 0.843911 -0.611098 1.05286
v 0.832797 -0.602142 1.04724
v 0.851292 -0.60234 1.05611
v 0.838864 -0.591841 1.04997
v 0.851065 -0.616534 1.05552
v 0.859997 -0.60968 1.05928
v 0.843055 -0.626335 1.04998
v 0.862057 -0.568833 0.956837
v 0.865003 -0.572125 0.958755
v 0.850279 -0.572234 0.953337
v 0.848239 -0.569729 0.951463
v 0.839478 -0.576545 0.949762
v 0.837746 -0.574449 0.948047
v 0.851777 -0.574382 0.954954
v 0.841129 -0.578447 0.95117
v 0.866568 -0.574607 0.960734
v 0.825878 -0.649852 1.01125
v 0.816238 -0.639545 1.00315
v 0.827933 -0.644166 1.0277
v 0.817514 -0.633021 1.01941
v 0.833807 -0.657332 1.01719
v 0.835913 -0.651683 1.03333
v 0.874095 -0.591424 1.00282
v 0.86821 -0.590923 1.00304
v 0.861031 -0.58074 0.99004
v 0.866581 -0.581232 0.988977
v 0.852154 -0.57257 0.979438
v 0.8568 -0.572903 0.977434
v 0.858008 -0.581285 0.99319
v 0.850235 -0.573636 0.983665
v 0.864441 -0.590937 1.00482
v 0.844862 -0.659917 1.00426
v 0.848006 -0.657245 1.00553
v 0.850619 -0.657163 1.02039
v 0.847093 -0.659543 1.02059
v 0.85196 -0.651766 1.03264
v 0.848637 -0.653389 1.03408
v 0.852897 -0.654214 1.0198
v 0.853964 -0.649843 1.03094
v 0.849968 -0.653436 1.00625
v 0.895773 -0.577994 0.992164
v 0.887957 -0.570337 0.987495
v 0.892265 -0.576264 0.977395
v 0.886487 -0.570994 0.974805
v 0.900605 -0.584233 0.996359
v 0.895137 -0.580266 0.980427
v 0.890198 -0.597709 1.03629
v 0.891103 -0.598977 1.03231
v 0.897561 -0.596142 1.02329
v 0.897208 -0.59497 1.02605
v 0.901605 -0.593047 1.01203
v 0.902195 -0.592234 1.01325
v 0.897162 -0.59729 1.02184
v 0.900208 -0.593846 1.01125
v 0.891213 -0.599997 1.03019
v 0.843155 -0.650157 0.97625
v 0.844157 -0.648082 0.978885
v 0.845571 -0.653194 0.990578
v 0.843453 -0.655661 0.988348
v 0.846315 -0.64881 0.992119
v 0.843532 -0.643351 0.980719
v 0.879833 -0.606756 1.04975
v 0.881035 -0.607832 1.04611
v 0.885526 -0.602973 1.03983
v 0.884427 -0.601798 1.04397
v 0.885854 -0.603777 1.03746
v 0.881463 -0.608437 1.0438
v 0.838822 -0.60629 0.955343
v 0.838873 -0.606208 0.957532
v 0.841264 -0.62276 0.962756
v 0.84117 -0.623548 0.960409
v 0.843482 -0.636706 0.968401
v 0.843363 -0.638117 0.96593
v 0.840141 -0.619819 0.964563
v 0.842069 -0.632363 0.970058
v 0.837924 -0.604845 0.959532
v 0.851314 -0.630014 1.04809
v 0.853535 -0.630417 1.04626
v 0.861222 -0.623011 1.05084
v 0.859297 -0.622052 1.05287
v 0.870489 -0.617887 1.05296
v 0.868762 -0.616743 1.05541
v 0.862193 -0.623224 1.04893
v 0.871221 -0.618224 1.05092
v 0.854807 -0.630274 1.04436
v 0.899933 -0.588489 0.998362
v 0.901708 -0.588245 0.998517
v 0.892317 -0.583871 0.984901
v 0.894865 -0.583949 0.984401
v 0.897072 -0.588281 0.997883
v 0.888434 -0.582903 0.984642
v 0.831831 -0.598227 0.963598
v 0.835668 -0.601971 0.961495
v 0.83485 -0.590863 0.959596
v 0.831532 -0.589193 0.962447
v 0.837629 -0.583016 0.960272
v 0.834213 -0.582263 0.96314
v 0.837272 -0.591944 0.95728
v 0.85505 -0.644438 1.02602
v 0.855477 -0.64762 1.02887
v 0.854843 -0.651299 1.01888
v 0.854449 -0.647289 1.01707
v 0.851455 -0.64944 1.00655
v 0.85047 -0.644276 1.00577
v 0.878548 -0.609219 1.03937
v 0.881059 -0.6088 1.0417
v 0.876981 -0.613534 1.0466
v 0.874673 -0.613793 1.04387
v 0.871111 -0.618241 1.04866
v 0.869247 -0.618368 1.04563
v 0.877293 -0.613359 1.04881
v 0.853119 -0.577684 0.968614
v 0.858317 -0.578996 0.967845
v 0.871179 -0.578937 0.97433
v 0.864495 -0.576756 0.973586
v 0.883179 -0.581293 0.983812
v 0.875665 -0.578802 0.981938
v 0.876085 -0.580157 0.974475
v 0.835944 -0.626116 0.980802
v 0.840838 -0.635475 0.981457
v 0.838907 -0.630183 0.975012
v 0.832963 -0.619812 0.974307
v 0.838404 -0.624094 0.970829
v 0.832541 -0.614492 0.970571
v 0.842658 -0.639084 0.974382
v 0.855123 -0.628895 1.039
v 0.855492 -0.629693 1.04212
v 0.854265 -0.639094 1.03635
v 0.853964 -0.637113 1.03316
v 0.853194 -0.640464 1.03873
v 0.892053 -0.593908 1.00813
v 0.897512 -0.594254 1.01015
v 0.895658 -0.598157 1.02045
v 0.891491 -0.598648 1.01859
v 0.890404 -0.600788 1.02844
v 0.887155 -0.601572 1.02661
v 0.89281 -0.587519 0.996853
v 0.885934 -0.585886 0.994665
v 0.822803 -0.591794 0.969005
v 0.826704 -0.594499 0.96603
v 0.82791 -0.587217 0.965897
v 0.825613 -0.585831 0.969576
v 0.831238 -0.581051 0.966619
v 0.829723 -0.580282 0.97024
v 0.846961 -0.634971 1.01906
v 0.851497 -0.639859 1.02229
v 0.850069 -0.641292 1.0141
v 0.844448 -0.635097 1.01141
v 0.845468 -0.637195 1.00354
v 0.839423 -0.630316 1.00152
v 0.867109 -0.610073 1.03443
v 0.87313 -0.609832 1.03672
v 0.869663 -0.614291 1.04049
v 0.864127 -0.614404 1.03744
v 0.865056 -0.618798 1.04165
v 0.860373 -0.618822 1.03803
v 0.842161 -0.573083 0.971051
v 0.847008 -0.575147 0.969435
v 0.856054 -0.573493 0.972296
v 0.848842 -0.570939 0.972217
v 0.865709 -0.575464 0.978995
v 0.823884 -0.610626 0.978158
v 0.829363 -0.617334 0.97896
v 0.825768 -0.610965 0.972571
v 0.820209 -0.604746 0.972107
v 0.825286 -0.606534 0.969549
v 0.819673 -0.601131 0.969745
v 0.85088 -0.626621 1.0311
v 0.853321 -0.628 1.03484
v 0.85161 -0.63445 1.02909
v 0.848486 -0.631375 1.02553
v 0.883134 -0.592687 1.00507
v 0.883784 -0.598745 1.01619
v 0.87558 -0.598598 1.01439
v 0.880514 -0.602486 1.02465
v 0.873228 -0.603116 1.02319
v 0.871917 -0.560979 0.996651
v 0.877766 -0.563133 0.983764
v 0.877348 -0.564749 0.97298
v 0.808368 -0.633044 0.978565
v 0.803932 -0.628666 0.994252
v 0.803512 -0.620473 1.01031
v 0.857169 -0.564224 0.954466
v 0.845364 -0.566388 0.948657
v 0.835877 -0.571688 0.945306
v 0.811632 -0.599416 1.03368
v 0.816851 -0.588909 1.0395
v 0.822943 -0.578455 1.04262
v 0.82623 -0.592693 0.945783
v 0.82411 -0.60786 0.950646
v 0.82147 -0.622119 0.957038
v 0.838402 -0.560747 1.04305
v 0.845304 -0.558595 1.03774
v 0.852898 -0.559248 1.02744
v 0.817217 -0.632771 0.965171
v 0.827764 -0.639004 0.959361
v 0.862561 -0.559903 1.01244
v 0.850491 -0.550456 1.00408
v 0.760987 -0.567264 0.909626
v 0.778583 -0.58134 0.924653
v 0.770243 -0.590007 0.930275
v 0.752781 -0.575572 0.915508
v 0.761578 -0.593411 0.939754
v 0.744335 -0.578726 0.925543
v 0.804795 -0.506078 0.936394
v 0.822277 -0.521516 0.951493
v 0.825571 -0.525562 0.939649
v 0.807602 -0.510124 0.92388
v 0.82324 -0.529364 0.931901
v 0.804735 -0.514069 0.915767
v 0.795342 -0.52319 0.905614
v 0.813176 -0.537394 0.921048
v 0.807858 -0.54236 0.917495
v 0.790502 -0.528664 0.902458
v 0.802708 -0.548261 0.915385
v 0.785648 -0.534844 0.90058
v 0.774918 -0.549565 0.901646
v 0.79204 -0.563143 0.916458
v 0.785822 -0.571974 0.919965
v 0.768407 -0.558181 0.904988
v 0.839018 -0.540641 0.993418
v 0.826571 -0.529785 0.981337
v 0.847736 -0.628871 1.04976
v 0.856008 -0.619999 1.05498
v 0.86554 -0.614249 1.05832
v 0.837988 -0.605503 0.952901
v 0.840277 -0.623264 0.957534
v 0.842338 -0.638196 0.962743
v 0.877426 -0.604584 1.055
v 0.882127 -0.599727 1.05028
v 0.888107 -0.595807 1.04252
v 0.840925 -0.650425 0.973054
v 0.839676 -0.655829 0.985376
v 0.839596 -0.660159 1.00207
v 0.895856 -0.593524 1.03041
v 0.90186 -0.591221 1.01501
v 0.876007 -0.58335 0.991241
v 0.841183 -0.660181 1.01996
v 0.843031 -0.654128 1.03494
v 0.867264 -0.576907 0.962952
v 0.852792 -0.57665 0.956829
v 0.842444 -0.580557 0.952877
v 0.842281 -0.645975 0.96672
v 0.83948 -0.645059 0.962957
v 0.843644 -0.645714 0.969991
v 0.837225 -0.627578 0.990496
v 0.83142 -0.620595 0.989168
v 0.842995 -0.635661 0.992395
v 0.845832 -0.642903 0.992898
v 0.843997 -0.643936 0.972624
v 0.834671 -0.642895 0.95944
v 0.45762 -0.136807 0.660874
v 0.45319 -0.130893 0.65896
v 0.447343 -0.138728 0.656546
v 0.451935 -0.144083 0.657843
v 0.442784 -0.146523 0.651923
v 0.447447 -0.151961 0.653154
v 0.641781 -0.418155 0.76095
v 0.633491 -0.42486 0.763341
v 0.623468 -0.431673 0.767388
v 0.603447 -0.344506 0.862097
v 0.61581 -0.339059 0.854264
v 0.630139 -0.339622 0.839402
v 0.611605 -0.437803 0.773911
v 0.598377 -0.438915 0.78576
v 0.648439 -0.344761 0.817473
v 0.664576 -0.352801 0.795397
v 0.672324 -0.362086 0.780051
v 0.67324 -0.371275 0.771195
v 0.58494 -0.431474 0.804541
v 0.574594 -0.418698 0.824876
v 0.665804 -0.387439 0.764326
v 0.660423 -0.395829 0.762083
v 0.6547 -0.404045 0.760376
v 0.570056 -0.392201 0.852197
v 0.572648 -0.381258 0.859383
v 0.57909 -0.3698 0.863363
v 0.571023 -0.256419 0.661591
v 0.585717 -0.270641 0.677221
v 0.58078 -0.281938 0.673881
v 0.566837 -0.26648 0.658004
v 0.574251 -0.292541 0.671783
v 0.561139 -0.275689 0.655817
v 0.595354 -0.299255 0.689916
v 0.588132 -0.310908 0.687907
v 0.601005 -0.287047 0.692999
v 0.471684 -0.254523 0.733305
v 0.482802 -0.272625 0.752835
v 0.486038 -0.262522 0.758679
v 0.474669 -0.244979 0.738318
v 0.493718 -0.250207 0.762127
v 0.481905 -0.233622 0.741405
v 0.498475 -0.281216 0.77776
v 0.506452 -0.268317 0.781625
v 0.495074 -0.291732 0.771078
v 0.546353 -0.28889 0.656468
v 0.558622 -0.307409 0.672068
v 0.548399 -0.312334 0.674605
v 0.536345 -0.293533 0.659341
v 0.535163 -0.31541 0.679192
v 0.523364 -0.296543 0.664191
v 0.561761 -0.332111 0.690099
v 0.548459 -0.335276 0.694229
v 0.571998 -0.326973 0.687902
v 0.507992 -0.2053 0.743455
v 0.521331 -0.218944 0.763098
v 0.533175 -0.212368 0.757207
v 0.519426 -0.199117 0.738497
v 0.544491 -0.212159 0.745841
v 0.530694 -0.198672 0.728257
v 0.547493 -0.228636 0.775063
v 0.559071 -0.228663 0.762755
v 0.535287 -0.235404 0.781712
v 0.518681 -0.315996 0.686482
v 0.50725 -0.297141 0.67151
v 0.502786 -0.312954 0.697752
v 0.491731 -0.294074 0.6824
v 0.531731 -0.335917 0.701042
v 0.515445 -0.332925 0.712238
v 0.557731 -0.215456 0.729581
v 0.544103 -0.20166 0.713305
v 0.570735 -0.222869 0.712492
v 0.557089 -0.208951 0.697258
v 0.572677 -0.232324 0.745338
v 0.586087 -0.23987 0.727349
v 0.580651 -0.234924 0.698636
v 0.566503 -0.221168 0.683765
v 0.586484 -0.248333 0.68856
v 0.571734 -0.23478 0.673567
v 0.596328 -0.251595 0.713286
v 0.602307 -0.264546 0.703491
v 0.491409 -0.305553 0.713425
v 0.480604 -0.286569 0.697191
v 0.484802 -0.295183 0.729895
v 0.474059 -0.276226 0.712519
v 0.503632 -0.325557 0.728582
v 0.496768 -0.315077 0.746125
v 0.462994 -0.149117 0.665698
v 0.464902 -0.154319 0.666065
v 0.471557 -0.150026 0.670997
v 0.469984 -0.144798 0.669784
v 0.483159 -0.150335 0.671215
v 0.481675 -0.145215 0.669106
v 0.473272 -0.155113 0.667805
v 0.484486 -0.1551 0.667847
v 0.46677 -0.159292 0.663829
v 0.469392 -0.217689 0.587737
v 0.473487 -0.221521 0.590182
v 0.467475 -0.225641 0.603449
v 0.463672 -0.221843 0.600664
v 0.459408 -0.223536 0.614585
v 0.456386 -0.220074 0.612016
v 0.470067 -0.227517 0.605552
v 0.461316 -0.224875 0.616264
v 0.476636 -0.223824 0.592256
v 0.50152 -0.157527 0.662933
v 0.499567 -0.152508 0.660374
v 0.520091 -0.169478 0.647893
v 0.517628 -0.164061 0.645282
v 0.502195 -0.161448 0.660807
v 0.520175 -0.17262 0.647338
v 0.531317 -0.182263 0.629147
v 0.528824 -0.175643 0.626706
v 0.531962 -0.189135 0.609472
v 0.52965 -0.181332 0.607259
v 0.531207 -0.185288 0.629355
v 0.532085 -0.192707 0.610027
v 0.451641 -0.217036 0.623526
v 0.449709 -0.213783 0.621513
v 0.446564 -0.207601 0.631095
v 0.445406 -0.204297 0.629709
v 0.453094 -0.217998 0.624404
v 0.447879 -0.208642 0.63124
v 0.504663 -0.172192 0.574657
v 0.507416 -0.17998 0.576761
v 0.496155 -0.180342 0.566827
v 0.492607 -0.17322 0.564549
v 0.488047 -0.184914 0.561312
v 0.483905 -0.178915 0.559167
v 0.498887 -0.185623 0.569117
v 0.491536 -0.189542 0.563712
v 0.509067 -0.185267 0.578515
v 0.44643 -0.181607 0.643989
v 0.448083 -0.185671 0.644551
v 0.451512 -0.175976 0.650249
v 0.449564 -0.17155 0.649951
v 0.455508 -0.167611 0.655502
v 0.453441 -0.16288 0.655393
v 0.453332 -0.179494 0.649855
v 0.457371 -0.171761 0.654721
v 0.449782 -0.188373 0.644344
v 0.474114 -0.195348 0.563551
v 0.477925 -0.198619 0.564534
v 0.476096 -0.210718 0.575836
v 0.472155 -0.207368 0.574279
v 0.479396 -0.213203 0.577549
v 0.48127 -0.201436 0.566076
v 0.46762 -0.187587 0.659254
v 0.467463 -0.190401 0.662997
v 0.467565 -0.191378 0.668049
v 0.481883 -0.190446 0.560003
v 0.477825 -0.186038 0.558571
v 0.485437 -0.194093 0.561955
v 0.566985 -0.300961 0.671159
v 0.554414 -0.283068 0.655299
v 0.580486 -0.320083 0.68721
v 0.648657 -0.411381 0.759963
v 0.633866 -0.393844 0.744113
v 0.665501 -0.430037 0.777982
v 0.473555 -0.18102 0.654901
v 0.481105 -0.178607 0.651607
v 0.505844 -0.131378 0.61105
v 0.514318 -0.14736 0.615079
v 0.797548 -0.555199 0.914951
v 0.780565 -0.541785 0.900215
v 0.811613 -0.565564 0.926565
v 0.820932 -0.571878 0.934957
v 0.826449 -0.57613 0.940597
v 0.684738 -0.451308 0.798561
v 0.705066 -0.473027 0.820449
v 0.620357 -0.37557 0.729648
v 0.607303 -0.356952 0.715845
v 0.49657 -0.208879 0.574872
v 0.492788 -0.203601 0.570171
v 0.520295 -0.238379 0.608913
v 0.517536 -0.235635 0.603567
v 0.523741 -0.242244 0.614888
v 0.41072 -0.159277 0.60547
v 0.401842 -0.150775 0.606977
v 0.730934 -0.485052 0.842426
v 0.725037 -0.492732 0.842181
v 0.718241 -0.500355 0.843747
v 0.744275 -0.510464 0.863101
v 0.737903 -0.518036 0.864702
v 0.749845 -0.503076 0.863314
v 0.710465 -0.50814 0.846967
v 0.701727 -0.515832 0.85138
v 0.730603 -0.525931 0.868008
v 0.722179 -0.533775 0.872414
v 0.740609 -0.469369 0.847534
v 0.736057 -0.477126 0.844419
v 0.754745 -0.495714 0.865223
v 0.759211 -0.488662 0.868317
v 0.744609 -0.443613 0.874963
v 0.749283 -0.449452 0.862578
v 0.747983 -0.455638 0.855851
v 0.768895 -0.470959 0.884508
v 0.766998 -0.476375 0.877226
v 0.765082 -0.465812 0.897024
v 0.692174 -0.522336 0.857242
v 0.682373 -0.523684 0.867969
v 0.712663 -0.540436 0.87804
v 0.703097 -0.542265 0.888398
v 0.662711 -0.481291 0.932251
v 0.665813 -0.469971 0.93925
v 0.672384 -0.458025 0.943073
v 0.691534 -0.490875 0.958536
v 0.698064 -0.479338 0.962252
v 0.687924 -0.50205 0.951684
v 0.693393 -0.435442 0.940956
v 0.703611 -0.432259 0.931996
v 0.715682 -0.434053 0.916393
v 0.727156 -0.455111 0.951624
v 0.738304 -0.456963 0.936698
v 0.717765 -0.457949 0.960253
v 0.731404 -0.438241 0.895044
v 0.752945 -0.460924 0.916376
v 0.673178 -0.516813 0.885862
v 0.666166 -0.505168 0.905599
v 0.694779 -0.536407 0.905929
v 0.689052 -0.525694 0.925375
v 0.868101 -0.603074 1.02274
v 0.86994 -0.59837 1.01419
v 0.866064 -0.598116 1.01499
v 0.864484 -0.602616 1.02292
v 0.840462 -0.573093 0.974079
v 0.835343 -0.576559 0.97387
v 0.835541 -0.576185 0.970681
v 0.830341 -0.580758 0.97356
v 0.836588 -0.57795 0.977206
v 0.832218 -0.582015 0.976663
v 0.84072 -0.574435 0.977962
v 0.822329 -0.590807 0.972639
v 0.819648 -0.595034 0.972384
v 0.820749 -0.596987 0.968943
v 0.818256 -0.598365 0.972863
v 0.821052 -0.594347 0.976975
v 0.819454 -0.597074 0.977793
v 0.824004 -0.590851 0.976654
v 0.821936 -0.606837 0.980358
v 0.828405 -0.616344 0.990224
v 0.835498 -0.625751 1.00134
v 0.827255 -0.613791 0.992808
v 0.833104 -0.622706 1.00236
v 0.822218 -0.604761 0.984445
v 0.818681 -0.601412 0.974913
v 0.819659 -0.599708 0.979757
v 0.840571 -0.630562 1.01038
v 0.843755 -0.630902 1.01755
v 0.837995 -0.627156 1.01043
v 0.841545 -0.627411 1.01714
v 0.84867 -0.624414 1.02917
v 0.852765 -0.621147 1.03354
v 0.855375 -0.622625 1.03562
v 0.857071 -0.617772 1.03597
v 0.850666 -0.618986 1.03259
v 0.854742 -0.616051 1.03492
v 0.846685 -0.621709 1.02839
v 0.862847 -0.609417 1.03312
v 0.865479 -0.606271 1.02891
v 0.870142 -0.606549 1.02973
v 0.862153 -0.605445 1.02859
v 0.859827 -0.608205 1.03242
v 0.767981 -0.519671 0.882962
v 0.762728 -0.526777 0.882695
v 0.756777 -0.534413 0.88421
v 0.749915 -0.542659 0.887533
v 0.742022 -0.551109 0.892055
v 0.777328 -0.506737 0.88785
v 0.772768 -0.512956 0.884797
v 0.785408 -0.487107 0.917967
v 0.788476 -0.491574 0.905289
v 0.78589 -0.49613 0.897396
v 0.733188 -0.558561 0.897813
v 0.724257 -0.5611 0.90804
v 0.711482 -0.521136 0.969324
v 0.715502 -0.510155 0.976025
v 0.722018 -0.499091 0.979686
v 0.737069 -0.527036 0.991131
v 0.743674 -0.516377 0.994826
v 0.732688 -0.537858 0.984514
v 0.740655 -0.479012 0.978015
v 0.749391 -0.476576 0.969869
v 0.759911 -0.478602 0.955765
v 0.770041 -0.495392 0.985964
v 0.780114 -0.497669 0.972574
v 0.761732 -0.497407 0.993623
v 0.773936 -0.482539 0.936562
v 0.793695 -0.501673 0.954278
v 0.716372 -0.555624 0.924982
v 0.711121 -0.544982 0.943719
v 0.736556 -0.573225 0.941755
v 0.731384 -0.562196 0.959644
v 0.540398 -0.251429 0.630054
v 0.549718 -0.261988 0.641631
v 0.543665 -0.268293 0.641335
v 0.535013 -0.256776 0.630019
v 0.536135 -0.273277 0.642793
v 0.528083 -0.260902 0.631748
v 0.474623 -0.262283 0.652925
v 0.482135 -0.276677 0.666659
v 0.471067 -0.269076 0.680224
v 0.463585 -0.25463 0.665256
v 0.464679 -0.258935 0.694418
v 0.457457 -0.244729 0.678424
v 0.537051 -0.190166 0.670748
v 0.545789 -0.198107 0.682864
v 0.554761 -0.210104 0.670011
v 0.545576 -0.201662 0.658547
v 0.559297 -0.22354 0.6599
v 0.549419 -0.214659 0.648556
v 0.509921 -0.180591 0.696054
v 0.518915 -0.18816 0.710984
v 0.532635 -0.190972 0.697595
v 0.523819 -0.183269 0.684183
v 0.506635 -0.26638 0.639235
v 0.513858 -0.279934 0.650524
v 0.497735 -0.280087 0.656988
v 0.490414 -0.266036 0.644632
v 0.48853 -0.186539 0.706782
v 0.496784 -0.194466 0.723852
v 0.50773 -0.188778 0.71989
v 0.498934 -0.181338 0.703694
v 0.526578 -0.277358 0.645875
v 0.519066 -0.264335 0.634949
v 0.455963 -0.225215 0.696029
v 0.462508 -0.238341 0.713428
v 0.465339 -0.229476 0.717949
v 0.458783 -0.217032 0.700286
v 0.472145 -0.219276 0.720898
v 0.46524 -0.207974 0.703211
v 0.547678 -0.235663 0.635756
v 0.558173 -0.244772 0.647457
v 0.554593 -0.253944 0.643755
v 0.544554 -0.244268 0.632029
v 0.520839 -0.189503 0.628819
v 0.521925 -0.199339 0.616058
v 0.751106 -0.55171 0.996857
v 0.755869 -0.540972 1.0035
v 0.762694 -0.53059 1.00733
v 0.780725 -0.512309 1.00666
v 0.788818 -0.510651 0.999403
v 0.798466 -0.513158 0.98649
v 0.811436 -0.517171 0.968743
v 0.753781 -0.587878 0.955213
v 0.748845 -0.576596 0.972432
v 0.748311 -0.563882 0.986594
v 0.730396 -0.54982 0.974153
v 0.763501 -0.575547 0.996792
v 0.462135 -0.248277 0.705707
v 0.455299 -0.234552 0.688882
v 0.471361 -0.265079 0.724802
v 0.709724 -0.532958 0.95874
v 0.68691 -0.513795 0.940853
v 0.845989 -0.628191 1.02376
v 0.843995 -0.62498 1.02313
v 0.662719 -0.493 0.921272
v 0.637856 -0.471005 0.900666
v 0.514774 -0.232847 0.598795
v 0.50881 -0.235932 0.600603
v 0.445831 -0.196635 0.638116
v 0.444621 -0.193002 0.637211
v 0.447296 -0.198377 0.63798
v 0.482244 -0.283692 0.743308
v 0.494294 -0.30324 0.760588
v 0.570116 -0.404923 0.84095
v 0.552375 -0.384439 0.823796
v 0.590187 -0.426015 0.859559
v 0.844226 -0.641935 1.04403
v 0.838448 -0.6397 1.04351
v 0.848793 -0.641943 1.04256
v 0.806667 -0.610261 1.02384
v 0.790447 -0.596824 1.01459
v 0.821652 -0.623531 1.03257
v 0.85866 -0.623004 1.03943
v 0.861407 -0.622921 1.04361
v 0.862451 -0.623059 1.04671
v 0.851568 -0.641374 1.04073
v 0.831699 -0.63361 1.0395
v 0.776657 -0.585773 1.00578
v 0.536092 -0.363827 0.807699
v 0.521055 -0.343273 0.792175
v 0.613175 -0.448323 0.879751
v 0.455849 -0.204384 0.641946
v 0.45557 -0.201064 0.63852
v 0.455787 -0.207828 0.646188
v 0.454778 -0.198452 0.636509
v 0.453001 -0.197326 0.636046
v 0.438868 -0.154334 0.645967
v 0.443607 -0.16043 0.647508
v 0.43309 -0.14899 0.64469
v 0.452035 -0.215653 0.661434
v 0.454162 -0.213474 0.655675
v 0.450567 -0.218926 0.668281
v 0.418474 -0.136362 0.564563
v 0.404668 -0.119974 0.572515
v 0.405763 -0.136979 0.645115
v 0.409711 -0.138925 0.644423
v 0.402436 -0.134747 0.645887
v 0.771585 -0.519955 1.00881
v 0.752509 -0.505411 0.996083
v 0.787884 -0.532077 1.01942
v 0.48382 -0.206142 0.723467
v 0.476277 -0.196645 0.70594
v 0.494289 -0.218614 0.743713
v 0.731054 -0.48757 0.980783
v 0.707525 -0.467147 0.963272
v 0.860279 -0.613547 1.03567
v 0.857615 -0.612086 1.03471
v 0.682371 -0.445227 0.944104
v 0.65671 -0.422776 0.923752
v 0.4676 -0.184407 0.656165
v 0.467238 -0.181107 0.654002
v 0.501404 -0.238187 0.604885
v 0.492243 -0.238842 0.611523
v 0.459879 -0.160387 0.660682
v 0.457804 -0.155375 0.660635
v 0.461771 -0.165027 0.659299
v 0.506867 -0.23363 0.764118
v 0.520199 -0.250849 0.783375
v 0.59034 -0.356198 0.864625
v 0.574063 -0.333976 0.848089
v 0.609377 -0.378407 0.882755
v 0.461044 -0.123712 0.658064
v 0.465267 -0.130877 0.661171
v 0.455259 -0.116943 0.656559
v 0.872469 -0.609376 1.05802
v 0.867137 -0.604047 1.05998
v 0.875294 -0.611793 1.05401
v 0.830569 -0.568134 1.04418
v 0.815115 -0.554763 1.03668
v 0.845833 -0.582 1.05114
v 0.876701 -0.605953 1.03141
v 0.882599 -0.605029 1.03349
v 0.885349 -0.604359 1.03549
v 0.876741 -0.612908 1.051
v 0.858263 -0.594549 1.05715
v 0.801565 -0.543126 1.02855
v 0.631872 -0.400529 0.90285
v 0.559503 -0.311932 0.832406
v 0.546046 -0.290442 0.816876
v 0.466454 -0.177614 0.653226
v 0.465231 -0.173789 0.654132
v 0.468327 -0.189697 0.675025
v 0.469742 -0.188354 0.683454
v 0.426696 -0.145225 0.643966
v 0.420327 -0.142672 0.643754
v 0.42437 -0.101461 0.660623
v 0.429352 -0.102123 0.659303
v 0.419451 -0.101088 0.66179
v 0.560077 -0.234965 0.652612
v 0.549676 -0.225987 0.641105
v 0.572967 -0.246283 0.666485
v 0.781795 -0.50114 0.891903
v 0.763394 -0.48223 0.872187
v 0.800231 -0.518362 0.909939
v 0.744701 -0.462225 0.851227
v 0.725192 -0.44145 0.829057
v 0.455371 -0.210927 0.650707
v 0.52169 -0.185725 0.591399
v 0.519353 -0.177597 0.589327
v 0.522421 -0.190258 0.592492
v 0.587943 -0.259904 0.681785
v 0.603654 -0.275956 0.697153
v 0.670479 -0.379499 0.76674
v 0.657471 -0.359126 0.751674
v 0.685936 -0.399463 0.784618
v 0.818598 -0.533183 0.925861
v 0.835253 -0.544669 0.939656
v 0.848728 -0.552421 0.951157
v 0.859769 -0.558387 0.959163
v 0.704855 -0.420267 0.806082
v 0.645251 -0.337258 0.738041
v 0.632619 -0.315171 0.724897
v 0.520842 -0.205462 0.60456
v 0.519721 -0.202644 0.601286
v 0.520601 -0.200402 0.598192
v 0.522089 -0.197919 0.595599
v 0.475169 -0.134476 0.557895
v 0.481881 -0.149375 0.558987
v 0.465925 -0.118037 0.560075
v 0.531222 -0.212649 0.619685
v 0.53583 -0.215042 0.625646
v 0.448113 -0.110784 0.656309
v 0.440863 -0.106047 0.656916
v 0.399374 -0.0519563 0.611576
v 0.408927 -0.0575319 0.59995
v 0.392708 -0.0506564 0.621056
v 0.845554 -0.570736 0.974882
v 0.844745 -0.572022 0.979242
v 0.895884 -0.582805 0.982879
v 0.883007 -0.579172 0.971298
v 0.88251 -0.576848 0.96881
v 0.882142 -0.580621 0.973282
v 0.838136 -0.577401 0.967772
v 0.842123 -0.579006 0.965239
v 0.846168 -0.579723 0.963143
v 0.880643 -0.573968 0.966464
v 0.876485 -0.569981 0.964591
v 0.879773 -0.580832 0.974243
v 0.825944 -0.585772 0.973109
v 0.82788 -0.586533 0.976519
v 0.837968 -0.590474 0.951365
v 0.836432 -0.588705 0.949462
v 0.838728 -0.591822 0.953398
v 0.825843 -0.601147 0.96738
v 0.832336 -0.607153 0.966743
v 0.837252 -0.614051 0.965885
v 0.838544 -0.592306 0.955307
v 0.834331 -0.586833 0.947904
v 0.832046 -0.584242 0.946315
v 0.829729 -0.58041 0.944129
v 0.86927 -0.564465 0.962933
v 0.902268 -0.587305 0.998228
v 0.53122 -0.195529 0.610202
v 0.52264 -0.194353 0.593749
v 0.510598 -0.190426 0.580904
v 0.459192 -0.175446 0.653248
v 0.463608 -0.169539 0.656634
v 0.468749 -0.164611 0.659
v 0.450788 -0.207034 0.630165
v 0.450068 -0.197954 0.636917
v 0.452078 -0.189683 0.643553
v 0.494767 -0.194341 0.567144
v 0.489073 -0.198542 0.565587
v 0.48506 -0.205293 0.569608
v 0.475401 -0.16118 0.660011
v 0.486274 -0.161089 0.658898
v 0.479864 -0.225148 0.594526
v 0.472511 -0.227814 0.60712
v 0.463314 -0.224285 0.617001
v 0.50282 -0.166 0.654545
v 0.519537 -0.17552 0.644851
v 0.530019 -0.187588 0.62874
v 0.455489 -0.216532 0.624082
v 0.501437 -0.190853 0.572195
v 0.455292 -0.182177 0.648975
v 0.483083 -0.215872 0.580549
v 0.524103 -0.166556 0.60263
v 0.514428 -0.163335 0.585521
v 0.49997 -0.159886 0.57146
v 0.450893 -0.157558 0.654466
v 0.455303 -0.149803 0.659442
v 0.460739 -0.143107 0.663521
v 0.442605 -0.199348 0.627332
v 0.442288 -0.188013 0.6354
v 0.44405 -0.176425 0.642676
v 0.478764 -0.170006 0.556535
v 0.47261 -0.179025 0.556384
v 0.468745 -0.189638 0.561474
v 0.4663 -0.201642 0.571559
v 0.463098 -0.211455 0.584266
v 0.447072 -0.166298 0.648949
v 0.487732 -0.16265 0.561648
v 0.450924 -0.214209 0.608678
v 0.445639 -0.208469 0.618615
v 0.511567 -0.154522 0.639136
v 0.522557 -0.163097 0.621234
v 0.479299 -0.138021 0.663327
v 0.495303 -0.144616 0.653968
v 0.457448 -0.215574 0.597035
v 0.468078 -0.138209 0.665745
v 0.411409 -0.0762314 0.581351
v 0.422087 -0.0682144 0.587958
v 0.437396 -0.0829938 0.576565
v 0.433271 -0.0623773 0.597243
v 0.442082 -0.0911128 0.65471
v 0.434681 -0.103374 0.657997
v 0.428741 -0.115173 0.658066
v 0.419243 -0.133721 0.650396
v 0.414586 -0.140714 0.643938
v 0.409734 -0.145862 0.636155
v 0.389053 -0.116179 0.586274
v 0.392052 -0.105196 0.58118
v 0.396827 -0.0946537 0.578392
v 0.442964 -0.0600333 0.608063
v 0.450665 -0.0608808 0.619228
v 0.390013 -0.136415 0.601263
v 0.388293 -0.12689 0.593255
v 0.403083 -0.0850509 0.578266
v 0.404696 -0.148574 0.627302
v 0.399427 -0.148062 0.618185
v 0.394124 -0.143791 0.60954
v 0.455834 -0.064383 0.629745
v 0.456264 -0.0706766 0.639453
v 0.450538 -0.0798486 0.648159
v 0.423791 -0.125276 0.655312
v 0.617894 -0.283647 0.717224
v 0.618724 -0.294501 0.711459
v 0.615625 -0.305229 0.707786
v 0.519207 -0.287356 0.799108
v 0.533157 -0.269931 0.800793
v 0.548547 -0.25458 0.798798
v 0.509973 -0.335444 0.761462
v 0.50719 -0.323099 0.77669
v 0.507899 -0.311159 0.787782
v 0.601866 -0.329211 0.702794
v 0.594021 -0.338639 0.701976
v 0.585521 -0.345834 0.702508
v 0.609492 -0.31739 0.704862
v 0.511225 -0.300363 0.794964
v 0.575417 -0.35134 0.70449
v 0.562416 -0.355027 0.708316
v 0.561094 -0.247882 0.791626
v 0.573336 -0.248077 0.778484
v 0.546102 -0.356358 0.714782
v 0.529906 -0.353838 0.725982
v 0.588077 -0.252074 0.759898
v 0.602352 -0.259801 0.740955
v 0.612507 -0.271251 0.726673
v 0.517538 -0.346376 0.742985
v 0.452786 -0.100284 0.566713
v 0.541934 -0.208241 0.640058
v 0.54178 -0.219385 0.632441
v 0.539741 -0.228931 0.626963
v 0.461609 -0.200402 0.690399
v 0.471972 -0.19057 0.693121
v 0.483455 -0.181762 0.694163
v 0.453197 -0.23473 0.667053
v 0.451472 -0.22491 0.676816
v 0.452516 -0.216065 0.683512
v 0.536973 -0.237101 0.623247
v 0.53336 -0.243595 0.6214
v 0.455436 -0.208481 0.687552
v 0.522031 -0.251667 0.623467
v 0.513471 -0.254584 0.62676
v 0.501429 -0.256312 0.630908
v 0.493294 -0.176977 0.691633
v 0.503975 -0.176081 0.684937
v 0.485482 -0.255853 0.635831
v 0.469888 -0.252097 0.64337
v 0.517759 -0.178488 0.674297
v 0.530771 -0.184955 0.661891
v 0.538738 -0.195798 0.650088
v 0.45904 -0.244478 0.654781
v 0.528488 -0.248212 0.621555
v 0.396309 -0.0518546 0.634912
v 0.405309 -0.0536015 0.64326
v 0.413331 -0.0568138 0.65069
v 0.399583 -0.0566557 0.644889
v 0.406907 -0.0595962 0.651988
v 0.391462 -0.0551433 0.637188
v 0.370124 -0.0668247 0.610651
v 0.374519 -0.0598777 0.614545
v 0.380421 -0.0550611 0.620043
v 0.372862 -0.062595 0.619182
v 0.377813 -0.0582611 0.624054
v 0.369134 -0.0687321 0.615529
v 0.387801 -0.0523395 0.626964
v 0.384056 -0.055707 0.63011
v 0.421298 -0.0675821 0.659708
v 0.420413 -0.077678 0.662108
v 0.417644 -0.0894843 0.663146
v 0.413982 -0.0789673 0.662988
v 0.41214 -0.0898238 0.663568
v 0.414254 -0.0696748 0.660931
v 0.411217 -0.110863 0.660552
v 0.407797 -0.119344 0.657112
v 0.403945 -0.126438 0.652406
v 0.404276 -0.11747 0.657112
v 0.400837 -0.123968 0.652569
v 0.407167 -0.109639 0.660509
v 0.399402 -0.132154 0.646585
v 0.394169 -0.135293 0.639958
v 0.396595 -0.129135 0.64698
v 0.391618 -0.131788 0.640674
v 0.371567 -0.109958 0.614321
v 0.368012 -0.0981274 0.610429
v 0.366462 -0.0865127 0.608384
v 0.367192 -0.0963947 0.613985
v 0.365836 -0.0860451 0.612551
v 0.37041 -0.10713 0.617231
v 0.388372 -0.134596 0.63291
v 0.382354 -0.129764 0.625957
v 0.386103 -0.130719 0.634056
v 0.380418 -0.125803 0.627631
v 0.376554 -0.121051 0.619626
v 0.375004 -0.117449 0.621898
v 0.367288 -0.0758668 0.608512
v 0.366628 -0.0766671 0.613182
v 0.41448 -0.100807 0.662606
v 0.409784 -0.100306 0.662702
v 0.418896 -0.0610065 0.656071
v 0.41193 -0.063538 0.65734
v 0.481414 -0.237055 0.619991
v 0.375874 -0.0620834 0.626635
v 0.381028 -0.0596435 0.631751
v 0.387388 -0.0588619 0.637935
v 0.378348 -0.0637721 0.632695
v 0.383697 -0.0627416 0.63798
v 0.374254 -0.0660776 0.628535
v 0.368733 -0.0712051 0.619302
v 0.371819 -0.0659209 0.622502
v 0.371045 -0.0693756 0.62516
v 0.368565 -0.0737711 0.622487
v 0.365871 -0.0859847 0.616298
v 0.366596 -0.0779834 0.617088
v 0.366812 -0.0793791 0.620577
v 0.366178 -0.085969 0.61981
v 0.394731 -0.0599193 0.645019
v 0.401523 -0.0623651 0.651797
v 0.390335 -0.0632472 0.644463
v 0.396716 -0.0650811 0.650905
v 0.369805 -0.104322 0.619993
v 0.366991 -0.0948671 0.617324
v 0.367055 -0.0932952 0.620536
v 0.369448 -0.101397 0.622666
v 0.378958 -0.121741 0.629082
v 0.37397 -0.113799 0.624003
v 0.37318 -0.110037 0.626007
v 0.377738 -0.117582 0.630399
v 0.406222 -0.0659068 0.657055
v 0.40855 -0.0715148 0.660583
v 0.401236 -0.0681339 0.655988
v 0.403635 -0.0731594 0.659396
v 0.407471 -0.0897801 0.662806
v 0.40567 -0.0993463 0.661833
v 0.403514 -0.107911 0.659669
v 0.401913 -0.0981064 0.660399
v 0.400106 -0.10588 0.658358
v 0.403308 -0.0894918 0.661367
v 0.389362 -0.127903 0.641035
v 0.384229 -0.126605 0.634922
v 0.382563 -0.122344 0.635622
v 0.387263 -0.123805 0.641188
v 0.4087 -0.0799386 0.662448
v 0.404104 -0.080688 0.661116
v 0.397915 -0.121045 0.652155
v 0.393997 -0.12568 0.646915
v 0.391513 -0.121981 0.646577
v 0.395098 -0.117862 0.651397
v 0.401011 -0.115108 0.656431
v 0.397901 -0.112459 0.655347
vt 0.1951 0.107
vt 0.9242 0.6955
vt 0.3989 0.9377
vt 0.9361 0.5173
vt 0.07267 0.3355
vt 0.9236 0.6985
vt 0.602 0.0652
vt 0.6053 0.9745
vt 0.9235 0.8413
vt 0.2967 0.0742
vt 0.07241 0.3311
vt 0.3982 0.9378
vt 0.9226 0.6991
vt 0.4911 0.9427
vt 0.1951 0.09424
vt 0.06643 0.7615
vt 0.6132 0.9681
vt 0.4866 0.9792
vt 0.293 0.07878
vt 0.2558 0.9738
vt 0.5 0.948
vt 0.9227 0.6977
vt 0.1453 0.8424
vt 0.5181 0.9822
vt 0.8734 0.9106
vt 0.1157 0.1994
vt 0.5042 0.9476
vt 0.9227 0.6977
vt 0.1453 0.8424
vt 0.1951 0.107
vt 0.1386 0.8346
vt 0.4907 0.9748
vt 0.4866 0.9792
vt 0.1951 0.09424
vt 0.602 0.0652
vt 0.2964 0.9276
vt 0.9226 0.6991
vt 0.9207 0.3048
vt 0.7231 0.9786
vt 0.9359 0.5035
vt 0.733 0.9459
vt 0.2964 0.9276
vt 0.8795 0.8484
vt 0.1209 0.148
vt 0.8789 0.8542
vt 0.2535 0.9765
vt 0.6001 0.9808
vt 0.6132 0.9681
vt 0.3982 0.9378
vt 0.8801 0.8427
vt 0.07241 0.3311
vt 0.9225 0.6982
vt 0.8357 0.9236
vt 0.6053 0.9745
vt 0.1154 0.1763
vt 0.8801 0.8427
vt 0.3989 0.9377
vt 0.07267 0.3355
vt 0.9242 0.6955
vt 0.9229 0.3071
vt 0.7053 0.08968
vt 0.07255 0.3367
vt 0.9211 0.8345
vt 0.8036 0.1364
vt 0.4957 0.9423
vt 0.7053 0.08968
vt 0.6025 0.9377
vt 0.3923 0.939
vt 0.4661 0.05539
vt 0.9208 0.3086
vt 0.06643 0.7615
vt 0.03557 0.8301
vt 0.9517 0.6908
vt 0.05199 0.5
vt 0.602 0.06435
vt 0.07409 0.7036
vt 0.1171 0.8425
vt 0.2166 0.9527
vt 0.1045 0.9145
vt 0.7023 0.08738
vt 0.9497 0.6855
vt 0.07674 0.6962
vt 0.07154 0.6951
vt 0.602 0.06435
vt 0.1953 0.1173
vt 0.07507 0.6955
vt 0.03635 0.7692
vt 0.194 0.1235
vt 0.6821 0.9794
vt 0.06559 0.5
vt 0.602 0.06435
vt 0.8866 0.2222
vt 0.1199 0.8427
vt 0.04247 0.6315
vt 0.8801 0.8472
vt 0.7239 0.9564
vt 0.07094 0.3573
vt 0.05199 0.5
vt 0.602 0.06435
vt 0.07239 0.7036
vt 0.07154 0.6951
vt 0.2474 0.9415
vt 0.09278 0.9072
vt 0.806 0.1381
vt 0.05165 0.5069
vt 0.07578 0.6955
vt 0.5 0.05199
vt 0.07578 0.6955
vt 0.6088 0.9383
vt 0.6001 0.9808
vt 0.2165 0.928
vt 0.1397 0.9006
vt 0.08599 0.8393
vt 0.5 0.05199
vt 0.929 0.352
vt 0.07507 0.6955
vt 0.1408 0.8641
vt 0.6025 0.9377
vt 0.6053 0.9745
vt 0.6697 0.06899
vt 0.602 0.06435
vt 0.9287 0.3524
vt 0.1171 0.8425
vt 0.03147 0.7603
vt 0.9234 0.6924
vt 0.806 0.1381
vt 0.04412 0.6582
vt 0.9279 0.35
vt 0.602 0.06435
vt 0.9211 0.8345
vt 0.3995 0.9371
vt 0.04728 0.6588
vt 0.2992 0.928
vt 0.5 0.05879
vt 0.4972 0.05851
vt 0.03831 0.7751
vt 0.9424 0.5019
vt 0.5 0.05199
vt 0.9451 0.6732
vt 0.3303 0.931
vt 0.06852 0.795
vt 0.3995 0.9371
vt 0.398 0.06473
vt 0.398 0.06523
vt 0.05199 0.5
vt 0.885 0.2178
vt 0.5 0.05199
vt 0.9451 0.6732
vt 0.4003 0.9377
vt 0.398 0.06523
vt 0.04412 0.6582
vt 0.8863 0.2232
vt 0.7053 0.08968
vt 0.9449 0.5101
vt 0.4003 0.9377
vt 0.398 0.06473
vt 0.9517 0.6908
vt 0.9242 0.6955
vt 0.7053 0.08968
vt 0.9164 0.8205
vt 0.5 0.05879
vt 0.9232 0.8405
vt 0.8863 0.2232
vt 0.4911 0.9427
vt 0.602 0.06435
vt 0.9497 0.6855
vt 0.4957 0.9423
vt 0.8036 0.1364
vt 0.4771 0.983
vt 0.602 0.0652
vt 0.602 0.06435
vt 0.9497 0.6855
vt 0.9279 0.35
vt 0.05226 0.4973
vt 0.876 0.1541
vt 0.2976 0.08819
vt 0.6001 0.9808
vt 0.4972 0.05851
vt 0.2716 0.9316
vt 0.05199 0.5
vt 0.1386 0.8346
vt 0.929 0.352
vt 0.9281 0.3231
vt 0.802 0.9094
vt 0.05199 0.5
vt 0.9424 0.5019
vt 0.9265 0.3448
vt 0.04728 0.6588
vt 0.948 0.5
vt 0.2946 0.08994
vt 0.9229 0.3071
vt 0.9281 0.3231
vt 0.802 0.9094
vt 0.07239 0.7036
vt 0.948 0.5
vt 0.8711 0.9142
vt 0.3982 0.06219
vt 0.6001 0.9808
vt 0.602 0.0652
vt 0.07239 0.7036
vt 0.8728 0.159
vt 0.5273 0.9436
vt 0.3303 0.06899
vt 0.2976 0.08819
vt 0.3862 0.9391
vt 0.07239 0.7036
vt 0.05733 0.7099
vt 0.07239 0.7036
vt 0.1322 0.8309
vt 0.948 0.5
vt 0.398 0.06473
vt 0.4998 0.05852
vt 0.09278 0.9072
vt 0.1386 0.8346
vt 0.887 0.2264
vt 0.398 0.06473
vt 0.06503 0.5056
vt 0.05199 0.5
vt 0.09278 0.9072
vt 0.5339 0.9446
vt 0.8051 0.1351
vt 0.07345 0.3048
vt 0.6994 0.07196
vt 0.07081 0.3569
vt 0.806 0.1381
vt 0.4957 0.9423
vt 0.07239 0.7036
vt 0.07871 0.2199
vt 0.9424 0.5019
vt 0.1129 0.227
vt 0.8867 0.2238
vt 0.1154 0.1763
vt 0.7053 0.08968
vt 0.07239 0.7036
vt 0.401 0.9374
vt 0.8863 0.2232
vt 0.07345 0.3048
vt 0.885 0.2178
vt 0.1129 0.227
vt 0.6001 0.9808
vt 0.07445 0.3277
vt 0.802 0.9094
vt 0.09278 0.9072
vt 0.3996 0.9378
vt 0.3996 0.9371
vt 0.07529 0.3197
vt 0.8046 0.1299
vt 0.07097 0.3537
vt 0.9084 0.1464
vt 0.07529 0.3197
vt 0.3996 0.9371
vt 0.09278 0.9072
vt 0.5 0.948
vt 0.5028 0.9415
vt 0.06503 0.5056
vt 0.8051 0.1351
vt 0.07097 0.3537
vt 0.07081 0.3569
vt 0.07445 0.3277
vt 0.4024 0.9374
vt 0.05199 0.5
vt 0.5042 0.9476
vt 0.5339 0.9446
vt 0.06559 0.5
vt 0.7036 0.07239
vt 0.05157 0.5112
vt 0.04935 0.5541
vt 0.06461 0.5098
vt 0.5 0.9412
vt 0.05199 0.5
vt 0.3996 0.9378
vt 0.8788 0.1719
vt 0.1129 0.2273
vt 0.07239 0.7036
vt 0.4024 0.9382
vt 0.8051 0.1351
vt 0.1209 0.148
vt 0.9242 0.6955
vt 0.07239 0.7036
vt 0.4024 0.9382
vt 0.8046 0.1299
vt 0.9461 0.5142
vt 0.875 0.1067
vt 0.7036 0.9276
vt 0.9493 0.4869
vt 0.9403 0.6604
vt 0.6025 0.9377
vt 0.1129 0.2269
vt 0.1926 0.1093
vt 0.9478 0.5017
vt 0.1936 0.1278
vt 0.9116 0.8053
vt 0.07097 0.3537
vt 0.07097 0.3537
vt 0.9323 0.3458
vt 0.08671 0.1458
vt 0.9451 0.6732
vt 0.05157 0.5112
vt 0.7323 0.07349
vt 0.9335 0.3417
vt 0.6987 0.07169
vt 0.1943 0.0931
vt 0.7053 0.08968
vt 0.9335 0.3417
vt 0.1926 0.1093
vt 0.9164 0.8205
vt 0.07095 0.3556
vt 0.6001 0.9808
vt 0.802 0.9094
vt 0.9323 0.3458
vt 0.9131 0.1939
vt 0.09229 0.1108
vt 0.9451 0.6732
vt 0.04961 0.5515
vt 0.191 0.1178
vt 0.9227 0.7047
vt 0.9176 0.1965
vt 0.1946 0.1243
vt 0.9265 0.3448
vt 0.08766 0.1603
vt 0.9265 0.3448
vt 0.03839 0.7742
vt 0.06852 0.795
vt 0.077 0.2941
vt 0.9323 0.3458
vt 0.5995 0.9368
vt 0.952 0.6916
vt 0.8801 0.8427
vt 0.9285 0.3523
vt 0.9403 0.6604
vt 0.6025 0.9377
vt 0.9242 0.6955
vt 0.8819 0.1758
vt 0.948 0.5
vt 0.5273 0.9436
vt 0.07095 0.3556
vt 0.5995 0.9368
vt 0.9131 0.1939
vt 0.4957 0.9423
vt 0.6088 0.9383
vt 0.9478 0.5017
vt 0.9396 0.4937
vt 0.9414 0.5657
vt 0.9449 0.5101
vt 0.07409 0.2964
vt 0.9285 0.3523
vt 0.08071 0.7036
vt 0.06785 0.3451
vt 0.06852 0.795
vt 0.08357 0.1977
vt 0.9461 0.5142
vt 0.6001 0.9808
vt 0.2607 0.08777
vt 0.8733 0.9106
vt 0.9323 0.3458
vt 0.2952 0.0841
vt 0.9449 0.5101
vt 0.1951 0.107
vt 0.8788 0.1719
vt 0.0444 0.6554
vt 0.04728 0.6588
vt 0.1154 0.1763
vt 0.9361 0.5173
vt 0.9072 0.9072
vt 0.2952 0.0841
vt 0.9396 0.4937
vt 0.04728 0.6588
vt 0.293 0.07878
vt 0.8795 0.8484
vt 0.9072 0.9072
vt 0.1157 0.1994
vt 0.9265 0.3448
vt 0.05226 0.4973
vt 0.7036 0.9276
vt 0.8801 0.8427
vt 0.9279 0.7003
vt 0.1152 0.2041
vt 0.9252 0.3369
vt 0.052 0.5
vt 0.1951 0.107
vt 0.3798 0.9393
vt 0.9283 0.6971
vt 0.1946 0.1243
vt 0.885 0.2178
vt 0.806 0.1381
vt 0.7036 0.9276
vt 0.09278 0.09278
vt 0.9283 0.6971
vt 0.1947 0.1232
vt 0.9227 0.7047
vt 0.191 0.1178
vt 0.9424 0.5019
vt 0.0444 0.6554
vt 0.4771 0.983
vt 0.8017 0.9122
vt 0.7036 0.9276
vt 0.9279 0.7003
vt 0.1209 0.148
vt 0.9361 0.5173
vt 0.1209 0.148
vt 0.9252 0.3369
vt 0.05253 0.4947
vt 0.9322 0.3419
vt 0.9429 0.4494
vt 0.194 0.1235
vt 0.9487 0.4935
vt 0.9242 0.6955
vt 0.08448 0.1969
vt 0.2528 0.9772
vt 0.06797 0.3429
vt 0.9293 0.3525
vt 0.9176 0.1965
vt 0.1476 0.8988
vt 0.2592 0.9298
vt 0.9493 0.4869
vt 0.4003 0.9377
vt 0.2963 0.07699
vt 0.2528 0.9772
vt 0.06785 0.3451
vt 0.9293 0.3525
vt 0.9286 0.3521
vt 0.9235 0.8413
vt 0.2936 0.9299
vt 0.9279 0.7003
vt 0.3966 0.9387
vt 0.1926 0.1093
vt 0.1452 0.8983
vt 0.05711 0.4497
vt 0.8897 0.2256
vt 0.8868 0.2239
vt 0.9235 0.8413
vt 0.3966 0.9387
vt 0.9276 0.7036
vt 0.5273 0.9436
vt 0.08266 0.1985
vt 0.9461 0.5142
vt 0.839 0.9291
vt 0.3923 0.939
vt 0.948 0.5
vt 0.5042 0.9464
vt 0.06785 0.3451
vt 0.9286 0.3521
vt 0.07094 0.3573
vt 0.07208 0.3372
vt 0.9487 0.4935
vt 0.07239 0.7036
vt 0.06797 0.3429
vt 0.05165 0.5069
vt 0.7023 0.08738
vt 0.3798 0.9393
vt 0.9072 0.9072
vt 0.4996 0.059
vt 0.05131 0.4761
vt 0.8068 0.1386
vt 0.9461 0.5142
vt 0.8684 0.08805
vt 0.9072 0.9072
vt 0.07438 0.7752
vt 0.8118 0.9071
vt 0.9461 0.5142
vt 0.8118 0.9071
vt 0.7053 0.08906
vt 0.8868 0.2239
vt 0.8867 0.2238
vt 0.3862 0.9391
vt 0.9276 0.7036
vt 0.4998 0.05852
vt 0.8259 0.9061
vt 0.952 0.6916
vt 0.7364 0.9284
vt 0.9461 0.5142
vt 0.8868 0.2239
vt 0.9281 0.3231
vt 0.06817 0.3386
vt 0.9279 0.7003
vt 0.05199 0.5
vt 0.04452 0.6359
vt 0.3982 0.06219
vt 0.8435 0.9102
vt 0.9293 0.3525
vt 0.07068 0.354
vt 0.9359 0.5035
vt 0.1911 0.1247
vt 0.2625 0.9242
vt 0.9242 0.6955
vt 0.0397 0.7838
vt 0.952 0.6916
vt 0.8435 0.9102
vt 0.9461 0.5142
vt 0.9084 0.1464
vt 0.952 0.6916
vt 0.09782 0.09178
vt 0.3028 0.9182
vt 0.06559 0.5
vt 0.1968 0.9193
vt 0.3982 0.06219
vt 0.8893 0.8369
vt 0.933 0.3546
vt 0.6001 0.9808
vt 0.9461 0.5142
vt 0.04452 0.6359
vt 0.4028 0.9293
vt 0.08712 0.1409
vt 0.05803 0.4855
vt 0.9235 0.8413
vt 0.7949 0.9273
vt 0.933 0.3546
vt 0.9293 0.3525
vt 0.9235 0.8413
vt 0.04941 0.6604
vt 0.3994 0.9352
vt 0.9197 0.2995
vt 0.94 0.4343
vt 0.7231 0.9786
vt 0.8259 0.9061
vt 0.9224 0.244
vt 0.8897 0.2256
vt 0.3994 0.9352
vt 0.08201 0.1802
vt 0.8259 0.9061
vt 0.1199 0.8427
vt 0.602 0.06435
vt 0.4028 0.9293
vt 0.7036 0.9276
vt 0.5983 0.06359
vt 0.9461 0.5142
vt 0.805 0.911
vt 0.6001 0.9808
vt 0.1173 0.8426
vt 0.1452 0.8983
vt 0.8833 0.8359
vt 0.5031 0.9352
vt 0.9395 0.4257
vt 0.8801 0.8472
vt 0.952 0.6916
vt 0.7103 0.929
vt 0.8068 0.1386
vt 0.1476 0.8988
vt 0.07876 0.2476
vt 0.08012 0.2192
vt 0.5338 0.9446
vt 0.07239 0.7036
vt 0.8259 0.9061
vt 0.06752 0.3548
vt 0.08766 0.1603
vt 0.2964 0.9276
vt 0.4028 0.9293
vt 0.602 0.06435
vt 0.9346 0.4906
vt 0.952 0.6916
vt 0.749 0.9248
vt 0.8068 0.1386
vt 0.06503 0.5056
vt 0.6001 0.9808
vt 0.06765 0.4977
vt 0.4075 0.9172
vt 0.0774 0.7036
vt 0.9404 0.5573
vt 0.952 0.6916
vt 0.805 0.911
vt 0.8897 0.2256
vt 0.4771 0.983
vt 0.07736 0.6968
vt 0.602 0.06435
vt 0.5004 0.9235
vt 0.8801 0.8427
vt 0.9201 0.297
vt 0.952 0.6916
vt 0.7219 0.9302
vt 0.8076 0.139
vt 0.07674 0.6962
vt 0.5031 0.9352
vt 0.05545 0.4808
vt 0.9234 0.2972
vt 0.9235 0.8413
vt 0.8152 0.9065
vt 0.8076 0.139
vt 0.8076 0.139
vt 0.5995 0.06242
vt 0.3028 0.9182
vt 0.2988 0.08117
vt 0.696 0.07164
vt 0.8104 0.1396
vt 0.6883 0.0709
vt 0.04245 0.6064
vt 0.04245 0.6064
vt 0.2528 0.9772
vt 0.057 0.4467
vt 0.3152 0.9048
vt 0.8893 0.8369
vt 0.6013 0.06359
vt 0.952 0.6916
vt 0.6987 0.9279
vt 0.6001 0.9808
vt 0.6001 0.9808
vt 0.4075 0.9172
vt 0.1926 0.1093
vt 0.057 0.4467
vt 0.9235 0.8413
vt 0.9234 0.6933
vt 0.7053 0.08906
vt 0.1476 0.8988
vt 0.07319 0.3011
vt 0.4028 0.9293
vt 0.893 0.887
vt 0.07021 0.3162
vt 0.2528 0.9772
vt 0.6013 0.06359
vt 0.7231 0.9786
vt 0.4771 0.983
vt 0.03839 0.7742
vt 0.8893 0.8369
vt 0.9175 0.8041
vt 0.9246 0.6834
vt 0.6698 0.07032
vt 0.06852 0.795
vt 0.07068 0.354
vt 0.1128 0.2007
vt 0.9171 0.809
vt 0.07239 0.7036
vt 0.7977 0.9204
vt 0.06752 0.3548
vt 0.1154 0.1763
vt 0.602 0.06435
vt 0.9295 0.6718
vt 0.602 0.06435
vt 0.05803 0.4855
vt 0.1452 0.8984
vt 0.7103 0.929
vt 0.6001 0.9808
vt 0.06461 0.5098
vt 0.6001 0.9808
vt 0.06559 0.5
vt 0.9295 0.672
vt 0.08071 0.7036
vt 0.05545 0.4808
vt 0.1452 0.8984
vt 0.7021 0.07459
vt 0.4771 0.983
vt 0.4771 0.983
vt 0.9295 0.672
vt 0.1936 0.1278
vt 0.07021 0.3162
vt 0.952 0.6916
vt 0.9246 0.6834
vt 0.7231 0.9786
vt 0.07736 0.6968
vt 0.602 0.06435
vt 0.9295 0.6718
vt 0.5 0.05199
vt 0.3747 0.9393
vt 0.4771 0.983
vt 0.602 0.06435
vt 0.7231 0.9786
vt 0.4873 0.9431
vt 0.9374 0.5025
vt 0.7021 0.07459
vt 0.4839 0.9438
vt 0.7231 0.9786
vt 0.07068 0.354
vt 0.05284 0.5085
vt 0.937 0.5085
vt 0.05199 0.5
vt 0.3798 0.9393
vt 0.6001 0.9808
vt 0.602 0.0652
vt 0.08793 0.8406
vt 0.7053 0.08968
vt 0.9295 0.6718
vt 0.802 0.9094
vt 0.3747 0.9393
vt 0.6001 0.9808
vt 0.802 0.9094
vt 0.03831 0.7751
vt 0.9346 0.4906
vt 0.9296 0.6725
vt 0.9246 0.6834
vt 0.3698 0.9378
vt 0.4771 0.983
vt 0.9276 0.6773
vt 0.7231 0.9786
vt 0.07409 0.2964
vt 0.9427 0.4473
vt 0.0697 0.4954
vt 0.9207 0.3048
vt 0.6001 0.9808
vt 0.3698 0.9378
vt 0.9374 0.5025
vt 0.2669 0.9286
vt 0.3747 0.9393
vt 0.6001 0.9808
vt 0.9171 0.809
vt 0.3316 0.07232
vt 0.07674 0.6962
vt 0.7053 0.08968
vt 0.9117 0.8629
vt 0.5 0.05199
vt 0.9264 0.3011
vt 0.9224 0.244
vt 0.7053 0.08906
vt 0.9234 0.2972
vt 0.9296 0.6725
vt 0.4873 0.9431
vt 0.9002 0.1068
vt 0.7053 0.08906
vt 0.1107 0.2288
vt 0.05199 0.5
vt 0.9295 0.6718
vt 0.05199 0.5
vt 0.9234 0.2972
vt 0.8104 0.1396
vt 0.07674 0.6962
vt 0.7053 0.08968
vt 0.3301 0.06901
vt 0.8801 0.8427
vt 0.9346 0.4906
vt 0.1476 0.8988
vt 0.9404 0.5573
vt 0.2999 0.07203
vt 0.9346 0.4906
vt 0.9264 0.3011
vt 0.8897 0.2256
vt 0.7231 0.9786
vt 0.077 0.2941
vt 0.1927 0.1053
vt 0.06765 0.4977
vt 0.9234 0.2972
vt 0.1944 0.1183
vt 0.9395 0.4257
vt 0.9081 0.1305
vt 0.8076 0.139
vt 0.9201 0.297
vt 0.1944 0.1183
vt 0.8801 0.8472
vt 0.9002 0.1068
vt 0.1927 0.1053
vt 0.8711 0.9142
vt 0.3996 0.9371
vt 0.0872 0.1485
vt 0.7977 0.9204
vt 0.0697 0.4954
vt 0.08111 0.2093
vt 0.805 0.911
vt 0.2992 0.9279
vt 0.1927 0.1053
vt 0.8833 0.8359
vt 0.06817 0.3386
vt 0.1932 0.09901
vt 0.805 0.911
vt 0.0841 0.1795
vt 0.0397 0.7838
vt 0.0872 0.1485
vt 0.893 0.887
vt 0.03635 0.7692
vt 0.04473 0.8294
vt 0.2999 0.07203
vt 0.2003 0.08125
vt 0.606 0.06262
vt 0.2964 0.07239
vt 0.2964 0.07239
vt 0.5995 0.06242
vt 0.2954 0.07249
vt 0.2003 0.08125
vt 0.7036 0.07239
vt 0.04247 0.6315
vt 0.07348 0.6953
vt 0.2952 0.0841
vt 0.1932 0.09901
vt 0.194 0.1235
vt 0.696 0.07164
vt 0.04378 0.665
vt 0.03557 0.8301
vt 0.2764 0.9315
vt 0.1927 0.1053
vt 0.2979 0.07219
vt 0.7036 0.9276
vt 0.9197 0.2995
vt 0.06765 0.4977
vt 0.7008 0.9279
vt 0.4996 0.059
vt 0.7053 0.08968
vt 0.8047 0.9171
vt 0.6026 0.06306
vt 0.07208 0.3372
vt 0.8049 0.9155
vt 0.6013 0.06359
vt 0.9234 0.6933
vt 0.8049 0.9155
vt 0.5003 0.05941
vt 0.8047 0.9171
vt 0.5014 0.05976
vt 0.9074 0.905
vt 0.9081 0.8984
vt 0.05545 0.4808
vt 0.802 0.9094
vt 0.8047 0.9171
vt 0.06763 0.3334
vt 0.8019 0.9169
vt 0.9276 0.6773
vt 0.07021 0.3162
vt 0.9081 0.8984
vt 0.3798 0.9393
vt 0.6013 0.06359
vt 0.9074 0.905
vt 0.7008 0.9279
vt 0.6695 0.931
vt 0.946 0.5137
vt 0.05879 0.5679
vt 0.8019 0.9169
vt 0.5 0.05879
vt 0.6987 0.07169
vt 0.3982 0.06219
vt 0.5987 0.06244
vt 0.8047 0.9171
vt 0.06785 0.3451
vt 0.05284 0.5085
vt 0.7393 0.09308
vt 0.06892 0.3421
vt 0.7081 0.07498
vt 0.05131 0.4761
vt 0.6018 0.0634
vt 0.05741 0.4495
vt 0.602 0.0647
vt 0.08357 0.1977
vt 0.602 0.0647
vt 0.06892 0.3421
vt 0.2952 0.0841
vt 0.6018 0.0634
vt 0.1943 0.0931
vt 0.077 0.2941
vt 0.4971 0.05852
vt 0.2988 0.08117
vt 0.07348 0.6953
vt 0.1128 0.2007
vt 0.4661 0.05539
vt 0.1128 0.2007
vt 0.2967 0.0742
vt 0.5 0.05199
vt 0.2952 0.0841
vt 0.8364 0.9289
vt 0.9322 0.3419
vt 0.9517 0.6908
vt 0.07991 0.2918
vt 0.6018 0.0634
vt 0.06765 0.4977
vt 0.2979 0.07219
vt 0.3982 0.06219
vt 0.0774 0.7036
vt 0.8364 0.9289
vt 0.946 0.5137
vt 0.2964 0.07239
vt 0.5958 0.06194
vt 0.6018 0.06304
vt 0.1956 0.9115
vt 0.1974 0.08383
vt 0.3982 0.06219
vt 0.5987 0.06244
vt 0.718 0.9787
vt 0.7053 0.08906
vt 0.9359 0.5035
vt 0.07208 0.3372
vt 0.4998 0.05881
vt 0.05199 0.5
vt 0.1951 0.09424
vt 0.5 0.05199
vt 0.07239 0.7036
vt 0.839 0.9291
vt 0.1131 0.2273
vt 0.4971 0.05852
vt 0.09802 0.9025
vt 0.196 0.9235
vt 0.5 0.05199
vt 0.07648 0.2938
vt 0.839 0.9291
vt 0.7081 0.07498
vt 0.1968 0.9193
vt 0.2592 0.9298
vt 0.3982 0.06219
vt 0.07991 0.2918
vt 0.6821 0.9794
vt 0.7036 0.07239
vt 0.2965 0.9284
vt 0.07319 0.3011
vt 0.2964 0.07239
vt 0.0697 0.4954
vt 0.7231 0.9786
vt 0.6018 0.06304
vt 0.1956 0.9115
vt 0.07648 0.2938
vt 0.5 0.05199
vt 0.06315 0.4898
vt 0.8398 0.9291
vt 0.9236 0.6985
vt 0.07323 0.337
vt 0.6018 0.0634
vt 0.07507 0.6955
vt 0.9361 0.5173
vt 0.9224 0.7039
vt 0.09278 0.9072
vt 0.6053 0.9745
vt 0.1107 0.2288
vt 0.9225 0.6982
vt 0.09755 0.09616
vt 0.2964 0.9276
vt 0.05199 0.5
vt 0.401 0.9374
vt 0.9225 0.6982
vt 0.9234 0.6924
vt 0.733 0.9459
vt 0.718 0.9787
vt 0.2936 0.9273
vt 0.05199 0.5
vt 0.3996 0.9378
vt 0.9224 0.7039
vt 0.9464 0.4865
vt 0.7239 0.9564
vt 0.3975 0.937
vt 0.9306 0.35
vt 0.2964 0.9276
vt 0.8789 0.8542
vt 0.9467 0.4843
vt 0.839 0.9291
vt 0.394 0.9374
vt 0.9277 0.3493
vt 0.2992 0.9279
vt 0.8729 0.9115
vt 0.9234 0.6924
vt 0.8398 0.9291
vt 0.9429 0.4494
vt 0.08012 0.2192
vt 0.394 0.9374
vt 0.9361 0.5173
vt 0.5042 0.9476
vt 0.07529 0.3197
vt 0.2952 0.0841
vt 0.9235 0.8413
vt 0.9281 0.3231
vt 0.9225 0.6982
vt 0.07991 0.2918
vt 0.3975 0.937
vt 0.9361 0.5173
vt 0.07991 0.2918
vt 0.9359 0.5035
vt 0.09862 0.9109
vt 0.9235 0.8413
vt 0.9517 0.6908
vt 0.9345 0.5038
vt 0.6883 0.0709
vt 0.5 0.9418
vt 0.9131 0.1939
vt 0.5958 0.06194
vt 0.8068 0.1386
vt 0.602 0.0652
vt 0.4661 0.9446
vt 0.5 0.05879
vt 0.3975 0.937
vt 0.8819 0.1758
vt 0.9464 0.4865
vt 0.3982 0.9371
vt 0.1968 0.9193
vt 0.06315 0.4898
vt 0.5339 0.9446
vt 0.6026 0.06306
vt 0.3923 0.939
vt 0.07323 0.337
vt 0.5 0.9418
vt 0.2936 0.9273
vt 0.2558 0.9738
vt 0.2625 0.9242
vt 0.2994 0.07154
vt 0.06763 0.3334
vt 0.3982 0.9371
vt 0.5987 0.06244
vt 0.3975 0.937
vt 0.6026 0.06306
vt 0.937 0.5085
vt 0.1157 0.1994
vt 0.9374 0.5025
vt 0.3996 0.9378
vt 0.9281 0.3488
vt 0.5987 0.06244
vt 0.5027 0.9415
vt 0.9276 0.3531
vt 0.7137 0.9283
vt 0.8152 0.9065
vt 0.9276 0.3531
vt 0.9467 0.5047
vt 0.9203 0.3007
vt 0.03147 0.7603
vt 0.2474 0.9415
vt 0.9281 0.3488
vt 0.9404 0.5573
vt 0.9201 0.297
vt 0.1408 0.8641
vt 0.1911 0.1247
vt 0.8894 0.2222
vt 0.1953 0.1173
vt 0.06503 0.5056
vt 0.7364 0.9284
vt 0.887 0.2264
vt 0.8833 0.8359
vt 0.9203 0.3007
vt 0.1408 0.8641
vt 0.1358 0.8275
vt 0.9281 0.3488
vt 0.8893 0.8369
vt 0.8733 0.1483
vt 0.1358 0.8275
vt 0.077 0.2941
vt 0.932 0.3399
vt 0.04941 0.6604
vt 0.0774 0.7036
vt 0.1408 0.8641
vt 0.9497 0.6855
vt 0.07208 0.3372
vt 0.9201 0.2211
vt 0.8684 0.08805
vt 0.07239 0.7036
vt 0.02738 0.6906
vt 0.04926 0.555
vt 0.8894 0.2222
vt 0.9467 0.5047
vt 0.9374 0.5025
vt 0.05545 0.4808
vt 0.9483 0.5068
vt 0.1397 0.9006
vt 0.5958 0.06194
vt 0.9427 0.4473
vt 0.9284 0.3532
vt 0.05199 0.5
vt 0.802 0.9094
vt 0.932 0.3399
vt 0.2716 0.9316
vt 0.5958 0.06194
vt 0.8866 0.2222
vt 0.04247 0.6315
vt 0.1173 0.8426
vt 0.5 0.05199
vt 0.9281 0.3488
vt 0.4911 0.9427
vt 0.5995 0.06242
vt 0.9287 0.3524
vt 0.05267 0.4937
vt 0.07529 0.3197
vt 0.5004 0.05799
vt 0.1631 0.5
vt 0.5031 0.0581
vt 0.9472 0.5085
vt 0.05741 0.4495
vt 0.05267 0.4937
vt 0.1631 0.5
vt 0.9287 0.3524
vt 0.198 0.63
vt 0.5995 0.06242
vt 0.9284 0.3532
vt 0.04247 0.6315
vt 0.09782 0.09178
vt 0.198 0.63
vt 0.3747 0.9393
vt 0.606 0.06262
vt 0.9412 0.5679
vt 0.04378 0.665
vt 0.9232 0.8405
vt 0.1128 0.2007
vt 0.198 0.63
vt 0.2669 0.9286
vt 0.8819 0.1758
vt 0.07068 0.354
vt 0.2764 0.9315
vt 0.198 0.63
vt 0.5031 0.0581
vt 0.2415 0.7305
vt 0.5339 0.05539
vt 0.194 0.1235
vt 0.2415 0.7305
vt 0.3862 0.9391
vt 0.198 0.63
vt 0.2592 0.9298
vt 0.198 0.63
vt 0.3923 0.939
vt 0.1029 0.09078
vt 0.2415 0.7305
vt 0.9203 0.3007
vt 0.09862 0.9109
vt 0.3982 0.06219
vt 0.9211 0.8345
vt 0.1209 0.148
vt 0.2415 0.7305
vt 0.1974 0.08383
vt 0.09278 0.9072
vt 0.3982 0.06219
vt 0.9345 0.5038
vt 0.1631 0.5
vt 0.08766 0.1603
vt 0.1631 0.5
vt 0.9208 0.3086
vt 0.09718 0.1002
vt 0.3982 0.06219
vt 0.8011 0.918
vt 0.7036 0.9276
vt 0.198 0.63
vt 0.05199 0.5
vt 0.2936 0.9299
vt 0.8789 0.8542
vt 0.8017 0.9122
vt 0.802 0.9094
vt 0.198 0.63
vt 0.07036 0.3166
vt 0.1968 0.9193
vt 0.8012 0.9178
vt 0.8729 0.9115
vt 0.802 0.9094
vt 0.9421 0.5588
vt 0.06887 0.3315
vt 0.2936 0.9299
vt 0.8734 0.9106
vt 0.8017 0.9122
vt 0.7036 0.9276
vt 0.9279 0.5009
vt 0.06887 0.3315
vt 0.8789 0.8542
vt 0.8019 0.9108
vt 0.9131 0.3108
vt 0.07036 0.3166
vt 0.7036 0.9276
vt 0.07239 0.7036
vt 0.9218 0.3114
vt 0.08873 0.1333
vt 0.9218 0.3114
vt 0.08574 0.1631
vt 0.7036 0.9276
vt 0.0774 0.7036
vt 0.9131 0.3108
vt 0.8019 0.9108
vt 0.1947 0.1232
vt 0.8011 0.918
vt 0.8012 0.9178
vt 0.1209 0.148
vt 0.8698 0.1614
vt 0.8012 0.9178
vt 0.8748 0.1045
vt 0.08671 0.1458
vt 0.07409 0.7036
vt 0.9131 0.3108
vt 0.09718 0.1002
vt 0.07239 0.7036
vt 0.8995 0.3179
vt 0.09802 0.9025
vt 0.8563 0.1783
vt 0.8698 0.1614
vt 0.1029 0.09078
vt 0.9279 0.5009
vt 0.1974 0.08383
vt 0.9343 0.4973
vt 0.9147 0.4972
vt 0.7036 0.9276
vt 0.196 0.9235
vt 0.8995 0.3179
vt 0.8728 0.159
vt 0.9131 0.3108
vt 0.09278 0.9072
vt 0.05199 0.5
vt 0.9343 0.4973
vt 0.05199 0.5
vt 0.3862 0.9391
vt 0.07239 0.7036
vt 0.9277 0.3493
vt 0.94 0.4343
vt 0.07239 0.7036
vt 0.07648 0.2938
vt 0.07239 0.7036
vt 0.876 0.1541
vt 0.5042 0.9464
vt 0.07239 0.7036
vt 0.9229 0.3071
vt 0.08712 0.1409
vt 0.09278 0.9072
vt 0.9345 0.5038
vt 0.04493 0.6151
vt 0.09278 0.9072
vt 0.2358 0.8991
vt 0.07239 0.7036
vt 0.07239 0.7036
vt 0.09278 0.9072
vt 0.09278 0.9072
vt 0.05199 0.5
vt 0.1947 0.1232
vt 0.05199 0.5
vt 0.07239 0.7036
vt 0.9207 0.3048
vt 0.9229 0.3071
vt 0.07239 0.7036
vt 0.2992 0.9279
vt 0.1199 0.1573
vt 0.04585 0.7039
vt 0.9203 0.3007
vt 0.1329 0.1681
vt 0.875 0.1067
vt 0.5325 0.9444
vt 0.08948 0.3091
vt 0.749 0.9248
vt 0.07663 0.296
vt 0.1152 0.2041
vt 0.9164 0.8205
vt 0.07663 0.296
vt 0.1951 0.09424
vt 0.9207 0.3048
vt 0.08948 0.3091
vt 0.7036 0.9276
vt 0.08793 0.8406
vt 0.07658 0.4942
vt 0.8733 0.1483
vt 0.05879 0.4321
vt 0.09278 0.9072
vt 0.08948 0.3091
vt 0.7053 0.08968
vt 0.1055 0.3186
vt 0.602 0.0652
vt 0.09261 0.4999
vt 0.6987 0.9279
vt 0.07658 0.4942
vt 0.9306 0.35
vt 0.9242 0.6842
vt 0.1329 0.1681
vt 0.05803 0.4855
vt 0.1487 0.1819
vt 0.5 0.05879
vt 0.3966 0.9387
vt 0.1055 0.3186
vt 0.1322 0.8309
vt 0.9287 0.3524
vt 0.08948 0.3091
vt 0.602 0.0652
vt 0.07319 0.3011
vt 0.9185 0.7943
vt 0.7053 0.08968
vt 0.04452 0.6359
vt 0.9111 0.8028
vt 0.7323 0.07349
vt 0.9226 0.6726
vt 0.9303 0.6765
vt 0.9303 0.6765
vt 0.9226 0.6726
vt 0.9279 0.5009
vt 0.9421 0.5588
vt 0.1953 0.1173
vt 0.9226 0.6726
vt 0.3303 0.931
vt 0.9099 0.668
vt 0.3995 0.9371
vt 0.9147 0.4972
vt 0.7137 0.9283
vt 0.9279 0.5009
vt 0.1157 0.1994
vt 0.6821 0.9794
vt 0.9111 0.8028
vt 0.8795 0.8484
vt 0.1045 0.9145
vt 0.8979 0.7958
vt 0.9201 0.297
vt 0.1974 0.08383
vt 0.9099 0.668
vt 0.8801 0.8427
vt 0.9226 0.6726
vt 0.2622 0.07581
vt 0.9176 0.1965
vt 0.9226 0.6992
vt 0.301 0.08383
vt 0.07319 0.3011
vt 0.2083 0.1029
vt 0.948 0.5
vt 0.5325 0.9444
vt 0.1937 0.09107
vt 0.07021 0.3162
vt 0.1937 0.09107
vt 0.8801 0.8427
vt 0.2083 0.1029
vt 0.1329 0.1681
vt 0.1953 0.1173
vt 0.1199 0.1573
vt 0.9242 0.6955
vt 0.2083 0.1029
vt 0.3996 0.9371
vt 0.2221 0.1183
vt 0.1386 0.8346
vt 0.9472 0.5085
vt 0.1487 0.1819
vt 0.3995 0.9371
vt 0.1329 0.1681
vt 0.9226 0.6992
vt 0.301 0.08383
vt 0.05199 0.5
vt 0.8375 0.9109
vt 0.3127 0.09805
vt 0.7036 0.9276
vt 0.5983 0.06359
vt 0.2221 0.1183
vt 0.8801 0.8427
vt 0.9246 0.6834
vt 0.2083 0.1029
vt 0.6026 0.06306
vt 0.669 0.9311
vt 0.6949 0.9217
vt 0.04452 0.6359
vt 0.7932 0.911
vt 0.7961 0.9157
vt 0.5 0.05199
vt 0.7961 0.9157
vt 0.602 0.06435
vt 0.09229 0.1108
vt 0.7932 0.911
vt 0.5003 0.05941
vt 0.8664 0.8973
vt 0.8718 0.9007
vt 0.7932 0.911
vt 0.04493 0.6151
vt 0.7831 0.8984
vt 0.8536 0.8851
vt 0.8664 0.8973
vt 0.8833 0.8359
vt 0.6949 0.9217
vt 0.4024 0.9374
vt 0.401 0.9374
vt 0.6901 0.909
vt 0.3303 0.931
vt 0.07648 0.2938
vt 0.7831 0.8984
vt 0.2992 0.9279
vt 0.1029 0.09078
vt 0.7932 0.911
vt 0.5028 0.9415
vt 0.7375 0.07579
vt 0.9242 0.6842
vt 0.401 0.9374
vt 0.7013 0.08149
vt 0.8801 0.8472
vt 0.6006 0.07138
vt 0.9234 0.6924
vt 0.6042 0.06552
vt 0.6042 0.06552
vt 0.6006 0.07138
vt 0.5013 0.067
vt 0.5004 0.06119
vt 0.6994 0.07196
vt 0.6006 0.07138
vt 0.9131 0.1939
vt 0.9306 0.35
vt 0.5963 0.08358
vt 0.9306 0.35
vt 0.885 0.2178
vt 0.5018 0.07887
vt 0.9313 0.3504
vt 0.8036 0.1364
vt 0.5013 0.067
vt 0.9313 0.3504
vt 0.7013 0.08149
vt 0.9361 0.5173
vt 0.6907 0.09466
vt 0.5963 0.08358
vt 0.6697 0.06899
vt 0.6006 0.07138
vt 0.8036 0.1364
vt 0.05879 0.4321
vt 0.8051 0.1351
vt 0.07658 0.4942
vt 0.09146 0.6898
vt 0.08028 0.6954
vt 0.7239 0.9564
vt 0.08028 0.6954
vt 0.5004 0.05799
vt 0.05199 0.5
vt 0.05199 0.5
vt 0.09146 0.6898
vt 0.07255 0.3367
vt 0.8375 0.9109
vt 0.136 0.8393
vt 0.07267 0.3355
vt 0.2965 0.9284
vt 0.1267 0.9106
vt 0.07507 0.6955
vt 0.09146 0.6898
vt 0.07267 0.3355
vt 0.05199 0.5
vt 0.1077 0.6823
vt 0.1523 0.8207
vt 0.136 0.8393
vt 0.8357 0.9236
vt 0.07658 0.4942
vt 0.09261 0.4999
vt 0.05733 0.7099
vt 0.1077 0.6823
vt 0.09146 0.6898
vt 0.9226 0.6991
vt 0.6637 0.8586
vt 0.1947 0.1232
vt 0.2936 0.9299
vt 0.6781 0.8866
vt 0.2952 0.0841
vt 0.9361 0.5173
vt 0.5887 0.8984
vt 0.2952 0.0841
vt 0.2965 0.9284
vt 0.5818 0.8721
vt 0.9226 0.6991
vt 0.5818 0.8721
vt 0.5887 0.8984
vt 0.5003 0.9035
vt 0.3966 0.9387
vt 0.5001 0.8782
vt 0.4003 0.9377
vt 0.5887 0.8984
vt 0.09755 0.09616
vt 0.5946 0.9192
vt 0.09229 0.1108
vt 0.5004 0.9235
vt 0.5003 0.9035
vt 0.6781 0.8866
vt 0.8795 0.8484
vt 0.6901 0.909
vt 0.8733 0.9106
vt 0.4024 0.9374
vt 0.5946 0.9192
vt 0.8012 0.9178
vt 0.8019 0.9108
vt 0.5887 0.8984
vt 0.8019 0.9108
vt 0.8101 0.2219
vt 0.5 0.9412
vt 0.8353 0.1981
vt 0.8801 0.8427
vt 0.8785 0.329
vt 0.2992 0.928
vt 0.8529 0.342
vt 0.5027 0.9415
vt 0.8529 0.342
vt 0.2597 0.9694
vt 0.8785 0.329
vt 0.4024 0.9374
vt 0.8943 0.4962
vt 0.8691 0.4943
vt 0.8785 0.329
vt 0.8043 0.9147
vt 0.8995 0.3179
vt 0.8026 0.9105
vt 0.8026 0.9105
vt 0.5 0.05199
vt 0.5 0.05199
vt 0.9142 0.8372
vt 0.9147 0.4972
vt 0.9089 0.89
vt 0.07036 0.3166
vt 0.6018 0.06219
vt 0.8017 0.9122
vt 0.8943 0.4962
vt 0.07036 0.3166
vt 0.8026 0.9109
vt 0.8353 0.1981
vt 0.8043 0.9147
vt 0.07186 0.3017
vt 0.7036 0.07239
vt 0.5 0.05199
vt 0.9089 0.89
vt 0.8563 0.1783
vt 0.914 0.8393
vt 0.8043 0.9147
vt 0.7036 0.07239
vt 0.6018 0.06219
vt 0.8995 0.3179
vt 0.6951 0.9285
vt 0.05199 0.5
vt 0.6018 0.06219
vt 0.8026 0.9109
vt 0.8785 0.329
vt 0.6697 0.931
vt 0.07186 0.3017
vt 0.6018 0.06219
vt 0.6018 0.06219
vt 0.337 0.1432
vt 0.8043 0.9147
vt 0.6951 0.9285
vt 0.6018 0.06219
vt 0.324 0.1185
vt 0.6697 0.931
vt 0.4125 0.1049
vt 0.08873 0.1333
vt 0.4187 0.129
vt 0.05199 0.5
vt 0.4187 0.129
vt 0.09172 0.1034
vt 0.4125 0.1049
vt 0.2952 0.0841
vt 0.5013 0.09823
vt 0.2952 0.0841
vt 0.2952 0.0841
vt 0.7239 0.9564
vt 0.9164 0.8205
vt 0.1946 0.1243
vt 0.5005 0.1224
vt 0.1152 0.2041
vt 0.5 0.05199
vt 0.1946 0.1243
vt 0.4125 0.1049
vt 0.1946 0.1243
vt 0.9116 0.8053
vt 0.4071 0.08534
vt 0.2964 0.9276
vt 0.1152 0.2041
vt 0.8375 0.9109
vt 0.2964 0.9276
vt 0.5018 0.07887
vt 0.2952 0.0841
vt 0.6018 0.06219
vt 0.3989 0.9377
vt 0.5013 0.09823
vt 0.1946 0.1243
vt 0.6018 0.06219
vt 0.324 0.1185
vt 0.401 0.9374
vt 0.1946 0.1243
vt 0.8384 0.8974
vt 0.3989 0.9377
vt 0.3127 0.09805
vt 0.401 0.9374
vt 0.1946 0.1243
vt 0.8375 0.9109
vt 0.7036 0.07239
vt 0.5042 0.9476
vt 0.4071 0.08534
vt 0.1946 0.1243
vt 0.8384 0.8974
vt 0.4125 0.1049
vt 0.1152 0.2041
vt 0.5339 0.9446
vt 0.3376 0.8576
vt 0.1946 0.1243
vt 0.7036 0.07239
vt 0.3257 0.8835
vt 0.1152 0.2041
vn 0.09781 -0.2167 0.9713
vn 0.1083 -0.2589 0.9598
vn -0.01895 -0.4133 0.9104
vn -0.03287 -0.389 0.9207
vn -0.1281 -0.5451 0.8285
vn -0.123 -0.5427 0.8308
vn -0.04324 -0.4242 0.9045
vn -0.1692 -0.5361 0.827
vn 0.08002 -0.2827 0.9559
vn 0.5825 0.4876 0.6503
vn 0.4841 0.4481 0.7516
vn 0.4497 0.1559 0.8795
vn 0.5022 0.2006 0.8411
vn 0.3564 0.009827 0.9343
vn 0.3829 0.05722 0.922
vn 0.347 0.1346 0.9281
vn 0.2834 -0.01331 0.9589
vn 0.3454 0.4044 0.8468
vn 0.3662 0.9297 0.03903
vn 0.2239 0.9456 0.236
vn 0.3802 0.7856 0.4881
vn 0.5166 0.7944 0.3193
vn 0.225 0.7301 0.6452
vn 0.07764 0.9014 0.4259
vn -0.6372 -0.7667 0.07868
vn -0.7321 -0.6737 0.1007
vn -0.8227 -0.5608 -0.09232
vn -0.7627 -0.6355 -0.1196
vn -0.8534 -0.4482 -0.2662
vn -0.8162 -0.495 -0.2978
vn -0.8592 -0.5094 -0.04703
vn -0.8875 -0.4125 -0.2051
vn -0.7879 -0.6008 0.1346
vn -0.3055 -0.7907 0.5304
vn -0.3948 -0.7408 0.5434
vn -0.5768 -0.7497 0.3244
vn -0.4649 -0.8301 0.3077
vn -0.6569 -0.6703 0.3451
vn -0.4807 -0.6792 0.5545
vn -0.5265 0.2301 -0.8184
vn -0.5908 0.3496 -0.7271
vn -0.4111 0.6222 -0.6662
vn -0.3417 0.4812 -0.8072
vn -0.2172 0.826 -0.5201
vn -0.1449 0.6942 -0.705
vn -0.5409 0.7297 -0.4182
vn -0.3452 0.9024 -0.2576
vn -0.7153 0.4664 -0.5204
vn -0.8399 -0.321 -0.4376
vn -0.8074 -0.3544 -0.4717
vn -0.7923 -0.1468 -0.5922
vn -0.7523 -0.193 -0.6299
vn -0.8901 -0.2841 -0.3562
vn -0.8719 -0.08512 -0.4823
vn 0.1285 0.9237 -0.3609
vn 0.03534 0.9903 -0.1344
vn 0.1261 0.9904 0.05597
vn 0.247 0.9557 -0.16
vn -0.005707 0.963 0.2692
vn -0.08393 0.9908 0.1054
vn -0.7127 0.08219 -0.6966
vn -0.6595 0.001801 -0.7517
vn -0.8213 0.1781 -0.542
vn -0.2612 -0.4151 -0.8715
vn -0.2951 -0.3058 -0.9052
vn -0.03253 -0.08237 -0.9961
vn 0.02011 -0.2005 -0.9795
vn 0.2319 0.1194 -0.9654
vn 0.31 -0.001465 -0.9507
vn -0.1285 0.09485 -0.9872
vn 0.1135 0.2907 -0.95
vn -0.3631 -0.1388 -0.9213
vn -0.5811 -0.4978 0.6438
vn -0.4372 -0.6544 0.6169
vn -0.5423 -0.68 0.4934
vn -0.6785 -0.5049 0.5335
vn -0.6454 -0.6858 0.3363
vn -0.7564 -0.5301 0.3832
vn -0.4249 -0.8074 0.4094
vn -0.5596 -0.7967 0.228
vn -0.3171 -0.7581 0.5698
vn 0.4928 0.4922 -0.7175
vn 0.3914 0.6227 -0.6775
vn 0.5887 0.6659 -0.4582
vn 0.6768 0.5456 -0.4942
vn 0.743 0.6464 -0.1733
vn 0.8122 0.5617 -0.1575
vn 0.4855 0.7651 -0.4229
vn 0.6452 0.7419 -0.1825
vn 0.2971 0.7189 -0.6284
vn 0.8154 0.5616 0.1402
vn 0.8372 0.5154 0.1828
vn 0.7746 0.4492 0.4451
vn 0.7843 0.4522 0.4248
vn 0.7556 0.6437 0.1213
vn 0.7374 0.4724 0.4827
vn -0.09561 0.01404 0.9953
vn -0.03 -0.04465 0.9985
vn -0.1836 -0.2806 0.9421
vn -0.2671 -0.2269 0.9366
vn -0.2788 -0.4646 0.8404
vn -0.381 -0.3882 0.8391
vn -0.1215 -0.3202 0.9395
vn -0.2006 -0.5085 0.8373
vn 0.01694 -0.09983 0.9948
vn -0.432 0.01856 -0.9017
vn -0.2186 0.2436 -0.9449
vn 0.003845 0.4231 -0.906
vn -0.2657 0.3188 -0.9098
vn -0.05945 0.4975 -0.8654
vn -0.466 0.1032 -0.8787
vn -0.7834 -0.6045 -0.1442
vn -0.7541 -0.6314 -0.1805
vn -0.7367 -0.5217 -0.4302
vn -0.7216 -0.5665 -0.3979
vn -0.6788 -0.3725 -0.6328
vn -0.6359 -0.4773 -0.6064
vn -0.7575 -0.4594 -0.4638
vn -0.7082 -0.2873 -0.6449
vn -0.7516 -0.6132 -0.2429
vn 0.6234 0.3629 0.6926
vn 0.6622 0.4225 0.6188
vn 0.411 0.2925 0.8634
vn 0.4429 0.3847 0.8098
vn 0.5781 0.3102 0.7546
vn 0.3883 0.2081 0.8977
vn -0.6973 -0.3705 -0.6135
vn -0.6708 -0.3356 -0.6614
vn -0.8351 -0.1574 -0.527
vn -0.8265 -0.1992 -0.5265
vn -0.9364 -0.003021 -0.3508
vn -0.9274 -0.03272 -0.3725
vn -0.8664 -0.3257 -0.3786
vn -0.9703 -0.1547 -0.186
vn -0.6538 -0.4946 -0.5726
vn 0.3049 0.9182 -0.2528
vn 0.3043 0.9036 -0.3014
vn 0.5712 0.7085 -0.4143
vn 0.5728 0.7148 -0.4012
vn 0.713 0.5052 -0.4861
vn 0.7089 0.5307 -0.4646
vn 0.67 0.6586 -0.3424
vn 0.7618 0.455 -0.461
vn 0.456 0.8697 -0.1886
vn -0.2036 0.9681 -0.1459
vn -0.2075 0.9432 -0.2594
vn -0.00354 0.9677 -0.2521
vn -0.01712 0.9879 -0.1543
vn 0.1769 0.9788 -0.1034
vn -0.05039 0.9954 -0.08106
vn -0.3195 -0.8123 -0.4879
vn -0.2664 -0.7772 -0.5701
vn -0.4695 -0.5831 -0.663
vn -0.5321 -0.6181 -0.5787
vn -0.393 -0.6412 -0.6591
vn -0.2163 -0.7312 -0.6469
vn -0.4624 0.8849 -0.05524
vn -0.5027 0.8525 -0.1433
vn -0.3647 0.9043 -0.2217
vn -0.33 0.9363 -0.1199
vn -0.281 0.9597 -0.008881
vn -0.5037 0.8596 0.08515
vn 0.1147 -0.8474 -0.5183
vn 0.1059 -0.8299 -0.5477
vn -0.08444 -0.8477 -0.5237
vn -0.1027 -0.8795 -0.4646
vn -0.08991 -0.7679 -0.6341
vn 0.06626 -0.7541 -0.6533
vn -0.9189 0.3709 -0.1342
vn -0.9213 0.3666 -0.1296
vn -0.833 0.5478 -0.07736
vn -0.8372 0.5429 -0.06592
vn -0.7118 0.7003 -0.05298
vn -0.7191 0.6948 -0.004151
vn -0.8745 0.4653 0.1371
vn -0.7425 0.648 0.1699
vn -0.9687 0.2413 0.05719
vn -0.5438 -0.6303 -0.554
vn -0.5956 -0.5628 -0.5732
vn -0.4733 -0.469 -0.7457
vn -0.4299 -0.5572 -0.7103
vn -0.5252 -0.3354 -0.7821
vn 0.8748 0.1291 -0.467
vn 0.8599 0.1059 -0.4993
vn 0.8278 -0.1314 -0.5454
vn 0.8325 -0.1348 -0.5374
vn 0.6581 -0.4357 -0.614
vn 0.6595 -0.4411 -0.6086
vn 0.7824 -0.09848 -0.6149
vn 0.6138 -0.3838 -0.6898
vn 0.8211 0.1004 -0.5619
vn 0.6339 0.1617 -0.7563
vn 0.5817 0.3136 -0.7505
vn 0.7482 0.3819 -0.5425
vn 0.7855 0.2362 -0.572
vn 0.8703 0.4623 -0.1701
vn 0.9055 0.3762 -0.1962
vn -0.7283 -0.2673 0.631
vn -0.68 -0.3543 0.6419
vn -0.7639 -0.3685 0.5298
vn -0.8013 -0.305 0.5146
vn -0.8256 -0.4232 0.3732
vn -0.8487 -0.3976 0.3488
vn -0.7655 -0.6225 -0.1627
vn -0.7968 -0.5854 -0.1496
vn -0.702 -0.5992 -0.3848
vn -0.6549 -0.6515 -0.3828
vn -0.8465 -0.5155 0.1327
vn -0.8426 -0.5278 0.1067
vn -0.7996 -0.5824 0.1468
vn 0.7536 0.563 0.3392
vn 0.773 0.4945 0.3974
vn 0.6764 0.4984 0.5423
vn 0.6596 0.5899 0.4658
vn 0.4569 0.4867 0.7446
vn 0.4303 0.5904 0.6827
vn 0.07724 -0.6723 -0.7362
vn 0.01727 -0.6821 -0.731
vn -0.1901 -0.7751 -0.6026
vn -0.07642 -0.7883 -0.6105
vn -0.3428 -0.8207 -0.457
vn -0.179 -0.8917 -0.4157
vn -0.2426 -0.7645 -0.5972
vn -0.4017 -0.7821 -0.4764
vn -0.01355 -0.6902 -0.7234
vn -0.009735 -0.707 -0.7071
vn -0.238 -0.7759 -0.5842
vn -0.3995 -0.7883 -0.4679
vn -0.2036 -0.8099 -0.55
vn -0.3779 -0.8112 -0.4463
vn 0.02179 -0.7451 -0.6666
vn -0.3611 -0.5504 0.7527
vn -0.8375 -0.2372 0.4921
vn -0.7374 -0.08164 0.6705
vn -0.4075 -0.3746 0.8328
vn -0.4723 -0.01953 0.8812
vn -0.2177 -0.3224 0.9212
vn -0.8678 0.1836 0.4616
vn -0.6472 0.2898 0.705
vn -0.9661 0.03781 0.2554
vn 0.6972 -0.2662 -0.6656
vn 0.7549 -0.2832 -0.5915
vn 0.7084 -0.1594 -0.6876
vn 0.6808 -0.1774 -0.7106
vn 0.5609 -0.2846 -0.7774
vn 0.5649 -0.2788 -0.7766
vn 0.7408 -0.1072 -0.6631
vn 0.5606 -0.2926 -0.7747
vn 0.854 -0.1006 -0.5103
vn -0.1944 -0.85 0.4895
vn -0.6377 -0.77 -0.0217
vn -0.7243 -0.6188 0.3039
vn -0.008515 -0.5525 0.8335
vn -0.7262 -0.5137 0.4568
vn 0.04501 -0.5732 0.8181
vn -0.8776 -0.4631 -0.1238
vn -0.9609 -0.2767 -0.01041
vn -0.7174 -0.6512 -0.2474
vn -0.04083 -0.7847 0.6185
vn -0.05835 -0.746 0.6634
vn 0.08081 -0.8228 0.5625
vn 0.2506 -0.8088 0.5319
vn 0.3881 -0.8943 0.2225
vn 0.5679 -0.8207 0.06186
vn 0.5705 -0.5994 0.5614
vn 0.8123 -0.5523 0.1875
vn 0.4118 -0.2922 0.8631
vn 0.04862 -0.7524 0.6568
vn 0.156 -0.3512 0.9232
vn -0.01624 -0.5777 0.8161
vn -0.1202 -0.7976 0.5911
vn 0.2287 0.07605 0.9705
vn 0.2059 0.3013 0.931
vn -0.4782 -0.8314 -0.2831
vn -0.244 -0.967 -0.07309
vn -0.5419 -0.7565 -0.3662
vn 0.3282 -0.4718 0.8184
vn 0.305 -0.07089 0.9497
vn 0.3447 -0.1784 0.9216
vn 0.282 -0.6194 0.7327
vn 0.2701 0.3809 0.8842
vn 0.1348 0.3786 0.9157
vn 0.8666 0.1697 -0.4693
vn 0.8696 0.1577 -0.4679
vn 0.8037 -0.1068 -0.5853
vn 0.7749 -0.07685 -0.6274
vn 0.6225 -0.3988 -0.6734
vn 0.5831 -0.346 -0.735
vn 0.1672 0.6546 0.7372
vn 0.3336 0.6579 0.6752
vn 0.7339 0.5231 0.4332
vn 0.2846 0.8105 0.5119
vn 0.6354 0.7549 0.1624
vn 0.1073 0.7911 0.6022
vn -0.5385 -0.7578 -0.3684
vn -0.7048 -0.6543 -0.2741
vn -0.5292 -0.7636 -0.37
vn -0.6907 -0.6556 -0.3052
vn 0.2875 -0.5221 -0.8029
vn 0.2876 -0.5459 -0.7869
vn 0.3081 -0.5884 -0.7475
vn 0.5649 -0.3108 -0.7643
vn -0.9769 0.1512 0.1509
vn -0.8869 0.3264 0.3269
vn -0.6995 0.4718 0.5367
vn -0.884 0.3994 0.2428
vn -0.7095 0.5637 0.4228
vn -0.9746 0.2069 0.08576
vn 0.8755 0.1158 -0.469
vn 0.7592 -0.07083 -0.6469
vn -0.8659 -0.4637 -0.1873
vn -0.9646 -0.244 -0.1002
vn -0.8477 -0.4721 -0.2418
vn -0.9573 -0.2398 -0.1614
vn -0.5965 -0.7024 -0.3885
vn -0.5774 -0.7227 -0.3797
vn -0.745 -0.6585 -0.1064
vn -0.7621 -0.6373 -0.1142
vn -0.8243 -0.5562 0.1051
vn -0.8408 -0.5318 0.1003
vn -0.7252 -0.6824 -0.0911
vn -0.8062 -0.5801 0.1162
vn -0.552 -0.7509 -0.3625
vn -0.9604 0.2786 -0.007752
vn -0.8748 0.4709 0.1141
vn -0.7289 0.6408 0.2409
vn -0.1278 0.7566 0.6413
vn -0.3195 0.8877 0.3315
vn -0.1375 0.9434 0.3018
vn 0.05918 0.7784 0.625
vn -0.04019 0.959 0.2803
vn 0.8672 0.3469 -0.3572
vn 0.8385 0.364 -0.4055
vn 0.8189 0.3501 -0.4548
vn 0.7593 0.5114 -0.4024
vn 0.8267 0.4576 -0.3272
vn -0.7035 -0.5586 -0.4393
vn -0.8423 -0.3867 -0.3755
vn -0.9487 -0.1746 -0.2635
vn 0.4876 0.8724 -0.03265
vn 0.6846 0.6587 -0.312
vn 0.7901 0.5736 -0.2162
vn 0.1447 0.9642 0.222
vn -0.7947 -0.313 0.5201
vn -0.7793 -0.3325 0.5311
vn -0.6957 -0.07892 0.714
vn -0.7104 -0.07062 0.7002
vn -0.5399 0.1826 0.8217
vn -0.547 0.1875 0.8158
vn -0.6744 -0.08435 0.7335
vn -0.5253 0.1735 0.833
vn -0.7612 -0.3427 0.5505
vn 0.7611 0.6221 0.1835
vn 0.7746 0.601 0.1971
vn 0.8622 0.5031 -0.05887
vn 0.8423 0.5363 -0.05332
vn 0.875 0.3009 -0.3793
vn 0.8675 0.3609 -0.3423
vn 0.866 0.4913 -0.09302
vn 0.8668 0.2525 -0.43
vn 0.7705 0.6113 0.1806
vn 0.6008 0.6647 0.444
vn 0.6084 0.6511 0.4537
vn 0.6906 0.6347 0.3468
vn 0.6821 0.6508 0.3335
vn 0.6813 0.6515 0.3337
vn 0.5974 0.6691 0.4419
vn -0.1118 -0.627 -0.7709
vn -0.06967 -0.6321 -0.7717
vn -0.3037 -0.7022 -0.6439
vn -0.3369 -0.6868 -0.6441
vn -0.2598 -0.7284 -0.6339
vn -0.01709 -0.6486 -0.7609
vn -0.08246 0.5473 0.8329
vn -0.05029 0.5406 0.8397
vn 0.3731 0.6529 0.6591
vn 0.3533 0.6666 0.6564
vn 0.3698 0.6692 0.6445
vn -0.03983 0.5533 0.832
vn 0.2296 -0.47 -0.8523
vn 0.2441 -0.4747 -0.8456
vn 0.09082 -0.5643 -0.8205
vn 0.06006 -0.5615 -0.8253
vn 0.1298 -0.5811 -0.8034
vn 0.2649 -0.4958 -0.8271
vn -0.8499 -0.2312 0.4734
vn -0.8359 -0.2567 0.485
vn -0.7359 -0.02506 0.6766
vn -0.7477 0.002411 0.664
vn -0.5557 0.2115 0.804
vn -0.5703 0.2313 0.7882
vn -0.7274 -0.04443 0.6847
vn -0.5494 0.1994 0.8114
vn -0.8227 -0.2762 0.4969
vn 0.6572 -0.08838 -0.7485
vn 0.6395 -0.1268 -0.7583
vn 0.5802 -0.1945 -0.7909
vn 0.5816 -0.1824 -0.7927
vn 0.5071 -0.2648 -0.8202
vn 0.5041 -0.26 -0.8235
vn 0.5855 -0.2058 -0.7841
vn 0.5155 -0.2776 -0.8106
vn 0.6302 -0.1557 -0.7606
vn 0.6492 -0.1551 -0.7446
vn 0.6701 -0.1276 -0.7312
vn 0.6244 -0.1841 -0.7591
vn 0.6077 -0.2015 -0.7682
vn 0.539 -0.2881 -0.7914
vn 0.5298 -0.2919 -0.7963
vn 0.642 -0.1707 -0.7474
vn 0.5534 -0.2874 -0.7817
vn 0.69 -0.1021 -0.7165
vn -0.5231 -0.7909 -0.3177
vn -0.5272 -0.7998 -0.2869
vn -0.6916 -0.7223 -0.002411
vn -0.6941 -0.719 -0.03681
vn -0.7506 -0.637 0.1757
vn -0.7652 -0.6243 0.1571
vn -0.6937 -0.7197 0.0268
vn -0.7466 -0.637 0.192
vn -0.5239 -0.8124 -0.2559
vn 0.7174 0.6868 0.1166
vn 0.6928 0.7148 0.09494
vn 0.8178 0.5322 -0.2189
vn 0.8322 0.5234 -0.1829
vn 0.8217 0.2159 -0.5273
vn 0.835 0.2231 -0.503
vn 0.8205 0.5199 -0.2374
vn 0.8182 0.1986 -0.5395
vn 0.6866 0.7216 0.08826
vn 0.5468 0.7486 0.375
vn 0.5329 0.7775 0.3339
vn 0.5992 0.7605 0.2503
vn 0.6239 0.7313 0.2754
vn 0.5897 0.7719 0.2374
vn 0.5342 0.7885 0.3048
vn 0.06037 -0.6565 -0.7519
vn 0.07776 -0.6574 -0.7495
vn -0.1897 -0.7701 -0.609
vn -0.1983 -0.7593 -0.6197
vn -0.1707 -0.7905 -0.5882
vn 0.1026 -0.6707 -0.7345
vn -0.04682 0.6126 0.789
vn -0.03162 0.6452 0.7634
vn 0.3474 0.7813 0.5184
vn 0.3395 0.7477 0.5707
vn 0.3715 0.7963 0.4774
vn -0.001953 0.664 0.7477
vn 0.2871 -0.5193 -0.8049
vn 0.2909 -0.522 -0.8017
vn 0.1917 -0.5914 -0.7832
vn 0.1818 -0.5911 -0.7858
vn 0.2106 -0.6031 -0.7693
vn 0.3059 -0.5323 -0.7893
vn 0.5165 0.766 0.3827
vn 0.5433 0.6968 0.4683
vn 0.5858 0.729 0.3541
vn 0.534 0.7865 0.3101
vn 0.6426 0.7251 0.2474
vn 0.5729 0.7907 0.2155
vn 0.6956 0.5743 0.4316
vn 0.7241 0.6356 0.2676
vn 0.6727 0.4613 0.5784
vn 0.3492 -0.492 -0.7974
vn 0.3599 -0.49 -0.7939
vn 0.2591 -0.5431 -0.7986
vn 0.2862 -0.561 -0.7768
vn 0.1798 -0.5791 -0.7952
vn 0.2268 -0.608 -0.7608
vn -0.009308 -0.4374 -0.8992
vn -0.122 -0.4701 -0.8741
vn 0.257 -0.4027 -0.8785
vn 0.04535 0.6831 0.7289
vn 0.05106 0.6497 0.7584
vn 0.4208 0.8137 0.401
vn 0.4116 0.8327 0.3702
vn 0.5273 0.8188 0.2267
vn 0.5228 0.8267 0.208
vn 0.4188 0.7887 0.45
vn 0.5183 0.8148 0.2595
vn 0.06159 0.5925 0.8032
vn 0.6317 -6.104e-05 -0.7751
vn 0.6342 0.01645 -0.773
vn 0.5773 -0.1726 -0.798
vn 0.5726 -0.1333 -0.8089
vn 0.5257 -0.3015 -0.7954
vn 0.5082 -0.2589 -0.8214
vn 0.5527 -0.2224 -0.8032
vn 0.5339 -0.3333 -0.7771
vn 0.5984 0.06882 -0.7982
vn -0.6604 -0.2654 0.7024
vn -0.6528 -0.2557 0.713
vn -0.5686 -0.07865 0.8188
vn -0.579 -0.07529 0.8118
vn -0.4618 0.1033 0.8809
vn -0.472 0.1216 0.8732
vn -0.5363 -0.09259 0.8389
vn -0.427 0.06912 0.9016
vn -0.6296 -0.2567 0.7333
vn 0.5983 0.7989 0.06143
vn 0.5644 0.8199 0.09513
vn 0.6511 0.7484 -0.1257
vn 0.7093 0.6733 -0.2088
vn 0.7115 0.5641 -0.4189
vn 0.7486 0.4171 -0.5153
vn 0.5766 0.815 -0.05676
vn 0.6236 0.7121 -0.3225
vn 0.5237 0.842 0.1296
vn -0.4341 -0.8489 -0.3014
vn -0.4528 -0.8414 -0.2949
vn -0.6836 -0.7188 0.1264
vn -0.68 -0.7252 0.1078
vn -0.7284 -0.569 0.3817
vn -0.7285 -0.583 0.3595
vn -0.6852 -0.7126 0.1504
vn -0.7197 -0.5642 0.4047
vn -0.5324 -0.806 -0.2586
vn -0.04187 -0.7283 -0.6839
vn -0.004242 -0.7494 -0.6621
vn -0.2745 -0.6624 -0.697
vn 0.17 -0.8596 -0.4818
vn 0.03543 -0.9833 -0.1784
vn 0.2296 -0.9621 -0.1468
vn 0.3353 -0.7831 -0.5237
vn 0.6605 -0.7324 0.1656
vn 0.6976 -0.5744 -0.4282
vn 0.1294 -0.9746 0.1828
vn 0.4834 -0.671 0.5622
vn -0.05762 -0.9939 0.09375
vn -0.5272 -0.7256 -0.4421
vn -0.3176 -0.8327 -0.4536
vn -0.5068 -0.8142 -0.2831
vn -0.6012 -0.7324 -0.3196
vn -0.6559 -0.7492 -0.09171
vn -0.6723 -0.7316 -0.1132
vn -0.3104 -0.9006 -0.3043
vn -0.4912 -0.8653 -0.1002
vn -0.04453 -0.8935 -0.4468
vn 0.06781 0.4856 0.8715
vn 0.1089 0.4036 0.9084
vn 0.4035 0.5994 0.6913
vn 0.3979 0.7016 0.5911
vn 0.5604 0.3319 0.7588
vn 0.3516 0.1836 0.9179
vn 0.09723 -0.1627 -0.9819
vn 0.3894 -0.12 -0.9132
vn 0.2857 -0.2079 -0.9355
vn -0.1718 -0.2388 -0.9557
vn 0.1854 -0.3506 -0.918
vn -0.3263 -0.3287 -0.8863
vn 0.6817 -0.1185 -0.722
vn 0.6375 -0.2698 -0.7216
vn 0.6679 -0.08017 -0.7399
vn -0.6024 -0.1984 0.7731
vn -0.565 -0.1725 0.8068
vn -0.4518 -0.06497 0.8897
vn -0.4896 -0.06275 0.8697
vn -0.3395 0.06015 0.9387
vn -0.3811 0.06827 0.922
vn -0.2921 -0.2149 0.9319
vn -0.1589 -0.1125 0.9808
vn -0.3762 -0.2702 0.8862
vn 0.4494 -0.0145 -0.8932
vn 0.3892 -0.2597 -0.8838
vn 0.3775 -0.3238 -0.8675
vn 0.4149 -0.2759 -0.867
vn 0.4785 -0.2247 -0.8488
vn 0.4993 -0.2739 -0.822
vn 0.3728 -0.4318 -0.8213
vn 0.5122 -0.2532 -0.8206
vn 0.3218 -0.5167 -0.7934
vn -0.7562 -0.6344 0.1605
vn -0.7503 -0.6413 0.1601
vn -0.7721 -0.4683 0.4295
vn -0.7672 -0.4912 0.4123
vn -0.5825 -0.7913 0.1859
vn -0.5694 -0.6262 0.5325
vn -0.03323 -0.8361 -0.5476
vn -0.1699 -0.8292 -0.5324
vn -0.2433 -0.8464 -0.4737
vn -0.1243 -0.8474 -0.5161
vn -0.1709 -0.9387 -0.2994
vn -0.2475 -0.9565 -0.1546
vn 0.1378 -0.789 -0.5987
vn 0.1635 -0.8318 -0.5305
vn 0.1509 -0.7711 -0.6185
vn 0.4216 -0.8951 -0.1451
vn 0.7981 -0.571 -0.1924
vn 0.7038 -0.7074 0.0643
vn 0.3496 -0.9227 0.1625
vn 0.6782 -0.5929 0.4341
vn 0.367 -0.7414 0.5618
vn 0.8448 -0.5343 -0.02573
vn 0.8492 -0.4328 0.3024
vn 0.9068 -0.3327 -0.259
vn 0.7508 0.6602 0.01932
vn 0.6399 0.7683 0.01544
vn 0.8021 0.3471 -0.486
vn 0.6722 0.6399 -0.3725
vn 0.8774 0.4772 -0.04956
vn 0.8443 -0.008942 -0.5358
vn 0.7893 -0.4836 0.3781
vn 0.7611 -0.5606 0.3261
vn 0.7794 -0.5843 0.2261
vn 0.8507 -0.4034 0.337
vn 0.6089 -0.7804 -0.1421
vn 0.9259 -0.373 0.05908
vn 0.6182 -0.7846 0.04617
vn 0.3891 -0.884 -0.2592
vn 0.6771 -0.7093 0.1959
vn 0.7678 -0.5766 -0.2793
vn 0.9847 -0.1127 -0.1328
vn 0.9151 -0.3254 -0.2382
vn 0.5867 -0.757 -0.2875
vn 0.9689 -0.01828 -0.2466
vn 0.9768 0.2005 -0.07437
vn 0.8281 -0.3224 0.4584
vn 0.856 -0.3925 0.3365
vn 0.8302 -0.4596 0.3155
vn 0.8362 -0.383 0.3926
vn 0.7644 -0.6241 0.1618
vn 0.8137 -0.5656 0.1339
vn 0.9842 0.03928 -0.1726
vn 0.9796 0.1286 0.1546
vn 0.982 0.1757 0.06882
vn 0.9784 0.07559 -0.1924
vn 0.9894 0.1353 0.05161
vn 0.9764 -0.02048 -0.2149
vn 0.8952 0.2719 0.353
vn 0.9109 0.2793 0.3036
vn 0.8608 0.2033 0.4665
vn 0.3107 -0.5637 0.7653
vn 0.5552 -0.6056 0.5701
vn 0.3888 -0.7876 0.478
vn 0.2196 -0.6814 0.6982
vn 0.4966 -0.7297 0.47
vn 0.3699 -0.6269 0.6857
vn 0.5296 -0.83 0.175
vn 0.5628 -0.8082 0.1735
vn 0.7653 -0.574 0.2912
vn 0.1776 -0.9275 -0.3288
vn 0.6773 -0.6813 -0.2775
vn -0.08176 -0.9665 -0.2434
vn 0.2187 -0.8899 -0.4003
vn 0.002533 -0.935 -0.3547
vn -0.1959 -0.9693 -0.1485
vn 0.5644 0.1891 0.8035
vn 0.7021 0.2346 0.6723
vn 0.642 -0.06149 0.7642
vn 0.5998 -0.1174 0.7915
vn 0.4151 -0.6044 0.6799
vn 0.4224 -0.5693 0.7053
vn 0.7578 -0.08383 0.647
vn 0.9593 0.2453 -0.14
vn 0.977 -0.174 0.1228
vn 0.9596 -0.2554 -0.1176
vn 0.9454 0.2489 -0.2102
vn 0.9495 -0.07627 -0.3044
vn 0.905 0.3562 -0.2325
vn 0.3996 -0.8258 -0.398
vn 0.6155 -0.7685 -0.1746
vn 0.6242 -0.7618 -0.1733
vn 0.4745 -0.773 -0.4211
vn 0.5492 -0.8236 -0.1413
vn 0.5208 -0.7669 -0.375
vn 0.7518 -0.6397 0.1597
vn -0.1548 -0.7563 0.6356
vn -0.1214 -0.9293 0.3488
vn -0.2502 -0.9371 0.2433
vn -0.3113 -0.8366 0.4506
vn -0.2317 -0.9652 -0.1214
vn -0.2535 -0.9616 -0.1047
vn -0.1856 -0.9805 0.06503
vn 0.8435 0.5358 0.03708
vn 0.9251 0.375 -0.05887
vn 0.8721 0.4129 0.2626
vn 0.7317 0.5449 0.4095
vn 0.7725 0.3792 0.5094
vn 0.5578 0.4512 0.6965
vn 0.9518 0.2679 0.1491
vn 0.9074 -0.2593 -0.3308
vn 0.8871 -0.4603 -0.03189
vn 0.9847 -0.1108 0.134
vn 0.9662 0.1559 -0.2053
vn 0.8576 -0.3147 0.4066
vn 0.07138 -0.8848 -0.4604
vn 0.1733 -0.9085 -0.3801
vn 0.3491 -0.9208 -0.174
vn 0.1698 -0.9316 -0.3213
vn 0.4425 -0.8947 -0.06079
vn 0.2521 -0.9338 -0.2539
vn -0.06195 -0.9162 -0.3958
vn -0.06833 -0.8898 -0.4512
vn 0.7551 -0.3188 0.5728
vn 0.5292 0.01074 0.8484
vn 0.643 -0.2734 0.7154
vn 0.8054 -0.499 0.3199
vn 0.5133 -0.6111 0.6025
vn 0.6779 -0.7112 0.186
vn 0.792 0.5069 -0.3402
vn 0.8331 0.4717 -0.2889
vn 0.8111 0.5544 -0.1863
vn 0.7725 0.611 -0.1729
vn 0.7964 0.598 -0.09
vn 0.7637 0.6446 -0.03323
vn 0.1928 -0.7595 -0.6212
vn 0.2997 -0.806 -0.5104
vn 0.4113 -0.7044 -0.5784
vn 0.3384 -0.5838 -0.738
vn 0.5238 -0.6417 -0.5602
vn 0.5011 -0.4158 -0.7589
vn 0.2376 -0.8187 0.5228
vn -0.06452 -0.6207 0.7813
vn -0.2894 -0.7873 0.5444
vn -0.08411 -0.8969 0.434
vn -0.2733 -0.957 -0.09687
vn 0.807 0.5876 0.0589
vn 0.7606 0.6342 0.1382
vn 0.634 0.6063 0.48
vn 0.7953 0.5051 0.3352
vn 0.4411 0.4319 0.7867
vn 0.7333 0.2179 0.6439
vn 0.7757 0.134 -0.6166
vn 0.8517 -0.04877 -0.5217
vn 0.8644 0.3016 -0.4022
vn 0.8054 0.3499 -0.4783
vn 0.03662 -0.8539 -0.5191
vn 0.1037 -0.9048 -0.413
vn 0.03259 -0.8774 -0.4786
vn 0.1709 -0.9201 -0.3524
vn 0.08295 -0.9012 -0.4254
vn 0.5193 0.8377 0.169
vn 0.5639 0.8257 -0.01505
vn 0.5891 0.7492 -0.3027
vn -0.6194 -0.7613 -0.1916
vn -0.7035 -0.6919 0.1622
vn -0.7265 -0.5478 0.4148
vn 0.5222 0.09449 -0.8475
vn 0.4855 -0.2561 -0.8359
vn 0.5223 -0.328 -0.7871
vn -0.6081 -0.2439 0.7554
vn -0.5032 -0.08975 0.8595
vn -0.393 0.05292 0.918
vn 0.07193 -0.2527 -0.9648
vn -0.2996 -0.2872 -0.9098
vn -0.4307 -0.3415 -0.8354
vn 0.07004 0.5365 0.841
vn 0.4105 0.7553 0.5108
vn 0.5093 0.802 0.312
vn -0.5534 -0.5983 -0.5794
vn -0.4693 -0.5442 -0.6954
vn 0.5022 0.8245 0.2606
vn 0.508 0.8332 0.2184
vn 0.1675 -0.6193 -0.7671
vn 0.1873 -0.6057 -0.7733
vn -0.05008 -0.7507 -0.6587
vn -0.08533 -0.7616 -0.6424
vn -0.4561 -0.8405 -0.2924
vn -0.4765 -0.8335 -0.2796
vn 0.6511 0.7572 0.05271
vn 0.6222 0.7815 0.04639
vn 0.7378 0.6228 -0.2602
vn 0.772 0.5736 -0.2738
vn 0.7524 0.3369 -0.566
vn 0.772 0.271 -0.575
vn 0.6511 -0.05875 -0.7567
vn 0.631 -0.02454 -0.7754
vn 0.576 -0.1319 -0.8067
vn 0.6009 -0.1543 -0.7843
vn 0.5087 -0.2449 -0.8253
vn 0.5323 -0.263 -0.8046
vn 0.3383 -0.4866 -0.8054
vn 0.3301 -0.4757 -0.8153
vn 0.2564 -0.5502 -0.7947
vn 0.2531 -0.5594 -0.7893
vn 0.5287 0.8269 0.1914
vn 0.5392 0.8237 0.1752
vn -0.0116 -0.4504 0.8927
vn -0.01315 -0.4886 0.8724
vn 0.1448 -0.4222 0.8948
vn 0.8754 -0.03153 -0.4823
vn 0.8929 -0.01981 -0.4498
vn 0.8717 -0.1505 -0.4664
vn 0.6872 -0.1448 0.7118
vn 0.7927 -0.09107 0.6026
vn 0.8443 -0.03037 0.5349
vn 0.3374 -0.85 -0.4045
vn 0.06821 -0.9461 -0.3164
vn -0.1098 -0.987 -0.117
vn 0.8847 0.03534 0.4648
vn 0.9384 0.2005 0.2813
vn -0.06543 -0.8607 -0.5049
vn -0.1603 -0.9647 0.209
vn -0.1009 -0.7813 0.6159
vn 0.2662 -0.6839 -0.6793
vn 0.3762 -0.569 -0.7312
vn 0.5988 -0.3638 -0.7135
vn 0.6788 -0.5575 -0.4779
vn 0.3771 -0.6605 -0.6492
vn 0.9149 -0.3194 -0.2466
vn 0.7878 0.6158 -0.009156
vn 0.7844 0.6201 0.01245
vn 0.8721 0.4656 -0.1506
vn 0.9428 0.2103 -0.2586
vn 0.9996 0.02222 -0.01572
vn -0.01538 -0.6479 -0.7615
vn -0.367 0.1379 0.9199
vn -0.2058 0.07907 0.9754
vn -0.3759 -0.1628 0.9122
vn -0.5038 -0.1016 0.8578
vn -0.4834 -0.296 0.8238
vn -0.5726 -0.2143 0.7913
vn 0.2824 -0.5142 -0.8098
vn 0.1649 -0.5927 -0.7883
vn 0.03201 -0.659 -0.7514
vn -0.04416 0.5791 0.814
vn 0.3522 0.7053 0.6152
vn 0.5727 0.7074 0.4142
vn -0.2187 -0.7501 -0.624
vn -0.5296 -0.7766 -0.3411
vn 0.6558 0.6899 0.3063
vn 0.7489 0.6457 0.1489
vn 0.8539 0.5019 -0.1378
vn 0.852 0.2283 -0.4711
vn -0.7062 -0.7048 -0.06748
vn -0.7859 -0.6033 0.1351
vn 0.6344 -0.1668 -0.7548
vn 0.5951 -0.2102 -0.7757
vn 0.5239 -0.2896 -0.801
vn -0.809 -0.2936 0.5091
vn -0.7199 -0.05908 0.6915
vn -0.5483 0.1922 0.8138
vn 0.7533 0.04379 -0.6561
vn 0.7298 0.01364 -0.6835
vn 0.6494 -0.1546 -0.7445
vn 0.6792 -0.1357 -0.7212
vn 0.5459 -0.2913 -0.7855
vn 0.5611 -0.3027 -0.7704
vn 0.6178 -0.1664 -0.7685
vn 0.5265 -0.278 -0.8034
vn 0.7028 -0.0181 -0.7112
vn -0.9157 -0.09101 0.3913
vn -0.896 -0.1296 0.4248
vn -0.7959 0.1214 0.5932
vn -0.8184 0.1663 0.55
vn -0.6534 0.3253 0.6835
vn -0.6846 0.3649 0.631
vn -0.7773 0.07862 0.6242
vn -0.6216 0.2908 0.7273
vn -0.8791 -0.1651 0.4471
vn 0.1634 -0.5788 -0.7989
vn 0.1883 -0.5463 -0.8161
vn -0.009522 -0.6275 -0.7785
vn -0.0289 -0.6472 -0.7618
vn -0.188 -0.6753 -0.7131
vn -0.195 -0.687 -0.6999
vn 0.01056 -0.6021 -0.7983
vn -0.1713 -0.6565 -0.7346
vn 0.205 -0.5139 -0.833
vn -0.3464 0.6817 0.6444
vn -0.2796 0.6465 0.7098
vn 0.1515 0.8224 0.5483
vn 0.06735 0.8628 0.501
vn 0.4557 0.8236 0.3375
vn 0.3844 0.8686 0.3124
vn 0.2379 0.7673 0.5954
vn 0.5238 0.7654 0.3739
vn -0.2042 0.6095 0.766
vn -0.3874 -0.7017 -0.5979
vn -0.3847 -0.7106 -0.5891
vn -0.6298 -0.6772 -0.3804
vn -0.6276 -0.6804 -0.3783
vn -0.3783 -0.6916 -0.6152
vn -0.6228 -0.6808 -0.3854
vn 0.5831 0.7826 0.218
vn 0.5375 0.8202 0.1958
vn 0.6937 0.7179 0.05737
vn 0.6782 0.7343 0.02948
vn 0.6267 0.7367 0.254
vn 0.7143 0.6926 0.09998
vn 0.7772 0.6099 -0.1545
vn 0.778 0.6009 -0.1834
vn 0.8111 0.4602 -0.361
vn 0.8117 0.4488 -0.3737
vn 0.79 0.6027 -0.1124
vn 0.825 0.4501 -0.3417
vn -0.8053 -0.5789 -0.128
vn -0.8097 -0.5715 -0.133
vn -0.8866 -0.4566 0.07367
vn -0.896 -0.4401 0.05853
vn -0.7938 -0.5957 -0.1226
vn -0.8734 -0.479 0.08795
vn -0.5707 -9.156e-05 0.8211
vn -0.4297 -0.3094 0.8483
vn -0.2058 -0.1459 0.9677
vn -0.2362 0.3182 0.9181
vn 0.2394 -0.009278 0.9709
vn 0.3099 0.5402 0.7823
vn -0.04386 -0.6397 0.7673
vn 0.05725 -0.6601 0.749
vn -0.09665 -0.5807 0.8083
vn -0.4112 -0.7377 -0.5354
vn -0.3283 -0.7866 -0.5229
vn -0.4564 -0.8274 -0.327
vn -0.5355 -0.7617 -0.3648
vn -0.6037 -0.7873 -0.1256
vn -0.6782 -0.7096 -0.191
vn -0.2309 -0.9623 -0.1437
vn -0.2423 -0.9247 0.2936
vn -0.1604 -0.8655 -0.4745
vn 0.5462 0.06253 0.8353
vn 0.6242 0.5879 0.5145
vn 0.7853 0.1574 0.5988
vn 0.7772 0.547 0.3111
vn 0.197 -0.595 0.7792
vn 0.5013 -0.4484 0.74
vn 0.96 0.1645 0.2265
vn 0.9027 0.4219 0.08365
vn 0.9654 0.09711 -0.2422
vn 0.9315 0.2511 -0.2633
vn 0.8603 -0.2896 0.4196
vn 0.9698 -0.1736 -0.1713
vn -0.7371 -0.6679 0.1027
vn -0.8251 -0.5646 -0.0202
vn -0.7897 -0.4896 0.3697
vn -0.9077 -0.366 0.2052
vn -0.2075 -0.7656 0.6089
vn -0.153 -0.6306 0.7608
vn 0.6784 0.05966 -0.7323
vn 0.6908 0.02091 -0.7227
vn 0.6085 0.0173 -0.7934
vn 0.5775 0.03696 -0.8155
vn 0.4378 -0.06937 -0.8963
vn 0.3854 -0.05692 -0.921
vn 0.6443 -0.06012 -0.7624
vn 0.5154 -0.1511 -0.8435
vn 0.6934 -0.06784 -0.7173
vn -0.7455 -0.2029 0.6349
vn -0.6239 -0.2755 0.7313
vn -0.5374 -0.2713 0.7984
vn -0.6543 -0.2001 0.7293
vn -0.4852 -0.2898 0.825
vn -0.6097 -0.1945 0.7684
vn -0.3163 -0.3998 0.8603
vn -0.2687 -0.4089 0.8721
vn -0.2509 -0.4704 0.846
vn -0.2172 -0.5205 -0.8258
vn -0.1579 -0.5528 -0.8182
vn -0.2547 -0.6957 -0.6717
vn -0.3257 -0.6607 -0.6762
vn -0.1054 -0.7429 -0.6611
vn -0.01267 -0.6081 -0.7938
vn -0.4416 0.6866 0.5775
vn -0.5389 0.7782 0.3223
vn -0.5911 0.8065 0.002594
vn 0.1145 -0.3049 -0.9455
vn 0.05756 -0.2827 -0.9575
vn 0.2401 -0.3759 -0.895
vn 0.3869 -0.4283 -0.8166
vn 0.3759 -0.4621 -0.8032
vn 0.388 -0.3977 -0.8314
vn 0.4091 -0.4063 -0.817
vn 0.4009 -0.386 -0.8308
vn 0.4099 -0.4151 -0.8122
vn -0.01819 0.6221 0.7827
vn 0.1555 0.6424 0.7505
vn 0.843 0.4987 0.2016
vn 0.8489 0.5003 0.1706
vn 0.4237 -0.3648 -0.8291
vn 0.4404 -0.3805 -0.8131
vn 0.4317 -0.3826 -0.8169
vn 0.4565 -0.4034 -0.793
vn 0.4617 -0.3671 -0.8075
vn 0.4137 -0.4181 -0.8087
vn 0.4274 -0.4248 -0.7981
vn 0.3906 -0.3658 -0.8447
vn 0.3856 -0.3605 -0.8493
vn 0.3014 -0.5066 -0.8078
vn 0.3265 -0.4928 -0.8066
vn 0.3655 -0.7055 -0.6072
vn 0.3806 -0.7079 -0.595
vn 0.3165 -0.6434 -0.697
vn -0.7227 -0.6836 0.102
vn -0.6808 -0.7324 0.003357
vn 0.5651 -0.2906 -0.7721
vn 0.4429 -0.4312 -0.786
vn 0.3249 -0.5409 -0.7757
vn 0.453 -0.4275 -0.7823
vn 0.3388 -0.5352 -0.7737
vn 0.5675 -0.2918 -0.7699
vn 0.232 -0.6132 -0.7551
vn 0.1289 -0.6807 -0.7211
vn 0.2459 -0.6064 -0.7561
vn 0.1449 -0.6709 -0.7272
vn 0.7006 -0.08826 -0.708
vn 0.6526 -0.1664 -0.7392
vn 0.65 -0.1687 -0.741
vn 0.6973 -0.08393 -0.7118
vn 0.6894 0.7193 0.08515
vn 0.8267 0.5062 -0.2457
vn 0.8178 0.1883 -0.5438
vn 0.8223 0.5083 -0.2559
vn 0.8116 0.1954 -0.5505
vn 0.6883 0.7213 0.07657
vn -0.1429 -0.8043 -0.5768
vn -0.5103 -0.8251 -0.2424
vn -0.122 -0.7978 -0.5904
vn -0.498 -0.8301 -0.2509
vn -0.7421 -0.3348 0.5806
vn -0.6517 -0.08371 0.7538
vn -0.5098 0.1638 0.8445
vn -0.6344 -0.077 0.7691
vn -0.4996 0.1571 0.8519
vn -0.7256 -0.3136 0.6125
vn 0.02503 0.6698 0.7421
vn 0.3952 0.799 0.4531
vn 0.5415 0.7898 0.2879
vn 0.4113 0.7992 0.4382
vn 0.5471 0.7899 0.2769
vn 0.04154 0.6713 0.74
vn 0.5895 0.7741 0.2306
vn 0.5892 0.7763 0.2241
vn -0.6936 -0.719 0.04425
vn -0.7479 -0.6286 0.2134
vn -0.6908 -0.7209 0.0542
vn -0.7474 -0.6187 0.2418
vn -0.06 -0.8745 -0.4812
vn -0.0947 -0.8536 -0.5121
vn 0.1878 -0.7705 -0.6091
vn 0.2191 -0.77 -0.5992
vn 0.491 -0.8687 -0.06461
vn 0.5863 -0.7686 -0.256
vn 0.4581 -0.839 0.2934
vn 0.6695 -0.6566 -0.3473
vn 0.5916 -0.606 -0.5317
vn 0.6016 -0.5604 -0.5692
vn 0.5744 -0.6793 -0.4567
vn 0.8372 -0.5445 -0.05002
vn 0.887 -0.4418 0.1344
vn 0.678 -0.1132 0.7263
vn 0.9825 -0.1277 0.1359
vn 0.74 -0.5449 -0.3942
vn 0.8466 -0.3795 -0.3731
vn 0.681 -0.5596 -0.4723
vn 0.8986 0.4162 -0.1385
vn 0.8482 0.5253 -0.06751
vn 0.789 0.612 -0.05445
vn 0.9041 -0.02759 -0.4264
vn 0.9119 0.06934 -0.4045
vn 0.8794 -0.1061 -0.4641
vn 0.9709 0.2312 -0.0622
vn 0.8741 -0.1841 -0.4494
vn 0.7784 0.5931 -0.2056
vn 0.7847 0.4869 -0.3836
vn 0.873 0.1159 -0.4736
vn 0.8162 0.03824 -0.5765
vn 0.7064 0.2558 -0.66
vn 0.5858 0.0817 -0.8063
vn 0.6643 -0.1652 -0.729
vn 0.4157 -0.1707 -0.8933
vn 0.6166 -0.1748 -0.7676
vn 0.4832 -0.2799 -0.8296
vn 0.7014 -0.1217 -0.7023
vn 0.0268 -0.6873 -0.7259
vn -0.04862 -0.837 -0.5451
vn 0.1188 -0.8715 -0.4758
vn 0.2274 -0.7328 -0.6412
vn 0.2629 -0.6311 -0.7298
vn 0.557 -0.284 -0.7804
vn 0.4541 -0.4088 -0.7916
vn 0.3451 -0.5137 -0.7855
vn 0.2535 -0.5842 -0.771
vn 0.1566 -0.6456 -0.7474
vn 0.679 -0.07929 -0.7298
vn 0.6316 -0.169 -0.7567
vn 0.6767 0.7334 0.065
vn 0.8045 0.5299 -0.2681
vn 0.7962 0.2208 -0.5633
vn -0.1061 -0.7793 -0.6176
vn -0.4889 -0.8305 -0.2668
vn -0.7087 -0.2945 0.6411
vn -0.6192 -0.07215 0.7819
vn -0.4917 0.1499 0.8577
vn -0.6002 -0.07462 0.7963
vn -0.4813 0.1384 0.8655
vn -0.6867 -0.285 0.6687
vn 0.04761 0.6736 0.7375
vn 0.4172 0.8047 0.4224
vn 0.5454 0.7956 0.2637
vn 0.4107 0.8205 0.3975
vn 0.5328 0.8117 0.2391
vn 0.04483 0.6799 0.7319
vn 0.5822 0.7841 0.2149
vn 0.5653 0.801 0.197
vn -0.6877 -0.723 0.06552
vn -0.7433 -0.6104 0.2735
vn -0.6836 -0.7254 0.08109
vn -0.7354 -0.6042 0.3067
vn 0.565 -0.3209 -0.7601
vn 0.5679 -0.3132 -0.7612
vn 0.3512 -0.4985 -0.7925
vn 0.3137 -0.5314 -0.7868
vn 0.1267 -0.6099 -0.7822
vn 0.08026 -0.636 -0.7675
vn -0.6069 -0.6813 -0.4092
vn -0.6165 -0.6861 -0.3862
vn -0.8105 -0.5684 -0.1412
vn -0.8166 -0.5542 -0.1613
vn -0.9048 -0.4235 0.04547
vn -0.9192 -0.3929 0.02771
vn 0.6488 0.7609 -0.001373
vn 0.6652 0.7465 0.01382
vn 0.7834 0.5885 -0.1998
vn 0.7818 0.5841 -0.2182
vn 0.8189 0.4282 -0.3821
vn 0.8192 0.4131 -0.3978
vn 0.2625 0.9257 0.2723
vn 0.3209 0.9001 0.2944
vn 0.4962 0.8488 0.1824
vn 0.4566 0.8737 0.1675
vn -0.191 -0.6896 -0.6985
vn -0.1939 -0.6914 -0.6959
vn -0.3694 -0.7155 -0.5929
vn -0.3517 -0.7113 -0.6086
vn -0.4247 0.747 0.5115
vn -0.3941 0.7145 0.578
vn -0.001831 0.8896 0.4568
vn -0.05972 0.9101 0.41
vn -0.05051 -0.6611 -0.7486
vn -0.07541 -0.6701 -0.7384
vn -0.9491 0.002533 0.3149
vn -0.9339 -0.04962 0.354
vn -0.8395 0.2096 0.5012
vn -0.8559 0.2572 0.4486
vn -0.7079 0.4079 0.5766
vn -0.7222 0.4562 0.5199
vn 0.7755 0.08603 -0.6254
vn 0.7691 0.06732 -0.6355
vn 0.7017 -0.1138 -0.7033
vn 0.715 -0.09116 -0.6931
vn 0.9602 0.2587 0.1046
vn 0.984 0.1465 -0.1011
vn -0.6669 -0.2784 0.6912
vn -0.5838 -0.07819 0.8081
vn -0.4725 0.1276 0.872
vn 0.04227 0.6875 0.725
vn 0.4042 0.8356 0.3719
vn 0.5205 0.8269 0.2127
vn 0.5476 0.8177 0.1776
vn -0.6794 -0.7274 0.09595
vn -0.7281 -0.5968 0.3371
vn -0.7161 -0.4483 0.5349
vn -0.7318 -0.46 0.5028
vn -0.7118 -0.4302 0.5552
vn -0.9449 -0.2597 0.1991
vn -0.9612 -0.2125 0.1756
vn -0.9304 -0.2909 0.2228
vn -0.7482 -0.4731 0.4651
vn -0.7586 -0.4933 0.4255
vn 0.7709 0.3713 -0.5175
vn 0.7646 -0.06595 -0.6411
vn -0.7654 -0.5149 0.386
vn -0.7728 -0.5242 0.3577
vn 0.3506 -0.6548 -0.6695
vn 0.07666 -0.8064 -0.5863
vn -0.7357 -0.334 0.5892
vn -0.8559 -0.2382 0.4589
vn -0.1238 -0.5498 0.826
vn -0.9154 -0.3161 0.2492
vn -0.9003 -0.3408 0.2709
vn -0.8224 -0.4632 0.3301
vn -0.8401 -0.4416 0.3148
vn -0.8027 -0.4886 0.342
vn -0.02451 -0.5121 0.8585
vn -0.4773 -0.3916 0.7866
vn 0.3855 -0.5085 0.7699
vn -0.6873 -0.3932 0.6106
vn -0.6928 -0.4098 0.5934
vn -0.7066 -0.3341 0.6237
vn 0.6902 -0.46 -0.5585
vn 0.658 -0.6667 -0.3501
vn 0.6068 -0.7862 -0.1166
vn 0.6627 -0.4364 0.6085
vn -0.6903 -0.2938 0.6612
vn -0.7077 -0.4141 0.5724
vn -0.8556 -0.42 0.3026
vn -0.8702 -0.3954 0.2937
vn -0.7849 -0.5132 0.3471
vn -0.9992 -0.03848 0.0112
vn -0.9874 -0.1194 0.1038
vn -0.9989 -0.003754 -0.04682
vn -0.7969 -0.4202 0.4341
vn -0.1185 -0.6604 0.7415
vn -0.5813 -0.3432 0.7378
vn -0.6452 -0.2504 0.7218
vn -0.4784 -0.4678 0.7431
vn -0.96 0.1846 -0.2106
vn -0.9575 0.178 -0.227
vn -0.9984 0.0379 -0.04273
vn -0.5813 -0.1913 -0.7908
vn -0.6117 -0.1004 -0.7847
vn -0.2409 -0.6568 0.7145
vn -0.1972 -0.6784 0.7077
vn -0.3085 -0.6224 0.7194
vn -0.3127 0.3557 0.8807
vn -0.3133 0.3652 0.8766
vn -0.3154 0.346 0.8836
vn -0.6032 0.5322 0.5941
vn -0.6165 0.5806 0.5317
vn -0.5748 0.4891 0.6561
vn -0.3152 0.3757 0.8715
vn -0.3182 0.3838 0.8668
vn 0.2089 -0.4425 -0.8721
vn 0.348 -0.4725 -0.8097
vn -0.3262 0.3912 0.8605
vn -0.3407 0.3983 0.8516
vn -0.3815 0.574 0.7245
vn -0.2633 0.3494 0.8992
vn -0.1485 -0.8578 -0.4921
vn -0.3508 -0.8263 -0.4405
vn -0.4605 -0.3165 0.8293
vn -0.6052 -0.1507 0.7816
vn -0.174 -0.4828 0.8582
vn -0.5305 0.4526 0.7167
vn -0.48 0.4236 0.7682
vn -0.3558 0.3809 0.8534
vn -0.3561 0.3731 0.8567
vn -0.3588 0.3913 0.8474
vn 0.1027 0.3459 0.9326
vn -0.005341 0.4415 0.8972
vn 0.157 0.249 0.9557
vn 0.4512 -0.2633 0.8527
vn 0.08423 0.03946 0.9956
vn 0.6705 -0.4345 0.6014
vn -0.2528 0.221 0.9419
vn -0.2803 0.2614 0.9236
vn -0.2376 0.2181 0.9466
vn 0.2284 -0.8864 -0.4025
vn 0.3296 -0.8907 -0.3129
vn 0.5433 -0.8322 -0.1105
vn 0.7504 -0.5114 0.4187
vn -0.1691 0.2053 0.964
vn -0.3083 0.3157 0.8973
vn -0.3546 0.3993 0.8454
vn -0.3677 0.3713 0.8526
vn -0.3935 0.3796 0.8373
vn -0.0539 -0.03168 0.998
vn 0.1007 -0.3747 0.9216
vn -0.6061 0.7917 -0.077
vn -0.6356 0.758 0.1462
vn -0.3511 -0.5841 0.7318
vn -0.2505 -0.6528 0.7148
vn 0.2391 -0.113 0.9644
vn 0.2462 -0.06326 0.9671
vn 0.191 -0.1408 0.9714
vn 0.8089 0.2539 -0.5303
vn 0.8083 0.2491 -0.5334
vn 0.8025 0.256 -0.5388
vn 0.7288 0.02615 -0.6843
vn 0.7439 0.009461 -0.6682
vn 0.7057 0.06165 -0.7058
vn 0.7479 -0.0008545 -0.6638
vn 0.7427 -0.01151 -0.6695
vn -0.9894 0.06574 -0.1294
vn 0.8047 0.03836 -0.5924
vn 0.8036 0.111 -0.5846
vn 0.7936 -0.09061 -0.6016
vn 0.7964 0.2445 -0.553
vn 0.7948 0.2163 -0.567
vn 0.7274 -0.04199 -0.6849
vn 0.7383 -0.01468 -0.6743
vn 0.7279 -0.04123 -0.6844
vn 0.6906 0.1133 -0.7142
vn 0.6971 0.1729 -0.6957
vn 0.6955 0.2855 -0.6594
vn 0.64 0.456 -0.6184
vn 0.7341 -0.02582 -0.6785
vn 0.7624 0.04025 -0.6458
vn 0.7843 0.1089 -0.6107
vn 0.9387 0.1844 -0.2913
vn 0.9164 -0.3193 -0.2411
vn 0.6903 -0.6544 -0.3087
vn 0.6786 -0.5683 -0.4653
vn 0.4259 0.2421 -0.8718
vn 0.5034 0.1092 -0.8571
vn 0.3103 0.4125 -0.8564
vn 0.8092 0.3125 -0.4975
vn 0.8056 0.2739 -0.5253
vn 0.1788 0.1645 0.97
vn 0.1973 0.08661 0.9765
vn -0.07175 0.9396 -0.3345
vn 0.005005 0.8357 -0.5491
vn -0.1915 0.9784 -0.07727
vn 0.1943 -0.9803 -0.03525
vn 0.3655 -0.8281 -0.4251
vn 0.727 -0.4412 -0.5261
vn 0.3189 -0.7065 -0.6317
vn 0.4878 -0.4174 -0.7666
vn 0.1087 -0.9049 -0.4115
vn 0.194 -0.7381 0.6461
vn 0.07468 -0.7995 0.5959
vn 0.07627 -0.9152 0.3957
vn 0.579 -0.01578 -0.8151
vn 0.5725 0.3479 -0.7424
vn -0.07892 -0.985 -0.1537
vn 0.7733 -0.5786 -0.2592
vn 0.636 -0.5476 -0.5437
vn 0.7956 -0.151 -0.5866
vn 0.6202 -0.1094 -0.7767
vn 0.9585 -0.1839 -0.218
vn 0.4007 0.2168 0.8902
vn 0.5174 0.3446 0.7832
vn 0.7334 0.3375 0.5901
vn 0.9441 -0.1468 0.295
vn 0.4948 -0.09742 -0.8635
vn 0.4329 -0.1499 -0.8889
vn 0.4402 -0.2637 -0.8582
vn 0.5768 0.513 -0.6357
vn 0.9882 -0.01386 -0.1523
vn 0.8529 -0.515 -0.0856
vn 0.7622 -0.29 -0.5787
vn 0.689 -0.1717 -0.7041
vn -0.1226 -0.4483 0.8854
vn 0.0632 -0.517 0.8536
vn 0.1967 -0.6282 0.7528
vn 0.4356 -0.4257 0.7931
vn 0.3121 -0.5809 0.7518
vn -0.005982 -0.593 0.8051
vn 0.5592 -0.2429 -0.7926
vn 0.324 -0.4574 -0.8281
vn 0.09189 -0.6514 -0.7531
vn 0.1495 -0.7516 0.6424
vn -0.009919 -0.822 0.5694
vn -0.0629 -0.9095 -0.4108
vn -0.05646 -0.9977 0.03845
vn 0.1066 -0.7909 0.6026
vn -0.08112 -0.8084 0.583
vn 0.1428 -0.7296 0.6688
vn 0.5909 -0.637 0.4951
vn 0.3263 -0.4411 0.836
vn 0.6658 -0.1455 -0.7318
vn -0.1928 -0.4748 0.8587
vn -0.01428 -0.7759 -0.6307
vn 0.9196 0.3149 -0.235
vn 0.7981 0.155 -0.5822
vn 0.6607 0.08741 -0.7455
vn -0.6285 -0.17 0.759
vn -0.6016 -0.08133 0.7946
vn -0.5175 0.1354 0.8449
vn -0.8657 -0.3976 0.3041
vn -0.8296 -0.2707 0.4883
vn -0.7536 -0.2183 0.62
vn 0.3533 -0.05145 -0.9341
vn 0.04361 -0.2597 -0.9647
vn -0.2337 -0.4828 -0.844
vn -0.3686 -0.6221 -0.6907
vn -0.4675 -0.6962 -0.5448
vn -0.6774 -0.1982 0.7083
vn 0.5477 0.05033 -0.8352
vn -0.711 -0.6837 -0.1642
vn -0.8208 -0.5665 0.07327
vn 0.7493 0.5993 0.2817
vn 0.8668 0.487 0.1067
vn 0.3724 0.6458 0.6665
vn 0.6323 0.6458 0.4279
vn -0.5855 -0.7201 -0.3722
vn -0.1437 0.4702 0.8707
vn -0.09671 0.575 -0.8124
vn 0.06162 0.717 -0.6943
vn 0.1155 0.6233 -0.7734
vn 0.2124 0.82 -0.5314
vn 0.3838 0.1277 0.9145
vn 0.2251 0.007752 0.9743
vn 0.06211 -0.1593 0.9853
vn -0.149 -0.5308 0.8343
vn -0.198 -0.6795 0.7064
vn -0.2683 -0.8004 0.536
vn -0.7288 -0.2327 -0.6439
vn -0.6308 -0.0509 -0.7743
vn -0.4886 0.1534 -0.8589
vn 0.3683 0.8687 -0.3311
vn 0.5126 0.8506 -0.1163
vn -0.7783 -0.556 -0.2918
vn -0.7819 -0.3981 -0.4797
vn -0.296 0.3782 -0.8771
vn -0.3934 -0.8569 0.333
vn -0.5574 -0.8215 0.1198
vn -0.7015 -0.7069 -0.09
vn 0.6488 0.7391 0.1807
vn 0.6688 0.4969 0.553
vn 0.5375 0.2575 0.803
vn -0.07086 -0.3556 0.9319
vn 0.8471 0.4149 -0.3319
vn 0.7928 0.1709 -0.5849
vn 0.6775 -0.05075 -0.7337
vn -0.5929 0.2588 0.7626
vn -0.4321 0.3982 0.8091
vn -0.1352 0.5726 0.8085
vn -0.8572 -0.5058 0.09659
vn -0.8851 -0.368 0.2848
vn -0.8644 -0.1996 0.4615
vn 0.5102 -0.2652 -0.8181
vn 0.3855 -0.3726 -0.8441
vn 0.2177 -0.4853 -0.8468
vn 0.5929 -0.1733 -0.7864
vn -0.7618 0.03812 0.6467
vn 0.03388 -0.5765 -0.8164
vn -0.1455 -0.637 -0.757
vn 0.3084 0.7085 0.6348
vn 0.574 0.7063 0.4143
vn -0.3611 -0.6844 -0.6333
vn -0.6109 -0.6893 -0.3894
vn 0.6606 0.6892 0.2977
vn 0.7383 0.6584 0.1463
vn 0.8144 0.5755 -0.07468
vn -0.7781 -0.6169 -0.1181
vn 0.1959 0.5392 -0.8191
vn 0.8032 0.4183 -0.4239
vn 0.805 0.253 -0.5366
vn 0.787 0.09864 -0.6091
vn -0.7388 0.5365 0.4078
vn -0.6315 0.6608 0.4056
vn -0.4617 0.8072 0.3676
vn -0.9485 -0.3152 -0.03262
vn -0.9861 -0.1218 0.1129
vn -0.9674 0.09351 0.2354
vn 0.7352 -0.07935 -0.6731
vn 0.5719 -0.3372 -0.7478
vn -0.8736 0.3394 0.3488
vn 0.0495 -0.6752 -0.7359
vn -0.09272 -0.696 -0.712
vn -0.1946 -0.6964 -0.6907
vn -0.1479 0.9508 0.272
vn 0.1489 0.9753 0.1628
vn -0.352 -0.6914 -0.6309
vn -0.619 -0.6341 -0.4634
vn 0.3665 0.9262 0.08832
vn 0.5944 0.8021 -0.05652
vn 0.7531 0.6043 -0.26
vn -0.8418 -0.4901 -0.2263
vn 0.2901 -0.5728 -0.7666
vn -0.256 0.9079 0.3318
vn -0.1736 0.8731 0.4556
vn -0.09458 0.8121 0.5758
vn -0.3462 0.7365 0.581
vn -0.2694 0.6989 0.6625
vn -0.4309 0.7548 0.4946
vn -0.8559 0.4752 -0.204
vn -0.7093 0.6983 -0.09626
vn -0.5314 0.8461 0.04108
vn -0.8128 0.5636 0.1469
vn -0.6779 0.6865 0.2631
vn -0.9175 0.395 0.0459
vn -0.3737 0.9084 0.1875
vn -0.5433 0.7471 0.3829
vn 0.1587 0.3725 0.9143
vn 0.192 0.1321 0.9724
vn 0.1556 -0.01685 0.9876
vn -0.01209 0.1362 0.9906
vn -0.04184 -0.005066 0.9991
vn -0.05078 0.346 0.9368
vn -0.01679 -0.282 0.9593
vn -0.1356 -0.4093 0.9022
vn -0.263 -0.5014 0.8242
vn -0.3012 -0.3537 0.8855
vn -0.4042 -0.4269 0.809
vn -0.1991 -0.2467 0.9484
vn -0.4007 -0.5654 0.721
vn -0.5593 -0.606 0.5656
vn -0.5111 -0.4753 0.7161
vn -0.6347 -0.508 0.5823
vn -0.9216 -0.3753 -0.09885
vn -0.9477 -0.2446 -0.2051
vn -0.9617 -0.03632 -0.2717
vn -0.976 -0.214 -0.04016
vn -0.9972 -0.02393 -0.07028
vn -0.9426 -0.3319 0.03604
vn -0.711 -0.5967 0.372
vn -0.8209 -0.541 0.1825
vn -0.7547 -0.5048 0.4189
vn -0.8451 -0.4659 0.2619
vn -0.8853 -0.4644 0.02554
vn -0.9036 -0.4069 0.134
vn -0.938 0.2202 -0.2675
vn -0.9797 0.1974 -0.03317
vn 0.08203 -0.1464 0.9858
vn -0.1093 -0.1266 0.9859
vn 0.035 0.6553 0.7545
vn -0.1614 0.5771 0.8005
vn -0.5382 -0.7167 -0.4435
vn -0.7471 0.556 0.3643
vn -0.6394 0.6066 0.4725
vn -0.5431 0.6186 0.5677
vn -0.745 0.3065 0.5925
vn -0.6972 0.3125 0.6452
vn -0.7966 0.2787 0.5365
vn -0.9285 0.3349 0.1603
vn -0.8489 0.4619 0.2569
vn -0.8459 0.2336 0.4795
vn -0.8863 0.1717 0.4302
vn -0.9988 -0.01779 0.04544
vn -0.9809 0.1756 0.08365
vn -0.916 0.09217 0.3903
vn -0.9286 -0.006439 0.3709
vn -0.4669 0.6172 0.6332
vn -0.3999 0.6016 0.6914
vn -0.6603 0.3123 0.6829
vn -0.625 0.3196 0.7121
vn -0.9452 -0.294 0.1419
vn -0.9792 -0.1898 0.07105
vn -0.9166 -0.09272 0.389
vn -0.8927 -0.1451 0.4266
vn -0.8545 -0.3963 0.3356
vn -0.9067 -0.3539 0.2293
vn -0.8676 -0.1764 0.4649
vn -0.8375 -0.2023 0.5076
vn -0.3195 0.5083 0.7997
vn -0.2401 0.3171 0.9175
vn -0.5719 0.2936 0.7659
vn -0.5268 0.1805 0.8306
vn -0.2432 0.008454 0.9699
vn -0.3017 -0.09787 0.9483
vn -0.3747 -0.1989 0.9055
vn -0.5687 -0.04352 0.8214
vn -0.5974 -0.0925 0.7966
vn -0.5451 0.007538 0.8383
vn -0.6873 -0.4183 0.5938
vn -0.7804 -0.4214 0.462
vn -0.7945 -0.2205 0.5658
vn -0.7404 -0.2218 0.6345
vn -0.2141 0.1351 0.9674
vn -0.5273 0.07199 0.8466
vn -0.5221 -0.3476 0.7788
vn -0.5959 -0.3889 0.7025
vn -0.692 -0.1982 0.6941
vn -0.6592 -0.1705 0.7324
vn -0.4512 -0.2869 0.845
vn -0.6288 -0.1375 0.7653
f 1/1/1 2/2/2 3/3/3
f 1/1/1 3/3/3 4/4/4
f 4/4/4 3/3/3 5/5/5
f 4/4/4 5/5/5 6/6/6
f 3/3/3 7/7/7 8/8/8
f 3/3/3 8/8/8 5/5/5
f 2/2/2 9/9/9 7/7/7
f 2/2/2 7/7/7 3/3/3
f 10/10/10 11/11/11 12/12/12
f 10/10/10 12/12/12 13/13/13
f 13/13/13 12/12/12 14/14/14
f 13/13/13 14/14/14 15/15/15
f 12/12/12 16/16/16 17/17/17
f 12/12/12 17/17/17 14/14/14
f 11/11/11 18/18/18 16/16/16
f 11/11/11 16/16/16 12/12/12
f 19/19/19 20/20/20 21/21/21
f 19/19/19 21/21/21 22/22/22
f 22/22/22 21/21/21 11/11/11
f 22/22/22 11/11/11 10/10/10
f 21/21/21 23/23/23 18/18/18
f 21/21/21 18/18/18 11/11/11
f 20/20/20 24/24/24 23/23/23
f 20/20/20 23/23/23 21/21/21
f 25/25/25 26/26/26 27/27/27
f 25/25/25 27/27/27 28/28/28
f 28/28/28 27/27/27 29/29/29
f 28/28/28 29/29/29 30/30/30
f 27/27/27 31/31/31 32/32/32
f 27/27/27 32/32/32 29/29/29
f 26/26/26 33/33/33 31/31/31
f 26/26/26 31/31/31 27/27/27
f 34/34/34 35/35/35 36/36/36
f 34/34/34 36/36/36 37/37/37
f 37/37/37 36/36/36 26/26/26
f 37/37/37 26/26/26 25/25/25
f 36/36/36 38/38/38 33/33/33
f 36/36/36 33/33/33 26/26/26
f 35/35/35 39/39/39 38/38/38
f 35/35/35 38/38/38 36/36/36
f 40/40/40 41/41/41 42/42/42
f 40/40/40 42/42/42 43/43/43
f 43/43/43 42/42/42 44/44/44
f 43/43/43 44/44/44 45/45/45
f 42/42/42 46/46/46 47/47/47
f 42/42/42 47/47/47 44/44/44
f 41/41/41 48/48/48 46/46/46
f 41/41/41 46/46/46 42/42/42
f 30/30/30 29/29/29 49/49/49
f 30/30/30 49/49/49 50/50/50
f 50/50/50 49/49/49 51/51/51
f 50/50/50 51/51/51 52/52/52
f 49/49/49 53/53/53 54/54/54
f 49/49/49 54/54/54 51/51/51
f 29/29/29 32/32/32 53/53/53
f 29/29/29 53/53/53 49/49/49
f 55/55/55 56/56/56 57/57/57
f 55/55/55 57/57/57 58/58/58
f 58/58/58 57/57/57 20/20/20
f 58/58/58 20/20/20 19/19/19
f 57/57/57 59/59/59 24/24/24
f 57/57/57 24/24/24 20/20/20
f 56/56/56 60/60/60 59/59/59
f 56/56/56 59/59/59 57/57/57
f 52/52/52 51/51/51 61/61/61
f 52/52/52 61/61/61 62/62/62
f 62/62/62 61/61/61 41/41/41
f 62/62/62 41/41/41 40/40/40
f 61/61/61 63/63/63 48/48/48
f 61/61/61 48/48/48 41/41/41
f 51/51/51 54/54/54 63/63/63
f 51/51/51 63/63/63 61/61/61
f 64/64/64 65/65/65 66/66/66
f 64/64/64 66/66/66 67/67/67
f 67/67/67 66/66/66 68/68/68
f 67/67/67 68/68/68 69/69/69
f 66/66/66 70/70/70 71/71/71
f 66/66/66 71/71/71 68/68/68
f 65/65/65 72/72/72 70/70/70
f 65/65/65 70/70/70 66/66/66
f 73/73/73 74/74/74 75/75/75
f 73/73/73 75/75/75 76/76/76
f 76/76/76 75/75/75 77/77/77
f 76/76/76 77/77/77 78/78/78
f 75/75/75 79/79/79 80/80/80
f 75/75/75 80/80/80 77/77/77
f 74/74/74 81/81/81 79/79/79
f 74/74/74 79/79/79 75/75/75
f 82/82/82 83/83/83 84/84/84
f 82/82/82 84/84/84 85/85/85
f 85/85/85 84/84/84 86/86/86
f 85/85/85 86/86/86 87/87/87
f 84/84/84 88/88/88 89/89/89
f 84/84/84 89/89/89 86/86/86
f 83/83/83 90/90/90 88/88/88
f 83/83/83 88/88/88 84/84/84
f 87/87/87 86/86/86 91/91/91
f 87/87/87 91/91/91 92/92/92
f 92/92/92 91/91/91 93/93/93
f 92/92/92 93/93/93 94/94/94
f 91/91/91 95/95/95 96/96/96
f 91/91/91 96/96/96 93/93/93
f 86/86/86 89/89/89 95/95/95
f 86/86/86 95/95/95 91/91/91
f 97/97/97 98/98/98 99/99/99
f 97/97/97 99/99/99 100/100/100
f 100/100/100 99/99/99 101/101/101
f 100/100/100 101/101/101 102/102/102
f 99/99/99 103/103/103 104/104/104
f 99/99/99 104/104/104 101/101/101
f 98/98/98 105/105/105 103/103/103
f 98/98/98 103/103/103 99/99/99
f 72/72/72 106/106/106 107/107/107
f 72/72/72 107/107/107 70/70/70
f 70/70/70 107/107/107 108/108/108
f 70/70/70 108/108/108 71/71/71
f 107/107/107 109/109/109 110/110/110
f 107/107/107 110/110/110 108/108/108
f 106/106/106 111/111/111 109/109/109
f 106/106/106 109/109/109 107/107/107
f 112/112/112 113/113/113 114/114/114
f 112/112/112 114/114/114 115/115/115
f 115/115/115 114/114/114 116/116/116
f 115/115/115 116/116/116 117/117/117
f 114/114/114 118/118/118 119/119/119
f 114/114/114 119/119/119 116/116/116
f 113/113/113 120/120/120 118/118/118
f 113/113/113 118/118/118 114/114/114
f 94/94/94 93/93/93 121/121/121
f 94/94/94 121/121/121 122/122/122
f 122/122/122 121/121/121 123/123/123
f 122/122/122 123/123/123 124/124/124
f 121/121/121 125/125/125 126/126/126
f 121/121/121 126/126/126 123/123/123
f 93/93/93 96/96/96 125/125/125
f 93/93/93 125/125/125 121/121/121
f 127/127/127 128/128/128 129/129/129
f 127/127/127 129/129/129 130/130/130
f 130/130/130 129/129/129 131/131/131
f 130/130/130 131/131/131 132/132/132
f 129/129/129 133/133/133 134/134/134
f 129/129/129 134/134/134 131/131/131
f 128/128/128 135/135/135 133/133/133
f 128/128/128 133/133/133 129/129/129
f 136/136/136 137/137/137 138/138/138
f 136/136/136 138/138/138 139/139/139
f 139/139/139 138/138/138 140/140/140
f 139/139/139 140/140/140 141/141/141
f 138/138/138 142/142/142 143/143/143
f 138/138/138 143/143/143 140/140/140
f 137/137/137 144/144/144 142/142/142
f 137/137/137 142/142/142 138/138/138
f 145/145/145 146/146/146 147/147/147
f 145/145/145 147/147/147 148/148/148
f 148/148/148 147/147/147 137/137/137
f 148/148/148 137/137/137 136/136/136
f 147/147/147 149/149/149 144/144/144
f 147/147/147 144/144/144 137/137/137
f 146/146/146 150/150/150 149/149/149
f 146/146/146 149/149/149 147/147/147
f 151/151/151 152/152/152 153/153/153
f 151/151/151 153/153/153 154/154/154
f 154/154/154 153/153/153 128/128/128
f 154/154/154 128/128/128 127/127/127
f 153/153/153 155/155/155 135/135/135
f 153/153/153 135/135/135 128/128/128
f 152/152/152 156/156/156 155/155/155
f 152/152/152 155/155/155 153/153/153
f 157/157/157 158/158/158 159/159/159
f 157/157/157 159/159/159 160/160/160
f 160/160/160 159/159/159 146/146/146
f 160/160/160 146/146/146 145/145/145
f 159/159/159 161/161/161 150/150/150
f 159/159/159 150/150/150 146/146/146
f 158/158/158 162/162/162 161/161/161
f 158/158/158 161/161/161 159/159/159
f 163/163/163 164/164/164 165/165/165
f 163/163/163 165/165/165 166/166/166
f 166/166/166 165/165/165 152/152/152
f 166/166/166 152/152/152 151/151/151
f 165/165/165 167/167/167 156/156/156
f 165/165/165 156/156/156 152/152/152
f 164/164/164 168/168/168 167/167/167
f 164/164/164 167/167/167 165/165/165
f 169/169/169 170/170/170 171/171/171
f 169/169/169 171/171/171 172/172/172
f 172/172/172 171/171/171 173/173/173
f 172/172/172 173/173/173 174/174/174
f 171/171/171 175/175/175 176/176/176
f 171/171/171 176/176/176 173/173/173
f 170/170/170 177/177/177 175/175/175
f 170/170/170 175/175/175 171/171/171
f 178/178/178 179/179/179 180/180/180
f 178/178/178 180/180/180 181/181/181
f 181/181/181 180/180/180 65/65/65
f 181/181/181 65/65/65 64/64/64
f 180/180/180 182/182/182 72/72/72
f 180/180/180 72/72/72 65/65/65
f 179/179/179 117/117/117 182/182/182
f 179/179/179 182/182/182 180/180/180
f 183/183/183 184/184/184 185/185/185
f 183/183/183 185/185/185 186/186/186
f 186/186/186 185/185/185 187/187/187
f 186/186/186 187/187/187 188/188/188
f 185/185/185 189/189/189 190/190/190
f 185/185/185 190/190/190 187/187/187
f 184/184/184 191/191/191 189/189/189
f 184/184/184 189/189/189 185/185/185
f 192/192/192 193/193/193 194/194/194
f 192/192/192 194/194/194 195/195/195
f 195/195/195 194/194/194 196/196/196
f 195/195/195 196/196/196 197/197/197
f 194/194/194 85/85/85 87/87/87
f 194/194/194 87/87/87 196/196/196
f 193/193/193 82/82/82 85/85/85
f 193/193/193 85/85/85 194/194/194
f 198/198/198 199/199/199 200/200/200
f 198/198/198 200/200/200 201/201/201
f 201/201/201 200/200/200 202/202/202
f 201/201/201 202/202/202 203/203/203
f 200/200/200 76/76/76 78/78/78
f 200/200/200 78/78/78 202/202/202
f 199/199/199 73/73/73 76/76/76
f 199/199/199 76/76/76 200/200/200
f 204/204/204 205/205/205 206/206/206
f 204/204/204 206/206/206 207/207/207
f 207/207/207 206/206/206 179/179/179
f 207/207/207 179/179/179 178/178/178
f 206/206/206 115/115/115 117/117/117
f 206/206/206 117/117/117 179/179/179
f 205/205/205 112/112/112 115/115/115
f 205/205/205 115/115/115 206/206/206
f 203/203/203 202/202/202 208/208/208
f 203/203/203 208/208/208 209/209/209
f 209/209/209 208/208/208 205/205/205
f 209/209/209 205/205/205 204/204/204
f 208/208/208 210/210/210 112/112/112
f 208/208/208 112/112/112 205/205/205
f 202/202/202 78/78/78 210/210/210
f 202/202/202 210/210/210 208/208/208
f 211/211/211 212/212/212 213/213/213
f 211/211/211 213/213/213 214/214/214
f 214/214/214 213/213/213 215/215/215
f 214/214/214 215/215/215 216/216/216
f 213/213/213 122/122/122 124/124/124
f 213/213/213 124/124/124 215/215/215
f 212/212/212 94/94/94 122/122/122
f 212/212/212 122/122/122 213/213/213
f 217/217/217 218/218/218 219/219/219
f 217/217/217 219/219/219 220/220/220
f 220/220/220 219/219/219 221/221/221
f 220/220/220 221/221/221 222/222/222
f 219/219/219 223/223/223 224/224/224
f 219/219/219 224/224/224 221/221/221
f 218/218/218 225/225/225 223/223/223
f 218/218/218 223/223/223 219/219/219
f 225/225/225 226/226/226 227/227/227
f 225/225/225 227/227/227 223/223/223
f 223/223/223 227/227/227 228/228/228
f 223/223/223 228/228/228 224/224/224
f 227/227/227 229/229/229 230/230/230
f 227/227/227 230/230/230 228/228/228
f 226/226/226 231/231/231 229/229/229
f 226/226/226 229/229/229 227/227/227
f 232/232/232 233/233/233 234/234/234
f 232/232/232 234/234/234 235/235/235
f 235/235/235 234/234/234 236/236/236
f 235/235/235 236/236/236 237/237/237
f 234/234/234 238/238/238 239/239/239
f 234/234/234 239/239/239 236/236/236
f 233/233/233 240/240/240 238/238/238
f 233/233/233 238/238/238 234/234/234
f 241/241/241 242/242/242 243/243/243
f 241/241/241 243/243/243 244/244/244
f 244/244/244 243/243/243 245/245/245
f 244/244/244 245/245/245 246/246/246
f 243/243/243 247/247/247 248/248/248
f 243/243/243 248/248/248 245/245/245
f 242/242/242 249/249/249 247/247/247
f 242/242/242 247/247/247 243/243/243
f 250/250/250 251/251/251 252/252/252
f 250/250/250 252/252/252 253/253/253
f 253/253/253 252/252/252 254/254/254
f 253/253/253 254/254/254 255/255/255
f 252/252/252 256/256/256 257/257/257
f 252/252/252 257/257/257 254/254/254
f 251/251/251 258/258/258 256/256/256
f 251/251/251 256/256/256 252/252/252
f 259/259/259 260/260/260 261/261/261
f 259/259/259 261/261/261 262/262/262
f 262/262/262 261/261/261 263/263/263
f 262/262/262 263/263/263 264/264/264
f 261/261/261 265/265/265 266/266/266
f 261/261/261 266/266/266 263/263/263
f 260/260/260 267/267/267 265/265/265
f 260/260/260 265/265/265 261/261/261
f 268/268/268 269/269/269 270/270/270
f 268/268/268 270/270/270 271/271/271
f 271/271/271 270/270/270 260/260/260
f 271/271/271 260/260/260 259/259/259
f 270/270/270 272/272/272 267/267/267
f 270/270/270 267/267/267 260/260/260
f 269/269/269 273/273/273 272/272/272
f 269/269/269 272/272/272 270/270/270
f 222/222/222 221/221/221 274/274/274
f 222/222/222 274/274/274 275/275/275
f 275/275/275 274/274/274 251/251/251
f 275/275/275 251/251/251 250/250/250
f 274/274/274 276/276/276 258/258/258
f 274/274/274 258/258/258 251/251/251
f 221/221/221 224/224/224 276/276/276
f 221/221/221 276/276/276 274/274/274
f 277/277/277 278/278/278 279/279/279
f 277/277/277 279/279/279 280/280/280
f 280/280/280 279/279/279 269/269/269
f 280/280/280 269/269/269 268/268/268
f 279/279/279 281/281/281 273/273/273
f 279/279/279 273/273/273 269/269/269
f 278/278/278 282/282/282 281/281/281
f 278/278/278 281/281/281 279/279/279
f 283/283/283 284/284/284 285/285/285
f 283/283/283 285/285/285 286/286/286
f 286/286/286 285/285/285 287/287/287
f 286/286/286 287/287/287 288/288/288
f 285/285/285 186/186/186 188/188/188
f 285/285/285 188/188/188 287/287/287
f 284/284/284 183/183/183 186/186/186
f 284/284/284 186/186/186 285/285/285
f 273/273/273 289/289/289 290/290/290
f 273/273/273 290/290/290 272/272/272
f 272/272/272 290/290/290 291/291/291
f 272/272/272 291/291/291 267/267/267
f 290/290/290 292/292/292 293/293/293
f 290/290/290 293/293/293 291/291/291
f 289/289/289 294/294/294 292/292/292
f 289/289/289 292/292/292 290/290/290
f 224/224/224 228/228/228 295/295/295
f 224/224/224 295/295/295 276/276/276
f 276/276/276 295/295/295 296/296/296
f 276/276/276 296/296/296 258/258/258
f 295/295/295 297/297/297 298/298/298
f 295/295/295 298/298/298 296/296/296
f 228/228/228 230/230/230 297/297/297
f 228/228/228 297/297/297 295/295/295
f 225/225/225 299/299/299 300/300/300
f 225/225/225 300/300/300 226/226/226
f 226/226/226 300/300/300 301/301/301
f 226/226/226 301/301/301 231/231/231
f 300/300/300 302/302/302 288/288/288
f 300/300/300 288/288/288 301/301/301
f 299/299/299 248/248/248 302/302/302
f 299/299/299 302/302/302 300/300/300
f 240/240/240 303/303/303 304/304/304
f 240/240/240 304/304/304 238/238/238
f 238/238/238 304/304/304 305/305/305
f 238/238/238 305/305/305 239/239/239
f 304/304/304 306/306/306 307/307/307
f 304/304/304 307/307/307 305/305/305
f 303/303/303 308/308/308 306/306/306
f 303/303/303 306/306/306 304/304/304
f 249/249/249 309/309/309 310/310/310
f 249/249/249 310/310/310 247/247/247
f 247/247/247 310/310/310 302/302/302
f 247/247/247 302/302/302 248/248/248
f 310/310/310 286/286/286 288/288/288
f 310/310/310 288/288/288 302/302/302
f 309/309/309 283/283/283 286/286/286
f 309/309/309 286/286/286 310/310/310
f 258/258/258 296/296/296 311/311/311
f 258/258/258 311/311/311 256/256/256
f 256/256/256 311/311/311 312/312/312
f 256/256/256 312/312/312 257/257/257
f 311/311/311 313/313/313 314/314/314
f 311/311/311 314/314/314 312/312/312
f 296/296/296 298/298/298 313/313/313
f 296/296/296 313/313/313 311/311/311
f 315/315/315 316/316/316 317/317/317
f 315/315/315 317/317/317 318/318/318
f 318/318/318 317/317/317 319/319/319
f 318/318/318 319/319/319 320/320/320
f 317/317/317 321/321/321 322/322/322
f 317/317/317 322/322/322 319/319/319
f 316/316/316 323/323/323 321/321/321
f 316/316/316 321/321/321 317/317/317
f 308/308/308 324/324/324 325/325/325
f 308/308/308 325/325/325 306/306/306
f 306/306/306 325/325/325 326/326/326
f 306/306/306 326/326/326 307/307/307
f 325/325/325 172/172/172 174/174/174
f 325/325/325 174/174/174 326/326/326
f 324/324/324 169/169/169 172/172/172
f 324/324/324 172/172/172 325/325/325
f 327/327/327 328/328/328 329/329/329
f 327/327/327 329/329/329 330/330/330
f 330/330/330 329/329/329 331/331/331
f 330/330/330 331/331/331 294/294/294
f 329/329/329 160/160/160 145/145/145
f 329/329/329 145/145/145 331/331/331
f 328/328/328 157/157/157 160/160/160
f 328/328/328 160/160/160 329/329/329
f 283/283/283 332/332/332 333/333/333
f 283/283/283 333/333/333 284/284/284
f 284/284/284 333/333/333 334/334/334
f 284/284/284 334/334/334 183/183/183
f 333/333/333 335/335/335 141/141/141
f 333/333/333 141/141/141 334/334/334
f 332/332/332 336/336/336 335/335/335
f 332/332/332 335/335/335 333/333/333
f 298/298/298 337/337/337 338/338/338
f 298/298/298 338/338/338 313/313/313
f 313/313/313 338/338/338 339/339/339
f 313/313/313 339/339/339 314/314/314
f 338/338/338 130/130/130 132/132/132
f 338/338/338 132/132/132 339/339/339
f 337/337/337 127/127/127 130/130/130
f 337/337/337 130/130/130 338/338/338
f 293/293/293 340/340/340 341/341/341
f 293/293/293 341/341/341 342/342/342
f 342/342/342 341/341/341 335/335/335
f 342/342/342 335/335/335 336/336/336
f 341/341/341 139/139/139 141/141/141
f 341/341/341 141/141/141 335/335/335
f 340/340/340 136/136/136 139/139/139
f 340/340/340 139/139/139 341/341/341
f 294/294/294 331/331/331 343/343/343
f 294/294/294 343/343/343 292/292/292
f 292/292/292 343/343/343 340/340/340
f 292/292/292 340/340/340 293/293/293
f 343/343/343 148/148/148 136/136/136
f 343/343/343 136/136/136 340/340/340
f 331/331/331 145/145/145 148/148/148
f 331/331/331 148/148/148 343/343/343
f 344/344/344 345/345/345 346/346/346
f 344/344/344 346/346/346 347/347/347
f 347/347/347 346/346/346 348/348/348
f 347/347/347 348/348/348 349/349/349
f 346/346/346 350/350/350 351/351/351
f 346/346/346 351/351/351 348/348/348
f 345/345/345 352/352/352 350/350/350
f 345/345/345 350/350/350 346/346/346
f 353/353/353 354/354/354 355/355/355
f 353/353/353 355/355/355 356/356/356
f 356/356/356 355/355/355 357/357/357
f 356/356/356 357/357/357 358/358/358
f 355/355/355 359/359/359 360/360/360
f 355/355/355 360/360/360 357/357/357
f 354/354/354 361/361/361 359/359/359
f 354/354/354 359/359/359 355/355/355
f 362/362/362 363/363/363 364/364/364
f 362/362/362 364/364/364 365/365/365
f 365/365/365 364/364/364 354/354/354
f 365/365/365 354/354/354 353/353/353
f 364/364/364 366/366/366 361/361/361
f 364/364/364 361/361/361 354/354/354
f 363/363/363 367/367/367 366/366/366
f 363/363/363 366/366/366 364/364/364
f 368/368/368 369/369/369 370/370/370
f 368/368/368 370/370/370 371/371/371
f 371/371/371 370/370/370 316/316/316
f 371/371/371 316/316/316 315/315/315
f 370/370/370 372/372/372 323/323/323
f 370/370/370 323/323/323 316/316/316
f 369/369/369 373/373/373 372/372/372
f 369/369/369 372/372/372 370/370/370
f 374/374/374 375/375/375 376/376/376
f 374/374/374 376/376/376 377/377/377
f 377/377/377 376/376/376 363/363/363
f 377/377/377 363/363/363 362/362/362
f 376/376/376 378/378/378 367/367/367
f 376/376/376 367/367/367 363/363/363
f 375/375/375 379/379/379 378/378/378
f 375/375/375 378/378/378 376/376/376
f 380/380/380 381/381/381 382/382/382
f 380/380/380 382/382/382 383/383/383
f 383/383/383 382/382/382 369/369/369
f 383/383/383 369/369/369 368/368/368
f 382/382/382 384/384/384 373/373/373
f 382/382/382 373/373/373 369/369/369
f 381/381/381 385/385/385 384/384/384
f 381/381/381 384/384/384 382/382/382
f 386/386/386 387/387/387 388/388/388
f 386/386/386 388/388/388 389/389/389
f 389/389/389 388/388/388 390/390/390
f 389/389/389 390/390/390 391/391/391
f 388/388/388 392/392/392 393/393/393
f 388/388/388 393/393/393 390/390/390
f 387/387/387 394/394/394 392/392/392
f 387/387/387 392/392/392 388/388/388
f 395/395/395 396/396/396 397/397/397
f 395/395/395 397/397/397 398/398/398
f 398/398/398 397/397/397 399/399/399
f 398/398/398 399/399/399 400/400/400
f 397/397/397 401/401/401 402/402/402
f 397/397/397 402/402/402 399/399/399
f 396/396/396 403/403/403 401/401/401
f 396/396/396 401/401/401 397/397/397
f 404/404/404 405/405/405 406/406/406
f 404/404/404 406/406/406 407/407/407
f 407/407/407 406/406/406 408/408/408
f 407/407/407 408/408/408 409/409/409
f 406/406/406 410/410/410 411/411/411
f 406/406/406 411/411/411 408/408/408
f 405/405/405 412/412/412 410/410/410
f 405/405/405 410/410/410 406/406/406
f 413/413/413 414/414/414 415/415/415
f 413/413/413 415/415/415 416/416/416
f 416/416/416 415/415/415 417/417/417
f 416/416/416 417/417/417 418/418/418
f 415/415/415 419/419/419 420/420/420
f 415/415/415 420/420/420 417/417/417
f 414/414/414 421/421/421 419/419/419
f 414/414/414 419/419/419 415/415/415
f 422/422/422 423/423/423 424/424/424
f 422/422/422 424/424/424 425/425/425
f 425/425/425 424/424/424 426/426/426
f 425/425/425 426/426/426 427/427/427
f 424/424/424 428/428/428 429/429/429
f 424/424/424 429/429/429 426/426/426
f 423/423/423 430/430/430 428/428/428
f 423/423/423 428/428/428 424/424/424
f 431/431/431 432/432/432 433/433/433
f 431/431/431 433/433/433 434/434/434
f 434/434/434 433/433/433 423/423/423
f 434/434/434 423/423/423 422/422/422
f 433/433/433 435/435/435 430/430/430
f 433/433/433 430/430/430 423/423/423
f 432/432/432 436/436/436 435/435/435
f 432/432/432 435/435/435 433/433/433
f 437/437/437 438/438/438 439/439/439
f 437/437/437 439/439/439 440/440/440
f 440/440/440 439/439/439 414/414/414
f 440/440/440 414/414/414 413/413/413
f 439/439/439 441/441/441 421/421/421
f 439/439/439 421/421/421 414/414/414
f 438/438/438 442/442/442 441/441/441
f 438/438/438 441/441/441 439/439/439
f 443/443/443 444/444/444 445/445/445
f 443/443/443 445/445/445 446/446/446
f 446/446/446 445/445/445 432/432/432
f 446/446/446 432/432/432 431/431/431
f 445/445/445 447/447/447 436/436/436
f 445/445/445 436/436/436 432/432/432
f 444/444/444 448/448/448 447/447/447
f 444/444/444 447/447/447 445/445/445
f 449/449/449 450/450/450 451/451/451
f 449/449/449 451/451/451 452/452/452
f 452/452/452 451/451/451 438/438/438
f 452/452/452 438/438/438 437/437/437
f 451/451/451 453/453/453 442/442/442
f 451/451/451 442/442/442 438/438/438
f 450/450/450 454/454/454 453/453/453
f 450/450/450 453/453/453 451/451/451
f 455/455/455 456/456/456 457/457/457
f 455/455/455 457/457/457 458/458/458
f 458/458/458 457/457/457 459/459/459
f 458/458/458 459/459/459 460/460/460
f 457/457/457 461/461/461 462/462/462
f 457/457/457 462/462/462 459/459/459
f 456/456/456 463/463/463 461/461/461
f 456/456/456 461/461/461 457/457/457
f 464/464/464 465/465/465 466/466/466
f 464/464/464 466/466/466 467/467/467
f 467/467/467 466/466/466 468/468/468
f 467/467/467 468/468/468 469/469/469
f 466/466/466 470/470/470 471/471/471
f 466/466/466 471/471/471 468/468/468
f 465/465/465 472/472/472 470/470/470
f 465/465/465 470/470/470 466/466/466
f 473/473/473 474/474/474 475/475/475
f 473/473/473 475/475/475 476/476/476
f 476/476/476 475/475/475 477/477/477
f 476/476/476 477/477/477 478/478/478
f 475/475/475 479/479/479 480/480/480
f 475/475/475 480/480/480 477/477/477
f 474/474/474 481/481/481 479/479/479
f 474/474/474 479/479/479 475/475/475
f 482/482/482 483/483/483 484/484/484
f 482/482/482 484/484/484 485/485/485
f 485/485/485 484/484/484 486/486/486
f 485/485/485 486/486/486 487/487/487
f 484/484/484 488/488/488 489/489/489
f 484/484/484 489/489/489 486/486/486
f 483/483/483 490/490/490 488/488/488
f 483/483/483 488/488/488 484/484/484
f 491/491/491 492/492/492 493/493/493
f 491/491/491 493/493/493 494/494/494
f 494/494/494 493/493/493 495/495/495
f 494/494/494 495/495/495 496/496/496
f 493/493/493 497/497/497 498/498/498
f 493/493/493 498/498/498 495/495/495
f 492/492/492 499/499/499 497/497/497
f 492/492/492 497/497/497 493/493/493
f 500/500/500 501/501/501 502/502/502
f 500/500/500 502/502/502 503/503/503
f 503/503/503 502/502/502 504/504/504
f 503/503/503 504/504/504 505/505/505
f 502/502/502 506/506/506 507/507/507
f 502/502/502 507/507/507 504/504/504
f 501/501/501 508/508/508 506/506/506
f 501/501/501 506/506/506 502/502/502
f 509/509/509 510/510/510 511/511/511
f 509/509/509 511/511/511 512/512/512
f 512/512/512 511/511/511 513/513/513
f 512/512/512 513/513/513 514/514/514
f 511/511/511 515/515/515 516/516/516
f 511/511/511 516/516/516 513/513/513
f 510/510/510 517/517/517 515/515/515
f 510/510/510 515/515/515 511/511/511
f 469/469/469 468/468/468 518/518/518
f 469/469/469 518/518/518 519/519/519
f 519/519/519 518/518/518 510/510/510
f 519/519/519 510/510/510 509/509/509
f 518/518/518 520/520/520 517/517/517
f 518/518/518 517/517/517 510/510/510
f 468/468/468 471/471/471 520/520/520
f 468/468/468 520/520/520 518/518/518
f 521/521/521 522/522/522 523/523/523
f 521/521/521 523/523/523 524/524/524
f 524/524/524 523/523/523 525/525/525
f 524/524/524 525/525/525 526/526/526
f 523/523/523 527/527/527 528/528/528
f 523/523/523 528/528/528 525/525/525
f 522/522/522 529/529/529 527/527/527
f 522/522/522 527/527/527 523/523/523
f 530/530/530 531/531/531 532/532/532
f 530/530/530 532/532/532 533/533/533
f 533/533/533 532/532/532 534/534/534
f 533/533/533 534/534/534 535/535/535
f 532/532/532 536/536/536 537/537/537
f 532/532/532 537/537/537 534/534/534
f 531/531/531 538/538/538 536/536/536
f 531/531/531 536/536/536 532/532/532
f 539/539/539 540/540/540 541/541/541
f 539/539/539 541/541/541 542/542/542
f 542/542/542 541/541/541 456/456/456
f 542/542/542 456/456/456 455/455/455
f 541/541/541 543/543/543 463/463/463
f 541/541/541 463/463/463 456/456/456
f 540/540/540 544/544/544 543/543/543
f 540/540/540 543/543/543 541/541/541
f 545/545/545 546/546/546 547/547/547
f 545/545/545 547/547/547 548/548/548
f 548/548/548 547/547/547 549/549/549
f 548/548/548 549/549/549 550/550/550
f 547/547/547 551/551/551 552/552/552
f 547/547/547 552/552/552 549/549/549
f 546/546/546 553/553/553 551/551/551
f 546/546/546 551/551/551 547/547/547
f 554/554/554 555/555/555 556/556/556
f 554/554/554 556/556/556 557/557/557
f 557/557/557 556/556/556 558/558/558
f 557/557/557 558/558/558 559/559/559
f 556/556/556 560/560/560 561/561/561
f 556/556/556 561/561/561 558/558/558
f 555/555/555 562/562/562 560/560/560
f 555/555/555 560/560/560 556/556/556
f 563/563/563 564/564/564 565/565/565
f 563/563/563 565/565/565 566/566/566
f 566/566/566 565/565/565 567/567/567
f 566/566/566 567/567/567 568/568/568
f 565/565/565 569/569/569 570/570/570
f 565/565/565 570/570/570 567/567/567
f 564/564/564 571/571/571 569/569/569
f 564/564/564 569/569/569 565/565/565
f 535/535/535 534/534/534 572/572/572
f 535/535/535 572/572/572 573/573/573
f 573/573/573 572/572/572 574/574/574
f 573/573/573 574/574/574 575/575/575
f 572/572/572 576/576/576 577/577/577
f 572/572/572 577/577/577 574/574/574
f 534/534/534 537/537/537 576/576/576
f 534/534/534 576/576/576 572/572/572
f 578/578/578 579/579/579 580/580/580
f 578/578/578 580/580/580 581/581/581
f 581/581/581 580/580/580 582/582/582
f 581/581/581 582/582/582 583/583/583
f 580/580/580 584/584/584 585/585/585
f 580/580/580 585/585/585 582/582/582
f 579/579/579 586/586/586 584/584/584
f 579/579/579 584/584/584 580/580/580
f 587/587/587 588/588/588 589/589/589
f 587/587/587 589/589/589 590/590/590
f 590/590/590 589/589/589 591/591/591
f 590/590/590 591/591/591 592/592/592
f 589/589/589 593/593/593 594/594/594
f 589/589/589 594/594/594 591/591/591
f 588/588/588 595/595/595 593/593/593
f 588/588/588 593/593/593 589/589/589
f 460/460/460 459/459/459 596/596/596
f 460/460/460 596/596/596 597/597/597
f 597/597/597 596/596/596 598/598/598
f 597/597/597 598/598/598 599/599/599
f 596/596/596 600/600/600 601/601/601
f 596/596/596 601/601/601 598/598/598
f 459/459/459 462/462/462 600/600/600
f 459/459/459 600/600/600 596/596/596
f 602/602/602 603/603/603 604/604/604
f 602/602/602 604/604/604 605/605/605
f 605/605/605 604/604/604 606/606/606
f 605/605/605 606/606/606 607/607/607
f 604/604/604 608/608/608 609/609/609
f 604/604/604 609/609/609 606/606/606
f 603/603/603 610/610/610 608/608/608
f 603/603/603 608/608/608 604/604/604
f 611/611/611 612/612/612 613/613/613
f 611/611/611 613/613/613 614/614/614
f 614/614/614 613/613/613 588/588/588
f 614/614/614 588/588/588 587/587/587
f 613/613/613 615/615/615 595/595/595
f 613/613/613 595/595/595 588/588/588
f 612/612/612 616/616/616 615/615/615
f 612/612/612 615/615/615 613/613/613
f 617/617/617 618/618/618 619/619/619
f 617/617/617 619/619/619 620/620/620
f 620/620/620 619/619/619 603/603/603
f 620/620/620 603/603/603 602/602/602
f 619/619/619 621/621/621 610/610/610
f 619/619/619 610/610/610 603/603/603
f 618/618/618 622/622/622 621/621/621
f 618/618/618 621/621/621 619/619/619
f 623/623/623 624/624/624 625/625/625
f 623/623/623 625/625/625 626/626/626
f 626/626/626 625/625/625 627/627/627
f 626/626/626 627/627/627 628/628/628
f 625/625/625 629/629/629 630/630/630
f 625/625/625 630/630/630 627/627/627
f 624/624/624 631/631/631 629/629/629
f 624/624/624 629/629/629 625/625/625
f 632/632/632 633/633/633 634/634/634
f 632/632/632 634/634/634 635/635/635
f 635/635/635 634/634/634 636/636/636
f 635/635/635 636/636/636 637/637/637
f 634/634/634 638/638/638 639/639/639
f 634/634/634 639/639/639 636/636/636
f 633/633/633 640/640/640 638/638/638
f 633/633/633 638/638/638 634/634/634
f 607/607/607 606/606/606 641/641/641
f 607/607/607 641/641/641 642/642/642
f 642/642/642 641/641/641 643/643/643
f 642/642/642 643/643/643 644/644/644
f 641/641/641 645/645/645 646/646/646
f 641/641/641 646/646/646 643/643/643
f 606/606/606 609/609/609 645/645/645
f 606/606/606 645/645/645 641/641/641
f 647/647/647 648/648/648 649/649/649
f 647/647/647 649/649/649 650/650/650
f 650/650/650 649/649/649 651/651/651
f 650/650/650 651/651/651 652/652/652
f 649/649/649 653/653/653 528/528/528
f 649/649/649 528/528/528 651/651/651
f 648/648/648 631/631/631 653/653/653
f 648/648/648 653/653/653 649/649/649
f 654/654/654 655/655/655 656/656/656
f 654/654/654 656/656/656 657/657/657
f 657/657/657 656/656/656 658/658/658
f 657/657/657 658/658/658 659/659/659
f 656/656/656 593/593/593 595/595/595
f 656/656/656 595/595/595 658/658/658
f 655/655/655 594/594/594 593/593/593
f 655/655/655 593/593/593 656/656/656
f 660/660/660 661/661/661 662/662/662
f 660/660/660 662/662/662 663/663/663
f 663/663/663 662/662/662 664/664/664
f 663/663/663 664/664/664 665/665/665
f 662/662/662 666/666/666 639/639/639
f 662/662/662 639/639/639 664/664/664
f 661/661/661 622/622/622 666/666/666
f 661/661/661 666/666/666 662/662/662
f 667/667/667 668/668/668 669/669/669
f 667/667/667 669/669/669 670/670/670
f 670/670/670 669/669/669 671/671/671
f 670/670/670 671/671/671 672/672/672
f 669/669/669 673/673/673 646/646/646
f 669/669/669 646/646/646 671/671/671
f 668/668/668 529/529/529 673/673/673
f 668/668/668 673/673/673 669/669/669
f 674/674/674 675/675/675 676/676/676
f 674/674/674 676/676/676 677/677/677
f 677/677/677 676/676/676 678/678/678
f 677/677/677 678/678/678 679/679/679
f 676/676/676 680/680/680 630/630/630
f 676/676/676 630/630/630 678/678/678
f 675/675/675 616/616/616 680/680/680
f 675/675/675 680/680/680 676/676/676
f 681/681/681 682/682/682 683/683/683
f 681/681/681 683/683/683 684/684/684
f 684/684/684 683/683/683 655/655/655
f 684/684/684 655/655/655 654/654/654
f 683/683/683 685/685/685 594/594/594
f 683/683/683 594/594/594 655/655/655
f 682/682/682 640/640/640 685/685/685
f 682/682/682 685/685/685 683/683/683
f 686/686/686 687/687/687 688/688/688
f 686/686/686 688/688/688 689/689/689
f 689/689/689 688/688/688 690/690/690
f 689/689/689 690/690/690 691/691/691
f 688/688/688 608/608/608 610/610/610
f 688/688/688 610/610/610 690/690/690
f 687/687/687 609/609/609 608/608/608
f 687/687/687 608/608/608 688/688/688
f 672/672/672 671/671/671 692/692/692
f 672/672/672 692/692/692 693/693/693
f 693/693/693 692/692/692 687/687/687
f 693/693/693 687/687/687 686/686/686
f 692/692/692 645/645/645 609/609/609
f 692/692/692 609/609/609 687/687/687
f 671/671/671 646/646/646 645/645/645
f 671/671/671 645/645/645 692/692/692
f 694/694/694 695/695/695 696/696/696
f 694/694/694 696/696/696 697/697/697
f 697/697/697 696/696/696 698/698/698
f 697/697/697 698/698/698 699/699/699
f 696/696/696 650/650/650 652/652/652
f 696/696/696 652/652/652 698/698/698
f 695/695/695 647/647/647 650/650/650
f 695/695/695 650/650/650 696/696/696
f 700/700/700 701/701/701 702/702/702
f 700/700/700 702/702/702 703/703/703
f 703/703/703 702/702/702 704/704/704
f 703/703/703 704/704/704 705/705/705
f 702/702/702 657/657/657 659/659/659
f 702/702/702 659/659/659 704/704/704
f 701/701/701 654/654/654 657/657/657
f 701/701/701 657/657/657 702/702/702
f 706/706/706 707/707/707 708/708/708
f 706/706/706 708/708/708 709/709/709
f 709/709/709 708/708/708 710/710/710
f 709/709/709 710/710/710 711/711/711
f 708/708/708 663/663/663 665/665/665
f 708/708/708 665/665/665 710/710/710
f 707/707/707 660/660/660 663/663/663
f 707/707/707 663/663/663 708/708/708
f 712/712/712 713/713/713 714/714/714
f 712/712/712 714/714/714 715/715/715
f 715/715/715 714/714/714 716/716/716
f 715/715/715 716/716/716 583/583/583
f 714/714/714 670/670/670 672/672/672
f 714/714/714 672/672/672 716/716/716
f 713/713/713 667/667/667 670/670/670
f 713/713/713 670/670/670 714/714/714
f 717/717/717 718/718/718 719/719/719
f 717/717/717 719/719/719 720/720/720
f 720/720/720 719/719/719 721/721/721
f 720/720/720 721/721/721 722/722/722
f 719/719/719 677/677/677 679/679/679
f 719/719/719 679/679/679 721/721/721
f 718/718/718 674/674/674 677/677/677
f 718/718/718 677/677/677 719/719/719
f 723/723/723 724/724/724 725/725/725
f 723/723/723 725/725/725 726/726/726
f 726/726/726 725/725/725 701/701/701
f 726/726/726 701/701/701 700/700/700
f 725/725/725 684/684/684 654/654/654
f 725/725/725 654/654/654 701/701/701
f 724/724/724 681/681/681 684/684/684
f 724/724/724 684/684/684 725/725/725
f 578/578/578 727/727/727 728/728/728
f 578/578/578 728/728/728 729/729/729
f 729/729/729 728/728/728 730/730/730
f 729/729/729 730/730/730 731/731/731
f 728/728/728 689/689/689 691/691/691
f 728/728/728 691/691/691 730/730/730
f 727/727/727 686/686/686 689/689/689
f 727/727/727 689/689/689 728/728/728
f 508/508/508 732/732/732 733/733/733
f 508/508/508 733/733/733 506/506/506
f 506/506/506 733/733/733 734/734/734
f 506/506/506 734/734/734 507/507/507
f 733/733/733 597/597/597 599/599/599
f 733/733/733 599/599/599 734/734/734
f 732/732/732 460/460/460 597/597/597
f 732/732/732 597/597/597 733/733/733
f 517/517/517 735/735/735 736/736/736
f 517/517/517 736/736/736 515/515/515
f 515/515/515 736/736/736 737/737/737
f 515/515/515 737/737/737 516/516/516
f 736/736/736 573/573/573 575/575/575
f 736/736/736 575/575/575 737/737/737
f 735/735/735 535/535/535 573/573/573
f 735/735/735 573/573/573 736/736/736
f 490/490/490 738/738/738 739/739/739
f 490/490/490 739/739/739 488/488/488
f 488/488/488 739/739/739 740/740/740
f 488/488/488 740/740/740 489/489/489
f 739/739/739 566/566/566 568/568/568
f 739/739/739 568/568/568 740/740/740
f 738/738/738 563/563/563 566/566/566
f 738/738/738 566/566/566 739/739/739
f 499/499/499 741/741/741 742/742/742
f 499/499/499 742/742/742 497/497/497
f 497/497/497 742/742/742 743/743/743
f 497/497/497 743/743/743 498/498/498
f 742/742/742 557/557/557 559/559/559
f 742/742/742 559/559/559 743/743/743
f 741/741/741 554/554/554 557/557/557
f 741/741/741 557/557/557 742/742/742
f 472/472/472 744/744/744 745/745/745
f 472/472/472 745/745/745 470/470/470
f 470/470/470 745/745/745 746/746/746
f 470/470/470 746/746/746 471/471/471
f 745/745/745 548/548/548 550/550/550
f 745/745/745 550/550/550 746/746/746
f 744/744/744 545/545/545 548/548/548
f 744/744/744 548/548/548 745/745/745
f 481/481/481 747/747/747 748/748/748
f 481/481/481 748/748/748 479/479/479
f 479/479/479 748/748/748 749/749/749
f 479/479/479 749/749/749 480/480/480
f 748/748/748 542/542/542 455/455/455
f 748/748/748 455/455/455 749/749/749
f 747/747/747 539/539/539 542/542/542
f 747/747/747 542/542/542 748/748/748
f 471/471/471 746/746/746 750/750/750
f 471/471/471 750/750/750 520/520/520
f 517/517/517 520/520/520 750/750/750
f 517/517/517 750/750/750 735/735/735
f 535/535/535 735/735/735 750/750/750
f 535/535/535 750/750/750 533/533/533
f 530/530/530 533/533/533 750/750/750
f 530/530/530 750/750/750 751/751/751
f 550/550/550 751/751/751 750/750/750
f 550/550/550 750/750/750 746/746/746
f 480/480/480 749/749/749 752/752/752
f 480/480/480 752/752/752 753/753/753
f 753/753/753 752/752/752 732/732/732
f 753/753/753 732/732/732 508/508/508
f 752/752/752 458/458/458 460/460/460
f 752/752/752 460/460/460 732/732/732
f 749/749/749 455/455/455 458/458/458
f 749/749/749 458/458/458 752/752/752
f 754/754/754 755/755/755 756/756/756
f 754/754/754 756/756/756 757/757/757
f 757/757/757 756/756/756 758/758/758
f 757/757/757 758/758/758 759/759/759
f 756/756/756 519/519/519 509/509/509
f 756/756/756 509/509/509 758/758/758
f 755/755/755 469/469/469 519/519/519
f 755/755/755 519/519/519 756/756/756
f 760/760/760 761/761/761 762/762/762
f 760/760/760 762/762/762 763/763/763
f 763/763/763 762/762/762 764/764/764
f 763/763/763 764/764/764 765/765/765
f 762/762/762 503/503/503 505/505/505
f 762/762/762 505/505/505 764/764/764
f 761/761/761 500/500/500 503/503/503
f 761/761/761 503/503/503 762/762/762
f 766/766/766 767/767/767 768/768/768
f 766/766/766 768/768/768 769/769/769
f 769/769/769 768/768/768 770/770/770
f 769/769/769 770/770/770 771/771/771
f 768/768/768 485/485/485 487/487/487
f 768/768/768 487/487/487 770/770/770
f 767/767/767 482/482/482 485/485/485
f 767/767/767 485/485/485 768/768/768
f 772/772/772 773/773/773 774/774/774
f 772/772/772 774/774/774 775/775/775
f 775/775/775 774/774/774 755/755/755
f 775/775/775 755/755/755 754/754/754
f 774/774/774 467/467/467 469/469/469
f 774/774/774 469/469/469 755/755/755
f 773/773/773 464/464/464 467/467/467
f 773/773/773 467/467/467 774/774/774
f 478/478/478 477/477/477 776/776/776
f 478/478/478 776/776/776 777/777/777
f 777/777/777 776/776/776 501/501/501
f 777/777/777 501/501/501 500/500/500
f 776/776/776 753/753/753 508/508/508
f 776/776/776 508/508/508 501/501/501
f 477/477/477 480/480/480 753/753/753
f 477/477/477 753/753/753 776/776/776
f 562/562/562 778/778/778 779/779/779
f 562/562/562 779/779/779 560/560/560
f 560/560/560 779/779/779 780/780/780
f 560/560/560 780/780/780 561/561/561
f 779/779/779 635/635/635 637/637/637
f 779/779/779 637/637/637 780/780/780
f 778/778/778 632/632/632 635/635/635
f 778/778/778 635/635/635 779/779/779
f 553/553/553 781/781/781 782/782/782
f 553/553/553 782/782/782 551/551/551
f 551/551/551 782/782/782 783/783/783
f 551/551/551 783/783/783 552/552/552
f 782/782/782 626/626/626 628/628/628
f 782/782/782 628/628/628 783/783/783
f 781/781/781 623/623/623 626/626/626
f 781/781/781 626/626/626 782/782/782
f 544/544/544 784/784/784 785/785/785
f 544/544/544 785/785/785 543/543/543
f 543/543/543 785/785/785 786/786/786
f 543/543/543 786/786/786 463/463/463
f 785/785/785 620/620/620 602/602/602
f 785/785/785 602/602/602 786/786/786
f 784/784/784 617/617/617 620/620/620
f 784/784/784 620/620/620 785/785/785
f 538/538/538 787/787/787 788/788/788
f 538/538/538 788/788/788 536/536/536
f 536/536/536 788/788/788 789/789/789
f 536/536/536 789/789/789 537/537/537
f 788/788/788 614/614/614 587/587/587
f 788/788/788 587/587/587 789/789/789
f 787/787/787 611/611/611 614/614/614
f 787/787/787 614/614/614 788/788/788
f 463/463/463 786/786/786 790/790/790
f 463/463/463 790/790/790 461/461/461
f 461/461/461 790/790/790 791/791/791
f 461/461/461 791/791/791 462/462/462
f 790/790/790 605/605/605 607/607/607
f 790/790/790 607/607/607 791/791/791
f 786/786/786 602/602/602 605/605/605
f 786/786/786 605/605/605 790/790/790
f 583/583/583 716/716/716 792/792/792
f 583/583/583 792/792/792 581/581/581
f 581/581/581 792/792/792 727/727/727
f 581/581/581 727/727/727 578/578/578
f 792/792/792 693/693/693 686/686/686
f 792/792/792 686/686/686 727/727/727
f 716/716/716 672/672/672 693/693/693
f 716/716/716 693/693/693 792/792/792
f 537/537/537 789/789/789 793/793/793
f 537/537/537 793/793/793 576/576/576
f 576/576/576 793/793/793 794/794/794
f 576/576/576 794/794/794 577/577/577
f 793/793/793 590/590/590 592/592/592
f 793/793/793 592/592/592 794/794/794
f 789/789/789 587/587/587 590/590/590
f 789/789/789 590/590/590 793/793/793
f 571/571/571 795/795/795 796/796/796
f 571/571/571 796/796/796 569/569/569
f 569/569/569 796/796/796 797/797/797
f 569/569/569 797/797/797 570/570/570
f 796/796/796 524/524/524 526/526/526
f 796/796/796 526/526/526 797/797/797
f 795/795/795 521/521/521 524/524/524
f 795/795/795 524/524/524 796/796/796
f 552/552/552 783/783/783 798/798/798
f 552/552/552 798/798/798 799/799/799
f 799/799/799 798/798/798 787/787/787
f 799/799/799 787/787/787 538/538/538
f 798/798/798 800/800/800 611/611/611
f 798/798/798 611/611/611 787/787/787
f 783/783/783 628/628/628 800/800/800
f 783/783/783 800/800/800 798/798/798
f 705/705/705 704/704/704 801/801/801
f 705/705/705 801/801/801 802/802/802
f 802/802/802 801/801/801 718/718/718
f 802/802/802 718/718/718 717/717/717
f 801/801/801 803/803/803 674/674/674
f 801/801/801 674/674/674 718/718/718
f 704/704/704 659/659/659 803/803/803
f 704/704/704 803/803/803 801/801/801
f 659/659/659 658/658/658 804/804/804
f 659/659/659 804/804/804 803/803/803
f 803/803/803 804/804/804 675/675/675
f 803/803/803 675/675/675 674/674/674
f 804/804/804 615/615/615 616/616/616
f 804/804/804 616/616/616 675/675/675
f 658/658/658 595/595/595 615/615/615
f 658/658/658 615/615/615 804/804/804
f 628/628/628 627/627/627 805/805/805
f 628/628/628 805/805/805 800/800/800
f 800/800/800 805/805/805 612/612/612
f 800/800/800 612/612/612 611/611/611
f 805/805/805 680/680/680 616/616/616
f 805/805/805 616/616/616 612/612/612
f 627/627/627 630/630/630 680/680/680
f 627/627/627 680/680/680 805/805/805
f 550/550/550 549/549/549 806/806/806
f 550/550/550 806/806/806 751/751/751
f 751/751/751 806/806/806 531/531/531
f 751/751/751 531/531/531 530/530/530
f 806/806/806 799/799/799 538/538/538
f 806/806/806 538/538/538 531/531/531
f 549/549/549 552/552/552 799/799/799
f 549/549/549 799/799/799 806/806/806
f 807/807/807 808/808/808 809/809/809
f 807/807/807 809/809/809 810/810/810
f 810/810/810 809/809/809 811/811/811
f 810/810/810 811/811/811 812/812/812
f 809/809/809 100/100/100 102/102/102
f 809/809/809 102/102/102 811/811/811
f 808/808/808 97/97/97 100/100/100
f 808/808/808 100/100/100 809/809/809
f 385/385/385 813/813/813 814/814/814
f 385/385/385 814/814/814 384/384/384
f 384/384/384 814/814/814 815/815/815
f 384/384/384 815/815/815 373/373/373
f 814/814/814 452/452/452 437/437/437
f 814/814/814 437/437/437 815/815/815
f 813/813/813 449/449/449 452/452/452
f 813/813/813 452/452/452 814/814/814
f 379/379/379 816/816/816 817/817/817
f 379/379/379 817/817/817 378/378/378
f 378/378/378 817/817/817 818/818/818
f 378/378/378 818/818/818 367/367/367
f 817/817/817 446/446/446 431/431/431
f 817/817/817 431/431/431 818/818/818
f 816/816/816 443/443/443 446/446/446
f 816/816/816 446/446/446 817/817/817
f 373/373/373 815/815/815 819/819/819
f 373/373/373 819/819/819 372/372/372
f 372/372/372 819/819/819 820/820/820
f 372/372/372 820/820/820 323/323/323
f 819/819/819 440/440/440 413/413/413
f 819/819/819 413/413/413 820/820/820
f 815/815/815 437/437/437 440/440/440
f 815/815/815 440/440/440 819/819/819
f 367/367/367 818/818/818 821/821/821
f 367/367/367 821/821/821 366/366/366
f 366/366/366 821/821/821 822/822/822
f 366/366/366 822/822/822 361/361/361
f 821/821/821 434/434/434 422/422/422
f 821/821/821 422/422/422 822/822/822
f 818/818/818 431/431/431 434/434/434
f 818/818/818 434/434/434 821/821/821
f 361/361/361 822/822/822 823/823/823
f 361/361/361 823/823/823 359/359/359
f 359/359/359 823/823/823 824/824/824
f 359/359/359 824/824/824 360/360/360
f 823/823/823 425/425/425 427/427/427
f 823/823/823 427/427/427 824/824/824
f 822/822/822 422/422/422 425/425/425
f 822/822/822 425/425/425 823/823/823
f 323/323/323 820/820/820 825/825/825
f 323/323/323 825/825/825 321/321/321
f 321/321/321 825/825/825 826/826/826
f 321/321/321 826/826/826 322/322/322
f 825/825/825 416/416/416 418/418/418
f 825/825/825 418/418/418 826/826/826
f 820/820/820 413/413/413 416/416/416
f 820/820/820 416/416/416 825/825/825
f 403/403/403 827/827/827 828/828/828
f 403/403/403 828/828/828 401/401/401
f 401/401/401 828/828/828 829/829/829
f 401/401/401 829/829/829 402/402/402
f 828/828/828 407/407/407 409/409/409
f 828/828/828 409/409/409 829/829/829
f 827/827/827 404/404/404 407/407/407
f 827/827/827 407/407/407 828/828/828
f 394/394/394 830/830/830 831/831/831
f 394/394/394 831/831/831 392/392/392
f 392/392/392 831/831/831 832/832/832
f 392/392/392 832/832/832 393/393/393
f 831/831/831 347/347/347 349/349/349
f 831/831/831 349/349/349 832/832/832
f 830/830/830 344/344/344 347/347/347
f 830/830/830 347/347/347 831/831/831
f 833/833/833 834/834/834 835/835/835
f 833/833/833 835/835/835 836/836/836
f 836/836/836 835/835/835 837/837/837
f 836/836/836 837/837/837 838/838/838
f 835/835/835 839/839/839 840/840/840
f 835/835/835 840/840/840 837/837/837
f 834/834/834 841/841/841 839/839/839
f 834/834/834 839/839/839 835/835/835
f 842/842/842 843/843/843 844/844/844
f 842/842/842 844/844/844 845/845/845
f 845/845/845 844/844/844 846/846/846
f 845/845/845 846/846/846 847/847/847
f 844/844/844 848/848/848 849/849/849
f 844/844/844 849/849/849 846/846/846
f 843/843/843 850/850/850 848/848/848
f 843/843/843 848/848/848 844/844/844
f 851/851/851 852/852/852 853/853/853
f 851/851/851 853/853/853 854/854/854
f 854/854/854 853/853/853 855/855/855
f 854/854/854 855/855/855 856/856/856
f 853/853/853 857/857/857 858/858/858
f 853/853/853 858/858/858 855/855/855
f 852/852/852 859/859/859 857/857/857
f 852/852/852 857/857/857 853/853/853
f 860/860/860 861/861/861 862/862/862
f 860/860/860 862/862/862 863/863/863
f 863/863/863 862/862/862 864/864/864
f 863/863/863 864/864/864 865/865/865
f 862/862/862 866/866/866 867/867/867
f 862/862/862 867/867/867 864/864/864
f 861/861/861 868/868/868 866/866/866
f 861/861/861 866/866/866 862/862/862
f 856/856/856 855/855/855 869/869/869
f 856/856/856 869/869/869 870/870/870
f 870/870/870 869/869/869 871/871/871
f 870/870/870 871/871/871 872/872/872
f 869/869/869 873/873/873 874/874/874
f 869/869/869 874/874/874 871/871/871
f 855/855/855 858/858/858 873/873/873
f 855/855/855 873/873/873 869/869/869
f 865/865/865 864/864/864 875/875/875
f 865/865/865 875/875/875 876/876/876
f 876/876/876 875/875/875 877/877/877
f 876/876/876 877/877/877 878/878/878
f 875/875/875 879/879/879 880/880/880
f 875/875/875 880/880/880 877/877/877
f 864/864/864 867/867/867 879/879/879
f 864/864/864 879/879/879 875/875/875
f 878/878/878 877/877/877 881/881/881
f 878/878/878 881/881/881 882/882/882
f 882/882/882 881/881/881 883/883/883
f 882/882/882 883/883/883 884/884/884
f 881/881/881 885/885/885 886/886/886
f 881/881/881 886/886/886 883/883/883
f 877/877/877 880/880/880 885/885/885
f 877/877/877 885/885/885 881/881/881
f 872/872/872 871/871/871 887/887/887
f 872/872/872 887/887/887 888/888/888
f 888/888/888 887/887/887 889/889/889
f 888/888/888 889/889/889 890/890/890
f 887/887/887 891/891/891 892/892/892
f 887/887/887 892/892/892 889/889/889
f 871/871/871 874/874/874 891/891/891
f 871/871/871 891/891/891 887/887/887
f 893/893/893 894/894/894 895/895/895
f 893/893/893 895/895/895 896/896/896
f 896/896/896 895/895/895 897/897/897
f 896/896/896 897/897/897 898/898/898
f 895/895/895 899/899/899 900/900/900
f 895/895/895 900/900/900 897/897/897
f 894/894/894 901/901/901 899/899/899
f 894/894/894 899/899/899 895/895/895
f 902/902/902 903/903/903 904/904/904
f 902/902/902 904/904/904 905/905/905
f 905/905/905 904/904/904 906/906/906
f 905/905/905 906/906/906 907/907/907
f 904/904/904 908/908/908 909/909/909
f 904/904/904 909/909/909 906/906/906
f 903/903/903 910/910/910 908/908/908
f 903/903/903 908/908/908 904/904/904
f 898/898/898 897/897/897 911/911/911
f 898/898/898 911/911/911 912/912/912
f 912/912/912 911/911/911 913/913/913
f 912/912/912 913/913/913 914/914/914
f 911/911/911 915/915/915 916/916/916
f 911/911/911 916/916/916 913/913/913
f 897/897/897 900/900/900 915/915/915
f 897/897/897 915/915/915 911/911/911
f 914/914/914 913/913/913 917/917/917
f 914/914/914 917/917/917 918/918/918
f 918/918/918 917/917/917 919/919/919
f 918/918/918 919/919/919 920/920/920
f 917/917/917 921/921/921 922/922/922
f 917/917/917 922/922/922 919/919/919
f 913/913/913 916/916/916 921/921/921
f 913/913/913 921/921/921 917/917/917
f 907/907/907 906/906/906 923/923/923
f 907/907/907 923/923/923 924/924/924
f 924/924/924 923/923/923 925/925/925
f 924/924/924 925/925/925 926/926/926
f 923/923/923 927/927/927 928/928/928
f 923/923/923 928/928/928 925/925/925
f 906/906/906 909/909/909 927/927/927
f 906/906/906 927/927/927 923/923/923
f 929/929/929 930/930/930 931/931/931
f 929/929/929 931/931/931 932/932/932
f 932/932/932 931/931/931 933/933/933
f 932/932/932 933/933/933 934/934/934
f 931/931/931 935/935/935 936/936/936
f 931/931/931 936/936/936 933/933/933
f 930/930/930 937/937/937 935/935/935
f 930/930/930 935/935/935 931/931/931
f 938/938/938 939/939/939 940/940/940
f 938/938/938 940/940/940 941/941/941
f 941/941/941 940/940/940 942/942/942
f 941/941/941 942/942/942 943/943/943
f 940/940/940 944/944/944 945/945/945
f 940/940/940 945/945/945 942/942/942
f 939/939/939 946/946/946 944/944/944
f 939/939/939 944/944/944 940/940/940
f 947/947/947 948/948/948 949/949/949
f 947/947/947 949/949/949 950/950/950
f 950/950/950 949/949/949 903/903/903
f 950/950/950 903/903/903 902/902/902
f 949/949/949 951/951/951 910/910/910
f 949/949/949 910/910/910 903/903/903
f 948/948/948 952/952/952 951/951/951
f 948/948/948 951/951/951 949/949/949
f 327/327/327 953/953/953 954/954/954
f 327/327/327 954/954/954 328/328/328
f 328/328/328 954/954/954 955/955/955
f 328/328/328 955/955/955 157/157/157
f 954/954/954 326/326/326 174/174/174
f 954/954/954 174/174/174 955/955/955
f 953/953/953 307/307/307 326/326/326
f 953/953/953 326/326/326 954/954/954
f 934/934/934 933/933/933 956/956/956
f 934/934/934 956/956/956 957/957/957
f 957/957/957 956/956/956 948/948/948
f 957/957/957 948/948/948 947/947/947
f 956/956/956 958/958/958 952/952/952
f 956/956/956 952/952/952 948/948/948
f 933/933/933 936/936/936 958/958/958
f 933/933/933 958/958/958 956/956/956
f 838/838/838 837/837/837 959/959/959
f 838/838/838 959/959/959 960/960/960
f 960/960/960 959/959/959 852/852/852
f 960/960/960 852/852/852 851/851/851
f 959/959/959 961/961/961 859/859/859
f 959/959/959 859/859/859 852/852/852
f 837/837/837 840/840/840 961/961/961
f 837/837/837 961/961/961 959/959/959
f 402/402/402 829/829/829 962/962/962
f 402/402/402 962/962/962 963/963/963
f 963/963/963 962/962/962 813/813/813
f 963/963/963 813/813/813 385/385/385
f 962/962/962 964/964/964 449/449/449
f 962/962/962 449/449/449 813/813/813
f 829/829/829 409/409/409 964/964/964
f 829/829/829 964/964/964 962/962/962
f 282/282/282 965/965/965 966/966/966
f 282/282/282 966/966/966 281/281/281
f 281/281/281 966/966/966 289/289/289
f 281/281/281 289/289/289 273/273/273
f 966/966/966 330/330/330 294/294/294
f 966/966/966 294/294/294 289/289/289
f 965/965/965 327/327/327 330/330/330
f 965/965/965 330/330/330 966/966/966
f 197/197/197 196/196/196 967/967/967
f 197/197/197 967/967/967 968/968/968
f 968/968/968 967/967/967 212/212/212
f 968/968/968 212/212/212 211/211/211
f 967/967/967 92/92/92 94/94/94
f 967/967/967 94/94/94 212/212/212
f 196/196/196 87/87/87 92/92/92
f 196/196/196 92/92/92 967/967/967
f 771/771/771 770/770/770 969/969/969
f 771/771/771 969/969/969 970/970/970
f 970/970/970 969/969/969 773/773/773
f 970/970/970 773/773/773 772/772/772
f 969/969/969 971/971/971 464/464/464
f 969/969/969 464/464/464 773/773/773
f 770/770/770 487/487/487 971/971/971
f 770/770/770 971/971/971 969/969/969
f 487/487/487 486/486/486 972/972/972
f 487/487/487 972/972/972 971/971/971
f 971/971/971 972/972/972 465/465/465
f 971/971/971 465/465/465 464/464/464
f 972/972/972 973/973/973 472/472/472
f 972/972/972 472/472/472 465/465/465
f 486/486/486 489/489/489 973/973/973
f 486/486/486 973/973/973 972/972/972
f 409/409/409 408/408/408 974/974/974
f 409/409/409 974/974/974 964/964/964
f 964/964/964 974/974/974 450/450/450
f 964/964/964 450/450/450 449/449/449
f 974/974/974 975/975/975 454/454/454
f 974/974/974 454/454/454 450/450/450
f 408/408/408 411/411/411 975/975/975
f 408/408/408 975/975/975 974/974/974
f 400/400/400 399/399/399 976/976/976
f 400/400/400 976/976/976 977/977/977
f 977/977/977 976/976/976 381/381/381
f 977/977/977 381/381/381 380/380/380
f 976/976/976 963/963/963 385/385/385
f 976/976/976 385/385/385 381/381/381
f 399/399/399 402/402/402 963/963/963
f 399/399/399 963/963/963 976/976/976
f 246/246/246 245/245/245 978/978/978
f 246/246/246 978/978/978 979/979/979
f 979/979/979 978/978/978 218/218/218
f 979/979/979 218/218/218 217/217/217
f 978/978/978 299/299/299 225/225/225
f 978/978/978 225/225/225 218/218/218
f 245/245/245 248/248/248 299/299/299
f 245/245/245 299/299/299 978/978/978
f 188/188/188 187/187/187 980/980/980
f 188/188/188 980/980/980 981/981/981
f 981/981/981 980/980/980 164/164/164
f 981/981/981 164/164/164 163/163/163
f 980/980/980 982/982/982 168/168/168
f 980/980/980 168/168/168 164/164/164
f 187/187/187 190/190/190 982/982/982
f 187/187/187 982/982/982 980/980/980
f 78/78/78 77/77/77 983/983/983
f 78/78/78 983/983/983 210/210/210
f 210/210/210 983/983/983 113/113/113
f 210/210/210 113/113/113 112/112/112
f 983/983/983 984/984/984 120/120/120
f 983/983/983 120/120/120 113/113/113
f 77/77/77 80/80/80 984/984/984
f 77/77/77 984/984/984 983/983/983
f 411/411/411 985/985/985 986/986/986
f 411/411/411 986/986/986 975/975/975
f 975/975/975 986/986/986 987/987/987
f 975/975/975 987/987/987 454/454/454
f 986/986/986 988/988/988 989/989/989
f 986/986/986 989/989/989 987/987/987
f 985/985/985 990/990/990 988/988/988
f 985/985/985 988/988/988 986/986/986
f 454/454/454 987/987/987 991/991/991
f 454/454/454 991/991/991 453/453/453
f 453/453/453 991/991/991 992/992/992
f 453/453/453 992/992/992 442/442/442
f 991/991/991 993/993/993 994/994/994
f 991/991/991 994/994/994 992/992/992
f 987/987/987 989/989/989 993/993/993
f 987/987/987 993/993/993 991/991/991
f 412/412/412 995/995/995 996/996/996
f 412/412/412 996/996/996 410/410/410
f 410/410/410 996/996/996 985/985/985
f 410/410/410 985/985/985 411/411/411
f 996/996/996 997/997/997 990/990/990
f 996/996/996 990/990/990 985/985/985
f 995/995/995 998/998/998 997/997/997
f 995/995/995 997/997/997 996/996/996
f 430/430/430 999/999/999 1000/1000/1000
f 430/430/430 1000/1000/1000 428/428/428
f 428/428/428 1000/1000/1000 1001/1001/1001
f 428/428/428 1001/1001/1001 429/429/429
f 1000/1000/1000 1002/1002/1002 1003/1003/1003
f 1000/1000/1000 1003/1003/1003 1001/1001/1001
f 999/999/999 1004/1004/1004 1002/1002/1002
f 999/999/999 1002/1002/1002 1000/1000/1000
f 442/442/442 992/992/992 1005/1005/1005
f 442/442/442 1005/1005/1005 441/441/441
f 441/441/441 1005/1005/1005 1006/1006/1006
f 441/441/441 1006/1006/1006 421/421/421
f 1005/1005/1005 1007/1007/1007 1008/1008/1008
f 1005/1005/1005 1008/1008/1008 1006/1006/1006
f 992/992/992 994/994/994 1007/1007/1007
f 992/992/992 1007/1007/1007 1005/1005/1005
f 352/352/352 1009/1009/1009 1010/1010/1010
f 352/352/352 1010/1010/1010 350/350/350
f 350/350/350 1010/1010/1010 1011/1011/1011
f 350/350/350 1011/1011/1011 351/351/351
f 1010/1010/1010 1012/1012/1012 1013/1013/1013
f 1010/1010/1010 1013/1013/1013 1011/1011/1011
f 1009/1009/1009 1014/1014/1014 1012/1012/1012
f 1009/1009/1009 1012/1012/1012 1010/1010/1010
f 448/448/448 1015/1015/1015 1016/1016/1016
f 448/448/448 1016/1016/1016 447/447/447
f 447/447/447 1016/1016/1016 1017/1017/1017
f 447/447/447 1017/1017/1017 436/436/436
f 1016/1016/1016 1018/1018/1018 1019/1019/1019
f 1016/1016/1016 1019/1019/1019 1017/1017/1017
f 1015/1015/1015 1020/1020/1020 1018/1018/1018
f 1015/1015/1015 1018/1018/1018 1016/1016/1016
f 436/436/436 1017/1017/1017 1021/1021/1021
f 436/436/436 1021/1021/1021 435/435/435
f 435/435/435 1021/1021/1021 999/999/999
f 435/435/435 999/999/999 430/430/430
f 1021/1021/1021 1022/1022/1022 1004/1004/1004
f 1021/1021/1021 1004/1004/1004 999/999/999
f 1017/1017/1017 1019/1019/1019 1022/1022/1022
f 1017/1017/1017 1022/1022/1022 1021/1021/1021
f 421/421/421 1006/1006/1006 1023/1023/1023
f 421/421/421 1023/1023/1023 419/419/419
f 419/419/419 1023/1023/1023 1024/1024/1024
f 419/419/419 1024/1024/1024 420/420/420
f 1023/1023/1023 1025/1025/1025 1026/1026/1026
f 1023/1023/1023 1026/1026/1026 1024/1024/1024
f 1006/1006/1006 1008/1008/1008 1025/1025/1025
f 1006/1006/1006 1025/1025/1025 1023/1023/1023
f 731/731/731 1027/1027/1027 1028/1028/1028
f 731/731/731 1028/1028/1028 729/729/729
f 729/729/729 1028/1028/1028 579/579/579
f 729/729/729 579/579/579 578/578/578
f 1028/1028/1028 1029/1029/1029 586/586/586
f 1028/1028/1028 586/586/586 579/579/579
f 1027/1027/1027 1030/1030/1030 1029/1029/1029
f 1027/1027/1027 1029/1029/1029 1028/1028/1028
f 712/712/712 1031/1031/1031 1032/1032/1032
f 712/712/712 1032/1032/1032 1033/1033/1033
f 1033/1033/1033 1032/1032/1032 1034/1034/1034
f 1033/1033/1033 1034/1034/1034 699/699/699
f 1032/1032/1032 1035/1035/1035 1036/1036/1036
f 1032/1032/1032 1036/1036/1036 1034/1034/1034
f 1031/1031/1031 1037/1037/1037 1035/1035/1035
f 1031/1031/1031 1035/1035/1035 1032/1032/1032
f 694/694/694 1038/1038/1038 1039/1039/1039
f 694/694/694 1039/1039/1039 1040/1040/1040
f 1040/1040/1040 1039/1039/1039 1041/1041/1041
f 1040/1040/1040 1041/1041/1041 722/722/722
f 1039/1039/1039 1042/1042/1042 1043/1043/1043
f 1039/1039/1039 1043/1043/1043 1041/1041/1041
f 1038/1038/1038 1044/1044/1044 1042/1042/1042
f 1038/1038/1038 1042/1042/1042 1039/1039/1039
f 717/717/717 1045/1045/1045 1046/1046/1046
f 717/717/717 1046/1046/1046 802/802/802
f 802/802/802 1046/1046/1046 1047/1047/1047
f 802/802/802 1047/1047/1047 705/705/705
f 1046/1046/1046 1048/1048/1048 1049/1049/1049
f 1046/1046/1046 1049/1049/1049 1047/1047/1047
f 1045/1045/1045 1050/1050/1050 1048/1048/1048
f 1045/1045/1045 1048/1048/1048 1046/1046/1046
f 722/722/722 1041/1041/1041 1051/1051/1051
f 722/722/722 1051/1051/1051 720/720/720
f 720/720/720 1051/1051/1051 1045/1045/1045
f 720/720/720 1045/1045/1045 717/717/717
f 1051/1051/1051 1052/1052/1052 1050/1050/1050
f 1051/1051/1051 1050/1050/1050 1045/1045/1045
f 1041/1041/1041 1043/1043/1043 1052/1052/1052
f 1041/1041/1041 1052/1052/1052 1051/1051/1051
f 705/705/705 1047/1047/1047 1053/1053/1053
f 705/705/705 1053/1053/1053 703/703/703
f 703/703/703 1053/1053/1053 1054/1054/1054
f 703/703/703 1054/1054/1054 700/700/700
f 1053/1053/1053 1055/1055/1055 1056/1056/1056
f 1053/1053/1053 1056/1056/1056 1054/1054/1054
f 1047/1047/1047 1049/1049/1049 1055/1055/1055
f 1047/1047/1047 1055/1055/1055 1053/1053/1053
f 723/723/723 1057/1057/1057 1058/1058/1058
f 723/723/723 1058/1058/1058 1059/1059/1059
f 1059/1059/1059 1058/1058/1058 1060/1060/1060
f 1059/1059/1059 1060/1060/1060 711/711/711
f 1058/1058/1058 1061/1061/1061 1062/1062/1062
f 1058/1058/1058 1062/1062/1062 1060/1060/1060
f 1057/1057/1057 1063/1063/1063 1061/1061/1061
f 1057/1057/1057 1061/1061/1061 1058/1058/1058
f 706/706/706 1064/1064/1064 1065/1065/1065
f 706/706/706 1065/1065/1065 1066/1066/1066
f 1066/1066/1066 1065/1065/1065 1027/1027/1027
f 1066/1066/1066 1027/1027/1027 731/731/731
f 1065/1065/1065 1067/1067/1067 1030/1030/1030
f 1065/1065/1065 1030/1030/1030 1027/1027/1027
f 1064/1064/1064 1068/1068/1068 1067/1067/1067
f 1064/1064/1064 1067/1067/1067 1065/1065/1065
f 990/990/990 1069/1069/1069 1070/1070/1070
f 990/990/990 1070/1070/1070 988/988/988
f 988/988/988 1070/1070/1070 1071/1071/1071
f 988/988/988 1071/1071/1071 989/989/989
f 1070/1070/1070 970/970/970 772/772/772
f 1070/1070/1070 772/772/772 1071/1071/1071
f 1069/1069/1069 771/771/771 970/970/970
f 1069/1069/1069 970/970/970 1070/1070/1070
f 989/989/989 1071/1071/1071 1072/1072/1072
f 989/989/989 1072/1072/1072 993/993/993
f 993/993/993 1072/1072/1072 1073/1073/1073
f 993/993/993 1073/1073/1073 994/994/994
f 1072/1072/1072 775/775/775 754/754/754
f 1072/1072/1072 754/754/754 1073/1073/1073
f 1071/1071/1071 772/772/772 775/775/775
f 1071/1071/1071 775/775/775 1072/1072/1072
f 998/998/998 1074/1074/1074 1075/1075/1075
f 998/998/998 1075/1075/1075 997/997/997
f 997/997/997 1075/1075/1075 1069/1069/1069
f 997/997/997 1069/1069/1069 990/990/990
f 1075/1075/1075 769/769/769 771/771/771
f 1075/1075/1075 771/771/771 1069/1069/1069
f 1074/1074/1074 766/766/766 769/769/769
f 1074/1074/1074 769/769/769 1075/1075/1075
f 1004/1004/1004 1076/1076/1076 1077/1077/1077
f 1004/1004/1004 1077/1077/1077 1002/1002/1002
f 1002/1002/1002 1077/1077/1077 1078/1078/1078
f 1002/1002/1002 1078/1078/1078 1003/1003/1003
f 1077/1077/1077 763/763/763 765/765/765
f 1077/1077/1077 765/765/765 1078/1078/1078
f 1076/1076/1076 760/760/760 763/763/763
f 1076/1076/1076 763/763/763 1077/1077/1077
f 994/994/994 1073/1073/1073 1079/1079/1079
f 994/994/994 1079/1079/1079 1007/1007/1007
f 1007/1007/1007 1079/1079/1079 1080/1080/1080
f 1007/1007/1007 1080/1080/1080 1008/1008/1008
f 1079/1079/1079 757/757/757 759/759/759
f 1079/1079/1079 759/759/759 1080/1080/1080
f 1073/1073/1073 754/754/754 757/757/757
f 1073/1073/1073 757/757/757 1079/1079/1079
f 1014/1014/1014 1081/1081/1081 1082/1082/1082
f 1014/1014/1014 1082/1082/1082 1012/1012/1012
f 1012/1012/1012 1082/1082/1082 1083/1083/1083
f 1012/1012/1012 1083/1083/1083 1013/1013/1013
f 1082/1082/1082 1084/1084/1084 1085/1085/1085
f 1082/1082/1082 1085/1085/1085 1083/1083/1083
f 1081/1081/1081 1086/1086/1086 1084/1084/1084
f 1081/1081/1081 1084/1084/1084 1082/1082/1082
f 1020/1020/1020 1087/1087/1087 1088/1088/1088
f 1020/1020/1020 1088/1088/1088 1018/1018/1018
f 1018/1018/1018 1088/1088/1088 1089/1089/1089
f 1018/1018/1018 1089/1089/1089 1019/1019/1019
f 1088/1088/1088 1090/1090/1090 1091/1091/1091
f 1088/1088/1088 1091/1091/1091 1089/1089/1089
f 1087/1087/1087 1092/1092/1092 1090/1090/1090
f 1087/1087/1087 1090/1090/1090 1088/1088/1088
f 1019/1019/1019 1089/1089/1089 1093/1093/1093
f 1019/1019/1019 1093/1093/1093 1022/1022/1022
f 1022/1022/1022 1093/1093/1093 1076/1076/1076
f 1022/1022/1022 1076/1076/1076 1004/1004/1004
f 1093/1093/1093 1094/1094/1094 760/760/760
f 1093/1093/1093 760/760/760 1076/1076/1076
f 1089/1089/1089 1091/1091/1091 1094/1094/1094
f 1089/1089/1089 1094/1094/1094 1093/1093/1093
f 1008/1008/1008 1080/1080/1080 1095/1095/1095
f 1008/1008/1008 1095/1095/1095 1025/1025/1025
f 1025/1025/1025 1095/1095/1095 1096/1096/1096
f 1025/1025/1025 1096/1096/1096 1026/1026/1026
f 1095/1095/1095 1097/1097/1097 1098/1098/1098
f 1095/1095/1095 1098/1098/1098 1096/1096/1096
f 1080/1080/1080 759/759/759 1097/1097/1097
f 1080/1080/1080 1097/1097/1097 1095/1095/1095
f 1099/1099/1099 1100/1100/1100 1101/1101/1101
f 1099/1099/1099 1101/1101/1101 1102/1102/1102
f 1102/1102/1102 1101/1101/1101 1103/1103/1103
f 1102/1102/1102 1103/1103/1103 1104/1104/1104
f 1101/1101/1101 960/960/960 851/851/851
f 1101/1101/1101 851/851/851 1103/1103/1103
f 1100/1100/1100 838/838/838 960/960/960
f 1100/1100/1100 960/960/960 1101/1101/1101
f 1105/1105/1105 1106/1106/1106 1107/1107/1107
f 1105/1105/1105 1107/1107/1107 1108/1108/1108
f 1108/1108/1108 1107/1107/1107 1109/1109/1109
f 1108/1108/1108 1109/1109/1109 1110/1110/1110
f 1107/1107/1107 888/888/888 890/890/890
f 1107/1107/1107 890/890/890 1109/1109/1109
f 1106/1106/1106 872/872/872 888/888/888
f 1106/1106/1106 888/888/888 1107/1107/1107
f 1111/1111/1111 1112/1112/1112 1113/1113/1113
f 1111/1111/1111 1113/1113/1113 1114/1114/1114
f 1114/1114/1114 1113/1113/1113 1115/1115/1115
f 1114/1114/1114 1115/1115/1115 1116/1116/1116
f 1113/1113/1113 882/882/882 884/884/884
f 1113/1113/1113 884/884/884 1115/1115/1115
f 1112/1112/1112 878/878/878 882/882/882
f 1112/1112/1112 882/882/882 1113/1113/1113
f 1117/1117/1117 1118/1118/1118 1119/1119/1119
f 1117/1117/1117 1119/1119/1119 1120/1120/1120
f 1120/1120/1120 1119/1119/1119 1112/1112/1112
f 1120/1120/1120 1112/1112/1112 1111/1111/1111
f 1119/1119/1119 876/876/876 878/878/878
f 1119/1119/1119 878/878/878 1112/1112/1112
f 1118/1118/1118 865/865/865 876/876/876
f 1118/1118/1118 876/876/876 1119/1119/1119
f 1121/1121/1121 1122/1122/1122 1123/1123/1123
f 1121/1121/1121 1123/1123/1123 1124/1124/1124
f 1124/1124/1124 1123/1123/1123 1106/1106/1106
f 1124/1124/1124 1106/1106/1106 1105/1105/1105
f 1123/1123/1123 870/870/870 872/872/872
f 1123/1123/1123 872/872/872 1106/1106/1106
f 1122/1122/1122 856/856/856 870/870/870
f 1122/1122/1122 870/870/870 1123/1123/1123
f 1125/1125/1125 1126/1126/1126 1127/1127/1127
f 1125/1125/1125 1127/1127/1127 1128/1128/1128
f 1128/1128/1128 1127/1127/1127 1118/1118/1118
f 1128/1128/1128 1118/1118/1118 1117/1117/1117
f 1127/1127/1127 863/863/863 865/865/865
f 1127/1127/1127 865/865/865 1118/1118/1118
f 1126/1126/1126 860/860/860 863/863/863
f 1126/1126/1126 863/863/863 1127/1127/1127
f 1104/1104/1104 1103/1103/1103 1129/1129/1129
f 1104/1104/1104 1129/1129/1129 1130/1130/1130
f 1130/1130/1130 1129/1129/1129 1122/1122/1122
f 1130/1130/1130 1122/1122/1122 1121/1121/1121
f 1129/1129/1129 854/854/854 856/856/856
f 1129/1129/1129 856/856/856 1122/1122/1122
f 1103/1103/1103 851/851/851 854/854/854
f 1103/1103/1103 854/854/854 1129/1129/1129
f 1131/1131/1131 1132/1132/1132 1133/1133/1133
f 1131/1131/1131 1133/1133/1133 1134/1134/1134
f 1134/1134/1134 1133/1133/1133 1135/1135/1135
f 1134/1134/1134 1135/1135/1135 1136/1136/1136
f 1133/1133/1133 845/845/845 847/847/847
f 1133/1133/1133 847/847/847 1135/1135/1135
f 1132/1132/1132 842/842/842 845/845/845
f 1132/1132/1132 845/845/845 1133/1133/1133
f 1137/1137/1137 1138/1138/1138 1139/1139/1139
f 1137/1137/1137 1139/1139/1139 1140/1140/1140
f 1140/1140/1140 1139/1139/1139 1100/1100/1100
f 1140/1140/1140 1100/1100/1100 1099/1099/1099
f 1139/1139/1139 836/836/836 838/838/838
f 1139/1139/1139 838/838/838 1100/1100/1100
f 1138/1138/1138 833/833/833 836/836/836
f 1138/1138/1138 836/836/836 1139/1139/1139
f 267/267/267 291/291/291 1141/1141/1141
f 267/267/267 1141/1141/1141 265/265/265
f 265/265/265 1141/1141/1141 1142/1142/1142
f 265/265/265 1142/1142/1142 266/266/266
f 1141/1141/1141 342/342/342 336/336/336
f 1141/1141/1141 336/336/336 1142/1142/1142
f 291/291/291 293/293/293 342/342/342
f 291/291/291 342/342/342 1141/1141/1141
f 1086/1086/1086 1143/1143/1143 1144/1144/1144
f 1086/1086/1086 1144/1144/1144 1084/1084/1084
f 1084/1084/1084 1144/1144/1144 1145/1145/1145
f 1084/1084/1084 1145/1145/1145 1085/1085/1085
f 1144/1144/1144 494/494/494 496/496/496
f 1144/1144/1144 496/496/496 1145/1145/1145
f 1143/1143/1143 491/491/491 494/494/494
f 1143/1143/1143 494/494/494 1144/1144/1144
f 1092/1092/1092 1146/1146/1146 1147/1147/1147
f 1092/1092/1092 1147/1147/1147 1090/1090/1090
f 1090/1090/1090 1147/1147/1147 1148/1148/1148
f 1090/1090/1090 1148/1148/1148 1091/1091/1091
f 1147/1147/1147 476/476/476 478/478/478
f 1147/1147/1147 478/478/478 1148/1148/1148
f 1146/1146/1146 473/473/473 476/476/476
f 1146/1146/1146 476/476/476 1147/1147/1147
f 1091/1091/1091 1148/1148/1148 1149/1149/1149
f 1091/1091/1091 1149/1149/1149 1094/1094/1094
f 1094/1094/1094 1149/1149/1149 761/761/761
f 1094/1094/1094 761/761/761 760/760/760
f 1149/1149/1149 777/777/777 500/500/500
f 1149/1149/1149 500/500/500 761/761/761
f 1148/1148/1148 478/478/478 777/777/777
f 1148/1148/1148 777/777/777 1149/1149/1149
f 759/759/759 758/758/758 1150/1150/1150
f 759/759/759 1150/1150/1150 1097/1097/1097
f 1097/1097/1097 1150/1150/1150 1151/1151/1151
f 1097/1097/1097 1151/1151/1151 1098/1098/1098
f 1150/1150/1150 512/512/512 514/514/514
f 1150/1150/1150 514/514/514 1151/1151/1151
f 758/758/758 509/509/509 512/512/512
f 758/758/758 512/512/512 1150/1150/1150
f 1098/1098/1098 1151/1151/1151 1152/1152/1152
f 1098/1098/1098 1152/1152/1152 1153/1153/1153
f 1153/1153/1153 1152/1152/1152 1143/1143/1143
f 1153/1153/1153 1143/1143/1143 1086/1086/1086
f 1152/1152/1152 1154/1154/1154 491/491/491
f 1152/1152/1152 491/491/491 1143/1143/1143
f 1151/1151/1151 514/514/514 1154/1154/1154
f 1151/1151/1151 1154/1154/1154 1152/1152/1152
f 1110/1110/1110 1109/1109/1109 1155/1155/1155
f 1110/1110/1110 1155/1155/1155 1156/1156/1156
f 1156/1156/1156 1155/1155/1155 1132/1132/1132
f 1156/1156/1156 1132/1132/1132 1131/1131/1131
f 1155/1155/1155 1157/1157/1157 842/842/842
f 1155/1155/1155 842/842/842 1132/1132/1132
f 1109/1109/1109 890/890/890 1157/1157/1157
f 1109/1109/1109 1157/1157/1157 1155/1155/1155
f 1026/1026/1026 1096/1096/1096 1158/1158/1158
f 1026/1026/1026 1158/1158/1158 1159/1159/1159
f 1159/1159/1159 1158/1158/1158 1081/1081/1081
f 1159/1159/1159 1081/1081/1081 1014/1014/1014
f 1158/1158/1158 1153/1153/1153 1086/1086/1086
f 1158/1158/1158 1086/1086/1086 1081/1081/1081
f 1096/1096/1096 1098/1098/1098 1153/1153/1153
f 1096/1096/1096 1153/1153/1153 1158/1158/1158
f 700/700/700 1054/1054/1054 1160/1160/1160
f 700/700/700 1160/1160/1160 726/726/726
f 726/726/726 1160/1160/1160 1057/1057/1057
f 726/726/726 1057/1057/1057 723/723/723
f 1160/1160/1160 1161/1161/1161 1063/1063/1063
f 1160/1160/1160 1063/1063/1063 1057/1057/1057
f 1054/1054/1054 1056/1056/1056 1161/1161/1161
f 1054/1054/1054 1161/1161/1161 1160/1160/1160
f 420/420/420 1024/1024/1024 1162/1162/1162
f 420/420/420 1162/1162/1162 1163/1163/1163
f 1163/1163/1163 1162/1162/1162 1009/1009/1009
f 1163/1163/1163 1009/1009/1009 352/352/352
f 1162/1162/1162 1159/1159/1159 1014/1014/1014
f 1162/1162/1162 1014/1014/1014 1009/1009/1009
f 1024/1024/1024 1026/1026/1026 1159/1159/1159
f 1024/1024/1024 1159/1159/1159 1162/1162/1162
f 231/231/231 301/301/301 1164/1164/1164
f 231/231/231 1164/1164/1164 1165/1165/1165
f 1165/1165/1165 1164/1164/1164 981/981/981
f 1165/1165/1165 981/981/981 163/163/163
f 1164/1164/1164 287/287/287 188/188/188
f 1164/1164/1164 188/188/188 981/981/981
f 301/301/301 288/288/288 287/287/287
f 301/301/301 287/287/287 1164/1164/1164
f 926/926/926 925/925/925 1166/1166/1166
f 926/926/926 1166/1166/1166 1167/1167/1167
f 1167/1167/1167 1166/1166/1166 939/939/939
f 1167/1167/1167 939/939/939 938/938/938
f 1166/1166/1166 1168/1168/1168 946/946/946
f 1166/1166/1166 946/946/946 939/939/939
f 925/925/925 928/928/928 1168/1168/1168
f 925/925/925 1168/1168/1168 1166/1166/1166
f 890/890/890 889/889/889 1169/1169/1169
f 890/890/890 1169/1169/1169 1157/1157/1157
f 1157/1157/1157 1169/1169/1169 843/843/843
f 1157/1157/1157 843/843/843 842/842/842
f 1169/1169/1169 1170/1170/1170 850/850/850
f 1169/1169/1169 850/850/850 843/843/843
f 889/889/889 892/892/892 1170/1170/1170
f 889/889/889 1170/1170/1170 1169/1169/1169
f 322/322/322 826/826/826 1171/1171/1171
f 322/322/322 1171/1171/1171 1172/1172/1172
f 1172/1172/1172 1171/1171/1171 830/830/830
f 1172/1172/1172 830/830/830 394/394/394
f 1171/1171/1171 1173/1173/1173 344/344/344
f 1171/1171/1171 344/344/344 830/830/830
f 826/826/826 418/418/418 1173/1173/1173
f 826/826/826 1173/1173/1173 1171/1171/1171
f 577/577/577 794/794/794 1174/1174/1174
f 577/577/577 1174/1174/1174 1175/1175/1175
f 1175/1175/1175 1174/1174/1174 778/778/778
f 1175/1175/1175 778/778/778 562/562/562
f 1174/1174/1174 1176/1176/1176 632/632/632
f 1174/1174/1174 632/632/632 778/778/778
f 794/794/794 592/592/592 1176/1176/1176
f 794/794/794 1176/1176/1176 1174/1174/1174
f 516/516/516 737/737/737 1177/1177/1177
f 516/516/516 1177/1177/1177 1178/1178/1178
f 1178/1178/1178 1177/1177/1177 741/741/741
f 1178/1178/1178 741/741/741 499/499/499
f 1177/1177/1177 1179/1179/1179 554/554/554
f 1177/1177/1177 554/554/554 741/741/741
f 737/737/737 575/575/575 1179/1179/1179
f 737/737/737 1179/1179/1179 1177/1177/1177
f 711/711/711 710/710/710 1180/1180/1180
f 711/711/711 1180/1180/1180 1059/1059/1059
f 1059/1059/1059 1180/1180/1180 724/724/724
f 1059/1059/1059 724/724/724 723/723/723
f 1180/1180/1180 1181/1181/1181 681/681/681
f 1180/1180/1180 681/681/681 724/724/724
f 710/710/710 665/665/665 1181/1181/1181
f 710/710/710 1181/1181/1181 1180/1180/1180
f 665/665/665 664/664/664 1182/1182/1182
f 665/665/665 1182/1182/1182 1181/1181/1181
f 1181/1181/1181 1182/1182/1182 682/682/682
f 1181/1181/1181 682/682/682 681/681/681
f 1182/1182/1182 638/638/638 640/640/640
f 1182/1182/1182 640/640/640 682/682/682
f 664/664/664 639/639/639 638/638/638
f 664/664/664 638/638/638 1182/1182/1182
f 592/592/592 591/591/591 1183/1183/1183
f 592/592/592 1183/1183/1183 1176/1176/1176
f 1176/1176/1176 1183/1183/1183 633/633/633
f 1176/1176/1176 633/633/633 632/632/632
f 1183/1183/1183 685/685/685 640/640/640
f 1183/1183/1183 640/640/640 633/633/633
f 591/591/591 594/594/594 685/685/685
f 591/591/591 685/685/685 1183/1183/1183
f 575/575/575 574/574/574 1184/1184/1184
f 575/575/575 1184/1184/1184 1179/1179/1179
f 1179/1179/1179 1184/1184/1184 555/555/555
f 1179/1179/1179 555/555/555 554/554/554
f 1184/1184/1184 1175/1175/1175 562/562/562
f 1184/1184/1184 562/562/562 555/555/555
f 574/574/574 577/577/577 1175/1175/1175
f 574/574/574 1175/1175/1175 1184/1184/1184
f 514/514/514 513/513/513 1185/1185/1185
f 514/514/514 1185/1185/1185 1154/1154/1154
f 1154/1154/1154 1185/1185/1185 492/492/492
f 1154/1154/1154 492/492/492 491/491/491
f 1185/1185/1185 1178/1178/1178 499/499/499
f 1185/1185/1185 499/499/499 492/492/492
f 513/513/513 516/516/516 1178/1178/1178
f 513/513/513 1178/1178/1178 1185/1185/1185
f 320/320/320 319/319/319 1186/1186/1186
f 320/320/320 1186/1186/1186 1187/1187/1187
f 1187/1187/1187 1186/1186/1186 387/387/387
f 1187/1187/1187 387/387/387 386/386/386
f 1186/1186/1186 1172/1172/1172 394/394/394
f 1186/1186/1186 394/394/394 387/387/387
f 319/319/319 322/322/322 1172/1172/1172
f 319/319/319 1172/1172/1172 1186/1186/1186
f 418/418/418 417/417/417 1188/1188/1188
f 418/418/418 1188/1188/1188 1173/1173/1173
f 1173/1173/1173 1188/1188/1188 345/345/345
f 1173/1173/1173 345/345/345 344/344/344
f 1188/1188/1188 1163/1163/1163 352/352/352
f 1188/1188/1188 352/352/352 345/345/345
f 417/417/417 420/420/420 1163/1163/1163
f 417/417/417 1163/1163/1163 1188/1188/1188
f 257/257/257 312/312/312 1189/1189/1189
f 257/257/257 1189/1189/1189 1190/1190/1190
f 1190/1190/1190 1189/1189/1189 303/303/303
f 1190/1190/1190 303/303/303 240/240/240
f 1189/1189/1189 1191/1191/1191 308/308/308
f 1189/1189/1189 308/308/308 303/303/303
f 312/312/312 314/314/314 1191/1191/1191
f 312/312/312 1191/1191/1191 1189/1189/1189
f 255/255/255 254/254/254 1192/1192/1192
f 255/255/255 1192/1192/1192 1193/1193/1193
f 1193/1193/1193 1192/1192/1192 233/233/233
f 1193/1193/1193 233/233/233 232/232/232
f 1192/1192/1192 1190/1190/1190 240/240/240
f 1192/1192/1192 240/240/240 233/233/233
f 254/254/254 257/257/257 1190/1190/1190
f 254/254/254 1190/1190/1190 1192/1192/1192
f 812/812/812 811/811/811 1194/1194/1194
f 812/812/812 1194/1194/1194 1195/1195/1195
f 1195/1195/1195 1194/1194/1194 199/199/199
f 1195/1195/1195 199/199/199 198/198/198
f 1194/1194/1194 1196/1196/1196 73/73/73
f 1194/1194/1194 73/73/73 199/199/199
f 811/811/811 102/102/102 1196/1196/1196
f 811/811/811 1196/1196/1196 1194/1194/1194
f 132/132/132 131/131/131 1197/1197/1197
f 132/132/132 1197/1197/1197 1198/1198/1198
f 1198/1198/1198 1197/1197/1197 170/170/170
f 1198/1198/1198 170/170/170 169/169/169
f 1197/1197/1197 1199/1199/1199 177/177/177
f 1197/1197/1197 177/177/177 170/170/170
f 131/131/131 134/134/134 1199/1199/1199
f 131/131/131 1199/1199/1199 1197/1197/1197
f 117/117/117 116/116/116 1200/1200/1200
f 117/117/117 1200/1200/1200 182/182/182
f 182/182/182 1200/1200/1200 106/106/106
f 182/182/182 106/106/106 72/72/72
f 1200/1200/1200 1201/1201/1201 111/111/111
f 1200/1200/1200 111/111/111 106/106/106
f 116/116/116 119/119/119 1201/1201/1201
f 116/116/116 1201/1201/1201 1200/1200/1200
f 6/6/6 5/5/5 1202/1202/1202
f 6/6/6 1202/1202/1202 1203/1203/1203
f 1203/1203/1203 1202/1202/1202 35/35/35
f 1203/1203/1203 35/35/35 34/34/34
f 1202/1202/1202 1204/1204/1204 39/39/39
f 1202/1202/1202 39/39/39 35/35/35
f 5/5/5 8/8/8 1204/1204/1204
f 5/5/5 1204/1204/1204 1202/1202/1202
f 1085/1085/1085 1145/1145/1145 1205/1205/1205
f 1085/1085/1085 1205/1205/1205 1206/1206/1206
f 1206/1206/1206 1205/1205/1205 1146/1146/1146
f 1206/1206/1206 1146/1146/1146 1092/1092/1092
f 1205/1205/1205 1207/1207/1207 473/473/473
f 1205/1205/1205 473/473/473 1146/1146/1146
f 1145/1145/1145 496/496/496 1207/1207/1207
f 1145/1145/1145 1207/1207/1207 1205/1205/1205
f 1136/1136/1136 1135/1135/1135 1208/1208/1208
f 1136/1136/1136 1208/1208/1208 1209/1209/1209
f 1209/1209/1209 1208/1208/1208 1126/1126/1126
f 1209/1209/1209 1126/1126/1126 1125/1125/1125
f 1208/1208/1208 1210/1210/1210 860/860/860
f 1208/1208/1208 860/860/860 1126/1126/1126
f 1135/1135/1135 847/847/847 1210/1210/1210
f 1135/1135/1135 1210/1210/1210 1208/1208/1208
f 1013/1013/1013 1083/1083/1083 1211/1211/1211
f 1013/1013/1013 1211/1211/1211 1212/1212/1212
f 1212/1212/1212 1211/1211/1211 1087/1087/1087
f 1212/1212/1212 1087/1087/1087 1020/1020/1020
f 1211/1211/1211 1206/1206/1206 1092/1092/1092
f 1211/1211/1211 1092/1092/1092 1087/1087/1087
f 1083/1083/1083 1085/1085/1085 1206/1206/1206
f 1083/1083/1083 1206/1206/1206 1211/1211/1211
f 711/711/711 1060/1060/1060 1213/1213/1213
f 711/711/711 1213/1213/1213 709/709/709
f 709/709/709 1213/1213/1213 1064/1064/1064
f 709/709/709 1064/1064/1064 706/706/706
f 1213/1213/1213 1214/1214/1214 1068/1068/1068
f 1213/1213/1213 1068/1068/1068 1064/1064/1064
f 1060/1060/1060 1062/1062/1062 1214/1214/1214
f 1060/1060/1060 1214/1214/1214 1213/1213/1213
f 351/351/351 1011/1011/1011 1215/1215/1215
f 351/351/351 1215/1215/1215 1216/1216/1216
f 1216/1216/1216 1215/1215/1215 1015/1015/1015
f 1216/1216/1216 1015/1015/1015 448/448/448
f 1215/1215/1215 1212/1212/1212 1020/1020/1020
f 1215/1215/1215 1020/1020/1020 1015/1015/1015
f 1011/1011/1011 1013/1013/1013 1212/1212/1212
f 1011/1011/1011 1212/1212/1212 1215/1215/1215
f 239/239/239 305/305/305 1217/1217/1217
f 239/239/239 1217/1217/1217 1218/1218/1218
f 1218/1218/1218 1217/1217/1217 965/965/965
f 1218/1218/1218 965/965/965 282/282/282
f 1217/1217/1217 953/953/953 327/327/327
f 1217/1217/1217 327/327/327 965/965/965
f 305/305/305 307/307/307 953/953/953
f 305/305/305 953/953/953 1217/1217/1217
f 231/231/231 1165/1165/1165 1219/1219/1219
f 231/231/231 1219/1219/1219 229/229/229
f 229/229/229 1219/1219/1219 1220/1220/1220
f 229/229/229 1220/1220/1220 230/230/230
f 1219/1219/1219 166/166/166 151/151/151
f 1219/1219/1219 151/151/151 1220/1220/1220
f 1165/1165/1165 163/163/163 166/166/166
f 1165/1165/1165 166/166/166 1219/1219/1219
f 943/943/943 942/942/942 1221/1221/1221
f 943/943/943 1221/1221/1221 1222/1222/1222
f 1222/1222/1222 1221/1221/1221 894/894/894
f 1222/1222/1222 894/894/894 893/893/893
f 1221/1221/1221 1223/1223/1223 901/901/901
f 1221/1221/1221 901/901/901 894/894/894
f 942/942/942 945/945/945 1223/1223/1223
f 942/942/942 1223/1223/1223 1221/1221/1221
f 847/847/847 846/846/846 1224/1224/1224
f 847/847/847 1224/1224/1224 1210/1210/1210
f 1210/1210/1210 1224/1224/1224 861/861/861
f 1210/1210/1210 861/861/861 860/860/860
f 1224/1224/1224 1225/1225/1225 868/868/868
f 1224/1224/1224 868/868/868 861/861/861
f 846/846/846 849/849/849 1225/1225/1225
f 846/846/846 1225/1225/1225 1224/1224/1224
f 393/393/393 832/832/832 1226/1226/1226
f 393/393/393 1226/1226/1226 1227/1227/1227
f 1227/1227/1227 1226/1226/1226 816/816/816
f 1227/1227/1227 816/816/816 379/379/379
f 1226/1226/1226 1228/1228/1228 443/443/443
f 1226/1226/1226 443/443/443 816/816/816
f 832/832/832 349/349/349 1228/1228/1228
f 832/832/832 1228/1228/1228 1226/1226/1226
f 216/216/216 215/215/215 1229/1229/1229
f 216/216/216 1229/1229/1229 1230/1230/1230
f 1230/1230/1230 1229/1229/1229 808/808/808
f 1230/1230/1230 808/808/808 807/807/807
f 1229/1229/1229 1231/1231/1231 97/97/97
f 1229/1229/1229 97/97/97 808/808/808
f 215/215/215 124/124/124 1231/1231/1231
f 215/215/215 1231/1231/1231 1229/1229/1229
f 561/561/561 780/780/780 1232/1232/1232
f 561/561/561 1232/1232/1232 1233/1233/1233
f 1233/1233/1233 1232/1232/1232 784/784/784
f 1233/1233/1233 784/784/784 544/544/544
f 1232/1232/1232 1234/1234/1234 617/617/617
f 1232/1232/1232 617/617/617 784/784/784
f 780/780/780 637/637/637 1234/1234/1234
f 780/780/780 1234/1234/1234 1232/1232/1232
f 498/498/498 743/743/743 1235/1235/1235
f 498/498/498 1235/1235/1235 1236/1236/1236
f 1236/1236/1236 1235/1235/1235 747/747/747
f 1236/1236/1236 747/747/747 481/481/481
f 1235/1235/1235 1237/1237/1237 539/539/539
f 1235/1235/1235 539/539/539 747/747/747
f 743/743/743 559/559/559 1237/1237/1237
f 743/743/743 1237/1237/1237 1235/1235/1235
f 731/731/731 730/730/730 1238/1238/1238
f 731/731/731 1238/1238/1238 1066/1066/1066
f 1066/1066/1066 1238/1238/1238 707/707/707
f 1066/1066/1066 707/707/707 706/706/706
f 1238/1238/1238 1239/1239/1239 660/660/660
f 1238/1238/1238 660/660/660 707/707/707
f 730/730/730 691/691/691 1239/1239/1239
f 730/730/730 1239/1239/1239 1238/1238/1238
f 691/691/691 690/690/690 1240/1240/1240
f 691/691/691 1240/1240/1240 1239/1239/1239
f 1239/1239/1239 1240/1240/1240 661/661/661
f 1239/1239/1239 661/661/661 660/660/660
f 1240/1240/1240 621/621/621 622/622/622
f 1240/1240/1240 622/622/622 661/661/661
f 690/690/690 610/610/610 621/621/621
f 690/690/690 621/621/621 1240/1240/1240
f 637/637/637 636/636/636 1241/1241/1241
f 637/637/637 1241/1241/1241 1234/1234/1234
f 1234/1234/1234 1241/1241/1241 618/618/618
f 1234/1234/1234 618/618/618 617/617/617
f 1241/1241/1241 666/666/666 622/622/622
f 1241/1241/1241 622/622/622 618/618/618
f 636/636/636 639/639/639 666/666/666
f 636/636/636 666/666/666 1241/1241/1241
f 559/559/559 558/558/558 1242/1242/1242
f 559/559/559 1242/1242/1242 1237/1237/1237
f 1237/1237/1237 1242/1242/1242 540/540/540
f 1237/1237/1237 540/540/540 539/539/539
f 1242/1242/1242 1233/1233/1233 544/544/544
f 1242/1242/1242 544/544/544 540/540/540
f 558/558/558 561/561/561 1233/1233/1233
f 558/558/558 1233/1233/1233 1242/1242/1242
f 496/496/496 495/495/495 1243/1243/1243
f 496/496/496 1243/1243/1243 1207/1207/1207
f 1207/1207/1207 1243/1243/1243 474/474/474
f 1207/1207/1207 474/474/474 473/473/473
f 1243/1243/1243 1236/1236/1236 481/481/481
f 1243/1243/1243 481/481/481 474/474/474
f 495/495/495 498/498/498 1236/1236/1236
f 495/495/495 1236/1236/1236 1243/1243/1243
f 349/349/349 348/348/348 1244/1244/1244
f 349/349/349 1244/1244/1244 1228/1228/1228
f 1228/1228/1228 1244/1244/1244 444/444/444
f 1228/1228/1228 444/444/444 443/443/443
f 1244/1244/1244 1216/1216/1216 448/448/448
f 1244/1244/1244 448/448/448 444/444/444
f 348/348/348 351/351/351 1216/1216/1216
f 348/348/348 1216/1216/1216 1244/1244/1244
f 391/391/391 390/390/390 1245/1245/1245
f 391/391/391 1245/1245/1245 1246/1246/1246
f 1246/1246/1246 1245/1245/1245 375/375/375
f 1246/1246/1246 375/375/375 374/374/374
f 1245/1245/1245 1227/1227/1227 379/379/379
f 1245/1245/1245 379/379/379 375/375/375
f 390/390/390 393/393/393 1227/1227/1227
f 390/390/390 1227/1227/1227 1245/1245/1245
f 237/237/237 236/236/236 1247/1247/1247
f 237/237/237 1247/1247/1247 1248/1248/1248
f 1248/1248/1248 1247/1247/1247 278/278/278
f 1248/1248/1248 278/278/278 277/277/277
f 1247/1247/1247 1218/1218/1218 282/282/282
f 1247/1247/1247 282/282/282 278/278/278
f 236/236/236 239/239/239 1218/1218/1218
f 236/236/236 1218/1218/1218 1247/1247/1247
f 174/174/174 173/173/173 1249/1249/1249
f 174/174/174 1249/1249/1249 955/955/955
f 955/955/955 1249/1249/1249 158/158/158
f 955/955/955 158/158/158 157/157/157
f 1249/1249/1249 1250/1250/1250 162/162/162
f 1249/1249/1249 162/162/162 158/158/158
f 173/173/173 176/176/176 1250/1250/1250
f 173/173/173 1250/1250/1250 1249/1249/1249
f 102/102/102 101/101/101 1251/1251/1251
f 102/102/102 1251/1251/1251 1196/1196/1196
f 1196/1196/1196 1251/1251/1251 74/74/74
f 1196/1196/1196 74/74/74 73/73/73
f 1251/1251/1251 1252/1252/1252 81/81/81
f 1251/1251/1251 81/81/81 74/74/74
f 101/101/101 104/104/104 1252/1252/1252
f 101/101/101 1252/1252/1252 1251/1251/1251
f 15/15/15 14/14/14 1253/1253/1253
f 15/15/15 1253/1253/1253 1254/1254/1254
f 1254/1254/1254 1253/1253/1253 2/2/2
f 1254/1254/1254 2/2/2 1/1/1
f 1253/1253/1253 1255/1255/1255 9/9/9
f 1253/1253/1253 9/9/9 2/2/2
f 14/14/14 17/17/17 1255/1255/1255
f 14/14/14 1255/1255/1255 1253/1253/1253
f 1116/1116/1116 1115/1115/1115 1256/1256/1256
f 1116/1116/1116 1256/1256/1256 1257/1257/1257
f 1257/1257/1257 1256/1256/1256 1138/1138/1138
f 1257/1257/1257 1138/1138/1138 1137/1137/1137
f 1256/1256/1256 1258/1258/1258 833/833/833
f 1256/1256/1256 833/833/833 1138/1138/1138
f 1115/1115/1115 884/884/884 1258/1258/1258
f 1115/1115/1115 1258/1258/1258 1256/1256/1256
f 1003/1003/1003 1078/1078/1078 1259/1259/1259
f 1003/1003/1003 1259/1259/1259 1260/1260/1260
f 1260/1260/1260 1259/1259/1259 1074/1074/1074
f 1260/1260/1260 1074/1074/1074 998/998/998
f 1259/1259/1259 1261/1261/1261 766/766/766
f 1259/1259/1259 766/766/766 1074/1074/1074
f 1078/1078/1078 765/765/765 1261/1261/1261
f 1078/1078/1078 1261/1261/1261 1259/1259/1259
f 429/429/429 1001/1001/1001 1262/1262/1262
f 429/429/429 1262/1262/1262 1263/1263/1263
f 1263/1263/1263 1262/1262/1262 995/995/995
f 1263/1263/1263 995/995/995 412/412/412
f 1262/1262/1262 1260/1260/1260 998/998/998
f 1262/1262/1262 998/998/998 995/995/995
f 1001/1001/1001 1003/1003/1003 1260/1260/1260
f 1001/1001/1001 1260/1260/1260 1262/1262/1262
f 308/308/308 1191/1191/1191 1264/1264/1264
f 308/308/308 1264/1264/1264 324/324/324
f 324/324/324 1264/1264/1264 1198/1198/1198
f 324/324/324 1198/1198/1198 169/169/169
f 1264/1264/1264 339/339/339 132/132/132
f 1264/1264/1264 132/132/132 1198/1198/1198
f 1191/1191/1191 314/314/314 339/339/339
f 1191/1191/1191 339/339/339 1264/1264/1264
f 920/920/920 919/919/919 1265/1265/1265
f 920/920/920 1265/1265/1265 1266/1266/1266
f 1266/1266/1266 1265/1265/1265 930/930/930
f 1266/1266/1266 930/930/930 929/929/929
f 1265/1265/1265 1267/1267/1267 937/937/937
f 1265/1265/1265 937/937/937 930/930/930
f 919/919/919 922/922/922 1267/1267/1267
f 919/919/919 1267/1267/1267 1265/1265/1265
f 884/884/884 883/883/883 1268/1268/1268
f 884/884/884 1268/1268/1268 1258/1258/1258
f 1258/1258/1258 1268/1268/1268 834/834/834
f 1258/1258/1258 834/834/834 833/833/833
f 1268/1268/1268 1269/1269/1269 841/841/841
f 1268/1268/1268 841/841/841 834/834/834
f 883/883/883 886/886/886 1269/1269/1269
f 883/883/883 1269/1269/1269 1268/1268/1268
f 360/360/360 824/824/824 1270/1270/1270
f 360/360/360 1270/1270/1270 1271/1271/1271
f 1271/1271/1271 1270/1270/1270 827/827/827
f 1271/1271/1271 827/827/827 403/403/403
f 1270/1270/1270 1272/1272/1272 404/404/404
f 1270/1270/1270 404/404/404 827/827/827
f 824/824/824 427/427/427 1272/1272/1272
f 824/824/824 1272/1272/1272 1270/1270/1270
f 765/765/765 764/764/764 1273/1273/1273
f 765/765/765 1273/1273/1273 1261/1261/1261
f 1261/1261/1261 1273/1273/1273 767/767/767
f 1261/1261/1261 767/767/767 766/766/766
f 1273/1273/1273 1274/1274/1274 482/482/482
f 1273/1273/1273 482/482/482 767/767/767
f 764/764/764 505/505/505 1274/1274/1274
f 764/764/764 1274/1274/1274 1273/1273/1273
f 505/505/505 504/504/504 1275/1275/1275
f 505/505/505 1275/1275/1275 1274/1274/1274
f 1274/1274/1274 1275/1275/1275 483/483/483
f 1274/1274/1274 483/483/483 482/482/482
f 1275/1275/1275 1276/1276/1276 490/490/490
f 1275/1275/1275 490/490/490 483/483/483
f 504/504/504 507/507/507 1276/1276/1276
f 504/504/504 1276/1276/1276 1275/1275/1275
f 427/427/427 426/426/426 1277/1277/1277
f 427/427/427 1277/1277/1277 1272/1272/1272
f 1272/1272/1272 1277/1277/1277 405/405/405
f 1272/1272/1272 405/405/405 404/404/404
f 1277/1277/1277 1263/1263/1263 412/412/412
f 1277/1277/1277 412/412/412 405/405/405
f 426/426/426 429/429/429 1263/1263/1263
f 426/426/426 1263/1263/1263 1277/1277/1277
f 358/358/358 357/357/357 1278/1278/1278
f 358/358/358 1278/1278/1278 1279/1279/1279
f 1279/1279/1279 1278/1278/1278 396/396/396
f 1279/1279/1279 396/396/396 395/395/395
f 1278/1278/1278 1271/1271/1271 403/403/403
f 1278/1278/1278 403/403/403 396/396/396
f 357/357/357 360/360/360 1271/1271/1271
f 357/357/357 1271/1271/1271 1278/1278/1278
f 266/266/266 1142/1142/1142 1280/1280/1280
f 266/266/266 1280/1280/1280 1281/1281/1281
f 1281/1281/1281 1280/1280/1280 309/309/309
f 1281/1281/1281 309/309/309 249/249/249
f 1280/1280/1280 332/332/332 283/283/283
f 1280/1280/1280 283/283/283 309/309/309
f 1142/1142/1142 336/336/336 332/332/332
f 1142/1142/1142 332/332/332 1280/1280/1280
f 264/264/264 263/263/263 1282/1282/1282
f 264/264/264 1282/1282/1282 1283/1283/1283
f 1283/1283/1283 1282/1282/1282 242/242/242
f 1283/1283/1283 242/242/242 241/241/241
f 1282/1282/1282 1281/1281/1281 249/249/249
f 1282/1282/1282 249/249/249 242/242/242
f 263/263/263 266/266/266 1281/1281/1281
f 263/263/263 1281/1281/1281 1282/1282/1282
f 69/69/69 68/68/68 1284/1284/1284
f 69/69/69 1284/1284/1284 1285/1285/1285
f 1285/1285/1285 1284/1284/1284 193/193/193
f 1285/1285/1285 193/193/193 192/192/192
f 1284/1284/1284 1286/1286/1286 82/82/82
f 1284/1284/1284 82/82/82 193/193/193
f 68/68/68 71/71/71 1286/1286/1286
f 68/68/68 1286/1286/1286 1284/1284/1284
f 141/141/141 140/140/140 1287/1287/1287
f 141/141/141 1287/1287/1287 334/334/334
f 334/334/334 1287/1287/1287 184/184/184
f 334/334/334 184/184/184 183/183/183
f 1287/1287/1287 1288/1288/1288 191/191/191
f 1287/1287/1287 191/191/191 184/184/184
f 140/140/140 143/143/143 1288/1288/1288
f 140/140/140 1288/1288/1288 1287/1287/1287
f 124/124/124 123/123/123 1289/1289/1289
f 124/124/124 1289/1289/1289 1231/1231/1231
f 1231/1231/1231 1289/1289/1289 98/98/98
f 1231/1231/1231 98/98/98 97/97/97
f 1289/1289/1289 1290/1290/1290 105/105/105
f 1289/1289/1289 105/105/105 98/98/98
f 123/123/123 126/126/126 1290/1290/1290
f 123/123/123 1290/1290/1290 1289/1289/1289
f 45/45/45 44/44/44 1291/1291/1291
f 45/45/45 1291/1291/1291 1292/1292/1292
f 1292/1292/1292 1291/1291/1291 56/56/56
f 1292/1292/1292 56/56/56 55/55/55
f 1291/1291/1291 1293/1293/1293 60/60/60
f 1291/1291/1291 60/60/60 56/56/56
f 44/44/44 47/47/47 1293/1293/1293
f 44/44/44 1293/1293/1293 1291/1291/1291
f 583/583/583 582/582/582 1294/1294/1294
f 583/583/583 1294/1294/1294 715/715/715
f 715/715/715 1294/1294/1294 1031/1031/1031
f 715/715/715 1031/1031/1031 712/712/712
f 1294/1294/1294 1295/1295/1295 1037/1037/1037
f 1294/1294/1294 1037/1037/1037 1031/1031/1031
f 582/582/582 585/585/585 1295/1295/1295
f 582/582/582 1295/1295/1295 1294/1294/1294
f 601/601/601 1296/1296/1296 1297/1297/1297
f 601/601/601 1297/1297/1297 1298/1298/1298
f 1298/1298/1298 1297/1297/1297 795/795/795
f 1298/1298/1298 795/795/795 571/571/571
f 1297/1297/1297 1299/1299/1299 521/521/521
f 1297/1297/1297 521/521/521 795/795/795
f 1296/1296/1296 644/644/644 1299/1299/1299
f 1296/1296/1296 1299/1299/1299 1297/1297/1297
f 699/699/699 698/698/698 1300/1300/1300
f 699/699/699 1300/1300/1300 1033/1033/1033
f 1033/1033/1033 1300/1300/1300 713/713/713
f 1033/1033/1033 713/713/713 712/712/712
f 1300/1300/1300 1301/1301/1301 667/667/667
f 1300/1300/1300 667/667/667 713/713/713
f 698/698/698 652/652/652 1301/1301/1301
f 698/698/698 1301/1301/1301 1300/1300/1300
f 652/652/652 651/651/651 1302/1302/1302
f 652/652/652 1302/1302/1302 1301/1301/1301
f 1301/1301/1301 1302/1302/1302 668/668/668
f 1301/1301/1301 668/668/668 667/667/667
f 1302/1302/1302 527/527/527 529/529/529
f 1302/1302/1302 529/529/529 668/668/668
f 651/651/651 528/528/528 527/527/527
f 651/651/651 527/527/527 1302/1302/1302
f 599/599/599 598/598/598 1303/1303/1303
f 599/599/599 1303/1303/1303 1304/1304/1304
f 1304/1304/1304 1303/1303/1303 564/564/564
f 1304/1304/1304 564/564/564 563/563/563
f 1303/1303/1303 1298/1298/1298 571/571/571
f 1303/1303/1303 571/571/571 564/564/564
f 598/598/598 601/601/601 1298/1298/1298
f 598/598/598 1298/1298/1298 1303/1303/1303
f 644/644/644 643/643/643 1305/1305/1305
f 644/644/644 1305/1305/1305 1299/1299/1299
f 1299/1299/1299 1305/1305/1305 522/522/522
f 1299/1299/1299 522/522/522 521/521/521
f 1305/1305/1305 673/673/673 529/529/529
f 1305/1305/1305 529/529/529 522/522/522
f 643/643/643 646/646/646 673/673/673
f 643/643/643 673/673/673 1305/1305/1305
f 699/699/699 1034/1034/1034 1306/1306/1306
f 699/699/699 1306/1306/1306 697/697/697
f 697/697/697 1306/1306/1306 1038/1038/1038
f 697/697/697 1038/1038/1038 694/694/694
f 1306/1306/1306 1307/1307/1307 1044/1044/1044
f 1306/1306/1306 1044/1044/1044 1038/1038/1038
f 1034/1034/1034 1036/1036/1036 1307/1307/1307
f 1034/1034/1034 1307/1307/1307 1306/1306/1306
f 570/570/570 797/797/797 1308/1308/1308
f 570/570/570 1308/1308/1308 1309/1309/1309
f 1309/1309/1309 1308/1308/1308 781/781/781
f 1309/1309/1309 781/781/781 553/553/553
f 1308/1308/1308 1310/1310/1310 623/623/623
f 1308/1308/1308 623/623/623 781/781/781
f 797/797/797 526/526/526 1310/1310/1310
f 797/797/797 1310/1310/1310 1308/1308/1308
f 722/722/722 721/721/721 1311/1311/1311
f 722/722/722 1311/1311/1311 1040/1040/1040
f 1040/1040/1040 1311/1311/1311 695/695/695
f 1040/1040/1040 695/695/695 694/694/694
f 1311/1311/1311 1312/1312/1312 647/647/647
f 1311/1311/1311 647/647/647 695/695/695
f 721/721/721 679/679/679 1312/1312/1312
f 721/721/721 1312/1312/1312 1311/1311/1311
f 679/679/679 678/678/678 1313/1313/1313
f 679/679/679 1313/1313/1313 1312/1312/1312
f 1312/1312/1312 1313/1313/1313 648/648/648
f 1312/1312/1312 648/648/648 647/647/647
f 1313/1313/1313 629/629/629 631/631/631
f 1313/1313/1313 631/631/631 648/648/648
f 678/678/678 630/630/630 629/629/629
f 678/678/678 629/629/629 1313/1313/1313
f 526/526/526 525/525/525 1314/1314/1314
f 526/526/526 1314/1314/1314 1310/1310/1310
f 1310/1310/1310 1314/1314/1314 624/624/624
f 1310/1310/1310 624/624/624 623/623/623
f 1314/1314/1314 653/653/653 631/631/631
f 1314/1314/1314 631/631/631 624/624/624
f 525/525/525 528/528/528 653/653/653
f 525/525/525 653/653/653 1314/1314/1314
f 568/568/568 567/567/567 1315/1315/1315
f 568/568/568 1315/1315/1315 1316/1316/1316
f 1316/1316/1316 1315/1315/1315 546/546/546
f 1316/1316/1316 546/546/546 545/545/545
f 1315/1315/1315 1309/1309/1309 553/553/553
f 1315/1315/1315 553/553/553 546/546/546
f 567/567/567 570/570/570 1309/1309/1309
f 567/567/567 1309/1309/1309 1315/1315/1315
f 489/489/489 740/740/740 1317/1317/1317
f 489/489/489 1317/1317/1317 973/973/973
f 973/973/973 1317/1317/1317 744/744/744
f 973/973/973 744/744/744 472/472/472
f 1317/1317/1317 1316/1316/1316 545/545/545
f 1317/1317/1317 545/545/545 744/744/744
f 740/740/740 568/568/568 1316/1316/1316
f 740/740/740 1316/1316/1316 1317/1317/1317
f 507/507/507 734/734/734 1318/1318/1318
f 507/507/507 1318/1318/1318 1276/1276/1276
f 1276/1276/1276 1318/1318/1318 738/738/738
f 1276/1276/1276 738/738/738 490/490/490
f 1318/1318/1318 1304/1304/1304 563/563/563
f 1318/1318/1318 563/563/563 738/738/738
f 734/734/734 599/599/599 1304/1304/1304
f 734/734/734 1304/1304/1304 1318/1318/1318
f 462/462/462 791/791/791 1319/1319/1319
f 462/462/462 1319/1319/1319 600/600/600
f 600/600/600 1319/1319/1319 1296/1296/1296
f 600/600/600 1296/1296/1296 601/601/601
f 1319/1319/1319 642/642/642 644/644/644
f 1319/1319/1319 644/644/644 1296/1296/1296
f 791/791/791 607/607/607 642/642/642
f 791/791/791 642/642/642 1319/1319/1319
f 922/922/922 1320/1320/1320 1321/1321/1321
f 922/922/922 1321/1321/1321 1267/1267/1267
f 1267/1267/1267 1321/1321/1321 1322/1322/1322
f 1267/1267/1267 1322/1322/1322 937/937/937
f 1321/1321/1321 1283/1283/1283 241/241/241
f 1321/1321/1321 241/241/241 1322/1322/1322
f 1320/1320/1320 264/264/264 1283/1283/1283
f 1320/1320/1320 1283/1283/1283 1321/1321/1321
f 945/945/945 1323/1323/1323 1324/1324/1324
f 945/945/945 1324/1324/1324 1223/1223/1223
f 1223/1223/1223 1324/1324/1324 1325/1325/1325
f 1223/1223/1223 1325/1325/1325 901/901/901
f 1324/1324/1324 1248/1248/1248 277/277/277
f 1324/1324/1324 277/277/277 1325/1325/1325
f 1323/1323/1323 237/237/237 1248/1248/1248
f 1323/1323/1323 1248/1248/1248 1324/1324/1324
f 928/928/928 1326/1326/1326 1327/1327/1327
f 928/928/928 1327/1327/1327 1168/1168/1168
f 1168/1168/1168 1327/1327/1327 1328/1328/1328
f 1168/1168/1168 1328/1328/1328 946/946/946
f 1327/1327/1327 1193/1193/1193 232/232/232
f 1327/1327/1327 232/232/232 1328/1328/1328
f 1326/1326/1326 255/255/255 1193/1193/1193
f 1326/1326/1326 1193/1193/1193 1327/1327/1327
f 936/936/936 1329/1329/1329 1330/1330/1330
f 936/936/936 1330/1330/1330 958/958/958
f 958/958/958 1330/1330/1330 1331/1331/1331
f 958/958/958 1331/1331/1331 952/952/952
f 1330/1330/1330 979/979/979 217/217/217
f 1330/1330/1330 217/217/217 1331/1331/1331
f 1329/1329/1329 246/246/246 979/979/979
f 1329/1329/1329 979/979/979 1330/1330/1330
f 901/901/901 1325/1325/1325 1332/1332/1332
f 901/901/901 1332/1332/1332 899/899/899
f 899/899/899 1332/1332/1332 1333/1333/1333
f 899/899/899 1333/1333/1333 900/900/900
f 1332/1332/1332 280/280/280 268/268/268
f 1332/1332/1332 268/268/268 1333/1333/1333
f 1325/1325/1325 277/277/277 280/280/280
f 1325/1325/1325 280/280/280 1332/1332/1332
f 910/910/910 1334/1334/1334 1335/1335/1335
f 910/910/910 1335/1335/1335 908/908/908
f 908/908/908 1335/1335/1335 1336/1336/1336
f 908/908/908 1336/1336/1336 909/909/909
f 1335/1335/1335 275/275/275 250/250/250
f 1335/1335/1335 250/250/250 1336/1336/1336
f 1334/1334/1334 222/222/222 275/275/275
f 1334/1334/1334 275/275/275 1335/1335/1335
f 900/900/900 1333/1333/1333 1337/1337/1337
f 900/900/900 1337/1337/1337 915/915/915
f 915/915/915 1337/1337/1337 1338/1338/1338
f 915/915/915 1338/1338/1338 916/916/916
f 1337/1337/1337 271/271/271 259/259/259
f 1337/1337/1337 259/259/259 1338/1338/1338
f 1333/1333/1333 268/268/268 271/271/271
f 1333/1333/1333 271/271/271 1337/1337/1337
f 916/916/916 1338/1338/1338 1339/1339/1339
f 916/916/916 1339/1339/1339 921/921/921
f 921/921/921 1339/1339/1339 1320/1320/1320
f 921/921/921 1320/1320/1320 922/922/922
f 1339/1339/1339 262/262/262 264/264/264
f 1339/1339/1339 264/264/264 1320/1320/1320
f 1338/1338/1338 259/259/259 262/262/262
f 1338/1338/1338 262/262/262 1339/1339/1339
f 909/909/909 1336/1336/1336 1340/1340/1340
f 909/909/909 1340/1340/1340 927/927/927
f 927/927/927 1340/1340/1340 1326/1326/1326
f 927/927/927 1326/1326/1326 928/928/928
f 1340/1340/1340 253/253/253 255/255/255
f 1340/1340/1340 255/255/255 1326/1326/1326
f 1336/1336/1336 250/250/250 253/253/253
f 1336/1336/1336 253/253/253 1340/1340/1340
f 937/937/937 1322/1322/1322 1341/1341/1341
f 937/937/937 1341/1341/1341 935/935/935
f 935/935/935 1341/1341/1341 1329/1329/1329
f 935/935/935 1329/1329/1329 936/936/936
f 1341/1341/1341 244/244/244 246/246/246
f 1341/1341/1341 246/246/246 1329/1329/1329
f 1322/1322/1322 241/241/241 244/244/244
f 1322/1322/1322 244/244/244 1341/1341/1341
f 946/946/946 1328/1328/1328 1342/1342/1342
f 946/946/946 1342/1342/1342 944/944/944
f 944/944/944 1342/1342/1342 1323/1323/1323
f 944/944/944 1323/1323/1323 945/945/945
f 1342/1342/1342 235/235/235 237/237/237
f 1342/1342/1342 237/237/237 1323/1323/1323
f 1328/1328/1328 232/232/232 235/235/235
f 1328/1328/1328 235/235/235 1342/1342/1342
f 952/952/952 1331/1331/1331 1343/1343/1343
f 952/952/952 1343/1343/1343 951/951/951
f 951/951/951 1343/1343/1343 1334/1334/1334
f 951/951/951 1334/1334/1334 910/910/910
f 1343/1343/1343 220/220/220 222/222/222
f 1343/1343/1343 222/222/222 1334/1334/1334
f 1331/1331/1331 217/217/217 220/220/220
f 1331/1331/1331 220/220/220 1343/1343/1343
f 197/197/197 1344/1344/1344 1345/1345/1345
f 197/197/197 1345/1345/1345 195/195/195
f 195/195/195 1345/1345/1345 1346/1346/1346
f 195/195/195 1346/1346/1346 192/192/192
f 1345/1345/1345 1266/1266/1266 929/929/929
f 1345/1345/1345 929/929/929 1346/1346/1346
f 1344/1344/1344 920/920/920 1266/1266/1266
f 1344/1344/1344 1266/1266/1266 1345/1345/1345
f 812/812/812 1347/1347/1347 1348/1348/1348
f 812/812/812 1348/1348/1348 810/810/810
f 810/810/810 1348/1348/1348 1349/1349/1349
f 810/810/810 1349/1349/1349 807/807/807
f 1348/1348/1348 1222/1222/1222 893/893/893
f 1348/1348/1348 893/893/893 1349/1349/1349
f 1347/1347/1347 943/943/943 1222/1222/1222
f 1347/1347/1347 1222/1222/1222 1348/1348/1348
f 203/203/203 1350/1350/1350 1351/1351/1351
f 203/203/203 1351/1351/1351 201/201/201
f 201/201/201 1351/1351/1351 1352/1352/1352
f 201/201/201 1352/1352/1352 198/198/198
f 1351/1351/1351 1167/1167/1167 938/938/938
f 1351/1351/1351 938/938/938 1352/1352/1352
f 1350/1350/1350 926/926/926 1167/1167/1167
f 1350/1350/1350 1167/1167/1167 1351/1351/1351
f 69/69/69 1353/1353/1353 1354/1354/1354
f 69/69/69 1354/1354/1354 67/67/67
f 67/67/67 1354/1354/1354 1355/1355/1355
f 67/67/67 1355/1355/1355 64/64/64
f 1354/1354/1354 957/957/957 947/947/947
f 1354/1354/1354 947/947/947 1355/1355/1355
f 1353/1353/1353 934/934/934 957/957/957
f 1353/1353/1353 957/957/957 1354/1354/1354
f 64/64/64 1355/1355/1355 1356/1356/1356
f 64/64/64 1356/1356/1356 181/181/181
f 181/181/181 1356/1356/1356 1357/1357/1357
f 181/181/181 1357/1357/1357 178/178/178
f 1356/1356/1356 950/950/950 902/902/902
f 1356/1356/1356 902/902/902 1357/1357/1357
f 1355/1355/1355 947/947/947 950/950/950
f 1355/1355/1355 950/950/950 1356/1356/1356
f 198/198/198 1352/1352/1352 1358/1358/1358
f 198/198/198 1358/1358/1358 1195/1195/1195
f 1195/1195/1195 1358/1358/1358 1347/1347/1347
f 1195/1195/1195 1347/1347/1347 812/812/812
f 1358/1358/1358 941/941/941 943/943/943
f 1358/1358/1358 943/943/943 1347/1347/1347
f 1352/1352/1352 938/938/938 941/941/941
f 1352/1352/1352 941/941/941 1358/1358/1358
f 192/192/192 1346/1346/1346 1359/1359/1359
f 192/192/192 1359/1359/1359 1285/1285/1285
f 1285/1285/1285 1359/1359/1359 1353/1353/1353
f 1285/1285/1285 1353/1353/1353 69/69/69
f 1359/1359/1359 932/932/932 934/934/934
f 1359/1359/1359 934/934/934 1353/1353/1353
f 1346/1346/1346 929/929/929 932/932/932
f 1346/1346/1346 932/932/932 1359/1359/1359
f 204/204/204 1360/1360/1360 1361/1361/1361
f 204/204/204 1361/1361/1361 209/209/209
f 209/209/209 1361/1361/1361 1350/1350/1350
f 209/209/209 1350/1350/1350 203/203/203
f 1361/1361/1361 924/924/924 926/926/926
f 1361/1361/1361 926/926/926 1350/1350/1350
f 1360/1360/1360 907/907/907 924/924/924
f 1360/1360/1360 924/924/924 1361/1361/1361
f 211/211/211 1362/1362/1362 1363/1363/1363
f 211/211/211 1363/1363/1363 968/968/968
f 968/968/968 1363/1363/1363 1344/1344/1344
f 968/968/968 1344/1344/1344 197/197/197
f 1363/1363/1363 918/918/918 920/920/920
f 1363/1363/1363 920/920/920 1344/1344/1344
f 1362/1362/1362 914/914/914 918/918/918
f 1362/1362/1362 918/918/918 1363/1363/1363
f 216/216/216 1364/1364/1364 1365/1365/1365
f 216/216/216 1365/1365/1365 214/214/214
f 214/214/214 1365/1365/1365 1362/1362/1362
f 214/214/214 1362/1362/1362 211/211/211
f 1365/1365/1365 912/912/912 914/914/914
f 1365/1365/1365 914/914/914 1362/1362/1362
f 1364/1364/1364 898/898/898 912/912/912
f 1364/1364/1364 912/912/912 1365/1365/1365
f 178/178/178 1357/1357/1357 1366/1366/1366
f 178/178/178 1366/1366/1366 207/207/207
f 207/207/207 1366/1366/1366 1360/1360/1360
f 207/207/207 1360/1360/1360 204/204/204
f 1366/1366/1366 905/905/905 907/907/907
f 1366/1366/1366 907/907/907 1360/1360/1360
f 1357/1357/1357 902/902/902 905/905/905
f 1357/1357/1357 905/905/905 1366/1366/1366
f 807/807/807 1349/1349/1349 1367/1367/1367
f 807/807/807 1367/1367/1367 1230/1230/1230
f 1230/1230/1230 1367/1367/1367 1364/1364/1364
f 1230/1230/1230 1364/1364/1364 216/216/216
f 1367/1367/1367 896/896/896 898/898/898
f 1367/1367/1367 898/898/898 1364/1364/1364
f 1349/1349/1349 893/893/893 896/896/896
f 1349/1349/1349 896/896/896 1367/1367/1367
f 110/110/110 1368/1368/1368 1369/1369/1369
f 110/110/110 1369/1369/1369 1370/1370/1370
f 1370/1370/1370 1369/1369/1369 1371/1371/1371
f 1370/1370/1370 1371/1371/1371 90/90/90
f 1369/1369/1369 1292/1292/1292 55/55/55
f 1369/1369/1369 55/55/55 1371/1371/1371
f 1368/1368/1368 45/45/45 1292/1292/1292
f 1368/1368/1368 1292/1292/1292 1369/1369/1369
f 126/126/126 1372/1372/1372 1373/1373/1373
f 126/126/126 1373/1373/1373 1290/1290/1290
f 1290/1290/1290 1373/1373/1373 1374/1374/1374
f 1290/1290/1290 1374/1374/1374 105/105/105
f 1373/1373/1373 1254/1254/1254 1/1/1
f 1373/1373/1373 1/1/1 1374/1374/1374
f 1372/1372/1372 15/15/15 1254/1254/1254
f 1372/1372/1372 1254/1254/1254 1373/1373/1373
f 104/104/104 1375/1375/1375 1376/1376/1376
f 104/104/104 1376/1376/1376 1252/1252/1252
f 1252/1252/1252 1376/1376/1376 1377/1377/1377
f 1252/1252/1252 1377/1377/1377 81/81/81
f 1376/1376/1376 1203/1203/1203 34/34/34
f 1376/1376/1376 34/34/34 1377/1377/1377
f 1375/1375/1375 6/6/6 1203/1203/1203
f 1375/1375/1375 1203/1203/1203 1376/1376/1376
f 119/119/119 1378/1378/1378 1379/1379/1379
f 119/119/119 1379/1379/1379 1201/1201/1201
f 1201/1201/1201 1379/1379/1379 1380/1380/1380
f 1201/1201/1201 1380/1380/1380 111/111/111
f 1379/1379/1379 62/62/62 40/40/40
f 1379/1379/1379 40/40/40 1380/1380/1380
f 1378/1378/1378 52/52/52 62/62/62
f 1378/1378/1378 62/62/62 1379/1379/1379
f 90/90/90 1371/1371/1371 1381/1381/1381
f 90/90/90 1381/1381/1381 88/88/88
f 88/88/88 1381/1381/1381 1382/1382/1382
f 88/88/88 1382/1382/1382 89/89/89
f 1381/1381/1381 58/58/58 19/19/19
f 1381/1381/1381 19/19/19 1382/1382/1382
f 1371/1371/1371 55/55/55 58/58/58
f 1371/1371/1371 58/58/58 1381/1381/1381
f 120/120/120 1383/1383/1383 1384/1384/1384
f 120/120/120 1384/1384/1384 118/118/118
f 118/118/118 1384/1384/1384 1378/1378/1378
f 118/118/118 1378/1378/1378 119/119/119
f 1384/1384/1384 50/50/50 52/52/52
f 1384/1384/1384 52/52/52 1378/1378/1378
f 1383/1383/1383 30/30/30 50/50/50
f 1383/1383/1383 50/50/50 1384/1384/1384
f 111/111/111 1380/1380/1380 1385/1385/1385
f 111/111/111 1385/1385/1385 109/109/109
f 109/109/109 1385/1385/1385 1368/1368/1368
f 109/109/109 1368/1368/1368 110/110/110
f 1385/1385/1385 43/43/43 45/45/45
f 1385/1385/1385 45/45/45 1368/1368/1368
f 1380/1380/1380 40/40/40 43/43/43
f 1380/1380/1380 43/43/43 1385/1385/1385
f 81/81/81 1377/1377/1377 1386/1386/1386
f 81/81/81 1386/1386/1386 79/79/79
f 79/79/79 1386/1386/1386 1387/1387/1387
f 79/79/79 1387/1387/1387 80/80/80
f 1386/1386/1386 37/37/37 25/25/25
f 1386/1386/1386 25/25/25 1387/1387/1387
f 1377/1377/1377 34/34/34 37/37/37
f 1377/1377/1377 37/37/37 1386/1386/1386
f 80/80/80 1387/1387/1387 1388/1388/1388
f 80/80/80 1388/1388/1388 984/984/984
f 984/984/984 1388/1388/1388 1383/1383/1383
f 984/984/984 1383/1383/1383 120/120/120
f 1388/1388/1388 28/28/28 30/30/30
f 1388/1388/1388 30/30/30 1383/1383/1383
f 1387/1387/1387 25/25/25 28/28/28
f 1387/1387/1387 28/28/28 1388/1388/1388
f 89/89/89 1382/1382/1382 1389/1389/1389
f 89/89/89 1389/1389/1389 95/95/95
f 95/95/95 1389/1389/1389 1390/1390/1390
f 95/95/95 1390/1390/1390 96/96/96
f 1389/1389/1389 22/22/22 10/10/10
f 1389/1389/1389 10/10/10 1390/1390/1390
f 1382/1382/1382 19/19/19 22/22/22
f 1382/1382/1382 22/22/22 1389/1389/1389
f 96/96/96 1390/1390/1390 1391/1391/1391
f 96/96/96 1391/1391/1391 125/125/125
f 125/125/125 1391/1391/1391 1372/1372/1372
f 125/125/125 1372/1372/1372 126/126/126
f 1391/1391/1391 13/13/13 15/15/15
f 1391/1391/1391 15/15/15 1372/1372/1372
f 1390/1390/1390 10/10/10 13/13/13
f 1390/1390/1390 13/13/13 1391/1391/1391
f 105/105/105 1374/1374/1374 1392/1392/1392
f 105/105/105 1392/1392/1392 103/103/103
f 103/103/103 1392/1392/1392 1375/1375/1375
f 103/103/103 1375/1375/1375 104/104/104
f 1392/1392/1392 4/4/4 6/6/6
f 1392/1392/1392 6/6/6 1375/1375/1375
f 1374/1374/1374 1/1/1 4/4/4
f 1374/1374/1374 4/4/4 1392/1392/1392
f 886/886/886 1393/1393/1393 1394/1394/1394
f 886/886/886 1394/1394/1394 1269/1269/1269
f 1269/1269/1269 1394/1394/1394 1395/1395/1395
f 1269/1269/1269 1395/1395/1395 841/841/841
f 1394/1394/1394 1279/1279/1279 395/395/395
f 1394/1394/1394 395/395/395 1395/1395/1395
f 1393/1393/1393 358/358/358 1279/1279/1279
f 1393/1393/1393 1279/1279/1279 1394/1394/1394
f 849/849/849 1396/1396/1396 1397/1397/1397
f 849/849/849 1397/1397/1397 1225/1225/1225
f 1225/1225/1225 1397/1397/1397 1398/1398/1398
f 1225/1225/1225 1398/1398/1398 868/868/868
f 1397/1397/1397 1246/1246/1246 374/374/374
f 1397/1397/1397 374/374/374 1398/1398/1398
f 1396/1396/1396 391/391/391 1246/1246/1246
f 1396/1396/1396 1246/1246/1246 1397/1397/1397
f 892/892/892 1399/1399/1399 1400/1400/1400
f 892/892/892 1400/1400/1400 1170/1170/1170
f 1170/1170/1170 1400/1400/1400 1401/1401/1401
f 1170/1170/1170 1401/1401/1401 850/850/850
f 1400/1400/1400 1187/1187/1187 386/386/386
f 1400/1400/1400 386/386/386 1401/1401/1401
f 1399/1399/1399 320/320/320 1187/1187/1187
f 1399/1399/1399 1187/1187/1187 1400/1400/1400
f 840/840/840 1402/1402/1402 1403/1403/1403
f 840/840/840 1403/1403/1403 961/961/961
f 961/961/961 1403/1403/1403 1404/1404/1404
f 961/961/961 1404/1404/1404 859/859/859
f 1403/1403/1403 977/977/977 380/380/380
f 1403/1403/1403 380/380/380 1404/1404/1404
f 1402/1402/1402 400/400/400 977/977/977
f 1402/1402/1402 977/977/977 1403/1403/1403
f 841/841/841 1395/1395/1395 1405/1405/1405
f 841/841/841 1405/1405/1405 839/839/839
f 839/839/839 1405/1405/1405 1402/1402/1402
f 839/839/839 1402/1402/1402 840/840/840
f 1405/1405/1405 398/398/398 400/400/400
f 1405/1405/1405 400/400/400 1402/1402/1402
f 1395/1395/1395 395/395/395 398/398/398
f 1395/1395/1395 398/398/398 1405/1405/1405
f 850/850/850 1401/1401/1401 1406/1406/1406
f 850/850/850 1406/1406/1406 848/848/848
f 848/848/848 1406/1406/1406 1396/1396/1396
f 848/848/848 1396/1396/1396 849/849/849
f 1406/1406/1406 389/389/389 391/391/391
f 1406/1406/1406 391/391/391 1396/1396/1396
f 1401/1401/1401 386/386/386 389/389/389
f 1401/1401/1401 389/389/389 1406/1406/1406
f 859/859/859 1404/1404/1404 1407/1407/1407
f 859/859/859 1407/1407/1407 857/857/857
f 857/857/857 1407/1407/1407 1408/1408/1408
f 857/857/857 1408/1408/1408 858/858/858
f 1407/1407/1407 383/383/383 368/368/368
f 1407/1407/1407 368/368/368 1408/1408/1408
f 1404/1404/1404 380/380/380 383/383/383
f 1404/1404/1404 383/383/383 1407/1407/1407
f 868/868/868 1398/1398/1398 1409/1409/1409
f 868/868/868 1409/1409/1409 866/866/866
f 866/866/866 1409/1409/1409 1410/1410/1410
f 866/866/866 1410/1410/1410 867/867/867
f 1409/1409/1409 377/377/377 362/362/362
f 1409/1409/1409 362/362/362 1410/1410/1410
f 1398/1398/1398 374/374/374 377/377/377
f 1398/1398/1398 377/377/377 1409/1409/1409
f 858/858/858 1408/1408/1408 1411/1411/1411
f 858/858/858 1411/1411/1411 873/873/873
f 873/873/873 1411/1411/1411 1412/1412/1412
f 873/873/873 1412/1412/1412 874/874/874
f 1411/1411/1411 371/371/371 315/315/315
f 1411/1411/1411 315/315/315 1412/1412/1412
f 1408/1408/1408 368/368/368 371/371/371
f 1408/1408/1408 371/371/371 1411/1411/1411
f 867/867/867 1410/1410/1410 1413/1413/1413
f 867/867/867 1413/1413/1413 879/879/879
f 879/879/879 1413/1413/1413 1414/1414/1414
f 879/879/879 1414/1414/1414 880/880/880
f 1413/1413/1413 365/365/365 353/353/353
f 1413/1413/1413 353/353/353 1414/1414/1414
f 1410/1410/1410 362/362/362 365/365/365
f 1410/1410/1410 365/365/365 1413/1413/1413
f 880/880/880 1414/1414/1414 1415/1415/1415
f 880/880/880 1415/1415/1415 885/885/885
f 885/885/885 1415/1415/1415 1393/1393/1393
f 885/885/885 1393/1393/1393 886/886/886
f 1415/1415/1415 356/356/356 358/358/358
f 1415/1415/1415 358/358/358 1393/1393/1393
f 1414/1414/1414 353/353/353 356/356/356
f 1414/1414/1414 356/356/356 1415/1415/1415
f 874/874/874 1412/1412/1412 1416/1416/1416
f 874/874/874 1416/1416/1416 891/891/891
f 891/891/891 1416/1416/1416 1399/1399/1399
f 891/891/891 1399/1399/1399 892/892/892
f 1416/1416/1416 318/318/318 320/320/320
f 1416/1416/1416 320/320/320 1399/1399/1399
f 1412/1412/1412 315/315/315 318/318/318
f 1412/1412/1412 318/318/318 1416/1416/1416
f 71/71/71 108/108/108 1417/1417/1417
f 71/71/71 1417/1417/1417 1286/1286/1286
f 1286/1286/1286 1417/1417/1417 83/83/83
f 1286/1286/1286 83/83/83 82/82/82
f 1417/1417/1417 1370/1370/1370 90/90/90
f 1417/1417/1417 90/90/90 83/83/83
f 108/108/108 110/110/110 1370/1370/1370
f 108/108/108 1370/1370/1370 1417/1417/1417
f 143/143/143 1418/1418/1418 1419/1419/1419
f 143/143/143 1419/1419/1419 1288/1288/1288
f 1288/1288/1288 1419/1419/1419 1420/1420/1420
f 1288/1288/1288 1420/1420/1420 191/191/191
f 1419/1419/1419 1257/1257/1257 1137/1137/1137
f 1419/1419/1419 1137/1137/1137 1420/1420/1420
f 1418/1418/1418 1116/1116/1116 1257/1257/1257
f 1418/1418/1418 1257/1257/1257 1419/1419/1419
f 176/176/176 1421/1421/1421 1422/1422/1422
f 176/176/176 1422/1422/1422 1250/1250/1250
f 1250/1250/1250 1422/1422/1422 1423/1423/1423
f 1250/1250/1250 1423/1423/1423 162/162/162
f 1422/1422/1422 1209/1209/1209 1125/1125/1125
f 1422/1422/1422 1125/1125/1125 1423/1423/1423
f 1421/1421/1421 1136/1136/1136 1209/1209/1209
f 1421/1421/1421 1209/1209/1209 1422/1422/1422
f 134/134/134 1424/1424/1424 1425/1425/1425
f 134/134/134 1425/1425/1425 1199/1199/1199
f 1199/1199/1199 1425/1425/1425 1426/1426/1426
f 1199/1199/1199 1426/1426/1426 177/177/177
f 1425/1425/1425 1156/1156/1156 1131/1131/1131
f 1425/1425/1425 1131/1131/1131 1426/1426/1426
f 1424/1424/1424 1110/1110/1110 1156/1156/1156
f 1424/1424/1424 1156/1156/1156 1425/1425/1425
f 191/191/191 1420/1420/1420 1427/1427/1427
f 191/191/191 1427/1427/1427 189/189/189
f 189/189/189 1427/1427/1427 1428/1428/1428
f 189/189/189 1428/1428/1428 190/190/190
f 1427/1427/1427 1140/1140/1140 1099/1099/1099
f 1427/1427/1427 1099/1099/1099 1428/1428/1428
f 1420/1420/1420 1137/1137/1137 1140/1140/1140
f 1420/1420/1420 1140/1140/1140 1427/1427/1427
f 177/177/177 1426/1426/1426 1429/1429/1429
f 177/177/177 1429/1429/1429 175/175/175
f 175/175/175 1429/1429/1429 1421/1421/1421
f 175/175/175 1421/1421/1421 176/176/176
f 1429/1429/1429 1134/1134/1134 1136/1136/1136
f 1429/1429/1429 1136/1136/1136 1421/1421/1421
f 1426/1426/1426 1131/1131/1131 1134/1134/1134
f 1426/1426/1426 1134/1134/1134 1429/1429/1429
f 168/168/168 1430/1430/1430 1431/1431/1431
f 168/168/168 1431/1431/1431 167/167/167
f 167/167/167 1431/1431/1431 1432/1432/1432
f 167/167/167 1432/1432/1432 156/156/156
f 1431/1431/1431 1130/1130/1130 1121/1121/1121
f 1431/1431/1431 1121/1121/1121 1432/1432/1432
f 1430/1430/1430 1104/1104/1104 1130/1130/1130
f 1430/1430/1430 1130/1130/1130 1431/1431/1431
f 162/162/162 1423/1423/1423 1433/1433/1433
f 162/162/162 1433/1433/1433 161/161/161
f 161/161/161 1433/1433/1433 1434/1434/1434
f 161/161/161 1434/1434/1434 150/150/150
f 1433/1433/1433 1128/1128/1128 1117/1117/1117
f 1433/1433/1433 1117/1117/1117 1434/1434/1434
f 1423/1423/1423 1125/1125/1125 1128/1128/1128
f 1423/1423/1423 1128/1128/1128 1433/1433/1433
f 156/156/156 1432/1432/1432 1435/1435/1435
f 156/156/156 1435/1435/1435 155/155/155
f 155/155/155 1435/1435/1435 1436/1436/1436
f 155/155/155 1436/1436/1436 135/135/135
f 1435/1435/1435 1124/1124/1124 1105/1105/1105
f 1435/1435/1435 1105/1105/1105 1436/1436/1436
f 1432/1432/1432 1121/1121/1121 1124/1124/1124
f 1432/1432/1432 1124/1124/1124 1435/1435/1435
f 150/150/150 1434/1434/1434 1437/1437/1437
f 150/150/150 1437/1437/1437 149/149/149
f 149/149/149 1437/1437/1437 1438/1438/1438
f 149/149/149 1438/1438/1438 144/144/144
f 1437/1437/1437 1120/1120/1120 1111/1111/1111
f 1437/1437/1437 1111/1111/1111 1438/1438/1438
f 1434/1434/1434 1117/1117/1117 1120/1120/1120
f 1434/1434/1434 1120/1120/1120 1437/1437/1437
f 144/144/144 1438/1438/1438 1439/1439/1439
f 144/144/144 1439/1439/1439 142/142/142
f 142/142/142 1439/1439/1439 1418/1418/1418
f 142/142/142 1418/1418/1418 143/143/143
f 1439/1439/1439 1114/1114/1114 1116/1116/1116
f 1439/1439/1439 1116/1116/1116 1418/1418/1418
f 1438/1438/1438 1111/1111/1111 1114/1114/1114
f 1438/1438/1438 1114/1114/1114 1439/1439/1439
f 135/135/135 1436/1436/1436 1440/1440/1440
f 135/135/135 1440/1440/1440 133/133/133
f 133/133/133 1440/1440/1440 1424/1424/1424
f 133/133/133 1424/1424/1424 134/134/134
f 1440/1440/1440 1108/1108/1108 1110/1110/1110
f 1440/1440/1440 1110/1110/1110 1424/1424/1424
f 1436/1436/1436 1105/1105/1105 1108/1108/1108
f 1436/1436/1436 1108/1108/1108 1440/1440/1440
f 190/190/190 1428/1428/1428 1441/1441/1441
f 190/190/190 1441/1441/1441 982/982/982
f 982/982/982 1441/1441/1441 1430/1430/1430
f 982/982/982 1430/1430/1430 168/168/168
f 1441/1441/1441 1102/1102/1102 1104/1104/1104
f 1441/1441/1441 1104/1104/1104 1430/1430/1430
f 1428/1428/1428 1099/1099/1099 1102/1102/1102
f 1428/1428/1428 1102/1102/1102 1441/1441/1441
f 60/60/60 1442/1442/1442 1443/1443/1443
f 60/60/60 1443/1443/1443 59/59/59
f 59/59/59 1443/1443/1443 1444/1444/1444
f 59/59/59 1444/1444/1444 24/24/24
f 1443/1443/1443 1445/1445/1445 1446/1446/1446
f 1443/1443/1443 1446/1446/1446 1444/1444/1444
f 1442/1442/1442 1447/1447/1447 1445/1445/1445
f 1442/1442/1442 1445/1445/1445 1443/1443/1443
f 48/48/48 1448/1448/1448 1449/1449/1449
f 48/48/48 1449/1449/1449 46/46/46
f 46/46/46 1449/1449/1449 1450/1450/1450
f 46/46/46 1450/1450/1450 47/47/47
f 1449/1449/1449 1451/1451/1451 1452/1452/1452
f 1449/1449/1449 1452/1452/1452 1450/1450/1450
f 1448/1448/1448 1453/1453/1453 1451/1451/1451
f 1448/1448/1448 1451/1451/1451 1449/1449/1449
f 47/47/47 1450/1450/1450 1454/1454/1454
f 47/47/47 1454/1454/1454 1293/1293/1293
f 1293/1293/1293 1454/1454/1454 1442/1442/1442
f 1293/1293/1293 1442/1442/1442 60/60/60
f 1454/1454/1454 1455/1455/1455 1447/1447/1447
f 1454/1454/1454 1447/1447/1447 1442/1442/1442
f 1450/1450/1450 1452/1452/1452 1455/1455/1455
f 1450/1450/1450 1455/1455/1455 1454/1454/1454
f 18/18/18 1456/1456/1456 1457/1457/1457
f 18/18/18 1457/1457/1457 16/16/16
f 16/16/16 1457/1457/1457 1458/1458/1458
f 16/16/16 1458/1458/1458 17/17/17
f 1457/1457/1457 1459/1459/1459 1460/1460/1460
f 1457/1457/1457 1460/1460/1460 1458/1458/1458
f 1456/1456/1456 1461/1461/1461 1459/1459/1459
f 1456/1456/1456 1459/1459/1459 1457/1457/1457
f 9/9/9 1462/1462/1462 1463/1463/1463
f 9/9/9 1463/1463/1463 7/7/7
f 7/7/7 1463/1463/1463 1464/1464/1464
f 7/7/7 1464/1464/1464 8/8/8
f 1463/1463/1463 1465/1465/1465 1466/1466/1466
f 1463/1463/1463 1466/1466/1466 1464/1464/1464
f 1462/1462/1462 1467/1467/1467 1465/1465/1465
f 1462/1462/1462 1465/1465/1465 1463/1463/1463
f 8/8/8 1464/1464/1464 1468/1468/1468
f 8/8/8 1468/1468/1468 1204/1204/1204
f 1204/1204/1204 1468/1468/1468 1469/1469/1469
f 1204/1204/1204 1469/1469/1469 39/39/39
f 1468/1468/1468 1470/1470/1470 1471/1471/1471
f 1468/1468/1468 1471/1471/1471 1469/1469/1469
f 1464/1464/1464 1466/1466/1466 1470/1470/1470
f 1464/1464/1464 1470/1470/1470 1468/1468/1468
f 32/32/32 1472/1472/1472 1473/1473/1473
f 32/32/32 1473/1473/1473 53/53/53
f 53/53/53 1473/1473/1473 1474/1474/1474
f 53/53/53 1474/1474/1474 54/54/54
f 1473/1473/1473 1475/1475/1475 1476/1476/1476
f 1473/1473/1473 1476/1476/1476 1474/1474/1474
f 1472/1472/1472 1477/1477/1477 1475/1475/1475
f 1472/1472/1472 1475/1475/1475 1473/1473/1473
f 39/39/39 1469/1469/1469 1478/1478/1478
f 39/39/39 1478/1478/1478 38/38/38
f 38/38/38 1478/1478/1478 1479/1479/1479
f 38/38/38 1479/1479/1479 33/33/33
f 1478/1478/1478 1480/1480/1480 1481/1481/1481
f 1478/1478/1478 1481/1481/1481 1479/1479/1479
f 1469/1469/1469 1471/1471/1471 1480/1480/1480
f 1469/1469/1469 1480/1480/1480 1478/1478/1478
f 33/33/33 1479/1479/1479 1482/1482/1482
f 33/33/33 1482/1482/1482 31/31/31
f 31/31/31 1482/1482/1482 1472/1472/1472
f 31/31/31 1472/1472/1472 32/32/32
f 1482/1482/1482 1483/1483/1483 1477/1477/1477
f 1482/1482/1482 1477/1477/1477 1472/1472/1472
f 1479/1479/1479 1481/1481/1481 1483/1483/1483
f 1479/1479/1479 1483/1483/1483 1482/1482/1482
f 54/54/54 1474/1474/1474 1484/1484/1484
f 54/54/54 1484/1484/1484 63/63/63
f 63/63/63 1484/1484/1484 1448/1448/1448
f 63/63/63 1448/1448/1448 48/48/48
f 1484/1484/1484 1485/1485/1485 1453/1453/1453
f 1484/1484/1484 1453/1453/1453 1448/1448/1448
f 1474/1474/1474 1476/1476/1476 1485/1485/1485
f 1474/1474/1474 1485/1485/1485 1484/1484/1484
f 17/17/17 1458/1458/1458 1486/1486/1486
f 17/17/17 1486/1486/1486 1255/1255/1255
f 1255/1255/1255 1486/1486/1486 1462/1462/1462
f 1255/1255/1255 1462/1462/1462 9/9/9
f 1486/1486/1486 1487/1487/1487 1467/1467/1467
f 1486/1486/1486 1467/1467/1467 1462/1462/1462
f 1458/1458/1458 1460/1460/1460 1487/1487/1487
f 1458/1458/1458 1487/1487/1487 1486/1486/1486
f 24/24/24 1444/1444/1444 1488/1488/1488
f 24/24/24 1488/1488/1488 23/23/23
f 23/23/23 1488/1488/1488 1456/1456/1456
f 23/23/23 1456/1456/1456 18/18/18
f 1488/1488/1488 1489/1489/1489 1461/1461/1461
f 1488/1488/1488 1461/1461/1461 1456/1456/1456
f 1444/1444/1444 1446/1446/1446 1489/1489/1489
f 1444/1444/1444 1489/1489/1489 1488/1488/1488
f 230/230/230 1220/1220/1220 1490/1490/1490
f 230/230/230 1490/1490/1490 297/297/297
f 297/297/297 1490/1490/1490 337/337/337
f 297/297/297 337/337/337 298/298/298
f 1490/1490/1490 154/154/154 127/127/127
f 1490/1490/1490 127/127/127 337/337/337
f 1220/1220/1220 151/151/151 154/154/154
f 1220/1220/1220 154/154/154 1490/1490/1490
f 1452/1452/1452 1491/1491/1491 1492/1492/1492
f 1452/1452/1452 1492/1492/1492 1455/1455/1455
f 1455/1455/1455 1492/1492/1492 1493/1493/1493
f 1455/1455/1455 1493/1493/1493 1447/1447/1447
f 1492/1492/1492 1494/1494/1494 1495/1495/1495
f 1492/1492/1492 1495/1495/1495 1493/1493/1493
f 1491/1491/1491 1496/1496/1496 1494/1494/1494
f 1491/1491/1491 1494/1494/1494 1492/1492/1492
f 1453/1453/1453 1497/1497/1497 1498/1498/1498
f 1453/1453/1453 1498/1498/1498 1451/1451/1451
f 1451/1451/1451 1498/1498/1498 1491/1491/1491
f 1451/1451/1451 1491/1491/1491 1452/1452/1452
f 1498/1498/1498 1499/1499/1499 1496/1496/1496
f 1498/1498/1498 1496/1496/1496 1491/1491/1491
f 1497/1497/1497 1500/1500/1500 1499/1499/1499
f 1497/1497/1497 1499/1499/1499 1498/1498/1498
f 1476/1476/1476 1501/1501/1501 1502/1502/1502
f 1476/1476/1476 1502/1502/1502 1485/1485/1485
f 1485/1485/1485 1502/1502/1502 1497/1497/1497
f 1485/1485/1485 1497/1497/1497 1453/1453/1453
f 1502/1502/1502 1503/1503/1503 1500/1500/1500
f 1502/1502/1502 1500/1500/1500 1497/1497/1497
f 1501/1501/1501 1504/1504/1504 1503/1503/1503
f 1501/1501/1501 1503/1503/1503 1502/1502/1502
f 1447/1447/1447 1493/1493/1493 1505/1505/1505
f 1447/1447/1447 1505/1505/1505 1445/1445/1445
f 1445/1445/1445 1505/1505/1505 1506/1506/1506
f 1445/1445/1445 1506/1506/1506 1446/1446/1446
f 1505/1505/1505 1507/1507/1507 1508/1508/1508
f 1505/1505/1505 1508/1508/1508 1506/1506/1506
f 1493/1493/1493 1495/1495/1495 1507/1507/1507
f 1493/1493/1493 1507/1507/1507 1505/1505/1505
f 1477/1477/1477 1509/1509/1509 1510/1510/1510
f 1477/1477/1477 1510/1510/1510 1475/1475/1475
f 1475/1475/1475 1510/1510/1510 1501/1501/1501
f 1475/1475/1475 1501/1501/1501 1476/1476/1476
f 1510/1510/1510 1511/1511/1511 1504/1504/1504
f 1510/1510/1510 1504/1504/1504 1501/1501/1501
f 1509/1509/1509 1512/1512/1512 1511/1511/1511
f 1509/1509/1509 1511/1511/1511 1510/1510/1510
f 1481/1481/1481 1513/1513/1513 1514/1514/1514
f 1481/1481/1481 1514/1514/1514 1483/1483/1483
f 1483/1483/1483 1514/1514/1514 1509/1509/1509
f 1483/1483/1483 1509/1509/1509 1477/1477/1477
f 1514/1514/1514 1515/1515/1515 1512/1512/1512
f 1514/1514/1514 1512/1512/1512 1509/1509/1509
f 1513/1513/1513 1516/1516/1516 1515/1515/1515
f 1513/1513/1513 1515/1515/1515 1514/1514/1514
f 1446/1446/1446 1506/1506/1506 1517/1517/1517
f 1446/1446/1446 1517/1517/1517 1489/1489/1489
f 1489/1489/1489 1517/1517/1517 1518/1518/1518
f 1489/1489/1489 1518/1518/1518 1461/1461/1461
f 1517/1517/1517 1519/1519/1519 1520/1520/1520
f 1517/1517/1517 1520/1520/1520 1518/1518/1518
f 1506/1506/1506 1508/1508/1508 1519/1519/1519
f 1506/1506/1506 1519/1519/1519 1517/1517/1517
f 1460/1460/1460 1521/1521/1521 1522/1522/1522
f 1460/1460/1460 1522/1522/1522 1487/1487/1487
f 1487/1487/1487 1522/1522/1522 1523/1523/1523
f 1487/1487/1487 1523/1523/1523 1467/1467/1467
f 1522/1522/1522 1524/1524/1524 1525/1525/1525
f 1522/1522/1522 1525/1525/1525 1523/1523/1523
f 1521/1521/1521 1526/1526/1526 1524/1524/1524
f 1521/1521/1521 1524/1524/1524 1522/1522/1522
f 1471/1471/1471 1527/1527/1527 1528/1528/1528
f 1471/1471/1471 1528/1528/1528 1480/1480/1480
f 1480/1480/1480 1528/1528/1528 1513/1513/1513
f 1480/1480/1480 1513/1513/1513 1481/1481/1481
f 1528/1528/1528 1529/1529/1529 1516/1516/1516
f 1528/1528/1528 1516/1516/1516 1513/1513/1513
f 1527/1527/1527 1530/1530/1530 1529/1529/1529
f 1527/1527/1527 1529/1529/1529 1528/1528/1528
f 1461/1461/1461 1518/1518/1518 1531/1531/1531
f 1461/1461/1461 1531/1531/1531 1459/1459/1459
f 1459/1459/1459 1531/1531/1531 1521/1521/1521
f 1459/1459/1459 1521/1521/1521 1460/1460/1460
f 1531/1531/1531 1532/1532/1532 1526/1526/1526
f 1531/1531/1531 1526/1526/1526 1521/1521/1521
f 1518/1518/1518 1520/1520/1520 1532/1532/1532
f 1518/1518/1518 1532/1532/1532 1531/1531/1531
f 1466/1466/1466 1533/1533/1533 1534/1534/1534
f 1466/1466/1466 1534/1534/1534 1470/1470/1470
f 1470/1470/1470 1534/1534/1534 1527/1527/1527
f 1470/1470/1470 1527/1527/1527 1471/1471/1471
f 1534/1534/1534 1535/1535/1535 1530/1530/1530
f 1534/1534/1534 1530/1530/1530 1527/1527/1527
f 1533/1533/1533 1536/1536/1536 1535/1535/1535
f 1533/1533/1533 1535/1535/1535 1534/1534/1534
f 1467/1467/1467 1523/1523/1523 1537/1537/1537
f 1467/1467/1467 1537/1537/1537 1465/1465/1465
f 1465/1465/1465 1537/1537/1537 1533/1533/1533
f 1465/1465/1465 1533/1533/1533 1466/1466/1466
f 1537/1537/1537 1538/1538/1538 1536/1536/1536
f 1537/1537/1537 1536/1536/1536 1533/1533/1533
f 1523/1523/1523 1525/1525/1525 1538/1538/1538
f 1523/1523/1523 1538/1538/1538 1537/1537/1537
f 1042/1042/1042 1044/1044/1044 1307/1307/1307
f 1307/1307/1307 1036/1036/1036 1035/1035/1035
f 1035/1035/1035 1037/1037/1037 1295/1295/1295
f 1295/1295/1295 585/585/585 584/584/584
f 584/584/584 586/586/586 1029/1029/1029
f 1029/1029/1029 1030/1030/1030 1067/1067/1067
f 1067/1067/1067 1068/1068/1068 1214/1214/1214
f 1214/1214/1214 1062/1062/1062 1061/1061/1061
f 1061/1061/1061 1063/1063/1063 1161/1161/1161
f 1161/1161/1161 1056/1056/1056 1055/1055/1055
f 1055/1055/1055 1049/1049/1049 1048/1048/1048
f 1048/1048/1048 1050/1050/1050 1052/1052/1052
f 1052/1052/1052 1043/1043/1043 1042/1042/1042
f 1042/1042/1042 1307/1307/1307 1035/1035/1035
f 1035/1035/1035 1295/1295/1295 584/584/584
f 584/584/584 1029/1029/1029 1067/1067/1067
f 1067/1067/1067 1214/1214/1214 1061/1061/1061
f 1061/1061/1061 1161/1161/1161 1055/1055/1055
f 1055/1055/1055 1048/1048/1048 1052/1052/1052
f 1052/1052/1052 1042/1042/1042 1035/1035/1035
f 1035/1035/1035 584/584/584 1067/1067/1067
f 1067/1067/1067 1061/1061/1061 1055/1055/1055
f 1055/1055/1055 1052/1052/1052 1035/1035/1035
f 1035/1035/1035 1067/1067/1067 1055/1055/1055
f 1507/1507/1507 1495/1495/1495 1494/1494/1494
f 1494/1494/1494 1496/1496/1496 1499/1499/1499
f 1499/1499/1499 1500/1500/1500 1503/1503/1503
f 1503/1503/1503 1504/1504/1504 1511/1511/1511
f 1511/1511/1511 1512/1512/1512 1515/1515/1515
f 1515/1515/1515 1516/1516/1516 1529/1529/1529
f 1529/1529/1529 1530/1530/1530 1535/1535/1535
f 1535/1535/1535 1536/1536/1536 1538/1538/1538
f 1538/1538/1538 1525/1525/1525 1524/1524/1524
f 1524/1524/1524 1526/1526/1526 1532/1532/1532
f 1532/1532/1532 1520/1520/1520 1519/1519/1519
f 1519/1519/1519 1508/1508/1508 1507/1507/1507
f 1507/1507/1507 1494/1494/1494 1499/1499/1499
f 1499/1499/1499 1503/1503/1503 1511/1511/1511
f 1511/1511/1511 1515/1515/1515 1529/1529/1529
f 1529/1529/1529 1535/1535/1535 1538/1538/1538
f 1538/1538/1538 1524/1524/1524 1532/1532/1532
f 1532/1532/1532 1519/1519/1519 1507/1507/1507
f 1507/1507/1507 1499/1499/1499 1511/1511/1511
f 1511/1511/1511 1529/1529/1529 1538/1538/1538
f 1538/1538/1538 1532/1532/1532 1507/1507/1507
f 1511/1511/1511 1538/1538/1538 1507/1507/1507
