v 0.160081 -0.109838 0.652139
v 0.159693 -0.103669 0.652852
v 0.15287 -0.10575 0.656281
v 0.153358 -0.111663 0.656186
v 0.146301 -0.105635 0.657739
v 0.146794 -0.111501 0.658075
v 0.152537 -0.0986376 0.65686
v 0.146212 -0.0985712 0.657928
v 0.159143 -0.0965177 0.654026
v 0.178055 -0.0839297 0.614265
v 0.179739 -0.0739531 0.619373
v 0.178224 -0.082989 0.628983
v 0.177354 -0.0915904 0.625414
v 0.173632 -0.0916292 0.638443
v 0.17347 -0.0991319 0.63612
v 0.177439 -0.075679 0.632994
v 0.172638 -0.0844754 0.641215
v 0.179391 -0.066282 0.624877
v 0.169974 -0.0712044 0.594602
v 0.172839 -0.0579526 0.602956
v 0.17762 -0.0654982 0.610552
v 0.175262 -0.0770802 0.603747
v 0.177755 -0.0572283 0.617655
v 0.173457 -0.0489093 0.61154
v 0.112649 -0.0932478 0.643021
v 0.113702 -0.0858414 0.645393
v 0.106736 -0.0739596 0.635451
v 0.105062 -0.0826159 0.631386
v 0.103517 -0.0615823 0.623771
v 0.101234 -0.0720822 0.618278
v 0.109703 -0.0669672 0.639711
v 0.106912 -0.0540217 0.629561
v 0.116056 -0.0789426 0.648121
v 0.131599 -0.106701 0.656483
v 0.131581 -0.100479 0.656448
v 0.122567 -0.0946624 0.652389
v 0.1221 -0.101313 0.651458
v 0.124203 -0.0877022 0.653834
v 0.132508 -0.0934438 0.657004
v 0.13368 -0.128568 0.666936
v 0.133835 -0.123867 0.663697
v 0.123754 -0.121328 0.656803
v 0.123957 -0.126902 0.659768
v 0.112816 -0.117646 0.645465
v 0.113013 -0.124435 0.64829
v 0.123418 -0.115009 0.654363
v 0.112718 -0.109919 0.643461
v 0.133597 -0.118553 0.660875
v 0.123122 -0.0532294 0.578065
v 0.126667 -0.036111 0.586863
v 0.134697 -0.0351189 0.583692
v 0.130995 -0.0527611 0.574452
v 0.142721 -0.0363692 0.58355
v 0.138924 -0.0541186 0.574069
v 0.137486 -0.0236858 0.594586
v 0.14522 -0.0248052 0.594521
v 0.129702 -0.0250057 0.59733
v 0.105297 -0.0513868 0.611845
v 0.102467 -0.0642485 0.605566
v 0.110843 -0.0438737 0.601095
v 0.107614 -0.058905 0.594182
v 0.108878 -0.0426122 0.618964
v 0.114382 -0.0338419 0.609434
v 0.155689 -0.0616588 0.581415
v 0.159205 -0.0454949 0.591351
v 0.166565 -0.0513878 0.596727
v 0.163327 -0.0661985 0.587281
v 0.167659 -0.0414924 0.606473
v 0.160783 -0.0348019 0.601863
v 0.118407 -0.0389236 0.592689
v 0.11498 -0.055288 0.584809
v 0.121723 -0.0281856 0.602227
v 0.0987958 -0.170753 0.594636
v 0.100249 -0.161798 0.591999
v 0.107796 -0.165628 0.589149
v 0.1066 -0.174782 0.592271
v 0.11547 -0.169313 0.58782
v 0.114182 -0.179154 0.590992
v 0.108801 -0.154997 0.585006
v 0.116339 -0.1582 0.583793
v 0.101763 -0.151213 0.588291
v 0.136297 -0.137685 0.578881
v 0.140619 -0.120513 0.574413
v 0.148578 -0.12251 0.579921
v 0.1442 -0.139504 0.58411
v 0.156424 -0.123675 0.588187
v 0.152195 -0.140123 0.592045
v 0.154016 -0.103311 0.578124
v 0.161539 -0.105425 0.586507
v 0.146022 -0.100881 0.572377
v 0.164097 -0.123867 0.599622
v 0.160391 -0.139105 0.603372
v 0.169969 -0.123712 0.613034
v 0.166962 -0.137053 0.61686
v 0.168342 -0.107368 0.597746
v 0.173095 -0.109662 0.610775
v 0.160078 -0.13146 0.663028
v 0.161377 -0.126371 0.658937
v 0.15523 -0.126736 0.663822
v 0.154156 -0.131116 0.667881
v 0.148873 -0.126472 0.666133
v 0.148044 -0.130622 0.670057
v 0.155485 -0.122131 0.660478
v 0.148969 -0.121958 0.662811
v 0.161838 -0.121187 0.655673
v 0.106601 -0.126394 0.578765
v 0.110481 -0.11096 0.574809
v 0.117278 -0.113148 0.57076
v 0.113116 -0.129675 0.574989
v 0.124447 -0.115472 0.569708
v 0.120201 -0.132566 0.574015
v 0.122111 -0.0940377 0.568525
v 0.129532 -0.0957486 0.567473
v 0.114867 -0.0930823 0.572713
v 0.0947326 -0.118449 0.617593
v 0.0960386 -0.108832 0.614847
v 0.0948815 -0.107067 0.602201
v 0.0928846 -0.117909 0.604795
v 0.0980702 -0.107322 0.591692
v 0.0954592 -0.119494 0.594377
v 0.0971317 -0.0944867 0.601016
v 0.100962 -0.0931994 0.590298
v 0.0975936 -0.0977045 0.613618
v 0.172406 -0.123891 0.626886
v 0.170024 -0.134783 0.630857
v 0.171306 -0.124519 0.639865
v 0.169411 -0.132935 0.643954
v 0.17452 -0.112707 0.62424
v 0.172631 -0.116045 0.636912
v 0.102702 -0.112907 0.630329
v 0.102267 -0.121122 0.633129
v 0.103354 -0.103473 0.62878
v 0.0574693 -0.216416 0.667083
v 0.0508002 -0.222961 0.673856
v 0.0558409 -0.216501 0.685975
v 0.0622513 -0.210899 0.678074
v 0.0637167 -0.212665 0.697461
v 0.0692851 -0.207959 0.688697
v 0.0484033 -0.224518 0.694908
v 0.05712 -0.219847 0.707273
v 0.0429522 -0.231997 0.681471
v 0.118055 -0.242534 0.663206
v 0.117734 -0.249553 0.668258
v 0.109398 -0.256454 0.657351
v 0.110768 -0.249434 0.653269
v 0.0983882 -0.26116 0.649379
v 0.100631 -0.254583 0.646043
v 0.107543 -0.266555 0.66198
v 0.0951782 -0.271278 0.653141
v 0.117411 -0.259219 0.674123
v 0.116471 -0.227531 0.687008
v 0.118115 -0.23243 0.694322
v 0.120036 -0.240932 0.68151
v 0.11927 -0.234966 0.675209
v 0.120974 -0.24955 0.688793
v 0.11994 -0.240174 0.702669
v 0.0579256 -0.235198 0.64935
v 0.0529875 -0.242224 0.654003
v 0.0504818 -0.232361 0.662939
v 0.0564571 -0.225435 0.657244
v 0.0428469 -0.242094 0.669156
v 0.0458985 -0.252355 0.659009
v 0.107389 -0.215295 0.702993
v 0.108862 -0.220319 0.710628
v 0.114432 -0.225703 0.70403
v 0.112418 -0.220876 0.696389
v 0.116657 -0.233437 0.71267
v 0.110514 -0.228219 0.719225
v 0.0628391 -0.248512 0.640294
v 0.0590116 -0.255904 0.642883
v 0.0559627 -0.250035 0.647409
v 0.0601962 -0.242812 0.643817
v 0.0494247 -0.260387 0.651573
v 0.0530378 -0.2663 0.646507
v 0.0833829 -0.205355 0.703789
v 0.079528 -0.209789 0.712707
v 0.0861467 -0.210178 0.715889
v 0.089246 -0.205944 0.707372
v 0.0930333 -0.212041 0.71643
v 0.0949838 -0.20784 0.708361
v 0.082482 -0.217099 0.725287
v 0.0907676 -0.219037 0.725472
v 0.0749007 -0.216799 0.722456
v 0.0847927 -0.16328 0.604553
v 0.0873366 -0.15358 0.603047
v 0.0928281 -0.157814 0.596136
v 0.0907957 -0.167144 0.597943
v 0.0951429 -0.146858 0.593452
v 0.0902293 -0.142443 0.60095
v 0.0832338 -0.257994 0.639088
v 0.0800509 -0.26468 0.641117
v 0.0726862 -0.264699 0.639316
v 0.0759934 -0.257772 0.637795
v 0.0667034 -0.263413 0.638891
v 0.0700815 -0.256256 0.637521
v 0.0681396 -0.274743 0.642369
v 0.0618698 -0.273513 0.641985
v 0.0757082 -0.27474 0.64424
v 0.12927 -0.188575 0.595599
v 0.131425 -0.17665 0.592232
v 0.138601 -0.18045 0.598933
v 0.135934 -0.193515 0.603616
v 0.145252 -0.182379 0.608468
v 0.141964 -0.196058 0.614491
v 0.140657 -0.165907 0.593559
v 0.148114 -0.166865 0.601712
v 0.132907 -0.16354 0.58819
v 0.113765 -0.16179 0.689051
v 0.122676 -0.150403 0.68303
v 0.115649 -0.148856 0.674678
v 0.107821 -0.159415 0.680211
v 0.106935 -0.147449 0.66217
v 0.100639 -0.157266 0.667277
v 0.121835 -0.138806 0.66862
v 0.111704 -0.137797 0.656565
v 0.13014 -0.139769 0.676509
v 0.0858193 -0.155699 0.632727
v 0.0890254 -0.146431 0.628941
v 0.0857636 -0.149296 0.614158
v 0.0830338 -0.158847 0.616594
v 0.0886356 -0.138672 0.611332
v 0.0918952 -0.136528 0.624826
v 0.0970561 -0.146187 0.645967
v 0.0925082 -0.155537 0.650602
v 0.100606 -0.13662 0.640932
v 0.150341 -0.190001 0.640609
v 0.155535 -0.176958 0.634168
v 0.156289 -0.172547 0.649112
v 0.149871 -0.185884 0.655792
v 0.154034 -0.167982 0.663344
v 0.146399 -0.182057 0.670587
v 0.163082 -0.157682 0.641498
v 0.162051 -0.153229 0.655271
v 0.160879 -0.161955 0.626903
v 0.0897307 -0.203337 0.614857
v 0.086076 -0.211655 0.619018
v 0.0822802 -0.208601 0.621518
v 0.0853446 -0.200827 0.618135
v 0.0792466 -0.204158 0.626319
v 0.0818688 -0.197169 0.623545
v 0.0767129 -0.217419 0.623891
v 0.0742899 -0.211907 0.628439
v 0.0800343 -0.221307 0.62199
v 0.0723169 -0.230357 0.625508
v 0.0697074 -0.225354 0.62707
v 0.0684955 -0.218609 0.631385
v 0.0638177 -0.231078 0.630211
v 0.0636779 -0.223445 0.634271
v 0.0658769 -0.236851 0.628957
v 0.0911859 -0.198578 0.702284
v 0.0920229 -0.19783 0.696018
v 0.0978794 -0.201409 0.702394
v 0.0972789 -0.202932 0.709962
v 0.10436 -0.20475 0.704414
v 0.104285 -0.206547 0.712132
v 0.0984579 -0.199591 0.695095
v 0.104495 -0.20262 0.696993
v 0.0927401 -0.196916 0.690046
v 0.110043 -0.215791 0.613949
v 0.105362 -0.223352 0.617401
v 0.0990962 -0.221115 0.615934
v 0.1038 -0.213208 0.61165
v 0.0936835 -0.218388 0.615792
v 0.0983251 -0.210083 0.611202
v 0.0931186 -0.231173 0.619395
v 0.087377 -0.228707 0.619384
v 0.0997708 -0.23303 0.620347
v 0.08041 -0.185856 0.643887
v 0.0785155 -0.190996 0.646615
v 0.0800823 -0.188893 0.659433
v 0.0810237 -0.184868 0.657496
v 0.0828448 -0.190329 0.672694
v 0.0827624 -0.187736 0.672768
v 0.0783907 -0.192997 0.661573
v 0.082531 -0.192993 0.672817
v 0.0753586 -0.196289 0.649455
v 0.136416 -0.209924 0.649382
v 0.132341 -0.214355 0.650411
v 0.126509 -0.219515 0.637307
v 0.130871 -0.213711 0.636519
v 0.118926 -0.224129 0.626579
v 0.123681 -0.217152 0.625652
v 0.122323 -0.226777 0.638435
v 0.113972 -0.232825 0.627908
v 0.128644 -0.21993 0.651533
v 0.136015 -0.209407 0.676314
v 0.131827 -0.21157 0.675679
v 0.134134 -0.211955 0.663384
v 0.138394 -0.208575 0.662613
v 0.130145 -0.216092 0.664147
v 0.127712 -0.214123 0.67515
v 0.0780796 -0.197205 0.63505
v 0.0804362 -0.191096 0.632297
v 0.0738641 -0.203734 0.637583
v 0.120559 -0.21191 0.702368
v 0.118792 -0.210648 0.696284
v 0.126151 -0.211547 0.687025
v 0.129322 -0.211197 0.690407
v 0.123004 -0.21203 0.684024
v 0.11709 -0.209327 0.690767
v 0.11102 -0.212717 0.692013
v 0.108532 -0.213315 0.696647
v 0.113462 -0.218716 0.690548
v 0.116048 -0.217772 0.686585
v 0.117846 -0.224904 0.681992
v 0.120581 -0.223382 0.678948
v 0.125177 -0.217021 0.67536
v 0.127691 -0.220589 0.665153
v 0.126054 -0.225823 0.653091
v 0.12642 -0.224558 0.666228
v 0.12457 -0.23082 0.654623
v 0.123747 -0.219746 0.676117
v 0.0696241 -0.209124 0.640255
v 0.0726405 -0.200477 0.65174
v 0.0661849 -0.212971 0.642605
v 0.070425 -0.203454 0.653506
v 0.0833084 -0.225204 0.62044
v 0.0754328 -0.235195 0.624484
v 0.0690345 -0.242336 0.628585
v 0.0797665 -0.239179 0.623857
v 0.0737345 -0.246687 0.628509
v 0.092627 -0.197186 0.687347
v 0.0983023 -0.199376 0.691731
v 0.104108 -0.202243 0.693598
v 0.0975159 -0.20037 0.691434
v 0.103213 -0.203155 0.693319
v 0.0918467 -0.198374 0.687233
v 0.0932742 -0.242625 0.624581
v 0.0860224 -0.241436 0.623916
v 0.0803959 -0.248886 0.628557
v 0.0880731 -0.249642 0.628862
v 0.0768183 -0.196231 0.663259
v 0.0817319 -0.195299 0.673401
v 0.0752917 -0.19864 0.66465
v 0.0805464 -0.197291 0.674412
v -0.000457335 -0.308675 0.722893
v -0.0159321 -0.341657 0.739411
v -0.0106174 -0.332891 0.754995
v 0.00483151 -0.300281 0.737595
v -0.000596513 -0.326708 0.770537
v 0.0144005 -0.295054 0.752039
v -0.0260919 -0.368479 0.775481
v -0.0154704 -0.361079 0.79221
v -0.0315441 -0.377664 0.758785
v 0.0632998 -0.241079 0.633992
v 0.0638055 -0.243722 0.637149
v 0.0613287 -0.238302 0.639227
v 0.0609607 -0.235724 0.634957
v 0.0599272 -0.230797 0.643795
v 0.0604094 -0.228157 0.638915
v 0.088973 -0.201399 0.691408
v 0.0865406 -0.202911 0.696553
v 0.0921218 -0.203943 0.700454
v 0.0945628 -0.202917 0.695499
v 0.0974815 -0.206082 0.701875
v 0.100013 -0.205365 0.697235
v 0.0857328 -0.253146 0.634007
v 0.0850341 -0.254488 0.636605
v 0.0778089 -0.253656 0.63632
v 0.0783701 -0.251905 0.634469
v 0.0716642 -0.251668 0.636414
v 0.0718771 -0.249542 0.634813
v 0.0658341 -0.207902 0.657499
v 0.0623846 -0.211452 0.661519
v 0.0672659 -0.206412 0.672292
v 0.070938 -0.20297 0.668488
v 0.0736501 -0.20429 0.682376
v 0.0768489 -0.201385 0.678301
v 0.122591 -0.236166 0.657082
v 0.120141 -0.238486 0.659483
v 0.112559 -0.245885 0.649329
v 0.114168 -0.244201 0.646238
v 0.102085 -0.251715 0.641933
v 0.102913 -0.250738 0.638259
v 0.12113 -0.231444 0.671046
v 0.123911 -0.229289 0.668637
v 0.0600585 -0.220688 0.65155
v 0.0621425 -0.217571 0.646946
v -0.0145528 -0.423759 0.859414
v -0.0235342 -0.457268 0.880629
v -0.0116266 -0.457515 0.884779
v -0.00281748 -0.424073 0.863605
v 0.000644057 -0.45982 0.885331
v 0.00937096 -0.426497 0.864183
v -0.0187487 -0.490399 0.905097
v -0.00638556 -0.49259 0.90561
v -0.0308361 -0.490162 0.900978
v 0.0883574 -0.33811 0.711916
v 0.074001 -0.37097 0.726205
v 0.0640325 -0.378708 0.713847
v 0.0777703 -0.346325 0.699782
v 0.0523317 -0.383283 0.706918
v 0.0649826 -0.351976 0.692208
v 0.0497525 -0.41333 0.730306
v 0.0392674 -0.416508 0.723742
v 0.0590111 -0.406285 0.743189
v 0.093474 -0.318952 0.745365
v 0.0803534 -0.35017 0.762703
v 0.079183 -0.360569 0.74416
v 0.0931015 -0.32835 0.728491
v 0.0646226 -0.39517 0.76281
v 0.0666296 -0.383583 0.783177
v 0.00400449 -0.331929 0.701561
v -0.0098206 -0.362524 0.718354
v -0.014866 -0.352295 0.727205
v -6.4466e-05 -0.32027 0.710766
v -0.0297012 -0.386983 0.746202
v -0.0235075 -0.395287 0.737392
v 0.0850665 -0.305225 0.767406
v 0.0723116 -0.335778 0.786432
v 0.0785849 -0.342174 0.776793
v 0.0913455 -0.311478 0.758392
v 0.065261 -0.374979 0.798261
v 0.0590279 -0.368444 0.808309
v 0.0152715 -0.346423 0.690449
v 0.0029023 -0.375694 0.707678
v -0.00366912 -0.37025 0.712037
v 0.00933341 -0.340561 0.694959
v -0.0164744 -0.401794 0.73108
v -0.00931148 -0.406681 0.726647
v 0.0378153 -0.291312 0.770986
v 0.0238374 -0.322046 0.79052
v 0.0350261 -0.322587 0.794804
v 0.0485132 -0.292005 0.775011
v 0.0468418 -0.325134 0.795484
v 0.0599341 -0.29462 0.775648
v 0.0213042 -0.355445 0.817209
v 0.0333495 -0.357857 0.817821
v 0.00981809 -0.355149 0.812904
v 0.0446298 -0.355148 0.686445
v 0.0332011 -0.384791 0.702999
v 0.0249099 -0.383874 0.702771
v 0.0362556 -0.354623 0.685732
v 0.0171022 -0.382213 0.703254
v 0.0286199 -0.353122 0.686027
v 0.0134426 -0.414753 0.721367
v 0.00555203 -0.412947 0.722006
v 0.0215658 -0.416075 0.721229
v 0.000567838 -0.478836 0.762314
v -0.00832964 -0.509153 0.784225
v -0.0162164 -0.507553 0.783924
v -0.00732117 -0.477135 0.76235
v -0.0241214 -0.505717 0.784474
v -0.0152293 -0.475203 0.763053
v -0.0239528 -0.536935 0.805321
v -0.0318217 -0.535199 0.805691
v -0.016077 -0.538431 0.805964
v -0.05772 -0.447392 0.80228
v -0.0678774 -0.480006 0.823844
v -0.0617767 -0.471496 0.841576
v -0.0520092 -0.438349 0.820236
v -0.049803 -0.463664 0.859453
v -0.0405618 -0.430192 0.838231
v -0.0694417 -0.503056 0.862091
v -0.057202 -0.496077 0.879773
v -0.07581 -0.510717 0.844715
v 0.032914 -0.475673 0.785281
v 0.0227362 -0.507395 0.805689
v 0.0155775 -0.511886 0.793064
v 0.0251258 -0.480847 0.771716
v 0.00740429 -0.512072 0.78734
v 0.0164876 -0.481627 0.7651
v 0.00764964 -0.541633 0.814215
v -0.000336816 -0.541378 0.809393
v 0.0143863 -0.53776 0.825786
v 0.0409839 -0.45246 0.828892
v 0.030091 -0.484886 0.849421
v 0.027613 -0.496874 0.826899
v 0.0383604 -0.464708 0.806683
v 0.0186592 -0.527835 0.846523
v 0.0208683 -0.51635 0.869084
v -0.0469732 -0.460425 0.780168
v -0.0564799 -0.491792 0.802162
v -0.0647647 -0.486664 0.811016
v -0.0547965 -0.454701 0.789174
v -0.0727442 -0.516974 0.832312
v -0.0643625 -0.521948 0.823731
v 0.0345627 -0.43699 0.854923
v 0.0249821 -0.469844 0.876076
v 0.0298972 -0.476164 0.865707
v 0.0402704 -0.44353 0.844801
v 0.0211623 -0.508015 0.885655
v 0.0170701 -0.502026 0.896295
v -0.0307863 -0.469339 0.768461
v -0.0397825 -0.500084 0.790094
v -0.04789 -0.496236 0.795318
v -0.0387166 -0.465263 0.773443
v -0.0556627 -0.526199 0.816845
v -0.0474808 -0.529835 0.811428
v -0.0281154 -0.743813 0.99648
v -0.0317232 -0.75511 1.00364
v -0.0303224 -0.760502 0.984091
v -0.0278682 -0.749436 0.978065
v -0.030815 -0.765468 0.9622
v -0.0289152 -0.755036 0.958057
v -0.0332166 -0.768906 0.988065
v -0.0332686 -0.773426 0.965738
v -0.0353974 -0.763318 1.00774
v -0.0744322 -0.675158 0.906742
v -0.0757624 -0.687594 0.914515
v -0.0857688 -0.687927 0.92222
v -0.0837739 -0.674111 0.913333
v -0.0958896 -0.687559 0.930804
v -0.0933113 -0.672487 0.921084
v -0.088821 -0.698744 0.927307
v -0.0996688 -0.700585 0.936443
v -0.0776939 -0.696311 0.919165
v -0.0149778 -0.668025 0.9894
v -0.0182287 -0.685403 0.997643
v -0.0160409 -0.690793 0.989399
v -0.0128265 -0.673359 0.980628
v -0.017991 -0.697441 0.976156
v -0.0149404 -0.680134 0.966597
v -0.0195838 -0.707228 0.996523
v -0.0210161 -0.71349 0.984015
v -0.0220152 -0.701995 1.0042
v -0.0434177 -0.687994 0.903004
v -0.0436709 -0.702942 0.910879
v -0.0505722 -0.69647 0.908137
v -0.0500699 -0.683127 0.900943
v -0.0582959 -0.691747 0.907733
v -0.0574763 -0.679414 0.900709
v -0.0508336 -0.705552 0.912758
v -0.0588629 -0.699529 0.912361
v -0.0438223 -0.714199 0.915687
v -0.0602436 -0.652043 0.99141
v -0.0630205 -0.668667 0.999025
v -0.0509923 -0.670973 1.00289
v -0.0480686 -0.654131 0.995314
v -0.0390571 -0.674844 1.0038
v -0.0359808 -0.657789 0.996118
v -0.0542739 -0.687614 1.00883
v -0.0426135 -0.69152 1.00977
v -0.0660558 -0.685226 1.0051
v -0.0221718 -0.696985 0.929153
v -0.0243553 -0.71409 0.940494
v -0.0282901 -0.717829 0.929232
v -0.0268419 -0.699924 0.917893
v -0.0327577 -0.716544 0.922046
v -0.0320102 -0.69833 0.911494
v -0.0292028 -0.733427 0.937179
v -0.0332471 -0.732067 0.928649
v -0.0258732 -0.729244 0.949303
v -0.104816 -0.664373 0.940188
v -0.107288 -0.679451 0.949233
v -0.101105 -0.674104 0.964202
v -0.0986529 -0.658696 0.955676
v -0.0892466 -0.669971 0.979789
v -0.0866887 -0.653966 0.971676
v -0.10354 -0.689176 0.971452
v -0.091926 -0.685888 0.986667
v -0.109924 -0.69392 0.956297
v -0.104487 -0.684491 0.938837
v -0.101833 -0.669201 0.929237
v -0.107977 -0.698802 0.945026
v -0.0524803 -0.739282 0.927005
v -0.0533753 -0.738254 0.928745
v -0.0588934 -0.724884 0.926506
v -0.0580345 -0.725223 0.924743
v -0.0660619 -0.716749 0.92584
v -0.0654853 -0.716636 0.924051
v -0.0595788 -0.723163 0.928453
v -0.0663592 -0.715495 0.927995
v -0.0541124 -0.735789 0.930331
v -0.118618 -0.728773 0.943692
v -0.119611 -0.734347 0.944006
v -0.119466 -0.733583 0.955236
v -0.117748 -0.72544 0.951983
v -0.117227 -0.732953 0.970902
v -0.115355 -0.72276 0.96684
v -0.12011 -0.740158 0.957876
v -0.118426 -0.740531 0.973604
v -0.119904 -0.740154 0.946434
v -0.0323211 -0.735219 1.01476
v -0.0382618 -0.747527 1.02092
v -0.0340769 -0.751053 1.01536
v -0.0288871 -0.739319 1.00837
v -0.0389534 -0.759317 1.01919
v -0.0436562 -0.756156 1.02443
v -0.085496 -0.709223 0.922016
v -0.0875084 -0.71395 0.923008
v -0.101983 -0.722806 0.927984
v -0.0994761 -0.716487 0.927301
v -0.113306 -0.730757 0.933411
v -0.110874 -0.723132 0.933462
v -0.10251 -0.727315 0.930045
v -0.11369 -0.736039 0.935885
v -0.0881623 -0.717585 0.924509
v -0.0723985 -0.718868 1.01382
v -0.0748719 -0.729071 1.01753
v -0.0635622 -0.73262 1.02121
v -0.0611485 -0.721546 1.0172
v -0.053906 -0.738192 1.02326
v -0.0506771 -0.725811 1.0185
v -0.0656091 -0.740101 1.02381
v -0.056688 -0.746968 1.02642
v -0.0769757 -0.735741 1.0198
v -0.0471368 -0.729704 0.919597
v -0.0486172 -0.73397 0.920948
v -0.0544075 -0.71943 0.919717
v -0.0532839 -0.716281 0.918233
v -0.0624038 -0.710339 0.919668
v -0.0613979 -0.707658 0.918258
v -0.0554817 -0.721901 0.921077
v -0.0633201 -0.712814 0.920782
v -0.0498637 -0.736694 0.922663
v -0.111197 -0.732542 0.988105
v -0.108639 -0.720949 0.983461
v -0.101274 -0.731481 1.00286
v -0.0980605 -0.719547 0.998025
v -0.113269 -0.741171 0.991083
v -0.103968 -0.740318 1.00595
v -0.0518406 -0.753317 0.964593
v -0.0532478 -0.747833 0.966027
v -0.050015 -0.737345 0.953799
v -0.0488935 -0.742292 0.951416
v -0.0482143 -0.725934 0.944451
v -0.0475105 -0.729833 0.941358
v -0.0507172 -0.735446 0.957653
v -0.0487964 -0.72546 0.949091
v -0.0539904 -0.744747 0.968623
v -0.118751 -0.74999 0.975785
v -0.118036 -0.751953 0.975953
v -0.114443 -0.755604 0.99068
v -0.114744 -0.752933 0.991545
v -0.106409 -0.756265 1.00326
v -0.106392 -0.753227 1.00497
v -0.113557 -0.756762 0.989543
v -0.105819 -0.75767 1.00129
v -0.116642 -0.752333 0.975775
v -0.0340646 -0.767416 0.944119
v -0.0322632 -0.758525 0.941787
v -0.0388099 -0.763019 0.931456
v -0.0369615 -0.755988 0.930263
v -0.0361145 -0.773625 0.947066
v -0.0405001 -0.767241 0.933851
v -0.0425145 -0.77229 1.00026
v -0.0448399 -0.774063 0.996821
v -0.0425034 -0.778876 0.983036
v -0.040069 -0.777515 0.984874
v -0.0414873 -0.780986 0.967423
v -0.0393201 -0.780588 0.967461
v -0.0443175 -0.778913 0.981934
v -0.0431182 -0.779867 0.967303
v -0.0464985 -0.774674 0.994767
v -0.118374 -0.746262 0.951233
v -0.116615 -0.746731 0.952779
v -0.118068 -0.748799 0.96256
v -0.119341 -0.747645 0.96155
v -0.115808 -0.747764 0.963065
v -0.113444 -0.744347 0.953554
v -0.0503821 -0.764989 1.01773
v -0.0521059 -0.76686 1.01428
v -0.0481077 -0.769933 1.00704
v -0.0460675 -0.768087 1.0109
v -0.0495322 -0.770768 1.00456
v -0.0532866 -0.767769 1.01173
v -0.088404 -0.721703 0.928697
v -0.0878608 -0.722174 0.930712
v -0.100559 -0.731925 0.937039
v -0.101776 -0.731658 0.935074
v -0.11051 -0.740804 0.943322
v -0.11225 -0.740753 0.941467
v -0.0979511 -0.730194 0.938234
v -0.10693 -0.738167 0.944004
v -0.0865177 -0.721236 0.93255
v -0.0804315 -0.746064 1.01785
v -0.0810846 -0.748713 1.01578
v -0.0705967 -0.752791 1.01961
v -0.069633 -0.750313 1.02173
v -0.0627547 -0.759723 1.02128
v -0.0615152 -0.757396 1.02365
v -0.0709694 -0.753964 1.01717
v -0.063432 -0.760801 1.01881
v -0.081127 -0.749994 1.01337
v -0.0421481 -0.777128 0.952326
v -0.040691 -0.778203 0.951372
v -0.044525 -0.767506 0.940194
v -0.0436998 -0.769615 0.938839
v -0.0431247 -0.774304 0.952738
v -0.0449454 -0.763554 0.940919
v -0.0816361 -0.714143 0.936794
v -0.0842415 -0.718564 0.934382
v -0.0748042 -0.71327 0.931857
v -0.0737091 -0.710253 0.935244
v -0.0665562 -0.713161 0.930884
v -0.0663223 -0.710386 0.934444
v -0.0755304 -0.715372 0.929168
v -0.102222 -0.755544 0.995798
v -0.1046 -0.75804 0.998867
v -0.111922 -0.756811 0.988086
v -0.108725 -0.753875 0.986117
v -0.114298 -0.751149 0.975316
v -0.110325 -0.747204 0.974469
v -0.0559553 -0.765436 1.00569
v -0.0544018 -0.767745 1.00903
v -0.0586653 -0.76517 1.01383
v -0.0600274 -0.763074 1.01013
v -0.0640798 -0.760963 1.01571
v -0.0651907 -0.759242 1.01183
v -0.0577544 -0.765123 1.01677
v -0.0551048 -0.72717 0.934092
v -0.0548482 -0.732198 0.932121
v -0.0493813 -0.745108 0.934924
v -0.0496397 -0.738124 0.935749
v -0.0453009 -0.758014 0.941363
v -0.0458241 -0.749925 0.941305
v -0.0489431 -0.750016 0.933892
v -0.102424 -0.729276 0.953113
v -0.108358 -0.738143 0.953526
v -0.105168 -0.735004 0.947686
v -0.0985356 -0.725102 0.946967
v -0.100883 -0.731792 0.943464
v -0.0945218 -0.722636 0.94297
v -0.111303 -0.742117 0.94818
v -0.080698 -0.749525 1.00668
v -0.0809067 -0.750471 1.01035
v -0.0931185 -0.753717 1.00581
v -0.0918175 -0.752084 1.00226
v -0.0938636 -0.753237 1.00869
v -0.0467414 -0.771583 0.966246
v -0.0447136 -0.77719 0.967001
v -0.0460711 -0.77762 0.980847
v -0.0483583 -0.773501 0.979434
v -0.048064 -0.77419 0.992855
v -0.0502129 -0.771076 0.990644
v -0.0440508 -0.769821 0.95285
v -0.0453232 -0.762498 0.952405
v -0.0774985 -0.7046 0.944075
v -0.0793535 -0.708574 0.940219
v -0.0723058 -0.706971 0.939294
v -0.0709921 -0.705153 0.943297
v -0.065413 -0.70798 0.938419
v -0.0644362 -0.707092 0.942195
v -0.0942223 -0.741329 0.989164
v -0.0983885 -0.748884 0.992166
v -0.103528 -0.746687 0.98366
v -0.0980569 -0.73871 0.981727
v -0.104462 -0.739928 0.973281
v -0.0985301 -0.732469 0.972599
v -0.0600563 -0.753763 0.998282
v -0.0581621 -0.759968 1.0017
v -0.0620237 -0.758042 1.00576
v -0.0636765 -0.752293 1.00197
v -0.0669483 -0.754976 1.00739
v -0.0683401 -0.749992 1.00354
v -0.0537969 -0.71608 0.938816
v -0.054516 -0.720883 0.936216
v -0.049591 -0.72903 0.936405
v -0.0495363 -0.721551 0.937963
v -0.0466349 -0.739121 0.940774
v -0.0922734 -0.712575 0.953822
v -0.0969055 -0.719719 0.952916
v -0.0934092 -0.714712 0.947098
v -0.0895956 -0.707256 0.948684
v -0.0900279 -0.712589 0.943826
v -0.0869253 -0.705284 0.946187
v -0.0801554 -0.742967 0.999045
v -0.080609 -0.746653 1.00254
v -0.0898861 -0.747442 0.998186
v -0.0876012 -0.741929 0.994778
v -0.0494002 -0.76241 0.965031
v -0.0514457 -0.765706 0.977693
v -0.0542556 -0.757473 0.976617
v -0.0532705 -0.76437 0.988129
v -0.0560539 -0.756986 0.986247
v -0.0273191 -0.742887 0.954457
v -0.0305573 -0.747077 0.940449
v -0.0348365 -0.745448 0.930384
v -0.112864 -0.709363 0.961665
v -0.106063 -0.705652 0.977808
v -0.0948807 -0.703364 0.992635
v -0.0452199 -0.723098 0.918206
v -0.051888 -0.711875 0.916
v -0.0600374 -0.704401 0.915829
v -0.069329 -0.703126 1.00981
v -0.0578736 -0.705505 1.01328
v -0.0467077 -0.709346 1.01426
v -0.0815561 -0.703365 0.921195
v -0.0942359 -0.708338 0.928119
v -0.105609 -0.712971 0.936485
v -0.0267639 -0.719271 1.00942
v -0.0239272 -0.724015 1.00232
v -0.0244577 -0.729406 0.990229
v -0.113587 -0.715086 0.946434
v -0.116829 -0.726266 0.938915
v -0.0255185 -0.73621 0.972669
v -0.0232319 -0.721616 0.966549
v -0.0863204 -0.631029 0.895615
v -0.0902686 -0.653577 0.909179
v -0.0988541 -0.650543 0.917655
v -0.094869 -0.627919 0.904274
v -0.102014 -0.646126 0.929302
v -0.0980892 -0.623592 0.916355
v -0.0135369 -0.654196 0.902651
v -0.0186957 -0.677315 0.916717
v -0.0238209 -0.679241 0.904996
v -0.0190186 -0.655477 0.890535
v -0.0295285 -0.676828 0.898633
v -0.0252882 -0.652493 0.884079
v -0.0382287 -0.645108 0.877914
v -0.0415821 -0.66829 0.891701
v -0.0482151 -0.664492 0.890221
v -0.0450705 -0.642059 0.876783
v -0.0554726 -0.661468 0.890218
v -0.0523483 -0.639512 0.876962
v -0.0684573 -0.635352 0.882454
v -0.0720011 -0.657305 0.895786
v -0.0809783 -0.655637 0.901772
v -0.0771915 -0.633371 0.888275
v -0.020947 -0.706193 0.957925
v -0.0182257 -0.689182 0.947343
v -0.0789449 -0.741503 1.01958
v -0.0677943 -0.745992 1.0236
v -0.0593593 -0.753239 1.02602
v -0.0884402 -0.720159 0.926517
v -0.102365 -0.730163 0.932597
v -0.113247 -0.73922 0.938834
v -0.0476734 -0.761695 1.02233
v -0.0430132 -0.764766 1.01643
v -0.0391901 -0.768878 1.00536
v -0.119451 -0.744112 0.949063
v -0.12002 -0.744801 0.959994
v -0.118905 -0.746182 0.975116
v -0.0367234 -0.774406 0.987518
v -0.0363486 -0.7783 0.967248
v -0.0471343 -0.751955 0.951409
v -0.114418 -0.74803 0.991974
v -0.105647 -0.747712 1.00629
v -0.0512257 -0.738598 0.924835
v -0.0567915 -0.724024 0.922837
v -0.0644549 -0.715119 0.922292
v -0.118135 -0.743227 0.943205
v -0.118697 -0.739712 0.940252
v -0.116955 -0.744957 0.945737
v -0.101387 -0.729442 0.962265
v -0.0958878 -0.722341 0.962492
v -0.107247 -0.737669 0.962765
v -0.112183 -0.744032 0.96311
v -0.115024 -0.745052 0.947506
v -0.118451 -0.734017 0.937783
v 0.13482 -0.174459 0.691548
v 0.144186 -0.159558 0.683177
v 0.138617 -0.156704 0.687571
v 0.128956 -0.170869 0.695616
v 0.133307 -0.154461 0.688809
v 0.123646 -0.16753 0.696128
v 0.147701 -0.143944 0.679536
v 0.142161 -0.142456 0.68121
v 0.153242 -0.146021 0.674884
v -0.0206068 -0.438078 0.7471
v -0.0282265 -0.433662 0.751781
v -0.0359691 -0.428147 0.758283
v 0.0461366 -0.402727 0.831812
v 0.052246 -0.409328 0.821702
v 0.0533093 -0.418245 0.806095
v -0.0431003 -0.421384 0.767217
v -0.0455896 -0.4132 0.78019
v 0.0508126 -0.430432 0.784527
v 0.0450976 -0.441687 0.763667
v 0.0365856 -0.44779 0.750163
v 0.0271601 -0.449614 0.743466
v -0.0400557 -0.403915 0.797769
v -0.0290109 -0.395855 0.815376
v 0.010583 -0.447656 0.741129
v 0.00261089 -0.446048 0.741343
v -0.00530078 -0.444135 0.74207
v -0.0032608 -0.389433 0.83644
v 0.00836761 -0.389703 0.840693
v 0.0205072 -0.392116 0.841276
v 0.0636235 -0.306063 0.659307
v 0.054949 -0.32856 0.671641
v 0.0466596 -0.328298 0.670505
v 0.0555419 -0.305946 0.657832
v 0.0392989 -0.326948 0.670607
v 0.048529 -0.304702 0.657749
v 0.0614287 -0.242468 0.743057
v 0.0507164 -0.264238 0.755474
v 0.0607349 -0.26471 0.758919
v 0.0706715 -0.242655 0.745939
v 0.0715919 -0.267131 0.759287
v 0.0808387 -0.244802 0.746023
v 0.0372776 -0.297971 0.66254
v 0.0269439 -0.320234 0.675218
v 0.0215949 -0.314277 0.680083
v 0.0324941 -0.29207 0.667739
v 0.0168236 -0.305501 0.687239
v 0.0281202 -0.28357 0.675404
v 0.10478 -0.254718 0.739309
v 0.0963064 -0.277425 0.751921
v 0.102575 -0.283559 0.743557
v 0.111069 -0.260619 0.731628
v 0.104895 -0.290911 0.731262
v 0.113571 -0.267931 0.720002
v 0.0132225 -0.293659 0.697133
v 0.0246717 -0.272265 0.685938
v 0.0131935 -0.281944 0.709637
v 0.0247587 -0.26097 0.69889
v 0.104933 -0.300192 0.715209
v 0.113806 -0.277531 0.704413
v 0.100359 -0.309986 0.699163
v 0.109298 -0.287644 0.6885
v 0.0893175 -0.318508 0.686918
v 0.0981149 -0.29613 0.675999
v 0.075851 -0.324607 0.678778
v 0.0844662 -0.302053 0.667386
v 0.018716 -0.273566 0.724031
v 0.0305224 -0.252546 0.713246
v 0.0282675 -0.268348 0.737796
v 0.0401344 -0.247042 0.726603
v 0.126369 -0.196668 0.703418
v 0.124658 -0.203911 0.70659
v 0.133517 -0.203664 0.693326
v 0.134478 -0.197724 0.691819
v 0.140953 -0.201725 0.6764
v 0.141535 -0.197292 0.676078
v 0.13265 -0.207727 0.693489
v 0.140163 -0.205091 0.676365
v 0.123343 -0.208814 0.707648
v 0.0817765 -0.176651 0.607958
v 0.0805436 -0.182637 0.61024
v 0.0784043 -0.177772 0.623123
v 0.0796895 -0.172178 0.620944
v 0.0792091 -0.173919 0.639194
v 0.0810306 -0.168769 0.637691
v 0.0782365 -0.182671 0.625732
v 0.0786269 -0.178318 0.640473
v 0.0802721 -0.188001 0.613736
v 0.144785 -0.201056 0.660408
v 0.145549 -0.197872 0.660117
v 0.144624 -0.202817 0.645883
v 0.145874 -0.20038 0.645127
v 0.14361 -0.203757 0.660781
v 0.142844 -0.204995 0.646791
v 0.140803 -0.206943 0.632431
v 0.142536 -0.204626 0.631489
v 0.13474 -0.210249 0.620036
v 0.136901 -0.207563 0.619076
v 0.138477 -0.208871 0.633598
v 0.132023 -0.212238 0.621454
v 0.0819531 -0.174018 0.655895
v 0.0848354 -0.16873 0.655344
v 0.0859484 -0.177247 0.67263
v 0.0899708 -0.171196 0.672067
v 0.0804256 -0.178426 0.656029
v 0.0833651 -0.182264 0.672725
v 0.123466 -0.202586 0.599737
v 0.120734 -0.206522 0.600796
v 0.113538 -0.202221 0.596485
v 0.11626 -0.19792 0.595616
v 0.106589 -0.197394 0.595345
v 0.10913 -0.19286 0.594648
v 0.11081 -0.205462 0.599048
v 0.104195 -0.201095 0.59792
v 0.117823 -0.209326 0.603235
v 0.101034 -0.17842 0.69703
v 0.0961602 -0.186654 0.70165
v 0.10236 -0.190616 0.708955
v 0.106719 -0.182102 0.703436
v 0.109168 -0.194892 0.712026
v 0.112657 -0.186568 0.706728
v 0.0991019 -0.19791 0.713279
v 0.106501 -0.201767 0.715864
v 0.0926318 -0.193683 0.705239
v 0.0951468 -0.183102 0.597476
v 0.0932541 -0.188336 0.598692
v 0.086119 -0.185691 0.60265
v 0.0876167 -0.179926 0.600812
v 0.0853684 -0.190983 0.606222
v 0.0918776 -0.193167 0.601877
v 0.0612139 -0.226209 0.636238
v 0.0638872 -0.215411 0.644377
v 0.0683309 -0.205577 0.655112
v 0.122486 -0.221818 0.677182
v 0.125515 -0.22729 0.667239
v 0.123808 -0.234021 0.65573
v 0.115021 -0.242428 0.644545
v 0.116159 -0.239217 0.643066
v 0.103507 -0.249499 0.636176
v 0.105183 -0.246479 0.63421
v 0.0734766 -0.200618 0.666169
v 0.0790266 -0.199181 0.675865
v 0.0860649 -0.252445 0.631748
v 0.07844 -0.25145 0.632028
v 0.0717212 -0.249108 0.632223
v 0.0906761 -0.199884 0.68848
v 0.0963163 -0.201705 0.692639
v 0.101905 -0.204369 0.69451
v 0.0632799 -0.239674 0.631527
v 0.0612038 -0.233982 0.632381
v 0.114546 -0.210545 0.688223
v 0.113067 -0.2118 0.68936
v 0.118086 -0.21661 0.684314
v 0.11954 -0.215055 0.683203
v 0.0667236 -0.244912 0.631843
v 0.0668926 -0.245767 0.634376
v 0.100013 -0.192427 0.596276
v 0.102268 -0.187612 0.595473
v 0.0980732 -0.196681 0.599067
v 0.0327914 -0.324333 0.67213
v 0.0425314 -0.302093 0.659274
v 0.0216695 -0.350473 0.687545
v -0.0130104 -0.441532 0.743917
v -0.00200484 -0.410326 0.72369
v -0.0230144 -0.472642 0.76503
v 0.115761 -0.209441 0.688313
v 0.120937 -0.213333 0.682891
v 0.151389 -0.180794 0.62037
v 0.147257 -0.194212 0.62682
v 0.155372 -0.165341 0.613161
v -0.0634437 -0.659144 0.89197
v -0.0601557 -0.63733 0.878739
v -0.0656211 -0.676804 0.902539
v -0.0666304 -0.688755 0.909704
v -0.0677207 -0.696398 0.914272
v -0.0319296 -0.503251 0.786485
v -0.0396086 -0.532847 0.807691
v 0.00979869 -0.379569 0.704822
v 0.0671145 -0.248237 0.636499
v 0.0659005 -0.253068 0.63829
v 0.0896271 -0.215024 0.617023
v 0.0938761 -0.206542 0.612455
v 0.0623529 -0.260417 0.640067
v 0.056999 -0.27068 0.643345
v 0.103746 -0.108846 0.5822
v 0.100448 -0.12268 0.585487
v 0.107414 -0.0928043 0.580438
v -0.0382506 -0.563273 0.826036
v -0.0459838 -0.561009 0.828038
v -0.0538564 -0.558206 0.831879
v -0.051368 -0.587803 0.846883
v -0.0592901 -0.585267 0.850751
v -0.0436751 -0.590001 0.844908
v -0.0620588 -0.554863 0.837464
v -0.0706551 -0.550734 0.844388
v -0.0675646 -0.582335 0.856458
v -0.0761208 -0.57855 0.863477
v -0.0227267 -0.56661 0.826631
v -0.0304864 -0.565021 0.825767
v -0.0360724 -0.591896 0.844668
v -0.0285525 -0.5938 0.845634
v 0.0074046 -0.567862 0.846708
v 0.000836679 -0.570974 0.835379
v -0.00711779 -0.5701 0.830599
v -0.00572998 -0.600076 0.85567
v -0.0134602 -0.598369 0.850313
v 0.000659345 -0.597818 0.86732
v -0.0787308 -0.545591 0.852737
v -0.081585 -0.539529 0.864877
v -0.0839822 -0.573567 0.871784
v -0.0867404 -0.567862 0.883863
v -0.0372829 -0.522693 0.921346
v -0.025084 -0.523152 0.925426
v -0.0126597 -0.525392 0.925905
v -0.0310653 -0.555046 0.944529
v -0.018624 -0.557465 0.944993
v -0.0433179 -0.554241 0.940505
v 0.0102518 -0.53441 0.916681
v 0.0138489 -0.540029 0.906011
v 0.0132896 -0.547868 0.88947
v 0.00725609 -0.57162 0.925581
v 0.00647293 -0.579043 0.909371
v 0.00395264 -0.566302 0.936044
v 0.0113005 -0.558696 0.867133
v 0.00444768 -0.589341 0.887508
v -0.0753702 -0.532973 0.882207
v -0.0634394 -0.527347 0.899988
v -0.0808015 -0.562194 0.901237
v -0.0692594 -0.557615 0.919108
v -0.0574163 -0.751895 0.985828
v -0.0557508 -0.752034 0.97708
v -0.0564005 -0.748505 0.978496
v -0.0578618 -0.748408 0.986315
v -0.0536973 -0.715175 0.94216
v -0.0585104 -0.711679 0.943727
v -0.0587544 -0.711055 0.940581
v -0.0640131 -0.708523 0.945261
v -0.058725 -0.714007 0.946745
v -0.0639665 -0.71133 0.947876
v -0.0540253 -0.716704 0.945946
v -0.076012 -0.704548 0.947696
v -0.0808163 -0.703539 0.948634
v -0.0829299 -0.704617 0.944881
v -0.0842424 -0.703542 0.94983
v -0.0788223 -0.705532 0.952625
v -0.0816848 -0.705202 0.954159
v -0.0747235 -0.706932 0.951114
v -0.0886595 -0.710186 0.956456
v -0.0918514 -0.718931 0.964171
v -0.0942896 -0.727905 0.973165
v -0.0887502 -0.717858 0.966736
v -0.0911847 -0.725289 0.974505
v -0.0856259 -0.710696 0.960121
v -0.0864283 -0.705263 0.951969
v -0.083546 -0.706586 0.956223
v -0.0940324 -0.733495 0.981216
v -0.0908592 -0.736259 0.987843
v -0.0910029 -0.730207 0.981597
v -0.0880685 -0.732946 0.987573
v -0.0788935 -0.739676 0.997124
v -0.0732813 -0.742913 1.00014
v -0.073733 -0.74623 1.00228
v -0.0684133 -0.746189 1.00129
v -0.0720621 -0.740032 0.998965
v -0.067648 -0.743253 1.00005
v -0.0771331 -0.736739 0.996181
v -0.0607184 -0.749316 0.996576
v -0.0587577 -0.750646 0.992093
v -0.0577269 -0.755388 0.993237
v -0.0589299 -0.747301 0.991934
v -0.0605937 -0.746122 0.995944
v -0.0483765 -0.615484 0.861855
v -0.0560892 -0.613328 0.863733
v -0.0641639 -0.611099 0.867518
v -0.0726415 -0.608673 0.873286
v -0.081451 -0.605633 0.880481
v -0.033781 -0.620066 0.862622
v -0.0409593 -0.617654 0.861616
v -0.00667626 -0.627176 0.886152
v -0.0126417 -0.628674 0.874119
v -0.0196997 -0.626066 0.868064
v -0.0896086 -0.601602 0.888993
v -0.092591 -0.596665 0.90114
v -0.0490956 -0.583896 0.957029
v -0.0368202 -0.585029 0.960981
v -0.0244096 -0.587691 0.961463
v -0.0417219 -0.611912 0.974717
v -0.0293874 -0.614877 0.975266
v -0.0539967 -0.610461 0.970817
v -0.00217312 -0.596592 0.952953
v 0.000833806 -0.601763 0.942861
v -0.000331953 -0.609 0.927186
v -0.00487959 -0.629243 0.957659
v -0.00649324 -0.636377 0.942557
v -0.0075573 -0.624085 0.967312
v -0.0027687 -0.619101 0.905999
v -0.00944852 -0.646312 0.922051
v -0.0867052 -0.591254 0.918334
v -0.0751186 -0.586728 0.935933
v -0.0920997 -0.618049 0.933122
v -0.0802597 -0.613139 0.9502
v 0.055933 -0.287045 0.64817
v 0.050488 -0.284354 0.649641
v 0.0458662 -0.280127 0.652938
v 0.0344504 -0.244503 0.689698
v 0.0401849 -0.236347 0.703849
v 0.0495207 -0.231042 0.716807
v 0.114875 -0.271318 0.680502
v 0.104029 -0.279307 0.667888
v 0.090735 -0.284595 0.658909
v 0.118645 -0.251442 0.71091
v 0.119142 -0.261162 0.696053
v 0.0376835 -0.265987 0.666015
v 0.0343652 -0.255244 0.676706
v 0.109465 -0.238941 0.728635
v 0.115794 -0.244424 0.721654
v 0.0416626 -0.274231 0.658219
v 0.0692131 -0.227112 0.732379
v 0.0776636 -0.227287 0.735067
v 0.0870269 -0.229293 0.735083
v 0.0703905 -0.288303 0.650158
v 0.0625674 -0.288258 0.648425
v 0.118684 -0.233757 0.640702
v 0.108991 -0.240714 0.630956
v -0.0574992 -0.633017 0.982138
v -0.0452506 -0.634801 0.986033
v -0.0330304 -0.638126 0.986703
v -0.0116611 -0.64784 0.979371
v -0.00930973 -0.65307 0.970145
v -0.0112792 -0.660024 0.955538
v -0.0145489 -0.669531 0.935585
v -0.0959117 -0.640426 0.945461
v -0.0839399 -0.635417 0.961973
v -0.0705888 -0.633013 0.974331
v -0.0670251 -0.610675 0.962884
v -0.0733271 -0.651805 0.98373
v 0.0596739 -0.228196 0.726398
v 0.0663473 -0.21753 0.716536
v 0.0509999 -0.24384 0.736675
v -0.0620539 -0.584325 0.948944
v -0.0562408 -0.555003 0.932307
v -0.0852658 -0.737792 0.993057
v -0.082936 -0.734668 0.992387
v -0.0502257 -0.523964 0.913137
v -0.0437984 -0.491849 0.892815
v 0.0848455 -0.199058 0.683097
v 0.0861318 -0.197338 0.68175
v 0.0829921 -0.200944 0.685817
v 0.0906989 -0.181921 0.688777
v 0.0954491 -0.174683 0.686356
v 0.0874012 -0.188005 0.690471
v 0.0395565 -0.265386 0.748455
v 0.0260526 -0.292232 0.763352
v -0.0160571 -0.391188 0.828298
v -0.00280929 -0.356792 0.804772
v -0.0274179 -0.425481 0.851299
v -0.0926931 -0.743725 1.01474
v -0.0908063 -0.737084 1.01478
v -0.0938182 -0.74891 1.01306
v -0.0820282 -0.702461 1.00324
v -0.0788628 -0.684586 0.997954
v -0.0852591 -0.718504 1.00789
v -0.0729715 -0.750076 1.00596
v -0.0718393 -0.753168 1.01025
v -0.0712319 -0.754302 1.01407
v -0.0941504 -0.751844 1.01103
v -0.0882629 -0.729454 1.01215
v -0.0759911 -0.668199 0.99153
v 0.0115682 -0.32326 0.782525
v -0.0364613 -0.459037 0.872507
v 0.080286 -0.203134 0.690525
v 0.0766199 -0.206117 0.69747
v 0.0870637 -0.195782 0.681333
v 0.0873844 -0.194566 0.682467
v 0.0869106 -0.193781 0.685525
v 0.0862214 -0.192975 0.68883
v 0.128269 -0.152325 0.68749
v 0.118803 -0.164494 0.694104
v 0.136612 -0.141031 0.680429
v 0.071955 -0.210563 0.706539
v 0.142019 -0.125541 0.666422
v 0.141495 -0.129784 0.67003
v 0.141949 -0.120804 0.663287
v 0.139412 -0.103964 0.657975
v 0.139753 -0.109936 0.658402
v 0.139745 -0.096909 0.658125
v -0.0206313 -0.642728 0.984624
v -0.0167939 -0.61918 0.972927
v -0.0237523 -0.662687 0.994293
v 0.0987347 -0.23357 0.73297
v 0.100975 -0.223111 0.723422
v 0.0934473 -0.249161 0.743912
v -0.0116543 -0.591783 0.958907
v -0.00574413 -0.561456 0.942277
v -0.0640633 -0.748116 0.999878
v -0.0636443 -0.745066 0.998847
v 0.000328238 -0.529393 0.923088
v 0.00676463 -0.496731 0.902745
v 0.110027 -0.205665 0.692177
v 0.110788 -0.206027 0.695335
v 0.108988 -0.206557 0.691928
v 0.107573 -0.207721 0.693095
v 0.105576 -0.208599 0.695825
v 0.116503 -0.200207 0.712124
v 0.119082 -0.192236 0.707638
v 0.114537 -0.206158 0.714633
v 0.0847122 -0.271681 0.757022
v 0.0733573 -0.299339 0.773105
v 0.0343109 -0.396775 0.838262
v 0.0471439 -0.362508 0.81479
v 0.0230401 -0.431112 0.861266
v 0.149646 -0.163464 0.674984
v 0.140981 -0.178231 0.682955
v 0.158391 -0.149192 0.666668
v -0.0529196 -0.758369 1.02552
v -0.0494935 -0.752361 1.02666
v -0.0553431 -0.762063 1.02215
v -0.0352884 -0.714204 1.01312
v -0.0307084 -0.696588 1.00837
v -0.0402871 -0.730607 1.01783
v -0.0553607 -0.762099 0.995961
v -0.0527099 -0.768063 0.999293
v -0.050863 -0.770635 1.00215
v -0.0568151 -0.764138 1.01929
v -0.0451669 -0.743323 1.02327
v -0.0269475 -0.679927 1.00219
v 0.0140561 -0.464219 0.882454
v 0.0604947 -0.329847 0.79264
v 0.103063 -0.209146 0.700516
v 0.101285 -0.210951 0.706933
v 0.111378 -0.208122 0.702262
v 0.112056 -0.209983 0.709661
v 0.101144 -0.215608 0.714688
v 0.167171 -0.125489 0.650811
v 0.165619 -0.131924 0.654925
v 0.167964 -0.11904 0.647665
v 0.166993 -0.0987976 0.646712
v 0.167213 -0.105491 0.645297
v 0.166149 -0.0916613 0.648578
v 0.0794974 -0.287327 0.653335
v 0.0845066 -0.273774 0.647534
v 0.0729574 -0.305075 0.662172
v -0.0267594 -0.622909 0.864622
v -0.0210903 -0.595998 0.847384
v -0.0316895 -0.648695 0.880216
v -0.0150023 -0.56836 0.828121
v -0.00826654 -0.540001 0.807138
v 0.0939997 -0.252401 0.632426
v 0.0959611 -0.249483 0.630025
v 0.0935321 -0.253319 0.634636
v 0.127887 -0.20977 0.609033
v 0.130408 -0.206447 0.607988
v 0.124975 -0.212106 0.610981
v 0.0643826 -0.327667 0.674063
v 0.053933 -0.35461 0.688213
v 0.0185724 -0.449135 0.74123
v 0.0299427 -0.416999 0.721442
v 0.00836011 -0.480553 0.762698
v -0.0354195 -0.672707 0.894464
v -0.0374749 -0.69367 0.906645
v -0.0378004 -0.710613 0.91583
v -0.0380325 -0.724408 0.921309
v -0.000548637 -0.510806 0.785008
v 0.0420881 -0.384944 0.703894
v 0.0928936 -0.254265 0.638034
v 0.0913414 -0.257201 0.64157
v 0.100633 -0.243133 0.626167
v 0.106518 -0.234366 0.622442
v 0.111869 -0.224993 0.620369
v 0.116657 -0.217573 0.618313
v 0.123528 -0.172897 0.588656
v 0.121872 -0.183694 0.591676
v 0.12459 -0.160964 0.584909
v 0.0884958 -0.263689 0.644226
v 0.132393 -0.118032 0.57101
v 0.128117 -0.135276 0.575457
v 0.13766 -0.0981937 0.568831
v 0.151053 -0.0401527 0.586537
v 0.147331 -0.0573637 0.576717
v 0.153127 -0.0288579 0.597414
v -0.049782 -0.719053 0.941348
v -0.0502286 -0.719695 0.945849
v -0.0422446 -0.76947 0.936557
v -0.0465073 -0.755302 0.928816
v -0.0450684 -0.753517 0.926287
v -0.0477232 -0.755451 0.931156
v -0.0596619 -0.713236 0.937251
v -0.0604216 -0.716901 0.933953
v -0.0602611 -0.7204 0.930957
v -0.0436333 -0.750369 0.924264
v -0.0418812 -0.744849 0.923217
v -0.0484664 -0.753566 0.932756
v -0.0701219 -0.706175 0.946597
v -0.0695376 -0.708926 0.949435
v -0.075244 -0.714241 0.923213
v -0.074491 -0.711818 0.921602
v -0.0758031 -0.715838 0.925097
v -0.0853865 -0.710656 0.941663
v -0.0888256 -0.718835 0.939514
v -0.0935314 -0.725728 0.938704
v -0.0758902 -0.716244 0.927012
v -0.073712 -0.708922 0.920447
v -0.0723278 -0.705592 0.919222
v -0.0699528 -0.701656 0.917291
v -0.039659 -0.736007 0.923008
v -0.0385066 -0.777141 0.949595
v 0.128211 -0.213792 0.623671
v 0.121138 -0.213917 0.614656
v 0.114231 -0.211697 0.608429
v 0.104906 -0.205727 0.716129
v 0.113077 -0.209464 0.713958
v 0.12205 -0.211443 0.706299
v 0.0825966 -0.185424 0.67277
v 0.0861024 -0.191443 0.690572
v 0.0911287 -0.197546 0.705586
v 0.101634 -0.204763 0.604211
v 0.0963529 -0.200854 0.605454
v 0.0911729 -0.197627 0.608208
v 0.131422 -0.210103 0.692582
v 0.138722 -0.207453 0.676444
v 0.0814683 -0.192285 0.618793
v 0.0797236 -0.186649 0.628994
v 0.0797637 -0.181929 0.641905
v 0.141576 -0.206048 0.661625
v 0.140055 -0.207064 0.648072
v 0.135043 -0.210598 0.635148
v 0.0806336 -0.181694 0.656418
v 0.107636 -0.208494 0.605053
v 0.0975005 -0.202027 0.713821
v 0.0857355 -0.195457 0.612236
v 0.13919 -0.203793 0.617724
v 0.133112 -0.20173 0.606491
v 0.126449 -0.197006 0.598122
v 0.116995 -0.177927 0.701752
v 0.122692 -0.182694 0.702233
v 0.129162 -0.186969 0.698394
v 0.094876 -0.16491 0.670494
v 0.101052 -0.167651 0.683828
v 0.10664 -0.170682 0.693255
v 0.111882 -0.186936 0.593316
v 0.104637 -0.181947 0.594337
v 0.0970716 -0.177561 0.596351
v 0.0891382 -0.174137 0.599398
v 0.0830798 -0.170598 0.606129
v 0.111802 -0.173972 0.698924
v 0.119247 -0.191957 0.594079
v 0.0831935 -0.162962 0.63562
v 0.0883707 -0.162861 0.653713
v 0.147356 -0.19711 0.643913
v 0.144424 -0.201425 0.63017
v 0.14265 -0.191428 0.674593
v 0.146649 -0.193719 0.659126
v 0.0811301 -0.166199 0.618818
v 0.13629 -0.189589 0.688547
v 0.11765 -0.146382 0.578994
v 0.125763 -0.149 0.580362
v 0.134082 -0.15126 0.58367
v 0.166872 -0.14187 0.648875
v 0.163332 -0.139104 0.660028
v 0.158079 -0.137197 0.668196
v 0.146559 -0.135088 0.674954
v 0.140465 -0.134098 0.674583
v 0.133223 -0.13306 0.671104
v 0.0929167 -0.131057 0.597795
v 0.0976311 -0.135189 0.589603
v 0.103756 -0.139586 0.583599
v 0.113245 -0.130555 0.651916
v 0.101996 -0.128573 0.636638
v 0.0936044 -0.127368 0.62099
v 0.164367 -0.149108 0.62126
v 0.167384 -0.145431 0.635507
v 0.0909365 -0.128244 0.608052
v 0.110381 -0.143314 0.580044
v 0.152387 -0.135996 0.672986
v 0.149912 -0.153555 0.596381
v 0.157945 -0.152079 0.607653
v 0.142007 -0.15305 0.588666
v 0.124038 -0.132007 0.663614
v 0.134455 -0.0746746 0.568686
v 0.142765 -0.0773899 0.570627
v 0.151182 -0.0807138 0.574745
v 0.173215 -0.107416 0.635576
v 0.167735 -0.112297 0.645671
v 0.161087 -0.115664 0.653201
v 0.147982 -0.116934 0.659918
v 0.140904 -0.115552 0.660369
v 0.132574 -0.112753 0.658188
v 0.104243 -0.076318 0.590767
v 0.11125 -0.0742135 0.580914
v 0.119151 -0.073125 0.573456
v 0.15905 -0.0840169 0.580679
v 0.166136 -0.087453 0.588748
v 0.0993202 -0.0848201 0.614745
v 0.099722 -0.0794939 0.601961
v 0.126758 -0.0732374 0.569452
v 0.122641 -0.10819 0.652311
v 0.112511 -0.10151 0.642457
v 0.104064 -0.0929122 0.629076
v 0.172103 -0.0913666 0.599187
v 0.175785 -0.0960817 0.6112
v 0.17611 -0.101695 0.623717
v 0.15454 -0.117098 0.657725
v 0.132206 -0.0219367 0.606902
v 0.139108 -0.0206379 0.604545
v 0.145978 -0.0216494 0.604429
v 0.140054 -0.0224902 0.613697
v 0.145721 -0.023412 0.613462
v 0.134414 -0.0235571 0.615691
v 0.152993 -0.0255114 0.606853
v 0.159761 -0.0312089 0.610572
v 0.151569 -0.0268063 0.615218
v 0.15722 -0.0317413 0.618016
v 0.175855 -0.060706 0.629315
v 0.173941 -0.069242 0.636134
v 0.169544 -0.0771547 0.643167
v 0.168818 -0.0632433 0.638645
v 0.165178 -0.0696841 0.644525
v 0.170419 -0.0562707 0.632999
v 0.146054 -0.0896955 0.657588
v 0.140396 -0.0881786 0.657791
v 0.134118 -0.0850477 0.65696
v 0.141185 -0.0784512 0.657069
v 0.136078 -0.0758343 0.65645
v 0.145804 -0.0797455 0.656837
v 0.111991 -0.0494204 0.634148
v 0.113787 -0.038687 0.625128
v 0.118674 -0.0303014 0.617036
v 0.119496 -0.0375406 0.630563
v 0.123433 -0.0305328 0.623988
v 0.118069 -0.0464653 0.6379
v 0.165803 -0.037604 0.614335
v 0.170859 -0.0446213 0.618417
v 0.16222 -0.0371742 0.620907
v 0.166367 -0.043036 0.624129
v 0.157546 -0.0878766 0.654325
v 0.151664 -0.0897629 0.656725
v 0.150416 -0.0798469 0.65606
v 0.15527 -0.078351 0.653989
v 0.126918 -0.0799004 0.654446
v 0.119856 -0.0720498 0.649767
v 0.130221 -0.071572 0.654446
v 0.124477 -0.0651047 0.650653
v 0.125158 -0.0249358 0.610992
v 0.128683 -0.0260531 0.619059
v 0.163754 -0.0835651 0.649574
v 0.160395 -0.0748781 0.649938
v 0.174556 -0.0523789 0.62337
v 0.169381 -0.0494418 0.628127
v 0.114364 -0.0612645 0.642733
v 0.12001 -0.0562367 0.644908
vt 0.2954 0.08215
vt 0.05879 0.5679
vt 0.802 0.9094
vt 0.9474 0.4937
vt 0.05879 0.5679
vt 0.1146 0.1828
vt 0.9269 0.7033
vt 0.7228 0.965
vt 0.07095 0.3527
vt 0.1956 0.108
vt 0.07411 0.3381
vt 0.802 0.9094
vt 0.9429 0.4494
vt 0.5025 0.9416
vt 0.1146 0.1828
vt 0.8398 0.9291
vt 0.8452 0.9311
vt 0.9667 0.876
vt 0.1916 0.1199
vt 0.2964 0.9276
vt 0.8801 0.8427
vt 0.9235 0.6917
vt 0.9235 0.8413
vt 0.7228 0.965
vt 0.1956 0.108
vt 0.06395 0.5164
vt 0.8801 0.8427
vt 0.9241 0.6945
vt 0.3982 0.937
vt 0.08012 0.2192
vt 0.3982 0.937
vt 0.8452 0.9311
vt 0.7228 0.965
vt 0.2958 0.07825
vt 0.948 0.4977
vt 0.802 0.9094
vt 0.948 0.5
vt 0.9243 0.3048
vt 0.4397 0.982
vt 0.2963 0.07433
vt 0.948 0.4988
vt 0.802 0.9094
vt 0.07323 0.337
vt 0.4996 0.05189
vt 0.9238 0.6973
vt 0.1197 0.8428
vt 0.604 0.9791
vt 0.9461 0.5142
vt 0.1975 0.09625
vt 0.8789 0.8541
vt 0.8801 0.8427
vt 0.9474 0.4937
vt 0.07411 0.3381
vt 0.1975 0.09625
vt 0.2964 0.9276
vt 0.7228 0.965
vt 0.8441 0.9273
vt 0.8801 0.8427
vt 0.9241 0.6945
vt 0.07411 0.3381
vt 0.1192 0.1651
vt 0.7036 0.9276
vt 0.8441 0.9273
vt 0.1916 0.1199
vt 0.1934 0.1221
vt 0.7036 0.9276
vt 0.9242 0.6955
vt 0.06395 0.5164
vt 0.9324 0.3482
vt 0.7036 0.9276
vt 0.9242 0.6955
vt 0.7045 0.08103
vt 0.7333 0.9751
vt 0.5025 0.9416
vt 0.802 0.9094
vt 0.6018 0.937
vt 0.3982 0.937
vt 0.5 0.05879
vt 0.9237 0.3062
vt 0.04808 0.6623
vt 0.04865 0.6612
vt 0.1956 0.108
vt 0.1911 0.1177
vt 0.802 0.9094
vt 0.07411 0.3381
vt 0.929 0.352
vt 0.9235 0.6987
vt 0.9235 0.6987
vt 0.8441 0.9273
vt 0.948 0.5
vt 0.08574 0.1631
vt 0.1157 0.1994
vt 0.05879 0.5679
vt 0.9474 0.4936
vt 0.1267 0.08938
vt 0.9643 0.827
vt 0.2958 0.07825
vt 0.07323 0.337
vt 0.08863 0.1343
vt 0.1209 0.148
vt 0.07665 0.6995
vt 0.8733 0.9106
vt 0.5 0.05199
vt 0.4807 0.9813
vt 0.9461 0.5142
vt 0.9238 0.6973
vt 0.07662 0.3032
vt 0.07045 0.3186
vt 0.07665 0.6995
vt 0.948 0.5
vt 0.948 0.4996
vt 0.9334 0.686
vt 0.481 0.9811
vt 0.1484 0.898
vt 0.9235 0.6987
vt 0.07239 0.7036
vt 0.06887 0.3315
vt 0.07734 0.704
vt 0.07662 0.3032
vt 0.8789 0.8541
vt 0.946 0.5021
vt 0.4825 0.9798
vt 0.6024 0.9798
vt 0.06887 0.3315
vt 0.06442 0.5117
vt 0.053 0.5071
vt 0.9429 0.4494
vt 0.9345 0.6706
vt 0.07451 0.7996
vt 0.07045 0.3186
vt 0.06395 0.5164
vt 0.9391 0.4469
vt 0.04412 0.6582
vt 0.9235 0.8413
vt 0.05284 0.5085
vt 0.1366 0.8892
vt 0.8398 0.9291
vt 0.04789 0.6607
vt 0.6019 0.06412
vt 0.5 0.05879
vt 0.5 0.05879
vt 0.03831 0.7751
vt 0.9523 0.6898
vt 0.05199 0.5
vt 0.2166 0.9527
vt 0.9235 0.8413
vt 0.0715 0.7975
vt 0.5 0.05879
vt 0.398 0.06523
vt 0.398 0.06523
vt 0.05199 0.5
vt 0.9523 0.6898
vt 0.07045 0.3186
vt 0.8149 0.1351
vt 0.5002 0.05877
vt 0.398 0.06523
vt 0.04412 0.6582
vt 0.9235 0.8413
vt 0.07229 0.3115
vt 0.8106 0.1343
vt 0.6019 0.06412
vt 0.398 0.06523
vt 0.07095 0.3527
vt 0.07422 0.337
vt 0.05879 0.5679
vt 0.7392 0.09248
vt 0.9242 0.7024
vt 0.07095 0.3527
vt 0.6024 0.9798
vt 0.5317 0.9456
vt 0.05284 0.5085
vt 0.1397 0.9006
vt 0.5 0.9412
vt 0.481 0.9811
vt 0.5997 0.9789
vt 0.9269 0.7033
vt 0.08863 0.1343
vt 0.8149 0.1351
vt 0.9235 0.8413
vt 0.05199 0.5
vt 0.8803 0.1585
vt 0.2946 0.08994
vt 0.4773 0.9813
vt 0.5 0.05879
vt 0.6011 0.06208
vt 0.0909 0.1116
vt 0.7231 0.9786
vt 0.9275 0.3542
vt 0.0487 0.6613
vt 0.925 0.3122
vt 0.2613 0.0875
vt 0.07229 0.3115
vt 0.7051 0.08767
vt 0.948 0.5
vt 0.04789 0.6607
vt 0.1162 0.1948
vt 0.2946 0.08994
vt 0.9324 0.3482
vt 0.948 0.4996
vt 0.2896 0.08467
vt 0.07045 0.3186
vt 0.1209 0.148
vt 0.917 0.8655
vt 0.398 0.06523
vt 0.9367 0.5116
vt 0.05703 0.4497
vt 0.9334 0.3546
vt 0.7228 0.965
vt 0.9276 0.703
vt 0.6697 0.931
vt 0.8802 0.1569
vt 0.5 0.9412
vt 0.2946 0.08994
vt 0.1199 0.8428
vt 0.05262 0.4937
vt 0.9575 0.698
vt 0.2946 0.08994
vt 0.3975 0.9367
vt 0.7008 0.9279
vt 0.7231 0.9786
vt 0.9275 0.3542
vt 0.05199 0.5
vt 0.805 0.9146
vt 0.7231 0.9786
vt 0.9361 0.5173
vt 0.398 0.06523
vt 0.5 0.05199
vt 0.8026 0.9105
vt 0.9235 0.8413
vt 0.887 0.2264
vt 0.398 0.06523
vt 0.9276 0.3527
vt 0.04865 0.6612
vt 0.05262 0.4937
vt 0.06538 0.5019
vt 0.5025 0.9416
vt 0.8026 0.9105
vt 0.401 0.9374
vt 0.2964 0.9276
vt 0.0774 0.6963
vt 0.5 0.9412
vt 0.07077 0.3574
vt 0.7638 0.9643
vt 0.3975 0.9367
vt 0.805 0.9146
vt 0.9391 0.6623
vt 0.02367 0.8082
vt 0.1129 0.2274
vt 0.604 0.9791
vt 0.07485 0.3209
vt 0.9276 0.703
vt 0.9089 0.89
vt 0.3982 0.9371
vt 0.3982 0.937
vt 0.1192 0.1651
vt 0.5 0.9412
vt 0.1129 0.2274
vt 0.7228 0.965
vt 0.05762 0.4438
vt 0.1162 0.1948
vt 0.9142 0.8372
vt 0.2964 0.9276
vt 0.602 0.06435
vt 0.1146 0.1828
vt 0.3982 0.937
vt 0.07083 0.355
vt 0.948 0.5
vt 0.07692 0.3101
vt 0.2964 0.9276
vt 0.805 0.9146
vt 0.2964 0.9276
vt 0.602 0.06435
vt 0.07485 0.3209
vt 0.5 0.9412
vt 0.07083 0.355
vt 0.07077 0.3574
vt 0.07485 0.3209
vt 0.3982 0.9371
vt 0.8054 0.9106
vt 0.3982 0.9371
vt 0.2964 0.9276
vt 0.07692 0.3101
vt 0.3982 0.937
vt 0.05131 0.5138
vt 0.04926 0.555
vt 0.06441 0.5004
vt 0.394 0.9374
vt 0.914 0.8393
vt 0.401 0.9374
vt 0.2964 0.9276
vt 0.1129 0.2274
vt 0.9089 0.89
vt 0.2964 0.9276
vt 0.5 0.9412
vt 0.06887 0.3315
vt 0.06442 0.5117
vt 0.7008 0.9279
vt 0.2964 0.9276
vt 0.3982 0.937
vt 0.1129 0.2274
vt 0.9461 0.5142
vt 0.06395 0.5164
vt 0.7036 0.9276
vt 0.5 0.05199
vt 0.8106 0.1343
vt 0.9675 0.8924
vt 0.937 0.664
vt 0.8054 0.9106
vt 0.9076 0.7953
vt 0.246 0.9497
vt 0.07083 0.355
vt 0.07083 0.355
vt 0.805 0.9146
vt 0.9391 0.6623
vt 0.03557 0.8301
vt 0.05131 0.5138
vt 0.6058 0.9375
vt 0.2952 0.0841
vt 0.5317 0.9456
vt 0.9391 0.4936
vt 0.1129 0.2274
vt 0.9269 0.7033
vt 0.2952 0.0841
vt 0.937 0.664
vt 0.02367 0.8082
vt 0.07077 0.3574
vt 0.597 0.979
vt 0.1209 0.148
vt 0.1939 0.1246
vt 0.1397 0.9006
vt 0.9274 0.3296
vt 0.1946 0.1243
vt 0.9421 0.4497
vt 0.01178 0.7864
vt 0.04926 0.555
vt 0.1491 0.8998
vt 0.1933 0.1003
vt 0.1946 0.1243
vt 0.1974 0.0914
vt 0.9523 0.6898
vt 0.07451 0.7996
vt 0.8106 0.1343
vt 0.07451 0.7996
vt 0.0715 0.7975
vt 0.1489 0.9038
vt 0.3927 0.9361
vt 0.1939 0.1246
vt 0.6011 0.06208
vt 0.9172 0.1928
vt 0.7638 0.9643
vt 0.9461 0.5142
vt 0.903 0.9082
vt 0.1123 0.2054
vt 0.07738 0.6956
vt 0.9476 0.5033
vt 0.8452 0.9311
vt 0.8866 0.1948
vt 0.1911 0.1177
vt 0.1152 0.2041
vt 0.9256 0.7044
vt 0.917 0.8655
vt 0.7333 0.9751
vt 0.6054 0.9777
vt 0.9334 0.686
vt 0.1939 0.1246
vt 0.7036 0.9276
vt 0.9121 0.8927
vt 0.6024 0.9798
vt 0.6024 0.9798
vt 0.7036 0.9276
vt 0.1911 0.1247
vt 0.7036 0.9276
vt 0.9299 0.698
vt 0.6054 0.9777
vt 0.08012 0.2192
vt 0.6025 0.937
vt 0.1123 0.2054
vt 0.6058 0.9375
vt 0.9575 0.698
vt 0.9072 0.9082
vt 0.2952 0.0841
vt 0.07729 0.6955
vt 0.932 0.3487
vt 0.948 0.5
vt 0.9292 0.3512
vt 0.9488 0.5163
vt 0.9461 0.5142
vt 0.1491 0.8993
vt 0.2958 0.07713
vt 0.2952 0.0841
vt 0.08598 0.1606
vt 0.9235 0.8413
vt 0.0715 0.7975
vt 0.6697 0.06899
vt 0.04865 0.6612
vt 0.04789 0.6607
vt 0.0715 0.7975
vt 0.08566 0.1543
vt 0.1911 0.1247
vt 0.117 0.1585
vt 0.9523 0.6898
vt 0.04789 0.6607
vt 0.03831 0.7751
vt 0.2988 0.08119
vt 0.1939 0.1246
vt 0.1974 0.0914
vt 0.9523 0.6898
vt 0.05199 0.5
vt 0.9324 0.3482
vt 0.07422 0.337
vt 0.2964 0.9276
vt 0.602 0.06435
vt 0.948 0.5
vt 0.1129 0.2274
vt 0.1484 0.898
vt 0.3927 0.9361
vt 0.2964 0.9276
vt 0.6003 0.06197
vt 0.8076 0.1327
vt 0.2166 0.9527
vt 0.9675 0.8924
vt 0.0767 0.3052
vt 0.3982 0.9371
vt 0.07738 0.6956
vt 0.1933 0.1003
vt 0.1484 0.898
vt 0.9523 0.6898
vt 0.04865 0.6612
vt 0.9461 0.5142
vt 0.9334 0.3546
vt 0.1934 0.1221
vt 0.401 0.9374
vt 0.9367 0.5116
vt 0.08386 0.1785
vt 0.1491 0.8993
vt 0.948 0.5
vt 0.05199 0.5
vt 0.925 0.3122
vt 0.9274 0.3296
vt 0.1209 0.148
vt 0.401 0.9374
vt 0.9256 0.7044
vt 0.9513 0.5654
vt 0.9578 0.6962
vt 0.9128 0.1903
vt 0.9289 0.353
vt 0.9274 0.3296
vt 0.2902 0.9782
vt 0.8928 0.852
vt 0.3982 0.9371
vt 0.08566 0.1543
vt 0.9391 0.4469
vt 0.948 0.5
vt 0.9523 0.6898
vt 0.9289 0.353
vt 0.929 0.356
vt 0.2575 0.9773
vt 0.9345 0.6706
vt 0.5 0.9418
vt 0.1923 0.1107
vt 0.9076 0.7953
vt 0.9578 0.6962
vt 0.948 0.5
vt 0.8868 0.2239
vt 0.8868 0.2239
vt 0.1491 0.8993
vt 0.937 0.664
vt 0.5339 0.9446
vt 0.1936 0.1278
vt 0.9292 0.3512
vt 0.9513 0.5654
vt 0.1484 0.898
vt 0.3316 0.07232
vt 0.3982 0.9371
vt 0.1936 0.1278
vt 0.932 0.3487
vt 0.929 0.356
vt 0.9324 0.3482
vt 0.07396 0.3326
vt 0.394 0.9374
vt 0.5 0.05199
vt 0.8816 0.1727
vt 0.1129 0.2274
vt 0.1445 0.8968
vt 0.3975 0.9367
vt 0.4661 0.9446
vt 0.6003 0.06197
vt 0.9523 0.6898
vt 0.2509 0.9536
vt 0.7228 0.965
vt 0.543 0.9444
vt 0.5 0.9418
vt 0.9306 0.3318
vt 0.7484 0.9169
vt 0.7228 0.965
vt 0.7391 0.9157
vt 0.7053 0.08906
vt 0.8868 0.2239
vt 0.1445 0.8968
vt 0.291 0.9256
vt 0.2964 0.9276
vt 0.6011 0.06208
vt 0.0702 0.3532
vt 0.5997 0.9789
vt 0.9329 0.3521
vt 0.9488 0.5163
vt 0.1484 0.898
vt 0.9172 0.1928
vt 0.07396 0.3326
vt 0.2964 0.9276
vt 0.06395 0.5164
vt 0.9271 0.3194
vt 0.4807 0.9813
vt 0.05199 0.5
vt 0.9289 0.353
vt 0.05199 0.5
vt 0.8813 0.1687
vt 0.1162 0.1948
vt 0.394 0.9374
vt 0.9261 0.7058
vt 0.9271 0.3194
vt 0.6005 0.9789
vt 0.05199 0.5
vt 0.9513 0.5654
vt 0.8866 0.1948
vt 0.07095 0.3527
vt 0.07692 0.3101
vt 0.3982 0.9371
vt 0.07742 0.6958
vt 0.3983 0.937
vt 0.5997 0.9789
vt 0.06648 0.3554
vt 0.929 0.356
vt 0.9575 0.698
vt 0.7228 0.965
vt 0.9391 0.4936
vt 0.7053 0.08968
vt 0.9238 0.2979
vt 0.9035 0.09252
vt 0.4807 0.9813
vt 0.9172 0.1928
vt 0.929 0.356
vt 0.9289 0.353
vt 0.4773 0.9813
vt 0.9093 0.1321
vt 0.7053 0.08968
vt 0.9242 0.3033
vt 0.948 0.4977
vt 0.597 0.979
vt 0.932 0.3487
vt 0.8868 0.2239
vt 0.8868 0.2239
vt 0.602 0.0652
vt 0.9391 0.4469
vt 0.0702 0.3532
vt 0.1205 0.8484
vt 0.7064 0.9273
vt 0.602 0.0652
vt 0.8061 0.9173
vt 0.7036 0.9276
vt 0.7228 0.965
vt 0.7484 0.9169
vt 0.8114 0.1358
vt 0.0774 0.6963
vt 0.9578 0.6962
vt 0.0589 0.4313
vt 0.602 0.0652
vt 0.06763 0.3334
vt 0.8528 0.8712
vt 0.5997 0.9789
vt 0.07095 0.3527
vt 0.8068 0.1386
vt 0.9578 0.6962
vt 0.9172 0.1928
vt 0.07422 0.337
vt 0.602 0.0652
vt 0.602 0.06435
vt 0.05199 0.5
vt 0.05199 0.5
vt 0.06441 0.5004
vt 0.602 0.06435
vt 0.5 0.05879
vt 0.7053 0.08968
vt 0.3927 0.9361
vt 0.597 0.979
vt 0.1129 0.2274
vt 0.8068 0.1386
vt 0.0774 0.6963
vt 0.9675 0.8924
vt 0.1192 0.1651
vt 0.5 0.05879
vt 0.07738 0.6956
vt 0.5317 0.9456
vt 0.597 0.979
vt 0.0702 0.3532
vt 0.8868 0.2239
vt 0.9575 0.698
vt 0.0774 0.6963
vt 0.9072 0.9072
vt 0.602 0.0652
vt 0.8097 0.917
vt 0.5043 0.9494
vt 0.5997 0.9789
vt 0.05199 0.5
vt 0.8068 0.1386
vt 0.06441 0.5004
vt 0.602 0.0652
vt 0.3927 0.9361
vt 0.262 0.9153
vt 0.4773 0.9813
vt 0.1099 0.2292
vt 0.8068 0.1386
vt 0.8068 0.1386
vt 0.8062 0.9177
vt 0.5 0.05879
vt 0.07308 0.2896
vt 0.7065 0.9276
vt 0.8068 0.1386
vt 0.7038 0.9281
vt 0.07178 0.8546
vt 0.07429 0.8042
vt 0.948 0.5
vt 0.04275 0.6601
vt 0.5 0.05879
vt 0.0541 0.6667
vt 0.8123 0.8946
vt 0.5997 0.9789
vt 0.8928 0.852
vt 0.8114 0.1358
vt 0.8149 0.1351
vt 0.7053 0.08968
vt 0.07007 0.3162
vt 0.2535 0.9117
vt 0.4397 0.982
vt 0.05515 0.4857
vt 0.7053 0.08906
vt 0.9578 0.6962
vt 0.07474 0.8046
vt 0.7053 0.08968
vt 0.0589 0.4313
vt 0.0479 0.662
vt 0.948 0.5
vt 0.8407 0.8686
vt 0.7392 0.09246
vt 0.9172 0.1928
vt 0.9675 0.8924
vt 0.07308 0.2896
vt 0.602 0.0652
vt 0.07007 0.3162
vt 0.7036 0.9276
vt 0.9675 0.8924
vt 0.9324 0.3482
vt 0.1162 0.1948
vt 0.602 0.0652
vt 0.5 0.05199
vt 0.9076 0.7953
vt 0.07095 0.3527
vt 0.05762 0.4438
vt 0.602 0.06435
vt 0.05199 0.5
vt 0.602 0.06435
vt 0.05921 0.8442
vt 0.9578 0.6962
vt 0.8146 0.8775
vt 0.8149 0.1351
vt 0.07652 0.698
vt 0.9575 0.698
vt 0.117 0.1585
vt 0.05199 0.5
vt 0.07729 0.6955
vt 0.0479 0.662
vt 0.9578 0.6962
vt 0.8146 0.8775
vt 0.9179 0.1992
vt 0.9575 0.698
vt 0.07239 0.7036
vt 0.9136 0.7954
vt 0.0479 0.662
vt 0.6005 0.9789
vt 0.08711 0.1393
vt 0.7081 0.08934
vt 0.1267 0.9106
vt 0.5 0.05199
vt 0.07239 0.7036
vt 0.8061 0.9173
vt 0.6008 0.06377
vt 0.9224 0.244
vt 0.8054 0.9174
vt 0.7053 0.08906
vt 0.5983 0.06359
vt 0.07239 0.7036
vt 0.805 0.9105
vt 0.5983 0.06359
vt 0.7081 0.08934
vt 0.07095 0.3527
vt 0.1209 0.148
vt 0.07239 0.7036
vt 0.602 0.06435
vt 0.503 0.05909
vt 0.8104 0.1396
vt 0.602 0.06435
vt 0.07742 0.6958
vt 0.9072 0.9072
vt 0.09278 0.9072
vt 0.8061 0.9173
vt 0.8123 0.8946
vt 0.8104 0.1396
vt 0.7064 0.9273
vt 0.9675 0.8924
vt 0.07007 0.3162
vt 0.09278 0.9072
vt 0.07007 0.3162
vt 0.6975 0.07788
vt 0.9179 0.1992
vt 0.08711 0.1393
vt 0.9575 0.698
vt 0.06553 0.5002
vt 0.07239 0.7036
vt 0.06552 0.5
vt 0.9243 0.3048
vt 0.8114 0.1358
vt 0.6698 0.07032
vt 0.07239 0.7036
vt 0.805 0.9105
vt 0.6008 0.06377
vt 0.8114 0.1358
vt 0.09278 0.9072
vt 0.09222 0.09846
vt 0.1205 0.8484
vt 0.5 0.05199
vt 0.09278 0.9072
vt 0.7053 0.08968
vt 0.262 0.9153
vt 0.8868 0.2239
vt 0.7053 0.08906
vt 0.3822 0.9373
vt 0.05199 0.5
vt 0.6008 0.06377
vt 0.3752 0.9404
vt 0.7053 0.08906
vt 0.9172 0.1928
vt 0.07665 0.6995
vt 0.05199 0.5
vt 0.602 0.06435
vt 0.3822 0.9373
vt 0.8068 0.1386
vt 0.07742 0.6958
vt 0.8054 0.9174
vt 0.07239 0.7036
vt 0.8097 0.917
vt 0.6004 0.06198
vt 0.9578 0.6962
vt 0.057 0.4467
vt 0.07239 0.7036
vt 0.06763 0.3334
vt 0.2129 0.9161
vt 0.8868 0.2239
vt 0.9675 0.8924
vt 0.06538 0.5019
vt 0.9493 0.4869
vt 0.06553 0.5002
vt 0.6008 0.06377
vt 0.9487 0.4935
vt 0.6681 0.0688
vt 0.3752 0.9404
vt 0.8068 0.1386
vt 0.5043 0.9494
vt 0.9308 0.3495
vt 0.8407 0.8686
vt 0.3822 0.9373
vt 0.9341 0.3478
vt 0.9136 0.7954
vt 0.5 0.05199
vt 0.9341 0.3478
vt 0.9076 0.7953
vt 0.07692 0.3101
vt 0.9308 0.3495
vt 0.8407 0.8686
vt 0.5 0.05199
vt 0.8931 0.2288
vt 0.8528 0.8712
vt 0.07239 0.7036
vt 0.9229 0.2449
vt 0.8407 0.8686
vt 0.9308 0.3495
vt 0.9306 0.3318
vt 0.9334 0.3546
vt 0.06648 0.3554
vt 0.3967 0.06391
vt 0.9152 0.1718
vt 0.9227 0.2471
vt 0.607 0.06253
vt 0.8097 0.917
vt 0.3952 0.06515
vt 0.5 0.05879
vt 0.8062 0.9177
vt 0.8931 0.2288
vt 0.607 0.06253
vt 0.7375 0.9242
vt 0.3967 0.06391
vt 0.9274 0.3296
vt 0.1934 0.1221
vt 0.9487 0.4935
vt 0.903 0.9076
vt 0.7065 0.9276
vt 0.5 0.05879
vt 0.5 0.05879
vt 0.2535 0.9117
vt 0.948 0.5
vt 0.704 0.07272
vt 0.9334 0.3546
vt 0.9242 0.3033
vt 0.0767 0.3052
vt 0.9308 0.3495
vt 0.9365 0.8193
vt 0.602 0.06435
vt 0.9072 0.9072
vt 0.9225 0.8614
vt 0.05879 0.5679
vt 0.9072 0.9072
vt 0.8123 0.8946
vt 0.05515 0.4857
vt 0.9279 0.7003
vt 0.8201 0.8735
vt 0.9283 0.6971
vt 0.8201 0.8735
vt 0.9283 0.6971
vt 0.9279 0.7003
vt 0.04275 0.6601
vt 0.8061 0.9173
vt 0.9487 0.4935
vt 0.05515 0.4857
vt 0.9493 0.4869
vt 0.08201 0.1802
vt 0.05515 0.4857
vt 0.9279 0.7003
vt 0.503 0.05909
vt 0.6994 0.928
vt 0.9276 0.7036
vt 0.948 0.5
vt 0.9487 0.4935
vt 0.1129 0.2274
vt 0.06395 0.5164
vt 0.9072 0.9072
vt 0.948 0.4996
vt 0.4996 0.05189
vt 0.398 0.06523
vt 0.7053 0.08968
vt 0.0487 0.6613
vt 0.9324 0.3482
vt 0.6018 0.06219
vt 0.9072 0.9072
vt 0.9128 0.1903
vt 0.1177 0.8481
vt 0.9276 0.7036
vt 0.9488 0.5163
vt 0.9279 0.7003
vt 0.9329 0.3521
vt 0.2625 0.9242
vt 0.9513 0.5654
vt 0.3028 0.9182
vt 0.932 0.3487
vt 0.4021 0.9292
vt 0.9488 0.5163
vt 0.1911 0.1177
vt 0.3966 0.9347
vt 0.9391 0.4936
vt 0.06552 0.5
vt 0.3966 0.9347
vt 0.9345 0.6706
vt 0.06538 0.5019
vt 0.1911 0.1177
vt 0.4021 0.9292
vt 0.8733 0.9106
vt 0.704 0.07526
vt 0.3967 0.06391
vt 0.07095 0.3527
vt 0.06553 0.5002
vt 0.5002 0.9347
vt 0.06538 0.5019
vt 0.704 0.07272
vt 0.3952 0.06515
vt 0.4773 0.9813
vt 0.7036 0.07239
vt 0.5 0.9394
vt 0.5001 0.9413
vt 0.603 0.06297
vt 0.7228 0.965
vt 0.9172 0.1928
vt 0.08599 0.8393
vt 0.4021 0.9292
vt 0.06442 0.5117
vt 0.602 0.06339
vt 0.7228 0.965
vt 0.4075 0.9172
vt 0.3982 0.937
vt 0.2964 0.9276
vt 0.6005 0.9789
vt 0.5004 0.9235
vt 0.3983 0.937
vt 0.2964 0.9277
vt 0.5997 0.9789
vt 0.5002 0.9347
vt 0.5003 0.9413
vt 0.2968 0.07235
vt 0.5997 0.9789
vt 0.3028 0.9182
vt 0.5001 0.9413
vt 0.1923 0.1107
vt 0.6005 0.9789
vt 0.9238 0.6973
vt 0.07239 0.7036
vt 0.3152 0.9048
vt 0.887 0.2264
vt 0.394 0.9374
vt 0.8733 0.9108
vt 0.602 0.06435
vt 0.8441 0.9273
vt 0.9324 0.3482
vt 0.8789 0.8541
vt 0.1975 0.09625
vt 0.4075 0.9172
vt 0.887 0.2264
vt 0.5339 0.9446
vt 0.06887 0.3315
vt 0.07526 0.3054
vt 0.9667 0.876
vt 0.2575 0.9773
vt 0.4021 0.9292
vt 0.929 0.352
vt 0.3982 0.9371
vt 0.07485 0.3209
vt 0.07121 0.3079
vt 0.8452 0.9311
vt 0.9175 0.8041
vt 0.929 0.352
vt 0.5 0.9418
vt 0.08012 0.2192
vt 0.07121 0.3079
vt 0.9643 0.827
vt 0.9171 0.809
vt 0.887 0.2264
vt 0.3982 0.9371
vt 0.1146 0.1828
vt 0.07526 0.3054
vt 0.1491 0.8993
vt 0.9474 0.4936
vt 0.1934 0.1221
vt 0.9296 0.6729
vt 0.887 0.2264
vt 0.401 0.9374
vt 0.06441 0.5004
vt 0.9361 0.5173
vt 0.2528 0.9772
vt 0.9227 0.2471
vt 0.9242 0.7024
vt 0.0767 0.3052
vt 0.9301 0.6783
vt 0.929 0.352
vt 0.117 0.1585
vt 0.9238 0.6973
vt 0.1198 0.8428
vt 0.1491 0.8998
vt 0.9675 0.8924
vt 0.9242 0.7024
vt 0.7025 0.07227
vt 0.9301 0.6783
vt 0.929 0.352
vt 0.6011 0.06208
vt 0.07429 0.8042
vt 0.946 0.5021
vt 0.9296 0.6729
vt 0.9172 0.1928
vt 0.9299 0.698
vt 0.9378 0.5067
vt 0.7051 0.08767
vt 0.9421 0.5591
vt 0.1366 0.8892
vt 0.9172 0.1928
vt 0.07077 0.3574
vt 0.9296 0.6729
vt 0.8076 0.1327
vt 0.2896 0.08467
vt 0.9296 0.6725
vt 0.8106 0.1343
vt 0.07323 0.3048
vt 0.9427 0.4473
vt 0.9172 0.1928
vt 0.6018 0.06219
vt 0.9378 0.5067
vt 0.07095 0.3527
vt 0.07665 0.6995
vt 0.9171 0.809
vt 0.1366 0.8892
vt 0.9117 0.8629
vt 0.7036 0.9276
vt 0.9296 0.6725
vt 0.929 0.352
vt 0.07526 0.3054
vt 0.9296 0.6729
vt 0.3983 0.937
vt 0.1948 0.08956
vt 0.2964 0.07239
vt 0.6025 0.937
vt 0.2988 0.08119
vt 0.1267 0.9106
vt 0.2957 0.07246
vt 0.1922 0.1034
vt 0.8398 0.9291
vt 0.887 0.2264
vt 0.1911 0.1177
vt 0.7042 0.07233
vt 0.057 0.4467
vt 0.1911 0.1177
vt 0.7025 0.07227
vt 0.1922 0.1034
vt 0.7014 0.07215
vt 0.08863 0.1343
vt 0.08574 0.1631
vt 0.5025 0.9416
vt 0.1922 0.1034
vt 0.5 0.9418
vt 0.1932 0.09204
vt 0.5 0.05879
vt 0.0909 0.1116
vt 0.1177 0.8481
vt 0.9345 0.6706
vt 0.1099 0.2292
vt 0.08863 0.1343
vt 0.9468 0.5115
vt 0.9234 0.3107
vt 0.1484 0.898
vt 0.07178 0.8546
vt 0.2957 0.07246
vt 0.9458 0.5222
vt 0.9258 0.3179
vt 0.1489 0.9038
vt 0.2613 0.0875
vt 0.2954 0.07249
vt 0.9429 0.4494
vt 0.948 0.5
vt 0.07095 0.3527
vt 0.1932 0.09204
vt 0.07714 0.2487
vt 0.9234 0.3107
vt 0.07429 0.8042
vt 0.254 0.9537
vt 0.1922 0.1034
vt 0.0702 0.3532
vt 0.8814 0.1606
vt 0.2509 0.9536
vt 0.07323 0.3048
vt 0.7036 0.9276
vt 0.9093 0.1321
vt 0.07742 0.6958
vt 0.07429 0.8042
vt 0.9575 0.698
vt 0.1177 0.8481
vt 0.7036 0.9276
vt 0.9125 0.1773
vt 0.7053 0.08968
vt 0.07451 0.7996
vt 0.9324 0.3482
vt 0.8013 0.9167
vt 0.9468 0.5115
vt 0.8013 0.9167
vt 0.9238 0.2979
vt 0.9476 0.5033
vt 0.0487 0.6613
vt 0.8055 0.9182
vt 0.8013 0.9167
vt 0.9283 0.3457
vt 0.3952 0.06515
vt 0.9072 0.9072
vt 0.8013 0.9167
vt 0.5331 0.05521
vt 0.8055 0.9182
vt 0.887 0.2264
vt 0.04808 0.6623
vt 0.1199 0.8428
vt 0.602 0.06435
vt 0.8742 0.9018
vt 0.5014 0.05976
vt 0.8062 0.9177
vt 0.9276 0.3527
vt 0.0487 0.6613
vt 0.07652 0.698
vt 0.9072 0.9082
vt 0.8742 0.9018
vt 0.9072 0.9077
vt 0.9367 0.5116
vt 0.2607 0.09334
vt 0.3952 0.06515
vt 0.8013 0.9167
vt 0.9276 0.3527
vt 0.8013 0.9167
vt 0.8062 0.9177
vt 0.9283 0.3457
vt 0.2875 0.07763
vt 0.0767 0.3052
vt 0.8742 0.9018
vt 0.6975 0.07788
vt 0.8097 0.917
vt 0.9429 0.4494
vt 0.3967 0.06391
vt 0.05199 0.5
vt 0.07665 0.6995
vt 0.8742 0.9018
vt 0.6004 0.06198
vt 0.887 0.2264
vt 0.9461 0.5142
vt 0.291 0.9256
vt 0.7036 0.9276
vt 0.9072 0.9077
vt 0.7036 0.9276
vt 0.9072 0.9072
vt 0.9256 0.7044
vt 0.8013 0.9167
vt 0.3975 0.9367
vt 0.8013 0.9167
vt 0.2964 0.9276
vt 0.7393 0.09308
vt 0.3982 0.937
vt 0.117 0.1585
vt 0.7081 0.07498
vt 0.9234 0.3107
vt 0.06553 0.5002
vt 0.2875 0.07763
vt 0.05199 0.5
vt 0.07734 0.704
vt 0.6025 0.06347
vt 0.603 0.06297
vt 0.602 0.06435
vt 0.5 0.05879
vt 0.9461 0.5142
vt 0.6048 0.06513
vt 0.5002 0.05877
vt 0.6048 0.06513
vt 0.9237 0.3062
vt 0.5034 0.05846
vt 0.2607 0.09334
vt 0.602 0.06484
vt 0.6025 0.06347
vt 0.3983 0.937
vt 0.8398 0.9291
vt 0.4999 0.0588
vt 0.3983 0.937
vt 0.8398 0.9291
vt 0.5 0.0588
vt 0.3983 0.937
vt 0.6019 0.06412
vt 0.6025 0.06347
vt 0.9235 0.8413
vt 0.6018 0.06304
vt 0.07734 0.704
vt 0.4998 0.05881
vt 0.4999 0.0588
vt 0.08598 0.1606
vt 0.7081 0.07498
vt 0.7051 0.0868
vt 0.9235 0.6987
vt 0.7036 0.07239
vt 0.6018 0.06304
vt 0.937 0.664
vt 0.07738 0.6956
vt 0.6025 0.06347
vt 0.5034 0.05846
vt 0.07665 0.6995
vt 0.2964 0.9276
vt 0.3982 0.937
vt 0.2936 0.9273
vt 0.3982 0.9377
vt 0.5349 0.0553
vt 0.3982 0.9378
vt 0.603 0.06297
vt 0.948 0.4988
vt 0.3982 0.9378
vt 0.5 0.05879
vt 0.2964 0.9276
vt 0.3982 0.9377
vt 0.8796 0.1578
vt 0.5042 0.9476
vt 0.1198 0.8428
vt 0.5 0.948
vt 0.948 0.4988
vt 0.3982 0.9377
vt 0.925 0.3122
vt 0.6018 0.937
vt 0.3982 0.9371
vt 0.929 0.352
vt 0.0523 0.4973
vt 0.5339 0.9446
vt 0.1974 0.0914
vt 0.5042 0.9476
vt 0.8803 0.1585
vt 0.1923 0.1107
vt 0.2936 0.9273
vt 0.925 0.3122
vt 0.0541 0.6667
vt 0.2625 0.9242
vt 0.948 0.4996
vt 0.9421 0.4497
vt 0.3982 0.9371
vt 0.6697 0.931
vt 0.3982 0.9377
vt 0.9421 0.5591
vt 0.9378 0.5067
vt 0.9281 0.3487
vt 0.9284 0.3514
vt 0.9284 0.3514
vt 0.9281 0.3487
vt 0.8813 0.1687
vt 0.889 0.218
vt 0.9243 0.3048
vt 0.8819 0.1758
vt 0.5339 0.9446
vt 0.9281 0.3487
vt 0.7231 0.9786
vt 0.9234 0.3107
vt 0.932 0.3399
vt 0.9201 0.2211
vt 0.1267 0.9106
vt 0.9334 0.686
vt 0.889 0.218
vt 0.9241 0.6945
vt 0.704 0.07526
vt 0.9378 0.5067
vt 0.602 0.06339
vt 0.9243 0.3048
vt 0.9427 0.4473
vt 0.602 0.06484
vt 0.5 0.9412
vt 0.932 0.3399
vt 0.8814 0.1606
vt 0.9281 0.3487
vt 0.602 0.06435
vt 0.1781 0.5001
vt 0.9269 0.7033
vt 0.1845 0.5
vt 0.948 0.4988
vt 0.903 0.9082
vt 0.1999 0.6306
vt 0.6025 0.937
vt 0.193 0.6346
vt 0.948 0.5
vt 0.1173 0.1551
vt 0.193 0.6346
vt 0.1948 0.08956
vt 0.1999 0.6306
vt 0.9242 0.7024
vt 0.1923 0.1107
vt 0.2404 0.7314
vt 0.8398 0.9291
vt 0.9276 0.3527
vt 0.2333 0.7383
vt 0.7053 0.08968
vt 0.07474 0.8046
vt 0.1999 0.6306
vt 0.7053 0.08968
vt 0.9271 0.3194
vt 0.2008 0.63
vt 0.9121 0.8927
vt 0.2415 0.7305
vt 0.2404 0.7314
vt 0.1845 0.5
vt 0.1855 0.5
vt 0.2008 0.63
vt 0.1999 0.6306
vt 0.9421 0.5588
vt 0.8733 0.9108
vt 0.9279 0.5009
vt 0.401 0.9374
vt 0.9131 0.3108
vt 0.9218 0.3114
vt 0.07734 0.704
vt 0.9334 0.686
vt 0.9218 0.3114
vt 0.8801 0.8427
vt 0.8012 0.9178
vt 0.9131 0.3108
vt 0.7045 0.08103
vt 0.2964 0.9276
vt 0.8698 0.1614
vt 0.9258 0.3179
vt 0.603 0.06297
vt 0.8748 0.1045
vt 0.9256 0.7044
vt 0.9131 0.3108
vt 0.07422 0.337
vt 0.6025 0.937
vt 0.8995 0.3179
vt 0.948 0.5
vt 0.053 0.5071
vt 0.8563 0.1783
vt 0.2967 0.0726
vt 0.8698 0.1614
vt 0.903 0.9076
vt 0.07871 0.2199
vt 0.9279 0.5009
vt 0.9271 0.3194
vt 0.9147 0.4972
vt 0.9261 0.7058
vt 0.8995 0.3179
vt 0.9131 0.3108
vt 0.05199 0.5
vt 0.9072 0.9072
vt 0.05199 0.5
vt 0.07323 0.337
vt 0.07239 0.7036
vt 0.3982 0.9371
vt 0.07239 0.7036
vt 0.8398 0.9291
vt 0.9367 0.5116
vt 0.07239 0.7036
vt 0.07239 0.7036
vt 0.07665 0.6995
vt 0.4992 0.05178
vt 0.09278 0.9072
vt 0.8801 0.8427
vt 0.7036 0.9276
vt 0.09278 0.9072
vt 0.9072 0.9072
vt 0.6994 0.928
vt 0.07239 0.7036
vt 0.7375 0.9242
vt 0.0479 0.662
vt 0.07239 0.7036
vt 0.9225 0.8614
vt 0.09278 0.9072
vt 0.09278 0.9072
vt 0.3822 0.9373
vt 0.05199 0.5
vt 0.05199 0.5
vt 0.602 0.06435
vt 0.07239 0.7036
vt 0.7036 0.9276
vt 0.0909 0.8604
vt 0.07239 0.7036
vt 0.8123 0.8946
vt 0.1265 0.09116
vt 0.1335 0.1626
vt 0.09014 0.3094
vt 0.9391 0.4936
vt 0.08086 0.3
vt 0.08086 0.3
vt 0.09014 0.3094
vt 0.2963 0.07433
vt 0.0775 0.4999
vt 0.4661 0.9446
vt 0.7053 0.08968
vt 0.06915 0.5002
vt 0.5 0.9418
vt 0.2967 0.0726
vt 0.09014 0.3094
vt 0.3982 0.9371
vt 0.1192 0.1651
vt 0.1055 0.3186
vt 0.394 0.9374
vt 0.09261 0.4999
vt 0.08386 0.1785
vt 0.7053 0.08968
vt 0.0775 0.4999
vt 0.1975 0.09625
vt 0.1335 0.1626
vt 0.1974 0.0914
vt 0.1487 0.1819
vt 0.1055 0.3186
vt 0.09014 0.3094
vt 0.9185 0.7943
vt 0.9111 0.8028
vt 0.246 0.9497
vt 0.9226 0.6726
vt 0.3982 0.9371
vt 0.5 0.9418
vt 0.9303 0.6765
vt 0.394 0.9374
vt 0.2149 0.9435
vt 0.9303 0.6765
vt 0.2964 0.9276
vt 0.3982 0.937
vt 0.9226 0.6726
vt 0.2964 0.9276
vt 0.9279 0.5009
vt 0.4661 0.9446
vt 0.9421 0.5588
vt 0.9226 0.6726
vt 0.1366 0.8892
vt 0.9099 0.668
vt 0.1276 0.8776
vt 0.9147 0.4972
vt 0.1276 0.8776
vt 0.9279 0.5009
vt 0.9111 0.8028
vt 0.8979 0.7958
vt 0.3982 0.937
vt 0.9099 0.668
vt 0.08599 0.8393
vt 0.929 0.352
vt 0.9226 0.6726
vt 0.1177 0.8481
vt 0.07526 0.3054
vt 0.2622 0.07581
vt 0.07665 0.6995
vt 0.06395 0.5164
vt 0.301 0.08383
vt 0.948 0.5
vt 0.07239 0.7036
vt 0.2084 0.1015
vt 0.8928 0.852
vt 0.1173 0.1551
vt 0.1945 0.08281
vt 0.1945 0.08281
vt 0.2084 0.1015
vt 0.1335 0.1626
vt 0.05884 0.5674
vt 0.1265 0.09116
vt 0.2084 0.1015
vt 0.2221 0.1183
vt 0.8017 0.9122
vt 0.1487 0.1819
vt 0.07411 0.3381
vt 0.1157 0.1994
vt 0.1335 0.1626
vt 0.07411 0.3381
vt 0.602 0.06339
vt 0.301 0.08383
vt 0.1152 0.2041
vt 0.602 0.06339
vt 0.3127 0.09805
vt 0.07323 0.337
vt 0.2221 0.1183
vt 0.06442 0.5117
vt 0.06395 0.5164
vt 0.2084 0.1015
vt 0.7014 0.9259
vt 0.6976 0.9212
vt 0.6019 0.06412
vt 0.7938 0.9109
vt 0.7988 0.9153
vt 0.8398 0.9291
vt 0.7988 0.9153
vt 0.7938 0.9109
vt 0.1976 0.1228
vt 0.8664 0.8973
vt 0.1947 0.1229
vt 0.1911 0.1177
vt 0.8017 0.9122
vt 0.1956 0.108
vt 0.8718 0.9007
vt 0.1152 0.2041
vt 0.8801 0.8427
vt 0.8733 0.9106
vt 0.2953 0.08313
vt 0.7938 0.9109
vt 0.1157 0.1994
vt 0.1947 0.1229
vt 0.7036 0.9276
vt 0.8733 0.9108
vt 0.1976 0.1228
vt 0.7831 0.8984
vt 0.3303 0.06899
vt 0.9241 0.6945
vt 0.8017 0.9122
vt 0.7036 0.9276
vt 0.7036 0.9276
vt 0.8536 0.8851
vt 0.1947 0.1229
vt 0.8801 0.8427
vt 0.8012 0.9179
vt 0.8012 0.9179
vt 0.8664 0.8973
vt 0.7036 0.9276
vt 0.1209 0.148
vt 0.8789 0.8541
vt 0.802 0.9094
vt 0.6976 0.9212
vt 0.1157 0.1994
vt 0.8012 0.9178
vt 0.6901 0.909
vt 0.802 0.9094
vt 0.1947 0.1229
vt 0.8017 0.9122
vt 0.7831 0.8984
vt 0.2613 0.0875
vt 0.7938 0.9109
vt 0.9235 0.6917
vt 0.7375 0.07579
vt 0.2953 0.08313
vt 0.7013 0.08149
vt 0.1911 0.1177
vn 0.5919 0.09192 0.8007
vn 0.5802 -0.0727 0.8112
vn 0.3475 -0.02521 0.9373
vn 0.3804 0.178 0.9075
vn 0.1301 0.01282 0.9914
vn 0.1824 0.2126 0.9599
vn 0.2983 -0.01804 0.9543
vn 0.1046 -0.002014 0.9945
vn 0.5251 -0.02084 0.8508
vn 0.9793 -0.1025 -0.1745
vn 0.9978 -0.02106 -0.06296
vn 0.9735 -0.1028 0.204
vn 0.9851 -0.1411 0.09815
vn 0.8885 -0.1192 0.443
vn 0.9196 -0.1066 0.3782
vn 0.9084 0.05734 0.4141
vn 0.8107 0.01566 0.5853
vn 0.9693 0.1592 0.1871
vn 0.827 0.08399 -0.5558
vn 0.86 0.2275 -0.4567
vn 0.9486 0.1079 -0.2974
vn 0.9175 -0.01257 -0.3974
vn 0.9526 0.3017 -0.03928
vn 0.8827 0.4241 -0.2025
vn -0.7846 -0.05036 0.6179
vn -0.7583 -0.05087 0.6498
vn -0.8914 0.03098 0.452
vn -0.9109 -0.001007 0.4126
vn -0.9618 0.1742 0.211
vn -0.9802 0.1152 0.1608
vn -0.7988 0.1469 0.5834
vn -0.8773 0.3036 0.3716
vn -0.6609 0.04901 0.7489
vn -0.3251 0.09177 0.9412
vn -0.3276 -0.02945 0.9443
vn -0.5635 -0.06586 0.8235
vn -0.5871 -0.01309 0.8094
vn -0.4752 0.003388 0.8798
vn -0.2674 -0.003143 0.9636
vn -0.3162 0.6016 0.7335
vn -0.3035 0.4907 0.8167
vn -0.5529 0.3347 0.7631
vn -0.5452 0.4463 0.7096
vn -0.7236 0.224 0.6529
vn -0.6998 0.3168 0.6402
vn -0.5532 0.2377 0.7984
vn -0.7477 0.1259 0.652
vn -0.281 0.3992 0.8727
vn -0.5271 0.3841 -0.758
vn -0.4831 0.5767 -0.6588
vn -0.147 0.5982 -0.7877
vn -0.1985 0.385 -0.9013
vn 0.274 0.5278 -0.8039
vn 0.1974 0.3262 -0.9244
vn -0.09268 0.8513 -0.5163
vn 0.3257 0.7793 -0.5353
vn -0.4148 0.813 -0.4085
vn -0.9436 0.3244 -0.0658
vn -0.9615 0.2353 -0.1415
vn -0.8449 0.434 -0.3125
vn -0.8631 0.3068 -0.4011
vn -0.8703 0.4755 0.1282
vn -0.779 0.6196 -0.09626
vn 0.614 0.2148 -0.7595
vn 0.6798 0.3671 -0.6349
vn 0.7657 0.3145 -0.5611
vn 0.7223 0.1636 -0.6719
vn 0.8027 0.5105 -0.3082
vn 0.7281 0.5692 -0.3819
vn -0.6916 0.5158 -0.5056
vn -0.7249 0.3508 -0.5928
vn -0.6202 0.734 -0.2767
vn -0.4136 -0.1543 -0.8973
vn -0.4953 -0.1817 -0.8495
vn -0.3705 -0.2652 -0.8901
vn -0.3311 -0.2128 -0.9192
vn -0.1609 -0.2974 -0.9411
vn -0.1674 -0.2523 -0.953
vn -0.4023 -0.2915 -0.8678
vn -0.1434 -0.3396 -0.9295
vn -0.5847 -0.1887 -0.789
vn 0.3668 -0.3405 -0.8657
vn 0.4025 -0.2641 -0.8765
vn 0.5844 -0.2882 -0.7586
vn 0.5567 -0.3404 -0.7577
vn 0.7317 -0.2974 -0.6132
vn 0.7196 -0.3276 -0.6122
vn 0.6305 -0.1592 -0.7597
vn 0.7641 -0.1943 -0.6152
vn 0.4622 -0.1196 -0.8787
vn 0.8375 -0.2926 -0.4614
vn 0.8327 -0.3134 -0.4564
vn 0.9224 -0.2688 -0.2774
vn 0.9184 -0.29 -0.2689
vn 0.8626 -0.2154 -0.4577
vn 0.9411 -0.2129 -0.2626
vn 0.7176 0.3084 0.6245
vn 0.6773 0.336 0.6544
vn 0.4326 0.5194 0.7369
vn 0.4613 0.5363 0.7068
vn 0.213 0.6036 0.7683
vn 0.2061 0.6614 0.7212
vn 0.4067 0.4921 0.7697
vn 0.2228 0.5396 0.8119
vn 0.6267 0.3577 0.6923
vn -0.6448 -0.08179 -0.7599
vn -0.6257 0.01117 -0.7799
vn -0.3541 -0.08155 -0.9316
vn -0.3912 -0.1896 -0.9005
vn -0.04343 -0.1683 -0.9847
vn -0.08609 -0.2756 -0.9574
vn -0.3113 0.04288 -0.9493
vn 0.01624 -0.02792 -0.9995
vn -0.6001 0.1064 -0.7928
vn -0.9263 0.2243 0.3027
vn -0.9461 0.183 0.2673
vn -0.9821 0.1603 -0.09876
vn -0.9843 0.1656 -0.05976
vn -0.9021 0.1207 -0.4143
vn -0.9162 0.09079 -0.3903
vn -0.9775 0.165 -0.131
vn -0.8879 0.1614 -0.4307
vn -0.9648 0.1358 0.2249
vn 0.9767 -0.2097 -0.04523
vn 0.9704 -0.2377 -0.04114
vn 0.9713 -0.08771 0.221
vn 0.9696 -0.1289 0.2079
vn 0.9863 -0.1644 -0.01477
vn 0.9621 -0.03992 0.2698
vn -0.8407 0.1887 0.5075
vn -0.8111 0.2579 0.5249
vn -0.873 0.1034 0.4766
vn -0.7891 0.5882 -0.1767
vn -0.7973 0.5701 -0.1982
vn -0.6671 0.7435 0.04636
vn -0.6335 0.7725 0.04266
vn -0.5309 0.8263 0.1881
vn -0.4894 0.8572 0.1602
vn -0.733 0.6734 0.09635
vn -0.6016 0.7513 0.2711
vn -0.8369 0.5202 -0.1703
vn 0.9247 -0.3556 -0.1359
vn 0.9373 -0.208 -0.2795
vn 0.75 -0.406 -0.5221
vn 0.747 -0.5511 -0.3718
vn 0.5714 -0.4698 -0.6728
vn 0.5628 -0.6436 -0.5187
vn 0.7324 -0.4136 -0.5408
vn 0.5614 -0.457 -0.6898
vn 0.9217 -0.266 -0.2824
vn 0.9598 0.2242 0.1685
vn 0.9518 0.3035 0.0441
vn 0.9954 0.07663 -0.05762
vn 0.994 -0.05615 0.09372
vn 0.9981 -0.04935 -0.03519
vn 0.9844 0.138 0.109
vn -0.8882 0.1587 -0.431
vn -0.7948 0.2423 -0.5564
vn -0.8244 0.3638 -0.4335
vn -0.8672 0.3456 -0.3583
vn -0.8388 0.3407 -0.4246
vn -0.7964 0.2351 -0.5571
vn 0.7461 0.5945 0.2999
vn 0.7187 0.6027 0.3466
vn 0.8673 0.471 0.1611
vn 0.879 0.4309 0.2044
vn 0.9014 0.3262 0.2847
vn 0.7055 0.504 0.4982
vn -0.7146 -0.06476 -0.6965
vn -0.6479 0.0951 -0.7557
vn -0.7479 0.1735 -0.6408
vn -0.8581 0.02441 -0.5129
vn -0.7523 0.165 -0.6377
vn -0.6712 0.06516 -0.7384
vn -0.2051 0.9325 0.2972
vn -0.2623 0.875 0.4068
vn 0.005676 0.8517 0.524
vn 0.05707 0.9187 0.3908
vn 0.3043 0.7692 0.5619
vn 0.3421 0.8329 0.4351
vn -0.02121 0.7563 0.6539
vn 0.2697 0.6736 0.6881
vn -0.2968 0.7913 0.5345
vn -0.8776 0.1259 -0.4626
vn -0.8886 0.1393 -0.437
vn -0.6668 -0.03235 -0.7445
vn -0.603 -0.03635 -0.7969
vn -0.7465 -0.04028 -0.6641
vn -0.9108 0.1147 -0.3965
vn 0.2032 -0.4998 -0.8419
vn 0.2755 -0.3892 -0.879
vn 0.1079 -0.3027 -0.947
vn 0.05655 -0.3185 -0.9462
vn -0.1525 -0.1819 -0.9714
vn -0.1423 -0.1869 -0.972
vn 0.09748 -0.3866 -0.9171
vn -0.1906 -0.2733 -0.9428
vn 0.2807 -0.4338 -0.8561
vn 0.4281 -0.3604 -0.8288
vn 0.4075 -0.3272 -0.8526
vn 0.6384 -0.3612 -0.6797
vn 0.6636 -0.4078 -0.6272
vn 0.7877 -0.3818 -0.4835
vn 0.8032 -0.4242 -0.4183
vn 0.5853 -0.3492 -0.7318
vn 0.7526 -0.3554 -0.5543
vn 0.3691 -0.3409 -0.8646
vn -0.4369 0.6537 0.6178
vn -0.4126 0.6607 0.6271
vn -0.5444 0.6575 0.5209
vn -0.5594 0.6668 0.4924
vn -0.6325 0.6136 0.4726
vn -0.6435 0.6366 0.425
vn -0.5282 0.6312 0.5679
vn -0.6356 0.557 0.5346
vn -0.3729 0.6688 0.6431
vn -0.8875 0.4132 0.2038
vn -0.8785 0.4017 0.2586
vn -0.9614 0.2723 -0.03946
vn -0.9619 0.2664 -0.06098
vn -0.9708 0.2391 -0.0202
vn -0.885 0.3507 0.3063
vn -0.7408 0.5283 0.4147
vn -0.7538 0.5537 0.3537
vn -0.7479 0.4609 0.4776
vn 0.9272 -0.3745 0.003479
vn 0.9245 -0.3764 -0.05972
vn 0.9238 -0.3518 0.1509
vn 0.9265 -0.3224 0.1942
vn 0.8923 -0.3004 0.337
vn 0.8983 -0.2505 0.3608
vn 0.9394 -0.3349 0.07324
vn 0.9185 -0.2779 0.2814
vn 0.9222 -0.3565 -0.1495
vn -0.6447 -0.3308 -0.6891
vn -0.5421 -0.05148 -0.8387
vn -0.6641 0.07285 -0.744
vn -0.7765 -0.2348 -0.5847
vn -0.8289 0.2446 -0.503
vn -0.9428 -0.0513 -0.3293
vn -0.579 0.1609 -0.7992
vn -0.7481 0.3542 -0.5611
vn -0.4525 0.01627 -0.8916
vn -0.439 -0.02225 -0.8982
vn -0.5814 0.1703 -0.7955
vn -0.7338 0.394 -0.5533
vn -0.6579 0.14 -0.74
vn -0.7644 0.3968 -0.5081
vn -0.5215 -0.1293 -0.8433
vn -0.7039 -0.71 0.01675
vn -0.4341 -0.8884 -0.1494
vn -0.3697 -0.9033 -0.2177
vn -0.5553 -0.8307 0.039
vn -0.4315 -0.875 -0.2195
vn -0.4371 -0.8979 0.05072
vn -0.3686 -0.9186 -0.1422
vn -0.4478 -0.8808 -0.1539
vn -0.4328 -0.9013 -0.01523
vn 0.1273 -0.672 -0.7295
vn 0.1804 -0.4304 -0.8844
vn -0.03327 -0.3752 -0.9263
vn -0.1289 -0.6036 -0.7867
vn -0.2692 -0.2527 -0.9293
vn -0.3906 -0.4713 -0.7907
vn -0.03769 -0.3391 -0.94
vn -0.2245 -0.2156 -0.9503
vn 0.1245 -0.4085 -0.9042
vn -0.9976 0.06906 0.005219
vn -0.9219 0.3832 -0.05628
vn -0.9349 0.329 0.1332
vn -0.9935 0.07309 0.08701
vn -0.9733 -0.02438 0.228
vn -0.9854 -0.08448 0.148
vn -0.8671 0.4622 0.1858
vn -0.9129 0.1877 0.3624
vn -0.8651 0.4979 -0.06076
vn 0.6612 -0.7496 -0.0296
vn 0.7671 -0.6398 -0.04736
vn 0.7913 -0.5687 -0.2248
vn 0.674 -0.7277 -0.127
vn 0.7033 -0.5256 -0.4787
vn 0.613 -0.7129 -0.3405
vn 0.8187 -0.5133 -0.2574
vn 0.6836 -0.536 -0.4954
vn 0.8536 -0.5175 -0.05982
vn 0.4974 -0.8637 0.08072
vn 0.4432 -0.8845 0.1455
vn 0.6629 -0.7443 0.08133
vn 0.6186 -0.785 0.03134
vn 0.7904 -0.5931 0.153
vn 0.5756 -0.7506 0.3244
vn -0.903 0.3431 -0.2583
vn -0.9934 0.04788 -0.1043
vn -0.8351 0.4565 -0.3069
vn -0.0651 -0.9978 0.01025
vn -0.2872 -0.9539 -0.08737
vn 0.06702 -0.9953 0.06931
vn 0.2447 -0.9681 0.05423
vn 0.1374 -0.9373 0.3201
vn -0.3183 -0.943 0.09662
vn 0.7645 0.2812 0.58
vn 0.7823 0.482 0.3946
vn 0.884 0.2018 0.4216
vn 0.7962 -0.03845 0.6037
vn 0.8975 -0.1098 0.4271
vn 0.785 -0.3077 0.5377
vn 0.7625 -0.4564 0.4586
vn 0.9065 -0.3819 0.1798
vn 0.9058 -0.4108 -0.1036
vn 0.9448 -0.2731 0.181
vn 0.9219 -0.3551 -0.1547
vn 0.8354 -0.2617 0.4832
vn -0.806 0.5067 -0.3058
vn -0.8306 0.5542 -0.0549
vn -0.7918 0.5321 -0.2998
vn -0.7838 0.6158 -0.08011
vn -0.3824 -0.07248 -0.9211
vn -0.363 -0.1478 -0.9199
vn -0.4478 -0.3353 -0.8289
vn -0.2282 -0.3052 -0.9245
vn -0.3117 -0.526 -0.7913
vn -0.7232 -0.2977 0.6231
vn -0.5575 -0.6058 0.5676
vn -0.3897 -0.749 0.5359
vn -0.2852 0.447 0.8478
vn 0.05618 0.1942 0.9793
vn -0.4593 0.5638 0.6864
vn 0.07419 -0.5023 -0.8615
vn -0.06616 -0.4271 -0.9018
vn -0.1278 -0.6169 -0.7766
vn 0.03092 -0.6372 -0.77
vn -0.8045 0.5591 0.2003
vn -0.7779 0.4744 0.4121
vn -0.7284 0.6655 0.1626
vn -0.6435 0.6735 0.3636
vn -0.9146 0.3838 -0.1271
vn -0.9272 0.3533 -0.1245
vn -0.8532 0.4897 0.1794
vn -0.839 0.5128 0.1817
vn -0.7251 0.5659 0.3923
vn -0.7102 0.5768 0.4035
vn -0.8654 0.4682 0.1786
vn -0.7409 0.5519 0.3825
vn -0.9397 0.3208 -0.1182
vn -0.8584 -0.4556 -0.2358
vn -0.8246 -0.3508 -0.4438
vn -0.9561 -0.1692 -0.2391
vn -0.9687 -0.1875 -0.1622
vn -0.9748 0.07404 -0.2105
vn -0.9825 0.1198 -0.1422
vn -0.1201 0.938 0.325
vn -0.1298 0.959 0.2517
vn 0.127 0.9435 0.306
vn 0.1347 0.9208 0.366
vn 0.3862 0.8494 0.3597
vn 0.3975 0.8068 0.4371
vn -0.05066 -0.9256 -0.375
vn 0.05411 -0.7719 -0.6334
vn -0.08689 -0.5569 -0.826
vn -0.2208 -0.8602 -0.4596
vn -0.237 -0.4143 -0.8787
vn -0.4207 -0.7627 -0.4911
vn -0.7752 0.6235 -0.1014
vn -0.7945 0.5948 -0.1219
vn -0.6303 0.7729 0.07321
vn -0.6311 0.7699 0.09424
vn -0.4787 0.8572 0.1895
vn -0.4913 0.8373 0.2397
vn 0.8009 -0.597 0.04672
vn 0.8091 -0.5841 0.06388
vn 0.6756 -0.7212 -0.1528
vn 0.6812 -0.7123 -0.1689
vn 0.4946 -0.8274 -0.2658
vn 0.4808 -0.841 -0.248
vn 0.8701 -0.3824 0.3108
vn 0.8085 -0.4755 0.3467
vn -0.9145 0.3339 -0.2284
vn -0.9029 0.3904 -0.1799
vn -0.3808 0.5813 0.7191
vn -0.3846 0.5553 0.7373
vn -0.1047 0.5458 0.8314
vn -0.1022 0.5634 0.8198
vn 0.1926 0.4878 0.8514
vn 0.1963 0.4938 0.8471
vn -0.1024 0.5394 0.8357
vn 0.1914 0.4884 0.8513
vn -0.382 0.5448 0.7465
vn 0.8684 -0.4573 -0.1915
vn 0.8695 -0.4567 -0.1882
vn 0.7014 -0.5195 -0.4879
vn 0.7039 -0.518 -0.4859
vn 0.4551 -0.5343 -0.7123
vn 0.4973 -0.5323 -0.6851
vn 0.6972 -0.5318 -0.4806
vn 0.4059 -0.5569 -0.7246
vn 0.8738 -0.4505 -0.183
vn 0.9368 -0.2742 0.2172
vn 0.9405 -0.2825 0.1885
vn 0.9286 -0.3679 0.0474
vn 0.9301 -0.3616 0.06449
vn 0.9323 -0.3606 0.02664
vn 0.9477 -0.2781 0.1568
vn -0.8108 0.06195 -0.582
vn -0.7948 0.002838 -0.6068
vn -0.8877 0.1619 -0.431
vn -0.8844 0.2069 -0.4183
vn -0.8917 0.105 -0.4402
vn -0.779 -0.06781 -0.6233
vn 0.6923 0.1333 0.7092
vn 0.7147 0.1466 0.6838
vn 0.906 -0.1203 0.4057
vn 0.8927 -0.1212 0.4341
vn 0.9192 -0.1102 0.378
vn 0.7299 0.1635 0.6637
vn -0.6061 -0.1872 -0.773
vn -0.5771 -0.2326 -0.7829
vn -0.7003 -0.1177 -0.7041
vn -0.7277 -0.05957 -0.6832
vn -0.6797 -0.1798 -0.7111
vn -0.5622 -0.2784 -0.7787
vn -0.3648 0.6006 0.7114
vn -0.3682 0.6173 0.6952
vn -0.09717 0.5792 0.8093
vn -0.09372 0.5533 0.8277
vn 0.1962 0.4842 0.8527
vn 0.189 0.4572 0.869
vn -0.09943 0.5883 0.8025
vn 0.1998 0.4981 0.8437
vn -0.3736 0.6199 0.69
vn 0.1075 -0.5134 -0.8513
vn 0.02344 -0.5 -0.8657
vn -0.09195 -0.4794 -0.8728
vn -0.04541 -0.4858 -0.8729
vn -0.2423 -0.428 -0.8707
vn -0.2324 -0.4214 -0.8766
vn -0.1326 -0.4866 -0.8635
vn -0.2568 -0.4441 -0.8583
vn -0.05335 -0.5025 -0.8629
vn -0.09387 -0.5517 -0.8287
vn -0.06406 -0.5779 -0.8136
vn -0.1335 -0.5542 -0.8216
vn -0.1545 -0.5306 -0.8334
vn -0.2704 -0.5076 -0.818
vn -0.2759 -0.4871 -0.8286
vn -0.1086 -0.5678 -0.8159
vn -0.261 -0.5226 -0.8116
vn -0.02893 -0.5889 -0.8077
vn -0.9623 0.2566 -0.08951
vn -0.9719 0.2258 -0.06638
vn -0.8802 0.4006 0.2544
vn -0.8801 0.4225 0.2165
vn -0.7599 0.4747 0.4439
vn -0.7601 0.5023 0.4122
vn -0.8769 0.3839 0.2892
vn -0.7536 0.4612 0.4683
vn -0.9801 0.1947 -0.03812
vn 0.8903 -0.4187 -0.1792
vn 0.8989 -0.3954 -0.1887
vn 0.6692 -0.5486 -0.5012
vn 0.6883 -0.5482 -0.475
vn 0.3025 -0.6185 -0.7252
vn 0.3385 -0.609 -0.7173
vn 0.6438 -0.5471 -0.5349
vn 0.2664 -0.6154 -0.7418
vn 0.9055 -0.3723 -0.2036
vn 0.9596 -0.2593 0.1095
vn 0.9658 -0.2451 0.08472
vn 0.9539 -0.2998 -0.00763
vn 0.9451 -0.3268 0.0003662
vn 0.9641 -0.2648 -0.01782
vn 0.9739 -0.2195 0.05661
vn -0.7469 -0.1952 -0.6356
vn -0.7322 -0.2418 -0.6367
vn -0.8908 -0.05853 -0.4506
vn -0.893 -0.009308 -0.45
vn -0.8925 -0.1009 -0.4395
vn -0.7254 -0.2767 -0.6303
vn 0.7539 0.1773 0.6325
vn 0.7786 0.1714 0.6037
vn 0.9543 -0.1026 0.2805
vn 0.9404 -0.09897 0.3253
vn 0.9686 -0.09738 0.2288
vn 0.8051 0.1705 0.568
vn -0.5619 -0.3463 -0.7512
vn -0.5659 -0.3677 -0.7379
vn -0.653 -0.3092 -0.6913
vn -0.658 -0.2779 -0.6999
vn -0.6515 -0.3325 -0.6818
vn -0.5687 -0.3849 -0.7269
vn 0.9696 -0.2168 0.1135
vn 0.9437 -0.2603 0.2041
vn 0.9657 -0.2457 0.08332
vn 0.9815 -0.1884 0.03253
vn 0.9608 -0.2715 -0.05573
vn 0.978 -0.1912 -0.08344
vn 0.8877 -0.431 0.1618
vn 0.894 -0.4475 -0.02091
vn 0.8187 -0.4716 0.3277
vn -0.5078 -0.4056 -0.76
vn -0.5028 -0.374 -0.7792
vn -0.5929 -0.2942 -0.7496
vn -0.592 -0.3667 -0.7176
vn -0.6737 -0.2217 -0.7049
vn -0.6711 -0.3165 -0.6704
vn -0.6135 0.01807 -0.7895
vn -0.6969 0.1003 -0.7101
vn -0.479 -0.2035 -0.8539
vn 0.8254 0.121 0.5514
vn 0.8029 0.08847 0.5895
vn 0.9814 -0.1339 0.1374
vn 0.9863 -0.1205 0.1127
vn 0.9784 -0.2013 -0.04675
vn 0.9774 -0.2042 -0.05475
vn 0.969 -0.1572 0.1906
vn 0.9789 -0.2035 -0.01398
vn 0.761 0.03522 0.6478
vn -0.01505 -0.4855 -0.8741
vn 0.02441 -0.444 -0.8957
vn -0.1664 -0.4575 -0.8734
vn -0.1518 -0.4763 -0.8661
vn -0.2921 -0.4574 -0.8399
vn -0.2741 -0.463 -0.8429
vn -0.2013 -0.421 -0.8844
vn -0.3041 -0.4477 -0.8408
vn 0.08179 -0.3554 -0.9311
vn -0.328 0.4461 0.8327
vn -0.3273 0.4106 0.851
vn -0.07999 0.3869 0.9186
vn -0.06977 0.431 0.8997
vn 0.1533 0.3454 0.9258
vn 0.1735 0.3923 0.9033
vn -0.1023 0.3092 0.9455
vn 0.1174 0.2674 0.9564
vn -0.3327 0.3413 0.8791
vn 0.9432 -0.2651 -0.2
vn 0.9615 -0.2128 -0.1737
vn 0.8774 -0.2783 -0.3907
vn 0.8028 -0.3758 -0.4628
vn 0.6574 -0.3573 -0.6634
vn 0.4939 -0.4699 -0.7316
vn 0.9257 -0.1946 -0.3243
vn 0.7852 -0.2251 -0.5768
vn 0.9751 -0.1715 -0.1401
vn -0.9883 0.1524 -0.001495
vn -0.9828 0.1838 0.01538
vn -0.8563 0.3382 0.3903
vn -0.8635 0.3395 0.3729
vn -0.7131 0.3901 0.5825
vn -0.722 0.4019 0.5632
vn -0.8535 0.315 0.4152
vn -0.7089 0.3526 0.6109
vn -0.9708 0.2315 0.06247
vn -0.8763 -0.07053 -0.4766
vn -0.8716 -0.149 -0.467
vn -0.892 0.1421 -0.429
vn -0.8463 -0.3628 -0.39
vn -0.9375 -0.3448 -0.04703
vn -0.8526 -0.5175 -0.07266
vn -0.7353 -0.474 -0.4844
vn -0.4404 -0.8944 0.07779
vn -0.4042 -0.7506 -0.5227
vn -0.8256 -0.4984 0.2644
vn -0.3571 -0.7927 0.494
vn -0.9183 -0.3195 0.2336
vn -0.9614 0.2568 -0.09891
vn -0.9892 0.09925 -0.1079
vn -0.984 0.1675 0.0607
vn -0.9629 0.2694 0.01468
vn -0.9432 0.2516 0.2168
vn -0.9397 0.2773 0.2003
vn -0.9976 0.05448 0.04212
vn -0.9632 0.1795 0.2001
vn -0.9872 -0.1016 -0.1226
vn 0.6853 0.03452 0.7274
vn 0.6199 0.03119 0.7841
vn 0.8658 -0.1908 0.4626
vn 0.9243 -0.1717 0.3408
vn 0.6838 -0.4315 0.5883
vn 0.4509 -0.2539 0.8556
vn -0.3407 0.05225 -0.9387
vn -0.1807 -0.2095 -0.9609
vn -0.3136 -0.1418 -0.9389
vn -0.5148 0.2535 -0.819
vn -0.4878 -0.1024 -0.8669
vn -0.6519 0.3424 -0.6766
vn -0.004822 -0.53 -0.848
vn -0.1795 -0.5323 -0.8273
vn 0.004517 -0.4937 -0.8696
vn -0.2951 0.3434 0.8916
vn -0.2679 0.3894 0.8812
vn -0.08759 0.3576 0.9297
vn -0.1005 0.311 0.9451
vn 0.09351 0.3216 0.9422
vn 0.0943 0.2821 0.9547
vn -0.1739 0.2221 0.9593
vn -0.03333 0.1462 0.9887
vn -0.2964 0.2573 0.9197
vn -0.04306 -0.2176 -0.9751
vn -0.2957 -0.2593 -0.9194
vn -0.3605 -0.2756 -0.8911
vn -0.3 -0.2914 -0.9083
vn -0.2308 -0.3368 -0.9128
vn -0.2651 -0.3791 -0.8865
vn -0.4573 -0.3211 -0.8293
vn -0.2414 -0.3833 -0.8915
vn -0.5481 -0.3137 -0.7753
vn -0.8464 0.3457 0.4051
vn -0.8431 0.3305 0.4241
vn -0.6799 0.4129 0.606
vn -0.6862 0.3795 0.6205
vn -0.8766 0.2663 0.4007
vn -0.7018 0.2901 0.6506
vn -0.9287 -0.2087 -0.3065
vn -0.957 -0.0853 -0.277
vn -0.9721 -0.02493 -0.233
vn -0.9525 -0.1222 -0.2788
vn -0.983 -0.1601 -0.09018
vn -0.9908 -0.1103 0.0777
vn -0.8378 -0.3591 -0.4113
vn -0.8435 -0.4025 -0.3556
vn -0.8333 -0.3629 -0.417
vn -0.9668 -0.2342 0.102
vn -0.6779 -0.7329 -0.05731
vn -0.7937 -0.5469 0.2662
vn -0.9145 -0.1292 0.3832
vn -0.4863 -0.6372 0.5979
vn -0.6497 -0.2574 0.7152
vn -0.3658 -0.9304 -0.02057
vn -0.1879 -0.9322 0.3093
vn 0.02741 -0.9603 -0.2777
vn 0.8765 -0.3691 -0.3089
vn 0.9285 -0.2272 -0.2936
vn 0.4854 -0.4643 -0.7408
vn 0.7341 -0.2518 -0.6307
vn 0.7251 -0.5984 -0.3408
vn 0.1695 -0.6612 -0.7308
vn 0.261 -0.8899 0.374
vn 0.05591 -0.9337 0.3536
vn 0.0506 -0.972 0.2296
vn 0.4043 -0.8772 0.2587
vn -0.2757 -0.961 -0.02142
vn 0.3178 -0.9481 0.005707
vn -0.4503 -0.8848 0.1198
vn -0.7369 -0.6716 -0.07669
vn -0.298 -0.9189 0.2584
vn -0.5279 -0.8202 -0.2203
vn 0.1942 -0.9649 -0.1768
vn -0.2066 -0.9581 -0.1983
vn -0.8228 -0.5607 -0.09204
vn 0.5277 -0.8244 -0.2045
vn 0.6748 -0.7352 -0.06418
vn 0.05628 -0.8478 0.5272
vn -0.02188 -0.9051 0.4245
vn 0.01254 -0.9236 0.3831
vn 0.1381 -0.8911 0.4322
vn -0.2452 -0.9301 0.2734
vn -0.2289 -0.9349 0.2713
vn 0.3401 -0.8316 -0.4389
vn 0.4906 -0.8585 -0.1494
vn 0.527 -0.8082 -0.2629
vn 0.3847 -0.7932 -0.4719
vn 0.5164 -0.81 -0.2777
vn 0.3141 -0.8076 -0.4992
vn 0.6552 -0.7536 0.05267
vn 0.6772 -0.7355 0.02075
vn 0.5868 -0.7869 0.1908
vn -0.3445 -0.3544 0.8693
vn -0.2868 -0.6841 0.6706
vn -0.5408 -0.5737 0.6151
vn -0.4584 -0.3266 0.8265
vn -0.4803 -0.6354 0.6046
vn -0.3803 -0.4555 0.8049
vn -0.5723 -0.7611 0.3052
vn -0.5814 -0.7445 0.3282
vn -0.1751 -0.9258 0.3348
vn -0.7432 -0.6512 -0.1533
vn -0.1509 -0.9536 -0.2606
vn -0.9515 -0.3043 -0.04465
vn -0.6855 -0.6361 -0.354
vn -0.9474 -0.3084 -0.08487
vn -0.9809 -0.1553 0.1169
vn 0.4893 -0.6051 0.628
vn 0.5835 -0.6672 0.463
vn 0.2989 -0.7591 0.5783
vn 0.2284 -0.7519 0.6184
vn -0.2946 -0.7322 0.614
vn -0.2565 -0.7329 0.6301
vn 0.3016 -0.8494 0.433
vn 0.5005 -0.7562 -0.4215
vn 0.2039 -0.9747 -0.09085
vn 0.2046 -0.9246 -0.3213
vn 0.5413 -0.7052 -0.4579
vn 0.4937 -0.7896 -0.3643
vn 0.6623 -0.6465 -0.3786
vn -0.7467 -0.6279 -0.2193
vn -0.5511 -0.8343 0.01181
vn -0.549 -0.8357 0.01267
vn -0.6595 -0.6983 -0.2782
vn -0.6424 -0.766 0.02567
vn -0.6267 -0.7281 -0.2776
vn -0.3548 -0.8804 0.3146
vn -0.6265 -0.2607 0.7345
vn -0.8285 -0.2921 0.4777
vn -0.886 -0.1617 0.4345
vn -0.775 -0.1149 0.6214
vn -0.9809 -0.1173 0.1552
vn -0.9809 -0.1013 0.1659
vn -0.9438 -0.1997 0.2633
vn 0.8407 -0.5404 0.03473
vn 0.791 -0.6117 0.006378
vn 0.7793 -0.5965 0.1922
vn 0.8165 -0.4779 0.3239
vn 0.739 -0.5965 0.3132
vn 0.7177 -0.442 0.538
vn 0.6847 -0.7286 -0.01737
vn 0.08985 -0.8909 -0.4452
vn -0.05026 -0.9975 -0.04929
vn 0.3037 -0.9526 -0.0137
vn 0.434 -0.7992 -0.4158
vn 0.09 -0.9201 0.3811
vn -0.9243 -0.3192 -0.209
vn -0.8916 -0.4294 -0.144
vn -0.7823 -0.6228 -0.0137
vn -0.8956 -0.4323 -0.1051
vn -0.693 -0.7163 0.08109
vn -0.8667 -0.4961 -0.0524
vn -0.9718 -0.2093 -0.1089
vn -0.9667 -0.1863 -0.1751
vn 0.03931 -0.9247 0.3787
vn 0.31 -0.6695 0.675
vn 0.08032 -0.8348 0.5446
vn -0.1509 -0.9772 0.1493
vn -0.2881 -0.8095 0.5116
vn -0.4131 -0.907 0.08185
vn 0.5812 -0.5591 -0.5913
vn 0.5726 -0.6049 -0.5533
vn 0.6416 -0.5959 -0.4829
vn 0.6652 -0.5711 -0.4809
vn 0.7065 -0.5921 -0.3876
vn 0.7027 -0.5838 -0.4066
vn -0.8195 -0.3915 -0.4184
vn -0.795 -0.5058 -0.3347
vn -0.6545 -0.5938 -0.468
vn -0.6225 -0.4861 -0.6133
vn -0.5254 -0.6689 -0.5257
vn -0.3896 -0.5694 -0.7238
vn -0.5809 -0.6131 0.5354
vn -0.4461 -0.3248 0.8339
vn -0.7021 -0.1363 0.6989
vn -0.7572 -0.3399 0.5578
vn -0.9838 -0.09088 0.1544
vn 0.7861 -0.58 -0.2138
vn 0.8546 -0.5185 -0.02811
vn 0.8331 -0.463 0.3025
vn 0.7644 -0.6405 0.07364
vn 0.6567 -0.4356 0.6156
vn 0.53 -0.7438 0.4073
vn 0.2342 -0.5999 -0.765
vn 0.1767 -0.7255 -0.6651
vn 0.4483 -0.647 -0.6168
vn 0.4381 -0.5713 -0.694
vn -0.9213 -0.276 -0.274
vn -0.9195 -0.3558 -0.1671
vn -0.9351 -0.2841 -0.2117
vn -0.9097 -0.3996 -0.1126
vn -0.9369 -0.316 -0.1496
vn 0.9807 -0.1618 -0.1091
vn 0.94 -0.1724 -0.2944
vn 0.8124 -0.174 -0.5564
vn -0.9539 0.2704 0.1303
vn -0.8501 0.3032 0.4305
vn -0.7014 0.3344 0.6294
vn 0.08432 -0.2541 -0.9635
vn -0.2533 -0.3565 -0.8993
vn -0.3016 -0.4262 -0.8529
vn -0.3252 0.2989 0.8972
vn -0.1152 0.2636 0.9577
vn 0.08975 0.2273 0.9697
vn -0.4236 0.03476 -0.9051
vn -0.5886 0.3297 -0.7381
vn -0.6873 0.3999 -0.6063
vn 0.7194 0.004273 0.6945
vn 0.95 -0.1767 0.2572
vn 0.9767 -0.2103 0.04227
vn -0.8984 0.3476 -0.2683
vn -0.8509 0.3416 -0.3992
vn 0.9845 -0.1749 -0.01218
vn 0.9825 -0.1781 -0.05319
vn -0.6924 -0.2722 -0.6682
vn -0.6802 -0.2978 -0.6698
vn -0.8741 -0.1371 -0.4659
vn -0.8789 -0.1083 -0.4646
vn -0.9882 0.1527 -0.009522
vn -0.9849 0.1722 -0.01837
vn 0.9145 -0.3424 -0.2153
vn 0.9268 -0.3096 -0.2125
vn 0.7382 -0.4404 -0.511
vn 0.6906 -0.4802 -0.5407
vn 0.391 -0.5155 -0.7624
vn 0.3322 -0.535 -0.7768
vn -0.03003 -0.5134 -0.8576
vn -0.03238 -0.5025 -0.8639
vn -0.1453 -0.4888 -0.8602
vn -0.1346 -0.5009 -0.8549
vn -0.2608 -0.4686 -0.844
vn -0.2559 -0.4772 -0.8407
vn -0.5178 -0.3804 -0.7662
vn -0.5083 -0.3911 -0.7672
vn -0.6 -0.3467 -0.7209
vn -0.6116 -0.3277 -0.7201
vn 0.9777 -0.1946 -0.07929
vn 0.9723 -0.2171 -0.08621
vn -0.3452 -0.04712 0.9373
vn -0.3413 -0.06662 0.9376
vn -0.2438 -0.1942 0.9502
vn 0.1763 -0.707 -0.6848
vn 0.2243 -0.7196 -0.6572
vn 0.1014 -0.7372 -0.6679
vn 0.1981 -0.6643 0.7207
vn 0.3696 -0.766 0.5259
vn 0.5276 -0.7615 0.3764
vn -0.8921 -0.4153 -0.1777
vn -0.9893 -0.1456 -0.003479
vn -0.9845 0.04117 0.1705
vn 0.6682 -0.7054 0.2366
vn 0.7056 -0.7085 0.0094
vn -0.9517 -0.1752 -0.2521
vn -0.9095 0.09986 0.4035
vn -0.705 0.03815 0.7082
vn -0.6958 -0.3472 -0.6287
vn -0.5662 -0.3924 -0.7248
vn -0.2965 -0.5244 -0.7982
vn -0.4902 -0.7001 -0.5192
vn -0.695 -0.4232 -0.5812
vn -0.1308 -0.9036 -0.4079
vn 0.7859 -0.5672 -0.2462
vn 0.7387 -0.5819 -0.3401
vn 0.7792 -0.5946 -0.198
vn 0.7237 -0.6644 -0.1865
vn 0.3949 -0.889 -0.2316
vn -0.8168 -0.04746 -0.575
vn 0.7076 0.006989 0.7065
vn 0.7158 -0.05441 0.6962
vn 0.4842 0.1778 0.8567
vn 0.4475 0.2191 0.867
vn 0.159 0.4162 0.8952
vn 0.1136 0.4209 0.9
vn 0.5163 0.2548 0.8176
vn 0.201 0.4828 0.8523
vn 0.7456 0.009644 0.6662
vn -0.5592 -0.3179 -0.7656
vn -0.6665 -0.2359 -0.7072
vn -0.7635 -0.1376 -0.631
vn 0.74 0.1761 0.6491
vn 0.93 -0.09967 0.3538
vn 0.9545 -0.268 0.1307
vn -0.8943 0.04462 -0.4452
vn -0.9518 0.2875 -0.1063
vn 0.9384 -0.3455 0.0101
vn 0.8812 -0.4379 -0.1779
vn 0.6949 -0.5444 -0.4698
vn 0.3682 -0.5874 -0.7207
vn -0.8746 0.4462 0.1894
vn -0.753 0.5315 0.3878
vn -0.09467 -0.5225 -0.8473
vn -0.1555 -0.5057 -0.8486
vn -0.2706 -0.4654 -0.8427
vn -0.3769 0.6074 0.6992
vn -0.1001 0.5815 0.8073
vn 0.1997 0.5 0.8427
vn 0.221 -0.5223 -0.8236
vn 0.1739 -0.526 -0.8325
vn -0.00238 -0.4944 -0.8692
vn 0.03488 -0.4902 -0.8708
vn -0.227 -0.4166 -0.8803
vn -0.2229 -0.4008 -0.8886
vn -0.349 0.6181 0.7043
vn -0.3614 0.5897 0.7222
vn -0.08481 0.5341 0.8411
vn -0.06641 0.5635 0.8234
vn 0.186 0.4408 0.8781
vn 0.1998 0.4747 0.8571
vn -0.6756 -0.08536 -0.7322
vn -0.6427 -0.1395 -0.7533
vn -0.7554 -0.005768 -0.6552
vn -0.7753 0.0455 -0.63
vn -0.8234 0.1097 -0.5567
vn -0.8297 0.1491 -0.5379
vn 0.665 0.2125 0.716
vn 0.6699 0.1443 0.7282
vn 0.8841 -0.1012 0.4562
vn 0.888 -0.03293 0.4586
vn 0.9387 -0.2517 0.2356
vn 0.9506 -0.2004 0.2369
vn -0.881 0.2428 -0.4061
vn -0.8769 0.2714 -0.3966
vn -0.9019 0.4125 -0.1278
vn -0.8903 0.437 -0.1278
vn 0.9366 -0.3427 0.07279
vn 0.9501 -0.3046 0.06717
vn 0.8711 -0.4496 -0.1975
vn 0.8797 -0.4259 -0.2116
vn 0.7041 -0.5181 -0.4856
vn 0.7068 -0.5047 -0.4956
vn 0.522 -0.5365 -0.663
vn 0.5361 -0.5274 -0.6591
vn -0.8246 0.5365 0.1796
vn -0.8103 0.5604 0.1712
vn -0.6998 0.589 0.4042
vn -0.6883 0.6124 0.3888
vn 0.7191 0.1343 0.6818
vn 0.7285 0.04361 0.6836
vn 0.8743 -0.08829 0.4773
vn 0.8699 -0.0047 0.4932
vn 0.9361 -0.1749 0.3052
vn 0.9377 -0.1007 0.3327
vn 0.8343 -0.3531 0.4235
vn 0.8847 -0.3965 0.2452
vn 0.6796 -0.2902 0.6737
vn -0.8986 0.06552 -0.4337
vn -0.9228 -0.0538 -0.3815
vn -0.9894 0.115 -0.08795
vn -0.9713 0.2185 -0.09445
vn -0.9592 0.2705 0.08237
vn -0.9185 0.3803 0.1081
vn -0.9915 -0.1292 -0.01349
vn -0.9959 -0.007019 0.09003
vn -0.9205 -0.2972 -0.2536
vn 0.9378 -0.322 0.1293
vn 0.959 -0.2302 0.1648
vn 0.8516 -0.5241 0.004975
vn 0.9105 -0.4133 0.01205
vn 0.8402 -0.535 0.08881
vn 0.7115 -0.7024 0.0188
vn 0.7266 -0.6819 -0.0842
vn 0.8183 -0.5599 -0.1299
vn 0.6115 -0.7478 -0.2585
vn 0.7211 -0.6108 -0.3271
vn 0.5696 -0.8219 -0.007477
vn 0.4361 -0.8877 -0.1477
vn -0.8869 0.4046 0.2228
vn -0.8181 0.513 0.2598
vn -0.8046 0.4917 0.3328
vn -0.7262 0.5822 0.3655
vn -0.9739 0.1499 0.1701
vn -0.9079 0.3182 0.2729
vn 0.4 -0.4628 -0.7911
vn 0.2872 -0.6149 -0.7344
vn 0.04398 -0.445 -0.8944
vn 0.1345 -0.2977 -0.9451
vn -0.1892 -0.2799 -0.9412
vn -0.1005 -0.1476 -0.9839
vn -0.1684 -0.6975 -0.6964
vn -0.3873 -0.5541 -0.7368
vn 0.06189 -0.8219 -0.5662
vn -0.4923 0.6273 0.6034
vn -0.543 0.5978 0.5897
vn -0.2387 0.5812 0.778
vn -0.2289 0.5889 0.7751
vn 0.1172 0.4653 0.8773
vn 0.09983 0.4821 0.8704
vn -0.3548 0.4147 0.8379
vn 0.04044 0.237 0.9706
vn -0.6642 0.4638 0.5863
vn -0.3797 -0.07642 -0.9219
vn -0.4756 -0.2051 -0.8554
vn -0.6859 -0.1894 -0.7026
vn -0.6221 -0.0517 -0.7812
vn -0.7164 -0.4581 -0.5262
vn -0.5804 -0.4839 -0.6549
vn -0.8929 0.2884 -0.3456
vn -0.8348 0.4901 -0.2509
vn -0.7556 0.6463 -0.1061
vn 0.8142 -0.2706 0.5136
vn 0.9066 -0.3455 0.2421
vn 0.8926 -0.4371 -0.1104
vn 0.7512 -0.5686 -0.3352
vn 0.7891 -0.4988 -0.3584
vn 0.5393 -0.7233 -0.4313
vn 0.5962 -0.6333 -0.4934
vn -0.6573 0.7448 0.1147
vn -0.547 0.7822 0.2982
vn -0.04108 -0.8614 -0.5063
vn -0.2242 -0.8704 -0.4382
vn -0.4539 -0.788 -0.4159
vn -0.2351 0.8329 0.501
vn 0.01215 0.8133 0.5817
vn 0.3253 0.6559 0.6811
vn -0.7681 -0.3419 -0.5414
vn -0.8721 -0.02118 -0.4888
vn 0.5159 -0.2399 0.8223
vn 0.684 0.07572 0.7255
vn 0.7387 -0.1314 0.6611
vn 0.6745 -0.2621 0.6902
vn -0.6501 -0.5901 -0.4787
vn -0.6773 -0.6406 -0.3618
vn -0.356 -0.1981 -0.9132
vn -0.2578 -0.07831 -0.963
vn -0.5267 -0.4731 -0.7062
vn -0.4627 -0.2868 -0.8388
vn -0.4909 -0.2476 -0.8353
vn -0.4358 -0.3146 -0.8432
vn -0.4231 -0.3971 -0.8144
vn -0.4164 -0.3695 -0.8307
vn -0.431 -0.4192 -0.799
vn 0.07413 -0.773 0.6301
vn 0.4604 -0.6249 0.6305
vn 0.8795 -0.3852 -0.2795
vn 0.8881 -0.41 -0.2076
vn 0.8597 -0.3586 -0.3636
vn -0.3854 -0.4362 -0.8131
vn -0.3901 -0.4357 -0.8112
vn -0.3944 -0.4404 -0.8065
vn -0.3975 -0.4324 -0.8093
vn -0.3634 -0.3883 -0.8469
vn -0.4353 -0.438 -0.7866
vn -0.4361 -0.4535 -0.7773
vn -0.4192 -0.3403 -0.8417
vn -0.5268 -0.403 -0.7484
vn -0.4307 -0.111 -0.8956
vn -0.4617 -0.1217 -0.8786
vn -0.5771 -0.3582 -0.7339
vn -0.4465 -0.02707 -0.8943
vn -0.491 -0.09336 -0.8661
vn -0.7889 0.0766 -0.6096
vn -0.8021 0.01325 -0.597
vn -0.7712 0.1418 -0.6206
vn -0.2556 -0.5251 -0.8117
vn -0.4335 -0.4596 -0.7751
vn -0.5671 -0.3928 -0.724
vn -0.4237 -0.4522 -0.7848
vn -0.5565 -0.3867 -0.7353
vn -0.2543 -0.5116 -0.8206
vn -0.6509 -0.3411 -0.6782
vn -0.7266 -0.2879 -0.6238
vn -0.6443 -0.3317 -0.689
vn -0.7241 -0.2736 -0.6331
vn -0.008667 -0.5813 -0.8136
vn -0.09635 -0.5653 -0.8192
vn -0.1008 -0.546 -0.8317
vn -0.006745 -0.5582 -0.8297
vn 0.9087 -0.3579 -0.2147
vn 0.6297 -0.5397 -0.5587
vn 0.2502 -0.6008 -0.7592
vn 0.6352 -0.5255 -0.5659
vn 0.2615 -0.5771 -0.7737
vn 0.9083 -0.3577 -0.2169
vn -0.8972 -0.1183 -0.4255
vn -0.9839 0.1777 -0.01535
vn -0.8967 -0.1045 -0.43
vn -0.9831 0.1825 -0.01083
vn -0.3721 0.5386 0.7559
vn -0.09482 0.5321 0.8414
vn 0.191 0.4834 0.8543
vn -0.08731 0.5087 0.8565
vn 0.1882 0.46 0.8677
vn -0.3612 0.5202 0.7739
vn 0.8202 0.1685 0.5466
vn 0.9769 -0.09186 0.1929
vn 0.9792 -0.1998 0.03546
vn 0.979 -0.1019 0.1766
vn 0.9788 -0.2033 0.02338
vn 0.8235 0.1517 0.5466
vn 0.9702 -0.241 -0.02585
vn 0.9693 -0.244 -0.02957
vn -0.8744 0.3727 0.3106
vn -0.7473 0.4553 0.484
vn -0.8731 0.3678 0.32
vn -0.7439 0.4463 0.4973
vn -0.9679 -0.1807 -0.1745
vn -0.9614 -0.1613 -0.2229
vn -0.8314 -0.3961 -0.3897
vn -0.8204 -0.4227 -0.385
vn -0.6641 -0.743 -0.08313
vn -0.5852 -0.7502 -0.3077
vn -0.5799 -0.7727 0.2583
vn -0.4727 -0.7681 -0.4319
vn -0.502 -0.6893 -0.5224
vn -0.4657 -0.6765 -0.5704
vn -0.5515 -0.7123 -0.434
vn -0.253 -0.9461 -0.202
vn -0.1037 -0.9933 -0.05008
vn 0.2232 -0.8244 0.5201
vn 0.2165 -0.9709 -0.1025
vn -0.3654 -0.8231 -0.4346
vn -0.1805 -0.8665 -0.4654
vn -0.4164 -0.7645 -0.4921
vn 0.6062 -0.6647 -0.4366
vn 0.6469 -0.6269 -0.4341
vn 0.6798 -0.5983 -0.424
vn 0.1017 -0.8034 -0.5867
vn 0.1809 -0.7963 -0.5772
vn 0.04077 -0.8019 -0.596
vn 0.4996 -0.8031 -0.3247
vn -0.008515 -0.8249 -0.5652
vn 0.6657 -0.5698 -0.4817
vn 0.5778 -0.5405 -0.6115
vn 0.209 -0.7637 -0.6107
vn 0.1242 -0.7141 -0.6889
vn 0.278 -0.4956 -0.8228
vn 0.05365 -0.4714 -0.8803
vn -0.06876 -0.6127 -0.7873
vn -0.2635 -0.4157 -0.8705
vn -0.1805 -0.5962 -0.7823
vn -0.3291 -0.5169 -0.7902
vn -0.09153 -0.6393 -0.7635
vn -0.8387 -0.204 -0.5049
vn -0.9507 -0.1702 -0.2593
vn -0.9165 -0.334 -0.2202
vn -0.7955 -0.4083 -0.4477
vn -0.7062 -0.4062 -0.5798
vn -0.2546 -0.4917 -0.8327
vn -0.4064 -0.4407 -0.8003
vn -0.5372 -0.3784 -0.7537
vn -0.6289 -0.3218 -0.7078
vn -0.7099 -0.2613 -0.654
vn -0.01709 -0.5311 -0.8471
vn -0.1169 -0.5201 -0.846
vn 0.9082 -0.3587 -0.2157
vn 0.6562 -0.5066 -0.5592
vn 0.2915 -0.5527 -0.7807
vn -0.8879 -0.09235 -0.4505
vn -0.9821 0.1871 -0.01807
vn -0.3529 0.4945 0.7943
vn -0.08246 0.4792 0.8738
vn 0.1834 0.4316 0.8832
vn -0.07779 0.4589 0.885
vn 0.1803 0.416 0.8913
vn -0.3453 0.473 0.8106
vn 0.8232 0.132 0.5521
vn 0.9796 -0.1175 0.1629
vn 0.9763 -0.2163 0.008362
vn 0.9826 -0.1208 0.141
vn 0.9757 -0.2182 -0.01648
vn 0.8258 0.1281 0.5492
vn 0.9658 -0.2565 -0.03818
vn 0.9654 -0.2546 -0.05683
vn -0.8726 0.3622 0.3275
vn -0.742 0.4328 0.512
vn -0.8726 0.3491 0.3414
vn -0.7388 0.4162 0.53
vn -0.2146 -0.3585 -0.9085
vn -0.5069 -0.186 -0.8417
vn -0.6904 -0.01825 -0.7232
vn -0.8728 0.468 -0.1385
vn -0.7857 0.6009 0.1468
vn -0.6605 0.6652 0.3482
vn 0.8983 -0.3674 -0.2409
vn 0.7163 -0.4687 -0.5169
vn 0.5484 -0.4988 -0.6712
vn 0.9767 -0.07593 0.2009
vn 0.9762 -0.2142 0.03265
vn -0.823 0.1888 -0.5358
vn -0.8657 0.3009 -0.4001
vn 0.6834 0.3459 0.6429
vn 0.9045 0.1166 0.4102
vn -0.7774 0.101 -0.6208
vn -0.3261 0.694 0.6418
vn -0.04361 0.6488 0.7597
vn 0.2316 0.564 0.7927
vn 0.2565 -0.4941 -0.8307
vn 0.06796 -0.4596 -0.8855
vn 0.8079 -0.5127 -0.2906
vn 0.6355 -0.6089 -0.4747
vn -0.3364 0.4583 0.8227
vn -0.07227 0.4464 0.8919
vn 0.1788 0.4082 0.8952
vn 0.8293 0.1306 0.5433
vn 0.986 -0.1172 0.1185
vn 0.9766 -0.2107 -0.04209
vn 0.9681 -0.2385 -0.07666
vn -0.8702 0.3373 0.359
vn -0.7323 0.4036 0.5485
vn -0.5604 0.4415 0.7007
vn -0.5691 0.456 0.6842
vn -0.5495 0.4344 0.7136
vn -0.5173 0.6932 0.5018
vn -0.4693 0.785 0.4043
vn -0.5446 0.6283 0.5556
vn -0.5749 0.4759 0.6655
vn -0.5802 0.4959 0.646
vn 0.4377 -0.5153 -0.7368
vn -0.003845 -0.6732 -0.7394
vn -0.5875 0.5089 0.6291
vn -0.5951 0.5138 0.6179
vn -0.4131 0.809 0.4181
vn -0.555 0.6384 0.5332
vn -0.3319 0.8949 0.2982
vn -0.7105 0.5535 0.4344
vn -0.6381 0.616 0.4619
vn -0.8158 0.4244 0.3928
vn -0.5531 0.603 0.5748
vn -0.5556 0.6038 0.5715
vn -0.585 0.5873 0.5593
vn -0.5752 0.6039 0.5517
vn -0.5931 0.557 0.5814
vn -0.4376 -0.03488 0.8985
vn -0.4654 0.2739 0.8416
vn -0.3402 -0.3622 0.8678
vn -0.5207 0.3287 0.7879
vn -0.5369 0.3577 0.764
vn -0.4888 0.3786 0.7859
vn -0.2375 -0.7458 -0.6224
vn -0.4231 -0.8368 -0.3475
vn -0.5437 -0.8392 -0.00647
vn -0.1519 -0.7027 0.6951
vn -0.4642 0.4209 0.7793
vn -0.5418 0.4109 0.7332
vn -0.5633 0.6084 0.559
vn -0.5977 0.5267 0.6043
vn -0.3308 0.9169 0.2233
vn -0.3719 0.9016 0.2207
vn -0.785 0.2261 0.5768
vn -0.8209 -0.4749 0.3173
vn -0.7512 -0.658 0.05148
vn -0.8678 -0.4921 0.06876
vn -0.1695 0.5885 0.7905
vn -0.2056 0.5748 0.792
vn -0.1194 0.6287 0.7684
vn -0.4173 0.861 0.2907
vn -0.01859 0.5952 0.8033
vn -0.04364 0.6841 0.7281
vn 0.009217 0.5127 0.8585
vn -0.08231 0.01102 0.9965
vn -0.04337 0.1879 0.9812
vn -0.06519 0.002167 0.9979
vn 0.4496 0.3346 0.8282
vn 0.4542 0.3363 0.8249
vn 0.4397 0.3211 0.8388
vn 0.434 0.486 0.7585
vn 0.4836 0.6019 0.6355
vn 0.4004 0.3839 0.832
vn 0.4613 0.345 0.8174
vn 0.4706 0.3688 0.8015
vn -0.586 -0.3107 -0.7484
vn -0.5425 -0.4425 -0.714
vn 0.4762 0.3888 0.7887
vn 0.4734 0.3906 0.7895
vn -0.2075 -0.8071 0.5527
vn -0.4818 -0.8724 -0.08179
vn 0.3546 -0.1152 0.9279
vn 0.5754 0.3519 0.7382
vn 0.6264 0.5823 0.5181
vn 0.4507 0.2641 0.8527
vn 0.4354 0.3235 0.8401
vn 0.3951 -0.06052 0.9166
vn 0.3985 0.3348 0.8538
vn 0.4195 0.3378 0.8425
vn 0.4552 0.384 0.8033
vn 0.4517 0.3748 0.8096
vn 0.4574 0.3861 0.8011
vn 0.8324 -0.2083 0.5134
vn 0.8388 -0.1486 0.5237
vn 0.8622 -0.1692 0.4774
vn -0.02084 -0.4435 0.896
vn 0.1838 -0.02231 0.9827
vn -0.1287 -0.7002 0.7023
vn 0.326 0.1694 0.93
vn 0.3648 0.2049 0.9082
vn 0.321 0.2195 0.9213
vn -0.881 -0.4373 -0.1802
vn -0.8264 -0.5522 -0.1099
vn -0.6232 -0.7794 0.06384
vn -0.2024 -0.8193 0.5363
vn 0.309 0.2348 0.9216
vn 0.4118 0.2769 0.8682
vn 0.4643 0.3862 0.797
vn 0.4406 0.3586 0.8229
vn 0.6055 0.6975 0.3831
vn 0.5651 0.7223 0.3987
vn -0.4459 -0.8769 -0.1791
vn -0.3071 -0.9514 0.0246
vn 0.5284 0.6871 0.4987
vn 0.8725 0.1084 0.4763
vn 0.8923 0.0596 0.4474
vn 0.8338 0.1573 0.5292
vn 0.7602 -0.1042 0.6412
vn 0.7815 -0.01749 0.6236
vn 0.6944 -0.005127 0.7196
vn 0.405 -0.5033 -0.7633
vn 0.4218 -0.4555 -0.7839
vn 0.3805 -0.5312 -0.7569
vn 0.09006 -0.5412 -0.8361
vn 0.07968 -0.567 -0.8198
vn 0.1008 -0.5259 -0.8445
vn 0.06861 -0.5922 -0.8029
vn 0.05628 -0.6057 -0.7937
vn 0.2229 -0.8273 -0.5156
vn 0.2922 -0.6712 -0.6812
vn 0.1967 -0.9307 -0.3085
vn 0.4744 -0.7218 -0.5039
vn 0.5951 -0.5713 -0.5651
vn 0.2662 -0.8887 -0.3732
vn 0.3455 -0.5377 -0.7691
vn 0.2873 -0.5283 -0.7989
vn 0.05533 -0.5561 -0.8292
vn 0.1112 -0.5304 -0.8404
vn 0.03821 -0.5841 -0.8108
vn 0.124 -0.5158 -0.8477
vn 0.1866 -0.4918 -0.8504
vn 0.3244 -0.4159 -0.8495
vn 0.4909 -0.2801 -0.8249
vn 0.04349 -0.6032 -0.7964
vn 0.2004 -0.52 -0.8303
vn 0.266 -0.8743 -0.406
vn 0.3765 -0.6371 -0.6725
vn 0.3359 -0.5983 -0.7274
vn 0.3974 -0.498 -0.7707
vn 0.4569 -0.4779 -0.7502
vn 0.4058 -0.6983 -0.5897
vn 0.1214 -0.3055 -0.9444
vn 0.111 -0.2999 -0.9475
vn 0.1306 -0.3427 -0.9303
vn 0.4203 -0.4532 -0.7861
vn 0.2033 -0.2262 -0.9526
vn 0.1672 -0.3218 -0.9319
vn 0.2679 -0.07944 -0.9601
vn 0.5564 0.4237 -0.7147
vn 0.4706 0.2575 -0.8439
vn 0.611 0.6456 -0.4581
vn -0.8426 -0.5359 0.05185
vn -0.7371 -0.5914 -0.3269
vn -0.21 -0.7637 -0.6105
vn -0.6584 -0.4494 -0.6037
vn -0.3854 -0.4483 -0.8065
vn -0.869 -0.3818 -0.3146
vn -0.4974 -0.5718 0.6524
vn -0.6001 -0.4743 0.6441
vn -0.745 -0.474 0.4693
vn 0.005402 -0.3502 -0.9366
vn 0.3586 -0.2177 -0.9077
vn -0.9639 -0.2655 0.02155
vn -0.3486 -0.8552 -0.3834
vn -0.4369 -0.7082 -0.5546
vn -0.001984 -0.6543 -0.7562
vn -0.05887 -0.4432 -0.8944
vn 0.09629 -0.8894 -0.4468
vn 0.4541 -0.5033 0.7352
vn 0.6123 -0.4836 0.6254
vn 0.6907 -0.6147 0.3808
vn 0.2338 -0.9713 0.04474
vn -0.1071 -0.3071 -0.9456
vn -0.1842 -0.2623 -0.9472
vn -0.2835 -0.3146 -0.9059
vn 0.5273 -0.1873 -0.8288
vn 0.3804 -0.856 -0.35
vn 0.4291 -0.8896 -0.156
vn 0.2371 -0.8986 -0.3692
vn -0.005341 -0.8574 -0.5145
vn -0.274 -0.5099 0.8154
vn 0.06232 -0.7412 0.6684
vn 0.3642 -0.8374 0.4075
vn -0.9811 0.0571 0.1848
vn -0.959 0.01788 0.2827
vn -0.8791 -0.1375 0.4563
vn -0.463 -0.6386 -0.6146
vn -0.5971 -0.5564 -0.5778
vn -0.6236 -0.5685 -0.5366
vn 0.5976 -0.7629 0.2465
vn 0.712 -0.6859 0.1502
vn -0.9194 -0.3493 -0.1809
vn -0.9741 -0.2246 0.02414
vn -0.9818 -0.1737 0.07675
vn 0.6962 -0.7164 0.04477
vn 0.6095 -0.7927 0.006653
vn 0.5303 -0.8477 -0.01227
vn -0.9926 -0.05921 0.1056
vn -0.2415 -0.7667 -0.5948
vn -0.6294 -0.3033 0.7155
vn -0.7345 -0.5259 -0.4288
vn 0.7757 -0.5137 -0.3666
vn 0.6401 -0.4898 -0.5918
vn 0.4161 -0.4176 -0.8077
vn 0.08637 0.4508 0.8884
vn 0.426 0.2904 0.8568
vn 0.7118 0.1048 0.6945
vn -0.6693 0.6316 0.3912
vn -0.5847 0.6558 0.4776
vn -0.4603 0.6416 0.6135
vn -0.1438 -0.2 -0.9691
vn -0.2847 -0.1388 -0.9485
vn -0.3691 -0.1074 -0.9231
vn -0.5896 -0.04111 -0.8066
vn -0.8844 0.0936 -0.4573
vn -0.2285 0.5745 0.7859
vn 0.1104 -0.3054 -0.9458
vn -0.9013 0.4053 0.1525
vn -0.7769 0.553 0.3009
vn 0.9239 -0.3819 0.02429
vn 0.8655 -0.4754 -0.1577
vn 0.9234 -0.1525 0.3522
vn 0.9456 -0.2621 0.1928
vn -0.9672 0.2418 -0.07736
vn 0.8595 -0.04462 0.5092
vn -0.1197 -0.3396 -0.9329
vn 0.1437 -0.3618 -0.9211
vn 0.3524 -0.3595 -0.864
vn 0.9536 -0.196 0.2282
vn 0.8939 -0.04007 0.4465
vn 0.7537 0.187 0.63
vn 0.2172 0.6097 0.7622
vn -0.06815 0.6908 0.7198
vn -0.3281 0.6701 0.6658
vn -0.9217 0.08689 -0.378
vn -0.7941 -0.03214 -0.607
vn -0.6381 -0.1575 -0.7536
vn -0.6648 0.4429 0.6014
vn -0.7794 0.3488 0.5204
vn -0.9055 0.2762 0.322
vn 0.9214 -0.3142 -0.2286
vn 0.9601 -0.2796 -0.001465
vn -0.9811 0.1913 -0.02731
vn -0.4116 -0.2687 -0.8708
vn 0.5098 0.4311 0.7445
vn 0.7272 -0.3326 -0.6005
vn 0.843 -0.3243 -0.4292
vn 0.5536 -0.3481 -0.7565
vn -0.5247 0.5669 0.635
vn 0.1024 0.139 -0.985
vn 0.3656 0.09098 -0.9263
vn 0.5387 0.05469 -0.8407
vn 0.9407 -0.03784 0.3371
vn 0.7922 0.1304 0.5961
vn 0.5854 0.3024 0.7522
vn 0.2174 0.4366 0.873
vn 0.006409 0.4013 0.9159
vn -0.286 0.2787 0.9168
vn -0.8759 0.2181 -0.4304
vn -0.7512 0.2251 -0.6204
vn -0.5682 0.2233 -0.792
vn 0.6796 0.007813 -0.7335
vn 0.7988 -0.05249 -0.5993
vn -0.9773 0.1075 0.1825
vn -0.9709 0.1864 -0.1505
vn -0.2586 0.195 -0.9461
vn -0.5664 0.1199 0.8154
vn -0.7707 0.02536 0.6367
vn -0.8982 0.03119 0.4385
vn 0.8923 -0.111 -0.4376
vn 0.9628 -0.1493 -0.2253
vn 0.99 -0.1344 0.04175
vn 0.3861 0.4073 0.8277
vn -0.2798 0.96 0.00177
vn -0.02036 0.9977 -0.06388
vn 0.3284 0.9412 -0.07926
vn 0.09247 0.8703 0.4837
vn 0.2674 0.8372 0.4771
vn -0.02493 0.8532 0.521
vn 0.57 0.8212 -0.02829
vn 0.6727 0.7392 0.0314
vn 0.3747 0.7714 0.5142
vn 0.4159 0.7282 0.5448
vn 0.8201 0.3432 0.4578
vn 0.7615 0.2368 0.6033
vn 0.6912 0.1787 0.7002
vn 0.4699 0.4657 0.7499
vn 0.4418 0.4309 0.7869
vn 0.4956 0.5241 0.6926
vn 0.1053 0.05557 0.9929
vn -0.02878 0.05518 0.998
vn -0.1987 0.0661 0.9778
vn 0.07208 0.3351 0.9394
vn -0.01785 0.3527 0.9355
vn 0.1451 0.3307 0.9325
vn -0.7138 0.4299 0.5529
vn -0.7006 0.6069 0.3753
vn -0.6093 0.7635 0.2138
vn -0.2585 0.6796 0.6865
vn -0.2051 0.7623 0.6139
vn -0.2744 0.5835 0.7644
vn 0.7349 0.6717 0.09268
vn 0.7891 0.5888 0.175
vn 0.4458 0.693 0.5665
vn 0.4723 0.6522 0.5929
vn 0.4646 0.09549 0.8803
vn 0.264 0.0658 0.9622
vn 0.2312 0.3343 0.9136
vn 0.342 0.3647 0.866
vn -0.3754 0.09876 0.9216
vn -0.5326 0.1647 0.8302
vn -0.1119 0.3803 0.9181
vn -0.192 0.4282 0.883
vn -0.4576 0.885 0.08591
vn -0.1188 0.8226 0.556
vn 0.6082 0.1371 0.7818
vn 0.4084 0.402 0.8195
vn 0.8268 0.4777 0.2968
vn 0.4934 0.5964 0.633
vn -0.65 0.2713 0.7098
vn -0.2452 0.4958 0.8331
f 1/1/1 2/2/2 3/3/3
f 1/1/1 3/3/3 4/4/4
f 4/4/4 3/3/3 5/5/5
f 4/4/4 5/5/5 6/6/6
f 3/3/3 7/7/7 8/8/8
f 3/3/3 8/8/8 5/5/5
f 2/2/2 9/9/9 7/7/7
f 2/2/2 7/7/7 3/3/3
f 10/10/10 11/11/11 12/12/12
f 10/10/10 12/12/12 13/13/13
f 13/13/13 12/12/12 14/14/14
f 13/13/13 14/14/14 15/15/15
f 12/12/12 16/16/16 17/17/17
f 12/12/12 17/17/17 14/14/14
f 11/11/11 18/18/18 16/16/16
f 11/11/11 16/16/16 12/12/12
f 19/19/19 20/20/20 21/21/21
f 19/19/19 21/21/21 22/22/22
f 22/22/22 21/21/21 11/11/11
f 22/22/22 11/11/11 10/10/10
f 21/21/21 23/23/23 18/18/18
f 21/21/21 18/18/18 11/11/11
f 20/20/20 24/24/24 23/23/23
f 20/20/20 23/23/23 21/21/21
f 25/25/25 26/26/26 27/27/27
f 25/25/25 27/27/27 28/28/28
f 28/28/28 27/27/27 29/29/29
f 28/28/28 29/29/29 30/30/30
f 27/27/27 31/31/31 32/32/32
f 27/27/27 32/32/32 29/29/29
f 26/26/26 33/33/33 31/31/31
f 26/26/26 31/31/31 27/27/27
f 34/34/34 35/35/35 36/36/36
f 34/34/34 36/36/36 37/37/37
f 37/37/37 36/36/36 26/26/26
f 37/37/37 26/26/26 25/25/25
f 36/36/36 38/38/38 33/33/33
f 36/36/36 33/33/33 26/26/26
f 35/35/35 39/39/39 38/38/38
f 35/35/35 38/38/38 36/36/36
f 40/40/40 41/41/41 42/42/42
f 40/40/40 42/42/42 43/43/43
f 43/43/43 42/42/42 44/44/44
f 43/43/43 44/44/44 45/45/45
f 42/42/42 46/46/46 47/47/47
f 42/42/42 47/47/47 44/44/44
f 41/41/41 48/48/48 46/46/46
f 41/41/41 46/46/46 42/42/42
f 49/49/49 50/50/50 51/51/51
f 49/49/49 51/51/51 52/52/52
f 52/52/52 51/51/51 53/53/53
f 52/52/52 53/53/53 54/54/54
f 51/51/51 55/55/55 56/56/56
f 51/51/51 56/56/56 53/53/53
f 50/50/50 57/57/57 55/55/55
f 50/50/50 55/55/55 51/51/51
f 30/30/30 29/29/29 58/58/58
f 30/30/30 58/58/58 59/59/59
f 59/59/59 58/58/58 60/60/60
f 59/59/59 60/60/60 61/61/61
f 58/58/58 62/62/62 63/63/63
f 58/58/58 63/63/63 60/60/60
f 29/29/29 32/32/32 62/62/62
f 29/29/29 62/62/62 58/58/58
f 64/64/64 65/65/65 66/66/66
f 64/64/64 66/66/66 67/67/67
f 67/67/67 66/66/66 20/20/20
f 67/67/67 20/20/20 19/19/19
f 66/66/66 68/68/68 24/24/24
f 66/66/66 24/24/24 20/20/20
f 65/65/65 69/69/69 68/68/68
f 65/65/65 68/68/68 66/66/66
f 61/61/61 60/60/60 70/70/70
f 61/61/61 70/70/70 71/71/71
f 71/71/71 70/70/70 50/50/50
f 71/71/71 50/50/50 49/49/49
f 70/70/70 72/72/72 57/57/57
f 70/70/70 57/57/57 50/50/50
f 60/60/60 63/63/63 72/72/72
f 60/60/60 72/72/72 70/70/70
f 73/73/73 74/74/74 75/75/75
f 73/73/73 75/75/75 76/76/76
f 76/76/76 75/75/75 77/77/77
f 76/76/76 77/77/77 78/78/78
f 75/75/75 79/79/79 80/80/80
f 75/75/75 80/80/80 77/77/77
f 74/74/74 81/81/81 79/79/79
f 74/74/74 79/79/79 75/75/75
f 82/82/82 83/83/83 84/84/84
f 82/82/82 84/84/84 85/85/85
f 85/85/85 84/84/84 86/86/86
f 85/85/85 86/86/86 87/87/87
f 84/84/84 88/88/88 89/89/89
f 84/84/84 89/89/89 86/86/86
f 83/83/83 90/90/90 88/88/88
f 83/83/83 88/88/88 84/84/84
f 87/87/87 86/86/86 91/91/91
f 87/87/87 91/91/91 92/92/92
f 92/92/92 91/91/91 93/93/93
f 92/92/92 93/93/93 94/94/94
f 91/91/91 95/95/95 96/96/96
f 91/91/91 96/96/96 93/93/93
f 86/86/86 89/89/89 95/95/95
f 86/86/86 95/95/95 91/91/91
f 97/97/97 98/98/98 99/99/99
f 97/97/97 99/99/99 100/100/100
f 100/100/100 99/99/99 101/101/101
f 100/100/100 101/101/101 102/102/102
f 99/99/99 103/103/103 104/104/104
f 99/99/99 104/104/104 101/101/101
f 98/98/98 105/105/105 103/103/103
f 98/98/98 103/103/103 99/99/99
f 106/106/106 107/107/107 108/108/108
f 106/106/106 108/108/108 109/109/109
f 109/109/109 108/108/108 110/110/110
f 109/109/109 110/110/110 111/111/111
f 108/108/108 112/112/112 113/113/113
f 108/108/108 113/113/113 110/110/110
f 107/107/107 114/114/114 112/112/112
f 107/107/107 112/112/112 108/108/108
f 115/115/115 116/116/116 117/117/117
f 115/115/115 117/117/117 118/118/118
f 118/118/118 117/117/117 119/119/119
f 118/118/118 119/119/119 120/120/120
f 117/117/117 121/121/121 122/122/122
f 117/117/117 122/122/122 119/119/119
f 116/116/116 123/123/123 121/121/121
f 116/116/116 121/121/121 117/117/117
f 94/94/94 93/93/93 124/124/124
f 94/94/94 124/124/124 125/125/125
f 125/125/125 124/124/124 126/126/126
f 125/125/125 126/126/126 127/127/127
f 124/124/124 128/128/128 129/129/129
f 124/124/124 129/129/129 126/126/126
f 93/93/93 96/96/96 128/128/128
f 93/93/93 128/128/128 124/124/124
f 45/45/45 44/44/44 130/130/130
f 45/45/45 130/130/130 131/131/131
f 131/131/131 130/130/130 116/116/116
f 131/131/131 116/116/116 115/115/115
f 130/130/130 132/132/132 123/123/123
f 130/130/130 123/123/123 116/116/116
f 44/44/44 47/47/47 132/132/132
f 44/44/44 132/132/132 130/130/130
f 133/133/133 134/134/134 135/135/135
f 133/133/133 135/135/135 136/136/136
f 136/136/136 135/135/135 137/137/137
f 136/136/136 137/137/137 138/138/138
f 135/135/135 139/139/139 140/140/140
f 135/135/135 140/140/140 137/137/137
f 134/134/134 141/141/141 139/139/139
f 134/134/134 139/139/139 135/135/135
f 142/142/142 143/143/143 144/144/144
f 142/142/142 144/144/144 145/145/145
f 145/145/145 144/144/144 146/146/146
f 145/145/145 146/146/146 147/147/147
f 144/144/144 148/148/148 149/149/149
f 144/144/144 149/149/149 146/146/146
f 143/143/143 150/150/150 148/148/148
f 143/143/143 148/148/148 144/144/144
f 151/151/151 152/152/152 153/153/153
f 151/151/151 153/153/153 154/154/154
f 154/154/154 153/153/153 143/143/143
f 154/154/154 143/143/143 142/142/142
f 153/153/153 155/155/155 150/150/150
f 153/153/153 150/150/150 143/143/143
f 152/152/152 156/156/156 155/155/155
f 152/152/152 155/155/155 153/153/153
f 157/157/157 158/158/158 159/159/159
f 157/157/157 159/159/159 160/160/160
f 160/160/160 159/159/159 134/134/134
f 160/160/160 134/134/134 133/133/133
f 159/159/159 161/161/161 141/141/141
f 159/159/159 141/141/141 134/134/134
f 158/158/158 162/162/162 161/161/161
f 158/158/158 161/161/161 159/159/159
f 163/163/163 164/164/164 165/165/165
f 163/163/163 165/165/165 166/166/166
f 166/166/166 165/165/165 152/152/152
f 166/166/166 152/152/152 151/151/151
f 165/165/165 167/167/167 156/156/156
f 165/165/165 156/156/156 152/152/152
f 164/164/164 168/168/168 167/167/167
f 164/164/164 167/167/167 165/165/165
f 169/169/169 170/170/170 171/171/171
f 169/169/169 171/171/171 172/172/172
f 172/172/172 171/171/171 158/158/158
f 172/172/172 158/158/158 157/157/157
f 171/171/171 173/173/173 162/162/162
f 171/171/171 162/162/162 158/158/158
f 170/170/170 174/174/174 173/173/173
f 170/170/170 173/173/173 171/171/171
f 175/175/175 176/176/176 177/177/177
f 175/175/175 177/177/177 178/178/178
f 178/178/178 177/177/177 179/179/179
f 178/178/178 179/179/179 180/180/180
f 177/177/177 181/181/181 182/182/182
f 177/177/177 182/182/182 179/179/179
f 176/176/176 183/183/183 181/181/181
f 176/176/176 181/181/181 177/177/177
f 184/184/184 185/185/185 186/186/186
f 184/184/184 186/186/186 187/187/187
f 187/187/187 186/186/186 74/74/74
f 187/187/187 74/74/74 73/73/73
f 186/186/186 188/188/188 81/81/81
f 186/186/186 81/81/81 74/74/74
f 185/185/185 189/189/189 188/188/188
f 185/185/185 188/188/188 186/186/186
f 190/190/190 191/191/191 192/192/192
f 190/190/190 192/192/192 193/193/193
f 193/193/193 192/192/192 194/194/194
f 193/193/193 194/194/194 195/195/195
f 192/192/192 196/196/196 197/197/197
f 192/192/192 197/197/197 194/194/194
f 191/191/191 198/198/198 196/196/196
f 191/191/191 196/196/196 192/192/192
f 199/199/199 200/200/200 201/201/201
f 199/199/199 201/201/201 202/202/202
f 202/202/202 201/201/201 203/203/203
f 202/202/202 203/203/203 204/204/204
f 201/201/201 205/205/205 206/206/206
f 201/201/201 206/206/206 203/203/203
f 200/200/200 207/207/207 205/205/205
f 200/200/200 205/205/205 201/201/201
f 208/208/208 209/209/209 210/210/210
f 208/208/208 210/210/210 211/211/211
f 211/211/211 210/210/210 212/212/212
f 211/211/211 212/212/212 213/213/213
f 210/210/210 214/214/214 215/215/215
f 210/210/210 215/215/215 212/212/212
f 209/209/209 216/216/216 214/214/214
f 209/209/209 214/214/214 210/210/210
f 217/217/217 218/218/218 219/219/219
f 217/217/217 219/219/219 220/220/220
f 220/220/220 219/219/219 185/185/185
f 220/220/220 185/185/185 184/184/184
f 219/219/219 221/221/221 189/189/189
f 219/219/219 189/189/189 185/185/185
f 218/218/218 222/222/222 221/221/221
f 218/218/218 221/221/221 219/219/219
f 213/213/213 212/212/212 223/223/223
f 213/213/213 223/223/223 224/224/224
f 224/224/224 223/223/223 218/218/218
f 224/224/224 218/218/218 217/217/217
f 223/223/223 225/225/225 222/222/222
f 223/223/223 222/222/222 218/218/218
f 212/212/212 215/215/215 225/225/225
f 212/212/212 225/225/225 223/223/223
f 226/226/226 227/227/227 228/228/228
f 226/226/226 228/228/228 229/229/229
f 229/229/229 228/228/228 230/230/230
f 229/229/229 230/230/230 231/231/231
f 228/228/228 232/232/232 233/233/233
f 228/228/228 233/233/233 230/230/230
f 227/227/227 234/234/234 232/232/232
f 227/227/227 232/232/232 228/228/228
f 235/235/235 236/236/236 237/237/237
f 235/235/235 237/237/237 238/238/238
f 238/238/238 237/237/237 239/239/239
f 238/238/238 239/239/239 240/240/240
f 237/237/237 241/241/241 242/242/242
f 237/237/237 242/242/242 239/239/239
f 236/236/236 243/243/243 241/241/241
f 236/236/236 241/241/241 237/237/237
f 243/243/243 244/244/244 245/245/245
f 243/243/243 245/245/245 241/241/241
f 241/241/241 245/245/245 246/246/246
f 241/241/241 246/246/246 242/242/242
f 245/245/245 247/247/247 248/248/248
f 245/245/245 248/248/248 246/246/246
f 244/244/244 249/249/249 247/247/247
f 244/244/244 247/247/247 245/245/245
f 250/250/250 251/251/251 252/252/252
f 250/250/250 252/252/252 253/253/253
f 253/253/253 252/252/252 254/254/254
f 253/253/253 254/254/254 255/255/255
f 252/252/252 256/256/256 257/257/257
f 252/252/252 257/257/257 254/254/254
f 251/251/251 258/258/258 256/256/256
f 251/251/251 256/256/256 252/252/252
f 259/259/259 260/260/260 261/261/261
f 259/259/259 261/261/261 262/262/262
f 262/262/262 261/261/261 263/263/263
f 262/262/262 263/263/263 264/264/264
f 261/261/261 265/265/265 266/266/266
f 261/261/261 266/266/266 263/263/263
f 260/260/260 267/267/267 265/265/265
f 260/260/260 265/265/265 261/261/261
f 268/268/268 269/269/269 270/270/270
f 268/268/268 270/270/270 271/271/271
f 271/271/271 270/270/270 272/272/272
f 271/271/271 272/272/272 273/273/273
f 270/270/270 274/274/274 275/275/275
f 270/270/270 275/275/275 272/272/272
f 269/269/269 276/276/276 274/274/274
f 269/269/269 274/274/274 270/270/270
f 277/277/277 278/278/278 279/279/279
f 277/277/277 279/279/279 280/280/280
f 280/280/280 279/279/279 281/281/281
f 280/280/280 281/281/281 282/282/282
f 279/279/279 283/283/283 284/284/284
f 279/279/279 284/284/284 281/281/281
f 278/278/278 285/285/285 283/283/283
f 278/278/278 283/283/283 279/279/279
f 286/286/286 287/287/287 288/288/288
f 286/286/286 288/288/288 289/289/289
f 289/289/289 288/288/288 278/278/278
f 289/289/289 278/278/278 277/277/277
f 288/288/288 290/290/290 285/285/285
f 288/288/288 285/285/285 278/278/278
f 287/287/287 291/291/291 290/290/290
f 287/287/287 290/290/290 288/288/288
f 240/240/240 239/239/239 292/292/292
f 240/240/240 292/292/292 293/293/293
f 293/293/293 292/292/292 269/269/269
f 293/293/293 269/269/269 268/268/268
f 292/292/292 294/294/294 276/276/276
f 292/292/292 276/276/276 269/269/269
f 239/239/239 242/242/242 294/294/294
f 239/239/239 294/294/294 292/292/292
f 295/295/295 296/296/296 297/297/297
f 295/295/295 297/297/297 298/298/298
f 298/298/298 297/297/297 287/287/287
f 298/298/298 287/287/287 286/286/286
f 297/297/297 299/299/299 291/291/291
f 297/297/297 291/291/291 287/287/287
f 296/296/296 300/300/300 299/299/299
f 296/296/296 299/299/299 297/297/297
f 301/301/301 302/302/302 303/303/303
f 301/301/301 303/303/303 304/304/304
f 304/304/304 303/303/303 305/305/305
f 304/304/304 305/305/305 306/306/306
f 303/303/303 166/166/166 151/151/151
f 303/303/303 151/151/151 305/305/305
f 302/302/302 163/163/163 166/166/166
f 302/302/302 166/166/166 303/303/303
f 291/291/291 307/307/307 308/308/308
f 291/291/291 308/308/308 290/290/290
f 290/290/290 308/308/308 309/309/309
f 290/290/290 309/309/309 285/285/285
f 308/308/308 310/310/310 311/311/311
f 308/308/308 311/311/311 309/309/309
f 307/307/307 312/312/312 310/310/310
f 307/307/307 310/310/310 308/308/308
f 242/242/242 246/246/246 313/313/313
f 242/242/242 313/313/313 294/294/294
f 294/294/294 313/313/313 314/314/314
f 294/294/294 314/314/314 276/276/276
f 313/313/313 315/315/315 316/316/316
f 313/313/313 316/316/316 314/314/314
f 246/246/246 248/248/248 315/315/315
f 246/246/246 315/315/315 313/313/313
f 243/243/243 317/317/317 318/318/318
f 243/243/243 318/318/318 244/244/244
f 244/244/244 318/318/318 319/319/319
f 244/244/244 319/319/319 249/249/249
f 318/318/318 320/320/320 321/321/321
f 318/318/318 321/321/321 319/319/319
f 317/317/317 266/266/266 320/320/320
f 317/317/317 320/320/320 318/318/318
f 258/258/258 322/322/322 323/323/323
f 258/258/258 323/323/323 256/256/256
f 256/256/256 323/323/323 324/324/324
f 256/256/256 324/324/324 257/257/257
f 323/323/323 325/325/325 326/326/326
f 323/323/323 326/326/326 324/324/324
f 322/322/322 327/327/327 325/325/325
f 322/322/322 325/325/325 323/323/323
f 267/267/267 328/328/328 329/329/329
f 267/267/267 329/329/329 265/265/265
f 265/265/265 329/329/329 320/320/320
f 265/265/265 320/320/320 266/266/266
f 329/329/329 330/330/330 321/321/321
f 329/329/329 321/321/321 320/320/320
f 328/328/328 331/331/331 330/330/330
f 328/328/328 330/330/330 329/329/329
f 276/276/276 314/314/314 332/332/332
f 276/276/276 332/332/332 274/274/274
f 274/274/274 332/332/332 333/333/333
f 274/274/274 333/333/333 275/275/275
f 332/332/332 334/334/334 335/335/335
f 332/332/332 335/335/335 333/333/333
f 314/314/314 316/316/316 334/334/334
f 314/314/314 334/334/334 332/332/332
f 336/336/336 337/337/337 338/338/338
f 336/336/336 338/338/338 339/339/339
f 339/339/339 338/338/338 340/340/340
f 339/339/339 340/340/340 341/341/341
f 338/338/338 342/342/342 343/343/343
f 338/338/338 343/343/343 340/340/340
f 337/337/337 344/344/344 342/342/342
f 337/337/337 342/342/342 338/338/338
f 345/345/345 346/346/346 347/347/347
f 345/345/345 347/347/347 348/348/348
f 348/348/348 347/347/347 349/349/349
f 348/348/348 349/349/349 350/350/350
f 347/347/347 172/172/172 157/157/157
f 347/347/347 157/157/157 349/349/349
f 346/346/346 169/169/169 172/172/172
f 346/346/346 172/172/172 347/347/347
f 351/351/351 352/352/352 353/353/353
f 351/351/351 353/353/353 354/354/354
f 354/354/354 353/353/353 355/355/355
f 354/354/354 355/355/355 356/356/356
f 353/353/353 178/178/178 180/180/180
f 353/353/353 180/180/180 355/355/355
f 352/352/352 175/175/175 178/178/178
f 352/352/352 178/178/178 353/353/353
f 357/357/357 358/358/358 359/359/359
f 357/357/357 359/359/359 360/360/360
f 360/360/360 359/359/359 361/361/361
f 360/360/360 361/361/361 362/362/362
f 359/359/359 193/193/193 195/195/195
f 359/359/359 195/195/195 361/361/361
f 358/358/358 190/190/190 193/193/193
f 358/358/358 193/193/193 359/359/359
f 363/363/363 364/364/364 365/365/365
f 363/363/363 365/365/365 366/366/366
f 366/366/366 365/365/365 367/367/367
f 366/366/366 367/367/367 368/368/368
f 365/365/365 136/136/136 138/138/138
f 365/365/365 138/138/138 367/367/367
f 364/364/364 133/133/133 136/136/136
f 364/364/364 136/136/136 365/365/365
f 369/369/369 370/370/370 371/371/371
f 369/369/369 371/371/371 372/372/372
f 372/372/372 371/371/371 373/373/373
f 372/372/372 373/373/373 374/374/374
f 371/371/371 145/145/145 147/147/147
f 371/371/371 147/147/147 373/373/373
f 370/370/370 142/142/142 145/145/145
f 370/370/370 145/145/145 371/371/371
f 306/306/306 305/305/305 375/375/375
f 306/306/306 375/375/375 376/376/376
f 376/376/376 375/375/375 370/370/370
f 376/376/376 370/370/370 369/369/369
f 375/375/375 154/154/154 142/142/142
f 375/375/375 142/142/142 370/370/370
f 305/305/305 151/151/151 154/154/154
f 305/305/305 154/154/154 375/375/375
f 350/350/350 349/349/349 377/377/377
f 350/350/350 377/377/377 378/378/378
f 378/378/378 377/377/377 364/364/364
f 378/378/378 364/364/364 363/363/363
f 377/377/377 160/160/160 133/133/133
f 377/377/377 133/133/133 364/364/364
f 349/349/349 157/157/157 160/160/160
f 349/349/349 160/160/160 377/377/377
f 379/379/379 380/380/380 381/381/381
f 379/379/379 381/381/381 382/382/382
f 382/382/382 381/381/381 383/383/383
f 382/382/382 383/383/383 384/384/384
f 381/381/381 385/385/385 386/386/386
f 381/381/381 386/386/386 383/383/383
f 380/380/380 387/387/387 385/385/385
f 380/380/380 385/385/385 381/381/381
f 388/388/388 389/389/389 390/390/390
f 388/388/388 390/390/390 391/391/391
f 391/391/391 390/390/390 392/392/392
f 391/391/391 392/392/392 393/393/393
f 390/390/390 394/394/394 395/395/395
f 390/390/390 395/395/395 392/392/392
f 389/389/389 396/396/396 394/394/394
f 389/389/389 394/394/394 390/390/390
f 397/397/397 398/398/398 399/399/399
f 397/397/397 399/399/399 400/400/400
f 400/400/400 399/399/399 389/389/389
f 400/400/400 389/389/389 388/388/388
f 399/399/399 401/401/401 396/396/396
f 399/399/399 396/396/396 389/389/389
f 398/398/398 402/402/402 401/401/401
f 398/398/398 401/401/401 399/399/399
f 403/403/403 404/404/404 405/405/405
f 403/403/403 405/405/405 406/406/406
f 406/406/406 405/405/405 337/337/337
f 406/406/406 337/337/337 336/336/336
f 405/405/405 407/407/407 344/344/344
f 405/405/405 344/344/344 337/337/337
f 404/404/404 408/408/408 407/407/407
f 404/404/404 407/407/407 405/405/405
f 409/409/409 410/410/410 411/411/411
f 409/409/409 411/411/411 412/412/412
f 412/412/412 411/411/411 398/398/398
f 412/412/412 398/398/398 397/397/397
f 411/411/411 413/413/413 402/402/402
f 411/411/411 402/402/402 398/398/398
f 410/410/410 414/414/414 413/413/413
f 410/410/410 413/413/413 411/411/411
f 415/415/415 416/416/416 417/417/417
f 415/415/415 417/417/417 418/418/418
f 418/418/418 417/417/417 404/404/404
f 418/418/418 404/404/404 403/403/403
f 417/417/417 419/419/419 408/408/408
f 417/417/417 408/408/408 404/404/404
f 416/416/416 420/420/420 419/419/419
f 416/416/416 419/419/419 417/417/417
f 421/421/421 422/422/422 423/423/423
f 421/421/421 423/423/423 424/424/424
f 424/424/424 423/423/423 425/425/425
f 424/424/424 425/425/425 426/426/426
f 423/423/423 427/427/427 428/428/428
f 423/423/423 428/428/428 425/425/425
f 422/422/422 429/429/429 427/427/427
f 422/422/422 427/427/427 423/423/423
f 430/430/430 431/431/431 432/432/432
f 430/430/430 432/432/432 433/433/433
f 433/433/433 432/432/432 434/434/434
f 433/433/433 434/434/434 435/435/435
f 432/432/432 436/436/436 437/437/437
f 432/432/432 437/437/437 434/434/434
f 431/431/431 438/438/438 436/436/436
f 431/431/431 436/436/436 432/432/432
f 439/439/439 440/440/440 441/441/441
f 439/439/439 441/441/441 442/442/442
f 442/442/442 441/441/441 443/443/443
f 442/442/442 443/443/443 444/444/444
f 441/441/441 445/445/445 446/446/446
f 441/441/441 446/446/446 443/443/443
f 440/440/440 447/447/447 445/445/445
f 440/440/440 445/445/445 441/441/441
f 448/448/448 449/449/449 450/450/450
f 448/448/448 450/450/450 451/451/451
f 451/451/451 450/450/450 452/452/452
f 451/451/451 452/452/452 453/453/453
f 450/450/450 454/454/454 455/455/455
f 450/450/450 455/455/455 452/452/452
f 449/449/449 456/456/456 454/454/454
f 449/449/449 454/454/454 450/450/450
f 457/457/457 458/458/458 459/459/459
f 457/457/457 459/459/459 460/460/460
f 460/460/460 459/459/459 461/461/461
f 460/460/460 461/461/461 462/462/462
f 459/459/459 463/463/463 464/464/464
f 459/459/459 464/464/464 461/461/461
f 458/458/458 465/465/465 463/463/463
f 458/458/458 463/463/463 459/459/459
f 466/466/466 467/467/467 468/468/468
f 466/466/466 468/468/468 469/469/469
f 469/469/469 468/468/468 458/458/458
f 469/469/469 458/458/458 457/457/457
f 468/468/468 470/470/470 465/465/465
f 468/468/468 465/465/465 458/458/458
f 467/467/467 471/471/471 470/470/470
f 467/467/467 470/470/470 468/468/468
f 472/472/472 473/473/473 474/474/474
f 472/472/472 474/474/474 475/475/475
f 475/475/475 474/474/474 449/449/449
f 475/475/475 449/449/449 448/448/448
f 474/474/474 476/476/476 456/456/456
f 474/474/474 456/456/456 449/449/449
f 473/473/473 477/477/477 476/476/476
f 473/473/473 476/476/476 474/474/474
f 478/478/478 479/479/479 480/480/480
f 478/478/478 480/480/480 481/481/481
f 481/481/481 480/480/480 467/467/467
f 481/481/481 467/467/467 466/466/466
f 480/480/480 482/482/482 471/471/471
f 480/480/480 471/471/471 467/467/467
f 479/479/479 483/483/483 482/482/482
f 479/479/479 482/482/482 480/480/480
f 484/484/484 485/485/485 486/486/486
f 484/484/484 486/486/486 487/487/487
f 487/487/487 486/486/486 473/473/473
f 487/487/487 473/473/473 472/472/472
f 486/486/486 488/488/488 477/477/477
f 486/486/486 477/477/477 473/473/473
f 485/485/485 489/489/489 488/488/488
f 485/485/485 488/488/488 486/486/486
f 490/490/490 491/491/491 492/492/492
f 490/490/490 492/492/492 493/493/493
f 493/493/493 492/492/492 494/494/494
f 493/493/493 494/494/494 495/495/495
f 492/492/492 496/496/496 497/497/497
f 492/492/492 497/497/497 494/494/494
f 491/491/491 498/498/498 496/496/496
f 491/491/491 496/496/496 492/492/492
f 499/499/499 500/500/500 501/501/501
f 499/499/499 501/501/501 502/502/502
f 502/502/502 501/501/501 503/503/503
f 502/502/502 503/503/503 504/504/504
f 501/501/501 505/505/505 506/506/506
f 501/501/501 506/506/506 503/503/503
f 500/500/500 507/507/507 505/505/505
f 500/500/500 505/505/505 501/501/501
f 508/508/508 509/509/509 510/510/510
f 508/508/508 510/510/510 511/511/511
f 511/511/511 510/510/510 512/512/512
f 511/511/511 512/512/512 513/513/513
f 510/510/510 514/514/514 515/515/515
f 510/510/510 515/515/515 512/512/512
f 509/509/509 516/516/516 514/514/514
f 509/509/509 514/514/514 510/510/510
f 517/517/517 518/518/518 519/519/519
f 517/517/517 519/519/519 520/520/520
f 520/520/520 519/519/519 521/521/521
f 520/520/520 521/521/521 522/522/522
f 519/519/519 523/523/523 524/524/524
f 519/519/519 524/524/524 521/521/521
f 518/518/518 525/525/525 523/523/523
f 518/518/518 523/523/523 519/519/519
f 526/526/526 527/527/527 528/528/528
f 526/526/526 528/528/528 529/529/529
f 529/529/529 528/528/528 530/530/530
f 529/529/529 530/530/530 531/531/531
f 528/528/528 532/532/532 533/533/533
f 528/528/528 533/533/533 530/530/530
f 527/527/527 534/534/534 532/532/532
f 527/527/527 532/532/532 528/528/528
f 535/535/535 536/536/536 537/537/537
f 535/535/535 537/537/537 538/538/538
f 538/538/538 537/537/537 539/539/539
f 538/538/538 539/539/539 540/540/540
f 537/537/537 541/541/541 542/542/542
f 537/537/537 542/542/542 539/539/539
f 536/536/536 543/543/543 541/541/541
f 536/536/536 541/541/541 537/537/537
f 544/544/544 545/545/545 546/546/546
f 544/544/544 546/546/546 547/547/547
f 547/547/547 546/546/546 548/548/548
f 547/547/547 548/548/548 549/549/549
f 546/546/546 550/550/550 551/551/551
f 546/546/546 551/551/551 548/548/548
f 545/545/545 552/552/552 550/550/550
f 545/545/545 550/550/550 546/546/546
f 504/504/504 503/503/503 553/553/553
f 504/504/504 553/553/553 554/554/554
f 554/554/554 553/553/553 545/545/545
f 554/554/554 545/545/545 544/544/544
f 553/553/553 555/555/555 552/552/552
f 553/553/553 552/552/552 545/545/545
f 503/503/503 506/506/506 555/555/555
f 503/503/503 555/555/555 553/553/553
f 556/556/556 557/557/557 558/558/558
f 556/556/556 558/558/558 559/559/559
f 559/559/559 558/558/558 560/560/560
f 559/559/559 560/560/560 561/561/561
f 558/558/558 562/562/562 563/563/563
f 558/558/558 563/563/563 560/560/560
f 557/557/557 564/564/564 562/562/562
f 557/557/557 562/562/562 558/558/558
f 565/565/565 566/566/566 567/567/567
f 565/565/565 567/567/567 568/568/568
f 568/568/568 567/567/567 569/569/569
f 568/568/568 569/569/569 570/570/570
f 567/567/567 571/571/571 572/572/572
f 567/567/567 572/572/572 569/569/569
f 566/566/566 573/573/573 571/571/571
f 566/566/566 571/571/571 567/567/567
f 574/574/574 575/575/575 576/576/576
f 574/574/574 576/576/576 577/577/577
f 577/577/577 576/576/576 491/491/491
f 577/577/577 491/491/491 490/490/490
f 576/576/576 578/578/578 498/498/498
f 576/576/576 498/498/498 491/491/491
f 575/575/575 579/579/579 578/578/578
f 575/575/575 578/578/578 576/576/576
f 580/580/580 581/581/581 582/582/582
f 580/580/580 582/582/582 583/583/583
f 583/583/583 582/582/582 584/584/584
f 583/583/583 584/584/584 585/585/585
f 582/582/582 586/586/586 587/587/587
f 582/582/582 587/587/587 584/584/584
f 581/581/581 588/588/588 586/586/586
f 581/581/581 586/586/586 582/582/582
f 589/589/589 590/590/590 591/591/591
f 589/589/589 591/591/591 592/592/592
f 592/592/592 591/591/591 593/593/593
f 592/592/592 593/593/593 594/594/594
f 591/591/591 595/595/595 596/596/596
f 591/591/591 596/596/596 593/593/593
f 590/590/590 597/597/597 595/595/595
f 590/590/590 595/595/595 591/591/591
f 598/598/598 599/599/599 600/600/600
f 598/598/598 600/600/600 601/601/601
f 601/601/601 600/600/600 602/602/602
f 601/601/601 602/602/602 603/603/603
f 600/600/600 604/604/604 605/605/605
f 600/600/600 605/605/605 602/602/602
f 599/599/599 606/606/606 604/604/604
f 599/599/599 604/604/604 600/600/600
f 570/570/570 569/569/569 607/607/607
f 570/570/570 607/607/607 608/608/608
f 608/608/608 607/607/607 609/609/609
f 608/608/608 609/609/609 610/610/610
f 607/607/607 611/611/611 612/612/612
f 607/607/607 612/612/612 609/609/609
f 569/569/569 572/572/572 611/611/611
f 569/569/569 611/611/611 607/607/607
f 613/613/613 614/614/614 615/615/615
f 613/613/613 615/615/615 616/616/616
f 616/616/616 615/615/615 617/617/617
f 616/616/616 617/617/617 618/618/618
f 615/615/615 619/619/619 620/620/620
f 615/615/615 620/620/620 617/617/617
f 614/614/614 621/621/621 619/619/619
f 614/614/614 619/619/619 615/615/615
f 622/622/622 623/623/623 624/624/624
f 622/622/622 624/624/624 625/625/625
f 625/625/625 624/624/624 626/626/626
f 625/625/625 626/626/626 627/627/627
f 624/624/624 628/628/628 629/629/629
f 624/624/624 629/629/629 626/626/626
f 623/623/623 630/630/630 628/628/628
f 623/623/623 628/628/628 624/624/624
f 495/495/495 494/494/494 631/631/631
f 495/495/495 631/631/631 632/632/632
f 632/632/632 631/631/631 633/633/633
f 632/632/632 633/633/633 634/634/634
f 631/631/631 635/635/635 636/636/636
f 631/631/631 636/636/636 633/633/633
f 494/494/494 497/497/497 635/635/635
f 494/494/494 635/635/635 631/631/631
f 637/637/637 638/638/638 639/639/639
f 637/637/637 639/639/639 640/640/640
f 640/640/640 639/639/639 641/641/641
f 640/640/640 641/641/641 642/642/642
f 639/639/639 643/643/643 644/644/644
f 639/639/639 644/644/644 641/641/641
f 638/638/638 645/645/645 643/643/643
f 638/638/638 643/643/643 639/639/639
f 646/646/646 647/647/647 648/648/648
f 646/646/646 648/648/648 649/649/649
f 649/649/649 648/648/648 623/623/623
f 649/649/649 623/623/623 622/622/622
f 648/648/648 650/650/650 630/630/630
f 648/648/648 630/630/630 623/623/623
f 647/647/647 651/651/651 650/650/650
f 647/647/647 650/650/650 648/648/648
f 652/652/652 653/653/653 654/654/654
f 652/652/652 654/654/654 655/655/655
f 655/655/655 654/654/654 638/638/638
f 655/655/655 638/638/638 637/637/637
f 654/654/654 656/656/656 645/645/645
f 654/654/654 645/645/645 638/638/638
f 653/653/653 657/657/657 656/656/656
f 653/653/653 656/656/656 654/654/654
f 658/658/658 659/659/659 660/660/660
f 658/658/658 660/660/660 661/661/661
f 661/661/661 660/660/660 662/662/662
f 661/661/661 662/662/662 663/663/663
f 660/660/660 664/664/664 665/665/665
f 660/660/660 665/665/665 662/662/662
f 659/659/659 666/666/666 664/664/664
f 659/659/659 664/664/664 660/660/660
f 667/667/667 668/668/668 669/669/669
f 667/667/667 669/669/669 670/670/670
f 670/670/670 669/669/669 671/671/671
f 670/670/670 671/671/671 672/672/672
f 669/669/669 673/673/673 674/674/674
f 669/669/669 674/674/674 671/671/671
f 668/668/668 675/675/675 673/673/673
f 668/668/668 673/673/673 669/669/669
f 642/642/642 641/641/641 676/676/676
f 642/642/642 676/676/676 677/677/677
f 677/677/677 676/676/676 678/678/678
f 677/677/677 678/678/678 679/679/679
f 676/676/676 680/680/680 681/681/681
f 676/676/676 681/681/681 678/678/678
f 641/641/641 644/644/644 680/680/680
f 641/641/641 680/680/680 676/676/676
f 682/682/682 683/683/683 684/684/684
f 682/682/682 684/684/684 685/685/685
f 685/685/685 684/684/684 686/686/686
f 685/685/685 686/686/686 687/687/687
f 684/684/684 688/688/688 563/563/563
f 684/684/684 563/563/563 686/686/686
f 683/683/683 666/666/666 688/688/688
f 683/683/683 688/688/688 684/684/684
f 689/689/689 690/690/690 691/691/691
f 689/689/689 691/691/691 692/692/692
f 692/692/692 691/691/691 693/693/693
f 692/692/692 693/693/693 694/694/694
f 691/691/691 628/628/628 630/630/630
f 691/691/691 630/630/630 693/693/693
f 690/690/690 629/629/629 628/628/628
f 690/690/690 628/628/628 691/691/691
f 695/695/695 696/696/696 697/697/697
f 695/695/695 697/697/697 698/698/698
f 698/698/698 697/697/697 699/699/699
f 698/698/698 699/699/699 700/700/700
f 697/697/697 701/701/701 674/674/674
f 697/697/697 674/674/674 699/699/699
f 696/696/696 657/657/657 701/701/701
f 696/696/696 701/701/701 697/697/697
f 702/702/702 703/703/703 704/704/704
f 702/702/702 704/704/704 705/705/705
f 705/705/705 704/704/704 706/706/706
f 705/705/705 706/706/706 707/707/707
f 704/704/704 708/708/708 681/681/681
f 704/704/704 681/681/681 706/706/706
f 703/703/703 564/564/564 708/708/708
f 703/703/703 708/708/708 704/704/704
f 709/709/709 710/710/710 711/711/711
f 709/709/709 711/711/711 712/712/712
f 712/712/712 711/711/711 713/713/713
f 712/712/712 713/713/713 714/714/714
f 711/711/711 715/715/715 665/665/665
f 711/711/711 665/665/665 713/713/713
f 710/710/710 651/651/651 715/715/715
f 710/710/710 715/715/715 711/711/711
f 716/716/716 717/717/717 718/718/718
f 716/716/716 718/718/718 719/719/719
f 719/719/719 718/718/718 690/690/690
f 719/719/719 690/690/690 689/689/689
f 718/718/718 720/720/720 629/629/629
f 718/718/718 629/629/629 690/690/690
f 717/717/717 675/675/675 720/720/720
f 717/717/717 720/720/720 718/718/718
f 721/721/721 722/722/722 723/723/723
f 721/721/721 723/723/723 724/724/724
f 724/724/724 723/723/723 725/725/725
f 724/724/724 725/725/725 726/726/726
f 723/723/723 643/643/643 645/645/645
f 723/723/723 645/645/645 725/725/725
f 722/722/722 644/644/644 643/643/643
f 722/722/722 643/643/643 723/723/723
f 707/707/707 706/706/706 727/727/727
f 707/707/707 727/727/727 728/728/728
f 728/728/728 727/727/727 722/722/722
f 728/728/728 722/722/722 721/721/721
f 727/727/727 680/680/680 644/644/644
f 727/727/727 644/644/644 722/722/722
f 706/706/706 681/681/681 680/680/680
f 706/706/706 680/680/680 727/727/727
f 729/729/729 730/730/730 731/731/731
f 729/729/729 731/731/731 732/732/732
f 732/732/732 731/731/731 733/733/733
f 732/732/732 733/733/733 734/734/734
f 731/731/731 685/685/685 687/687/687
f 731/731/731 687/687/687 733/733/733
f 730/730/730 682/682/682 685/685/685
f 730/730/730 685/685/685 731/731/731
f 735/735/735 736/736/736 737/737/737
f 735/735/735 737/737/737 738/738/738
f 738/738/738 737/737/737 739/739/739
f 738/738/738 739/739/739 740/740/740
f 737/737/737 692/692/692 694/694/694
f 737/737/737 694/694/694 739/739/739
f 736/736/736 689/689/689 692/692/692
f 736/736/736 692/692/692 737/737/737
f 741/741/741 742/742/742 743/743/743
f 741/741/741 743/743/743 744/744/744
f 744/744/744 743/743/743 745/745/745
f 744/744/744 745/745/745 746/746/746
f 743/743/743 698/698/698 700/700/700
f 743/743/743 700/700/700 745/745/745
f 742/742/742 695/695/695 698/698/698
f 742/742/742 698/698/698 743/743/743
f 747/747/747 748/748/748 749/749/749
f 747/747/747 749/749/749 750/750/750
f 750/750/750 749/749/749 751/751/751
f 750/750/750 751/751/751 618/618/618
f 749/749/749 705/705/705 707/707/707
f 749/749/749 707/707/707 751/751/751
f 748/748/748 702/702/702 705/705/705
f 748/748/748 705/705/705 749/749/749
f 752/752/752 753/753/753 754/754/754
f 752/752/752 754/754/754 755/755/755
f 755/755/755 754/754/754 756/756/756
f 755/755/755 756/756/756 757/757/757
f 754/754/754 712/712/712 714/714/714
f 754/754/754 714/714/714 756/756/756
f 753/753/753 709/709/709 712/712/712
f 753/753/753 712/712/712 754/754/754
f 758/758/758 759/759/759 760/760/760
f 758/758/758 760/760/760 761/761/761
f 761/761/761 760/760/760 736/736/736
f 761/761/761 736/736/736 735/735/735
f 760/760/760 719/719/719 689/689/689
f 760/760/760 689/689/689 736/736/736
f 759/759/759 716/716/716 719/719/719
f 759/759/759 719/719/719 760/760/760
f 613/613/613 762/762/762 763/763/763
f 613/613/613 763/763/763 764/764/764
f 764/764/764 763/763/763 765/765/765
f 764/764/764 765/765/765 766/766/766
f 763/763/763 724/724/724 726/726/726
f 763/763/763 726/726/726 765/765/765
f 762/762/762 721/721/721 724/724/724
f 762/762/762 724/724/724 763/763/763
f 543/543/543 767/767/767 768/768/768
f 543/543/543 768/768/768 541/541/541
f 541/541/541 768/768/768 769/769/769
f 541/541/541 769/769/769 542/542/542
f 768/768/768 632/632/632 634/634/634
f 768/768/768 634/634/634 769/769/769
f 767/767/767 495/495/495 632/632/632
f 767/767/767 632/632/632 768/768/768
f 552/552/552 770/770/770 771/771/771
f 552/552/552 771/771/771 550/550/550
f 550/550/550 771/771/771 772/772/772
f 550/550/550 772/772/772 551/551/551
f 771/771/771 608/608/608 610/610/610
f 771/771/771 610/610/610 772/772/772
f 770/770/770 570/570/570 608/608/608
f 770/770/770 608/608/608 771/771/771
f 525/525/525 773/773/773 774/774/774
f 525/525/525 774/774/774 523/523/523
f 523/523/523 774/774/774 775/775/775
f 523/523/523 775/775/775 524/524/524
f 774/774/774 601/601/601 603/603/603
f 774/774/774 603/603/603 775/775/775
f 773/773/773 598/598/598 601/601/601
f 773/773/773 601/601/601 774/774/774
f 534/534/534 776/776/776 777/777/777
f 534/534/534 777/777/777 532/532/532
f 532/532/532 777/777/777 778/778/778
f 532/532/532 778/778/778 533/533/533
f 777/777/777 592/592/592 594/594/594
f 777/777/777 594/594/594 778/778/778
f 776/776/776 589/589/589 592/592/592
f 776/776/776 592/592/592 777/777/777
f 507/507/507 779/779/779 780/780/780
f 507/507/507 780/780/780 505/505/505
f 505/505/505 780/780/780 781/781/781
f 505/505/505 781/781/781 506/506/506
f 780/780/780 583/583/583 585/585/585
f 780/780/780 585/585/585 781/781/781
f 779/779/779 580/580/580 583/583/583
f 779/779/779 583/583/583 780/780/780
f 516/516/516 782/782/782 783/783/783
f 516/516/516 783/783/783 514/514/514
f 514/514/514 783/783/783 784/784/784
f 514/514/514 784/784/784 515/515/515
f 783/783/783 577/577/577 490/490/490
f 783/783/783 490/490/490 784/784/784
f 782/782/782 574/574/574 577/577/577
f 782/782/782 577/577/577 783/783/783
f 506/506/506 781/781/781 785/785/785
f 506/506/506 785/785/785 555/555/555
f 552/552/552 555/555/555 785/785/785
f 552/552/552 785/785/785 770/770/770
f 570/570/570 770/770/770 785/785/785
f 570/570/570 785/785/785 568/568/568
f 565/565/565 568/568/568 785/785/785
f 565/565/565 785/785/785 786/786/786
f 585/585/585 786/786/786 785/785/785
f 585/585/585 785/785/785 781/781/781
f 515/515/515 784/784/784 787/787/787
f 515/515/515 787/787/787 788/788/788
f 788/788/788 787/787/787 767/767/767
f 788/788/788 767/767/767 543/543/543
f 787/787/787 493/493/493 495/495/495
f 787/787/787 495/495/495 767/767/767
f 784/784/784 490/490/490 493/493/493
f 784/784/784 493/493/493 787/787/787
f 789/789/789 790/790/790 791/791/791
f 789/789/789 791/791/791 792/792/792
f 792/792/792 791/791/791 793/793/793
f 792/792/792 793/793/793 794/794/794
f 791/791/791 554/554/554 544/544/544
f 791/791/791 544/544/544 793/793/793
f 790/790/790 504/504/504 554/554/554
f 790/790/790 554/554/554 791/791/791
f 795/795/795 796/796/796 797/797/797
f 795/795/795 797/797/797 798/798/798
f 798/798/798 797/797/797 799/799/799
f 798/798/798 799/799/799 800/800/800
f 797/797/797 538/538/538 540/540/540
f 797/797/797 540/540/540 799/799/799
f 796/796/796 535/535/535 538/538/538
f 796/796/796 538/538/538 797/797/797
f 801/801/801 802/802/802 803/803/803
f 801/801/801 803/803/803 804/804/804
f 804/804/804 803/803/803 805/805/805
f 804/804/804 805/805/805 806/806/806
f 803/803/803 520/520/520 522/522/522
f 803/803/803 522/522/522 805/805/805
f 802/802/802 517/517/517 520/520/520
f 802/802/802 520/520/520 803/803/803
f 807/807/807 808/808/808 809/809/809
f 807/807/807 809/809/809 810/810/810
f 810/810/810 809/809/809 790/790/790
f 810/810/810 790/790/790 789/789/789
f 809/809/809 502/502/502 504/504/504
f 809/809/809 504/504/504 790/790/790
f 808/808/808 499/499/499 502/502/502
f 808/808/808 502/502/502 809/809/809
f 513/513/513 512/512/512 811/811/811
f 513/513/513 811/811/811 812/812/812
f 812/812/812 811/811/811 536/536/536
f 812/812/812 536/536/536 535/535/535
f 811/811/811 788/788/788 543/543/543
f 811/811/811 543/543/543 536/536/536
f 512/512/512 515/515/515 788/788/788
f 512/512/512 788/788/788 811/811/811
f 597/597/597 813/813/813 814/814/814
f 597/597/597 814/814/814 595/595/595
f 595/595/595 814/814/814 815/815/815
f 595/595/595 815/815/815 596/596/596
f 814/814/814 670/670/670 672/672/672
f 814/814/814 672/672/672 815/815/815
f 813/813/813 667/667/667 670/670/670
f 813/813/813 670/670/670 814/814/814
f 588/588/588 816/816/816 817/817/817
f 588/588/588 817/817/817 586/586/586
f 586/586/586 817/817/817 818/818/818
f 586/586/586 818/818/818 587/587/587
f 817/817/817 661/661/661 663/663/663
f 817/817/817 663/663/663 818/818/818
f 816/816/816 658/658/658 661/661/661
f 816/816/816 661/661/661 817/817/817
f 579/579/579 819/819/819 820/820/820
f 579/579/579 820/820/820 578/578/578
f 578/578/578 820/820/820 821/821/821
f 578/578/578 821/821/821 498/498/498
f 820/820/820 655/655/655 637/637/637
f 820/820/820 637/637/637 821/821/821
f 819/819/819 652/652/652 655/655/655
f 819/819/819 655/655/655 820/820/820
f 573/573/573 822/822/822 823/823/823
f 573/573/573 823/823/823 571/571/571
f 571/571/571 823/823/823 824/824/824
f 571/571/571 824/824/824 572/572/572
f 823/823/823 649/649/649 622/622/622
f 823/823/823 622/622/622 824/824/824
f 822/822/822 646/646/646 649/649/649
f 822/822/822 649/649/649 823/823/823
f 498/498/498 821/821/821 825/825/825
f 498/498/498 825/825/825 496/496/496
f 496/496/496 825/825/825 826/826/826
f 496/496/496 826/826/826 497/497/497
f 825/825/825 640/640/640 642/642/642
f 825/825/825 642/642/642 826/826/826
f 821/821/821 637/637/637 640/640/640
f 821/821/821 640/640/640 825/825/825
f 618/618/618 751/751/751 827/827/827
f 618/618/618 827/827/827 616/616/616
f 616/616/616 827/827/827 762/762/762
f 616/616/616 762/762/762 613/613/613
f 827/827/827 728/728/728 721/721/721
f 827/827/827 721/721/721 762/762/762
f 751/751/751 707/707/707 728/728/728
f 751/751/751 728/728/728 827/827/827
f 572/572/572 824/824/824 828/828/828
f 572/572/572 828/828/828 611/611/611
f 611/611/611 828/828/828 829/829/829
f 611/611/611 829/829/829 612/612/612
f 828/828/828 625/625/625 627/627/627
f 828/828/828 627/627/627 829/829/829
f 824/824/824 622/622/622 625/625/625
f 824/824/824 625/625/625 828/828/828
f 606/606/606 830/830/830 831/831/831
f 606/606/606 831/831/831 604/604/604
f 604/604/604 831/831/831 832/832/832
f 604/604/604 832/832/832 605/605/605
f 831/831/831 559/559/559 561/561/561
f 831/831/831 561/561/561 832/832/832
f 830/830/830 556/556/556 559/559/559
f 830/830/830 559/559/559 831/831/831
f 587/587/587 818/818/818 833/833/833
f 587/587/587 833/833/833 834/834/834
f 834/834/834 833/833/833 822/822/822
f 834/834/834 822/822/822 573/573/573
f 833/833/833 835/835/835 646/646/646
f 833/833/833 646/646/646 822/822/822
f 818/818/818 663/663/663 835/835/835
f 818/818/818 835/835/835 833/833/833
f 740/740/740 739/739/739 836/836/836
f 740/740/740 836/836/836 837/837/837
f 837/837/837 836/836/836 753/753/753
f 837/837/837 753/753/753 752/752/752
f 836/836/836 838/838/838 709/709/709
f 836/836/836 709/709/709 753/753/753
f 739/739/739 694/694/694 838/838/838
f 739/739/739 838/838/838 836/836/836
f 694/694/694 693/693/693 839/839/839
f 694/694/694 839/839/839 838/838/838
f 838/838/838 839/839/839 710/710/710
f 838/838/838 710/710/710 709/709/709
f 839/839/839 650/650/650 651/651/651
f 839/839/839 651/651/651 710/710/710
f 693/693/693 630/630/630 650/650/650
f 693/693/693 650/650/650 839/839/839
f 663/663/663 662/662/662 840/840/840
f 663/663/663 840/840/840 835/835/835
f 835/835/835 840/840/840 647/647/647
f 835/835/835 647/647/647 646/646/646
f 840/840/840 715/715/715 651/651/651
f 840/840/840 651/651/651 647/647/647
f 662/662/662 665/665/665 715/715/715
f 662/662/662 715/715/715 840/840/840
f 585/585/585 584/584/584 841/841/841
f 585/585/585 841/841/841 786/786/786
f 786/786/786 841/841/841 566/566/566
f 786/786/786 566/566/566 565/565/565
f 841/841/841 834/834/834 573/573/573
f 841/841/841 573/573/573 566/566/566
f 584/584/584 587/587/587 834/834/834
f 584/584/584 834/834/834 841/841/841
f 842/842/842 843/843/843 844/844/844
f 842/842/842 844/844/844 845/845/845
f 845/845/845 844/844/844 846/846/846
f 845/845/845 846/846/846 847/847/847
f 844/844/844 848/848/848 849/849/849
f 844/844/844 849/849/849 846/846/846
f 843/843/843 850/850/850 848/848/848
f 843/843/843 848/848/848 844/844/844
f 420/420/420 851/851/851 852/852/852
f 420/420/420 852/852/852 419/419/419
f 419/419/419 852/852/852 853/853/853
f 419/419/419 853/853/853 408/408/408
f 852/852/852 487/487/487 472/472/472
f 852/852/852 472/472/472 853/853/853
f 851/851/851 484/484/484 487/487/487
f 851/851/851 487/487/487 852/852/852
f 414/414/414 854/854/854 855/855/855
f 414/414/414 855/855/855 413/413/413
f 413/413/413 855/855/855 856/856/856
f 413/413/413 856/856/856 402/402/402
f 855/855/855 481/481/481 466/466/466
f 855/855/855 466/466/466 856/856/856
f 854/854/854 478/478/478 481/481/481
f 854/854/854 481/481/481 855/855/855
f 408/408/408 853/853/853 857/857/857
f 408/408/408 857/857/857 407/407/407
f 407/407/407 857/857/857 858/858/858
f 407/407/407 858/858/858 344/344/344
f 857/857/857 475/475/475 448/448/448
f 857/857/857 448/448/448 858/858/858
f 853/853/853 472/472/472 475/475/475
f 853/853/853 475/475/475 857/857/857
f 402/402/402 856/856/856 859/859/859
f 402/402/402 859/859/859 401/401/401
f 401/401/401 859/859/859 860/860/860
f 401/401/401 860/860/860 396/396/396
f 859/859/859 469/469/469 457/457/457
f 859/859/859 457/457/457 860/860/860
f 856/856/856 466/466/466 469/469/469
f 856/856/856 469/469/469 859/859/859
f 396/396/396 860/860/860 861/861/861
f 396/396/396 861/861/861 394/394/394
f 394/394/394 861/861/861 862/862/862
f 394/394/394 862/862/862 395/395/395
f 861/861/861 460/460/460 462/462/462
f 861/861/861 462/462/462 862/862/862
f 860/860/860 457/457/457 460/460/460
f 860/860/860 460/460/460 861/861/861
f 344/344/344 858/858/858 863/863/863
f 344/344/344 863/863/863 342/342/342
f 342/342/342 863/863/863 864/864/864
f 342/342/342 864/864/864 343/343/343
f 863/863/863 451/451/451 453/453/453
f 863/863/863 453/453/453 864/864/864
f 858/858/858 448/448/448 451/451/451
f 858/858/858 451/451/451 863/863/863
f 438/438/438 865/865/865 866/866/866
f 438/438/438 866/866/866 436/436/436
f 436/436/436 866/866/866 867/867/867
f 436/436/436 867/867/867 437/437/437
f 866/866/866 442/442/442 444/444/444
f 866/866/866 444/444/444 867/867/867
f 865/865/865 439/439/439 442/442/442
f 865/865/865 442/442/442 866/866/866
f 429/429/429 868/868/868 869/869/869
f 429/429/429 869/869/869 427/427/427
f 427/427/427 869/869/869 870/870/870
f 427/427/427 870/870/870 428/428/428
f 869/869/869 382/382/382 384/384/384
f 869/869/869 384/384/384 870/870/870
f 868/868/868 379/379/379 382/382/382
f 868/868/868 382/382/382 869/869/869
f 871/871/871 872/872/872 873/873/873
f 871/871/871 873/873/873 874/874/874
f 874/874/874 873/873/873 875/875/875
f 874/874/874 875/875/875 876/876/876
f 873/873/873 433/433/433 435/435/435
f 873/873/873 435/435/435 875/875/875
f 872/872/872 430/430/430 433/433/433
f 872/872/872 433/433/433 873/873/873
f 877/877/877 878/878/878 879/879/879
f 877/877/877 879/879/879 880/880/880
f 880/880/880 879/879/879 881/881/881
f 880/880/880 881/881/881 882/882/882
f 879/879/879 424/424/424 426/426/426
f 879/879/879 426/426/426 881/881/881
f 878/878/878 421/421/421 424/424/424
f 878/878/878 424/424/424 879/879/879
f 883/883/883 884/884/884 885/885/885
f 883/883/883 885/885/885 886/886/886
f 886/886/886 885/885/885 887/887/887
f 886/886/886 887/887/887 888/888/888
f 885/885/885 418/418/418 403/403/403
f 885/885/885 403/403/403 887/887/887
f 884/884/884 415/415/415 418/418/418
f 884/884/884 418/418/418 885/885/885
f 889/889/889 890/890/890 891/891/891
f 889/889/889 891/891/891 892/892/892
f 892/892/892 891/891/891 893/893/893
f 892/892/892 893/893/893 894/894/894
f 891/891/891 412/412/412 397/397/397
f 891/891/891 397/397/397 893/893/893
f 890/890/890 409/409/409 412/412/412
f 890/890/890 412/412/412 891/891/891
f 888/888/888 887/887/887 895/895/895
f 888/888/888 895/895/895 896/896/896
f 896/896/896 895/895/895 897/897/897
f 896/896/896 897/897/897 898/898/898
f 895/895/895 406/406/406 336/336/336
f 895/895/895 336/336/336 897/897/897
f 887/887/887 403/403/403 406/406/406
f 887/887/887 406/406/406 895/895/895
f 894/894/894 893/893/893 899/899/899
f 894/894/894 899/899/899 900/900/900
f 900/900/900 899/899/899 901/901/901
f 900/900/900 901/901/901 902/902/902
f 899/899/899 400/400/400 388/388/388
f 899/899/899 388/388/388 901/901/901
f 893/893/893 397/397/397 400/400/400
f 893/893/893 400/400/400 899/899/899
f 902/902/902 901/901/901 903/903/903
f 902/902/902 903/903/903 904/904/904
f 904/904/904 903/903/903 905/905/905
f 904/904/904 905/905/905 906/906/906
f 903/903/903 391/391/391 393/393/393
f 903/903/903 393/393/393 905/905/905
f 901/901/901 388/388/388 391/391/391
f 901/901/901 391/391/391 903/903/903
f 898/898/898 897/897/897 907/907/907
f 898/898/898 907/907/907 908/908/908
f 908/908/908 907/907/907 909/909/909
f 908/908/908 909/909/909 910/910/910
f 907/907/907 339/339/339 341/341/341
f 907/907/907 341/341/341 909/909/909
f 897/897/897 336/336/336 339/339/339
f 897/897/897 339/339/339 907/907/907
f 911/911/911 912/912/912 913/913/913
f 911/911/911 913/913/913 914/914/914
f 914/914/914 913/913/913 915/915/915
f 914/914/914 915/915/915 916/916/916
f 913/913/913 917/917/917 918/918/918
f 913/913/913 918/918/918 915/915/915
f 912/912/912 919/919/919 917/917/917
f 912/912/912 917/917/917 913/913/913
f 920/920/920 921/921/921 922/922/922
f 920/920/920 922/922/922 923/923/923
f 923/923/923 922/922/922 924/924/924
f 923/923/923 924/924/924 925/925/925
f 922/922/922 926/926/926 927/927/927
f 922/922/922 927/927/927 924/924/924
f 921/921/921 928/928/928 926/926/926
f 921/921/921 926/926/926 922/922/922
f 916/916/916 915/915/915 929/929/929
f 916/916/916 929/929/929 930/930/930
f 930/930/930 929/929/929 931/931/931
f 930/930/930 931/931/931 932/932/932
f 929/929/929 933/933/933 934/934/934
f 929/929/929 934/934/934 931/931/931
f 915/915/915 918/918/918 933/933/933
f 915/915/915 933/933/933 929/929/929
f 932/932/932 931/931/931 935/935/935
f 932/932/932 935/935/935 936/936/936
f 936/936/936 935/935/935 937/937/937
f 936/936/936 937/937/937 938/938/938
f 935/935/935 939/939/939 940/940/940
f 935/935/935 940/940/940 937/937/937
f 931/931/931 934/934/934 939/939/939
f 931/931/931 939/939/939 935/935/935
f 925/925/925 924/924/924 941/941/941
f 925/925/925 941/941/941 942/942/942
f 942/942/942 941/941/941 943/943/943
f 942/942/942 943/943/943 944/944/944
f 941/941/941 945/945/945 946/946/946
f 941/941/941 946/946/946 943/943/943
f 924/924/924 927/927/927 945/945/945
f 924/924/924 945/945/945 941/941/941
f 947/947/947 948/948/948 949/949/949
f 947/947/947 949/949/949 950/950/950
f 950/950/950 949/949/949 951/951/951
f 950/950/950 951/951/951 952/952/952
f 949/949/949 953/953/953 954/954/954
f 949/949/949 954/954/954 951/951/951
f 948/948/948 955/955/955 953/953/953
f 948/948/948 953/953/953 949/949/949
f 956/956/956 957/957/957 958/958/958
f 956/956/956 958/958/958 959/959/959
f 959/959/959 958/958/958 960/960/960
f 959/959/959 960/960/960 961/961/961
f 958/958/958 962/962/962 963/963/963
f 958/958/958 963/963/963 960/960/960
f 957/957/957 964/964/964 962/962/962
f 957/957/957 962/962/962 958/958/958
f 965/965/965 966/966/966 967/967/967
f 965/965/965 967/967/967 968/968/968
f 968/968/968 967/967/967 921/921/921
f 968/968/968 921/921/921 920/920/920
f 967/967/967 969/969/969 928/928/928
f 967/967/967 928/928/928 921/921/921
f 966/966/966 970/970/970 969/969/969
f 966/966/966 969/969/969 967/967/967
f 248/248/248 971/971/971 972/972/972
f 248/248/248 972/972/972 315/315/315
f 315/315/315 972/972/972 973/973/973
f 315/315/315 973/973/973 316/316/316
f 972/972/972 378/378/378 363/363/363
f 972/972/972 363/363/363 973/973/973
f 971/971/971 350/350/350 378/378/378
f 971/971/971 378/378/378 972/972/972
f 312/312/312 974/974/974 975/975/975
f 312/312/312 975/975/975 310/310/310
f 310/310/310 975/975/975 976/976/976
f 310/310/310 976/976/976 311/311/311
f 975/975/975 376/376/376 369/369/369
f 975/975/975 369/369/369 976/976/976
f 974/974/974 306/306/306 376/376/376
f 974/974/974 376/376/376 975/975/975
f 311/311/311 976/976/976 977/977/977
f 311/311/311 977/977/977 978/978/978
f 978/978/978 977/977/977 979/979/979
f 978/978/978 979/979/979 980/980/980
f 977/977/977 372/372/372 374/374/374
f 977/977/977 374/374/374 979/979/979
f 976/976/976 369/369/369 372/372/372
f 976/976/976 372/372/372 977/977/977
f 316/316/316 973/973/973 981/981/981
f 316/316/316 981/981/981 334/334/334
f 334/334/334 981/981/981 982/982/982
f 334/334/334 982/982/982 335/335/335
f 981/981/981 366/366/366 368/368/368
f 981/981/981 368/368/368 982/982/982
f 973/973/973 363/363/363 366/366/366
f 973/973/973 366/366/366 981/981/981
f 331/331/331 983/983/983 984/984/984
f 331/331/331 984/984/984 330/330/330
f 330/330/330 984/984/984 985/985/985
f 330/330/330 985/985/985 321/321/321
f 984/984/984 360/360/360 362/362/362
f 984/984/984 362/362/362 985/985/985
f 983/983/983 357/357/357 360/360/360
f 983/983/983 360/360/360 984/984/984
f 327/327/327 986/986/986 987/987/987
f 327/327/327 987/987/987 325/325/325
f 325/325/325 987/987/987 988/988/988
f 325/325/325 988/988/988 326/326/326
f 987/987/987 354/354/354 356/356/356
f 987/987/987 356/356/356 988/988/988
f 986/986/986 351/351/351 354/354/354
f 986/986/986 354/354/354 987/987/987
f 249/249/249 989/989/989 990/990/990
f 249/249/249 990/990/990 247/247/247
f 247/247/247 990/990/990 971/971/971
f 247/247/247 971/971/971 248/248/248
f 990/990/990 348/348/348 350/350/350
f 990/990/990 350/350/350 971/971/971
f 989/989/989 345/345/345 348/348/348
f 989/989/989 348/348/348 990/990/990
f 991/991/991 992/992/992 993/993/993
f 991/991/991 993/993/993 994/994/994
f 994/994/994 993/993/993 974/974/974
f 994/994/994 974/974/974 312/312/312
f 993/993/993 304/304/304 306/306/306
f 993/993/993 306/306/306 974/974/974
f 992/992/992 301/301/301 304/304/304
f 992/992/992 304/304/304 993/993/993
f 321/321/321 985/985/985 995/995/995
f 321/321/321 995/995/995 319/319/319
f 319/319/319 995/995/995 989/989/989
f 319/319/319 989/989/989 249/249/249
f 995/995/995 996/996/996 345/345/345
f 995/995/995 345/345/345 989/989/989
f 985/985/985 362/362/362 996/996/996
f 985/985/985 996/996/996 995/995/995
f 952/952/952 951/951/951 997/997/997
f 952/952/952 997/997/997 998/998/998
f 998/998/998 997/997/997 966/966/966
f 998/998/998 966/966/966 965/965/965
f 997/997/997 999/999/999 970/970/970
f 997/997/997 970/970/970 966/966/966
f 951/951/951 954/954/954 999/999/999
f 951/951/951 999/999/999 997/997/997
f 876/876/876 875/875/875 1000/1000/1000
f 876/876/876 1000/1000/1000 1001/1001/1001
f 1001/1001/1001 1000/1000/1000 884/884/884
f 1001/1001/1001 884/884/884 883/883/883
f 1000/1000/1000 1002/1002/1002 415/415/415
f 1000/1000/1000 415/415/415 884/884/884
f 875/875/875 435/435/435 1002/1002/1002
f 875/875/875 1002/1002/1002 1000/1000/1000
f 437/437/437 867/867/867 1003/1003/1003
f 437/437/437 1003/1003/1003 1004/1004/1004
f 1004/1004/1004 1003/1003/1003 851/851/851
f 1004/1004/1004 851/851/851 420/420/420
f 1003/1003/1003 1005/1005/1005 484/484/484
f 1003/1003/1003 484/484/484 851/851/851
f 867/867/867 444/444/444 1005/1005/1005
f 867/867/867 1005/1005/1005 1003/1003/1003
f 300/300/300 1006/1006/1006 1007/1007/1007
f 300/300/300 1007/1007/1007 299/299/299
f 299/299/299 1007/1007/1007 307/307/307
f 299/299/299 307/307/307 291/291/291
f 1007/1007/1007 994/994/994 312/312/312
f 1007/1007/1007 312/312/312 307/307/307
f 1006/1006/1006 991/991/991 994/994/994
f 1006/1006/1006 994/994/994 1007/1007/1007
f 204/204/204 203/203/203 1008/1008/1008
f 204/204/204 1008/1008/1008 1009/1009/1009
f 1009/1009/1009 1008/1008/1008 227/227/227
f 1009/1009/1009 227/227/227 226/226/226
f 1008/1008/1008 1010/1010/1010 234/234/234
f 1008/1008/1008 234/234/234 227/227/227
f 203/203/203 206/206/206 1010/1010/1010
f 203/203/203 1010/1010/1010 1008/1008/1008
f 806/806/806 805/805/805 1011/1011/1011
f 806/806/806 1011/1011/1011 1012/1012/1012
f 1012/1012/1012 1011/1011/1011 808/808/808
f 1012/1012/1012 808/808/808 807/807/807
f 1011/1011/1011 1013/1013/1013 499/499/499
f 1011/1011/1011 499/499/499 808/808/808
f 805/805/805 522/522/522 1013/1013/1013
f 805/805/805 1013/1013/1013 1011/1011/1011
f 522/522/522 521/521/521 1014/1014/1014
f 522/522/522 1014/1014/1014 1013/1013/1013
f 1013/1013/1013 1014/1014/1014 500/500/500
f 1013/1013/1013 500/500/500 499/499/499
f 1014/1014/1014 1015/1015/1015 507/507/507
f 1014/1014/1014 507/507/507 500/500/500
f 521/521/521 524/524/524 1015/1015/1015
f 521/521/521 1015/1015/1015 1014/1014/1014
f 444/444/444 443/443/443 1016/1016/1016
f 444/444/444 1016/1016/1016 1005/1005/1005
f 1005/1005/1005 1016/1016/1016 485/485/485
f 1005/1005/1005 485/485/485 484/484/484
f 1016/1016/1016 1017/1017/1017 489/489/489
f 1016/1016/1016 489/489/489 485/485/485
f 443/443/443 446/446/446 1017/1017/1017
f 443/443/443 1017/1017/1017 1016/1016/1016
f 435/435/435 434/434/434 1018/1018/1018
f 435/435/435 1018/1018/1018 1002/1002/1002
f 1002/1002/1002 1018/1018/1018 416/416/416
f 1002/1002/1002 416/416/416 415/415/415
f 1018/1018/1018 1004/1004/1004 420/420/420
f 1018/1018/1018 420/420/420 416/416/416
f 434/434/434 437/437/437 1004/1004/1004
f 434/434/434 1004/1004/1004 1018/1018/1018
f 362/362/362 361/361/361 1019/1019/1019
f 362/362/362 1019/1019/1019 996/996/996
f 996/996/996 1019/1019/1019 346/346/346
f 996/996/996 346/346/346 345/345/345
f 1019/1019/1019 1020/1020/1020 169/169/169
f 1019/1019/1019 169/169/169 346/346/346
f 361/361/361 195/195/195 1020/1020/1020
f 361/361/361 1020/1020/1020 1019/1019/1019
f 264/264/264 263/263/263 1021/1021/1021
f 264/264/264 1021/1021/1021 1022/1022/1022
f 1022/1022/1022 1021/1021/1021 236/236/236
f 1022/1022/1022 236/236/236 235/235/235
f 1021/1021/1021 317/317/317 243/243/243
f 1021/1021/1021 243/243/243 236/236/236
f 263/263/263 266/266/266 317/317/317
f 263/263/263 317/317/317 1021/1021/1021
f 195/195/195 194/194/194 1023/1023/1023
f 195/195/195 1023/1023/1023 1020/1020/1020
f 1020/1020/1020 1023/1023/1023 170/170/170
f 1020/1020/1020 170/170/170 169/169/169
f 1023/1023/1023 1024/1024/1024 174/174/174
f 1023/1023/1023 174/174/174 170/170/170
f 194/194/194 197/197/197 1024/1024/1024
f 194/194/194 1024/1024/1024 1023/1023/1023
f 120/120/120 119/119/119 1025/1025/1025
f 120/120/120 1025/1025/1025 1026/1026/1026
f 1026/1026/1026 1025/1025/1025 107/107/107
f 1026/1026/1026 107/107/107 106/106/106
f 1025/1025/1025 1027/1027/1027 114/114/114
f 1025/1025/1025 114/114/114 107/107/107
f 119/119/119 122/122/122 1027/1027/1027
f 119/119/119 1027/1027/1027 1025/1025/1025
f 446/446/446 1028/1028/1028 1029/1029/1029
f 446/446/446 1029/1029/1029 1017/1017/1017
f 1017/1017/1017 1029/1029/1029 1030/1030/1030
f 1017/1017/1017 1030/1030/1030 489/489/489
f 1029/1029/1029 1031/1031/1031 1032/1032/1032
f 1029/1029/1029 1032/1032/1032 1030/1030/1030
f 1028/1028/1028 1033/1033/1033 1031/1031/1031
f 1028/1028/1028 1031/1031/1031 1029/1029/1029
f 489/489/489 1030/1030/1030 1034/1034/1034
f 489/489/489 1034/1034/1034 488/488/488
f 488/488/488 1034/1034/1034 1035/1035/1035
f 488/488/488 1035/1035/1035 477/477/477
f 1034/1034/1034 1036/1036/1036 1037/1037/1037
f 1034/1034/1034 1037/1037/1037 1035/1035/1035
f 1030/1030/1030 1032/1032/1032 1036/1036/1036
f 1030/1030/1030 1036/1036/1036 1034/1034/1034
f 447/447/447 1038/1038/1038 1039/1039/1039
f 447/447/447 1039/1039/1039 445/445/445
f 445/445/445 1039/1039/1039 1028/1028/1028
f 445/445/445 1028/1028/1028 446/446/446
f 1039/1039/1039 1040/1040/1040 1033/1033/1033
f 1039/1039/1039 1033/1033/1033 1028/1028/1028
f 1038/1038/1038 1041/1041/1041 1040/1040/1040
f 1038/1038/1038 1040/1040/1040 1039/1039/1039
f 465/465/465 1042/1042/1042 1043/1043/1043
f 465/465/465 1043/1043/1043 463/463/463
f 463/463/463 1043/1043/1043 1044/1044/1044
f 463/463/463 1044/1044/1044 464/464/464
f 1043/1043/1043 1045/1045/1045 1046/1046/1046
f 1043/1043/1043 1046/1046/1046 1044/1044/1044
f 1042/1042/1042 1047/1047/1047 1045/1045/1045
f 1042/1042/1042 1045/1045/1045 1043/1043/1043
f 477/477/477 1035/1035/1035 1048/1048/1048
f 477/477/477 1048/1048/1048 476/476/476
f 476/476/476 1048/1048/1048 1049/1049/1049
f 476/476/476 1049/1049/1049 456/456/456
f 1048/1048/1048 1050/1050/1050 1051/1051/1051
f 1048/1048/1048 1051/1051/1051 1049/1049/1049
f 1035/1035/1035 1037/1037/1037 1050/1050/1050
f 1035/1035/1035 1050/1050/1050 1048/1048/1048
f 387/387/387 1052/1052/1052 1053/1053/1053
f 387/387/387 1053/1053/1053 385/385/385
f 385/385/385 1053/1053/1053 1054/1054/1054
f 385/385/385 1054/1054/1054 386/386/386
f 1053/1053/1053 1055/1055/1055 1056/1056/1056
f 1053/1053/1053 1056/1056/1056 1054/1054/1054
f 1052/1052/1052 1057/1057/1057 1055/1055/1055
f 1052/1052/1052 1055/1055/1055 1053/1053/1053
f 483/483/483 1058/1058/1058 1059/1059/1059
f 483/483/483 1059/1059/1059 482/482/482
f 482/482/482 1059/1059/1059 1060/1060/1060
f 482/482/482 1060/1060/1060 471/471/471
f 1059/1059/1059 1061/1061/1061 1062/1062/1062
f 1059/1059/1059 1062/1062/1062 1060/1060/1060
f 1058/1058/1058 1063/1063/1063 1061/1061/1061
f 1058/1058/1058 1061/1061/1061 1059/1059/1059
f 471/471/471 1060/1060/1060 1064/1064/1064
f 471/471/471 1064/1064/1064 470/470/470
f 470/470/470 1064/1064/1064 1042/1042/1042
f 470/470/470 1042/1042/1042 465/465/465
f 1064/1064/1064 1065/1065/1065 1047/1047/1047
f 1064/1064/1064 1047/1047/1047 1042/1042/1042
f 1060/1060/1060 1062/1062/1062 1065/1065/1065
f 1060/1060/1060 1065/1065/1065 1064/1064/1064
f 456/456/456 1049/1049/1049 1066/1066/1066
f 456/456/456 1066/1066/1066 454/454/454
f 454/454/454 1066/1066/1066 1067/1067/1067
f 454/454/454 1067/1067/1067 455/455/455
f 1066/1066/1066 1068/1068/1068 1069/1069/1069
f 1066/1066/1066 1069/1069/1069 1067/1067/1067
f 1049/1049/1049 1051/1051/1051 1068/1068/1068
f 1049/1049/1049 1068/1068/1068 1066/1066/1066
f 766/766/766 1070/1070/1070 1071/1071/1071
f 766/766/766 1071/1071/1071 764/764/764
f 764/764/764 1071/1071/1071 614/614/614
f 764/764/764 614/614/614 613/613/613
f 1071/1071/1071 1072/1072/1072 621/621/621
f 1071/1071/1071 621/621/621 614/614/614
f 1070/1070/1070 1073/1073/1073 1072/1072/1072
f 1070/1070/1070 1072/1072/1072 1071/1071/1071
f 747/747/747 1074/1074/1074 1075/1075/1075
f 747/747/747 1075/1075/1075 1076/1076/1076
f 1076/1076/1076 1075/1075/1075 1077/1077/1077
f 1076/1076/1076 1077/1077/1077 734/734/734
f 1075/1075/1075 1078/1078/1078 1079/1079/1079
f 1075/1075/1075 1079/1079/1079 1077/1077/1077
f 1074/1074/1074 1080/1080/1080 1078/1078/1078
f 1074/1074/1074 1078/1078/1078 1075/1075/1075
f 729/729/729 1081/1081/1081 1082/1082/1082
f 729/729/729 1082/1082/1082 1083/1083/1083
f 1083/1083/1083 1082/1082/1082 1084/1084/1084
f 1083/1083/1083 1084/1084/1084 757/757/757
f 1082/1082/1082 1085/1085/1085 1086/1086/1086
f 1082/1082/1082 1086/1086/1086 1084/1084/1084
f 1081/1081/1081 1087/1087/1087 1085/1085/1085
f 1081/1081/1081 1085/1085/1085 1082/1082/1082
f 752/752/752 1088/1088/1088 1089/1089/1089
f 752/752/752 1089/1089/1089 837/837/837
f 837/837/837 1089/1089/1089 1090/1090/1090
f 837/837/837 1090/1090/1090 740/740/740
f 1089/1089/1089 1091/1091/1091 1092/1092/1092
f 1089/1089/1089 1092/1092/1092 1090/1090/1090
f 1088/1088/1088 1093/1093/1093 1091/1091/1091
f 1088/1088/1088 1091/1091/1091 1089/1089/1089
f 757/757/757 1084/1084/1084 1094/1094/1094
f 757/757/757 1094/1094/1094 755/755/755
f 755/755/755 1094/1094/1094 1088/1088/1088
f 755/755/755 1088/1088/1088 752/752/752
f 1094/1094/1094 1095/1095/1095 1093/1093/1093
f 1094/1094/1094 1093/1093/1093 1088/1088/1088
f 1084/1084/1084 1086/1086/1086 1095/1095/1095
f 1084/1084/1084 1095/1095/1095 1094/1094/1094
f 740/740/740 1090/1090/1090 1096/1096/1096
f 740/740/740 1096/1096/1096 738/738/738
f 738/738/738 1096/1096/1096 1097/1097/1097
f 738/738/738 1097/1097/1097 735/735/735
f 1096/1096/1096 1098/1098/1098 1099/1099/1099
f 1096/1096/1096 1099/1099/1099 1097/1097/1097
f 1090/1090/1090 1092/1092/1092 1098/1098/1098
f 1090/1090/1090 1098/1098/1098 1096/1096/1096
f 758/758/758 1100/1100/1100 1101/1101/1101
f 758/758/758 1101/1101/1101 1102/1102/1102
f 1102/1102/1102 1101/1101/1101 1103/1103/1103
f 1102/1102/1102 1103/1103/1103 746/746/746
f 1101/1101/1101 1104/1104/1104 1105/1105/1105
f 1101/1101/1101 1105/1105/1105 1103/1103/1103
f 1100/1100/1100 1106/1106/1106 1104/1104/1104
f 1100/1100/1100 1104/1104/1104 1101/1101/1101
f 741/741/741 1107/1107/1107 1108/1108/1108
f 741/741/741 1108/1108/1108 1109/1109/1109
f 1109/1109/1109 1108/1108/1108 1070/1070/1070
f 1109/1109/1109 1070/1070/1070 766/766/766
f 1108/1108/1108 1110/1110/1110 1073/1073/1073
f 1108/1108/1108 1073/1073/1073 1070/1070/1070
f 1107/1107/1107 1111/1111/1111 1110/1110/1110
f 1107/1107/1107 1110/1110/1110 1108/1108/1108
f 1033/1033/1033 1112/1112/1112 1113/1113/1113
f 1033/1033/1033 1113/1113/1113 1031/1031/1031
f 1031/1031/1031 1113/1113/1113 1114/1114/1114
f 1031/1031/1031 1114/1114/1114 1032/1032/1032
f 1113/1113/1113 1012/1012/1012 807/807/807
f 1113/1113/1113 807/807/807 1114/1114/1114
f 1112/1112/1112 806/806/806 1012/1012/1012
f 1112/1112/1112 1012/1012/1012 1113/1113/1113
f 1032/1032/1032 1114/1114/1114 1115/1115/1115
f 1032/1032/1032 1115/1115/1115 1036/1036/1036
f 1036/1036/1036 1115/1115/1115 1116/1116/1116
f 1036/1036/1036 1116/1116/1116 1037/1037/1037
f 1115/1115/1115 810/810/810 789/789/789
f 1115/1115/1115 789/789/789 1116/1116/1116
f 1114/1114/1114 807/807/807 810/810/810
f 1114/1114/1114 810/810/810 1115/1115/1115
f 1041/1041/1041 1117/1117/1117 1118/1118/1118
f 1041/1041/1041 1118/1118/1118 1040/1040/1040
f 1040/1040/1040 1118/1118/1118 1112/1112/1112
f 1040/1040/1040 1112/1112/1112 1033/1033/1033
f 1118/1118/1118 804/804/804 806/806/806
f 1118/1118/1118 806/806/806 1112/1112/1112
f 1117/1117/1117 801/801/801 804/804/804
f 1117/1117/1117 804/804/804 1118/1118/1118
f 1047/1047/1047 1119/1119/1119 1120/1120/1120
f 1047/1047/1047 1120/1120/1120 1045/1045/1045
f 1045/1045/1045 1120/1120/1120 1121/1121/1121
f 1045/1045/1045 1121/1121/1121 1046/1046/1046
f 1120/1120/1120 798/798/798 800/800/800
f 1120/1120/1120 800/800/800 1121/1121/1121
f 1119/1119/1119 795/795/795 798/798/798
f 1119/1119/1119 798/798/798 1120/1120/1120
f 1037/1037/1037 1116/1116/1116 1122/1122/1122
f 1037/1037/1037 1122/1122/1122 1050/1050/1050
f 1050/1050/1050 1122/1122/1122 1123/1123/1123
f 1050/1050/1050 1123/1123/1123 1051/1051/1051
f 1122/1122/1122 792/792/792 794/794/794
f 1122/1122/1122 794/794/794 1123/1123/1123
f 1116/1116/1116 789/789/789 792/792/792
f 1116/1116/1116 792/792/792 1122/1122/1122
f 1057/1057/1057 1124/1124/1124 1125/1125/1125
f 1057/1057/1057 1125/1125/1125 1055/1055/1055
f 1055/1055/1055 1125/1125/1125 1126/1126/1126
f 1055/1055/1055 1126/1126/1126 1056/1056/1056
f 1125/1125/1125 1127/1127/1127 1128/1128/1128
f 1125/1125/1125 1128/1128/1128 1126/1126/1126
f 1124/1124/1124 1129/1129/1129 1127/1127/1127
f 1124/1124/1124 1127/1127/1127 1125/1125/1125
f 1063/1063/1063 1130/1130/1130 1131/1131/1131
f 1063/1063/1063 1131/1131/1131 1061/1061/1061
f 1061/1061/1061 1131/1131/1131 1132/1132/1132
f 1061/1061/1061 1132/1132/1132 1062/1062/1062
f 1131/1131/1131 1133/1133/1133 1134/1134/1134
f 1131/1131/1131 1134/1134/1134 1132/1132/1132
f 1130/1130/1130 1135/1135/1135 1133/1133/1133
f 1130/1130/1130 1133/1133/1133 1131/1131/1131
f 1062/1062/1062 1132/1132/1132 1136/1136/1136
f 1062/1062/1062 1136/1136/1136 1065/1065/1065
f 1065/1065/1065 1136/1136/1136 1119/1119/1119
f 1065/1065/1065 1119/1119/1119 1047/1047/1047
f 1136/1136/1136 1137/1137/1137 795/795/795
f 1136/1136/1136 795/795/795 1119/1119/1119
f 1132/1132/1132 1134/1134/1134 1137/1137/1137
f 1132/1132/1132 1137/1137/1137 1136/1136/1136
f 1051/1051/1051 1123/1123/1123 1138/1138/1138
f 1051/1051/1051 1138/1138/1138 1068/1068/1068
f 1068/1068/1068 1138/1138/1138 1139/1139/1139
f 1068/1068/1068 1139/1139/1139 1069/1069/1069
f 1138/1138/1138 1140/1140/1140 1141/1141/1141
f 1138/1138/1138 1141/1141/1141 1139/1139/1139
f 1123/1123/1123 794/794/794 1140/1140/1140
f 1123/1123/1123 1140/1140/1140 1138/1138/1138
f 197/197/197 1142/1142/1142 1143/1143/1143
f 197/197/197 1143/1143/1143 1024/1024/1024
f 1024/1024/1024 1143/1143/1143 1144/1144/1144
f 1024/1024/1024 1144/1144/1144 174/174/174
f 1143/1143/1143 1001/1001/1001 883/883/883
f 1143/1143/1143 883/883/883 1144/1144/1144
f 1142/1142/1142 876/876/876 1001/1001/1001
f 1142/1142/1142 1001/1001/1001 1143/1143/1143
f 141/141/141 1145/1145/1145 1146/1146/1146
f 141/141/141 1146/1146/1146 139/139/139
f 139/139/139 1146/1146/1146 1147/1147/1147
f 139/139/139 1147/1147/1147 140/140/140
f 1146/1146/1146 908/908/908 910/910/910
f 1146/1146/1146 910/910/910 1147/1147/1147
f 1145/1145/1145 898/898/898 908/908/908
f 1145/1145/1145 908/908/908 1146/1146/1146
f 150/150/150 1148/1148/1148 1149/1149/1149
f 150/150/150 1149/1149/1149 148/148/148
f 148/148/148 1149/1149/1149 1150/1150/1150
f 148/148/148 1150/1150/1150 149/149/149
f 1149/1149/1149 904/904/904 906/906/906
f 1149/1149/1149 906/906/906 1150/1150/1150
f 1148/1148/1148 902/902/902 904/904/904
f 1148/1148/1148 904/904/904 1149/1149/1149
f 156/156/156 1151/1151/1151 1152/1152/1152
f 156/156/156 1152/1152/1152 155/155/155
f 155/155/155 1152/1152/1152 1148/1148/1148
f 155/155/155 1148/1148/1148 150/150/150
f 1152/1152/1152 900/900/900 902/902/902
f 1152/1152/1152 902/902/902 1148/1148/1148
f 1151/1151/1151 894/894/894 900/900/900
f 1151/1151/1151 900/900/900 1152/1152/1152
f 162/162/162 1153/1153/1153 1154/1154/1154
f 162/162/162 1154/1154/1154 161/161/161
f 161/161/161 1154/1154/1154 1145/1145/1145
f 161/161/161 1145/1145/1145 141/141/141
f 1154/1154/1154 896/896/896 898/898/898
f 1154/1154/1154 898/898/898 1145/1145/1145
f 1153/1153/1153 888/888/888 896/896/896
f 1153/1153/1153 896/896/896 1154/1154/1154
f 168/168/168 1155/1155/1155 1156/1156/1156
f 168/168/168 1156/1156/1156 167/167/167
f 167/167/167 1156/1156/1156 1151/1151/1151
f 167/167/167 1151/1151/1151 156/156/156
f 1156/1156/1156 892/892/892 894/894/894
f 1156/1156/1156 894/894/894 1151/1151/1151
f 1155/1155/1155 889/889/889 892/892/892
f 1155/1155/1155 892/892/892 1156/1156/1156
f 174/174/174 1144/1144/1144 1157/1157/1157
f 174/174/174 1157/1157/1157 173/173/173
f 173/173/173 1157/1157/1157 1153/1153/1153
f 173/173/173 1153/1153/1153 162/162/162
f 1157/1157/1157 886/886/886 888/888/888
f 1157/1157/1157 888/888/888 1153/1153/1153
f 1144/1144/1144 883/883/883 886/886/886
f 1144/1144/1144 886/886/886 1157/1157/1157
f 183/183/183 1158/1158/1158 1159/1159/1159
f 183/183/183 1159/1159/1159 181/181/181
f 181/181/181 1159/1159/1159 1160/1160/1160
f 181/181/181 1160/1160/1160 182/182/182
f 1159/1159/1159 880/880/880 882/882/882
f 1159/1159/1159 882/882/882 1160/1160/1160
f 1158/1158/1158 877/877/877 880/880/880
f 1158/1158/1158 880/880/880 1159/1159/1159
f 198/198/198 1161/1161/1161 1162/1162/1162
f 198/198/198 1162/1162/1162 196/196/196
f 196/196/196 1162/1162/1162 1142/1142/1142
f 196/196/196 1142/1142/1142 197/197/197
f 1162/1162/1162 874/874/874 876/876/876
f 1162/1162/1162 876/876/876 1142/1142/1142
f 1161/1161/1161 871/871/871 874/874/874
f 1161/1161/1161 874/874/874 1162/1162/1162
f 285/285/285 309/309/309 1163/1163/1163
f 285/285/285 1163/1163/1163 283/283/283
f 283/283/283 1163/1163/1163 1164/1164/1164
f 283/283/283 1164/1164/1164 284/284/284
f 1163/1163/1163 978/978/978 980/980/980
f 1163/1163/1163 980/980/980 1164/1164/1164
f 309/309/309 311/311/311 978/978/978
f 309/309/309 978/978/978 1163/1163/1163
f 1129/1129/1129 1165/1165/1165 1166/1166/1166
f 1129/1129/1129 1166/1166/1166 1127/1127/1127
f 1127/1127/1127 1166/1166/1166 1167/1167/1167
f 1127/1127/1127 1167/1167/1167 1128/1128/1128
f 1166/1166/1166 529/529/529 531/531/531
f 1166/1166/1166 531/531/531 1167/1167/1167
f 1165/1165/1165 526/526/526 529/529/529
f 1165/1165/1165 529/529/529 1166/1166/1166
f 1135/1135/1135 1168/1168/1168 1169/1169/1169
f 1135/1135/1135 1169/1169/1169 1133/1133/1133
f 1133/1133/1133 1169/1169/1169 1170/1170/1170
f 1133/1133/1133 1170/1170/1170 1134/1134/1134
f 1169/1169/1169 511/511/511 513/513/513
f 1169/1169/1169 513/513/513 1170/1170/1170
f 1168/1168/1168 508/508/508 511/511/511
f 1168/1168/1168 511/511/511 1169/1169/1169
f 1134/1134/1134 1170/1170/1170 1171/1171/1171
f 1134/1134/1134 1171/1171/1171 1137/1137/1137
f 1137/1137/1137 1171/1171/1171 796/796/796
f 1137/1137/1137 796/796/796 795/795/795
f 1171/1171/1171 812/812/812 535/535/535
f 1171/1171/1171 535/535/535 796/796/796
f 1170/1170/1170 513/513/513 812/812/812
f 1170/1170/1170 812/812/812 1171/1171/1171
f 794/794/794 793/793/793 1172/1172/1172
f 794/794/794 1172/1172/1172 1140/1140/1140
f 1140/1140/1140 1172/1172/1172 1173/1173/1173
f 1140/1140/1140 1173/1173/1173 1141/1141/1141
f 1172/1172/1172 547/547/547 549/549/549
f 1172/1172/1172 549/549/549 1173/1173/1173
f 793/793/793 544/544/544 547/547/547
f 793/793/793 547/547/547 1172/1172/1172
f 1141/1141/1141 1173/1173/1173 1174/1174/1174
f 1141/1141/1141 1174/1174/1174 1175/1175/1175
f 1175/1175/1175 1174/1174/1174 1165/1165/1165
f 1175/1175/1175 1165/1165/1165 1129/1129/1129
f 1174/1174/1174 1176/1176/1176 526/526/526
f 1174/1174/1174 526/526/526 1165/1165/1165
f 1173/1173/1173 549/549/549 1176/1176/1176
f 1173/1173/1173 1176/1176/1176 1174/1174/1174
f 140/140/140 1147/1147/1147 1177/1177/1177
f 140/140/140 1177/1177/1177 1178/1178/1178
f 1178/1178/1178 1177/1177/1177 1158/1158/1158
f 1178/1178/1178 1158/1158/1158 183/183/183
f 1177/1177/1177 1179/1179/1179 877/877/877
f 1177/1177/1177 877/877/877 1158/1158/1158
f 1147/1147/1147 910/910/910 1179/1179/1179
f 1147/1147/1147 1179/1179/1179 1177/1177/1177
f 1069/1069/1069 1139/1139/1139 1180/1180/1180
f 1069/1069/1069 1180/1180/1180 1181/1181/1181
f 1181/1181/1181 1180/1180/1180 1124/1124/1124
f 1181/1181/1181 1124/1124/1124 1057/1057/1057
f 1180/1180/1180 1175/1175/1175 1129/1129/1129
f 1180/1180/1180 1129/1129/1129 1124/1124/1124
f 1139/1139/1139 1141/1141/1141 1175/1175/1175
f 1139/1139/1139 1175/1175/1175 1180/1180/1180
f 735/735/735 1097/1097/1097 1182/1182/1182
f 735/735/735 1182/1182/1182 761/761/761
f 761/761/761 1182/1182/1182 1100/1100/1100
f 761/761/761 1100/1100/1100 758/758/758
f 1182/1182/1182 1183/1183/1183 1106/1106/1106
f 1182/1182/1182 1106/1106/1106 1100/1100/1100
f 1097/1097/1097 1099/1099/1099 1183/1183/1183
f 1097/1097/1097 1183/1183/1183 1182/1182/1182
f 455/455/455 1067/1067/1067 1184/1184/1184
f 455/455/455 1184/1184/1184 1185/1185/1185
f 1185/1185/1185 1184/1184/1184 1052/1052/1052
f 1185/1185/1185 1052/1052/1052 387/387/387
f 1184/1184/1184 1181/1181/1181 1057/1057/1057
f 1184/1184/1184 1057/1057/1057 1052/1052/1052
f 1067/1067/1067 1069/1069/1069 1181/1181/1181
f 1067/1067/1067 1181/1181/1181 1184/1184/1184
f 335/335/335 982/982/982 1186/1186/1186
f 335/335/335 1186/1186/1186 1187/1187/1187
f 1187/1187/1187 1186/1186/1186 986/986/986
f 1187/1187/1187 986/986/986 327/327/327
f 1186/1186/1186 1188/1188/1188 351/351/351
f 1186/1186/1186 351/351/351 986/986/986
f 982/982/982 368/368/368 1188/1188/1188
f 982/982/982 1188/1188/1188 1186/1186/1186
f 944/944/944 943/943/943 1189/1189/1189
f 944/944/944 1189/1189/1189 1190/1190/1190
f 1190/1190/1190 1189/1189/1189 957/957/957
f 1190/1190/1190 957/957/957 956/956/956
f 1189/1189/1189 1191/1191/1191 964/964/964
f 1189/1189/1189 964/964/964 957/957/957
f 943/943/943 946/946/946 1191/1191/1191
f 943/943/943 1191/1191/1191 1189/1189/1189
f 910/910/910 909/909/909 1192/1192/1192
f 910/910/910 1192/1192/1192 1179/1179/1179
f 1179/1179/1179 1192/1192/1192 878/878/878
f 1179/1179/1179 878/878/878 877/877/877
f 1192/1192/1192 1193/1193/1193 421/421/421
f 1192/1192/1192 421/421/421 878/878/878
f 909/909/909 341/341/341 1193/1193/1193
f 909/909/909 1193/1193/1193 1192/1192/1192
f 343/343/343 864/864/864 1194/1194/1194
f 343/343/343 1194/1194/1194 1195/1195/1195
f 1195/1195/1195 1194/1194/1194 868/868/868
f 1195/1195/1195 868/868/868 429/429/429
f 1194/1194/1194 1196/1196/1196 379/379/379
f 1194/1194/1194 379/379/379 868/868/868
f 864/864/864 453/453/453 1196/1196/1196
f 864/864/864 1196/1196/1196 1194/1194/1194
f 612/612/612 829/829/829 1197/1197/1197
f 612/612/612 1197/1197/1197 1198/1198/1198
f 1198/1198/1198 1197/1197/1197 813/813/813
f 1198/1198/1198 813/813/813 597/597/597
f 1197/1197/1197 1199/1199/1199 667/667/667
f 1197/1197/1197 667/667/667 813/813/813
f 829/829/829 627/627/627 1199/1199/1199
f 829/829/829 1199/1199/1199 1197/1197/1197
f 551/551/551 772/772/772 1200/1200/1200
f 551/551/551 1200/1200/1200 1201/1201/1201
f 1201/1201/1201 1200/1200/1200 776/776/776
f 1201/1201/1201 776/776/776 534/534/534
f 1200/1200/1200 1202/1202/1202 589/589/589
f 1200/1200/1200 589/589/589 776/776/776
f 772/772/772 610/610/610 1202/1202/1202
f 772/772/772 1202/1202/1202 1200/1200/1200
f 746/746/746 745/745/745 1203/1203/1203
f 746/746/746 1203/1203/1203 1102/1102/1102
f 1102/1102/1102 1203/1203/1203 759/759/759
f 1102/1102/1102 759/759/759 758/758/758
f 1203/1203/1203 1204/1204/1204 716/716/716
f 1203/1203/1203 716/716/716 759/759/759
f 745/745/745 700/700/700 1204/1204/1204
f 745/745/745 1204/1204/1204 1203/1203/1203
f 700/700/700 699/699/699 1205/1205/1205
f 700/700/700 1205/1205/1205 1204/1204/1204
f 1204/1204/1204 1205/1205/1205 717/717/717
f 1204/1204/1204 717/717/717 716/716/716
f 1205/1205/1205 673/673/673 675/675/675
f 1205/1205/1205 675/675/675 717/717/717
f 699/699/699 674/674/674 673/673/673
f 699/699/699 673/673/673 1205/1205/1205
f 627/627/627 626/626/626 1206/1206/1206
f 627/627/627 1206/1206/1206 1199/1199/1199
f 1199/1199/1199 1206/1206/1206 668/668/668
f 1199/1199/1199 668/668/668 667/667/667
f 1206/1206/1206 720/720/720 675/675/675
f 1206/1206/1206 675/675/675 668/668/668
f 626/626/626 629/629/629 720/720/720
f 626/626/626 720/720/720 1206/1206/1206
f 610/610/610 609/609/609 1207/1207/1207
f 610/610/610 1207/1207/1207 1202/1202/1202
f 1202/1202/1202 1207/1207/1207 590/590/590
f 1202/1202/1202 590/590/590 589/589/589
f 1207/1207/1207 1198/1198/1198 597/597/597
f 1207/1207/1207 597/597/597 590/590/590
f 609/609/609 612/612/612 1198/1198/1198
f 609/609/609 1198/1198/1198 1207/1207/1207
f 549/549/549 548/548/548 1208/1208/1208
f 549/549/549 1208/1208/1208 1176/1176/1176
f 1176/1176/1176 1208/1208/1208 527/527/527
f 1176/1176/1176 527/527/527 526/526/526
f 1208/1208/1208 1201/1201/1201 534/534/534
f 1208/1208/1208 534/534/534 527/527/527
f 548/548/548 551/551/551 1201/1201/1201
f 548/548/548 1201/1201/1201 1208/1208/1208
f 341/341/341 340/340/340 1209/1209/1209
f 341/341/341 1209/1209/1209 1193/1193/1193
f 1193/1193/1193 1209/1209/1209 422/422/422
f 1193/1193/1193 422/422/422 421/421/421
f 1209/1209/1209 1195/1195/1195 429/429/429
f 1209/1209/1209 429/429/429 422/422/422
f 340/340/340 343/343/343 1195/1195/1195
f 340/340/340 1195/1195/1195 1209/1209/1209
f 453/453/453 452/452/452 1210/1210/1210
f 453/453/453 1210/1210/1210 1196/1196/1196
f 1196/1196/1196 1210/1210/1210 380/380/380
f 1196/1196/1196 380/380/380 379/379/379
f 1210/1210/1210 1185/1185/1185 387/387/387
f 1210/1210/1210 387/387/387 380/380/380
f 452/452/452 455/455/455 1185/1185/1185
f 452/452/452 1185/1185/1185 1210/1210/1210
f 368/368/368 367/367/367 1211/1211/1211
f 368/368/368 1211/1211/1211 1188/1188/1188
f 1188/1188/1188 1211/1211/1211 352/352/352
f 1188/1188/1188 352/352/352 351/351/351
f 1211/1211/1211 1212/1212/1212 175/175/175
f 1211/1211/1211 175/175/175 352/352/352
f 367/367/367 138/138/138 1212/1212/1212
f 367/367/367 1212/1212/1212 1211/1211/1211
f 275/275/275 333/333/333 1213/1213/1213
f 275/275/275 1213/1213/1213 1214/1214/1214
f 1214/1214/1214 1213/1213/1213 322/322/322
f 1214/1214/1214 322/322/322 258/258/258
f 1213/1213/1213 1187/1187/1187 327/327/327
f 1213/1213/1213 327/327/327 322/322/322
f 333/333/333 335/335/335 1187/1187/1187
f 333/333/333 1187/1187/1187 1213/1213/1213
f 273/273/273 272/272/272 1215/1215/1215
f 273/273/273 1215/1215/1215 1216/1216/1216
f 1216/1216/1216 1215/1215/1215 251/251/251
f 1216/1216/1216 251/251/251 250/250/250
f 1215/1215/1215 1214/1214/1214 258/258/258
f 1215/1215/1215 258/258/258 251/251/251
f 272/272/272 275/275/275 1214/1214/1214
f 272/272/272 1214/1214/1214 1215/1215/1215
f 847/847/847 846/846/846 1217/1217/1217
f 847/847/847 1217/1217/1217 1218/1218/1218
f 1218/1218/1218 1217/1217/1217 209/209/209
f 1218/1218/1218 209/209/209 208/208/208
f 1217/1217/1217 1219/1219/1219 216/216/216
f 1217/1217/1217 216/216/216 209/209/209
f 846/846/846 849/849/849 1219/1219/1219
f 846/846/846 1219/1219/1219 1217/1217/1217
f 138/138/138 137/137/137 1220/1220/1220
f 138/138/138 1220/1220/1220 1212/1212/1212
f 1212/1212/1212 1220/1220/1220 176/176/176
f 1212/1212/1212 176/176/176 175/175/175
f 1220/1220/1220 1178/1178/1178 183/183/183
f 1220/1220/1220 183/183/183 176/176/176
f 137/137/137 140/140/140 1178/1178/1178
f 137/137/137 1178/1178/1178 1220/1220/1220
f 102/102/102 101/101/101 1221/1221/1221
f 102/102/102 1221/1221/1221 1222/1222/1222
f 1222/1222/1222 1221/1221/1221 41/41/41
f 1222/1222/1222 41/41/41 40/40/40
f 1221/1221/1221 1223/1223/1223 48/48/48
f 1221/1221/1221 48/48/48 41/41/41
f 101/101/101 104/104/104 1223/1223/1223
f 101/101/101 1223/1223/1223 1221/1221/1221
f 6/6/6 5/5/5 1224/1224/1224
f 6/6/6 1224/1224/1224 1225/1225/1225
f 1225/1225/1225 1224/1224/1224 35/35/35
f 1225/1225/1225 35/35/35 34/34/34
f 1224/1224/1224 1226/1226/1226 39/39/39
f 1224/1224/1224 39/39/39 35/35/35
f 5/5/5 8/8/8 1226/1226/1226
f 5/5/5 1226/1226/1226 1224/1224/1224
f 1128/1128/1128 1167/1167/1167 1227/1227/1227
f 1128/1128/1128 1227/1227/1227 1228/1228/1228
f 1228/1228/1228 1227/1227/1227 1168/1168/1168
f 1228/1228/1228 1168/1168/1168 1135/1135/1135
f 1227/1227/1227 1229/1229/1229 508/508/508
f 1227/1227/1227 508/508/508 1168/1168/1168
f 1167/1167/1167 531/531/531 1229/1229/1229
f 1167/1167/1167 1229/1229/1229 1227/1227/1227
f 182/182/182 1160/1160/1160 1230/1230/1230
f 182/182/182 1230/1230/1230 1231/1231/1231
f 1231/1231/1231 1230/1230/1230 1155/1155/1155
f 1231/1231/1231 1155/1155/1155 168/168/168
f 1230/1230/1230 1232/1232/1232 889/889/889
f 1230/1230/1230 889/889/889 1155/1155/1155
f 1160/1160/1160 882/882/882 1232/1232/1232
f 1160/1160/1160 1232/1232/1232 1230/1230/1230
f 1056/1056/1056 1126/1126/1126 1233/1233/1233
f 1056/1056/1056 1233/1233/1233 1234/1234/1234
f 1234/1234/1234 1233/1233/1233 1130/1130/1130
f 1234/1234/1234 1130/1130/1130 1063/1063/1063
f 1233/1233/1233 1228/1228/1228 1135/1135/1135
f 1233/1233/1233 1135/1135/1135 1130/1130/1130
f 1126/1126/1126 1128/1128/1128 1228/1228/1228
f 1126/1126/1126 1228/1228/1228 1233/1233/1233
f 746/746/746 1103/1103/1103 1235/1235/1235
f 746/746/746 1235/1235/1235 744/744/744
f 744/744/744 1235/1235/1235 1107/1107/1107
f 744/744/744 1107/1107/1107 741/741/741
f 1235/1235/1235 1236/1236/1236 1111/1111/1111
f 1235/1235/1235 1111/1111/1111 1107/1107/1107
f 1103/1103/1103 1105/1105/1105 1236/1236/1236
f 1103/1103/1103 1236/1236/1236 1235/1235/1235
f 386/386/386 1054/1054/1054 1237/1237/1237
f 386/386/386 1237/1237/1237 1238/1238/1238
f 1238/1238/1238 1237/1237/1237 1058/1058/1058
f 1238/1238/1238 1058/1058/1058 483/483/483
f 1237/1237/1237 1234/1234/1234 1063/1063/1063
f 1237/1237/1237 1063/1063/1063 1058/1058/1058
f 1054/1054/1054 1056/1056/1056 1234/1234/1234
f 1054/1054/1054 1234/1234/1234 1237/1237/1237
f 257/257/257 324/324/324 1239/1239/1239
f 257/257/257 1239/1239/1239 1240/1240/1240
f 1240/1240/1240 1239/1239/1239 1006/1006/1006
f 1240/1240/1240 1006/1006/1006 300/300/300
f 1239/1239/1239 1241/1241/1241 991/991/991
f 1239/1239/1239 991/991/991 1006/1006/1006
f 324/324/324 326/326/326 1241/1241/1241
f 324/324/324 1241/1241/1241 1239/1239/1239
f 326/326/326 988/988/988 1242/1242/1242
f 326/326/326 1242/1242/1242 1241/1241/1241
f 1241/1241/1241 1242/1242/1242 992/992/992
f 1241/1241/1241 992/992/992 991/991/991
f 1242/1242/1242 1243/1243/1243 301/301/301
f 1242/1242/1242 301/301/301 992/992/992
f 988/988/988 356/356/356 1243/1243/1243
f 988/988/988 1243/1243/1243 1242/1242/1242
f 961/961/961 960/960/960 1244/1244/1244
f 961/961/961 1244/1244/1244 1245/1245/1245
f 1245/1245/1245 1244/1244/1244 912/912/912
f 1245/1245/1245 912/912/912 911/911/911
f 1244/1244/1244 1246/1246/1246 919/919/919
f 1244/1244/1244 919/919/919 912/912/912
f 960/960/960 963/963/963 1246/1246/1246
f 960/960/960 1246/1246/1246 1244/1244/1244
f 882/882/882 881/881/881 1247/1247/1247
f 882/882/882 1247/1247/1247 1232/1232/1232
f 1232/1232/1232 1247/1247/1247 890/890/890
f 1232/1232/1232 890/890/890 889/889/889
f 1247/1247/1247 1248/1248/1248 409/409/409
f 1247/1247/1247 409/409/409 890/890/890
f 881/881/881 426/426/426 1248/1248/1248
f 881/881/881 1248/1248/1248 1247/1247/1247
f 428/428/428 870/870/870 1249/1249/1249
f 428/428/428 1249/1249/1249 1250/1250/1250
f 1250/1250/1250 1249/1249/1249 854/854/854
f 1250/1250/1250 854/854/854 414/414/414
f 1249/1249/1249 1251/1251/1251 478/478/478
f 1249/1249/1249 478/478/478 854/854/854
f 870/870/870 384/384/384 1251/1251/1251
f 870/870/870 1251/1251/1251 1249/1249/1249
f 231/231/231 230/230/230 1252/1252/1252
f 231/231/231 1252/1252/1252 1253/1253/1253
f 1253/1253/1253 1252/1252/1252 843/843/843
f 1253/1253/1253 843/843/843 842/842/842
f 1252/1252/1252 1254/1254/1254 850/850/850
f 1252/1252/1252 850/850/850 843/843/843
f 230/230/230 233/233/233 1254/1254/1254
f 230/230/230 1254/1254/1254 1252/1252/1252
f 596/596/596 815/815/815 1255/1255/1255
f 596/596/596 1255/1255/1255 1256/1256/1256
f 1256/1256/1256 1255/1255/1255 819/819/819
f 1256/1256/1256 819/819/819 579/579/579
f 1255/1255/1255 1257/1257/1257 652/652/652
f 1255/1255/1255 652/652/652 819/819/819
f 815/815/815 672/672/672 1257/1257/1257
f 815/815/815 1257/1257/1257 1255/1255/1255
f 533/533/533 778/778/778 1258/1258/1258
f 533/533/533 1258/1258/1258 1259/1259/1259
f 1259/1259/1259 1258/1258/1258 782/782/782
f 1259/1259/1259 782/782/782 516/516/516
f 1258/1258/1258 1260/1260/1260 574/574/574
f 1258/1258/1258 574/574/574 782/782/782
f 778/778/778 594/594/594 1260/1260/1260
f 778/778/778 1260/1260/1260 1258/1258/1258
f 766/766/766 765/765/765 1261/1261/1261
f 766/766/766 1261/1261/1261 1109/1109/1109
f 1109/1109/1109 1261/1261/1261 742/742/742
f 1109/1109/1109 742/742/742 741/741/741
f 1261/1261/1261 1262/1262/1262 695/695/695
f 1261/1261/1261 695/695/695 742/742/742
f 765/765/765 726/726/726 1262/1262/1262
f 765/765/765 1262/1262/1262 1261/1261/1261
f 726/726/726 725/725/725 1263/1263/1263
f 726/726/726 1263/1263/1263 1262/1262/1262
f 1262/1262/1262 1263/1263/1263 696/696/696
f 1262/1262/1262 696/696/696 695/695/695
f 1263/1263/1263 656/656/656 657/657/657
f 1263/1263/1263 657/657/657 696/696/696
f 725/725/725 645/645/645 656/656/656
f 725/725/725 656/656/656 1263/1263/1263
f 672/672/672 671/671/671 1264/1264/1264
f 672/672/672 1264/1264/1264 1257/1257/1257
f 1257/1257/1257 1264/1264/1264 653/653/653
f 1257/1257/1257 653/653/653 652/652/652
f 1264/1264/1264 701/701/701 657/657/657
f 1264/1264/1264 657/657/657 653/653/653
f 671/671/671 674/674/674 701/701/701
f 671/671/671 701/701/701 1264/1264/1264
f 594/594/594 593/593/593 1265/1265/1265
f 594/594/594 1265/1265/1265 1260/1260/1260
f 1260/1260/1260 1265/1265/1265 575/575/575
f 1260/1260/1260 575/575/575 574/574/574
f 1265/1265/1265 1256/1256/1256 579/579/579
f 1265/1265/1265 579/579/579 575/575/575
f 593/593/593 596/596/596 1256/1256/1256
f 593/593/593 1256/1256/1256 1265/1265/1265
f 531/531/531 530/530/530 1266/1266/1266
f 531/531/531 1266/1266/1266 1229/1229/1229
f 1229/1229/1229 1266/1266/1266 509/509/509
f 1229/1229/1229 509/509/509 508/508/508
f 1266/1266/1266 1259/1259/1259 516/516/516
f 1266/1266/1266 516/516/516 509/509/509
f 530/530/530 533/533/533 1259/1259/1259
f 530/530/530 1259/1259/1259 1266/1266/1266
f 384/384/384 383/383/383 1267/1267/1267
f 384/384/384 1267/1267/1267 1251/1251/1251
f 1251/1251/1251 1267/1267/1267 479/479/479
f 1251/1251/1251 479/479/479 478/478/478
f 1267/1267/1267 1238/1238/1238 483/483/483
f 1267/1267/1267 483/483/483 479/479/479
f 383/383/383 386/386/386 1238/1238/1238
f 383/383/383 1238/1238/1238 1267/1267/1267
f 426/426/426 425/425/425 1268/1268/1268
f 426/426/426 1268/1268/1268 1248/1248/1248
f 1248/1248/1248 1268/1268/1268 410/410/410
f 1248/1248/1248 410/410/410 409/409/409
f 1268/1268/1268 1250/1250/1250 414/414/414
f 1268/1268/1268 414/414/414 410/410/410
f 425/425/425 428/428/428 1250/1250/1250
f 425/425/425 1250/1250/1250 1268/1268/1268
f 356/356/356 355/355/355 1269/1269/1269
f 356/356/356 1269/1269/1269 1243/1243/1243
f 1243/1243/1243 1269/1269/1269 302/302/302
f 1243/1243/1243 302/302/302 301/301/301
f 1269/1269/1269 1270/1270/1270 163/163/163
f 1269/1269/1269 163/163/163 302/302/302
f 355/355/355 180/180/180 1270/1270/1270
f 355/355/355 1270/1270/1270 1269/1269/1269
f 255/255/255 254/254/254 1271/1271/1271
f 255/255/255 1271/1271/1271 1272/1272/1272
f 1272/1272/1272 1271/1271/1271 296/296/296
f 1272/1272/1272 296/296/296 295/295/295
f 1271/1271/1271 1240/1240/1240 300/300/300
f 1271/1271/1271 300/300/300 296/296/296
f 254/254/254 257/257/257 1240/1240/1240
f 254/254/254 1240/1240/1240 1271/1271/1271
f 180/180/180 179/179/179 1273/1273/1273
f 180/180/180 1273/1273/1273 1270/1270/1270
f 1270/1270/1270 1273/1273/1273 164/164/164
f 1270/1270/1270 164/164/164 163/163/163
f 1273/1273/1273 1231/1231/1231 168/168/168
f 1273/1273/1273 168/168/168 164/164/164
f 179/179/179 182/182/182 1231/1231/1231
f 179/179/179 1231/1231/1231 1273/1273/1273
f 127/127/127 126/126/126 1274/1274/1274
f 127/127/127 1274/1274/1274 1275/1275/1275
f 1275/1275/1275 1274/1274/1274 98/98/98
f 1275/1275/1275 98/98/98 97/97/97
f 1274/1274/1274 1276/1276/1276 105/105/105
f 1274/1274/1274 105/105/105 98/98/98
f 126/126/126 129/129/129 1276/1276/1276
f 126/126/126 1276/1276/1276 1274/1274/1274
f 15/15/15 14/14/14 1277/1277/1277
f 15/15/15 1277/1277/1277 1278/1278/1278
f 1278/1278/1278 1277/1277/1277 2/2/2
f 1278/1278/1278 2/2/2 1/1/1
f 1277/1277/1277 1279/1279/1279 9/9/9
f 1277/1277/1277 9/9/9 2/2/2
f 14/14/14 17/17/17 1279/1279/1279
f 14/14/14 1279/1279/1279 1277/1277/1277
f 149/149/149 1150/1150/1150 1280/1280/1280
f 149/149/149 1280/1280/1280 1281/1281/1281
f 1281/1281/1281 1280/1280/1280 1161/1161/1161
f 1281/1281/1281 1161/1161/1161 198/198/198
f 1280/1280/1280 1282/1282/1282 871/871/871
f 1280/1280/1280 871/871/871 1161/1161/1161
f 1150/1150/1150 906/906/906 1282/1282/1282
f 1150/1150/1150 1282/1282/1282 1280/1280/1280
f 1046/1046/1046 1121/1121/1121 1283/1283/1283
f 1046/1046/1046 1283/1283/1283 1284/1284/1284
f 1284/1284/1284 1283/1283/1283 1117/1117/1117
f 1284/1284/1284 1117/1117/1117 1041/1041/1041
f 1283/1283/1283 1285/1285/1285 801/801/801
f 1283/1283/1283 801/801/801 1117/1117/1117
f 1121/1121/1121 800/800/800 1285/1285/1285
f 1121/1121/1121 1285/1285/1285 1283/1283/1283
f 464/464/464 1044/1044/1044 1286/1286/1286
f 464/464/464 1286/1286/1286 1287/1287/1287
f 1287/1287/1287 1286/1286/1286 1038/1038/1038
f 1287/1287/1287 1038/1038/1038 447/447/447
f 1286/1286/1286 1284/1284/1284 1041/1041/1041
f 1286/1286/1286 1041/1041/1041 1038/1038/1038
f 1044/1044/1044 1046/1046/1046 1284/1284/1284
f 1044/1044/1044 1284/1284/1284 1286/1286/1286
f 980/980/980 979/979/979 1288/1288/1288
f 980/980/980 1288/1288/1288 1289/1289/1289
f 1289/1289/1289 1288/1288/1288 983/983/983
f 1289/1289/1289 983/983/983 331/331/331
f 1288/1288/1288 1290/1290/1290 357/357/357
f 1288/1288/1288 357/357/357 983/983/983
f 979/979/979 374/374/374 1290/1290/1290
f 979/979/979 1290/1290/1290 1288/1288/1288
f 938/938/938 937/937/937 1291/1291/1291
f 938/938/938 1291/1291/1291 1292/1292/1292
f 1292/1292/1292 1291/1291/1291 948/948/948
f 1292/1292/1292 948/948/948 947/947/947
f 1291/1291/1291 1293/1293/1293 955/955/955
f 1291/1291/1291 955/955/955 948/948/948
f 937/937/937 940/940/940 1293/1293/1293
f 937/937/937 1293/1293/1293 1291/1291/1291
f 906/906/906 905/905/905 1294/1294/1294
f 906/906/906 1294/1294/1294 1282/1282/1282
f 1282/1282/1282 1294/1294/1294 872/872/872
f 1282/1282/1282 872/872/872 871/871/871
f 1294/1294/1294 1295/1295/1295 430/430/430
f 1294/1294/1294 430/430/430 872/872/872
f 905/905/905 393/393/393 1295/1295/1295
f 905/905/905 1295/1295/1295 1294/1294/1294
f 395/395/395 862/862/862 1296/1296/1296
f 395/395/395 1296/1296/1296 1297/1297/1297
f 1297/1297/1297 1296/1296/1296 865/865/865
f 1297/1297/1297 865/865/865 438/438/438
f 1296/1296/1296 1298/1298/1298 439/439/439
f 1296/1296/1296 439/439/439 865/865/865
f 862/862/862 462/462/462 1298/1298/1298
f 862/862/862 1298/1298/1298 1296/1296/1296
f 800/800/800 799/799/799 1299/1299/1299
f 800/800/800 1299/1299/1299 1285/1285/1285
f 1285/1285/1285 1299/1299/1299 802/802/802
f 1285/1285/1285 802/802/802 801/801/801
f 1299/1299/1299 1300/1300/1300 517/517/517
f 1299/1299/1299 517/517/517 802/802/802
f 799/799/799 540/540/540 1300/1300/1300
f 799/799/799 1300/1300/1300 1299/1299/1299
f 540/540/540 539/539/539 1301/1301/1301
f 540/540/540 1301/1301/1301 1300/1300/1300
f 1300/1300/1300 1301/1301/1301 518/518/518
f 1300/1300/1300 518/518/518 517/517/517
f 1301/1301/1301 1302/1302/1302 525/525/525
f 1301/1301/1301 525/525/525 518/518/518
f 539/539/539 542/542/542 1302/1302/1302
f 539/539/539 1302/1302/1302 1301/1301/1301
f 462/462/462 461/461/461 1303/1303/1303
f 462/462/462 1303/1303/1303 1298/1298/1298
f 1298/1298/1298 1303/1303/1303 440/440/440
f 1298/1298/1298 440/440/440 439/439/439
f 1303/1303/1303 1287/1287/1287 447/447/447
f 1303/1303/1303 447/447/447 440/440/440
f 461/461/461 464/464/464 1287/1287/1287
f 461/461/461 1287/1287/1287 1303/1303/1303
f 393/393/393 392/392/392 1304/1304/1304
f 393/393/393 1304/1304/1304 1295/1295/1295
f 1295/1295/1295 1304/1304/1304 431/431/431
f 1295/1295/1295 431/431/431 430/430/430
f 1304/1304/1304 1297/1297/1297 438/438/438
f 1304/1304/1304 438/438/438 431/431/431
f 392/392/392 395/395/395 1297/1297/1297
f 392/392/392 1297/1297/1297 1304/1304/1304
f 374/374/374 373/373/373 1305/1305/1305
f 374/374/374 1305/1305/1305 1290/1290/1290
f 1290/1290/1290 1305/1305/1305 358/358/358
f 1290/1290/1290 358/358/358 357/357/357
f 1305/1305/1305 1306/1306/1306 190/190/190
f 1305/1305/1305 190/190/190 358/358/358
f 373/373/373 147/147/147 1306/1306/1306
f 373/373/373 1306/1306/1306 1305/1305/1305
f 284/284/284 1164/1164/1164 1307/1307/1307
f 284/284/284 1307/1307/1307 1308/1308/1308
f 1308/1308/1308 1307/1307/1307 328/328/328
f 1308/1308/1308 328/328/328 267/267/267
f 1307/1307/1307 1289/1289/1289 331/331/331
f 1307/1307/1307 331/331/331 328/328/328
f 1164/1164/1164 980/980/980 1289/1289/1289
f 1164/1164/1164 1289/1289/1289 1307/1307/1307
f 282/282/282 281/281/281 1309/1309/1309
f 282/282/282 1309/1309/1309 1310/1310/1310
f 1310/1310/1310 1309/1309/1309 260/260/260
f 1310/1310/1310 260/260/260 259/259/259
f 1309/1309/1309 1308/1308/1308 267/267/267
f 1309/1309/1309 267/267/267 260/260/260
f 281/281/281 284/284/284 1308/1308/1308
f 281/281/281 1308/1308/1308 1309/1309/1309
f 78/78/78 77/77/77 1311/1311/1311
f 78/78/78 1311/1311/1311 1312/1312/1312
f 1312/1312/1312 1311/1311/1311 200/200/200
f 1312/1312/1312 200/200/200 199/199/199
f 1311/1311/1311 1313/1313/1313 207/207/207
f 1311/1311/1311 207/207/207 200/200/200
f 77/77/77 80/80/80 1313/1313/1313
f 77/77/77 1313/1313/1313 1311/1311/1311
f 147/147/147 146/146/146 1314/1314/1314
f 147/147/147 1314/1314/1314 1306/1306/1306
f 1306/1306/1306 1314/1314/1314 191/191/191
f 1306/1306/1306 191/191/191 190/190/190
f 1314/1314/1314 1281/1281/1281 198/198/198
f 1314/1314/1314 198/198/198 191/191/191
f 146/146/146 149/149/149 1281/1281/1281
f 146/146/146 1281/1281/1281 1314/1314/1314
f 111/111/111 110/110/110 1315/1315/1315
f 111/111/111 1315/1315/1315 1316/1316/1316
f 1316/1316/1316 1315/1315/1315 83/83/83
f 1316/1316/1316 83/83/83 82/82/82
f 1315/1315/1315 1317/1317/1317 90/90/90
f 1315/1315/1315 90/90/90 83/83/83
f 110/110/110 113/113/113 1317/1317/1317
f 110/110/110 1317/1317/1317 1315/1315/1315
f 54/54/54 53/53/53 1318/1318/1318
f 54/54/54 1318/1318/1318 1319/1319/1319
f 1319/1319/1319 1318/1318/1318 65/65/65
f 1319/1319/1319 65/65/65 64/64/64
f 1318/1318/1318 1320/1320/1320 69/69/69
f 1318/1318/1318 69/69/69 65/65/65
f 53/53/53 56/56/56 1320/1320/1320
f 53/53/53 1320/1320/1320 1318/1318/1318
f 618/618/618 617/617/617 1321/1321/1321
f 618/618/618 1321/1321/1321 750/750/750
f 750/750/750 1321/1321/1321 1074/1074/1074
f 750/750/750 1074/1074/1074 747/747/747
f 1321/1321/1321 1322/1322/1322 1080/1080/1080
f 1321/1321/1321 1080/1080/1080 1074/1074/1074
f 617/617/617 620/620/620 1322/1322/1322
f 617/617/617 1322/1322/1322 1321/1321/1321
f 636/636/636 1323/1323/1323 1324/1324/1324
f 636/636/636 1324/1324/1324 1325/1325/1325
f 1325/1325/1325 1324/1324/1324 830/830/830
f 1325/1325/1325 830/830/830 606/606/606
f 1324/1324/1324 1326/1326/1326 556/556/556
f 1324/1324/1324 556/556/556 830/830/830
f 1323/1323/1323 679/679/679 1326/1326/1326
f 1323/1323/1323 1326/1326/1326 1324/1324/1324
f 734/734/734 733/733/733 1327/1327/1327
f 734/734/734 1327/1327/1327 1076/1076/1076
f 1076/1076/1076 1327/1327/1327 748/748/748
f 1076/1076/1076 748/748/748 747/747/747
f 1327/1327/1327 1328/1328/1328 702/702/702
f 1327/1327/1327 702/702/702 748/748/748
f 733/733/733 687/687/687 1328/1328/1328
f 733/733/733 1328/1328/1328 1327/1327/1327
f 687/687/687 686/686/686 1329/1329/1329
f 687/687/687 1329/1329/1329 1328/1328/1328
f 1328/1328/1328 1329/1329/1329 703/703/703
f 1328/1328/1328 703/703/703 702/702/702
f 1329/1329/1329 562/562/562 564/564/564
f 1329/1329/1329 564/564/564 703/703/703
f 686/686/686 563/563/563 562/562/562
f 686/686/686 562/562/562 1329/1329/1329
f 634/634/634 633/633/633 1330/1330/1330
f 634/634/634 1330/1330/1330 1331/1331/1331
f 1331/1331/1331 1330/1330/1330 599/599/599
f 1331/1331/1331 599/599/599 598/598/598
f 1330/1330/1330 1325/1325/1325 606/606/606
f 1330/1330/1330 606/606/606 599/599/599
f 633/633/633 636/636/636 1325/1325/1325
f 633/633/633 1325/1325/1325 1330/1330/1330
f 679/679/679 678/678/678 1332/1332/1332
f 679/679/679 1332/1332/1332 1326/1326/1326
f 1326/1326/1326 1332/1332/1332 557/557/557
f 1326/1326/1326 557/557/557 556/556/556
f 1332/1332/1332 708/708/708 564/564/564
f 1332/1332/1332 564/564/564 557/557/557
f 678/678/678 681/681/681 708/708/708
f 678/678/678 708/708/708 1332/1332/1332
f 734/734/734 1077/1077/1077 1333/1333/1333
f 734/734/734 1333/1333/1333 732/732/732
f 732/732/732 1333/1333/1333 1081/1081/1081
f 732/732/732 1081/1081/1081 729/729/729
f 1333/1333/1333 1334/1334/1334 1087/1087/1087
f 1333/1333/1333 1087/1087/1087 1081/1081/1081
f 1077/1077/1077 1079/1079/1079 1334/1334/1334
f 1077/1077/1077 1334/1334/1334 1333/1333/1333
f 605/605/605 832/832/832 1335/1335/1335
f 605/605/605 1335/1335/1335 1336/1336/1336
f 1336/1336/1336 1335/1335/1335 816/816/816
f 1336/1336/1336 816/816/816 588/588/588
f 1335/1335/1335 1337/1337/1337 658/658/658
f 1335/1335/1335 658/658/658 816/816/816
f 832/832/832 561/561/561 1337/1337/1337
f 832/832/832 1337/1337/1337 1335/1335/1335
f 757/757/757 756/756/756 1338/1338/1338
f 757/757/757 1338/1338/1338 1083/1083/1083
f 1083/1083/1083 1338/1338/1338 730/730/730
f 1083/1083/1083 730/730/730 729/729/729
f 1338/1338/1338 1339/1339/1339 682/682/682
f 1338/1338/1338 682/682/682 730/730/730
f 756/756/756 714/714/714 1339/1339/1339
f 756/756/756 1339/1339/1339 1338/1338/1338
f 714/714/714 713/713/713 1340/1340/1340
f 714/714/714 1340/1340/1340 1339/1339/1339
f 1339/1339/1339 1340/1340/1340 683/683/683
f 1339/1339/1339 683/683/683 682/682/682
f 1340/1340/1340 664/664/664 666/666/666
f 1340/1340/1340 666/666/666 683/683/683
f 713/713/713 665/665/665 664/664/664
f 713/713/713 664/664/664 1340/1340/1340
f 561/561/561 560/560/560 1341/1341/1341
f 561/561/561 1341/1341/1341 1337/1337/1337
f 1337/1337/1337 1341/1341/1341 659/659/659
f 1337/1337/1337 659/659/659 658/658/658
f 1341/1341/1341 688/688/688 666/666/666
f 1341/1341/1341 666/666/666 659/659/659
f 560/560/560 563/563/563 688/688/688
f 560/560/560 688/688/688 1341/1341/1341
f 603/603/603 602/602/602 1342/1342/1342
f 603/603/603 1342/1342/1342 1343/1343/1343
f 1343/1343/1343 1342/1342/1342 581/581/581
f 1343/1343/1343 581/581/581 580/580/580
f 1342/1342/1342 1336/1336/1336 588/588/588
f 1342/1342/1342 588/588/588 581/581/581
f 602/602/602 605/605/605 1336/1336/1336
f 602/602/602 1336/1336/1336 1342/1342/1342
f 524/524/524 775/775/775 1344/1344/1344
f 524/524/524 1344/1344/1344 1015/1015/1015
f 1015/1015/1015 1344/1344/1344 779/779/779
f 1015/1015/1015 779/779/779 507/507/507
f 1344/1344/1344 1343/1343/1343 580/580/580
f 1344/1344/1344 580/580/580 779/779/779
f 775/775/775 603/603/603 1343/1343/1343
f 775/775/775 1343/1343/1343 1344/1344/1344
f 542/542/542 769/769/769 1345/1345/1345
f 542/542/542 1345/1345/1345 1302/1302/1302
f 1302/1302/1302 1345/1345/1345 773/773/773
f 1302/1302/1302 773/773/773 525/525/525
f 1345/1345/1345 1331/1331/1331 598/598/598
f 1345/1345/1345 598/598/598 773/773/773
f 769/769/769 634/634/634 1331/1331/1331
f 769/769/769 1331/1331/1331 1345/1345/1345
f 497/497/497 826/826/826 1346/1346/1346
f 497/497/497 1346/1346/1346 635/635/635
f 635/635/635 1346/1346/1346 1323/1323/1323
f 635/635/635 1323/1323/1323 636/636/636
f 1346/1346/1346 677/677/677 679/679/679
f 1346/1346/1346 679/679/679 1323/1323/1323
f 826/826/826 642/642/642 677/677/677
f 826/826/826 677/677/677 1346/1346/1346
f 940/940/940 1347/1347/1347 1348/1348/1348
f 940/940/940 1348/1348/1348 1293/1293/1293
f 1293/1293/1293 1348/1348/1348 1349/1349/1349
f 1293/1293/1293 1349/1349/1349 955/955/955
f 1348/1348/1348 1310/1310/1310 259/259/259
f 1348/1348/1348 259/259/259 1349/1349/1349
f 1347/1347/1347 282/282/282 1310/1310/1310
f 1347/1347/1347 1310/1310/1310 1348/1348/1348
f 963/963/963 1350/1350/1350 1351/1351/1351
f 963/963/963 1351/1351/1351 1246/1246/1246
f 1246/1246/1246 1351/1351/1351 1352/1352/1352
f 1246/1246/1246 1352/1352/1352 919/919/919
f 1351/1351/1351 1272/1272/1272 295/295/295
f 1351/1351/1351 295/295/295 1352/1352/1352
f 1350/1350/1350 255/255/255 1272/1272/1272
f 1350/1350/1350 1272/1272/1272 1351/1351/1351
f 946/946/946 1353/1353/1353 1354/1354/1354
f 946/946/946 1354/1354/1354 1191/1191/1191
f 1191/1191/1191 1354/1354/1354 1355/1355/1355
f 1191/1191/1191 1355/1355/1355 964/964/964
f 1354/1354/1354 1216/1216/1216 250/250/250
f 1354/1354/1354 250/250/250 1355/1355/1355
f 1353/1353/1353 273/273/273 1216/1216/1216
f 1353/1353/1353 1216/1216/1216 1354/1354/1354
f 954/954/954 1356/1356/1356 1357/1357/1357
f 954/954/954 1357/1357/1357 999/999/999
f 999/999/999 1357/1357/1357 1358/1358/1358
f 999/999/999 1358/1358/1358 970/970/970
f 1357/1357/1357 1022/1022/1022 235/235/235
f 1357/1357/1357 235/235/235 1358/1358/1358
f 1356/1356/1356 264/264/264 1022/1022/1022
f 1356/1356/1356 1022/1022/1022 1357/1357/1357
f 919/919/919 1352/1352/1352 1359/1359/1359
f 919/919/919 1359/1359/1359 917/917/917
f 917/917/917 1359/1359/1359 1360/1360/1360
f 917/917/917 1360/1360/1360 918/918/918
f 1359/1359/1359 298/298/298 286/286/286
f 1359/1359/1359 286/286/286 1360/1360/1360
f 1352/1352/1352 295/295/295 298/298/298
f 1352/1352/1352 298/298/298 1359/1359/1359
f 928/928/928 1361/1361/1361 1362/1362/1362
f 928/928/928 1362/1362/1362 926/926/926
f 926/926/926 1362/1362/1362 1363/1363/1363
f 926/926/926 1363/1363/1363 927/927/927
f 1362/1362/1362 293/293/293 268/268/268
f 1362/1362/1362 268/268/268 1363/1363/1363
f 1361/1361/1361 240/240/240 293/293/293
f 1361/1361/1361 293/293/293 1362/1362/1362
f 918/918/918 1360/1360/1360 1364/1364/1364
f 918/918/918 1364/1364/1364 933/933/933
f 933/933/933 1364/1364/1364 1365/1365/1365
f 933/933/933 1365/1365/1365 934/934/934
f 1364/1364/1364 289/289/289 277/277/277
f 1364/1364/1364 277/277/277 1365/1365/1365
f 1360/1360/1360 286/286/286 289/289/289
f 1360/1360/1360 289/289/289 1364/1364/1364
f 934/934/934 1365/1365/1365 1366/1366/1366
f 934/934/934 1366/1366/1366 939/939/939
f 939/939/939 1366/1366/1366 1347/1347/1347
f 939/939/939 1347/1347/1347 940/940/940
f 1366/1366/1366 280/280/280 282/282/282
f 1366/1366/1366 282/282/282 1347/1347/1347
f 1365/1365/1365 277/277/277 280/280/280
f 1365/1365/1365 280/280/280 1366/1366/1366
f 927/927/927 1363/1363/1363 1367/1367/1367
f 927/927/927 1367/1367/1367 945/945/945
f 945/945/945 1367/1367/1367 1353/1353/1353
f 945/945/945 1353/1353/1353 946/946/946
f 1367/1367/1367 271/271/271 273/273/273
f 1367/1367/1367 273/273/273 1353/1353/1353
f 1363/1363/1363 268/268/268 271/271/271
f 1363/1363/1363 271/271/271 1367/1367/1367
f 955/955/955 1349/1349/1349 1368/1368/1368
f 955/955/955 1368/1368/1368 953/953/953
f 953/953/953 1368/1368/1368 1356/1356/1356
f 953/953/953 1356/1356/1356 954/954/954
f 1368/1368/1368 262/262/262 264/264/264
f 1368/1368/1368 264/264/264 1356/1356/1356
f 1349/1349/1349 259/259/259 262/262/262
f 1349/1349/1349 262/262/262 1368/1368/1368
f 964/964/964 1355/1355/1355 1369/1369/1369
f 964/964/964 1369/1369/1369 962/962/962
f 962/962/962 1369/1369/1369 1350/1350/1350
f 962/962/962 1350/1350/1350 963/963/963
f 1369/1369/1369 253/253/253 255/255/255
f 1369/1369/1369 255/255/255 1350/1350/1350
f 1355/1355/1355 250/250/250 253/253/253
f 1355/1355/1355 253/253/253 1369/1369/1369
f 970/970/970 1358/1358/1358 1370/1370/1370
f 970/970/970 1370/1370/1370 969/969/969
f 969/969/969 1370/1370/1370 1361/1361/1361
f 969/969/969 1361/1361/1361 928/928/928
f 1370/1370/1370 238/238/238 240/240/240
f 1370/1370/1370 240/240/240 1361/1361/1361
f 1358/1358/1358 235/235/235 238/238/238
f 1358/1358/1358 238/238/238 1370/1370/1370
f 204/204/204 1371/1371/1371 1372/1372/1372
f 204/204/204 1372/1372/1372 202/202/202
f 202/202/202 1372/1372/1372 1373/1373/1373
f 202/202/202 1373/1373/1373 199/199/199
f 1372/1372/1372 1292/1292/1292 947/947/947
f 1372/1372/1372 947/947/947 1373/1373/1373
f 1371/1371/1371 938/938/938 1292/1292/1292
f 1371/1371/1371 1292/1292/1292 1372/1372/1372
f 847/847/847 1374/1374/1374 1375/1375/1375
f 847/847/847 1375/1375/1375 845/845/845
f 845/845/845 1375/1375/1375 1376/1376/1376
f 845/845/845 1376/1376/1376 842/842/842
f 1375/1375/1375 1245/1245/1245 911/911/911
f 1375/1375/1375 911/911/911 1376/1376/1376
f 1374/1374/1374 961/961/961 1245/1245/1245
f 1374/1374/1374 1245/1245/1245 1375/1375/1375
f 213/213/213 1377/1377/1377 1378/1378/1378
f 213/213/213 1378/1378/1378 211/211/211
f 211/211/211 1378/1378/1378 1379/1379/1379
f 211/211/211 1379/1379/1379 208/208/208
f 1378/1378/1378 1190/1190/1190 956/956/956
f 1378/1378/1378 956/956/956 1379/1379/1379
f 1377/1377/1377 944/944/944 1190/1190/1190
f 1377/1377/1377 1190/1190/1190 1378/1378/1378
f 78/78/78 1380/1380/1380 1381/1381/1381
f 78/78/78 1381/1381/1381 76/76/76
f 76/76/76 1381/1381/1381 1382/1382/1382
f 76/76/76 1382/1382/1382 73/73/73
f 1381/1381/1381 998/998/998 965/965/965
f 1381/1381/1381 965/965/965 1382/1382/1382
f 1380/1380/1380 952/952/952 998/998/998
f 1380/1380/1380 998/998/998 1381/1381/1381
f 73/73/73 1382/1382/1382 1383/1383/1383
f 73/73/73 1383/1383/1383 187/187/187
f 187/187/187 1383/1383/1383 1384/1384/1384
f 187/187/187 1384/1384/1384 184/184/184
f 1383/1383/1383 968/968/968 920/920/920
f 1383/1383/1383 920/920/920 1384/1384/1384
f 1382/1382/1382 965/965/965 968/968/968
f 1382/1382/1382 968/968/968 1383/1383/1383
f 208/208/208 1379/1379/1379 1385/1385/1385
f 208/208/208 1385/1385/1385 1218/1218/1218
f 1218/1218/1218 1385/1385/1385 1374/1374/1374
f 1218/1218/1218 1374/1374/1374 847/847/847
f 1385/1385/1385 959/959/959 961/961/961
f 1385/1385/1385 961/961/961 1374/1374/1374
f 1379/1379/1379 956/956/956 959/959/959
f 1379/1379/1379 959/959/959 1385/1385/1385
f 199/199/199 1373/1373/1373 1386/1386/1386
f 199/199/199 1386/1386/1386 1312/1312/1312
f 1312/1312/1312 1386/1386/1386 1380/1380/1380
f 1312/1312/1312 1380/1380/1380 78/78/78
f 1386/1386/1386 950/950/950 952/952/952
f 1386/1386/1386 952/952/952 1380/1380/1380
f 1373/1373/1373 947/947/947 950/950/950
f 1373/1373/1373 950/950/950 1386/1386/1386
f 217/217/217 1387/1387/1387 1388/1388/1388
f 217/217/217 1388/1388/1388 224/224/224
f 224/224/224 1388/1388/1388 1377/1377/1377
f 224/224/224 1377/1377/1377 213/213/213
f 1388/1388/1388 942/942/942 944/944/944
f 1388/1388/1388 944/944/944 1377/1377/1377
f 1387/1387/1387 925/925/925 942/942/942
f 1387/1387/1387 942/942/942 1388/1388/1388
f 226/226/226 1389/1389/1389 1390/1390/1390
f 226/226/226 1390/1390/1390 1009/1009/1009
f 1009/1009/1009 1390/1390/1390 1371/1371/1371
f 1009/1009/1009 1371/1371/1371 204/204/204
f 1390/1390/1390 936/936/936 938/938/938
f 1390/1390/1390 938/938/938 1371/1371/1371
f 1389/1389/1389 932/932/932 936/936/936
f 1389/1389/1389 936/936/936 1390/1390/1390
f 231/231/231 1391/1391/1391 1392/1392/1392
f 231/231/231 1392/1392/1392 229/229/229
f 229/229/229 1392/1392/1392 1389/1389/1389
f 229/229/229 1389/1389/1389 226/226/226
f 1392/1392/1392 930/930/930 932/932/932
f 1392/1392/1392 932/932/932 1389/1389/1389
f 1391/1391/1391 916/916/916 930/930/930
f 1391/1391/1391 930/930/930 1392/1392/1392
f 184/184/184 1384/1384/1384 1393/1393/1393
f 184/184/184 1393/1393/1393 220/220/220
f 220/220/220 1393/1393/1393 1387/1387/1387
f 220/220/220 1387/1387/1387 217/217/217
f 1393/1393/1393 923/923/923 925/925/925
f 1393/1393/1393 925/925/925 1387/1387/1387
f 1384/1384/1384 920/920/920 923/923/923
f 1384/1384/1384 923/923/923 1393/1393/1393
f 842/842/842 1376/1376/1376 1394/1394/1394
f 842/842/842 1394/1394/1394 1253/1253/1253
f 1253/1253/1253 1394/1394/1394 1391/1391/1391
f 1253/1253/1253 1391/1391/1391 231/231/231
f 1394/1394/1394 914/914/914 916/916/916
f 1394/1394/1394 916/916/916 1391/1391/1391
f 1376/1376/1376 911/911/911 914/914/914
f 1376/1376/1376 914/914/914 1394/1394/1394
f 80/80/80 1395/1395/1395 1396/1396/1396
f 80/80/80 1396/1396/1396 1313/1313/1313
f 1313/1313/1313 1396/1396/1396 1397/1397/1397
f 1313/1313/1313 1397/1397/1397 207/207/207
f 1396/1396/1396 1316/1316/1316 82/82/82
f 1396/1396/1396 82/82/82 1397/1397/1397
f 1395/1395/1395 111/111/111 1316/1316/1316
f 1395/1395/1395 1316/1316/1316 1396/1396/1396
f 233/233/233 1398/1398/1398 1399/1399/1399
f 233/233/233 1399/1399/1399 1254/1254/1254
f 1254/1254/1254 1399/1399/1399 1400/1400/1400
f 1254/1254/1254 1400/1400/1400 850/850/850
f 1399/1399/1399 1275/1275/1275 97/97/97
f 1399/1399/1399 97/97/97 1400/1400/1400
f 1398/1398/1398 127/127/127 1275/1275/1275
f 1398/1398/1398 1275/1275/1275 1399/1399/1399
f 849/849/849 1401/1401/1401 1402/1402/1402
f 849/849/849 1402/1402/1402 1219/1219/1219
f 1219/1219/1219 1402/1402/1402 1403/1403/1403
f 1219/1219/1219 1403/1403/1403 216/216/216
f 1402/1402/1402 1222/1222/1222 40/40/40
f 1402/1402/1402 40/40/40 1403/1403/1403
f 1401/1401/1401 102/102/102 1222/1222/1222
f 1401/1401/1401 1222/1222/1222 1402/1402/1402
f 189/189/189 1404/1404/1404 1405/1405/1405
f 189/189/189 1405/1405/1405 188/188/188
f 188/188/188 1405/1405/1405 1406/1406/1406
f 188/188/188 1406/1406/1406 81/81/81
f 1405/1405/1405 1026/1026/1026 106/106/106
f 1405/1405/1405 106/106/106 1406/1406/1406
f 1404/1404/1404 120/120/120 1026/1026/1026
f 1404/1404/1404 1026/1026/1026 1405/1405/1405
f 215/215/215 1407/1407/1407 1408/1408/1408
f 215/215/215 1408/1408/1408 225/225/225
f 225/225/225 1408/1408/1408 1409/1409/1409
f 225/225/225 1409/1409/1409 222/222/222
f 1408/1408/1408 131/131/131 115/115/115
f 1408/1408/1408 115/115/115 1409/1409/1409
f 1407/1407/1407 45/45/45 131/131/131
f 1407/1407/1407 131/131/131 1408/1408/1408
f 234/234/234 1410/1410/1410 1411/1411/1411
f 234/234/234 1411/1411/1411 232/232/232
f 232/232/232 1411/1411/1411 1398/1398/1398
f 232/232/232 1398/1398/1398 233/233/233
f 1411/1411/1411 125/125/125 127/127/127
f 1411/1411/1411 127/127/127 1398/1398/1398
f 1410/1410/1410 94/94/94 125/125/125
f 1410/1410/1410 125/125/125 1411/1411/1411
f 222/222/222 1409/1409/1409 1412/1412/1412
f 222/222/222 1412/1412/1412 221/221/221
f 221/221/221 1412/1412/1412 1404/1404/1404
f 221/221/221 1404/1404/1404 189/189/189
f 1412/1412/1412 118/118/118 120/120/120
f 1412/1412/1412 120/120/120 1404/1404/1404
f 1409/1409/1409 115/115/115 118/118/118
f 1409/1409/1409 118/118/118 1412/1412/1412
f 81/81/81 1406/1406/1406 1413/1413/1413
f 81/81/81 1413/1413/1413 79/79/79
f 79/79/79 1413/1413/1413 1395/1395/1395
f 79/79/79 1395/1395/1395 80/80/80
f 1413/1413/1413 109/109/109 111/111/111
f 1413/1413/1413 111/111/111 1395/1395/1395
f 1406/1406/1406 106/106/106 109/109/109
f 1406/1406/1406 109/109/109 1413/1413/1413
f 850/850/850 1400/1400/1400 1414/1414/1414
f 850/850/850 1414/1414/1414 848/848/848
f 848/848/848 1414/1414/1414 1401/1401/1401
f 848/848/848 1401/1401/1401 849/849/849
f 1414/1414/1414 100/100/100 102/102/102
f 1414/1414/1414 102/102/102 1401/1401/1401
f 1400/1400/1400 97/97/97 100/100/100
f 1400/1400/1400 100/100/100 1414/1414/1414
f 206/206/206 1415/1415/1415 1416/1416/1416
f 206/206/206 1416/1416/1416 1010/1010/1010
f 1010/1010/1010 1416/1416/1416 1410/1410/1410
f 1010/1010/1010 1410/1410/1410 234/234/234
f 1416/1416/1416 92/92/92 94/94/94
f 1416/1416/1416 94/94/94 1410/1410/1410
f 1415/1415/1415 87/87/87 92/92/92
f 1415/1415/1415 92/92/92 1416/1416/1416
f 207/207/207 1397/1397/1397 1417/1417/1417
f 207/207/207 1417/1417/1417 205/205/205
f 205/205/205 1417/1417/1417 1415/1415/1415
f 205/205/205 1415/1415/1415 206/206/206
f 1417/1417/1417 85/85/85 87/87/87
f 1417/1417/1417 87/87/87 1415/1415/1415
f 1397/1397/1397 82/82/82 85/85/85
f 1397/1397/1397 85/85/85 1417/1417/1417
f 216/216/216 1403/1403/1403 1418/1418/1418
f 216/216/216 1418/1418/1418 214/214/214
f 214/214/214 1418/1418/1418 1407/1407/1407
f 214/214/214 1407/1407/1407 215/215/215
f 1418/1418/1418 43/43/43 45/45/45
f 1418/1418/1418 45/45/45 1407/1407/1407
f 1403/1403/1403 40/40/40 43/43/43
f 1403/1403/1403 43/43/43 1418/1418/1418
f 113/113/113 1419/1419/1419 1420/1420/1420
f 113/113/113 1420/1420/1420 1317/1317/1317
f 1317/1317/1317 1420/1420/1420 1421/1421/1421
f 1317/1317/1317 1421/1421/1421 90/90/90
f 1420/1420/1420 1319/1319/1319 64/64/64
f 1420/1420/1420 64/64/64 1421/1421/1421
f 1419/1419/1419 54/54/54 1319/1319/1319
f 1419/1419/1419 1319/1319/1319 1420/1420/1420
f 129/129/129 1422/1422/1422 1423/1423/1423
f 129/129/129 1423/1423/1423 1276/1276/1276
f 1276/1276/1276 1423/1423/1423 1424/1424/1424
f 1276/1276/1276 1424/1424/1424 105/105/105
f 1423/1423/1423 1278/1278/1278 1/1/1
f 1423/1423/1423 1/1/1 1424/1424/1424
f 1422/1422/1422 15/15/15 1278/1278/1278
f 1422/1422/1422 1278/1278/1278 1423/1423/1423
f 104/104/104 1425/1425/1425 1426/1426/1426
f 104/104/104 1426/1426/1426 1223/1223/1223
f 1223/1223/1223 1426/1426/1426 1427/1427/1427
f 1223/1223/1223 1427/1427/1427 48/48/48
f 1426/1426/1426 1225/1225/1225 34/34/34
f 1426/1426/1426 34/34/34 1427/1427/1427
f 1425/1425/1425 6/6/6 1225/1225/1225
f 1425/1425/1425 1225/1225/1225 1426/1426/1426
f 122/122/122 1428/1428/1428 1429/1429/1429
f 122/122/122 1429/1429/1429 1027/1027/1027
f 1027/1027/1027 1429/1429/1429 1430/1430/1430
f 1027/1027/1027 1430/1430/1430 114/114/114
f 1429/1429/1429 71/71/71 49/49/49
f 1429/1429/1429 49/49/49 1430/1430/1430
f 1428/1428/1428 61/61/61 71/71/71
f 1428/1428/1428 71/71/71 1429/1429/1429
f 90/90/90 1421/1421/1421 1431/1431/1431
f 90/90/90 1431/1431/1431 88/88/88
f 88/88/88 1431/1431/1431 1432/1432/1432
f 88/88/88 1432/1432/1432 89/89/89
f 1431/1431/1431 67/67/67 19/19/19
f 1431/1431/1431 19/19/19 1432/1432/1432
f 1421/1421/1421 64/64/64 67/67/67
f 1421/1421/1421 67/67/67 1431/1431/1431
f 123/123/123 1433/1433/1433 1434/1434/1434
f 123/123/123 1434/1434/1434 121/121/121
f 121/121/121 1434/1434/1434 1428/1428/1428
f 121/121/121 1428/1428/1428 122/122/122
f 1434/1434/1434 59/59/59 61/61/61
f 1434/1434/1434 61/61/61 1428/1428/1428
f 1433/1433/1433 30/30/30 59/59/59
f 1433/1433/1433 59/59/59 1434/1434/1434
f 114/114/114 1430/1430/1430 1435/1435/1435
f 114/114/114 1435/1435/1435 112/112/112
f 112/112/112 1435/1435/1435 1419/1419/1419
f 112/112/112 1419/1419/1419 113/113/113
f 1435/1435/1435 52/52/52 54/54/54
f 1435/1435/1435 54/54/54 1419/1419/1419
f 1430/1430/1430 49/49/49 52/52/52
f 1430/1430/1430 52/52/52 1435/1435/1435
f 48/48/48 1427/1427/1427 1436/1436/1436
f 48/48/48 1436/1436/1436 46/46/46
f 46/46/46 1436/1436/1436 1437/1437/1437
f 46/46/46 1437/1437/1437 47/47/47
f 1436/1436/1436 37/37/37 25/25/25
f 1436/1436/1436 25/25/25 1437/1437/1437
f 1427/1427/1427 34/34/34 37/37/37
f 1427/1427/1427 37/37/37 1436/1436/1436
f 47/47/47 1437/1437/1437 1438/1438/1438
f 47/47/47 1438/1438/1438 132/132/132
f 132/132/132 1438/1438/1438 1433/1433/1433
f 132/132/132 1433/1433/1433 123/123/123
f 1438/1438/1438 28/28/28 30/30/30
f 1438/1438/1438 30/30/30 1433/1433/1433
f 1437/1437/1437 25/25/25 28/28/28
f 1437/1437/1437 28/28/28 1438/1438/1438
f 89/89/89 1432/1432/1432 1439/1439/1439
f 89/89/89 1439/1439/1439 95/95/95
f 95/95/95 1439/1439/1439 1440/1440/1440
f 95/95/95 1440/1440/1440 96/96/96
f 1439/1439/1439 22/22/22 10/10/10
f 1439/1439/1439 10/10/10 1440/1440/1440
f 1432/1432/1432 19/19/19 22/22/22
f 1432/1432/1432 22/22/22 1439/1439/1439
f 96/96/96 1440/1440/1440 1441/1441/1441
f 96/96/96 1441/1441/1441 128/128/128
f 128/128/128 1441/1441/1441 1422/1422/1422
f 128/128/128 1422/1422/1422 129/129/129
f 1441/1441/1441 13/13/13 15/15/15
f 1441/1441/1441 15/15/15 1422/1422/1422
f 1440/1440/1440 10/10/10 13/13/13
f 1440/1440/1440 13/13/13 1441/1441/1441
f 105/105/105 1424/1424/1424 1442/1442/1442
f 105/105/105 1442/1442/1442 103/103/103
f 103/103/103 1442/1442/1442 1425/1425/1425
f 103/103/103 1425/1425/1425 104/104/104
f 1442/1442/1442 4/4/4 6/6/6
f 1442/1442/1442 6/6/6 1425/1425/1425
f 1424/1424/1424 1/1/1 4/4/4
f 1424/1424/1424 4/4/4 1442/1442/1442
f 57/57/57 1443/1443/1443 1444/1444/1444
f 57/57/57 1444/1444/1444 55/55/55
f 55/55/55 1444/1444/1444 1445/1445/1445
f 55/55/55 1445/1445/1445 56/56/56
f 1444/1444/1444 1446/1446/1446 1447/1447/1447
f 1444/1444/1444 1447/1447/1447 1445/1445/1445
f 1443/1443/1443 1448/1448/1448 1446/1446/1446
f 1443/1443/1443 1446/1446/1446 1444/1444/1444
f 56/56/56 1445/1445/1445 1449/1449/1449
f 56/56/56 1449/1449/1449 1320/1320/1320
f 1320/1320/1320 1449/1449/1449 1450/1450/1450
f 1320/1320/1320 1450/1450/1450 69/69/69
f 1449/1449/1449 1451/1451/1451 1452/1452/1452
f 1449/1449/1449 1452/1452/1452 1450/1450/1450
f 1445/1445/1445 1447/1447/1447 1451/1451/1451
f 1445/1445/1445 1451/1451/1451 1449/1449/1449
f 18/18/18 1453/1453/1453 1454/1454/1454
f 18/18/18 1454/1454/1454 16/16/16
f 16/16/16 1454/1454/1454 1455/1455/1455
f 16/16/16 1455/1455/1455 17/17/17
f 1454/1454/1454 1456/1456/1456 1457/1457/1457
f 1454/1454/1454 1457/1457/1457 1455/1455/1455
f 1453/1453/1453 1458/1458/1458 1456/1456/1456
f 1453/1453/1453 1456/1456/1456 1454/1454/1454
f 8/8/8 1459/1459/1459 1460/1460/1460
f 8/8/8 1460/1460/1460 1226/1226/1226
f 1226/1226/1226 1460/1460/1460 1461/1461/1461
f 1226/1226/1226 1461/1461/1461 39/39/39
f 1460/1460/1460 1462/1462/1462 1463/1463/1463
f 1460/1460/1460 1463/1463/1463 1461/1461/1461
f 1459/1459/1459 1464/1464/1464 1462/1462/1462
f 1459/1459/1459 1462/1462/1462 1460/1460/1460
f 32/32/32 1465/1465/1465 1466/1466/1466
f 32/32/32 1466/1466/1466 62/62/62
f 62/62/62 1466/1466/1466 1467/1467/1467
f 62/62/62 1467/1467/1467 63/63/63
f 1466/1466/1466 1468/1468/1468 1469/1469/1469
f 1466/1466/1466 1469/1469/1469 1467/1467/1467
f 1465/1465/1465 1470/1470/1470 1468/1468/1468
f 1465/1465/1465 1468/1468/1468 1466/1466/1466
f 69/69/69 1450/1450/1450 1471/1471/1471
f 69/69/69 1471/1471/1471 68/68/68
f 68/68/68 1471/1471/1471 1472/1472/1472
f 68/68/68 1472/1472/1472 24/24/24
f 1471/1471/1471 1473/1473/1473 1474/1474/1474
f 1471/1471/1471 1474/1474/1474 1472/1472/1472
f 1450/1450/1450 1452/1452/1452 1473/1473/1473
f 1450/1450/1450 1473/1473/1473 1471/1471/1471
f 9/9/9 1475/1475/1475 1476/1476/1476
f 9/9/9 1476/1476/1476 7/7/7
f 7/7/7 1476/1476/1476 1459/1459/1459
f 7/7/7 1459/1459/1459 8/8/8
f 1476/1476/1476 1477/1477/1477 1464/1464/1464
f 1476/1476/1476 1464/1464/1464 1459/1459/1459
f 1475/1475/1475 1478/1478/1478 1477/1477/1477
f 1475/1475/1475 1477/1477/1477 1476/1476/1476
f 39/39/39 1461/1461/1461 1479/1479/1479
f 39/39/39 1479/1479/1479 38/38/38
f 38/38/38 1479/1479/1479 1480/1480/1480
f 38/38/38 1480/1480/1480 33/33/33
f 1479/1479/1479 1481/1481/1481 1482/1482/1482
f 1479/1479/1479 1482/1482/1482 1480/1480/1480
f 1461/1461/1461 1463/1463/1463 1481/1481/1481
f 1461/1461/1461 1481/1481/1481 1479/1479/1479
f 63/63/63 1467/1467/1467 1483/1483/1483
f 63/63/63 1483/1483/1483 72/72/72
f 72/72/72 1483/1483/1483 1443/1443/1443
f 72/72/72 1443/1443/1443 57/57/57
f 1483/1483/1483 1484/1484/1484 1448/1448/1448
f 1483/1483/1483 1448/1448/1448 1443/1443/1443
f 1467/1467/1467 1469/1469/1469 1484/1484/1484
f 1467/1467/1467 1484/1484/1484 1483/1483/1483
f 17/17/17 1455/1455/1455 1485/1485/1485
f 17/17/17 1485/1485/1485 1279/1279/1279
f 1279/1279/1279 1485/1485/1485 1475/1475/1475
f 1279/1279/1279 1475/1475/1475 9/9/9
f 1485/1485/1485 1486/1486/1486 1478/1478/1478
f 1485/1485/1485 1478/1478/1478 1475/1475/1475
f 1455/1455/1455 1457/1457/1457 1486/1486/1486
f 1455/1455/1455 1486/1486/1486 1485/1485/1485
f 24/24/24 1472/1472/1472 1487/1487/1487
f 24/24/24 1487/1487/1487 23/23/23
f 23/23/23 1487/1487/1487 1453/1453/1453
f 23/23/23 1453/1453/1453 18/18/18
f 1487/1487/1487 1488/1488/1488 1458/1458/1458
f 1487/1487/1487 1458/1458/1458 1453/1453/1453
f 1472/1472/1472 1474/1474/1474 1488/1488/1488
f 1472/1472/1472 1488/1488/1488 1487/1487/1487
f 33/33/33 1480/1480/1480 1489/1489/1489
f 33/33/33 1489/1489/1489 31/31/31
f 31/31/31 1489/1489/1489 1465/1465/1465
f 31/31/31 1465/1465/1465 32/32/32
f 1489/1489/1489 1490/1490/1490 1470/1470/1470
f 1489/1489/1489 1470/1470/1470 1465/1465/1465
f 1480/1480/1480 1482/1482/1482 1490/1490/1490
f 1480/1480/1480 1490/1490/1490 1489/1489/1489
f 1085/1085/1085 1087/1087/1087 1334/1334/1334
f 1334/1334/1334 1079/1079/1079 1078/1078/1078
f 1078/1078/1078 1080/1080/1080 1322/1322/1322
f 1322/1322/1322 620/620/620 619/619/619
f 619/619/619 621/621/621 1072/1072/1072
f 1072/1072/1072 1073/1073/1073 1110/1110/1110
f 1110/1110/1110 1111/1111/1111 1236/1236/1236
f 1236/1236/1236 1105/1105/1105 1104/1104/1104
f 1104/1104/1104 1106/1106/1106 1183/1183/1183
f 1183/1183/1183 1099/1099/1099 1098/1098/1098
f 1098/1098/1098 1092/1092/1092 1091/1091/1091
f 1091/1091/1091 1093/1093/1093 1095/1095/1095
f 1095/1095/1095 1086/1086/1086 1085/1085/1085
f 1085/1085/1085 1334/1334/1334 1078/1078/1078
f 1078/1078/1078 1322/1322/1322 619/619/619
f 619/619/619 1072/1072/1072 1110/1110/1110
f 1110/1110/1110 1236/1236/1236 1104/1104/1104
f 1104/1104/1104 1183/1183/1183 1098/1098/1098
f 1098/1098/1098 1091/1091/1091 1095/1095/1095
f 1095/1095/1095 1085/1085/1085 1078/1078/1078
f 1078/1078/1078 619/619/619 1110/1110/1110
f 1110/1110/1110 1104/1104/1104 1098/1098/1098
f 1098/1098/1098 1095/1095/1095 1078/1078/1078
f 1078/1078/1078 1110/1110/1110 1098/1098/1098
f 1473/1473/1473 1452/1452/1452 1451/1451/1451
f 1451/1451/1451 1447/1447/1447 1446/1446/1446
f 1446/1446/1446 1448/1448/1448 1484/1484/1484
f 1484/1484/1484 1469/1469/1469 1468/1468/1468
f 1468/1468/1468 1470/1470/1470 1490/1490/1490
f 1490/1490/1490 1482/1482/1482 1481/1481/1481
f 1481/1481/1481 1463/1463/1463 1462/1462/1462
f 1462/1462/1462 1464/1464/1464 1477/1477/1477
f 1477/1477/1477 1478/1478/1478 1486/1486/1486
f 1486/1486/1486 1457/1457/1457 1456/1456/1456
f 1456/1456/1456 1458/1458/1458 1488/1488/1488
f 1488/1488/1488 1474/1474/1474 1473/1473/1473
f 1473/1473/1473 1451/1451/1451 1446/1446/1446
f 1446/1446/1446 1484/1484/1484 1468/1468/1468
f 1468/1468/1468 1490/1490/1490 1481/1481/1481
f 1481/1481/1481 1462/1462/1462 1477/1477/1477
f 1477/1477/1477 1486/1486/1486 1456/1456/1456
f 1456/1456/1456 1488/1488/1488 1473/1473/1473
f 1473/1473/1473 1446/1446/1446 1468/1468/1468
f 1468/1468/1468 1481/1481/1481 1477/1477/1477
f 1477/1477/1477 1456/1456/1456 1473/1473/1473
f 1468/1468/1468 1477/1477/1477 1473/1473/1473
