v 1.71744 1.05187 0.0101126
v 1.71636 1.05304 0.00856073
v 1.715 1.05223 0.00901444
v 1.71608 1.05111 0.0104576
v 1.71532 1.05355 0.00617588
v 1.71394 1.05267 0.00679046
v 1.71296 1.05149 0.0070513
v 1.71391 1.0511 0.00901108
v 1.71489 1.05009 0.0102846
v 1.71955 1.04811 0.0110425
v 1.71849 1.05013 0.010819
v 1.71714 1.0494 0.0111225
v 1.7182 1.04739 0.0113418
v 1.71586 1.04851 0.0108761
v 1.71685 1.04665 0.0110766
v 1.7138 1.04867 0.00978908
v 1.71459 1.04738 0.0102671
v 1.71277 1.04702 0.00913618
v 1.71333 1.04609 0.00947729
v 1.71392 1.04499 0.00959455
v 1.71541 1.04584 0.010431
v 1.71225 1.04981 0.0071881
v 1.71301 1.0495 0.00876396
v 1.71166 1.04783 0.00728152
v 1.7122 1.04761 0.00840511
v 1.7116 1.05057 0.00229933
v 1.71115 1.04908 0.00336851
v 1.71157 1.04964 0.00521142
v 1.71213 1.05127 0.00459216
v 1.71087 1.04731 0.00455832
v 1.71118 1.04771 0.00587223
v 1.71195 1.04812 5.59286e-05
v 1.71143 1.04709 0.00156581
v 1.71111 1.04823 0.00215995
v 1.71155 1.04952 0.000795896
v 1.71108 1.04589 0.00327314
v 1.71085 1.0467 0.00369666
v 1.71237 1.05046 -0.000301325
v 1.71281 1.04891 -0.00114079
v 1.71242 1.05165 0.00140155
v 1.71389 1.05256 0.000446367
v 1.7139 1.05135 -0.00135133
v 1.71438 1.04976 -0.00223565
v 1.71301 1.05243 0.00400088
v 1.71442 1.05334 0.00320354
v 1.71627 1.0525 -0.00264514
v 1.71684 1.05095 -0.00352641
v 1.71611 1.05366 -0.00083638
v 1.71851 1.05507 -0.00260287
v 1.71881 1.05394 -0.00444554
v 1.71949 1.05239 -0.00532963
v 1.71646 1.05435 0.00196818
v 1.71716 1.05445 0.00502006
v 1.71922 1.05569 0.00345352
v 1.71868 1.05569 0.000291444
v 1.72094 1.05565 -0.00689832
v 1.72172 1.05396 -0.00783917
v 1.72056 1.05689 -0.00490471
v 1.72276 1.05921 -0.00748916
v 1.72315 1.05776 -0.00970948
v 1.72406 1.05583 -0.0107392
v 1.72074 1.05758 -0.00174378
v 1.72131 1.05755 0.0016792
v 1.7239 1.0601 -0.000128144
v 1.72309 1.06007 -0.00393824
v 1.72079 1.05361 0.00772811
v 1.71994 1.05496 0.00602519
v 1.71804 1.05384 0.007501
v 1.719 1.0526 0.00913042
v 1.72598 1.05739 0.00480376
v 1.72489 1.05912 0.00282076
v 1.72206 1.0567 0.00439502
v 1.72294 1.05518 0.00619885
v 1.72276 1.04978 0.00877566
v 1.72173 1.0518 0.0085266
v 1.71999 1.05085 0.00986717
v 1.72101 1.04886 0.0100903
v 1.72842 1.05283 0.00642406
v 1.72718 1.05521 0.00596448
v 1.72394 1.05319 0.00713267
v 1.72504 1.051 0.00746161
v 1.72208 1.04688 0.0101184
v 1.72383 1.04777 0.0087731
v 1.72064 1.04609 0.0110825
v 1.72151 1.04421 0.010612
v 1.72298 1.04505 0.0096082
v 1.7248 1.04592 0.00819752
v 1.72621 1.04883 0.00739542
v 1.72965 1.05046 0.00625504
v 1.72728 1.04682 0.00669947
v 1.73077 1.04818 0.00535813
v 1.72351 1.04345 0.00815749
v 1.72548 1.04434 0.00667175
v 1.72193 1.04257 0.00924371
v 1.72184 1.04128 0.00697546
v 1.72359 1.04223 0.00579144
v 1.72574 1.04316 0.00421504
v 1.72809 1.04509 0.00508532
v 1.73166 1.04611 0.00358703
v 1.72846 1.0438 0.00249376
v 1.73204 1.04449 0.000779117
v 1.72041 1.04029 0.00124595
v 1.72254 1.04144 -6.48018e-05
v 1.72321 1.04151 0.00277875
v 1.72127 1.04047 0.00404267
v 1.72503 1.04254 -0.00183971
v 1.72555 1.04251 0.001093
v 1.72772 1.04313 -0.00408469
v 1.72827 1.04309 -0.000884029
v 1.73095 1.04354 -0.00656952
v 1.73171 1.04356 -0.00297673
v 1.72349 1.0447 -0.00485962
v 1.72609 1.04557 -0.00733613
v 1.72699 1.04402 -0.0062027
v 1.72435 1.04332 -0.00379744
v 1.72902 1.04632 -0.010177
v 1.73006 1.04454 -0.00892988
v 1.71846 1.0421 -0.00173627
v 1.72081 1.0434 -0.00304854
v 1.72173 1.04211 -0.00198846
v 1.71947 1.04087 -0.00066835
v 1.72139 1.04848 -0.00549383
v 1.72381 1.0497 -0.00801149
v 1.72499 1.04752 -0.00782976
v 1.72247 1.04648 -0.00532366
v 1.72644 1.051 -0.0109175
v 1.72777 1.04854 -0.0107174
v 1.71624 1.04582 -0.00237836
v 1.71868 1.04708 -0.00368241
v 1.71976 1.04512 -0.00351212
v 1.71736 1.04382 -0.0022043
v 1.72037 1.05051 -0.00557026
v 1.72271 1.05191 -0.00809317
v 1.72518 1.0535 -0.0110112
v 1.71521 1.04786 -0.00246772
v 1.71767 1.04909 -0.00376342
v 1.71365 1.04451 -3.79273e-05
v 1.71465 1.045 -0.00126086
v 1.71576 1.04302 -0.00108943
v 1.71468 1.04266 0.000119044
v 1.71687 1.04133 -0.000640034
v 1.7157 1.04111 0.000519914
v 1.71269 1.0464 -0.000127695
v 1.71362 1.04704 -0.0013547
v 1.71283 1.04412 0.00149521
v 1.71204 1.04567 0.00142033
v 1.71208 1.04376 0.00322344
v 1.71152 1.04488 0.00316969
v 1.71452 1.04132 0.00194749
v 1.71369 1.0426 0.00162367
v 1.71329 1.04176 0.00354641
v 1.71269 1.04267 0.00331533
v 1.71747 1.0396 0.00302545
v 1.71595 1.04009 0.00396272
v 1.71526 1.04046 0.00267384
v 1.71661 1.04005 0.0014224
v 1.71431 1.04088 0.00498335
v 1.71382 1.04114 0.00406439
v 1.71884 1.04051 0.00777741
v 1.71705 1.04083 0.00778231
v 1.7166 1.04025 0.00583252
v 1.71827 1.03979 0.00535169
v 1.7151 1.04141 0.00770655
v 1.71477 1.04099 0.00631643
v 1.71788 1.04016 0.000378973
v 1.71883 1.03964 0.00219383
v 1.71972 1.03985 0.00483092
v 1.72035 1.04067 0.00758274
v 1.72014 1.04352 0.0109584
v 1.72051 1.04192 0.00969474
v 1.71864 1.04308 0.0107486
v 1.71898 1.04163 0.00963759
v 1.71689 1.0429 0.0101708
v 1.71717 1.04173 0.00927785
v 1.71498 1.04289 0.00940945
v 1.71518 1.04205 0.00877285
v 1.71928 1.04538 0.0113877
v 1.71785 1.04478 0.0111229
v 1.71624 1.0443 0.0104704
v 1.71451 1.04389 0.00962292
v 1.72978 1.05267 -0.0138423
v 1.73129 1.0499 -0.0136244
v 1.73356 1.05456 -0.0167255
v 1.73522 1.05154 -0.0164969
v 1.73679 1.04877 -0.015889
v 1.73271 1.04738 -0.0130404
v 1.72836 1.05548 -0.0139492
v 1.72707 1.05811 -0.0136634
v 1.73057 1.06052 -0.0165525
v 1.73199 1.05763 -0.0168421
v 1.73742 1.05651 -0.019628
v 1.73917 1.05335 -0.0193995
v 1.74161 1.05864 -0.0227862
v 1.74341 1.0554 -0.022565
v 1.74519 1.05244 -0.0219903
v 1.74085 1.05046 -0.0187981
v 1.73575 1.05972 -0.0197472
v 1.73425 1.06275 -0.0194675
v 1.73832 1.06504 -0.0226433
v 1.73986 1.06192 -0.0229036
v 1.74462 1.06444 -0.0265659
v 1.74643 1.0611 -0.0264508
v 1.74302 1.06765 -0.0263289
v 1.74841 1.07064 -0.0306578
v 1.75005 1.06734 -0.030872
v 1.75194 1.06392 -0.0307558
v 1.7483 1.05779 -0.0262388
v 1.75387 1.06054 -0.0305519
v 1.75582 1.05743 -0.0300379
v 1.75017 1.05477 -0.025697
v 1.75203 1.05236 -0.0244116
v 1.74687 1.05007 -0.0206354
v 1.75783 1.05497 -0.0288073
v 1.75998 1.05377 -0.0261804
v 1.754 1.05116 -0.0217356
v 1.74862 1.04886 -0.0178879
v 1.74238 1.04812 -0.0173865
v 1.73816 1.04654 -0.0144686
v 1.74392 1.04689 -0.0145854
v 1.73949 1.04534 -0.0116993
v 1.75608 1.0517 -0.0173211
v 1.75045 1.0493 -0.0134488
v 1.76225 1.05439 -0.0217645
v 1.76408 1.05669 -0.0165862
v 1.75769 1.05387 -0.0122498
v 1.75181 1.05131 -0.00845757
v 1.74552 1.04724 -0.0101491
v 1.74085 1.04558 -0.00738639
v 1.74661 1.04908 -0.00530646
v 1.74167 1.04719 -0.00280748
v 1.75179 1.05816 -0.00103693
v 1.7461 1.0555 0.00143579
v 1.74667 1.05209 -0.00137666
v 1.75215 1.05453 -0.00419118
v 1.74074 1.05293 0.0031188
v 1.74149 1.04986 0.000710992
v 1.76494 1.06431 -0.00825659
v 1.75814 1.06112 -0.00440286
v 1.75832 1.05729 -0.00777454
v 1.76494 1.06029 -0.0118757
v 1.74994 1.06429 0.00139194
v 1.74427 1.06134 0.00366547
v 1.74535 1.0586 0.00316255
v 1.75109 1.06143 0.000854772
v 1.7388 1.05846 0.0050349
v 1.73989 1.05582 0.00460442
v 1.76297 1.07108 -0.00552594
v 1.75623 1.06756 -0.00184453
v 1.75746 1.06457 -0.00240464
v 1.76428 1.06795 -0.00611902
v 1.74818 1.06684 0.000526738
v 1.7426 1.06383 0.00282826
v 1.74585 1.06914 -0.00167049
v 1.74048 1.06614 0.000791796
v 1.73538 1.06322 0.00248096
v 1.73725 1.06092 0.00427241
v 1.76098 1.07378 -0.00645942
v 1.75435 1.07017 -0.00272781
v 1.75827 1.0761 -0.0089055
v 1.75184 1.07248 -0.00502732
v 1.74315 1.07113 -0.00508327
v 1.7381 1.06818 -0.00228028
v 1.74045 1.07217 -0.00952895
v 1.73578 1.06932 -0.0063905
v 1.7315 1.06644 -0.00387414
v 1.73341 1.06527 -0.000180357
v 1.75497 1.078 -0.012771
v 1.74882 1.07442 -0.00865409
v 1.75162 1.07888 -0.0176418
v 1.74577 1.07538 -0.0133044
v 1.7291 1.06495 -0.012794
v 1.7299 1.06624 -0.00852624
v 1.73384 1.06901 -0.0113071
v 1.73283 1.06755 -0.0156955
v 1.73822 1.07173 -0.0145903
v 1.73702 1.07013 -0.0189777
v 1.74326 1.07481 -0.01844
v 1.74186 1.07305 -0.0227984
v 1.74888 1.07821 -0.0228747
v 1.74732 1.07632 -0.0272302
v 1.73719 1.06782 -0.0215515
v 1.74192 1.07058 -0.0253012
v 1.74731 1.07371 -0.0296827
v 1.72945 1.06299 -0.0153944
v 1.73311 1.0654 -0.0183229
v 1.72604 1.06033 -0.0125505
v 1.72566 1.06205 -0.0101028
v 1.72622 1.06312 -0.00614295
v 1.72742 1.06323 -0.00188867
v 1.75485 1.08178 -0.0278371
v 1.75323 1.07982 -0.032235
v 1.75773 1.08251 -0.0224255
v 1.76386 1.08607 -0.0274686
v 1.76084 1.08525 -0.0330144
v 1.75911 1.0832 -0.0374184
v 1.75321 1.0771 -0.0346758
v 1.75435 1.07393 -0.0356235
v 1.75908 1.08041 -0.0398459
v 1.76025 1.07717 -0.0407777
v 1.76654 1.0884 -0.0381071
v 1.76453 1.08618 -0.042405
v 1.76981 1.08936 -0.0325891
v 1.77562 1.09249 -0.0376952
v 1.77206 1.09136 -0.0431253
v 1.76966 1.08893 -0.0472521
v 1.76441 1.08331 -0.0447771
v 1.7656 1.08004 -0.0456873
v 1.7694 1.08597 -0.0495407
v 1.77059 1.08268 -0.0504243
v 1.7774 1.09419 -0.0479709
v 1.77462 1.09155 -0.0519301
v 1.78121 1.09547 -0.042579
v 1.78571 1.09779 -0.0464775
v 1.78171 1.0964 -0.0518035
v 1.77867 1.09362 -0.0556294
v 1.77422 1.08851 -0.0541345
v 1.7754 1.08521 -0.0549931
v 1.77819 1.09054 -0.0577757
v 1.77938 1.08725 -0.0586241
v 1.77418 1.07551 -0.0503615
v 1.77227 1.07914 -0.0505387
v 1.77704 1.08165 -0.0550776
v 1.77891 1.078 -0.0548799
v 1.781 1.0837 -0.0586925
v 1.78283 1.08006 -0.0584828
v 1.76395 1.07015 -0.0408137
v 1.76198 1.07371 -0.0409508
v 1.76731 1.07653 -0.0458331
v 1.76927 1.07293 -0.0456773
v 1.78098 1.07446 -0.0547183
v 1.77624 1.07196 -0.0501886
v 1.7849 1.07655 -0.05833
v 1.78702 1.0733 -0.0579202
v 1.7831 1.0712 -0.0542962
v 1.77834 1.06869 -0.0497451
v 1.77131 1.06938 -0.0454931
v 1.76597 1.06661 -0.0406205
v 1.77339 1.0661 -0.0450274
v 1.76801 1.06336 -0.0401365
v 1.78523 1.06852 -0.0531486
v 1.78047 1.06602 -0.0485791
v 1.78911 1.07062 -0.0567783
v 1.79189 1.06956 -0.0544346
v 1.78794 1.06742 -0.050751
v 1.78304 1.06486 -0.0461005
v 1.77551 1.06345 -0.0438419
v 1.77013 1.06075 -0.038937
v 1.77793 1.06222 -0.0412829
v 1.77244 1.05949 -0.0363265
v 1.7915 1.06867 -0.046718
v 1.78622 1.06591 -0.0419023
v 1.79571 1.07095 -0.05053
v 1.79875 1.07393 -0.0451407
v 1.79435 1.07156 -0.0412794
v 1.78883 1.06867 -0.0364475
v 1.78072 1.06306 -0.0369157
v 1.77493 1.06018 -0.0318555
v 1.78306 1.06568 -0.0313956
v 1.77704 1.06267 -0.0263293
v 1.78955 1.07652 -0.0254721
v 1.78423 1.07378 -0.0209297
v 1.78416 1.06951 -0.0256908
v 1.78976 1.0724 -0.0305396
v 1.77838 1.07082 -0.0163767
v 1.77818 1.06651 -0.0208404
v 1.79858 1.08124 -0.0329872
v 1.79445 1.07906 -0.0295517
v 1.79504 1.07514 -0.035048
v 1.79934 1.07744 -0.0387439
v 1.78758 1.08417 -0.0216397
v 1.78227 1.08134 -0.0173346
v 1.78363 1.07781 -0.0180834
v 1.78888 1.08055 -0.0224259
v 1.7764 1.07821 -0.0130248
v 1.77779 1.07478 -0.0137314
v 1.79661 1.08898 -0.0286032
v 1.79244 1.08677 -0.0254169
v 1.7937 1.08307 -0.0262503
v 1.79781 1.08525 -0.0294915
v 1.78533 1.08718 -0.0230837
v 1.78002 1.0843 -0.0186492
v 1.78241 1.08969 -0.0265946
v 1.77701 1.08674 -0.0219152
v 1.77118 1.08348 -0.0172292
v 1.77418 1.08109 -0.0142081
v 1.79437 1.09204 -0.030296
v 1.79021 1.08983 -0.0269961
v 1.79163 1.09464 -0.0343287
v 1.78742 1.09242 -0.0308052
v 1.77915 1.09172 -0.0318089
v 1.77348 1.08863 -0.0268527
v 1.76754 1.08532 -0.0218973
v 1.78892 1.09691 -0.0401868
v 1.78452 1.09461 -0.0364202
v 1.79678 1.09705 -0.0393104
v 1.79356 1.09895 -0.0445333
v 1.79178 1.09825 -0.042758
v 1.79466 1.09612 -0.0370859
v 1.78988 1.09954 -0.0500608
v 1.78839 1.09901 -0.0487826
v 1.80215 1.09189 -0.0336077
v 1.79983 1.09474 -0.0353837
v 1.79752 1.09363 -0.0330319
v 1.79979 1.09066 -0.0312751
v 1.78427 1.09755 -0.0539258
v 1.78118 1.09475 -0.0576665
v 1.78569 1.09803 -0.0549565
v 1.78265 1.09528 -0.0586418
v 1.79966 1.09826 -0.0437007
v 1.79634 1.09991 -0.0475309
v 1.79493 1.09945 -0.0460456
v 1.79838 1.09773 -0.0413504
v 1.79273 1.10048 -0.0526846
v 1.79106 1.09991 -0.0511188
v 1.78681 1.09836 -0.0557953
v 1.78385 1.09567 -0.0594146
v 1.78815 1.09867 -0.0572023
v 1.78537 1.09612 -0.0605948
v 1.78355 1.08916 -0.061673
v 1.78227 1.09231 -0.0607839
v 1.78355 1.09277 -0.0615538
v 1.78488 1.0897 -0.062463
v 1.78521 1.09335 -0.0626416
v 1.7866 1.09036 -0.0635406
v 1.78072 1.0917 -0.0597983
v 1.78195 1.08848 -0.0606609
v 1.78694 1.08222 -0.0615683
v 1.78516 1.08574 -0.0617669
v 1.7865 1.08636 -0.0625749
v 1.78826 1.08292 -0.0623867
v 1.78821 1.08713 -0.0636691
v 1.78992 1.08382 -0.0634971
v 1.78356 1.08498 -0.0607361
v 1.78536 1.08139 -0.0605281
v 1.79022 1.07959 -0.0622424
v 1.78895 1.07883 -0.0614225
v 1.7918 1.08061 -0.0633539
v 1.79365 1.07753 -0.0629143
v 1.79215 1.07645 -0.0618086
v 1.79095 1.07565 -0.0609989
v 1.7874 1.07793 -0.0603802
v 1.78947 1.07472 -0.0599675
v 1.79399 1.07376 -0.0606066
v 1.79287 1.07296 -0.059816
v 1.79536 1.07483 -0.0617227
v 1.7977 1.07364 -0.0594562
v 1.7965 1.07264 -0.0582537
v 1.7955 1.07187 -0.0574653
v 1.79149 1.07203 -0.0588102
v 1.79423 1.07097 -0.0564755
v 1.80022 1.074 -0.0545288
v 1.7993 1.07327 -0.0536828
v 1.80121 1.07491 -0.055955
v 1.80506 1.07818 -0.0513664
v 1.80363 1.07713 -0.0497669
v 1.80261 1.07637 -0.0487089
v 1.7981 1.07239 -0.0526478
v 1.80128 1.07545 -0.0474326
v 1.80368 1.08418 -0.0379571
v 1.80156 1.08292 -0.0357258
v 1.8021 1.07904 -0.0412964
v 1.8038 1.08014 -0.0430731
v 1.80659 1.08588 -0.042381
v 1.8053 1.08516 -0.0399917
v 1.80511 1.08101 -0.0445799
v 1.80636 1.08191 -0.0460941
v 1.80095 1.08695 -0.032216
v 1.80327 1.08825 -0.0345736
v 1.80493 1.09325 -0.039786
v 1.80387 1.09277 -0.0360172
v 1.805 1.08921 -0.0369057
v 1.80618 1.08978 -0.0402366
v 1.80265 1.09605 -0.0410225
v 1.80153 1.09554 -0.0377188
v 1.80529 1.09327 -0.0456625
v 1.80322 1.09627 -0.0458701
v 1.80517 1.09302 -0.051394
v 1.80334 1.09619 -0.0505797
v 1.80136 1.09879 -0.0495165
v 1.80071 1.09868 -0.04665
v 1.80682 1.0899 -0.0451774
v 1.80763 1.08637 -0.045466
v 1.80817 1.08666 -0.0485059
v 1.80695 1.08979 -0.0500028
v 1.80399 1.09221 -0.0556187
v 1.80476 1.09268 -0.0546286
v 1.8066 1.08963 -0.0529013
v 1.80583 1.08932 -0.0540535
v 1.80801 1.08677 -0.0507049
v 1.80732 1.08661 -0.05213
v 1.80248 1.09527 -0.0545035
v 1.80311 1.09582 -0.053393
v 1.80098 1.09792 -0.0529351
v 1.80143 1.09846 -0.0515797
v 1.80834 1.08416 -0.0507983
v 1.80779 1.0841 -0.0523314
v 1.80836 1.08384 -0.0491641
v 1.80798 1.08202 -0.0506833
v 1.80789 1.08205 -0.0521725
v 1.80766 1.08243 -0.0532326
v 1.80761 1.083 -0.0475894
v 1.80718 1.08066 -0.0507194
v 1.80538 1.07839 -0.0554527
v 1.80703 1.08034 -0.0535308
v 1.80787 1.07968 -0.0577075
v 1.80722 1.08144 -0.0548158
v 1.80925 1.08235 -0.0543617
v 1.80737 1.08351 -0.053773
v 1.80836 1.08536 -0.0533501
v 1.80668 1.0861 -0.0530057
v 1.8024 1.07614 -0.0584755
v 1.79942 1.07509 -0.0614174
v 1.8018 1.07643 -0.0636325
v 1.80428 1.07737 -0.0611898
v 1.8155 1.08053 -0.0531392
v 1.816 1.08298 -0.0523568
v 1.81553 1.07832 -0.0556416
v 1.82304 1.076 -0.0544002
v 1.82325 1.07846 -0.0523625
v 1.82396 1.08098 -0.0520784
v 1.80689 1.07814 -0.0636077
v 1.81051 1.07932 -0.0611705
v 1.80483 1.07712 -0.0655828
v 1.80862 1.07744 -0.0677761
v 1.80963 1.07923 -0.0658381
v 1.81216 1.0813 -0.0635179
v 1.8167 1.07785 -0.0582647
v 1.81795 1.07913 -0.059836
v 1.82459 1.07633 -0.0584787
v 1.82368 1.07526 -0.0567627
v 1.83006 1.0766 -0.0540387
v 1.83067 1.07907 -0.0540253
v 1.82962 1.07412 -0.0558982
v 1.83518 1.07277 -0.0591724
v 1.83569 1.07503 -0.0573941
v 1.83603 1.07733 -0.0574981
v 1.82979 1.07334 -0.0582006
v 1.83027 1.07433 -0.060079
v 1.83492 1.07314 -0.0634185
v 1.83493 1.07216 -0.0614643
v 1.84026 1.07377 -0.0612915
v 1.84027 1.07585 -0.0614964
v 1.83979 1.07181 -0.0629078
v 1.84306 1.07121 -0.0671053
v 1.84344 1.07282 -0.0658014
v 1.84316 1.07463 -0.0660659
v 1.83922 1.07142 -0.0651113
v 1.83876 1.07244 -0.0670525
v 1.8414 1.07207 -0.0707134
v 1.84223 1.07106 -0.0689965
v 1.84483 1.07219 -0.07112
v 1.84437 1.07364 -0.0713594
v 1.84451 1.07097 -0.0719609
v 1.84382 1.07096 -0.0771352
v 1.84407 1.07179 -0.076739
v 1.84357 1.07285 -0.0769081
v 1.84349 1.07101 -0.0732479
v 1.84241 1.07192 -0.0744544
v 1.84172 1.07183 -0.0784353
v 1.8428 1.07109 -0.0777889
v 1.84129 1.07156 -0.0818511
v 1.84097 1.07225 -0.0818989
v 1.8412 1.07104 -0.0819311
v 1.83892 1.0712 -0.0847853
v 1.83847 1.0715 -0.0853138
v 1.83877 1.07191 -0.0848011
v 1.84045 1.07118 -0.0822496
v 1.83972 1.0717 -0.0824865
v 1.8381 1.0716 -0.0850383
v 1.83811 1.07133 -0.0854322
v 1.83805 1.07212 -0.0851334
v 1.83799 1.07202 -0.0854999
v 1.83719 1.07161 -0.086571
v 1.83764 1.07185 -0.0856183
v 1.84132 1.07259 -0.078812
v 1.83941 1.07219 -0.0827292
v 1.84166 1.07314 -0.0786233
v 1.83968 1.07252 -0.0826366
v 1.84259 1.07329 -0.0777621
v 1.84026 1.07257 -0.0823307
v 1.84128 1.07478 -0.0708229
v 1.84222 1.07528 -0.0683572
v 1.84329 1.0742 -0.0729528
v 1.84227 1.0739 -0.0746267
v 1.84101 1.07352 -0.0715524
v 1.84194 1.07302 -0.0750806
v 1.83538 1.07713 -0.0632912
v 1.83583 1.07803 -0.0602258
v 1.83964 1.07654 -0.0641493
v 1.83889 1.07583 -0.0670647
v 1.83507 1.07516 -0.064296
v 1.8386 1.07419 -0.0679692
v 1.8251 1.08096 -0.0573525
v 1.82466 1.08187 -0.0543922
v 1.83095 1.07982 -0.0566454
v 1.83091 1.07881 -0.0596897
v 1.82509 1.07868 -0.0587924
v 1.83067 1.07657 -0.0608074
v 1.81069 1.0868 -0.0591313
v 1.80976 1.08647 -0.0553428
v 1.81698 1.08412 -0.0542602
v 1.81788 1.08363 -0.0572392
v 1.81287 1.08415 -0.0617835
v 1.81838 1.08151 -0.0593504
v 1.80359 1.09175 -0.0600023
v 1.80261 1.09136 -0.0570686
v 1.80509 1.08879 -0.0564461
v 1.806 1.08942 -0.0595686
v 1.80225 1.09124 -0.0554532
v 1.80448 1.08845 -0.0546164
v 1.80926 1.08834 -0.0662133
v 1.80922 1.08805 -0.0634416
v 1.81104 1.08569 -0.0648818
v 1.81073 1.08669 -0.0676544
v 1.81179 1.08323 -0.0665685
v 1.81188 1.08465 -0.0682715
v 1.80558 1.09244 -0.067371
v 1.8046 1.09211 -0.063644
v 1.80665 1.08999 -0.0633613
v 1.80769 1.08987 -0.0670071
v 1.80294 1.09501 -0.0599301
v 1.80181 1.09482 -0.0568694
v 1.80333 1.1003 -0.0599302
v 1.80245 1.09997 -0.0561991
v 1.80069 1.09953 -0.0542952
v 1.80113 1.09463 -0.0550749
v 1.80456 1.09562 -0.0672941
v 1.80394 1.09496 -0.0636498
v 1.80411 1.09781 -0.0666985
v 1.80373 1.09812 -0.0640057
v 1.80464 1.10803 -0.0585598
v 1.80447 1.10723 -0.0555505
v 1.80644 1.11544 -0.0591228
v 1.80685 1.1148 -0.0560965
v 1.80562 1.11488 -0.0538384
v 1.80293 1.10718 -0.0537243
v 1.80358 1.09988 -0.0682921
v 1.80278 1.10087 -0.065678
v 1.80247 1.102 -0.069081
v 1.80111 1.1029 -0.0675216
v 1.79958 1.10443 -0.0647084
v 1.80238 1.1034 -0.0628323
v 1.80098 1.1104 -0.0614668
v 1.8032 1.10947 -0.0608253
v 1.80232 1.11746 -0.0605743
v 1.80457 1.11658 -0.0607275
v 1.8079 1.12135 -0.0618397
v 1.80863 1.12107 -0.0587317
v 1.80903 1.12584 -0.0657483
v 1.8099 1.12597 -0.0626441
v 1.80931 1.12673 -0.0599906
v 1.80774 1.12145 -0.0561698
v 1.80382 1.12323 -0.0625481
v 1.80594 1.12229 -0.0631167
v 1.80546 1.12762 -0.0661664
v 1.80725 1.12658 -0.0668899
v 1.81 1.12925 -0.0697592
v 1.81087 1.12971 -0.0668319
v 1.8106 1.13154 -0.0736848
v 1.81142 1.13224 -0.0712297
v 1.8113 1.13357 -0.0690376
v 1.81054 1.13082 -0.0642696
v 1.80711 1.131 -0.0700053
v 1.80852 1.12983 -0.0707753
v 1.80842 1.13315 -0.0737915
v 1.80944 1.13196 -0.074498
v 1.81058 1.13258 -0.0775839
v 1.81133 1.1334 -0.0759355
v 1.80979 1.1322 -0.0815981
v 1.8104 1.13296 -0.0807669
v 1.81055 1.1341 -0.0799912
v 1.8114 1.13473 -0.0744368
v 1.80903 1.13381 -0.0775706
v 1.8097 1.13276 -0.07809
v 1.80876 1.133 -0.0815133
v 1.80917 1.1322 -0.0818133
v 1.80833 1.13058 -0.085561
v 1.80868 1.13106 -0.085277
v 1.80718 1.12923 -0.0880115
v 1.80708 1.12921 -0.0883819
v 1.8074 1.12998 -0.0877272
v 1.8088 1.13186 -0.0849008
v 1.80769 1.13108 -0.0854761
v 1.80792 1.13053 -0.0856673
v 1.80679 1.12958 -0.087959
v 1.80675 1.129 -0.088498
v 1.80634 1.12869 -0.0894482
v 1.80659 1.12971 -0.0883735
v 1.80692 1.13051 -0.0877725
v 1.80692 1.12992 -0.0882573
v 1.80917 1.13534 -0.0803728
v 1.80797 1.13274 -0.085035
v 1.80767 1.132 -0.08531
v 1.80874 1.13436 -0.0809709
v 1.80843 1.13253 -0.0849197
v 1.80997 1.13512 -0.0799245
v 1.81046 1.13594 -0.0743297
v 1.80995 1.13481 -0.068926
v 1.80931 1.13628 -0.0752482
v 1.80845 1.13527 -0.070334
v 1.80883 1.13531 -0.0764842
v 1.80797 1.13452 -0.0721943
v 1.80879 1.13196 -0.0642266
v 1.8072 1.1277 -0.0600512
v 1.80696 1.13251 -0.0659696
v 1.80511 1.12837 -0.0619769
v 1.80643 1.13208 -0.0681699
v 1.80455 1.12831 -0.0642971
v 1.80534 1.12229 -0.0563493
v 1.80314 1.11564 -0.0542821
v 1.80311 1.12312 -0.0583744
v 1.80105 1.11665 -0.0564837
v 1.80265 1.12351 -0.0607343
v 1.80087 1.11741 -0.0589131
v 1.80062 1.10804 -0.054657
v 1.7987 1.10179 -0.0555474
v 1.79886 1.10909 -0.0572893
v 1.79579 1.1019 -0.0589646
v 1.79919 1.11017 -0.0599603
v 1.79699 1.10424 -0.0624852
v 1.79326 1.10049 -0.0566895
v 1.7899 1.099 -0.0596873
v 1.79198 1.10003 -0.0623689
v 1.78989 1.09838 -0.0646965
v 1.78755 1.09685 -0.0625212
v 1.79593 1.10098 -0.0520077
v 1.79568 1.10092 -0.0547365
v 1.7975 1.10092 -0.0519103
v 1.79752 1.10076 -0.0533275
v 1.79774 1.10032 -0.0543236
v 1.79676 1.10046 -0.0559442
v 1.79854 1.09956 -0.0547986
v 1.79917 1.09958 -0.0533334
v 1.8003 1.09769 -0.0538235
v 1.79393 1.10205 -0.0647569
v 1.79628 1.10385 -0.0669307
v 1.79396 1.10457 -0.0687951
v 1.79188 1.10107 -0.0666132
v 1.79946 1.10006 -0.0518729
v 1.79915 1.10036 -0.0503646
v 1.80156 1.09476 -0.0546762
v 1.80292 1.09162 -0.0553898
v 1.79798 1.10028 -0.048928
v 1.79197 1.09304 -0.0672914
v 1.79026 1.09599 -0.0663556
v 1.79247 1.09875 -0.0682724
v 1.79459 1.0955 -0.0694878
v 1.7942 1.1017 -0.0700831
v 1.7974 1.09816 -0.0718221
v 1.78763 1.09426 -0.0643511
v 1.78913 1.09137 -0.0652156
v 1.79938 1.10428 -0.0691086
v 1.80241 1.10279 -0.0706691
v 1.80294 1.10561 -0.0732211
v 1.79814 1.10607 -0.0707688
v 1.80181 1.10939 -0.0751401
v 1.79776 1.10833 -0.0727736
v 1.80162 1.11029 -0.0767015
v 1.79819 1.10888 -0.0744319
v 1.79618 1.10737 -0.0729695
v 1.795 1.10671 -0.0713825
v 1.7954 1.10377 -0.0717309
v 1.79684 1.10511 -0.0733126
v 1.79823 1.10266 -0.0737472
v 1.79786 1.10099 -0.0729439
v 1.79925 1.1063 -0.075135
v 1.80044 1.10272 -0.0750609
v 1.80247 1.10759 -0.0773381
v 1.80359 1.10369 -0.0770715
v 1.80099 1.10024 -0.0743512
v 1.80139 1.09802 -0.0734823
v 1.80423 1.10115 -0.0761115
v 1.80459 1.09957 -0.0745371
v 1.80503 1.11186 -0.0790862
v 1.80589 1.10894 -0.0796599
v 1.80829 1.11306 -0.080786
v 1.80928 1.10999 -0.0813073
v 1.81031 1.10625 -0.0810874
v 1.80697 1.10501 -0.0793692
v 1.80737 1.10295 -0.0784522
v 1.81047 1.10473 -0.0803669
v 1.81002 1.1054 -0.0794182
v 1.80725 1.10302 -0.0772982
v 1.81477 1.10819 -0.0812909
v 1.81324 1.10725 -0.0815363
v 1.81237 1.11045 -0.0816564
v 1.81446 1.1104 -0.0812131
v 1.81141 1.11321 -0.0812345
v 1.81345 1.11242 -0.0810195
v 1.81453 1.10788 -0.0804508
v 1.81284 1.10689 -0.08031
v 1.81336 1.10611 -0.0810256
v 1.81512 1.1077 -0.0808906
v 1.81516 1.11005 -0.0806057
v 1.81439 1.10954 -0.0800794
v 1.81374 1.11225 -0.080402
v 1.81355 1.11125 -0.0799012
v 1.81165 1.11125 -0.0794882
v 1.81227 1.10886 -0.0796242
v 1.80882 1.11027 -0.0785023
v 1.80944 1.1075 -0.0785897
v 1.81128 1.1132 -0.080255
v 1.80826 1.11276 -0.07953
v 1.80685 1.10505 -0.0764425
v 1.80495 1.1019 -0.073731
v 1.80606 1.10816 -0.0764312
v 1.80523 1.11116 -0.0776716
v 1.80129 1.09015 -0.0717329
v 1.79946 1.0938 -0.0718414
v 1.80234 1.09484 -0.0729529
v 1.80384 1.09142 -0.0727554
v 1.80434 1.096 -0.0728313
v 1.80563 1.0923 -0.0724357
v 1.80446 1.09814 -0.0708583
v 1.80626 1.09267 -0.0705317
v 1.80984 1.08821 -0.070422
v 1.81248 1.08416 -0.0698576
v 1.81509 1.08306 -0.0723021
v 1.81332 1.08638 -0.0730937
v 1.81105 1.08766 -0.0741264
v 1.80798 1.08929 -0.0725708
v 1.80575 1.08854 -0.0727357
v 1.80318 1.08693 -0.0716053
v 1.80761 1.08655 -0.0731326
v 1.8053 1.08358 -0.0713485
v 1.80895 1.08557 -0.0740015
v 1.80768 1.08291 -0.0724578
v 1.81186 1.08709 -0.0757675
v 1.81333 1.08566 -0.076659
v 1.81049 1.08419 -0.0746449
v 1.80918 1.0825 -0.0732402
v 1.81722 1.08576 -0.0756551
v 1.81575 1.08732 -0.0767561
v 1.81923 1.08349 -0.0753815
v 1.82277 1.08396 -0.0773334
v 1.82091 1.08605 -0.0776954
v 1.81958 1.0877 -0.0787781
v 1.81565 1.08768 -0.0780449
v 1.81696 1.08644 -0.0788805
v 1.81935 1.08835 -0.079866
v 1.82049 1.08729 -0.0804906
v 1.82645 1.08688 -0.0787767
v 1.82557 1.08856 -0.0791244
v 1.82376 1.08733 -0.0786852
v 1.82532 1.08541 -0.0783098
v 1.82433 1.08962 -0.079655
v 1.82254 1.08888 -0.0795883
v 1.82456 1.09011 -0.0801263
v 1.82229 1.08959 -0.0804131
v 1.82479 1.08944 -0.0804932
v 1.82319 1.0887 -0.0808353
v 1.82645 1.08881 -0.0796269
v 1.82737 1.08639 -0.0792043
v 1.82737 1.08599 -0.0798095
v 1.82636 1.08794 -0.0802062
v 1.82522 1.08617 -0.080637
v 1.82682 1.08389 -0.0799183
v 1.8247 1.08195 -0.0794643
v 1.82286 1.08439 -0.0803378
v 1.82669 1.08391 -0.0789091
v 1.82443 1.0821 -0.0781672
v 1.81759 1.08054 -0.0756955
v 1.81578 1.08284 -0.0766302
v 1.81944 1.08355 -0.0788271
v 1.82133 1.0812 -0.0779189
v 1.81722 1.08069 -0.074068
v 1.82102 1.08147 -0.076451
v 1.8127 1.08143 -0.0744468
v 1.8104 1.08008 -0.0725866
v 1.81429 1.07904 -0.073464
v 1.81191 1.07828 -0.0720343
v 1.81241 1.07965 -0.0697521
v 1.8138 1.0786 -0.0717212
v 1.81078 1.0775 -0.0703869
v 1.80631 1.0793 -0.0693028
v 1.80854 1.07949 -0.0709723
v 1.81185 1.08126 -0.0681136
v 1.79862 1.08087 -0.0667487
v 1.80181 1.08219 -0.0689706
v 1.80323 1.07886 -0.0674697
v 1.80007 1.07794 -0.0655223
v 1.79531 1.08683 -0.0674257
v 1.79837 1.08856 -0.0697726
v 1.80015 1.08541 -0.0695947
v 1.79701 1.08386 -0.0672662
v 1.79583 1.07916 -0.0646322
v 1.79739 1.07641 -0.0634746
v 1.79236 1.08517 -0.0652266
v 1.79412 1.08214 -0.065082
v 1.79369 1.08992 -0.0675301
v 1.79658 1.09196 -0.0698455
v 1.79074 1.08828 -0.0653706
v 1.80485 1.08878 -0.0542267
v 1.7613 1.08172 -0.017194
v 1.76484 1.07986 -0.012932
v 1.76772 1.07751 -0.0102154
v 1.76984 1.07472 -0.00917131
v 1.77121 1.07143 -0.00981959
v 1.77183 1.06761 -0.0122005
v 1.77168 1.0634 -0.0162337
v 1.77064 1.05965 -0.0213375
v 1.76631 1.05661 -0.0311718
v 1.76867 1.05725 -0.0267099
v 1.76198 1.06039 -0.0349985
v 1.76406 1.05785 -0.0337907
v 1.75799 1.06705 -0.0356945
v 1.75997 1.06358 -0.0354957
v 1.75604 1.07054 -0.035818
v 1.72883 1.06212 0.00139854
v 1.73034 1.0602 0.00367753
v 1.73186 1.05792 0.00515045
v 1.73326 1.05547 0.00577209
v 1.73443 1.05294 0.00546661
v 1.73544 1.05035 0.00428275
v 1.73632 1.04777 0.00223955
v 1.73664 1.04563 -0.00088729
v 1.73502 1.04423 -0.00907966
v 1.73608 1.04436 -0.00507633
v 1.73392 1.04535 -0.0116839
vt 0.06389 -1.192e-07
vt 0.3673 1
vt 0.3674 1
vt 0.07508 -1.192e-07
vt 0.03271 0.003472
vt 0.367 1
vt 0.03356 0
vt 0.1009 0
vt 0.07508 -1.192e-07
vt 0.03356 0
vt 0.3661 1
vt 0.4361 0.9999
vt 0.4355 0.9999
vt 0.06556 0
vt 0.03271 0.003472
vt 0.1009 0
vt 0.4348 1
vt 0.06389 -1.192e-07
vt 0.06556 0
vt 0.0623 -1.192e-07
vt 0.3673 1
vt 0.2281 0
vt 0.4348 1
vt 0.03245 0.02083
vt 0.06469 0
vt 0.03245 0.02083
vt 0.1788 0
vt 0.4361 0.9999
vt 0.2281 0
vt 0.03271 0.003472
vt 0.228 0
vt 0.01038 0.1667
vt 0.4339 1
vt 0.5297 0.9999
vt 0.2281 0
vt 0.03271 0.003472
vt 0.1786 0
vt 0.5093 1
vt 0.4348 1
vt 0.1778 0
vt 0.01038 0.01736
vt 0.1786 0
vt 0.03356 0
vt 0.4339 1
vt 0.1786 0
vt 0.4348 1
vt 0.364 1
vt 0.1778 0
vt 0.01038 0.01736
vt 0.1379 0
vt 0.06469 0
vt 0.5093 1
vt 0.1786 0
vt 0.06556 0
vt 0.1788 0
vt 0.5071 1
vt 0.3891 1
vt 0.1262 -1.192e-07
vt 0.01038 0
vt 0.4367 1
vt 0.001082 0.1667
vt 0.5071 1
vt 0.1379 0
vt 0.03296 0
vt 0.4355 0.9999
vt 0.03274 0
vt 0.1389 0
vt 0.5093 1
vt 0.1389 0
vt 0.06556 0
vt 0.4348 1
vt 0.5914 1
vt 0.1009 0
vt 0.07508 -1.192e-07
vt 0.1009 -1.192e-07
vt 0.5907 1
vt 0.1389 0
vt 0.03296 0
vt 0.5296 0.9999
vt 0.5093 1
vt 0.1009 0
vt 0.5297 0.9999
vt 0.06469 0
vt 0.5093 1
vt 0.03356 0
vt 0.06468 -1.192e-07
vt 0.03296 0
vt 0.594 1
vt 0.4348 1
vt 0.1009 -1.192e-07
vt 0.01038 0
vt 0.5914 1
vt 0.1009 -1.192e-07
vt 0.4348 1
vt 0.03274 0
vt 0.06468 -1.192e-07
vt 0.01038 0
vt 0.5914 1
vt 0.5093 1
vt 0.06468 0
vt 0.03296 0
vt 0.01038 0
vt 0.1009 -1.192e-07
vt 0.594 1
vt 0.4367 1
vt 0.01038 0
vt 0.1009 -1.192e-07
vt 0.1389 0
vt 0.6808 1
vt 0.01038 0
vt 0.5071 1
vt 0.001298 -1.192e-07
vt 0.1389 0
vt 0.6806 1
vt 0.1009 -1.192e-07
vt 0.001298 -1.192e-07
vt 0.3661 1
vt 0.01038 -1.192e-07
vt 0.228 0
vt 0.5907 1
vt 0.4348 1
vt 0.001298 -1.192e-07
vt 0.1788 -1.192e-07
vt 0.5914 1
vt 0.1788 -1.192e-07
vt 0 -1.192e-07
vt 0.1009 0.02083
vt 0 -1.192e-07
vt 0.228 -1.192e-07
vt 0.6806 1
vt 0.1788 -1.192e-07
vt 0.1788 -1.192e-07
vt 0.6805 1
vt 0.1009 0.1667
vt 0.1389 0
vt 0.5071 1
vt 0.001298 -1.192e-07
vt 0.1389 0
vt 0.5869 1
vt 0.1389 0
vt 0.1389 0.02083
vt 0.001298 -1.192e-07
vt 0.1788 -1.192e-07
vt 0.5899 1
vt 0.1389 0
vt 0.5093 1
vt 0 -1.192e-07
vt 0.1788 -1.192e-07
vt 0.1788 -1.192e-07
vt 0.5869 1
vt 0 -1.192e-07
vt 0.228 -1.192e-07
vt 0.001298 -1.192e-07
vt 0.1389 0
vt 0.6503 1
vt 0.1009 -1.192e-07
vt 0.001298 -1.192e-07
vt 0.1788 -1.192e-07
vt 0.001298 -1.192e-07
vt 0.06468 0.02083
vt 0.6702 1
vt 0.1009 0.02083
vt 0.01038 -1.192e-07
vt 0.228 0
vt 0.5899 1
vt 0.1389 0.02083
vt 0.5899 1
vt 0.1009 -1.192e-07
vt 0.1009 0.02083
vt 0.6702 1
vt 0.01038 0
vt 0.06468 0
vt 0.06468 0.02083
vt 0.6721 1
vt 0.01038 0.1667
vt 0.1009 0.1667
vt 0.5929 1
vt 0.1009 0.02083
vt 0.5093 1
vt 0.06469 0.1667
vt 0.1389 0.1667
vt 0.5899 1
vt 0.001298 0.02083
vt 0.228 0
vt 0.01038 0.01736
vt 0.3891 1
vt 0.5929 1
vt 0.37 1
vt 0.001082 0.1667
vt 0.1788 -1.192e-07
vt 0.1788 0.02083
vt 0.5296 0.9999
vt 0 0.1667
vt 0.1389 0
vt 0.001298 0.02083
vt 0.1788 0.02083
vt 0.4997 1
vt 0.2935 1
vt 0.001298 0.02083
vt 0.1788 -1.192e-07
vt 0.5891 1
vt 0.228 0.02083
vt 0.2931 1
vt 0.01038 0.1667
vt 0.3661 1
vt 0 0.02083
vt 0.5885 1
vt 0.2947 1
vt 0 0.02083
vt 0.1389 0.02083
vt 0.4989 0.9997
vt 0.1788 0.02083
vt 0.37 1
vt 0.001298 0
vt 0.1389 0.02083
vt 0 -1.192e-07
vt 0.5891 1
vt 0.3674 1
vt 0.1389 0.1667
vt 0.01038 0.01736
vt 0.6721 1
vt 0.1788 0.1667
vt 0.293 1
vt 0.01038 0
vt 0.1788 0.02083
vt 0.001298 0.02083
vt 0.6716 1
vt 0.2935 1
vt 0.228 0.02083
vt 0.001298 0
vt 0.01038 0.8333
vt 0.228 0.1667
vt 0.5885 1
vt 0.1788 0.1667
vt 0.001082 0.8333
vt 0.2281 1
vt 0.0004326 0.5
vt 0.06468 0.8333
vt 0.5885 1
vt 0.2947 1
vt 0.002596 0.5
vt 0.1009 0.5
vt 0.6716 1
vt 0.1009 0.8333
vt 0.001082 0.8333
vt 0.2935 1
vt 0 0.8333
vt 0.06469 0.5
vt 0.6711 1.001
vt 0.2281 1
vt 0.1009 0.8333
vt 0.5879 1
vt 0 0.5
vt 0.1389 0.8333
vt 0.0004326 0.5
vt 0.2281 1
vt 0.2931 1
vt 0.4989 0.9997
vt 0.0004326 0.5
vt 0.1389 0.5
vt 0.1009 0.5
vt 0.5885 1
vt 0 0.5
vt 0.1009 0.5
vt 0 0.1667
vt 0.2281 1
vt 0.364 1
vt 0.5879 1
vt 0.001082 0.1667
vt 0.1389 0.5
vt 0.001082 0.1667
vt 0.06469 0.1667
vt 0.4981 0.9994
vt 0.06469 0.5
vt 0.1389 0.1667
vt 0.002596 0.5
vt 0.364 1
vt 0.1009 0.1667
vt 0.1788 0.8333
vt 0.0004326 0.5
vt 0.1009 0.5
vt 0.4355 0.9999
vt 0.1788 0.5
vt 0.1389 0.8333
vt 0.4337 0.9825
vt 0.3637 0.9791
vt 0.1009 0.1667
vt 0.4355 0.9999
vt 0.2926 1
vt 0.5296 0.9999
vt 0.1389 0.5
vt 0.2931 1
vt 0.001298 1
vt 0.1788 0.8333
vt 0.01038 1
vt 0.5065 0.9997
vt 0.3661 1
vt 0.2279 0.8333
vt 0.001298 0.9792
vt 0.4337 0.9825
vt 0.228 0.5
vt 0.3891 1
vt 0 1
vt 0.1788 0.5
vt 0.01038 0.9826
vt 0.4337 0.9825
vt 0.1788 0.1667
vt 0.228 0.5
vt 0 0.9792
vt 0.5065 0.9997
vt 0.1788 0.5
vt 0.1009 0.9792
vt 0.06469 1
vt 0.1389 0.9792
vt 0.001298 1
vt 0.5287 0.9998
vt 0.228 0.1667
vt 0.2947 1
vt 0.001298 0.9792
vt 0.001298 0.9792
vt 0.1389 0.5
vt 0.4348 0.8471
vt 0.1788 0.5
vt 0.2281 1
vt 0 0.9792
vt 0 0.8333
vt 0.2931 1
vt 0.3637 0.9791
vt 0.1788 0.1667
vt 0.4337 0.9825
vt 0.1389 0.1667
vt 0.2281 1
vt 0.01038 0.9826
vt 0.1389 1
vt 0.001082 0.8333
vt 0.4348 0.8471
vt 0.01038 0
vt 0.1788 1
vt 0.001298 0.9792
vt 0.3634 0.8333
vt 0.1788 0.9792
vt 0.001298 -1.192e-07
vt 0.01038 0.8333
vt 0.1389 0.9792
vt 0.001082 0.8333
vt 0.5287 0.9998
vt 0.01038 -1.192e-07
vt 0.1788 1
vt 0.01038 1
vt 0.5917 1
vt 0.2281 1
vt 0.001298 -1.192e-07
vt 0.03275 1
vt 0.1788 0.9792
vt 0.01038 0.9826
vt 0.5897 0.5212
vt 0 -1.192e-07
vt 0.228 0.9792
vt 0.03275 0.9965
vt 0.01038 0.9826
vt 0.228 0.9792
vt 0.5086 0.5176
vt 0.1788 0.9792
vt 0.01038 0.8333
vt 0.001298 -1.192e-07
vt 0.03274 0.9792
vt 0.2279 0.8333
vt 0.5917 1
vt 0 -1.192e-07
vt 0.03275 0.9965
vt 0.1389 0.9792
vt 0.6711 1.001
vt 0.1788 0.8333
vt 0.03275 0.9965
vt 0.001298 -1.192e-07
vt 0.03274 0.9792
vt 0.1788 0.9792
vt 0.6715 0.5214
vt 0.001298 -1.192e-07
vt 0.1788 0.8333
vt 0.5897 0.5212
vt 0.06469 1
vt 0.1389 0.8333
vt 0.06469 1
vt 0.001298 -1.192e-07
vt 0.06468 0.9792
vt 0.5897 0.5212
vt 0.03275 1
vt 0.06469 1
vt 0.1009 1
vt 0.6715 0.5214
vt 0.01038 0
vt 0.1009 1
vt 0.6717 0.1669
vt 0.03275 0.9965
vt 0.1389 0.9792
vt 0.5895 0.167
vt 0.1009 0.9792
vt 0.06469 1
vt 0.1389 1
vt 0.06469 1
vt 0.1009 1
vt 0.5086 0.5176
vt 0.06469 1
vt 0.5897 0.5212
vt 0.06468 0.9792
vt 0.1389 0.8333
vt 0 0.5
vt 0.06469 1
vt 0.01038 -1.192e-07
vt 0.5895 0.167
vt 0.03274 -1.192e-07
vt 0 1
vt 0.1009 0.9792
vt 0.507 0.1671
vt 0.1009 0.8333
vt 0.03274 -1.192e-07
vt 0.03118 0.5
vt 0.03145 1
vt 0.1009 0.9792
vt 0.3634 0.8333
vt 0.1009 0.8333
vt 0.03274 -1.192e-07
vt 0 0.5
vt 0.4348 0.8471
vt 0.06468 0.8333
vt 0 -1.192e-07
vt 0.1389 1
vt 0.4336 0.5036
vt 0.1788 1
vt 0.06468 -1.192e-07
vt 0.02985 -1.192e-07
vt 0.3634 0.5
vt 0.1788 1
vt 0.4348 0.8471
vt 0.1389 1
vt 0.03274 -1.192e-07
vt 0.03118 0.5
vt 0.1788 1
vt 0.03118 0.5
vt 0.5287 0.9998
vt 0.2281 1
vt 0.5086 0.5176
vt 0.2281 1
vt 0.01038 0
vt 0.05191 -2.384e-07
vt 0.1788 1
vt 0.02985 -1.192e-07
vt 0.4336 0.5036
vt 0.1788 1
vt 0.4336 0.5036
vt 0.2281 1
vt 0.01038 -1.192e-07
vt 0.03145 1
vt 0.1788 1
vt 0.06362 0.5035
vt 0.5086 0.5176
vt 0.2281 1
vt 0.03118 0.5
vt 0.1788 1
vt 0.507 0.1671
vt 0.1389 1
vt 0.06362 0.5035
vt 0.1788 1
vt 0.4334 0.1669
vt 0.03274 -1.192e-07
vt 0.3634 0.5
vt 0.1389 1
vt 0.06469 1
vt 0.1009 1
vt 0.4336 0.5036
vt 0.1389 1
vt 0.06469 1
vt 0.4334 0.1669
vt 0.1009 1
vt 0.3636 0.1668
vt 0.1009 1
vt 0.1009 1
vt 0.06469 1
vt 0.01038 0
vt 0.507 0.0001069
vt 0.1009 1
vt 0.06469 1
vt 0.1009 1
vt 0.1009 1
vt 0.1389 1
vt 0.4334 7.683e-05
vt 0.03274 -1.192e-07
vt 0.1389 1
vt 0.1009 1
vt 0.001298 1
vt 0.4334 0.02105
vt 0.1007 0.01389
vt 0.01038 1
vt 0.507 0.02114
vt 0.1009 1
vt 0.1389 1
vt 0.1009 1
vt 0.1009 1
vt 0.1009 1
vt 0.4334 7.683e-05
vt 0.06469 1
vt 0.1389 1
vt 0.3636 2.67e-05
vt 0.1009 1
vt 0.06469 1
vt 0.1389 1
vt 0.3636 0.02091
vt 0.139 1
vt 0.06468 -1.192e-07
vt 0.4334 0.02105
vt 0.03274 -1.192e-07
vt 0.139 1
vt 0.1788 1
vt 0.4334 0.02105
vt 0.03274 -1.192e-07
vt 0.1389 1
vt 0.1009 1
vt 0.139 1
vt 0.139 1
vt 0.3636 0.02091
vt 0.1788 1
vt 0.03274 0.8333
vt 0.1262 -2.384e-07
vt 0.03274 0.5
vt 0.1009 1
vt 0.3636 0.1668
vt 0.06469 0
vt 0.139 1
vt 0.1789 1
vt 0.4334 0.1669
vt 0.01038 0.1667
vt 0.1788 1
vt 0.06469 1
vt 0.1788 1
vt 0.06362 0.5035
vt 0.507 0.02114
vt 0.001298 0.1667
vt 0.1009 0.5139
vt 0.1789 1
vt 0.4334 0.02105
vt 0.001298 0.02083
vt 0.2281 1
vt 0.1009 1
vt 0.2281 1
vt 0.06362 0.5035
vt 0.4334 0.1669
vt 0.01038 0.02083
vt 0.05191 -1.192e-07
vt 0.1788 1
vt 0.507 0.1671
vt 0.001298 0.1667
vt 0.1788 1
vt 0.1009 0.1389
vt 0.2281 1
vt 0.1009 0.5139
vt 0.6717 2.67e-05
vt 0 0.1667
vt 0.1009 0.5139
vt 0.2281 1
vt 0.5895 7.677e-05
vt 0 0.02083
vt 0.06469 1
vt 0.1009 0.1389
vt 0.06469 1
vt 0.1517 -1.192e-07
vt 0.5895 0.02106
vt 0.06469 1
vt 0.14 0.5035
vt 0.1009 1
vt 0.1009 1
vt 0.06469 1
vt 0.6717 0.02093
vt 0.1009 1
vt 0.1009 1
vt 0.5895 7.677e-05
vt 0.1009 0.5139
vt 0.1009 1
vt 0.1009 1
vt 0.507 0.0001069
vt 0.14 0.5035
vt 0.139 1
vt 0.507 0.02114
vt 0.1009 1
vt 0.1389 1
vt 0.5895 0.02106
vt 0.139 1
vt 0.1009 1
vt 0.5895 0.02106
vt 0.1009 1
vt 0.1389 1
vt 0.507 0.02114
vt 0.139 1
vt 0.01038 1
vt 0.507 0.1671
vt 0.1389 1
vt 0.03274 1
vt 0.5895 0.167
vt 0.139 1
vt 0.01038 1
vt 0.6717 0.02093
vt 0.03274 1
vt 0.06469 1
vt 0.5895 0.02106
vt 0.1789 1
vt 0.03274 1
vt 0.5895 0.167
vt 0.06469 1
vt 0.139 1
vt 0.001298 0.02083
vt 0.1788 1
vt 0.03274 1
vt 0.6717 0.1669
vt 0.06469 0.1667
vt 0.03274 0.1667
vt 0.1006 -1.192e-07
vt 0.139 1
vt 0.03274 1
vt 0.5071 0
vt 0 0.02083
vt 0.06469 1
vt 0.4335 -1.192e-07
vt 0.1788 1
vt 0.06469 1
vt 0.1788 1
vt 0 -1.192e-07
vt 0.001298 -1.192e-07
vt 0.4334 9.418e-06
vt 0.1788 1
vt 0.03274 1
vt 0.03274 1
vt 0.507 1.329e-05
vt 0.228 1
vt 0.03274 1
vt 0.2281 1
vt 0.01038 0.02083
vt 0.03274 0.02083
vt 0.4335 -1.192e-07
vt 0.1006 -1.192e-07
vt 0.01038 0.02083
vt 0.1788 1
vt 0.01038 1
vt 0.001298 0.02083
vt 0.3637 0
vt 0.1789 1
vt 0.01038 1
vt 0.01038 1
vt 0.3636 3.278e-06
vt 0.1788 1
vt 0.01038 1
vt 0.2281 1
vt 0.001298 -1.192e-07
vt 0.01038 0
vt 0.4334 9.418e-06
vt 0.2281 1
vt 0.03274 1
vt 0.03274 1
vt 0.4334 9.418e-06
vt 0.139 1
vt 0.01038 1
vt 0.14 0.5035
vt 0.06469 0.1667
vt 0.03274 0.1667
vt 0.3636 3.278e-06
vt 0.1791 0.5
vt 0.01038 1
vt 0.03275 1
vt 0.3636 2.67e-05
vt 0.1788 1
vt 0.03274 1
vt 0.14 0.5035
vt 0.03274 0.02083
vt 0.06468 0.02083
vt 0.4334 7.683e-05
vt 0.1517 -2.384e-07
vt 0.03274 1
vt 0.03275 1
vt 0.507 1.329e-05
vt 0.1804 -1.192e-07
vt 0.06469 1
vt 0.1791 0.5
vt 0.03274 0.1667
vt 0.03274 1
vt 0.4334 9.418e-06
vt 0.1791 0.5
vt 0.06469 1
vt 0.4334 7.683e-05
vt 0.03274 1
vt 0.1804 -1.192e-07
vt 0.06469 1
vt 0.228 -1.192e-07
vt 0.06469 1
vt 0.507 0.0001069
vt 0.001298 1
vt 0.6718 0
vt 0.01038 1
vt 0.5896 0
vt 0.01038 1
vt 0.001298 1
vt 0.228 0.5
vt 0.5895 9.418e-06
vt 0.001298 1
vt 0.6718 3.338e-06
vt 0 1
vt 0 1
vt 0.1788 1
vt 0.5896 0
vt 0.001298 1
vt 0.5071 0
vt 0 1
vt 0.001298 1
vt 0.1791 0.5
vt 0.507 1.329e-05
vt 0 1
vt 0.5895 9.418e-06
vt 0.001298 1
vt 0.001298 1
vt 0.228 0.5
vt 0.5895 9.418e-06
vt 0.01038 1
vt 0.01038 1
vt 0.507 1.329e-05
vt 0.001298 1
vt 0.228 1
vt 0 1
vt 0 1
vt 0.507 0.0001069
vt 0.1406 -1.192e-07
vt 0.001298 1
vt 0.139 -1.192e-07
vt 0.01038 1
vt 0.5895 7.677e-05
vt 0.001298 1
vt 0 1
vt 0.6718 3.338e-06
vt 0.01038 1
vt 0.1406 -1.192e-07
vt 0 1
vt 0.5895 9.418e-06
vt 0.001298 1
vt 0.5895 7.677e-05
vt 0.001298 0.02083
vt 0.6717 2.67e-05
vt 0.1006 -1.192e-07
vt 0.001298 1
vt 0.5071 0
vt 0.01038 0.02083
vt 0.001298 1
vt 0.1009 0.1389
vt 0.5071 0
vt 0.01038 0.1667
vt 0.4341 0
vt 0.03274 0.02083
vt 0.1517 -2.384e-07
vt 0.001298 1
vt 0.01038 0
vt 0.4335 0
vt 0.1007 0.01389
vt 0.01038 1
vt 0.1007 0.01389
vt 0.001298 1
vt 0.5071 0
vt 0.01038 0.8333
vt 0.1009 0.1389
vt 0.001298 0.9792
vt 0.5072 0
vt 0.001298 0.8333
vt 0.01038 0.9792
vt 0.05191 -2.384e-07
vt 0.4368 -1.192e-07
vt 0 0.1667
vt 0.001298 0.8333
vt 0.061 -1.192e-07
vt 0.001298 0.1667
vt 0.4341 0
vt 0.1007 0.01389
vt 0 0.9792
vt 0.1006 -1.192e-07
vt 0 0.8333
vt 0.4341 0
vt 0.001298 0.9792
vt 0.061 -1.192e-07
vt 0.01038 0.5
vt 0.0623 -1.192e-07
vt 0.001298 0.9792
vt 0.4368 -1.192e-07
vt 0 0.9792
vt 0.001298 0.5
vt 0.2281 0
vt 0.2281 0
vt 0.01038 0.9792
vt 0.3891 -1.192e-07
vt 0 1
vt 0.3659 0
vt 0.001298 1
vt 0.001298 0.9792
vt 0.1786 0
vt 0.001298 1
vt 0.4335 0
vt 0.1778 0
vt 0.01038 1
vt 0.4341 0
vt 0.01038 0.1667
vt 0.3659 0
vt 0 0.5
vt 0.001298 0.1667
vt 0.3637 0
vt 0.228 -1.192e-07
vt 0.03274 -1.192e-07
vt 0.6718 0
vt 0 0.5
vt 0.001298 0.5
vt 0.2281 0
vt 0.67 0
vt 0.001298 0.5
vt 0.5892 0
vt 0.06469 0.5
vt 0.1786 0
vt 0.01038 0.5
vt 0.1788 -1.192e-07
vt 0 0.8333
vt 0.5896 0
vt 0.03274 0.5
vt 0.001298 0.8333
vt 0.1786 0
vt 0.67 0
vt 0.06468 0.8333
vt 0.001298 0.5
vt 0.1788 -1.192e-07
vt 0.03274 0.8333
vt 0.1379 0
vt 0.6503 -2.384e-07
vt 0.001298 0.8333
vt 0.03274 0.5
vt 0.1374 -1.192e-07
vt 0.01038 0.8333
vt 0.1389 -1.192e-07
vt 0.587 -1.192e-07
vt 0.03274 0.5
vt 0.01038 1
vt 0.1778 0
vt 0.1374 -1.192e-07
vt 0.03274 0.9792
vt 0.5892 0
vt 0.06469 0.5
vt 0.1786 0
vt 0.03274 1
vt 0.01038 0.9792
vt 0.5892 0
vt 0.1262 -2.384e-07
vt 0.06469 1
vt 0.587 -1.192e-07
vt 0.06468 0.9792
vt 0.1389 0
vt 0.03274 1
vt 0.5072 0
vt 0.03274 0.9792
vt 0.1379 0
vt 0.03274 0.9792
vt 0.5071 0
vt 0.06468 0.9792
vt 0.1009 0
vt 0.01038 0.9792
vt 0.5896 0
vt 0.06468 0.8333
vt 0.03274 0.9792
vt 0.5892 0
vt 0.5071 0
vt 0.03274 0.8333
vt 0.03274 0.8333
vt 0.1009 0
vt 0.01038 0.8333
vt 0.5071 0
vt 0.01038 0.8333
vt 0.01038 0.5
vt 0.5072 0
vt 0.5072 0.0211
vt 0.1009 0
vt 0.01038 0.5
vt 0.4335 0.01755
vt 0.03274 0.1667
vt 0.1009 0
vt 0.06468 0.02083
vt 0.434 -1.192e-07
vt 0.01038 0.1667
vt 0.06468 0
vt 0.5072 0.0211
vt 0.03274 0.02083
vt 0.5071 0.167
vt 0.03274 -1.192e-07
vt 0.4317 0.153
vt 0.4335 0.01755
vt 0.4335 0.01755
vt 0.4317 0.153
vt 0.06468 0
vt 0.3418 -2.384e-07
vt 0.01038 -1.192e-07
vt 0.3639 -1.192e-07
vt 0 -1.192e-07
vt 0.434 -1.192e-07
vt 0 -1.192e-07
vt 0.001298 -1.192e-07
vt 0.4335 0.01755
vt 0.001298 -1.192e-07
vt 0.3639 -1.192e-07
vt 0.2947 1
vt 0.3672 -1.192e-07
vt 0.6806 -1.192e-07
vt 0.6832 -1.192e-07
vt 0.2926 1
vt 0.5912 0.01755
vt 0.2281 1
vt 0.5907 -1.192e-07
vt 0.2281 1
vt 0.6832 -1.192e-07
vt 0.2935 1
vt 0.293 1
vt 0.7021 -2.384e-07
vt 0.5922 0.1531
vn 0.02814 0.6113 0.7909
vn -0.2091 0.836 0.5073
vn -0.4424 0.6878 0.5754
vn -0.2476 0.4535 0.8561
vn -0.3891 0.8965 0.2117
vn -0.5779 0.7675 0.2774
vn -0.7754 0.5304 0.3425
vn -0.6602 0.454 0.5983
vn -0.4845 0.2528 0.8374
vn 0.2842 0.2113 0.9352
vn 0.2085 0.3449 0.9152
vn -0.0867 0.19 0.9779
vn -0.01642 0.0567 0.9982
vn -0.3306 0.03711 0.943
vn -0.2624 -0.07678 0.9619
vn -0.595 0.123 0.7942
vn -0.4464 -0.04541 0.8937
vn -0.6165 0.07617 0.7836
vn -0.4729 -0.07569 0.8778
vn -0.4116 -0.1607 0.8971
vn -0.3795 -0.1425 0.9141
vn -0.8643 0.3396 0.371
vn -0.7598 0.2793 0.5871
vn -0.8834 0.2804 0.3755
vn -0.7828 0.2243 0.5803
vn -0.9049 0.4187 -0.07617
vn -0.9707 0.2392 0.02014
vn -0.9238 0.3254 0.2014
vn -0.8449 0.5161 0.1407
vn -0.9806 0.1881 0.05451
vn -0.9379 0.2677 0.2205
vn -0.8358 -0.1298 -0.5333
vn -0.8968 -0.2055 -0.3917
vn -0.9765 0.0397 -0.2116
vn -0.921 0.1782 -0.3462
vn -0.9027 -0.2407 -0.3566
vn -0.9848 -0.005432 -0.1734
vn -0.7721 0.3581 -0.5249
vn -0.6893 -0.01126 -0.7244
vn -0.7407 0.6379 -0.2107
vn -0.5933 0.7504 -0.2915
vn -0.629 0.4581 -0.628
vn -0.545 0.07065 -0.8354
vn -0.6634 0.7469 0.0437
vn -0.5027 0.8641 -0.02365
vn -0.6319 0.4392 -0.6386
vn -0.5404 0.05829 -0.8394
vn -0.5956 0.7443 -0.302
vn -0.7143 0.6423 -0.2779
vn -0.7487 0.3099 -0.586
vn -0.6523 -0.04096 -0.7568
vn -0.4928 0.8695 -0.0311
vn -0.3534 0.9137 0.2005
vn -0.4518 0.8632 0.2252
vn -0.602 0.7984 -0.01096
vn -0.8218 0.1989 -0.5339
vn -0.7222 -0.1169 -0.6817
vn -0.806 0.535 -0.2531
vn -0.8044 0.536 -0.2561
vn -0.8044 0.2076 -0.5566
vn -0.6935 -0.1075 -0.7123
vn -0.6974 0.7166 0.008057
vn -0.551 0.7963 0.2495
vn -0.5645 0.7781 0.2755
vn -0.7036 0.7103 0.02094
vn 0.1269 0.6563 0.7438
vn -0.1959 0.8406 0.5049
vn -0.1241 0.8706 0.476
vn 0.1656 0.6666 0.7267
vn -0.1293 0.584 0.8013
vn -0.3558 0.7443 0.5651
vn -0.3098 0.7838 0.5382
vn -0.01053 0.6202 0.7844
vn 0.4313 0.2776 0.8585
vn 0.3464 0.4142 0.8417
vn 0.368 0.4151 0.832
vn 0.4462 0.2884 0.8472
vn 0.1552 0.1392 0.978
vn 0.03537 0.3596 0.9324
vn 0.2036 0.3858 0.8998
vn 0.3055 0.2144 0.9277
vn 0.5182 0.1567 0.8407
vn 0.507 0.1349 0.8513
vn 0.3619 0.07535 0.9291
vn 0.4998 -0.2361 0.8333
vn 0.6314 -0.1571 0.7593
vn 0.6024 -0.1837 0.7768
vn 0.4011 0.03674 0.9153
vn 0.2836 -0.08448 0.9552
vn 0.4946 -0.2733 0.825
vn 0.3962 -0.3498 0.8489
vn 0.6563 -0.5352 0.5318
vn 0.5937 -0.5741 0.5638
vn 0.5724 -0.5894 0.57
vn 0.5308 -0.8003 0.2787
vn 0.5705 -0.7771 0.2655
vn 0.4775 -0.8281 0.2938
vn 0.4836 -0.6321 0.6055
vn 0.4212 -0.6423 0.6403
vn 0.3683 -0.8712 0.3244
vn 0.3424 -0.8683 0.3589
vn 0.3064 -0.9254 -0.2227
vn 0.3013 -0.9241 -0.2349
vn 0.4575 -0.8885 0.03568
vn 0.4443 -0.8948 0.04392
vn 0.153 -0.9643 -0.216
vn 0.3408 -0.9385 0.05576
vn 0.01321 -0.9805 -0.1961
vn 0.2208 -0.9724 0.07547
vn 0.01248 -0.9804 -0.1965
vn 0.2087 -0.9735 0.09293
vn -0.3642 -0.5773 -0.7308
vn -0.4693 -0.5832 -0.663
vn -0.2665 -0.8272 -0.4946
vn -0.1323 -0.8327 -0.5376
vn -0.4433 -0.5682 -0.6932
vn -0.2493 -0.8198 -0.5154
vn -0.2031 -0.5673 -0.798
vn -0.2143 -0.5535 -0.8048
vn 0.04059 -0.8141 -0.5793
vn 0.05911 -0.8227 -0.5653
vn -0.5106 -0.3155 -0.7998
vn -0.5962 -0.3537 -0.7207
vn -0.5586 -0.4264 -0.7114
vn -0.4698 -0.3974 -0.7882
vn -0.5684 -0.341 -0.7487
vn -0.531 -0.4115 -0.7407
vn -0.4003 -0.2696 -0.8758
vn -0.3929 -0.2625 -0.8813
vn -0.3457 -0.3514 -0.8701
vn -0.3485 -0.36 -0.8654
vn -0.5561 -0.2346 -0.7973
vn -0.6372 -0.2816 -0.7174
vn -0.6078 -0.2708 -0.7465
vn -0.4463 -0.1746 -0.8777
vn -0.4394 -0.1717 -0.8817
vn -0.6932 -0.4098 -0.5928
vn -0.5438 -0.3408 -0.7669
vn -0.4915 -0.4299 -0.7573
vn -0.6479 -0.4924 -0.5812
vn -0.3515 -0.6316 -0.691
vn -0.5379 -0.6712 -0.5101
vn -0.7396 -0.3264 -0.5886
vn -0.5906 -0.2474 -0.7681
vn -0.7652 -0.4403 -0.4697
vn -0.809 -0.3661 -0.4597
vn -0.7825 -0.4477 -0.4327
vn -0.8214 -0.3829 -0.4226
vn -0.6424 -0.6681 -0.3753
vn -0.7265 -0.5154 -0.4544
vn -0.6761 -0.6529 -0.3413
vn -0.7489 -0.5146 -0.4176
vn -0.1444 -0.9892 -0.02353
vn -0.3338 -0.9405 0.06211
vn -0.4906 -0.8525 -0.1804
vn -0.3385 -0.8906 -0.3037
vn -0.3843 -0.9185 0.09262
vn -0.5345 -0.8327 -0.1448
vn -0.00116 -0.915 0.4035
vn -0.2112 -0.8811 0.423
vn -0.2459 -0.9366 0.2496
vn -0.04108 -0.9793 0.198
vn -0.2718 -0.8646 0.4226
vn -0.3035 -0.9154 0.2645
vn -0.1024 -0.8779 -0.4678
vn 0.131 -0.9806 -0.1459
vn 0.2542 -0.9609 0.11
vn 0.3107 -0.8853 0.3459
vn 0.202 -0.3753 0.9046
vn 0.3068 -0.7015 0.6432
vn -0.1022 -0.4635 0.8802
vn -0.01575 -0.7523 0.6587
vn -0.2705 -0.4869 0.8305
vn -0.2176 -0.7383 0.6384
vn -0.3212 -0.4801 0.8163
vn -0.2762 -0.7286 0.6267
vn 0.05939 -0.07752 0.9952
vn -0.2044 -0.1992 0.9584
vn -0.3349 -0.2546 0.9072
vn -0.374 -0.2614 0.8898
vn -0.5038 -0.3114 -0.8057
vn -0.4672 -0.3819 -0.7974
vn -0.4764 -0.2993 -0.8267
vn -0.4405 -0.3672 -0.8192
vn -0.3475 -0.5296 -0.7738
vn -0.3781 -0.5452 -0.7482
vn -0.5437 -0.2419 -0.8037
vn -0.6343 -0.07337 -0.7695
vn -0.6033 -0.06198 -0.7951
vn -0.5149 -0.2322 -0.8252
vn -0.4732 -0.2991 -0.8286
vn -0.438 -0.3632 -0.8223
vn -0.4739 -0.3013 -0.8274
vn -0.4401 -0.3616 -0.8219
vn -0.3441 -0.5146 -0.7853
vn -0.3418 -0.5205 -0.7824
vn -0.5096 -0.2352 -0.8276
vn -0.5927 -0.06647 -0.8026
vn -0.5884 -0.07535 -0.805
vn -0.5083 -0.2409 -0.8268
vn -0.5111 -0.2489 -0.8227
vn -0.4787 -0.3057 -0.823
vn -0.5897 -0.08716 -0.8029
vn -0.5967 -0.1024 -0.7959
vn -0.5199 -0.2599 -0.8137
vn -0.4898 -0.313 -0.8137
vn -0.4469 -0.3625 -0.8178
vn -0.4602 -0.366 -0.8088
vn -0.3681 -0.5116 -0.7763
vn -0.3527 -0.512 -0.7832
vn -0.1102 -0.7802 -0.6157
vn -0.1026 -0.7833 -0.6131
vn -0.1241 -0.7786 -0.6151
vn 0.2177 -0.9404 -0.2612
vn 0.2205 -0.9406 -0.2579
vn 0.2202 -0.9417 -0.2542
vn -0.1054 -0.7909 -0.6027
vn -0.1278 -0.8018 -0.5838
vn 0.2033 -0.9486 -0.2424
vn 0.1543 -0.9626 -0.2228
vn 0.4372 -0.8964 0.07285
vn 0.431 -0.899 0.07669
vn 0.4436 -0.8936 0.06793
vn 0.556 -0.7719 0.3081
vn 0.5481 -0.7709 0.3244
vn 0.5397 -0.7695 0.3413
vn 0.4058 -0.9097 0.08811
vn 0.3431 -0.9335 0.1045
vn 0.5116 -0.7764 0.368
vn 0.4485 -0.8021 0.3943
vn 0.5488 -0.4205 0.7224
vn 0.4868 -0.4181 0.7669
vn 0.5315 -0.588 0.6097
vn 0.5724 -0.5937 0.5655
vn 0.4117 -0.4105 0.8136
vn 0.4681 -0.5967 0.6517
vn 0.595 -0.4403 0.6724
vn 0.5825 -0.4253 0.6927
vn 0.5911 -0.6044 0.5341
vn 0.6012 -0.6172 0.5076
vn 0.3097 0.2192 0.9252
vn 0.2248 0.1743 0.9587
vn 0.3976 -0.1905 0.8975
vn 0.4793 -0.1695 0.8611
vn 0.1312 0.1267 0.9832
vn 0.3025 -0.1968 0.9326
vn 0.3544 0.2522 0.9004
vn 0.352 0.2449 0.9033
vn 0.522 -0.1561 0.8385
vn 0.5318 -0.1608 0.8315
vn 0.08692 0.561 0.8232
vn 0.02408 0.5056 0.8624
vn -0.07559 0.7444 0.6634
vn -0.1117 0.6949 0.7103
vn -0.1567 0.6306 0.7601
vn -0.03937 0.4331 0.9004
vn 0.1106 0.6065 0.7873
vn 0.1166 0.5914 0.7979
vn -0.07343 0.7872 0.6123
vn -0.06326 0.7718 0.6326
vn -0.2094 0.8483 0.4864
vn -0.2347 0.817 0.5267
vn -0.3698 0.8936 0.2546
vn -0.395 0.8765 0.2752
vn -0.454 0.8392 0.2992
vn -0.2864 0.7712 0.5685
vn -0.2109 0.8721 0.4415
vn -0.2051 0.8632 0.4612
vn -0.3627 0.9017 0.2355
vn -0.3645 0.8984 0.2448
vn -0.7121 0.6388 -0.2909
vn -0.5994 0.8001 0.02252
vn -0.5479 0.8365 0.006012
vn -0.6771 0.6664 -0.312
vn -0.5262 0.8503 -0.004089
vn -0.6642 0.673 -0.3253
vn -0.5223 0.8527 -0.006195
vn -0.6652 0.6695 -0.3304
vn -0.5203 0.8539 -0.008606
vn -0.6698 0.6633 -0.3337
vn -0.6926 0.2877 -0.6614
vn -0.6943 0.2755 -0.6648
vn -0.7011 0.2595 -0.6641
vn -0.7198 0.2876 -0.6317
vn -0.7001 0.2942 -0.6506
vn -0.7551 0.2582 -0.6025
vn -0.7592 0.5912 -0.2722
vn -0.6592 0.7514 0.02835
vn -0.5212 0.7992 0.2995
vn -0.5162 0.8563 -0.01416
vn -0.6736 0.6576 -0.3374
vn -0.3592 0.9067 0.221
vn -0.3499 0.9145 0.2031
vn -0.508 0.8611 -0.022
vn -0.6743 0.6553 -0.3403
vn -0.7096 0.2427 -0.6614
vn -0.607 -0.1186 -0.7857
vn -0.719 0.2286 -0.6563
vn -0.6203 -0.1342 -0.7727
vn -0.4995 0.8658 -0.02915
vn -0.6734 0.6557 -0.3413
vn -0.3403 0.9212 0.1883
vn -0.3383 0.9237 0.1798
vn -0.4953 0.8681 -0.03299
vn -0.6716 0.6579 -0.3407
vn -0.7273 0.2187 -0.6506
vn -0.633 -0.1465 -0.7602
vn -0.7304 0.2149 -0.6483
vn -0.6378 -0.1519 -0.755
vn -0.4901 0.8708 -0.03824
vn -0.6646 0.6631 -0.3443
vn -0.3362 0.9259 0.1721
vn -0.3171 0.9355 0.1556
vn -0.4717 0.8798 -0.05814
vn -0.6406 0.6746 -0.3668
vn -0.7238 0.2182 -0.6546
vn -0.631 -0.1499 -0.7612
vn -0.6953 0.2322 -0.6801
vn -0.602 -0.1362 -0.7867
vn -0.5485 -0.341 -0.7635
vn -0.5734 -0.2931 -0.765
vn -0.5683 -0.2882 -0.7707
vn -0.5431 -0.3368 -0.7691
vn -0.5405 -0.274 -0.7955
vn -0.5158 -0.3222 -0.7938
vn -0.5235 -0.3306 -0.7852
vn -0.5495 -0.2832 -0.786
vn -0.5658 -0.2914 -0.7713
vn -0.5408 -0.3385 -0.77
vn -0.5154 -0.3843 -0.7659
vn -0.5214 -0.3877 -0.7602
vn -0.4879 -0.369 -0.7911
vn -0.4025 -0.4936 -0.7709
vn -0.4301 -0.51 -0.7449
vn -0.4346 -0.5157 -0.7383
vn -0.5143 -0.3847 -0.7665
vn -0.497 -0.3777 -0.7812
vn -0.4261 -0.5163 -0.7428
vn -0.4079 -0.514 -0.7545
vn -0.1665 -0.7731 -0.612
vn -0.1723 -0.777 -0.6054
vn -0.1398 -0.7579 -0.6372
vn 0.2549 -0.9194 -0.2995
vn 0.2336 -0.9316 -0.2784
vn 0.2259 -0.9346 -0.2748
vn -0.1671 -0.7774 -0.6064
vn -0.1552 -0.7768 -0.6103
vn 0.2221 -0.9357 -0.274
vn 0.2181 -0.9376 -0.2709
vn 0.4898 -0.8713 0.03046
vn 0.4852 -0.8737 0.03558
vn 0.5054 -0.8628 0.01263
vn 0.6234 -0.7503 0.22
vn 0.6079 -0.7587 0.2342
vn 0.6055 -0.7585 0.241
vn 0.4795 -0.8766 0.04047
vn 0.467 -0.8828 0.04959
vn 0.6005 -0.7596 0.2496
vn 0.5852 -0.7659 0.2664
vn 0.6983 -0.4564 0.5513
vn 0.6901 -0.4506 0.5663
vn 0.6639 -0.6221 0.415
vn 0.6699 -0.6225 0.4046
vn 0.6535 -0.4572 0.6032
vn 0.6408 -0.6284 0.4409
vn 0.7099 -0.467 0.5272
vn 0.6956 -0.4686 0.5445
vn 0.6705 -0.6258 0.3984
vn 0.6863 -0.6164 0.3859
vn 0.4762 0.3324 0.8141
vn 0.466 0.3266 0.8223
vn 0.6571 -0.1467 0.7393
vn 0.6711 -0.158 0.7243
vn 0.4137 0.2968 0.8607
vn 0.6044 -0.157 0.7811
vn 0.4823 0.3357 0.8091
vn 0.4672 0.328 0.821
vn 0.6677 -0.1786 0.7226
vn 0.6842 -0.1862 0.7051
vn 0.1636 0.7191 0.6754
vn 0.1672 0.7035 0.6907
vn -0.04971 0.8657 0.4981
vn -0.04785 0.8574 0.5123
vn -0.06778 0.8349 0.5462
vn 0.1358 0.6682 0.7314
vn 0.1528 0.7446 0.6498
vn 0.1461 0.727 0.6708
vn -0.04334 0.8817 0.4697
vn -0.05866 0.87 0.4896
vn -0.1922 0.9162 0.3515
vn -0.1932 0.912 0.3619
vn -0.2064 0.8994 0.3852
vn -0.1712 0.9286 0.3292
vn -0.1931 0.9189 0.3441
vn 0.05853 0.9168 0.3949
vn -0.07401 0.9583 0.2758
vn -0.1223 0.9449 0.3037
vn 0.0004578 0.8997 0.4364
vn -0.2378 0.9666 0.09525
vn -0.2743 0.9536 0.124
vn 0.6029 0.3988 0.691
vn 0.2562 0.8011 0.5408
vn 0.1886 0.7718 0.6072
vn 0.5269 0.359 0.7703
vn -0.431 0.8966 -0.1016
vn -0.5878 0.694 -0.4157
vn -0.3942 0.9088 -0.1364
vn -0.539 0.71 -0.4531
vn 0.3121 0.9106 0.2709
vn 0.002869 0.9657 0.2595
vn -0.03806 0.9659 0.2561
vn 0.1572 0.9278 0.3382
vn -0.2145 0.9754 0.0509
vn -0.2261 0.9707 0.08078
vn -0.3844 0.912 -0.1433
vn -0.5361 0.7117 -0.4539
vn -0.3975 0.9057 -0.1472
vn -0.5683 0.6912 -0.4464
vn -0.4954 -0.08332 -0.8646
vn -0.5797 0.284 -0.7637
vn -0.5809 0.2806 -0.7641
vn -0.496 -0.08628 -0.864
vn -0.6095 0.2441 -0.7543
vn -0.5138 -0.1067 -0.8512
vn -0.6336 0.2606 -0.7284
vn -0.5429 -0.1066 -0.833
vn -0.4144 -0.2703 -0.869
vn -0.4368 -0.2259 -0.8707
vn -0.4374 -0.2267 -0.8702
vn -0.415 -0.2706 -0.8686
vn -0.4563 -0.2366 -0.8578
vn -0.4344 -0.2803 -0.856
vn -0.483 -0.2471 -0.8401
vn -0.4597 -0.2934 -0.8382
vn -0.3891 -0.313 -0.8664
vn -0.3883 -0.3128 -0.8668
vn -0.4086 -0.3222 -0.8539
vn -0.3253 -0.4386 -0.8377
vn -0.2991 -0.4366 -0.8485
vn -0.2977 -0.4377 -0.8484
vn -0.4324 -0.3378 -0.836
vn -0.3442 -0.4626 -0.817
vn -0.03107 -0.6931 -0.7201
vn -0.03317 -0.6955 -0.7178
vn -0.06955 -0.6933 -0.7172
vn 0.3252 -0.8612 -0.3905
vn 0.3471 -0.8551 -0.3851
vn 0.3371 -0.8616 -0.3794
vn -0.08298 -0.7248 -0.6839
vn 0.2975 -0.8903 -0.3448
vn 0.5811 -0.8107 -0.07135
vn 0.567 -0.8217 -0.05701
vn 0.579 -0.8101 -0.09238
vn 0.7136 -0.6926 0.1048
vn 0.6975 -0.7007 0.1498
vn 0.683 -0.7105 0.1692
vn 0.538 -0.8425 -0.02554
vn 0.6558 -0.7297 0.1937
vn 0.7833 -0.4147 0.4631
vn 0.7424 -0.4475 0.4986
vn 0.7188 -0.5915 0.3653
vn 0.7504 -0.5651 0.3428
vn 0.9272 -0.1912 0.3219
vn 0.8496 -0.3372 0.4054
vn 0.779 -0.5379 0.3219
vn 0.8086 -0.4964 0.3157
vn 0.724 -0.1761 0.6669
vn 0.7842 -0.1394 0.6046
vn 0.8383 0.4992 0.2192
vn 0.7329 0.4615 0.4999
vn 0.885 -0.03052 0.4646
vn 0.9564 0.1341 0.2594
vn 0.5907 0.7754 0.2233
vn 0.4067 0.8184 0.4059
vn 0.8675 0.4963 0.03369
vn 0.7403 0.6668 0.08472
vn 0.8699 0.4841 -0.09433
vn 0.8113 0.5819 -0.0557
vn 0.6496 0.7585 0.05057
vn 0.489 0.8482 0.2033
vn 0.9477 0.3037 0.09766
vn 0.972 -0.008911 0.2347
vn 0.9838 0.163 0.07401
vn 0.9199 0.3893 -0.04642
vn 0.3525 0.1379 -0.9256
vn 0.787 0.4103 -0.4606
vn 0.8984 0.2598 -0.3539
vn 0.6389 -0.05008 -0.7676
vn 0.9536 0.2072 -0.2181
vn 0.8303 0.1037 -0.5476
vn 0.3443 0.5031 -0.7927
vn 0.706 0.6018 -0.3735
vn 0.5589 0.6179 -0.5531
vn 0.6853 0.687 -0.2416
vn 0.9844 0.0224 -0.1744
vn 0.9098 0.1487 -0.3874
vn 0.9803 -0.1536 0.1236
vn 0.9318 -0.3557 0.07205
vn 0.9608 -0.2411 -0.1364
vn 0.9631 -0.04926 -0.2647
vn 0.8818 -0.3699 0.2924
vn 0.8095 -0.5675 0.1506
vn 0.6775 -0.7326 0.06549
vn 0.8529 -0.5212 0.02844
vn 0.255 -0.9201 0.2973
vn 0.7192 -0.5975 0.3547
vn -0.1169 -0.556 0.8229
vn 0.8746 -0.215 0.4345
vn 0.216 0.3209 0.9221
vn 0.8881 0.376 -0.2643
vn 0.5274 -0.8466 -0.0708
vn 0.2592 -0.8863 -0.3838
vn 0.1476 -0.9309 -0.3341
vn 0.3994 -0.9151 0.05521
vn -0.246 -0.48 0.8421
vn 0.006012 0.3431 0.9393
vn -0.2974 -0.8679 0.3977
vn -0.2123 -0.8299 0.5159
vn -0.04685 -0.4109 0.9104
vn 0.2075 0.411 0.8877
vn 0.3749 -0.9144 0.1529
vn 0.1833 -0.9751 -0.1247
vn 0.08173 -0.971 -0.2246
vn 0.1814 -0.9832 -0.01978
vn 0.645 -0.7454 0.1686
vn 0.7707 -0.4317 -0.4685
vn -0.1706 -0.9434 -0.2845
vn 0.167 -0.4 -0.9012
vn -0.2375 -0.4784 -0.8454
vn -0.2893 -0.9417 -0.1715
vn 0.2613 -0.3746 0.8896
vn 0.4689 0.4379 0.767
vn 0.01273 -0.8235 0.5672
vn 0.1749 -0.8377 0.5173
vn 0.4862 -0.3492 0.801
vn 0.6281 0.4721 0.6186
vn -0.2795 -0.9558 -0.09131
vn -0.4981 -0.5144 -0.698
vn -0.5966 -0.5629 -0.572
vn -0.2625 -0.9616 -0.08032
vn 0.6684 -0.2947 0.6829
vn 0.7205 0.5147 0.4646
vn 0.2997 -0.8492 0.4347
vn 0.4878 -0.8255 0.2837
vn 0.8694 -0.1934 0.4547
vn 0.7998 0.5478 0.2454
vn -0.2339 -0.9691 -0.0781
vn -0.6319 -0.6256 -0.4575
vn -0.7038 -0.6505 -0.2854
vn -0.2387 -0.968 -0.07672
vn 0.994 -0.04254 0.1
vn 0.8257 0.5634 -0.02902
vn 0.6394 -0.7686 0.01999
vn 0.6207 -0.7411 -0.256
vn 0.9564 0.08927 -0.2781
vn 0.7841 0.5406 -0.3048
vn -0.3143 -0.9489 -0.02805
vn -0.7891 -0.6141 -0.01563
vn -0.7971 -0.5376 0.275
vn -0.4089 -0.9051 0.116
vn 0.8287 0.1377 -0.5425
vn 0.7138 0.4883 -0.502
vn 0.508 -0.7718 -0.3824
vn 0.4293 -0.8036 -0.4122
vn 0.6871 -0.1125 -0.7178
vn 0.6709 0.4591 -0.5824
vn -0.4476 -0.8586 0.2498
vn -0.7541 -0.486 0.4418
vn -0.7418 -0.4677 0.4806
vn -0.1883 -0.9739 -0.1267
vn -0.4419 0.8893 0.1171
vn 0.189 0.8622 -0.47
vn -0.5045 -0.08246 -0.8595
vn -0.8957 0.3214 0.3073
vn -0.9422 0.08277 0.3246
vn -0.869 0.1164 0.4809
vn -0.5043 0.8635 -0.005768
vn -0.4432 0.8917 0.09183
vn 0.3642 0.882 -0.2991
vn 0.3254 0.8753 -0.3576
vn -0.3699 0.8394 -0.3983
vn 0.3439 0.9322 -0.1131
vn 0.3762 0.9058 -0.1948
vn -0.4689 0.8533 -0.2279
vn -0.9173 0.005249 -0.3981
vn -0.9998 0.01581 -0.008728
vn -0.2206 0.7949 -0.5652
vn 0.31 0.9496 -0.04666
vn 0.3112 0.9475 -0.07364
vn -0.294 0.817 -0.496
vn -0.646 0.09873 -0.7569
vn -0.7687 0.04819 -0.6378
vn 0.2037 0.8281 -0.5222
vn 0.3129 0.9388 0.1437
vn 0.335 0.942 0.02216
vn -0.04721 0.7961 -0.6033
vn -0.03455 0.2665 -0.9632
vn -0.4462 0.1518 -0.8819
vn 0.5204 0.8539 0.005219
vn 0.3278 0.8731 0.3608
vn 0.2755 0.9199 0.279
vn 0.3831 0.8697 -0.3112
vn 0.7259 0.5204 -0.4497
vn 0.3913 0.442 -0.8072
vn 0.8291 0.4688 0.3046
vn 0.8231 0.4669 0.3233
vn 0.535 0.7754 0.3355
vn 0.5646 0.7914 0.2343
vn 0.8332 0.4259 -0.3525
vn 0.7006 0.713 -0.02673
vn 0.7234 0.6831 0.1003
vn 0.6668 0.7418 0.07178
vn 0.8845 0.4655 -0.03113
vn 0.8375 0.5384 0.09302
vn 0.9999 -0.01022 0.008362
vn 0.9451 0.2966 0.1372
vn 0.8532 0.4746 0.2163
vn 0.8451 0.4735 0.2481
vn 0.6371 0.7487 0.1829
vn 0.7137 0.6822 0.1589
vn 0.9613 0.06146 0.2686
vn 0.9272 0.052 0.3709
vn 0.9987 -0.03436 0.03867
vn 0.8946 -0.185 0.4067
vn 0.3453 0.06247 0.9364
vn 0.9832 0.1784 0.03833
vn 0.9533 0.24 0.183
vn 0.966 0.1428 0.2156
vn 0.9614 0.2444 0.1259
vn 0.9815 0.1619 0.1023
vn 0.9438 -0.1853 -0.2737
vn 0.9072 -0.2619 0.3291
vn 0.8233 -0.3187 -0.4696
vn 0.9501 -0.2405 0.1985
vn 0.4214 0.009613 0.9068
vn 0.2523 -0.123 0.9598
vn 0.9042 0.4137 0.1058
vn 0.8758 0.4822 -0.02142
vn 0.778 0.6123 0.1404
vn 0.5859 0.8102 0.01282
vn 0.1224 0.8715 -0.4748
vn 0.8497 0.2903 -0.4401
vn -0.2034 0.3022 -0.9313
vn 0.6096 0.02258 -0.7924
vn -0.493 0.001587 -0.87
vn 0.2445 -0.2441 -0.9384
vn 0.6721 -0.5057 -0.5408
vn 0.9722 -0.2203 0.07932
vn 0.5752 -0.6489 -0.4979
vn 0.9686 -0.2484 0.01245
vn 0.7102 0.3189 0.6275
vn 0.5901 0.2121 0.7789
vn -0.6724 -0.1928 -0.7146
vn -0.07547 -0.5171 -0.8526
vn -0.7733 -0.2374 -0.5879
vn -0.2369 -0.6469 -0.7248
vn 0.5451 -0.7243 -0.4222
vn 0.9662 -0.2572 -0.01379
vn 0.5132 -0.7968 -0.3189
vn 0.9707 -0.2342 -0.05335
vn 0.8873 0.3827 0.2574
vn 0.8042 0.3584 0.4741
vn -0.8499 -0.2192 -0.4791
vn -0.3554 -0.7132 -0.6041
vn -0.9183 -0.2449 -0.3108
vn -0.4877 -0.7931 -0.3649
vn 0.4611 -0.8754 -0.145
vn 0.9691 -0.2055 -0.1361
vn 0.4391 -0.8949 0.07947
vn 0.9467 -0.2123 -0.2423
vn 0.9036 0.3149 -0.2904
vn 0.9303 0.3664 -0.0137
vn -0.9512 -0.3061 -0.03864
vn -0.5491 -0.8352 0.02799
vn -0.9084 -0.3271 0.2605
vn -0.4795 -0.7954 0.3706
vn 0.491 -0.8525 0.1795
vn 0.9214 -0.2456 -0.3009
vn 0.488 -0.8482 0.2061
vn 0.8401 -0.3591 -0.4064
vn 0.7854 0.24 -0.5705
vn 0.8299 0.2665 -0.4901
vn -0.8484 -0.3041 0.4331
vn -0.4179 -0.7377 0.5302
vn -0.828 -0.2995 0.474
vn -0.2484 -0.8941 0.3727
vn -0.3164 -0.4411 -0.8398
vn -0.904 0.3816 -0.1927
vn -0.4023 0.7689 -0.4968
vn 0.3228 0.5672 -0.7577
vn -0.2519 0.9055 -0.3413
vn -0.3333 0.8184 -0.468
vn -0.9706 0.1323 0.2011
vn -0.9825 0.1768 0.05893
vn 0.6112 0.5543 -0.565
vn 0.6268 0.7168 -0.3055
vn 0.513 0.856 0.06357
vn 0.2966 0.8637 0.4075
vn -0.2856 0.9563 -0.06284
vn -0.4358 0.8773 0.2008
vn -0.9602 0.2631 -0.0933
vn -0.9343 0.3257 -0.145
vn 0.08826 0.7689 0.6332
vn -0.06433 0.6522 0.7553
vn -0.5682 0.7418 0.3563
vn -0.6345 0.6312 0.446
vn -0.9353 0.3233 -0.1435
vn -0.9473 0.2873 -0.1417
vn -0.2102 0.4828 0.8501
vn -0.4044 0.2469 0.8806
vn -0.71 0.4919 0.5039
vn -0.828 0.311 0.4665
vn -0.9512 0.2683 -0.1523
vn -0.9384 0.2611 -0.2261
vn -0.5639 0.115 0.8177
vn -0.5522 0.2625 0.7913
vn -0.8952 0.2586 0.3628
vn -0.639 0.7161 0.2807
vn -0.8699 0.3685 -0.3276
vn -0.703 0.7014 -0.1175
vn -0.2759 0.9606 0.03308
vn -0.4661 0.8793 -0.09793
vn -0.5844 0.807 0.08454
vn -0.7602 0.5639 -0.3225
vn -0.6435 0.6408 -0.4185
vn -0.04541 0.9938 0.1015
vn 0.01685 0.9998 -0.002747
vn 0.207 0.978 0.0271
vn 0.3281 0.9295 -0.1683
vn 0.4804 0.8394 -0.2542
vn -0.125 0.9391 0.32
vn 0.2412 0.8728 0.4242
vn 0.6318 0.6779 -0.3758
vn 0.8245 0.5376 -0.1763
vn -0.5494 0.7982 0.247
vn -0.1774 0.9459 0.2717
vn -0.7216 0.6837 0.1087
vn -0.8237 0.549 -0.1415
vn 0.5561 0.8048 -0.2072
vn 0.3929 0.9158 0.08286
vn 0.4661 0.3695 -0.8039
vn 0.1916 0.0351 -0.9808
vn 0.146 0.9579 0.2472
vn -0.5418 -0.1473 -0.8275
vn -0.6839 0.09671 -0.7231
vn -0.7181 0.04599 -0.6944
vn -0.544 -0.1549 -0.8246
vn -0.7576 -0.02216 -0.6523
vn -0.4968 -0.214 -0.841
vn -0.6445 0.1736 -0.7446
vn -0.5273 -0.1313 -0.8394
vn 0.3359 0.8647 0.3734
vn 0.714 0.5547 0.4272
vn 0.5412 0.4468 0.7124
vn 0.2146 0.7167 0.6635
vn 0.1802 0.74 0.648
vn -0.1029 0.8631 0.4944
vn -0.5489 0.7732 -0.3176
vn -0.5711 0.7361 -0.3632
vn -0.753 0.4541 -0.4762
vn -0.7563 0.6524 0.04773
vn -0.7599 -0.1045 -0.6415
vn -0.6323 -0.1196 -0.7654
vn -0.5404 -0.2383 -0.8069
vn -0.5354 -0.2719 -0.7996
vn -0.5417 -0.09568 -0.8351
vn -0.4637 -0.2729 -0.8429
vn -0.5326 -0.09537 -0.841
vn -0.4415 -0.3024 -0.8447
vn -0.3432 -0.4087 -0.8456
vn -0.2315 -0.3402 -0.9114
vn -0.1047 -0.6237 -0.7746
vn 0.6837 -0.5186 -0.5134
vn -0.5554 0.7346 -0.3896
vn -0.4802 -0.08374 -0.8731
vn -0.3311 0.7586 -0.5611
vn -0.2758 -0.0228 -0.9609
vn -0.1919 -0.2795 -0.9408
vn -0.3891 -0.3101 -0.8674
vn 0.1679 -0.8226 -0.5432
vn 0.3064 -0.8946 -0.3252
vn 0.6079 -0.3836 0.6952
vn 0.7811 -0.5697 0.2555
vn 0.4779 -0.05875 -0.8764
vn 0.1309 -0.2268 -0.9651
vn 0.03571 0.07288 -0.9967
vn 0.5455 0.2602 -0.7967
vn 0.099 0.7902 -0.6048
vn 0.4746 0.668 -0.5731
vn 0.4164 -0.2968 0.8594
vn 0.3876 -0.3794 0.8401
vn 0.497 -0.8464 -0.191
vn 0.8939 -0.447 -0.03183
vn 0.9625 0.2259 0.15
vn 0.4248 -0.03232 0.9047
vn 0.6386 0.677 0.3659
vn 0.3359 0.2076 0.9187
vn 0.227 0.2339 0.9454
vn 0.3015 -0.09729 0.9485
vn 0.3346 0.2667 0.9038
vn 0.5066 -0.03842 0.8613
vn 0.1646 0.8329 0.5284
vn 0.01404 0.7934 0.6085
vn 0.6954 0.01987 0.7183
vn 0.8556 0.07947 0.5114
vn 0.4788 0.3151 0.8194
vn 0.1113 0.7226 0.6821
vn -0.3633 -0.2294 -0.903
vn -0.3937 -0.2089 -0.8952
vn -0.1364 -0.1786 -0.9744
vn -0.1027 -0.09091 -0.9905
vn 0.6288 -0.03931 -0.7765
vn 0.528 0.2585 -0.809
vn 0.9737 0.2109 0.086
vn 0.8765 0.475 -0.07862
vn 0.7077 0.701 0.08777
vn 0.8582 0.2894 0.4239
vn 0.6697 0.2004 0.7151
vn 0.5397 0.6911 0.4806
vn 0.03681 0.9307 -0.3639
vn 0.3472 0.5518 -0.7582
vn -0.184 -0.04959 -0.9817
vn -0.3651 -0.2666 -0.892
vn -0.3901 0.034 -0.9201
vn -0.4292 -0.3482 -0.8334
vn -0.5434 0.0521 -0.8378
vn -0.5141 -0.3294 -0.7919
vn -0.4495 0.5597 -0.6962
vn -0.4783 -0.1891 -0.8576
vn -0.4743 -0.2591 -0.8414
vn -0.4801 -0.3658 -0.7972
vn 0.4068 0.6183 0.6724
vn 0.1678 0.9275 0.3339
vn 0.5051 0.2326 0.8311
vn 0.3674 0.1553 0.917
vn 0.2367 0.5158 0.8233
vn 0.07187 0.7739 0.6292
vn -0.3878 0.7575 -0.5252
vn -0.4363 -0.1449 -0.8881
vn -0.4127 0.8085 -0.4194
vn -0.2711 -0.03632 -0.9619
vn 0.3287 0.2196 0.9185
vn 0.1848 0.4415 0.878
vn 0.05097 0.3812 0.9231
vn 0.2791 0.1078 0.9542
vn -0.04877 0.6064 0.7937
vn -0.127 0.6355 0.7615
vn 0.1743 0.9781 -0.1141
vn -0.3303 0.8904 -0.313
vn 0.2952 0.3567 -0.8863
vn -0.02472 0.1721 -0.9847
vn 0.7453 0.6543 0.1282
vn 0.9069 0.1463 0.395
vn 0.8572 -0.04984 -0.5126
vn 0.5836 0.2325 -0.778
vn 0.1568 -0.08975 -0.9835
vn 0.71 -0.4689 -0.5253
vn 0.3092 -0.816 -0.4883
vn -0.1374 -0.3127 -0.9398
vn 0.7306 -0.3717 0.5727
vn 0.5039 -0.6121 0.6094
vn 0.006073 -0.9159 -0.4014
vn -0.3728 -0.4612 -0.8051
vn -0.3362 -0.4403 -0.8325
vn -0.008362 -0.9211 -0.3892
vn 0.6382 -0.5347 0.5538
vn 0.4841 -0.5925 0.6439
vn -0.3601 -0.4597 -0.8117
vn -0.4178 -0.5091 -0.7525
vn 0.08478 -0.8723 -0.4815
vn -0.1337 -0.813 -0.5666
vn 0.7062 -0.3612 0.6089
vn 0.5857 -0.7393 0.3322
vn 0.09049 -0.9933 -0.07102
vn -0.381 -0.6453 -0.6621
vn -0.4675 -0.6001 -0.6491
vn 0.8905 -0.2988 0.343
vn -0.3768 -0.4354 -0.8176
vn -0.3892 -0.4293 -0.815
vn -0.2837 -0.6585 -0.697
vn -0.219 -0.6679 -0.7113
vn -0.4653 -0.2913 -0.8358
vn -0.452 -0.2793 -0.8471
vn -0.4303 -0.3295 -0.8404
vn -0.4389 -0.3377 -0.8326
vn -0.3539 -0.4348 -0.828
vn -0.1391 -0.6821 -0.7179
vn -0.4516 -0.2878 -0.8445
vn -0.4259 -0.33 -0.8424
vn -0.4877 -0.2445 -0.838
vn -0.4784 -0.2344 -0.8462
vn -0.4729 -0.2437 -0.8467
vn 0.5927 0.09641 -0.7996
vn -0.2155 0.8835 0.4159
vn -0.08252 0.8065 0.5854
vn 0.1066 0.6288 0.7702
vn 0.3634 0.2644 0.8933
vn 0.5502 -0.1672 0.8181
vn 0.6133 -0.4565 0.6446
vn 0.6153 -0.6283 0.4761
vn 0.5678 -0.7711 0.288
vn 0.2159 -0.9395 -0.2661
vn 0.4533 -0.8893 0.05979
vn -0.3871 -0.5121 -0.7667
vn -0.1403 -0.7771 -0.6136
vn -0.5049 -0.3214 -0.8011
vn -0.4773 -0.3709 -0.7966
vn -0.5328 -0.2717 -0.8014
vn -0.3382 0.7391 0.5825
vn -0.1755 0.5835 0.7929
vn -0.05188 0.3731 0.9263
vn 0.0889 0.1055 0.9904
vn 0.246 -0.1672 0.9547
vn 0.3666 -0.3915 0.844
vn 0.4193 -0.62 0.6631
vn 0.3797 -0.8383 0.3911
vn 0.08325 -0.9747 -0.2071
vn 0.266 -0.958 0.1067
vn -0.1773 -0.8117 -0.5564
f 1/1/1 2/2/2 3/3/3
f 1/1/1 3/3/3 4/4/4
f 2/2/2 5/5/5 6/6/6
f 2/2/2 6/6/6 3/3/3
f 3/3/3 6/6/6 7/7/7
f 3/3/3 7/7/7 8/8/8
f 4/4/4 3/3/3 8/8/8
f 4/4/4 8/8/8 9/9/9
f 10/10/10 11/11/11 12/12/12
f 10/10/10 12/12/12 13/13/13
f 11/11/11 1/1/1 4/4/4
f 11/11/11 4/4/4 12/12/12
f 12/12/12 4/4/4 9/9/9
f 12/12/12 9/9/9 14/14/14
f 13/13/13 12/12/12 14/14/14
f 13/13/13 14/14/14 15/15/15
f 9/9/9 16/16/16 17/17/17
f 9/9/9 17/17/17 14/14/14
f 16/16/16 18/18/18 19/19/19
f 16/16/16 19/19/19 17/17/17
f 17/17/17 19/19/19 20/20/20
f 17/17/17 20/20/20 21/21/21
f 14/14/14 17/17/17 21/21/21
f 14/14/14 21/21/21 15/15/15
f 7/7/7 22/22/22 23/23/23
f 7/7/7 23/23/23 8/8/8
f 22/22/22 24/24/24 25/25/25
f 22/22/22 25/25/25 23/23/23
f 23/23/23 25/25/25 18/18/18
f 23/23/23 18/18/18 16/16/16
f 8/8/8 23/23/23 16/16/16
f 8/8/8 16/16/16 9/9/9
f 26/26/26 27/27/27 28/28/28
f 26/26/26 28/28/28 29/29/29
f 27/27/27 30/30/30 31/31/31
f 27/27/27 31/31/31 28/28/28
f 28/28/28 31/31/31 24/24/24
f 28/28/28 24/24/24 22/22/22
f 29/29/29 28/28/28 22/22/22
f 29/29/29 22/22/22 7/7/7
f 32/32/32 33/33/33 34/34/34
f 32/32/32 34/34/34 35/35/35
f 33/33/33 36/36/36 37/37/37
f 33/33/33 37/37/37 34/34/34
f 34/34/34 37/37/37 30/30/30
f 34/34/34 30/30/30 27/27/27
f 35/35/35 34/34/34 27/27/27
f 35/35/35 27/27/27 26/26/26
f 32/32/32 35/35/35 38/38/38
f 32/32/32 38/38/38 39/39/39
f 35/35/35 26/26/26 40/40/40
f 35/35/35 40/40/40 38/38/38
f 38/38/38 40/40/40 41/41/41
f 38/38/38 41/41/41 42/42/42
f 39/39/39 38/38/38 42/42/42
f 39/39/39 42/42/42 43/43/43
f 26/26/26 29/29/29 44/44/44
f 26/26/26 44/44/44 40/40/40
f 29/29/29 7/7/7 6/6/6
f 29/29/29 6/6/6 44/44/44
f 44/44/44 6/6/6 5/5/5
f 44/44/44 5/5/5 45/45/45
f 40/40/40 44/44/44 45/45/45
f 40/40/40 45/45/45 41/41/41
f 43/43/43 42/42/42 46/46/46
f 43/43/43 46/46/46 47/47/47
f 42/42/42 41/41/41 48/48/48
f 42/42/42 48/48/48 46/46/46
f 46/46/46 48/48/48 49/49/49
f 46/46/46 49/49/49 50/50/50
f 47/47/47 46/46/46 50/50/50
f 47/47/47 50/50/50 51/51/51
f 41/41/41 45/45/45 52/52/52
f 41/41/41 52/52/52 48/48/48
f 45/45/45 5/5/5 53/53/53
f 45/45/45 53/53/53 52/52/52
f 52/52/52 53/53/53 54/54/54
f 52/52/52 54/54/54 55/55/55
f 48/48/48 52/52/52 55/55/55
f 48/48/48 55/55/55 49/49/49
f 51/51/51 50/50/50 56/56/56
f 51/51/51 56/56/56 57/57/57
f 50/50/50 49/49/49 58/58/58
f 50/50/50 58/58/58 56/56/56
f 56/56/56 58/58/58 59/59/59
f 56/56/56 59/59/59 60/60/60
f 57/57/57 56/56/56 60/60/60
f 57/57/57 60/60/60 61/61/61
f 49/49/49 55/55/55 62/62/62
f 49/49/49 62/62/62 58/58/58
f 55/55/55 54/54/54 63/63/63
f 55/55/55 63/63/63 62/62/62
f 62/62/62 63/63/63 64/64/64
f 62/62/62 64/64/64 65/65/65
f 58/58/58 62/62/62 65/65/65
f 58/58/58 65/65/65 59/59/59
f 66/66/66 67/67/67 68/68/68
f 66/66/66 68/68/68 69/69/69
f 67/67/67 54/54/54 53/53/53
f 67/67/67 53/53/53 68/68/68
f 68/68/68 53/53/53 5/5/5
f 68/68/68 5/5/5 2/2/2
f 69/69/69 68/68/68 2/2/2
f 69/69/69 2/2/2 1/1/1
f 70/70/70 71/71/71 72/72/72
f 70/70/70 72/72/72 73/73/73
f 71/71/71 64/64/64 63/63/63
f 71/71/71 63/63/63 72/72/72
f 72/72/72 63/63/63 54/54/54
f 72/72/72 54/54/54 67/67/67
f 73/73/73 72/72/72 67/67/67
f 73/73/73 67/67/67 66/66/66
f 74/74/74 75/75/75 76/76/76
f 74/74/74 76/76/76 77/77/77
f 75/75/75 66/66/66 69/69/69
f 75/75/75 69/69/69 76/76/76
f 76/76/76 69/69/69 1/1/1
f 76/76/76 1/1/1 11/11/11
f 77/77/77 76/76/76 11/11/11
f 77/77/77 11/11/11 10/10/10
f 78/78/78 79/79/79 80/80/80
f 78/78/78 80/80/80 81/81/81
f 79/79/79 70/70/70 73/73/73
f 79/79/79 73/73/73 80/80/80
f 80/80/80 73/73/73 66/66/66
f 80/80/80 66/66/66 75/75/75
f 81/81/81 80/80/80 75/75/75
f 81/81/81 75/75/75 74/74/74
f 74/74/74 77/77/77 82/82/82
f 74/74/74 82/82/82 83/83/83
f 77/77/77 10/10/10 84/84/84
f 77/77/77 84/84/84 82/82/82
f 82/82/82 84/84/84 85/85/85
f 82/82/82 85/85/85 86/86/86
f 83/83/83 82/82/82 86/86/86
f 83/83/83 86/86/86 87/87/87
f 78/78/78 81/81/81 88/88/88
f 78/78/78 88/88/88 89/89/89
f 81/81/81 74/74/74 83/83/83
f 81/81/81 83/83/83 88/88/88
f 88/88/88 83/83/83 87/87/87
f 88/88/88 87/87/87 90/90/90
f 89/89/89 88/88/88 90/90/90
f 89/89/89 90/90/90 91/91/91
f 87/87/87 86/86/86 92/92/92
f 87/87/87 92/92/92 93/93/93
f 86/86/86 85/85/85 94/94/94
f 86/86/86 94/94/94 92/92/92
f 92/92/92 94/94/94 95/95/95
f 92/92/92 95/95/95 96/96/96
f 93/93/93 92/92/92 96/96/96
f 93/93/93 96/96/96 97/97/97
f 91/91/91 90/90/90 98/98/98
f 91/91/91 98/98/98 99/99/99
f 90/90/90 87/87/87 93/93/93
f 90/90/90 93/93/93 98/98/98
f 98/98/98 93/93/93 97/97/97
f 98/98/98 97/97/97 100/100/100
f 99/99/99 98/98/98 100/100/100
f 99/99/99 100/100/100 101/101/101
f 102/102/102 103/103/103 104/104/104
f 102/102/102 104/104/104 105/105/105
f 103/103/103 106/106/106 107/107/107
f 103/103/103 107/107/107 104/104/104
f 104/104/104 107/107/107 97/97/97
f 104/104/104 97/97/97 96/96/96
f 105/105/105 104/104/104 96/96/96
f 105/105/105 96/96/96 95/95/95
f 106/106/106 108/108/108 109/109/109
f 106/106/106 109/109/109 107/107/107
f 108/108/108 110/110/110 111/111/111
f 108/108/108 111/111/111 109/109/109
f 109/109/109 111/111/111 101/101/101
f 109/109/109 101/101/101 100/100/100
f 107/107/107 109/109/109 100/100/100
f 107/107/107 100/100/100 97/97/97
f 112/112/112 113/113/113 114/114/114
f 112/112/112 114/114/114 115/115/115
f 113/113/113 116/116/116 117/117/117
f 113/113/113 117/117/117 114/114/114
f 114/114/114 117/117/117 110/110/110
f 114/114/114 110/110/110 108/108/108
f 115/115/115 114/114/114 108/108/108
f 115/115/115 108/108/108 106/106/106
f 118/118/118 119/119/119 120/120/120
f 118/118/118 120/120/120 121/121/121
f 119/119/119 112/112/112 115/115/115
f 119/119/119 115/115/115 120/120/120
f 120/120/120 115/115/115 106/106/106
f 120/120/120 106/106/106 103/103/103
f 121/121/121 120/120/120 103/103/103
f 121/121/121 103/103/103 102/102/102
f 122/122/122 123/123/123 124/124/124
f 122/122/122 124/124/124 125/125/125
f 123/123/123 126/126/126 127/127/127
f 123/123/123 127/127/127 124/124/124
f 124/124/124 127/127/127 116/116/116
f 124/124/124 116/116/116 113/113/113
f 125/125/125 124/124/124 113/113/113
f 125/125/125 113/113/113 112/112/112
f 128/128/128 129/129/129 130/130/130
f 128/128/128 130/130/130 131/131/131
f 129/129/129 122/122/122 125/125/125
f 129/129/129 125/125/125 130/130/130
f 130/130/130 125/125/125 112/112/112
f 130/130/130 112/112/112 119/119/119
f 131/131/131 130/130/130 119/119/119
f 131/131/131 119/119/119 118/118/118
f 122/122/122 132/132/132 133/133/133
f 122/122/122 133/133/133 123/123/123
f 132/132/132 51/51/51 57/57/57
f 132/132/132 57/57/57 133/133/133
f 133/133/133 57/57/57 61/61/61
f 133/133/133 61/61/61 134/134/134
f 123/123/123 133/133/133 134/134/134
f 123/123/123 134/134/134 126/126/126
f 128/128/128 135/135/135 136/136/136
f 128/128/128 136/136/136 129/129/129
f 135/135/135 43/43/43 47/47/47
f 135/135/135 47/47/47 136/136/136
f 136/136/136 47/47/47 51/51/51
f 136/136/136 51/51/51 132/132/132
f 129/129/129 136/136/136 132/132/132
f 129/129/129 132/132/132 122/122/122
f 137/137/137 138/138/138 139/139/139
f 137/137/137 139/139/139 140/140/140
f 138/138/138 128/128/128 131/131/131
f 138/138/138 131/131/131 139/139/139
f 139/139/139 131/131/131 118/118/118
f 139/139/139 118/118/118 141/141/141
f 140/140/140 139/139/139 141/141/141
f 140/140/140 141/141/141 142/142/142
f 137/137/137 143/143/143 144/144/144
f 137/137/137 144/144/144 138/138/138
f 143/143/143 32/32/32 39/39/39
f 143/143/143 39/39/39 144/144/144
f 144/144/144 39/39/39 43/43/43
f 144/144/144 43/43/43 135/135/135
f 138/138/138 144/144/144 135/135/135
f 138/138/138 135/135/135 128/128/128
f 137/137/137 145/145/145 146/146/146
f 137/137/137 146/146/146 143/143/143
f 145/145/145 147/147/147 148/148/148
f 145/145/145 148/148/148 146/146/146
f 146/146/146 148/148/148 36/36/36
f 146/146/146 36/36/36 33/33/33
f 143/143/143 146/146/146 33/33/33
f 143/143/143 33/33/33 32/32/32
f 142/142/142 149/149/149 150/150/150
f 142/142/142 150/150/150 140/140/140
f 149/149/149 151/151/151 152/152/152
f 149/149/149 152/152/152 150/150/150
f 150/150/150 152/152/152 147/147/147
f 150/150/150 147/147/147 145/145/145
f 140/140/140 150/150/150 145/145/145
f 140/140/140 145/145/145 137/137/137
f 153/153/153 154/154/154 155/155/155
f 153/153/153 155/155/155 156/156/156
f 154/154/154 157/157/157 158/158/158
f 154/154/154 158/158/158 155/155/155
f 155/155/155 158/158/158 151/151/151
f 155/155/155 151/151/151 149/149/149
f 156/156/156 155/155/155 149/149/149
f 156/156/156 149/149/149 142/142/142
f 159/159/159 160/160/160 161/161/161
f 159/159/159 161/161/161 162/162/162
f 160/160/160 163/163/163 164/164/164
f 160/160/160 164/164/164 161/161/161
f 161/161/161 164/164/164 157/157/157
f 161/161/161 157/157/157 154/154/154
f 162/162/162 161/161/161 154/154/154
f 162/162/162 154/154/154 153/153/153
f 142/142/142 141/141/141 165/165/165
f 142/142/142 165/165/165 156/156/156
f 141/141/141 118/118/118 121/121/121
f 141/141/141 121/121/121 165/165/165
f 165/165/165 121/121/121 102/102/102
f 165/165/165 102/102/102 166/166/166
f 156/156/156 165/165/165 166/166/166
f 156/156/156 166/166/166 153/153/153
f 153/153/153 166/166/166 167/167/167
f 153/153/153 167/167/167 162/162/162
f 166/166/166 102/102/102 105/105/105
f 166/166/166 105/105/105 167/167/167
f 167/167/167 105/105/105 95/95/95
f 167/167/167 95/95/95 168/168/168
f 162/162/162 167/167/167 168/168/168
f 162/162/162 168/168/168 159/159/159
f 85/85/85 169/169/169 170/170/170
f 85/85/85 170/170/170 94/94/94
f 169/169/169 171/171/171 172/172/172
f 169/169/169 172/172/172 170/170/170
f 170/170/170 172/172/172 159/159/159
f 170/170/170 159/159/159 168/168/168
f 94/94/94 170/170/170 168/168/168
f 94/94/94 168/168/168 95/95/95
f 171/171/171 173/173/173 174/174/174
f 171/171/171 174/174/174 172/172/172
f 173/173/173 175/175/175 176/176/176
f 173/173/173 176/176/176 174/174/174
f 174/174/174 176/176/176 163/163/163
f 174/174/174 163/163/163 160/160/160
f 172/172/172 174/174/174 160/160/160
f 172/172/172 160/160/160 159/159/159
f 10/10/10 13/13/13 177/177/177
f 10/10/10 177/177/177 84/84/84
f 13/13/13 15/15/15 178/178/178
f 13/13/13 178/178/178 177/177/177
f 177/177/177 178/178/178 171/171/171
f 177/177/177 171/171/171 169/169/169
f 84/84/84 177/177/177 169/169/169
f 84/84/84 169/169/169 85/85/85
f 15/15/15 21/21/21 179/179/179
f 15/15/15 179/179/179 178/178/178
f 21/21/21 20/20/20 180/180/180
f 21/21/21 180/180/180 179/179/179
f 179/179/179 180/180/180 175/175/175
f 179/179/179 175/175/175 173/173/173
f 178/178/178 179/179/179 173/173/173
f 178/178/178 173/173/173 171/171/171
f 126/126/126 181/181/181 182/182/182
f 126/126/126 182/182/182 127/127/127
f 181/181/181 183/183/183 184/184/184
f 181/181/181 184/184/184 182/182/182
f 182/182/182 184/184/184 185/185/185
f 182/182/182 185/185/185 186/186/186
f 127/127/127 182/182/182 186/186/186
f 127/127/127 186/186/186 116/116/116
f 126/126/126 134/134/134 187/187/187
f 126/126/126 187/187/187 181/181/181
f 134/134/134 61/61/61 188/188/188
f 134/134/134 188/188/188 187/187/187
f 187/187/187 188/188/188 189/189/189
f 187/187/187 189/189/189 190/190/190
f 181/181/181 187/187/187 190/190/190
f 181/181/181 190/190/190 183/183/183
f 183/183/183 191/191/191 192/192/192
f 183/183/183 192/192/192 184/184/184
f 191/191/191 193/193/193 194/194/194
f 191/191/191 194/194/194 192/192/192
f 192/192/192 194/194/194 195/195/195
f 192/192/192 195/195/195 196/196/196
f 184/184/184 192/192/192 196/196/196
f 184/184/184 196/196/196 185/185/185
f 183/183/183 190/190/190 197/197/197
f 183/183/183 197/197/197 191/191/191
f 190/190/190 189/189/189 198/198/198
f 190/190/190 198/198/198 197/197/197
f 197/197/197 198/198/198 199/199/199
f 197/197/197 199/199/199 200/200/200
f 191/191/191 197/197/197 200/200/200
f 191/191/191 200/200/200 193/193/193
f 193/193/193 200/200/200 201/201/201
f 193/193/193 201/201/201 202/202/202
f 200/200/200 199/199/199 203/203/203
f 200/200/200 203/203/203 201/201/201
f 201/201/201 203/203/203 204/204/204
f 201/201/201 204/204/204 205/205/205
f 202/202/202 201/201/201 205/205/205
f 202/202/202 205/205/205 206/206/206
f 193/193/193 202/202/202 207/207/207
f 193/193/193 207/207/207 194/194/194
f 202/202/202 206/206/206 208/208/208
f 202/202/202 208/208/208 207/207/207
f 207/207/207 208/208/208 209/209/209
f 207/207/207 209/209/209 210/210/210
f 194/194/194 207/207/207 210/210/210
f 194/194/194 210/210/210 195/195/195
f 195/195/195 210/210/210 211/211/211
f 195/195/195 211/211/211 212/212/212
f 210/210/210 209/209/209 213/213/213
f 210/210/210 213/213/213 211/211/211
f 211/211/211 213/213/213 214/214/214
f 211/211/211 214/214/214 215/215/215
f 212/212/212 211/211/211 215/215/215
f 212/212/212 215/215/215 216/216/216
f 185/185/185 196/196/196 217/217/217
f 185/185/185 217/217/217 218/218/218
f 196/196/196 195/195/195 212/212/212
f 196/196/196 212/212/212 217/217/217
f 217/217/217 212/212/212 216/216/216
f 217/217/217 216/216/216 219/219/219
f 218/218/218 217/217/217 219/219/219
f 218/218/218 219/219/219 220/220/220
f 216/216/216 215/215/215 221/221/221
f 216/216/216 221/221/221 222/222/222
f 215/215/215 214/214/214 223/223/223
f 215/215/215 223/223/223 221/221/221
f 221/221/221 223/223/223 224/224/224
f 221/221/221 224/224/224 225/225/225
f 222/222/222 221/221/221 225/225/225
f 222/222/222 225/225/225 226/226/226
f 220/220/220 219/219/219 227/227/227
f 220/220/220 227/227/227 228/228/228
f 219/219/219 216/216/216 222/222/222
f 219/219/219 222/222/222 227/227/227
f 227/227/227 222/222/222 226/226/226
f 227/227/227 226/226/226 229/229/229
f 228/228/228 227/227/227 229/229/229
f 228/228/228 229/229/229 230/230/230
f 231/231/231 232/232/232 233/233/233
f 231/231/231 233/233/233 234/234/234
f 232/232/232 235/235/235 236/236/236
f 232/232/232 236/236/236 233/233/233
f 233/233/233 236/236/236 230/230/230
f 233/233/233 230/230/230 229/229/229
f 234/234/234 233/233/233 229/229/229
f 234/234/234 229/229/229 226/226/226
f 237/237/237 238/238/238 239/239/239
f 237/237/237 239/239/239 240/240/240
f 238/238/238 231/231/231 234/234/234
f 238/238/238 234/234/234 239/239/239
f 239/239/239 234/234/234 226/226/226
f 239/239/239 226/226/226 225/225/225
f 240/240/240 239/239/239 225/225/225
f 240/240/240 225/225/225 224/224/224
f 241/241/241 242/242/242 243/243/243
f 241/241/241 243/243/243 244/244/244
f 242/242/242 245/245/245 246/246/246
f 242/242/242 246/246/246 243/243/243
f 243/243/243 246/246/246 235/235/235
f 243/243/243 235/235/235 232/232/232
f 244/244/244 243/243/243 232/232/232
f 244/244/244 232/232/232 231/231/231
f 247/247/247 248/248/248 249/249/249
f 247/247/247 249/249/249 250/250/250
f 248/248/248 241/241/241 244/244/244
f 248/248/248 244/244/244 249/249/249
f 249/249/249 244/244/244 231/231/231
f 249/249/249 231/231/231 238/238/238
f 250/250/250 249/249/249 238/238/238
f 250/250/250 238/238/238 237/237/237
f 241/241/241 251/251/251 252/252/252
f 241/241/241 252/252/252 242/242/242
f 251/251/251 253/253/253 254/254/254
f 251/251/251 254/254/254 252/252/252
f 252/252/252 254/254/254 255/255/255
f 252/252/252 255/255/255 256/256/256
f 242/242/242 252/252/252 256/256/256
f 242/242/242 256/256/256 245/245/245
f 247/247/247 257/257/257 258/258/258
f 247/247/247 258/258/258 248/248/248
f 257/257/257 259/259/259 260/260/260
f 257/257/257 260/260/260 258/258/258
f 258/258/258 260/260/260 253/253/253
f 258/258/258 253/253/253 251/251/251
f 248/248/248 258/258/258 251/251/251
f 248/248/248 251/251/251 241/241/241
f 253/253/253 261/261/261 262/262/262
f 253/253/253 262/262/262 254/254/254
f 261/261/261 263/263/263 264/264/264
f 261/261/261 264/264/264 262/262/262
f 262/262/262 264/264/264 265/265/265
f 262/262/262 265/265/265 266/266/266
f 254/254/254 262/262/262 266/266/266
f 254/254/254 266/266/266 255/255/255
f 259/259/259 267/267/267 268/268/268
f 259/259/259 268/268/268 260/260/260
f 267/267/267 269/269/269 270/270/270
f 267/267/267 270/270/270 268/268/268
f 268/268/268 270/270/270 263/263/263
f 268/268/268 263/263/263 261/261/261
f 260/260/260 268/268/268 261/261/261
f 260/260/260 261/261/261 253/253/253
f 271/271/271 272/272/272 273/273/273
f 271/271/271 273/273/273 274/274/274
f 272/272/272 265/265/265 264/264/264
f 272/272/272 264/264/264 273/273/273
f 273/273/273 264/264/264 263/263/263
f 273/273/273 263/263/263 275/275/275
f 274/274/274 273/273/273 275/275/275
f 274/274/274 275/275/275 276/276/276
f 276/276/276 275/275/275 277/277/277
f 276/276/276 277/277/277 278/278/278
f 275/275/275 263/263/263 270/270/270
f 275/275/275 270/270/270 277/277/277
f 277/277/277 270/270/270 269/269/269
f 277/277/277 269/269/269 279/279/279
f 278/278/278 277/277/277 279/279/279
f 278/278/278 279/279/279 280/280/280
f 199/199/199 281/281/281 282/282/282
f 199/199/199 282/282/282 203/203/203
f 281/281/281 276/276/276 278/278/278
f 281/281/281 278/278/278 282/282/282
f 282/282/282 278/278/278 280/280/280
f 282/282/282 280/280/280 283/283/283
f 203/203/203 282/282/282 283/283/283
f 203/203/203 283/283/283 204/204/204
f 189/189/189 284/284/284 285/285/285
f 189/189/189 285/285/285 198/198/198
f 284/284/284 271/271/271 274/274/274
f 284/284/284 274/274/274 285/285/285
f 285/285/285 274/274/274 276/276/276
f 285/285/285 276/276/276 281/281/281
f 198/198/198 285/285/285 281/281/281
f 198/198/198 281/281/281 199/199/199
f 61/61/61 60/60/60 286/286/286
f 61/61/61 286/286/286 188/188/188
f 60/60/60 59/59/59 287/287/287
f 60/60/60 287/287/287 286/286/286
f 286/286/286 287/287/287 271/271/271
f 286/286/286 271/271/271 284/284/284
f 188/188/188 286/286/286 284/284/284
f 188/188/188 284/284/284 189/189/189
f 59/59/59 65/65/65 288/288/288
f 59/59/59 288/288/288 287/287/287
f 65/65/65 64/64/64 289/289/289
f 65/65/65 289/289/289 288/288/288
f 288/288/288 289/289/289 265/265/265
f 288/288/288 265/265/265 272/272/272
f 287/287/287 288/288/288 272/272/272
f 287/287/287 272/272/272 271/271/271
f 280/280/280 279/279/279 290/290/290
f 280/280/280 290/290/290 291/291/291
f 279/279/279 269/269/269 292/292/292
f 279/279/279 292/292/292 290/290/290
f 290/290/290 292/292/292 293/293/293
f 290/290/290 293/293/293 294/294/294
f 291/291/291 290/290/290 294/294/294
f 291/291/291 294/294/294 295/295/295
f 204/204/204 283/283/283 296/296/296
f 204/204/204 296/296/296 297/297/297
f 283/283/283 280/280/280 291/291/291
f 283/283/283 291/291/291 296/296/296
f 296/296/296 291/291/291 295/295/295
f 296/296/296 295/295/295 298/298/298
f 297/297/297 296/296/296 298/298/298
f 297/297/297 298/298/298 299/299/299
f 295/295/295 294/294/294 300/300/300
f 295/295/295 300/300/300 301/301/301
f 294/294/294 293/293/293 302/302/302
f 294/294/294 302/302/302 300/300/300
f 300/300/300 302/302/302 303/303/303
f 300/300/300 303/303/303 304/304/304
f 301/301/301 300/300/300 304/304/304
f 301/301/301 304/304/304 305/305/305
f 299/299/299 298/298/298 306/306/306
f 299/299/299 306/306/306 307/307/307
f 298/298/298 295/295/295 301/301/301
f 298/298/298 301/301/301 306/306/306
f 306/306/306 301/301/301 305/305/305
f 306/306/306 305/305/305 308/308/308
f 307/307/307 306/306/306 308/308/308
f 307/307/307 308/308/308 309/309/309
f 305/305/305 304/304/304 310/310/310
f 305/305/305 310/310/310 311/311/311
f 304/304/304 303/303/303 312/312/312
f 304/304/304 312/312/312 310/310/310
f 310/310/310 312/312/312 313/313/313
f 310/310/310 313/313/313 314/314/314
f 311/311/311 310/310/310 314/314/314
f 311/311/311 314/314/314 315/315/315
f 309/309/309 308/308/308 316/316/316
f 309/309/309 316/316/316 317/317/317
f 308/308/308 305/305/305 311/311/311
f 308/308/308 311/311/311 316/316/316
f 316/316/316 311/311/311 315/315/315
f 316/316/316 315/315/315 318/318/318
f 317/317/317 316/316/316 318/318/318
f 317/317/317 318/318/318 319/319/319
f 320/320/320 321/321/321 322/322/322
f 320/320/320 322/322/322 323/323/323
f 321/321/321 309/309/309 317/317/317
f 321/321/321 317/317/317 322/322/322
f 322/322/322 317/317/317 319/319/319
f 322/322/322 319/319/319 324/324/324
f 323/323/323 322/322/322 324/324/324
f 323/323/323 324/324/324 325/325/325
f 326/326/326 327/327/327 328/328/328
f 326/326/326 328/328/328 329/329/329
f 327/327/327 299/299/299 307/307/307
f 327/327/327 307/307/307 328/328/328
f 328/328/328 307/307/307 309/309/309
f 328/328/328 309/309/309 321/321/321
f 329/329/329 328/328/328 321/321/321
f 329/329/329 321/321/321 320/320/320
f 320/320/320 323/323/323 330/330/330
f 320/320/320 330/330/330 331/331/331
f 323/323/323 325/325/325 332/332/332
f 323/323/323 332/332/332 330/330/330
f 330/330/330 332/332/332 333/333/333
f 330/330/330 333/333/333 334/334/334
f 331/331/331 330/330/330 334/334/334
f 331/331/331 334/334/334 335/335/335
f 326/326/326 329/329/329 336/336/336
f 326/326/326 336/336/336 337/337/337
f 329/329/329 320/320/320 331/331/331
f 329/329/329 331/331/331 336/336/336
f 336/336/336 331/331/331 335/335/335
f 336/336/336 335/335/335 338/338/338
f 337/337/337 336/336/336 338/338/338
f 337/337/337 338/338/338 339/339/339
f 335/335/335 334/334/334 340/340/340
f 335/335/335 340/340/340 341/341/341
f 334/334/334 333/333/333 342/342/342
f 334/334/334 342/342/342 340/340/340
f 340/340/340 342/342/342 343/343/343
f 340/340/340 343/343/343 344/344/344
f 341/341/341 340/340/340 344/344/344
f 341/341/341 344/344/344 345/345/345
f 339/339/339 338/338/338 346/346/346
f 339/339/339 346/346/346 347/347/347
f 338/338/338 335/335/335 341/341/341
f 338/338/338 341/341/341 346/346/346
f 346/346/346 341/341/341 345/345/345
f 346/346/346 345/345/345 348/348/348
f 347/347/347 346/346/346 348/348/348
f 347/347/347 348/348/348 349/349/349
f 345/345/345 344/344/344 350/350/350
f 345/345/345 350/350/350 351/351/351
f 344/344/344 343/343/343 352/352/352
f 344/344/344 352/352/352 350/350/350
f 350/350/350 352/352/352 353/353/353
f 350/350/350 353/353/353 354/354/354
f 351/351/351 350/350/350 354/354/354
f 351/351/351 354/354/354 355/355/355
f 349/349/349 348/348/348 356/356/356
f 349/349/349 356/356/356 357/357/357
f 348/348/348 345/345/345 351/351/351
f 348/348/348 351/351/351 356/356/356
f 356/356/356 351/351/351 355/355/355
f 356/356/356 355/355/355 358/358/358
f 357/357/357 356/356/356 358/358/358
f 357/357/357 358/358/358 359/359/359
f 360/360/360 361/361/361 362/362/362
f 360/360/360 362/362/362 363/363/363
f 361/361/361 364/364/364 365/365/365
f 361/361/361 365/365/365 362/362/362
f 362/362/362 365/365/365 359/359/359
f 362/362/362 359/359/359 358/358/358
f 363/363/363 362/362/362 358/358/358
f 363/363/363 358/358/358 355/355/355
f 366/366/366 367/367/367 368/368/368
f 366/366/366 368/368/368 369/369/369
f 367/367/367 360/360/360 363/363/363
f 367/367/367 363/363/363 368/368/368
f 368/368/368 363/363/363 355/355/355
f 368/368/368 355/355/355 354/354/354
f 369/369/369 368/368/368 354/354/354
f 369/369/369 354/354/354 353/353/353
f 370/370/370 371/371/371 372/372/372
f 370/370/370 372/372/372 373/373/373
f 371/371/371 374/374/374 375/375/375
f 371/371/371 375/375/375 372/372/372
f 372/372/372 375/375/375 364/364/364
f 372/372/372 364/364/364 361/361/361
f 373/373/373 372/372/372 361/361/361
f 373/373/373 361/361/361 360/360/360
f 376/376/376 377/377/377 378/378/378
f 376/376/376 378/378/378 379/379/379
f 377/377/377 370/370/370 373/373/373
f 377/377/377 373/373/373 378/378/378
f 378/378/378 373/373/373 360/360/360
f 378/378/378 360/360/360 367/367/367
f 379/379/379 378/378/378 367/367/367
f 379/379/379 367/367/367 366/366/366
f 370/370/370 380/380/380 381/381/381
f 370/370/370 381/381/381 371/371/371
f 380/380/380 382/382/382 383/383/383
f 380/380/380 383/383/383 381/381/381
f 381/381/381 383/383/383 384/384/384
f 381/381/381 384/384/384 385/385/385
f 371/371/371 381/381/381 385/385/385
f 371/371/371 385/385/385 374/374/374
f 376/376/376 386/386/386 387/387/387
f 376/376/376 387/387/387 377/377/377
f 386/386/386 388/388/388 389/389/389
f 386/386/386 389/389/389 387/387/387
f 387/387/387 389/389/389 382/382/382
f 387/387/387 382/382/382 380/380/380
f 377/377/377 387/387/387 380/380/380
f 377/377/377 380/380/380 370/370/370
f 382/382/382 390/390/390 391/391/391
f 382/382/382 391/391/391 383/383/383
f 390/390/390 303/303/303 302/302/302
f 390/390/390 302/302/302 391/391/391
f 391/391/391 302/302/302 293/293/293
f 391/391/391 293/293/293 392/392/392
f 383/383/383 391/391/391 392/392/392
f 383/383/383 392/392/392 384/384/384
f 388/388/388 393/393/393 394/394/394
f 388/388/388 394/394/394 389/389/389
f 393/393/393 313/313/313 312/312/312
f 393/393/393 312/312/312 394/394/394
f 394/394/394 312/312/312 303/303/303
f 394/394/394 303/303/303 390/390/390
f 389/389/389 394/394/394 390/390/390
f 389/389/389 390/390/390 382/382/382
f 395/395/395 396/396/396 397/397/397
f 395/395/395 397/397/397 398/398/398
f 396/396/396 399/399/399 400/400/400
f 396/396/396 400/400/400 397/397/397
f 397/397/397 400/400/400 313/313/313
f 397/397/397 313/313/313 393/393/393
f 398/398/398 397/397/397 393/393/393
f 398/398/398 393/393/393 388/388/388
f 401/401/401 402/402/402 403/403/403
f 401/401/401 403/403/403 404/404/404
f 402/402/402 395/395/395 398/398/398
f 402/402/402 398/398/398 403/403/403
f 403/403/403 398/398/398 388/388/388
f 403/403/403 388/388/388 386/386/386
f 404/404/404 403/403/403 386/386/386
f 404/404/404 386/386/386 376/376/376
f 315/315/315 314/314/314 405/405/405
f 315/315/315 405/405/405 406/406/406
f 314/314/314 313/313/313 400/400/400
f 314/314/314 400/400/400 405/405/405
f 405/405/405 400/400/400 399/399/399
f 405/405/405 399/399/399 407/407/407
f 406/406/406 405/405/405 407/407/407
f 406/406/406 407/407/407 408/408/408
f 409/409/409 410/410/410 411/411/411
f 409/409/409 411/411/411 412/412/412
f 410/410/410 413/413/413 414/414/414
f 410/410/410 414/414/414 411/411/411
f 411/411/411 414/414/414 399/399/399
f 411/411/411 399/399/399 396/396/396
f 412/412/412 411/411/411 396/396/396
f 412/412/412 396/396/396 395/395/395
f 408/408/408 407/407/407 415/415/415
f 408/408/408 415/415/415 416/416/416
f 407/407/407 399/399/399 414/414/414
f 407/407/407 414/414/414 415/415/415
f 415/415/415 414/414/414 413/413/413
f 415/415/415 413/413/413 417/417/417
f 416/416/416 415/415/415 417/417/417
f 416/416/416 417/417/417 418/418/418
f 419/419/419 420/420/420 421/421/421
f 419/419/419 421/421/421 422/422/422
f 420/420/420 408/408/408 416/416/416
f 420/420/420 416/416/416 421/421/421
f 421/421/421 416/416/416 418/418/418
f 421/421/421 418/418/418 423/423/423
f 422/422/422 421/421/421 423/423/423
f 422/422/422 423/423/423 424/424/424
f 319/319/319 318/318/318 425/425/425
f 319/319/319 425/425/425 426/426/426
f 318/318/318 315/315/315 406/406/406
f 318/318/318 406/406/406 425/425/425
f 425/425/425 406/406/406 408/408/408
f 425/425/425 408/408/408 420/420/420
f 426/426/426 425/425/425 420/420/420
f 426/426/426 420/420/420 419/419/419
f 427/427/427 428/428/428 429/429/429
f 427/427/427 429/429/429 430/430/430
f 428/428/428 419/419/419 422/422/422
f 428/428/428 422/422/422 429/429/429
f 429/429/429 422/422/422 424/424/424
f 429/429/429 424/424/424 431/431/431
f 430/430/430 429/429/429 431/431/431
f 430/430/430 431/431/431 432/432/432
f 325/325/325 324/324/324 433/433/433
f 325/325/325 433/433/433 434/434/434
f 324/324/324 319/319/319 426/426/426
f 324/324/324 426/426/426 433/433/433
f 433/433/433 426/426/426 419/419/419
f 433/433/433 419/419/419 428/428/428
f 434/434/434 433/433/433 428/428/428
f 434/434/434 428/428/428 427/427/427
f 427/427/427 430/430/430 435/435/435
f 427/427/427 435/435/435 436/436/436
f 430/430/430 432/432/432 437/437/437
f 430/430/430 437/437/437 435/435/435
f 435/435/435 437/437/437 438/438/438
f 435/435/435 438/438/438 439/439/439
f 436/436/436 435/435/435 439/439/439
f 436/436/436 439/439/439 440/440/440
f 325/325/325 434/434/434 441/441/441
f 325/325/325 441/441/441 332/332/332
f 434/434/434 427/427/427 436/436/436
f 434/434/434 436/436/436 441/441/441
f 441/441/441 436/436/436 440/440/440
f 441/441/441 440/440/440 442/442/442
f 332/332/332 441/441/441 442/442/442
f 332/332/332 442/442/442 333/333/333
f 440/440/440 439/439/439 443/443/443
f 440/440/440 443/443/443 444/444/444
f 439/439/439 438/438/438 445/445/445
f 439/439/439 445/445/445 443/443/443
f 443/443/443 445/445/445 446/446/446
f 443/443/443 446/446/446 447/447/447
f 444/444/444 443/443/443 447/447/447
f 444/444/444 447/447/447 448/448/448
f 333/333/333 442/442/442 449/449/449
f 333/333/333 449/449/449 342/342/342
f 442/442/442 440/440/440 444/444/444
f 442/442/442 444/444/444 449/449/449
f 449/449/449 444/444/444 448/448/448
f 449/449/449 448/448/448 450/450/450
f 342/342/342 449/449/449 450/450/450
f 342/342/342 450/450/450 343/343/343
f 448/448/448 447/447/447 451/451/451
f 448/448/448 451/451/451 452/452/452
f 447/447/447 446/446/446 453/453/453
f 447/447/447 453/453/453 451/451/451
f 451/451/451 453/453/453 454/454/454
f 451/451/451 454/454/454 455/455/455
f 452/452/452 451/451/451 455/455/455
f 452/452/452 455/455/455 456/456/456
f 343/343/343 450/450/450 457/457/457
f 343/343/343 457/457/457 352/352/352
f 450/450/450 448/448/448 452/452/452
f 450/450/450 452/452/452 457/457/457
f 457/457/457 452/452/452 456/456/456
f 457/457/457 456/456/456 458/458/458
f 352/352/352 457/457/457 458/458/458
f 352/352/352 458/458/458 353/353/353
f 459/459/459 460/460/460 461/461/461
f 459/459/459 461/461/461 462/462/462
f 460/460/460 366/366/366 369/369/369
f 460/460/460 369/369/369 461/461/461
f 461/461/461 369/369/369 353/353/353
f 461/461/461 353/353/353 458/458/458
f 462/462/462 461/461/461 458/458/458
f 462/462/462 458/458/458 456/456/456
f 463/463/463 464/464/464 465/465/465
f 463/463/463 465/465/465 466/466/466
f 464/464/464 459/459/459 462/462/462
f 464/464/464 462/462/462 465/465/465
f 465/465/465 462/462/462 456/456/456
f 465/465/465 456/456/456 455/455/455
f 466/466/466 465/465/465 455/455/455
f 466/466/466 455/455/455 454/454/454
f 401/401/401 404/404/404 467/467/467
f 401/401/401 467/467/467 468/468/468
f 404/404/404 376/376/376 379/379/379
f 404/404/404 379/379/379 467/467/467
f 467/467/467 379/379/379 366/366/366
f 467/467/467 366/366/366 460/460/460
f 468/468/468 467/467/467 460/460/460
f 468/468/468 460/460/460 459/459/459
f 469/469/469 470/470/470 471/471/471
f 469/469/469 471/471/471 472/472/472
f 470/470/470 401/401/401 468/468/468
f 470/470/470 468/468/468 471/471/471
f 471/471/471 468/468/468 459/459/459
f 471/471/471 459/459/459 464/464/464
f 472/472/472 471/471/471 464/464/464
f 472/472/472 464/464/464 463/463/463
f 469/469/469 473/473/473 474/474/474
f 469/469/469 474/474/474 470/470/470
f 473/473/473 409/409/409 412/412/412
f 473/473/473 412/412/412 474/474/474
f 474/474/474 412/412/412 395/395/395
f 474/474/474 395/395/395 402/402/402
f 470/470/470 474/474/474 402/402/402
f 470/470/470 402/402/402 401/401/401
f 469/469/469 475/475/475 476/476/476
f 469/469/469 476/476/476 473/473/473
f 475/475/475 477/477/477 478/478/478
f 475/475/475 478/478/478 476/476/476
f 476/476/476 478/478/478 479/479/479
f 476/476/476 479/479/479 480/480/480
f 473/473/473 476/476/476 480/480/480
f 473/473/473 480/480/480 409/409/409
f 469/469/469 472/472/472 481/481/481
f 469/469/469 481/481/481 475/475/475
f 472/472/472 463/463/463 482/482/482
f 472/472/472 482/482/482 481/481/481
f 481/481/481 482/482/482 483/483/483
f 481/481/481 483/483/483 484/484/484
f 475/475/475 481/481/481 484/484/484
f 475/475/475 484/484/484 477/477/477
f 485/485/485 486/486/486 487/487/487
f 485/485/485 487/487/487 488/488/488
f 486/486/486 477/477/477 484/484/484
f 486/486/486 484/484/484 487/487/487
f 487/487/487 484/484/484 483/483/483
f 487/487/487 483/483/483 489/489/489
f 488/488/488 487/487/487 489/489/489
f 488/488/488 489/489/489 490/490/490
f 485/485/485 491/491/491 492/492/492
f 485/485/485 492/492/492 486/486/486
f 491/491/491 493/493/493 494/494/494
f 491/491/491 494/494/494 492/492/492
f 492/492/492 494/494/494 479/479/479
f 492/492/492 479/479/479 478/478/478
f 486/486/486 492/492/492 478/478/478
f 486/486/486 478/478/478 477/477/477
f 490/490/490 489/489/489 495/495/495
f 490/490/490 495/495/495 496/496/496
f 489/489/489 483/483/483 497/497/497
f 489/489/489 497/497/497 495/495/495
f 495/495/495 497/497/497 498/498/498
f 495/495/495 498/498/498 499/499/499
f 496/496/496 495/495/495 499/499/499
f 496/496/496 499/499/499 500/500/500
f 463/463/463 466/466/466 501/501/501
f 463/463/463 501/501/501 482/482/482
f 466/466/466 454/454/454 502/502/502
f 466/466/466 502/502/502 501/501/501
f 501/501/501 502/502/502 498/498/498
f 501/501/501 498/498/498 497/497/497
f 482/482/482 501/501/501 497/497/497
f 482/482/482 497/497/497 483/483/483
f 454/454/454 503/503/503 504/504/504
f 454/454/454 504/504/504 502/502/502
f 503/503/503 505/505/505 506/506/506
f 503/503/503 506/506/506 504/504/504
f 504/504/504 506/506/506 500/500/500
f 504/504/504 500/500/500 499/499/499
f 502/502/502 504/504/504 499/499/499
f 502/502/502 499/499/499 498/498/498
f 505/505/505 507/507/507 508/508/508
f 505/505/505 508/508/508 506/506/506
f 507/507/507 509/509/509 510/510/510
f 507/507/507 510/510/510 508/508/508
f 508/508/508 510/510/510 490/490/490
f 508/508/508 490/490/490 496/496/496
f 506/506/506 508/508/508 496/496/496
f 506/506/506 496/496/496 500/500/500
f 454/454/454 453/453/453 511/511/511
f 454/454/454 511/511/511 503/503/503
f 453/453/453 446/446/446 512/512/512
f 453/453/453 512/512/512 511/511/511
f 511/511/511 512/512/512 513/513/513
f 511/511/511 513/513/513 514/514/514
f 503/503/503 511/511/511 514/514/514
f 503/503/503 514/514/514 505/505/505
f 509/509/509 507/507/507 515/515/515
f 509/509/509 515/515/515 516/516/516
f 507/507/507 505/505/505 517/517/517
f 507/507/507 517/517/517 515/515/515
f 515/515/515 517/517/517 518/518/518
f 515/515/515 518/518/518 519/519/519
f 516/516/516 515/515/515 519/519/519
f 516/516/516 519/519/519 520/520/520
f 505/505/505 514/514/514 521/521/521
f 505/505/505 521/521/521 522/522/522
f 514/514/514 513/513/513 523/523/523
f 514/514/514 523/523/523 521/521/521
f 521/521/521 523/523/523 524/524/524
f 521/521/521 524/524/524 525/525/525
f 522/522/522 521/521/521 525/525/525
f 522/522/522 525/525/525 526/526/526
f 505/505/505 522/522/522 527/527/527
f 505/505/505 527/527/527 517/517/517
f 522/522/522 526/526/526 528/528/528
f 522/522/522 528/528/528 527/527/527
f 527/527/527 528/528/528 529/529/529
f 527/527/527 529/529/529 530/530/530
f 517/517/517 527/527/527 530/530/530
f 517/517/517 530/530/530 518/518/518
f 520/520/520 519/519/519 531/531/531
f 520/520/520 531/531/531 532/532/532
f 519/519/519 518/518/518 533/533/533
f 519/519/519 533/533/533 531/531/531
f 531/531/531 533/533/533 534/534/534
f 531/531/531 534/534/534 535/535/535
f 532/532/532 531/531/531 535/535/535
f 532/532/532 535/535/535 536/536/536
f 518/518/518 530/530/530 537/537/537
f 518/518/518 537/537/537 533/533/533
f 530/530/530 529/529/529 538/538/538
f 530/530/530 538/538/538 537/537/537
f 537/537/537 538/538/538 539/539/539
f 537/537/537 539/539/539 540/540/540
f 533/533/533 537/537/537 540/540/540
f 533/533/533 540/540/540 534/534/534
f 536/536/536 535/535/535 541/541/541
f 536/536/536 541/541/541 542/542/542
f 535/535/535 534/534/534 543/543/543
f 535/535/535 543/543/543 541/541/541
f 541/541/541 543/543/543 544/544/544
f 541/541/541 544/544/544 545/545/545
f 542/542/542 541/541/541 545/545/545
f 542/542/542 545/545/545 546/546/546
f 534/534/534 540/540/540 547/547/547
f 534/534/534 547/547/547 543/543/543
f 540/540/540 539/539/539 548/548/548
f 540/540/540 548/548/548 547/547/547
f 547/547/547 548/548/548 549/549/549
f 547/547/547 549/549/549 550/550/550
f 543/543/543 547/547/547 550/550/550
f 543/543/543 550/550/550 544/544/544
f 546/546/546 545/545/545 551/551/551
f 546/546/546 551/551/551 552/552/552
f 545/545/545 544/544/544 553/553/553
f 545/545/545 553/553/553 551/551/551
f 551/551/551 553/553/553 554/554/554
f 551/551/551 554/554/554 555/555/555
f 552/552/552 551/551/551 555/555/555
f 552/552/552 555/555/555 556/556/556
f 544/544/544 550/550/550 557/557/557
f 544/544/544 557/557/557 553/553/553
f 550/550/550 549/549/549 558/558/558
f 550/550/550 558/558/558 557/557/557
f 557/557/557 558/558/558 559/559/559
f 557/557/557 559/559/559 560/560/560
f 553/553/553 557/557/557 560/560/560
f 553/553/553 560/560/560 554/554/554
f 556/556/556 555/555/555 561/561/561
f 556/556/556 561/561/561 562/562/562
f 555/555/555 554/554/554 563/563/563
f 555/555/555 563/563/563 561/561/561
f 561/561/561 563/563/563 564/564/564
f 561/561/561 564/564/564 565/565/565
f 562/562/562 561/561/561 565/565/565
f 562/562/562 565/565/565 566/566/566
f 554/554/554 560/560/560 567/567/567
f 554/554/554 567/567/567 563/563/563
f 560/560/560 559/559/559 568/568/568
f 560/560/560 568/568/568 567/567/567
f 567/567/567 568/568/568 569/569/569
f 567/567/567 569/569/569 570/570/570
f 563/563/563 567/567/567 570/570/570
f 563/563/563 570/570/570 564/564/564
f 571/571/571 572/572/572 573/573/573
f 571/571/571 573/573/573 574/574/574
f 572/572/572 566/566/566 565/565/565
f 572/572/572 565/565/565 573/573/573
f 573/573/573 565/565/565 564/564/564
f 573/573/573 564/564/564 570/570/570
f 574/574/574 573/573/573 570/570/570
f 574/574/574 570/570/570 569/569/569
f 559/559/559 575/575/575 576/576/576
f 559/559/559 576/576/576 568/568/568
f 575/575/575 577/577/577 578/578/578
f 575/575/575 578/578/578 576/576/576
f 576/576/576 578/578/578 571/571/571
f 576/576/576 571/571/571 574/574/574
f 568/568/568 576/576/576 574/574/574
f 568/568/568 574/574/574 569/569/569
f 577/577/577 579/579/579 580/580/580
f 577/577/577 580/580/580 578/578/578
f 579/579/579 556/556/556 562/562/562
f 579/579/579 562/562/562 580/580/580
f 580/580/580 562/562/562 566/566/566
f 580/580/580 566/566/566 572/572/572
f 578/578/578 580/580/580 572/572/572
f 578/578/578 572/572/572 571/571/571
f 581/581/581 582/582/582 583/583/583
f 581/581/581 583/583/583 584/584/584
f 582/582/582 546/546/546 552/552/552
f 582/582/582 552/552/552 583/583/583
f 583/583/583 552/552/552 556/556/556
f 583/583/583 556/556/556 579/579/579
f 584/584/584 583/583/583 579/579/579
f 584/584/584 579/579/579 577/577/577
f 549/549/549 585/585/585 586/586/586
f 549/549/549 586/586/586 558/558/558
f 585/585/585 581/581/581 584/584/584
f 585/585/585 584/584/584 586/586/586
f 586/586/586 584/584/584 577/577/577
f 586/586/586 577/577/577 575/575/575
f 558/558/558 586/586/586 575/575/575
f 558/558/558 575/575/575 559/559/559
f 587/587/587 588/588/588 589/589/589
f 587/587/587 589/589/589 590/590/590
f 588/588/588 536/536/536 542/542/542
f 588/588/588 542/542/542 589/589/589
f 589/589/589 542/542/542 546/546/546
f 589/589/589 546/546/546 582/582/582
f 590/590/590 589/589/589 582/582/582
f 590/590/590 582/582/582 581/581/581
f 539/539/539 591/591/591 592/592/592
f 539/539/539 592/592/592 548/548/548
f 591/591/591 587/587/587 590/590/590
f 591/591/591 590/590/590 592/592/592
f 592/592/592 590/590/590 581/581/581
f 592/592/592 581/581/581 585/585/585
f 548/548/548 592/592/592 585/585/585
f 548/548/548 585/585/585 549/549/549
f 593/593/593 594/594/594 595/595/595
f 593/593/593 595/595/595 596/596/596
f 594/594/594 520/520/520 532/532/532
f 594/594/594 532/532/532 595/595/595
f 595/595/595 532/532/532 536/536/536
f 595/595/595 536/536/536 588/588/588
f 596/596/596 595/595/595 588/588/588
f 596/596/596 588/588/588 587/587/587
f 529/529/529 597/597/597 598/598/598
f 529/529/529 598/598/598 538/538/538
f 597/597/597 593/593/593 596/596/596
f 597/597/597 596/596/596 598/598/598
f 598/598/598 596/596/596 587/587/587
f 598/598/598 587/587/587 591/591/591
f 538/538/538 598/598/598 591/591/591
f 538/538/538 591/591/591 539/539/539
f 599/599/599 600/600/600 601/601/601
f 599/599/599 601/601/601 602/602/602
f 600/600/600 509/509/509 516/516/516
f 600/600/600 516/516/516 601/601/601
f 601/601/601 516/516/516 520/520/520
f 601/601/601 520/520/520 594/594/594
f 602/602/602 601/601/601 594/594/594
f 602/602/602 594/594/594 593/593/593
f 526/526/526 603/603/603 604/604/604
f 526/526/526 604/604/604 528/528/528
f 603/603/603 599/599/599 602/602/602
f 603/603/603 602/602/602 604/604/604
f 604/604/604 602/602/602 593/593/593
f 604/604/604 593/593/593 597/597/597
f 528/528/528 604/604/604 597/597/597
f 528/528/528 597/597/597 529/529/529
f 605/605/605 606/606/606 607/607/607
f 605/605/605 607/607/607 608/608/608
f 606/606/606 609/609/609 610/610/610
f 606/606/606 610/610/610 607/607/607
f 607/607/607 610/610/610 509/509/509
f 607/607/607 509/509/509 600/600/600
f 608/608/608 607/607/607 600/600/600
f 608/608/608 600/600/600 599/599/599
f 611/611/611 612/612/612 613/613/613
f 611/611/611 613/613/613 614/614/614
f 612/612/612 599/599/599 603/603/603
f 612/612/612 603/603/603 613/613/613
f 613/613/613 603/603/603 526/526/526
f 613/613/613 526/526/526 615/615/615
f 614/614/614 613/613/613 615/615/615
f 614/614/614 615/615/615 616/616/616
f 617/617/617 618/618/618 619/619/619
f 617/617/617 619/619/619 620/620/620
f 618/618/618 605/605/605 608/608/608
f 618/618/618 608/608/608 619/619/619
f 619/619/619 608/608/608 599/599/599
f 619/619/619 599/599/599 612/612/612
f 620/620/620 619/619/619 612/612/612
f 620/620/620 612/612/612 611/611/611
f 605/605/605 621/621/621 622/622/622
f 605/605/605 622/622/622 606/606/606
f 621/621/621 623/623/623 624/624/624
f 621/621/621 624/624/624 622/622/622
f 622/622/622 624/624/624 625/625/625
f 622/622/622 625/625/625 626/626/626
f 606/606/606 622/622/622 626/626/626
f 606/606/606 626/626/626 609/609/609
f 617/617/617 627/627/627 628/628/628
f 617/617/617 628/628/628 618/618/618
f 627/627/627 629/629/629 630/630/630
f 627/627/627 630/630/630 628/628/628
f 628/628/628 630/630/630 623/623/623
f 628/628/628 623/623/623 621/621/621
f 618/618/618 628/628/628 621/621/621
f 618/618/618 621/621/621 605/605/605
f 623/623/623 631/631/631 632/632/632
f 623/623/623 632/632/632 624/624/624
f 631/631/631 633/633/633 634/634/634
f 631/631/631 634/634/634 632/632/632
f 632/632/632 634/634/634 635/635/635
f 632/632/632 635/635/635 636/636/636
f 624/624/624 632/632/632 636/636/636
f 624/624/624 636/636/636 625/625/625
f 629/629/629 637/637/637 638/638/638
f 629/629/629 638/638/638 630/630/630
f 637/637/637 639/639/639 640/640/640
f 637/637/637 640/640/640 638/638/638
f 638/638/638 640/640/640 641/641/641
f 638/638/638 641/641/641 642/642/642
f 630/630/630 638/638/638 642/642/642
f 630/630/630 642/642/642 623/623/623
f 641/641/641 643/643/643 644/644/644
f 641/641/641 644/644/644 642/642/642
f 643/643/643 645/645/645 646/646/646
f 643/643/643 646/646/646 644/644/644
f 644/644/644 646/646/646 633/633/633
f 644/644/644 633/633/633 631/631/631
f 642/642/642 644/644/644 631/631/631
f 642/642/642 631/631/631 623/623/623
f 633/633/633 647/647/647 648/648/648
f 633/633/633 648/648/648 634/634/634
f 647/647/647 649/649/649 650/650/650
f 647/647/647 650/650/650 648/648/648
f 648/648/648 650/650/650 651/651/651
f 648/648/648 651/651/651 652/652/652
f 634/634/634 648/648/648 652/652/652
f 634/634/634 652/652/652 635/635/635
f 645/645/645 653/653/653 654/654/654
f 645/645/645 654/654/654 646/646/646
f 653/653/653 655/655/655 656/656/656
f 653/653/653 656/656/656 654/654/654
f 654/654/654 656/656/656 649/649/649
f 654/654/654 649/649/649 647/647/647
f 646/646/646 654/654/654 647/647/647
f 646/646/646 647/647/647 633/633/633
f 649/649/649 657/657/657 658/658/658
f 649/649/649 658/658/658 650/650/650
f 657/657/657 659/659/659 660/660/660
f 657/657/657 660/660/660 658/658/658
f 658/658/658 660/660/660 661/661/661
f 658/658/658 661/661/661 662/662/662
f 650/650/650 658/658/658 662/662/662
f 650/650/650 662/662/662 651/651/651
f 655/655/655 663/663/663 664/664/664
f 655/655/655 664/664/664 656/656/656
f 663/663/663 665/665/665 666/666/666
f 663/663/663 666/666/666 664/664/664
f 664/664/664 666/666/666 659/659/659
f 664/664/664 659/659/659 657/657/657
f 656/656/656 664/664/664 657/657/657
f 656/656/656 657/657/657 649/649/649
f 659/659/659 667/667/667 668/668/668
f 659/659/659 668/668/668 660/660/660
f 667/667/667 669/669/669 670/670/670
f 667/667/667 670/670/670 668/668/668
f 668/668/668 670/670/670 671/671/671
f 668/668/668 671/671/671 672/672/672
f 660/660/660 668/668/668 672/672/672
f 660/660/660 672/672/672 661/661/661
f 665/665/665 673/673/673 674/674/674
f 665/665/665 674/674/674 666/666/666
f 673/673/673 675/675/675 676/676/676
f 673/673/673 676/676/676 674/674/674
f 674/674/674 676/676/676 669/669/669
f 674/674/674 669/669/669 667/667/667
f 666/666/666 674/674/674 667/667/667
f 666/666/666 667/667/667 659/659/659
f 669/669/669 677/677/677 678/678/678
f 669/669/669 678/678/678 670/670/670
f 677/677/677 679/679/679 680/680/680
f 677/677/677 680/680/680 678/678/678
f 678/678/678 680/680/680 681/681/681
f 678/678/678 681/681/681 682/682/682
f 670/670/670 678/678/678 682/682/682
f 670/670/670 682/682/682 671/671/671
f 675/675/675 683/683/683 684/684/684
f 675/675/675 684/684/684 676/676/676
f 683/683/683 685/685/685 686/686/686
f 683/683/683 686/686/686 684/684/684
f 684/684/684 686/686/686 679/679/679
f 684/684/684 679/679/679 677/677/677
f 676/676/676 684/684/684 677/677/677
f 676/676/676 677/677/677 669/669/669
f 679/679/679 686/686/686 687/687/687
f 679/679/679 687/687/687 680/680/680
f 686/686/686 685/685/685 688/688/688
f 686/686/686 688/688/688 687/687/687
f 687/687/687 688/688/688 689/689/689
f 687/687/687 689/689/689 690/690/690
f 680/680/680 687/687/687 690/690/690
f 680/680/680 690/690/690 681/681/681
f 691/691/691 692/692/692 693/693/693
f 691/691/691 693/693/693 694/694/694
f 692/692/692 689/689/689 688/688/688
f 692/692/692 688/688/688 693/693/693
f 693/693/693 688/688/688 685/685/685
f 693/693/693 685/685/685 683/683/683
f 694/694/694 693/693/693 683/683/683
f 694/694/694 683/683/683 675/675/675
f 671/671/671 682/682/682 695/695/695
f 671/671/671 695/695/695 696/696/696
f 682/682/682 681/681/681 690/690/690
f 682/682/682 690/690/690 695/695/695
f 695/695/695 690/690/690 689/689/689
f 695/695/695 689/689/689 692/692/692
f 696/696/696 695/695/695 692/692/692
f 696/696/696 692/692/692 691/691/691
f 661/661/661 672/672/672 697/697/697
f 661/661/661 697/697/697 698/698/698
f 672/672/672 671/671/671 696/696/696
f 672/672/672 696/696/696 697/697/697
f 697/697/697 696/696/696 691/691/691
f 697/697/697 691/691/691 699/699/699
f 698/698/698 697/697/697 699/699/699
f 698/698/698 699/699/699 700/700/700
f 700/700/700 699/699/699 701/701/701
f 700/700/700 701/701/701 702/702/702
f 699/699/699 691/691/691 694/694/694
f 699/699/699 694/694/694 701/701/701
f 701/701/701 694/694/694 675/675/675
f 701/701/701 675/675/675 673/673/673
f 702/702/702 701/701/701 673/673/673
f 702/702/702 673/673/673 665/665/665
f 651/651/651 662/662/662 703/703/703
f 651/651/651 703/703/703 704/704/704
f 662/662/662 661/661/661 698/698/698
f 662/662/662 698/698/698 703/703/703
f 703/703/703 698/698/698 700/700/700
f 703/703/703 700/700/700 705/705/705
f 704/704/704 703/703/703 705/705/705
f 704/704/704 705/705/705 706/706/706
f 706/706/706 705/705/705 707/707/707
f 706/706/706 707/707/707 708/708/708
f 705/705/705 700/700/700 702/702/702
f 705/705/705 702/702/702 707/707/707
f 707/707/707 702/702/702 665/665/665
f 707/707/707 665/665/665 663/663/663
f 708/708/708 707/707/707 663/663/663
f 708/708/708 663/663/663 655/655/655
f 635/635/635 652/652/652 709/709/709
f 635/635/635 709/709/709 710/710/710
f 652/652/652 651/651/651 704/704/704
f 652/652/652 704/704/704 709/709/709
f 709/709/709 704/704/704 706/706/706
f 709/709/709 706/706/706 711/711/711
f 710/710/710 709/709/709 711/711/711
f 710/710/710 711/711/711 712/712/712
f 712/712/712 711/711/711 713/713/713
f 712/712/712 713/713/713 714/714/714
f 711/711/711 706/706/706 708/708/708
f 711/711/711 708/708/708 713/713/713
f 713/713/713 708/708/708 655/655/655
f 713/713/713 655/655/655 653/653/653
f 714/714/714 713/713/713 653/653/653
f 714/714/714 653/653/653 645/645/645
f 625/625/625 636/636/636 715/715/715
f 625/625/625 715/715/715 716/716/716
f 636/636/636 635/635/635 710/710/710
f 636/636/636 710/710/710 715/715/715
f 715/715/715 710/710/710 712/712/712
f 715/715/715 712/712/712 717/717/717
f 716/716/716 715/715/715 717/717/717
f 716/716/716 717/717/717 718/718/718
f 718/718/718 717/717/717 719/719/719
f 718/718/718 719/719/719 720/720/720
f 717/717/717 712/712/712 714/714/714
f 717/717/717 714/714/714 719/719/719
f 719/719/719 714/714/714 645/645/645
f 719/719/719 645/645/645 643/643/643
f 720/720/720 719/719/719 643/643/643
f 720/720/720 643/643/643 641/641/641
f 413/413/413 721/721/721 722/722/722
f 413/413/413 722/722/722 417/417/417
f 721/721/721 718/718/718 723/723/723
f 721/721/721 723/723/723 722/722/722
f 722/722/722 723/723/723 724/724/724
f 722/722/722 724/724/724 725/725/725
f 417/417/417 722/722/722 725/725/725
f 417/417/417 725/725/725 418/418/418
f 413/413/413 726/726/726 727/727/727
f 413/413/413 727/727/727 721/721/721
f 726/726/726 728/728/728 729/729/729
f 726/726/726 729/729/729 727/727/727
f 727/727/727 729/729/729 730/730/730
f 727/727/727 730/730/730 731/731/731
f 721/721/721 727/727/727 731/731/731
f 721/721/721 731/731/731 718/718/718
f 718/718/718 731/731/731 732/732/732
f 718/718/718 732/732/732 716/716/716
f 731/731/731 730/730/730 733/733/733
f 731/731/731 733/733/733 732/732/732
f 732/732/732 733/733/733 493/493/493
f 732/732/732 493/493/493 734/734/734
f 716/716/716 732/732/732 734/734/734
f 716/716/716 734/734/734 625/625/625
f 718/718/718 720/720/720 735/735/735
f 718/718/718 735/735/735 723/723/723
f 720/720/720 641/641/641 736/736/736
f 720/720/720 736/736/736 735/735/735
f 735/735/735 736/736/736 737/737/737
f 735/735/735 737/737/737 738/738/738
f 723/723/723 735/735/735 738/738/738
f 723/723/723 738/738/738 724/724/724
f 493/493/493 733/733/733 739/739/739
f 493/493/493 739/739/739 494/494/494
f 733/733/733 730/730/730 729/729/729
f 733/733/733 729/729/729 739/739/739
f 739/739/739 729/729/729 728/728/728
f 739/739/739 728/728/728 740/740/740
f 494/494/494 739/739/739 740/740/740
f 494/494/494 740/740/740 479/479/479
f 625/625/625 734/734/734 626/626/626
f 734/734/734 741/741/741 626/626/626
f 734/734/734 493/493/493 491/491/491
f 734/734/734 491/491/491 741/741/741
f 741/741/741 491/491/491 485/485/485
f 741/741/741 485/485/485 742/742/742
f 626/626/626 741/741/741 742/742/742
f 626/626/626 742/742/742 609/609/609
f 409/409/409 480/480/480 743/743/743
f 409/409/409 743/743/743 410/410/410
f 480/480/480 479/479/479 740/740/740
f 480/480/480 740/740/740 743/743/743
f 743/743/743 740/740/740 728/728/728
f 743/743/743 728/728/728 726/726/726
f 410/410/410 743/743/743 726/726/726
f 410/410/410 726/726/726 413/413/413
f 744/744/744 745/745/745 746/746/746
f 744/744/744 746/746/746 747/747/747
f 745/745/745 724/724/724 738/738/738
f 745/745/745 738/738/738 746/746/746
f 746/746/746 738/738/738 737/737/737
f 746/746/746 737/737/737 748/748/748
f 747/747/747 746/746/746 748/748/748
f 747/747/747 748/748/748 749/749/749
f 424/424/424 423/423/423 750/750/750
f 424/424/424 750/750/750 751/751/751
f 423/423/423 418/418/418 725/725/725
f 423/423/423 725/725/725 750/750/750
f 750/750/750 725/725/725 724/724/724
f 750/750/750 724/724/724 745/745/745
f 751/751/751 750/750/750 745/745/745
f 751/751/751 745/745/745 744/744/744
f 641/641/641 640/640/640 752/752/752
f 641/641/641 752/752/752 736/736/736
f 640/640/640 639/639/639 753/753/753
f 640/640/640 753/753/753 752/752/752
f 752/752/752 753/753/753 754/754/754
f 752/752/752 754/754/754 755/755/755
f 736/736/736 752/752/752 755/755/755
f 736/736/736 755/755/755 737/737/737
f 754/754/754 756/756/756 757/757/757
f 754/754/754 757/757/757 755/755/755
f 756/756/756 758/758/758 759/759/759
f 756/756/756 759/759/759 757/757/757
f 757/757/757 759/759/759 760/760/760
f 757/757/757 760/760/760 761/761/761
f 755/755/755 757/757/757 761/761/761
f 755/755/755 761/761/761 737/737/737
f 737/737/737 761/761/761 762/762/762
f 737/737/737 762/762/762 748/748/748
f 761/761/761 760/760/760 763/763/763
f 761/761/761 763/763/763 762/762/762
f 762/762/762 763/763/763 764/764/764
f 762/762/762 764/764/764 765/765/765
f 748/748/748 762/762/762 765/765/765
f 748/748/748 765/765/765 749/749/749
f 764/764/764 763/763/763 766/766/766
f 764/764/764 766/766/766 767/767/767
f 763/763/763 760/760/760 759/759/759
f 763/763/763 759/759/759 766/766/766
f 766/766/766 759/759/759 758/758/758
f 766/766/766 758/758/758 768/768/768
f 767/767/767 766/766/766 768/768/768
f 767/767/767 768/768/768 769/769/769
f 749/749/749 765/765/765 770/770/770
f 749/749/749 770/770/770 771/771/771
f 765/765/765 764/764/764 767/767/767
f 765/765/765 767/767/767 770/770/770
f 770/770/770 767/767/767 769/769/769
f 770/770/770 769/769/769 772/772/772
f 771/771/771 770/770/770 772/772/772
f 771/771/771 772/772/772 773/773/773
f 758/758/758 774/774/774 775/775/775
f 758/758/758 775/775/775 768/768/768
f 774/774/774 776/776/776 777/777/777
f 774/774/774 777/777/777 775/775/775
f 775/775/775 777/777/777 778/778/778
f 775/775/775 778/778/778 779/779/779
f 768/768/768 775/775/775 779/779/779
f 768/768/768 779/779/779 769/769/769
f 769/769/769 779/779/779 780/780/780
f 769/769/769 780/780/780 772/772/772
f 779/779/779 778/778/778 781/781/781
f 779/779/779 781/781/781 780/780/780
f 780/780/780 781/781/781 782/782/782
f 780/780/780 782/782/782 783/783/783
f 772/772/772 780/780/780 783/783/783
f 772/772/772 783/783/783 773/773/773
f 784/784/784 785/785/785 786/786/786
f 784/784/784 786/786/786 787/787/787
f 785/785/785 778/778/778 777/777/777
f 785/785/785 777/777/777 786/786/786
f 786/786/786 777/777/777 776/776/776
f 786/786/786 776/776/776 788/788/788
f 787/787/787 786/786/786 788/788/788
f 787/787/787 788/788/788 789/789/789
f 790/790/790 791/791/791 792/792/792
f 790/790/790 792/792/792 793/793/793
f 791/791/791 782/782/782 781/781/781
f 791/791/791 781/781/781 792/792/792
f 792/792/792 781/781/781 778/778/778
f 792/792/792 778/778/778 785/785/785
f 793/793/793 792/792/792 785/785/785
f 793/793/793 785/785/785 784/784/784
f 790/790/790 793/793/793 794/794/794
f 790/790/790 794/794/794 795/795/795
f 793/793/793 784/784/784 787/787/787
f 793/793/793 787/787/787 794/794/794
f 794/794/794 787/787/787 789/789/789
f 794/794/794 789/789/789 796/796/796
f 795/795/795 794/794/794 796/796/796
f 795/795/795 796/796/796 797/797/797
f 797/797/797 798/798/798 799/799/799
f 797/797/797 799/799/799 795/795/795
f 798/798/798 800/800/800 801/801/801
f 798/798/798 801/801/801 799/799/799
f 799/799/799 801/801/801 782/782/782
f 799/799/799 782/782/782 791/791/791
f 795/795/795 799/799/799 791/791/791
f 795/795/795 791/791/791 790/790/790
f 789/789/789 788/788/788 802/802/802
f 789/789/789 802/802/802 796/796/796
f 788/788/788 776/776/776 803/803/803
f 788/788/788 803/803/803 802/802/802
f 802/802/802 803/803/803 800/800/800
f 802/802/802 800/800/800 798/798/798
f 796/796/796 802/802/802 798/798/798
f 796/796/796 798/798/798 797/797/797
f 773/773/773 783/783/783 804/804/804
f 773/773/773 804/804/804 805/805/805
f 783/783/783 782/782/782 801/801/801
f 783/783/783 801/801/801 804/804/804
f 804/804/804 801/801/801 800/800/800
f 804/804/804 800/800/800 806/806/806
f 805/805/805 804/804/804 806/806/806
f 805/805/805 806/806/806 754/754/754
f 754/754/754 806/806/806 807/807/807
f 754/754/754 807/807/807 756/756/756
f 806/806/806 800/800/800 803/803/803
f 806/806/806 803/803/803 807/807/807
f 807/807/807 803/803/803 776/776/776
f 807/807/807 776/776/776 774/774/774
f 756/756/756 807/807/807 774/774/774
f 756/756/756 774/774/774 758/758/758
f 808/808/808 809/809/809 810/810/810
f 808/808/808 810/810/810 811/811/811
f 809/809/809 749/749/749 771/771/771
f 809/809/809 771/771/771 810/810/810
f 810/810/810 771/771/771 773/773/773
f 810/810/810 773/773/773 812/812/812
f 811/811/811 810/810/810 812/812/812
f 811/811/811 812/812/812 813/813/813
f 629/629/629 627/627/627 814/814/814
f 629/629/629 814/814/814 637/637/637
f 617/617/617 815/815/815 814/814/814
f 617/617/617 814/814/814 627/627/627
f 813/813/813 812/812/812 814/814/814
f 813/813/813 814/814/814 815/815/815
f 773/773/773 805/805/805 814/814/814
f 773/773/773 814/814/814 812/812/812
f 754/754/754 753/753/753 814/814/814
f 754/754/754 814/814/814 805/805/805
f 639/639/639 637/637/637 814/814/814
f 639/639/639 814/814/814 753/753/753
f 611/611/611 614/614/614 816/816/816
f 611/611/611 816/816/816 620/620/620
f 616/616/616 817/817/817 816/816/816
f 616/616/616 816/816/816 614/614/614
f 818/818/818 819/819/819 816/816/816
f 818/818/818 816/816/816 817/817/817
f 820/820/820 821/821/821 816/816/816
f 820/820/820 816/816/816 819/819/819
f 813/813/813 815/815/815 816/816/816
f 813/813/813 816/816/816 821/821/821
f 617/617/617 620/620/620 816/816/816
f 617/617/617 816/816/816 815/815/815
f 808/808/808 811/811/811 822/822/822
f 808/808/808 822/822/822 823/823/823
f 811/811/811 813/813/813 821/821/821
f 811/811/811 821/821/821 822/822/822
f 822/822/822 821/821/821 820/820/820
f 822/822/822 820/820/820 824/824/824
f 823/823/823 822/822/822 824/824/824
f 823/823/823 824/824/824 825/825/825
f 825/825/825 824/824/824 826/826/826
f 825/825/825 826/826/826 827/827/827
f 824/824/824 820/820/820 828/828/828
f 824/824/824 828/828/828 826/826/826
f 826/826/826 828/828/828 829/829/829
f 826/826/826 829/829/829 830/830/830
f 827/827/827 826/826/826 830/830/830
f 827/827/827 830/830/830 831/831/831
f 820/820/820 819/819/819 832/832/832
f 820/820/820 832/832/832 833/833/833
f 819/819/819 818/818/818 834/834/834
f 819/819/819 834/834/834 832/832/832
f 832/832/832 834/834/834 835/835/835
f 832/832/832 835/835/835 836/836/836
f 833/833/833 832/832/832 836/836/836
f 833/833/833 836/836/836 837/837/837
f 829/829/829 828/828/828 838/838/838
f 829/829/829 838/838/838 839/839/839
f 828/828/828 820/820/820 833/833/833
f 828/828/828 833/833/833 838/838/838
f 838/838/838 833/833/833 837/837/837
f 838/838/838 837/837/837 840/840/840
f 839/839/839 838/838/838 840/840/840
f 839/839/839 840/840/840 841/841/841
f 842/842/842 843/843/843 844/844/844
f 842/842/842 844/844/844 845/845/845
f 843/843/843 846/846/846 847/847/847
f 843/843/843 847/847/847 844/844/844
f 844/844/844 847/847/847 837/837/837
f 844/844/844 837/837/837 836/836/836
f 845/845/845 844/844/844 836/836/836
f 845/845/845 836/836/836 835/835/835
f 846/846/846 848/848/848 849/849/849
f 846/846/846 849/849/849 847/847/847
f 848/848/848 850/850/850 851/851/851
f 848/848/848 851/851/851 849/849/849
f 849/849/849 851/851/851 841/841/841
f 849/849/849 841/841/841 840/840/840
f 847/847/847 849/849/849 840/840/840
f 847/847/847 840/840/840 837/837/837
f 846/846/846 843/843/843 852/852/852
f 846/846/846 852/852/852 848/848/848
f 843/843/843 842/842/842 853/853/853
f 843/843/843 853/853/853 852/852/852
f 852/852/852 853/853/853 854/854/854
f 852/852/852 854/854/854 855/855/855
f 848/848/848 852/852/852 855/855/855
f 848/848/848 855/855/855 850/850/850
f 850/850/850 855/855/855 856/856/856
f 850/850/850 856/856/856 851/851/851
f 855/855/855 854/854/854 857/857/857
f 855/855/855 857/857/857 856/856/856
f 856/856/856 857/857/857 858/858/858
f 856/856/856 858/858/858 859/859/859
f 851/851/851 856/856/856 859/859/859
f 851/851/851 859/859/859 841/841/841
f 854/854/854 853/853/853 860/860/860
f 854/854/854 860/860/860 857/857/857
f 853/853/853 842/842/842 845/845/845
f 853/853/853 845/845/845 860/860/860
f 860/860/860 845/845/845 835/835/835
f 860/860/860 835/835/835 861/861/861
f 857/857/857 860/860/860 861/861/861
f 857/857/857 861/861/861 858/858/858
f 862/862/862 863/863/863 864/864/864
f 862/862/862 864/864/864 865/865/865
f 863/863/863 829/829/829 839/839/839
f 863/863/863 839/839/839 864/864/864
f 864/864/864 839/839/839 841/841/841
f 864/864/864 841/841/841 859/859/859
f 865/865/865 864/864/864 859/859/859
f 865/865/865 859/859/859 858/858/858
f 818/818/818 866/866/866 867/867/867
f 818/818/818 867/867/867 834/834/834
f 866/866/866 862/862/862 865/865/865
f 866/866/866 865/865/865 867/867/867
f 867/867/867 865/865/865 858/858/858
f 867/867/867 858/858/858 861/861/861
f 834/834/834 867/867/867 861/861/861
f 834/834/834 861/861/861 835/835/835
f 831/831/831 830/830/830 868/868/868
f 831/831/831 868/868/868 869/869/869
f 830/830/830 829/829/829 863/863/863
f 830/830/830 863/863/863 868/868/868
f 868/868/868 863/863/863 862/862/862
f 868/868/868 862/862/862 870/870/870
f 869/869/869 868/868/868 870/870/870
f 869/869/869 870/870/870 871/871/871
f 818/818/818 872/872/872 873/873/873
f 818/818/818 873/873/873 866/866/866
f 872/872/872 524/524/524 874/874/874
f 872/872/872 874/874/874 873/873/873
f 873/873/873 874/874/874 871/871/871
f 873/873/873 871/871/871 870/870/870
f 866/866/866 873/873/873 870/870/870
f 866/866/866 870/870/870 862/862/862
f 524/524/524 875/875/875 876/876/876
f 524/524/524 876/876/876 874/874/874
f 875/875/875 825/825/825 827/827/827
f 875/875/875 827/827/827 876/876/876
f 876/876/876 827/827/827 831/831/831
f 876/876/876 831/831/831 869/869/869
f 874/874/874 876/876/876 869/869/869
f 874/874/874 869/869/869 871/871/871
f 526/526/526 525/525/525 877/877/877
f 526/526/526 877/877/877 615/615/615
f 525/525/525 524/524/524 872/872/872
f 525/525/525 872/872/872 877/877/877
f 877/877/877 872/872/872 818/818/818
f 877/877/877 818/818/818 817/817/817
f 615/615/615 877/877/877 817/817/817
f 615/615/615 817/817/817 616/616/616
f 878/878/878 879/879/879 880/880/880
f 878/878/878 880/880/880 881/881/881
f 879/879/879 825/825/825 875/875/875
f 879/879/879 875/875/875 880/880/880
f 880/880/880 875/875/875 524/524/524
f 880/880/880 524/524/524 523/523/523
f 881/881/881 880/880/880 523/523/523
f 881/881/881 523/523/523 513/513/513
f 882/882/882 883/883/883 884/884/884
f 882/882/882 884/884/884 885/885/885
f 883/883/883 808/808/808 823/823/823
f 883/883/883 823/823/823 884/884/884
f 884/884/884 823/823/823 825/825/825
f 884/884/884 825/825/825 879/879/879
f 885/885/885 884/884/884 879/879/879
f 885/885/885 879/879/879 878/878/878
f 438/438/438 886/886/886 887/887/887
f 438/438/438 887/887/887 445/445/445
f 886/886/886 878/878/878 881/881/881
f 886/886/886 881/881/881 887/887/887
f 887/887/887 881/881/881 513/513/513
f 887/887/887 513/513/513 512/512/512
f 445/445/445 887/887/887 512/512/512
f 445/445/445 512/512/512 446/446/446
f 432/432/432 888/888/888 889/889/889
f 432/432/432 889/889/889 437/437/437
f 888/888/888 882/882/882 885/885/885
f 888/888/888 885/885/885 889/889/889
f 889/889/889 885/885/885 878/878/878
f 889/889/889 878/878/878 886/886/886
f 437/437/437 889/889/889 886/886/886
f 437/437/437 886/886/886 438/438/438
f 882/882/882 890/890/890 891/891/891
f 882/882/882 891/891/891 883/883/883
f 890/890/890 744/744/744 747/747/747
f 890/890/890 747/747/747 891/891/891
f 891/891/891 747/747/747 749/749/749
f 891/891/891 749/749/749 809/809/809
f 883/883/883 891/891/891 809/809/809
f 883/883/883 809/809/809 808/808/808
f 432/432/432 431/431/431 892/892/892
f 432/432/432 892/892/892 888/888/888
f 431/431/431 424/424/424 751/751/751
f 431/431/431 751/751/751 892/892/892
f 892/892/892 751/751/751 744/744/744
f 892/892/892 744/744/744 890/890/890
f 888/888/888 892/892/892 890/890/890
f 888/888/888 890/890/890 882/882/882
f 509/509/509 610/610/610 510/510/510
f 610/610/610 893/893/893 510/510/510
f 610/610/610 609/609/609 742/742/742
f 610/610/610 742/742/742 893/893/893
f 893/893/893 742/742/742 485/485/485
f 893/893/893 485/485/485 488/488/488
f 510/510/510 893/893/893 488/488/488
f 510/510/510 488/488/488 490/490/490
f 384/384/384 392/392/392 894/894/894
f 384/384/384 894/894/894 895/895/895
f 392/392/392 293/293/293 292/292/292
f 392/392/392 292/292/292 894/894/894
f 894/894/894 292/292/292 269/269/269
f 894/894/894 269/269/269 267/267/267
f 895/895/895 894/894/894 267/267/267
f 895/895/895 267/267/267 259/259/259
f 374/374/374 385/385/385 896/896/896
f 374/374/374 896/896/896 897/897/897
f 385/385/385 384/384/384 895/895/895
f 385/385/385 895/895/895 896/896/896
f 896/896/896 895/895/895 259/259/259
f 896/896/896 259/259/259 257/257/257
f 897/897/897 896/896/896 257/257/257
f 897/897/897 257/257/257 247/247/247
f 374/374/374 897/897/897 898/898/898
f 374/374/374 898/898/898 375/375/375
f 897/897/897 247/247/247 250/250/250
f 897/897/897 250/250/250 898/898/898
f 898/898/898 250/250/250 237/237/237
f 898/898/898 237/237/237 899/899/899
f 375/375/375 898/898/898 899/899/899
f 375/375/375 899/899/899 364/364/364
f 364/364/364 899/899/899 900/900/900
f 364/364/364 900/900/900 365/365/365
f 899/899/899 237/237/237 240/240/240
f 899/899/899 240/240/240 900/900/900
f 900/900/900 240/240/240 224/224/224
f 900/900/900 224/224/224 901/901/901
f 365/365/365 900/900/900 901/901/901
f 365/365/365 901/901/901 359/359/359
f 214/214/214 902/902/902 903/903/903
f 214/214/214 903/903/903 223/223/223
f 902/902/902 349/349/349 357/357/357
f 902/902/902 357/357/357 903/903/903
f 903/903/903 357/357/357 359/359/359
f 903/903/903 359/359/359 901/901/901
f 223/223/223 903/903/903 901/901/901
f 223/223/223 901/901/901 224/224/224
f 209/209/209 904/904/904 905/905/905
f 209/209/209 905/905/905 213/213/213
f 904/904/904 339/339/339 347/347/347
f 904/904/904 347/347/347 905/905/905
f 905/905/905 347/347/347 349/349/349
f 905/905/905 349/349/349 902/902/902
f 213/213/213 905/905/905 902/902/902
f 213/213/213 902/902/902 214/214/214
f 206/206/206 906/906/906 907/907/907
f 206/206/206 907/907/907 208/208/208
f 906/906/906 326/326/326 337/337/337
f 906/906/906 337/337/337 907/907/907
f 907/907/907 337/337/337 339/339/339
f 907/907/907 339/339/339 904/904/904
f 208/208/208 907/907/907 904/904/904
f 208/208/208 904/904/904 209/209/209
f 206/206/206 205/205/205 908/908/908
f 206/206/206 908/908/908 906/906/906
f 205/205/205 204/204/204 297/297/297
f 205/205/205 297/297/297 908/908/908
f 908/908/908 297/297/297 299/299/299
f 908/908/908 299/299/299 327/327/327
f 906/906/906 908/908/908 327/327/327
f 906/906/906 327/327/327 326/326/326
f 255/255/255 266/266/266 909/909/909
f 255/255/255 909/909/909 910/910/910
f 266/266/266 265/265/265 289/289/289
f 266/266/266 289/289/289 909/909/909
f 909/909/909 289/289/289 64/64/64
f 909/909/909 64/64/64 71/71/71
f 910/910/910 909/909/909 71/71/71
f 910/910/910 71/71/71 70/70/70
f 245/245/245 256/256/256 911/911/911
f 245/245/245 911/911/911 912/912/912
f 256/256/256 255/255/255 910/910/910
f 256/256/256 910/910/910 911/911/911
f 911/911/911 910/910/910 70/70/70
f 911/911/911 70/70/70 79/79/79
f 912/912/912 911/911/911 79/79/79
f 912/912/912 79/79/79 78/78/78
f 245/245/245 912/912/912 913/913/913
f 245/245/245 913/913/913 246/246/246
f 912/912/912 78/78/78 89/89/89
f 912/912/912 89/89/89 913/913/913
f 913/913/913 89/89/89 91/91/91
f 913/913/913 91/91/91 914/914/914
f 246/246/246 913/913/913 914/914/914
f 246/246/246 914/914/914 235/235/235
f 235/235/235 914/914/914 915/915/915
f 235/235/235 915/915/915 236/236/236
f 914/914/914 91/91/91 99/99/99
f 914/914/914 99/99/99 915/915/915
f 915/915/915 99/99/99 101/101/101
f 915/915/915 101/101/101 916/916/916
f 236/236/236 915/915/915 916/916/916
f 236/236/236 916/916/916 230/230/230
f 110/110/110 917/917/917 918/918/918
f 110/110/110 918/918/918 111/111/111
f 917/917/917 220/220/220 228/228/228
f 917/917/917 228/228/228 918/918/918
f 918/918/918 228/228/228 230/230/230
f 918/918/918 230/230/230 916/916/916
f 111/111/111 918/918/918 916/916/916
f 111/111/111 916/916/916 101/101/101
f 116/116/116 186/186/186 919/919/919
f 116/116/116 919/919/919 117/117/117
f 186/186/186 185/185/185 218/218/218
f 186/186/186 218/218/218 919/919/919
f 919/919/919 218/218/218 220/220/220
f 919/919/919 220/220/220 917/917/917
f 117/117/117 919/919/919 917/917/917
f 117/117/117 917/917/917 110/110/110
