v -0.981223 0.867692 0.0376751
v -0.980842 0.865951 0.0363408
v -0.980004 0.865289 0.0375975
v -0.98037 0.866987 0.0388156
v -0.979501 0.864466 0.0346021
v -0.9787 0.863844 0.0360233
v -0.977622 0.863662 0.0371226
v -0.978777 0.864947 0.0385037
v -0.979089 0.866477 0.039581
v -0.979699 0.871548 0.0391879
v -0.9807 0.869577 0.0385708
v -0.979847 0.868852 0.0396637
v -0.978853 0.870818 0.0402724
v -0.978592 0.86819 0.0403477
v -0.977666 0.870015 0.0409105
v -0.977366 0.866215 0.0402119
v -0.976951 0.867619 0.0408368
v -0.975395 0.866097 0.0407948
v -0.975098 0.867101 0.0412415
v -0.974551 0.868178 0.041573
v -0.976188 0.869123 0.0412999
v -0.976193 0.863939 0.0382313
v -0.977121 0.864974 0.0393421
v -0.97456 0.864472 0.0393822
v -0.975222 0.86521 0.0401742
v -0.973776 0.862289 0.0341891
v -0.9731 0.862834 0.0358746
v -0.974708 0.863173 0.0369659
v -0.975776 0.86271 0.0355477
v -0.972355 0.863684 0.037702
v -0.973502 0.863926 0.03848
v -0.970807 0.863521 0.0332678
v -0.970706 0.863837 0.0351381
v -0.971772 0.863064 0.0352673
v -0.972126 0.862573 0.0334329
v -0.970647 0.864401 0.0371775
v -0.971408 0.863848 0.0372692
v -0.972503 0.862627 0.0318135
v -0.971031 0.863673 0.0316144
v -0.974361 0.862305 0.0326773
v -0.975028 0.862935 0.0309286
v -0.973114 0.86331 0.0299779
v -0.971605 0.864409 0.0297404
v -0.976617 0.862774 0.0342268
v -0.977355 0.863382 0.0326273
v -0.974099 0.864509 0.0274921
v -0.972644 0.865665 0.0272065
v -0.975933 0.86404 0.0285385
v -0.976963 0.864903 0.0255694
v -0.975134 0.865498 0.02439
v -0.973674 0.866781 0.0240509
v -0.978163 0.864384 0.0303973
v -0.980217 0.865377 0.0325731
v -0.981276 0.866122 0.0301313
v -0.979203 0.865163 0.0276597
v -0.975953 0.865689 0.0207919
v -0.974299 0.867219 0.0204016
v -0.978044 0.864958 0.0221536
v -0.979509 0.864811 0.0182369
v -0.976991 0.865681 0.0166949
v -0.975036 0.86753 0.0162685
v -0.980647 0.86525 0.0245776
v -0.983082 0.866384 0.027475
v -0.985707 0.866707 0.024335
v -0.982705 0.86523 0.0210015
v -0.982918 0.869315 0.0341299
v -0.982567 0.867564 0.0323834
v -0.981494 0.866802 0.0345158
v -0.981841 0.8685 0.0360026
v -0.988275 0.871468 0.0300622
v -0.987597 0.868886 0.0274845
v -0.98462 0.868091 0.03017
v -0.985095 0.870154 0.0323186
v -0.981346 0.873244 0.0359315
v -0.982377 0.871233 0.0352454
v -0.98131 0.870346 0.0369598
v -0.980317 0.872279 0.0375815
v -0.986711 0.876903 0.0328989
v -0.98788 0.874195 0.0318443
v -0.984567 0.872393 0.0337427
v -0.983434 0.87471 0.0345961
v -0.97923 0.874205 0.0380245
v -0.980188 0.875248 0.03636
v -0.978605 0.873507 0.0396464
v -0.977251 0.875145 0.0397145
v -0.977882 0.875844 0.0380282
v -0.978743 0.876975 0.0362557
v -0.982055 0.876989 0.0350183
v -0.985022 0.879447 0.033303
v -0.980284 0.878956 0.0347591
v -0.982732 0.881643 0.0328787
v -0.976047 0.876903 0.0373015
v -0.976797 0.878145 0.0353182
v -0.975407 0.876148 0.0391311
v -0.973136 0.876406 0.0378695
v -0.973812 0.877256 0.0358484
v -0.974469 0.878605 0.0335925
v -0.977931 0.88032 0.0335558
v -0.97975 0.883269 0.031446
v -0.975153 0.880877 0.0314834
v -0.976279 0.883973 0.0290746
v -0.968664 0.874875 0.0341959
v -0.969528 0.875919 0.0318139
v -0.971431 0.876867 0.0338394
v -0.970675 0.875914 0.0360564
v -0.970158 0.877387 0.0290317
v -0.972042 0.878295 0.0313012
v -0.970115 0.879463 0.0261682
v -0.972296 0.880521 0.0288016
v -0.970043 0.882168 0.0230034
v -0.972729 0.883508 0.0260164
v -0.969499 0.87444 0.0261771
v -0.969465 0.876065 0.0228529
v -0.969251 0.877951 0.0241879
v -0.969366 0.876079 0.0273259
v -0.969299 0.878053 0.0191635
v -0.969011 0.880317 0.0207183
v -0.967632 0.871862 0.0317799
v -0.968685 0.873009 0.0292322
v -0.968653 0.874611 0.0302779
v -0.967679 0.873507 0.032768
v -0.971264 0.870499 0.0248511
v -0.971533 0.871526 0.021321
v -0.970328 0.873867 0.0219832
v -0.970223 0.872531 0.025426
v -0.97177 0.87266 0.0173678
v -0.97034 0.875437 0.0181459
v -0.969249 0.867983 0.0305606
v -0.970323 0.869206 0.0279918
v -0.969337 0.871163 0.0285367
v -0.968259 0.869978 0.0311057
v -0.972411 0.868517 0.0243114
v -0.972856 0.869241 0.0207009
v -0.973334 0.869947 0.0166346
v -0.970354 0.866047 0.0300301
v -0.971418 0.867303 0.027472
v -0.968668 0.866802 0.0340507
v -0.968705 0.867217 0.0324477
v -0.967721 0.869206 0.0329858
v -0.967753 0.86865 0.0345484
v -0.967107 0.871072 0.033632
v -0.967179 0.870366 0.0351336
v -0.969683 0.865009 0.0335562
v -0.9698 0.865287 0.031917
v -0.968951 0.866538 0.0357864
v -0.969787 0.86506 0.0353783
v -0.969391 0.866335 0.0376422
v -0.96999 0.865277 0.0373499
v -0.967721 0.869468 0.0366729
v -0.968197 0.86806 0.036196
v -0.96851 0.868432 0.0382764
v -0.968851 0.867425 0.0379355
v -0.968097 0.873001 0.037109
v -0.968453 0.8716 0.038264
v -0.967754 0.870645 0.0373338
v -0.967227 0.871816 0.0359522
v -0.969031 0.869955 0.0394112
v -0.968533 0.869273 0.038748
v -0.971944 0.874374 0.0400425
v -0.971546 0.872705 0.0406208
v -0.969851 0.872335 0.0394635
v -0.969836 0.873915 0.038602
v -0.971237 0.870742 0.0410914
v -0.970028 0.870479 0.0402663
v -0.967171 0.872679 0.0345546
v -0.968151 0.874011 0.0358698
v -0.970111 0.875038 0.0375715
v -0.97249 0.875551 0.0392158
v -0.976446 0.874386 0.0408332
v -0.974672 0.87534 0.0403386
v -0.97546 0.873322 0.0414468
v -0.973877 0.87419 0.0410231
v -0.974381 0.871846 0.0417468
v -0.973102 0.872555 0.0414086
v -0.973258 0.870128 0.0418937
v -0.972346 0.870635 0.041653
v -0.977768 0.872771 0.0407325
v -0.976662 0.87183 0.0413399
v -0.975361 0.870619 0.0416545
v -0.973959 0.86925 0.0418271
v -0.972722 0.874395 0.0126668
v -0.971074 0.877602 0.0135502
v -0.974389 0.877015 0.00594614
v -0.972561 0.880605 0.00689558
v -0.971183 0.884023 0.0081088
v -0.969851 0.880636 0.0146964
v -0.974521 0.871261 0.0118217
v -0.976474 0.868451 0.0113771
v -0.978572 0.870376 0.00443332
v -0.976395 0.873526 0.00498765
v -0.976629 0.88066 -0.0037917
v -0.974686 0.884548 -0.0028335
v -0.979497 0.885092 -0.0155001
v -0.977522 0.8891 -0.0145774
v -0.975993 0.89299 -0.0134738
v -0.9732 0.888287 -0.00164287
v -0.978798 0.876921 -0.00486413
v -0.981156 0.873529 -0.00556886
v -0.98415 0.87779 -0.0174652
v -0.981724 0.881271 -0.0166355
v -0.982876 0.889815 -0.0273961
v -0.980958 0.893704 -0.0265315
v -0.985793 0.893667 -0.0367971
v -0.983963 0.897347 -0.0359871
v -0.982504 0.900956 -0.03508
v -0.979452 0.897504 -0.0255391
v -0.98502 0.886106 -0.0285024
v -0.987356 0.882711 -0.0293686
v -0.98999 0.886891 -0.0386714
v -0.987803 0.890137 -0.0378325
v -0.986917 0.874947 -0.0173689
v -0.99005 0.879936 -0.0294417
v -0.990796 0.873776 -0.0162315
v -0.993917 0.878886 -0.0287348
v -0.996304 0.883324 -0.0384847
v -0.99255 0.884244 -0.0388502
v -0.981073 0.867893 0.00481591
v -0.983849 0.8708 -0.00530667
v -0.984438 0.86678 0.0064596
v -0.987544 0.869614 -0.00383849
v -0.99622 0.875131 -0.0140215
v -0.999426 0.880458 -0.0272394
v -1.00164 0.87843 -0.0105385
v -1.00502 0.883915 -0.0242953
v -1.00728 0.888503 -0.035231
v -1.00173 0.885025 -0.0375938
v -0.988904 0.867602 0.00946708
v -0.992585 0.870703 -0.00109591
v -0.993128 0.870007 0.0132637
v -0.997491 0.873616 0.0026668
v -1.00741 0.887284 -0.00116111
v -1.00542 0.882757 -0.00583697
v -1.00072 0.877605 0.00700566
v -1.00234 0.881913 0.0110404
v -0.995757 0.873409 0.0171399
v -0.99697 0.877224 0.020525
v -1.01365 0.896851 -0.0257677
v -1.0113 0.892627 -0.0307622
v -1.00902 0.888199 -0.0195459
v -1.01122 0.892602 -0.0145037
v -1.00679 0.894936 0.0039645
v -1.00784 0.891361 0.00219973
v -1.0027 0.885894 0.0139396
v -1.00173 0.889355 0.015503
v -0.997192 0.880923 0.0229657
v -0.996275 0.884186 0.0243401
v -1.01366 0.904378 -0.0200419
v -1.01448 0.900824 -0.0220444
v -1.0118 0.896617 -0.0108271
v -1.0108 0.900193 -0.00889164
v -0.999306 0.892273 0.0157035
v -1.00427 0.898097 0.00410645
v -0.994014 0.886857 0.024621
v -0.99053 0.889204 0.0238288
v -0.995426 0.894854 0.0145751
v -1.00017 0.900893 0.00260641
v -1.00823 0.903377 -0.00876217
v -1.01104 0.907424 -0.0198825
v -1.00404 0.906169 -0.0105446
v -1.00674 0.910017 -0.0217269
v -0.990238 0.897119 0.0122487
v -0.994514 0.903163 -0.00035671
v -0.986058 0.891355 0.0220138
v -0.980966 0.892442 0.0192973
v -0.984283 0.898117 0.00918046
v -0.987966 0.903959 -0.00382072
v -0.998308 0.90836 -0.0140352
v -1.00107 0.912032 -0.0253577
v -0.991669 0.90899 -0.0177496
v -0.994573 0.912509 -0.0290049
v -0.972057 0.88964 0.0126001
v -0.974085 0.894575 0.00278401
v -0.978381 0.897035 0.00588498
v -0.975848 0.891685 0.0159291
v -0.976882 0.899712 -0.00944555
v -0.981523 0.90253 -0.00685587
v -0.98036 0.904294 -0.022197
v -0.985102 0.907323 -0.0203289
v -0.983416 0.9076 -0.0323339
v -0.988108 0.910705 -0.0310877
v -0.978804 0.900999 -0.024006
v -0.97535 0.896505 -0.0117188
v -0.981874 0.904329 -0.0337414
v -0.972623 0.891623 0.000225739
v -0.970706 0.887043 0.00996723
v -0.969475 0.88329 0.0164395
v -0.970679 0.885511 0.0189641
v -0.97392 0.887181 0.0222406
v -0.978237 0.887755 0.0255318
v -0.984189 0.902725 -0.0400434
v -0.983556 0.905989 -0.0387501
v -0.98496 0.903447 -0.042111
v -0.984309 0.906626 -0.0407716
v -0.985759 0.909751 -0.0394415
v -0.985057 0.909191 -0.0374671
v -0.989669 0.912286 -0.0364749
v -0.99029 0.912794 -0.0384709
v -0.996583 0.914711 -0.0370558
v -0.996036 0.914165 -0.0347756
v -0.985541 0.903914 -0.0434443
v -0.98487 0.907021 -0.0420543
v -0.986343 0.904285 -0.0443889
v -0.985633 0.907312 -0.0429695
v -0.98687 0.910244 -0.0415905
v -0.986257 0.910069 -0.0406682
v -0.990695 0.913054 -0.0397124
v -0.99103 0.913092 -0.0408019
v -0.997374 0.915388 -0.0403932
v -0.996922 0.915027 -0.0385794
v -1.0088 0.913124 -0.0320128
v -1.00819 0.912127 -0.028391
v -1.00246 0.913872 -0.0316024
v -1.00298 0.914598 -0.0345399
v -1.00865 0.914109 -0.0375287
v -1.00899 0.913726 -0.0347582
v -1.00326 0.915036 -0.0366476
v -1.00352 0.915407 -0.0387145
v -1.01631 0.908398 -0.0310217
v -1.01543 0.906974 -0.0269942
v -1.0127 0.909837 -0.026777
v -1.0135 0.911108 -0.0307496
v -1.01501 0.909291 -0.0378873
v -1.01638 0.909171 -0.03418
v -1.01364 0.911826 -0.0338432
v -1.01262 0.912069 -0.0372765
v -1.01665 0.904746 -0.0327974
v -1.016 0.903379 -0.0289137
v -1.01516 0.900482 -0.0358372
v -1.01481 0.899282 -0.0323602
v -1.01559 0.905746 -0.0391783
v -1.01665 0.905522 -0.0358105
v -1.01466 0.901693 -0.0411045
v -1.01513 0.901222 -0.0384531
v -1.01253 0.896057 -0.0396488
v -1.0123 0.895012 -0.0368583
v -1.00854 0.891851 -0.0429351
v -1.00828 0.890893 -0.040782
v -1.01255 0.897475 -0.0435462
v -1.01255 0.896743 -0.0416294
v -1.00884 0.893307 -0.0460254
v -1.00866 0.892487 -0.0443579
v -1.00281 0.887411 -0.0427331
v -0.997501 0.885686 -0.0433784
v -1.00317 0.888367 -0.04461
v -0.99796 0.886679 -0.0452345
v -1.00335 0.889005 -0.0457567
v -0.998258 0.887361 -0.0463668
v -1.00336 0.88964 -0.046697
v -0.998571 0.888088 -0.0471473
v -0.992008 0.890146 -0.0454553
v -0.994398 0.887576 -0.0455603
v -0.994784 0.888287 -0.0467517
v -0.992453 0.890853 -0.0467118
v -0.995278 0.889071 -0.0475285
v -0.993026 0.891638 -0.0475325
v -0.993854 0.886566 -0.0436498
v -0.991395 0.889149 -0.0434771
v -0.988109 0.896599 -0.043774
v -0.989982 0.893256 -0.0447206
v -0.990476 0.893925 -0.0460266
v -0.988645 0.897209 -0.0451114
v -0.991119 0.894641 -0.046905
v -0.98936 0.897812 -0.046039
v -0.989311 0.892303 -0.0426884
v -0.987389 0.895714 -0.0417067
v -0.986945 0.900599 -0.0443598
v -0.986375 0.90006 -0.0430098
v -0.98772 0.901078 -0.0453115
v -0.985619 0.899253 -0.0409278
v -0.992064 0.895511 -0.0474582
v -0.990409 0.898509 -0.0466672
v -0.993886 0.892596 -0.0480081
v -0.99498 0.893347 -0.0492691
v -0.993104 0.896347 -0.0488043
v -0.99145 0.899332 -0.0480592
v -0.988865 0.901578 -0.0459762
v -0.989941 0.902321 -0.0473652
v -0.988625 0.905336 -0.0463561
v -0.987531 0.904635 -0.0450463
v -0.986751 0.907583 -0.0436029
v -0.987771 0.908326 -0.0447752
v -0.988421 0.910941 -0.0434994
v -0.9877 0.910337 -0.0423063
v -0.98917 0.906659 -0.0491346
v -0.988226 0.909914 -0.0471733
v -0.989526 0.90823 -0.053116
v -0.988175 0.911774 -0.0501031
v -0.988511 0.914994 -0.0492896
v -0.988692 0.912561 -0.0457876
v -0.992158 0.900295 -0.0510409
v -0.990554 0.903456 -0.0502917
v -0.992784 0.90139 -0.0545375
v -0.99113 0.904668 -0.0538492
v -0.991036 0.908156 -0.0570028
v -0.990132 0.909576 -0.0578263
v -0.988959 0.910286 -0.0547913
v -0.992073 0.910157 -0.0599929
v -0.990799 0.910752 -0.0612951
v -0.989604 0.912511 -0.061986
v -0.989156 0.911419 -0.058399
v -0.988556 0.911558 -0.0559141
v -0.993675 0.902573 -0.0571744
v -0.992189 0.905668 -0.0567364
v -0.994978 0.903654 -0.0582809
v -0.993418 0.907135 -0.0581131
v -0.987794 0.91313 -0.0525171
v -0.987399 0.916148 -0.0522783
v -0.987634 0.913976 -0.0548992
v -0.987147 0.91629 -0.0543991
v -0.987955 0.914727 -0.058044
v -0.988312 0.916017 -0.0618461
v -0.987815 0.918924 -0.0609867
v -0.987367 0.917518 -0.0569963
v -0.991155 0.916305 -0.0585153
v -0.989757 0.916489 -0.0536935
v -0.988083 0.917744 -0.0552906
v -0.988899 0.918911 -0.0597103
v -0.98833 0.91815 -0.0656164
v -0.987803 0.921137 -0.0647912
v -0.989649 0.914572 -0.0657937
v -0.99012 0.916657 -0.0691474
v -0.988833 0.920163 -0.0688377
v -0.988198 0.923155 -0.0679626
v -0.988878 0.921068 -0.0637132
v -0.990522 0.918777 -0.063023
v -0.989093 0.923144 -0.066974
v -0.990498 0.920993 -0.0664365
v -0.992768 0.91904 -0.0723694
v -0.992334 0.921179 -0.0722356
v -0.990504 0.921087 -0.0711059
v -0.991596 0.918038 -0.0714411
v -0.991504 0.923126 -0.0715187
v -0.989821 0.923759 -0.0703031
v -0.992188 0.923049 -0.0712829
v -0.990468 0.923873 -0.069526
v -0.99257 0.922134 -0.070751
v -0.991552 0.922092 -0.0691342
v -0.993326 0.918756 -0.0716245
v -0.99327 0.920451 -0.0713612
v -0.993347 0.920922 -0.0722864
v -0.993416 0.918581 -0.0723138
v -0.99222 0.919715 -0.0695354
v -0.992377 0.917696 -0.0703124
v -0.991294 0.916081 -0.0676583
v -0.991222 0.91828 -0.0667648
v -0.992256 0.91693 -0.0711153
v -0.990962 0.915299 -0.0686285
v -0.992476 0.912928 -0.0597934
v -0.991383 0.915869 -0.0632939
v -0.991348 0.913593 -0.0640883
v -0.990718 0.913029 -0.0651313
v -0.994977 0.916808 -0.0499136
v -0.991314 0.915311 -0.0492825
v -0.991817 0.915545 -0.0530174
v -0.994199 0.914808 -0.0528371
v -0.992851 0.914139 -0.0559846
v -0.994085 0.91374 -0.0547839
v -0.997323 0.910108 -0.0537705
v -0.995613 0.911864 -0.0547518
v -0.994591 0.909708 -0.0570024
v -0.997438 0.907838 -0.0542766
v -0.99667 0.904394 -0.0574197
v -0.998428 0.904667 -0.0547108
v -0.998955 0.910852 -0.0516346
v -0.996834 0.913271 -0.0524426
v -1.00135 0.913696 -0.0486983
v -0.99831 0.916276 -0.0504176
v -0.99633 0.915502 -0.0436051
v -0.994694 0.917037 -0.0465236
v -0.997277 0.923534 -0.0468235
v -0.999017 0.922914 -0.044639
v -0.997466 0.923519 -0.049181
v -0.99819 0.930742 -0.0502273
v -0.998345 0.930946 -0.0480289
v -1.00026 0.930563 -0.0463775
v -0.99138 0.912998 -0.0433315
v -0.991264 0.914149 -0.0458927
v -0.999561 0.922728 -0.0502036
v -1.00231 0.921675 -0.0494697
v -1.00231 0.928966 -0.051928
v -0.999756 0.929848 -0.0518448
v -0.997688 0.93664 -0.0512262
v -0.999716 0.936611 -0.0498774
v -0.997259 0.93609 -0.0532879
v -0.995457 0.939779 -0.0574548
v -0.99607 0.940745 -0.0555891
v -0.998091 0.941141 -0.0543825
v -0.998444 0.935076 -0.0550943
v -1.00082 0.934336 -0.0555037
v -0.99845 0.938076 -0.0595296
v -0.996317 0.938637 -0.0591278
v -0.994286 0.943826 -0.0600127
v -0.99617 0.944586 -0.0589175
v -0.993579 0.942481 -0.0616533
v -0.991596 0.944017 -0.0654249
v -0.992259 0.945613 -0.0641368
v -0.99384 0.946635 -0.0632787
v -0.99415 0.941216 -0.0630732
v -0.995973 0.94079 -0.0633691
v -0.993385 0.942453 -0.0667531
v -0.991947 0.942737 -0.0665254
v -0.989732 0.945714 -0.0677768
v -0.990836 0.946863 -0.0673626
v -0.989275 0.944078 -0.0685283
v -0.986387 0.942666 -0.0709767
v -0.986592 0.944085 -0.0707075
v -0.987205 0.945142 -0.0706946
v -0.989504 0.942975 -0.0692726
v -0.990505 0.942879 -0.0695383
v -0.987161 0.941888 -0.0717161
v -0.986562 0.941848 -0.0714099
v -0.983061 0.941109 -0.0727367
v -0.983378 0.941874 -0.072826
v -0.983068 0.940188 -0.0727861
v -0.980871 0.938343 -0.0737366
v -0.980421 0.938411 -0.0738908
v -0.980978 0.939287 -0.0737784
v -0.983167 0.939622 -0.0730402
v -0.983529 0.939691 -0.0732696
v -0.981154 0.938007 -0.0740283
v -0.980536 0.937701 -0.0740356
v -0.980827 0.937927 -0.0742122
v -0.979612 0.937254 -0.0743707
v -0.981421 0.938781 -0.0740542
v -0.980712 0.938636 -0.0740674
v -0.988089 0.942758 -0.071647
v -0.983921 0.940208 -0.0733681
v -0.988609 0.943989 -0.0713217
v -0.984178 0.941053 -0.073268
v -0.98812 0.944994 -0.0709447
v -0.983815 0.941695 -0.0730646
v -0.995623 0.943512 -0.0657134
v -0.992106 0.94393 -0.0690134
v -0.996943 0.945145 -0.0642438
v -0.993059 0.945468 -0.0681513
v -0.995936 0.946388 -0.0633248
v -0.992334 0.946669 -0.0675176
v -1.00123 0.938658 -0.0580058
v -0.998603 0.941684 -0.0620123
v -1.00261 0.939809 -0.0558228
v -1.00006 0.943162 -0.0601102
v -1.00099 0.940765 -0.0544671
v -0.998739 0.944294 -0.0589519
v -1.00479 0.928794 -0.0500348
v -1.00355 0.934516 -0.05384
v -1.00552 0.929209 -0.0475946
v -1.00469 0.935275 -0.0514636
v -1.00338 0.929892 -0.0462189
v -1.0028 0.93608 -0.049972
v -1.00342 0.913982 -0.0453996
v -1.00439 0.92135 -0.0471332
v -1.0035 0.913904 -0.0431713
v -1.00459 0.921578 -0.0447725
v -1.00085 0.915981 -0.043101
v -1.00221 0.922284 -0.0439199
v -1.00239 0.905098 -0.048072
v -1.00395 0.90525 -0.045323
v -1.00316 0.908738 -0.0449122
v -1.00167 0.908391 -0.047871
v -1.00485 0.905523 -0.0445539
v -1.00394 0.908946 -0.0437302
v -0.998893 0.914818 -0.0437499
v -1.0012 0.914072 -0.0437284
v -1.00344 0.912353 -0.0439812
v -1.00416 0.912882 -0.0452798
v -1.00231 0.914502 -0.0444954
v -1.00051 0.915076 -0.044244
v -1.00423 0.909312 -0.0452972
v -1.00506 0.906067 -0.0465933
v -1.00525 0.906713 -0.0491211
v -1.00461 0.909977 -0.0473777
v -1.0062 0.907287 -0.0495437
v -1.00555 0.910666 -0.0475821
v -1.00839 0.90793 -0.0473252
v -1.0074 0.911298 -0.0455291
v -1.00635 0.914152 -0.0434697
v -1.00516 0.913634 -0.0451442
v -1.00328 0.91523 -0.0441871
v -1.00395 0.915671 -0.0428477
v -1.00163 0.916029 -0.0429734
v -1.00082 0.915691 -0.0438698
v -1.00759 0.904008 -0.0489339
v -1.00864 0.904454 -0.0492207
v -1.00986 0.901581 -0.0482036
v -1.01103 0.901939 -0.0482058
v -1.01239 0.902013 -0.0467375
v -1.01056 0.904871 -0.0472826
v -1.0107 0.89994 -0.0468224
v -1.00929 0.900849 -0.0469852
v -1.00723 0.90337 -0.0468665
v -1.00706 0.90284 -0.0453575
v -1.01019 0.899098 -0.0484358
v -1.01135 0.899396 -0.0482815
v -1.00967 0.897313 -0.0487637
v -1.0104 0.897124 -0.0486195
v -1.01127 0.897274 -0.0478239
v -1.0123 0.899217 -0.0471801
v -1.00777 0.893598 -0.0491435
v -1.00865 0.895993 -0.0485302
v -1.01081 0.896814 -0.0480187
v -1.00937 0.898173 -0.0478102
v -1.00827 0.900356 -0.0520629
v -1.01491 0.897642 -0.0554962
v -1.01631 0.898604 -0.0528849
v -1.01031 0.900673 -0.0488294
v -1.02018 0.895075 -0.0603928
v -1.02186 0.896421 -0.0581363
v -1.02309 0.895885 -0.0559437
v -1.01706 0.897784 -0.0508179
v -1.00452 0.902849 -0.0492848
v -1.00621 0.902776 -0.0464742
v -1.01641 0.895235 -0.0507608
v -1.02265 0.893353 -0.0553649
v -1.02134 0.890611 -0.0563616
v -1.01493 0.89264 -0.0522446
v -1.0229 0.892532 -0.0659321
v -1.02496 0.893982 -0.0639535
v -1.02374 0.890215 -0.0714686
v -1.02612 0.891554 -0.0697547
v -1.02825 0.89126 -0.0679321
v -1.02669 0.893622 -0.0618575
v -1.02651 0.89118 -0.061175
v -1.02833 0.889009 -0.0673765
v -1.02695 0.886514 -0.0680093
v -1.02515 0.888457 -0.0618907
v -1.02371 0.888302 -0.0764661
v -1.02621 0.889431 -0.0750478
v -1.02286 0.886699 -0.0806779
v -1.0252 0.887556 -0.0796855
v -1.02755 0.887254 -0.0787023
v -1.0286 0.889144 -0.073586
v -1.02895 0.887122 -0.0732157
v -1.02812 0.885514 -0.0785346
v -1.02711 0.883729 -0.0790038
v -1.02769 0.884944 -0.0738012
v -1.02099 0.885259 -0.0839524
v -1.02286 0.885812 -0.0835519
v -1.01785 0.883914 -0.0862305
v -1.01909 0.884199 -0.0863112
v -1.02044 0.883898 -0.0863868
v -1.0248 0.8855 -0.0831638
v -1.02546 0.884117 -0.0831943
v -1.02104 0.882898 -0.0865382
v -1.02069 0.882022 -0.0865608
v -1.02478 0.882793 -0.0834323
v -1.01369 0.882687 -0.0875248
v -1.01431 0.882782 -0.0877326
v -1.01082 0.881905 -0.0880394
v -1.01052 0.881753 -0.0882401
v -1.01158 0.881753 -0.0883099
v -1.01515 0.882544 -0.0879191
v -1.0155 0.881882 -0.0880642
v -1.01106 0.881272 -0.088413
v -1.0118 0.881067 -0.0883543
v -1.01545 0.881369 -0.0880127
v -1.01021 0.881569 -0.0880543
v -1.00925 0.881179 -0.0883712
v -1.01098 0.881417 -0.0879688
v -1.01075 0.881088 -0.0882271
v -1.01467 0.881453 -0.0877004
v -1.01949 0.882054 -0.0862925
v -1.01392 0.881915 -0.0873835
v -1.01818 0.882671 -0.0860293
v -1.01347 0.882353 -0.0873689
v -1.01754 0.883355 -0.0860654
v -1.02315 0.882637 -0.0835976
v -1.02522 0.883307 -0.0797191
v -1.02144 0.883348 -0.0837505
v -1.02333 0.884044 -0.0804254
v -1.02055 0.884333 -0.0839552
v -1.0223 0.885349 -0.0808701
v -1.02578 0.884243 -0.0748882
v -1.02522 0.885566 -0.0693558
v -1.02399 0.884957 -0.0760186
v -1.02374 0.886251 -0.070811
v -1.02304 0.886552 -0.0767203
v -1.02301 0.888111 -0.071734
v -1.02373 0.887345 -0.0635229
v -1.02021 0.889517 -0.0583703
v -1.02264 0.888044 -0.0652726
v -1.01953 0.890305 -0.0603152
v -1.02218 0.890147 -0.0663014
v -1.01941 0.892586 -0.0611417
v -1.01401 0.89173 -0.0547761
v -1.00758 0.8925 -0.0526526
v -1.01365 0.892741 -0.0568593
v -1.00695 0.894024 -0.0555669
v -1.01402 0.895193 -0.0570776
v -1.00823 0.897282 -0.0551553
v -1.00371 0.890652 -0.0517048
v -1.00312 0.890704 -0.048915
v -1.00419 0.89113 -0.0551988
v -1.00283 0.888428 -0.0556966
v -1.00124 0.889074 -0.051534
v -0.999849 0.889373 -0.0488569
v -1.00223 0.900781 -0.0560847
v -1.00247 0.8989 -0.0579524
v -1.00468 0.898301 -0.0561597
v -1.00413 0.90091 -0.0541191
v -1.00313 0.896688 -0.0589792
v -1.00443 0.895449 -0.0576096
v -1.00388 0.892947 -0.0585345
v -1.0026 0.895865 -0.0604574
v -1.00302 0.894239 -0.063913
v -1.00369 0.89062 -0.0599534
v -1.00408 0.890885 -0.066535
v -1.00383 0.888659 -0.0622818
v -1.00362 0.889898 -0.0679891
v -1.00323 0.888347 -0.0639465
v -1.0026 0.887832 -0.0611538
v -1.00288 0.887572 -0.0591058
v -0.997188 0.890586 -0.0491382
v -0.998683 0.890411 -0.0519034
v -0.996177 0.893595 -0.0522764
v -1.00003 0.889854 -0.055346
v -0.997272 0.893953 -0.0565025
v -1.0007 0.889369 -0.058129
v -1.00097 0.889486 -0.0606379
v -0.999351 0.891825 -0.0604705
v -0.998621 0.892584 -0.0589024
v -1.00124 0.890422 -0.0637371
v -0.999111 0.893307 -0.0625564
v -1.00154 0.891879 -0.0675679
v -0.999299 0.894922 -0.0660609
v -0.997999 0.895223 -0.061128
v -0.997138 0.896924 -0.059643
v -0.998336 0.897006 -0.0644727
v -0.998377 0.898479 -0.0627664
v -1.00405 0.89133 -0.0721793
v -1.00186 0.893449 -0.0716139
v -1.00463 0.892986 -0.0756284
v -1.00241 0.895296 -0.0750184
v -1.00022 0.898169 -0.0735727
v -0.999597 0.896477 -0.0700514
v -0.99888 0.898099 -0.0686075
v -0.99968 0.899259 -0.0724045
v -1.00066 0.89875 -0.0718263
v -0.999665 0.898216 -0.0677572
v -1.00263 0.900746 -0.076918
v -1.0014 0.899937 -0.0758613
v -1.00332 0.897509 -0.0770543
v -1.00414 0.899347 -0.0777794
v -1.00527 0.895352 -0.077602
v -1.00541 0.897497 -0.0781028
v -1.00291 0.900906 -0.0760472
v -1.00186 0.900076 -0.0746115
v -1.00098 0.900749 -0.0750068
v -1.00265 0.901382 -0.0765724
v -1.00449 0.900237 -0.077533
v -1.00428 0.899991 -0.0765179
v -1.00578 0.897957 -0.0777248
v -1.00537 0.898446 -0.076794
v -1.00513 0.896981 -0.0755349
v -1.00354 0.898718 -0.0747867
v -1.00434 0.895406 -0.0729171
v -1.00251 0.897359 -0.0719538
v -1.00588 0.895478 -0.0768342
v -1.00524 0.893396 -0.0745678
v -1.00154 0.897011 -0.0679279
v -1.00063 0.897726 -0.0635001
v -1.00351 0.894725 -0.069022
v -1.00455 0.892179 -0.0709303
v -0.99477 0.897939 -0.055454
v -0.995526 0.899493 -0.0582066
v -0.996952 0.900546 -0.0596967
v -1.00043 0.90217 -0.0556795
v -0.999788 0.89996 -0.0593869
v -1.00222 0.90284 -0.0524416
v -1.00042 0.904889 -0.0513929
v -0.99968 0.907745 -0.0512109
v -0.994006 0.897015 -0.0518328
v -0.996045 0.89 -0.0479721
v -0.999012 0.888913 -0.0476698
v -1.00697 0.892872 -0.0476547
v -1.00304 0.890262 -0.0475098
v -1.01073 0.895863 -0.0470921
v -1.00916 0.895149 -0.0482361
v -1.01369 0.901938 -0.0440979
v -1.01263 0.898468 -0.0454922
v -1.01185 0.908735 -0.04282
v -1.01323 0.905411 -0.0434401
v -1.01015 0.911831 -0.0416017
v -1.00765 0.914285 -0.0406574
v -0.995578 0.914698 -0.0421402
v -0.998576 0.915524 -0.043059
v -1.00033 0.91602 -0.0418967
v -1.00394 0.915692 -0.0408945
v -0.991192 0.912803 -0.0418423
v -0.986195 0.884902 0.0296394
v -0.982485 0.886817 0.0280657
v -0.991108 0.880022 0.0298625
v -0.989106 0.882632 0.030217
v -0.992147 0.877 0.0286443
v -0.992233 0.87375 0.0265501
v -0.991325 0.870548 0.0236094
v -0.989111 0.86778 0.0201009
v -0.985518 0.865869 0.0164551
v -0.981682 0.865271 0.0134636
v -0.978722 0.866273 0.011809
vt 0.06389 -1.192e-07
vt 0.001298 0.02083
vt 0.001298 0.1667
vt 0.1006 -1.192e-07
vt 0.03271 0.003472
vt 0 0.02083
vt 0.03356 0
vt 0.061 -1.192e-07
vt 0.07508 -1.192e-07
vt 0.03356 0
vt 0.001298 0.02083
vt 0.01038 0.02083
vt 0.001298 -1.192e-07
vt 0.1007 0.01389
vt 0.03271 0.003472
vt 0.0623 -1.192e-07
vt 0.001298 0.02083
vt 0.06389 -1.192e-07
vt 0.2281 0
vt 0.0623 -1.192e-07
vt 0 0.1667
vt 0.1778 0
vt 0.001298 0.1667
vt 0.03245 0.02083
vt 0.2281 0
vt 0.03245 0.02083
vt 0.228 -1.192e-07
vt 0.01038 0.1667
vt 0.1786 0
vt 0.03271 0.003472
vt 0.1786 0
vt 0.01038 0.1667
vt 0 0.02083
vt 0.06469 0
vt 0.1788 -1.192e-07
vt 0.03271 0.003472
vt 0.2281 0
vt 0.03274 -1.192e-07
vt 0.001298 0.02083
vt 0.1786 0
vt 0.01038 0.01736
vt 0.1788 -1.192e-07
vt 0.03356 0
vt 0.03274 -1.192e-07
vt 0.1389 -1.192e-07
vt 0.06468 -1.192e-07
vt 0 -1.192e-07
vt 0.1374 -1.192e-07
vt 0.01038 0.01736
vt 0.1786 0
vt 0.06469 0
vt 0.03274 -1.192e-07
vt 0.1262 -2.384e-07
vt 0.06556 0
vt 0.1374 -1.192e-07
vt 0.01038 0
vt 0.01038 0.02083
vt 0.1778 0
vt 0.01038 0
vt 0.03274 0.02083
vt 0.001082 0.1667
vt 0.01038 -1.192e-07
vt 0.1389 0
vt 0.03296 0
vt 0.001298 -1.192e-07
vt 0.03274 0
vt 0.1379 0
vt 0.03274 -1.192e-07
vt 0.1009 0
vt 0.06556 0
vt 0.01038 0.02083
vt 0.03274 -1.192e-07
vt 0.1009 0
vt 0.07508 -1.192e-07
vt 0.1379 0
vt 0.01038 -1.192e-07
vt 0.1262 -2.384e-07
vt 0.03296 0
vt 0.01038 0
vt 0.01038 0
vt 0.1006 -1.192e-07
vt 0.03274 -1.192e-07
vt 0.1009 0
vt 0.06469 0.1667
vt 0.03356 0
vt 0.1009 0
vt 0.03296 0
vt 0.06468 -1.192e-07
vt 0.03274 0.1667
vt 0.1006 -1.192e-07
vt 0.01038 0
vt 0.03274 -1.192e-07
vt 0.07508 -1.192e-07
vt 0.03274 0.02083
vt 0.03274 0
vt 0.06556 0
vt 0.01038 0
vt 0.03274 -1.192e-07
vt 0.06468 0.02083
vt 0.1009 0
vt 0.03296 0
vt 0.01038 0
vt 0.06469 0
vt 0.06468 0
vt 0.01038 0.1667
vt 0.01038 0
vt 0.1009 0
vt 0.06556 0
vt 0.01038 0
vt 0.01038 0
vt 0.03274 0.1667
vt 0.001298 -1.192e-07
vt 0.2281 0
vt 0.001298 -1.192e-07
vt 0.228 0
vt 0.001298 -1.192e-07
vt 0.01038 0.02083
vt 0.01038 -1.192e-07
vt 0.1786 0
vt 0.001298 -1.192e-07
vt 0.03274 0.02083
vt 0.001298 -1.192e-07
vt 0.2281 0
vt 0.01038 -1.192e-07
vt 0.1788 0
vt 0 -1.192e-07
vt 0.1389 0
vt 0 -1.192e-07
vt 0.2281 0
vt 0.001298 -1.192e-07
vt 0.1778 0
vt 0.1778 0
vt 0 -1.192e-07
vt 0.228 0
vt 0.1786 0
vt 0 -1.192e-07
vt 0.001298 -1.192e-07
vt 0.1786 0
vt 0.001298 -1.192e-07
vt 0.1379 0
vt 0.1009 -1.192e-07
vt 0.001298 -1.192e-07
vt 0.1262 -1.192e-07
vt 0.001298 -1.192e-07
vt 0.1788 0
vt 0 -1.192e-07
vt 0 -1.192e-07
vt 0.1786 0
vt 0.1389 0
vt 0 -1.192e-07
vt 0 -1.192e-07
vt 0.1379 0
vt 0.001298 -1.192e-07
vt 0.1009 -1.192e-07
vt 0.001298 -1.192e-07
vt 0.1389 0
vt 0.001298 -1.192e-07
vt 0.1389 0
vt 0.001298 -1.192e-07
vt 0.1009 -1.192e-07
vt 0.01038 -1.192e-07
vt 0.1009 0
vt 0.01038 -1.192e-07
vt 0.1009 0
vt 0.001298 -1.192e-07
vt 0.06469 0
vt 0.001298 -1.192e-07
vt 0.06468 -1.192e-07
vt 0.06468 -1.192e-07
vt 0.01038 0
vt 0.01038 0
vt 0.1009 -1.192e-07
vt 0.1009 -1.192e-07
vt 0.2281 1
vt 0.01038 0.1667
vt 0.1009 -1.192e-07
vt 0.2963 1
vt 0.06468 0
vt 0.2969 1
vt 0.1389 0
vt 0.1788 -1.192e-07
vt 0.2281 1
vt 0.001298 0.02083
vt 0.1788 -1.192e-07
vt 0.01038 0.01736
vt 0.01038 0
vt 0.2963 1
vt 0.03274 -1.192e-07
vt 0.001082 0.1667
vt 0.228 -1.192e-07
vt 0.1788 -1.192e-07
vt 0.3942 1
vt 0 0.1667
vt 0.1389 0
vt 0.001298 0.02083
vt 0.06468 0.02083
vt 0.3963 1
vt 0.1389 0
vt 0.001298 0.02083
vt 0.1788 -1.192e-07
vt 0.1389 0
vt 0.2969 1
vt 0 0.02083
vt 0.01038 0.8333
vt 0.01038 0.1667
vt 0.03274 0.8333
vt 0.2969 1
vt 0.1788 -1.192e-07
vt 0 0.02083
vt 0.03274 0.02083
vt 0.1389 0
vt 0.3963 1
vt 0 -1.192e-07
vt 0.1788 -1.192e-07
vt 0.001298 0
vt 0.03274 -1.192e-07
vt 0.06468 0
vt 0.4195 1
vt 0.01038 0.01736
vt 0.228 -1.192e-07
vt 0.1788 -1.192e-07
vt 0.2979 1
vt 0.001298 0.02083
vt 0.228 0
vt 0.01038 0
vt 0.01038 0.5
vt 0.03274 0.1667
vt 0.2281 1
vt 0.001298 0
vt 0.1788 -1.192e-07
vt 0.01038 0.8333
vt 0.1389 0
vt 0.2969 1
vt 0.1009 -1.192e-07
vt 0.03274 0.1667
vt 0.001082 0.8333
vt 0.0004326 0.5
vt 0.06469 0.5
vt 0.2979 1
vt 0.1009 0.02083
vt 0.002596 0.5
vt 0.1389 0.02083
vt 0.2281 1
vt 0.1009 -1.192e-07
vt 0.03274 0.5
vt 0.001082 0.8333
vt 0 0.8333
vt 0.06469 0.5
vt 0.2281 1
vt 0.06468 0
vt 0.2281 1
vt 0.06468 0.02083
vt 0.06468 0.8333
vt 0.0004326 0.5
vt 0.1009 0.02083
vt 0 0.5
vt 0.2964 1
vt 0.01038 0.5
vt 0.1009 0.02083
vt 0.0004326 0.5
vt 0.2963 1
vt 0.06468 0.02083
vt 0.03274 0.5
vt 0 0.1667
vt 0.06469 0.1667
vt 0 0.5
vt 0.2281 1
vt 0.01038 0.8333
vt 0.1009 0.1667
vt 0.001082 0.1667
vt 0.001082 0.1667
vt 0.1009 0.1667
vt 0.2281 1
vt 0.1788 -1.192e-07
vt 0.002596 0.5
vt 0.1389 0.02083
vt 0.1009 0.02083
vt 0.2964 1
vt 0.0004326 0.5
vt 0.1788 -1.192e-07
vt 0.2964 1
vt 0.1389 0.1667
vt 0.228 0.02083
vt 0.2964 1
vt 0.1788 0.02083
vt 0.2964 1
vt 0.228 0
vt 0.3943 1
vt 0.03274 0.8333
vt 0.03274 0.9792
vt 0.3942 1
vt 0.001298 0.9792
vt 0.1788 0.02083
vt 0.01038 1
vt 0.1389 0
vt 0.2963 1
vt 0.1788 0.02083
vt 0.01038 0.9826
vt 0.1389 0.02083
vt 0.1788 0.8333
vt 0.2964 1
vt 0.01038 0.9826
vt 0.2279 0.8333
vt 0.001298 1
vt 0.1389 0.02083
vt 0.3942 1
vt 0.01038 0.9792
vt 0.001298 1
vt 0.1389 0.1667
vt 0 1
vt 0.228 0.02083
vt 0.3942 1
vt 0.1788 0.1667
vt 0 0.9792
vt 0.1788 0.02083
vt 0.3942 1
vt 0.03274 0.8333
vt 0.001298 0.9792
vt 0.228 0.1667
vt 0.5261 1
vt 0.1788 0.1667
vt 0.001298 0.9792
vt 0.06468 0.8333
vt 0.5267 1
vt 0.06468 0.8333
vt 0.1009 0.8333
vt 0.3963 1
vt 0 0.9792
vt 0.1009 0.5
vt 0.06468 0.9792
vt 0.5261 1
vt 0 0.8333
vt 0.06469 0.5
vt 0.1009 0.8333
vt 0.6715 1
vt 0.001082 0.8333
vt 0.1389 0.8333
vt 0.03274 0.9792
vt 0.6716 1
vt 0.01038 0.9826
vt 0.1389 0.5
vt 0.5267 1
vt 0.1389 0.5
vt 0.1009 0.5
vt 0.001298 0.9792
vt 0.5267 1
vt 0.1009 0.5
vt 0.03274 0.9792
vt 0.001082 0.8333
vt 0.01038 0.8333
vt 0.1389 0.1667
vt 0.6716 1
vt 0.1009 0.1667
vt 0.06468 0.9792
vt 0.01038 1
vt 0.6717 1
vt 0.06469 0.5
vt 0.01038 0.9826
vt 0.1009 0.5
vt 0.5295 1
vt 0.1009 0.1667
vt 0.1788 0.8333
vt 0.03275 0.9965
vt 0.3963 1
vt 0.06469 0.1667
vt 0.5267 1
vt 0.1389 0.8333
vt 0.1389 0.5
vt 0.5295 1
vt 0.4195 1
vt 0.1788 0.5
vt 0.001298 1
vt 0.1009 0.1389
vt 0 1
vt 0.03275 1
vt 0.3942 1
vt 0.1788 0.5
vt 0.01038 0.8333
vt 0.228 0.5
vt 0.3942 1
vt 0.1788 0.5
vt 0.03274 0.9792
vt 0.06469 1
vt 0.228 0.5
vt 0.5262 1
vt 0.03275 0.9965
vt 0.1389 0.5
vt 0.06469 1
vt 0.01038 0.9792
vt 0.03274 1
vt 0.5261 1
vt 0.03274 0.9792
vt 0.1788 0.1667
vt 0.228 0.1667
vt 0.3942 1
vt 0.1788 0.5
vt 0.03275 0.9965
vt 0.03274 0.9792
vt 0.03275 1
vt 0.1788 0.1667
vt 0.06469 1
vt 0.01038 1
vt 0.3943 1
vt 0.1517 -2.384e-07
vt 0.001298 1
vt 0.5262 1
vt 0.1788 1
vt 0.1389 0.1667
vt 0.03275 0.9965
vt 0.5262 1
vt 0.1788 0.9792
vt 0.06469 1
vt 0.1389 1
vt 0.06469 1
vt 0.1009 1
vt 0.5262 1
vt 0.1389 0.9792
vt 0.5262 1
vt 0.1788 1
vt 0.06468 0.9792
vt 0 0.5
vt 0.2281 1
vt 0 1
vt 0.6715 1
vt 0.1009 0.9792
vt 0.228 0.9792
vt 0.03118 0.5
vt 0 0.5
vt 0.1788 0.9792
vt 0.6716 1
vt 0.1009 1
vt 0.03145 1
vt 0.1788 0.9792
vt 0.228 0.9792
vt 0.5261 1
vt 0 -1.192e-07
vt 0.1788 0.8333
vt 0.02985 -1.192e-07
vt 0.2279 0.8333
vt 0.5262 1
vt 0.1389 0.9792
vt 0.6716 1
vt 0.1788 0.9792
vt 0.03118 0.5
vt 0.1788 0.8333
vt 0.6715 1
vt 0.1389 0.8333
vt 0.1389 1
vt 0.6715 1
vt 0.06469 1
vt 0.8043 1
vt 0.05191 -2.384e-07
vt 0.1389 0.8333
vt 0.8042 1
vt 0.1009 0.9792
vt 0.1389 0.9792
vt 0.03118 0.5
vt 0.02985 -1.192e-07
vt 0.1009 0.9792
vt 0.6716 1
vt 0.01038 1
vt 0.001298 1
vt 0.1009 0.1389
vt 0.01038 0.8333
vt 0.8043 1
vt 0.03145 1
vt 0.1009 0.8333
vt 0.06362 0.5035
vt 0.1389 0.9792
vt 0.9024 1
vt 0.001298 0.8333
vt 0.06468 0.9792
vt 0.03118 0.5
vt 0.1009 0.9792
vt 0.06362 0.5035
vt 0.03274 1
vt 0.9019 1
vt 0.8042 1
vt 0.001298 0.5
vt 0.06469 1
vt 0.1009 0.8333
vt 0.8042 1
vt 0.01038 0.5
vt 0.06468 0.8333
vt 0.06469 1
vt 0.1389 1
vt 0.06469 1
vt 0.9019 1
vt 0.001298 0.8333
vt 0.1009 1
vt 0.1788 1
vt 0.8964 1
vt 0 0.8333
vt 0.1788 1
vt 0.1009 1
vt 0.1389 1
vt 0.06469 1
vt 0.8036 1
vt 0 0.5
vt 0.06469 1
vt 0.1788 1
vt 0.6716 1
vt 0.001298 0.5
vt 0.2281 1
vt 0.1009 1
vt 0.2281 1
vt 0.1009 1
vt 0.8042 1
vt 0.001298 0.5
vt 0.1009 1
vt 0.1788 1
vt 0.8036 1
vt 0 0.5
vt 0.1788 1
vt 0.1009 1
vt 0.2281 1
vt 0.139 1
vt 0.6717 1
vt 0.1389 1
vt 0.139 1
vt 0.2281 1
vt 0.1788 1
vt 0.6715 1
vt 0.1009 1
vt 0.1788 1
vt 0.1389 1
vt 0.6716 1
vt 0.1009 1
vt 0.1788 1
vt 0.06469 1
vt 0.8052 1
vt 0.1009 1
vt 0.8043 1
vt 0.139 1
vt 0.1009 1
vt 0.06469 1
vt 0.6716 1
vt 0.1389 1
vt 0.6715 1
vt 0.139 1
vt 0.1009 1
vt 0.1389 1
vt 0.8087 1
vt 0.1009 1
vt 0.8052 1
vt 0.06469 1
vt 0.1009 1
vt 0.1389 1
vt 0.8052 1
vt 0.1009 1
vt 0.8087 1
vt 0.06362 0.5035
vt 0.1389 1
vt 0.06469 1
vt 0.9456 1
vt 0.1007 0.01389
vt 0.001298 1
vt 0.906 1
vt 0.01038 1
vt 0.1009 0.5139
vt 0.1009 1
vt 0.001298 0.5
vt 0.8043 1
vt 0.1009 1
vt 0.1009 1
vt 0.1389 1
vt 0.05191 -1.192e-07
vt 0.8052 1
vt 0.1389 1
vt 0.1009 0.1389
vt 0.1389 1
vt 0.1788 1
vt 0.906 1
vt 0.1009 0.5139
vt 0.01038 0.1667
vt 0.06362 0.5035
vt 0.06469 1
vt 0.9024 1
vt 0.001298 0.1667
vt 0.061 -1.192e-07
vt 0.001298 0.1667
vt 0.1788 1
vt 0.6715 1
vt 0.1009 0.5139
vt 0.139 1
vt 0.1009 0.1389
vt 0.001298 0.9792
vt 0.14 0.5035
vt 0.1788 1
vt 0.6713 1
vt 0.2281 1
vt 0.1789 1
vt 0.8089 1
vt 0.1517 -1.192e-07
vt 0 1
vt 0.05191 -2.384e-07
vt 0.01038 0.9792
vt 0.1009 0.5139
vt 0 0.9792
vt 0.1789 1
vt 0.8087 1
vt 0.1009 1
vt 0.001298 0.9792
vt 0.6713 1
vt 0.1788 1
vt 0.139 1
vt 0.1788 1
vt 0.14 0.5035
vt 0.2281 1
vt 0.001298 1
vt 0.6709 1.001
vt 0.8086 1.001
vt 0.1788 1
vt 0.139 1
vt 0 0.9792
vt 0 0.8333
vt 0.8089 1
vt 0.1788 1
vt 0.2281 1
vt 0.139 1
vt 0.2281 1
vt 0.8089 1
vt 0.06469 1
vt 0.1789 1
vt 0.001298 0.8333
vt 0.01038 0.9792
vt 0.8086 1.001
vt 0.139 1
vt 0.1009 1
vt 0.139 1
vt 0.06469 1
vt 0.9396 1
vt 0.1009 1
vt 0.1788 1
vt 0.001298 0.9792
vt 0.001298 0.8333
vt 0.9403 1
vt 0.1788 1
vt 0.06469 1
vt 0.1788 1
vt 0.06469 1
vt 0.8087 1
vt 0.1009 1
vt 0.1788 1
vt 0.01038 0.8333
vt 0.01038 1
vt 0.8089 1
vt 0.2281 1
vt 0.1009 1
vt 0.228 1
vt 0.1009 1
vt 0.9403 1
vt 0.1009 1
vt 0.1789 1
vt 0.1389 1
vt 0.1009 1
vt 0.9456 1
vt 0.1788 1
vt 0.139 1
vt 0.3943 1
vt 0.1389 1
vt 0.1009 1
vt 0.2281 1
vt 0.394 1
vt 0.1389 1
vt 0.5259 1
vt 0.03274 1
vt 0.01038 1
vt 0.2281 1
vt 0.5262 1
vt 0.03274 1
vt 0.394 1
vt 0.03274 1
vt 0.01038 1
vt 0.139 1
vt 0.3935 1
vt 0.06469 1
vt 0.5254 1.001
vt 0.03274 1
vt 0.06469 1
vt 0.14 0.5035
vt 0.5259 1
vt 0.03274 1
vt 0.5259 1
vt 0.06469 1
vt 0.06469 1
vt 0.1791 0.5
vt 0.5254 1.001
vt 0.03274 1
vt 0.6709 1.001
vt 0.01038 1
vt 0.01038 1
vt 0.14 0.5035
vt 0.01038 1
vt 0.1804 -1.192e-07
vt 0.1007 0.01389
vt 0.001298 1
vt 0.6713 1
vt 0 1
vt 0.1788 1
vt 0.03274 1
vt 0.5262 1
vt 0.001298 1
vt 0.1517 -2.384e-07
vt 0.03274 1
vt 0 1
vt 0.5259 1
vt 0.1804 -1.192e-07
vt 0.03274 1
vt 0.1791 0.5
vt 0.01038 1
vt 0 1
vt 0.6713 1
vt 0.001298 1
vt 0.01038 1
vt 0.1791 0.5
vt 0.6715 1
vt 0.03274 1
vt 0.228 -1.192e-07
vt 0.01038 1
vt 0.6709 1.001
vt 0.01038 1
vt 0.03275 1
vt 0.228 0.5
vt 0.6711 0.5004
vt 0.001298 1
vt 0.03274 1
vt 0.1788 1
vt 0.001298 1
vt 0.8038 0.5003
vt 0.228 0.5
vt 0.03275 1
vt 0.1791 0.5
vt 0.03274 1
vt 0.8032 1.001
vt 0.06469 1
vt 0.228 1
vt 0 1
vt 0.139 -1.192e-07
vt 0.06469 1
vt 0.6711 0.5004
vt 0.03274 1
vt 0 1
vt 0.1406 -1.192e-07
vt 0.1007 0.01389
vt 0.06469 1
vt 0.6714 -1.192e-07
vt 0.03274 1
vt 0.8035 -1.192e-07
vt 0.06469 1
vt 0.01038 1
vt 0.1006 -1.192e-07
vt 0.001298 1
vt 0.8038 0.5003
vt 0.1406 -1.192e-07
vt 0.001298 1
vt 0.8038 0.5003
vt 0.01038 1
vt 0.8035 -1.192e-07
vt 0 1
vt 0.001298 1
vt 0.8964 -2.384e-07
vt 0.001298 1
vt 0.9013 0.5001
vt 0 1
vt 0.001298 1
vt 0.8032 1.001
vt 0.8038 0.5003
vt 0.01038 1
vt 0.9013 0.5001
vt 0.8963 1
vt 0.3935 1
vt 0.001298 1
vt 0.001298 0.9792
vt 0.3937 0.5001
vt 0.001298 1
vt 0.5257 0.5003
vt 0.001298 1
vt 0.5254 1.001
vt 0.01038 1
vt 0.3937 0.5001
vt 0.394 -1.192e-07
vt 0 0.1667
vt 0.01038 1
vt 0.526 -1.192e-07
vt 0.01038 0.5
vt 0.5257 0.5003
vt 0.5257 0.5003
vt 0.03274 0.8333
vt 0.526 -1.192e-07
vt 0.03274 0.5
vt 0.6714 -1.192e-07
vt 0.6711 0.5004
vt 0.06469 0.1667
vt 0.5254 1.001
vt 0.03274 0.5
vt 0.5257 0.5003
vt 0.01038 0.1667
vt 0.6711 0.5004
vn -0.9029 -0.1877 0.3867
vn -0.8271 -0.5416 0.1499
vn -0.6789 -0.6444 0.3518
vn -0.732 -0.3186 0.6022
vn -0.6436 -0.7638 -0.04779
vn -0.5221 -0.843 0.1294
vn -0.3116 -0.8787 0.3616
vn -0.4399 -0.7049 0.5564
vn -0.4873 -0.4184 0.7664
vn -0.7753 0.2561 0.5773
vn -0.8375 0.1197 0.5331
vn -0.6616 -0.02951 0.7492
vn -0.5988 0.1014 0.7944
vn -0.441 -0.1622 0.8827
vn -0.391 -0.04321 0.9193
vn -0.3269 -0.4514 0.8303
vn -0.3104 -0.2248 0.9236
vn -0.2783 -0.4471 0.8501
vn -0.2694 -0.2339 0.9342
vn -0.2387 -0.1355 0.9615
vn -0.2734 -0.1153 0.955
vn -0.1538 -0.8516 0.5011
vn -0.2679 -0.701 0.6609
vn -0.1055 -0.8367 0.5374
vn -0.2149 -0.6933 0.6879
vn 0.05362 -0.9913 0.1198
vn 0.1566 -0.9408 0.3006
vn -0.02646 -0.9192 0.3928
vn -0.1625 -0.9593 0.231
vn 0.1789 -0.9179 0.3541
vn 0.01077 -0.8987 0.4384
vn 0.6954 -0.7171 -0.04657
vn 0.6938 -0.7092 0.125
vn 0.4379 -0.8767 0.1991
vn 0.3908 -0.9204 0.008667
vn 0.7024 -0.691 0.1708
vn 0.453 -0.8549 0.2527
vn 0.3043 -0.9128 -0.2722
vn 0.6623 -0.6818 -0.3105
vn -0.09241 -0.9846 -0.148
vn -0.1804 -0.9313 -0.3163
vn 0.2388 -0.859 -0.4527
vn 0.6133 -0.6184 -0.4914
vn -0.3446 -0.9386 -0.01798
vn -0.4478 -0.8754 -0.1819
vn 0.2724 -0.8577 -0.4361
vn 0.6281 -0.611 -0.4819
vn -0.1501 -0.9422 -0.2994
vn -0.006226 -0.9895 -0.1441
vn 0.3982 -0.8798 -0.2596
vn 0.6995 -0.6439 -0.3099
vn -0.4274 -0.8885 -0.167
vn -0.6302 -0.7752 -0.04294
vn -0.4928 -0.8646 0.09799
vn -0.2926 -0.9559 -0.02463
vn 0.4734 -0.8703 -0.1357
vn 0.7349 -0.6511 -0.1897
vn 0.09928 -0.9947 -0.02561
vn 0.06827 -0.9957 -0.06259
vn 0.4567 -0.8673 -0.1978
vn 0.7291 -0.6337 -0.2584
vn -0.1869 -0.9787 0.08484
vn -0.3841 -0.901 0.2013
vn -0.4289 -0.8829 0.1909
vn -0.2261 -0.9718 0.06659
vn -0.7831 -0.3564 0.5096
vn -0.6792 -0.6798 0.2766
vn -0.8242 -0.5509 0.1311
vn -0.9195 -0.1868 0.3459
vn -0.6701 -0.4857 0.5612
vn -0.5929 -0.7221 0.3563
vn -0.5536 -0.7447 0.3727
vn -0.6413 -0.4792 0.5992
vn -0.6556 0.1514 0.7398
vn -0.7352 -0.02704 0.6773
vn -0.862 0.1363 0.4882
vn -0.7968 0.2821 0.5343
vn -0.5095 0.04007 0.8595
vn -0.6261 -0.2147 0.7495
vn -0.5951 -0.1812 0.7829
vn -0.4974 0.03137 0.8669
vn -0.7141 0.4262 0.5553
vn -0.551 0.3285 0.7671
vn -0.698 0.3924 0.599
vn -0.4609 0.6577 0.5958
vn -0.4623 0.6902 0.5567
vn -0.2812 0.5987 0.75
vn -0.3686 0.2479 0.8959
vn -0.3515 0.3049 0.8851
vn -0.1179 0.5079 0.8533
vn -0.122 0.5518 0.825
vn -0.06449 0.8756 0.4787
vn 0.09363 0.7645 0.6377
vn -0.07694 0.8641 0.4973
vn 0.2557 0.8963 0.3623
vn 0.2709 0.89 0.3668
vn 0.3931 0.768 0.5056
vn 0.196 0.6564 0.7284
vn 0.1522 0.6844 0.713
vn 0.4603 0.6584 0.5954
vn 0.416 0.6908 0.5914
vn 0.7083 0.6996 0.09369
vn 0.7322 0.6726 0.1069
vn 0.5064 0.8227 0.258
vn 0.4871 0.8385 0.244
vn 0.8213 0.5198 0.2351
vn 0.609 0.692 0.3876
vn 0.861 0.3927 0.323
vn 0.6639 0.5762 0.4766
vn 0.8509 0.4322 0.2986
vn 0.6373 0.6118 0.4685
vn 0.9747 -0.1359 -0.1775
vn 0.9747 -0.2094 -0.07843
vn 0.9917 0.07819 0.1023
vn 0.9816 0.1906 0.01233
vn 0.9721 -0.1843 -0.1448
vn 0.9921 0.1149 0.0506
vn 0.9453 0.003174 -0.326
vn 0.9457 -0.02161 -0.3242
vn 0.9279 0.3512 -0.1245
vn 0.9119 0.3888 -0.1314
vn 0.871 -0.3917 -0.2966
vn 0.8832 -0.4311 -0.1843
vn 0.9184 -0.3624 -0.1586
vn 0.9107 -0.3155 -0.2666
vn 0.8776 -0.4104 -0.2478
vn 0.9127 -0.3415 -0.2244
vn 0.8374 -0.3269 -0.438
vn 0.8344 -0.3276 -0.4433
vn 0.8775 -0.2413 -0.4143
vn 0.8805 -0.2353 -0.4115
vn 0.8263 -0.4709 -0.3088
vn 0.8429 -0.5018 -0.194
vn 0.838 -0.4802 -0.2591
vn 0.7841 -0.4149 -0.4614
vn 0.7841 -0.4135 -0.4628
vn 0.8867 -0.4612 -0.03269
vn 0.88 -0.3955 -0.2629
vn 0.9224 -0.3042 -0.2381
vn 0.9255 -0.3787 -0.006195
vn 0.9854 -0.07248 -0.1542
vn 0.9794 -0.1835 0.0839
vn 0.8386 -0.5426 -0.0463
vn 0.8278 -0.4833 -0.285
vn 0.8657 -0.4885 0.1089
vn 0.8204 -0.5623 0.1029
vn 0.8566 -0.494 0.1491
vn 0.8165 -0.5588 0.1453
vn 0.9385 -0.2539 0.2337
vn 0.8993 -0.4149 0.138
vn 0.9201 -0.2853 0.2683
vn 0.8859 -0.4289 0.1765
vn 0.802 0.383 0.4583
vn 0.7851 0.2102 0.5826
vn 0.912 -0.002655 0.4102
vn 0.9555 0.1277 0.2658
vn 0.7695 0.1607 0.6181
vn 0.8928 -0.0448 0.4482
vn 0.455 0.5277 0.7172
vn 0.4937 0.3356 0.8022
vn 0.6451 0.3097 0.6985
vn 0.6329 0.4973 0.5933
vn 0.5032 0.2758 0.819
vn 0.6414 0.2522 0.7245
vn 0.9543 0.2969 0.03302
vn 0.7663 0.5936 0.2457
vn 0.5635 0.7247 0.3965
vn 0.3541 0.7678 0.5339
vn -0.3019 0.4946 0.8149
vn 0.05103 0.7131 0.6992
vn -0.114 0.2792 0.9534
vn 0.1951 0.4687 0.8615
vn -0.008454 0.1417 0.9899
vn 0.2682 0.2879 0.9193
vn 0.01245 0.0933 0.9955
vn 0.2884 0.2317 0.929
vn -0.5241 0.2341 0.8188
vn -0.3185 0.06824 0.9454
vn -0.2018 -0.021 0.9792
vn -0.173 -0.05307 0.9835
vn 0.8627 -0.377 -0.3369
vn 0.8981 -0.3082 -0.3136
vn 0.8605 -0.3721 -0.3479
vn 0.8943 -0.3052 -0.3272
vn 0.9548 -0.1423 -0.2609
vn 0.9614 -0.143 -0.2351
vn 0.8236 -0.4472 -0.3487
vn 0.7116 -0.6074 -0.353
vn 0.7147 -0.5914 -0.3734
vn 0.8229 -0.4391 -0.3606
vn 0.8615 -0.3726 -0.3448
vn 0.8935 -0.3079 -0.3269
vn 0.8565 -0.3634 -0.3665
vn 0.8863 -0.3025 -0.3507
vn 0.9404 -0.1516 -0.3042
vn 0.95 -0.1518 -0.2729
vn 0.8253 -0.4363 -0.3584
vn 0.7234 -0.5777 -0.3779
vn 0.7258 -0.557 -0.4037
vn 0.8226 -0.4229 -0.38
vn 0.8493 -0.3521 -0.3933
vn 0.8763 -0.2973 -0.3791
vn 0.8444 -0.345 -0.4097
vn 0.8686 -0.2962 -0.3972
vn 0.9209 -0.153 -0.3585
vn 0.9292 -0.1508 -0.3373
vn 0.8192 -0.4056 -0.4055
vn 0.7266 -0.5348 -0.4312
vn 0.7286 -0.5183 -0.4477
vn 0.8179 -0.3926 -0.4206
vn 0.4178 -0.8088 -0.4138
vn 0.4208 -0.7862 -0.4525
vn -0.08701 -0.9407 -0.3279
vn -0.08988 -0.9224 -0.3756
vn -0.08512 -0.9102 -0.4054
vn 0.4261 -0.7692 -0.4761
vn 0.4064 -0.8458 -0.3455
vn 0.4146 -0.8301 -0.3728
vn -0.0586 -0.973 -0.2234
vn -0.07624 -0.9588 -0.2737
vn -0.4593 -0.865 -0.2021
vn -0.4663 -0.8486 -0.2496
vn -0.6798 -0.7282 -0.08667
vn -0.6857 -0.7149 -0.1372
vn -0.6843 -0.7093 -0.169
vn -0.4636 -0.8407 -0.2797
vn -0.3985 -0.9131 -0.08567
vn -0.4378 -0.8872 -0.1453
vn -0.6198 -0.7834 0.04599
vn -0.6606 -0.7503 -0.02338
vn -0.9116 -0.3797 0.1572
vn -0.8258 -0.5628 0.03458
vn -0.8082 -0.5784 0.1111
vn -0.8845 -0.3968 0.2452
vn -0.7712 -0.6058 0.1953
vn -0.8407 -0.416 0.3466
vn -0.9225 -0.3838 0.04135
vn -0.8316 -0.5517 -0.06284
vn -0.8322 -0.5539 -0.02518
vn -0.9237 -0.373 0.08683
vn -0.8332 0.3155 0.4541
vn -0.947 -0.1 0.3052
vn -0.9062 -0.1341 0.4011
vn -0.7867 0.2692 0.5555
vn -0.8405 -0.1671 0.5154
vn -0.7153 0.2027 0.6687
vn -0.8722 0.3486 0.3429
vn -0.977 -0.11 0.1827
vn -0.9695 -0.0875 0.2287
vn -0.8607 0.3424 0.3767
vn -0.4996 0.6271 0.5976
vn -0.5376 0.6761 0.5039
vn -0.4582 0.548 0.6998
vn -0.2219 0.7363 0.6392
vn -0.2378 0.8003 0.5504
vn -0.2511 0.8484 0.4658
vn -0.5556 0.7115 0.4302
vn -0.5431 0.7403 0.3961
vn -0.2547 0.8821 0.3962
vn -0.2405 0.9027 0.3567
vn -0.0286 0.8768 0.48
vn -0.02924 0.9156 0.4011
vn -0.01147 0.8274 0.5615
vn 0.2472 0.852 0.4615
vn 0.2159 0.8957 0.3887
vn 0.2046 0.9251 0.3198
vn -0.02765 0.9406 0.3382
vn -0.02313 0.9531 0.3018
vn 0.2007 0.9429 0.2656
vn 0.2013 0.9511 0.234
vn 0.787 0.5935 0.1683
vn 0.7713 0.6255 0.1178
vn 0.4794 0.8315 0.2806
vn 0.5137 0.7871 0.3414
vn 0.7578 0.6495 0.06265
vn 0.4588 0.8606 0.2212
vn 0.7481 0.6634 0.01288
vn 0.4487 0.877 0.1716
vn 0.7451 0.6666 -0.01907
vn 0.4474 0.8831 0.1412
vn 0.9531 0.2223 -0.2053
vn 0.9624 0.2182 -0.1615
vn 0.947 0.2206 -0.2336
vn 0.9705 0.2117 -0.1153
vn 0.9742 0.2105 -0.08109
vn 0.9817 0.1869 -0.03439
vn 0.8157 0.5314 0.2285
vn 0.5713 0.7115 0.4091
vn 0.3209 0.7809 0.5359
vn 0.9133 -0.1504 -0.3784
vn 0.9395 0.2232 -0.2597
vn 0.9006 -0.1369 -0.4124
vn 0.925 0.2343 -0.2991
vn 0.7316 0.6753 -0.09323
vn 0.7412 0.6694 -0.05002
vn 0.4462 0.8882 0.1098
vn 0.4422 0.8941 0.07062
vn 0.1907 0.967 0.1688
vn 0.197 0.9591 0.2032
vn 0.8349 -0.06671 -0.5464
vn 0.8617 0.2776 -0.4247
vn 0.6507 0.07044 -0.7561
vn 0.6868 0.3524 -0.6357
vn 0.6038 0.6863 -0.4054
vn 0.6974 0.6866 -0.2054
vn 0.4343 0.9007 -0.004089
vn 0.4264 0.8938 -0.1386
vn 0.2103 0.9766 0.04529
vn 0.1916 0.9728 0.1301
vn -0.2343 0.9361 0.2622
vn -0.227 0.9188 0.3228
vn -0.02707 0.9628 0.2689
vn -0.0398 0.9729 0.2277
vn -0.37 0.9287 -0.02435
vn -0.2811 0.9489 0.1434
vn -0.05835 0.9813 0.1836
vn -0.09787 0.984 0.1487
vn -0.8979 0.3837 0.2154
vn -0.8802 0.3513 0.3192
vn -0.5205 0.7691 0.371
vn -0.5223 0.8037 0.2851
vn -0.7964 0.4836 -0.3632
vn -0.8921 0.4487 -0.05167
vn -0.559 0.827 0.05948
vn -0.5884 0.7771 -0.2233
vn -0.9912 -0.1241 0.04471
vn -0.9803 -0.1389 0.14
vn -0.9273 -0.3677 -0.0698
vn -0.921 -0.3894 -0.002441
vn -0.9154 0.1328 -0.3799
vn -0.9869 -0.02176 -0.1596
vn -0.9427 -0.1652 -0.2896
vn -0.939 -0.2968 -0.1738
vn -0.8436 -0.5166 -0.1464
vn -0.8357 -0.5398 -0.1004
vn -0.6893 -0.6837 -0.2395
vn -0.6865 -0.6984 -0.2026
vn -0.8671 -0.4561 -0.2
vn -0.8505 -0.492 -0.1859
vn -0.6611 -0.6623 -0.3526
vn -0.6843 -0.6746 -0.2767
vn -0.4607 -0.8311 -0.3113
vn -0.08194 -0.897 -0.4343
vn -0.4591 -0.8166 -0.3498
vn -0.0828 -0.8764 -0.4743
vn -0.4534 -0.7871 -0.4182
vn -0.0889 -0.8136 -0.5745
vn -0.4272 -0.734 -0.5278
vn -0.1011 -0.67 -0.7354
vn 0.7154 -0.4894 -0.4986
vn 0.4171 -0.7336 -0.5365
vn 0.3708 -0.6572 -0.6561
vn 0.6474 -0.4208 -0.6354
vn 0.2533 -0.4759 -0.8422
vn 0.4712 -0.2611 -0.8424
vn 0.426 -0.7545 -0.4993
vn 0.7266 -0.5057 -0.4651
vn 0.8295 -0.3257 -0.4536
vn 0.8055 -0.367 -0.4652
vn 0.7459 -0.2995 -0.5949
vn 0.7714 -0.2637 -0.5791
vn 0.5776 -0.1517 -0.8021
vn 0.6069 -0.1266 -0.7846
vn 0.8151 -0.3821 -0.4354
vn 0.8397 -0.3384 -0.4247
vn 0.7887 -0.2203 -0.574
vn 0.8503 -0.2817 -0.4444
vn 0.6175 -0.08606 -0.7818
vn 0.8618 -0.2931 -0.4139
vn 0.5785 -0.1583 -0.8001
vn 0.608 -0.1293 -0.7833
vn 0.4804 -0.2627 -0.8368
vn 0.7007 -0.4613 -0.5442
vn 0.7758 -0.3487 -0.5259
vn 0.8043 -0.3029 -0.5111
vn 0.6229 -0.08631 -0.7775
vn 0.83 -0.2522 -0.4974
vn 0.8753 -0.1182 -0.4689
vn 0.6525 0.06732 -0.7548
vn 0.6775 0.3382 -0.6532
vn 0.9261 0.1623 -0.3405
vn 0.7928 0.6094 0.008637
vn 0.6386 0.664 -0.3888
vn 0.9404 -0.2448 -0.236
vn 0.9966 -0.007294 -0.08145
vn 0.9115 -0.3518 -0.2132
vn 0.9928 -0.1159 0.02942
vn 0.648 0.6646 0.3719
vn 0.7914 0.5443 0.2782
vn 0.8679 -0.391 -0.3062
vn 0.8945 -0.344 -0.2857
vn 0.8553 -0.376 -0.3563
vn 0.8748 -0.3556 -0.329
vn 0.6921 -0.544 -0.4743
vn 0.6659 -0.6606 -0.3466
vn 0.8938 -0.4247 -0.1442
vn -0.4175 -0.5433 -0.7284
vn 0.1925 -0.82 -0.5389
vn 0.8299 -0.4842 -0.277
vn 0.8669 -0.4403 -0.2336
vn 0.9136 -0.3788 -0.1476
vn 0.749 -0.2584 -0.61
vn 0.7361 -0.3448 -0.5824
vn 0.2156 0.114 -0.9698
vn 0.02573 -0.1775 -0.9838
vn 0.9752 -0.2115 0.06494
vn 0.716 0.583 0.384
vn 0.9671 -0.242 -0.07801
vn 0.9795 0.1929 0.05731
vn 0.9566 -0.2342 -0.1734
vn 0.9566 -0.2423 -0.1616
vn 0.904 0.3988 0.1538
vn 0.9057 0.4223 0.03568
vn -0.7944 0.603 0.07279
vn -0.3419 0.9058 0.2503
vn 0.1381 0.9448 0.2971
vn -0.1661 0.9294 0.3294
vn 0.9504 -0.2295 -0.2098
vn 0.9034 0.3925 0.1724
vn 0.808 -0.48 -0.3415
vn 0.737 -0.4187 -0.5305
vn 0.8794 -0.1583 -0.4489
vn 0.8109 0.5747 -0.1103
vn -0.1442 0.854 0.4999
vn -0.8498 0.4772 0.2235
vn -0.1128 0.8729 0.4747
vn -0.8161 0.4246 0.392
vn 0.2608 -0.1458 -0.9543
vn 0.1981 0.1803 -0.9634
vn 0.674 -0.04495 -0.7373
vn 0.5408 -0.3323 -0.7727
vn 0.1455 0.613 -0.7765
vn 0.4859 0.7111 -0.5082
vn -0.6077 0.7539 -0.2496
vn -0.317 0.9232 0.217
vn -0.8516 0.3592 0.3817
vn -0.784 0.3858 0.4863
vn -0.9373 -0.1823 0.2971
vn -0.9409 0.1151 0.3185
vn -0.7415 0.2932 -0.6035
vn -0.6533 -0.3995 -0.643
vn -0.8929 0.04755 0.4477
vn -0.9153 -0.2689 0.2999
vn -0.9772 -0.2088 0.03763
vn -0.9703 0.1061 0.2172
vn -0.3247 -0.8112 -0.4862
vn -0.1748 -0.8593 -0.4805
vn -0.9462 0.1846 -0.2658
vn -0.9872 0.1573 -0.02625
vn -0.914 -0.2777 -0.2958
vn -0.07562 -0.8357 -0.544
vn 0.4048 0.7531 -0.5185
vn 0.2357 0.9595 0.1543
vn -0.2582 0.964 -0.06302
vn -0.2664 0.826 -0.4967
vn -0.7136 0.6449 -0.2734
vn -0.5515 0.6478 -0.5255
vn -0.7368 0.254 -0.6265
vn -0.6619 0.4221 -0.6194
vn -0.7371 0.2288 -0.6358
vn -0.7725 0.2597 -0.5795
vn -0.5141 0.449 -0.7308
vn -0.7031 0.4963 -0.5092
vn -0.7424 0.1709 -0.6478
vn -0.5408 0.4713 -0.6966
vn -0.7339 -0.02097 -0.6789
vn -0.259 0.2185 -0.9408
vn 0.3687 0.7445 0.5565
vn 0.7116 0.6272 0.3164
vn 0.8907 0.2897 0.3503
vn 0.4122 0.2696 0.8703
vn 0.8319 0.1461 -0.5353
vn 0.959 -0.1314 -0.2509
vn 0.848 0.2217 0.4812
vn 0.2917 0.3775 0.8788
vn 0.4874 0.8242 0.2883
vn 0.4287 0.812 0.396
vn 0.1228 -0.09445 -0.9879
vn -0.5014 -0.215 -0.838
vn -0.2853 -0.388 -0.8764
vn 0.4632 -0.3853 -0.7981
vn 0.8024 0.2557 0.5392
vn 0.1943 0.5729 0.7963
vn 0.9562 -0.2927 0.00412
vn 0.9326 -0.3195 0.1675
vn 0.7946 0.2751 0.5412
vn 0.1939 0.702 0.6852
vn 0.5996 -0.6436 -0.4756
vn -0.1419 -0.5947 -0.7913
vn -0.1199 -0.7276 -0.6754
vn 0.6071 -0.7511 -0.2593
vn 0.7907 0.303 0.5319
vn 0.2234 0.7917 0.5686
vn 0.9098 -0.2894 0.2973
vn 0.8321 -0.2966 0.4685
vn 0.7904 0.2988 0.5348
vn 0.2567 0.8993 0.354
vn 0.5962 -0.798 -0.08768
vn -0.1617 -0.7838 -0.5996
vn -0.2218 -0.8358 -0.5022
vn 0.5067 -0.8432 0.1794
vn 0.7649 0.2376 0.5987
vn 0.3515 0.9341 0.06143
vn 0.6503 -0.325 0.6866
vn 0.406 -0.3067 0.8608
vn 0.6641 0.1696 0.7281
vn 0.5207 0.8423 -0.139
vn 0.2629 -0.8289 0.4938
vn -0.3182 -0.886 -0.3371
vn -0.4633 -0.8705 -0.1656
vn -0.02075 -0.7423 0.6698
vn 0.553 0.1433 0.8207
vn 0.6563 0.738 -0.1571
vn 0.2477 -0.2614 0.9329
vn 0.2059 -0.2523 0.9455
vn 0.8141 0.3318 0.4766
vn 0.7194 0.6836 -0.1228
vn -0.1675 -0.6648 0.728
vn -0.5643 -0.8135 -0.1408
vn -0.5798 -0.8056 -0.122
vn -0.1884 -0.8341 0.5184
vn -0.34 -0.4062 -0.8481
vn 0.7634 -0.5628 -0.3171
vn -0.1132 0.176 -0.9778
vn 0.3713 0.4608 -0.8061
vn -0.5142 -0.2349 -0.8248
vn -0.4603 -0.2764 -0.8436
vn -0.3849 0.2878 -0.8769
vn -0.1985 0.2137 -0.9565
vn -0.1339 0.6734 -0.727
vn 0.04209 0.484 -0.874
vn -0.6674 -0.2364 -0.7062
vn -0.6034 -0.2144 -0.7681
vn -0.7597 0.4204 -0.4961
vn -0.5951 0.3717 -0.7125
vn -0.4002 0.9161 -0.02365
vn -0.3033 0.8588 -0.4128
vn -0.7146 -0.2583 -0.6501
vn -0.6955 -0.2624 -0.6688
vn -0.9087 0.4036 -0.1062
vn -0.861 0.4223 -0.2835
vn -0.4189 0.7624 0.4931
vn -0.4273 0.8563 0.29
vn -0.8343 -0.2074 -0.5107
vn -0.7617 -0.2185 -0.6099
vn -0.9311 0.1512 0.3318
vn -0.9408 0.3247 0.09687
vn -0.3038 0.3796 0.8738
vn -0.3997 0.6116 0.6827
vn -0.9348 -0.1015 -0.3403
vn -0.9021 -0.1963 -0.3842
vn -0.6285 -0.2727 0.7284
vn -0.8467 0.01917 0.5316
vn 0.01907 -0.05371 0.9984
vn -0.1342 0.2026 0.97
vn -0.7379 0.4986 -0.4548
vn -0.6868 0.4921 -0.5349
vn -0.8632 0.1253 -0.489
vn -0.8484 0.1028 -0.5192
vn 0.2101 0.1558 -0.9652
vn 0.1567 -0.04767 -0.9865
vn 0.6391 0.47 0.6087
vn 0.4893 -0.8569 0.1621
vn 0.9445 -0.2879 -0.1581
vn 0.5877 0.2008 -0.7838
vn 0.2696 0.02567 -0.9626
vn 0.2421 0.06708 -0.9679
vn 0.9755 -0.1256 -0.1807
vn 0.8915 -0.3945 -0.2227
vn 0.7192 -0.1975 -0.6661
vn 0.798 0.1902 -0.5718
vn -0.03531 0.2611 -0.9647
vn -0.04251 0.5685 -0.8216
vn -0.6111 0.4715 -0.6357
vn -0.5838 0.5733 -0.5749
vn -0.5061 0.7602 -0.4072
vn -0.2071 0.6413 -0.7388
vn -0.1356 0.714 -0.6868
vn -0.2877 0.9269 -0.241
vn -0.05512 0.9808 -0.187
vn 0.1043 0.794 -0.5988
vn 0.4553 -0.5081 -0.7311
vn -0.2977 0.03769 -0.9539
vn 0.3644 -0.2824 -0.8874
vn -0.471 0.1025 -0.8761
vn -0.8198 0.1614 -0.5493
vn -0.687 0.3728 -0.6237
vn -0.3036 0.3577 0.8831
vn 0.8149 -0.5535 -0.1721
vn 0.7234 -0.6341 -0.273
vn 0.3664 0.3012 -0.8803
vn 0.348 0.1303 -0.9284
vn -0.4896 0.0112 -0.8718
vn 0.2885 0.1286 -0.9488
vn -0.4361 -0.246 -0.8656
vn -0.7744 -0.363 -0.5181
vn -0.8543 -0.1373 -0.5012
vn -0.5094 -0.8371 0.1992
vn -0.1341 -0.9564 0.2596
vn -0.1521 -0.3525 0.9233
vn 0.9257 -0.03183 0.3768
vn -0.268 0.841 -0.47
vn 0.05847 0.8081 -0.586
vn -0.2817 0.9546 -0.09711
vn -0.3877 0.9178 -0.08524
vn 0.3138 0.7369 -0.5987
vn -0.2189 0.9495 -0.2246
vn -0.7215 0.542 0.4308
vn -0.6026 0.4679 0.6465
vn -0.4739 0.8095 -0.3465
vn -0.5058 0.8005 -0.3213
vn -0.4297 -0.3441 0.8348
vn -0.6454 -0.2644 0.7166
vn -0.3038 -0.7356 0.6054
vn -0.1614 -0.7699 0.6174
vn 0.5319 0.6961 -0.4821
vn -0.1596 0.9302 -0.3304
vn 0.6294 0.7021 -0.333
vn -0.09458 0.9271 -0.3626
vn -0.8299 0.5538 -0.06751
vn -0.8237 0.5459 0.1531
vn -0.8453 -0.2363 0.4792
vn -0.9396 -0.2277 0.2555
vn -0.5667 -0.7529 0.3347
vn -0.4876 -0.7281 0.4817
vn 0.6398 0.7342 -0.2273
vn -0.07035 0.9239 -0.3759
vn 0.6302 0.7696 -0.1024
vn -0.06131 0.9066 -0.4175
vn -0.6759 0.582 -0.4521
vn -0.7806 0.5755 -0.2437
vn -0.9808 -0.1917 0.03461
vn -0.9528 -0.1219 -0.2779
vn -0.6286 -0.7754 -0.06003
vn -0.6019 -0.7771 0.1836
vn 0.5834 0.8076 0.08585
vn -0.02603 0.8715 -0.4897
vn 0.4539 0.8501 0.267
vn 0.05521 0.8329 -0.5506
vn -0.2689 0.5082 -0.8181
vn -0.496 0.565 -0.6594
vn -0.777 -0.01804 -0.6292
vn -0.4651 0.06589 -0.8828
vn -0.3375 -0.7613 -0.5536
vn -0.5488 -0.7532 -0.3625
vn 0.3439 0.8925 0.2916
vn 0.1245 0.8168 -0.5633
vn 0.3239 0.8939 0.3098
vn 0.2954 0.7865 -0.5423
vn 0.001129 0.3883 -0.9215
vn -0.08267 0.4288 -0.8996
vn -0.1752 0.08069 -0.9812
vn 0.02094 -0.2054 -0.9784
vn -0.09864 -0.8473 -0.5218
vn -0.1708 -0.8104 -0.5604
vn 0.4429 0.3527 0.8242
vn 0.9504 -0.2152 -0.2246
vn 0.1161 -0.4132 0.9032
vn 0.1039 -0.9851 0.1371
vn 0.03433 -0.8194 0.5721
vn 0.1008 -0.8846 0.4552
vn 0.1519 -0.4368 0.8866
vn 0.2987 -0.5123 0.8051
vn 0.2745 0.1666 0.9471
vn 0.4372 0.1107 0.8925
vn 0.1358 -0.9462 0.2936
vn 0.1195 -0.9696 0.2133
vn 0.4943 -0.6257 0.6035
vn 0.6236 -0.6923 0.3631
vn 0.7113 -0.001923 0.7028
vn 0.9265 -0.06211 0.371
vn 0.1205 -0.9689 0.2161
vn 0.1476 -0.9593 0.2408
vn 0.6991 -0.6876 0.196
vn 0.7635 -0.6397 0.08826
vn 0.9942 -0.04971 0.09488
vn 0.9964 -0.01486 -0.08344
vn 0.169 -0.9548 0.2445
vn 0.2195 -0.9569 0.1902
vn 0.7895 -0.6091 -0.07477
vn 0.709 -0.5997 -0.371
vn 0.9474 0.01999 -0.3193
vn 0.7282 0.1186 -0.6749
vn 0.1947 -0.98 0.04126
vn -0.2216 -0.9745 -0.03549
vn 0.4618 -0.5338 -0.7083
vn -0.3247 -0.4647 -0.8238
vn 0.3472 0.3095 -0.8853
vn -0.138 0.4435 -0.8856
vn -0.5715 -0.8119 0.1188
vn -0.4677 -0.8839 0.006806
vn -0.7926 -0.585 -0.1717
vn -0.358 -0.9263 0.1177
vn -0.08634 -0.9926 0.08554
vn -0.02304 -0.9791 -0.2018
vn -0.5119 0.6861 -0.5169
vn -0.6013 0.5455 -0.5838
vn -0.5567 0.4573 -0.6934
vn -0.4434 0.7399 -0.5059
vn -0.729 0.345 -0.5911
vn -0.7309 0.05448 -0.6803
vn -0.9414 -0.09812 -0.3226
vn -0.8622 0.3874 -0.3263
vn -0.9301 0.367 0.01697
vn -0.9984 -0.05399 0.01727
vn -0.9951 -0.0979 0.01251
vn -0.9031 -0.4293 -0.01273
vn -0.1813 -0.9293 -0.3218
vn -0.1191 -0.9381 -0.3251
vn 0.2013 -0.9634 -0.1769
vn -0.2841 -0.9533 0.1025
vn 0.5072 -0.7122 -0.4852
vn 0.6069 -0.7709 -0.1933
vn 0.7874 -0.5388 -0.2995
vn 0.6503 -0.7562 -0.07303
vn 0.8399 -0.4819 -0.2495
vn 0.7029 -0.711 -0.02097
vn 0.7615 -0.6263 -0.1668
vn 0.8472 -0.4977 -0.1856
vn 0.8644 -0.4743 -0.1668
vn 0.7668 -0.5805 -0.274
vn 0.8747 -0.4247 -0.2334
vn 0.768 -0.5744 -0.283
vn 0.8905 -0.3914 -0.2318
vn 0.939 -0.255 -0.2308
vn 0.9049 -0.2144 -0.3676
vn 0.9778 0.06995 -0.1973
vn 0.5197 0.7185 -0.4622
vn -0.1047 -0.9304 -0.3512
vn 0.7672 -0.545 -0.3381
vn -0.06766 -0.7979 -0.5989
vn 0.7283 -0.4295 -0.534
vn 0.8714 -0.2207 -0.438
vn 0.897 -0.3495 -0.2707
vn 0.8898 0.4502 -0.07447
vn 0.758 0.6506 0.04535
vn -0.3571 0.8565 0.3726
vn 0.01828 0.9979 0.06128
vn 0.4952 0.2256 -0.839
vn 0.7643 0.01035 -0.6447
vn 0.6017 -0.233 -0.7639
vn 0.2015 0.1302 -0.9708
vn -0.176 -0.4722 -0.8637
vn -0.2125 -0.09302 -0.9727
vn -0.4755 0.6906 0.5449
vn -0.3973 0.7064 0.5857
vn 0.5842 0.8113 0.02097
vn 0.09336 0.961 -0.2603
vn -0.5152 0.7024 -0.491
vn -0.6924 0.568 0.4449
vn -0.8865 0.2473 -0.3909
vn -0.8452 0.3715 0.384
vn -0.8521 0.2745 0.4455
vn -0.6431 0.5112 0.5701
vn -0.8763 0.3359 0.3453
vn -0.6812 0.6285 0.3754
vn -0.9763 -0.1867 -0.1097
vn -0.9615 -0.2712 0.04279
vn -0.6775 0.7201 0.1494
vn -0.6246 0.7734 -0.1082
vn -0.8926 0.4095 0.1886
vn -0.9872 -0.1375 0.08017
vn 0.8443 -0.4103 -0.3447
vn 0.8085 -0.2361 -0.539
vn 0.3748 0.3613 -0.8538
vn -0.5445 0.6946 -0.4701
vn -0.4653 0.7051 -0.5351
vn -0.5001 0.7623 -0.4107
vn -0.7182 0.4971 -0.4869
vn -0.8117 0.1684 -0.5593
vn 0.8423 -0.4388 -0.3129
vn 0.2825 -0.4677 -0.8375
vn -0.0553 -0.7353 -0.6755
vn -0.5703 -0.7344 -0.3679
vn -0.4156 -0.8063 -0.4208
vn -0.7456 -0.5609 -0.3597
vn -0.6142 -0.5586 -0.5574
vn -0.921 0.006226 -0.3895
vn -0.9044 -0.3344 -0.2651
vn -0.6983 0.4832 -0.5281
vn -0.8088 0.2954 -0.5085
vn -0.6194 0.6593 -0.4262
vn -0.4719 0.8605 -0.1917
vn 0.3263 0.9452 0.01117
vn 0.1931 0.9635 -0.1855
vn 0.08612 0.9961 0.01791
vn -0.2042 0.9779 0.04395
vn 0.4736 0.8769 -0.08136
vn -0.1834 0.6485 0.7388
vn 0.05374 0.7617 0.6456
vn -0.6114 0.1162 0.7827
vn -0.4062 0.4289 0.8068
vn -0.7381 -0.1963 0.6455
vn -0.7652 -0.4481 0.4623
vn -0.6954 -0.6599 0.2843
vn -0.5379 -0.8339 0.1235
vn -0.3254 -0.9455 -0.01172
vn -0.01215 -0.9877 -0.156
vn 0.415 -0.859 -0.2996
f 1/1/1 2/2/2 3/3/3
f 1/1/1 3/3/3 4/4/4
f 2/2/2 5/5/5 6/6/6
f 2/2/2 6/6/6 3/3/3
f 3/3/3 6/6/6 7/7/7
f 3/3/3 7/7/7 8/8/8
f 4/4/4 3/3/3 8/8/8
f 4/4/4 8/8/8 9/9/9
f 10/10/10 11/11/11 12/12/12
f 10/10/10 12/12/12 13/13/13
f 11/11/11 1/1/1 4/4/4
f 11/11/11 4/4/4 12/12/12
f 12/12/12 4/4/4 9/9/9
f 12/12/12 9/9/9 14/14/14
f 13/13/13 12/12/12 14/14/14
f 13/13/13 14/14/14 15/15/15
f 9/9/9 16/16/16 17/17/17
f 9/9/9 17/17/17 14/14/14
f 16/16/16 18/18/18 19/19/19
f 16/16/16 19/19/19 17/17/17
f 17/17/17 19/19/19 20/20/20
f 17/17/17 20/20/20 21/21/21
f 14/14/14 17/17/17 21/21/21
f 14/14/14 21/21/21 15/15/15
f 7/7/7 22/22/22 23/23/23
f 7/7/7 23/23/23 8/8/8
f 22/22/22 24/24/24 25/25/25
f 22/22/22 25/25/25 23/23/23
f 23/23/23 25/25/25 18/18/18
f 23/23/23 18/18/18 16/16/16
f 8/8/8 23/23/23 16/16/16
f 8/8/8 16/16/16 9/9/9
f 26/26/26 27/27/27 28/28/28
f 26/26/26 28/28/28 29/29/29
f 27/27/27 30/30/30 31/31/31
f 27/27/27 31/31/31 28/28/28
f 28/28/28 31/31/31 24/24/24
f 28/28/28 24/24/24 22/22/22
f 29/29/29 28/28/28 22/22/22
f 29/29/29 22/22/22 7/7/7
f 32/32/32 33/33/33 34/34/34
f 32/32/32 34/34/34 35/35/35
f 33/33/33 36/36/36 37/37/37
f 33/33/33 37/37/37 34/34/34
f 34/34/34 37/37/37 30/30/30
f 34/34/34 30/30/30 27/27/27
f 35/35/35 34/34/34 27/27/27
f 35/35/35 27/27/27 26/26/26
f 32/32/32 35/35/35 38/38/38
f 32/32/32 38/38/38 39/39/39
f 35/35/35 26/26/26 40/40/40
f 35/35/35 40/40/40 38/38/38
f 38/38/38 40/40/40 41/41/41
f 38/38/38 41/41/41 42/42/42
f 39/39/39 38/38/38 42/42/42
f 39/39/39 42/42/42 43/43/43
f 26/26/26 29/29/29 44/44/44
f 26/26/26 44/44/44 40/40/40
f 29/29/29 7/7/7 6/6/6
f 29/29/29 6/6/6 44/44/44
f 44/44/44 6/6/6 5/5/5
f 44/44/44 5/5/5 45/45/45
f 40/40/40 44/44/44 45/45/45
f 40/40/40 45/45/45 41/41/41
f 43/43/43 42/42/42 46/46/46
f 43/43/43 46/46/46 47/47/47
f 42/42/42 41/41/41 48/48/48
f 42/42/42 48/48/48 46/46/46
f 46/46/46 48/48/48 49/49/49
f 46/46/46 49/49/49 50/50/50
f 47/47/47 46/46/46 50/50/50
f 47/47/47 50/50/50 51/51/51
f 41/41/41 45/45/45 52/52/52
f 41/41/41 52/52/52 48/48/48
f 45/45/45 5/5/5 53/53/53
f 45/45/45 53/53/53 52/52/52
f 52/52/52 53/53/53 54/54/54
f 52/52/52 54/54/54 55/55/55
f 48/48/48 52/52/52 55/55/55
f 48/48/48 55/55/55 49/49/49
f 51/51/51 50/50/50 56/56/56
f 51/51/51 56/56/56 57/57/57
f 50/50/50 49/49/49 58/58/58
f 50/50/50 58/58/58 56/56/56
f 56/56/56 58/58/58 59/59/59
f 56/56/56 59/59/59 60/60/60
f 57/57/57 56/56/56 60/60/60
f 57/57/57 60/60/60 61/61/61
f 49/49/49 55/55/55 62/62/62
f 49/49/49 62/62/62 58/58/58
f 55/55/55 54/54/54 63/63/63
f 55/55/55 63/63/63 62/62/62
f 62/62/62 63/63/63 64/64/64
f 62/62/62 64/64/64 65/65/65
f 58/58/58 62/62/62 65/65/65
f 58/58/58 65/65/65 59/59/59
f 66/66/66 67/67/67 68/68/68
f 66/66/66 68/68/68 69/69/69
f 67/67/67 54/54/54 53/53/53
f 67/67/67 53/53/53 68/68/68
f 68/68/68 53/53/53 5/5/5
f 68/68/68 5/5/5 2/2/2
f 69/69/69 68/68/68 2/2/2
f 69/69/69 2/2/2 1/1/1
f 70/70/70 71/71/71 72/72/72
f 70/70/70 72/72/72 73/73/73
f 71/71/71 64/64/64 63/63/63
f 71/71/71 63/63/63 72/72/72
f 72/72/72 63/63/63 54/54/54
f 72/72/72 54/54/54 67/67/67
f 73/73/73 72/72/72 67/67/67
f 73/73/73 67/67/67 66/66/66
f 74/74/74 75/75/75 76/76/76
f 74/74/74 76/76/76 77/77/77
f 75/75/75 66/66/66 69/69/69
f 75/75/75 69/69/69 76/76/76
f 76/76/76 69/69/69 1/1/1
f 76/76/76 1/1/1 11/11/11
f 77/77/77 76/76/76 11/11/11
f 77/77/77 11/11/11 10/10/10
f 78/78/78 79/79/79 80/80/80
f 78/78/78 80/80/80 81/81/81
f 79/79/79 70/70/70 73/73/73
f 79/79/79 73/73/73 80/80/80
f 80/80/80 73/73/73 66/66/66
f 80/80/80 66/66/66 75/75/75
f 81/81/81 80/80/80 75/75/75
f 81/81/81 75/75/75 74/74/74
f 74/74/74 77/77/77 82/82/82
f 74/74/74 82/82/82 83/83/83
f 77/77/77 10/10/10 84/84/84
f 77/77/77 84/84/84 82/82/82
f 82/82/82 84/84/84 85/85/85
f 82/82/82 85/85/85 86/86/86
f 83/83/83 82/82/82 86/86/86
f 83/83/83 86/86/86 87/87/87
f 78/78/78 81/81/81 88/88/88
f 78/78/78 88/88/88 89/89/89
f 81/81/81 74/74/74 83/83/83
f 81/81/81 83/83/83 88/88/88
f 88/88/88 83/83/83 87/87/87
f 88/88/88 87/87/87 90/90/90
f 89/89/89 88/88/88 90/90/90
f 89/89/89 90/90/90 91/91/91
f 87/87/87 86/86/86 92/92/92
f 87/87/87 92/92/92 93/93/93
f 86/86/86 85/85/85 94/94/94
f 86/86/86 94/94/94 92/92/92
f 92/92/92 94/94/94 95/95/95
f 92/92/92 95/95/95 96/96/96
f 93/93/93 92/92/92 96/96/96
f 93/93/93 96/96/96 97/97/97
f 91/91/91 90/90/90 98/98/98
f 91/91/91 98/98/98 99/99/99
f 90/90/90 87/87/87 93/93/93
f 90/90/90 93/93/93 98/98/98
f 98/98/98 93/93/93 97/97/97
f 98/98/98 97/97/97 100/100/100
f 99/99/99 98/98/98 100/100/100
f 99/99/99 100/100/100 101/101/101
f 102/102/102 103/103/103 104/104/104
f 102/102/102 104/104/104 105/105/105
f 103/103/103 106/106/106 107/107/107
f 103/103/103 107/107/107 104/104/104
f 104/104/104 107/107/107 97/97/97
f 104/104/104 97/97/97 96/96/96
f 105/105/105 104/104/104 96/96/96
f 105/105/105 96/96/96 95/95/95
f 106/106/106 108/108/108 109/109/109
f 106/106/106 109/109/109 107/107/107
f 108/108/108 110/110/110 111/111/111
f 108/108/108 111/111/111 109/109/109
f 109/109/109 111/111/111 101/101/101
f 109/109/109 101/101/101 100/100/100
f 107/107/107 109/109/109 100/100/100
f 107/107/107 100/100/100 97/97/97
f 112/112/112 113/113/113 114/114/114
f 112/112/112 114/114/114 115/115/115
f 113/113/113 116/116/116 117/117/117
f 113/113/113 117/117/117 114/114/114
f 114/114/114 117/117/117 110/110/110
f 114/114/114 110/110/110 108/108/108
f 115/115/115 114/114/114 108/108/108
f 115/115/115 108/108/108 106/106/106
f 118/118/118 119/119/119 120/120/120
f 118/118/118 120/120/120 121/121/121
f 119/119/119 112/112/112 115/115/115
f 119/119/119 115/115/115 120/120/120
f 120/120/120 115/115/115 106/106/106
f 120/120/120 106/106/106 103/103/103
f 121/121/121 120/120/120 103/103/103
f 121/121/121 103/103/103 102/102/102
f 122/122/122 123/123/123 124/124/124
f 122/122/122 124/124/124 125/125/125
f 123/123/123 126/126/126 127/127/127
f 123/123/123 127/127/127 124/124/124
f 124/124/124 127/127/127 116/116/116
f 124/124/124 116/116/116 113/113/113
f 125/125/125 124/124/124 113/113/113
f 125/125/125 113/113/113 112/112/112
f 128/128/128 129/129/129 130/130/130
f 128/128/128 130/130/130 131/131/131
f 129/129/129 122/122/122 125/125/125
f 129/129/129 125/125/125 130/130/130
f 130/130/130 125/125/125 112/112/112
f 130/130/130 112/112/112 119/119/119
f 131/131/131 130/130/130 119/119/119
f 131/131/131 119/119/119 118/118/118
f 122/122/122 132/132/132 133/133/133
f 122/122/122 133/133/133 123/123/123
f 132/132/132 51/51/51 57/57/57
f 132/132/132 57/57/57 133/133/133
f 133/133/133 57/57/57 61/61/61
f 133/133/133 61/61/61 134/134/134
f 123/123/123 133/133/133 134/134/134
f 123/123/123 134/134/134 126/126/126
f 128/128/128 135/135/135 136/136/136
f 128/128/128 136/136/136 129/129/129
f 135/135/135 43/43/43 47/47/47
f 135/135/135 47/47/47 136/136/136
f 136/136/136 47/47/47 51/51/51
f 136/136/136 51/51/51 132/132/132
f 129/129/129 136/136/136 132/132/132
f 129/129/129 132/132/132 122/122/122
f 137/137/137 138/138/138 139/139/139
f 137/137/137 139/139/139 140/140/140
f 138/138/138 128/128/128 131/131/131
f 138/138/138 131/131/131 139/139/139
f 139/139/139 131/131/131 118/118/118
f 139/139/139 118/118/118 141/141/141
f 140/140/140 139/139/139 141/141/141
f 140/140/140 141/141/141 142/142/142
f 137/137/137 143/143/143 144/144/144
f 137/137/137 144/144/144 138/138/138
f 143/143/143 32/32/32 39/39/39
f 143/143/143 39/39/39 144/144/144
f 144/144/144 39/39/39 43/43/43
f 144/144/144 43/43/43 135/135/135
f 138/138/138 144/144/144 135/135/135
f 138/138/138 135/135/135 128/128/128
f 137/137/137 145/145/145 146/146/146
f 137/137/137 146/146/146 143/143/143
f 145/145/145 147/147/147 148/148/148
f 145/145/145 148/148/148 146/146/146
f 146/146/146 148/148/148 36/36/36
f 146/146/146 36/36/36 33/33/33
f 143/143/143 146/146/146 33/33/33
f 143/143/143 33/33/33 32/32/32
f 142/142/142 149/149/149 150/150/150
f 142/142/142 150/150/150 140/140/140
f 149/149/149 151/151/151 152/152/152
f 149/149/149 152/152/152 150/150/150
f 150/150/150 152/152/152 147/147/147
f 150/150/150 147/147/147 145/145/145
f 140/140/140 150/150/150 145/145/145
f 140/140/140 145/145/145 137/137/137
f 153/153/153 154/154/154 155/155/155
f 153/153/153 155/155/155 156/156/156
f 154/154/154 157/157/157 158/158/158
f 154/154/154 158/158/158 155/155/155
f 155/155/155 158/158/158 151/151/151
f 155/155/155 151/151/151 149/149/149
f 156/156/156 155/155/155 149/149/149
f 156/156/156 149/149/149 142/142/142
f 159/159/159 160/160/160 161/161/161
f 159/159/159 161/161/161 162/162/162
f 160/160/160 163/163/163 164/164/164
f 160/160/160 164/164/164 161/161/161
f 161/161/161 164/164/164 157/157/157
f 161/161/161 157/157/157 154/154/154
f 162/162/162 161/161/161 154/154/154
f 162/162/162 154/154/154 153/153/153
f 142/142/142 141/141/141 165/165/165
f 142/142/142 165/165/165 156/156/156
f 141/141/141 118/118/118 121/121/121
f 141/141/141 121/121/121 165/165/165
f 165/165/165 121/121/121 102/102/102
f 165/165/165 102/102/102 166/166/166
f 156/156/156 165/165/165 166/166/166
f 156/156/156 166/166/166 153/153/153
f 153/153/153 166/166/166 167/167/167
f 153/153/153 167/167/167 162/162/162
f 166/166/166 102/102/102 105/105/105
f 166/166/166 105/105/105 167/167/167
f 167/167/167 105/105/105 95/95/95
f 167/167/167 95/95/95 168/168/168
f 162/162/162 167/167/167 168/168/168
f 162/162/162 168/168/168 159/159/159
f 85/85/85 169/169/169 170/170/170
f 85/85/85 170/170/170 94/94/94
f 169/169/169 171/171/171 172/172/172
f 169/169/169 172/172/172 170/170/170
f 170/170/170 172/172/172 159/159/159
f 170/170/170 159/159/159 168/168/168
f 94/94/94 170/170/170 168/168/168
f 94/94/94 168/168/168 95/95/95
f 171/171/171 173/173/173 174/174/174
f 171/171/171 174/174/174 172/172/172
f 173/173/173 175/175/175 176/176/176
f 173/173/173 176/176/176 174/174/174
f 174/174/174 176/176/176 163/163/163
f 174/174/174 163/163/163 160/160/160
f 172/172/172 174/174/174 160/160/160
f 172/172/172 160/160/160 159/159/159
f 10/10/10 13/13/13 177/177/177
f 10/10/10 177/177/177 84/84/84
f 13/13/13 15/15/15 178/178/178
f 13/13/13 178/178/178 177/177/177
f 177/177/177 178/178/178 171/171/171
f 177/177/177 171/171/171 169/169/169
f 84/84/84 177/177/177 169/169/169
f 84/84/84 169/169/169 85/85/85
f 15/15/15 21/21/21 179/179/179
f 15/15/15 179/179/179 178/178/178
f 21/21/21 20/20/20 180/180/180
f 21/21/21 180/180/180 179/179/179
f 179/179/179 180/180/180 175/175/175
f 179/179/179 175/175/175 173/173/173
f 178/178/178 179/179/179 173/173/173
f 178/178/178 173/173/173 171/171/171
f 126/126/126 181/181/181 182/182/182
f 126/126/126 182/182/182 127/127/127
f 181/181/181 183/183/183 184/184/184
f 181/181/181 184/184/184 182/182/182
f 182/182/182 184/184/184 185/185/185
f 182/182/182 185/185/185 186/186/186
f 127/127/127 182/182/182 186/186/186
f 127/127/127 186/186/186 116/116/116
f 126/126/126 134/134/134 187/187/187
f 126/126/126 187/187/187 181/181/181
f 134/134/134 61/61/61 188/188/188
f 134/134/134 188/188/188 187/187/187
f 187/187/187 188/188/188 189/189/189
f 187/187/187 189/189/189 190/190/190
f 181/181/181 187/187/187 190/190/190
f 181/181/181 190/190/190 183/183/183
f 183/183/183 191/191/191 192/192/192
f 183/183/183 192/192/192 184/184/184
f 191/191/191 193/193/193 194/194/194
f 191/191/191 194/194/194 192/192/192
f 192/192/192 194/194/194 195/195/195
f 192/192/192 195/195/195 196/196/196
f 184/184/184 192/192/192 196/196/196
f 184/184/184 196/196/196 185/185/185
f 183/183/183 190/190/190 197/197/197
f 183/183/183 197/197/197 191/191/191
f 190/190/190 189/189/189 198/198/198
f 190/190/190 198/198/198 197/197/197
f 197/197/197 198/198/198 199/199/199
f 197/197/197 199/199/199 200/200/200
f 191/191/191 197/197/197 200/200/200
f 191/191/191 200/200/200 193/193/193
f 193/193/193 201/201/201 202/202/202
f 193/193/193 202/202/202 194/194/194
f 201/201/201 203/203/203 204/204/204
f 201/201/201 204/204/204 202/202/202
f 202/202/202 204/204/204 205/205/205
f 202/202/202 205/205/205 206/206/206
f 194/194/194 202/202/202 206/206/206
f 194/194/194 206/206/206 195/195/195
f 193/193/193 200/200/200 207/207/207
f 193/193/193 207/207/207 201/201/201
f 200/200/200 199/199/199 208/208/208
f 200/200/200 208/208/208 207/207/207
f 207/207/207 208/208/208 209/209/209
f 207/207/207 209/209/209 210/210/210
f 201/201/201 207/207/207 210/210/210
f 201/201/201 210/210/210 203/203/203
f 199/199/199 211/211/211 212/212/212
f 199/199/199 212/212/212 208/208/208
f 211/211/211 213/213/213 214/214/214
f 211/211/211 214/214/214 212/212/212
f 212/212/212 214/214/214 215/215/215
f 212/212/212 215/215/215 216/216/216
f 208/208/208 212/212/212 216/216/216
f 208/208/208 216/216/216 209/209/209
f 189/189/189 217/217/217 218/218/218
f 189/189/189 218/218/218 198/198/198
f 217/217/217 219/219/219 220/220/220
f 217/217/217 220/220/220 218/218/218
f 218/218/218 220/220/220 213/213/213
f 218/218/218 213/213/213 211/211/211
f 198/198/198 218/218/218 211/211/211
f 198/198/198 211/211/211 199/199/199
f 213/213/213 221/221/221 222/222/222
f 213/213/213 222/222/222 214/214/214
f 221/221/221 223/223/223 224/224/224
f 221/221/221 224/224/224 222/222/222
f 222/222/222 224/224/224 225/225/225
f 222/222/222 225/225/225 226/226/226
f 214/214/214 222/222/222 226/226/226
f 214/214/214 226/226/226 215/215/215
f 219/219/219 227/227/227 228/228/228
f 219/219/219 228/228/228 220/220/220
f 227/227/227 229/229/229 230/230/230
f 227/227/227 230/230/230 228/228/228
f 228/228/228 230/230/230 223/223/223
f 228/228/228 223/223/223 221/221/221
f 220/220/220 228/228/228 221/221/221
f 220/220/220 221/221/221 213/213/213
f 231/231/231 232/232/232 233/233/233
f 231/231/231 233/233/233 234/234/234
f 232/232/232 223/223/223 230/230/230
f 232/232/232 230/230/230 233/233/233
f 233/233/233 230/230/230 229/229/229
f 233/233/233 229/229/229 235/235/235
f 234/234/234 233/233/233 235/235/235
f 234/234/234 235/235/235 236/236/236
f 237/237/237 238/238/238 239/239/239
f 237/237/237 239/239/239 240/240/240
f 238/238/238 225/225/225 224/224/224
f 238/238/238 224/224/224 239/239/239
f 239/239/239 224/224/224 223/223/223
f 239/239/239 223/223/223 232/232/232
f 240/240/240 239/239/239 232/232/232
f 240/240/240 232/232/232 231/231/231
f 241/241/241 242/242/242 243/243/243
f 241/241/241 243/243/243 244/244/244
f 242/242/242 231/231/231 234/234/234
f 242/242/242 234/234/234 243/243/243
f 243/243/243 234/234/234 236/236/236
f 243/243/243 236/236/236 245/245/245
f 244/244/244 243/243/243 245/245/245
f 244/244/244 245/245/245 246/246/246
f 247/247/247 248/248/248 249/249/249
f 247/247/247 249/249/249 250/250/250
f 248/248/248 237/237/237 240/240/240
f 248/248/248 240/240/240 249/249/249
f 249/249/249 240/240/240 231/231/231
f 249/249/249 231/231/231 242/242/242
f 250/250/250 249/249/249 242/242/242
f 250/250/250 242/242/242 241/241/241
f 241/241/241 244/244/244 251/251/251
f 241/241/241 251/251/251 252/252/252
f 244/244/244 246/246/246 253/253/253
f 244/244/244 253/253/253 251/251/251
f 251/251/251 253/253/253 254/254/254
f 251/251/251 254/254/254 255/255/255
f 252/252/252 251/251/251 255/255/255
f 252/252/252 255/255/255 256/256/256
f 247/247/247 250/250/250 257/257/257
f 247/247/247 257/257/257 258/258/258
f 250/250/250 241/241/241 252/252/252
f 250/250/250 252/252/252 257/257/257
f 257/257/257 252/252/252 256/256/256
f 257/257/257 256/256/256 259/259/259
f 258/258/258 257/257/257 259/259/259
f 258/258/258 259/259/259 260/260/260
f 256/256/256 255/255/255 261/261/261
f 256/256/256 261/261/261 262/262/262
f 255/255/255 254/254/254 263/263/263
f 255/255/255 263/263/263 261/261/261
f 261/261/261 263/263/263 264/264/264
f 261/261/261 264/264/264 265/265/265
f 262/262/262 261/261/261 265/265/265
f 262/262/262 265/265/265 266/266/266
f 260/260/260 259/259/259 267/267/267
f 260/260/260 267/267/267 268/268/268
f 259/259/259 256/256/256 262/262/262
f 259/259/259 262/262/262 267/267/267
f 267/267/267 262/262/262 266/266/266
f 267/267/267 266/266/266 269/269/269
f 268/268/268 267/267/267 269/269/269
f 268/268/268 269/269/269 270/270/270
f 271/271/271 272/272/272 273/273/273
f 271/271/271 273/273/273 274/274/274
f 272/272/272 275/275/275 276/276/276
f 272/272/272 276/276/276 273/273/273
f 273/273/273 276/276/276 266/266/266
f 273/273/273 266/266/266 265/265/265
f 274/274/274 273/273/273 265/265/265
f 274/274/274 265/265/265 264/264/264
f 275/275/275 277/277/277 278/278/278
f 275/275/275 278/278/278 276/276/276
f 277/277/277 279/279/279 280/280/280
f 277/277/277 280/280/280 278/278/278
f 278/278/278 280/280/280 270/270/270
f 278/278/278 270/270/270 269/269/269
f 276/276/276 278/278/278 269/269/269
f 276/276/276 269/269/269 266/266/266
f 195/195/195 206/206/206 281/281/281
f 195/195/195 281/281/281 282/282/282
f 206/206/206 205/205/205 283/283/283
f 206/206/206 283/283/283 281/281/281
f 281/281/281 283/283/283 279/279/279
f 281/281/281 279/279/279 277/277/277
f 282/282/282 281/281/281 277/277/277
f 282/282/282 277/277/277 275/275/275
f 185/185/185 196/196/196 284/284/284
f 185/185/185 284/284/284 285/285/285
f 196/196/196 195/195/195 282/282/282
f 196/196/196 282/282/282 284/284/284
f 284/284/284 282/282/282 275/275/275
f 284/284/284 275/275/275 272/272/272
f 285/285/285 284/284/284 272/272/272
f 285/285/285 272/272/272 271/271/271
f 116/116/116 186/186/186 286/286/286
f 116/116/116 286/286/286 117/117/117
f 186/186/186 185/185/185 285/285/285
f 186/186/186 285/285/285 286/286/286
f 286/286/286 285/285/285 271/271/271
f 286/286/286 271/271/271 287/287/287
f 117/117/117 286/286/286 287/287/287
f 117/117/117 287/287/287 110/110/110
f 110/110/110 287/287/287 288/288/288
f 110/110/110 288/288/288 111/111/111
f 287/287/287 271/271/271 274/274/274
f 287/287/287 274/274/274 288/288/288
f 288/288/288 274/274/274 264/264/264
f 288/288/288 264/264/264 289/289/289
f 111/111/111 288/288/288 289/289/289
f 111/111/111 289/289/289 101/101/101
f 205/205/205 290/290/290 291/291/291
f 205/205/205 291/291/291 283/283/283
f 290/290/290 292/292/292 293/293/293
f 290/290/290 293/293/293 291/291/291
f 291/291/291 293/293/293 294/294/294
f 291/291/291 294/294/294 295/295/295
f 283/283/283 291/291/291 295/295/295
f 283/283/283 295/295/295 279/279/279
f 279/279/279 295/295/295 296/296/296
f 279/279/279 296/296/296 280/280/280
f 295/295/295 294/294/294 297/297/297
f 295/295/295 297/297/297 296/296/296
f 296/296/296 297/297/297 298/298/298
f 296/296/296 298/298/298 299/299/299
f 280/280/280 296/296/296 299/299/299
f 280/280/280 299/299/299 270/270/270
f 292/292/292 300/300/300 301/301/301
f 292/292/292 301/301/301 293/293/293
f 300/300/300 302/302/302 303/303/303
f 300/300/300 303/303/303 301/301/301
f 301/301/301 303/303/303 304/304/304
f 301/301/301 304/304/304 305/305/305
f 293/293/293 301/301/301 305/305/305
f 293/293/293 305/305/305 294/294/294
f 294/294/294 305/305/305 306/306/306
f 294/294/294 306/306/306 297/297/297
f 305/305/305 304/304/304 307/307/307
f 305/305/305 307/307/307 306/306/306
f 306/306/306 307/307/307 308/308/308
f 306/306/306 308/308/308 309/309/309
f 297/297/297 306/306/306 309/309/309
f 297/297/297 309/309/309 298/298/298
f 310/310/310 311/311/311 312/312/312
f 310/310/310 312/312/312 313/313/313
f 311/311/311 260/260/260 268/268/268
f 311/311/311 268/268/268 312/312/312
f 312/312/312 268/268/268 270/270/270
f 312/312/312 270/270/270 299/299/299
f 313/313/313 312/312/312 299/299/299
f 313/313/313 299/299/299 298/298/298
f 314/314/314 315/315/315 316/316/316
f 314/314/314 316/316/316 317/317/317
f 315/315/315 310/310/310 313/313/313
f 315/315/315 313/313/313 316/316/316
f 316/316/316 313/313/313 298/298/298
f 316/316/316 298/298/298 309/309/309
f 317/317/317 316/316/316 309/309/309
f 317/317/317 309/309/309 308/308/308
f 318/318/318 319/319/319 320/320/320
f 318/318/318 320/320/320 321/321/321
f 319/319/319 247/247/247 258/258/258
f 319/319/319 258/258/258 320/320/320
f 320/320/320 258/258/258 260/260/260
f 320/320/320 260/260/260 311/311/311
f 321/321/321 320/320/320 311/311/311
f 321/321/321 311/311/311 310/310/310
f 322/322/322 323/323/323 324/324/324
f 322/322/322 324/324/324 325/325/325
f 323/323/323 318/318/318 321/321/321
f 323/323/323 321/321/321 324/324/324
f 324/324/324 321/321/321 310/310/310
f 324/324/324 310/310/310 315/315/315
f 325/325/325 324/324/324 315/315/315
f 325/325/325 315/315/315 314/314/314
f 318/318/318 326/326/326 327/327/327
f 318/318/318 327/327/327 319/319/319
f 326/326/326 328/328/328 329/329/329
f 326/326/326 329/329/329 327/327/327
f 327/327/327 329/329/329 237/237/237
f 327/327/327 237/237/237 248/248/248
f 319/319/319 327/327/327 248/248/248
f 319/319/319 248/248/248 247/247/247
f 322/322/322 330/330/330 331/331/331
f 322/322/322 331/331/331 323/323/323
f 330/330/330 332/332/332 333/333/333
f 330/330/330 333/333/333 331/331/331
f 331/331/331 333/333/333 328/328/328
f 331/331/331 328/328/328 326/326/326
f 323/323/323 331/331/331 326/326/326
f 323/323/323 326/326/326 318/318/318
f 328/328/328 334/334/334 335/335/335
f 328/328/328 335/335/335 329/329/329
f 334/334/334 336/336/336 337/337/337
f 334/334/334 337/337/337 335/335/335
f 335/335/335 337/337/337 225/225/225
f 335/335/335 225/225/225 238/238/238
f 329/329/329 335/335/335 238/238/238
f 329/329/329 238/238/238 237/237/237
f 332/332/332 338/338/338 339/339/339
f 332/332/332 339/339/339 333/333/333
f 338/338/338 340/340/340 341/341/341
f 338/338/338 341/341/341 339/339/339
f 339/339/339 341/341/341 336/336/336
f 339/339/339 336/336/336 334/334/334
f 333/333/333 339/339/339 334/334/334
f 333/333/333 334/334/334 328/328/328
f 215/215/215 226/226/226 342/342/342
f 215/215/215 342/342/342 343/343/343
f 226/226/226 225/225/225 337/337/337
f 226/226/226 337/337/337 342/342/342
f 342/342/342 337/337/337 336/336/336
f 342/342/342 336/336/336 344/344/344
f 343/343/343 342/342/342 344/344/344
f 343/343/343 344/344/344 345/345/345
f 345/345/345 344/344/344 346/346/346
f 345/345/345 346/346/346 347/347/347
f 344/344/344 336/336/336 341/341/341
f 344/344/344 341/341/341 346/346/346
f 346/346/346 341/341/341 340/340/340
f 346/346/346 340/340/340 348/348/348
f 347/347/347 346/346/346 348/348/348
f 347/347/347 348/348/348 349/349/349
f 350/350/350 351/351/351 352/352/352
f 350/350/350 352/352/352 353/353/353
f 351/351/351 345/345/345 347/347/347
f 351/351/351 347/347/347 352/352/352
f 352/352/352 347/347/347 349/349/349
f 352/352/352 349/349/349 354/354/354
f 353/353/353 352/352/352 354/354/354
f 353/353/353 354/354/354 355/355/355
f 209/209/209 216/216/216 356/356/356
f 209/209/209 356/356/356 357/357/357
f 216/216/216 215/215/215 343/343/343
f 216/216/216 343/343/343 356/356/356
f 356/356/356 343/343/343 345/345/345
f 356/356/356 345/345/345 351/351/351
f 357/357/357 356/356/356 351/351/351
f 357/357/357 351/351/351 350/350/350
f 358/358/358 359/359/359 360/360/360
f 358/358/358 360/360/360 361/361/361
f 359/359/359 350/350/350 353/353/353
f 359/359/359 353/353/353 360/360/360
f 360/360/360 353/353/353 355/355/355
f 360/360/360 355/355/355 362/362/362
f 361/361/361 360/360/360 362/362/362
f 361/361/361 362/362/362 363/363/363
f 203/203/203 210/210/210 364/364/364
f 203/203/203 364/364/364 365/365/365
f 210/210/210 209/209/209 357/357/357
f 210/210/210 357/357/357 364/364/364
f 364/364/364 357/357/357 350/350/350
f 364/364/364 350/350/350 359/359/359
f 365/365/365 364/364/364 359/359/359
f 365/365/365 359/359/359 358/358/358
f 358/358/358 361/361/361 366/366/366
f 358/358/358 366/366/366 367/367/367
f 361/361/361 363/363/363 368/368/368
f 361/361/361 368/368/368 366/366/366
f 366/366/366 368/368/368 302/302/302
f 366/366/366 302/302/302 300/300/300
f 367/367/367 366/366/366 300/300/300
f 367/367/367 300/300/300 292/292/292
f 203/203/203 365/365/365 369/369/369
f 203/203/203 369/369/369 204/204/204
f 365/365/365 358/358/358 367/367/367
f 365/365/365 367/367/367 369/369/369
f 369/369/369 367/367/367 292/292/292
f 369/369/369 292/292/292 290/290/290
f 204/204/204 369/369/369 290/290/290
f 204/204/204 290/290/290 205/205/205
f 363/363/363 362/362/362 370/370/370
f 363/363/363 370/370/370 371/371/371
f 362/362/362 355/355/355 372/372/372
f 362/362/362 372/372/372 370/370/370
f 370/370/370 372/372/372 373/373/373
f 370/370/370 373/373/373 374/374/374
f 371/371/371 370/370/370 374/374/374
f 371/371/371 374/374/374 375/375/375
f 363/363/363 371/371/371 376/376/376
f 363/363/363 376/376/376 368/368/368
f 371/371/371 375/375/375 377/377/377
f 371/371/371 377/377/377 376/376/376
f 376/376/376 377/377/377 378/378/378
f 376/376/376 378/378/378 379/379/379
f 368/368/368 376/376/376 379/379/379
f 368/368/368 379/379/379 302/302/302
f 302/302/302 379/379/379 380/380/380
f 302/302/302 380/380/380 303/303/303
f 379/379/379 378/378/378 381/381/381
f 379/379/379 381/381/381 380/380/380
f 380/380/380 381/381/381 382/382/382
f 380/380/380 382/382/382 383/383/383
f 303/303/303 380/380/380 383/383/383
f 303/303/303 383/383/383 304/304/304
f 378/378/378 384/384/384 385/385/385
f 378/378/378 385/385/385 381/381/381
f 384/384/384 386/386/386 387/387/387
f 384/384/384 387/387/387 385/385/385
f 385/385/385 387/387/387 388/388/388
f 385/385/385 388/388/388 389/389/389
f 381/381/381 385/385/385 389/389/389
f 381/381/381 389/389/389 382/382/382
f 375/375/375 390/390/390 391/391/391
f 375/375/375 391/391/391 377/377/377
f 390/390/390 392/392/392 393/393/393
f 390/390/390 393/393/393 391/391/391
f 391/391/391 393/393/393 386/386/386
f 391/391/391 386/386/386 384/384/384
f 377/377/377 391/391/391 384/384/384
f 377/377/377 384/384/384 378/378/378
f 386/386/386 394/394/394 395/395/395
f 386/386/386 395/395/395 396/396/396
f 394/394/394 397/397/397 398/398/398
f 394/394/394 398/398/398 395/395/395
f 395/395/395 398/398/398 399/399/399
f 395/395/395 399/399/399 400/400/400
f 396/396/396 395/395/395 400/400/400
f 396/396/396 400/400/400 401/401/401
f 392/392/392 402/402/402 403/403/403
f 392/392/392 403/403/403 393/393/393
f 402/402/402 404/404/404 405/405/405
f 402/402/402 405/405/405 403/403/403
f 403/403/403 405/405/405 397/397/397
f 403/403/403 397/397/397 394/394/394
f 393/393/393 403/403/403 394/394/394
f 393/393/393 394/394/394 386/386/386
f 388/388/388 387/387/387 406/406/406
f 388/388/388 406/406/406 407/407/407
f 387/387/387 386/386/386 396/396/396
f 387/387/387 396/396/396 406/406/406
f 406/406/406 396/396/396 401/401/401
f 406/406/406 401/401/401 408/408/408
f 407/407/407 406/406/406 408/408/408
f 407/407/407 408/408/408 409/409/409
f 401/401/401 400/400/400 410/410/410
f 401/401/401 410/410/410 408/408/408
f 400/400/400 399/399/399 411/411/411
f 400/400/400 411/411/411 410/410/410
f 410/410/410 411/411/411 412/412/412
f 410/410/410 412/412/412 413/413/413
f 408/408/408 410/410/410 413/413/413
f 408/408/408 413/413/413 409/409/409
f 414/414/414 415/415/415 416/416/416
f 414/414/414 416/416/416 417/417/417
f 415/415/415 388/388/388 407/407/407
f 415/415/415 407/407/407 416/416/416
f 416/416/416 407/407/407 409/409/409
f 416/416/416 409/409/409 413/413/413
f 417/417/417 416/416/416 413/413/413
f 417/417/417 413/413/413 412/412/412
f 412/412/412 411/411/411 418/418/418
f 412/412/412 418/418/418 419/419/419
f 411/411/411 399/399/399 420/420/420
f 411/411/411 420/420/420 418/418/418
f 418/418/418 420/420/420 421/421/421
f 418/418/418 421/421/421 422/422/422
f 419/419/419 418/418/418 422/422/422
f 419/419/419 422/422/422 423/423/423
f 414/414/414 417/417/417 424/424/424
f 414/414/414 424/424/424 425/425/425
f 417/417/417 412/412/412 419/419/419
f 417/417/417 419/419/419 424/424/424
f 424/424/424 419/419/419 423/423/423
f 424/424/424 423/423/423 426/426/426
f 425/425/425 424/424/424 426/426/426
f 425/425/425 426/426/426 427/427/427
f 428/428/428 429/429/429 430/430/430
f 428/428/428 430/430/430 431/431/431
f 429/429/429 432/432/432 433/433/433
f 429/429/429 433/433/433 430/430/430
f 430/430/430 433/433/433 423/423/423
f 430/430/430 423/423/423 422/422/422
f 431/431/431 430/430/430 422/422/422
f 431/431/431 422/422/422 421/421/421
f 432/432/432 434/434/434 435/435/435
f 432/432/432 435/435/435 433/433/433
f 434/434/434 436/436/436 437/437/437
f 434/434/434 437/437/437 435/435/435
f 435/435/435 437/437/437 427/427/427
f 435/435/435 427/427/427 426/426/426
f 433/433/433 435/435/435 426/426/426
f 433/433/433 426/426/426 423/423/423
f 438/438/438 439/439/439 440/440/440
f 438/438/438 440/440/440 441/441/441
f 439/439/439 436/436/436 434/434/434
f 439/439/439 434/434/434 440/440/440
f 440/440/440 434/434/434 432/432/432
f 440/440/440 432/432/432 429/429/429
f 441/441/441 440/440/440 429/429/429
f 441/441/441 429/429/429 428/428/428
f 436/436/436 439/439/439 442/442/442
f 436/436/436 442/442/442 437/437/437
f 439/439/439 438/438/438 443/443/443
f 439/439/439 443/443/443 442/442/442
f 442/442/442 443/443/443 444/444/444
f 442/442/442 444/444/444 445/445/445
f 437/437/437 442/442/442 445/445/445
f 437/437/437 445/445/445 427/427/427
f 438/438/438 441/441/441 446/446/446
f 438/438/438 446/446/446 443/443/443
f 441/441/441 428/428/428 431/431/431
f 441/441/441 431/431/431 446/446/446
f 446/446/446 431/431/431 421/421/421
f 446/446/446 421/421/421 447/447/447
f 443/443/443 446/446/446 447/447/447
f 443/443/443 447/447/447 444/444/444
f 397/397/397 448/448/448 449/449/449
f 397/397/397 449/449/449 450/450/450
f 448/448/448 414/414/414 425/425/425
f 448/448/448 425/425/425 449/449/449
f 449/449/449 425/425/425 427/427/427
f 449/449/449 427/427/427 445/445/445
f 450/450/450 449/449/449 445/445/445
f 450/450/450 445/445/445 444/444/444
f 399/399/399 398/398/398 451/451/451
f 399/399/399 451/451/451 420/420/420
f 398/398/398 397/397/397 450/450/450
f 398/398/398 450/450/450 451/451/451
f 451/451/451 450/450/450 444/444/444
f 451/451/451 444/444/444 447/447/447
f 420/420/420 451/451/451 447/447/447
f 420/420/420 447/447/447 421/421/421
f 452/452/452 453/453/453 454/454/454
f 452/452/452 454/454/454 455/455/455
f 453/453/453 388/388/388 415/415/415
f 453/453/453 415/415/415 454/454/454
f 454/454/454 415/415/415 414/414/414
f 454/454/454 414/414/414 456/456/456
f 455/455/455 454/454/454 456/456/456
f 455/455/455 456/456/456 457/457/457
f 458/458/458 459/459/459 460/460/460
f 458/458/458 460/460/460 461/461/461
f 457/457/457 456/456/456 460/460/460
f 457/457/457 460/460/460 459/459/459
f 414/414/414 448/448/448 460/460/460
f 414/414/414 460/460/460 456/456/456
f 397/397/397 405/405/405 460/460/460
f 397/397/397 460/460/460 448/448/448
f 404/404/404 462/462/462 460/460/460
f 404/404/404 460/460/460 405/405/405
f 463/463/463 461/461/461 460/460/460
f 463/463/463 460/460/460 462/462/462
f 458/458/458 464/464/464 465/465/465
f 458/458/458 465/465/465 459/459/459
f 464/464/464 466/466/466 467/467/467
f 464/464/464 467/467/467 465/465/465
f 465/465/465 467/467/467 452/452/452
f 465/465/465 452/452/452 455/455/455
f 459/459/459 465/465/465 455/455/455
f 459/459/459 455/455/455 457/457/457
f 468/468/468 469/469/469 470/470/470
f 468/468/468 470/470/470 471/471/471
f 469/469/469 452/452/452 472/472/472
f 469/469/469 472/472/472 470/470/470
f 470/470/470 472/472/472 473/473/473
f 470/470/470 473/473/473 474/474/474
f 471/471/471 470/470/470 474/474/474
f 471/471/471 474/474/474 475/475/475
f 468/468/468 476/476/476 477/477/477
f 468/468/468 477/477/477 469/469/469
f 476/476/476 382/382/382 389/389/389
f 476/476/476 389/389/389 477/477/477
f 477/477/477 389/389/389 388/388/388
f 477/477/477 388/388/388 453/453/453
f 469/469/469 477/477/477 453/453/453
f 469/469/469 453/453/453 452/452/452
f 452/452/452 467/467/467 478/478/478
f 452/452/452 478/478/478 472/472/472
f 467/467/467 466/466/466 479/479/479
f 467/467/467 479/479/479 478/478/478
f 478/478/478 479/479/479 480/480/480
f 478/478/478 480/480/480 481/481/481
f 472/472/472 478/478/478 481/481/481
f 472/472/472 481/481/481 473/473/473
f 475/475/475 474/474/474 482/482/482
f 475/475/475 482/482/482 483/483/483
f 474/474/474 473/473/473 484/484/484
f 474/474/474 484/484/484 482/482/482
f 482/482/482 484/484/484 485/485/485
f 482/482/482 485/485/485 486/486/486
f 483/483/483 482/482/482 486/486/486
f 483/483/483 486/486/486 487/487/487
f 473/473/473 481/481/481 488/488/488
f 473/473/473 488/488/488 484/484/484
f 481/481/481 480/480/480 489/489/489
f 481/481/481 489/489/489 488/488/488
f 488/488/488 489/489/489 490/490/490
f 488/488/488 490/490/490 491/491/491
f 484/484/484 488/488/488 491/491/491
f 484/484/484 491/491/491 485/485/485
f 487/487/487 486/486/486 492/492/492
f 487/487/487 492/492/492 493/493/493
f 486/486/486 485/485/485 494/494/494
f 486/486/486 494/494/494 492/492/492
f 492/492/492 494/494/494 495/495/495
f 492/492/492 495/495/495 496/496/496
f 493/493/493 492/492/492 496/496/496
f 493/493/493 496/496/496 497/497/497
f 485/485/485 491/491/491 498/498/498
f 485/485/485 498/498/498 494/494/494
f 491/491/491 490/490/490 499/499/499
f 491/491/491 499/499/499 498/498/498
f 498/498/498 499/499/499 500/500/500
f 498/498/498 500/500/500 501/501/501
f 494/494/494 498/498/498 501/501/501
f 494/494/494 501/501/501 495/495/495
f 497/497/497 496/496/496 502/502/502
f 497/497/497 502/502/502 503/503/503
f 496/496/496 495/495/495 504/504/504
f 496/496/496 504/504/504 502/502/502
f 502/502/502 504/504/504 505/505/505
f 502/502/502 505/505/505 506/506/506
f 503/503/503 502/502/502 506/506/506
f 503/503/503 506/506/506 507/507/507
f 495/495/495 501/501/501 508/508/508
f 495/495/495 508/508/508 504/504/504
f 501/501/501 500/500/500 509/509/509
f 501/501/501 509/509/509 508/508/508
f 508/508/508 509/509/509 510/510/510
f 508/508/508 510/510/510 511/511/511
f 504/504/504 508/508/508 511/511/511
f 504/504/504 511/511/511 505/505/505
f 507/507/507 506/506/506 512/512/512
f 507/507/507 512/512/512 513/513/513
f 506/506/506 505/505/505 514/514/514
f 506/506/506 514/514/514 512/512/512
f 512/512/512 514/514/514 515/515/515
f 512/512/512 515/515/515 516/516/516
f 513/513/513 512/512/512 516/516/516
f 513/513/513 516/516/516 517/517/517
f 505/505/505 511/511/511 518/518/518
f 505/505/505 518/518/518 514/514/514
f 511/511/511 510/510/510 519/519/519
f 511/511/511 519/519/519 518/518/518
f 518/518/518 519/519/519 520/520/520
f 518/518/518 520/520/520 521/521/521
f 514/514/514 518/518/518 521/521/521
f 514/514/514 521/521/521 515/515/515
f 520/520/520 522/522/522 523/523/523
f 520/520/520 523/523/523 521/521/521
f 522/522/522 524/524/524 525/525/525
f 522/522/522 525/525/525 523/523/523
f 523/523/523 525/525/525 517/517/517
f 523/523/523 517/517/517 516/516/516
f 521/521/521 523/523/523 516/516/516
f 521/521/521 516/516/516 515/515/515
f 510/510/510 526/526/526 527/527/527
f 510/510/510 527/527/527 519/519/519
f 526/526/526 528/528/528 529/529/529
f 526/526/526 529/529/529 527/527/527
f 527/527/527 529/529/529 524/524/524
f 527/527/527 524/524/524 522/522/522
f 519/519/519 527/527/527 522/522/522
f 519/519/519 522/522/522 520/520/520
f 528/528/528 530/530/530 531/531/531
f 528/528/528 531/531/531 529/529/529
f 530/530/530 507/507/507 513/513/513
f 530/530/530 513/513/513 531/531/531
f 531/531/531 513/513/513 517/517/517
f 531/531/531 517/517/517 525/525/525
f 529/529/529 531/531/531 525/525/525
f 529/529/529 525/525/525 524/524/524
f 500/500/500 532/532/532 533/533/533
f 500/500/500 533/533/533 509/509/509
f 532/532/532 534/534/534 535/535/535
f 532/532/532 535/535/535 533/533/533
f 533/533/533 535/535/535 528/528/528
f 533/533/533 528/528/528 526/526/526
f 509/509/509 533/533/533 526/526/526
f 509/509/509 526/526/526 510/510/510
f 534/534/534 536/536/536 537/537/537
f 534/534/534 537/537/537 535/535/535
f 536/536/536 497/497/497 503/503/503
f 536/536/536 503/503/503 537/537/537
f 537/537/537 503/503/503 507/507/507
f 537/537/537 507/507/507 530/530/530
f 535/535/535 537/537/537 530/530/530
f 535/535/535 530/530/530 528/528/528
f 490/490/490 538/538/538 539/539/539
f 490/490/490 539/539/539 499/499/499
f 538/538/538 540/540/540 541/541/541
f 538/538/538 541/541/541 539/539/539
f 539/539/539 541/541/541 534/534/534
f 539/539/539 534/534/534 532/532/532
f 499/499/499 539/539/539 532/532/532
f 499/499/499 532/532/532 500/500/500
f 540/540/540 542/542/542 543/543/543
f 540/540/540 543/543/543 541/541/541
f 542/542/542 487/487/487 493/493/493
f 542/542/542 493/493/493 543/543/543
f 543/543/543 493/493/493 497/497/497
f 543/543/543 497/497/497 536/536/536
f 541/541/541 543/543/543 536/536/536
f 541/541/541 536/536/536 534/534/534
f 480/480/480 544/544/544 545/545/545
f 480/480/480 545/545/545 489/489/489
f 544/544/544 546/546/546 547/547/547
f 544/544/544 547/547/547 545/545/545
f 545/545/545 547/547/547 540/540/540
f 545/545/545 540/540/540 538/538/538
f 489/489/489 545/545/545 538/538/538
f 489/489/489 538/538/538 490/490/490
f 546/546/546 548/548/548 549/549/549
f 546/546/546 549/549/549 547/547/547
f 548/548/548 475/475/475 483/483/483
f 548/548/548 483/483/483 549/549/549
f 549/549/549 483/483/483 487/487/487
f 549/549/549 487/487/487 542/542/542
f 547/547/547 549/549/549 542/542/542
f 547/547/547 542/542/542 540/540/540
f 466/466/466 550/550/550 551/551/551
f 466/466/466 551/551/551 479/479/479
f 550/550/550 552/552/552 553/553/553
f 550/550/550 553/553/553 551/551/551
f 551/551/551 553/553/553 546/546/546
f 551/551/551 546/546/546 544/544/544
f 479/479/479 551/551/551 544/544/544
f 479/479/479 544/544/544 480/480/480
f 552/552/552 554/554/554 555/555/555
f 552/552/552 555/555/555 553/553/553
f 554/554/554 468/468/468 471/471/471
f 554/554/554 471/471/471 555/555/555
f 555/555/555 471/471/471 475/475/475
f 555/555/555 475/475/475 548/548/548
f 553/553/553 555/555/555 548/548/548
f 553/553/553 548/548/548 546/546/546
f 556/556/556 557/557/557 558/558/558
f 556/556/556 558/558/558 559/559/559
f 557/557/557 560/560/560 561/561/561
f 557/557/557 561/561/561 558/558/558
f 558/558/558 561/561/561 552/552/552
f 558/558/558 552/552/552 550/550/550
f 559/559/559 558/558/558 550/550/550
f 559/559/559 550/550/550 466/466/466
f 468/468/468 554/554/554 562/562/562
f 554/554/554 563/563/563 562/562/562
f 554/554/554 552/552/552 564/564/564
f 554/554/554 564/564/564 563/563/563
f 563/563/563 564/564/564 565/565/565
f 563/563/563 565/565/565 566/566/566
f 562/562/562 563/563/563 566/566/566
f 562/562/562 566/566/566 567/567/567
f 552/552/552 561/561/561 568/568/568
f 552/552/552 568/568/568 564/564/564
f 561/561/561 560/560/560 569/569/569
f 561/561/561 569/569/569 568/568/568
f 568/568/568 569/569/569 570/570/570
f 568/568/568 570/570/570 571/571/571
f 564/564/564 568/568/568 571/571/571
f 564/564/564 571/571/571 565/565/565
f 570/570/570 572/572/572 573/573/573
f 570/570/570 573/573/573 571/571/571
f 572/572/572 574/574/574 575/575/575
f 572/572/572 575/575/575 573/573/573
f 573/573/573 575/575/575 576/576/576
f 573/573/573 576/576/576 577/577/577
f 571/571/571 573/573/573 577/577/577
f 571/571/571 577/577/577 565/565/565
f 565/565/565 577/577/577 578/578/578
f 565/565/565 578/578/578 566/566/566
f 577/577/577 576/576/576 579/579/579
f 577/577/577 579/579/579 578/578/578
f 578/578/578 579/579/579 580/580/580
f 578/578/578 580/580/580 581/581/581
f 566/566/566 578/578/578 581/581/581
f 566/566/566 581/581/581 567/567/567
f 570/570/570 582/582/582 583/583/583
f 570/570/570 583/583/583 572/572/572
f 582/582/582 584/584/584 585/585/585
f 582/582/582 585/585/585 583/583/583
f 583/583/583 585/585/585 586/586/586
f 583/583/583 586/586/586 587/587/587
f 572/572/572 583/583/583 587/587/587
f 572/572/572 587/587/587 574/574/574
f 588/588/588 589/589/589 590/590/590
f 588/588/588 590/590/590 591/591/591
f 589/589/589 584/584/584 582/582/582
f 589/589/589 582/582/582 590/590/590
f 590/590/590 582/582/582 570/570/570
f 590/590/590 570/570/570 569/569/569
f 591/591/591 590/590/590 569/569/569
f 591/591/591 569/569/569 560/560/560
f 584/584/584 592/592/592 593/593/593
f 584/584/584 593/593/593 585/585/585
f 592/592/592 594/594/594 595/595/595
f 592/592/592 595/595/595 593/593/593
f 593/593/593 595/595/595 596/596/596
f 593/593/593 596/596/596 597/597/597
f 585/585/585 593/593/593 597/597/597
f 585/585/585 597/597/597 586/586/586
f 598/598/598 599/599/599 600/600/600
f 599/599/599 601/601/601 600/600/600
f 599/599/599 594/594/594 592/592/592
f 599/599/599 592/592/592 601/601/601
f 601/601/601 592/592/592 584/584/584
f 601/601/601 584/584/584 589/589/589
f 600/600/600 601/601/601 589/589/589
f 600/600/600 589/589/589 588/588/588
f 602/602/602 603/603/603 604/604/604
f 602/602/602 604/604/604 605/605/605
f 603/603/603 606/606/606 607/607/607
f 603/603/603 607/607/607 604/604/604
f 604/604/604 607/607/607 608/608/608
f 604/604/604 608/608/608 609/609/609
f 605/605/605 604/604/604 609/609/609
f 605/605/605 609/609/609 588/588/588
f 556/556/556 610/610/610 611/611/611
f 556/556/556 611/611/611 557/557/557
f 610/610/610 602/602/602 605/605/605
f 610/610/610 605/605/605 611/611/611
f 611/611/611 605/605/605 588/588/588
f 611/611/611 588/588/588 591/591/591
f 557/557/557 611/611/611 591/591/591
f 557/557/557 591/591/591 560/560/560
f 588/588/588 609/609/609 612/612/612
f 588/588/588 612/612/612 600/600/600
f 609/609/609 608/608/608 613/613/613
f 609/609/609 613/613/613 612/612/612
f 612/612/612 613/613/613 614/614/614
f 612/612/612 614/614/614 615/615/615
f 600/600/600 612/612/612 615/615/615
f 600/600/600 615/615/615 598/598/598
f 606/606/606 616/616/616 617/617/617
f 606/606/606 617/617/617 607/607/607
f 616/616/616 618/618/618 619/619/619
f 616/616/616 619/619/619 617/617/617
f 617/617/617 619/619/619 620/620/620
f 617/617/617 620/620/620 621/621/621
f 607/607/607 617/617/617 621/621/621
f 607/607/607 621/621/621 608/608/608
f 608/608/608 621/621/621 622/622/622
f 608/608/608 622/622/622 613/613/613
f 621/621/621 620/620/620 623/623/623
f 621/621/621 623/623/623 622/622/622
f 622/622/622 623/623/623 624/624/624
f 622/622/622 624/624/624 625/625/625
f 613/613/613 622/622/622 625/625/625
f 613/613/613 625/625/625 614/614/614
f 618/618/618 626/626/626 627/627/627
f 618/618/618 627/627/627 619/619/619
f 626/626/626 628/628/628 629/629/629
f 626/626/626 629/629/629 627/627/627
f 627/627/627 629/629/629 630/630/630
f 627/627/627 630/630/630 631/631/631
f 619/619/619 627/627/627 631/631/631
f 619/619/619 631/631/631 620/620/620
f 620/620/620 631/631/631 632/632/632
f 620/620/620 632/632/632 623/623/623
f 631/631/631 630/630/630 633/633/633
f 631/631/631 633/633/633 632/632/632
f 632/632/632 633/633/633 634/634/634
f 632/632/632 634/634/634 635/635/635
f 623/623/623 632/632/632 635/635/635
f 623/623/623 635/635/635 624/624/624
f 628/628/628 636/636/636 637/637/637
f 628/628/628 637/637/637 629/629/629
f 636/636/636 638/638/638 639/639/639
f 636/636/636 639/639/639 637/637/637
f 637/637/637 639/639/639 640/640/640
f 637/637/637 640/640/640 641/641/641
f 629/629/629 637/637/637 641/641/641
f 629/629/629 641/641/641 630/630/630
f 630/630/630 641/641/641 642/642/642
f 630/630/630 642/642/642 633/633/633
f 641/641/641 640/640/640 643/643/643
f 641/641/641 643/643/643 642/642/642
f 642/642/642 643/643/643 644/644/644
f 642/642/642 644/644/644 645/645/645
f 633/633/633 642/642/642 645/645/645
f 633/633/633 645/645/645 634/634/634
f 638/638/638 646/646/646 647/647/647
f 638/638/638 647/647/647 639/639/639
f 646/646/646 648/648/648 649/649/649
f 646/646/646 649/649/649 647/647/647
f 647/647/647 649/649/649 650/650/650
f 647/647/647 650/650/650 651/651/651
f 639/639/639 647/647/647 651/651/651
f 639/639/639 651/651/651 640/640/640
f 640/640/640 651/651/651 652/652/652
f 640/640/640 652/652/652 643/643/643
f 651/651/651 650/650/650 653/653/653
f 651/651/651 653/653/653 652/652/652
f 652/652/652 653/653/653 654/654/654
f 652/652/652 654/654/654 655/655/655
f 643/643/643 652/652/652 655/655/655
f 643/643/643 655/655/655 644/644/644
f 648/648/648 656/656/656 657/657/657
f 648/648/648 657/657/657 649/649/649
f 656/656/656 658/658/658 659/659/659
f 656/656/656 659/659/659 657/657/657
f 657/657/657 659/659/659 654/654/654
f 657/657/657 654/654/654 653/653/653
f 649/649/649 657/657/657 653/653/653
f 649/649/649 653/653/653 650/650/650
f 644/644/644 655/655/655 660/660/660
f 644/644/644 660/660/660 661/661/661
f 655/655/655 654/654/654 659/659/659
f 655/655/655 659/659/659 660/660/660
f 660/660/660 659/659/659 658/658/658
f 660/660/660 658/658/658 662/662/662
f 661/661/661 660/660/660 662/662/662
f 661/661/661 662/662/662 663/663/663
f 663/663/663 662/662/662 664/664/664
f 663/663/663 664/664/664 665/665/665
f 662/662/662 658/658/658 656/656/656
f 662/662/662 656/656/656 664/664/664
f 664/664/664 656/656/656 648/648/648
f 664/664/664 648/648/648 646/646/646
f 665/665/665 664/664/664 646/646/646
f 665/665/665 646/646/646 638/638/638
f 634/634/634 645/645/645 666/666/666
f 634/634/634 666/666/666 667/667/667
f 645/645/645 644/644/644 661/661/661
f 645/645/645 661/661/661 666/666/666
f 666/666/666 661/661/661 663/663/663
f 666/666/666 663/663/663 668/668/668
f 667/667/667 666/666/666 668/668/668
f 667/667/667 668/668/668 669/669/669
f 669/669/669 668/668/668 670/670/670
f 669/669/669 670/670/670 671/671/671
f 668/668/668 663/663/663 665/665/665
f 668/668/668 665/665/665 670/670/670
f 670/670/670 665/665/665 638/638/638
f 670/670/670 638/638/638 636/636/636
f 671/671/671 670/670/670 636/636/636
f 671/671/671 636/636/636 628/628/628
f 624/624/624 635/635/635 672/672/672
f 624/624/624 672/672/672 673/673/673
f 635/635/635 634/634/634 667/667/667
f 635/635/635 667/667/667 672/672/672
f 672/672/672 667/667/667 669/669/669
f 672/672/672 669/669/669 674/674/674
f 673/673/673 672/672/672 674/674/674
f 673/673/673 674/674/674 675/675/675
f 675/675/675 674/674/674 676/676/676
f 675/675/675 676/676/676 677/677/677
f 674/674/674 669/669/669 671/671/671
f 674/674/674 671/671/671 676/676/676
f 676/676/676 671/671/671 628/628/628
f 676/676/676 628/628/628 626/626/626
f 677/677/677 676/676/676 626/626/626
f 677/677/677 626/626/626 618/618/618
f 614/614/614 625/625/625 678/678/678
f 614/614/614 678/678/678 679/679/679
f 625/625/625 624/624/624 673/673/673
f 625/625/625 673/673/673 678/678/678
f 678/678/678 673/673/673 675/675/675
f 678/678/678 675/675/675 680/680/680
f 679/679/679 678/678/678 680/680/680
f 679/679/679 680/680/680 681/681/681
f 681/681/681 680/680/680 682/682/682
f 681/681/681 682/682/682 683/683/683
f 680/680/680 675/675/675 677/677/677
f 680/680/680 677/677/677 682/682/682
f 682/682/682 677/677/677 618/618/618
f 682/682/682 618/618/618 616/616/616
f 683/683/683 682/682/682 616/616/616
f 683/683/683 616/616/616 606/606/606
f 598/598/598 615/615/615 684/684/684
f 598/598/598 684/684/684 685/685/685
f 615/615/615 614/614/614 679/679/679
f 615/615/615 679/679/679 684/684/684
f 684/684/684 679/679/679 681/681/681
f 684/684/684 681/681/681 686/686/686
f 685/685/685 684/684/684 686/686/686
f 685/685/685 686/686/686 687/687/687
f 687/687/687 686/686/686 688/688/688
f 687/687/687 688/688/688 689/689/689
f 686/686/686 681/681/681 683/683/683
f 686/686/686 683/683/683 688/688/688
f 688/688/688 683/683/683 606/606/606
f 688/688/688 606/606/606 603/603/603
f 689/689/689 688/688/688 603/603/603
f 689/689/689 603/603/603 602/602/602
f 598/598/598 685/685/685 690/690/690
f 598/598/598 690/690/690 691/691/691
f 685/685/685 687/687/687 692/692/692
f 685/685/685 692/692/692 690/690/690
f 690/690/690 692/692/692 693/693/693
f 690/690/690 693/693/693 694/694/694
f 691/691/691 690/690/690 694/694/694
f 691/691/691 694/694/694 695/695/695
f 696/696/696 697/697/697 698/698/698
f 696/696/696 698/698/698 699/699/699
f 697/697/697 700/700/700 701/701/701
f 697/697/697 701/701/701 698/698/698
f 698/698/698 701/701/701 687/687/687
f 698/698/698 687/687/687 689/689/689
f 699/699/699 698/698/698 689/689/689
f 699/699/699 689/689/689 602/602/602
f 687/687/687 701/701/701 702/702/702
f 687/687/687 702/702/702 692/692/692
f 701/701/701 700/700/700 703/703/703
f 701/701/701 703/703/703 702/702/702
f 702/702/702 703/703/703 704/704/704
f 702/702/702 704/704/704 705/705/705
f 692/692/692 702/702/702 705/705/705
f 692/692/692 705/705/705 693/693/693
f 704/704/704 706/706/706 707/707/707
f 704/704/704 707/707/707 705/705/705
f 706/706/706 708/708/708 709/709/709
f 706/706/706 709/709/709 707/707/707
f 707/707/707 709/709/709 710/710/710
f 707/707/707 710/710/710 711/711/711
f 705/705/705 707/707/707 711/711/711
f 705/705/705 711/711/711 693/693/693
f 373/373/373 712/712/712 713/713/713
f 373/373/373 713/713/713 714/714/714
f 712/712/712 695/695/695 694/694/694
f 712/712/712 694/694/694 713/713/713
f 713/713/713 694/694/694 693/693/693
f 713/713/713 693/693/693 715/715/715
f 714/714/714 713/713/713 715/715/715
f 714/714/714 715/715/715 716/716/716
f 693/693/693 711/711/711 717/717/717
f 693/693/693 717/717/717 715/715/715
f 711/711/711 710/710/710 718/718/718
f 711/711/711 718/718/718 717/717/717
f 717/717/717 718/718/718 719/719/719
f 717/717/717 719/719/719 720/720/720
f 715/715/715 717/717/717 720/720/720
f 715/715/715 720/720/720 716/716/716
f 719/719/719 718/718/718 721/721/721
f 719/719/719 721/721/721 722/722/722
f 718/718/718 710/710/710 709/709/709
f 718/718/718 709/709/709 721/721/721
f 721/721/721 709/709/709 708/708/708
f 721/721/721 708/708/708 723/723/723
f 722/722/722 721/721/721 723/723/723
f 722/722/722 723/723/723 724/724/724
f 716/716/716 720/720/720 725/725/725
f 716/716/716 725/725/725 726/726/726
f 720/720/720 719/719/719 722/722/722
f 720/720/720 722/722/722 725/725/725
f 725/725/725 722/722/722 724/724/724
f 725/725/725 724/724/724 727/727/727
f 726/726/726 725/725/725 727/727/727
f 726/726/726 727/727/727 728/728/728
f 708/708/708 729/729/729 730/730/730
f 708/708/708 730/730/730 723/723/723
f 729/729/729 731/731/731 732/732/732
f 729/729/729 732/732/732 730/730/730
f 730/730/730 732/732/732 733/733/733
f 730/730/730 733/733/733 734/734/734
f 723/723/723 730/730/730 734/734/734
f 723/723/723 734/734/734 724/724/724
f 724/724/724 734/734/734 735/735/735
f 724/724/724 735/735/735 727/727/727
f 734/734/734 733/733/733 736/736/736
f 734/734/734 736/736/736 735/735/735
f 735/735/735 736/736/736 737/737/737
f 735/735/735 737/737/737 738/738/738
f 727/727/727 735/735/735 738/738/738
f 727/727/727 738/738/738 728/728/728
f 739/739/739 740/740/740 741/741/741
f 739/739/739 741/741/741 742/742/742
f 740/740/740 733/733/733 732/732/732
f 740/740/740 732/732/732 741/741/741
f 741/741/741 732/732/732 731/731/731
f 741/741/741 731/731/731 743/743/743
f 742/742/742 741/741/741 743/743/743
f 742/742/742 743/743/743 744/744/744
f 745/745/745 746/746/746 747/747/747
f 745/745/745 747/747/747 748/748/748
f 746/746/746 737/737/737 736/736/736
f 746/746/746 736/736/736 747/747/747
f 747/747/747 736/736/736 733/733/733
f 747/747/747 733/733/733 740/740/740
f 748/748/748 747/747/747 740/740/740
f 748/748/748 740/740/740 739/739/739
f 745/745/745 748/748/748 749/749/749
f 745/745/745 749/749/749 750/750/750
f 748/748/748 739/739/739 742/742/742
f 748/748/748 742/742/742 749/749/749
f 749/749/749 742/742/742 744/744/744
f 749/749/749 744/744/744 751/751/751
f 750/750/750 749/749/749 751/751/751
f 750/750/750 751/751/751 752/752/752
f 752/752/752 753/753/753 754/754/754
f 752/752/752 754/754/754 750/750/750
f 753/753/753 755/755/755 756/756/756
f 753/753/753 756/756/756 754/754/754
f 754/754/754 756/756/756 737/737/737
f 754/754/754 737/737/737 746/746/746
f 750/750/750 754/754/754 746/746/746
f 750/750/750 746/746/746 745/745/745
f 744/744/744 743/743/743 757/757/757
f 744/744/744 757/757/757 751/751/751
f 743/743/743 731/731/731 758/758/758
f 743/743/743 758/758/758 757/757/757
f 757/757/757 758/758/758 755/755/755
f 757/757/757 755/755/755 753/753/753
f 751/751/751 757/757/757 753/753/753
f 751/751/751 753/753/753 752/752/752
f 728/728/728 738/738/738 759/759/759
f 728/728/728 759/759/759 760/760/760
f 738/738/738 737/737/737 756/756/756
f 738/738/738 756/756/756 759/759/759
f 759/759/759 756/756/756 755/755/755
f 759/759/759 755/755/755 761/761/761
f 760/760/760 759/759/759 761/761/761
f 760/760/760 761/761/761 704/704/704
f 704/704/704 761/761/761 762/762/762
f 704/704/704 762/762/762 706/706/706
f 761/761/761 755/755/755 758/758/758
f 761/761/761 758/758/758 762/762/762
f 762/762/762 758/758/758 731/731/731
f 762/762/762 731/731/731 729/729/729
f 706/706/706 762/762/762 729/729/729
f 706/706/706 729/729/729 708/708/708
f 392/392/392 763/763/763 764/764/764
f 392/392/392 764/764/764 402/402/402
f 763/763/763 716/716/716 726/726/726
f 763/763/763 726/726/726 764/764/764
f 764/764/764 726/726/726 728/728/728
f 764/764/764 728/728/728 765/765/765
f 402/402/402 764/764/764 765/765/765
f 402/402/402 765/765/765 404/404/404
f 696/696/696 766/766/766 767/767/767
f 696/696/696 767/767/767 697/697/697
f 463/463/463 462/462/462 767/767/767
f 463/463/463 767/767/767 766/766/766
f 404/404/404 765/765/765 767/767/767
f 404/404/404 767/767/767 462/462/462
f 728/728/728 760/760/760 767/767/767
f 728/728/728 767/767/767 765/765/765
f 704/704/704 703/703/703 767/767/767
f 704/704/704 767/767/767 760/760/760
f 700/700/700 697/697/697 767/767/767
f 700/700/700 767/767/767 703/703/703
f 463/463/463 766/766/766 768/768/768
f 463/463/463 768/768/768 769/769/769
f 766/766/766 696/696/696 699/699/699
f 766/766/766 699/699/699 768/768/768
f 768/768/768 699/699/699 602/602/602
f 768/768/768 602/602/602 610/610/610
f 769/769/769 768/768/768 610/610/610
f 769/769/769 610/610/610 556/556/556
f 463/463/463 769/769/769 770/770/770
f 463/463/463 770/770/770 461/461/461
f 769/769/769 556/556/556 559/559/559
f 769/769/769 559/559/559 770/770/770
f 770/770/770 559/559/559 466/466/466
f 770/770/770 466/466/466 464/464/464
f 461/461/461 770/770/770 464/464/464
f 461/461/461 464/464/464 458/458/458
f 375/375/375 374/374/374 771/771/771
f 375/375/375 771/771/771 390/390/390
f 374/374/374 373/373/373 714/714/714
f 374/374/374 714/714/714 771/771/771
f 771/771/771 714/714/714 716/716/716
f 771/771/771 716/716/716 763/763/763
f 390/390/390 771/771/771 763/763/763
f 390/390/390 763/763/763 392/392/392
f 355/355/355 354/354/354 772/772/772
f 355/355/355 772/772/772 372/372/372
f 354/354/354 349/349/349 773/773/773
f 354/354/354 773/773/773 772/772/772
f 772/772/772 773/773/773 695/695/695
f 772/772/772 695/695/695 712/712/712
f 372/372/372 772/772/772 712/712/712
f 372/372/372 712/712/712 373/373/373
f 340/340/340 774/774/774 775/775/775
f 340/340/340 775/775/775 348/348/348
f 774/774/774 598/598/598 691/691/691
f 774/774/774 691/691/691 775/775/775
f 775/775/775 691/691/691 695/695/695
f 775/775/775 695/695/695 773/773/773
f 348/348/348 775/775/775 773/773/773
f 348/348/348 773/773/773 349/349/349
f 340/340/340 776/776/776 777/777/777
f 340/340/340 777/777/777 774/774/774
f 776/776/776 596/596/596 595/595/595
f 776/776/776 595/595/595 777/777/777
f 777/777/777 595/595/595 594/594/594
f 777/777/777 594/594/594 599/599/599
f 774/774/774 777/777/777 598/598/598
f 777/777/777 599/599/599 598/598/598
f 332/332/332 778/778/778 779/779/779
f 332/332/332 779/779/779 338/338/338
f 778/778/778 586/586/586 597/597/597
f 778/778/778 597/597/597 779/779/779
f 779/779/779 597/597/597 596/596/596
f 779/779/779 596/596/596 776/776/776
f 338/338/338 779/779/779 776/776/776
f 338/338/338 776/776/776 340/340/340
f 322/322/322 780/780/780 781/781/781
f 322/322/322 781/781/781 330/330/330
f 780/780/780 574/574/574 587/587/587
f 780/780/780 587/587/587 781/781/781
f 781/781/781 587/587/587 586/586/586
f 781/781/781 586/586/586 778/778/778
f 330/330/330 781/781/781 778/778/778
f 330/330/330 778/778/778 332/332/332
f 322/322/322 325/325/325 782/782/782
f 322/322/322 782/782/782 780/780/780
f 325/325/325 314/314/314 783/783/783
f 325/325/325 783/783/783 782/782/782
f 782/782/782 783/783/783 576/576/576
f 782/782/782 576/576/576 575/575/575
f 780/780/780 782/782/782 575/575/575
f 780/780/780 575/575/575 574/574/574
f 308/308/308 784/784/784 785/785/785
f 308/308/308 785/785/785 786/786/786
f 784/784/784 468/468/468 785/785/785
f 468/468/468 562/562/562 785/785/785
f 785/785/785 562/562/562 567/567/567
f 785/785/785 567/567/567 581/581/581
f 786/786/786 785/785/785 581/581/581
f 786/786/786 581/581/581 580/580/580
f 314/314/314 317/317/317 787/787/787
f 314/314/314 787/787/787 783/783/783
f 317/317/317 308/308/308 786/786/786
f 317/317/317 786/786/786 787/787/787
f 787/787/787 786/786/786 580/580/580
f 787/787/787 580/580/580 579/579/579
f 783/783/783 787/787/787 579/579/579
f 783/783/783 579/579/579 576/576/576
f 308/308/308 307/307/307 788/788/788
f 308/308/308 788/788/788 784/784/784
f 307/307/307 304/304/304 383/383/383
f 307/307/307 383/383/383 788/788/788
f 788/788/788 383/383/383 382/382/382
f 788/788/788 382/382/382 476/476/476
f 784/784/784 788/788/788 476/476/476
f 784/784/784 476/476/476 468/468/468
f 254/254/254 789/789/789 790/790/790
f 254/254/254 790/790/790 263/263/263
f 789/789/789 91/91/91 99/99/99
f 789/789/789 99/99/99 790/790/790
f 790/790/790 99/99/99 101/101/101
f 790/790/790 101/101/101 289/289/289
f 263/263/263 790/790/790 289/289/289
f 263/263/263 289/289/289 264/264/264
f 246/246/246 791/791/791 792/792/792
f 246/246/246 792/792/792 253/253/253
f 791/791/791 78/78/78 89/89/89
f 791/791/791 89/89/89 792/792/792
f 792/792/792 89/89/89 91/91/91
f 792/792/792 91/91/91 789/789/789
f 253/253/253 792/792/792 789/789/789
f 253/253/253 789/789/789 254/254/254
f 246/246/246 245/245/245 793/793/793
f 246/246/246 793/793/793 791/791/791
f 245/245/245 236/236/236 794/794/794
f 245/245/245 794/794/794 793/793/793
f 793/793/793 794/794/794 70/70/70
f 793/793/793 70/70/70 79/79/79
f 791/791/791 793/793/793 79/79/79
f 791/791/791 79/79/79 78/78/78
f 236/236/236 235/235/235 795/795/795
f 236/236/236 795/795/795 794/794/794
f 235/235/235 229/229/229 796/796/796
f 235/235/235 796/796/796 795/795/795
f 795/795/795 796/796/796 64/64/64
f 795/795/795 64/64/64 71/71/71
f 794/794/794 795/795/795 71/71/71
f 794/794/794 71/71/71 70/70/70
f 59/59/59 65/65/65 797/797/797
f 59/59/59 797/797/797 798/798/798
f 65/65/65 64/64/64 796/796/796
f 65/65/65 796/796/796 797/797/797
f 797/797/797 796/796/796 229/229/229
f 797/797/797 229/229/229 227/227/227
f 798/798/798 797/797/797 227/227/227
f 798/798/798 227/227/227 219/219/219
f 61/61/61 60/60/60 799/799/799
f 61/61/61 799/799/799 188/188/188
f 60/60/60 59/59/59 798/798/798
f 60/60/60 798/798/798 799/799/799
f 799/799/799 798/798/798 219/219/219
f 799/799/799 219/219/219 217/217/217
f 188/188/188 799/799/799 217/217/217
f 188/188/188 217/217/217 189/189/189
