v -0.353959 -1.70999 -0.0452164
v -0.353598 -1.70948 -0.0476706
v -0.353528 -1.7125 -0.0465968
v -0.353654 -1.71328 -0.0446607
v -0.354029 -1.71108 -0.0484513
v -0.352681 -1.71288 -0.04715
v -0.352463 -1.71449 -0.0465031
v -0.353018 -1.71471 -0.0459258
v -0.353216 -1.7149 -0.0447508
v -0.350116 -1.71646 -0.0367415
v -0.352553 -1.71363 -0.0405169
v -0.352496 -1.7153 -0.0419185
v -0.350256 -1.71757 -0.0396934
v -0.352276 -1.71647 -0.0433729
v -0.350205 -1.71822 -0.0425616
v -0.323679 -1.6333 0.00708791
v -0.323331 -1.63181 0.00739055
v -0.325546 -1.63129 0.00717463
v -0.325905 -1.63279 0.00686794
v -0.322959 -1.63031 0.00712861
v -0.325016 -1.62983 0.00693132
v -0.326788 -1.6293 0.00634282
v -0.327468 -1.63071 0.00651311
v -0.327856 -1.63221 0.00616484
v -0.337872 -1.70003 -0.0545816
v -0.338189 -1.70139 -0.0552821
v -0.341965 -1.70057 -0.0554646
v -0.341727 -1.6992 -0.0547743
v -0.338497 -1.70264 -0.0555493
v -0.342132 -1.70183 -0.0557161
v -0.345667 -1.7011 -0.0555816
v -0.345611 -1.69985 -0.0553472
v -0.345446 -1.69851 -0.054675
v -0.351593 -1.69922 -0.0516394
v -0.351645 -1.7004 -0.0522969
v -0.353488 -1.70396 -0.0487
v -0.353471 -1.70286 -0.047961
v -0.351566 -1.70145 -0.052653
v -0.353332 -1.70486 -0.0493708
v -0.353909 -1.70851 -0.0440808
v -0.353851 -1.70732 -0.0430758
v -0.35294 -1.70552 -0.0501262
v -0.351418 -1.70251 -0.0527125
v -0.351984 -1.70386 -0.0531427
v -0.353111 -1.70655 -0.0511696
v -0.328826 -1.62994 0.00507314
v -0.32927 -1.63147 0.00461617
v -0.328016 -1.62861 0.00507222
v -0.328634 -1.62778 0.00311504
v -0.329523 -1.62903 0.00285207
v -0.330025 -1.63058 0.0022342
v -0.348919 -1.69936 -0.0544333
v -0.348813 -1.69808 -0.0537815
v -0.348912 -1.70054 -0.0546765
v -0.338855 -1.70399 -0.0553713
v -0.342278 -1.70321 -0.0555109
v -0.339354 -1.7058 -0.0558022
v -0.342754 -1.705 -0.0559029
v -0.346216 -1.70418 -0.0556525
v -0.345672 -1.70245 -0.0553484
v -0.355216 -1.71415 -0.0539491
v -0.353571 -1.71687 -0.0524472
v -0.359298 -1.71948 -0.0510541
v -0.360747 -1.7175 -0.0514142
v -0.350425 -1.7174 -0.049631
v -0.357604 -1.72079 -0.0490665
v -0.36428 -1.72431 -0.0503462
v -0.365808 -1.72258 -0.0516899
v -0.36725 -1.72067 -0.0512694
v -0.34759 -1.71651 -0.0560668
v -0.349661 -1.71627 -0.0577198
v -0.347664 -1.71626 -0.060246
v -0.345341 -1.7163 -0.0565524
v -0.351973 -1.71561 -0.0584983
v -0.352687 -1.71548 -0.0601152
v -0.355179 -1.71629 -0.0629264
v -0.351062 -1.7172 -0.0634382
v -0.34888 -1.71614 -0.0640025
v -0.345559 -1.71529 -0.0620103
v -0.341662 -1.71567 -0.0615259
v -0.341932 -1.71667 -0.0597673
v -0.342003 -1.71647 -0.0565331
v -0.34887 -1.70181 -0.0544738
v -0.349533 -1.7034 -0.0546969
v -0.342113 -1.71557 -0.0489619
v -0.342106 -1.71505 -0.0460549
v -0.345632 -1.71504 -0.0462496
v -0.345427 -1.71574 -0.0491237
v -0.342227 -1.71528 -0.0450189
v -0.345745 -1.71488 -0.0450823
v -0.350519 -1.71539 -0.0449844
v -0.350417 -1.71686 -0.0463483
v -0.35695 -1.71221 -0.0598426
v -0.35916 -1.71209 -0.061937
v -0.359049 -1.71584 -0.0649433
v -0.356654 -1.70816 -0.0571698
v -0.358354 -1.70927 -0.0600381
v -0.358629 -1.71031 -0.0618259
v -0.359519 -1.71237 -0.0636771
v -0.359917 -1.71563 -0.0665247
v -0.355429 -1.7105 -0.0556153
v -0.35497 -1.71322 -0.0582491
v -0.353247 -1.71478 -0.0568299
v -0.340735 -1.71111 -0.0600341
v -0.34127 -1.71369 -0.061512
v -0.34495 -1.71307 -0.0617492
v -0.344729 -1.71025 -0.0601539
v -0.348241 -1.71288 -0.0623771
v -0.349469 -1.70937 -0.0601676
v -0.325644 -1.62592 -0.00387885
v -0.326188 -1.62696 -0.00507755
v -0.327798 -1.62693 -0.00423641
v -0.327098 -1.6259 -0.00313736
v -0.326606 -1.62869 -0.00617622
v -0.328265 -1.62863 -0.00529009
v -0.329442 -1.62893 -0.00349194
v -0.328929 -1.62728 -0.00253325
v -0.328103 -1.62622 -0.00163368
v -0.328864 -1.63597 0.00446257
v -0.328187 -1.63392 0.00526512
v -0.32964 -1.63329 0.00361751
v -0.330433 -1.63544 0.00259333
v -0.330455 -1.63258 0.00111456
v -0.331347 -1.63486 -0.000172196
v -0.329533 -1.62805 6.48277e-05
v -0.32864 -1.62691 0.000658009
v -0.33006 -1.62965 -0.000735876
v -0.321716 -1.62664 -0.00397837
v -0.32194 -1.62774 -0.00520374
v -0.32417 -1.62726 -0.0052942
v -0.323786 -1.6262 -0.004065
v -0.322322 -1.62948 -0.00632512
v -0.324561 -1.629 -0.00641109
v -0.324516 -1.63694 0.00560399
v -0.324045 -1.63492 0.00623103
v -0.326241 -1.63443 0.00600885
v -0.32681 -1.63645 0.00533914
v -0.340038 -1.7083 -0.0576951
v -0.343784 -1.70743 -0.0577664
v -0.347725 -1.70646 -0.0573929
v -0.354385 -1.7082 -0.0531098
v -0.355795 -1.71201 -0.0514513
v -0.353904 -1.70571 -0.0545813
v -0.351456 -1.70544 -0.0561322
v -0.35377 -1.70747 -0.0582551
v -0.342068 -1.71605 -0.0526944
v -0.344988 -1.71613 -0.0528304
v -0.348083 -1.71665 -0.0533952
v -0.350925 -1.71616 -0.0551032
v -0.343245 -1.717 -0.0266503
v -0.342507 -1.71379 -0.0242305
v -0.346022 -1.71257 -0.0259879
v -0.346617 -1.71555 -0.0284213
v -0.341435 -1.70915 -0.021063
v -0.345088 -1.70814 -0.0227728
v -0.348517 -1.70681 -0.0268901
v -0.349259 -1.71081 -0.0300529
v -0.349662 -1.71331 -0.0323425
v -0.352111 -1.70874 -0.0357416
v -0.352341 -1.71073 -0.0375578
v -0.351554 -1.70516 -0.0329102
v -0.353304 -1.70239 -0.0393702
v -0.353731 -1.70569 -0.0417798
v -0.34242 -1.68121 -0.0443287
v -0.343668 -1.68801 -0.0484683
v -0.34728 -1.68765 -0.0475174
v -0.346133 -1.68079 -0.0432715
v -0.344651 -1.69349 -0.0517744
v -0.34817 -1.69315 -0.0508936
v -0.351061 -1.69441 -0.0486958
v -0.350218 -1.68883 -0.0451515
v -0.349111 -1.68181 -0.0406723
v -0.35214 -1.6924 -0.0409746
v -0.351006 -1.68515 -0.0361274
v -0.352993 -1.69813 -0.0448048
v -0.352378 -1.69652 -0.03523
v -0.351153 -1.68911 -0.0300597
v -0.333894 -1.68272 -0.0442252
v -0.335449 -1.6895 -0.0483394
v -0.339639 -1.68865 -0.0485591
v -0.338246 -1.68186 -0.0444502
v -0.336705 -1.69496 -0.0516357
v -0.340751 -1.69413 -0.0518485
v -0.349348 -1.71717 -0.0454875
v -0.349855 -1.71815 -0.0445636
v -0.351894 -1.71661 -0.0447987
v -0.351403 -1.71578 -0.0457798
v -0.34309 -1.71873 -0.0479734
v -0.343418 -1.71989 -0.0475972
v -0.346875 -1.7191 -0.0463683
v -0.346426 -1.71801 -0.0469497
v -0.343651 -1.72043 -0.044451
v -0.347183 -1.71947 -0.0436308
v -0.349076 -1.71552 -0.0454047
v -0.345971 -1.71619 -0.0459134
v -0.342621 -1.71683 -0.0463444
v -0.343924 -1.72029 -0.0328423
v -0.347216 -1.7188 -0.0340719
v -0.347289 -1.71939 -0.0389209
v -0.343858 -1.72063 -0.0387198
v -0.353231 -1.71408 -0.0459521
v -0.351317 -1.71424 -0.0461928
v -0.366938 -1.71988 -0.0470487
v -0.367636 -1.71954 -0.0494229
v -0.372997 -1.72247 -0.0519396
v -0.372595 -1.72319 -0.0496572
v -0.372358 -1.72322 -0.0538766
v -0.376046 -1.7253 -0.0580215
v -0.377017 -1.72491 -0.0560991
v -0.37701 -1.72582 -0.0538959
v -0.356948 -1.72075 -0.0463603
v -0.35734 -1.71947 -0.0445877
v -0.364129 -1.72415 -0.0451574
v -0.363663 -1.72497 -0.047488
v -0.358754 -1.71745 -0.0450525
v -0.360171 -1.71577 -0.0471166
v -0.365491 -1.72193 -0.0452209
v -0.361042 -1.71596 -0.0496807
v -0.37455 -1.72664 -0.0589176
v -0.377225 -1.72803 -0.0631836
v -0.378739 -1.7271 -0.0623074
v -0.373422 -1.72834 -0.0579955
v -0.376317 -1.72946 -0.0623533
v -0.378233 -1.72997 -0.0664882
v -0.378902 -1.72884 -0.0671527
v -0.38034 -1.72828 -0.0663983
v -0.369174 -1.72789 -0.0506728
v -0.369524 -1.72676 -0.0536379
v -0.369867 -1.72753 -0.0480532
v -0.374423 -1.72975 -0.0524244
v -0.373434 -1.7297 -0.0550695
v -0.370886 -1.72492 -0.0546764
v -0.371285 -1.72543 -0.047936
v -0.375901 -1.72797 -0.052251
v -0.382505 -1.72939 -0.0631556
v -0.381839 -1.72844 -0.0648616
v -0.382217 -1.72877 -0.0692795
v -0.383081 -1.72967 -0.0682053
v -0.380682 -1.72842 -0.0702658
v -0.37982 -1.72732 -0.0740525
v -0.381164 -1.72773 -0.073619
v -0.382024 -1.72848 -0.0731674
v -0.379446 -1.72987 -0.0569265
v -0.377899 -1.73125 -0.0571376
v -0.380388 -1.72798 -0.0584219
v -0.381724 -1.73093 -0.0619496
v -0.380174 -1.7319 -0.0621627
v -0.380024 -1.72701 -0.0604808
v -0.376647 -1.73088 -0.0596293
v -0.378787 -1.73133 -0.0642408
v -0.378998 -1.72542 -0.0775618
v -0.379644 -1.72594 -0.0773906
v -0.378101 -1.72519 -0.0776578
v -0.376787 -1.72355 -0.0798601
v -0.376955 -1.72333 -0.0802498
v -0.377668 -1.72394 -0.0797666
v -0.379753 -1.73077 -0.0689571
v -0.379099 -1.72959 -0.070411
v -0.381079 -1.73141 -0.067591
v -0.380477 -1.72955 -0.0728973
v -0.379391 -1.729 -0.0735527
v -0.378787 -1.7281 -0.0742262
v -0.37948 -1.72872 -0.070796
v -0.378938 -1.72746 -0.0743469
v -0.382491 -1.73083 -0.0674406
v -0.381616 -1.72926 -0.0728248
v -0.376356 -1.72383 -0.0799428
v -0.376343 -1.72367 -0.0802915
v -0.375994 -1.72266 -0.0811947
v -0.376221 -1.72329 -0.0803419
v -0.377032 -1.72427 -0.0797517
v -0.377077 -1.72371 -0.0801993
v -0.377831 -1.72616 -0.0776042
v -0.377445 -1.72566 -0.0777964
v -0.378591 -1.72654 -0.0773134
v -0.3775 -1.72524 -0.0778376
v -0.379329 -1.72634 -0.0773283
v -0.353524 -1.71097 -0.0625317
v -0.352963 -1.71288 -0.0641545
v -0.356726 -1.71262 -0.0643278
v -0.356265 -1.71032 -0.062087
v -0.353018 -1.71581 -0.0666725
v -0.357066 -1.71567 -0.0670699
v -0.350455 -1.7129 -0.0633443
v -0.352037 -1.71033 -0.0615575
v -0.350433 -1.71595 -0.0656247
v -0.355399 -1.70886 -0.0602135
v -0.351279 -1.71902 -0.06853
v -0.353334 -1.719 -0.069533
v -0.351426 -1.7191 -0.0673792
v -0.352933 -1.722 -0.070057
v -0.352133 -1.72211 -0.0710066
v -0.35361 -1.72222 -0.0718106
v -0.354118 -1.72676 -0.0719234
v -0.355779 -1.7271 -0.0716642
v -0.356054 -1.72788 -0.0723354
v -0.353779 -1.7272 -0.0724292
v -0.35765 -1.72675 -0.0714974
v -0.358546 -1.72709 -0.0720941
v -0.358759 -1.72677 -0.0726747
v -0.356545 -1.7272 -0.0728592
v -0.354328 -1.72693 -0.0728106
v -0.3574 -1.7189 -0.0699634
v -0.360461 -1.71889 -0.0694951
v -0.357484 -1.72213 -0.0721638
v -0.360717 -1.72204 -0.0717402
v -0.353519 -1.71937 -0.0666327
v -0.356723 -1.71939 -0.0667442
v -0.357969 -1.72221 -0.0693509
v -0.35513 -1.7221 -0.0693156
v -0.359785 -1.71913 -0.0680747
v -0.360481 -1.72213 -0.0704728
v -0.355684 -1.72497 -0.0708532
v -0.358157 -1.725 -0.0708124
v -0.353605 -1.72492 -0.0714621
v -0.357112 -1.72514 -0.072994
v -0.353804 -1.72519 -0.0727573
v -0.360047 -1.72497 -0.0726488
v -0.360102 -1.72501 -0.0716636
v -0.352694 -1.7251 -0.0721836
v -0.329258 -1.71624 -0.0439412
v -0.331134 -1.719 -0.0434115
v -0.330741 -1.71828 -0.0454362
v -0.32916 -1.71565 -0.0464871
v -0.332275 -1.72023 -0.043559
v -0.332284 -1.71999 -0.0448074
v -0.332636 -1.71955 -0.0454501
v -0.331641 -1.71823 -0.0460687
v -0.3295 -1.71727 -0.0472626
v -0.336377 -1.72001 -0.0354441
v -0.33659 -1.72112 -0.0385317
v -0.333328 -1.72022 -0.0406112
v -0.332591 -1.71873 -0.0391126
v -0.336738 -1.72172 -0.0415729
v -0.333951 -1.72116 -0.0422023
v -0.321452 -1.63383 0.00712438
v -0.321113 -1.63235 0.00743293
v -0.319412 -1.6342 0.00665098
v -0.3191 -1.6327 0.0070007
v -0.319047 -1.63114 0.00679463
v -0.3209 -1.63081 0.00717158
v -0.334077 -1.7011 -0.0544422
v -0.334469 -1.70244 -0.0551444
v -0.330493 -1.70223 -0.0540248
v -0.33094 -1.70351 -0.0547169
v -0.331473 -1.70466 -0.0549823
v -0.334911 -1.70365 -0.055415
v -0.325675 -1.70567 -0.0505044
v -0.326055 -1.70972 -0.0467313
v -0.32651 -1.71072 -0.0474774
v -0.326142 -1.70676 -0.0511775
v -0.328208 -1.71372 -0.041765
v -0.328669 -1.71486 -0.0427698
v -0.32703 -1.71146 -0.0481705
v -0.326688 -1.70766 -0.051559
v -0.327661 -1.71186 -0.04897
v -0.328101 -1.71282 -0.050057
v -0.32776 -1.70991 -0.0521414
v -0.327366 -1.70852 -0.0516615
v -0.317718 -1.63418 0.00528104
v -0.317457 -1.63264 0.00573556
v -0.316496 -1.63376 0.00301258
v -0.316282 -1.63217 0.00362352
v -0.316521 -1.63066 0.00382209
v -0.317565 -1.63109 0.00568229
v -0.327403 -1.7034 -0.0528478
v -0.327872 -1.7046 -0.0535204
v -0.328428 -1.70566 -0.0537952
v -0.335481 -1.70493 -0.0552406
v -0.332175 -1.70586 -0.0547991
v -0.332769 -1.70757 -0.0551506
v -0.336059 -1.7067 -0.0556607
v -0.329691 -1.7206 -0.0528404
v -0.326245 -1.72619 -0.0498889
v -0.328442 -1.72726 -0.0496749
v -0.332321 -1.72226 -0.05147
v -0.321876 -1.73205 -0.0493052
v -0.323999 -1.73306 -0.0498764
v -0.326254 -1.73384 -0.048686
v -0.330677 -1.72758 -0.047829
v -0.335522 -1.7212 -0.0488842
v -0.337138 -1.71915 -0.0556149
v -0.338986 -1.7179 -0.0562851
v -0.336707 -1.719 -0.0598408
v -0.335115 -1.71992 -0.057126
v -0.338148 -1.71715 -0.0617715
v -0.33573 -1.71942 -0.0636293
v -0.333947 -1.72144 -0.0628453
v -0.330312 -1.72243 -0.0620673
v -0.332138 -1.72061 -0.0593605
v -0.332826 -1.72041 -0.0577452
v -0.329135 -1.70676 -0.053643
v -0.32961 -1.70839 -0.053918
v -0.339248 -1.71732 -0.0487849
v -0.338977 -1.71673 -0.045847
v -0.335534 -1.72062 -0.0455373
v -0.3349 -1.71932 -0.0440793
v -0.338929 -1.7166 -0.0446403
v -0.327406 -1.72359 -0.0639392
v -0.326354 -1.72019 -0.0609652
v -0.327806 -1.71944 -0.0589012
v -0.32711 -1.72365 -0.0655869
v -0.326593 -1.72048 -0.0627895
v -0.326525 -1.71825 -0.0609731
v -0.326127 -1.71724 -0.0591245
v -0.326723 -1.71558 -0.0562289
v -0.331533 -1.72025 -0.055944
v -0.329565 -1.71956 -0.0573259
v -0.328257 -1.7173 -0.0546011
v -0.337145 -1.71213 -0.059938
v -0.337993 -1.7148 -0.0615511
v -0.333369 -1.71336 -0.0597365
v -0.335577 -1.71602 -0.0620624
v -0.317903 -1.62776 -0.00342704
v -0.316646 -1.62838 -0.0025273
v -0.316429 -1.62963 -0.00357399
v -0.31782 -1.62894 -0.00458996
v -0.31599 -1.62909 -0.00092663
v -0.315688 -1.63042 -0.00176179
v -0.315913 -1.63211 -0.00271356
v -0.316712 -1.63135 -0.00462522
v -0.318162 -1.63068 -0.00569008
v -0.320118 -1.63795 0.00493389
v -0.318352 -1.63817 0.00324248
v -0.31815 -1.63594 0.00425877
v -0.319833 -1.63584 0.00573184
v -0.317094 -1.63809 0.000592387
v -0.316943 -1.6357 0.00186805
v -0.315969 -1.62992 0.00139761
v -0.315661 -1.63135 0.000873062
v -0.315861 -1.63299 8.09926e-05
v -0.319669 -1.62718 -0.00382473
v -0.319737 -1.62831 -0.0050359
v -0.320108 -1.63005 -0.00615465
v -0.322226 -1.63749 0.00558666
v -0.32185 -1.63544 0.00625432
v -0.336544 -1.70925 -0.0575374
v -0.333031 -1.71014 -0.0569181
v -0.328296 -1.71894 -0.0502209
v -0.328003 -1.71481 -0.0520363
v -0.327484 -1.71229 -0.0536219
v -0.329508 -1.7109 -0.0553892
v -0.329058 -1.71359 -0.0575391
v -0.339509 -1.71753 -0.0525616
v -0.33697 -1.71948 -0.05287
v -0.334164 -1.72041 -0.0543624
v -0.339464 -1.71722 -0.0276223
v -0.338682 -1.71418 -0.0251835
v -0.335459 -1.7167 -0.0310115
v -0.334716 -1.71412 -0.0287149
v -0.333631 -1.71012 -0.0255683
v -0.337574 -1.70973 -0.0219811
v -0.331534 -1.71584 -0.0361308
v -0.330873 -1.71383 -0.0343113
v -0.327616 -1.71215 -0.0404677
v -0.326574 -1.70895 -0.038045
v -0.329814 -1.71029 -0.0314845
v -0.325656 -1.68527 -0.0435503
v -0.322269 -1.68658 -0.0421723
v -0.32423 -1.6933 -0.0464767
v -0.3275 -1.69196 -0.0477317
v -0.320332 -1.68881 -0.0393569
v -0.322393 -1.69566 -0.0439076
v -0.324067 -1.7011 -0.0475092
v -0.325829 -1.69866 -0.0499025
v -0.329005 -1.69733 -0.0510745
v -0.320581 -1.69256 -0.034733
v -0.322719 -1.69964 -0.0396541
v -0.322734 -1.69598 -0.0286711
v -0.324855 -1.70322 -0.0338772
v -0.324445 -1.70522 -0.0435404
v -0.329634 -1.68394 -0.0440482
v -0.331342 -1.69067 -0.0481788
v -0.332731 -1.69609 -0.0514878
v -0.3368 -1.72044 -0.0447046
v -0.334247 -1.72021 -0.0448094
v -0.33426 -1.72115 -0.0437534
v -0.336875 -1.72153 -0.0437102
v -0.339813 -1.71974 -0.0465113
v -0.339996 -1.7209 -0.0458879
v -0.340071 -1.72133 -0.0430655
v -0.336263 -1.71881 -0.0446136
v -0.339362 -1.71789 -0.0454769
v -0.340208 -1.72125 -0.0382398
v -0.340248 -1.72061 -0.0332974
v -0.331779 -1.71949 -0.0448233
v -0.333575 -1.71877 -0.0452066
v -0.322104 -1.73112 -0.0450934
v -0.318543 -1.73672 -0.0473343
v -0.317666 -1.73632 -0.0495631
v -0.321145 -1.73119 -0.0474064
v -0.315689 -1.74118 -0.051265
v -0.315075 -1.74041 -0.0534413
v -0.315956 -1.74033 -0.0554429
v -0.318427 -1.73672 -0.0515607
v -0.331454 -1.72715 -0.0451446
v -0.327338 -1.73407 -0.0458875
v -0.326733 -1.73351 -0.0435032
v -0.330661 -1.72615 -0.0432945
v -0.328421 -1.72505 -0.0436201
v -0.324485 -1.7322 -0.0434175
v -0.326224 -1.72429 -0.0455676
v -0.325382 -1.72493 -0.0480917
v -0.314151 -1.74324 -0.059534
v -0.315852 -1.74338 -0.0605488
v -0.31783 -1.74083 -0.0564838
v -0.312978 -1.74509 -0.0635022
v -0.314452 -1.74493 -0.0643833
v -0.315631 -1.74562 -0.0637997
v -0.317394 -1.74421 -0.0598247
v -0.319697 -1.74179 -0.0556905
v -0.322601 -1.73851 -0.0516213
v -0.323676 -1.73928 -0.0487157
v -0.320559 -1.74293 -0.0528012
v -0.319926 -1.74339 -0.0500865
v -0.323113 -1.73924 -0.0460412
v -0.320455 -1.73755 -0.0525104
v -0.320887 -1.73805 -0.0457684
v -0.317804 -1.74251 -0.0497587
v -0.311858 -1.74703 -0.0601197
v -0.311072 -1.74758 -0.0651029
v -0.311325 -1.7464 -0.0662252
v -0.311858 -1.7459 -0.0618532
v -0.311048 -1.74609 -0.0701045
v -0.31142 -1.74504 -0.0706104
v -0.312387 -1.74409 -0.0711466
v -0.312437 -1.7454 -0.067327
v -0.317261 -1.74643 -0.0545359
v -0.315266 -1.74593 -0.0541727
v -0.315172 -1.74815 -0.0593713
v -0.313367 -1.74801 -0.0590132
v -0.313432 -1.74474 -0.0555484
v -0.313128 -1.74374 -0.0576088
v -0.31799 -1.74557 -0.0571126
v -0.315961 -1.74704 -0.0615433
v -0.311631 -1.74284 -0.0744589
v -0.311949 -1.7421 -0.0746733
v -0.312261 -1.74024 -0.076953
v -0.31257 -1.73939 -0.0774827
v -0.312854 -1.73951 -0.0771134
v -0.312626 -1.74149 -0.0748402
v -0.314379 -1.74574 -0.0676282
v -0.314473 -1.74706 -0.0661502
v -0.313656 -1.74433 -0.0714244
v -0.313599 -1.74539 -0.0707219
v -0.312948 -1.74636 -0.0699891
v -0.31371 -1.7482 -0.0646928
v -0.313598 -1.74513 -0.0679613
v -0.313213 -1.74383 -0.0715178
v -0.3122 -1.74833 -0.0644141
v -0.311806 -1.7466 -0.0698145
v -0.313361 -1.73958 -0.0772393
v -0.313193 -1.73904 -0.0776368
v -0.313035 -1.7384 -0.0784929
v -0.31327 -1.73944 -0.0775845
v -0.312647 -1.73979 -0.0774304
v -0.312985 -1.74027 -0.0770003
v -0.31342 -1.74164 -0.0750453
v -0.313328 -1.74225 -0.0748318
v -0.312857 -1.74292 -0.0744854
v -0.31317 -1.74128 -0.0750723
v -0.312108 -1.74306 -0.0744328
v -0.331255 -1.7165 -0.0620871
v -0.328636 -1.71716 -0.0614355
v -0.329278 -1.7194 -0.063709
v -0.332501 -1.71794 -0.0637933
v -0.329762 -1.72234 -0.0664205
v -0.333116 -1.72069 -0.0663066
v -0.332067 -1.71529 -0.0611272
v -0.334251 -1.71692 -0.0630397
v -0.334908 -1.71979 -0.065322
v -0.328601 -1.7155 -0.0595263
v -0.332857 -1.724 -0.0690884
v -0.334424 -1.72319 -0.0681674
v -0.332707 -1.72733 -0.071258
v -0.334044 -1.72659 -0.0705548
v -0.333395 -1.72683 -0.0694665
v -0.334094 -1.7234 -0.0668833
v -0.333996 -1.73171 -0.0711722
v -0.334391 -1.73197 -0.0717081
v -0.33267 -1.73353 -0.0713914
v -0.332671 -1.73271 -0.0707484
v -0.333673 -1.73197 -0.0720525
v -0.331834 -1.73314 -0.0718836
v -0.329702 -1.73368 -0.0714898
v -0.330113 -1.73388 -0.070924
v -0.330841 -1.73319 -0.0704059
v -0.326705 -1.72703 -0.068377
v -0.329422 -1.72566 -0.069177
v -0.326498 -1.73018 -0.0704501
v -0.329302 -1.72889 -0.071231
v -0.332248 -1.7246 -0.0658924
v -0.331504 -1.72787 -0.0684666
v -0.329014 -1.72918 -0.0682206
v -0.32955 -1.726 -0.0657427
v -0.327096 -1.72703 -0.0669035
v -0.326763 -1.73017 -0.0691428
v -0.329729 -1.73182 -0.0696682
v -0.331968 -1.73075 -0.0699568
v -0.333748 -1.72983 -0.0707887
v -0.333362 -1.7302 -0.0720989
v -0.330398 -1.73154 -0.0720063
v -0.327815 -1.73261 -0.0713563
v -0.327899 -1.73266 -0.0703434
v -0.334467 -1.72963 -0.0716197
v -0.320848 -1.62912 0.00652317
v -0.322544 -1.62871 0.00648647
v -0.319328 -1.6294 0.00622135
v -0.3198 -1.62754 0.005465
v -0.320888 -1.62735 0.00568004
v -0.322103 -1.62705 0.00565359
v -0.318123 -1.62936 0.0053273
v -0.317281 -1.62902 0.00383175
v -0.31834 -1.62727 0.00376129
v -0.31894 -1.62752 0.00482759
v -0.325956 -1.62514 -0.0017726
v -0.324775 -1.62517 -0.00236798
v -0.326767 -1.6254 -0.00056385
v -0.325125 -1.62469 0.000626067
v -0.324547 -1.62451 -0.000235731
v -0.323703 -1.62452 -0.000660135
v -0.327199 -1.62596 0.00127815
v -0.327194 -1.62666 0.00325314
v -0.32543 -1.62559 0.00334741
v -0.325434 -1.62509 0.00193933
v -0.32325 -1.6254 -0.00251554
v -0.321544 -1.62576 -0.00244325
v -0.322612 -1.62469 -0.000765068
v -0.32139 -1.62495 -0.000713176
v -0.317383 -1.62718 -0.0012722
v -0.316854 -1.62776 1.47669e-05
v -0.318407 -1.62668 -0.00199632
v -0.319144 -1.62561 -0.000394041
v -0.318413 -1.62596 0.000122344
v -0.318035 -1.62637 0.00103994
v -0.316837 -1.62842 0.00188294
v -0.318023 -1.62685 0.00237187
v -0.32424 -1.62832 0.00632516
v -0.325695 -1.62788 0.00584967
v -0.323318 -1.62677 0.00553823
v -0.324359 -1.62646 0.0051989
v -0.326696 -1.62733 0.0048269
v -0.325074 -1.62606 0.00446951
v -0.319857 -1.6262 -0.00231754
v -0.320182 -1.62526 -0.000623262
v -0.323566 -1.63509 -0.00948328
v -0.321285 -1.63564 -0.00931117
v -0.321466 -1.63831 -0.0118659
v -0.324098 -1.63767 -0.0120603
v -0.319235 -1.6362 -0.0088355
v -0.319087 -1.63893 -0.0113306
v -0.318709 -1.64201 -0.0141454
v -0.321545 -1.64127 -0.0147602
v -0.324665 -1.64052 -0.0149848
v -0.316664 -1.63717 -0.00572067
v -0.316499 -1.63769 -0.00268312
v -0.315847 -1.64059 -0.00425924
v -0.316045 -1.63998 -0.00778128
v -0.316559 -1.64105 -0.00041672
v -0.315807 -1.64496 -0.0013043
v -0.314854 -1.64424 -0.00585822
v -0.315053 -1.64335 -0.0100142
v -0.317628 -1.63669 -0.00774151
v -0.317193 -1.63945 -0.0100953
v -0.316432 -1.64265 -0.0127191
v -0.329701 -1.65815 0.00612233
v -0.326288 -1.65864 0.00545885
v -0.324477 -1.65036 0.0066529
v -0.327707 -1.64981 0.00711935
v -0.322669 -1.65877 0.00318708
v -0.321207 -1.65064 0.00486781
v -0.320347 -1.64495 0.00509306
v -0.323221 -1.64447 0.00641454
v -0.326222 -1.64382 0.0066737
v -0.318886 -1.65874 -0.000501254
v -0.317997 -1.65074 0.00177112
v -0.31575 -1.65809 -0.00542339
v -0.315441 -1.65034 -0.00254928
v -0.317757 -1.64517 0.0024797
v -0.326752 -1.63711 -0.0121458
v -0.325869 -1.63461 -0.00955881
v -0.32781 -1.63985 -0.0150876
v -0.330717 -1.63928 -0.0147719
v -0.329194 -1.63665 -0.0118653
v -0.327981 -1.63422 -0.00930752
v -0.330918 -1.63395 -0.00648717
v -0.332618 -1.63624 -0.00865295
v -0.333296 -1.63665 -0.00517285
v -0.331493 -1.6343 -0.00348804
v -0.334859 -1.63885 -0.011039
v -0.335713 -1.6395 -0.00692945
v -0.335515 -1.64048 -0.00231589
v -0.33312 -1.63731 -0.00128218
v -0.331203 -1.63629 -0.0108347
v -0.329709 -1.63396 -0.00839245
v -0.333133 -1.63885 -0.013588
v -0.330893 -1.64889 0.00628202
v -0.33303 -1.65708 0.0050545
v -0.329215 -1.64311 0.00608736
v -0.33196 -1.64232 0.00447049
v -0.333913 -1.64773 0.00416251
v -0.336284 -1.65562 0.00241607
v -0.336536 -1.64649 0.00080092
v -0.339291 -1.65401 -0.00156634
v -0.334174 -1.64145 0.00162272
v -0.338204 -1.64512 -0.00369559
v -0.341264 -1.65216 -0.006686
v -0.32715 -1.63135 -0.00747607
v -0.3288 -1.6312 -0.0065892
v -0.329964 -1.63135 -0.00477196
v -0.330545 -1.63187 -0.00195492
v -0.322922 -1.63215 -0.00763887
v -0.325129 -1.63169 -0.00771688
v -0.31731 -1.63385 -0.00594772
v -0.318796 -1.63328 -0.00700927
v -0.316452 -1.63446 -0.00401823
v -0.316345 -1.63514 -0.00116313
v -0.320738 -1.6327 -0.00747139
v -0.322576 -1.64034 0.00579228
v -0.325198 -1.63973 0.00589982
v -0.320139 -1.64087 0.00486439
v -0.31806 -1.64114 0.00275471
v -0.327827 -1.63916 0.00551266
v -0.330197 -1.63861 0.00433188
v -0.332035 -1.63799 0.00202099
v -0.34206 -1.67701 -0.00656128
v -0.33922 -1.66615 -0.00144543
v -0.342529 -1.6643 -0.00625135
v -0.34553 -1.67507 -0.0121035
v -0.34469 -1.66195 -0.0121748
v -0.347746 -1.67236 -0.0186986
v -0.334577 -1.67946 -0.00173252
v -0.332142 -1.66875 0.0028953
v -0.335705 -1.66766 0.00167811
v -0.338352 -1.67842 -0.00305134
v -0.326542 -1.68068 -0.00567331
v -0.322222 -1.68061 -0.0108913
v -0.320372 -1.66951 -0.00510725
v -0.324536 -1.6696 -0.000622655
v -0.318555 -1.67931 -0.01728
v -0.316858 -1.6685 -0.0108142
v -0.33068 -1.68022 -0.00258232
v -0.328471 -1.66936 0.00210764
v -0.321888 -1.64541 -0.0177816
v -0.325485 -1.64452 -0.0180303
v -0.318601 -1.64627 -0.0171044
v -0.319067 -1.65255 -0.0212378
v -0.322747 -1.65153 -0.0219365
v -0.326749 -1.65051 -0.0221924
v -0.314155 -1.64925 -0.0077404
v -0.314323 -1.64797 -0.0124699
v -0.314114 -1.65647 -0.0111541
v -0.31422 -1.65467 -0.0162894
v -0.315932 -1.64704 -0.0155191
v -0.316038 -1.65345 -0.019563
v -0.329112 -1.64375 -0.0181522
v -0.330796 -1.64966 -0.0223408
v -0.334583 -1.64894 -0.0220153
v -0.332482 -1.64309 -0.0178152
v -0.337378 -1.64267 -0.0136376
v -0.338437 -1.64367 -0.00895806
v -0.340208 -1.64862 -0.017576
v -0.341498 -1.65011 -0.0124969
v -0.335315 -1.64259 -0.016508
v -0.337807 -1.64839 -0.0206493
v -0.338332 -1.69576 -0.01179
v -0.33439 -1.69653 -0.0126776
v -0.332625 -1.68906 -0.00759631
v -0.336594 -1.68825 -0.0067194
v -0.330308 -1.69712 -0.0161131
v -0.328461 -1.68962 -0.0109026
v -0.326214 -1.69729 -0.0219343
v -0.324197 -1.68965 -0.0165275
v -0.320571 -1.68828 -0.0232128
v -0.34043 -1.68726 -0.00813873
v -0.342132 -1.69481 -0.0133144
v -0.344166 -1.68595 -0.0118932
v -0.345795 -1.69358 -0.0172298
v -0.34762 -1.68408 -0.017802
v -0.34913 -1.69187 -0.0232683
v -0.349772 -1.68127 -0.0246331
v -0.324238 -1.65995 -0.0279747
v -0.328535 -1.6588 -0.0282155
v -0.320263 -1.66114 -0.0273069
v -0.321932 -1.67029 -0.0337917
v -0.326056 -1.66897 -0.0344013
v -0.330493 -1.66771 -0.0346172
v -0.314938 -1.66622 -0.0169844
v -0.314955 -1.66376 -0.0222931
v -0.316456 -1.67642 -0.0236753
v -0.316375 -1.67335 -0.0289252
v -0.316937 -1.66221 -0.0256299
v -0.318438 -1.67149 -0.0321804
v -0.332904 -1.65792 -0.028401
v -0.335025 -1.66683 -0.0348342
v -0.339339 -1.66615 -0.0346289
v -0.33703 -1.6572 -0.0281293
v -0.343308 -1.65708 -0.0236682
v -0.344851 -1.65917 -0.0184274
v -0.346045 -1.66627 -0.0303372
v -0.347796 -1.66894 -0.0251657
v -0.340592 -1.65663 -0.0267846
v -0.34311 -1.66561 -0.0333605
v -0.332047 -1.71732 -0.0376315
v -0.336004 -1.71857 -0.0330515
v -0.339997 -1.71931 -0.0299629
v -0.343721 -1.71912 -0.0290701
v -0.326819 -1.70177 -0.0518515
v -0.32994 -1.7005 -0.0530072
v -0.325088 -1.70415 -0.0495172
v -0.325478 -1.70827 -0.0456898
v -0.333583 -1.69932 -0.0534146
v -0.337454 -1.69822 -0.0535563
v -0.349922 -1.71508 -0.0343879
v -0.352476 -1.71218 -0.0390643
v -0.346998 -1.71756 -0.0307648
v -0.34519 -1.69673 -0.0536789
v -0.348627 -1.69636 -0.0528084
v -0.351463 -1.69759 -0.0506703
v -0.353375 -1.70132 -0.0469276
v -0.341392 -1.69739 -0.0537594
v -0.347297 -1.70079 -0.0224404
v -0.350492 -1.69922 -0.0285443
v -0.339989 -1.70291 -0.0167625
v -0.343732 -1.70197 -0.0183895
v -0.328183 -1.70446 -0.0271545
v -0.332099 -1.70418 -0.0212005
v -0.33609 -1.70361 -0.0176599
v -0.327865 -1.67686 -0.0396417
v -0.332265 -1.67559 -0.0398364
v -0.323766 -1.67822 -0.0390897
v -0.318411 -1.68504 -0.0295305
v -0.318242 -1.68156 -0.0345213
v -0.320275 -1.67949 -0.0375851
v -0.336763 -1.67472 -0.040064
v -0.341066 -1.67406 -0.0399073
v -0.347864 -1.67443 -0.0359042
v -0.349719 -1.67749 -0.0309946
v -0.344862 -1.67358 -0.0387395
vt 1 0.003472
vt 1 1
vt 1 0.02083
vt 1 0.8333
vt 1 -1.192e-07
vt 0.1009 0.02083
vt 1 0
vt 0.1009 0.02083
vt 1 0
vt 0.9999 0.01389
vt 1 0.1667
vt 1 0.003472
vt 0.139 0.02083
vt 0.06469 0.02083
vt 0.9996 0.003474
vt 1 1
vt 1 0
vt 1 0
vt 1 0.9943
vt 0.9874 0.5
vt 1 0.9804
vt 1 0.1667
vt 1 0.8383
vt 0.9963 0.01737
vt 1 1
vt 1 -1.192e-07
vt 1 0.02083
vt 1 0
vt 0.9874 0.8332
vt 1 0.9826
vt 1 0.003472
vt 1 0.9804
vt 1 0.9792
vt 0.9963 0.9826
vt 1 1
vt 1 0.1667
vt 1 0
vt 1 0
vt 1 0.9876
vt 1 5.96e-08
vt 1 0.8333
vt 1 0.01389
vt 1 0.504
vt 1 0.003472
vt 1 0.8333
vt 1 0.003472
vt 1 0.9943
vt 1 1
vt 1 0.02083
vt 1 0.9804
vt 0.9995 6.557e-07
vt 1 0.003472
vt 1 0
vt 1 0.5
vt 1 0.5158
vt 1 0.01389
vt 0.9874 0.1667
vt 1 0.8383
vt 1 0
vt 1 0.504
vt 0.9999 0.01389
vt 0.06469 0.9792
vt 1 0
vt 0.06469 0.5
vt 0.9963 0.01737
vt 0.06469 0.8333
vt 0.06469 0
vt 0.03274 0.8333
vt 0.06469 -1.192e-07
vt 0.9999 0.01389
vt 1 1
vt 1 0
vt 1 0.9826
vt 1 -1.192e-07
vt 1 1
vt 1 -1.192e-07
vt 1 0.25
vt 1 0.003472
vt 1 0.9821
vt 1 -1.192e-07
vt 1 0.8383
vt 1 0.5
vt 1 0
vt 1 0.5
vt 1 0
vt 1 0.8383
vt 1 0.003472
vt 0.03275 0.9792
vt 1 0.5
vt 1 0.1809
vt 1 -1.192e-07
vt 1 0.88
vt 1 0.5158
vt 1 0
vt 0.1009 -1.192e-07
vt 0.9996 0.003474
vt 0.1009 -1.192e-07
vt 0.9959 1
vt 0.06469 0
vt 0.987 1
vt 0.06469 0.9792
vt 1 0
vt 0.01038 0.9792
vt 0.06469 0
vt 1 0.88
vt 1 0
vt 0.06469 1
vt 1 0.1809
vt 1 0.1667
vt 1 0.02083
vt 1 0.8554
vt 1 0
vt 1 0.9876
vt 0.996 5.722e-06
vt 1 0.96
vt 0.9996 0.003474
vt 1 0.9821
vt 1 -1.192e-07
vt 1 0.5158
vt 1 0.9821
vt 1 0
vt 0.996 0
vt 1 0.8554
vt 1 0.5027
vt 1 0
vt 1 1
vt 1 1
vt 0.9735 0.8332
vt 1 0.9826
vt 1 0
vt 1 0.9804
vt 1 0.5
vt 1 0.9821
vt 1 0.25
vt 1 0.8333
vt 1 0
vt 1 0
vt 0.03275 1
vt 1 -1.192e-07
vt 0.03275 0.9792
vt 1 0
vt 1 0.504
vt 0.03275 1
vt 1 0
vt 0.03275 0.9792
vt 0.01038 1
vt 1 -1.192e-07
vt 1 1
vt 1 0
vt 0.9996 0.9965
vt 0.03275 0.9792
vt 1 0
vt 1 0
vt 0.03275 0.02083
vt 0.139 0
vt 1 -1.192e-07
vt 0.03274 0.8333
vt 1 0.9792
vt 1 0
vt 1 0
vt 0.1009 -1.192e-07
vt 1 0
vt 0.01038 0.8333
vt 1 0
vt 0.03274 0.8333
vt 1 0
vt 1 0
vt 0.9996 0.003474
vt 0.1009 0.02083
vt 0.9999 0.01389
vt 0.01038 0.9792
vt 1 -1.192e-07
vt 1 0
vt 1 0
vt 0.139 0.02083
vt 1 0
vt 1 -1.192e-07
vt 1 0
vt 0.06469 0.8333
vt 1 0
vt 1 0
vt 0.03275 -1.192e-07
vt 0.1009 -1.192e-07
vt 0.9995 6.557e-07
vt 0.06469 0.02083
vt 1 0
vt 0.06469 0.1667
vt 0.01038 0.1667
vt 0.06469 0
vt 1 -1.192e-07
vt 0.1009 0.1667
vt 0.03274 0.1667
vt 0.1009 0.02083
vt 0.01038 0.8333
vt 1 -1.192e-07
vt 0.1389 0.1667
vt 0.9735 0.5
vt 1 0.9826
vt 1 -1.192e-07
vt 0.1009 0.1667
vt 1 0.504
vt 1 -1.192e-07
vt 0.03274 -1.192e-07
vt 0.01038 0.5
vt 1 0
vt 0.03274 0.1667
vt 0.03274 0.5
vt 0.03274 -1.192e-07
vt 0.03274 0.1667
vt 0.01038 -1.192e-07
vt 1 -1.192e-07
vt 0.03274 0.5
vt 0.03274 -1.192e-07
vt 0.03274 0.8333
vt 1 -1.192e-07
vt 0.03274 0.5
vt 0.03274 0.5
vt 1 -1.192e-07
vt 0.01038 0.5
vt 1 -1.192e-07
vt 0.06469 1
vt 0.03274 -1.192e-07
vt 0.06469 1
vt 0.03274 -1.192e-07
vt 0.03274 1
vt 0.03275 -1.192e-07
vt 1 0
vt 0.01038 1
vt 0.01038 0.1667
vt 0.01038 0
vt 0.06469 0.5
vt 1 -1.192e-07
vt 1 -1.192e-07
vt 0.06469 0.1667
vt 0.01038 0
vt 0.01038 1
vt 1 -1.192e-07
vt 0.03275 1
vt 0.03274 1
vt 0.06469 0
vt 0.03275 1
vt 0.03275 -1.192e-07
vt 1 -1.192e-07
vt 0.03274 1
vt 0.03274 1
vt 0.03274 1
vt 0.01038 -1.192e-07
vt 1 0
vt 1 0
vt 0.03274 1
vt 1 0
vt 0.06469 -1.192e-07
vt 0.06469 0
vt 0.9736 1
vt 0.139 0
vt 0.987 1
vt 1 0
vt 0.1389 0
vt 0.01038 1
vt 0.03274 -1.192e-07
vt 0.06469 1
vt 0.06469 -1.192e-07
vt 1 0
vt 0.01038 1
vt 1 0
vt 0.06469 1
vt 0.9736 1
vt 0.1009 0
vt 1 0
vt 0.1009 0
vt 0.987 1
vt 0.1009 -1.192e-07
vt 1 -1.192e-07
vt 0.1009 -1.192e-07
vt 0.1009 -1.192e-07
vt 1 0
vt 1 0
vt 0.987 1
vt 0.06469 -1.192e-07
vt 1 -1.192e-07
vt 0.139 0
vt 0.9959 1
vt 0.1009 -1.192e-07
vt 1 0
vt 1 1
vt 0.139 0
vt 1 0
vt 1 0
vt 1 1
vt 1 1
vt 0.9736 1
vt 1 1
vt 0.987 1
vt 0.987 1
vt 1 1
vt 1 0
vt 1 1
vt 0.9959 1
vt 1 1
vt 0.987 1
vt 1 1
vt 0.9959 1
vt 1 0
vt 1 1
vt 1 1
vt 0.9736 1
vt 1 0
vt 1 1
vt 0.987 1
vt 1 1
vt 1 0
vt 1 1
vt 1 -1.192e-07
vt 1 1
vt 1 1
vt 1 0
vt 1 1
vt 1 0
vt 1 -1.192e-07
vt 1 -1.192e-07
vt 0.9874 0.1667
vt 1 1
vt 1 0
vt 1 0.5
vt 0.06469 0.1667
vt 1 0.1809
vt 0.03274 0.1667
vt 0.9738 2.921e-06
vt 0.9735 0.1667
vt 0.9874 0.5
vt 0.9555 1.967e-06
vt 1 0
vt 1 1
vt 0.03275 0.02083
vt 1 0.25
vt 1 -1.192e-07
vt 1 0
vt 1 0.5
vt 1 0.5
vt 0.9874 0.8332
vt 1 0.5
vt 1 0
vt 1 0
vt 1 0
vt 1 0.5
vt 1 0.5
vt 1 1
vt 1 0
vt 1 0
vt 1 0
vt 1 0.5
vt 1 -1.192e-07
vt 1 0
vt 1 0
vt 1 0.1667
vt 1 0
vt 1 1
vt 0.9735 0.5
vt 1 0.9965
vt 1 -1.192e-07
vt 1 -1.192e-07
vt 1 0.5
vt 1 0.5
vt 0.9874 0.5
vt 1 0
vt 1 -1.192e-07
vt 1 -1.192e-07
vt 1 1
vt 1 0
vt 1 0.9965
vt 0.9874 0.5
vt 1 0.9861
vt 0.03275 0.02083
vt 0.924 5.782e-06
vt 1 -1.192e-07
vt 1 0.03897
vt 0.9736 0.9791
vt 0.9555 1.967e-06
vt 0.9736 1
vt 0.924 6.557e-07
vt 1 0.5
vt 1 0.5
vt 1 0.9792
vt 1 0
vt 1 0.1667
vt 1 1
vt 1 1
vt 1 1
vt 1 0.5
vt 1 0.9965
vt 1 1
vt 1 0
vt 1 1
vt 1 0.01312
vt 1 5.96e-08
vt 1 0.5
vt 1 -1.192e-07
vt 1 1
vt 0.8726 0.521
vt 1 0
vt 1 0.9792
vt 0.9995 1
vt 0.8746 1
vt 1 1
vt 0.8719 1
vt 0.06469 0.02083
vt 1 0.1485
vt 1 0
vt 1 0.08333
vt 1 0.01312
vt 1 5.96e-08
vt 0.03275 -1.192e-07
vt 1 0.9861
vt 1 0.8333
vt 1 0
vt 1 0
vt 1 0.01736
vt 1 0.5
vt 1 0.1485
vt 1 -1.192e-07
vt 1 0
vt 1 1
vt 1 0.1628
vt 1 0
vt 1 0
vt 1 0.0189
vt 1 0.88
vt 1 0.01736
vt 1 1
vt 1 0
vt 1 0.0189
vt 1 0.5
vt 1 0
vt 1 0.0189
vt 1 0
vt 1 0
vt 1 0
vt 1 0.01312
vt 1 0.8333
vt 1 5.96e-08
vt 1 0.0189
vt 1 0
vt 1 0.08333
vt 1 0
vt 1 -1.192e-07
vt 1 5.96e-08
vt 1 -1.192e-07
vt 1 0
vt 1 0
vt 1 0
vt 0.03275 0.02083
vt 1 0.03897
vt 1 0
vt 1 0
vt 1 0.01736
vt 0.01038 0.02083
vt 1 0.03897
vt 1 0
vt 1 0
vt 1 -1.192e-07
vt 1 0.1628
vt 1 0
vt 1 0.01312
vt 0.01038 0.02083
vt 1 0.01736
vt 0.01038 0
vt 1 0
vt 1 0
vt 1 0
vt 1 0
vt 1 0.1667
vt 1 0
vt 1 -1.192e-07
vt 1 0.1809
vt 0.06469 0.02083
vt 0.9738 0
vt 1 -1.192e-07
vt 1 0.1628
vt 0.9555 -1.192e-07
vt 1 0
vt 1 0.03897
vt 0.9555 -1.192e-07
vt 1 0
vt 1 0
vt 1 1
vt 1 0.9965
vt 1 0
vt 0.9871 0.9791
vt 0.9554 0.02088
vt 1 0
vt 0.9555 1.967e-06
vt 0.9963 0.9826
vt 0.9738 2.325e-05
vt 0.9871 0.9791
vt 0.9555 1.669e-05
vt 1 0
vt 0.924 0
vt 0.987 1
vt 0.9555 1.669e-05
vt 1 -1.192e-07
vt 0.924 6.557e-07
vt 0.9738 2.921e-06
vt 1 -1.192e-07
vt 0.9239 0.1667
vt 1 0
vt 0.9738 2.325e-05
vt 0.9874 0.8332
vt 0.9554 0.02088
vt 0.9871 0.9791
vt 0.924 0.02085
vt 0.987 1
vt 0.9555 1.669e-05
vt 1 -1.192e-07
vt 0.9555 1.967e-06
vt 0.9959 1
vt 0.9736 0.0209
vt 1 0
vt 1 0
vt 0.9555 1.669e-05
vt 1 0.8333
vt 0.8747 1
vt 1 5.96e-08
vt 0.9554 0.02088
vt 0.9874 0.8332
vt 0.9735 0.1667
vt 0.9735 0.8332
vt 0.8749 1
vt 0.9736 0.0209
vt 1 0
vt 0.9963 0.9826
vt 0.924 0.02085
vt 0.9553 0.1667
vt 1 0
vt 1 5.96e-08
vt 0.924 5.782e-06
vt 0.9396 1
vt 1 0
vt 0.9995 1
vt 0.8747 1
vt 0.9959 1
vt 0.9396 1
vt 0.8749 1
vt 1 0
vt 0.9736 0.9791
vt 0.9554 0.02088
vt 0.9871 0.9791
vt 0.8099 1
vt 1 0
vt 0.8102 1
vt 1 0
vt 0.9553 0.1667
vt 0.9959 1
vt 0.8747 1
vt 1 0
vt 0.9396 1
vt 0.9396 1
vt 0.9995 1
vt 0.8099 1
vt 1 0
vt 0.8746 1
vt 1 5.96e-08
vt 1 0
vt 0.9995 1
vt 0.8097 1.001
vt 1 0
vt 0.8747 1
vt 0.8097 1.001
vt 1 1
vt 0.8719 1
vt 1 5.96e-08
vt 0.8099 0.5212
vt 1 0
vt 0.9239 0.1667
vt 1 0
vt 0.9995 1
vt 0.8726 0.521
vt 0.9959 1
vt 0.9234 0.5174
vt 0.9995 1
vt 0.8101 1
vt 1 -1.192e-07
vt 0.8726 0.521
vt 1 1
vt 0.8728 0.1667
vt 0.9995 1
vt 0.81 0.1668
vt 1 1
vt 0.8728 0.1667
vt 1 -1.192e-07
vt 0.9959 1
vt 0.9234 0.5174
vt 1 -1.192e-07
vt 0.9179 1
vt 0.9995 1
vt 0.8099 0.5212
vt 1 -1.192e-07
vt 0.8726 0.521
vt 0.8729 1
vt 1 0
vt 0.8728 1
vt 0.8101 1
vt 1 -1.192e-07
vt 0.8729 1
vt 1 -1.192e-07
vt 1 -1.192e-07
vt 1 -1.192e-07
vt 1 0
vt 0.8102 1
vt 1 0
vt 0.8101 1
vt 1 0
vt 1 0
vt 1 0
vt 1 0.003472
vt 0.8722 1
vt 1 -1.192e-07
vt 1 0
vt 1 0
vt 1 0.01389
vt 0.924 1
vt 1 0.01736
vt 1 -1.192e-07
vt 1 0
vt 1 0.003472
vt 0.8728 1
vt 1 -1.192e-07
vt 1 0
vt 0.9235 1
vt 1 0.01736
vt 1 -1.192e-07
vt 1 0
vt 1 0
vt 1 0.003472
vt 0.918 1
vt 1 0
vt 1 0
vt 0.8728 1
vt 1 0
vt 1 0
vt 0.8728 1
vt 1 0.1667
vt 1 0
vt 0.9235 1
vt 1 0
vt 0.8722 1
vt 1 0.8604
vt 1 0
vt 1 0
vt 1 0
vt 1 0.96
vt 1 -1.192e-07
vt 1 0.5027
vt 1 -1.192e-07
vt 1 0.003472
vt 1 0.8554
vt 1 0
vt 1 0
vt 1 -1.192e-07
vt 1 0
vt 1 0.1628
vt 1 -1.192e-07
vt 1 0.1485
vt 1 0
vt 1 0
vt 1 0
vt 1 0.8554
vt 1 -1.192e-07
vt 1 0
vt 1 0
vt 1 0.5027
vt 1 -1.192e-07
vt 1 0.08333
vt 1 -1.192e-07
vt 1 0
vt 0.9995 0
vt 1 0
vt 1 0.5
vt 1 0
vt 1 -1.192e-07
vt 1 0
vt 1 0
vt 1 -1.192e-07
vt 1 0
vt 1 0
vt 1 0.5027
vt 1 0.5158
vt 1 0
vt 1 0
vt 1 0
vt 1 0
vt 1 -1.192e-07
vt 1 0.01389
vt 1 0
vt 1 0
vt 1 0
vt 1 0
vt 1 0
vt 0.9995 -1.192e-07
vt 1 -1.192e-07
vt 1 0
vt 1 -1.192e-07
vt 1 0.1667
vt 1 0
vt 1 -1.192e-07
vt 1 -1.192e-07
vt 1 0
vt 1 0.1485
vt 1 0
vt 1 0
vt 1 0
vt 1 0
vt 1 0
vt 1 -1.192e-07
vt 1 0
vt 1 0
vt 1 0
vt 1 -1.192e-07
vt 1 -1.192e-07
vt 1 -1.192e-07
vt 1 -1.192e-07
vt 1 -1.192e-07
vt 1 -1.192e-07
vt 1 0
vt 1 -1.192e-07
vt 1 -1.192e-07
vt 1 1
vt 0.9995 0
vt 1 -1.192e-07
vt 1 0
vt 0.9995 0
vt 0.9996 0.9965
vt 1 1
vt 0.9995 6.557e-07
vt 1 -1.192e-07
vt 1 5.96e-08
vt 0.9996 0.9965
vt 1 0
vt 1 -1.192e-07
vt 0.9995 6.557e-07
vt 1 1
vt 1 0
vt 1 -1.192e-07
vt 1 0
vt 1 -1.192e-07
vt 0.996 6.557e-07
vt 0.996 6.557e-07
vt 1 0.5
vt 1 0
vt 1 0.5027
vt 1 -1.192e-07
vt 0.996 5.722e-06
vt 1 -1.192e-07
vt 1 0.5027
vt 1 -1.192e-07
vt 1 0
vt 1 -1.192e-07
vt 1 0
vt 1 0.8604
vt 0.9995 0
vt 0.9995 -1.192e-07
vt 1 0
vt 1 0.8333
vt 1 0
vt 1 0
vt 1 0
vt 1 -1.192e-07
vt 1 0
vt 1 0
vt 1 0
vt 1 -1.192e-07
vt 1 0
vt 1 0
vt 1 0
vt 1 0
vt 1 0
vt 1 0
vt 1 0
vt 1 -1.192e-07
vt 1 0
vt 1 0
vt 1 0
vt 1 0
vt 1 -1.192e-07
vt 1 0
vt 0.9963 0.9826
vt 1 0
vt 0.9959 1
vt 1 -1.192e-07
vt 1 0
vt 1 5.96e-08
vt 0.9995 1
vt 1 0
vt 1 0
vt 1 0
vt 1 0
vt 0.9995 1
vt 1 0
vt 1 0
vt 1 -1.192e-07
vt 0.9996 0.9965
vt 1 0
vt 1 0
vt 1 0
vt 1 0
vt 1 -1.192e-07
vt 1 0
vt 1 0
vt 1 0
vt 1 0
vt 1 0
vt 1 0
vt 1 0
vt 1 0
vt 1 0
vt 1 0
vt 1 -1.192e-07
vt 1 0
vt 1 0
vt 1 5.96e-08
vt 1 -1.192e-07
vt 1 -1.192e-07
vt 1 0
vt 1 0
vt 1 0
vt 1 0
vt 1 0
vt 1 0
vt 1 0
vt 1 0
vt 1 0
vt 1 -1.192e-07
vt 1 0
vt 1 0
vt 1 -1.192e-07
vt 1 -1.192e-07
vt 1 0
vt 1 0
vt 1 0
vt 1 -1.192e-07
vn -0.9973 -0.07273 -0.0094
vn -0.9961 0.0101 -0.08759
vn -0.9512 -0.2278 -0.2081
vn -0.9804 -0.1913 0.04657
vn -0.8623 0.3846 0.3293
vn -0.8469 0.4681 0.2522
vn -0.1736 -0.4458 -0.8781
vn -0.7322 -0.4899 -0.4732
vn -0.9062 -0.4211 -0.03888
vn -0.8006 -0.5343 0.2711
vn -0.9326 -0.2501 0.2601
vn -0.8895 -0.3854 0.2455
vn -0.6957 -0.6894 0.2019
vn -0.7901 -0.6108 0.05133
vn -0.571 -0.8202 0.03497
vn -0.1262 -0.3085 0.9428
vn -0.05802 -0.001007 0.9983
vn -0.2049 0.03299 0.9782
vn -0.2762 -0.2699 0.9224
vn 0.008271 0.271 0.9625
vn -0.1193 0.308 0.9439
vn -0.3671 0.402 0.8388
vn -0.5008 0.1217 0.8569
vn -0.5818 -0.1656 0.7962
vn 0.1485 0.4439 -0.8837
vn 0.1177 0.3107 -0.9432
vn 0.07123 0.3139 -0.9467
vn 0.1005 0.4537 -0.8855
vn 0.04822 0.02756 -0.9984
vn 0.006439 0.02048 -0.9998
vn -0.151 0.01874 -0.9883
vn -0.08972 0.3245 -0.9416
vn -0.05383 0.4728 -0.8795
vn -0.8239 0.3217 -0.4666
vn -0.8141 0.2292 -0.5336
vn -0.976 0.0921 -0.1975
vn -0.9794 0.1405 -0.145
vn -0.7693 0.04517 -0.6372
vn -0.9558 0.01617 -0.2936
vn -0.9972 -0.03955 0.06369
vn -0.9954 -0.01996 0.09357
vn -0.9667 0.1243 -0.2235
vn -0.7684 0.1441 -0.6235
vn -0.775 0.5611 -0.2907
vn -0.9224 0.3587 0.1433
vn -0.7773 0.251 0.5768
vn -0.8599 0.001862 0.5105
vn -0.6067 0.5212 0.6002
vn -0.7102 0.6137 0.3448
vn -0.8892 0.3624 0.2792
vn -0.9642 0.1558 0.2145
vn -0.4387 0.3284 -0.8365
vn -0.4273 0.4612 -0.7776
vn -0.4411 0.04947 -0.8961
vn 0.04733 0.03052 -0.9984
vn 0.00293 0.02646 -0.9996
vn 0.1315 0.3887 -0.9119
vn 0.07636 0.3976 -0.9144
vn -0.0567 0.4256 -0.9031
vn -0.1445 0.02744 -0.9891
vn -0.7902 -0.2584 -0.5557
vn -0.04572 -0.8107 -0.5837
vn 0.1588 -0.4507 -0.8784
vn -0.3096 0.2671 -0.9125
vn 0.2829 -0.956 -0.0773
vn 0.4334 -0.8126 -0.3897
vn 0.5356 -0.6286 -0.5639
vn 0.3273 -0.01437 -0.9448
vn -0.09711 0.6097 -0.7866
vn 0.006897 -0.9994 -0.03369
vn -0.1704 -0.9836 -0.05896
vn 0.04398 -0.9963 -0.07355
vn 0.006775 -0.9997 0.02365
vn -0.3959 -0.918 -0.02191
vn -0.3674 -0.8886 0.2746
vn -0.3182 -0.7425 0.5894
vn 0.1249 -0.9192 0.3733
vn 0.6958 -0.4415 -0.5665
vn 0.2285 -0.466 -0.8547
vn -0.0838 -0.4386 -0.8948
vn -0.2299 -0.9427 -0.2419
vn -0.2464 -0.9677 0.05289
vn -0.4153 0.0618 -0.9075
vn -0.3391 0.5231 -0.7819
vn -0.2512 -0.9549 0.1581
vn -0.2502 -0.9649 0.07917
vn 0.12 -0.9649 0.2335
vn 0.1593 -0.9764 0.1456
vn -0.068 -0.5058 -0.86
vn 0.1436 -0.5573 -0.8178
vn 0.2913 0.0708 0.954
vn 0.3708 -0.8477 0.3794
vn -0.6611 -0.4899 0.5682
vn -0.878 -0.1959 0.4366
vn -0.6919 -0.4603 0.5562
vn -0.8489 0.5019 0.1655
vn -0.8265 0.5525 0.1077
vn -0.6149 0.6828 -0.3945
vn -0.8445 0.4208 -0.3312
vn -0.8762 0.3831 -0.2923
vn -0.9688 -0.1077 0.2229
vn -0.7622 -0.5958 0.2531
vn -0.6319 -0.7632 -0.1349
vn 0.1595 0.5422 -0.825
vn 0.09778 0.2799 -0.955
vn 0.1732 0.3314 -0.9275
vn 0.1317 0.5654 -0.8142
vn 0.3024 0.4523 -0.839
vn 0.1075 0.659 -0.7444
vn -0.08814 0.8426 -0.5313
vn -0.1656 0.6711 -0.7226
vn -0.5437 0.6565 -0.5228
vn -0.4075 0.846 -0.3439
vn -0.2074 0.5125 -0.8332
vn -0.6025 0.4959 -0.6253
vn -0.8755 0.3876 -0.2886
vn -0.8059 0.554 -0.2087
vn -0.6357 0.7684 -0.0737
vn -0.5886 0.07468 0.8049
vn -0.6043 -0.1951 0.7725
vn -0.8705 0.0005493 0.4921
vn -0.826 0.2382 0.5107
vn -0.9624 0.1733 0.2093
vn -0.8959 0.3775 0.234
vn -0.8914 0.4509 0.04569
vn -0.7143 0.685 0.1431
vn -0.9621 0.2718 -0.02072
vn 0.2188 0.7762 -0.5912
vn 0.1901 0.6146 -0.7656
vn 0.0878 0.636 -0.7667
vn 0.1263 0.7998 -0.5868
vn 0.1578 0.4588 -0.8744
vn 0.05435 0.4791 -0.876
vn -0.07501 -0.09259 0.9929
vn -0.1345 -0.3589 0.9236
vn -0.2937 -0.3164 0.902
vn -0.2717 -0.04343 0.9614
vn 0.1722 0.5838 -0.7934
vn 0.1201 0.5996 -0.7912
vn 0.01837 0.6454 -0.7636
vn -0.9009 0.309 0.3048
vn -0.8444 0.5338 -0.04602
vn -0.7353 0.6773 -0.02277
vn -0.2277 0.76 -0.6087
vn -0.1526 0.8322 -0.533
vn -0.249 -0.9643 0.09003
vn 0.09897 -0.9928 0.06711
vn 0.09174 -0.9946 -0.0474
vn -0.2386 -0.9536 -0.1835
vn -0.2246 -0.6398 0.7349
vn -0.2043 -0.5529 0.8078
vn -0.6739 -0.3593 0.6456
vn -0.6982 -0.4254 0.5757
vn -0.1957 -0.5334 0.8229
vn -0.6441 -0.3504 0.68
vn -0.8462 -0.2051 0.4918
vn -0.8588 -0.2289 0.4583
vn -0.867 -0.2812 0.4113
vn -0.9423 -0.1297 0.3087
vn -0.9444 -0.1719 0.2803
vn -0.9383 -0.09436 0.3326
vn -0.989 0.03949 0.1424
vn -0.9929 0.009095 0.1188
vn -0.05963 0.5302 -0.8458
vn -0.05258 0.5248 -0.8495
vn -0.4299 0.5239 -0.7353
vn -0.4368 0.5287 -0.7277
vn -0.04804 0.5172 -0.8545
vn -0.4253 0.5154 -0.7439
vn -0.8265 0.3775 -0.4176
vn -0.8288 0.3859 -0.4052
vn -0.8317 0.3898 -0.3954
vn -0.9767 0.2005 -0.0763
vn -0.9768 0.2036 -0.06662
vn -0.9772 0.1919 -0.09021
vn -0.9863 0.05048 0.1567
vn -0.9843 0.05213 0.1687
vn 0.1581 0.4892 -0.8577
vn 0.1574 0.4851 -0.8602
vn 0.1021 0.4986 -0.8607
vn 0.09815 0.5037 -0.8582
vn 0.1563 0.4797 -0.8633
vn 0.1049 0.4921 -0.8642
vn -0.3026 -0.2082 -0.9301
vn -0.4958 -0.7648 -0.4115
vn -0.5805 -0.7007 -0.4147
vn -0.1109 -0.4527 -0.8847
vn 0.08127 0.09659 -0.992
vn -0.1438 -0.703 -0.6965
vn -0.4471 -0.6864 -0.5735
vn -0.31 0.09922 -0.9455
vn -0.2453 -0.9634 -0.108
vn -0.3606 -0.9301 -0.07001
vn -0.00119 0.47 -0.8826
vn -0.068 0.5437 -0.8365
vn 0.1926 0.5472 -0.8145
vn -0.2688 -0.9374 0.2212
vn -0.599 -0.7686 0.2246
vn -0.4559 -0.8861 0.08301
vn -0.2586 -0.9655 0.03162
vn -0.05011 0.5567 0.8291
vn 0.608 0.6977 -0.3787
vn -0.5201 0.636 0.5701
vn -0.4856 0.8675 -0.1078
vn -0.4985 0.8663 -0.03223
vn -0.674 0.4734 0.567
vn 0.039 0.805 -0.5919
vn 0.05164 0.8921 -0.4488
vn -0.5163 0.8561 -0.02344
vn -0.7891 0.3772 0.4847
vn 0.4844 -0.8321 0.2701
vn 0.1921 -0.2954 0.9358
vn 0.1033 -0.5294 0.842
vn 0.4808 -0.8717 0.09458
vn -0.2053 0.3872 0.8988
vn -0.4487 0.7396 0.5017
vn -0.3349 0.1753 0.9258
vn -0.5633 0.7959 -0.2217
vn 0.5901 0.5039 -0.6308
vn 0.6194 0.614 -0.4892
vn 0.01044 0.9433 -0.3316
vn 0.793 -0.3079 -0.5257
vn 0.8553 -0.2726 -0.4406
vn 0.9133 -0.2408 -0.3285
vn 0.6536 0.7216 -0.228
vn 0.01135 0.988 -0.1537
vn 0.4628 -0.8855 -0.04205
vn 0.6803 -0.4281 -0.5949
vn -0.06754 -0.736 0.6736
vn -0.1466 -0.858 0.4922
vn 0.489 -0.8653 -0.1097
vn 0.5091 0.3396 -0.7908
vn -0.5394 -0.0589 0.8399
vn -0.6728 -0.2225 0.7055
vn -0.9668 0.1658 0.1945
vn -0.5499 0.8346 -0.03146
vn -0.498 0.8667 0.02802
vn -0.9946 0.04501 -0.09348
vn 0.05203 0.9909 0.1242
vn 0.07233 0.9071 0.4147
vn -0.4259 0.885 0.1881
vn -0.9267 0.07025 -0.3692
vn -0.743 -0.3773 0.5528
vn -0.1563 -0.9335 0.3227
vn -0.8757 0.3009 0.3776
vn -0.7725 -0.5636 0.2925
vn -0.1505 -0.984 0.09497
vn -0.5479 0.836 -0.02969
vn 0.4978 -0.8567 -0.1351
vn 0.4782 -0.8603 -0.1765
vn -0.385 0.8618 0.3301
vn -0.8589 0.1901 -0.4755
vn 0.05914 0.8164 0.5744
vn 0.05869 0.7891 0.6114
vn -0.5943 0.7995 -0.08722
vn -0.8279 0.2729 -0.49
vn 0.453 -0.8527 -0.2601
vn 0.9693 -0.1996 -0.1433
vn -0.1137 -0.9775 -0.1774
vn -0.06055 -0.8947 -0.4426
vn 0.4577 -0.8125 -0.3609
vn 0.9743 -0.2095 0.08283
vn 0.6641 0.7277 0.1718
vn 0.6307 0.5964 0.4965
vn -0.6968 -0.713 -0.07773
vn -0.5194 -0.7278 -0.4477
vn 0.9371 -0.288 0.1973
vn 0.5786 -0.6476 -0.4957
vn 0.3747 0.5477 -0.748
vn 0.7854 0.3998 0.4725
vn -0.00824 -0.7182 -0.6957
vn -0.4364 -0.3279 -0.8378
vn 0.4858 -0.7706 -0.4125
vn 0.943 -0.2855 0.1709
vn -0.02533 -0.7802 -0.625
vn 0.5851 0.4974 0.6404
vn -0.3569 -0.6308 -0.689
vn 0.1206 0.7051 -0.6987
vn 0.1751 0.6463 -0.7427
vn -0.01642 0.6755 -0.7372
vn -0.01914 0.7567 -0.6534
vn 0.2093 0.6327 -0.7455
vn -0.0141 0.6676 -0.7443
vn 0.3373 0.5654 -0.7526
vn 0.154 0.7075 -0.6897
vn 0.6038 0.3796 -0.7009
vn -0.07114 0.8549 -0.5137
vn 0.8576 0.1315 -0.4972
vn 0.2312 0.5882 -0.7749
vn 0.7419 -0.6454 0.1816
vn 0.5014 -0.597 0.6262
vn 0.9547 -0.01794 -0.297
vn 0.255 0.4041 -0.8784
vn 0.3622 -0.462 0.8095
vn 0.1073 -0.5432 0.8327
vn 0.02435 -0.9996 -0.009857
vn 0.663 -0.7376 -0.1277
vn -0.1478 -0.5201 0.8412
vn -0.5027 -0.8371 0.2157
vn -0.5016 -0.5273 -0.6858
vn -0.08148 -0.4577 -0.8854
vn 0.2122 -0.3009 -0.9297
vn -0.01065 0.6199 -0.7846
vn -0.838 0.4105 -0.3594
vn -0.01361 0.4236 -0.9058
vn -0.7971 0.2178 -0.5632
vn 0.1335 -0.7846 0.6054
vn -0.211 -0.6674 0.7141
vn -0.2046 -0.5313 0.8221
vn 0.1359 -0.6128 0.7784
vn -0.6942 -0.3956 0.6012
vn -0.7849 -0.3085 0.5373
vn 0.1367 -0.4163 0.8989
vn -0.2022 -0.427 0.8813
vn 0.4353 -0.4109 0.801
vn -0.02448 0.108 -0.9938
vn 0.2882 0.08652 -0.9536
vn -0.7152 -0.1939 -0.6715
vn -0.7812 -0.4492 0.4334
vn 0.9523 -0.2335 -0.1962
vn 0.8424 -0.5358 0.05725
vn 0.7698 -0.6292 0.1072
vn 0.7417 -0.6546 -0.1462
vn 0.8783 -0.4759 -0.04544
vn 0.6055 -0.7956 0.01657
vn 0.4548 -0.7881 -0.4147
vn 0.009674 -0.5012 -0.8652
vn 0.9546 0.04416 0.2944
vn 0.9355 -0.05921 0.3484
vn 0.4217 -0.8482 0.3205
vn 0.257 -0.9381 0.2319
vn 0.5822 -0.7595 0.2899
vn 0.686 -0.6553 0.3162
vn 0.09738 -0.9935 0.05927
vn 0.4041 -0.9097 0.09546
vn 0.0264 -0.35 0.9363
vn 0.0911 -0.04007 0.995
vn 0.3637 -0.4066 0.8381
vn 0.4154 -0.1018 0.9039
vn 0.423 0.2149 0.8803
vn 0.1415 0.2462 0.9588
vn 0.1956 0.4294 -0.8816
vn 0.161 0.2927 -0.9425
vn 0.3404 0.3724 -0.8634
vn 0.3082 0.2255 -0.9242
vn 0.225 -0.07031 -0.9718
vn 0.08463 0.006745 -0.9964
vn 0.9113 -0.1199 -0.3938
vn 0.9365 -0.3443 -0.06623
vn 0.914 -0.3876 -0.1195
vn 0.8644 -0.1982 -0.462
vn 0.8609 -0.4809 0.1661
vn 0.8543 -0.5014 0.1366
vn 0.8625 -0.4531 -0.2255
vn 0.7434 -0.3463 -0.5722
vn 0.8976 -0.3885 -0.2083
vn 0.9833 -0.1643 0.07773
vn 0.9358 0.01102 -0.3523
vn 0.7546 -0.3041 -0.5814
vn 0.7218 -0.3907 0.5712
vn 0.7573 -0.1193 0.6421
vn 0.9121 -0.3005 0.2787
vn 0.9356 -0.07544 0.3448
vn 0.8848 0.2335 0.4031
vn 0.724 0.2055 0.6584
vn 0.655 0.1854 -0.7325
vn 0.6082 0.06317 -0.7912
vn 0.4861 -0.1855 -0.854
vn 0.08921 0.01193 -0.9959
vn 0.2244 -0.06656 -0.9722
vn 0.3209 0.3205 -0.8912
vn 0.1881 0.3743 -0.908
vn 0.6305 -0.5534 -0.5443
vn 0.4617 0.08371 -0.8831
vn -0.2858 -0.3474 -0.8931
vn -0.297 -0.7485 -0.5929
vn 0.4322 0.481 -0.7627
vn -0.2213 0.1256 -0.967
vn -0.7236 -0.3144 -0.6145
vn -0.7299 -0.5323 -0.4288
vn -0.6894 -0.7157 -0.112
vn -0.4769 -0.877 -0.05799
vn -0.4805 -0.8769 0.0009156
vn -0.4978 -0.8644 -0.07044
vn -0.3077 -0.9488 -0.07141
vn -0.4155 -0.347 -0.8408
vn -0.8758 -0.2082 -0.4355
vn -0.546 -0.7646 0.3423
vn -0.0473 -0.8044 0.5921
vn -0.07404 -0.9598 0.2706
vn -0.04819 -0.9985 -0.02524
vn 0.4646 -0.1893 -0.865
vn 0.5927 0.2181 -0.7753
vn -0.614 -0.7812 0.1125
vn -0.5817 -0.7887 0.1989
vn -0.7494 -0.5757 0.3272
vn -0.3083 0.2341 0.922
vn -0.2806 -0.4715 -0.836
vn 0.6602 -0.5657 0.494
vn 0.8524 -0.429 0.2987
vn 0.5083 -0.6826 0.5251
vn 0.9007 0.2864 -0.3267
vn 0.8819 0.2133 -0.4205
vn 0.7715 0.4209 -0.477
vn 0.985 0.172 -0.007233
vn 0.9967 0.07361 0.03284
vn 0.2671 -0.9539 -0.1369
vn 0.5052 -0.8314 0.2311
vn 0.88 -0.4568 0.1296
vn 0.1948 0.552 -0.8108
vn 0.03662 0.3459 -0.9375
vn 0.2565 0.6258 -0.7365
vn -0.09943 0.5121 -0.8531
vn 0.5112 0.6925 -0.509
vn 0.7745 0.5552 -0.3031
vn 0.8222 0.3241 -0.4678
vn 0.5203 0.5026 -0.6903
vn 0.9197 0.3919 -0.0235
vn 0.9814 0.1238 -0.1465
vn 0.9734 -0.05454 -0.2227
vn 0.81 0.1576 -0.5648
vn 0.4958 0.3449 -0.797
vn 0.4824 -0.194 0.8542
vn 0.8016 -0.1619 0.5755
vn 0.732 -0.401 0.5508
vn 0.3739 -0.4488 0.8116
vn 0.9515 -0.06851 0.2998
vn 0.9185 -0.2859 0.273
vn 0.9366 0.289 0.1978
vn 0.994 -0.0009461 0.109
vn 0.9798 -0.1948 0.04389
vn 0.3102 0.7534 -0.5797
vn 0.2896 0.5868 -0.7562
vn 0.2585 0.4319 -0.864
vn 0.1254 -0.1448 0.9815
vn 0.02683 -0.4032 0.9147
vn 0.2289 0.5758 -0.7849
vn 0.3438 0.5567 -0.7562
vn 0.9926 0.1074 -0.05622
vn 0.9709 -0.1334 0.1986
vn 0.9721 0.1872 -0.1412
vn 0.5964 0.4996 -0.6282
vn 0.551 0.6265 -0.5512
vn -0.5629 -0.8257 0.0361
vn -0.5471 -0.8335 -0.07669
vn -0.2214 -0.9558 -0.1933
vn 0.3325 -0.6929 0.6398
vn 0.3378 -0.6236 0.705
vn 0.6005 -0.6413 0.4776
vn 0.613 -0.5953 0.5194
vn 0.6095 -0.5722 0.5487
vn 0.3164 -0.6026 0.7326
vn 0.7382 -0.5796 0.345
vn 0.7522 -0.546 0.3688
vn 0.8698 -0.456 0.1884
vn 0.8784 -0.4299 0.2088
vn 0.762 -0.5177 0.389
vn 0.3678 0.4214 -0.8289
vn 0.6888 0.2425 -0.6832
vn 0.6818 0.2407 -0.6908
vn 0.3601 0.4196 -0.8332
vn 0.9433 -0.06085 -0.3262
vn 0.94 -0.06415 -0.335
vn 0.9354 -0.0712 -0.3464
vn 0.6752 0.2348 -0.6992
vn 0.3535 0.4148 -0.8384
vn 0.9582 -0.2859 0.005036
vn 0.957 -0.2899 -0.003021
vn 0.8795 -0.4159 0.2312
vn 0.8805 -0.4194 0.2208
vn 0.9543 -0.2983 -0.01505
vn 0.2177 0.4733 -0.8536
vn 0.2124 0.4705 -0.8564
vn 0.2076 0.4659 -0.8601
vn 0.2368 -0.3636 -0.9009
vn -0.04352 -0.4848 -0.8735
vn 0.2153 -0.9053 -0.366
vn 0.09159 -0.9224 -0.3751
vn 0.4064 -0.09818 -0.9084
vn 0.1004 -0.8369 -0.538
vn -0.1357 -0.9889 -0.05982
vn 0.2918 0.362 -0.8853
vn 0.4002 0.4004 -0.8243
vn -0.05185 -0.9941 0.09528
vn 0.1145 -0.9588 0.2598
vn 0.2424 0.4948 0.8345
vn -0.1802 0.8849 -0.4294
vn 0.7151 0.3293 0.6166
vn 0.7741 0.1014 0.6249
vn 0.8542 0.5193 0.02377
vn 0.8412 0.5379 -0.05585
vn 0.8346 -0.04196 0.5493
vn 0.8638 0.5028 0.03272
vn 0.4109 0.8018 -0.4339
vn 0.3944 0.7157 -0.5763
vn -0.8301 -0.5143 0.2154
vn -0.8379 -0.5443 0.03986
vn -0.4001 -0.4077 0.8208
vn -0.3748 -0.1638 0.9125
vn 0.2991 0.2634 0.9171
vn 0.3099 0.01248 0.9507
vn 0.7077 0.4631 0.5336
vn 0.8751 0.4493 -0.1799
vn 0.4582 0.8326 -0.311
vn -0.221 0.8248 -0.5204
vn -0.2336 0.7142 -0.6597
vn 0.4573 0.8799 -0.1289
vn -0.2266 0.9389 -0.259
vn -0.891 0.2087 -0.4031
vn -0.8464 0.1574 -0.5088
vn -0.8033 0.1039 -0.5864
vn -0.7566 -0.05527 -0.6515
vn -0.8258 -0.5558 -0.09525
vn -0.8353 -0.5248 -0.1636
vn -0.318 -0.8155 0.4836
vn -0.3403 -0.6685 0.6613
vn -0.2262 0.5309 -0.8167
vn 0.3831 -0.2959 0.875
vn 0.4314 -0.5059 0.7469
vn 0.9123 -0.3062 0.2718
vn 0.9061 -0.4228 -0.0148
vn 0.8362 0.5408 0.09091
vn 0.876 0.4811 0.03327
vn 0.8849 -0.3674 -0.2863
vn 0.7644 0.597 0.2435
vn 0.3037 0.8508 0.4288
vn 0.3903 0.9089 0.1469
vn -0.3285 -0.8909 0.3137
vn 0.4315 -0.675 0.5985
vn -0.332 -0.9396 0.08329
vn 0.394 -0.8554 0.3363
vn 0.8812 -0.1449 0.45
vn 0.8783 0.477 0.03128
vn -0.832 -0.521 -0.1906
vn -0.8073 -0.5421 -0.2331
vn 0.8902 -0.2318 -0.3921
vn 0.7044 0.6009 0.3776
vn 0.9018 -0.1439 -0.4075
vn 0.8964 0.4426 -0.02289
vn 0.243 0.7475 0.6182
vn 0.2587 0.7701 0.5831
vn -0.9363 0.2723 -0.2216
vn -0.7706 -0.5532 -0.3164
vn -0.9634 0.268 0.001862
vn -0.7467 -0.5191 -0.4158
vn -0.3089 -0.8343 -0.4566
vn -0.3302 -0.9241 -0.1924
vn -0.2724 0.9525 0.1362
vn -0.3346 0.8272 0.4514
vn 0.2935 -0.955 -0.04328
vn 0.1703 -0.891 -0.4209
vn -0.9769 0.1821 0.1119
vn -0.5522 0.7262 0.4095
vn -0.01907 0.6403 -0.7679
vn -0.7665 -0.3194 -0.5571
vn 0.312 -0.5129 -0.7997
vn -0.249 -0.6613 -0.7075
vn -0.9785 0.1867 0.08695
vn -0.7483 -0.4709 -0.4672
vn -0.2691 -0.7225 -0.6368
vn -0.3537 0.7238 0.5923
vn 0.1005 -0.7386 -0.6666
vn 0.2589 0.6777 -0.6882
vn 0.4117 0.6466 -0.6421
vn 0.381 0.5888 -0.7128
vn 0.159 0.6527 -0.7407
vn 0.3789 0.6002 -0.7044
vn 0.09098 0.6417 -0.7615
vn 0.2148 0.7002 -0.6808
vn -0.1594 0.6407 -0.751
vn -0.6305 0.4021 -0.6639
vn 0.4829 0.7001 -0.5259
vn 0.06021 0.5955 -0.8011
vn -0.8119 0.2665 -0.5194
vn 0.0006409 0.4226 -0.9063
vn -0.8716 0.2606 -0.4152
vn -0.7519 -0.3623 0.5508
vn -0.8647 -0.4446 0.2338
vn -0.6273 -0.2318 0.7434
vn -0.8952 -0.3915 -0.2128
vn -0.4445 -0.8951 -0.03247
vn -0.411 -0.4274 0.8052
vn -0.2358 -0.2281 -0.9446
vn -0.04556 -0.4902 -0.8704
vn 0.2877 -0.7239 -0.627
vn 0.07776 -0.9662 0.2459
vn -0.1612 -0.5161 0.8412
vn 0.9015 0.2996 -0.3121
vn 0.3692 0.5644 -0.7383
vn 0.8855 -0.01386 -0.4643
vn 0.3011 0.3601 -0.8829
vn -0.517 -0.6504 0.5565
vn -0.4674 -0.4867 0.738
vn -0.08905 -0.5369 0.8389
vn -0.125 -0.6739 0.7282
vn 0.6731 -0.4185 0.6098
vn 0.6984 -0.427 0.5743
vn -0.06735 -0.4468 0.8921
vn -0.3889 -0.2919 0.8738
vn -0.6744 -0.1591 0.721
vn -0.1363 0.1391 -0.9808
vn 0.1633 0.03061 -0.9861
vn 0.6549 -0.4771 -0.586
vn 0.526 -0.6976 0.4865
vn -0.9333 0.1444 -0.3287
vn 0.1617 0.3866 0.9079
vn 0.0419 0.4011 0.9151
vn 0.4027 0.3838 0.831
vn 0.3831 0.431 0.8169
vn 0.1583 0.4261 0.8907
vn 0.05136 0.4368 0.8981
vn 0.659 0.3971 0.6387
vn 0.7985 0.4279 0.4233
vn 0.767 0.4823 0.423
vn 0.6346 0.4513 0.6273
vn -0.2877 0.9346 -0.2091
vn -0.03037 0.9205 -0.3895
vn -0.4788 0.8776 0.02274
vn -0.432 0.9001 0.05701
vn -0.2461 0.954 -0.1708
vn 0.002167 0.9351 -0.3544
vn -0.5501 0.8098 0.2039
vn -0.5484 0.7482 0.3734
vn -0.4961 0.7816 0.3779
vn -0.4979 0.838 0.223
vn 0.1471 0.8768 -0.4578
vn 0.2301 0.8533 -0.4679
vn 0.1603 0.893 -0.4205
vn 0.2329 0.8719 -0.4308
vn 0.699 0.6923 -0.1794
vn 0.8244 0.5625 0.06265
vn 0.4818 0.7925 -0.3738
vn 0.4585 0.8212 -0.3397
vn 0.6687 0.7295 -0.1436
vn 0.7902 0.6056 0.0933
vn 0.8432 0.4761 0.2499
vn 0.8079 0.5263 0.2649
vn -0.06906 0.4411 0.8948
vn -0.27 0.542 0.7958
vn -0.04657 0.4745 0.879
vn -0.2302 0.5748 0.7852
vn -0.4632 0.6619 0.5892
vn -0.4161 0.6982 0.5824
vn 0.3126 0.835 -0.4527
vn 0.3062 0.8564 -0.4157
vn 0.1767 0.5906 -0.7873
vn 0.2653 0.5743 -0.7744
vn 0.2702 0.6637 -0.6975
vn 0.1911 0.6794 -0.7085
vn 0.4612 0.529 -0.7123
vn 0.4395 0.628 -0.6421
vn 0.4352 0.5769 -0.6912
vn 0.2611 0.614 -0.7449
vn 0.1827 0.6309 -0.754
vn 0.9601 0.1989 -0.1967
vn 0.9966 0.04157 0.07135
vn 0.9762 0.1942 0.09656
vn 0.9218 0.3505 -0.1656
vn 0.9436 0.08686 0.3195
vn 0.9375 0.03882 0.3458
vn 0.9823 0.1515 0.11
vn 0.9359 0.3061 -0.1741
vn 0.7571 0.4017 -0.5152
vn 0.7113 0.5284 -0.4636
vn 0.7217 0.478 -0.5006
vn -0.09723 -0.1909 0.9767
vn 0.32 -0.2752 0.9065
vn 0.3005 -0.1166 0.9466
vn -0.05911 -0.02371 0.998
vn 0.584 -0.308 0.751
vn 0.576 -0.1812 0.7971
vn 0.5725 -0.03958 0.8189
vn 0.2707 0.03635 0.9619
vn -0.02536 0.1209 0.9923
vn 0.7571 -0.2961 0.5823
vn 0.777 -0.1775 0.6039
vn 0.9063 -0.2235 0.3587
vn 0.9247 -0.1012 0.3669
vn 0.8047 -0.03851 0.5924
vn 0.1123 0.7015 -0.7037
vn 0.08835 0.6151 -0.7834
vn 0.1045 0.6521 -0.7509
vn -0.07318 0.6995 -0.7108
vn -0.06061 0.7482 -0.6607
vn -0.1151 0.6653 -0.7376
vn -0.754 0.6055 -0.2546
vn -0.6546 0.7238 -0.2183
vn -0.7889 0.6135 0.035
vn -0.8731 0.4874 0.008545
vn -0.6862 0.6897 -0.2311
vn -0.8143 0.5788 0.04318
vn -0.84 0.47 0.2712
vn -0.8215 0.5115 0.2519
vn -0.3646 0.785 -0.5008
vn -0.4571 0.6904 -0.5607
vn -0.3923 0.7436 -0.5415
vn -0.404 0.05564 0.9131
vn -0.4871 -0.07971 0.8697
vn -0.3145 0.1793 0.9321
vn -0.5937 0.2495 0.765
vn -0.6574 0.1241 0.7432
vn -0.7171 0.007691 0.6969
vn -0.8197 0.2197 0.5289
vn -0.8557 0.1008 0.5076
vn -0.7772 0.3527 0.521
vn -0.8945 0.3448 0.2845
vn -0.9333 0.2304 0.2755
vn -0.1898 0.52 -0.8328
vn -0.5753 0.5211 -0.6305
vn -0.8589 0.4197 -0.2934
vn -0.954 0.299 -0.02197
vn 0.1538 0.455 -0.8771
vn 0.0549 0.4774 -0.8769
vn 0.7955 0.1954 -0.5735
vn 0.4789 0.363 -0.7992
vn 0.9732 -0.01675 -0.2292
vn 0.9851 -0.1668 0.04221
vn 0.2515 0.4331 -0.8655
vn 0.2226 0.0716 0.9723
vn -0.02164 0.137 0.9903
vn 0.5524 0.006561 0.8335
vn 0.8171 0.01172 0.5763
vn -0.2607 0.1893 0.9467
vn -0.5592 0.2791 0.7806
vn -0.7635 0.3974 0.509
vn -0.7875 -0.1277 0.6029
vn -0.7595 -0.06696 0.647
vn -0.8831 0.03107 0.4682
vn -0.9043 -0.01868 0.4265
vn -0.9545 0.1607 0.251
vn -0.969 0.1114 0.2206
vn -0.1494 -0.4105 0.8995
vn -0.1261 -0.316 0.9403
vn -0.5367 -0.1804 0.8242
vn -0.5613 -0.2631 0.7847
vn 0.5948 -0.4627 0.6573
vn 0.7627 -0.4249 0.4875
vn 0.7587 -0.3681 0.5375
vn 0.5947 -0.3915 0.7022
vn 0.8914 -0.3489 0.2891
vn 0.8971 -0.2963 0.3277
vn 0.3039 -0.4758 0.8253
vn 0.3217 -0.3879 0.8637
vn 0.2481 0.5395 -0.8046
vn 0.1694 0.5563 -0.8135
vn 0.4299 0.4985 -0.7527
vn 0.4183 0.4827 -0.7695
vn 0.2437 0.5293 -0.8126
vn 0.1683 0.5469 -0.8201
vn 0.9934 0.01849 0.1129
vn 0.9628 0.1847 -0.1973
vn 0.9902 -0.09522 0.1017
vn 0.9703 0.09912 -0.2206
vn 0.7401 0.3813 -0.5538
vn 0.7375 0.3397 -0.5837
vn 0.09119 0.5777 -0.8111
vn 0.09287 0.5666 -0.8187
vn -0.08756 0.607 -0.7898
vn -0.09479 0.6256 -0.7743
vn -0.7601 0.5952 -0.2608
vn -0.8823 0.469 0.039
vn -0.7988 0.5289 -0.2867
vn -0.9273 0.3733 0.02524
vn -0.4442 0.6655 -0.5997
vn -0.4536 0.6305 -0.6297
vn -0.1839 -0.529 0.8284
vn 0.279 -0.5917 0.7563
vn 0.2827 -0.5526 0.784
vn -0.1705 -0.4895 0.8551
vn 0.5849 -0.5611 0.5857
vn 0.5849 -0.5292 0.6146
vn 0.7567 -0.5028 0.4179
vn 0.7576 -0.4782 0.4443
vn 0.8832 -0.395 0.2528
vn -0.5793 -0.3346 0.7432
vn -0.5976 -0.3648 0.714
vn -0.8061 -0.184 0.5625
vn -0.8199 -0.2066 0.5339
vn -0.9188 -0.06381 0.3894
vn -0.9275 -0.08225 0.3646
vn -0.9794 0.06964 0.1896
vn 0.2423 0.534 -0.81
vn 0.1701 0.5525 -0.8159
vn 0.4055 0.4845 -0.7751
vn 0.3924 0.4651 -0.7935
vn 0.2362 0.5162 -0.8232
vn 0.1671 0.5348 -0.8282
vn 0.9828 -0.1652 0.08185
vn 0.9682 0.052 -0.2447
vn 0.9743 -0.2185 0.05475
vn 0.9617 0.006958 -0.2741
vn 0.7255 0.3262 -0.606
vn 0.713 0.2976 -0.6348
vn 0.09732 0.5704 -0.8156
vn 0.09726 0.5513 -0.8286
vn -0.06671 0.5807 -0.8114
vn -0.07288 0.6038 -0.7938
vn -0.8127 0.4922 -0.3117
vn -0.9496 0.3132 0.006714
vn -0.8229 0.4536 -0.3421
vn -0.9639 0.2655 -0.0181
vn -0.4434 0.6162 -0.6509
vn -0.4401 0.5869 -0.6795
vn 0.7197 -0.6151 0.322
vn 0.544 -0.7321 0.41
vn 0.2563 -0.8386 0.4807
vn -0.2574 -0.812 0.5238
vn 0.6669 0.2165 -0.7129
vn 0.3476 0.401 -0.8475
vn 0.9257 -0.09146 -0.367
vn 0.9466 -0.3199 -0.03891
vn 0.2027 0.4546 -0.8673
vn 0.154 0.4685 -0.8699
vn -0.8561 -0.3851 0.3446
vn -0.9434 -0.2095 0.2571
vn -0.6858 -0.5927 0.4223
vn -0.04816 0.5021 -0.8635
vn -0.425 0.4949 -0.7579
vn -0.8255 0.3543 -0.4392
vn -0.9789 0.1679 -0.1161
vn 0.1048 0.4797 -0.8712
vn -0.8329 -0.2031 0.5147
vn -0.9334 -0.0824 0.349
vn -0.1904 -0.5339 0.8238
vn -0.6183 -0.3599 0.6986
vn 0.762 -0.5065 0.4035
vn 0.5975 -0.5654 0.5686
vn 0.2936 -0.5986 0.7453
vn 0.226 0.4883 -0.8429
vn 0.1615 0.5058 -0.8473
vn 0.3789 0.436 -0.8163
vn 0.9641 -0.2644 0.02402
vn 0.9512 -0.03845 -0.306
vn 0.6998 0.2607 -0.665
vn 0.09622 0.5213 -0.8479
vn -0.06467 0.5484 -0.8336
vn -0.8308 0.4116 -0.3747
vn -0.9736 0.2232 -0.04733
vn -0.4409 0.5494 -0.7097
f 1/1/1 2/2/2 3/3/3
f 1/1/1 3/3/3 4/4/4
f 2/2/2 5/5/5 6/6/6
f 2/2/2 6/6/6 3/3/3
f 3/3/3 6/6/6 7/7/7
f 3/3/3 7/7/7 8/8/8
f 4/4/4 3/3/3 8/8/8
f 4/4/4 8/8/8 9/9/9
f 10/10/10 11/11/11 12/12/12
f 10/10/10 12/12/12 13/13/13
f 11/11/11 1/1/1 4/4/4
f 11/11/11 4/4/4 12/12/12
f 12/12/12 4/4/4 9/9/9
f 12/12/12 9/9/9 14/14/14
f 13/13/13 12/12/12 14/14/14
f 13/13/13 14/14/14 15/15/15
f 16/16/16 17/17/17 18/18/18
f 16/16/16 18/18/18 19/19/19
f 17/17/17 20/20/20 21/21/21
f 17/17/17 21/21/21 18/18/18
f 18/18/18 21/21/21 22/22/22
f 18/18/18 22/22/22 23/23/23
f 19/19/19 18/18/18 23/23/23
f 19/19/19 23/23/23 24/24/24
f 25/25/25 26/26/26 27/27/27
f 25/25/25 27/27/27 28/28/28
f 26/26/26 29/29/29 30/30/30
f 26/26/26 30/30/30 27/27/27
f 27/27/27 30/30/30 31/31/31
f 27/27/27 31/31/31 32/32/32
f 28/28/28 27/27/27 32/32/32
f 28/28/28 32/32/32 33/33/33
f 34/34/34 35/35/35 36/36/36
f 34/34/34 36/36/36 37/37/37
f 35/35/35 38/38/38 39/39/39
f 35/35/35 39/39/39 36/36/36
f 36/36/36 39/39/39 1/1/1
f 36/36/36 1/1/1 40/40/40
f 37/37/37 36/36/36 40/40/40
f 37/37/37 40/40/40 41/41/41
f 1/1/1 39/39/39 42/42/42
f 1/1/1 42/42/42 2/2/2
f 39/39/39 38/38/38 43/43/43
f 39/39/39 43/43/43 42/42/42
f 42/42/42 43/43/43 44/44/44
f 42/42/42 44/44/44 45/45/45
f 2/2/2 42/42/42 45/45/45
f 2/2/2 45/45/45 5/5/5
f 24/24/24 23/23/23 46/46/46
f 24/24/24 46/46/46 47/47/47
f 23/23/23 22/22/22 48/48/48
f 23/23/23 48/48/48 46/46/46
f 46/46/46 48/48/48 49/49/49
f 46/46/46 49/49/49 50/50/50
f 47/47/47 46/46/46 50/50/50
f 47/47/47 50/50/50 51/51/51
f 33/33/33 32/32/32 52/52/52
f 33/33/33 52/52/52 53/53/53
f 32/32/32 31/31/31 54/54/54
f 32/32/32 54/54/54 52/52/52
f 52/52/52 54/54/54 38/38/38
f 52/52/52 38/38/38 35/35/35
f 53/53/53 52/52/52 35/35/35
f 53/53/53 35/35/35 34/34/34
f 29/29/29 55/55/55 56/56/56
f 29/29/29 56/56/56 30/30/30
f 55/55/55 57/57/57 58/58/58
f 55/55/55 58/58/58 56/56/56
f 56/56/56 58/58/58 59/59/59
f 56/56/56 59/59/59 60/60/60
f 30/30/30 56/56/56 60/60/60
f 30/30/30 60/60/60 31/31/31
f 61/61/61 62/62/62 63/63/63
f 61/61/61 63/63/63 64/64/64
f 62/62/62 65/65/65 66/66/66
f 62/62/62 66/66/66 63/63/63
f 63/63/63 66/66/66 67/67/67
f 63/63/63 67/67/67 68/68/68
f 64/64/64 63/63/63 68/68/68
f 64/64/64 68/68/68 69/69/69
f 70/70/70 71/71/71 72/72/72
f 70/70/70 72/72/72 73/73/73
f 74/74/74 75/75/75 72/72/72
f 74/74/74 72/72/72 71/71/71
f 76/76/76 77/77/77 72/72/72
f 76/76/76 72/72/72 75/75/75
f 78/78/78 79/79/79 72/72/72
f 78/78/78 72/72/72 77/77/77
f 80/80/80 81/81/81 72/72/72
f 80/80/80 72/72/72 79/79/79
f 82/82/82 73/73/73 72/72/72
f 82/82/82 72/72/72 81/81/81
f 31/31/31 60/60/60 83/83/83
f 31/31/31 83/83/83 54/54/54
f 60/60/60 59/59/59 84/84/84
f 60/60/60 84/84/84 83/83/83
f 83/83/83 84/84/84 44/44/44
f 83/83/83 44/44/44 43/43/43
f 54/54/54 83/83/83 43/43/43
f 54/54/54 43/43/43 38/38/38
f 85/85/85 86/86/86 87/87/87
f 85/85/85 87/87/87 88/88/88
f 86/86/86 89/89/89 90/90/90
f 86/86/86 90/90/90 87/87/87
f 87/87/87 90/90/90 91/91/91
f 87/87/87 91/91/91 92/92/92
f 88/88/88 87/87/87 92/92/92
f 88/88/88 92/92/92 65/65/65
f 76/76/76 93/93/93 94/94/94
f 76/76/76 94/94/94 95/95/95
f 93/93/93 96/96/96 97/97/97
f 93/93/93 97/97/97 94/94/94
f 94/94/94 97/97/97 98/98/98
f 94/94/94 98/98/98 99/99/99
f 95/95/95 94/94/94 99/99/99
f 95/95/95 99/99/99 100/100/100
f 61/61/61 101/101/101 102/102/102
f 61/61/61 102/102/102 103/103/103
f 101/101/101 96/96/96 93/93/93
f 101/101/101 93/93/93 102/102/102
f 102/102/102 93/93/93 76/76/76
f 102/102/102 76/76/76 75/75/75
f 103/103/103 102/102/102 75/75/75
f 103/103/103 75/75/75 74/74/74
f 104/104/104 105/105/105 106/106/106
f 104/104/104 106/106/106 107/107/107
f 105/105/105 80/80/80 79/79/79
f 105/105/105 79/79/79 106/106/106
f 106/106/106 79/79/79 78/78/78
f 106/106/106 78/78/78 108/108/108
f 107/107/107 106/106/106 108/108/108
f 107/107/107 108/108/108 109/109/109
f 110/110/110 111/111/111 112/112/112
f 110/110/110 112/112/112 113/113/113
f 111/111/111 114/114/114 115/115/115
f 111/111/111 115/115/115 112/112/112
f 112/112/112 115/115/115 116/116/116
f 112/112/112 116/116/116 117/117/117
f 113/113/113 112/112/112 117/117/117
f 113/113/113 117/117/117 118/118/118
f 119/119/119 120/120/120 121/121/121
f 119/119/119 121/121/121 122/122/122
f 120/120/120 24/24/24 47/47/47
f 120/120/120 47/47/47 121/121/121
f 121/121/121 47/47/47 51/51/51
f 121/121/121 51/51/51 123/123/123
f 122/122/122 121/121/121 123/123/123
f 122/122/122 123/123/123 124/124/124
f 118/118/118 117/117/117 125/125/125
f 118/118/118 125/125/125 126/126/126
f 117/117/117 116/116/116 127/127/127
f 117/117/117 127/127/127 125/125/125
f 125/125/125 127/127/127 51/51/51
f 125/125/125 51/51/51 50/50/50
f 126/126/126 125/125/125 50/50/50
f 126/126/126 50/50/50 49/49/49
f 128/128/128 129/129/129 130/130/130
f 128/128/128 130/130/130 131/131/131
f 129/129/129 132/132/132 133/133/133
f 129/129/129 133/133/133 130/130/130
f 130/130/130 133/133/133 114/114/114
f 130/130/130 114/114/114 111/111/111
f 131/131/131 130/130/130 111/111/111
f 131/131/131 111/111/111 110/110/110
f 134/134/134 135/135/135 136/136/136
f 134/134/134 136/136/136 137/137/137
f 135/135/135 16/16/16 19/19/19
f 135/135/135 19/19/19 136/136/136
f 136/136/136 19/19/19 24/24/24
f 136/136/136 24/24/24 120/120/120
f 137/137/137 136/136/136 120/120/120
f 137/137/137 120/120/120 119/119/119
f 57/57/57 138/138/138 139/139/139
f 57/57/57 139/139/139 58/58/58
f 138/138/138 104/104/104 107/107/107
f 138/138/138 107/107/107 139/139/139
f 139/139/139 107/107/107 109/109/109
f 139/139/139 109/109/109 140/140/140
f 58/58/58 139/139/139 140/140/140
f 58/58/58 140/140/140 59/59/59
f 5/5/5 45/45/45 141/141/141
f 5/5/5 141/141/141 142/142/142
f 45/45/45 44/44/44 143/143/143
f 45/45/45 143/143/143 141/141/141
f 141/141/141 143/143/143 96/96/96
f 141/141/141 96/96/96 101/101/101
f 142/142/142 141/141/141 101/101/101
f 142/142/142 101/101/101 61/61/61
f 59/59/59 140/140/140 144/144/144
f 59/59/59 144/144/144 84/84/84
f 140/140/140 109/109/109 145/145/145
f 140/140/140 145/145/145 144/144/144
f 144/144/144 145/145/145 96/96/96
f 144/144/144 96/96/96 143/143/143
f 84/84/84 144/144/144 143/143/143
f 84/84/84 143/143/143 44/44/44
f 82/82/82 146/146/146 147/147/147
f 82/82/82 147/147/147 73/73/73
f 146/146/146 85/85/85 88/88/88
f 146/146/146 88/88/88 147/147/147
f 147/147/147 88/88/88 65/65/65
f 147/147/147 65/65/65 148/148/148
f 73/73/73 147/147/147 148/148/148
f 73/73/73 148/148/148 70/70/70
f 70/70/70 148/148/148 149/149/149
f 70/70/70 149/149/149 71/71/71
f 148/148/148 65/65/65 62/62/62
f 148/148/148 62/62/62 149/149/149
f 149/149/149 62/62/62 61/61/61
f 149/149/149 61/61/61 103/103/103
f 71/71/71 149/149/149 103/103/103
f 71/71/71 103/103/103 74/74/74
f 150/150/150 151/151/151 152/152/152
f 150/150/150 152/152/152 153/153/153
f 151/151/151 154/154/154 155/155/155
f 151/151/151 155/155/155 152/152/152
f 152/152/152 155/155/155 156/156/156
f 152/152/152 156/156/156 157/157/157
f 153/153/153 152/152/152 157/157/157
f 153/153/153 157/157/157 158/158/158
f 158/158/158 157/157/157 159/159/159
f 158/158/158 159/159/159 160/160/160
f 157/157/157 156/156/156 161/161/161
f 157/157/157 161/161/161 159/159/159
f 159/159/159 161/161/161 162/162/162
f 159/159/159 162/162/162 163/163/163
f 160/160/160 159/159/159 163/163/163
f 160/160/160 163/163/163 41/41/41
f 164/164/164 165/165/165 166/166/166
f 164/164/164 166/166/166 167/167/167
f 165/165/165 168/168/168 169/169/169
f 165/165/165 169/169/169 166/166/166
f 166/166/166 169/169/169 170/170/170
f 166/166/166 170/170/170 171/171/171
f 167/167/167 166/166/166 171/171/171
f 167/167/167 171/171/171 172/172/172
f 172/172/172 171/171/171 173/173/173
f 172/172/172 173/173/173 174/174/174
f 171/171/171 170/170/170 175/175/175
f 171/171/171 175/175/175 173/173/173
f 173/173/173 175/175/175 162/162/162
f 173/173/173 162/162/162 176/176/176
f 174/174/174 173/173/173 176/176/176
f 174/174/174 176/176/176 177/177/177
f 178/178/178 179/179/179 180/180/180
f 178/178/178 180/180/180 181/181/181
f 179/179/179 182/182/182 183/183/183
f 179/179/179 183/183/183 180/180/180
f 180/180/180 183/183/183 168/168/168
f 180/180/180 168/168/168 165/165/165
f 181/181/181 180/180/180 165/165/165
f 181/181/181 165/165/165 164/164/164
f 184/184/184 185/185/185 186/186/186
f 184/184/184 186/186/186 187/187/187
f 185/185/185 15/15/15 14/14/14
f 185/185/185 14/14/14 186/186/186
f 186/186/186 14/14/14 9/9/9
f 186/186/186 9/9/9 8/8/8
f 187/187/187 186/186/186 8/8/8
f 187/187/187 8/8/8 7/7/7
f 188/188/188 189/189/189 190/190/190
f 188/188/188 190/190/190 191/191/191
f 189/189/189 192/192/192 193/193/193
f 189/189/189 193/193/193 190/190/190
f 190/190/190 193/193/193 15/15/15
f 190/190/190 15/15/15 185/185/185
f 191/191/191 190/190/190 185/185/185
f 191/191/191 185/185/185 184/184/184
f 91/91/91 90/90/90 194/194/194
f 90/90/90 195/195/195 194/194/194
f 90/90/90 89/89/89 196/196/196
f 90/90/90 196/196/196 195/195/195
f 195/195/195 196/196/196 188/188/188
f 195/195/195 188/188/188 191/191/191
f 194/194/194 195/195/195 191/191/191
f 194/194/194 191/191/191 184/184/184
f 197/197/197 198/198/198 199/199/199
f 197/197/197 199/199/199 200/200/200
f 198/198/198 10/10/10 13/13/13
f 198/198/198 13/13/13 199/199/199
f 199/199/199 13/13/13 15/15/15
f 199/199/199 15/15/15 193/193/193
f 200/200/200 199/199/199 193/193/193
f 200/200/200 193/193/193 192/192/192
f 5/5/5 201/201/201 6/6/6
f 201/201/201 202/202/202 6/6/6
f 201/201/201 91/91/91 194/194/194
f 201/201/201 194/194/194 202/202/202
f 202/202/202 194/194/194 184/184/184
f 202/202/202 184/184/184 187/187/187
f 6/6/6 202/202/202 187/187/187
f 6/6/6 187/187/187 7/7/7
f 203/203/203 204/204/204 205/205/205
f 203/203/203 205/205/205 206/206/206
f 204/204/204 69/69/69 207/207/207
f 204/204/204 207/207/207 205/205/205
f 205/205/205 207/207/207 208/208/208
f 205/205/205 208/208/208 209/209/209
f 206/206/206 205/205/205 209/209/209
f 206/206/206 209/209/209 210/210/210
f 65/65/65 92/92/92 211/211/211
f 65/65/65 211/211/211 66/66/66
f 92/92/92 91/91/91 212/212/212
f 92/92/92 212/212/212 211/211/211
f 211/211/211 212/212/212 213/213/213
f 211/211/211 213/213/213 214/214/214
f 66/66/66 211/211/211 214/214/214
f 66/66/66 214/214/214 67/67/67
f 91/91/91 201/201/201 215/215/215
f 91/91/91 215/215/215 212/212/212
f 201/201/201 5/5/5 216/216/216
f 201/201/201 216/216/216 215/215/215
f 215/215/215 216/216/216 203/203/203
f 215/215/215 203/203/203 217/217/217
f 212/212/212 215/215/215 217/217/217
f 212/212/212 217/217/217 213/213/213
f 5/5/5 142/142/142 218/218/218
f 5/5/5 218/218/218 216/216/216
f 142/142/142 61/61/61 64/64/64
f 142/142/142 64/64/64 218/218/218
f 218/218/218 64/64/64 69/69/69
f 218/218/218 69/69/69 204/204/204
f 216/216/216 218/218/218 204/204/204
f 216/216/216 204/204/204 203/203/203
f 208/208/208 219/219/219 220/220/220
f 208/208/208 220/220/220 221/221/221
f 219/219/219 222/222/222 223/223/223
f 219/219/219 223/223/223 220/220/220
f 220/220/220 223/223/223 224/224/224
f 220/220/220 224/224/224 225/225/225
f 221/221/221 220/220/220 225/225/225
f 221/221/221 225/225/225 226/226/226
f 67/67/67 214/214/214 227/227/227
f 67/67/67 227/227/227 228/228/228
f 214/214/214 213/213/213 229/229/229
f 214/214/214 229/229/229 227/227/227
f 227/227/227 229/229/229 230/230/230
f 227/227/227 230/230/230 231/231/231
f 228/228/228 227/227/227 231/231/231
f 228/228/228 231/231/231 222/222/222
f 69/69/69 68/68/68 232/232/232
f 69/69/69 232/232/232 207/207/207
f 68/68/68 67/67/67 228/228/228
f 68/68/68 228/228/228 232/232/232
f 232/232/232 228/228/228 222/222/222
f 232/232/232 222/222/222 219/219/219
f 207/207/207 232/232/232 219/219/219
f 207/207/207 219/219/219 208/208/208
f 213/213/213 217/217/217 233/233/233
f 213/213/213 233/233/233 229/229/229
f 217/217/217 203/203/203 206/206/206
f 217/217/217 206/206/206 233/233/233
f 233/233/233 206/206/206 210/210/210
f 233/233/233 210/210/210 234/234/234
f 229/229/229 233/233/233 234/234/234
f 229/229/229 234/234/234 230/230/230
f 235/235/235 236/236/236 237/237/237
f 235/235/235 237/237/237 238/238/238
f 236/236/236 226/226/226 239/239/239
f 236/236/236 239/239/239 237/237/237
f 237/237/237 239/239/239 240/240/240
f 237/237/237 240/240/240 241/241/241
f 238/238/238 237/237/237 241/241/241
f 238/238/238 241/241/241 242/242/242
f 230/230/230 234/234/234 243/243/243
f 230/230/230 243/243/243 244/244/244
f 234/234/234 210/210/210 245/245/245
f 234/234/234 245/245/245 243/243/243
f 243/243/243 245/245/245 235/235/235
f 243/243/243 235/235/235 246/246/246
f 244/244/244 243/243/243 246/246/246
f 244/244/244 246/246/246 247/247/247
f 210/210/210 209/209/209 248/248/248
f 210/210/210 248/248/248 245/245/245
f 209/209/209 208/208/208 221/221/221
f 209/209/209 221/221/221 248/248/248
f 248/248/248 221/221/221 226/226/226
f 248/248/248 226/226/226 236/236/236
f 245/245/245 248/248/248 236/236/236
f 245/245/245 236/236/236 235/235/235
f 222/222/222 231/231/231 249/249/249
f 222/222/222 249/249/249 223/223/223
f 231/231/231 230/230/230 244/244/244
f 231/231/231 244/244/244 249/249/249
f 249/249/249 244/244/244 247/247/247
f 249/249/249 247/247/247 250/250/250
f 223/223/223 249/249/249 250/250/250
f 223/223/223 250/250/250 224/224/224
f 242/242/242 241/241/241 251/251/251
f 242/242/242 251/251/251 252/252/252
f 241/241/241 240/240/240 253/253/253
f 241/241/241 253/253/253 251/251/251
f 251/251/251 253/253/253 254/254/254
f 251/251/251 254/254/254 255/255/255
f 252/252/252 251/251/251 255/255/255
f 252/252/252 255/255/255 256/256/256
f 224/224/224 250/250/250 257/257/257
f 224/224/224 257/257/257 258/258/258
f 250/250/250 247/247/247 259/259/259
f 250/250/250 259/259/259 257/257/257
f 257/257/257 259/259/259 260/260/260
f 257/257/257 260/260/260 261/261/261
f 258/258/258 257/257/257 261/261/261
f 258/258/258 261/261/261 262/262/262
f 226/226/226 225/225/225 263/263/263
f 226/226/226 263/263/263 239/239/239
f 225/225/225 224/224/224 258/258/258
f 225/225/225 258/258/258 263/263/263
f 263/263/263 258/258/258 262/262/262
f 263/263/263 262/262/262 264/264/264
f 239/239/239 263/263/263 264/264/264
f 239/239/239 264/264/264 240/240/240
f 247/247/247 246/246/246 265/265/265
f 247/247/247 265/265/265 259/259/259
f 246/246/246 235/235/235 238/238/238
f 246/246/246 238/238/238 265/265/265
f 265/265/265 238/238/238 242/242/242
f 265/265/265 242/242/242 266/266/266
f 259/259/259 265/265/265 266/266/266
f 259/259/259 266/266/266 260/260/260
f 267/267/267 268/268/268 269/269/269
f 267/267/267 269/269/269 270/270/270
f 268/268/268 271/271/271 272/272/272
f 268/268/268 272/272/272 269/269/269
f 269/269/269 272/272/272 256/256/256
f 269/269/269 256/256/256 255/255/255
f 270/270/270 269/269/269 255/255/255
f 270/270/270 255/255/255 254/254/254
f 262/262/262 261/261/261 273/273/273
f 262/262/262 273/273/273 274/274/274
f 261/261/261 260/260/260 275/275/275
f 261/261/261 275/275/275 273/273/273
f 273/273/273 275/275/275 271/271/271
f 273/273/273 271/271/271 268/268/268
f 274/274/274 273/273/273 268/268/268
f 274/274/274 268/268/268 267/267/267
f 240/240/240 264/264/264 276/276/276
f 240/240/240 276/276/276 253/253/253
f 264/264/264 262/262/262 274/274/274
f 264/264/264 274/274/274 276/276/276
f 276/276/276 274/274/274 267/267/267
f 276/276/276 267/267/267 270/270/270
f 253/253/253 276/276/276 270/270/270
f 253/253/253 270/270/270 254/254/254
f 260/260/260 266/266/266 277/277/277
f 260/260/260 277/277/277 275/275/275
f 266/266/266 242/242/242 252/252/252
f 266/266/266 252/252/252 277/277/277
f 277/277/277 252/252/252 256/256/256
f 277/277/277 256/256/256 272/272/272
f 275/275/275 277/277/277 272/272/272
f 275/275/275 272/272/272 271/271/271
f 278/278/278 279/279/279 280/280/280
f 278/278/278 280/280/280 281/281/281
f 279/279/279 282/282/282 283/283/283
f 279/279/279 283/283/283 280/280/280
f 280/280/280 283/283/283 100/100/100
f 280/280/280 100/100/100 99/99/99
f 281/281/281 280/280/280 99/99/99
f 281/281/281 99/99/99 98/98/98
f 109/109/109 108/108/108 284/284/284
f 109/109/109 284/284/284 285/285/285
f 108/108/108 78/78/78 286/286/286
f 108/108/108 286/286/286 284/284/284
f 284/284/284 286/286/286 282/282/282
f 284/284/284 282/282/282 279/279/279
f 285/285/285 284/284/284 279/279/279
f 285/285/285 279/279/279 278/278/278
f 96/96/96 145/145/145 287/287/287
f 96/96/96 287/287/287 97/97/97
f 145/145/145 109/109/109 285/285/285
f 145/145/145 285/285/285 287/287/287
f 287/287/287 285/285/285 278/278/278
f 287/287/287 278/278/278 281/281/281
f 97/97/97 287/287/287 281/281/281
f 97/97/97 281/281/281 98/98/98
f 282/282/282 286/286/286 288/288/288
f 282/282/282 288/288/288 289/289/289
f 286/286/286 78/78/78 290/290/290
f 286/286/286 290/290/290 288/288/288
f 288/288/288 290/290/290 291/291/291
f 288/288/288 291/291/291 292/292/292
f 289/289/289 288/288/288 292/292/292
f 289/289/289 292/292/292 293/293/293
f 294/294/294 295/295/295 296/296/296
f 294/294/294 296/296/296 297/297/297
f 295/295/295 298/298/298 299/299/299
f 295/295/295 299/299/299 296/296/296
f 296/296/296 299/299/299 300/300/300
f 296/296/296 300/300/300 301/301/301
f 297/297/297 296/296/296 301/301/301
f 297/297/297 301/301/301 302/302/302
f 100/100/100 283/283/283 303/303/303
f 100/100/100 303/303/303 304/304/304
f 283/283/283 282/282/282 289/289/289
f 283/283/283 289/289/289 303/303/303
f 303/303/303 289/289/289 293/293/293
f 303/303/303 293/293/293 305/305/305
f 304/304/304 303/303/303 305/305/305
f 304/304/304 305/305/305 306/306/306
f 78/78/78 77/77/77 307/307/307
f 78/78/78 307/307/307 290/290/290
f 77/77/77 76/76/76 308/308/308
f 77/77/77 308/308/308 307/307/307
f 307/307/307 308/308/308 309/309/309
f 307/307/307 309/309/309 310/310/310
f 290/290/290 307/307/307 310/310/310
f 290/290/290 310/310/310 291/291/291
f 76/76/76 95/95/95 311/311/311
f 76/76/76 311/311/311 308/308/308
f 95/95/95 100/100/100 304/304/304
f 95/95/95 304/304/304 311/311/311
f 311/311/311 304/304/304 306/306/306
f 311/311/311 306/306/306 312/312/312
f 308/308/308 311/311/311 312/312/312
f 308/308/308 312/312/312 309/309/309
f 298/298/298 295/295/295 313/313/313
f 298/298/298 313/313/313 314/314/314
f 295/295/295 294/294/294 315/315/315
f 295/295/295 315/315/315 313/313/313
f 313/313/313 315/315/315 291/291/291
f 313/313/313 291/291/291 310/310/310
f 314/314/314 313/313/313 310/310/310
f 314/314/314 310/310/310 309/309/309
f 302/302/302 301/301/301 316/316/316
f 302/302/302 316/316/316 317/317/317
f 301/301/301 300/300/300 318/318/318
f 301/301/301 318/318/318 316/316/316
f 316/316/316 318/318/318 306/306/306
f 316/316/316 306/306/306 305/305/305
f 317/317/317 316/316/316 305/305/305
f 317/317/317 305/305/305 293/293/293
f 300/300/300 299/299/299 319/319/319
f 300/300/300 319/319/319 318/318/318
f 299/299/299 298/298/298 314/314/314
f 299/299/299 314/314/314 319/319/319
f 319/319/319 314/314/314 309/309/309
f 319/319/319 309/309/309 312/312/312
f 318/318/318 319/319/319 312/312/312
f 318/318/318 312/312/312 306/306/306
f 294/294/294 297/297/297 320/320/320
f 294/294/294 320/320/320 315/315/315
f 297/297/297 302/302/302 317/317/317
f 297/297/297 317/317/317 320/320/320
f 320/320/320 317/317/317 293/293/293
f 320/320/320 293/293/293 292/292/292
f 315/315/315 320/320/320 292/292/292
f 315/315/315 292/292/292 291/291/291
f 321/321/321 322/322/322 323/323/323
f 321/321/321 323/323/323 324/324/324
f 322/322/322 325/325/325 326/326/326
f 322/322/322 326/326/326 323/323/323
f 323/323/323 326/326/326 327/327/327
f 323/323/323 327/327/327 328/328/328
f 324/324/324 323/323/323 328/328/328
f 324/324/324 328/328/328 329/329/329
f 330/330/330 331/331/331 332/332/332
f 330/330/330 332/332/332 333/333/333
f 331/331/331 334/334/334 335/335/335
f 331/331/331 335/335/335 332/332/332
f 332/332/332 335/335/335 325/325/325
f 332/332/332 325/325/325 322/322/322
f 333/333/333 332/332/332 322/322/322
f 333/333/333 322/322/322 321/321/321
f 16/16/16 336/336/336 337/337/337
f 16/16/16 337/337/337 17/17/17
f 336/336/336 338/338/338 339/339/339
f 336/336/336 339/339/339 337/337/337
f 337/337/337 339/339/339 340/340/340
f 337/337/337 340/340/340 341/341/341
f 17/17/17 337/337/337 341/341/341
f 17/17/17 341/341/341 20/20/20
f 25/25/25 342/342/342 343/343/343
f 25/25/25 343/343/343 26/26/26
f 342/342/342 344/344/344 345/345/345
f 342/342/342 345/345/345 343/343/343
f 343/343/343 345/345/345 346/346/346
f 343/343/343 346/346/346 347/347/347
f 26/26/26 343/343/343 347/347/347
f 26/26/26 347/347/347 29/29/29
f 348/348/348 349/349/349 350/350/350
f 348/348/348 350/350/350 351/351/351
f 349/349/349 352/352/352 353/353/353
f 349/349/349 353/353/353 350/350/350
f 350/350/350 353/353/353 321/321/321
f 350/350/350 321/321/321 354/354/354
f 351/351/351 350/350/350 354/354/354
f 351/351/351 354/354/354 355/355/355
f 321/321/321 324/324/324 356/356/356
f 321/321/321 356/356/356 354/354/354
f 324/324/324 329/329/329 357/357/357
f 324/324/324 357/357/357 356/356/356
f 356/356/356 357/357/357 358/358/358
f 356/356/356 358/358/358 359/359/359
f 354/354/354 356/356/356 359/359/359
f 354/354/354 359/359/359 355/355/355
f 338/338/338 360/360/360 361/361/361
f 338/338/338 361/361/361 339/339/339
f 360/360/360 362/362/362 363/363/363
f 360/360/360 363/363/363 361/361/361
f 361/361/361 363/363/363 364/364/364
f 361/361/361 364/364/364 365/365/365
f 339/339/339 361/361/361 365/365/365
f 339/339/339 365/365/365 340/340/340
f 344/344/344 366/366/366 367/367/367
f 344/344/344 367/367/367 345/345/345
f 366/366/366 348/348/348 351/351/351
f 366/366/366 351/351/351 367/367/367
f 367/367/367 351/351/351 355/355/355
f 367/367/367 355/355/355 368/368/368
f 345/345/345 367/367/367 368/368/368
f 345/345/345 368/368/368 346/346/346
f 29/29/29 347/347/347 369/369/369
f 29/29/29 369/369/369 55/55/55
f 347/347/347 346/346/346 370/370/370
f 347/347/347 370/370/370 369/369/369
f 369/369/369 370/370/370 371/371/371
f 369/369/369 371/371/371 372/372/372
f 55/55/55 369/369/369 372/372/372
f 55/55/55 372/372/372 57/57/57
f 373/373/373 374/374/374 375/375/375
f 373/373/373 375/375/375 376/376/376
f 374/374/374 377/377/377 378/378/378
f 374/374/374 378/378/378 375/375/375
f 375/375/375 378/378/378 379/379/379
f 375/375/375 379/379/379 380/380/380
f 376/376/376 375/375/375 380/380/380
f 376/376/376 380/380/380 381/381/381
f 382/382/382 383/383/383 384/384/384
f 382/382/382 384/384/384 385/385/385
f 82/82/82 81/81/81 384/384/384
f 82/82/82 384/384/384 383/383/383
f 80/80/80 386/386/386 384/384/384
f 80/80/80 384/384/384 81/81/81
f 387/387/387 388/388/388 384/384/384
f 387/387/387 384/384/384 386/386/386
f 389/389/389 390/390/390 384/384/384
f 389/389/389 384/384/384 388/388/388
f 391/391/391 385/385/385 384/384/384
f 391/391/391 384/384/384 390/390/390
f 346/346/346 368/368/368 392/392/392
f 346/346/346 392/392/392 370/370/370
f 368/368/368 355/355/355 359/359/359
f 368/368/368 359/359/359 392/392/392
f 392/392/392 359/359/359 358/358/358
f 392/392/392 358/358/358 393/393/393
f 370/370/370 392/392/392 393/393/393
f 370/370/370 393/393/393 371/371/371
f 85/85/85 394/394/394 395/395/395
f 85/85/85 395/395/395 86/86/86
f 394/394/394 381/381/381 396/396/396
f 394/394/394 396/396/396 395/395/395
f 395/395/395 396/396/396 397/397/397
f 395/395/395 397/397/397 398/398/398
f 86/86/86 395/395/395 398/398/398
f 86/86/86 398/398/398 89/89/89
f 389/389/389 399/399/399 400/400/400
f 389/389/389 400/400/400 401/401/401
f 399/399/399 402/402/402 403/403/403
f 399/399/399 403/403/403 400/400/400
f 400/400/400 403/403/403 404/404/404
f 400/400/400 404/404/404 405/405/405
f 401/401/401 400/400/400 405/405/405
f 401/401/401 405/405/405 406/406/406
f 373/373/373 407/407/407 408/408/408
f 373/373/373 408/408/408 409/409/409
f 407/407/407 391/391/391 390/390/390
f 407/407/407 390/390/390 408/408/408
f 408/408/408 390/390/390 389/389/389
f 408/408/408 389/389/389 401/401/401
f 409/409/409 408/408/408 401/401/401
f 409/409/409 401/401/401 406/406/406
f 104/104/104 410/410/410 411/411/411
f 104/104/104 411/411/411 105/105/105
f 410/410/410 412/412/412 413/413/413
f 410/410/410 413/413/413 411/411/411
f 411/411/411 413/413/413 387/387/387
f 411/411/411 387/387/387 386/386/386
f 105/105/105 411/411/411 386/386/386
f 105/105/105 386/386/386 80/80/80
f 414/414/414 415/415/415 416/416/416
f 414/414/414 416/416/416 417/417/417
f 415/415/415 418/418/418 419/419/419
f 415/415/415 419/419/419 416/416/416
f 416/416/416 419/419/419 420/420/420
f 416/416/416 420/420/420 421/421/421
f 417/417/417 416/416/416 421/421/421
f 417/417/417 421/421/421 422/422/422
f 423/423/423 424/424/424 425/425/425
f 423/423/423 425/425/425 426/426/426
f 424/424/424 427/427/427 428/428/428
f 424/424/424 428/428/428 425/425/425
f 425/425/425 428/428/428 362/362/362
f 425/425/425 362/362/362 360/360/360
f 426/426/426 425/425/425 360/360/360
f 426/426/426 360/360/360 338/338/338
f 418/418/418 429/429/429 430/430/430
f 418/418/418 430/430/430 419/419/419
f 429/429/429 364/364/364 363/363/363
f 429/429/429 363/363/363 430/430/430
f 430/430/430 363/363/363 362/362/362
f 430/430/430 362/362/362 431/431/431
f 419/419/419 430/430/430 431/431/431
f 419/419/419 431/431/431 420/420/420
f 128/128/128 432/432/432 433/433/433
f 128/128/128 433/433/433 129/129/129
f 432/432/432 414/414/414 417/417/417
f 432/432/432 417/417/417 433/433/433
f 433/433/433 417/417/417 422/422/422
f 433/433/433 422/422/422 434/434/434
f 129/129/129 433/433/433 434/434/434
f 129/129/129 434/434/434 132/132/132
f 134/134/134 435/435/435 436/436/436
f 134/134/134 436/436/436 135/135/135
f 435/435/435 423/423/423 426/426/426
f 435/435/435 426/426/426 436/436/436
f 436/436/436 426/426/426 338/338/338
f 436/436/436 338/338/338 336/336/336
f 135/135/135 436/436/436 336/336/336
f 135/135/135 336/336/336 16/16/16
f 57/57/57 372/372/372 437/437/437
f 57/57/57 437/437/437 138/138/138
f 372/372/372 371/371/371 438/438/438
f 372/372/372 438/438/438 437/437/437
f 437/437/437 438/438/438 412/412/412
f 437/437/437 412/412/412 410/410/410
f 138/138/138 437/437/437 410/410/410
f 138/138/138 410/410/410 104/104/104
f 329/329/329 439/439/439 440/440/440
f 329/329/329 440/440/440 357/357/357
f 439/439/439 373/373/373 409/409/409
f 439/439/439 409/409/409 440/440/440
f 440/440/440 409/409/409 406/406/406
f 440/440/440 406/406/406 441/441/441
f 357/357/357 440/440/440 441/441/441
f 357/357/357 441/441/441 358/358/358
f 371/371/371 393/393/393 442/442/442
f 371/371/371 442/442/442 438/438/438
f 393/393/393 358/358/358 441/441/441
f 393/393/393 441/441/441 442/442/442
f 442/442/442 441/441/441 406/406/406
f 442/442/442 406/406/406 443/443/443
f 438/438/438 442/442/442 443/443/443
f 438/438/438 443/443/443 412/412/412
f 82/82/82 383/383/383 444/444/444
f 82/82/82 444/444/444 146/146/146
f 383/383/383 382/382/382 445/445/445
f 383/383/383 445/445/445 444/444/444
f 444/444/444 445/445/445 381/381/381
f 444/444/444 381/381/381 394/394/394
f 146/146/146 444/444/444 394/394/394
f 146/146/146 394/394/394 85/85/85
f 382/382/382 385/385/385 446/446/446
f 382/382/382 446/446/446 445/445/445
f 385/385/385 391/391/391 407/407/407
f 385/385/385 407/407/407 446/446/446
f 446/446/446 407/407/407 373/373/373
f 446/446/446 373/373/373 376/376/376
f 445/445/445 446/446/446 376/376/376
f 445/445/445 376/376/376 381/381/381
f 150/150/150 447/447/447 448/448/448
f 150/150/150 448/448/448 151/151/151
f 447/447/447 449/449/449 450/450/450
f 447/447/447 450/450/450 448/448/448
f 448/448/448 450/450/450 451/451/451
f 448/448/448 451/451/451 452/452/452
f 151/151/151 448/448/448 452/452/452
f 151/151/151 452/452/452 154/154/154
f 449/449/449 453/453/453 454/454/454
f 449/449/449 454/454/454 450/450/450
f 453/453/453 352/352/352 455/455/455
f 453/453/453 455/455/455 454/454/454
f 454/454/454 455/455/455 456/456/456
f 454/454/454 456/456/456 457/457/457
f 450/450/450 454/454/454 457/457/457
f 450/450/450 457/457/457 451/451/451
f 458/458/458 459/459/459 460/460/460
f 458/458/458 460/460/460 461/461/461
f 459/459/459 462/462/462 463/463/463
f 459/459/459 463/463/463 460/460/460
f 460/460/460 463/463/463 464/464/464
f 460/460/460 464/464/464 465/465/465
f 461/461/461 460/460/460 465/465/465
f 461/461/461 465/465/465 466/466/466
f 462/462/462 467/467/467 468/468/468
f 462/462/462 468/468/468 463/463/463
f 467/467/467 469/469/469 470/470/470
f 467/467/467 470/470/470 468/468/468
f 468/468/468 470/470/470 456/456/456
f 468/468/468 456/456/456 471/471/471
f 463/463/463 468/468/468 471/471/471
f 463/463/463 471/471/471 464/464/464
f 178/178/178 472/472/472 473/473/473
f 178/178/178 473/473/473 179/179/179
f 472/472/472 458/458/458 461/461/461
f 472/472/472 461/461/461 473/473/473
f 473/473/473 461/461/461 466/466/466
f 473/473/473 466/466/466 474/474/474
f 179/179/179 473/473/473 474/474/474
f 179/179/179 474/474/474 182/182/182
f 475/475/475 476/476/476 477/477/477
f 475/475/475 477/477/477 478/478/478
f 476/476/476 327/327/327 326/326/326
f 476/476/476 326/326/326 477/477/477
f 477/477/477 326/326/326 325/325/325
f 477/477/477 325/325/325 335/335/335
f 478/478/478 477/477/477 335/335/335
f 478/478/478 335/335/335 334/334/334
f 188/188/188 479/479/479 480/480/480
f 188/188/188 480/480/480 189/189/189
f 479/479/479 475/475/475 478/478/478
f 479/479/479 478/478/478 480/480/480
f 480/480/480 478/478/478 334/334/334
f 480/480/480 334/334/334 481/481/481
f 189/189/189 480/480/480 481/481/481
f 189/189/189 481/481/481 192/192/192
f 397/397/397 482/482/482 398/398/398
f 482/482/482 483/483/483 398/398/398
f 482/482/482 475/475/475 479/479/479
f 482/482/482 479/479/479 483/483/483
f 483/483/483 479/479/479 188/188/188
f 483/483/483 188/188/188 196/196/196
f 398/398/398 483/483/483 196/196/196
f 398/398/398 196/196/196 89/89/89
f 197/197/197 200/200/200 484/484/484
f 197/197/197 484/484/484 485/485/485
f 200/200/200 192/192/192 481/481/481
f 200/200/200 481/481/481 484/484/484
f 484/484/484 481/481/481 334/334/334
f 484/484/484 334/334/334 331/331/331
f 485/485/485 484/484/484 331/331/331
f 485/485/485 331/331/331 330/330/330
f 329/329/329 328/328/328 486/486/486
f 328/328/328 487/487/487 486/486/486
f 328/328/328 327/327/327 476/476/476
f 328/328/328 476/476/476 487/487/487
f 487/487/487 476/476/476 475/475/475
f 487/487/487 475/475/475 482/482/482
f 486/486/486 487/487/487 482/482/482
f 486/486/486 482/482/482 397/397/397
f 488/488/488 489/489/489 490/490/490
f 488/488/488 490/490/490 491/491/491
f 489/489/489 492/492/492 493/493/493
f 489/489/489 493/493/493 490/490/490
f 490/490/490 493/493/493 494/494/494
f 490/490/490 494/494/494 495/495/495
f 491/491/491 490/490/490 495/495/495
f 491/491/491 495/495/495 377/377/377
f 381/381/381 380/380/380 496/496/496
f 381/381/381 496/496/496 396/396/396
f 380/380/380 379/379/379 497/497/497
f 380/380/380 497/497/497 496/496/496
f 496/496/496 497/497/497 498/498/498
f 496/496/496 498/498/498 499/499/499
f 396/396/396 496/496/496 499/499/499
f 396/396/396 499/499/499 397/397/397
f 397/397/397 499/499/499 500/500/500
f 397/397/397 500/500/500 486/486/486
f 499/499/499 498/498/498 501/501/501
f 499/499/499 501/501/501 500/500/500
f 500/500/500 501/501/501 488/488/488
f 500/500/500 488/488/488 502/502/502
f 486/486/486 500/500/500 502/502/502
f 486/486/486 502/502/502 329/329/329
f 329/329/329 502/502/502 503/503/503
f 329/329/329 503/503/503 439/439/439
f 502/502/502 488/488/488 491/491/491
f 502/502/502 491/491/491 503/503/503
f 503/503/503 491/491/491 377/377/377
f 503/503/503 377/377/377 374/374/374
f 439/439/439 503/503/503 374/374/374
f 439/439/439 374/374/374 373/373/373
f 494/494/494 504/504/504 505/505/505
f 494/494/494 505/505/505 506/506/506
f 504/504/504 507/507/507 508/508/508
f 504/504/504 508/508/508 505/505/505
f 505/505/505 508/508/508 509/509/509
f 505/505/505 509/509/509 510/510/510
f 506/506/506 505/505/505 510/510/510
f 506/506/506 510/510/510 511/511/511
f 379/379/379 512/512/512 513/513/513
f 379/379/379 513/513/513 497/497/497
f 512/512/512 511/511/511 514/514/514
f 512/512/512 514/514/514 513/513/513
f 513/513/513 514/514/514 515/515/515
f 513/513/513 515/515/515 516/516/516
f 497/497/497 513/513/513 516/516/516
f 497/497/497 516/516/516 498/498/498
f 377/377/377 495/495/495 517/517/517
f 377/377/377 517/517/517 378/378/378
f 495/495/495 494/494/494 506/506/506
f 495/495/495 506/506/506 517/517/517
f 517/517/517 506/506/506 511/511/511
f 517/517/517 511/511/511 512/512/512
f 378/378/378 517/517/517 512/512/512
f 378/378/378 512/512/512 379/379/379
f 498/498/498 516/516/516 518/518/518
f 498/498/498 518/518/518 501/501/501
f 516/516/516 515/515/515 519/519/519
f 516/516/516 519/519/519 518/518/518
f 518/518/518 519/519/519 492/492/492
f 518/518/518 492/492/492 489/489/489
f 501/501/501 518/518/518 489/489/489
f 501/501/501 489/489/489 488/488/488
f 520/520/520 521/521/521 522/522/522
f 520/520/520 522/522/522 523/523/523
f 521/521/521 524/524/524 525/525/525
f 521/521/521 525/525/525 522/522/522
f 522/522/522 525/525/525 526/526/526
f 522/522/522 526/526/526 527/527/527
f 523/523/523 522/522/522 527/527/527
f 523/523/523 527/527/527 507/507/507
f 515/515/515 528/528/528 529/529/529
f 515/515/515 529/529/529 519/519/519
f 528/528/528 530/530/530 531/531/531
f 528/528/528 531/531/531 529/529/529
f 529/529/529 531/531/531 520/520/520
f 529/529/529 520/520/520 532/532/532
f 519/519/519 529/529/529 532/532/532
f 519/519/519 532/532/532 492/492/492
f 492/492/492 532/532/532 533/533/533
f 492/492/492 533/533/533 493/493/493
f 532/532/532 520/520/520 523/523/523
f 532/532/532 523/523/523 533/533/533
f 533/533/533 523/523/523 507/507/507
f 533/533/533 507/507/507 504/504/504
f 493/493/493 533/533/533 504/504/504
f 493/493/493 504/504/504 494/494/494
f 511/511/511 510/510/510 534/534/534
f 511/511/511 534/534/534 514/514/514
f 510/510/510 509/509/509 535/535/535
f 510/510/510 535/535/535 534/534/534
f 534/534/534 535/535/535 530/530/530
f 534/534/534 530/530/530 528/528/528
f 514/514/514 534/534/534 528/528/528
f 514/514/514 528/528/528 515/515/515
f 524/524/524 536/536/536 537/537/537
f 524/524/524 537/537/537 525/525/525
f 536/536/536 538/538/538 539/539/539
f 536/536/536 539/539/539 537/537/537
f 537/537/537 539/539/539 540/540/540
f 537/537/537 540/540/540 541/541/541
f 525/525/525 537/537/537 541/541/541
f 525/525/525 541/541/541 526/526/526
f 509/509/509 542/542/542 543/543/543
f 509/509/509 543/543/543 535/535/535
f 542/542/542 544/544/544 545/545/545
f 542/542/542 545/545/545 543/543/543
f 543/543/543 545/545/545 546/546/546
f 543/543/543 546/546/546 547/547/547
f 535/535/535 543/543/543 547/547/547
f 535/535/535 547/547/547 530/530/530
f 507/507/507 527/527/527 548/548/548
f 507/507/507 548/548/548 508/508/508
f 527/527/527 526/526/526 549/549/549
f 527/527/527 549/549/549 548/548/548
f 548/548/548 549/549/549 544/544/544
f 548/548/548 544/544/544 542/542/542
f 508/508/508 548/548/548 542/542/542
f 508/508/508 542/542/542 509/509/509
f 530/530/530 547/547/547 550/550/550
f 530/530/530 550/550/550 531/531/531
f 547/547/547 546/546/546 551/551/551
f 547/547/547 551/551/551 550/550/550
f 550/550/550 551/551/551 524/524/524
f 550/550/550 524/524/524 521/521/521
f 531/531/531 550/550/550 521/521/521
f 531/531/531 521/521/521 520/520/520
f 552/552/552 553/553/553 554/554/554
f 552/552/552 554/554/554 555/555/555
f 553/553/553 540/540/540 539/539/539
f 553/553/553 539/539/539 554/554/554
f 554/554/554 539/539/539 538/538/538
f 554/554/554 538/538/538 556/556/556
f 555/555/555 554/554/554 556/556/556
f 555/555/555 556/556/556 557/557/557
f 544/544/544 558/558/558 559/559/559
f 544/544/544 559/559/559 545/545/545
f 558/558/558 552/552/552 555/555/555
f 558/558/558 555/555/555 559/559/559
f 559/559/559 555/555/555 557/557/557
f 559/559/559 557/557/557 560/560/560
f 545/545/545 559/559/559 560/560/560
f 545/545/545 560/560/560 546/546/546
f 526/526/526 541/541/541 561/561/561
f 526/526/526 561/561/561 549/549/549
f 541/541/541 540/540/540 553/553/553
f 541/541/541 553/553/553 561/561/561
f 561/561/561 553/553/553 552/552/552
f 561/561/561 552/552/552 558/558/558
f 549/549/549 561/561/561 558/558/558
f 549/549/549 558/558/558 544/544/544
f 546/546/546 560/560/560 562/562/562
f 546/546/546 562/562/562 551/551/551
f 560/560/560 557/557/557 556/556/556
f 560/560/560 556/556/556 562/562/562
f 562/562/562 556/556/556 538/538/538
f 562/562/562 538/538/538 536/536/536
f 551/551/551 562/562/562 536/536/536
f 551/551/551 536/536/536 524/524/524
f 563/563/563 564/564/564 565/565/565
f 563/563/563 565/565/565 566/566/566
f 564/564/564 404/404/404 403/403/403
f 564/564/564 403/403/403 565/565/565
f 565/565/565 403/403/403 402/402/402
f 565/565/565 402/402/402 567/567/567
f 566/566/566 565/565/565 567/567/567
f 566/566/566 567/567/567 568/568/568
f 412/412/412 569/569/569 570/570/570
f 412/412/412 570/570/570 413/413/413
f 569/569/569 563/563/563 566/566/566
f 569/569/569 566/566/566 570/570/570
f 570/570/570 566/566/566 568/568/568
f 570/570/570 568/568/568 571/571/571
f 413/413/413 570/570/570 571/571/571
f 413/413/413 571/571/571 387/387/387
f 406/406/406 405/405/405 572/572/572
f 406/406/406 572/572/572 443/443/443
f 405/405/405 404/404/404 564/564/564
f 405/405/405 564/564/564 572/572/572
f 572/572/572 564/564/564 563/563/563
f 572/572/572 563/563/563 569/569/569
f 443/443/443 572/572/572 569/569/569
f 443/443/443 569/569/569 412/412/412
f 568/568/568 573/573/573 574/574/574
f 568/568/568 574/574/574 571/571/571
f 573/573/573 575/575/575 576/576/576
f 573/573/573 576/576/576 574/574/574
f 574/574/574 576/576/576 577/577/577
f 574/574/574 577/577/577 578/578/578
f 571/571/571 574/574/574 578/578/578
f 571/571/571 578/578/578 387/387/387
f 579/579/579 580/580/580 581/581/581
f 579/579/579 581/581/581 582/582/582
f 580/580/580 583/583/583 584/584/584
f 580/580/580 584/584/584 581/581/581
f 581/581/581 584/584/584 585/585/585
f 581/581/581 585/585/585 586/586/586
f 582/582/582 581/581/581 586/586/586
f 582/582/582 586/586/586 587/587/587
f 402/402/402 588/588/588 589/589/589
f 402/402/402 589/589/589 567/567/567
f 588/588/588 590/590/590 591/591/591
f 588/588/588 591/591/591 589/589/589
f 589/589/589 591/591/591 575/575/575
f 589/589/589 575/575/575 573/573/573
f 567/567/567 589/589/589 573/573/573
f 567/567/567 573/573/573 568/568/568
f 387/387/387 578/578/578 592/592/592
f 387/387/387 592/592/592 388/388/388
f 578/578/578 577/577/577 593/593/593
f 578/578/578 593/593/593 592/592/592
f 592/592/592 593/593/593 594/594/594
f 592/592/592 594/594/594 595/595/595
f 388/388/388 592/592/592 595/595/595
f 388/388/388 595/595/595 389/389/389
f 389/389/389 595/595/595 596/596/596
f 389/389/389 596/596/596 399/399/399
f 595/595/595 594/594/594 597/597/597
f 595/595/595 597/597/597 596/596/596
f 596/596/596 597/597/597 590/590/590
f 596/596/596 590/590/590 588/588/588
f 399/399/399 596/596/596 588/588/588
f 399/399/399 588/588/588 402/402/402
f 587/587/587 598/598/598 599/599/599
f 587/587/587 599/599/599 582/582/582
f 598/598/598 594/594/594 593/593/593
f 598/598/598 593/593/593 599/599/599
f 599/599/599 593/593/593 577/577/577
f 599/599/599 577/577/577 600/600/600
f 582/582/582 599/599/599 600/600/600
f 582/582/582 600/600/600 579/579/579
f 583/583/583 601/601/601 602/602/602
f 583/583/583 602/602/602 584/584/584
f 601/601/601 575/575/575 591/591/591
f 601/601/601 591/591/591 602/602/602
f 602/602/602 591/591/591 590/590/590
f 602/602/602 590/590/590 603/603/603
f 584/584/584 602/602/602 603/603/603
f 584/584/584 603/603/603 585/585/585
f 585/585/585 603/603/603 604/604/604
f 585/585/585 604/604/604 586/586/586
f 603/603/603 590/590/590 597/597/597
f 603/603/603 597/597/597 604/604/604
f 604/604/604 597/597/597 594/594/594
f 604/604/604 594/594/594 598/598/598
f 586/586/586 604/604/604 598/598/598
f 586/586/586 598/598/598 587/587/587
f 579/579/579 600/600/600 605/605/605
f 579/579/579 605/605/605 580/580/580
f 600/600/600 577/577/577 576/576/576
f 600/600/600 576/576/576 605/605/605
f 605/605/605 576/576/576 575/575/575
f 605/605/605 575/575/575 601/601/601
f 580/580/580 605/605/605 601/601/601
f 580/580/580 601/601/601 583/583/583
f 20/20/20 341/341/341 606/606/606
f 20/20/20 606/606/606 607/607/607
f 341/341/341 340/340/340 608/608/608
f 341/341/341 608/608/608 606/606/606
f 606/606/606 608/608/608 609/609/609
f 606/606/606 609/609/609 610/610/610
f 607/607/607 606/606/606 610/610/610
f 607/607/607 610/610/610 611/611/611
f 340/340/340 365/365/365 612/612/612
f 340/340/340 612/612/612 608/608/608
f 365/365/365 364/364/364 613/613/613
f 365/365/365 613/613/613 612/612/612
f 612/612/612 613/613/613 614/614/614
f 612/612/612 614/614/614 615/615/615
f 608/608/608 612/612/612 615/615/615
f 608/608/608 615/615/615 609/609/609
f 110/110/110 113/113/113 616/616/616
f 110/110/110 616/616/616 617/617/617
f 113/113/113 118/118/118 618/618/618
f 113/113/113 618/618/618 616/616/616
f 616/616/616 618/618/618 619/619/619
f 616/616/616 619/619/619 620/620/620
f 617/617/617 616/616/616 620/620/620
f 617/617/617 620/620/620 621/621/621
f 118/118/118 126/126/126 622/622/622
f 118/118/118 622/622/622 618/618/618
f 126/126/126 49/49/49 623/623/623
f 126/126/126 623/623/623 622/622/622
f 622/622/622 623/623/623 624/624/624
f 622/622/622 624/624/624 625/625/625
f 618/618/618 622/622/622 625/625/625
f 618/618/618 625/625/625 619/619/619
f 128/128/128 131/131/131 626/626/626
f 128/128/128 626/626/626 627/627/627
f 131/131/131 110/110/110 617/617/617
f 131/131/131 617/617/617 626/626/626
f 626/626/626 617/617/617 621/621/621
f 626/626/626 621/621/621 628/628/628
f 627/627/627 626/626/626 628/628/628
f 627/627/627 628/628/628 629/629/629
f 418/418/418 415/415/415 630/630/630
f 418/418/418 630/630/630 631/631/631
f 415/415/415 414/414/414 632/632/632
f 415/415/415 632/632/632 630/630/630
f 630/630/630 632/632/632 633/633/633
f 630/630/630 633/633/633 634/634/634
f 631/631/631 630/630/630 634/634/634
f 631/631/631 634/634/634 635/635/635
f 364/364/364 429/429/429 636/636/636
f 364/364/364 636/636/636 613/613/613
f 429/429/429 418/418/418 631/631/631
f 429/429/429 631/631/631 636/636/636
f 636/636/636 631/631/631 635/635/635
f 636/636/636 635/635/635 637/637/637
f 613/613/613 636/636/636 637/637/637
f 613/613/613 637/637/637 614/614/614
f 22/22/22 21/21/21 638/638/638
f 22/22/22 638/638/638 639/639/639
f 21/21/21 20/20/20 607/607/607
f 21/21/21 607/607/607 638/638/638
f 638/638/638 607/607/607 611/611/611
f 638/638/638 611/611/611 640/640/640
f 639/639/639 638/638/638 640/640/640
f 639/639/639 640/640/640 641/641/641
f 49/49/49 48/48/48 642/642/642
f 49/49/49 642/642/642 623/623/623
f 48/48/48 22/22/22 639/639/639
f 48/48/48 639/639/639 642/642/642
f 642/642/642 639/639/639 641/641/641
f 642/642/642 641/641/641 643/643/643
f 623/623/623 642/642/642 643/643/643
f 623/623/623 643/643/643 624/624/624
f 414/414/414 432/432/432 644/644/644
f 414/414/414 644/644/644 632/632/632
f 432/432/432 128/128/128 627/627/627
f 432/432/432 627/627/627 644/644/644
f 644/644/644 627/627/627 629/629/629
f 644/644/644 629/629/629 645/645/645
f 632/632/632 644/644/644 645/645/645
f 632/632/632 645/645/645 633/633/633
f 646/646/646 647/647/647 648/648/648
f 646/646/646 648/648/648 649/649/649
f 647/647/647 650/650/650 651/651/651
f 647/647/647 651/651/651 648/648/648
f 648/648/648 651/651/651 652/652/652
f 648/648/648 652/652/652 653/653/653
f 649/649/649 648/648/648 653/653/653
f 649/649/649 653/653/653 654/654/654
f 655/655/655 656/656/656 657/657/657
f 655/655/655 657/657/657 658/658/658
f 656/656/656 427/427/427 659/659/659
f 656/656/656 659/659/659 657/657/657
f 657/657/657 659/659/659 660/660/660
f 657/657/657 660/660/660 661/661/661
f 658/658/658 657/657/657 661/661/661
f 658/658/658 661/661/661 662/662/662
f 650/650/650 663/663/663 664/664/664
f 650/650/650 664/664/664 651/651/651
f 663/663/663 655/655/655 658/658/658
f 663/663/663 658/658/658 664/664/664
f 664/664/664 658/658/658 662/662/662
f 664/664/664 662/662/662 665/665/665
f 651/651/651 664/664/664 665/665/665
f 651/651/651 665/665/665 652/652/652
f 666/666/666 667/667/667 668/668/668
f 666/666/666 668/668/668 669/669/669
f 667/667/667 670/670/670 671/671/671
f 667/667/667 671/671/671 668/668/668
f 668/668/668 671/671/671 672/672/672
f 668/668/668 672/672/672 673/673/673
f 669/669/669 668/668/668 673/673/673
f 669/669/669 673/673/673 674/674/674
f 670/670/670 675/675/675 676/676/676
f 670/670/670 676/676/676 671/671/671
f 675/675/675 677/677/677 678/678/678
f 675/675/675 678/678/678 676/676/676
f 676/676/676 678/678/678 660/660/660
f 676/676/676 660/660/660 679/679/679
f 671/671/671 676/676/676 679/679/679
f 671/671/671 679/679/679 672/672/672
f 646/646/646 649/649/649 680/680/680
f 646/646/646 680/680/680 681/681/681
f 649/649/649 654/654/654 682/682/682
f 649/649/649 682/682/682 680/680/680
f 680/680/680 682/682/682 683/683/683
f 680/680/680 683/683/683 684/684/684
f 681/681/681 680/680/680 684/684/684
f 681/681/681 684/684/684 685/685/685
f 686/686/686 687/687/687 688/688/688
f 686/686/686 688/688/688 689/689/689
f 687/687/687 690/690/690 691/691/691
f 687/687/687 691/691/691 688/688/688
f 688/688/688 691/691/691 692/692/692
f 688/688/688 692/692/692 693/693/693
f 689/689/689 688/688/688 693/693/693
f 689/689/689 693/693/693 124/124/124
f 685/685/685 684/684/684 694/694/694
f 685/685/685 694/694/694 695/695/695
f 684/684/684 683/683/683 696/696/696
f 684/684/684 696/696/696 694/694/694
f 694/694/694 696/696/696 690/690/690
f 694/694/694 690/690/690 687/687/687
f 695/695/695 694/694/694 687/687/687
f 695/695/695 687/687/687 686/686/686
f 666/666/666 669/669/669 697/697/697
f 666/666/666 697/697/697 698/698/698
f 669/669/669 674/674/674 699/699/699
f 669/669/669 699/699/699 697/697/697
f 697/697/697 699/699/699 700/700/700
f 697/697/697 700/700/700 701/701/701
f 698/698/698 697/697/697 701/701/701
f 698/698/698 701/701/701 702/702/702
f 702/702/702 701/701/701 703/703/703
f 702/702/702 703/703/703 704/704/704
f 701/701/701 700/700/700 705/705/705
f 701/701/701 705/705/705 703/703/703
f 703/703/703 705/705/705 692/692/692
f 703/703/703 692/692/692 706/706/706
f 704/704/704 703/703/703 706/706/706
f 704/704/704 706/706/706 707/707/707
f 114/114/114 708/708/708 709/709/709
f 114/114/114 709/709/709 115/115/115
f 708/708/708 685/685/685 695/695/695
f 708/708/708 695/695/695 709/709/709
f 709/709/709 695/695/695 686/686/686
f 709/709/709 686/686/686 710/710/710
f 115/115/115 709/709/709 710/710/710
f 115/115/115 710/710/710 116/116/116
f 116/116/116 710/710/710 711/711/711
f 116/116/116 711/711/711 127/127/127
f 710/710/710 686/686/686 689/689/689
f 710/710/710 689/689/689 711/711/711
f 711/711/711 689/689/689 124/124/124
f 711/711/711 124/124/124 123/123/123
f 127/127/127 711/711/711 123/123/123
f 127/127/127 123/123/123 51/51/51
f 132/132/132 712/712/712 713/713/713
f 132/132/132 713/713/713 133/133/133
f 712/712/712 646/646/646 681/681/681
f 712/712/712 681/681/681 713/713/713
f 713/713/713 681/681/681 685/685/685
f 713/713/713 685/685/685 708/708/708
f 133/133/133 713/713/713 708/708/708
f 133/133/133 708/708/708 114/114/114
f 422/422/422 421/421/421 714/714/714
f 422/422/422 714/714/714 715/715/715
f 421/421/421 420/420/420 716/716/716
f 421/421/421 716/716/716 714/714/714
f 714/714/714 716/716/716 655/655/655
f 714/714/714 655/655/655 663/663/663
f 715/715/715 714/714/714 663/663/663
f 715/715/715 663/663/663 650/650/650
f 420/420/420 431/431/431 717/717/717
f 420/420/420 717/717/717 716/716/716
f 431/431/431 362/362/362 428/428/428
f 431/431/431 428/428/428 717/717/717
f 717/717/717 428/428/428 427/427/427
f 717/717/717 427/427/427 656/656/656
f 716/716/716 717/717/717 656/656/656
f 716/716/716 656/656/656 655/655/655
f 132/132/132 434/434/434 718/718/718
f 132/132/132 718/718/718 712/712/712
f 434/434/434 422/422/422 715/715/715
f 434/434/434 715/715/715 718/718/718
f 718/718/718 715/715/715 650/650/650
f 718/718/718 650/650/650 647/647/647
f 712/712/712 718/718/718 647/647/647
f 712/712/712 647/647/647 646/646/646
f 674/674/674 673/673/673 719/719/719
f 674/674/674 719/719/719 720/720/720
f 673/673/673 672/672/672 721/721/721
f 673/673/673 721/721/721 719/719/719
f 719/719/719 721/721/721 423/423/423
f 719/719/719 423/423/423 435/435/435
f 720/720/720 719/719/719 435/435/435
f 720/720/720 435/435/435 134/134/134
f 672/672/672 679/679/679 722/722/722
f 672/672/672 722/722/722 721/721/721
f 679/679/679 660/660/660 659/659/659
f 679/679/679 659/659/659 722/722/722
f 722/722/722 659/659/659 427/427/427
f 722/722/722 427/427/427 424/424/424
f 721/721/721 722/722/722 424/424/424
f 721/721/721 424/424/424 423/423/423
f 674/674/674 720/720/720 723/723/723
f 674/674/674 723/723/723 699/699/699
f 720/720/720 134/134/134 137/137/137
f 720/720/720 137/137/137 723/723/723
f 723/723/723 137/137/137 119/119/119
f 723/723/723 119/119/119 724/724/724
f 699/699/699 723/723/723 724/724/724
f 699/699/699 724/724/724 700/700/700
f 700/700/700 724/724/724 725/725/725
f 700/700/700 725/725/725 705/705/705
f 724/724/724 119/119/119 122/122/122
f 724/724/724 122/122/122 725/725/725
f 725/725/725 122/122/122 124/124/124
f 725/725/725 124/124/124 693/693/693
f 705/705/705 725/725/725 693/693/693
f 705/705/705 693/693/693 692/692/692
f 726/726/726 727/727/727 728/728/728
f 726/726/726 728/728/728 729/729/729
f 727/727/727 702/702/702 704/704/704
f 727/727/727 704/704/704 728/728/728
f 728/728/728 704/704/704 707/707/707
f 728/728/728 707/707/707 730/730/730
f 729/729/729 728/728/728 730/730/730
f 729/729/729 730/730/730 731/731/731
f 732/732/732 733/733/733 734/734/734
f 732/732/732 734/734/734 735/735/735
f 733/733/733 666/666/666 698/698/698
f 733/733/733 698/698/698 734/734/734
f 734/734/734 698/698/698 702/702/702
f 734/734/734 702/702/702 727/727/727
f 735/735/735 734/734/734 727/727/727
f 735/735/735 727/727/727 726/726/726
f 736/736/736 737/737/737 738/738/738
f 736/736/736 738/738/738 739/739/739
f 737/737/737 740/740/740 741/741/741
f 737/737/737 741/741/741 738/738/738
f 738/738/738 741/741/741 677/677/677
f 738/738/738 677/677/677 675/675/675
f 739/739/739 738/738/738 675/675/675
f 739/739/739 675/675/675 670/670/670
f 732/732/732 742/742/742 743/743/743
f 732/732/732 743/743/743 733/733/733
f 742/742/742 736/736/736 739/739/739
f 742/742/742 739/739/739 743/743/743
f 743/743/743 739/739/739 670/670/670
f 743/743/743 670/670/670 667/667/667
f 733/733/733 743/743/743 667/667/667
f 733/733/733 667/667/667 666/666/666
f 654/654/654 653/653/653 744/744/744
f 654/654/654 744/744/744 745/745/745
f 653/653/653 652/652/652 746/746/746
f 653/653/653 746/746/746 744/744/744
f 744/744/744 746/746/746 747/747/747
f 744/744/744 747/747/747 748/748/748
f 745/745/745 744/744/744 748/748/748
f 745/745/745 748/748/748 749/749/749
f 662/662/662 661/661/661 750/750/750
f 662/662/662 750/750/750 751/751/751
f 661/661/661 660/660/660 678/678/678
f 661/661/661 678/678/678 750/750/750
f 750/750/750 678/678/678 677/677/677
f 750/750/750 677/677/677 752/752/752
f 751/751/751 750/750/750 752/752/752
f 751/751/751 752/752/752 753/753/753
f 652/652/652 665/665/665 754/754/754
f 652/652/652 754/754/754 746/746/746
f 665/665/665 662/662/662 751/751/751
f 665/665/665 751/751/751 754/754/754
f 754/754/754 751/751/751 753/753/753
f 754/754/754 753/753/753 755/755/755
f 746/746/746 754/754/754 755/755/755
f 746/746/746 755/755/755 747/747/747
f 654/654/654 745/745/745 756/756/756
f 654/654/654 756/756/756 682/682/682
f 745/745/745 749/749/749 757/757/757
f 745/745/745 757/757/757 756/756/756
f 756/756/756 757/757/757 758/758/758
f 756/756/756 758/758/758 759/759/759
f 682/682/682 756/756/756 759/759/759
f 682/682/682 759/759/759 683/683/683
f 690/690/690 760/760/760 761/761/761
f 690/690/690 761/761/761 691/691/691
f 760/760/760 762/762/762 763/763/763
f 760/760/760 763/763/763 761/761/761
f 761/761/761 763/763/763 707/707/707
f 761/761/761 707/707/707 706/706/706
f 691/691/691 761/761/761 706/706/706
f 691/691/691 706/706/706 692/692/692
f 683/683/683 759/759/759 764/764/764
f 683/683/683 764/764/764 696/696/696
f 759/759/759 758/758/758 765/765/765
f 759/759/759 765/765/765 764/764/764
f 764/764/764 765/765/765 762/762/762
f 764/764/764 762/762/762 760/760/760
f 696/696/696 764/764/764 760/760/760
f 696/696/696 760/760/760 690/690/690
f 766/766/766 767/767/767 768/768/768
f 766/766/766 768/768/768 769/769/769
f 767/767/767 770/770/770 771/771/771
f 767/767/767 771/771/771 768/768/768
f 768/768/768 771/771/771 736/736/736
f 768/768/768 736/736/736 742/742/742
f 769/769/769 768/768/768 742/742/742
f 769/769/769 742/742/742 732/732/732
f 770/770/770 772/772/772 773/773/773
f 770/770/770 773/773/773 771/771/771
f 772/772/772 469/469/469 774/774/774
f 772/772/772 774/774/774 773/773/773
f 773/773/773 774/774/774 740/740/740
f 773/773/773 740/740/740 737/737/737
f 771/771/771 773/773/773 737/737/737
f 771/771/771 737/737/737 736/736/736
f 766/766/766 769/769/769 775/775/775
f 766/766/766 775/775/775 776/776/776
f 769/769/769 732/732/732 735/735/735
f 769/769/769 735/735/735 775/775/775
f 775/775/775 735/735/735 726/726/726
f 775/775/775 726/726/726 777/777/777
f 776/776/776 775/775/775 777/777/777
f 776/776/776 777/777/777 778/778/778
f 778/778/778 777/777/777 779/779/779
f 778/778/778 779/779/779 780/780/780
f 777/777/777 726/726/726 729/729/729
f 777/777/777 729/729/729 779/779/779
f 779/779/779 729/729/729 731/731/731
f 779/779/779 731/731/731 781/781/781
f 780/780/780 779/779/779 781/781/781
f 780/780/780 781/781/781 177/177/177
f 749/749/749 748/748/748 782/782/782
f 749/749/749 782/782/782 783/783/783
f 748/748/748 747/747/747 784/784/784
f 748/748/748 784/784/784 782/782/782
f 782/782/782 784/784/784 785/785/785
f 782/782/782 785/785/785 786/786/786
f 783/783/783 782/782/782 786/786/786
f 783/783/783 786/786/786 787/787/787
f 753/753/753 752/752/752 788/788/788
f 753/753/753 788/788/788 789/789/789
f 752/752/752 677/677/677 741/741/741
f 752/752/752 741/741/741 788/788/788
f 788/788/788 741/741/741 740/740/740
f 788/788/788 740/740/740 790/790/790
f 789/789/789 788/788/788 790/790/790
f 789/789/789 790/790/790 791/791/791
f 747/747/747 755/755/755 792/792/792
f 747/747/747 792/792/792 784/784/784
f 755/755/755 753/753/753 789/789/789
f 755/755/755 789/789/789 792/792/792
f 792/792/792 789/789/789 791/791/791
f 792/792/792 791/791/791 793/793/793
f 784/784/784 792/792/792 793/793/793
f 784/784/784 793/793/793 785/785/785
f 749/749/749 783/783/783 794/794/794
f 749/749/749 794/794/794 757/757/757
f 783/783/783 787/787/787 795/795/795
f 783/783/783 795/795/795 794/794/794
f 794/794/794 795/795/795 796/796/796
f 794/794/794 796/796/796 797/797/797
f 757/757/757 794/794/794 797/797/797
f 757/757/757 797/797/797 758/758/758
f 762/762/762 798/798/798 799/799/799
f 762/762/762 799/799/799 763/763/763
f 798/798/798 800/800/800 801/801/801
f 798/798/798 801/801/801 799/799/799
f 799/799/799 801/801/801 731/731/731
f 799/799/799 731/731/731 730/730/730
f 763/763/763 799/799/799 730/730/730
f 763/763/763 730/730/730 707/707/707
f 758/758/758 797/797/797 802/802/802
f 758/758/758 802/802/802 765/765/765
f 797/797/797 796/796/796 803/803/803
f 797/797/797 803/803/803 802/802/802
f 802/802/802 803/803/803 800/800/800
f 802/802/802 800/800/800 798/798/798
f 765/765/765 802/802/802 798/798/798
f 765/765/765 798/798/798 762/762/762
f 330/330/330 333/333/333 804/804/804
f 330/330/330 804/804/804 805/805/805
f 333/333/333 321/321/321 353/353/353
f 333/333/333 353/353/353 804/804/804
f 804/804/804 353/353/353 352/352/352
f 804/804/804 352/352/352 453/453/453
f 805/805/805 804/804/804 453/453/453
f 805/805/805 453/453/453 449/449/449
f 197/197/197 485/485/485 806/806/806
f 197/197/197 806/806/806 807/807/807
f 485/485/485 330/330/330 805/805/805
f 485/485/485 805/805/805 806/806/806
f 806/806/806 805/805/805 449/449/449
f 806/806/806 449/449/449 447/447/447
f 807/807/807 806/806/806 447/447/447
f 807/807/807 447/447/447 150/150/150
f 466/466/466 465/465/465 808/808/808
f 466/466/466 808/808/808 809/809/809
f 465/465/465 464/464/464 810/810/810
f 465/465/465 810/810/810 808/808/808
f 808/808/808 810/810/810 348/348/348
f 808/808/808 348/348/348 366/366/366
f 809/809/809 808/808/808 366/366/366
f 809/809/809 366/366/366 344/344/344
f 464/464/464 471/471/471 811/811/811
f 464/464/464 811/811/811 810/810/810
f 471/471/471 456/456/456 455/455/455
f 471/471/471 455/455/455 811/811/811
f 811/811/811 455/455/455 352/352/352
f 811/811/811 352/352/352 349/349/349
f 810/810/810 811/811/811 349/349/349
f 810/810/810 349/349/349 348/348/348
f 182/182/182 474/474/474 812/812/812
f 182/182/182 812/812/812 813/813/813
f 474/474/474 466/466/466 809/809/809
f 474/474/474 809/809/809 812/812/812
f 812/812/812 809/809/809 344/344/344
f 812/812/812 344/344/344 342/342/342
f 813/813/813 812/812/812 342/342/342
f 813/813/813 342/342/342 25/25/25
f 10/10/10 814/814/814 815/815/815
f 10/10/10 815/815/815 11/11/11
f 814/814/814 158/158/158 160/160/160
f 814/814/814 160/160/160 815/815/815
f 815/815/815 160/160/160 41/41/41
f 815/815/815 41/41/41 40/40/40
f 11/11/11 815/815/815 40/40/40
f 11/11/11 40/40/40 1/1/1
f 197/197/197 807/807/807 816/816/816
f 197/197/197 816/816/816 198/198/198
f 807/807/807 150/150/150 153/153/153
f 807/807/807 153/153/153 816/816/816
f 816/816/816 153/153/153 158/158/158
f 816/816/816 158/158/158 814/814/814
f 198/198/198 816/816/816 814/814/814
f 198/198/198 814/814/814 10/10/10
f 168/168/168 817/817/817 818/818/818
f 168/168/168 818/818/818 169/169/169
f 817/817/817 33/33/33 53/53/53
f 817/817/817 53/53/53 818/818/818
f 818/818/818 53/53/53 34/34/34
f 818/818/818 34/34/34 819/819/819
f 169/169/169 818/818/818 819/819/819
f 169/169/169 819/819/819 170/170/170
f 170/170/170 819/819/819 820/820/820
f 170/170/170 820/820/820 175/175/175
f 819/819/819 34/34/34 37/37/37
f 819/819/819 37/37/37 820/820/820
f 820/820/820 37/37/37 41/41/41
f 820/820/820 41/41/41 163/163/163
f 175/175/175 820/820/820 163/163/163
f 175/175/175 163/163/163 162/162/162
f 182/182/182 813/813/813 821/821/821
f 182/182/182 821/821/821 183/183/183
f 813/813/813 25/25/25 28/28/28
f 813/813/813 28/28/28 821/821/821
f 821/821/821 28/28/28 33/33/33
f 821/821/821 33/33/33 817/817/817
f 183/183/183 821/821/821 817/817/817
f 183/183/183 817/817/817 168/168/168
f 156/156/156 822/822/822 823/823/823
f 156/156/156 823/823/823 161/161/161
f 822/822/822 778/778/778 780/780/780
f 822/822/822 780/780/780 823/823/823
f 823/823/823 780/780/780 177/177/177
f 823/823/823 177/177/177 176/176/176
f 161/161/161 823/823/823 176/176/176
f 161/161/161 176/176/176 162/162/162
f 154/154/154 824/824/824 825/825/825
f 154/154/154 825/825/825 155/155/155
f 824/824/824 766/766/766 776/776/776
f 824/824/824 776/776/776 825/825/825
f 825/825/825 776/776/776 778/778/778
f 825/825/825 778/778/778 822/822/822
f 155/155/155 825/825/825 822/822/822
f 155/155/155 822/822/822 156/156/156
f 451/451/451 457/457/457 826/826/826
f 451/451/451 826/826/826 827/827/827
f 457/457/457 456/456/456 470/470/470
f 457/457/457 470/470/470 826/826/826
f 826/826/826 470/470/470 469/469/469
f 826/826/826 469/469/469 772/772/772
f 827/827/827 826/826/826 772/772/772
f 827/827/827 772/772/772 770/770/770
f 154/154/154 452/452/452 828/828/828
f 154/154/154 828/828/828 824/824/824
f 452/452/452 451/451/451 827/827/827
f 452/452/452 827/827/827 828/828/828
f 828/828/828 827/827/827 770/770/770
f 828/828/828 770/770/770 767/767/767
f 824/824/824 828/828/828 767/767/767
f 824/824/824 767/767/767 766/766/766
f 787/787/787 786/786/786 829/829/829
f 787/787/787 829/829/829 830/830/830
f 786/786/786 785/785/785 831/831/831
f 786/786/786 831/831/831 829/829/829
f 829/829/829 831/831/831 458/458/458
f 829/829/829 458/458/458 472/472/472
f 830/830/830 829/829/829 472/472/472
f 830/830/830 472/472/472 178/178/178
f 791/791/791 790/790/790 832/832/832
f 791/791/791 832/832/832 833/833/833
f 790/790/790 740/740/740 774/774/774
f 790/790/790 774/774/774 832/832/832
f 832/832/832 774/774/774 469/469/469
f 832/832/832 469/469/469 467/467/467
f 833/833/833 832/832/832 467/467/467
f 833/833/833 467/467/467 462/462/462
f 785/785/785 793/793/793 834/834/834
f 785/785/785 834/834/834 831/831/831
f 793/793/793 791/791/791 833/833/833
f 793/793/793 833/833/833 834/834/834
f 834/834/834 833/833/833 462/462/462
f 834/834/834 462/462/462 459/459/459
f 831/831/831 834/834/834 459/459/459
f 831/831/831 459/459/459 458/458/458
f 787/787/787 830/830/830 835/835/835
f 787/787/787 835/835/835 795/795/795
f 830/830/830 178/178/178 181/181/181
f 830/830/830 181/181/181 835/835/835
f 835/835/835 181/181/181 164/164/164
f 835/835/835 164/164/164 836/836/836
f 795/795/795 835/835/835 836/836/836
f 795/795/795 836/836/836 796/796/796
f 800/800/800 837/837/837 838/838/838
f 800/800/800 838/838/838 801/801/801
f 837/837/837 172/172/172 174/174/174
f 837/837/837 174/174/174 838/838/838
f 838/838/838 174/174/174 177/177/177
f 838/838/838 177/177/177 781/781/781
f 801/801/801 838/838/838 781/781/781
f 801/801/801 781/781/781 731/731/731
f 796/796/796 836/836/836 839/839/839
f 796/796/796 839/839/839 803/803/803
f 836/836/836 164/164/164 167/167/167
f 836/836/836 167/167/167 839/839/839
f 839/839/839 167/167/167 172/172/172
f 839/839/839 172/172/172 837/837/837
f 803/803/803 839/839/839 837/837/837
f 803/803/803 837/837/837 800/800/800
