v 1.17357 -0.741894 0.420363
v 1.17433 -0.739479 0.416551
v 1.16838 -0.73985 0.415773
v 1.16868 -0.742206 0.419707
v 1.16319 -0.74249 0.415288
v 1.16441 -0.744375 0.419293
v 1.16833 -0.737829 0.410998
v 1.16229 -0.740891 0.41042
v 1.17524 -0.737398 0.41192
v 1.25857 -0.812943 0.300362
v 1.25866 -0.810472 0.298388
v 1.27275 -0.817851 0.289769
v 1.27262 -0.820268 0.291665
v 1.28689 -0.825346 0.280985
v 1.28672 -0.827731 0.282846
v 1.27294 -0.816377 0.288769
v 1.28709 -0.82389 0.280001
v 1.25883 -0.808969 0.297351
v 1.26469 -0.798373 0.29751
v 1.26579 -0.796079 0.297042
v 1.27983 -0.803662 0.288463
v 1.27875 -0.805926 0.28893
v 1.29395 -0.811267 0.27969
v 1.29287 -0.813516 0.280158
v 1.28058 -0.802444 0.288434
v 1.29469 -0.810056 0.279658
v 1.26655 -0.794848 0.297023
v 1.3909 -0.89408 0.246969
v 1.40351 -0.901322 0.239219
v 1.40887 -0.899011 0.244327
v 1.39619 -0.891821 0.252225
v 1.41435 -0.893931 0.247325
v 1.40153 -0.886822 0.255249
v 1.41732 -0.903341 0.238871
v 1.42308 -0.898531 0.241666
v 1.41175 -0.905472 0.234019
v 1.28482 -0.806195 0.332992
v 1.2818 -0.812946 0.334072
v 1.29572 -0.820363 0.325184
v 1.29871 -0.813695 0.324136
v 1.3097 -0.827841 0.316285
v 1.31269 -0.821202 0.315261
v 1.29158 -0.826351 0.324231
v 1.30556 -0.833791 0.315333
v 1.27764 -0.819029 0.333118
v 1.27291 -0.823451 0.330067
v 1.28683 -0.830678 0.321186
v 1.30077 -0.838071 0.312294
v 1.28174 -0.8325 0.315492
v 1.29567 -0.839856 0.306597
v 1.26785 -0.825346 0.324383
v 1.28511 -0.794321 0.323934
v 1.28611 -0.799741 0.329749
v 1.29996 -0.807306 0.320966
v 1.29892 -0.801925 0.315189
v 1.31393 -0.814832 0.312147
v 1.31287 -0.809464 0.306401
v 1.277 -0.789287 0.307743
v 1.28163 -0.790616 0.315702
v 1.2954 -0.798224 0.306899
v 1.29078 -0.796886 0.298891
v 1.30935 -0.805775 0.298071
v 1.30474 -0.804452 0.290016
v 1.26289 -0.824217 0.316115
v 1.27678 -0.831348 0.307197
v 1.29072 -0.838693 0.298288
v 1.2733 -0.828105 0.299235
v 1.28728 -0.83547 0.290326
v 1.25938 -0.820942 0.308141
v 1.26947 -0.79264 0.299692
v 1.28342 -0.800238 0.291006
v 1.28157 -0.80157 0.289274
v 1.26756 -0.79397 0.297892
v 1.29567 -0.80918 0.280485
v 1.29748 -0.807838 0.282186
v 1.41538 -0.874226 0.206624
v 1.42376 -0.879328 0.201595
v 1.42294 -0.880779 0.201437
v 1.41459 -0.8756 0.206549
v 1.42167 -0.883018 0.201942
v 1.41339 -0.878087 0.207015
v 1.42855 -0.886038 0.198061
v 1.42644 -0.886681 0.19894
v 1.43 -0.883853 0.198603
v 1.40979 -0.872323 0.255184
v 1.42278 -0.879142 0.247259
v 1.42445 -0.871704 0.244191
v 1.41146 -0.86505 0.252093
v 1.4238 -0.865753 0.239018
v 1.41079 -0.859198 0.246775
v 1.43269 -0.876389 0.238735
v 1.43178 -0.870357 0.233818
v 1.4314 -0.883931 0.241599
v 1.42075 -0.862262 0.232016
v 1.40766 -0.855681 0.239455
v 1.41643 -0.861589 0.224932
v 1.40325 -0.854907 0.232112
v 1.42886 -0.866941 0.227022
v 1.42494 -0.866449 0.219975
v 1.38354 -0.889808 0.232528
v 1.39635 -0.897115 0.225365
v 1.39904 -0.900403 0.232288
v 1.38636 -0.893116 0.239715
v 1.4074 -0.904627 0.227299
v 1.40507 -0.901586 0.220419
v 1.39557 -0.859302 0.223068
v 1.40877 -0.866188 0.215722
v 1.40677 -0.867831 0.213382
v 1.39357 -0.860894 0.220829
v 1.4057 -0.868872 0.212291
v 1.3925 -0.861907 0.21978
v 1.41636 -0.873149 0.207785
v 1.41814 -0.871413 0.210292
v 1.38413 -0.877128 0.22024
v 1.39719 -0.884336 0.212764
v 1.3969 -0.885953 0.214057
v 1.38386 -0.878728 0.221483
v 1.39658 -0.888608 0.216582
v 1.38358 -0.881357 0.223903
v 1.40655 -0.89111 0.208466
v 1.40603 -0.893616 0.211167
v 1.40694 -0.889564 0.207092
v 1.40487 -0.870241 0.21224
v 1.39168 -0.863252 0.219742
v 1.40365 -0.872745 0.212712
v 1.39048 -0.865717 0.220214
v 1.41921 -0.886939 0.248298
v 1.40628 -0.879958 0.256223
v 1.42801 -0.891707 0.242565
v 1.4168 -0.904661 0.2135
v 1.42062 -0.903998 0.211574
v 1.42049 -0.90533 0.219186
v 1.41746 -0.906458 0.220959
v 1.42332 -0.905601 0.225362
v 1.42104 -0.906968 0.22738
v 1.42081 -0.902728 0.219574
v 1.42287 -0.902756 0.225238
v 1.42128 -0.901799 0.212745
v 1.42952 -0.90146 0.236929
v 1.43448 -0.895232 0.237645
v 1.43733 -0.887738 0.236864
v 1.43851 -0.897428 0.233405
v 1.4407 -0.890498 0.232849
v 1.43369 -0.902817 0.232912
v 1.41729 -0.907112 0.230242
v 1.42325 -0.905492 0.23462
v 1.42715 -0.90591 0.231192
v 1.43768 -0.880175 0.23449
v 1.43612 -0.874096 0.230049
v 1.44008 -0.883193 0.231072
v 1.43794 -0.877305 0.227203
v 1.43346 -0.870863 0.223399
v 1.43046 -0.870721 0.21613
v 1.43572 -0.874432 0.220706
v 1.43379 -0.874771 0.213101
v 1.41162 -0.903955 0.216573
v 1.41321 -0.906404 0.223672
v 1.42558 -0.876049 0.205768
v 1.42449 -0.878022 0.202984
v 1.43054 -0.881324 0.200812
v 1.42994 -0.878791 0.203542
v 1.41568 -0.893937 0.202021
v 1.41495 -0.895365 0.203639
v 1.41385 -0.897389 0.206626
v 1.42086 -0.898706 0.201367
v 1.4184 -0.899576 0.204285
v 1.42276 -0.896857 0.198926
v 1.41541 -0.893527 0.221123
v 1.41598 -0.890806 0.219167
v 1.41704 -0.885402 0.226955
v 1.41515 -0.892849 0.225788
v 1.4164 -0.894099 0.228982
v 1.41782 -0.891885 0.231263
v 1.421 -0.891408 0.232855
v 1.42161 -0.887989 0.232914
v 1.42423 -0.885667 0.232839
v 1.42301 -0.882679 0.231231
v 1.42423 -0.880253 0.228911
v 1.42253 -0.879852 0.225694
v 1.42328 -0.879701 0.221004
v 1.4212 -0.881618 0.219092
v 1.42123 -0.883904 0.215104
v 1.41873 -0.886298 0.216357
v 1.41799 -0.889637 0.215142
v 1.43521 -0.878401 0.211276
v 1.43405 -0.881909 0.203474
v 1.43202 -0.877361 0.206587
v 1.4329 -0.886983 0.199097
v 1.43194 -0.88763 0.202565
v 1.43305 -0.883287 0.206466
v 1.43362 -0.880177 0.212533
v 1.42687 -0.897657 0.199263
v 1.42309 -0.90128 0.203848
v 1.41819 -0.90197 0.20721
v 1.42368 -0.899745 0.206657
v 1.42687 -0.896567 0.202649
v 1.4298 -0.892261 0.197485
v 1.4261 -0.890174 0.198659
v 1.42344 -0.892365 0.199245
v 1.42397 -0.894491 0.198372
v 1.42973 -0.892279 0.201265
v 1.43507 -0.902453 0.22995
v 1.43943 -0.897904 0.230277
v 1.44113 -0.8918 0.229895
v 1.43622 -0.896103 0.229703
v 1.43766 -0.890955 0.229367
v 1.43256 -0.899954 0.22941
v 1.42892 -0.904849 0.228686
v 1.42742 -0.902013 0.228275
v 1.44009 -0.885201 0.22858
v 1.43793 -0.879924 0.225206
v 1.43684 -0.885411 0.228191
v 1.4352 -0.881052 0.22511
v 1.4363 -0.877604 0.218969
v 1.43417 -0.879289 0.219395
v 1.41806 -0.897656 0.217018
v 1.4197 -0.89572 0.212337
v 1.42212 -0.893005 0.208975
v 1.42941 -0.88036 0.227335
v 1.43011 -0.88366 0.230293
v 1.43041 -0.88796 0.231666
v 1.42633 -0.885566 0.208926
v 1.42744 -0.882107 0.212218
v 1.42829 -0.879712 0.216856
v 1.4262 -0.895414 0.231693
v 1.42239 -0.897311 0.230348
v 1.41923 -0.898338 0.227432
v 1.41772 -0.898339 0.222637
v 1.42889 -0.892037 0.232086
v 1.42869 -0.879065 0.222493
v 1.42434 -0.88935 0.208024
v 1.19605 -0.753917 0.343947
v 1.21542 -0.763986 0.332425
v 1.21356 -0.765319 0.330239
v 1.19425 -0.755247 0.341584
v 1.21244 -0.766134 0.329302
v 1.1931 -0.756017 0.340637
v 1.23543 -0.776747 0.31735
v 1.23435 -0.777608 0.316425
v 1.23738 -0.775415 0.319354
v 1.19676 -0.787148 0.367524
v 1.18903 -0.784492 0.361394
v 1.20858 -0.795159 0.34968
v 1.21519 -0.79718 0.356678
v 1.23076 -0.80735 0.336313
v 1.23627 -0.808751 0.344133
v 1.20494 -0.791821 0.342146
v 1.22718 -0.804022 0.328471
v 1.18529 -0.781118 0.354209
v 1.20229 -0.750059 0.354028
v 1.20719 -0.751565 0.361282
v 1.22698 -0.761716 0.34934
v 1.22222 -0.760304 0.341822
v 1.24951 -0.773286 0.335801
v 1.24483 -0.771944 0.328039
v 1.23214 -0.766304 0.356297
v 1.25351 -0.777288 0.34355
v 1.21352 -0.756765 0.367409
v 1.22077 -0.765424 0.370293
v 1.23686 -0.773677 0.360419
v 1.25571 -0.783399 0.348843
v 1.23927 -0.782058 0.362238
v 1.25562 -0.790568 0.351692
v 1.22568 -0.775041 0.371018
v 1.21873 -0.78762 0.371045
v 1.20796 -0.788648 0.370372
v 1.22389 -0.797274 0.360685
v 1.23222 -0.79483 0.362336
v 1.24251 -0.807441 0.34925
v 1.24843 -0.803574 0.351841
v 1.22506 -0.782891 0.371158
v 1.23768 -0.78951 0.362792
v 1.25303 -0.797643 0.352631
v 1.19138 -0.759515 0.34111
v 1.19234 -0.757213 0.340656
v 1.21169 -0.767353 0.329315
v 1.21068 -0.769669 0.329773
v 1.23358 -0.77885 0.316433
v 1.2325 -0.781182 0.316897
v 1.18568 -0.773915 0.34448
v 1.18578 -0.771496 0.341978
v 1.20488 -0.781777 0.330679
v 1.20481 -0.784242 0.333026
v 1.22651 -0.793469 0.317829
v 1.22647 -0.795995 0.320013
v 1.20491 -0.780209 0.329586
v 1.22662 -0.791913 0.316733
v 1.18572 -0.769908 0.340891
v 1.17213 -0.767509 0.353295
v 1.17164 -0.765274 0.352085
v 1.17551 -0.766305 0.348269
v 1.1755 -0.768747 0.350725
v 1.17544 -0.76451 0.347123
v 1.17183 -0.762264 0.350532
v 1.17749 -0.753171 0.349334
v 1.1775 -0.751359 0.349714
v 1.18196 -0.751958 0.346835
v 1.18109 -0.75424 0.347196
v 1.18282 -0.750625 0.346908
v 1.17892 -0.749055 0.350402
v 1.21553 -0.76981 0.37738
v 1.21527 -0.778014 0.377235
v 1.21815 -0.779391 0.375583
v 1.21841 -0.771275 0.375664
v 1.21139 -0.783947 0.375637
v 1.20843 -0.782617 0.377321
v 1.19642 -0.783094 0.377269
v 1.19951 -0.784427 0.375465
v 1.1872 -0.782347 0.373232
v 1.18397 -0.780979 0.37521
v 1.2011 -0.750058 0.37535
v 1.20952 -0.759456 0.377377
v 1.21246 -0.761038 0.375511
v 1.20413 -0.751751 0.37329
v 1.18875 -0.742959 0.362919
v 1.19412 -0.744478 0.369884
v 1.19725 -0.746234 0.367641
v 1.19218 -0.744657 0.360572
v 1.1756 -0.777941 0.36975
v 1.17893 -0.779394 0.367593
v 1.17507 -0.775898 0.360637
v 1.17163 -0.774129 0.36289
v 1.18318 -0.746527 0.352951
v 1.18601 -0.748476 0.350259
v 1.18415 -0.749755 0.347925
v 1.18117 -0.747327 0.351854
v 1.18401 -0.746465 0.363057
v 1.18585 -0.744881 0.363349
v 1.18197 -0.745331 0.357584
v 1.17956 -0.747036 0.358853
v 1.17551 -0.749882 0.356425
v 1.17704 -0.749364 0.353862
v 1.18475 -0.744575 0.356857
v 1.18758 -0.742933 0.363924
v 1.1882 -0.743624 0.365473
v 1.18292 -0.778939 0.375449
v 1.17507 -0.776102 0.370171
v 1.17477 -0.777215 0.370326
v 1.18303 -0.780256 0.375703
v 1.17085 -0.773202 0.363812
v 1.17168 -0.773385 0.365318
v 1.19226 -0.745157 0.370353
v 1.19302 -0.744278 0.370498
v 1.19994 -0.749766 0.375873
v 1.19879 -0.750393 0.375625
v 1.20655 -0.759073 0.378002
v 1.20818 -0.759008 0.377943
v 1.21402 -0.769178 0.378009
v 1.21198 -0.768578 0.378396
v 1.2054 -0.780402 0.378322
v 1.19441 -0.780895 0.377867
v 1.19525 -0.782316 0.377811
v 1.20701 -0.781807 0.377937
v 1.21168 -0.776129 0.378394
v 1.21373 -0.777253 0.377884
v 1.17036 -0.7591 0.356367
v 1.17236 -0.754147 0.355534
v 1.17371 -0.754789 0.352112
v 1.17086 -0.760602 0.353858
v 1.1731 -0.759785 0.349921
v 1.17468 -0.758759 0.349568
v 1.17563 -0.755741 0.35001
v 1.17179 -0.768268 0.362898
v 1.17002 -0.764122 0.358754
v 1.17004 -0.767098 0.35759
v 1.1715 -0.770694 0.363211
v 1.17113 -0.769902 0.357051
v 1.16074 -0.76823 0.389536
v 1.15806 -0.761819 0.387768
v 1.15968 -0.762287 0.382927
v 1.1619 -0.768309 0.385029
v 1.16116 -0.762592 0.377674
v 1.16319 -0.768349 0.380454
v 1.15983 -0.755334 0.381297
v 1.16136 -0.755908 0.375476
v 1.15795 -0.754534 0.38645
v 1.16048 -0.747452 0.385997
v 1.16237 -0.748491 0.380736
v 1.16383 -0.74931 0.374713
v 1.16685 -0.742782 0.381356
v 1.16814 -0.743787 0.375548
v 1.16517 -0.741629 0.386491
v 1.19552 -0.759067 0.396562
v 1.19349 -0.766406 0.39705
v 1.19367 -0.766495 0.39347
v 1.19551 -0.759285 0.392911
v 1.19498 -0.767181 0.39047
v 1.19656 -0.760116 0.389846
v 1.1885 -0.771828 0.392857
v 1.18979 -0.772229 0.389778
v 1.18831 -0.771964 0.396525
v 1.1808 -0.774892 0.395085
v 1.18086 -0.774498 0.391196
v 1.18191 -0.774539 0.387899
v 1.1728 -0.774623 0.389077
v 1.17368 -0.77442 0.385455
v 1.1727 -0.775123 0.393207
v 1.19011 -0.743969 0.393297
v 1.1941 -0.751081 0.395153
v 1.1938 -0.75134 0.391296
v 1.18973 -0.744324 0.38921
v 1.1944 -0.752174 0.388024
v 1.19003 -0.745157 0.385621
v 1.17815 -0.737074 0.389632
v 1.18459 -0.739125 0.391452
v 1.18462 -0.739749 0.387197
v 1.17883 -0.738007 0.385168
v 1.18501 -0.740696 0.3832
v 1.17955 -0.739083 0.380625
v 1.16577 -0.77281 0.391351
v 1.16631 -0.772511 0.38705
v 1.16733 -0.772337 0.383018
v 1.17263 -0.739121 0.383034
v 1.17137 -0.738001 0.387843
v 1.17367 -0.740219 0.377805
v 1.17135 -0.766983 0.42209
v 1.16636 -0.76521 0.421163
v 1.16561 -0.767849 0.417533
v 1.17173 -0.770033 0.418658
v 1.16509 -0.770337 0.413093
v 1.17217 -0.77286 0.41441
v 1.16075 -0.763781 0.416514
v 1.15947 -0.76562 0.411892
v 1.1624 -0.761884 0.420314
v 1.17843 -0.743599 0.421213
v 1.18028 -0.741573 0.417571
v 1.18213 -0.739823 0.413119
v 1.18529 -0.745729 0.41869
v 1.18793 -0.744635 0.414431
v 1.18251 -0.746996 0.422136
v 1.18511 -0.751578 0.422982
v 1.18849 -0.75132 0.419734
v 1.19161 -0.751108 0.415656
v 1.18938 -0.75743 0.42048
v 1.19261 -0.758188 0.416533
v 1.18583 -0.756595 0.42358
v 1.1812 -0.764869 0.42356
v 1.17658 -0.766854 0.422947
v 1.17812 -0.769897 0.419708
v 1.18376 -0.767494 0.420465
v 1.17956 -0.772684 0.415639
v 1.18608 -0.769876 0.416523
v 1.18444 -0.761256 0.423782
v 1.1877 -0.763103 0.420736
v 1.19064 -0.76477 0.416837
v 1.15978 -0.752655 0.419272
v 1.1613 -0.748061 0.419146
v 1.15941 -0.746971 0.415118
v 1.15756 -0.752556 0.415271
v 1.1579 -0.746094 0.410221
v 1.15575 -0.75258 0.410408
v 1.16014 -0.757487 0.419668
v 1.158 -0.758429 0.415743
v 1.15627 -0.759403 0.410976
v 1.33369 -0.849173 0.297491
v 1.34811 -0.857128 0.288373
v 1.35245 -0.850894 0.28932
v 1.33795 -0.843063 0.29844
v 1.35561 -0.843943 0.288311
v 1.34104 -0.836245 0.297429
v 1.36894 -0.859797 0.279065
v 1.3722 -0.852666 0.278051
v 1.36449 -0.866199 0.278114
v 1.32329 -0.825348 0.26129
v 1.33799 -0.833175 0.25184
v 1.33723 -0.834423 0.251847
v 1.32254 -0.82658 0.261308
v 1.33612 -0.836726 0.252317
v 1.32145 -0.828857 0.261776
v 1.35392 -0.843298 0.241547
v 1.35279 -0.845641 0.242017
v 1.35469 -0.842026 0.241553
v 1.31558 -0.839368 0.261664
v 1.33019 -0.847362 0.252233
v 1.32996 -0.848853 0.25331
v 1.31536 -0.840841 0.262701
v 1.32974 -0.851298 0.255372
v 1.31516 -0.843255 0.264675
v 1.34651 -0.857983 0.243092
v 1.34628 -0.860474 0.245258
v 1.34675 -0.856465 0.241966
v 1.32611 -0.82305 0.263974
v 1.34084 -0.830825 0.254644
v 1.33898 -0.832254 0.252747
v 1.32428 -0.824445 0.262162
v 1.35571 -0.841081 0.242501
v 1.3576 -0.839608 0.244498
v 1.31554 -0.851077 0.272492
v 1.33004 -0.859212 0.263435
v 1.33323 -0.862457 0.271454
v 1.31882 -0.854309 0.280502
v 1.338 -0.863562 0.279705
v 1.32366 -0.85544 0.288792
v 1.34956 -0.871784 0.261446
v 1.35426 -0.872853 0.269523
v 1.34648 -0.868522 0.253547
v 1.34139 -0.824267 0.288635
v 1.35609 -0.831785 0.279541
v 1.3527 -0.828186 0.271244
v 1.33795 -0.820635 0.280305
v 1.34818 -0.827076 0.263093
v 1.33339 -0.819441 0.27217
v 1.36951 -0.836691 0.261221
v 1.36502 -0.83568 0.253184
v 1.37282 -0.840259 0.26935
v 1.357 -0.837291 0.285236
v 1.34237 -0.829713 0.29435
v 1.37366 -0.845851 0.274976
v 1.34315 -0.861632 0.285355
v 1.3288 -0.853577 0.294466
v 1.35944 -0.870835 0.275099
v 1.21831 -0.761714 0.336145
v 1.19866 -0.751554 0.348079
v 1.2406 -0.773247 0.32265
v 1.25958 -0.807666 0.297468
v 1.27368 -0.815096 0.288895
v 1.28784 -0.822621 0.28013
v 1.27508 -0.813002 0.28936
v 1.28923 -0.820542 0.280591
v 1.26099 -0.805542 0.297936
v 1.28657 -0.798121 0.293808
v 1.27271 -0.790525 0.302601
v 1.30058 -0.805705 0.284946
v 1.31775 -0.835973 0.262224
v 1.33238 -0.843924 0.252773
v 1.33096 -0.846058 0.252325
v 1.31634 -0.838081 0.261772
v 1.34753 -0.855137 0.24204
v 1.34898 -0.852963 0.242482
v 1.38646 -0.873426 0.2207
v 1.39956 -0.880575 0.213203
v 1.39803 -0.882909 0.212776
v 1.38495 -0.875722 0.220269
v 1.4078 -0.88817 0.207075
v 1.40932 -0.885858 0.2075
v 1.344 -0.828536 0.257732
v 1.32923 -0.820821 0.266922
v 1.36081 -0.837241 0.247744
v 1.41215 -0.863523 0.219474
v 1.39895 -0.856729 0.22667
v 1.42113 -0.868584 0.214316
v 1.41789 -0.89025 0.202381
v 1.41661 -0.892493 0.20191
v 1.42773 -0.873167 0.210033
v 1.18644 -0.768629 0.34101
v 1.20564 -0.778913 0.329695
v 1.22736 -0.79059 0.316838
v 1.20709 -0.776834 0.330162
v 1.2288 -0.78845 0.317308
v 1.1879 -0.766596 0.341478
v 1.1885 -0.746163 0.354517
v 1.17622 -0.763067 0.347153
v 1.1777 -0.761103 0.347533
v 1.39596 -0.892701 0.220188
v 1.38304 -0.885414 0.22736
v 1.40508 -0.897462 0.215046
v 1.33432 -0.840364 0.252743
v 1.31967 -0.832454 0.262198
v 1.35095 -0.849341 0.242447
v 1.26291 -0.801997 0.297923
v 1.27698 -0.809503 0.289344
v 1.29112 -0.817068 0.280572
v 1.3293 -0.855068 0.258325
v 1.31475 -0.846976 0.26749
v 1.34581 -0.864315 0.248366
v 1.40167 -0.876699 0.213155
v 1.38854 -0.86961 0.220655
v 1.41142 -0.882011 0.207455
v 1.41242 -0.900562 0.210758
v 1.41995 -0.886732 0.202299
v 1.25835 -0.816755 0.303165
v 1.27233 -0.823996 0.294351
v 1.28637 -0.831408 0.28548
v 1.18975 -0.763117 0.341491
v 1.20898 -0.773306 0.330166
v 1.23073 -0.784861 0.317304
v 1.18489 -0.777341 0.348478
v 1.20427 -0.787855 0.336636
v 1.22621 -0.799828 0.323214
v 1.17945 -0.757705 0.347599
v 1.17467 -0.772059 0.354832
v 1.20219 -0.765211 0.381533
v 1.20175 -0.770668 0.382138
v 1.20254 -0.771082 0.381028
v 1.20291 -0.765765 0.380462
v 1.2045 -0.772151 0.380186
v 1.20482 -0.766496 0.379727
v 1.19816 -0.77419 0.380388
v 1.19981 -0.775408 0.379652
v 1.19729 -0.773914 0.381459
v 1.18964 -0.77452 0.379455
v 1.19057 -0.774679 0.37846
v 1.19164 -0.775851 0.377986
v 1.18228 -0.77324 0.3748
v 1.18279 -0.774286 0.374469
v 1.18131 -0.773158 0.375885
v 1.19314 -0.752139 0.376063
v 1.19868 -0.758454 0.379591
v 1.19933 -0.759129 0.378597
v 1.19374 -0.752897 0.374979
v 1.20088 -0.759401 0.378124
v 1.19489 -0.752765 0.374649
v 1.18229 -0.746028 0.365626
v 1.18756 -0.747889 0.370971
v 1.18816 -0.748684 0.369522
v 1.18301 -0.74684 0.36396
v 1.1891 -0.748356 0.368986
v 1.17478 -0.770616 0.370781
v 1.17577 -0.770685 0.369331
v 1.17601 -0.77166 0.368796
v 1.17154 -0.767217 0.363787
v 1.17047 -0.767045 0.365452
v 1.1682 -0.757591 0.358703
v 1.1699 -0.752819 0.357859
v 1.17133 -0.75361 0.357134
v 1.16961 -0.758214 0.357805
v 1.17436 -0.749765 0.357877
v 1.17309 -0.7489 0.358777
v 1.17836 -0.747323 0.360057
v 1.17736 -0.746481 0.361419
v 1.16832 -0.762537 0.361284
v 1.16957 -0.762942 0.359927
v 1.17633 -0.735978 0.40601
v 1.1687 -0.736472 0.404908
v 1.16199 -0.739861 0.404199
v 1.16939 -0.736084 0.398501
v 1.16242 -0.739665 0.397619
v 1.17726 -0.735497 0.399812
v 1.16497 -0.772444 0.407382
v 1.17268 -0.775165 0.408881
v 1.16512 -0.773601 0.401349
v 1.17299 -0.77634 0.402998
v 1.15884 -0.767268 0.405989
v 1.15893 -0.768296 0.399783
v 1.18387 -0.738612 0.407401
v 1.18494 -0.738139 0.401376
v 1.19015 -0.743873 0.408896
v 1.19132 -0.74354 0.40302
v 1.1941 -0.750981 0.410275
v 1.19536 -0.750939 0.404543
v 1.19512 -0.758783 0.411258
v 1.1964 -0.759107 0.405634
v 1.18074 -0.774902 0.410264
v 1.18789 -0.771741 0.411251
v 1.18135 -0.776011 0.404526
v 1.18882 -0.772688 0.405624
v 1.19291 -0.766064 0.411599
v 1.19408 -0.766736 0.406013
v 1.15712 -0.745626 0.403954
v 1.15475 -0.752821 0.404189
v 1.15733 -0.745716 0.39731
v 1.15482 -0.75325 0.397606
v 1.15533 -0.760391 0.40489
v 1.15537 -0.761158 0.398478
v 1.16251 -0.762414 0.371756
v 1.16473 -0.767975 0.375656
v 1.16412 -0.762153 0.366503
v 1.16658 -0.767457 0.371251
v 1.16247 -0.756043 0.36868
v 1.16382 -0.756199 0.362873
v 1.18004 -0.740617 0.375838
v 1.17421 -0.741503 0.371896
v 1.16881 -0.744716 0.368757
v 1.17482 -0.743071 0.366642
v 1.16962 -0.745865 0.362949
v 1.18058 -0.742488 0.371432
v 1.1647 -0.749834 0.367604
v 1.16578 -0.750488 0.361607
v 1.16902 -0.771923 0.379237
v 1.17557 -0.774199 0.382424
v 1.17109 -0.771378 0.375839
v 1.17786 -0.773876 0.379855
v 1.18557 -0.742345 0.379432
v 1.18622 -0.744381 0.376034
v 1.19088 -0.746844 0.382604
v 1.19186 -0.748908 0.380036
v 1.19584 -0.753869 0.385416
v 1.19734 -0.755825 0.383221
v 1.19862 -0.761703 0.387406
v 1.20065 -0.763393 0.385287
v 1.18414 -0.774775 0.38528
v 1.19229 -0.773027 0.387333
v 1.18664 -0.774908 0.383083
v 1.19486 -0.773729 0.385213
v 1.19742 -0.768459 0.388076
v 1.19983 -0.76971 0.385968
v 1.37225 -0.856013 0.230622
v 1.37036 -0.859808 0.231057
v 1.36833 -0.863525 0.231097
v 1.36554 -0.871242 0.234091
v 1.36504 -0.87519 0.237379
v 1.36562 -0.879489 0.24257
v 1.38474 -0.845627 0.24218
v 1.38049 -0.84732 0.236722
v 1.37719 -0.849791 0.233293
v 1.36686 -0.865758 0.230661
v 1.36606 -0.867125 0.23061
v 1.38362 -0.876835 0.266279
v 1.38821 -0.870202 0.26724
v 1.3916 -0.86282 0.266215
v 1.3742 -0.852302 0.230172
v 1.37341 -0.85361 0.23015
v 1.3658 -0.868683 0.231796
v 1.37525 -0.851323 0.231172
v 1.36857 -0.882774 0.250143
v 1.37319 -0.88379 0.257835
v 1.39241 -0.850057 0.257652
v 1.38919 -0.846517 0.249899
v 1.39316 -0.855777 0.263133
v 1.37842 -0.881652 0.263261
v 1.30091 -0.835424 0.273822
v 1.30053 -0.839107 0.276514
v 1.30138 -0.843173 0.281411
v 1.30713 -0.821168 0.271063
v 1.30536 -0.824731 0.271481
v 1.30346 -0.828217 0.271504
v 1.31898 -0.811963 0.281104
v 1.31483 -0.813269 0.275968
v 1.31174 -0.815443 0.273147
v 1.30207 -0.830304 0.271047
v 1.30131 -0.831577 0.270925
v 1.30965 -0.847547 0.297697
v 1.31477 -0.845741 0.303385
v 1.3196 -0.841424 0.306418
v 1.32682 -0.82872 0.306354
v 1.32809 -0.822292 0.303267
v 1.32706 -0.816897 0.29754
v 1.32356 -0.813233 0.289201
v 1.30474 -0.846395 0.289391
v 1.30992 -0.816807 0.271409
v 1.30895 -0.817694 0.270568
v 1.3011 -0.833036 0.271926
v 1.30821 -0.818912 0.270595
v 1.3238 -0.835422 0.307368
v 1.24385 -0.80923 0.312274
v 1.24492 -0.81348 0.317361
v 1.24403 -0.805348 0.309325
v 1.24834 -0.794233 0.306756
v 1.2464 -0.797821 0.306766
v 1.25014 -0.790563 0.306344
v 1.26266 -0.781416 0.316917
v 1.25832 -0.782667 0.311693
v 1.25501 -0.784788 0.308649
v 1.24498 -0.799971 0.306296
v 1.24423 -0.801293 0.306187
v 1.25306 -0.786119 0.306767
v 1.25201 -0.786999 0.305865
v 1.24847 -0.816786 0.325328
v 1.25349 -0.817931 0.33352
v 1.2673 -0.782736 0.324813
v 1.27081 -0.786482 0.332939
v 1.27194 -0.792019 0.338718
v 1.27077 -0.798618 0.341969
v 1.25868 -0.816051 0.339125
v 1.26355 -0.811619 0.342122
v 1.26777 -0.805478 0.343056
v 1.25124 -0.788241 0.305876
v 1.24408 -0.802826 0.307261
v 1.17775 -0.736054 0.394386
v 1.17028 -0.736789 0.39285
v 1.16357 -0.740415 0.391751
v 1.16539 -0.773453 0.396024
v 1.1729 -0.776019 0.397779
v 1.15966 -0.76842 0.39433
v 1.18495 -0.738459 0.396081
v 1.19099 -0.743654 0.397828
v 1.19501 -0.750975 0.399504
v 1.1962 -0.759117 0.400735
v 1.18119 -0.775713 0.399466
v 1.18871 -0.772517 0.400715
v 1.19397 -0.76668 0.401162
v 1.1586 -0.746417 0.391359
v 1.15607 -0.753821 0.391727
v 1.15644 -0.761532 0.392806
v 1.16627 -0.762242 0.363189
v 1.16865 -0.767145 0.367874
v 1.16599 -0.756816 0.359881
v 1.18141 -0.74443 0.368051
v 1.17602 -0.744886 0.363326
v 1.17127 -0.74742 0.359957
v 1.16777 -0.751624 0.358752
v 1.17312 -0.770906 0.372985
v 1.17983 -0.773468 0.37763
v 1.18692 -0.746345 0.373178
v 1.1926 -0.750753 0.377809
v 1.1982 -0.757375 0.38121
v 1.2017 -0.764523 0.383234
v 1.18844 -0.774738 0.381073
v 1.19642 -0.773928 0.38316
v 1.20113 -0.770366 0.383883
v 1.20809 -0.774139 0.379232
v 1.20839 -0.767568 0.378999
v 1.20263 -0.777881 0.378924
v 1.19309 -0.778338 0.377849
v 1.18294 -0.776573 0.374849
v 1.20372 -0.759304 0.377986
v 1.19686 -0.751673 0.375028
v 1.19068 -0.746825 0.369442
v 1.1756 -0.773843 0.369257
vt 0.08316 0.08319
vt 0.7412 0.01042
vt 0.912 0.088
vt 0.08333 0.9339
vt 0.5059 0
vt 0.2603 0.01035
vt 0.9167 0.08333
vt 0.7483 0.9913
vt 1 0.9792
vt 0.9167 0.08333
vt 0.9161 0.08392
vt 0.985 0.2633
vt 0.989 0.2608
vt 0.5 1
vt 0.5 0
vt 1 0.5
vt 0.2603 0.01035
vt 0.9896 0.2604
vt 0.9896 0.2604
vt 0.9167 0.08333
vt 0.9593 0.2775
vt 0.989 0.2608
vt 0.08333 0.9338
vt 0.9167 0.08333
vt 0.05033 0.001736
vt 0.5 -0.0001147
vt 0.004215 0.1057
vt 0.05172 0.001796
vt 0.004851 0.255
vt 0.1815 0.1815
vt 0.9161 0.9161
vt 0.05174 0.001777
vt 0.05172 0.001796
vt 0.05174 0.001777
vt 0 0.652
vt 0 0.558
vt 0.002095 0.05685
vt 0.989 0.2608
vt 0.1092 0.1097
vt 0.04319 0.001681
vt 0.5 1
vt 0.08287 0.08292
vt 0.9995 0.5
vt 0.2603 0.01035
vt 0.9896 0.2604
vt 0.985 0.2633
vt 0.2764 0.0407
vt 0.2604 0.9917
vt 0.07215 -4.292e-05
vt 0.2601 0.01017
vt 0.03372 0.03737
vt 1 0.5
vt 0.9958 0.5
vt 0.3401 0.1614
vt 0.7367 0.985
vt 0.5 1
vt 0.08316 0.08319
vt 0.01678 0.01724
vt 0.9995 0.5
vt 0.3401 0.1614
vt 0.2604 0.9917
vt 0.08333 0.9339
vt 0.5 -1.228e-05
vt 0.9161 0.08392
vt 0.2764 0.0407
vt 0.5 1
vt 0.7392 0.989
vt 0.2601 0.01017
vt 1 0.5
vt 0.9896 0.2604
vt 0 0.6554
vt 0.4995 0.02493
vt 0.912 0.088
vt 0.2604 0.9917
vt 0.9896 0.2604
vt 0 0.558
vt 0 0.558
vt 0.5 0.09896
vt 0.1409 -7.153e-06
vt 0 0.6554
vt 0.9167 0.08333
vt 0 0.5029
vt 1 0.5
vt 0 0.503
vt 0.05172 0.001796
vt 0 0.2504
vt 0.2764 0.0407
vt 0.9167 0.9167
vt 0 0.5029
vt 0.05172 0.001796
vt 0.0142 0.01426
vt 0 0.652
vt 0 0.558
vt 0.2551 0.01504
vt 0.06711 0.07534
vt 0 0.558
vt 0.01437 0.01437
vt 0.1352 -2.241e-05
vt 0 0.652
vt 0.01437 0.01437
vt 0 0.3468
vt 0.4964 0.004172
vt 0.004851 0.255
vt 0.01434 0.01435
vt 0 0.558
vt 0.1408 0
vt 0 0.6716
vt 0.4995 0.02493
vt 0.01458 0.263
vt 0 0.5581
vt 0.01437 0.01437
vt 0.05033 0.001736
vt 0.9896 0.2604
vt 0.01437 0.01437
vt 0 0.2504
vt 0.1092 0.1097
vt 0.08436 0.08802
vt 0 0.4987
vt 0.05172 0.001796
vt 0.01428 0.01431
vt 0.7396 0.01042
vt 0 0.652
vt 0.08436 0.08802
vt 0.01458 0.263
vt 0.004851 0.255
vt 0.1408 -1.192e-07
vt 0.2551 0.01504
vt 0.004851 0.255
vt 0.01428 0.01431
vt 0 0.503
vt 0.001706 0.04884
vt 0.2764 0.0407
vt 0 0.652
vt 0.001767 0.04996
vt 0 0.503
vt -1.07e-05 0.1266
vt 0.01437 0.01437
vt 0.01437 0.01437
vt 0.01428 0.01431
vt 0.8185 0.8185
vt 0.0142 0.01426
vt 0 0.6521
vt 0 0.503
vt 0 0.558
vt 0.001706 0.04884
vt 0.8903 0.8903
vt 0 0.558
vt 0.7225 0.9593
vt 0.001623 0.04317
vt 0 0.6522
vt 0 0.558
vt 0.6599 0.8386
vt 0.001623 0.04317
vt 0 0.5029
vt 0 0.558
vt 0.001706 0.04884
vt 0.6599 0.8386
vt 0 0.5024
vt 0.7225 0.9593
vt 0 0.558
vt 0.9896 0.2604
vt 0 0.558
vt 0.5 0.9751
vt 0.6599 0.1614
vt 0 0.6521
vt 0.5 -1.192e-07
vt 0 0.558
vt 0.001796 0.04995
vt 0.9896 0.7396
vt 0.5 0.901
vt 0.9896 0.7396
vt 0.001796 0.04995
vt 0.9896 0.7396
vt 0 0.1266
vt 1 0.5
vt 0.001796 0.04995
vt 1 0.5
vt 0 0.1266
vt 1 0.5
vt 0 0.1266
vt 1 0.5
vt 0.001796 0.04995
vt 0.9167 0.9167
vt 0 0.1266
vt 0.9167 0.9167
vt 0.7225 0.9593
vt 0.1446 -9.537e-07
vt 0.1001 0.004672
vt 0.01437 0.01437
vt 0.001706 0.04884
vt 0.001796 0.04995
vt 0.3401 0.8386
vt 0.7367 0.985
vt 0.5 0.901
vt -3.345e-05 0.1221
vt 0.001796 0.04995
vt 0.5 0.9958
vt 0.5 0.5
vt 0.7396 0.01042
vt 0.1626 -1.192e-07
vt 0.01434 0.01435
vt 0.9896 0.7396
vt 0.5 0.9751
vt 0.9896 0.7396
vt -3.345e-05 0.1221
vt 0.01437 0.01437
vt 0.001796 0.04995
vt 0.8903 0.8903
vt 0.001767 0.04996
vt 0.912 0.912
vt 0.9896 0.7396
vt -6.423e-05 0.07206
vt 0.001796 0.04995
vt 0.7367 0.985
vt 0.01428 0.01431
vt 0.9167 0.9167
vt 0.7225 0.9593
vt 0.9896 0.7396
vt 0.9896 0.7396
vt 0.5 0.901
vt 0.08333 0.9248
vt 0.08392 0.9109
vt 0.5 0.9751
vt 0.2608 0.9884
vt 0.2604 0.9906
vt 0.2775 0.9592
vt 0.2604 0.9906
vt 0.3401 0.8386
vt 0.3401 0.8386
vt 0.2775 0.9592
vt 0.1097 0.8899
vt 0.9896 0.2604
vt 0 0.558
vt 0.1815 0.8185
vt 0.7396 0.9896
vt 0.2633 0.9846
vt 0.7396 0.9896
vt 0.088 0.9087
vt 0.7396 0.9896
vt 0.9167 0.08333
vt 0.5 1
vt 0.7396 0.9896
vt 0.2775 0.9592
vt 0.5 1
vt 0.2633 0.9846
vt 0.7396 0.9896
vt 1 0.5
vt 0.7396 0.9896
vt 0.7396 0.9896
vt 0.5 1
vt 0.7396 0.9896
vt 0.2633 0.9846
vt 0.2608 0.9884
vt 0.2608 0.9884
vt 0.5 1
vt 0.9896 0.7396
vt 0.5 1
vt 0.7396 0.9896
vt 0.5 1
vt 0.088 0.9087
vt 0.9167 0.9167
vt 0.5 0.9995
vt 0.9167 0.9167
vt 0.7396 0.9896
vt 0.9167 0.9167
vt 0.5 1
vt 0.1097 0.8899
vt 0.9896 0.7396
vt 0.9167 0.9167
vt 0.9167 0.9167
vt 0.9896 0.7396
vt 0.5 0.9751
vt 0.9896 0.7396
vt 0.9896 0.2604
vt 0.9896 0.7396
vt 0.5 0.9958
vt 0 0.4987
vt 0.9896 0.7396
vt 0.9896 0.2604
vt 0.7396 0.01042
vt 0.9167 0.9167
vt 0.2633 0.9846
vt 0.3401 0.1614
vt 0.9896 0.7396
vt 0.7396 0.01042
vt 1 0.5
vt 0.7396 0.9896
vt 0.9167 0.9167
vt 0.9167 0.08333
vt 0.9896 0.2604
vt 0.2775 0.9592
vt 0.3401 0.1614
vt 0.9167 0.9167
vt 1 0.75
vt 0.9896 0.2604
vt 0.9896 0.2604
vt 0.901 0.5
vt 0 0.5633
vt 1 0.5
vt 1 0.75
vt 1 0.5
vt 0.9896 0.2604
vt 0.9751 0.5
vt 0.9167 0.9167
vt 0.7396 0.9896
vt 1 0.5
vt 1 0.5
vt 0.9593 0.7225
vt 1 0.5
vt 1 0.75
vt 1 0.5
vt 1 0.5
vt 0.8386 0.6599
vt 0.7396 0.9896
vt 1 0.5
vt 0.7396 0.9896
vt 0.8386 0.6599
vt 0.9896 0.7396
vt 0.7396 0.9896
vt 0.9593 0.7225
vt 0.9167 0.9167
vt 1 0.75
vt 1 0.5
vt 0 0.6018
vt 0.8903 0.8903
vt 0.5 1
vt 0.7396 0.01042
vt 0.9593 0.2775
vt 0.8185 0.8185
vt 0.03372 0.03737
vt 0.2604 0.9917
vt 0 0.5024
vt 0 0.5633
vt 0.7396 0.9896
vt 0.7414 0.01042
vt 0.7414 0.01042
vt 0.8903 0.1097
vt 0.9593 0.7225
vt 0.9167 0.9167
vt 0.9751 0.5
vt 0.9167 0.08333
vt 0.9751 0.5
vt 0.985 0.7367
vt 0.9593 0.2775
vt 0.5144 -1.192e-07
vt 0.9958 0.5
vt 0.912 0.912
vt 0.5 1
vt 0.5144 0
vt 0.9167 0.08333
vt 0.985 0.2633
vt 0.8903 0.8903
vt 0.901 0.5
vt 0.9593 0.2775
vt 0.9751 0.5
vt 0.5 1
vt 0.1001 0.004672
vt 0.9958 0.5
vt 0.901 0.5
vt 0 0.558
vt 0.7396 0.01042
vt 0.8386 0.6599
vt 0.5 1
vt 0.1001 0.004672
vt 0.985 0.7367
vt 0.5 0.5
vt 0.8386 0.6599
vt 1 0.5
vt 0.1097 0.8899
vt 0.9593 0.7225
vt 0.5059 0
vt 1 0.5
vt 1 1
vt 0.7384 0.01099
vt 1 1
vt 0.9896 0.2604
vt 0.1815 0.8185
vt 0.5 0.09896
vt 1 0.5
vt 0.9167 0.08333
vt 1 1
vt 0.9167 0.08333
vt 0.9167 0.08333
vt 0.7384 0.01099
vt 0.4995 0.02493
vt 0.9167 0.08333
vt 0.9896 0.2604
vt 1 0.75
vt 0.7362 0.01504
vt 1 0.75
vt 0.9896 0.2604
vt 0.7362 0.01504
vt 0.7225 0.0407
vt 0.9896 0.2604
vt 0.9896 0.2604
vt 1 1
vt 0.9896 0.2604
vt 1 0.5
vt 0.912 0.088
vt 0.6599 0.1614
vt 0.4936 0.0005214
vt 0.9167 0.08333
vt 1 0.75
vt 0.9896 0.2604
vt 0.9161 0.08392
vt 0.6599 0.1614
vt 0.9896 0.2604
vt 0.9167 0.08333
vt 1 0.75
vt 0.4936 0.0005214
vt 0.7225 0.0407
vt 0.7412 0.01042
vt 0.8903 0.1097
vt 0.4964 0.004172
vt 0.7414 0.01042
vt 0.2604 0.01042
vt 0.2604 0.9917
vt 0.8185 0.1815
vt 0.7403 0.01042
vt 0.9167 0.08333
vt 0.75 0.9965
vt 0.1352 -2.241e-05
vt 0.7483 0.9913
vt 0.5 -1.192e-07
vt 0.2604 0.9917
vt 0.7225 0.0407
vt 0.7403 0.01042
vt 0.2604 0.9917
vt 1 0.9167
vt 0.2604 0.01042
vt 0.7414 0.01042
vt 0.7362 0.01503
vt 0.7412 0.01042
vt 0.5133 0
vt 1 0.9167
vt 0.2603 0.01035
vt 0.5 -1.228e-05
vt 0.08333 0.9339
vt 0.912 0.088
vt 0.05033 0.001736
vt 0.08333 0.9338
vt 1 0.9792
vt 0.2604 0.9917
vt 0.8903 0.1097
vt 0.08333 0.9327
vt 0.08333 0.08333
vt 0.2604 0.9917
vt 0.4995 0.02493
vt 0.04319 0.001681
vt 0.2604 0.9916
vt 0.75 0.9965
vt 0.7414 0.01042
vt 0.4964 0.004172
vt 0.2604 0.9917
vt 0.001767 0.04996
vt 0.2604 0.9917
vt 0.7362 0.01503
vt 0.7367 0.985
vt 0.9896 0.7396
vt 0.01678 0.01724
vt 0.08333 0.9327
vt 0.7483 0.9913
vt 0.75 0.9965
vt -1.07e-05 0.1266
vt 0.5 1
vt 0.7225 0.0407
vt 0.7392 0.989
vt 0.9958 0.5
vt 0.002095 0.05685
vt 0.08333 0.9248
vt 0.9896 0.2604
vt 0.5 1
vt 0.001767 0.04996
vt 0.989 0.7392
vt 0.09896 0.5
vt 0.9167 0.9167
vt 0.912 0.912
vt -1.338e-06 0.1312
vt 0.2604 0.9906
vt 1 0.5
vt 0.75 0.9965
vt 0.004215 0.1057
vt 0 0.6018
vt 0.02493 0.4996
vt 0.9161 0.9161
vt 0.2604 0.9916
vt 0.9167 0.08333
vt 0.002095 0.05685
vt 0.9896 0.7396
vt 0.04065 0.2774
vt 0.7392 0.989
vt 0.989 0.7392
vt 0.01434 0.01435
vt 0.1409 -7.153e-06
vt 0.5 1
vt 0.5 1
vt 0.002095 0.05685
vt 0.5 1
vt 0.1614 0.3401
vt 0.7396 0.9896
vt 0.2604 0.9916
vt -1.338e-06 0.1312
vt 0.1446 -9.537e-07
vt 0.7483 0.9913
vt 0.5 1
vt 0.1614 0.3401
vt 0.7396 0.9896
vt 0.05765 0.002153
vt 0.04065 0.2774
vt 0.7392 0.989
vt 0.05174 0.001777
vt 0.1092 0.1097
vt 0 0.5029
vt 0.05174 0.001777
vt 0.985 0.2633
vt 0.1815 0.1815
vt 0.01434 0.01435
vt 0.8185 0.1815
vt 0.7396 0.01042
vt 0.9167 0.08333
vt 0.04065 0.2774
vt 0.989 0.2608
vt 0.01678 0.01724
vt 0 0.1539
vt 0.8386 0.3401
vt 0.01458 0.263
vt 0.5 0.9995
vt 0.1001 0.004672
vt 1 0.5
vt 0.05172 0.001796
vt 0.5 0.5
vt 0.08436 0.08802
vt 0.0005215 0.4931
vt 0.01678 0.01724
vt 0.5 -1.192e-07
vt 0.1092 0.1097
vt 0.5 1
vt 0.05765 0.002153
vt 0.02493 0.4996
vt 0.004172 0.4968
vt 0.03372 0.03737
vt 0.5 0.09896
vt 0.004172 0.4968
vt 0.01458 0.263
vt 0.05765 0.002153
vt 0.04065 0.2774
vt 0.05765 0.002153
vt 0.5 0.5
vt 0.5 -1.192e-07
vt 0.9167 0.08333
vt 0.08621 -1.192e-07
vt 0.08621 -1.192e-07
vt 0.1815 0.1815
vt 0.0431 -1.192e-07
vt 0.0005215 0.4931
vt 0.5 0.5
vt 0.0431 -1.192e-07
vt 0.989 0.7392
vt 0.9167 0.9167
vt 0.9167 0.08333
vt 0.0431 -1.192e-07
vt 0.1614 0.6599
vt 0.0431 -1.192e-07
vt 0.985 0.7367
vt 0.9167 0.9167
vt 0 -1.192e-07
vt 0.004851 0.255
vt 0.3401 0.8386
vt 0 -1.192e-07
vt 0.0431 -1.192e-07
vt 0.9161 0.08392
vt 0.0431 -2.384e-07
vt 0.1815 0.8185
vt 0.5 0.5
vt 0 -2.384e-07
vt 0.8185 0.8185
vt 0.6599 0.8386
vt 0 -1.192e-07
vt 0.6599 0.8386
vt 0.08621 -1.192e-07
vt 0.08621 -2.384e-07
vt 0.7414 0.01042
vt 0.8903 0.1097
vt 0.0431 -2.384e-07
vt 0.09896 0.5
vt 0.5059 0
vt 0.9167 0.08333
vt 0.01503 0.7293
vt 0.2604 0.9917
vt 0.5144 0
vt 0.8185 0.1815
vt 0.0431 -1.192e-07
vt 0.4936 0.0005214
vt 0.1614 0.3401
vt 0.9167 0.08333
vt 0.9167 0.08333
vt 0.7414 0.01042
vt 0.0407 0.7216
vt 0.5 1
vt 0.09896 0.5
vt 0.2256 0.007144
vt 0.7396 0.01042
vt 0.9167 0.08333
vt 0.01503 0.7293
vt 0.2604 0.9917
vt 0.5 0.5
vt 0.2858 0
vt 0.088 0.9087
vt 0.2604 0.9917
vt 0.1626 0
vt 0.0407 0.7216
vt 0.5144 -1.192e-07
vt 0.7414 0.01042
vt 0.1097 0.8899
vt 0.5 1
vt 0.2256 0.007144
vt 0.2858 0
vt 0.7414 0.01042
vt 0.5 1
vt 0.02493 0.4996
vt 0.004172 0.4968
vt 0.2604 0.9917
vt 0.2256 0.007144
vt 0.2604 0.9917
vt 0.08436 0.08802
vt 0.2256 0.007144
vt 0.2604 0.9917
vt 0.5 1
vt 0.5 1
vt 0.06711 0.07534
vt 0.4936 0.0005215
vt 0.2604 0.9917
vt 0.7412 0.01042
vt 0.08333 0.9338
vt 0.2604 0.9917
vt 0 0.4987
vt 0.7414 0.01042
vt 0.2604 0.9917
vt 0.08333 0.9338
vt 0.0005215 0.4931
vt 0.06711 0.07534
vt 0.5 1
vt 0.08333 0.9338
vt 0.5144 0
vt 0.007916 0.7142
vt 0.2604 0.9917
vt 0.2604 0.9917
vt 0 0.6018
vt 0.2604 0.9917
vt 0.5133 0
vt 0 0.6716
vt 0.08333 0.9338
vt 0.08333 0.9338
vt 0 0.6018
vt 0.08333 0.9338
vt 0.9167 0.08333
vt 0.007916 0.7142
vt 0.08333 0.9338
vt 0.08392 0.9109
vt 0.05172 0.001796
vt 0.01042 0.7818
vt 0.2604 0.9917
vt 0.088 0.9087
vt 0.01503 0.7293
vt 0.05172 0.001796
vt 0.2604 0.9917
vt 0.5833 -2.384e-07
vt 0.004172 0.4968
vt 0.75 -1.192e-07
vt 0.007916 0.7142
vt 0.01503 0.7293
vt 0.1408 -1.192e-07
vt 0.7428 0.00868
vt 0.007916 0.7142
vt 0.9896 0.2604
vt 0.2604 0.9917
vt 0.5201 0
vt 0.0005215 0.4931
vt 0.08392 0.9109
vt 0.1408 -1.192e-07
vt 0.5201 0
vt 0.9167 0.08333
vt 0.03372 0.03737
vt 0.08333 0.9338
vt 0.7428 0.00868
vt 0.06711 0.07534
vt 0 0.5633
vt 0.7414 0.01042
vt 0 0.3992
vt 0.5 0.5
vt 0.5144 0
vt 0.2604 0.9906
vt 0 0.1539
vt 0.7428 0.00868
vt 0 0.3992
vt 0.9167 0.07639
vt 0.5 1
vt 0.004851 0.255
vt 0.9167 0.08333
vt 0.5 1
vt 0.004215 0.1057
vt 0.7414 0.01042
vt 0.75 -1.192e-07
vt 0.9167 -2.384e-07
vt 0.9167 0.07639
vt 0.2604 0.9916
vt 0.004215 0.1057
vt 0.7428 0.00868
vt 0.9167 -2.384e-07
vt 0.9913 0.2587
vt 0.8386 0.3401
vt 0.9896 0.2604
vt 0 0.5581
vt 0 0.652
vt 0.9167 0.07639
vt 0.9161 0.9161
vt 0.989 0.7392
vt 0.9167 0.07639
vt 0.9995 0.5
vt 0.9896 0.2604
vt 0 0.558
vt 0.05033 0.001736
vt 0.9896 0.2604
vt 0.9995 0.5
vt 0 0.5029
vt 0.9167 0.08333
vt 1 0.5
vt 0.9896 0.2604
vt 1 0.5069
vt 1 0.5
vt 0.985 0.7367
vt 0.9896 0.2604
vt 0.9913 0.2587
vt 1 0.5833
vt 1 0.5069
vt 0.2608 0.9884
vt 0.6599 0.1614
vt 0.9896 0.2604
vt 0.9896 0.2604
vt 0 0.5633
vt 0.912 0.912
vt 1 0.9167
vt 0.9896 0.2604
vt 0.7483 0.9913
vt 0.5 0.9958
vt 0.7413 0.9896
vt 0.5 0.9995
vt 0.9236 0.9167
vt 0.9161 0.9161
vt 0.9236 0.9167
vt 0.5 0.9995
vt 0.7413 0.9896
vt 0.5 0.9958
vt 0.7396 0.9896
vt 0.08392 0.9109
vt 0.9167 0.9167
vt 0.7413 0.9896
vt 0.5 1
vt 0.7384 0.01099
vt 0.5 1
vt 0.7403 0.01042
vt 0.7396 0.9896
vt 0.7403 0.01042
vt 0.2551 0.01504
vt 0.7483 0.9913
vt 0.2256 0.007143
vt 0.5 1
vt 0.7384 0.01099
vt 0.5 1
vt 0.2551 0.01504
vt 0.7413 0.9896
vt 1 0.5833
vt 0.4964 0.004172
vt 1 0.75
vt 0.9913 0.7413
vt 0.01042 0.7818
vt 0.02493 0.4996
vt 0.0407 0.7216
vt 1 0.5069
vt 0.0407 0.7216
vt 1 0.5069
vt 0.9913 0.7413
vt 0.1614 0.6599
vt 0.9896 0.7396
vt 0.007916 0.7142
vt 1 0.5
vt 0.1614 0.6599
vt 0.9913 0.7413
vt 0.08333 0.9248
vt 0.9236 0.9167
vt 0.9167 0.9167
vt 0.8386 0.3401
vt 0.1614 0.6599
vt 0.9896 0.7396
vt 0.8386 0.3401
vt 1 0.75
vt 0.1614 0.3401
vt 1 0.9167
vt 0.9236 0.9167
vn 0.03778 0.8406 0.5403
vn 0.04868 0.8778 0.4765
vn -0.2835 0.8524 0.4392
vn -0.2781 0.8148 0.5086
vn -0.5846 0.6981 0.4134
vn -0.5645 0.6671 0.486
vn -0.2841 0.9164 0.2819
vn -0.6132 0.7496 0.2489
vn 0.07755 0.9404 0.331
vn -0.628 -0.4545 -0.6316
vn -0.6244 -0.4351 -0.6487
vn -0.6267 -0.4225 -0.6547
vn -0.6299 -0.4409 -0.6393
vn -0.6332 -0.4125 -0.6549
vn -0.6351 -0.4309 -0.641
vn -0.5394 -0.04355 -0.8409
vn -0.5452 -0.03449 -0.8375
vn -0.5392 -0.05521 -0.8404
vn -0.4803 0.09409 -0.872
vn -0.4542 0.1498 -0.8782
vn -0.4594 0.1486 -0.8757
vn -0.4842 0.09534 -0.8697
vn -0.4671 0.1512 -0.8712
vn -0.4914 0.09894 -0.8653
vn -0.2409 0.5026 -0.8303
vn -0.2505 0.5032 -0.827
vn -0.2324 0.5072 -0.8299
vn -0.3018 -0.8896 0.3427
vn -0.2753 -0.9003 0.3372
vn 0.009278 -0.7532 0.6577
vn -0.01321 -0.7466 0.6651
vn 0.2537 -0.5007 0.8275
vn 0.2401 -0.4939 0.8357
vn 0.06226 -0.7953 0.6029
vn 0.291 -0.5363 0.7923
vn -0.2007 -0.9381 0.2823
vn 0.5682 0.08499 0.8185
vn 0.4322 -0.234 0.8709
vn 0.4297 -0.2358 0.8716
vn 0.5662 0.08252 0.8201
vn 0.4266 -0.2367 0.8729
vn 0.5629 0.08036 0.8226
vn 0.2411 -0.5268 0.8151
vn 0.2359 -0.5265 0.8168
vn 0.2452 -0.5243 0.8154
vn -0.02048 -0.7905 0.6121
vn -0.02658 -0.792 0.6098
vn -0.03534 -0.7895 0.6127
vn -0.2952 -0.9124 0.2834
vn -0.3056 -0.9076 0.2877
vn -0.2898 -0.9136 0.2851
vn 0.6008 0.7368 0.3099
vn 0.6405 0.4483 0.6235
vn 0.6393 0.4482 0.6248
vn 0.5984 0.7392 0.309
vn 0.635 0.4483 0.629
vn 0.5919 0.7429 0.3125
vn 0.335 0.9067 -0.2562
vn 0.4921 0.8703 0.02094
vn 0.4897 0.8716 0.02142
vn 0.3333 0.9076 -0.2553
vn 0.4823 0.8756 0.02469
vn 0.3273 0.9105 -0.2528
vn -0.4599 -0.8879 -0.004059
vn -0.4633 -0.8862 -0.002991
vn -0.4729 -0.8811 0.001526
vn -0.5777 -0.7664 -0.2806
vn -0.5852 -0.7616 -0.2783
vn -0.5747 -0.7688 -0.2804
vn 0.04147 0.7841 -0.6191
vn 0.03125 0.7792 -0.626
vn -0.005615 0.7487 -0.6628
vn 0.00473 0.7537 -0.6572
vn -0.01578 0.7483 -0.6632
vn 0.02203 0.7782 -0.6276
vn -0.1852 0.5273 -0.8292
vn -0.1165 0.5163 -0.8484
vn -0.3793 0.2051 -0.9022
vn -0.4279 0.1743 -0.8868
vn -0.4645 0.1078 -0.879
vn -0.4683 0.09919 -0.878
vn -0.1065 0.1527 -0.9825
vn -0.4151 0.0954 -0.9047
vn 0.2203 0.4063 -0.8868
vn 0.5379 0.05161 0.8414
vn 0.551 0.04279 0.8334
vn 0.6319 0.3785 0.6763
vn 0.6138 0.3956 0.6832
vn 0.6084 0.7036 0.3669
vn 0.5837 0.7219 0.3718
vn 0.6984 0.3534 0.6222
vn 0.6855 0.6586 0.3104
vn 0.6015 0.02789 0.7984
vn 0.4804 0.877 0.0094
vn 0.4595 0.8878 0.02252
vn 0.3077 0.8991 -0.3113
vn 0.297 0.9081 -0.2951
vn 0.5552 0.831 -0.03305
vn 0.3649 0.8688 -0.3347
vn -0.5995 -0.7343 -0.3184
vn -0.5879 -0.7372 -0.3329
vn -0.4812 -0.8764 -0.01666
vn -0.4996 -0.8662 -0.003693
vn -0.4076 -0.9115 -0.05481
vn -0.5377 -0.7668 -0.3505
vn 0.06381 0.7841 -0.6174
vn 0.07379 0.7844 -0.6158
vn 0.03619 0.758 -0.6511
vn 0.02734 0.7561 -0.6539
vn -0.1971 0.5206 -0.8307
vn -0.2022 0.5145 -0.8332
vn 0.05597 0.757 -0.651
vn 0.1007 0.7828 -0.6141
vn -0.5339 -0.0947 -0.8402
vn -0.5383 -0.1027 -0.8365
vn -0.617 -0.4644 -0.6353
vn -0.6181 -0.4564 -0.64
vn -0.616 -0.4865 -0.6196
vn -0.6188 -0.4777 -0.6236
vn -0.6111 -0.4778 -0.631
vn -0.6065 -0.5062 -0.6131
vn -0.5426 -0.1142 -0.8321
vn -0.4256 0.1626 -0.8901
vn -0.4247 0.1566 -0.8916
vn -0.4594 0.0933 -0.8833
vn -0.4567 0.08985 -0.885
vn 0.424 -0.2383 0.8737
vn 0.4128 -0.2318 0.8808
vn 0.4621 -0.26 0.8478
vn -0.1682 -0.9243 -0.3424
vn 0.5216 -0.8361 -0.1697
vn 0.6733 -0.6991 -0.2406
vn 0.01828 -0.9817 -0.1892
vn 0.604 -0.6107 -0.5121
vn 0.1457 -0.9874 -0.06119
vn 0.954 0.2758 -0.1173
vn 0.6934 0.4192 -0.586
vn 0.9774 -0.004852 0.2113
vn 0.363 -0.6211 0.6945
vn 0.5485 -0.3095 0.7768
vn 0.7122 0.007691 0.7019
vn 0.7451 -0.4225 0.5159
vn 0.9137 -0.0405 0.4042
vn 0.5038 -0.7681 0.3952
vn -0.06204 -0.9861 0.154
vn 0.1521 -0.8753 0.459
vn 0.2854 -0.947 0.1472
vn 0.8192 0.3155 0.4788
vn 0.8077 0.5622 0.1778
vn 0.9581 0.2349 0.164
vn 0.9243 0.3789 -0.04459
vn 0.689 0.7169 -0.1063
vn 0.4925 0.7946 -0.3548
vn 0.852 0.4906 -0.1826
vn 0.7054 0.6209 -0.3418
vn -0.4171 -0.8335 -0.3622
vn -0.2491 -0.961 -0.1202
vn 0.1619 0.7751 -0.6106
vn 0.1024 0.7327 -0.6728
vn 0.3675 0.6243 -0.6894
vn 0.3095 0.7308 -0.6084
vn -0.5088 -0.1657 -0.8448
vn -0.5761 -0.4976 -0.6484
vn -0.5776 -0.5497 -0.6034
vn -0.359 -0.6485 -0.6711
vn -0.473 -0.6472 -0.5978
vn -0.2597 -0.3961 -0.8807
vn 0.977 0.1462 0.1551
vn 0.9471 -0.1661 0.2748
vn 0.8395 -0.4743 -0.2649
vn 0.9825 0.1041 -0.1546
vn 0.7985 0.3234 -0.5077
vn 0.6614 0.06513 -0.7472
vn 0.2673 0.1041 -0.9579
vn 0.3396 -0.1939 -0.9203
vn 0.05237 -0.2834 -0.9575
vn 0.2902 -0.5996 -0.7458
vn 0.1455 -0.8482 -0.5093
vn 0.4268 -0.8914 -0.1527
vn 0.3893 -0.908 0.1545
vn 0.6362 -0.7223 0.271
vn 0.6312 -0.6021 0.4888
vn 0.808 -0.4554 0.3737
vn 0.8423 -0.2234 0.4905
vn 0.9845 -0.01581 -0.1746
vn 0.9342 0.1635 -0.3171
vn 0.5154 0.6909 -0.5069
vn 0.84 -0.09333 -0.5345
vn 0.7855 -0.4998 0.3649
vn 0.7011 -0.6224 0.348
vn 0.5219 -0.8284 0.2034
vn 0.5014 -0.6779 -0.5375
vn 0.3401 -0.8884 -0.3082
vn -0.3297 -0.7975 -0.5053
vn 0.8945 -0.2665 0.359
vn 0.8337 -0.4082 0.3719
vn 0.5363 -0.3248 -0.779
vn -0.3456 0.1433 -0.9274
vn -0.3425 0.2559 -0.904
vn -0.217 0.002564 -0.9761
vn 0.817 -0.4603 0.3472
vn 0.5672 -0.6342 -0.5254
vn 0.7679 -0.4372 -0.468
vn 0.8347 -0.1678 -0.5245
vn -0.02432 0.008759 -0.9997
vn -0.07929 -0.1289 -0.9885
vn 0.06558 0.1285 -0.9895
vn 0.4529 -0.6395 -0.6211
vn 0.2967 0.3043 -0.9051
vn 0.7855 -0.07236 -0.6146
vn 0.8394 -0.2119 -0.5005
vn -0.105 -0.4121 -0.905
vn 0.01059 -0.808 -0.589
vn 0.9471 -0.2174 -0.2361
vn 0.2724 -0.9548 -0.1191
vn 0.8993 0.3504 0.2615
vn 0.8679 0.111 0.4842
vn 0.7737 -0.1526 0.6148
vn -0.2027 -0.8499 -0.4863
vn -0.3004 -0.5083 -0.8071
vn -0.2756 -0.1589 -0.948
vn 0.5386 -0.5792 0.6118
vn 0.3683 -0.7962 0.48
vn 0.1854 -0.9481 0.2582
vn -0.009644 0.3196 -0.9475
vn 0.2775 0.5309 -0.8007
vn 0.613 0.6286 -0.4786
vn 0.8255 0.5596 -0.07382
vn -0.1813 0.09961 -0.9784
vn -0.02863 -0.9966 -0.07743
vn 0.663 -0.3704 0.6506
vn 0.1028 0.8293 -0.5492
vn 0.08554 0.8176 -0.5694
vn 0.04566 0.7852 -0.6175
vn 0.05612 0.7953 -0.6036
vn -0.2082 0.5271 -0.8239
vn -0.2053 0.5385 -0.8172
vn 0.02872 0.7722 -0.6346
vn -0.2159 0.5203 -0.8262
vn 0.06647 0.8037 -0.5912
vn -0.3178 -0.9113 0.2617
vn -0.4671 -0.8841 -0.006806
vn -0.4769 -0.8789 0.007691
vn -0.3195 -0.9024 0.2891
vn -0.4734 -0.8808 0.006348
vn -0.3083 -0.9041 0.2958
vn -0.5826 -0.7677 -0.2668
vn -0.5817 -0.7671 -0.2702
vn -0.5745 -0.7719 -0.2721
vn 0.3303 0.9134 -0.2378
vn 0.4791 0.8772 0.03021
vn 0.4733 0.8801 0.03619
vn 0.3255 0.9148 -0.2391
vn 0.4779 0.8778 0.03226
vn 0.3264 0.9127 -0.2458
vn 0.5768 0.7539 0.3146
vn 0.5842 0.7467 0.3181
vn 0.5813 0.7561 0.3006
vn 0.6295 0.52 0.5773
vn 0.6271 0.5006 0.5968
vn 0.631 0.4735 0.6144
vn 0.5852 0.1402 0.7986
vn 0.5769 0.1112 0.8092
vn 0.5903 0.1669 0.7897
vn 0.1837 -0.5954 0.7821
vn -0.09503 -0.828 0.5525
vn -0.07614 -0.8064 0.5864
vn 0.2071 -0.5671 0.7972
vn -0.04642 -0.792 0.6087
vn 0.2306 -0.5399 0.8095
vn 0.4369 -0.2392 0.8671
vn 0.4403 -0.2372 0.866
vn 0.4388 -0.2342 0.8675
vn -0.4762 0.07797 -0.8759
vn -0.4461 0.1481 -0.8826
vn -0.4456 0.1408 -0.8841
vn -0.474 0.08014 -0.8769
vn -0.4461 0.1469 -0.8828
vn -0.4743 0.08701 -0.876
vn -0.6257 -0.534 -0.5686
vn -0.6237 -0.4974 -0.6029
vn -0.6249 -0.4846 -0.6121
vn -0.6289 -0.5125 -0.5846
vn -0.6251 -0.4654 -0.6266
vn -0.6291 -0.4892 -0.604
vn -0.5409 -0.08573 -0.8367
vn -0.5409 -0.07779 -0.8375
vn -0.5457 -0.09305 -0.8328
vn -0.7434 -0.4514 -0.4935
vn -0.8453 -0.2777 -0.4564
vn -0.6611 -0.4535 -0.5977
vn -0.6357 -0.5325 -0.5588
vn -0.6187 -0.08249 -0.7813
vn -0.8296 0.02719 -0.5577
vn -0.5524 0.1596 -0.8181
vn -0.6424 0.4036 -0.6514
vn -0.4706 0.2396 -0.8491
vn -0.4868 0.09876 -0.8679
vn -0.2701 0.5947 -0.7572
vn -0.5 0.7011 -0.5084
vn 0.5164 0.1629 0.8406
vn 0.3678 -0.2126 0.9053
vn 0.4221 -0.2359 0.8753
vn 0.5813 0.1764 0.7943
vn 0.1692 -0.6086 0.7752
vn 0.1399 -0.5649 0.8132
vn -0.1036 -0.7891 0.6054
vn -0.09687 -0.8523 0.5141
vn -0.3034 -0.9298 0.2083
vn -0.329 -0.8756 0.3536
vn 0.5194 0.7374 0.4317
vn 0.5666 0.484 0.6668
vn 0.634 0.5231 0.5696
vn 0.5938 0.7537 0.2815
vn 0.1204 0.9842 -0.1299
vn 0.3772 0.9153 0.1412
vn 0.4848 0.8744 0.01761
vn 0.316 0.919 -0.2355
vn -0.5369 -0.841 0.06699
vn -0.4491 -0.8925 -0.04074
vn -0.5736 -0.7686 -0.283
vn -0.725 -0.6599 -0.1971
vn -0.07526 0.8951 -0.4393
vn 0.08066 0.8435 -0.5309
vn -0.01401 0.81 -0.5862
vn -0.2753 0.8703 -0.4084
vn -0.3737 0.8515 0.3677
vn -0.6615 0.5293 0.5312
vn -0.4479 0.8937 -0.02509
vn -0.4466 0.8947 -0.00177
vn -0.594 0.731 -0.3359
vn -0.645 0.7185 -0.2602
vn -0.068 0.9476 -0.312
vn -0.4036 0.8811 0.2463
vn -0.6468 0.4532 0.6133
vn -0.3586 0.1403 0.9229
vn -0.6158 0.2536 0.746
vn -0.7665 -0.366 0.5277
vn -0.4357 -0.4329 0.7891
vn -0.9679 -0.1666 0.188
vn -0.7425 0.2858 0.6058
vn -0.5504 0.3679 0.7495
vn -0.1317 0.8161 0.5627
vn 0.09977 0.5693 0.816
vn -0.3124 0.222 0.9236
vn -0.005707 0.1406 0.99
vn 0.2863 0.3287 0.9
vn 0.3344 0.1074 0.9363
vn 0.1656 0.05399 0.9847
vn 0.03629 -0.174 0.9841
vn -0.1264 -0.07135 0.9894
vn -0.1333 -0.4568 0.8795
vn 0.08249 -0.3666 0.9267
vn 0.1575 -0.09314 0.9831
vn 0.2541 -0.1497 0.9555
vn -0.9225 0.1109 -0.3695
vn -0.7691 0.4301 -0.4727
vn -0.7539 0.4055 -0.5168
vn -0.9385 0.1393 -0.3159
vn -0.6574 0.3104 -0.6866
vn -0.4448 0.3249 -0.8346
vn -0.5346 0.2458 -0.8085
vn -0.9289 -0.1544 0.3367
vn -0.9921 -0.1139 -0.0524
vn -0.9856 -0.1425 -0.09061
vn -0.8176 0.2586 0.5145
vn -0.7906 -0.4814 -0.3783
vn -0.7717 -0.6041 -0.1987
vn -0.9254 -0.2534 -0.2818
vn -0.932 -0.2431 -0.2687
vn -0.7743 -0.5991 -0.2037
vn -0.9341 -0.2614 -0.2431
vn -0.7416 -0.6246 -0.2448
vn -0.9425 0.1238 -0.3103
vn -0.9671 0.1289 -0.2193
vn -0.9307 0.1125 -0.3481
vn -0.8097 0.4543 -0.3715
vn -0.8249 0.4634 -0.3236
vn -0.8526 0.479 -0.2086
vn -0.5934 0.7429 -0.3097
vn -0.609 0.7614 -0.222
vn -0.5788 0.7379 -0.347
vn 0.9942 -0.05451 -0.09207
vn 0.8712 -0.487 -0.06143
vn 0.85 -0.477 0.2234
vn 0.9904 0.01666 0.1372
vn 0.7032 -0.3979 0.5891
vn 0.9007 0.1141 0.4191
vn 0.503 -0.8543 0.1307
vn 0.3769 -0.8354 0.4001
vn 0.5657 -0.8195 -0.0921
vn 0.2184 -0.9662 -0.1368
vn 0.1606 -0.9869 -0.01059
vn 0.08939 -0.9917 0.09189
vn -0.1379 -0.9863 -0.09027
vn -0.1451 -0.9843 -0.1001
vn -0.116 -0.9825 -0.1457
vn 0.7864 0.5994 -0.1492
vn 0.9397 0.3126 -0.1387
vn 0.927 0.3749 -0.004761
vn 0.7784 0.6218 -0.08646
vn 0.8896 0.4425 0.1129
vn 0.7701 0.6322 -0.08506
vn 0.1333 0.9714 -0.1965
vn 0.516 0.8435 -0.149
vn 0.5161 0.8458 -0.1355
vn 0.1306 0.9711 -0.1994
vn 0.5395 0.8206 -0.1885
vn 0.1705 0.9553 -0.2416
vn -0.4706 -0.8698 -0.1478
vn -0.4732 -0.8698 -0.1398
vn -0.4369 -0.8774 -0.1982
vn -0.2653 0.9266 -0.2665
vn -0.2553 0.9256 -0.2794
vn -0.2476 0.9372 -0.2455
vn -0.2346 -0.7387 0.6318
vn -0.4891 -0.6536 0.5775
vn -0.4997 -0.6934 0.5192
vn -0.2265 -0.7853 0.5761
vn -0.5155 -0.7669 0.3823
vn -0.2141 -0.8725 0.4391
vn -0.7309 -0.4927 0.4723
vn -0.7697 -0.5488 0.326
vn -0.705 -0.4638 0.5365
vn 0.3131 0.7527 0.5791
vn 0.3409 0.7824 0.5211
vn 0.3962 0.8334 0.3852
vn 0.5593 0.5967 0.5755
vn 0.64 0.6306 0.4391
vn 0.516 0.5792 0.631
vn 0.6397 0.3332 0.6926
vn 0.6954 0.3344 0.636
vn 0.8012 0.3433 0.4901
vn 0.7233 0.004273 0.6905
vn 0.8458 -0.02231 0.533
vn 0.6602 0.0221 0.7507
vn 0.3231 -0.5737 0.7527
vn 0.04315 -0.7178 0.6949
vn 0.07154 -0.7664 0.6383
vn 0.3713 -0.6185 0.6925
vn 0.1194 -0.8622 0.4923
vn 0.4589 -0.7092 0.5351
vn 0.5505 -0.3084 0.7757
vn 0.6112 -0.3425 0.7136
vn 0.7282 -0.4075 0.551
vn -0.8655 0.1322 0.4831
vn -0.7681 0.4282 0.4761
vn -0.7992 0.4463 0.4027
vn -0.902 0.1341 0.4104
vn -0.8481 0.4742 0.2363
vn -0.9602 0.1325 0.2459
vn -0.8437 -0.184 0.5042
vn -0.8785 -0.1986 0.4346
vn -0.9329 -0.2301 0.2769
vn 0.2338 -0.5189 0.8222
vn 0.2349 -0.5133 0.8254
vn 0.4202 -0.2354 0.8763
vn 0.4226 -0.2365 0.8749
vn 0.552 0.06772 0.8311
vn 0.5563 0.07236 0.8278
vn 0.4162 -0.2333 0.8788
vn 0.5456 0.06326 0.8356
vn 0.235 -0.5059 0.8299
vn -0.2552 0.5127 -0.8197
vn -0.2446 0.5135 -0.8225
vn -0.4643 0.1596 -0.8712
vn -0.4736 0.1603 -0.866
vn -0.4916 0.1015 -0.8648
vn -0.4996 0.1049 -0.8599
vn -0.4469 0.1553 -0.881
vn -0.4758 0.09449 -0.8744
vn -0.2266 0.5112 -0.829
vn -0.5575 -0.03784 -0.8292
vn -0.5532 -0.04962 -0.8315
vn -0.6381 -0.4238 -0.6428
vn -0.6426 -0.4138 -0.6449
vn -0.6383 -0.445 -0.6281
vn -0.6427 -0.4341 -0.6312
vn -0.6285 -0.437 -0.6434
vn -0.629 -0.4585 -0.6277
vn -0.5425 -0.06659 -0.8374
vn 0.02078 0.7845 -0.6198
vn 0.03058 0.7856 -0.6179
vn -0.008881 0.7565 -0.6539
vn -0.01892 0.7553 -0.655
vn 0.006531 0.7551 -0.6555
vn 0.04495 0.7842 -0.6189
vn -0.5963 -0.7532 -0.2777
vn -0.5972 -0.7505 -0.2831
vn -0.4913 -0.871 0.003662
vn -0.4877 -0.873 0.005554
vn -0.3166 -0.8978 0.3059
vn -0.3167 -0.8999 0.2999
vn -0.4956 -0.8685 0.002045
vn -0.3158 -0.8945 0.3164
vn -0.5974 -0.7468 -0.2923
vn 0.5838 0.7445 0.3236
vn 0.5824 0.7426 0.3306
vn 0.4669 0.8839 0.02557
vn 0.4704 0.882 0.02704
vn 0.3125 0.9136 -0.26
vn 0.3159 0.9141 -0.254
vn 0.4625 0.8862 0.02506
vn 0.3086 0.9122 -0.2694
vn 0.58 0.7392 0.3423
vn 0.625 0.4329 0.6496
vn 0.6282 0.4401 0.6416
vn 0.6196 0.4236 0.6608
vn -0.03607 -0.7736 0.6326
vn -0.03943 -0.7795 0.6251
vn -0.03186 -0.7649 0.6433
vn 0.1588 0.8643 -0.4772
vn 0.1711 0.8703 -0.4618
vn 0.1477 0.8566 -0.4943
vn -0.3457 0.3471 -0.8718
vn -0.3465 0.353 -0.8691
vn -0.3519 0.3581 -0.8648
vn -0.3701 0.3141 -0.8742
vn -0.3769 0.3177 -0.87
vn -0.3669 0.3118 -0.8764
vn 0.131 0.8439 -0.5202
vn 0.1368 0.8455 -0.5162
vn 0.1242 0.8447 -0.5205
vn -0.3866 0.3197 -0.865
vn -0.3802 0.3135 -0.8701
vn -0.36 0.3454 -0.8667
vn -0.3639 0.3555 -0.8609
vn -0.3492 0.3297 -0.8771
vn -0.3664 0.3026 -0.8799
vn -0.353 0.2875 -0.8903
vn -0.3571 0.2879 -0.8885
vn -0.3493 0.3008 -0.8874
vn -0.3426 0.3041 -0.8889
vn -0.3622 0.2979 -0.8832
vn -0.3664 0.2936 -0.8829
vn 0.1232 0.846 -0.5188
vn 0.1194 0.8477 -0.5169
vn 0.1292 0.8416 -0.5243
vn 0.1407 0.8281 -0.5426
vn 0.1323 0.8333 -0.5367
vn 0.1791 0.817 -0.548
vn -0.3735 0.2903 -0.881
vn -0.3753 0.2371 -0.8961
vn 0.2782 0.7935 -0.5413
vn -0.3392 0.3402 -0.877
vn -0.3341 0.3437 -0.8776
vn -0.3399 0.3403 -0.8767
vn -0.3541 0.3118 -0.8816
vn -0.3589 0.3097 -0.8805
vn -0.3533 0.3145 -0.881
vn 0.1579 0.8842 -0.4395
vn -0.4188 0.2981 -0.8577
vn -0.3661 0.3124 -0.8766
vn -0.6159 -0.5524 -0.5617
vn -0.6227 -0.548 -0.5585
vn -0.5928 -0.5773 -0.5616
vn -0.4538 0.181 -0.8725
vn -0.4613 0.1855 -0.8676
vn -0.4385 0.1726 -0.882
vn -0.4412 0.1758 -0.88
vn -0.445 0.1775 -0.8777
vn -0.4523 0.1812 -0.8733
vn -0.6398 -0.5424 -0.5445
vn -0.6436 -0.5383 -0.544
vn -0.632 -0.5472 -0.5486
vn -0.4242 0.166 -0.8902
vn -0.4213 0.1639 -0.892
vn -0.4327 0.1713 -0.8851
vn -0.5307 -0.647 -0.5475
vn -0.4343 0.1752 -0.8836
vn -0.6291 -0.5562 -0.5429
vn -0.6318 -0.5475 -0.5487
vn -0.6371 -0.5401 -0.5498
vn -0.4336 0.1686 -0.8851
vn -0.4328 0.1687 -0.8855
vn -0.4348 0.1715 -0.884
vn -0.6235 -0.605 -0.4951
vn -0.629 -0.5903 -0.5057
vn -0.6301 -0.5762 -0.5204
vn -0.4423 0.1769 -0.8792
vn -0.6294 -0.6091 -0.4824
vn 0.921 0.2499 0.2986
vn 0.757 -0.4285 0.4933
vn 0.4661 -0.2674 0.8433
vn 0.6447 0.2667 0.7163
vn 0.2123 -0.1256 0.9691
vn 0.2891 0.1802 0.9402
vn 0.1135 -0.7011 0.704
vn -0.005463 -0.349 0.9371
vn 0.277 -0.9212 0.2733
vn -0.0307 -0.9993 -0.0188
vn -0.2029 -0.852 0.4825
vn -0.2558 -0.3575 0.8982
vn -0.4271 -0.8554 0.2929
vn -0.5236 -0.2314 0.8199
vn -0.1592 -0.9721 -0.172
vn 0.7392 0.6554 -0.1546
vn 0.8271 0.562 0.006378
vn 0.6061 0.6207 0.4972
vn 0.494 0.8136 0.3066
vn 0.1646 0.4011 0.9011
vn -0.08573 0.5602 0.8239
vn 0.4164 0.8417 -0.3437
vn 0.6278 0.7418 -0.2357
vn 0.3309 0.9312 0.1531
vn 0.1058 0.9938 -0.03442
vn -0.302 0.7038 0.643
vn -0.2998 -0.9213 -0.2475
vn -0.6171 -0.7746 0.1383
vn -0.7628 -0.1292 0.6336
vn -0.7892 -0.6116 -0.05545
vn -0.5028 -0.7889 -0.3532
vn -0.5652 -0.1862 -0.8036
vn -0.3575 0.2086 -0.9103
vn -0.5654 0.3231 -0.7589
vn -0.7601 -0.04465 -0.6483
vn -0.3605 0.6847 -0.6334
vn -0.1269 0.5889 -0.7982
vn -0.1379 0.9319 -0.3354
vn 0.1322 0.825 -0.5494
vn -0.6362 -0.5326 -0.5581
vn -0.857 -0.3671 -0.3615
vn 0.1051 0.9799 0.1692
vn -0.2769 0.9546 0.11
vn -0.6234 0.7789 0.06851
vn -0.2639 0.9623 -0.06467
vn -0.6139 0.7808 -0.1157
vn 0.1292 0.9916 -0.0005188
vn -0.5172 -0.8262 0.2232
vn -0.1901 -0.9441 0.2694
vn -0.5001 -0.8648 0.04404
vn -0.1525 -0.9863 0.06278
vn -0.7894 -0.5914 0.1643
vn -0.7877 -0.616 -0.003388
vn 0.4473 0.8653 0.2261
vn 0.4914 0.8698 0.04456
vn 0.714 0.6462 0.2694
vn 0.7701 0.6349 0.06104
vn 0.8911 0.3378 0.3029
vn 0.9455 0.3171 0.07331
vn 0.9426 -0.05106 0.3301
vn 0.9929 -0.07456 0.0929
vn 0.1707 -0.937 0.3048
vn 0.5345 -0.7772 0.3319
vn 0.2167 -0.9733 0.07559
vn 0.5811 -0.8083 0.09436
vn 0.8202 -0.4588 0.3418
vn 0.868 -0.4855 0.1038
vn -0.8714 0.4876 0.05332
vn -0.9897 0.1266 0.06601
vn -0.8645 0.4842 -0.1346
vn -0.986 0.1183 -0.1173
vn -0.9612 -0.2548 0.1054
vn -0.9608 -0.2686 -0.06772
vn -0.9069 -0.3297 -0.2621
vn -0.6685 -0.6797 -0.3017
vn -0.8166 -0.4389 -0.3747
vn -0.5683 -0.7427 -0.3541
vn -0.9735 0.09113 -0.2094
vn -0.9088 -0.01761 -0.4167
vn 0.2528 0.9199 -0.2998
vn -0.1738 0.9477 -0.2676
vn -0.5783 0.787 -0.2149
vn -0.03543 0.9256 -0.3769
vn -0.4497 0.7884 -0.4197
vn 0.3526 0.8678 -0.3502
vn -0.856 0.4816 -0.1881
vn -0.7786 0.4404 -0.447
vn -0.3637 -0.8894 -0.2769
vn -0.1308 -0.9792 -0.155
vn -0.2965 -0.9015 -0.3152
vn -0.1173 -0.9708 -0.2093
vn 0.5823 0.7688 -0.2643
vn 0.621 0.7232 -0.3023
vn 0.7688 0.6257 -0.1319
vn 0.7652 0.6162 -0.1862
vn 0.8577 0.4913 0.1515
vn 0.8542 0.5141 0.07663
vn 0.8128 0.1847 0.5524
vn 0.8648 0.2051 0.4582
vn 0.03916 -0.9921 0.1192
vn 0.2759 -0.8036 0.5273
vn 0.02225 -0.9988 0.04355
vn 0.2869 -0.8548 0.4324
vn 0.5757 -0.3285 0.7488
vn 0.6619 -0.3762 0.6484
vn -0.4622 0.08982 -0.8822
vn -0.4258 0.1659 -0.8894
vn -0.3556 0.2927 -0.8876
vn -0.6216 -0.47 -0.6266
vn -0.6258 -0.5491 -0.554
vn -0.5986 -0.7408 -0.3047
vn 0.3027 0.9105 -0.2816
vn 0.1325 0.837 -0.5309
vn 0.05692 0.7833 -0.6191
vn -0.342 0.3143 -0.8856
vn -0.5347 -0.08319 -0.8409
vn 0.2362 -0.4986 0.834
vn 0.4129 -0.2317 0.8808
vn 0.5399 0.05783 0.8397
vn -0.2107 0.5112 -0.8332
vn -0.4317 0.1537 -0.8888
vn -0.6208 -0.4487 -0.6429
vn 0.01975 0.7546 -0.6559
vn -0.4993 -0.8664 3.052e-05
vn -0.3112 -0.891 0.3304
vn 0.5795 0.7321 0.358
vn 0.4591 0.888 0.02469
vn 0.6147 0.4105 0.6735
vn -0.02429 -0.7546 0.6557
vn -0.6407 -0.4286 -0.637
vn -0.6422 -0.5369 -0.547
vn -0.5926 -0.7565 -0.2763
vn -0.4982 0.1032 -0.8609
vn -0.4594 0.1848 -0.8687
vn -0.3841 0.3204 -0.8659
vn 0.3205 0.9132 -0.2517
vn 0.1198 0.8466 -0.5185
vn 0.01794 0.7809 -0.6243
vn -0.3595 0.3594 -0.8611
vn -0.5533 -0.03238 -0.8323
vn -0.3142 -0.9025 0.2944
vn -0.04044 -0.7845 0.6188
vn 0.2332 -0.5233 0.8196
vn 0.5593 0.077 0.8253
vn 0.6307 0.4457 0.6352
vn 0.586 0.7451 0.3182
vn 0.4747 0.8797 0.02731
vn -0.4825 -0.8759 0.005432
vn -0.02112 0.7515 -0.6594
vn -0.2565 0.508 -0.8223
vn -0.6401 -0.4093 -0.6502
vn -0.4734 0.1564 -0.8668
vn 0.424 -0.2367 0.8741
vn -0.6293 -0.5653 -0.5333
vn -0.577 -0.7685 -0.2763
vn -0.6284 -0.4699 -0.6199
vn -0.4384 0.1743 -0.8817
vn -0.364 0.3103 -0.8782
vn -0.4773 0.09226 -0.8738
vn 0.3317 0.9088 -0.2528
vn 0.1414 0.8497 -0.5079
vn 0.05213 0.7922 -0.608
vn -0.3447 0.3421 -0.8741
vn -0.5407 -0.06717 -0.8385
vn 0.0152 0.7615 -0.6479
vn -0.2244 0.5139 -0.828
vn -0.4645 -0.8855 6.104e-05
vn -0.2945 -0.9101 0.2915
vn 0.4871 0.873 0.02524
vn 0.5954 0.7392 0.3146
vn 0.6372 0.4547 0.6223
vn 0.5708 0.09238 0.8159
vn -0.02518 -0.788 0.6151
vn 0.2437 -0.5256 0.8151
vn 0.4352 -0.2329 0.8697
vn -0.4499 0.1505 -0.8802
vn -0.6246 -0.4489 -0.6391
vn 0.1415 0.9789 -0.147
vn -0.2514 0.9432 -0.2171
vn -0.59 0.758 -0.2781
vn -0.4743 -0.8733 -0.1109
vn -0.1186 -0.9859 -0.118
vn -0.7724 -0.6176 -0.1478
vn 0.5143 0.85 -0.1133
vn 0.7874 0.6041 -0.1222
vn 0.9471 0.2955 -0.1251
vn 0.9914 -0.0802 -0.1033
vn 0.2363 -0.964 -0.1221
vn 0.5857 -0.804 -0.1022
vn 0.8694 -0.4861 -0.08777
vn -0.8319 0.4663 -0.3007
vn -0.9539 0.1106 -0.2789
vn -0.9383 -0.2677 -0.2188
vn -0.665 -0.5319 -0.5242
vn -0.4811 -0.7848 -0.3905
vn -0.6902 -0.1513 -0.7076
vn 0.4276 0.8188 -0.3831
vn 0.1196 0.8456 -0.5201
vn -0.2206 0.6734 -0.7056
vn -0.5228 0.2993 -0.7981
vn -0.2617 -0.9125 -0.3143
vn -0.1129 -0.9644 -0.239
vn 0.6436 0.7033 -0.302
vn 0.7599 0.6118 -0.2196
vn 0.8538 0.5189 -0.04178
vn 0.9424 0.2035 0.2656
vn 0.01944 -0.9973 -0.07001
vn 0.3282 -0.9136 0.2399
vn 0.783 -0.4417 0.4378
vn 0.1546 -0.09229 0.9836
vn 0.1754 0.09864 0.9795
vn 0.003052 -0.2069 0.9783
vn -0.1876 -0.1109 0.976
vn -0.4058 0.1325 0.9043
vn -0.005921 0.2127 0.9771
vn -0.3319 0.2659 0.905
vn -0.5879 0.3315 0.7379
vn -0.6006 0.3093 0.7373
f 1/1/1 2/2/2 3/3/3
f 1/1/1 3/3/3 4/4/4
f 4/4/4 3/3/3 5/5/5
f 4/4/4 5/5/5 6/6/6
f 3/3/3 7/7/7 8/8/8
f 3/3/3 8/8/8 5/5/5
f 2/2/2 9/9/9 7/7/7
f 2/2/2 7/7/7 3/3/3
f 10/10/10 11/11/11 12/12/12
f 10/10/10 12/12/12 13/13/13
f 13/13/13 12/12/12 14/14/14
f 13/13/13 14/14/14 15/15/15
f 12/12/12 16/16/16 17/17/17
f 12/12/12 17/17/17 14/14/14
f 11/11/11 18/18/18 16/16/16
f 11/11/11 16/16/16 12/12/12
f 19/19/19 20/20/20 21/21/21
f 19/19/19 21/21/21 22/22/22
f 22/22/22 21/21/21 23/23/23
f 22/22/22 23/23/23 24/24/24
f 21/21/21 25/25/25 26/26/26
f 21/21/21 26/26/26 23/23/23
f 20/20/20 27/27/27 25/25/25
f 20/20/20 25/25/25 21/21/21
f 28/28/28 29/29/29 30/30/30
f 28/28/28 30/30/30 31/31/31
f 31/31/31 30/30/30 32/32/32
f 31/31/31 32/32/32 33/33/33
f 30/30/30 34/34/34 35/35/35
f 30/30/30 35/35/35 32/32/32
f 29/29/29 36/36/36 34/34/34
f 29/29/29 34/34/34 30/30/30
f 37/37/37 38/38/38 39/39/39
f 37/37/37 39/39/39 40/40/40
f 40/40/40 39/39/39 41/41/41
f 40/40/40 41/41/41 42/42/42
f 39/39/39 43/43/43 44/44/44
f 39/39/39 44/44/44 41/41/41
f 38/38/38 45/45/45 43/43/43
f 38/38/38 43/43/43 39/39/39
f 45/45/45 46/46/46 47/47/47
f 45/45/45 47/47/47 43/43/43
f 43/43/43 47/47/47 48/48/48
f 43/43/43 48/48/48 44/44/44
f 47/47/47 49/49/49 50/50/50
f 47/47/47 50/50/50 48/48/48
f 46/46/46 51/51/51 49/49/49
f 46/46/46 49/49/49 47/47/47
f 52/52/52 53/53/53 54/54/54
f 52/52/52 54/54/54 55/55/55
f 55/55/55 54/54/54 56/56/56
f 55/55/55 56/56/56 57/57/57
f 54/54/54 40/40/40 42/42/42
f 54/54/54 42/42/42 56/56/56
f 53/53/53 37/37/37 40/40/40
f 53/53/53 40/40/40 54/54/54
f 58/58/58 59/59/59 60/60/60
f 58/58/58 60/60/60 61/61/61
f 61/61/61 60/60/60 62/62/62
f 61/61/61 62/62/62 63/63/63
f 60/60/60 55/55/55 57/57/57
f 60/60/60 57/57/57 62/62/62
f 59/59/59 52/52/52 55/55/55
f 59/59/59 55/55/55 60/60/60
f 51/51/51 64/64/64 65/65/65
f 51/51/51 65/65/65 49/49/49
f 49/49/49 65/65/65 66/66/66
f 49/49/49 66/66/66 50/50/50
f 65/65/65 67/67/67 68/68/68
f 65/65/65 68/68/68 66/66/66
f 64/64/64 69/69/69 67/67/67
f 64/64/64 67/67/67 65/65/65
f 70/70/70 71/71/71 72/72/72
f 70/70/70 72/72/72 73/73/73
f 73/73/73 72/72/72 25/25/25
f 73/73/73 25/25/25 27/27/27
f 72/72/72 74/74/74 26/26/26
f 72/72/72 26/26/26 25/25/25
f 71/71/71 75/75/75 74/74/74
f 71/71/71 74/74/74 72/72/72
f 76/76/76 77/77/77 78/78/78
f 76/76/76 78/78/78 79/79/79
f 79/79/79 78/78/78 80/80/80
f 79/79/79 80/80/80 81/81/81
f 78/78/78 82/82/82 83/83/83
f 78/78/78 83/83/83 80/80/80
f 77/77/77 84/84/84 82/82/82
f 77/77/77 82/82/82 78/78/78
f 85/85/85 86/86/86 87/87/87
f 85/85/85 87/87/87 88/88/88
f 88/88/88 87/87/87 89/89/89
f 88/88/88 89/89/89 90/90/90
f 87/87/87 91/91/91 92/92/92
f 87/87/87 92/92/92 89/89/89
f 86/86/86 93/93/93 91/91/91
f 86/86/86 91/91/91 87/87/87
f 90/90/90 89/89/89 94/94/94
f 90/90/90 94/94/94 95/95/95
f 95/95/95 94/94/94 96/96/96
f 95/95/95 96/96/96 97/97/97
f 94/94/94 98/98/98 99/99/99
f 94/94/94 99/99/99 96/96/96
f 89/89/89 92/92/92 98/98/98
f 89/89/89 98/98/98 94/94/94
f 100/100/100 101/101/101 102/102/102
f 100/100/100 102/102/102 103/103/103
f 103/103/103 102/102/102 29/29/29
f 103/103/103 29/29/29 28/28/28
f 102/102/102 104/104/104 36/36/36
f 102/102/102 36/36/36 29/29/29
f 101/101/101 105/105/105 104/104/104
f 101/101/101 104/104/104 102/102/102
f 106/106/106 107/107/107 108/108/108
f 106/106/106 108/108/108 109/109/109
f 109/109/109 108/108/108 110/110/110
f 109/109/109 110/110/110 111/111/111
f 108/108/108 112/112/112 76/76/76
f 108/108/108 76/76/76 110/110/110
f 107/107/107 113/113/113 112/112/112
f 107/107/107 112/112/112 108/108/108
f 114/114/114 115/115/115 116/116/116
f 114/114/114 116/116/116 117/117/117
f 117/117/117 116/116/116 118/118/118
f 117/117/117 118/118/118 119/119/119
f 116/116/116 120/120/120 121/121/121
f 116/116/116 121/121/121 118/118/118
f 115/115/115 122/122/122 120/120/120
f 115/115/115 120/120/120 116/116/116
f 111/111/111 110/110/110 123/123/123
f 111/111/111 123/123/123 124/124/124
f 124/124/124 123/123/123 125/125/125
f 124/124/124 125/125/125 126/126/126
f 123/123/123 79/79/79 81/81/81
f 123/123/123 81/81/81 125/125/125
f 110/110/110 76/76/76 79/79/79
f 110/110/110 79/79/79 123/123/123
f 33/33/33 32/32/32 127/127/127
f 33/33/33 127/127/127 128/128/128
f 128/128/128 127/127/127 86/86/86
f 128/128/128 86/86/86 85/85/85
f 127/127/127 129/129/129 93/93/93
f 127/127/127 93/93/93 86/86/86
f 32/32/32 35/35/35 129/129/129
f 32/32/32 129/129/129 127/127/127
f 130/130/130 131/131/131 132/132/132
f 130/130/130 132/132/132 133/133/133
f 133/133/133 132/132/132 134/134/134
f 133/133/133 134/134/134 135/135/135
f 132/132/132 136/136/136 137/137/137
f 132/132/132 137/137/137 134/134/134
f 131/131/131 138/138/138 136/136/136
f 131/131/131 136/136/136 132/132/132
f 35/35/35 139/139/139 140/140/140
f 35/35/35 140/140/140 129/129/129
f 129/129/129 140/140/140 141/141/141
f 129/129/129 141/141/141 93/93/93
f 140/140/140 142/142/142 143/143/143
f 140/140/140 143/143/143 141/141/141
f 139/139/139 144/144/144 142/142/142
f 139/139/139 142/142/142 140/140/140
f 36/36/36 145/145/145 146/146/146
f 36/36/36 146/146/146 34/34/34
f 34/34/34 146/146/146 139/139/139
f 34/34/34 139/139/139 35/35/35
f 146/146/146 147/147/147 144/144/144
f 146/146/146 144/144/144 139/139/139
f 145/145/145 135/135/135 147/147/147
f 145/145/145 147/147/147 146/146/146
f 93/93/93 141/141/141 148/148/148
f 93/93/93 148/148/148 91/91/91
f 91/91/91 148/148/148 149/149/149
f 91/91/91 149/149/149 92/92/92
f 148/148/148 150/150/150 151/151/151
f 148/148/148 151/151/151 149/149/149
f 141/141/141 143/143/143 150/150/150
f 141/141/141 150/150/150 148/148/148
f 92/92/92 149/149/149 152/152/152
f 92/92/92 152/152/152 98/98/98
f 98/98/98 152/152/152 153/153/153
f 98/98/98 153/153/153 99/99/99
f 152/152/152 154/154/154 155/155/155
f 152/152/152 155/155/155 153/153/153
f 149/149/149 151/151/151 154/154/154
f 149/149/149 154/154/154 152/152/152
f 105/105/105 156/156/156 157/157/157
f 105/105/105 157/157/157 104/104/104
f 104/104/104 157/157/157 145/145/145
f 104/104/104 145/145/145 36/36/36
f 157/157/157 133/133/133 135/135/135
f 157/157/157 135/135/135 145/145/145
f 156/156/156 130/130/130 133/133/133
f 156/156/156 133/133/133 157/157/157
f 113/113/113 158/158/158 159/159/159
f 113/113/113 159/159/159 112/112/112
f 112/112/112 159/159/159 77/77/77
f 112/112/112 77/77/77 76/76/76
f 159/159/159 160/160/160 84/84/84
f 159/159/159 84/84/84 77/77/77
f 158/158/158 161/161/161 160/160/160
f 158/158/158 160/160/160 159/159/159
f 122/122/122 162/162/162 163/163/163
f 122/122/122 163/163/163 120/120/120
f 120/120/120 163/163/163 164/164/164
f 120/120/120 164/164/164 121/121/121
f 163/163/163 165/165/165 166/166/166
f 163/163/163 166/166/166 164/164/164
f 162/162/162 167/167/167 165/165/165
f 162/162/162 165/165/165 163/163/163
f 168/168/168 169/169/169 170/170/170
f 168/168/168 170/170/170 171/171/171
f 172/172/172 171/171/171 170/170/170
f 172/172/172 170/170/170 173/173/173
f 174/174/174 173/173/173 170/170/170
f 174/174/174 170/170/170 175/175/175
f 176/176/176 175/175/175 170/170/170
f 176/176/176 170/170/170 177/177/177
f 178/178/178 177/177/177 170/170/170
f 178/178/178 170/170/170 179/179/179
f 180/180/180 179/179/179 170/170/170
f 180/180/180 170/170/170 181/181/181
f 182/182/182 181/181/181 170/170/170
f 182/182/182 170/170/170 183/183/183
f 184/184/184 183/183/183 170/170/170
f 184/184/184 170/170/170 169/169/169
f 155/155/155 185/185/185 186/186/186
f 155/155/155 186/186/186 187/187/187
f 161/161/161 187/187/187 186/186/186
f 161/161/161 186/186/186 160/160/160
f 84/84/84 160/160/160 186/186/186
f 84/84/84 186/186/186 188/188/188
f 189/189/189 188/188/188 186/186/186
f 189/189/189 186/186/186 190/190/190
f 191/191/191 190/190/190 186/186/186
f 191/191/191 186/186/186 185/185/185
f 167/167/167 192/192/192 193/193/193
f 167/167/167 193/193/193 165/165/165
f 166/166/166 165/165/165 193/193/193
f 166/166/166 193/193/193 194/194/194
f 130/130/130 194/194/194 193/193/193
f 130/130/130 193/193/193 131/131/131
f 138/138/138 131/131/131 193/193/193
f 138/138/138 193/193/193 195/195/195
f 196/196/196 195/195/195 193/193/193
f 196/196/196 193/193/193 192/192/192
f 84/84/84 188/188/188 197/197/197
f 84/84/84 197/197/197 82/82/82
f 83/83/83 82/82/82 197/197/197
f 83/83/83 197/197/197 198/198/198
f 199/199/199 198/198/198 197/197/197
f 199/199/199 197/197/197 200/200/200
f 167/167/167 200/200/200 197/197/197
f 167/167/167 197/197/197 192/192/192
f 196/196/196 192/192/192 197/197/197
f 196/196/196 197/197/197 201/201/201
f 189/189/189 201/201/201 197/197/197
f 189/189/189 197/197/197 188/188/188
f 144/144/144 202/202/202 203/203/203
f 144/144/144 203/203/203 142/142/142
f 142/142/142 203/203/203 204/204/204
f 142/142/142 204/204/204 143/143/143
f 203/203/203 205/205/205 206/206/206
f 203/203/203 206/206/206 204/204/204
f 202/202/202 207/207/207 205/205/205
f 202/202/202 205/205/205 203/203/203
f 135/135/135 134/134/134 208/208/208
f 135/135/135 208/208/208 147/147/147
f 147/147/147 208/208/208 202/202/202
f 147/147/147 202/202/202 144/144/144
f 208/208/208 209/209/209 207/207/207
f 208/208/208 207/207/207 202/202/202
f 134/134/134 137/137/137 209/209/209
f 134/134/134 209/209/209 208/208/208
f 143/143/143 204/204/204 210/210/210
f 143/143/143 210/210/210 150/150/150
f 150/150/150 210/210/210 211/211/211
f 150/150/150 211/211/211 151/151/151
f 210/210/210 212/212/212 213/213/213
f 210/210/210 213/213/213 211/211/211
f 204/204/204 206/206/206 212/212/212
f 204/204/204 212/212/212 210/210/210
f 151/151/151 211/211/211 214/214/214
f 151/151/151 214/214/214 154/154/154
f 154/154/154 214/214/214 185/185/185
f 154/154/154 185/185/185 155/155/155
f 214/214/214 215/215/215 191/191/191
f 214/214/214 191/191/191 185/185/185
f 211/211/211 213/213/213 215/215/215
f 211/211/211 215/215/215 214/214/214
f 168/168/168 216/216/216 217/217/217
f 168/168/168 217/217/217 169/169/169
f 169/169/169 217/217/217 218/218/218
f 169/169/169 218/218/218 184/184/184
f 217/217/217 195/195/195 196/196/196
f 217/217/217 196/196/196 218/218/218
f 216/216/216 138/138/138 195/195/195
f 216/216/216 195/195/195 217/217/217
f 178/178/178 219/219/219 220/220/220
f 178/178/178 220/220/220 177/177/177
f 177/177/177 220/220/220 221/221/221
f 177/177/177 221/221/221 176/176/176
f 220/220/220 212/212/212 206/206/206
f 220/220/220 206/206/206 221/221/221
f 219/219/219 213/213/213 212/212/212
f 219/219/219 212/212/212 220/220/220
f 182/182/182 222/222/222 223/223/223
f 182/182/182 223/223/223 181/181/181
f 181/181/181 223/223/223 224/224/224
f 181/181/181 224/224/224 180/180/180
f 223/223/223 190/190/190 191/191/191
f 223/223/223 191/191/191 224/224/224
f 222/222/222 189/189/189 190/190/190
f 222/222/222 190/190/190 223/223/223
f 174/174/174 225/225/225 226/226/226
f 174/174/174 226/226/226 173/173/173
f 173/173/173 226/226/226 227/227/227
f 173/173/173 227/227/227 172/172/172
f 226/226/226 209/209/209 137/137/137
f 226/226/226 137/137/137 227/227/227
f 225/225/225 207/207/207 209/209/209
f 225/225/225 209/209/209 226/226/226
f 172/172/172 227/227/227 228/228/228
f 172/172/172 228/228/228 171/171/171
f 171/171/171 228/228/228 216/216/216
f 171/171/171 216/216/216 168/168/168
f 228/228/228 136/136/136 138/138/138
f 228/228/228 138/138/138 216/216/216
f 227/227/227 137/137/137 136/136/136
f 227/227/227 136/136/136 228/228/228
f 176/176/176 221/221/221 229/229/229
f 176/176/176 229/229/229 175/175/175
f 175/175/175 229/229/229 225/225/225
f 175/175/175 225/225/225 174/174/174
f 229/229/229 205/205/205 207/207/207
f 229/229/229 207/207/207 225/225/225
f 221/221/221 206/206/206 205/205/205
f 221/221/221 205/205/205 229/229/229
f 180/180/180 224/224/224 230/230/230
f 180/180/180 230/230/230 179/179/179
f 179/179/179 230/230/230 219/219/219
f 179/179/179 219/219/219 178/178/178
f 230/230/230 215/215/215 213/213/213
f 230/230/230 213/213/213 219/219/219
f 224/224/224 191/191/191 215/215/215
f 224/224/224 215/215/215 230/230/230
f 184/184/184 218/218/218 231/231/231
f 184/184/184 231/231/231 183/183/183
f 183/183/183 231/231/231 222/222/222
f 183/183/183 222/222/222 182/182/182
f 231/231/231 201/201/201 189/189/189
f 231/231/231 189/189/189 222/222/222
f 218/218/218 196/196/196 201/201/201
f 218/218/218 201/201/201 231/231/231
f 232/232/232 233/233/233 234/234/234
f 232/232/232 234/234/234 235/235/235
f 235/235/235 234/234/234 236/236/236
f 235/235/235 236/236/236 237/237/237
f 234/234/234 238/238/238 239/239/239
f 234/234/234 239/239/239 236/236/236
f 233/233/233 240/240/240 238/238/238
f 233/233/233 238/238/238 234/234/234
f 241/241/241 242/242/242 243/243/243
f 241/241/241 243/243/243 244/244/244
f 244/244/244 243/243/243 245/245/245
f 244/244/244 245/245/245 246/246/246
f 243/243/243 247/247/247 248/248/248
f 243/243/243 248/248/248 245/245/245
f 242/242/242 249/249/249 247/247/247
f 242/242/242 247/247/247 243/243/243
f 250/250/250 251/251/251 252/252/252
f 250/250/250 252/252/252 253/253/253
f 253/253/253 252/252/252 254/254/254
f 253/253/253 254/254/254 255/255/255
f 252/252/252 256/256/256 257/257/257
f 252/252/252 257/257/257 254/254/254
f 251/251/251 258/258/258 256/256/256
f 251/251/251 256/256/256 252/252/252
f 258/258/258 259/259/259 260/260/260
f 258/258/258 260/260/260 256/256/256
f 256/256/256 260/260/260 261/261/261
f 256/256/256 261/261/261 257/257/257
f 260/260/260 262/262/262 263/263/263
f 260/260/260 263/263/263 261/261/261
f 259/259/259 264/264/264 262/262/262
f 259/259/259 262/262/262 260/260/260
f 265/265/265 266/266/266 267/267/267
f 265/265/265 267/267/267 268/268/268
f 268/268/268 267/267/267 269/269/269
f 268/268/268 269/269/269 270/270/270
f 267/267/267 244/244/244 246/246/246
f 267/267/267 246/246/246 269/269/269
f 266/266/266 241/241/241 244/244/244
f 266/266/266 244/244/244 267/267/267
f 264/264/264 271/271/271 272/272/272
f 264/264/264 272/272/272 262/262/262
f 262/262/262 272/272/272 273/273/273
f 262/262/262 273/273/273 263/263/263
f 272/272/272 268/268/268 270/270/270
f 272/272/272 270/270/270 273/273/273
f 271/271/271 265/265/265 268/268/268
f 271/271/271 268/268/268 272/272/272
f 274/274/274 275/275/275 276/276/276
f 274/274/274 276/276/276 277/277/277
f 277/277/277 276/276/276 278/278/278
f 277/277/277 278/278/278 279/279/279
f 276/276/276 236/236/236 239/239/239
f 276/276/276 239/239/239 278/278/278
f 275/275/275 237/237/237 236/236/236
f 275/275/275 236/236/236 276/276/276
f 280/280/280 281/281/281 282/282/282
f 280/280/280 282/282/282 283/283/283
f 283/283/283 282/282/282 284/284/284
f 283/283/283 284/284/284 285/285/285
f 282/282/282 286/286/286 287/287/287
f 282/282/282 287/287/287 284/284/284
f 281/281/281 288/288/288 286/286/286
f 281/281/281 286/286/286 282/282/282
f 289/289/289 290/290/290 291/291/291
f 289/289/289 291/291/291 292/292/292
f 292/292/292 291/291/291 281/281/281
f 292/292/292 281/281/281 280/280/280
f 291/291/291 293/293/293 288/288/288
f 291/291/291 288/288/288 281/281/281
f 290/290/290 294/294/294 293/293/293
f 290/290/290 293/293/293 291/291/291
f 295/295/295 296/296/296 297/297/297
f 295/295/295 297/297/297 298/298/298
f 298/298/298 297/297/297 275/275/275
f 298/298/298 275/275/275 274/274/274
f 297/297/297 299/299/299 237/237/237
f 297/297/297 237/237/237 275/275/275
f 296/296/296 300/300/300 299/299/299
f 296/296/296 299/299/299 297/297/297
f 301/301/301 302/302/302 303/303/303
f 301/301/301 303/303/303 304/304/304
f 304/304/304 303/303/303 271/271/271
f 304/304/304 271/271/271 264/264/264
f 303/303/303 305/305/305 265/265/265
f 303/303/303 265/265/265 271/271/271
f 302/302/302 306/306/306 305/305/305
f 302/302/302 305/305/305 303/303/303
f 306/306/306 307/307/307 308/308/308
f 306/306/306 308/308/308 305/305/305
f 305/305/305 308/308/308 266/266/266
f 305/305/305 266/266/266 265/265/265
f 308/308/308 309/309/309 241/241/241
f 308/308/308 241/241/241 266/266/266
f 307/307/307 310/310/310 309/309/309
f 307/307/307 309/309/309 308/308/308
f 311/311/311 312/312/312 313/313/313
f 311/311/311 313/313/313 314/314/314
f 314/314/314 313/313/313 259/259/259
f 314/314/314 259/259/259 258/258/258
f 313/313/313 304/304/304 264/264/264
f 313/313/313 264/264/264 259/259/259
f 312/312/312 301/301/301 304/304/304
f 312/312/312 304/304/304 313/313/313
f 315/315/315 316/316/316 317/317/317
f 315/315/315 317/317/317 318/318/318
f 318/318/318 317/317/317 251/251/251
f 318/318/318 251/251/251 250/250/250
f 317/317/317 314/314/314 258/258/258
f 317/317/317 258/258/258 251/251/251
f 316/316/316 311/311/311 314/314/314
f 316/316/316 314/314/314 317/317/317
f 310/310/310 319/319/319 320/320/320
f 310/310/310 320/320/320 309/309/309
f 309/309/309 320/320/320 242/242/242
f 309/309/309 242/242/242 241/241/241
f 320/320/320 321/321/321 249/249/249
f 320/320/320 249/249/249 242/242/242
f 319/319/319 322/322/322 321/321/321
f 319/319/319 321/321/321 320/320/320
f 323/323/323 324/324/324 325/325/325
f 323/323/323 325/325/325 326/326/326
f 326/326/326 325/325/325 299/299/299
f 326/326/326 299/299/299 300/300/300
f 325/325/325 235/235/235 237/237/237
f 325/325/325 237/237/237 299/299/299
f 324/324/324 232/232/232 235/235/235
f 324/324/324 235/235/235 325/325/325
f 327/327/327 328/328/328 329/329/329
f 327/327/327 329/329/329 330/330/330
f 331/331/331 330/330/330 329/329/329
f 331/331/331 329/329/329 332/332/332
f 300/300/300 332/332/332 329/329/329
f 300/300/300 329/329/329 326/326/326
f 323/323/323 326/326/326 329/329/329
f 323/323/323 329/329/329 333/333/333
f 315/315/315 333/333/333 329/329/329
f 315/315/315 329/329/329 334/334/334
f 335/335/335 334/334/334 329/329/329
f 335/335/335 329/329/329 328/328/328
f 336/336/336 337/337/337 338/338/338
f 336/336/336 338/338/338 339/339/339
f 339/339/339 338/338/338 319/319/319
f 339/339/339 319/319/319 310/310/310
f 338/338/338 340/340/340 322/322/322
f 338/338/338 322/322/322 319/319/319
f 337/337/337 341/341/341 340/340/340
f 337/337/337 340/340/340 338/338/338
f 335/335/335 342/342/342 343/343/343
f 335/335/335 343/343/343 334/334/334
f 334/334/334 343/343/343 316/316/316
f 334/334/334 316/316/316 315/315/315
f 343/343/343 344/344/344 311/311/311
f 343/343/343 311/311/311 316/316/316
f 342/342/342 345/345/345 344/344/344
f 342/342/342 344/344/344 343/343/343
f 345/345/345 346/346/346 347/347/347
f 345/345/345 347/347/347 344/344/344
f 344/344/344 347/347/347 312/312/312
f 344/344/344 312/312/312 311/311/311
f 347/347/347 348/348/348 301/301/301
f 347/347/347 301/301/301 312/312/312
f 346/346/346 349/349/349 348/348/348
f 346/346/346 348/348/348 347/347/347
f 350/350/350 351/351/351 352/352/352
f 350/350/350 352/352/352 353/353/353
f 353/353/353 352/352/352 307/307/307
f 353/353/353 307/307/307 306/306/306
f 352/352/352 339/339/339 310/310/310
f 352/352/352 310/310/310 307/307/307
f 351/351/351 336/336/336 339/339/339
f 351/351/351 339/339/339 352/352/352
f 349/349/349 354/354/354 355/355/355
f 349/349/349 355/355/355 348/348/348
f 348/348/348 355/355/355 302/302/302
f 348/348/348 302/302/302 301/301/301
f 355/355/355 353/353/353 306/306/306
f 355/355/355 306/306/306 302/302/302
f 354/354/354 350/350/350 353/353/353
f 354/354/354 353/353/353 355/355/355
f 356/356/356 357/357/357 358/358/358
f 356/356/356 358/358/358 359/359/359
f 294/294/294 359/359/359 358/358/358
f 294/294/294 358/358/358 360/360/360
f 361/361/361 360/360/360 358/358/358
f 361/361/361 358/358/358 362/362/362
f 295/295/295 362/362/362 358/358/358
f 295/295/295 358/358/358 296/296/296
f 300/300/300 296/296/296 358/358/358
f 300/300/300 358/358/358 332/332/332
f 331/331/331 332/332/332 358/358/358
f 331/331/331 358/358/358 357/357/357
f 363/363/363 364/364/364 365/365/365
f 363/363/363 365/365/365 366/366/366
f 341/341/341 366/366/366 365/365/365
f 341/341/341 365/365/365 340/340/340
f 322/322/322 340/340/340 365/365/365
f 322/322/322 365/365/365 367/367/367
f 289/289/289 367/367/367 365/365/365
f 289/289/289 365/365/365 290/290/290
f 294/294/294 290/290/290 365/365/365
f 294/294/294 365/365/365 359/359/359
f 356/356/356 359/359/359 365/365/365
f 356/356/356 365/365/365 364/364/364
f 368/368/368 369/369/369 370/370/370
f 368/368/368 370/370/370 371/371/371
f 371/371/371 370/370/370 372/372/372
f 371/371/371 372/372/372 373/373/373
f 370/370/370 374/374/374 375/375/375
f 370/370/370 375/375/375 372/372/372
f 369/369/369 376/376/376 374/374/374
f 369/369/369 374/374/374 370/370/370
f 376/376/376 377/377/377 378/378/378
f 376/376/376 378/378/378 374/374/374
f 374/374/374 378/378/378 379/379/379
f 374/374/374 379/379/379 375/375/375
f 378/378/378 380/380/380 381/381/381
f 378/378/378 381/381/381 379/379/379
f 377/377/377 382/382/382 380/380/380
f 377/377/377 380/380/380 378/378/378
f 383/383/383 384/384/384 385/385/385
f 383/383/383 385/385/385 386/386/386
f 386/386/386 385/385/385 387/387/387
f 386/386/386 387/387/387 388/388/388
f 385/385/385 389/389/389 390/390/390
f 385/385/385 390/390/390 387/387/387
f 384/384/384 391/391/391 389/389/389
f 384/384/384 389/389/389 385/385/385
f 391/391/391 392/392/392 393/393/393
f 391/391/391 393/393/393 389/389/389
f 389/389/389 393/393/393 394/394/394
f 389/389/389 394/394/394 390/390/390
f 393/393/393 395/395/395 396/396/396
f 393/393/393 396/396/396 394/394/394
f 392/392/392 397/397/397 395/395/395
f 392/392/392 395/395/395 393/393/393
f 398/398/398 399/399/399 400/400/400
f 398/398/398 400/400/400 401/401/401
f 401/401/401 400/400/400 402/402/402
f 401/401/401 402/402/402 403/403/403
f 400/400/400 386/386/386 388/388/388
f 400/400/400 388/388/388 402/402/402
f 399/399/399 383/383/383 386/386/386
f 399/399/399 386/386/386 400/400/400
f 404/404/404 405/405/405 406/406/406
f 404/404/404 406/406/406 407/407/407
f 407/407/407 406/406/406 408/408/408
f 407/407/407 408/408/408 409/409/409
f 406/406/406 401/401/401 403/403/403
f 406/406/406 403/403/403 408/408/408
f 405/405/405 398/398/398 401/401/401
f 405/405/405 401/401/401 406/406/406
f 397/397/397 410/410/410 411/411/411
f 397/397/397 411/411/411 395/395/395
f 395/395/395 411/411/411 412/412/412
f 395/395/395 412/412/412 396/396/396
f 411/411/411 371/371/371 373/373/373
f 411/411/411 373/373/373 412/412/412
f 410/410/410 368/368/368 371/371/371
f 410/410/410 371/371/371 411/411/411
f 404/404/404 407/407/407 413/413/413
f 404/404/404 413/413/413 414/414/414
f 414/414/414 413/413/413 380/380/380
f 414/414/414 380/380/380 382/382/382
f 413/413/413 415/415/415 381/381/381
f 413/413/413 381/381/381 380/380/380
f 407/407/407 409/409/409 415/415/415
f 407/407/407 415/415/415 413/413/413
f 416/416/416 417/417/417 418/418/418
f 416/416/416 418/418/418 419/419/419
f 419/419/419 418/418/418 420/420/420
f 419/419/419 420/420/420 421/421/421
f 418/418/418 422/422/422 423/423/423
f 418/418/418 423/423/423 420/420/420
f 417/417/417 424/424/424 422/422/422
f 417/417/417 422/422/422 418/418/418
f 1/1/1 425/425/425 426/426/426
f 1/1/1 426/426/426 2/2/2
f 2/2/2 426/426/426 427/427/427
f 2/2/2 427/427/427 9/9/9
f 426/426/426 428/428/428 429/429/429
f 426/426/426 429/429/429 427/427/427
f 425/425/425 430/430/430 428/428/428
f 425/425/425 428/428/428 426/426/426
f 430/430/430 431/431/431 432/432/432
f 430/430/430 432/432/432 428/428/428
f 428/428/428 432/432/432 433/433/433
f 428/428/428 433/433/433 429/429/429
f 432/432/432 434/434/434 435/435/435
f 432/432/432 435/435/435 433/433/433
f 431/431/431 436/436/436 434/434/434
f 431/431/431 434/434/434 432/432/432
f 437/437/437 438/438/438 439/439/439
f 437/437/437 439/439/439 440/440/440
f 440/440/440 439/439/439 441/441/441
f 440/440/440 441/441/441 442/442/442
f 439/439/439 419/419/419 421/421/421
f 439/439/439 421/421/421 441/441/441
f 438/438/438 416/416/416 419/419/419
f 438/438/438 419/419/419 439/439/439
f 436/436/436 443/443/443 444/444/444
f 436/436/436 444/444/444 434/434/434
f 434/434/434 444/444/444 445/445/445
f 434/434/434 445/445/445 435/435/435
f 444/444/444 440/440/440 442/442/442
f 444/444/444 442/442/442 445/445/445
f 443/443/443 437/437/437 440/440/440
f 443/443/443 440/440/440 444/444/444
f 446/446/446 447/447/447 448/448/448
f 446/446/446 448/448/448 449/449/449
f 449/449/449 448/448/448 450/450/450
f 449/449/449 450/450/450 451/451/451
f 448/448/448 5/5/5 8/8/8
f 448/448/448 8/8/8 450/450/450
f 447/447/447 6/6/6 5/5/5
f 447/447/447 5/5/5 448/448/448
f 424/424/424 452/452/452 453/453/453
f 424/424/424 453/453/453 422/422/422
f 422/422/422 453/453/453 454/454/454
f 422/422/422 454/454/454 423/423/423
f 453/453/453 449/449/449 451/451/451
f 453/453/453 451/451/451 454/454/454
f 452/452/452 446/446/446 449/449/449
f 452/452/452 449/449/449 453/453/453
f 455/455/455 456/456/456 457/457/457
f 455/455/455 457/457/457 458/458/458
f 458/458/458 457/457/457 459/459/459
f 458/458/458 459/459/459 460/460/460
f 457/457/457 461/461/461 462/462/462
f 457/457/457 462/462/462 459/459/459
f 456/456/456 463/463/463 461/461/461
f 456/456/456 461/461/461 457/457/457
f 464/464/464 465/465/465 466/466/466
f 464/464/464 466/466/466 467/467/467
f 467/467/467 466/466/466 468/468/468
f 467/467/467 468/468/468 469/469/469
f 466/466/466 470/470/470 471/471/471
f 466/466/466 471/471/471 468/468/468
f 465/465/465 472/472/472 470/470/470
f 465/465/465 470/470/470 466/466/466
f 473/473/473 474/474/474 475/475/475
f 473/473/473 475/475/475 476/476/476
f 476/476/476 475/475/475 477/477/477
f 476/476/476 477/477/477 478/478/478
f 475/475/475 479/479/479 480/480/480
f 475/475/475 480/480/480 477/477/477
f 474/474/474 481/481/481 479/479/479
f 474/474/474 479/479/479 475/475/475
f 482/482/482 483/483/483 484/484/484
f 482/482/482 484/484/484 485/485/485
f 485/485/485 484/484/484 465/465/465
f 485/485/485 465/465/465 464/464/464
f 484/484/484 486/486/486 472/472/472
f 484/484/484 472/472/472 465/465/465
f 483/483/483 487/487/487 486/486/486
f 483/483/483 486/486/486 484/484/484
f 488/488/488 489/489/489 490/490/490
f 488/488/488 490/490/490 491/491/491
f 491/491/491 490/490/490 492/492/492
f 491/491/491 492/492/492 493/493/493
f 490/490/490 494/494/494 495/495/495
f 490/490/490 495/495/495 492/492/492
f 489/489/489 496/496/496 494/494/494
f 489/489/489 494/494/494 490/490/490
f 497/497/497 498/498/498 499/499/499
f 497/497/497 499/499/499 500/500/500
f 500/500/500 499/499/499 501/501/501
f 500/500/500 501/501/501 502/502/502
f 499/499/499 503/503/503 504/504/504
f 499/499/499 504/504/504 501/501/501
f 498/498/498 505/505/505 503/503/503
f 498/498/498 503/503/503 499/499/499
f 460/460/460 459/459/459 506/506/506
f 460/460/460 506/506/506 507/507/507
f 507/507/507 506/506/506 498/498/498
f 507/507/507 498/498/498 497/497/497
f 506/506/506 508/508/508 505/505/505
f 506/506/506 505/505/505 498/498/498
f 459/459/459 462/462/462 508/508/508
f 459/459/459 508/508/508 506/506/506
f 493/493/493 492/492/492 509/509/509
f 493/493/493 509/509/509 510/510/510
f 510/510/510 509/509/509 456/456/456
f 510/510/510 456/456/456 455/455/455
f 509/509/509 511/511/511 463/463/463
f 509/509/509 463/463/463 456/456/456
f 492/492/492 495/495/495 511/511/511
f 492/492/492 511/511/511 509/509/509
f 250/250/250 253/253/253 512/512/512
f 250/250/250 512/512/512 513/513/513
f 513/513/513 512/512/512 233/233/233
f 513/513/513 233/233/233 232/232/232
f 512/512/512 514/514/514 240/240/240
f 512/512/512 240/240/240 233/233/233
f 253/253/253 255/255/255 514/514/514
f 253/253/253 514/514/514 512/512/512
f 18/18/18 515/515/515 516/516/516
f 18/18/18 516/516/516 16/16/16
f 16/16/16 516/516/516 517/517/517
f 16/16/16 517/517/517 17/17/17
f 516/516/516 518/518/518 519/519/519
f 516/516/516 519/519/519 517/517/517
f 515/515/515 520/520/520 518/518/518
f 515/515/515 518/518/518 516/516/516
f 58/58/58 61/61/61 521/521/521
f 58/58/58 521/521/521 522/522/522
f 522/522/522 521/521/521 71/71/71
f 522/522/522 71/71/71 70/70/70
f 521/521/521 523/523/523 75/75/75
f 521/521/521 75/75/75 71/71/71
f 61/61/61 63/63/63 523/523/523
f 61/61/61 523/523/523 521/521/521
f 524/524/524 525/525/525 526/526/526
f 524/524/524 526/526/526 527/527/527
f 527/527/527 526/526/526 474/474/474
f 527/527/527 474/474/474 473/473/473
f 526/526/526 528/528/528 481/481/481
f 526/526/526 481/481/481 474/474/474
f 525/525/525 529/529/529 528/528/528
f 525/525/525 528/528/528 526/526/526
f 530/530/530 531/531/531 532/532/532
f 530/530/530 532/532/532 533/533/533
f 533/533/533 532/532/532 115/115/115
f 533/533/533 115/115/115 114/114/114
f 532/532/532 534/534/534 122/122/122
f 532/532/532 122/122/122 115/115/115
f 531/531/531 535/535/535 534/534/534
f 531/531/531 534/534/534 532/532/532
f 502/502/502 501/501/501 536/536/536
f 502/502/502 536/536/536 537/537/537
f 537/537/537 536/536/536 483/483/483
f 537/537/537 483/483/483 482/482/482
f 536/536/536 538/538/538 487/487/487
f 536/536/536 487/487/487 483/483/483
f 501/501/501 504/504/504 538/538/538
f 501/501/501 538/538/538 536/536/536
f 97/97/97 96/96/96 539/539/539
f 97/97/97 539/539/539 540/540/540
f 540/540/540 539/539/539 107/107/107
f 540/540/540 107/107/107 106/106/106
f 539/539/539 541/541/541 113/113/113
f 539/539/539 113/113/113 107/107/107
f 96/96/96 99/99/99 541/541/541
f 96/96/96 541/541/541 539/539/539
f 535/535/535 542/542/542 543/543/543
f 535/535/535 543/543/543 534/534/534
f 534/534/534 543/543/543 162/162/162
f 534/534/534 162/162/162 122/122/122
f 543/543/543 200/200/200 167/167/167
f 543/543/543 167/167/167 162/162/162
f 542/542/542 199/199/199 200/200/200
f 542/542/542 200/200/200 543/543/543
f 99/99/99 153/153/153 544/544/544
f 99/99/99 544/544/544 541/541/541
f 541/541/541 544/544/544 158/158/158
f 541/541/541 158/158/158 113/113/113
f 544/544/544 187/187/187 161/161/161
f 544/544/544 161/161/161 158/158/158
f 153/153/153 155/155/155 187/187/187
f 153/153/153 187/187/187 544/544/544
f 288/288/288 545/545/545 546/546/546
f 288/288/288 546/546/546 286/286/286
f 286/286/286 546/546/546 547/547/547
f 286/286/286 547/547/547 287/287/287
f 546/546/546 548/548/548 549/549/549
f 546/546/546 549/549/549 547/547/547
f 545/545/545 550/550/550 548/548/548
f 545/545/545 548/548/548 546/546/546
f 315/315/315 318/318/318 551/551/551
f 315/315/315 551/551/551 333/333/333
f 333/333/333 551/551/551 324/324/324
f 333/333/333 324/324/324 323/323/323
f 551/551/551 513/513/513 232/232/232
f 551/551/551 232/232/232 324/324/324
f 318/318/318 250/250/250 513/513/513
f 318/318/318 513/513/513 551/551/551
f 294/294/294 360/360/360 552/552/552
f 294/294/294 552/552/552 293/293/293
f 293/293/293 552/552/552 545/545/545
f 293/293/293 545/545/545 288/288/288
f 552/552/552 553/553/553 550/550/550
f 552/552/552 550/550/550 545/545/545
f 360/360/360 361/361/361 553/553/553
f 360/360/360 553/553/553 552/552/552
f 119/119/119 118/118/118 554/554/554
f 119/119/119 554/554/554 555/555/555
f 555/555/555 554/554/554 101/101/101
f 555/555/555 101/101/101 100/100/100
f 554/554/554 556/556/556 105/105/105
f 554/554/554 105/105/105 101/101/101
f 118/118/118 121/121/121 556/556/556
f 118/118/118 556/556/556 554/554/554
f 469/469/469 468/468/468 557/557/557
f 469/469/469 557/557/557 558/558/558
f 558/558/558 557/557/557 525/525/525
f 558/558/558 525/525/525 524/524/524
f 557/557/557 559/559/559 529/529/529
f 557/557/557 529/529/529 525/525/525
f 468/468/468 471/471/471 559/559/559
f 468/468/468 559/559/559 557/557/557
f 520/520/520 560/560/560 561/561/561
f 520/520/520 561/561/561 518/518/518
f 518/518/518 561/561/561 562/562/562
f 518/518/518 562/562/562 519/519/519
f 561/561/561 22/22/22 24/24/24
f 561/561/561 24/24/24 562/562/562
f 560/560/560 19/19/19 22/22/22
f 560/560/560 22/22/22 561/561/561
f 478/478/478 477/477/477 563/563/563
f 478/478/478 563/563/563 564/564/564
f 564/564/564 563/563/563 489/489/489
f 564/564/564 489/489/489 488/488/488
f 563/563/563 565/565/565 496/496/496
f 563/563/563 496/496/496 489/489/489
f 477/477/477 480/480/480 565/565/565
f 477/477/477 565/565/565 563/563/563
f 126/126/126 125/125/125 566/566/566
f 126/126/126 566/566/566 567/567/567
f 567/567/567 566/566/566 531/531/531
f 567/567/567 531/531/531 530/530/530
f 566/566/566 568/568/568 535/535/535
f 566/566/566 535/535/535 531/531/531
f 125/125/125 81/81/81 568/568/568
f 125/125/125 568/568/568 566/566/566
f 121/121/121 164/164/164 569/569/569
f 121/121/121 569/569/569 556/556/556
f 556/556/556 569/569/569 156/156/156
f 556/556/556 156/156/156 105/105/105
f 569/569/569 194/194/194 130/130/130
f 569/569/569 130/130/130 156/156/156
f 164/164/164 166/166/166 194/194/194
f 164/164/164 194/194/194 569/569/569
f 81/81/81 80/80/80 570/570/570
f 81/81/81 570/570/570 568/568/568
f 568/568/568 570/570/570 542/542/542
f 568/568/568 542/542/542 535/535/535
f 570/570/570 198/198/198 199/199/199
f 570/570/570 199/199/199 542/542/542
f 80/80/80 83/83/83 198/198/198
f 80/80/80 198/198/198 570/570/570
f 69/69/69 571/571/571 572/572/572
f 69/69/69 572/572/572 67/67/67
f 67/67/67 572/572/572 573/573/573
f 67/67/67 573/573/573 68/68/68
f 572/572/572 13/13/13 15/15/15
f 572/572/572 15/15/15 573/573/573
f 571/571/571 10/10/10 13/13/13
f 571/571/571 13/13/13 572/572/572
f 550/550/550 574/574/574 575/575/575
f 550/550/550 575/575/575 548/548/548
f 548/548/548 575/575/575 576/576/576
f 548/548/548 576/576/576 549/549/549
f 575/575/575 277/277/277 279/279/279
f 575/575/575 279/279/279 576/576/576
f 574/574/574 274/274/274 277/277/277
f 574/574/574 277/277/277 575/575/575
f 249/249/249 577/577/577 578/578/578
f 249/249/249 578/578/578 247/247/247
f 247/247/247 578/578/578 579/579/579
f 247/247/247 579/579/579 248/248/248
f 578/578/578 283/283/283 285/285/285
f 578/578/578 285/285/285 579/579/579
f 577/577/577 280/280/280 283/283/283
f 577/577/577 283/283/283 578/578/578
f 361/361/361 362/362/362 580/580/580
f 361/361/361 580/580/580 553/553/553
f 553/553/553 580/580/580 574/574/574
f 553/553/553 574/574/574 550/550/550
f 580/580/580 298/298/298 274/274/274
f 580/580/580 274/274/274 574/574/574
f 362/362/362 295/295/295 298/298/298
f 362/362/362 298/298/298 580/580/580
f 322/322/322 367/367/367 581/581/581
f 322/322/322 581/581/581 321/321/321
f 321/321/321 581/581/581 577/577/577
f 321/321/321 577/577/577 249/249/249
f 581/581/581 292/292/292 280/280/280
f 581/581/581 280/280/280 577/577/577
f 367/367/367 289/289/289 292/292/292
f 367/367/367 292/292/292 581/581/581
f 582/582/582 583/583/583 584/584/584
f 582/582/582 584/584/584 585/585/585
f 585/585/585 584/584/584 586/586/586
f 585/585/585 586/586/586 587/587/587
f 584/584/584 588/588/588 589/589/589
f 584/584/584 589/589/589 586/586/586
f 583/583/583 590/590/590 588/588/588
f 583/583/583 588/588/588 584/584/584
f 590/590/590 591/591/591 592/592/592
f 590/590/590 592/592/592 588/588/588
f 588/588/588 592/592/592 593/593/593
f 588/588/588 593/593/593 589/589/589
f 592/592/592 594/594/594 595/595/595
f 592/592/592 595/595/595 593/593/593
f 591/591/591 596/596/596 594/594/594
f 591/591/591 594/594/594 592/592/592
f 597/597/597 598/598/598 599/599/599
f 597/597/597 599/599/599 600/600/600
f 600/600/600 599/599/599 601/601/601
f 600/600/600 601/601/601 602/602/602
f 599/599/599 585/585/585 587/587/587
f 599/599/599 587/587/587 601/601/601
f 598/598/598 582/582/582 585/585/585
f 598/598/598 585/585/585 599/599/599
f 603/603/603 604/604/604 605/605/605
f 603/603/603 605/605/605 606/606/606
f 606/606/606 605/605/605 607/607/607
f 606/606/606 607/607/607 327/327/327
f 605/605/605 600/600/600 602/602/602
f 605/605/605 602/602/602 607/607/607
f 604/604/604 597/597/597 600/600/600
f 604/604/604 600/600/600 605/605/605
f 596/596/596 608/608/608 609/609/609
f 596/596/596 609/609/609 594/594/594
f 594/594/594 609/609/609 610/610/610
f 594/594/594 610/610/610 595/595/595
f 609/609/609 611/611/611 363/363/363
f 609/609/609 363/363/363 610/610/610
f 608/608/608 612/612/612 611/611/611
f 608/608/608 611/611/611 609/609/609
f 613/613/613 614/614/614 615/615/615
f 613/613/613 615/615/615 616/616/616
f 616/616/616 615/615/615 357/357/357
f 616/616/616 357/357/357 356/356/356
f 615/615/615 617/617/617 331/331/331
f 615/615/615 331/331/331 357/357/357
f 614/614/614 618/618/618 617/617/617
f 614/614/614 617/617/617 615/615/615
f 603/603/603 606/606/606 619/619/619
f 603/603/603 619/619/619 620/620/620
f 620/620/620 619/619/619 617/617/617
f 620/620/620 617/617/617 618/618/618
f 619/619/619 330/330/330 331/331/331
f 619/619/619 331/331/331 617/617/617
f 606/606/606 327/327/327 330/330/330
f 606/606/606 330/330/330 619/619/619
f 612/612/612 621/621/621 622/622/622
f 612/612/612 622/622/622 611/611/611
f 611/611/611 622/622/622 364/364/364
f 611/611/611 364/364/364 363/363/363
f 622/622/622 616/616/616 356/356/356
f 622/622/622 356/356/356 364/364/364
f 621/621/621 613/613/613 616/616/616
f 621/621/621 616/616/616 622/622/622
f 9/9/9 623/623/623 624/624/624
f 9/9/9 624/624/624 7/7/7
f 7/7/7 624/624/624 625/625/625
f 7/7/7 625/625/625 8/8/8
f 624/624/624 626/626/626 627/627/627
f 624/624/624 627/627/627 625/625/625
f 623/623/623 628/628/628 626/626/626
f 623/623/623 626/626/626 624/624/624
f 421/421/421 420/420/420 629/629/629
f 421/421/421 629/629/629 630/630/630
f 630/630/630 629/629/629 631/631/631
f 630/630/630 631/631/631 632/632/632
f 629/629/629 633/633/633 634/634/634
f 629/629/629 634/634/634 631/631/631
f 420/420/420 423/423/423 633/633/633
f 420/420/420 633/633/633 629/629/629
f 9/9/9 427/427/427 635/635/635
f 9/9/9 635/635/635 623/623/623
f 623/623/623 635/635/635 636/636/636
f 623/623/623 636/636/636 628/628/628
f 635/635/635 637/637/637 638/638/638
f 635/635/635 638/638/638 636/636/636
f 427/427/427 429/429/429 637/637/637
f 427/427/427 637/637/637 635/635/635
f 429/429/429 433/433/433 639/639/639
f 429/429/429 639/639/639 637/637/637
f 637/637/637 639/639/639 640/640/640
f 637/637/637 640/640/640 638/638/638
f 639/639/639 641/641/641 642/642/642
f 639/639/639 642/642/642 640/640/640
f 433/433/433 435/435/435 641/641/641
f 433/433/433 641/641/641 639/639/639
f 442/442/442 441/441/441 643/643/643
f 442/442/442 643/643/643 644/644/644
f 644/644/644 643/643/643 645/645/645
f 644/644/644 645/645/645 646/646/646
f 643/643/643 630/630/630 632/632/632
f 643/643/643 632/632/632 645/645/645
f 441/441/441 421/421/421 630/630/630
f 441/441/441 630/630/630 643/643/643
f 435/435/435 445/445/445 647/647/647
f 435/435/435 647/647/647 641/641/641
f 641/641/641 647/647/647 648/648/648
f 641/641/641 648/648/648 642/642/642
f 647/647/647 644/644/644 646/646/646
f 647/647/647 646/646/646 648/648/648
f 445/445/445 442/442/442 644/644/644
f 445/445/445 644/644/644 647/647/647
f 451/451/451 450/450/450 649/649/649
f 451/451/451 649/649/649 650/650/650
f 650/650/650 649/649/649 651/651/651
f 650/650/650 651/651/651 652/652/652
f 649/649/649 625/625/625 627/627/627
f 649/649/649 627/627/627 651/651/651
f 450/450/450 8/8/8 625/625/625
f 450/450/450 625/625/625 649/649/649
f 423/423/423 454/454/454 653/653/653
f 423/423/423 653/653/653 633/633/633
f 633/633/633 653/653/653 654/654/654
f 633/633/633 654/654/654 634/634/634
f 653/653/653 650/650/650 652/652/652
f 653/653/653 652/652/652 654/654/654
f 454/454/454 451/451/451 650/650/650
f 454/454/454 650/650/650 653/653/653
f 373/373/373 372/372/372 655/655/655
f 373/373/373 655/655/655 656/656/656
f 656/656/656 655/655/655 657/657/657
f 656/656/656 657/657/657 658/658/658
f 655/655/655 659/659/659 660/660/660
f 655/655/655 660/660/660 657/657/657
f 372/372/372 375/375/375 659/659/659
f 372/372/372 659/659/659 655/655/655
f 409/409/409 661/661/661 662/662/662
f 409/409/409 662/662/662 415/415/415
f 415/415/415 662/662/662 663/663/663
f 415/415/415 663/663/663 381/381/381
f 662/662/662 664/664/664 665/665/665
f 662/662/662 665/665/665 663/663/663
f 661/661/661 666/666/666 664/664/664
f 661/661/661 664/664/664 662/662/662
f 375/375/375 379/379/379 667/667/667
f 375/375/375 667/667/667 659/659/659
f 659/659/659 667/667/667 668/668/668
f 659/659/659 668/668/668 660/660/660
f 667/667/667 663/663/663 665/665/665
f 667/667/667 665/665/665 668/668/668
f 379/379/379 381/381/381 663/663/663
f 379/379/379 663/663/663 667/667/667
f 396/396/396 412/412/412 669/669/669
f 396/396/396 669/669/669 670/670/670
f 670/670/670 669/669/669 671/671/671
f 670/670/670 671/671/671 672/672/672
f 669/669/669 656/656/656 658/658/658
f 669/669/669 658/658/658 671/671/671
f 412/412/412 373/373/373 656/656/656
f 412/412/412 656/656/656 669/669/669
f 409/409/409 408/408/408 673/673/673
f 409/409/409 673/673/673 661/661/661
f 661/661/661 673/673/673 674/674/674
f 661/661/661 674/674/674 666/666/666
f 673/673/673 675/675/675 676/676/676
f 673/673/673 676/676/676 674/674/674
f 408/408/408 403/403/403 675/675/675
f 408/408/408 675/675/675 673/673/673
f 403/403/403 402/402/402 677/677/677
f 403/403/403 677/677/677 675/675/675
f 675/675/675 677/677/677 678/678/678
f 675/675/675 678/678/678 676/676/676
f 677/677/677 679/679/679 680/680/680
f 677/677/677 680/680/680 678/678/678
f 402/402/402 388/388/388 679/679/679
f 402/402/402 679/679/679 677/677/677
f 390/390/390 394/394/394 681/681/681
f 390/390/390 681/681/681 682/682/682
f 682/682/682 681/681/681 683/683/683
f 682/682/682 683/683/683 684/684/684
f 681/681/681 670/670/670 672/672/672
f 681/681/681 672/672/672 683/683/683
f 394/394/394 396/396/396 670/670/670
f 394/394/394 670/670/670 681/681/681
f 388/388/388 387/387/387 685/685/685
f 388/388/388 685/685/685 679/679/679
f 679/679/679 685/685/685 686/686/686
f 679/679/679 686/686/686 680/680/680
f 685/685/685 682/682/682 684/684/684
f 685/685/685 684/684/684 686/686/686
f 387/387/387 390/390/390 682/682/682
f 387/387/387 682/682/682 685/685/685
f 471/471/471 687/687/687 688/688/688
f 471/471/471 688/688/688 559/559/559
f 559/559/559 688/688/688 689/689/689
f 559/559/559 689/689/689 529/529/529
f 688/688/688 567/567/567 530/530/530
f 688/688/688 530/530/530 689/689/689
f 687/687/687 126/126/126 567/567/567
f 687/687/687 567/567/567 688/688/688
f 480/480/480 690/690/690 691/691/691
f 480/480/480 691/691/691 565/565/565
f 565/565/565 691/691/691 692/692/692
f 565/565/565 692/692/692 496/496/496
f 691/691/691 555/555/555 100/100/100
f 691/691/691 100/100/100 692/692/692
f 690/690/690 119/119/119 555/555/555
f 690/690/690 555/555/555 691/691/691
f 504/504/504 693/693/693 694/694/694
f 504/504/504 694/694/694 538/538/538
f 538/538/538 694/694/694 695/695/695
f 538/538/538 695/695/695 487/487/487
f 694/694/694 540/540/540 106/106/106
f 694/694/694 106/106/106 695/695/695
f 693/693/693 97/97/97 540/540/540
f 693/693/693 540/540/540 694/694/694
f 529/529/529 689/689/689 696/696/696
f 529/529/529 696/696/696 528/528/528
f 528/528/528 696/696/696 697/697/697
f 528/528/528 697/697/697 481/481/481
f 696/696/696 533/533/533 114/114/114
f 696/696/696 114/114/114 697/697/697
f 689/689/689 530/530/530 533/533/533
f 689/689/689 533/533/533 696/696/696
f 463/463/463 698/698/698 699/699/699
f 463/463/463 699/699/699 461/461/461
f 461/461/461 699/699/699 700/700/700
f 461/461/461 700/700/700 462/462/462
f 699/699/699 128/128/128 85/85/85
f 699/699/699 85/85/85 700/700/700
f 698/698/698 33/33/33 128/128/128
f 698/698/698 128/128/128 699/699/699
f 472/472/472 701/701/701 702/702/702
f 472/472/472 702/702/702 470/470/470
f 470/470/470 702/702/702 687/687/687
f 470/470/470 687/687/687 471/471/471
f 702/702/702 124/124/124 126/126/126
f 702/702/702 126/126/126 687/687/687
f 701/701/701 111/111/111 124/124/124
f 701/701/701 124/124/124 702/702/702
f 481/481/481 697/697/697 703/703/703
f 481/481/481 703/703/703 479/479/479
f 479/479/479 703/703/703 690/690/690
f 479/479/479 690/690/690 480/480/480
f 703/703/703 117/117/117 119/119/119
f 703/703/703 119/119/119 690/690/690
f 697/697/697 114/114/114 117/117/117
f 697/697/697 117/117/117 703/703/703
f 487/487/487 695/695/695 704/704/704
f 487/487/487 704/704/704 486/486/486
f 486/486/486 704/704/704 701/701/701
f 486/486/486 701/701/701 472/472/472
f 704/704/704 109/109/109 111/111/111
f 704/704/704 111/111/111 701/701/701
f 695/695/695 106/106/106 109/109/109
f 695/695/695 109/109/109 704/704/704
f 496/496/496 692/692/692 705/705/705
f 496/496/496 705/705/705 494/494/494
f 494/494/494 705/705/705 706/706/706
f 494/494/494 706/706/706 495/495/495
f 705/705/705 103/103/103 28/28/28
f 705/705/705 28/28/28 706/706/706
f 692/692/692 100/100/100 103/103/103
f 692/692/692 103/103/103 705/705/705
f 505/505/505 707/707/707 708/708/708
f 505/505/505 708/708/708 503/503/503
f 503/503/503 708/708/708 693/693/693
f 503/503/503 693/693/693 504/504/504
f 708/708/708 95/95/95 97/97/97
f 708/708/708 97/97/97 693/693/693
f 707/707/707 90/90/90 95/95/95
f 707/707/707 95/95/95 708/708/708
f 462/462/462 700/700/700 709/709/709
f 462/462/462 709/709/709 508/508/508
f 508/508/508 709/709/709 707/707/707
f 508/508/508 707/707/707 505/505/505
f 709/709/709 88/88/88 90/90/90
f 709/709/709 90/90/90 707/707/707
f 700/700/700 85/85/85 88/88/88
f 700/700/700 88/88/88 709/709/709
f 495/495/495 706/706/706 710/710/710
f 495/495/495 710/710/710 511/511/511
f 511/511/511 710/710/710 698/698/698
f 511/511/511 698/698/698 463/463/463
f 710/710/710 31/31/31 33/33/33
f 710/710/710 33/33/33 698/698/698
f 706/706/706 28/28/28 31/31/31
f 706/706/706 31/31/31 710/710/710
f 15/15/15 711/711/711 712/712/712
f 15/15/15 712/712/712 573/573/573
f 573/573/573 712/712/712 713/713/713
f 573/573/573 713/713/713 68/68/68
f 712/712/712 564/564/564 488/488/488
f 712/712/712 488/488/488 713/713/713
f 711/711/711 478/478/478 564/564/564
f 711/711/711 564/564/564 712/712/712
f 24/24/24 714/714/714 715/715/715
f 24/24/24 715/715/715 562/562/562
f 562/562/562 715/715/715 716/716/716
f 562/562/562 716/716/716 519/519/519
f 715/715/715 558/558/558 524/524/524
f 715/715/715 524/524/524 716/716/716
f 714/714/714 469/469/469 558/558/558
f 714/714/714 558/558/558 715/715/715
f 63/63/63 717/717/717 718/718/718
f 63/63/63 718/718/718 523/523/523
f 523/523/523 718/718/718 719/719/719
f 523/523/523 719/719/719 75/75/75
f 718/718/718 537/537/537 482/482/482
f 718/718/718 482/482/482 719/719/719
f 717/717/717 502/502/502 537/537/537
f 717/717/717 537/537/537 718/718/718
f 519/519/519 716/716/716 720/720/720
f 519/519/519 720/720/720 517/517/517
f 517/517/517 720/720/720 721/721/721
f 517/517/517 721/721/721 17/17/17
f 720/720/720 527/527/527 473/473/473
f 720/720/720 473/473/473 721/721/721
f 716/716/716 524/524/524 527/527/527
f 716/716/716 527/527/527 720/720/720
f 50/50/50 722/722/722 723/723/723
f 50/50/50 723/723/723 48/48/48
f 48/48/48 723/723/723 724/724/724
f 48/48/48 724/724/724 44/44/44
f 723/723/723 510/510/510 455/455/455
f 723/723/723 455/455/455 724/724/724
f 722/722/722 493/493/493 510/510/510
f 722/722/722 510/510/510 723/723/723
f 42/42/42 725/725/725 726/726/726
f 42/42/42 726/726/726 56/56/56
f 56/56/56 726/726/726 727/727/727
f 56/56/56 727/727/727 57/57/57
f 726/726/726 507/507/507 497/497/497
f 726/726/726 497/497/497 727/727/727
f 725/725/725 460/460/460 507/507/507
f 725/725/725 507/507/507 726/726/726
f 57/57/57 727/727/727 728/728/728
f 57/57/57 728/728/728 62/62/62
f 62/62/62 728/728/728 717/717/717
f 62/62/62 717/717/717 63/63/63
f 728/728/728 500/500/500 502/502/502
f 728/728/728 502/502/502 717/717/717
f 727/727/727 497/497/497 500/500/500
f 727/727/727 500/500/500 728/728/728
f 68/68/68 713/713/713 729/729/729
f 68/68/68 729/729/729 66/66/66
f 66/66/66 729/729/729 722/722/722
f 66/66/66 722/722/722 50/50/50
f 729/729/729 491/491/491 493/493/493
f 729/729/729 493/493/493 722/722/722
f 713/713/713 488/488/488 491/491/491
f 713/713/713 491/491/491 729/729/729
f 75/75/75 719/719/719 730/730/730
f 75/75/75 730/730/730 74/74/74
f 74/74/74 730/730/730 731/731/731
f 74/74/74 731/731/731 26/26/26
f 730/730/730 485/485/485 464/464/464
f 730/730/730 464/464/464 731/731/731
f 719/719/719 482/482/482 485/485/485
f 719/719/719 485/485/485 730/730/730
f 17/17/17 721/721/721 732/732/732
f 17/17/17 732/732/732 14/14/14
f 14/14/14 732/732/732 711/711/711
f 14/14/14 711/711/711 15/15/15
f 732/732/732 476/476/476 478/478/478
f 732/732/732 478/478/478 711/711/711
f 721/721/721 473/473/473 476/476/476
f 721/721/721 476/476/476 732/732/732
f 26/26/26 731/731/731 733/733/733
f 26/26/26 733/733/733 23/23/23
f 23/23/23 733/733/733 714/714/714
f 23/23/23 714/714/714 24/24/24
f 733/733/733 467/467/467 469/469/469
f 733/733/733 469/469/469 714/714/714
f 731/731/731 464/464/464 467/467/467
f 731/731/731 467/467/467 733/733/733
f 44/44/44 724/724/724 734/734/734
f 44/44/44 734/734/734 41/41/41
f 41/41/41 734/734/734 725/725/725
f 41/41/41 725/725/725 42/42/42
f 734/734/734 458/458/458 460/460/460
f 734/734/734 460/460/460 725/725/725
f 724/724/724 455/455/455 458/458/458
f 724/724/724 458/458/458 734/734/734
f 248/248/248 579/579/579 735/735/735
f 248/248/248 735/735/735 736/736/736
f 736/736/736 735/735/735 571/571/571
f 736/736/736 571/571/571 69/69/69
f 735/735/735 737/737/737 10/10/10
f 735/735/735 10/10/10 571/571/571
f 579/579/579 285/285/285 737/737/737
f 579/579/579 737/737/737 735/735/735
f 549/549/549 576/576/576 738/738/738
f 549/549/549 738/738/738 739/739/739
f 739/739/739 738/738/738 560/560/560
f 739/739/739 560/560/560 520/520/520
f 738/738/738 740/740/740 19/19/19
f 738/738/738 19/19/19 560/560/560
f 576/576/576 279/279/279 740/740/740
f 576/576/576 740/740/740 738/738/738
f 255/255/255 741/741/741 742/742/742
f 255/255/255 742/742/742 514/514/514
f 514/514/514 742/742/742 743/743/743
f 514/514/514 743/743/743 240/240/240
f 742/742/742 522/522/522 70/70/70
f 742/742/742 70/70/70 743/743/743
f 741/741/741 58/58/58 522/522/522
f 741/741/741 522/522/522 742/742/742
f 287/287/287 547/547/547 744/744/744
f 287/287/287 744/744/744 745/745/745
f 745/745/745 744/744/744 515/515/515
f 745/745/745 515/515/515 18/18/18
f 744/744/744 739/739/739 520/520/520
f 744/744/744 520/520/520 515/515/515
f 547/547/547 549/549/549 739/739/739
f 547/547/547 739/739/739 744/744/744
f 240/240/240 743/743/743 746/746/746
f 240/240/240 746/746/746 238/238/238
f 238/238/238 746/746/746 747/747/747
f 238/238/238 747/747/747 239/239/239
f 746/746/746 73/73/73 27/27/27
f 746/746/746 27/27/27 747/747/747
f 743/743/743 70/70/70 73/73/73
f 743/743/743 73/73/73 746/746/746
f 246/246/246 245/245/245 748/748/748
f 246/246/246 748/748/748 749/749/749
f 749/749/749 748/748/748 64/64/64
f 749/749/749 64/64/64 51/51/51
f 748/748/748 736/736/736 69/69/69
f 748/748/748 69/69/69 64/64/64
f 245/245/245 248/248/248 736/736/736
f 245/245/245 736/736/736 748/748/748
f 255/255/255 254/254/254 750/750/750
f 255/255/255 750/750/750 741/741/741
f 741/741/741 750/750/750 59/59/59
f 741/741/741 59/59/59 58/58/58
f 750/750/750 751/751/751 52/52/52
f 750/750/750 52/52/52 59/59/59
f 254/254/254 257/257/257 751/751/751
f 254/254/254 751/751/751 750/750/750
f 257/257/257 261/261/261 752/752/752
f 257/257/257 752/752/752 751/751/751
f 751/751/751 752/752/752 53/53/53
f 751/751/751 53/53/53 52/52/52
f 752/752/752 753/753/753 37/37/37
f 752/752/752 37/37/37 53/53/53
f 261/261/261 263/263/263 753/753/753
f 261/261/261 753/753/753 752/752/752
f 270/270/270 269/269/269 754/754/754
f 270/270/270 754/754/754 755/755/755
f 755/755/755 754/754/754 46/46/46
f 755/755/755 46/46/46 45/45/45
f 754/754/754 749/749/749 51/51/51
f 754/754/754 51/51/51 46/46/46
f 269/269/269 246/246/246 749/749/749
f 269/269/269 749/749/749 754/754/754
f 263/263/263 273/273/273 756/756/756
f 263/263/263 756/756/756 753/753/753
f 753/753/753 756/756/756 38/38/38
f 753/753/753 38/38/38 37/37/37
f 756/756/756 755/755/755 45/45/45
f 756/756/756 45/45/45 38/38/38
f 273/273/273 270/270/270 755/755/755
f 273/273/273 755/755/755 756/756/756
f 279/279/279 278/278/278 757/757/757
f 279/279/279 757/757/757 740/740/740
f 740/740/740 757/757/757 20/20/20
f 740/740/740 20/20/20 19/19/19
f 757/757/757 747/747/747 27/27/27
f 757/757/757 27/27/27 20/20/20
f 278/278/278 239/239/239 747/747/747
f 278/278/278 747/747/747 757/757/757
f 285/285/285 284/284/284 758/758/758
f 285/285/285 758/758/758 737/737/737
f 737/737/737 758/758/758 11/11/11
f 737/737/737 11/11/11 10/10/10
f 758/758/758 745/745/745 18/18/18
f 758/758/758 18/18/18 11/11/11
f 284/284/284 287/287/287 745/745/745
f 284/284/284 745/745/745 758/758/758
f 628/628/628 759/759/759 760/760/760
f 628/628/628 760/760/760 626/626/626
f 626/626/626 760/760/760 761/761/761
f 626/626/626 761/761/761 627/627/627
f 760/760/760 414/414/414 382/382/382
f 760/760/760 382/382/382 761/761/761
f 759/759/759 404/404/404 414/414/414
f 759/759/759 414/414/414 760/760/760
f 632/632/632 631/631/631 762/762/762
f 632/632/632 762/762/762 763/763/763
f 763/763/763 762/762/762 410/410/410
f 763/763/763 410/410/410 397/397/397
f 762/762/762 764/764/764 368/368/368
f 762/762/762 368/368/368 410/410/410
f 631/631/631 634/634/634 764/764/764
f 631/631/631 764/764/764 762/762/762
f 628/628/628 636/636/636 765/765/765
f 628/628/628 765/765/765 759/759/759
f 759/759/759 765/765/765 405/405/405
f 759/759/759 405/405/405 404/404/404
f 765/765/765 766/766/766 398/398/398
f 765/765/765 398/398/398 405/405/405
f 636/636/636 638/638/638 766/766/766
f 636/636/636 766/766/766 765/765/765
f 638/638/638 640/640/640 767/767/767
f 638/638/638 767/767/767 766/766/766
f 766/766/766 767/767/767 399/399/399
f 766/766/766 399/399/399 398/398/398
f 767/767/767 768/768/768 383/383/383
f 767/767/767 383/383/383 399/399/399
f 640/640/640 642/642/642 768/768/768
f 640/640/640 768/768/768 767/767/767
f 646/646/646 645/645/645 769/769/769
f 646/646/646 769/769/769 770/770/770
f 770/770/770 769/769/769 392/392/392
f 770/770/770 392/392/392 391/391/391
f 769/769/769 763/763/763 397/397/397
f 769/769/769 397/397/397 392/392/392
f 645/645/645 632/632/632 763/763/763
f 645/645/645 763/763/763 769/769/769
f 642/642/642 648/648/648 771/771/771
f 642/642/642 771/771/771 768/768/768
f 768/768/768 771/771/771 384/384/384
f 768/768/768 384/384/384 383/383/383
f 771/771/771 770/770/770 391/391/391
f 771/771/771 391/391/391 384/384/384
f 648/648/648 646/646/646 770/770/770
f 648/648/648 770/770/770 771/771/771
f 652/652/652 651/651/651 772/772/772
f 652/652/652 772/772/772 773/773/773
f 773/773/773 772/772/772 377/377/377
f 773/773/773 377/377/377 376/376/376
f 772/772/772 761/761/761 382/382/382
f 772/772/772 382/382/382 377/377/377
f 651/651/651 627/627/627 761/761/761
f 651/651/651 761/761/761 772/772/772
f 634/634/634 654/654/654 774/774/774
f 634/634/634 774/774/774 764/764/764
f 764/764/764 774/774/774 369/369/369
f 764/764/764 369/369/369 368/368/368
f 774/774/774 773/773/773 376/376/376
f 774/774/774 376/376/376 369/369/369
f 654/654/654 652/652/652 773/773/773
f 654/654/654 773/773/773 774/774/774
f 658/658/658 657/657/657 775/775/775
f 658/658/658 775/775/775 776/776/776
f 776/776/776 775/775/775 621/621/621
f 776/776/776 621/621/621 612/612/612
f 775/775/775 777/777/777 613/613/613
f 775/775/775 613/613/613 621/621/621
f 657/657/657 660/660/660 777/777/777
f 657/657/657 777/777/777 775/775/775
f 666/666/666 778/778/778 779/779/779
f 666/666/666 779/779/779 664/664/664
f 664/664/664 779/779/779 780/780/780
f 664/664/664 780/780/780 665/665/665
f 779/779/779 620/620/620 618/618/618
f 779/779/779 618/618/618 780/780/780
f 778/778/778 603/603/603 620/620/620
f 778/778/778 620/620/620 779/779/779
f 660/660/660 668/668/668 781/781/781
f 660/660/660 781/781/781 777/777/777
f 777/777/777 781/781/781 614/614/614
f 777/777/777 614/614/614 613/613/613
f 781/781/781 780/780/780 618/618/618
f 781/781/781 618/618/618 614/614/614
f 668/668/668 665/665/665 780/780/780
f 668/668/668 780/780/780 781/781/781
f 672/672/672 671/671/671 782/782/782
f 672/672/672 782/782/782 783/783/783
f 783/783/783 782/782/782 608/608/608
f 783/783/783 608/608/608 596/596/596
f 782/782/782 776/776/776 612/612/612
f 782/782/782 612/612/612 608/608/608
f 671/671/671 658/658/658 776/776/776
f 671/671/671 776/776/776 782/782/782
f 666/666/666 674/674/674 784/784/784
f 666/666/666 784/784/784 778/778/778
f 778/778/778 784/784/784 604/604/604
f 778/778/778 604/604/604 603/603/603
f 784/784/784 785/785/785 597/597/597
f 784/784/784 597/597/597 604/604/604
f 674/674/674 676/676/676 785/785/785
f 674/674/674 785/785/785 784/784/784
f 676/676/676 678/678/678 786/786/786
f 676/676/676 786/786/786 785/785/785
f 785/785/785 786/786/786 598/598/598
f 785/785/785 598/598/598 597/597/597
f 786/786/786 787/787/787 582/582/582
f 786/786/786 582/582/582 598/598/598
f 678/678/678 680/680/680 787/787/787
f 678/678/678 787/787/787 786/786/786
f 684/684/684 683/683/683 788/788/788
f 684/684/684 788/788/788 789/789/789
f 789/789/789 788/788/788 591/591/591
f 789/789/789 591/591/591 590/590/590
f 788/788/788 783/783/783 596/596/596
f 788/788/788 596/596/596 591/591/591
f 683/683/683 672/672/672 783/783/783
f 683/683/683 783/783/783 788/788/788
f 680/680/680 686/686/686 790/790/790
f 680/680/680 790/790/790 787/787/787
f 787/787/787 790/790/790 583/583/583
f 787/787/787 583/583/583 582/582/582
f 790/790/790 789/789/789 590/590/590
f 790/790/790 590/590/590 583/583/583
f 686/686/686 684/684/684 789/789/789
f 686/686/686 789/789/789 790/790/790
f 587/587/587 586/586/586 791/791/791
f 587/587/587 791/791/791 792/792/792
f 792/792/792 791/791/791 354/354/354
f 792/792/792 354/354/354 349/349/349
f 791/791/791 793/793/793 350/350/350
f 791/791/791 350/350/350 354/354/354
f 586/586/586 589/589/589 793/793/793
f 586/586/586 793/793/793 791/791/791
f 589/589/589 593/593/593 794/794/794
f 589/589/589 794/794/794 793/793/793
f 793/793/793 794/794/794 351/351/351
f 793/793/793 351/351/351 350/350/350
f 794/794/794 795/795/795 336/336/336
f 794/794/794 336/336/336 351/351/351
f 593/593/593 595/595/595 795/795/795
f 593/593/593 795/795/795 794/794/794
f 602/602/602 601/601/601 796/796/796
f 602/602/602 796/796/796 797/797/797
f 797/797/797 796/796/796 346/346/346
f 797/797/797 346/346/346 345/345/345
f 796/796/796 792/792/792 349/349/349
f 796/796/796 349/349/349 346/346/346
f 601/601/601 587/587/587 792/792/792
f 601/601/601 792/792/792 796/796/796
f 327/327/327 607/607/607 798/798/798
f 327/327/327 798/798/798 328/328/328
f 328/328/328 798/798/798 342/342/342
f 328/328/328 342/342/342 335/335/335
f 798/798/798 797/797/797 345/345/345
f 798/798/798 345/345/345 342/342/342
f 607/607/607 602/602/602 797/797/797
f 607/607/607 797/797/797 798/798/798
f 595/595/595 610/610/610 799/799/799
f 595/595/595 799/799/799 795/795/795
f 795/795/795 799/799/799 337/337/337
f 795/795/795 337/337/337 336/336/336
f 799/799/799 366/366/366 341/341/341
f 799/799/799 341/341/341 337/337/337
f 610/610/610 363/363/363 366/366/366
f 610/610/610 366/366/366 799/799/799
