v 1.16235 0.761634 0.420086
v 1.16071 0.763531 0.416286
v 1.15795 0.758178 0.415517
v 1.1601 0.757237 0.419442
v 1.15751 0.752306 0.415046
v 1.15973 0.752405 0.419046
v 1.15622 0.759152 0.410749
v 1.15571 0.752329 0.410182
v 1.15942 0.765369 0.411665
v 1.1713 0.766733 0.421861
v 1.17168 0.769782 0.418428
v 1.16556 0.767598 0.417304
v 1.16631 0.76496 0.420934
v 1.16504 0.770086 0.412864
v 1.17212 0.772609 0.41418
v 1.15879 0.767016 0.405761
v 1.15528 0.76014 0.404664
v 1.1547 0.752569 0.403964
v 1.15532 0.760905 0.398251
v 1.15477 0.752998 0.39738
v 1.15888 0.768044 0.399555
v 1.17263 0.774913 0.40865
v 1.16492 0.772192 0.407152
v 1.16507 0.773348 0.401119
v 1.17294 0.776087 0.402767
v 1.15936 0.746721 0.414893
v 1.16125 0.747811 0.41892
v 1.16314 0.742239 0.415062
v 1.16436 0.744125 0.419067
v 1.15785 0.745842 0.409996
v 1.16224 0.74064 0.410195
v 1.15707 0.745374 0.403729
v 1.16194 0.739609 0.403974
v 1.15728 0.745463 0.397085
v 1.16237 0.739412 0.397394
v 1.17352 0.741644 0.420136
v 1.16864 0.741955 0.419481
v 1.16833 0.739599 0.415547
v 1.17428 0.739228 0.416325
v 1.16828 0.737578 0.410773
v 1.17519 0.737147 0.411694
v 1.16865 0.736219 0.404683
v 1.17628 0.735726 0.405784
v 1.16934 0.73583 0.398276
v 1.17721 0.735244 0.399586
v 1.17023 0.736535 0.392624
v 1.1777 0.7358 0.394159
v 1.17132 0.737746 0.387618
v 1.1781 0.736819 0.389406
v 1.16352 0.740161 0.391526
v 1.16512 0.741374 0.386265
v 1.15602 0.753568 0.391502
v 1.15855 0.746163 0.391134
v 1.16042 0.747198 0.385771
v 1.1579 0.754279 0.386223
v 1.17258 0.738866 0.382808
v 1.17878 0.737751 0.384941
v 1.17362 0.739963 0.377579
v 1.1795 0.738827 0.380398
v 1.1668 0.742527 0.38113
v 1.16809 0.74353 0.375322
v 1.15978 0.755079 0.381071
v 1.16232 0.748236 0.38051
v 1.16378 0.749054 0.374486
v 1.16131 0.755652 0.375249
v 1.15961 0.768167 0.394101
v 1.15639 0.761279 0.392579
v 1.15801 0.761565 0.387541
v 1.16069 0.767975 0.389308
v 1.16184 0.768055 0.3848
v 1.15963 0.762032 0.382699
v 1.16111 0.762336 0.377446
v 1.16313 0.768093 0.380225
v 1.17286 0.775766 0.397547
v 1.16534 0.773199 0.395794
v 1.16572 0.772556 0.391121
v 1.17265 0.774869 0.392976
v 1.17275 0.774369 0.388846
v 1.16626 0.772256 0.38682
v 1.16727 0.772081 0.382788
v 1.17362 0.774165 0.385224
v 1.18826 0.771709 0.396292
v 1.18845 0.771573 0.392625
v 1.18081 0.774243 0.390964
v 1.18075 0.774638 0.394853
v 1.18186 0.774283 0.387667
v 1.18974 0.771973 0.389545
v 1.18877 0.772435 0.405392
v 1.18866 0.772263 0.400482
v 1.18114 0.775459 0.399234
v 1.1813 0.775758 0.404294
v 1.19635 0.758853 0.405402
v 1.19615 0.758863 0.400503
v 1.19392 0.766426 0.400929
v 1.19403 0.766483 0.40578
v 1.19344 0.766152 0.396817
v 1.19547 0.758812 0.39633
v 1.19546 0.75903 0.392679
v 1.19362 0.76624 0.393237
v 1.19493 0.766926 0.390237
v 1.19651 0.75986 0.389613
v 1.19006 0.743714 0.393068
v 1.18968 0.744069 0.388981
v 1.19374 0.751085 0.391065
v 1.19405 0.750827 0.394923
v 1.19435 0.751919 0.387793
v 1.18998 0.744901 0.385391
v 1.19127 0.743287 0.402791
v 1.19094 0.743399 0.397599
v 1.19496 0.75072 0.399273
v 1.19531 0.750686 0.404312
v 1.1849 0.738205 0.395853
v 1.18489 0.737885 0.401148
v 1.18454 0.738871 0.391224
v 1.18457 0.739494 0.38697
v 1.18496 0.74044 0.382972
v 1.19083 0.746587 0.382374
v 1.19579 0.753612 0.385185
v 1.19857 0.761447 0.387173
v 1.19729 0.755569 0.382989
v 1.2006 0.763137 0.385054
v 1.19181 0.748651 0.379806
v 1.17999 0.74036 0.375611
v 1.18552 0.742088 0.379204
v 1.18617 0.744124 0.375806
v 1.18052 0.742231 0.371205
v 1.17416 0.741246 0.37167
v 1.17477 0.742813 0.366415
v 1.16875 0.744459 0.36853
v 1.16956 0.745607 0.362723
v 1.17597 0.744628 0.363099
v 1.18136 0.744172 0.367823
v 1.1773 0.746223 0.361191
v 1.18224 0.745769 0.365398
v 1.17121 0.747161 0.359729
v 1.17303 0.748642 0.358549
v 1.18686 0.746088 0.372949
v 1.19254 0.750496 0.377578
v 1.18751 0.747632 0.370742
v 1.19309 0.751882 0.375832
v 1.1783 0.747065 0.359829
v 1.18295 0.746582 0.363731
v 1.17951 0.746777 0.358625
v 1.18395 0.746207 0.362828
v 1.17431 0.749506 0.357649
v 1.17546 0.749623 0.356198
v 1.1881 0.748426 0.369293
v 1.19369 0.752639 0.374748
v 1.18904 0.748098 0.368756
v 1.19483 0.752508 0.374418
v 1.19815 0.757119 0.380978
v 1.20165 0.764267 0.383
v 1.19863 0.758197 0.379359
v 1.20214 0.764954 0.381299
v 1.19927 0.758872 0.378365
v 1.20285 0.765508 0.380229
v 1.20083 0.759144 0.377892
v 1.20477 0.766239 0.379493
v 1.20249 0.770826 0.380793
v 1.2017 0.770411 0.381903
v 1.19811 0.773933 0.380154
v 1.19724 0.773657 0.381225
v 1.20444 0.771894 0.379951
v 1.19976 0.775151 0.379417
v 1.20108 0.770109 0.383648
v 1.19978 0.769454 0.385734
v 1.19637 0.773672 0.382926
v 1.19481 0.773473 0.384979
v 1.18839 0.774481 0.38084
v 1.18659 0.774652 0.38285
v 1.17978 0.773211 0.377398
v 1.17781 0.77362 0.379624
v 1.18958 0.774263 0.379222
v 1.18126 0.772901 0.375653
v 1.19051 0.774422 0.378226
v 1.18223 0.772983 0.374568
v 1.19159 0.775594 0.377752
v 1.18274 0.774029 0.374237
v 1.17571 0.770427 0.369101
v 1.17472 0.770358 0.37055
v 1.17148 0.766959 0.363557
v 1.17042 0.766787 0.365222
v 1.17595 0.771402 0.368565
v 1.17173 0.76801 0.362668
v 1.17307 0.770649 0.372755
v 1.17103 0.771122 0.375609
v 1.1686 0.766887 0.367645
v 1.16653 0.7672 0.371022
v 1.16622 0.761984 0.362961
v 1.16407 0.761896 0.366275
v 1.16593 0.756558 0.359654
v 1.16377 0.755941 0.362646
v 1.16827 0.762279 0.361055
v 1.16814 0.757332 0.358475
v 1.16951 0.762684 0.359698
v 1.16955 0.757955 0.357577
v 1.16997 0.763863 0.358524
v 1.1703 0.758841 0.356138
v 1.17127 0.753352 0.356906
v 1.16985 0.752561 0.357631
v 1.1723 0.753888 0.355306
v 1.16771 0.751365 0.358525
v 1.16572 0.75023 0.361381
v 1.16241 0.755786 0.368453
v 1.16464 0.749577 0.367377
v 1.16468 0.767718 0.375427
v 1.16245 0.762158 0.371528
v 1.17144 0.770436 0.362981
v 1.16999 0.766839 0.357361
v 1.17081 0.760342 0.35363
v 1.17177 0.762004 0.350303
v 1.17158 0.765014 0.351856
v 1.17208 0.767249 0.353065
v 1.17107 0.769643 0.356821
v 1.17158 0.773871 0.36266
v 1.1708 0.772943 0.363581
v 1.17163 0.773127 0.365087
v 1.17365 0.75453 0.351884
v 1.17698 0.749105 0.353634
v 1.17886 0.748795 0.350174
v 1.17744 0.751099 0.349486
v 1.17743 0.752911 0.349106
v 1.17557 0.755481 0.349781
v 1.17462 0.758499 0.349339
v 1.17305 0.759525 0.349692
v 1.18192 0.745072 0.357356
v 1.1858 0.744623 0.363121
v 1.18814 0.743365 0.365244
v 1.18752 0.742674 0.363696
v 1.1887 0.7427 0.36269
v 1.1847 0.744316 0.356628
v 1.18312 0.746267 0.352722
v 1.18112 0.747066 0.351625
v 1.18409 0.749494 0.347695
v 1.18596 0.748216 0.35003
v 1.19419 0.754985 0.341353
v 1.19599 0.753655 0.343716
v 1.18276 0.750364 0.346679
v 1.19304 0.755755 0.340406
v 1.18103 0.753979 0.346967
v 1.18191 0.751697 0.346606
v 1.19228 0.756951 0.340425
v 1.19133 0.759253 0.340878
v 1.17765 0.760842 0.347303
v 1.17939 0.757445 0.34737
v 1.18969 0.762855 0.341259
v 1.18784 0.766334 0.341246
v 1.17539 0.76425 0.346893
v 1.17616 0.762806 0.346923
v 1.18638 0.768367 0.340778
v 1.18566 0.769646 0.340659
v 1.20485 0.779944 0.32935
v 1.20558 0.778649 0.329459
v 1.20703 0.77657 0.329926
v 1.2273 0.790323 0.316597
v 1.22874 0.788183 0.317068
v 1.22656 0.791646 0.316493
v 1.20892 0.773041 0.329931
v 1.21062 0.769405 0.329538
v 1.23067 0.784594 0.317063
v 1.23244 0.780915 0.316657
v 1.24417 0.801024 0.305943
v 1.24492 0.799702 0.306051
v 1.24634 0.797552 0.306522
v 1.25952 0.807396 0.297221
v 1.26092 0.805272 0.297689
v 1.25877 0.808698 0.297103
v 1.24828 0.793964 0.306512
v 1.25007 0.790294 0.3061
v 1.26285 0.801726 0.297676
v 1.26463 0.798102 0.297263
v 1.27502 0.812729 0.289109
v 1.27692 0.80923 0.289094
v 1.27868 0.805653 0.28868
v 1.29106 0.816794 0.280319
v 1.29281 0.813242 0.279905
v 1.28916 0.820268 0.280338
v 1.27287 0.816105 0.288518
v 1.27362 0.814824 0.288645
v 1.28777 0.822347 0.279877
v 1.28702 0.823616 0.279748
v 1.22641 0.795728 0.319771
v 1.24397 0.80508 0.30908
v 1.24402 0.802558 0.307017
v 1.22645 0.793202 0.317588
v 1.2586 0.810201 0.29814
v 1.25851 0.812673 0.300114
v 1.27255 0.819996 0.291414
v 1.27269 0.817578 0.289518
v 1.28682 0.825072 0.280731
v 1.28665 0.827458 0.282592
v 1.22712 0.803757 0.328228
v 1.24487 0.813212 0.317114
v 1.24379 0.808962 0.312029
v 1.22615 0.799563 0.322972
v 1.25829 0.816485 0.302916
v 1.25932 0.820672 0.307891
v 1.27324 0.827834 0.298983
v 1.27226 0.823724 0.2941
v 1.28631 0.831135 0.285226
v 1.28722 0.835197 0.290071
v 1.23621 0.808488 0.343889
v 1.25344 0.817665 0.333272
v 1.24841 0.81652 0.325081
v 1.23071 0.807086 0.33607
v 1.26283 0.823948 0.315864
v 1.2678 0.825078 0.324132
v 1.28168 0.832231 0.315238
v 1.27672 0.831078 0.306944
v 1.29066 0.838422 0.298032
v 1.29561 0.839585 0.30634
v 1.27759 0.818762 0.332866
v 1.29152 0.826083 0.323976
v 1.28677 0.830409 0.320931
v 1.27285 0.823185 0.329816
v 1.30071 0.8378 0.312036
v 1.3055 0.833521 0.315076
v 1.24837 0.803311 0.351596
v 1.26349 0.811354 0.341873
v 1.25862 0.815786 0.338877
v 1.24246 0.807178 0.349005
v 1.25556 0.790305 0.351447
v 1.27071 0.798353 0.341721
v 1.26771 0.805214 0.342808
v 1.25297 0.79738 0.352386
v 1.28174 0.81268 0.333821
v 1.28477 0.805929 0.332741
v 1.29865 0.813426 0.323882
v 1.29566 0.820095 0.32493
v 1.30965 0.827571 0.316028
v 1.31263 0.820931 0.315004
v 1.28505 0.794053 0.323685
v 1.29886 0.801655 0.314937
v 1.2999 0.807037 0.320713
v 1.28605 0.799473 0.329499
v 1.31387 0.814561 0.311891
v 1.31281 0.809192 0.306146
v 1.25345 0.777024 0.343307
v 1.27076 0.786215 0.332693
v 1.27188 0.791753 0.338471
v 1.25566 0.783136 0.348599
v 1.24477 0.771678 0.327798
v 1.2626 0.781148 0.316672
v 1.26724 0.782469 0.324568
v 1.24945 0.773021 0.33556
v 1.28157 0.790347 0.315454
v 1.27693 0.789017 0.307496
v 1.29072 0.796614 0.29864
v 1.29534 0.797953 0.306648
v 1.30928 0.805503 0.297817
v 1.30467 0.804178 0.289762
v 1.27265 0.790254 0.302354
v 1.28651 0.797848 0.293558
v 1.30051 0.805431 0.284693
v 1.28335 0.799965 0.290756
v 1.29742 0.807564 0.281934
v 1.26941 0.792369 0.299446
v 1.24054 0.77298 0.32241
v 1.25826 0.782398 0.311449
v 1.25495 0.784519 0.308405
v 1.23732 0.775148 0.319114
v 1.2675 0.793699 0.297646
v 1.2815 0.801297 0.289025
v 1.2956 0.808906 0.280232
v 1.28051 0.802172 0.288185
v 1.29463 0.809782 0.279405
v 1.26648 0.794577 0.296776
v 1.23537 0.77648 0.31711
v 1.25299 0.78585 0.306523
v 1.25195 0.786729 0.305622
v 1.23429 0.777341 0.316185
v 1.27976 0.803389 0.288213
v 1.26572 0.795808 0.296795
v 1.29389 0.810993 0.279437
v 1.25118 0.787972 0.305633
v 1.23352 0.778583 0.316192
v 1.21163 0.767089 0.329079
v 1.21239 0.76587 0.329067
v 1.2135 0.765055 0.330003
v 1.21536 0.763722 0.33219
v 1.30986 0.816531 0.271153
v 1.31167 0.815167 0.272891
v 1.32421 0.824167 0.261903
v 1.32604 0.822772 0.263715
v 1.30888 0.817418 0.270312
v 1.32323 0.825069 0.261031
v 1.30814 0.818636 0.270339
v 1.32248 0.826301 0.261049
v 1.30706 0.820892 0.270807
v 1.32139 0.828579 0.261517
v 1.33892 0.831974 0.252485
v 1.34077 0.830545 0.254382
v 1.35564 0.840799 0.242236
v 1.35753 0.839326 0.244233
v 1.33792 0.832894 0.251578
v 1.35462 0.841744 0.241287
v 1.33716 0.834143 0.251585
v 1.35385 0.843016 0.241281
v 1.33605 0.836446 0.252055
v 1.35272 0.845359 0.241752
v 1.3053 0.824455 0.271225
v 1.3196 0.832176 0.261939
v 1.3034 0.827941 0.271247
v 1.31769 0.835695 0.261965
v 1.33425 0.840084 0.25248
v 1.35088 0.849059 0.242182
v 1.33231 0.843644 0.25251
v 1.34891 0.852681 0.242216
v 1.31628 0.837803 0.261512
v 1.33089 0.845778 0.252063
v 1.34747 0.854855 0.241774
v 1.33012 0.847082 0.25197
v 1.34668 0.856183 0.2417
v 1.31552 0.83909 0.261405
v 1.302 0.830028 0.27079
v 1.30125 0.831301 0.270669
v 1.30104 0.83276 0.271669
v 1.3153 0.840564 0.262441
v 1.30084 0.835149 0.273565
v 1.31509 0.842977 0.264415
v 1.32989 0.848573 0.253047
v 1.34644 0.857702 0.242826
v 1.32967 0.851018 0.255109
v 1.34621 0.860193 0.244992
v 1.30046 0.838831 0.276256
v 1.31468 0.846699 0.267229
v 1.30132 0.842898 0.281153
v 1.31548 0.850801 0.272231
v 1.32924 0.854789 0.258061
v 1.34574 0.864034 0.248099
v 1.32998 0.858934 0.263171
v 1.34641 0.868242 0.25328
v 1.30468 0.846121 0.289132
v 1.31876 0.854034 0.28024
v 1.30959 0.847275 0.297437
v 1.3236 0.855166 0.28853
v 1.33316 0.86218 0.271189
v 1.34949 0.871505 0.261177
v 1.33794 0.863285 0.279439
v 1.3542 0.872574 0.269254
v 1.31471 0.845468 0.303125
v 1.32874 0.853303 0.294203
v 1.31954 0.841152 0.306157
v 1.33363 0.8489 0.297228
v 1.34309 0.861356 0.285088
v 1.35938 0.870557 0.274829
v 1.34805 0.856853 0.288107
v 1.36443 0.865921 0.277845
v 1.33789 0.842789 0.298177
v 1.35239 0.850618 0.289054
v 1.36888 0.85952 0.278795
v 1.35555 0.843667 0.288045
v 1.37213 0.852388 0.277782
v 1.34098 0.835971 0.297167
v 1.32374 0.83515 0.307108
v 1.32676 0.828448 0.306095
v 1.32803 0.822019 0.303008
v 1.34231 0.829438 0.294088
v 1.327 0.816624 0.297282
v 1.34133 0.823991 0.288374
v 1.35694 0.837014 0.284971
v 1.3736 0.845573 0.274708
v 1.35602 0.831508 0.279277
v 1.37276 0.839979 0.269083
v 1.33789 0.820358 0.280045
v 1.35264 0.827908 0.270981
v 1.36944 0.836411 0.260954
v 1.34811 0.826796 0.262831
v 1.36495 0.835398 0.252918
v 1.33333 0.819164 0.271911
v 1.3235 0.812959 0.288944
v 1.31891 0.811688 0.280848
v 1.32917 0.820543 0.266663
v 1.34393 0.828257 0.25747
v 1.36074 0.83696 0.247478
v 1.31476 0.812993 0.275713
v 1.38912 0.846235 0.249629
v 1.39234 0.849775 0.25738
v 1.40759 0.855397 0.23918
v 1.41072 0.858914 0.246499
v 1.38467 0.845344 0.24191
v 1.40318 0.854621 0.231839
v 1.38042 0.847036 0.236453
v 1.39888 0.856443 0.226397
v 1.37712 0.849506 0.233023
v 1.3955 0.859016 0.222795
v 1.41208 0.863235 0.219198
v 1.41636 0.861302 0.224655
v 1.42106 0.868295 0.214038
v 1.42487 0.866161 0.219696
v 1.4087 0.8659 0.215446
v 1.41807 0.871124 0.210014
v 1.42068 0.861976 0.231738
v 1.42373 0.865468 0.23874
v 1.42879 0.866653 0.226743
v 1.43171 0.870071 0.233538
v 1.40973 0.872041 0.254907
v 1.41139 0.864767 0.251817
v 1.42438 0.871419 0.243912
v 1.42271 0.878858 0.246979
v 1.43262 0.876103 0.238454
v 1.43133 0.883646 0.241318
v 1.3931 0.855497 0.262861
v 1.39153 0.86254 0.265942
v 1.38815 0.869922 0.266967
v 1.38355 0.876555 0.266005
v 1.40622 0.879675 0.255946
v 1.40147 0.88654 0.254971
v 1.41914 0.886655 0.248017
v 1.41429 0.893647 0.247045
v 1.42795 0.891422 0.242283
v 1.42301 0.898246 0.241384
v 1.39083 0.893797 0.246691
v 1.39613 0.891539 0.251948
v 1.40881 0.898726 0.244046
v 1.40344 0.901037 0.238939
v 1.41725 0.903056 0.238588
v 1.41168 0.905187 0.233737
v 1.37836 0.881372 0.262987
v 1.37312 0.88351 0.257562
v 1.3685 0.882492 0.24987
v 1.36556 0.879206 0.242298
v 1.38629 0.892833 0.239439
v 1.38347 0.889523 0.232252
v 1.39897 0.900118 0.232009
v 1.39629 0.896829 0.225086
v 1.40733 0.90434 0.227018
v 1.405 0.901299 0.220138
v 1.36497 0.874907 0.237108
v 1.36548 0.870959 0.23382
v 1.38297 0.885129 0.227085
v 1.38352 0.881072 0.223628
v 1.39589 0.892414 0.21991
v 1.39651 0.88832 0.216305
v 1.40501 0.897174 0.214766
v 1.40596 0.893328 0.210888
v 1.36573 0.868399 0.231525
v 1.36599 0.86684 0.230339
v 1.38379 0.878442 0.221209
v 1.38406 0.876841 0.219965
v 1.39683 0.885666 0.21378
v 1.39712 0.884048 0.212488
v 1.40648 0.890822 0.208186
v 1.40687 0.889275 0.206813
v 1.36679 0.865474 0.230391
v 1.36826 0.863241 0.230827
v 1.38488 0.875436 0.219995
v 1.38639 0.87314 0.220426
v 1.39796 0.882621 0.212499
v 1.39948 0.880287 0.212926
v 1.40773 0.887881 0.206796
v 1.40925 0.885569 0.207221
v 1.39041 0.86543 0.219941
v 1.38847 0.869324 0.220381
v 1.4016 0.876411 0.212878
v 1.40358 0.872457 0.212435
v 1.41135 0.881722 0.207176
v 1.41331 0.877797 0.206737
v 1.37029 0.859523 0.230787
v 1.37218 0.855728 0.230352
v 1.37334 0.853325 0.229881
v 1.37414 0.852018 0.229903
v 1.39161 0.862965 0.219469
v 1.39243 0.861621 0.219506
v 1.4048 0.869953 0.211964
v 1.40562 0.868584 0.212015
v 1.41452 0.87531 0.206271
v 1.41531 0.873937 0.206346
v 1.3935 0.860607 0.220556
v 1.4067 0.867543 0.213106
v 1.41629 0.87286 0.207507
v 1.37518 0.851039 0.230903
v 1.42442 0.877732 0.202704
v 1.42551 0.875759 0.205489
v 1.43047 0.881033 0.200531
v 1.42987 0.8785 0.203261
v 1.42368 0.879038 0.201315
v 1.42993 0.883562 0.198322
v 1.42287 0.880489 0.201157
v 1.42848 0.885747 0.19778
v 1.42159 0.882728 0.201662
v 1.42637 0.88639 0.198658
v 1.43372 0.874482 0.21282
v 1.43195 0.877071 0.206306
v 1.43398 0.881618 0.203192
v 1.43514 0.878112 0.210995
v 1.43355 0.879887 0.212251
v 1.43298 0.882997 0.206185
v 1.43187 0.887339 0.202282
v 1.43282 0.886692 0.198814
v 1.42973 0.89197 0.197203
v 1.42966 0.891988 0.200982
v 1.4268 0.896277 0.202366
v 1.4268 0.897366 0.19898
v 1.42269 0.896567 0.198644
v 1.4239 0.8942 0.19809
v 1.42337 0.892074 0.198964
v 1.42603 0.889883 0.198377
v 1.42116 0.883615 0.214824
v 1.42113 0.88133 0.218812
v 1.42737 0.881818 0.211938
v 1.42626 0.885276 0.208645
v 1.42822 0.879423 0.216575
v 1.42321 0.879413 0.220724
v 1.41792 0.889349 0.214862
v 1.41866 0.88601 0.216077
v 1.42427 0.889061 0.207743
v 1.42205 0.892716 0.208693
v 1.41535 0.89324 0.220842
v 1.41508 0.892562 0.225507
v 1.41697 0.885115 0.226675
v 1.41591 0.890519 0.218886
v 1.42246 0.879565 0.225414
v 1.42416 0.879966 0.228631
v 1.42294 0.882393 0.230951
v 1.42416 0.88538 0.232558
v 1.42154 0.887703 0.232633
v 1.42093 0.891122 0.232574
v 1.41776 0.891599 0.230982
v 1.41633 0.893813 0.228701
v 1.41963 0.895431 0.212056
v 1.41799 0.897367 0.216737
v 1.42361 0.899455 0.206375
v 1.42121 0.90151 0.212463
v 1.41765 0.898052 0.222355
v 1.41916 0.898051 0.22715
v 1.42074 0.90244 0.219291
v 1.4228 0.902469 0.224955
v 1.42078 0.898416 0.201085
v 1.42302 0.90099 0.203566
v 1.42055 0.903709 0.211291
v 1.41673 0.904373 0.213217
v 1.41812 0.90168 0.206927
v 1.41833 0.899286 0.204003
v 1.41739 0.90617 0.220676
v 1.42042 0.905043 0.218903
v 1.42325 0.905314 0.225078
v 1.42098 0.906681 0.227097
v 1.41314 0.906117 0.223389
v 1.41155 0.903667 0.216291
v 1.41722 0.906826 0.229959
v 1.41235 0.900274 0.210477
v 1.41378 0.8971 0.206345
v 1.41488 0.895075 0.203358
v 1.41561 0.893647 0.20174
v 1.41654 0.892203 0.201629
v 1.41781 0.88996 0.2021
v 1.41988 0.886442 0.202018
v 1.42708 0.905624 0.230908
v 1.42885 0.904562 0.228401
v 1.42735 0.901726 0.227992
v 1.43501 0.902166 0.229665
v 1.43249 0.899667 0.229126
v 1.43363 0.90253 0.232627
v 1.42318 0.905206 0.234337
v 1.42945 0.901174 0.236646
v 1.43844 0.897141 0.233121
v 1.43936 0.897617 0.229992
v 1.43616 0.895816 0.229419
v 1.44106 0.891512 0.229611
v 1.4376 0.890667 0.229084
v 1.44063 0.890211 0.232565
v 1.43441 0.894946 0.237362
v 1.43726 0.887452 0.236581
v 1.42233 0.897025 0.230066
v 1.42613 0.895128 0.231411
v 1.42882 0.89175 0.231804
v 1.43034 0.887673 0.231384
v 1.43004 0.883373 0.230011
v 1.42935 0.880072 0.227055
v 1.43677 0.885124 0.227909
v 1.43513 0.880765 0.224828
v 1.42862 0.878777 0.222212
v 1.4341 0.879 0.219113
v 1.44001 0.882906 0.230789
v 1.44002 0.884914 0.228297
v 1.43786 0.879637 0.224924
v 1.43788 0.877018 0.226921
v 1.43565 0.874144 0.220425
v 1.43623 0.877315 0.218687
v 1.43761 0.879889 0.234208
v 1.43605 0.873809 0.229768
v 1.43339 0.870575 0.223119
v 1.43039 0.870433 0.21585
v 1.42766 0.872878 0.209754
v 1.20224 0.749798 0.353796
v 1.1986 0.751293 0.347848
v 1.21825 0.76145 0.33591
v 1.22216 0.760041 0.341586
v 1.18844 0.745903 0.354288
v 1.19212 0.744398 0.360342
v 1.22692 0.761453 0.349103
v 1.20713 0.751305 0.36105
v 1.23208 0.766043 0.356059
v 1.21347 0.756505 0.367175
v 1.19719 0.745975 0.367411
v 1.19406 0.74422 0.369654
v 1.20407 0.751493 0.373057
v 1.20105 0.7498 0.375118
v 1.23681 0.773416 0.360179
v 1.22072 0.765164 0.370056
v 1.23922 0.781797 0.361997
v 1.22563 0.774782 0.370779
v 1.2124 0.76078 0.375277
v 1.20947 0.759198 0.377144
v 1.21835 0.771017 0.375428
v 1.21547 0.769551 0.377144
v 1.19297 0.74402 0.370268
v 1.19221 0.744899 0.370124
v 1.19989 0.749508 0.375642
v 1.19874 0.750135 0.375393
v 1.20813 0.75875 0.377709
v 1.2065 0.758815 0.377769
v 1.21397 0.768921 0.377773
v 1.21193 0.768321 0.37816
v 1.19062 0.746567 0.369212
v 1.1968 0.751415 0.374797
v 1.20367 0.759046 0.377753
v 1.20834 0.767311 0.378764
v 1.21368 0.776995 0.377647
v 1.21163 0.775871 0.378158
v 1.20696 0.78155 0.377701
v 1.20535 0.780144 0.378086
v 1.21521 0.777756 0.376998
v 1.20838 0.782359 0.377084
v 1.20804 0.773881 0.378996
v 1.20258 0.777624 0.378689
v 1.19303 0.778081 0.377614
v 1.18289 0.776316 0.374617
v 1.19436 0.780638 0.377632
v 1.18287 0.778682 0.375216
v 1.1952 0.782059 0.377576
v 1.18298 0.779999 0.37547
v 1.19637 0.782837 0.377033
v 1.18392 0.780722 0.374976
v 1.17471 0.776957 0.370094
v 1.17501 0.775844 0.36994
v 1.17554 0.777684 0.369518
v 1.17554 0.773585 0.369026
v 1.17501 0.775639 0.360406
v 1.17462 0.7718 0.354601
v 1.17544 0.768487 0.350494
v 1.18483 0.77708 0.348245
v 1.18563 0.773654 0.344247
v 1.18524 0.780858 0.353976
v 1.18715 0.78209 0.372998
v 1.17887 0.779136 0.367361
v 1.18898 0.784233 0.361159
v 1.19671 0.786889 0.367288
v 1.17546 0.766044 0.348039
v 1.18572 0.771235 0.341746
v 1.20475 0.783978 0.332789
v 1.20482 0.781513 0.330443
v 1.20488 0.791559 0.341909
v 1.20421 0.787592 0.336399
v 1.21513 0.796919 0.356438
v 1.20853 0.794897 0.349441
v 1.21868 0.787361 0.370806
v 1.23217 0.794569 0.362094
v 1.22384 0.797014 0.360444
v 1.2079 0.78839 0.370134
v 1.21134 0.783689 0.3754
v 1.19946 0.78417 0.375229
v 1.23763 0.789249 0.36255
v 1.22501 0.782632 0.370919
v 1.2181 0.779132 0.375345
v 1.17552 0.773943 0.382193
v 1.16896 0.771667 0.379006
v 1.19223 0.772771 0.387099
v 1.18409 0.77452 0.385048
v 1.19737 0.768203 0.387843
v 1.18788 0.744383 0.414203
v 1.1901 0.74362 0.408667
v 1.19406 0.750729 0.410044
v 1.19156 0.750856 0.415425
v 1.19508 0.758531 0.411026
v 1.19256 0.757936 0.416302
v 1.18382 0.73836 0.407174
v 1.18208 0.739572 0.412891
v 1.18246 0.746745 0.421907
v 1.18525 0.745478 0.418462
v 1.18845 0.751068 0.419504
v 1.18506 0.751328 0.422753
v 1.18934 0.757179 0.420249
v 1.18578 0.756344 0.42335
v 1.18023 0.741322 0.417343
v 1.17838 0.743349 0.420986
v 1.18766 0.762852 0.420504
v 1.18439 0.761005 0.423551
v 1.18372 0.767243 0.420234
v 1.18116 0.764618 0.423329
v 1.1906 0.764518 0.416605
v 1.18603 0.769625 0.416291
v 1.19287 0.765812 0.411367
v 1.18784 0.771489 0.411019
v 1.17808 0.769646 0.419477
v 1.17654 0.766604 0.422716
v 1.17951 0.772433 0.415408
v 1.1807 0.774649 0.410032
vt 0.08333 0.9167
vt 0.08114 0.919
vt 0.414 0.9999
vt 0.008769 0.7412
vt 0.008769 0.7412
vt 0.08314 0.9168
vt 0.008769 0.7412
vt -2.694e-05 0.5
vt 0.01042 0.7396
vt 0.01031 0.7397
vt 0.4926 1
vt 0.2354 1.001
vt 0.009025 0.7409
vt 0.008518 0.7414
vt 0.01031 0.7397
vt 0.08076 0.9263
vt 0.2446 0.9989
vt 0.008518 0.7414
vt -0.007107 0.998
vt 0 0.5
vt 0.01042 0.7396
vt 0.2468 0.9972
vt 0.5839 1.001
vt 0.2468 0.9972
vt 0.08314 0.9168
vt 0.507 1
vt -0.006881 1.001
vt -0.001071 0.5
vt 0.01011 0.7399
vt -0.001185 0.4931
vt 0.01031 0.7397
vt 0.2487 0.9993
vt 0.006508 0.7434
vt -0.001185 0.4931
vt -2.694e-05 0.5
vt 0.08114 0.919
vt 1.004 0.9223
vt 0.2541 1.001
vt 0.7429 0.9943
vt 0.008518 0.7414
vt -0.0001378 0.5
vt 0.2541 1.001
vt 0.2354 1.001
vt -0.0006917 0.4163
vt 0.08314 0.9168
vt 0.2487 0.9993
vt 0.2446 0.9989
vt 0.006508 0.7434
vt 0.01031 0.7397
vt 0.08076 0.9263
vt 0.08284 0.9171
vt 0.5001 1.001
vt -0.006469 0.9987
vt 0.008518 0.7414
vt 0.5 1
vt -0.005662 1.002
vt 0.257 0.9933
vt 0.08076 0.9263
vt 0.08237 0.9176
vt 0.0796 1.003
vt 0.01011 0.7399
vt 0.5002 1.001
vt 0.2487 0.9993
vt -0.007333 0.9948
vt 0.5 1
vt 0.2595 0.9907
vt 0.2468 0.9972
vt 0.2592 0.991
vt 0.2603 0.9897
vt 0.2595 0.9907
vt -0.007333 0.9948
vt -0.007107 0.998
vt 0.2604 0.9896
vt 0.08186 0.9182
vt -0.006469 0.9987
vt 0.2592 0.991
vt 0.2604 0.9896
vt 0.08146 0.9186
vt 0.507 1
vt 0.2446 0.9989
vt 0.2603 0.9897
vt 0.08333 0.9167
vt 0.08114 0.919
vt 0.5003 0.9996
vt 0.2592 0.991
vt 0.4926 1
vt 0.2601 0.9898
vt 0.2603 0.9897
vt 0.259 0.9913
vt 0.2468 0.9972
vt 0.2446 0.9989
vt 0.5 1
vt 0.5002 1.001
vt 0.2487 0.9993
vt 0.7417 0.9917
vt 0.08146 0.9186
vt 0.08284 0.9171
vt 0.5002 1.001
vt -0.005662 1.002
vt 0.5003 0.9996
vt 0.08314 0.9168
vt 0.5 1
vt 0.5002 1.001
vt -0.006469 0.9987
vt 0.259 0.9913
vt 0.259 0.9913
vt 0.2603 0.9897
vt 0.2601 0.9898
vt 0.2592 0.991
vt -0.003201 0.7515
vt 0.7437 0.9916
vt -0.0028 0.7521
vt 0.7422 0.9911
vt 0.4932 1.001
vt -0.0028 0.7521
vt 0.259 0.9913
vt 0.257 0.9933
vt -0.003201 0.7515
vt 0.5839 1.001
vt 0.7437 0.9916
vt -0.0003811 0.5
vt 0.08284 0.9171
vt 0.08114 0.919
vt 6.664e-05 0.5043
vt 0.248 1.002
vt 0.009743 0.7402
vt 6.115e-05 0.5025
vt 0.257 0.9933
vt 0.9199 0.9196
vt 0.01011 0.7399
vt -0.003201 0.7515
vt 0.0796 1.003
vt 0.4932 1.001
vt 0.01011 0.7399
vt 0.507 1
vt -0.0003811 0.5
vt -0.003636 0.7506
vt 0.248 1.002
vt 0.4161 1.001
vt -0.0001378 0.5
vt 6.056e-05 0.5064
vt 0.08076 0.9263
vt 0.7411 0.991
vt 0.009743 0.7402
vt 0.5001 1.001
vt 0.2595 0.9907
vt 6.664e-05 0.5043
vt 0.257 0.9933
vt 0.5003 0.9996
vt 0.009743 0.7402
vt -0.006469 0.9987
vt 0.7398 0.9915
vt 0.9191 0.9189
vt 0.009341 0.7406
vt -0.007333 0.9948
vt 0.9194 0.9193
vt 0.7422 0.9911
vt -0.0006648 0.5
vt -0.003636 0.7506
vt 0.7414 0.9913
vt 0.7398 0.9915
vt 0.08237 0.9176
vt 0.7522 0.992
vt 0.009341 0.7406
vt -0.003201 0.7515
vt 0.507 1
vt 0.7414 0.9913
vt 0.08186 0.9182
vt -0.007333 0.9948
vt 0.7437 0.9916
vt 0.7398 0.9915
vt 0.5001 1
vt 0.4932 1.001
vt 0.009743 0.7402
vt 0.00342 0.9979
vt 0.5002 1.001
vt 0.7522 0.992
vt 0.5 1
vt -0.001701 0.7503
vt 0.7347 0.9916
vt 0.4932 1.001
vt 0.2598 0.9902
vt 0.9916 0.7417
vt 0.2601 0.9898
vt -0.003636 0.7506
vt 0.9198 0.92
vt 0.4161 1.001
vt 0.2601 0.9898
vt -0.003636 0.7506
vt 0.9187 0.9186
vt 0.7347 0.9916
vt 0.08284 0.9171
vt 0.9194 0.9193
vt 0.2598 0.9902
vt -0.001701 0.7503
vt 0.9197 0.9196
vt 0.7411 0.991
vt 0.08237 0.9176
vt 7.566e-05 0.4947
vt 0.7398 0.9915
vt 0.7408 0.9906
vt 6.056e-05 0.5064
vt 0.7411 0.991
vt 0.9183 0.9182
vt -0.001701 0.7503
vt 0.9917 0.7418
vt 0.005842 0.7471
vt 1.001 0.249
vt -9.641e-05 0.4197
vt 0.7408 0.9906
vt 0.2598 0.9902
vt 0.9997 0.5008
vt 0.009341 0.7406
vt 0.9998 0.5107
vt 0.08146 0.9186
vt 1.003 0.2479
vt 0.08186 0.9182
vt 7.566e-05 0.4947
vt 0.5002 1.001
vt 0.08186 0.9182
vt 0.5002 1.001
vt 0.5001 1.001
vt 0.9191 0.9189
vt 0.2598 0.9902
vt 0.7414 0.9913
vt 0.00342 0.9979
vt 1.001 0.2494
vt 0.07387 0.08076
vt 1.001 0.5841
vt 0.008798 0.2589
vt 0.9934 0.7419
vt 0.5001 1
vt 0.5002 1.001
vt 0.07733 0.9999
vt 1.005 -0.006229
vt 0.7488 -0.002948
vt 0.006821 0.2569
vt 0.7414 0.9913
vt 0.08237 0.9176
vt 0.9187 0.9186
vt 0.005842 0.7471
vt 0.9997 0.5008
vt 0.2595 0.9907
vt 0.7411 0.991
vt -0.001701 0.7503
vt 1.001 0.5001
vt 0 0.5
vt 0.9998 0.5003
vt 6.056e-05 0.5064
vt 1.001 0.5
vt -2.694e-05 0.5
vt 0.9199 0.9196
vt 0.0001069 0.5053
vt 0.9911 0.7409
vt 0.9907 0.7406
vt 0.01033 0.2603
vt 0.01042 0.2604
vt 0.01078 0.2613
vt 0.9199 0.9192
vt 0.9907 0.7406
vt 0.01042 0.2604
vt 0.9914 0.7412
vt 0.01176 0.2625
vt 0.9911 0.7409
vt 0.9911 0.7409
vt 0.01033 0.2603
vt 0.01033 0.2603
vt 0.01176 0.2625
vt 0.9916 0.7417
vt 0.9183 0.9182
vt 0.08333 0.08333
vt 0.9187 0.9186
vt 0.01078 0.2613
vt 0.7488 -0.002948
vt 0.7475 -0.002635
vt 0.2603 0.01035
vt 0.08316 0.08319
vt 0.9191 0.9189
vt 0.08253 0.08154
vt 0.9917 0.7418
vt 0.01013 0.2601
vt 0.08316 0.08319
vt 1.001 0.5001
vt 0.0835 0.08258
vt 0.9198 0.92
vt 0.9187 0.9186
vt 0.08287 0.08292
vt 1.001 0.5001
vt 0.01078 0.2613
vt 0.9199 0.9196
vt -2.694e-05 0.5
vt 0.01013 0.2601
vt 0.9911 0.7409
vt 0.009803 0.2602
vt 0.9917 0.7418
vt 0.9914 0.7412
vt -0.0001378 0.5
vt 1.001 0.5001
vt 0.08156 0.08051
vt 0.9917 0.7418
vt 0.01033 0.2603
vt 0.009776 0.2598
vt 0.9914 0.7412
vt 0.08253 0.08154
vt 0.9917 0.7418
vt 1.001 0.5001
vt -0.0001378 0.5
vt 0.9916 0.7414
vt 0.0001069 0.5053
vt 0.9917 0.7418
vt -0.0003811 0.5
vt 0.01013 0.2601
vt 0.9194 0.9193
vt 0.0001532 0.5043
vt 0.9914 0.7412
vt 0.9998 0.4997
vt 0.009776 0.2598
vt 0.01013 0.2601
vt 0.9916 0.7414
vt 0.009803 0.2602
vt 0.9998 0.5003
vt 0.009776 0.2598
vt 0.9918 0.7416
vt 0.01078 0.2613
vt 1.002 0.7422
vt 0.9191 0.9189
vt 0.0824 0.08244
vt 0.9916 0.7414
vt 6.115e-05 0.5025
vt 0.9934 0.7419
vt 0.08287 0.08292
vt 0.009373 0.2594
vt 1.001 0.5001
vt 6.664e-05 0.5043
vt 0.9197 0.9196
vt 0.9997 0.5001
vt 0.0824 0.08244
vt 0.08189 0.08191
vt 0.9194 0.9193
vt 0.01047 0.2592
vt 0.9997 0.4993
vt 0.009373 0.2594
vt 0.9916 0.7414
vt 0.007617 0.2509
vt 1.004 0.9223
vt 1.001 0.5
vt -0.0003811 0.5
vt 0.9918 0.7416
vt 0.007617 0.2509
vt 0.9269 0.92
vt -0.0006648 0.5
vt 0.9191 0.08111
vt 0.01047 0.2592
vt 1.002 0.7422
vt 0.9194 0.08079
vt 0.5 -1.192e-07
vt 0.009776 0.2598
vt 1.006 -0.005624
vt 0.08222 0.07452
vt 0.9916 0.2587
vt 0.2604 0.01042
vt 0.9914 0.2589
vt 0.08034 -0.003893
vt 1.001 0.5
vt 0.9914 0.2589
vt 0.5 -1.216e-05
vt 0.2603 0.01035
vt 0.9916 0.2587
vt 0.01047 0.2592
vt 0.9916 0.2587
vt 0.5 -1.216e-05
vt 0.01176 0.2625
vt 1.001 0.5001
vt 1.001 0.5001
vt 0.0835 0.08258
vt 0.9918 0.2585
vt 0.08222 0.07452
vt 1.001 0.5001
vt 6.664e-05 0.5043
vt 1.006 -0.005019
vt 6.056e-05 0.5064
vt 0.7475 -0.002635
vt 0.9918 0.2585
vt 0.2603 0.01035
vt 0.9194 0.08079
vt 0.2601 0.01017
vt 0.01176 0.2625
vt 0.9916 0.2587
vt 0.9183 0.08186
vt 0.08316 0.08319
vt 0.01047 0.2592
vt 0.08253 0.08154
vt 0.2566 0.008539
vt 0.08287 0.08292
vt 0.9196 0.08046
vt 0.5 -0.0001147
vt 0 0.5
vt 0.7488 -0.002948
vt 0.9187 0.08144
vt 0.08287 0.08292
vt 3.636e-05 0.5011
vt 0.9911 0.2591
vt 0.9907 0.2594
vt 0.2601 0.01017
vt 4.004e-05 0.2483
vt 0.4949 -0.001516
vt 0.9907 0.2594
vt 0.2604 0.01042
vt 0.9911 0.2591
vt -0.002113 0.2479
vt 0.4931 -0.00124
vt 1.001 0.5
vt 0.08316 0.08319
vt 0.08333 0.08333
vt -0.002113 0.2479
vt 1.001 0.5001
vt 4.004e-05 0.2483
vt 0.9911 0.2591
vt 0.9914 0.2589
vt 0.2603 0.01035
vt 0.006902 -0.004413
vt 0.2566 0.008539
vt 1.001 0.5001
vt 0.5 -0.0001147
vt -0.004227 -0.004251
vt 1.001 0.5001
vt 0.9187 0.08144
vt 0.2601 0.01017
vt 4.004e-05 0.2483
vt 0.08253 0.08154
vt 0.9191 0.08111
vt 0.2598 0.009809
vt 0.007617 0.2509
vt 0.9914 0.2589
vt 0.9911 0.2591
vt 0.5 -0.0003604
vt 0.08034 -0.003893
vt 0.0835 0.08258
vt 0.5001 -0.0006517
vt 0.5 -0.0003604
vt 0.006902 -0.004413
vt 0.5001 -0.0008836
vt 0.7407 0.009351
vt 0.2598 0.009809
vt 3.636e-05 0.5011
vt 0.256 0.009168
vt 0.741 0.009025
vt 0.2594 0.009394
vt 0.7407 0.009351
vt 6.115e-05 0.5025
vt 0.2572 0.00791
vt 0.9187 0.08144
vt 0.2598 0.009809
vt 0.5001 -0.0006517
vt 0.007617 0.2509
vt 0.741 0.009025
vt 4.004e-05 0.2483
vt 0.9183 0.08186
vt 0.7413 0.008763
vt 0.0824 0.08244
vt 0.0796 1.003
vt 0.08156 0.08051
vt 0.741 0.009025
vt 0.08189 0.08191
vt 0.9191 0.08111
vt 0.005537 1.003
vt 0.7413 0.008763
vt 0.9187 0.08144
vt 0.2601 0.01017
vt 0.2594 0.009394
vt -0.0007246 0.7506
vt 0.5001 -0.0008836
vt 0.5001 -0.00107
vt 0.006508 0.7434
vt 0.741 0.009025
vt 0.006508 0.7434
vt -0.0007246 0.7506
vt 0.7415 0.008512
vt 0.7413 0.008763
vt 0.2594 0.009394
vt 0.5001 -0.00107
vt 0.0824 0.08244
vt -5.01e-05 0.4907
vt 0.7415 0.008512
vt 0.4968 -0.001792
vt 0.5001 -0.0006517
vt -0.0006917 0.4163
vt 0.5001 -0.001246
vt 0.4958 -0.001426
vt 0.2598 0.009809
vt 0.4931 -0.00124
vt 0.009055 0.2591
vt -0.0007246 0.7506
vt 0.7413 0.008763
vt 0.2572 0.00791
vt 0.2592 0.009065
vt 0.5001 -0.0008836
vt 0.9194 0.08079
vt -0.0028 0.7521
vt 0.7415 0.008512
vt 0.2566 0.008539
vt 0.5001 -0.0008836
vt 6.115e-05 0.5025
vt 0.9191 0.08111
vt -5.01e-05 0.4907
vt 0.9194 0.08079
vt 0.7415 0.008272
vt 0.2592 0.009065
vt 0.005537 1.003
vt 0.9196 0.08046
vt 0.4949 -0.001516
vt 0.259 0.0088
vt 0.5001 -0.00107
vt 0.5001 -0.001246
vt -0.005662 1.002
vt 0.7415 0.008272
vt 0.4949 -0.001516
vt 0.2592 0.009065
vt -0.0028 0.7521
vt 0.4999 -0.0014
vt -0.0007246 0.7506
vt 0.9196 0.08046
vt 0.7415 0.008512
vt 0.08149 0.08149
vt 0.07733 0.9999
vt 0.9197 0.07312
vt 0.2566 0.008539
vt 0.08117 0.08115
vt 0.08001 0.942
vt 0.9918 0.2585
vt 0.9919 0.2582
vt 0.259 0.0088
vt 0.004311 0.7641
vt 0.9918 0.2585
vt 0.256 0.009168
vt 0.2594 0.009394
vt 0.005842 0.7471
vt 1.001 0.507
vt 0.9919 0.2582
vt 0.08189 0.08191
vt -9.641e-05 0.4197
vt 1.001 0.5
vt 0.4931 -0.001241
vt 0.08149 0.08149
vt 0.005842 0.7471
vt 1.001 0.5841
vt 0.9919 0.2582
vt 0.2592 0.009065
vt 0.004311 0.7641
vt 0.9938 0.2563
vt 0.7494 -0.002718
vt -0.0006648 0.5
vt -0.0008899 0.5
vt 1.001 0.507
vt -0.0004419 0.4986
vt 0.9206 -0.004337
vt 0.7475 -0.002635
vt 0.009055 0.2591
vt 0 0.503
vt 0.9197 0.07312
vt -0.0004419 0.4986
vt 0.4999 -0.0014
vt 0.9938 0.2563
vt 0.009373 0.2594
vt 0.004311 0.7641
vt 0.9919 0.2582
vt 0.7415 0.008272
vt 0.009373 0.2594
vt 0.4993 -0.001516
vt 0 0.5518
vt 0.7412 0.006294
vt 0 0.6029
vt 0 0.5518
vt 1.006 -0.005148
vt 0.7412 0.006294
vt 0.08189 0.08191
vt 0.7415 0.008272
vt 0.08149 0.08149
vt 0.004311 0.7641
vt 0.9197 0.07312
vt 1.006 -0.005019
vt 0.009055 0.2591
vt -0.001185 0.4931
vt 0.7494 -0.002718
vt 0 0.8015
vt 0.7513 -0.002801
vt 0.08117 0.08115
vt 0.7412 0.006294
vt 0.008798 0.2589
vt 0.9196 0.08046
vt 0 1
vt 0.7407 -0.002683
vt 0.08149 0.08149
vt 0.2474 -0.002563
vt 0.2498 0.006497
vt -0.002739 -0.004802
vt 0.4999 -0.0014
vt 0.2498 0.006497
vt -0.0008899 0.5
vt 0.9197 0.07312
vt 0 0.8015
vt 0.9206 -0.004337
vt 0.7475 -0.002635
vt -0.001071 0.5
vt 0.008798 0.2589
vt 0.4993 -0.001516
vt 0.004311 0.7641
vt 0.7407 -0.002683
vt 0.009055 0.2591
vt 0.7412 0.006294
vt 0.009464 1
vt 0.4985 -0.001611
vt 0.256 0.009168
vt 0.07387 0.08076
vt 0.08222 0.07452
vt 0.08117 0.08115
vt 0.2569 0.006876
vt 0.259 0.0088
vt 0.4931 -0.001241
vt 0.5001 -0.00107
vt 0.08131 1
vt 0.4999 -0.0014
vt 0.2498 0.006497
vt 0.259 0.0088
vt 0.009464 1
vt 0.7494 -0.002718
vt 0.2477 -0.0006799
vt 0.257 0.008533
vt 0.4985 -0.001611
vt 0.004311 0.7641
vt 0.4993 -0.001516
vt 0.5001 -0.001246
vt 0.2474 -0.002563
vt 0.257 0.008533
vt 0.4993 -0.001516
vt 0.08001 0.942
vt 0.4985 -0.001611
vt 0.5001 -0.001246
vt -9.641e-05 0.4197
vt 0.2477 -0.0006799
vt 0.2477 -0.0006799
vt -0.0004419 0.4986
vt 0.2477 -0.0006799
vt 0.004727 0.2543
vt -0.003364 0.005968
vt 0.009771 0.2496
vt -0.003274 0.07971
vt 0.08156 0.08051
vt -0.003364 0.005968
vt 0.009771 0.2496
vt 0.4958 -0.001426
vt 0.4958 -0.001426
vt -0.003274 0.07971
vt 0.257 0.008533
vt 0.004727 0.2543
vt 0.2569 0.006876
vt 0.2578 -0.00245
vt 0.07455 0.07058
vt 0.2569 0.006876
vt 1.006 -0.005148
vt 0.2498 0.006497
vt 0.07387 0.08076
vt -1.397e-09 0.01437
vt 1.005 -0.005277
vt 0.07455 0.07058
vt 0.256 0.009168
vt 0.004727 0.2543
vt 0.0835 0.08258
vt 0 0.0449
vt 0.2578 -0.00245
vt 0.08034 -0.003893
vt 0.257 0.008533
vt 0 0.08621
vt 0.08222 0.07452
vt 0.4985 -0.001611
vt 0 0.0449
vt 0.2569 0.006876
vt -0.001071 0.5
vt 0.4958 -0.001426
vt 0.004727 0.2543
vt 0 0.2505
vt 0.7494 -0.002718
vt 0 0.4148
vt 0.7513 -0.002801
vt 0 0.2505
vt 0.008798 0.2589
vt 0.7501 -0.003261
vt 0.004727 0.2543
vt 1.006 -0.005624
vt 0 0.4578
vt 0.4949 -0.001516
vt 0 0.503
vt 0.4968 -0.001792
vt 0.7501 -0.003261
vt 0.006821 0.2569
vt 0 0.4578
vt 0.9951 -0.005031
vt 0.9206 -0.004337
vt 0.08117 0.08115
vt 0.004727 0.2543
vt 0.7488 -0.002948
vt 0.9199 0.9192
vt 0.07387 0.08076
vt -0.0004419 0.4986
vt 1.001 0.2494
vt 0.9269 0.92
vt 0.006821 0.2569
vt 0.4968 -0.001792
vt 0.9999 0.5108
vt 0.9938 0.2563
vt -0.002081 0.2479
vt 0.2572 0.00791
vt 1.001 0.2494
vt 1.003 0.2479
vt -0.003274 0.07971
vt 0.2739 0.004021
vt 0.9938 0.2563
vt 0.5177 -0.001289
vt 0.9997 0.5008
vt 0.5846 -0.001275
vt 0.9999 0.5108
vt 1.006 -0.005019
vt -0.001185 0.4931
vt 0.9934 0.7419
vt -0.0006917 0.4163
vt 0.5177 -0.001289
vt 0.9951 -0.005031
vt 0.2739 0.004021
vt 1.006 -0.005019
vt 1.003 0.2479
vt -0.002081 0.2479
vt 0.5213 -0.0006877
vt 1.001 0.2494
vt 0.9916 0.7417
vt 0.006821 0.2569
vt 0.5144 0
vt 0.9952 -0.005465
vt 1.001 0.249
vt 0.5213 -0.0006877
vt 1.003 0.2479
vt 0.2739 0.004021
vt 1.001 0.249
vt 1.001 0.584
vt 0.009341 0.7406
vt 0.009025 0.7409
vt 1.001 0.249
vt 0.3035 -1.192e-07
vt 0.9203 -0.004955
vt 0.009025 0.7409
vt 0.1552 -1.192e-07
vt 0.9935 0.2552
vt 0.9998 0.5107
vt 0.3035 -1.192e-07
vt 0.9952 -0.005465
vt 0.2739 0.004021
vt 0.9935 0.2552
vt 0.1053 0.002709
vt -0.0008899 0.5
vt 0.9997 0.5001
vt -2.095e-09 0.01437
vt 0.9997 0.5008
vt 0.9916 0.7417
vt 0.1053 0.002709
vt 0.2739 0.004021
vt 0.9934 0.7419
vt 0.07455 0.07058
vt 0.9199 0.9196
vt 0.08156 0.08051
vt 0.7437 0.9916
vt 0.07455 0.07058
vt 0.2739 0.004021
vt -0.0006648 0.5
vt 0.9199 0.9192
vt 0.2572 0.00791
vt 0.7417 0.9917
vt 0.7417 0.9917
vt 0.008769 0.7412
vt 0.1552 -1.192e-07
vt 0.9269 0.92
vt 0.009025 0.7409
vt 0.9199 0.9192
vt 0.1053 0.002709
vt 0.4926 1
vt 0.7422 0.9911
vt -0.001071 0.5
vt 0.05064 0.0002765
vt 0.9269 0.92
vt 0.09483 -1.192e-07
vt 0.414 0.9999
vt 0.4926 1
vt 0.08146 0.9186
vt 0.7422 0.9911
vt -0.0008899 0.5
vt 0.09483 -1.192e-07
vt 0.5003 0.9996
vt 0.05064 0.0002765
vt 0.7429 0.9943
vt 0.7417 0.9917
vt 0.0431 -1.192e-07
vn -0.7049 0.4639 0.5365
vn -0.7308 0.4928 0.4723
vn -0.8784 0.1986 0.4346
vn -0.8437 0.1841 0.5043
vn -0.9019 -0.134 0.4105
vn -0.8654 -0.1321 0.4833
vn -0.9329 0.2302 0.277
vn -0.9601 -0.1324 0.2461
vn -0.7696 0.5489 0.326
vn -0.2345 0.7389 0.6317
vn -0.2264 0.7854 0.576
vn -0.4996 0.6935 0.5191
vn -0.489 0.6538 0.5775
vn -0.5154 0.767 0.3822
vn -0.214 0.8726 0.439
vn -0.7894 0.5915 0.1643
vn -0.9612 0.2549 0.1055
vn -0.9897 -0.1266 0.06616
vn -0.9608 0.2686 -0.06763
vn -0.986 -0.1183 -0.1172
vn -0.7877 0.616 -0.003357
vn -0.19 0.9441 0.2693
vn -0.5172 0.8263 0.2231
vn -0.5 0.8649 0.04398
vn -0.1524 0.9863 0.06265
vn -0.7991 -0.4462 0.4028
vn -0.768 -0.4281 0.4762
vn -0.5846 -0.698 0.4135
vn -0.5645 -0.667 0.4862
vn -0.8481 -0.4741 0.2365
vn -0.6132 -0.7496 0.2491
vn -0.8714 -0.4876 0.05353
vn -0.6234 -0.7788 0.06873
vn -0.8646 -0.4841 -0.1345
vn -0.6139 -0.7808 -0.1155
vn 0.03784 -0.8405 0.5404
vn -0.2781 -0.8147 0.5088
vn -0.2835 -0.8524 0.4393
vn 0.04868 -0.8778 0.4766
vn -0.2841 -0.9163 0.2821
vn 0.07755 -0.9404 0.3311
vn -0.2769 -0.9545 0.1101
vn 0.1051 -0.9799 0.1693
vn -0.264 -0.9623 -0.06452
vn 0.1292 -0.9916 -0.0003967
vn -0.2514 -0.9432 -0.217
vn 0.1414 -0.979 -0.1469
vn -0.2554 -0.9256 -0.2792
vn 0.1333 -0.9714 -0.1964
vn -0.59 -0.758 -0.2779
vn -0.5788 -0.738 -0.3468
vn -0.9539 -0.1106 -0.2787
vn -0.832 -0.4663 -0.3005
vn -0.8097 -0.4543 -0.3713
vn -0.9307 -0.1125 -0.3479
vn -0.2654 -0.9266 -0.2663
vn 0.1306 -0.9712 -0.1993
vn -0.2477 -0.9373 -0.2453
vn 0.1704 -0.9553 -0.2415
vn -0.5935 -0.7429 -0.3095
vn -0.6091 -0.7614 -0.2218
vn -0.9426 -0.1238 -0.3101
vn -0.825 -0.4634 -0.3234
vn -0.8527 -0.479 -0.2084
vn -0.9671 -0.1289 -0.2192
vn -0.7724 0.6177 -0.1478
vn -0.9383 0.2677 -0.2188
vn -0.9254 0.2534 -0.2817
vn -0.7718 0.6041 -0.1986
vn -0.7743 0.5991 -0.2037
vn -0.932 0.2431 -0.2687
vn -0.9341 0.2614 -0.243
vn -0.7416 0.6246 -0.2447
vn -0.1185 0.9859 -0.118
vn -0.4743 0.8733 -0.1109
vn -0.4706 0.8698 -0.1479
vn -0.116 0.9825 -0.1458
vn -0.1379 0.9863 -0.0904
vn -0.4732 0.8698 -0.1399
vn -0.4369 0.8774 -0.1982
vn -0.1451 0.9843 -0.1003
vn 0.5657 0.8194 -0.09229
vn 0.503 0.8543 0.1305
vn 0.1606 0.9869 -0.01074
vn 0.2185 0.9662 -0.1369
vn 0.08945 0.9917 0.09177
vn 0.377 0.8354 0.3999
vn 0.5812 0.8083 0.09418
vn 0.5858 0.8039 -0.1024
vn 0.2363 0.9639 -0.1222
vn 0.2167 0.9733 0.07541
vn 0.9929 0.07453 0.09275
vn 0.9914 0.08014 -0.1035
vn 0.8695 0.4861 -0.08795
vn 0.868 0.4855 0.1036
vn 0.8712 0.487 -0.06162
vn 0.9942 0.05445 -0.0922
vn 0.9904 -0.01669 0.1371
vn 0.8501 0.4769 0.2232
vn 0.7033 0.398 0.589
vn 0.9008 -0.114 0.419
vn 0.7864 -0.5994 -0.1492
vn 0.7783 -0.6218 -0.08646
vn 0.927 -0.3749 -0.004822
vn 0.9396 -0.3127 -0.1388
vn 0.8896 -0.4425 0.1128
vn 0.7701 -0.6322 -0.08509
vn 0.7701 -0.6349 0.06101
vn 0.7874 -0.6042 -0.1222
vn 0.9471 -0.2955 -0.1252
vn 0.9455 -0.3171 0.07321
vn 0.5143 -0.8501 -0.1133
vn 0.4914 -0.8698 0.04462
vn 0.5159 -0.8435 -0.149
vn 0.516 -0.8458 -0.1354
vn 0.5394 -0.8207 -0.1884
vn 0.7687 -0.6258 -0.1319
vn 0.8577 -0.4913 0.1514
vn 0.8129 -0.1846 0.5523
vn 0.8542 -0.5142 0.0766
vn 0.8649 -0.2051 0.4581
vn 0.7652 -0.6163 -0.1862
vn 0.2527 -0.9199 -0.2997
vn 0.5822 -0.7688 -0.2643
vn 0.6209 -0.7233 -0.3023
vn 0.3525 -0.8678 -0.3501
vn -0.1739 -0.9477 -0.2675
vn -0.03555 -0.9256 -0.3768
vn -0.5784 -0.787 -0.2147
vn -0.4498 -0.7884 -0.4195
vn 0.1195 -0.8457 -0.52
vn 0.4275 -0.8188 -0.383
vn 0.1321 -0.8251 -0.5493
vn 0.4163 -0.8418 -0.3437
vn -0.2207 -0.6735 -0.7054
vn -0.127 -0.589 -0.7981
vn 0.6435 -0.7033 -0.3019
vn 0.7598 -0.6119 -0.2197
vn 0.6278 -0.7418 -0.2357
vn 0.7392 -0.6554 -0.1547
vn -0.138 -0.9319 -0.3354
vn 0.1058 -0.9938 -0.0343
vn -0.4467 -0.8947 -0.001587
vn -0.3737 -0.8515 0.3678
vn -0.3606 -0.6847 -0.6333
vn -0.594 -0.731 -0.3357
vn 0.3309 -0.9311 0.1531
vn 0.4941 -0.8135 0.3066
vn -0.302 -0.7037 0.6431
vn -0.08567 -0.56 0.824
vn 0.8538 -0.5189 -0.04181
vn 0.9424 -0.2035 0.2655
vn 0.8271 -0.562 0.006256
vn 0.9211 -0.2499 0.2984
vn 0.6062 -0.6207 0.4972
vn 0.6448 -0.2667 0.7163
vn 0.1647 -0.401 0.9011
vn 0.2892 -0.18 0.9402
vn 0.4662 0.2675 0.8432
vn 0.757 0.4285 0.4932
vn 0.1136 0.7012 0.7038
vn 0.2771 0.9212 0.2731
vn 0.2124 0.1257 0.969
vn -0.005341 0.3491 0.9371
vn 0.7831 0.4417 0.4377
vn 0.662 0.3763 0.6482
vn 0.3283 0.9136 0.2397
vn 0.287 0.8548 0.4323
vn 0.01947 0.9973 -0.07013
vn 0.02228 0.9988 0.04343
vn -0.1128 0.9644 -0.2391
vn -0.1173 0.9707 -0.2094
vn -0.03067 0.9993 -0.01889
vn -0.1592 0.9721 -0.1721
vn -0.2028 0.8521 0.4824
vn -0.4271 0.8554 0.2929
vn -0.2557 0.3576 0.8982
vn -0.5234 0.2315 0.82
vn -0.6171 0.7746 0.1383
vn -0.2998 0.9213 -0.2476
vn -0.7892 0.6116 -0.05542
vn -0.5028 0.7889 -0.3532
vn -0.7627 0.1292 0.6337
vn -0.9288 0.1544 0.3368
vn -0.2617 0.9125 -0.3144
vn -0.2965 0.9015 -0.3153
vn -0.4811 0.7848 -0.3905
vn -0.5683 0.7427 -0.3542
vn -0.665 0.5319 -0.5242
vn -0.8167 0.4389 -0.3747
vn -0.6903 0.1513 -0.7075
vn -0.9089 0.01758 -0.4166
vn -0.6363 0.5326 -0.5581
vn -0.5653 0.1861 -0.8036
vn -0.8571 0.3671 -0.3614
vn -0.7602 0.04459 -0.6482
vn -0.9921 0.1139 -0.05225
vn -0.9226 -0.1109 -0.3694
vn -0.5655 -0.3232 -0.7588
vn -0.3576 -0.2087 -0.9102
vn -0.7692 -0.4302 -0.4725
vn -0.523 -0.2994 -0.798
vn -0.7786 -0.4405 -0.4468
vn -0.9736 -0.09113 -0.2093
vn -0.856 -0.4816 -0.1879
vn -0.6685 0.6797 -0.3017
vn -0.907 0.3297 -0.262
vn -0.8175 -0.2584 0.5146
vn -0.9856 0.1425 -0.09049
vn -0.9385 -0.1394 -0.3158
vn -0.8296 -0.02725 -0.5576
vn -0.8453 0.2777 -0.4563
vn -0.7434 0.4513 -0.4935
vn -0.7907 0.4814 -0.3782
vn -0.7251 0.6599 -0.197
vn -0.9679 0.1667 0.1882
vn -0.7425 -0.2856 0.6059
vn -0.754 -0.4056 -0.5167
vn -0.6451 -0.7185 -0.26
vn -0.5001 -0.7011 -0.5082
vn -0.6425 -0.4037 -0.6513
vn -0.5525 -0.1597 -0.818
vn -0.5347 -0.2459 -0.8084
vn -0.445 -0.325 -0.8345
vn -0.6575 -0.3105 -0.6865
vn -0.448 -0.8937 -0.0249
vn -0.6614 -0.5292 0.5314
vn -0.6467 -0.4531 0.6135
vn -0.4036 -0.8811 0.2465
vn 0.1203 -0.9842 -0.1298
vn -0.06809 -0.9477 -0.3119
vn -0.07535 -0.8952 -0.4392
vn -0.2754 -0.8703 -0.4082
vn -0.01413 -0.8101 -0.5861
vn 0.08054 -0.8436 -0.5308
vn 0.05597 -0.7954 -0.6035
vn 0.1027 -0.8294 -0.5491
vn -0.2703 -0.5948 -0.757
vn -0.2055 -0.5386 -0.8171
vn -0.4869 -0.09885 -0.8678
vn -0.4707 -0.2397 -0.8491
vn -0.4462 -0.1482 -0.8825
vn -0.4763 -0.0781 -0.8758
vn -0.3663 -0.3125 -0.8765
vn -0.4425 -0.177 -0.8791
vn -0.4338 -0.1687 -0.885
vn -0.3535 -0.3146 -0.8809
vn -0.6188 0.0824 -0.7812
vn -0.4189 -0.2982 -0.8576
vn -0.3393 -0.3403 -0.8769
vn -0.5458 0.09299 -0.8327
vn -0.541 0.08563 -0.8366
vn -0.3342 -0.3438 -0.8775
vn -0.3542 -0.312 -0.8816
vn -0.34 -0.3404 -0.8766
vn -0.359 -0.3099 -0.8804
vn -0.541 0.0777 -0.8374
vn -0.433 -0.1688 -0.8854
vn -0.4741 -0.08023 -0.8768
vn -0.4349 -0.1716 -0.8839
vn -0.4744 -0.08713 -0.8759
vn -0.5408 0.06711 -0.8384
vn -0.3448 -0.3422 -0.874
vn -0.3642 -0.3103 -0.8781
vn -0.3458 -0.3473 -0.8717
vn -0.367 -0.3119 -0.8763
vn -0.5393 0.05512 -0.8403
vn -0.4385 -0.1744 -0.8816
vn -0.4774 -0.09235 -0.8738
vn -0.4414 -0.1759 -0.8799
vn -0.4804 -0.09418 -0.8719
vn -0.3703 -0.3142 -0.8741
vn -0.4451 -0.1776 -0.8777
vn -0.4843 -0.0954 -0.8697
vn -0.4524 -0.1812 -0.8732
vn -0.4916 -0.099 -0.8652
vn -0.3771 -0.3178 -0.8699
vn -0.5396 0.04346 -0.8408
vn -0.3466 -0.3531 -0.869
vn -0.352 -0.3582 -0.8647
vn -0.5453 0.03436 -0.8375
vn -0.6292 0.4891 -0.604
vn -0.6284 0.4698 -0.6199
vn -0.6246 0.4488 -0.639
vn -0.6251 0.4653 -0.6266
vn -0.6244 0.4351 -0.6486
vn -0.6281 0.4545 -0.6316
vn -0.63 0.4408 -0.6393
vn -0.6268 0.4224 -0.6547
vn -0.6333 0.4124 -0.6549
vn -0.6352 0.4308 -0.641
vn -0.5817 0.7671 -0.2703
vn -0.577 0.7685 -0.2763
vn -0.6293 0.5652 -0.5333
vn -0.6302 0.5762 -0.5204
vn -0.6292 0.5562 -0.5429
vn -0.5747 0.7688 -0.2804
vn -0.5777 0.7664 -0.2806
vn -0.6318 0.5475 -0.5487
vn -0.6372 0.5401 -0.5498
vn -0.5852 0.7616 -0.2783
vn -0.3082 0.9042 0.2958
vn -0.2945 0.9101 0.2915
vn -0.4645 0.8856 0
vn -0.4734 0.8808 0.006287
vn -0.4599 0.888 -0.004089
vn -0.2897 0.9137 0.285
vn -0.2951 0.9125 0.2833
vn -0.4633 0.8862 -0.003052
vn -0.4728 0.8811 0.001465
vn -0.3055 0.9077 0.2876
vn 0.2454 0.5244 0.8153
vn 0.2412 0.5269 0.815
vn -0.02646 0.7921 0.6097
vn -0.02036 0.7906 0.612
vn -0.03522 0.7896 0.6126
vn 0.236 0.5266 0.8167
vn 0.2307 0.54 0.8094
vn 0.2438 0.5257 0.815
vn -0.02509 0.7881 0.615
vn -0.0463 0.7921 0.6086
vn 0.577 -0.1111 0.8091
vn 0.5709 -0.09229 0.8158
vn 0.4354 0.2329 0.8696
vn 0.439 0.2344 0.8674
vn 0.4324 0.2341 0.8708
vn 0.5683 -0.0849 0.8184
vn 0.5663 -0.08243 0.82
vn 0.4298 0.2359 0.8715
vn 0.4267 0.2368 0.8728
vn 0.563 -0.08026 0.8225
vn 0.6008 -0.7368 0.3099
vn 0.5984 -0.7391 0.309
vn 0.6393 -0.4482 0.6248
vn 0.6406 -0.4482 0.6235
vn 0.6351 -0.4482 0.629
vn 0.5919 -0.7429 0.3125
vn 0.5842 -0.7467 0.3181
vn 0.5954 -0.7392 0.3146
vn 0.6372 -0.4546 0.6223
vn 0.6311 -0.4735 0.6144
vn 0.3264 -0.9127 -0.2458
vn 0.3316 -0.9089 -0.2528
vn 0.4871 -0.873 0.0253
vn 0.4778 -0.8778 0.03232
vn 0.4921 -0.8703 0.021
vn 0.3349 -0.9067 -0.2561
vn 0.3332 -0.9077 -0.2552
vn 0.4897 -0.8716 0.02149
vn 0.4823 -0.8756 0.02475
vn 0.3272 -0.9105 -0.2527
vn 0.1367 -0.8455 -0.5161
vn 0.1309 -0.844 -0.5201
vn 0.1241 -0.8448 -0.5204
vn 0.03113 -0.7793 -0.6259
vn 0.02191 -0.7783 -0.6275
vn 0.04138 -0.7842 -0.619
vn 0.1476 -0.8567 -0.4942
vn 0.1413 -0.8498 -0.5077
vn 0.05203 -0.7923 -0.6079
vn 0.06635 -0.8038 -0.5911
vn 0.004608 -0.7537 -0.6571
vn -0.005737 -0.7488 -0.6627
vn -0.0159 -0.7483 -0.6631
vn -0.241 -0.5027 -0.8301
vn -0.2506 -0.5033 -0.8269
vn -0.2326 -0.5073 -0.8298
vn 0.0286 -0.7723 -0.6345
vn 0.01508 -0.7616 -0.6478
vn -0.2245 -0.514 -0.8278
vn -0.216 -0.5204 -0.8261
vn -0.4595 -0.1487 -0.8756
vn -0.4544 -0.1499 -0.8781
vn -0.4673 -0.1513 -0.8711
vn -0.4501 -0.1506 -0.8802
vn -0.4463 -0.147 -0.8827
vn -0.4458 -0.1409 -0.884
vn -0.2083 -0.5272 -0.8238
vn 0.04553 -0.7853 -0.6175
vn 0.08542 -0.8177 -0.5693
vn -0.02121 -0.7516 -0.6592
vn 0.01782 -0.781 -0.6242
vn -0.01901 -0.7555 -0.6549
vn 0.02066 -0.7846 -0.6196
vn -0.2567 -0.5081 -0.8221
vn -0.2553 -0.5128 -0.8196
vn -0.4736 -0.1565 -0.8667
vn -0.4738 -0.1604 -0.8659
vn -0.4984 -0.1032 -0.8608
vn -0.4997 -0.105 -0.8598
vn -0.009003 -0.7566 -0.6538
vn 0.03046 -0.7857 -0.6178
vn 0.006409 -0.7552 -0.6554
vn 0.04483 -0.7843 -0.6188
vn -0.2447 -0.5136 -0.8224
vn -0.2267 -0.5114 -0.8289
vn -0.4644 -0.1597 -0.8711
vn -0.447 -0.1554 -0.8809
vn -0.4918 -0.1016 -0.8647
vn -0.4759 -0.09458 -0.8744
vn -0.4596 -0.1849 -0.8686
vn -0.4614 -0.1856 -0.8675
vn -0.3843 -0.3205 -0.8658
vn -0.3868 -0.3197 -0.865
vn -0.4539 -0.1811 -0.8724
vn -0.4386 -0.1727 -0.8819
vn -0.3803 -0.3136 -0.8701
vn -0.3665 -0.3027 -0.8798
vn -0.3641 -0.3556 -0.8608
vn -0.3601 -0.3455 -0.8666
vn -0.3494 -0.3298 -0.877
vn -0.5534 0.04953 -0.8314
vn -0.5426 0.0665 -0.8373
vn -0.5577 0.03775 -0.8292
vn -0.3597 -0.3596 -0.861
vn -0.5534 0.03229 -0.8323
vn -0.6401 0.4093 -0.6502
vn -0.6426 0.4137 -0.6448
vn -0.6408 0.4286 -0.637
vn -0.6428 0.434 -0.6312
vn -0.6381 0.4237 -0.6428
vn -0.6285 0.4369 -0.6434
vn -0.6384 0.4449 -0.628
vn -0.6291 0.4585 -0.6277
vn -0.6422 0.5369 -0.547
vn -0.6436 0.5383 -0.544
vn -0.5927 0.7565 -0.2764
vn -0.5963 0.7532 -0.2777
vn -0.6398 0.5424 -0.5445
vn -0.6321 0.5472 -0.5486
vn -0.5972 0.7504 -0.2831
vn -0.5974 0.7467 -0.2923
vn -0.4825 0.8759 0.005371
vn -0.4877 0.873 0.005493
vn -0.3141 0.9026 0.2944
vn -0.3166 0.8999 0.2998
vn -0.4913 0.871 0.003601
vn -0.4956 0.8685 0.001984
vn -0.3166 0.8979 0.3059
vn -0.3157 0.8946 0.3163
vn -0.04031 0.7846 0.6187
vn -0.03931 0.7796 0.625
vn 0.2333 0.5234 0.8195
vn 0.234 0.519 0.8221
vn -0.03595 0.7737 0.6325
vn -0.03174 0.765 0.6432
vn 0.2351 0.5134 0.8253
vn 0.2351 0.506 0.8298
vn 0.4227 0.2366 0.8748
vn 0.4203 0.2355 0.8762
vn 0.4163 0.2334 0.8787
vn 0.552 -0.06763 0.831
vn 0.5457 -0.06317 0.8356
vn 0.5564 -0.07227 0.8278
vn 0.4241 0.2368 0.8741
vn 0.5594 -0.07691 0.8253
vn 0.6308 -0.4456 0.6352
vn 0.6283 -0.44 0.6416
vn 0.586 -0.7451 0.3183
vn 0.5838 -0.7445 0.3237
vn 0.6251 -0.4328 0.6495
vn 0.6197 -0.4235 0.6607
vn 0.5824 -0.7426 0.3306
vn 0.58 -0.7391 0.3424
vn 0.4704 -0.882 0.0271
vn 0.4669 -0.8839 0.02564
vn 0.4625 -0.8863 0.02512
vn 0.3124 -0.9136 -0.26
vn 0.3085 -0.9123 -0.2693
vn 0.3158 -0.9142 -0.2539
vn 0.4747 -0.8797 0.02738
vn 0.3204 -0.9132 -0.2516
vn 0.1193 -0.8477 -0.5168
vn 0.1231 -0.846 -0.5187
vn 0.1292 -0.8417 -0.5242
vn 0.1197 -0.8467 -0.5184
vn 0.4591 -0.888 0.02475
vn 0.5795 -0.7321 0.358
vn 0.4595 -0.8878 0.02258
vn 0.5837 -0.7218 0.3718
vn 0.3026 -0.9106 -0.2815
vn 0.2969 -0.9081 -0.295
vn 0.1323 -0.837 -0.5308
vn 0.1321 -0.8334 -0.5366
vn 0.05679 -0.7833 -0.619
vn 0.06372 -0.7841 -0.6172
vn 0.1406 -0.8282 -0.5425
vn 0.3077 -0.8991 -0.3112
vn 0.179 -0.8171 -0.548
vn 0.3648 -0.8688 -0.3347
vn 0.07367 -0.7845 -0.6157
vn 0.1005 -0.7829 -0.614
vn 0.4803 -0.877 0.009461
vn 0.6085 -0.7036 0.3669
vn 0.5552 -0.8311 -0.03302
vn 0.6855 -0.6586 0.3104
vn 0.538 -0.05152 0.8413
vn 0.6138 -0.3955 0.6832
vn 0.632 -0.3785 0.6762
vn 0.5512 -0.04266 0.8333
vn 0.6985 -0.3533 0.6222
vn 0.6016 -0.0278 0.7983
vn 0.6148 -0.4104 0.6735
vn 0.54 -0.05774 0.8397
vn 0.4131 0.2318 0.8807
vn 0.2364 0.4987 0.8339
vn 0.4129 0.2319 0.8807
vn 0.2402 0.494 0.8356
vn 0.4242 0.2384 0.8736
vn 0.2539 0.5008 0.8274
vn 0.4623 0.2601 0.8477
vn 0.2911 0.5364 0.7921
vn -0.3017 0.8897 0.3426
vn -0.01309 0.7467 0.665
vn 0.0094 0.7533 0.6576
vn -0.2752 0.9003 0.3371
vn 0.06238 0.7954 0.6028
vn -0.2006 0.9381 0.2822
vn -0.02417 0.7547 0.6556
vn -0.3111 0.8911 0.3303
vn -0.4993 0.8665 0
vn -0.5986 0.7408 -0.3047
vn -0.4996 0.8662 -0.003754
vn -0.5995 0.7343 -0.3184
vn -0.4812 0.8765 -0.01672
vn -0.5879 0.7372 -0.3329
vn -0.4075 0.9115 -0.05487
vn -0.5377 0.7668 -0.3505
vn -0.6258 0.549 -0.554
vn -0.6217 0.47 -0.6266
vn -0.6227 0.548 -0.5585
vn -0.6189 0.4777 -0.6236
vn -0.616 0.5523 -0.5617
vn -0.616 0.4864 -0.6196
vn -0.5928 0.5772 -0.5615
vn -0.6066 0.5061 -0.6131
vn -0.6209 0.4486 -0.6428
vn -0.5348 0.0831 -0.8408
vn -0.6182 0.4564 -0.6399
vn -0.534 0.09461 -0.8401
vn -0.617 0.4643 -0.6353
vn -0.5384 0.1026 -0.8364
vn -0.6112 0.4778 -0.631
vn -0.5427 0.1141 -0.8321
vn -0.3421 -0.3145 -0.8854
vn -0.3558 -0.2928 -0.8875
vn -0.3427 -0.3041 -0.8888
vn -0.3531 -0.2876 -0.8903
vn -0.3494 -0.3009 -0.8873
vn -0.3572 -0.288 -0.8885
vn -0.3623 -0.298 -0.8831
vn -0.3666 -0.2937 -0.8828
vn -0.4569 -0.08997 -0.8849
vn -0.4214 -0.1641 -0.8919
vn -0.4243 -0.1661 -0.8901
vn -0.4595 -0.09339 -0.8832
vn -0.4328 -0.1714 -0.885
vn -0.4685 -0.09928 -0.8779
vn -0.426 -0.166 -0.8893
vn -0.4623 -0.08991 -0.8821
vn -0.4319 -0.1538 -0.8887
vn -0.2109 -0.5113 -0.8331
vn -0.4248 -0.1567 -0.8916
vn -0.2024 -0.5146 -0.8332
vn -0.4258 -0.1628 -0.89
vn -0.1973 -0.5207 -0.8306
vn -0.4281 -0.1744 -0.8867
vn -0.1853 -0.5274 -0.8291
vn 0.02722 -0.7562 -0.6538
vn 0.03607 -0.7581 -0.6511
vn 0.05585 -0.7571 -0.6509
vn 0.01962 -0.7547 -0.6558
vn 0.1023 -0.7328 -0.6727
vn 0.1618 -0.7752 -0.6106
vn 0.3674 -0.6243 -0.6893
vn 0.3094 -0.7309 -0.6083
vn -0.1166 -0.5164 -0.8483
vn 0.2201 -0.4064 -0.8867
vn -0.3794 -0.2052 -0.9022
vn -0.1066 -0.1528 -0.9825
vn -0.4646 -0.1079 -0.8789
vn -0.4153 -0.09549 -0.9046
vn 0.7053 -0.621 -0.3418
vn 0.5153 -0.691 -0.5069
vn 0.9341 -0.1635 -0.3172
vn 0.9845 0.01575 -0.1747
vn 0.522 0.8284 0.2032
vn 0.7011 0.6224 0.3478
vn 0.7856 0.4998 0.3647
vn 0.8399 0.0932 -0.5346
vn 0.5362 0.3247 -0.7791
vn 0.8171 0.4603 0.347
vn 0.8338 0.4082 0.3717
vn 0.5014 0.6778 -0.5377
vn -0.2598 0.3959 -0.8807
vn -0.2172 -0.002686 -0.9761
vn -0.3427 -0.256 -0.9039
vn -0.3457 -0.1433 -0.9273
vn 0.6313 0.6021 0.4887
vn 0.6363 0.7223 0.2708
vn 0.3684 0.7962 0.4798
vn 0.5387 0.5793 0.6117
vn 0.1855 0.9481 0.258
vn 0.3893 0.908 0.1543
vn 0.8424 0.2234 0.4904
vn 0.8081 0.4554 0.3735
vn 0.6631 0.3705 0.6504
vn 0.7738 0.1527 0.6147
vn 0.977 -0.1462 0.1549
vn 0.9824 -0.1042 -0.1547
vn 0.8395 0.4742 -0.2651
vn 0.9471 0.1661 0.2746
vn 0.4268 0.8913 -0.1529
vn 0.1455 0.8481 -0.5094
vn 0.2901 0.5995 -0.7459
vn 0.05225 0.2832 -0.9576
vn 0.3395 0.1937 -0.9204
vn 0.2672 -0.1042 -0.958
vn 0.6613 -0.06525 -0.7472
vn 0.7984 -0.3235 -0.5078
vn 0.8679 -0.1109 0.4841
vn 0.8993 -0.3504 0.2614
vn 0.8945 0.2665 0.3588
vn 0.9774 0.004822 0.2112
vn 0.8255 -0.5596 -0.07382
vn 0.613 -0.6287 -0.4786
vn 0.954 -0.2759 -0.1174
vn 0.6933 -0.4193 -0.5861
vn -0.3591 0.6485 -0.6712
vn 0.3401 0.8884 -0.3084
vn 0.5216 0.8361 -0.1698
vn -0.1682 0.9243 -0.3425
vn -0.3297 0.7974 -0.5053
vn -0.4731 0.6471 -0.5978
vn 0.01828 0.9817 -0.1893
vn 0.6733 0.6991 -0.2408
vn 0.6039 0.6106 -0.5122
vn 0.1457 0.9874 -0.06131
vn -0.2491 0.961 -0.1203
vn -0.4172 0.8335 -0.3623
vn -0.06195 0.9861 0.1538
vn -0.5307 0.6469 -0.5475
vn -0.5777 0.5496 -0.6034
vn -0.5762 0.4975 -0.6484
vn -0.5089 0.1656 -0.8447
vn -0.3754 -0.2372 -0.896
vn -0.3737 -0.2904 -0.8809
vn -0.4344 -0.1753 -0.8835
vn 0.2854 0.947 0.147
vn 0.4529 0.6394 -0.6213
vn 0.2966 -0.3045 -0.9051
vn 0.5671 0.6341 -0.5256
vn 0.06543 -0.1287 -0.9895
vn 0.5039 0.7682 0.395
vn 0.1522 0.8754 0.4588
vn 0.3631 0.6212 0.6944
vn 0.7452 0.4226 0.5158
vn 0.7679 0.4371 -0.4682
vn -0.02445 -0.008881 -0.9996
vn 0.8347 0.1677 -0.5246
vn -0.07941 0.1288 -0.9885
vn 0.9138 0.04053 0.4041
vn 0.5486 0.3096 0.7766
vn 0.7123 -0.007599 0.7018
vn 0.2774 -0.531 -0.8007
vn -0.009796 -0.3197 -0.9474
vn -0.1815 -0.09973 -0.9783
vn -0.2757 0.1588 -0.948
vn -0.3005 0.5082 -0.8071
vn -0.2028 0.8499 -0.4864
vn -0.1051 0.412 -0.9051
vn 0.01053 0.8079 -0.5891
vn -0.0286 0.9966 -0.07755
vn 0.2724 0.9547 -0.1192
vn 0.9581 -0.2349 0.1639
vn 0.7854 0.07224 -0.6147
vn 0.8393 0.2117 -0.5007
vn 0.9243 -0.379 -0.04465
vn 0.852 -0.4906 -0.1827
vn 0.9471 0.2172 -0.2362
vn 0.8193 -0.3155 0.4787
vn 0.8077 -0.5622 0.1777
vn 0.689 -0.7169 -0.1063
vn 0.4924 -0.7947 -0.3548
vn 0.2781 -0.7935 -0.5412
vn 0.3302 -0.9134 -0.2377
vn 0.171 -0.8704 -0.4617
vn 0.1587 -0.8644 -0.4771
vn 0.3254 -0.9148 -0.239
vn 0.1578 -0.8843 -0.4394
vn 0.316 -0.9191 -0.2355
vn 0.4733 -0.8801 0.03626
vn 0.4791 -0.8772 0.03027
vn 0.5768 -0.7538 0.3146
vn 0.5813 -0.7561 0.3006
vn 0.4848 -0.8744 0.01767
vn 0.3772 -0.9153 0.1413
vn 0.5938 -0.7537 0.2815
vn 0.5194 -0.7374 0.4318
vn 0.6271 -0.5005 0.5968
vn 0.6296 -0.5199 0.5773
vn 0.5853 -0.1401 0.7986
vn 0.5904 -0.1668 0.7897
vn 0.634 -0.5231 0.5695
vn 0.5666 -0.4839 0.6669
vn 0.5814 -0.1763 0.7943
vn 0.5166 -0.1628 0.8406
vn -0.1316 -0.8159 0.5629
vn -0.5503 -0.3677 0.7496
vn 0.0998 -0.5691 0.8161
vn -0.3123 -0.2219 0.9237
vn 0.2863 -0.3285 0.9001
vn -0.005585 -0.1405 0.9901
vn 0.3345 -0.1072 0.9362
vn 0.1657 -0.05387 0.9847
vn -0.5878 -0.3314 0.738
vn -0.3319 -0.2658 0.9051
vn -0.005768 -0.2125 0.9771
vn 0.1755 -0.09848 0.9795
vn 0.2543 0.1498 0.9554
vn 0.1577 0.09326 0.9831
vn 0.08264 0.3666 0.9267
vn 0.03644 0.1741 0.984
vn 0.3679 0.2127 0.9052
vn 0.1401 0.565 0.8131
vn 0.1547 0.09241 0.9836
vn 0.003174 0.2071 0.9783
vn -0.1874 0.111 0.976
vn -0.4057 -0.1323 0.9044
vn -0.1263 0.07154 0.9894
vn -0.3585 -0.1401 0.9229
vn -0.1331 0.4568 0.8795
vn -0.4356 0.4331 0.7891
vn -0.1035 0.7892 0.6053
vn -0.3289 0.8756 0.3536
vn -0.7664 0.3661 0.5277
vn -0.6157 -0.2534 0.7461
vn -0.5369 0.841 0.06699
vn -0.6005 -0.3092 0.7374
vn -0.5736 0.7686 -0.2831
vn -0.6294 0.6091 -0.4824
vn -0.6358 0.5325 -0.5588
vn -0.6236 0.605 -0.4951
vn -0.6258 0.534 -0.5686
vn -0.5745 0.7719 -0.2721
vn -0.3033 0.9299 0.2082
vn -0.4491 0.8925 -0.0408
vn -0.4671 0.8842 -0.006897
vn -0.3177 0.9113 0.2616
vn -0.6612 0.4534 -0.5977
vn -0.6238 0.4974 -0.6029
vn -0.629 0.5124 -0.5846
vn -0.625 0.4845 -0.612
vn -0.5826 0.7677 -0.2668
vn -0.6291 0.5903 -0.5057
vn -0.3194 0.9024 0.2891
vn -0.4768 0.8789 0.00763
vn 0.1838 0.5955 0.782
vn 0.2073 0.5672 0.7971
vn -0.07602 0.8065 0.5863
vn -0.09494 0.8281 0.5524
vn 0.1694 0.6087 0.7751
vn -0.09674 0.8523 0.5139
vn 0.4404 0.2373 0.8659
vn 0.4371 0.2393 0.867
vn 0.4222 0.236 0.8752
vn -0.1308 0.9792 -0.1551
vn -0.3637 0.8894 -0.277
vn 0.276 0.8037 0.5271
vn 0.03919 0.9921 0.1191
vn 0.5758 0.3286 0.7486
vn 0.64 -0.6305 0.439
vn 0.714 -0.6462 0.2694
vn 0.8912 -0.3378 0.3028
vn 0.8012 -0.3432 0.4901
vn 0.9426 0.05106 0.3299
vn 0.8459 0.02234 0.5329
vn 0.4473 -0.8653 0.2262
vn 0.3962 -0.8334 0.3852
vn 0.516 -0.5791 0.631
vn 0.5593 -0.5966 0.5755
vn 0.6955 -0.3343 0.636
vn 0.6398 -0.3331 0.6926
vn 0.7233 -0.004212 0.6905
vn 0.6603 -0.02203 0.7506
vn 0.341 -0.7823 0.5212
vn 0.3132 -0.7526 0.5792
vn 0.6113 0.3425 0.7134
vn 0.5506 0.3085 0.7756
vn 0.3714 0.6185 0.6924
vn 0.3232 0.5737 0.7525
vn 0.7283 0.4075 0.5509
vn 0.459 0.7093 0.535
vn 0.8202 0.4588 0.3416
vn 0.5345 0.7773 0.3318
vn 0.07166 0.7665 0.6382
vn 0.04328 0.7179 0.6948
vn 0.1194 0.8622 0.4922
vn 0.1708 0.937 0.3046
f 1/1/1 2/2/2 3/3/3
f 1/1/1 3/3/3 4/4/4
f 4/4/4 3/3/3 5/5/5
f 4/4/4 5/5/5 6/6/6
f 3/3/3 7/7/7 8/8/8
f 3/3/3 8/8/8 5/5/5
f 2/2/2 9/9/9 7/7/7
f 2/2/2 7/7/7 3/3/3
f 10/10/10 11/11/11 12/12/12
f 10/10/10 12/12/12 13/13/13
f 13/13/13 12/12/12 2/2/2
f 13/13/13 2/2/2 1/1/1
f 12/12/12 14/14/14 9/9/9
f 12/12/12 9/9/9 2/2/2
f 11/11/11 15/15/15 14/14/14
f 11/11/11 14/14/14 12/12/12
f 9/9/9 16/16/16 17/17/17
f 9/9/9 17/17/17 7/7/7
f 7/7/7 17/17/17 18/18/18
f 7/7/7 18/18/18 8/8/8
f 17/17/17 19/19/19 20/20/20
f 17/17/17 20/20/20 18/18/18
f 16/16/16 21/21/21 19/19/19
f 16/16/16 19/19/19 17/17/17
f 15/15/15 22/22/22 23/23/23
f 15/15/15 23/23/23 14/14/14
f 14/14/14 23/23/23 16/16/16
f 14/14/14 16/16/16 9/9/9
f 23/23/23 24/24/24 21/21/21
f 23/23/23 21/21/21 16/16/16
f 22/22/22 25/25/25 24/24/24
f 22/22/22 24/24/24 23/23/23
f 6/6/6 5/5/5 26/26/26
f 6/6/6 26/26/26 27/27/27
f 27/27/27 26/26/26 28/28/28
f 27/27/27 28/28/28 29/29/29
f 26/26/26 30/30/30 31/31/31
f 26/26/26 31/31/31 28/28/28
f 5/5/5 8/8/8 30/30/30
f 5/5/5 30/30/30 26/26/26
f 8/8/8 18/18/18 32/32/32
f 8/8/8 32/32/32 30/30/30
f 30/30/30 32/32/32 33/33/33
f 30/30/30 33/33/33 31/31/31
f 32/32/32 34/34/34 35/35/35
f 32/32/32 35/35/35 33/33/33
f 18/18/18 20/20/20 34/34/34
f 18/18/18 34/34/34 32/32/32
f 36/36/36 37/37/37 38/38/38
f 36/36/36 38/38/38 39/39/39
f 39/39/39 38/38/38 40/40/40
f 39/39/39 40/40/40 41/41/41
f 38/38/38 28/28/28 31/31/31
f 38/38/38 31/31/31 40/40/40
f 37/37/37 29/29/29 28/28/28
f 37/37/37 28/28/28 38/38/38
f 41/41/41 40/40/40 42/42/42
f 41/41/41 42/42/42 43/43/43
f 43/43/43 42/42/42 44/44/44
f 43/43/43 44/44/44 45/45/45
f 42/42/42 33/33/33 35/35/35
f 42/42/42 35/35/35 44/44/44
f 40/40/40 31/31/31 33/33/33
f 40/40/40 33/33/33 42/42/42
f 45/45/45 44/44/44 46/46/46
f 45/45/45 46/46/46 47/47/47
f 47/47/47 46/46/46 48/48/48
f 47/47/47 48/48/48 49/49/49
f 46/46/46 50/50/50 51/51/51
f 46/46/46 51/51/51 48/48/48
f 44/44/44 35/35/35 50/50/50
f 44/44/44 50/50/50 46/46/46
f 20/20/20 52/52/52 53/53/53
f 20/20/20 53/53/53 34/34/34
f 34/34/34 53/53/53 50/50/50
f 34/34/34 50/50/50 35/35/35
f 53/53/53 54/54/54 51/51/51
f 53/53/53 51/51/51 50/50/50
f 52/52/52 55/55/55 54/54/54
f 52/52/52 54/54/54 53/53/53
f 49/49/49 48/48/48 56/56/56
f 49/49/49 56/56/56 57/57/57
f 57/57/57 56/56/56 58/58/58
f 57/57/57 58/58/58 59/59/59
f 56/56/56 60/60/60 61/61/61
f 56/56/56 61/61/61 58/58/58
f 48/48/48 51/51/51 60/60/60
f 48/48/48 60/60/60 56/56/56
f 55/55/55 62/62/62 63/63/63
f 55/55/55 63/63/63 54/54/54
f 54/54/54 63/63/63 60/60/60
f 54/54/54 60/60/60 51/51/51
f 63/63/63 64/64/64 61/61/61
f 63/63/63 61/61/61 60/60/60
f 62/62/62 65/65/65 64/64/64
f 62/62/62 64/64/64 63/63/63
f 21/21/21 66/66/66 67/67/67
f 21/21/21 67/67/67 19/19/19
f 19/19/19 67/67/67 52/52/52
f 19/19/19 52/52/52 20/20/20
f 67/67/67 68/68/68 55/55/55
f 67/67/67 55/55/55 52/52/52
f 66/66/66 69/69/69 68/68/68
f 66/66/66 68/68/68 67/67/67
f 69/69/69 70/70/70 71/71/71
f 69/69/69 71/71/71 68/68/68
f 68/68/68 71/71/71 62/62/62
f 68/68/68 62/62/62 55/55/55
f 71/71/71 72/72/72 65/65/65
f 71/71/71 65/65/65 62/62/62
f 70/70/70 73/73/73 72/72/72
f 70/70/70 72/72/72 71/71/71
f 25/25/25 74/74/74 75/75/75
f 25/25/25 75/75/75 24/24/24
f 24/24/24 75/75/75 66/66/66
f 24/24/24 66/66/66 21/21/21
f 75/75/75 76/76/76 69/69/69
f 75/75/75 69/69/69 66/66/66
f 74/74/74 77/77/77 76/76/76
f 74/74/74 76/76/76 75/75/75
f 77/77/77 78/78/78 79/79/79
f 77/77/77 79/79/79 76/76/76
f 76/76/76 79/79/79 70/70/70
f 76/76/76 70/70/70 69/69/69
f 79/79/79 80/80/80 73/73/73
f 79/79/79 73/73/73 70/70/70
f 78/78/78 81/81/81 80/80/80
f 78/78/78 80/80/80 79/79/79
f 82/82/82 83/83/83 84/84/84
f 82/82/82 84/84/84 85/85/85
f 85/85/85 84/84/84 78/78/78
f 85/85/85 78/78/78 77/77/77
f 84/84/84 86/86/86 81/81/81
f 84/84/84 81/81/81 78/78/78
f 83/83/83 87/87/87 86/86/86
f 83/83/83 86/86/86 84/84/84
f 88/88/88 89/89/89 90/90/90
f 88/88/88 90/90/90 91/91/91
f 91/91/91 90/90/90 74/74/74
f 91/91/91 74/74/74 25/25/25
f 90/90/90 85/85/85 77/77/77
f 90/90/90 77/77/77 74/74/74
f 89/89/89 82/82/82 85/85/85
f 89/89/89 85/85/85 90/90/90
f 92/92/92 93/93/93 94/94/94
f 92/92/92 94/94/94 95/95/95
f 95/95/95 94/94/94 89/89/89
f 95/95/95 89/89/89 88/88/88
f 94/94/94 96/96/96 82/82/82
f 94/94/94 82/82/82 89/89/89
f 93/93/93 97/97/97 96/96/96
f 93/93/93 96/96/96 94/94/94
f 97/97/97 98/98/98 99/99/99
f 97/97/97 99/99/99 96/96/96
f 96/96/96 99/99/99 83/83/83
f 96/96/96 83/83/83 82/82/82
f 99/99/99 100/100/100 87/87/87
f 99/99/99 87/87/87 83/83/83
f 98/98/98 101/101/101 100/100/100
f 98/98/98 100/100/100 99/99/99
f 102/102/102 103/103/103 104/104/104
f 102/102/102 104/104/104 105/105/105
f 105/105/105 104/104/104 98/98/98
f 105/105/105 98/98/98 97/97/97
f 104/104/104 106/106/106 101/101/101
f 104/104/104 101/101/101 98/98/98
f 103/103/103 107/107/107 106/106/106
f 103/103/103 106/106/106 104/104/104
f 108/108/108 109/109/109 110/110/110
f 108/108/108 110/110/110 111/111/111
f 111/111/111 110/110/110 93/93/93
f 111/111/111 93/93/93 92/92/92
f 110/110/110 105/105/105 97/97/97
f 110/110/110 97/97/97 93/93/93
f 109/109/109 102/102/102 105/105/105
f 109/109/109 105/105/105 110/110/110
f 45/45/45 47/47/47 112/112/112
f 45/45/45 112/112/112 113/113/113
f 113/113/113 112/112/112 109/109/109
f 113/113/113 109/109/109 108/108/108
f 112/112/112 114/114/114 102/102/102
f 112/112/112 102/102/102 109/109/109
f 47/47/47 49/49/49 114/114/114
f 47/47/47 114/114/114 112/112/112
f 49/49/49 57/57/57 115/115/115
f 49/49/49 115/115/115 114/114/114
f 114/114/114 115/115/115 103/103/103
f 114/114/114 103/103/103 102/102/102
f 115/115/115 116/116/116 107/107/107
f 115/115/115 107/107/107 103/103/103
f 57/57/57 59/59/59 116/116/116
f 57/57/57 116/116/116 115/115/115
f 107/107/107 117/117/117 118/118/118
f 107/107/107 118/118/118 106/106/106
f 106/106/106 118/118/118 119/119/119
f 106/106/106 119/119/119 101/101/101
f 118/118/118 120/120/120 121/121/121
f 118/118/118 121/121/121 119/119/119
f 117/117/117 122/122/122 120/120/120
f 117/117/117 120/120/120 118/118/118
f 59/59/59 123/123/123 124/124/124
f 59/59/59 124/124/124 116/116/116
f 116/116/116 124/124/124 117/117/117
f 116/116/116 117/117/117 107/107/107
f 124/124/124 125/125/125 122/122/122
f 124/124/124 122/122/122 117/117/117
f 123/123/123 126/126/126 125/125/125
f 123/123/123 125/125/125 124/124/124
f 59/59/59 58/58/58 127/127/127
f 59/59/59 127/127/127 123/123/123
f 123/123/123 127/127/127 128/128/128
f 123/123/123 128/128/128 126/126/126
f 127/127/127 129/129/129 130/130/130
f 127/127/127 130/130/130 128/128/128
f 58/58/58 61/61/61 129/129/129
f 58/58/58 129/129/129 127/127/127
f 126/126/126 128/128/128 131/131/131
f 126/126/126 131/131/131 132/132/132
f 132/132/132 131/131/131 133/133/133
f 132/132/132 133/133/133 134/134/134
f 131/131/131 135/135/135 136/136/136
f 131/131/131 136/136/136 133/133/133
f 128/128/128 130/130/130 135/135/135
f 128/128/128 135/135/135 131/131/131
f 126/126/126 132/132/132 137/137/137
f 126/126/126 137/137/137 125/125/125
f 125/125/125 137/137/137 138/138/138
f 125/125/125 138/138/138 122/122/122
f 137/137/137 139/139/139 140/140/140
f 137/137/137 140/140/140 138/138/138
f 132/132/132 134/134/134 139/139/139
f 132/132/132 139/139/139 137/137/137
f 134/134/134 133/133/133 141/141/141
f 134/134/134 141/141/141 142/142/142
f 142/142/142 141/141/141 143/143/143
f 142/142/142 143/143/143 144/144/144
f 141/141/141 145/145/145 146/146/146
f 141/141/141 146/146/146 143/143/143
f 133/133/133 136/136/136 145/145/145
f 133/133/133 145/145/145 141/141/141
f 134/134/134 142/142/142 147/147/147
f 134/134/134 147/147/147 139/139/139
f 139/139/139 147/147/147 148/148/148
f 139/139/139 148/148/148 140/140/140
f 147/147/147 149/149/149 150/150/150
f 147/147/147 150/150/150 148/148/148
f 142/142/142 144/144/144 149/149/149
f 142/142/142 149/149/149 147/147/147
f 122/122/122 138/138/138 151/151/151
f 122/122/122 151/151/151 120/120/120
f 120/120/120 151/151/151 152/152/152
f 120/120/120 152/152/152 121/121/121
f 151/151/151 153/153/153 154/154/154
f 151/151/151 154/154/154 152/152/152
f 138/138/138 140/140/140 153/153/153
f 138/138/138 153/153/153 151/151/151
f 140/140/140 148/148/148 155/155/155
f 140/140/140 155/155/155 153/153/153
f 153/153/153 155/155/155 156/156/156
f 153/153/153 156/156/156 154/154/154
f 155/155/155 157/157/157 158/158/158
f 155/155/155 158/158/158 156/156/156
f 148/148/148 150/150/150 157/157/157
f 148/148/148 157/157/157 155/155/155
f 154/154/154 156/156/156 159/159/159
f 154/154/154 159/159/159 160/160/160
f 160/160/160 159/159/159 161/161/161
f 160/160/160 161/161/161 162/162/162
f 159/159/159 163/163/163 164/164/164
f 159/159/159 164/164/164 161/161/161
f 156/156/156 158/158/158 163/163/163
f 156/156/156 163/163/163 159/159/159
f 121/121/121 152/152/152 165/165/165
f 121/121/121 165/165/165 166/166/166
f 166/166/166 165/165/165 167/167/167
f 166/166/166 167/167/167 168/168/168
f 165/165/165 160/160/160 162/162/162
f 165/165/165 162/162/162 167/167/167
f 152/152/152 154/154/154 160/160/160
f 152/152/152 160/160/160 165/165/165
f 168/168/168 167/167/167 169/169/169
f 168/168/168 169/169/169 170/170/170
f 170/170/170 169/169/169 171/171/171
f 170/170/170 171/171/171 172/172/172
f 169/169/169 173/173/173 174/174/174
f 169/169/169 174/174/174 171/171/171
f 167/167/167 162/162/162 173/173/173
f 167/167/167 173/173/173 169/169/169
f 162/162/162 161/161/161 175/175/175
f 162/162/162 175/175/175 173/173/173
f 173/173/173 175/175/175 176/176/176
f 173/173/173 176/176/176 174/174/174
f 175/175/175 177/177/177 178/178/178
f 175/175/175 178/178/178 176/176/176
f 161/161/161 164/164/164 177/177/177
f 161/161/161 177/177/177 175/175/175
f 174/174/174 176/176/176 179/179/179
f 174/174/174 179/179/179 180/180/180
f 180/180/180 179/179/179 181/181/181
f 180/180/180 181/181/181 182/182/182
f 179/179/179 183/183/183 184/184/184
f 179/179/179 184/184/184 181/181/181
f 176/176/176 178/178/178 183/183/183
f 176/176/176 183/183/183 179/179/179
f 172/172/172 171/171/171 185/185/185
f 172/172/172 185/185/185 186/186/186
f 186/186/186 185/185/185 187/187/187
f 186/186/186 187/187/187 188/188/188
f 185/185/185 180/180/180 182/182/182
f 185/185/185 182/182/182 187/187/187
f 171/171/171 174/174/174 180/180/180
f 171/171/171 180/180/180 185/185/185
f 188/188/188 187/187/187 189/189/189
f 188/188/188 189/189/189 190/190/190
f 190/190/190 189/189/189 191/191/191
f 190/190/190 191/191/191 192/192/192
f 189/189/189 193/193/193 194/194/194
f 189/189/189 194/194/194 191/191/191
f 187/187/187 182/182/182 193/193/193
f 187/187/187 193/193/193 189/189/189
f 182/182/182 181/181/181 195/195/195
f 182/182/182 195/195/195 193/193/193
f 193/193/193 195/195/195 196/196/196
f 193/193/193 196/196/196 194/194/194
f 195/195/195 197/197/197 198/198/198
f 195/195/195 198/198/198 196/196/196
f 181/181/181 184/184/184 197/197/197
f 181/181/181 197/197/197 195/195/195
f 194/194/194 196/196/196 199/199/199
f 194/194/194 199/199/199 200/200/200
f 200/200/200 199/199/199 145/145/145
f 200/200/200 145/145/145 136/136/136
f 199/199/199 201/201/201 146/146/146
f 199/199/199 146/146/146 145/145/145
f 196/196/196 198/198/198 201/201/201
f 196/196/196 201/201/201 199/199/199
f 192/192/192 191/191/191 202/202/202
f 192/192/192 202/202/202 203/203/203
f 203/203/203 202/202/202 135/135/135
f 203/203/203 135/135/135 130/130/130
f 202/202/202 200/200/200 136/136/136
f 202/202/202 136/136/136 135/135/135
f 191/191/191 194/194/194 200/200/200
f 191/191/191 200/200/200 202/202/202
f 65/65/65 204/204/204 205/205/205
f 65/65/65 205/205/205 64/64/64
f 64/64/64 205/205/205 129/129/129
f 64/64/64 129/129/129 61/61/61
f 205/205/205 203/203/203 130/130/130
f 205/205/205 130/130/130 129/129/129
f 204/204/204 192/192/192 203/203/203
f 204/204/204 203/203/203 205/205/205
f 73/73/73 206/206/206 207/207/207
f 73/73/73 207/207/207 72/72/72
f 72/72/72 207/207/207 204/204/204
f 72/72/72 204/204/204 65/65/65
f 207/207/207 190/190/190 192/192/192
f 207/207/207 192/192/192 204/204/204
f 206/206/206 188/188/188 190/190/190
f 206/206/206 190/190/190 207/207/207
f 184/184/184 208/208/208 209/209/209
f 184/184/184 209/209/209 197/197/197
f 198/198/198 197/197/197 209/209/209
f 198/198/198 209/209/209 210/210/210
f 211/211/211 210/210/210 209/209/209
f 211/211/211 209/209/209 212/212/212
f 213/213/213 212/212/212 209/209/209
f 213/213/213 209/209/209 214/214/214
f 215/215/215 214/214/214 209/209/209
f 215/215/215 209/209/209 216/216/216
f 217/217/217 216/216/216 209/209/209
f 217/217/217 209/209/209 208/208/208
f 198/198/198 210/210/210 218/218/218
f 198/198/198 218/218/218 201/201/201
f 146/146/146 201/201/201 218/218/218
f 146/146/146 218/218/218 219/219/219
f 220/220/220 219/219/219 218/218/218
f 220/220/220 218/218/218 221/221/221
f 222/222/222 221/221/221 218/218/218
f 222/222/222 218/218/218 223/223/223
f 224/224/224 223/223/223 218/218/218
f 224/224/224 218/218/218 225/225/225
f 211/211/211 225/225/225 218/218/218
f 211/211/211 218/218/218 210/210/210
f 144/144/144 143/143/143 226/226/226
f 144/144/144 226/226/226 227/227/227
f 228/228/228 227/227/227 226/226/226
f 228/228/228 226/226/226 229/229/229
f 230/230/230 229/229/229 226/226/226
f 230/230/230 226/226/226 231/231/231
f 232/232/232 231/231/231 226/226/226
f 232/232/232 226/226/226 233/233/233
f 220/220/220 233/233/233 226/226/226
f 220/220/220 226/226/226 219/219/219
f 146/146/146 219/219/219 226/226/226
f 146/146/146 226/226/226 143/143/143
f 232/232/232 233/233/233 234/234/234
f 232/232/232 234/234/234 235/235/235
f 235/235/235 234/234/234 236/236/236
f 235/235/235 236/236/236 237/237/237
f 234/234/234 238/238/238 239/239/239
f 234/234/234 239/239/239 236/236/236
f 233/233/233 220/220/220 238/238/238
f 233/233/233 238/238/238 234/234/234
f 222/222/222 240/240/240 241/241/241
f 222/222/222 241/241/241 221/221/221
f 221/221/221 241/241/241 238/238/238
f 221/221/221 238/238/238 220/220/220
f 241/241/241 242/242/242 239/239/239
f 241/241/241 239/239/239 238/238/238
f 240/240/240 243/243/243 242/242/242
f 240/240/240 242/242/242 241/241/241
f 224/224/224 244/244/244 245/245/245
f 224/224/224 245/245/245 223/223/223
f 223/223/223 245/245/245 240/240/240
f 223/223/223 240/240/240 222/222/222
f 245/245/245 246/246/246 243/243/243
f 245/245/245 243/243/243 240/240/240
f 244/244/244 247/247/247 246/246/246
f 244/244/244 246/246/246 245/245/245
f 211/211/211 248/248/248 249/249/249
f 211/211/211 249/249/249 225/225/225
f 225/225/225 249/249/249 244/244/244
f 225/225/225 244/244/244 224/224/224
f 249/249/249 250/250/250 247/247/247
f 249/249/249 247/247/247 244/244/244
f 248/248/248 251/251/251 250/250/250
f 248/248/248 250/250/250 249/249/249
f 251/251/251 252/252/252 253/253/253
f 251/251/251 253/253/253 250/250/250
f 250/250/250 253/253/253 254/254/254
f 250/250/250 254/254/254 247/247/247
f 253/253/253 255/255/255 256/256/256
f 253/253/253 256/256/256 254/254/254
f 252/252/252 257/257/257 255/255/255
f 252/252/252 255/255/255 253/253/253
f 247/247/247 254/254/254 258/258/258
f 247/247/247 258/258/258 246/246/246
f 246/246/246 258/258/258 259/259/259
f 246/246/246 259/259/259 243/243/243
f 258/258/258 260/260/260 261/261/261
f 258/258/258 261/261/261 259/259/259
f 254/254/254 256/256/256 260/260/260
f 254/254/254 260/260/260 258/258/258
f 257/257/257 262/262/262 263/263/263
f 257/257/257 263/263/263 255/255/255
f 255/255/255 263/263/263 264/264/264
f 255/255/255 264/264/264 256/256/256
f 263/263/263 265/265/265 266/266/266
f 263/263/263 266/266/266 264/264/264
f 262/262/262 267/267/267 265/265/265
f 262/262/262 265/265/265 263/263/263
f 256/256/256 264/264/264 268/268/268
f 256/256/256 268/268/268 260/260/260
f 260/260/260 268/268/268 269/269/269
f 260/260/260 269/269/269 261/261/261
f 268/268/268 270/270/270 271/271/271
f 268/268/268 271/271/271 269/269/269
f 264/264/264 266/266/266 270/270/270
f 264/264/264 270/270/270 268/268/268
f 266/266/266 272/272/272 273/273/273
f 266/266/266 273/273/273 270/270/270
f 270/270/270 273/273/273 274/274/274
f 270/270/270 274/274/274 271/271/271
f 273/273/273 275/275/275 276/276/276
f 273/273/273 276/276/276 274/274/274
f 272/272/272 277/277/277 275/275/275
f 272/272/272 275/275/275 273/273/273
f 267/267/267 278/278/278 279/279/279
f 267/267/267 279/279/279 265/265/265
f 265/265/265 279/279/279 272/272/272
f 265/265/265 272/272/272 266/266/266
f 279/279/279 280/280/280 277/277/277
f 279/279/279 277/277/277 272/272/272
f 278/278/278 281/281/281 280/280/280
f 278/278/278 280/280/280 279/279/279
f 282/282/282 283/283/283 284/284/284
f 282/282/282 284/284/284 285/285/285
f 285/285/285 284/284/284 262/262/262
f 285/285/285 262/262/262 257/257/257
f 284/284/284 286/286/286 267/267/267
f 284/284/284 267/267/267 262/262/262
f 283/283/283 287/287/287 286/286/286
f 283/283/283 286/286/286 284/284/284
f 287/287/287 288/288/288 289/289/289
f 287/287/287 289/289/289 286/286/286
f 286/286/286 289/289/289 278/278/278
f 286/286/286 278/278/278 267/267/267
f 289/289/289 290/290/290 281/281/281
f 289/289/289 281/281/281 278/278/278
f 288/288/288 291/291/291 290/290/290
f 288/288/288 290/290/290 289/289/289
f 292/292/292 293/293/293 294/294/294
f 292/292/292 294/294/294 295/295/295
f 295/295/295 294/294/294 283/283/283
f 295/295/295 283/283/283 282/282/282
f 294/294/294 296/296/296 287/287/287
f 294/294/294 287/287/287 283/283/283
f 293/293/293 297/297/297 296/296/296
f 293/293/293 296/296/296 294/294/294
f 297/297/297 298/298/298 299/299/299
f 297/297/297 299/299/299 296/296/296
f 296/296/296 299/299/299 288/288/288
f 296/296/296 288/288/288 287/287/287
f 299/299/299 300/300/300 291/291/291
f 299/299/299 291/291/291 288/288/288
f 298/298/298 301/301/301 300/300/300
f 298/298/298 300/300/300 299/299/299
f 302/302/302 303/303/303 304/304/304
f 302/302/302 304/304/304 305/305/305
f 305/305/305 304/304/304 293/293/293
f 305/305/305 293/293/293 292/292/292
f 304/304/304 306/306/306 297/297/297
f 304/304/304 297/297/297 293/293/293
f 303/303/303 307/307/307 306/306/306
f 303/303/303 306/306/306 304/304/304
f 307/307/307 308/308/308 309/309/309
f 307/307/307 309/309/309 306/306/306
f 306/306/306 309/309/309 298/298/298
f 306/306/306 298/298/298 297/297/297
f 309/309/309 310/310/310 301/301/301
f 309/309/309 301/301/301 298/298/298
f 308/308/308 311/311/311 310/310/310
f 308/308/308 310/310/310 309/309/309
f 312/312/312 313/313/313 314/314/314
f 312/312/312 314/314/314 315/315/315
f 315/315/315 314/314/314 308/308/308
f 315/315/315 308/308/308 307/307/307
f 314/314/314 316/316/316 311/311/311
f 314/314/314 311/311/311 308/308/308
f 313/313/313 317/317/317 316/316/316
f 313/313/313 316/316/316 314/314/314
f 318/318/318 319/319/319 320/320/320
f 318/318/318 320/320/320 321/321/321
f 321/321/321 320/320/320 303/303/303
f 321/321/321 303/303/303 302/302/302
f 320/320/320 315/315/315 307/307/307
f 320/320/320 307/307/307 303/303/303
f 319/319/319 312/312/312 315/315/315
f 319/319/319 315/315/315 320/320/320
f 322/322/322 323/323/323 324/324/324
f 322/322/322 324/324/324 325/325/325
f 325/325/325 324/324/324 319/319/319
f 325/325/325 319/319/319 318/318/318
f 324/324/324 326/326/326 312/312/312
f 324/324/324 312/312/312 319/319/319
f 323/323/323 327/327/327 326/326/326
f 323/323/323 326/326/326 324/324/324
f 327/327/327 328/328/328 329/329/329
f 327/327/327 329/329/329 326/326/326
f 326/326/326 329/329/329 313/313/313
f 326/326/326 313/313/313 312/312/312
f 329/329/329 330/330/330 317/317/317
f 329/329/329 317/317/317 313/313/313
f 328/328/328 331/331/331 330/330/330
f 328/328/328 330/330/330 329/329/329
f 332/332/332 333/333/333 334/334/334
f 332/332/332 334/334/334 335/335/335
f 335/335/335 334/334/334 328/328/328
f 335/335/335 328/328/328 327/327/327
f 334/334/334 336/336/336 331/331/331
f 334/334/334 331/331/331 328/328/328
f 333/333/333 337/337/337 336/336/336
f 333/333/333 336/336/336 334/334/334
f 338/338/338 339/339/339 340/340/340
f 338/338/338 340/340/340 341/341/341
f 341/341/341 340/340/340 323/323/323
f 341/341/341 323/323/323 322/322/322
f 340/340/340 335/335/335 327/327/327
f 340/340/340 327/327/327 323/323/323
f 339/339/339 332/332/332 335/335/335
f 339/339/339 335/335/335 340/340/340
f 342/342/342 343/343/343 344/344/344
f 342/342/342 344/344/344 345/345/345
f 345/345/345 344/344/344 339/339/339
f 345/345/345 339/339/339 338/338/338
f 344/344/344 346/346/346 332/332/332
f 344/344/344 332/332/332 339/339/339
f 343/343/343 347/347/347 346/346/346
f 343/343/343 346/346/346 344/344/344
f 347/347/347 348/348/348 349/349/349
f 347/347/347 349/349/349 346/346/346
f 346/346/346 349/349/349 333/333/333
f 346/346/346 333/333/333 332/332/332
f 349/349/349 350/350/350 337/337/337
f 349/349/349 337/337/337 333/333/333
f 348/348/348 351/351/351 350/350/350
f 348/348/348 350/350/350 349/349/349
f 347/347/347 352/352/352 353/353/353
f 347/347/347 353/353/353 348/348/348
f 348/348/348 353/353/353 354/354/354
f 348/348/348 354/354/354 351/351/351
f 353/353/353 355/355/355 356/356/356
f 353/353/353 356/356/356 354/354/354
f 352/352/352 357/357/357 355/355/355
f 352/352/352 355/355/355 353/353/353
f 342/342/342 358/358/358 359/359/359
f 342/342/342 359/359/359 343/343/343
f 343/343/343 359/359/359 352/352/352
f 343/343/343 352/352/352 347/347/347
f 359/359/359 360/360/360 357/357/357
f 359/359/359 357/357/357 352/352/352
f 358/358/358 361/361/361 360/360/360
f 358/358/358 360/360/360 359/359/359
f 357/357/357 362/362/362 363/363/363
f 357/357/357 363/363/363 355/355/355
f 355/355/355 363/363/363 364/364/364
f 355/355/355 364/364/364 356/356/356
f 363/363/363 365/365/365 366/366/366
f 363/363/363 366/366/366 364/364/364
f 362/362/362 367/367/367 365/365/365
f 362/362/362 365/365/365 363/363/363
f 361/361/361 368/368/368 369/369/369
f 361/361/361 369/369/369 360/360/360
f 360/360/360 369/369/369 362/362/362
f 360/360/360 362/362/362 357/357/357
f 369/369/369 370/370/370 367/367/367
f 369/369/369 367/367/367 362/362/362
f 368/368/368 371/371/371 370/370/370
f 368/368/368 370/370/370 369/369/369
f 271/271/271 274/274/274 372/372/372
f 271/271/271 372/372/372 373/373/373
f 373/373/373 372/372/372 365/365/365
f 373/373/373 365/365/365 367/367/367
f 372/372/372 374/374/374 366/366/366
f 372/372/372 366/366/366 365/365/365
f 274/274/274 276/276/276 374/374/374
f 274/274/274 374/374/374 372/372/372
f 261/261/261 269/269/269 375/375/375
f 261/261/261 375/375/375 376/376/376
f 376/376/376 375/375/375 370/370/370
f 376/376/376 370/370/370 371/371/371
f 375/375/375 373/373/373 367/367/367
f 375/375/375 367/367/367 370/370/370
f 269/269/269 271/271/271 373/373/373
f 269/269/269 373/373/373 375/375/375
f 243/243/243 259/259/259 377/377/377
f 243/243/243 377/377/377 242/242/242
f 242/242/242 377/377/377 378/378/378
f 242/242/242 378/378/378 239/239/239
f 377/377/377 376/376/376 371/371/371
f 377/377/377 371/371/371 378/378/378
f 259/259/259 261/261/261 376/376/376
f 259/259/259 376/376/376 377/377/377
f 237/237/237 236/236/236 379/379/379
f 237/237/237 379/379/379 380/380/380
f 380/380/380 379/379/379 368/368/368
f 380/380/380 368/368/368 361/361/361
f 379/379/379 378/378/378 371/371/371
f 379/379/379 371/371/371 368/368/368
f 236/236/236 239/239/239 378/378/378
f 236/236/236 378/378/378 379/379/379
f 356/356/356 364/364/364 381/381/381
f 356/356/356 381/381/381 382/382/382
f 382/382/382 381/381/381 383/383/383
f 382/382/382 383/383/383 384/384/384
f 381/381/381 385/385/385 386/386/386
f 381/381/381 386/386/386 383/383/383
f 364/364/364 366/366/366 385/385/385
f 364/364/364 385/385/385 381/381/381
f 366/366/366 374/374/374 387/387/387
f 366/366/366 387/387/387 385/385/385
f 385/385/385 387/387/387 388/388/388
f 385/385/385 388/388/388 386/386/386
f 387/387/387 389/389/389 390/390/390
f 387/387/387 390/390/390 388/388/388
f 374/374/374 276/276/276 389/389/389
f 374/374/374 389/389/389 387/387/387
f 384/384/384 383/383/383 391/391/391
f 384/384/384 391/391/391 392/392/392
f 392/392/392 391/391/391 393/393/393
f 392/392/392 393/393/393 394/394/394
f 391/391/391 395/395/395 396/396/396
f 391/391/391 396/396/396 393/393/393
f 383/383/383 386/386/386 395/395/395
f 383/383/383 395/395/395 391/391/391
f 386/386/386 388/388/388 397/397/397
f 386/386/386 397/397/397 395/395/395
f 395/395/395 397/397/397 398/398/398
f 395/395/395 398/398/398 396/396/396
f 397/397/397 399/399/399 400/400/400
f 397/397/397 400/400/400 398/398/398
f 388/388/388 390/390/390 399/399/399
f 388/388/388 399/399/399 397/397/397
f 276/276/276 275/275/275 401/401/401
f 276/276/276 401/401/401 389/389/389
f 389/389/389 401/401/401 402/402/402
f 389/389/389 402/402/402 390/390/390
f 401/401/401 403/403/403 404/404/404
f 401/401/401 404/404/404 402/402/402
f 275/275/275 277/277/277 403/403/403
f 275/275/275 403/403/403 401/401/401
f 390/390/390 402/402/402 405/405/405
f 390/390/390 405/405/405 399/399/399
f 399/399/399 405/405/405 406/406/406
f 399/399/399 406/406/406 400/400/400
f 405/405/405 407/407/407 408/408/408
f 405/405/405 408/408/408 406/406/406
f 402/402/402 404/404/404 407/407/407
f 402/402/402 407/407/407 405/405/405
f 404/404/404 409/409/409 410/410/410
f 404/404/404 410/410/410 407/407/407
f 407/407/407 410/410/410 411/411/411
f 407/407/407 411/411/411 408/408/408
f 410/410/410 412/412/412 413/413/413
f 410/410/410 413/413/413 411/411/411
f 409/409/409 414/414/414 412/412/412
f 409/409/409 412/412/412 410/410/410
f 277/277/277 280/280/280 415/415/415
f 277/277/277 415/415/415 403/403/403
f 403/403/403 415/415/415 409/409/409
f 403/403/403 409/409/409 404/404/404
f 415/415/415 416/416/416 414/414/414
f 415/415/415 414/414/414 409/409/409
f 280/280/280 281/281/281 416/416/416
f 280/280/280 416/416/416 415/415/415
f 281/281/281 290/290/290 417/417/417
f 281/281/281 417/417/417 416/416/416
f 416/416/416 417/417/417 418/418/418
f 416/416/416 418/418/418 414/414/414
f 417/417/417 419/419/419 420/420/420
f 417/417/417 420/420/420 418/418/418
f 290/290/290 291/291/291 419/419/419
f 290/290/290 419/419/419 417/417/417
f 414/414/414 418/418/418 421/421/421
f 414/414/414 421/421/421 412/412/412
f 412/412/412 421/421/421 422/422/422
f 412/412/412 422/422/422 413/413/413
f 421/421/421 423/423/423 424/424/424
f 421/421/421 424/424/424 422/422/422
f 418/418/418 420/420/420 423/423/423
f 418/418/418 423/423/423 421/421/421
f 291/291/291 300/300/300 425/425/425
f 291/291/291 425/425/425 419/419/419
f 419/419/419 425/425/425 426/426/426
f 419/419/419 426/426/426 420/420/420
f 425/425/425 427/427/427 428/428/428
f 425/425/425 428/428/428 426/426/426
f 300/300/300 301/301/301 427/427/427
f 300/300/300 427/427/427 425/425/425
f 420/420/420 426/426/426 429/429/429
f 420/420/420 429/429/429 423/423/423
f 423/423/423 429/429/429 430/430/430
f 423/423/423 430/430/430 424/424/424
f 429/429/429 431/431/431 432/432/432
f 429/429/429 432/432/432 430/430/430
f 426/426/426 428/428/428 431/431/431
f 426/426/426 431/431/431 429/429/429
f 301/301/301 310/310/310 433/433/433
f 301/301/301 433/433/433 427/427/427
f 427/427/427 433/433/433 434/434/434
f 427/427/427 434/434/434 428/428/428
f 433/433/433 435/435/435 436/436/436
f 433/433/433 436/436/436 434/434/434
f 310/310/310 311/311/311 435/435/435
f 310/310/310 435/435/435 433/433/433
f 428/428/428 434/434/434 437/437/437
f 428/428/428 437/437/437 431/431/431
f 431/431/431 437/437/437 438/438/438
f 431/431/431 438/438/438 432/432/432
f 437/437/437 439/439/439 440/440/440
f 437/437/437 440/440/440 438/438/438
f 434/434/434 436/436/436 439/439/439
f 434/434/434 439/439/439 437/437/437
f 311/311/311 316/316/316 441/441/441
f 311/311/311 441/441/441 435/435/435
f 435/435/435 441/441/441 442/442/442
f 435/435/435 442/442/442 436/436/436
f 441/441/441 443/443/443 444/444/444
f 441/441/441 444/444/444 442/442/442
f 316/316/316 317/317/317 443/443/443
f 316/316/316 443/443/443 441/441/441
f 436/436/436 442/442/442 445/445/445
f 436/436/436 445/445/445 439/439/439
f 439/439/439 445/445/445 446/446/446
f 439/439/439 446/446/446 440/440/440
f 445/445/445 447/447/447 448/448/448
f 445/445/445 448/448/448 446/446/446
f 442/442/442 444/444/444 447/447/447
f 442/442/442 447/447/447 445/445/445
f 444/444/444 449/449/449 450/450/450
f 444/444/444 450/450/450 447/447/447
f 447/447/447 450/450/450 451/451/451
f 447/447/447 451/451/451 448/448/448
f 450/450/450 452/452/452 453/453/453
f 450/450/450 453/453/453 451/451/451
f 449/449/449 454/454/454 452/452/452
f 449/449/449 452/452/452 450/450/450
f 317/317/317 330/330/330 455/455/455
f 317/317/317 455/455/455 443/443/443
f 443/443/443 455/455/455 449/449/449
f 443/443/443 449/449/449 444/444/444
f 455/455/455 456/456/456 454/454/454
f 455/455/455 454/454/454 449/449/449
f 330/330/330 331/331/331 456/456/456
f 330/330/330 456/456/456 455/455/455
f 331/331/331 336/336/336 457/457/457
f 331/331/331 457/457/457 456/456/456
f 456/456/456 457/457/457 458/458/458
f 456/456/456 458/458/458 454/454/454
f 457/457/457 459/459/459 460/460/460
f 457/457/457 460/460/460 458/458/458
f 336/336/336 337/337/337 459/459/459
f 336/336/336 459/459/459 457/457/457
f 454/454/454 458/458/458 461/461/461
f 454/454/454 461/461/461 452/452/452
f 452/452/452 461/461/461 462/462/462
f 452/452/452 462/462/462 453/453/453
f 461/461/461 463/463/463 464/464/464
f 461/461/461 464/464/464 462/462/462
f 458/458/458 460/460/460 463/463/463
f 458/458/458 463/463/463 461/461/461
f 460/460/460 465/465/465 466/466/466
f 460/460/460 466/466/466 463/463/463
f 463/463/463 466/466/466 467/467/467
f 463/463/463 467/467/467 464/464/464
f 466/466/466 468/468/468 469/469/469
f 466/466/466 469/469/469 467/467/467
f 465/465/465 470/470/470 468/468/468
f 465/465/465 468/468/468 466/466/466
f 337/337/337 350/350/350 471/471/471
f 337/337/337 471/471/471 459/459/459
f 459/459/459 471/471/471 465/465/465
f 459/459/459 465/465/465 460/460/460
f 471/471/471 472/472/472 470/470/470
f 471/471/471 470/470/470 465/465/465
f 350/350/350 351/351/351 472/472/472
f 350/350/350 472/472/472 471/471/471
f 470/470/470 473/473/473 474/474/474
f 470/470/470 474/474/474 468/468/468
f 468/468/468 474/474/474 475/475/475
f 468/468/468 475/475/475 469/469/469
f 474/474/474 392/392/392 394/394/394
f 474/474/474 394/394/394 475/475/475
f 473/473/473 384/384/384 392/392/392
f 473/473/473 392/392/392 474/474/474
f 351/351/351 354/354/354 476/476/476
f 351/351/351 476/476/476 472/472/472
f 472/472/472 476/476/476 473/473/473
f 472/472/472 473/473/473 470/470/470
f 476/476/476 382/382/382 384/384/384
f 476/476/476 384/384/384 473/473/473
f 354/354/354 356/356/356 382/382/382
f 354/354/354 382/382/382 476/476/476
f 464/464/464 467/467/467 477/477/477
f 464/464/464 477/477/477 478/478/478
f 478/478/478 477/477/477 479/479/479
f 478/478/478 479/479/479 480/480/480
f 477/477/477 481/481/481 482/482/482
f 477/477/477 482/482/482 479/479/479
f 467/467/467 469/469/469 481/481/481
f 467/467/467 481/481/481 477/477/477
f 469/469/469 475/475/475 483/483/483
f 469/469/469 483/483/483 481/481/481
f 481/481/481 483/483/483 484/484/484
f 481/481/481 484/484/484 482/482/482
f 483/483/483 485/485/485 486/486/486
f 483/483/483 486/486/486 484/484/484
f 475/475/475 394/394/394 485/485/485
f 475/475/475 485/485/485 483/483/483
f 482/482/482 484/484/484 487/487/487
f 482/482/482 487/487/487 488/488/488
f 488/488/488 487/487/487 489/489/489
f 488/488/488 489/489/489 490/490/490
f 487/487/487 491/491/491 492/492/492
f 487/487/487 492/492/492 489/489/489
f 484/484/484 486/486/486 491/491/491
f 484/484/484 491/491/491 487/487/487
f 480/480/480 479/479/479 493/493/493
f 480/480/480 493/493/493 494/494/494
f 494/494/494 493/493/493 495/495/495
f 494/494/494 495/495/495 496/496/496
f 493/493/493 488/488/488 490/490/490
f 493/493/493 490/490/490 495/495/495
f 479/479/479 482/482/482 488/488/488
f 479/479/479 488/488/488 493/493/493
f 497/497/497 498/498/498 499/499/499
f 497/497/497 499/499/499 500/500/500
f 500/500/500 499/499/499 501/501/501
f 500/500/500 501/501/501 502/502/502
f 499/499/499 494/494/494 496/496/496
f 499/499/499 496/496/496 501/501/501
f 498/498/498 480/480/480 494/494/494
f 498/498/498 494/494/494 499/499/499
f 453/453/453 462/462/462 503/503/503
f 453/453/453 503/503/503 504/504/504
f 504/504/504 503/503/503 498/498/498
f 504/504/504 498/498/498 497/497/497
f 503/503/503 478/478/478 480/480/480
f 503/503/503 480/480/480 498/498/498
f 462/462/462 464/464/464 478/478/478
f 462/462/462 478/478/478 503/503/503
f 448/448/448 451/451/451 505/505/505
f 448/448/448 505/505/505 506/506/506
f 506/506/506 505/505/505 507/507/507
f 506/506/506 507/507/507 508/508/508
f 505/505/505 504/504/504 497/497/497
f 505/505/505 497/497/497 507/507/507
f 451/451/451 453/453/453 504/504/504
f 451/451/451 504/504/504 505/505/505
f 508/508/508 507/507/507 509/509/509
f 508/508/508 509/509/509 510/510/510
f 510/510/510 509/509/509 511/511/511
f 510/510/510 511/511/511 512/512/512
f 509/509/509 500/500/500 502/502/502
f 509/509/509 502/502/502 511/511/511
f 507/507/507 497/497/497 500/500/500
f 507/507/507 500/500/500 509/509/509
f 513/513/513 514/514/514 515/515/515
f 513/513/513 515/515/515 516/516/516
f 516/516/516 515/515/515 517/517/517
f 516/516/516 517/517/517 518/518/518
f 515/515/515 510/510/510 512/512/512
f 515/515/515 512/512/512 517/517/517
f 514/514/514 508/508/508 510/510/510
f 514/514/514 510/510/510 515/515/515
f 440/440/440 446/446/446 519/519/519
f 440/440/440 519/519/519 520/520/520
f 520/520/520 519/519/519 514/514/514
f 520/520/520 514/514/514 513/513/513
f 519/519/519 506/506/506 508/508/508
f 519/519/519 508/508/508 514/514/514
f 446/446/446 448/448/448 506/506/506
f 446/446/446 506/506/506 519/519/519
f 432/432/432 438/438/438 521/521/521
f 432/432/432 521/521/521 522/522/522
f 522/522/522 521/521/521 523/523/523
f 522/522/522 523/523/523 524/524/524
f 521/521/521 520/520/520 513/513/513
f 521/521/521 513/513/513 523/523/523
f 438/438/438 440/440/440 520/520/520
f 438/438/438 520/520/520 521/521/521
f 524/524/524 523/523/523 525/525/525
f 524/524/524 525/525/525 526/526/526
f 526/526/526 525/525/525 527/527/527
f 526/526/526 527/527/527 528/528/528
f 525/525/525 516/516/516 518/518/518
f 525/525/525 518/518/518 527/527/527
f 523/523/523 513/513/513 516/516/516
f 523/523/523 516/516/516 525/525/525
f 424/424/424 430/430/430 529/529/529
f 424/424/424 529/529/529 530/530/530
f 530/530/530 529/529/529 531/531/531
f 530/530/530 531/531/531 532/532/532
f 529/529/529 522/522/522 524/524/524
f 529/529/529 524/524/524 531/531/531
f 430/430/430 432/432/432 522/522/522
f 430/430/430 522/522/522 529/529/529
f 532/532/532 531/531/531 533/533/533
f 532/532/532 533/533/533 534/534/534
f 534/534/534 533/533/533 535/535/535
f 534/534/534 535/535/535 536/536/536
f 533/533/533 526/526/526 528/528/528
f 533/533/533 528/528/528 535/535/535
f 531/531/531 524/524/524 526/526/526
f 531/531/531 526/526/526 533/533/533
f 413/413/413 422/422/422 537/537/537
f 413/413/413 537/537/537 538/538/538
f 538/538/538 537/537/537 539/539/539
f 538/538/538 539/539/539 540/540/540
f 537/537/537 530/530/530 532/532/532
f 537/537/537 532/532/532 539/539/539
f 422/422/422 424/424/424 530/530/530
f 422/422/422 530/530/530 537/537/537
f 540/540/540 539/539/539 541/541/541
f 540/540/540 541/541/541 542/542/542
f 542/542/542 541/541/541 543/543/543
f 542/542/542 543/543/543 544/544/544
f 541/541/541 534/534/534 536/536/536
f 541/541/541 536/536/536 543/543/543
f 539/539/539 532/532/532 534/534/534
f 539/539/539 534/534/534 541/541/541
f 408/408/408 411/411/411 545/545/545
f 408/408/408 545/545/545 546/546/546
f 546/546/546 545/545/545 547/547/547
f 546/546/546 547/547/547 548/548/548
f 545/545/545 538/538/538 540/540/540
f 545/545/545 540/540/540 547/547/547
f 411/411/411 413/413/413 538/538/538
f 411/411/411 538/538/538 545/545/545
f 548/548/548 547/547/547 549/549/549
f 548/548/548 549/549/549 550/550/550
f 550/550/550 549/549/549 551/551/551
f 550/550/550 551/551/551 552/552/552
f 549/549/549 542/542/542 544/544/544
f 549/549/549 544/544/544 551/551/551
f 547/547/547 540/540/540 542/542/542
f 547/547/547 542/542/542 549/549/549
f 553/553/553 554/554/554 555/555/555
f 553/553/553 555/555/555 556/556/556
f 556/556/556 555/555/555 557/557/557
f 556/556/556 557/557/557 558/558/558
f 555/555/555 550/550/550 552/552/552
f 555/555/555 552/552/552 557/557/557
f 554/554/554 548/548/548 550/550/550
f 554/554/554 550/550/550 555/555/555
f 400/400/400 406/406/406 559/559/559
f 400/400/400 559/559/559 560/560/560
f 560/560/560 559/559/559 554/554/554
f 560/560/560 554/554/554 553/553/553
f 559/559/559 546/546/546 548/548/548
f 559/559/559 548/548/548 554/554/554
f 406/406/406 408/408/408 546/546/546
f 406/406/406 546/546/546 559/559/559
f 396/396/396 398/398/398 561/561/561
f 396/396/396 561/561/561 562/562/562
f 562/562/562 561/561/561 563/563/563
f 562/562/562 563/563/563 564/564/564
f 561/561/561 560/560/560 553/553/553
f 561/561/561 553/553/553 563/563/563
f 398/398/398 400/400/400 560/560/560
f 398/398/398 560/560/560 561/561/561
f 564/564/564 563/563/563 565/565/565
f 564/564/564 565/565/565 566/566/566
f 566/566/566 565/565/565 567/567/567
f 566/566/566 567/567/567 568/568/568
f 565/565/565 556/556/556 558/558/558
f 565/565/565 558/558/558 567/567/567
f 563/563/563 553/553/553 556/556/556
f 563/563/563 556/556/556 565/565/565
f 486/486/486 569/569/569 570/570/570
f 486/486/486 570/570/570 491/491/491
f 491/491/491 570/570/570 571/571/571
f 491/491/491 571/571/571 492/492/492
f 570/570/570 566/566/566 568/568/568
f 570/570/570 568/568/568 571/571/571
f 569/569/569 564/564/564 566/566/566
f 569/569/569 566/566/566 570/570/570
f 394/394/394 393/393/393 572/572/572
f 394/394/394 572/572/572 485/485/485
f 485/485/485 572/572/572 569/569/569
f 485/485/485 569/569/569 486/486/486
f 572/572/572 562/562/562 564/564/564
f 572/572/572 564/564/564 569/569/569
f 393/393/393 396/396/396 562/562/562
f 393/393/393 562/562/562 572/572/572
f 492/492/492 571/571/571 573/573/573
f 492/492/492 573/573/573 574/574/574
f 574/574/574 573/573/573 575/575/575
f 574/574/574 575/575/575 576/576/576
f 573/573/573 577/577/577 578/578/578
f 573/573/573 578/578/578 575/575/575
f 571/571/571 568/568/568 577/577/577
f 571/571/571 577/577/577 573/573/573
f 568/568/568 567/567/567 579/579/579
f 568/568/568 579/579/579 577/577/577
f 577/577/577 579/579/579 580/580/580
f 577/577/577 580/580/580 578/578/578
f 579/579/579 581/581/581 582/582/582
f 579/579/579 582/582/582 580/580/580
f 567/567/567 558/558/558 581/581/581
f 567/567/567 581/581/581 579/579/579
f 583/583/583 584/584/584 585/585/585
f 583/583/583 585/585/585 586/586/586
f 587/587/587 586/586/586 585/585/585
f 587/587/587 585/585/585 588/588/588
f 589/589/589 588/588/588 585/585/585
f 589/589/589 585/585/585 590/590/590
f 578/578/578 590/590/590 585/585/585
f 578/578/578 585/585/585 575/575/575
f 576/576/576 575/575/575 585/585/585
f 576/576/576 585/585/585 584/584/584
f 578/578/578 580/580/580 591/591/591
f 578/578/578 591/591/591 590/590/590
f 589/589/589 590/590/590 591/591/591
f 589/589/589 591/591/591 592/592/592
f 593/593/593 592/592/592 591/591/591
f 593/593/593 591/591/591 594/594/594
f 595/595/595 594/594/594 591/591/591
f 595/595/595 591/591/591 596/596/596
f 597/597/597 596/596/596 591/591/591
f 597/597/597 591/591/591 598/598/598
f 582/582/582 598/598/598 591/591/591
f 582/582/582 591/591/591 580/580/580
f 599/599/599 600/600/600 601/601/601
f 599/599/599 601/601/601 602/602/602
f 602/602/602 601/601/601 588/588/588
f 602/602/602 588/588/588 589/589/589
f 601/601/601 603/603/603 587/587/587
f 601/601/601 587/587/587 588/588/588
f 600/600/600 604/604/604 603/603/603
f 600/600/600 603/603/603 601/601/601
f 605/605/605 606/606/606 607/607/607
f 605/605/605 607/607/607 608/608/608
f 608/608/608 607/607/607 592/592/592
f 608/608/608 592/592/592 593/593/593
f 607/607/607 602/602/602 589/589/589
f 607/607/607 589/589/589 592/592/592
f 606/606/606 599/599/599 602/602/602
f 606/606/606 602/602/602 607/607/607
f 609/609/609 610/610/610 611/611/611
f 609/609/609 611/611/611 612/612/612
f 605/605/605 612/612/612 611/611/611
f 605/605/605 611/611/611 606/606/606
f 599/599/599 606/606/606 611/611/611
f 599/599/599 611/611/611 600/600/600
f 604/604/604 600/600/600 611/611/611
f 604/604/604 611/611/611 613/613/613
f 614/614/614 613/613/613 611/611/611
f 614/614/614 611/611/611 615/615/615
f 616/616/616 615/615/615 611/611/611
f 616/616/616 611/611/611 617/617/617
f 618/618/618 617/617/617 611/611/611
f 618/618/618 611/611/611 619/619/619
f 620/620/620 619/619/619 611/611/611
f 620/620/620 611/611/611 610/610/610
f 609/609/609 612/612/612 621/621/621
f 609/609/609 621/621/621 622/622/622
f 622/622/622 621/621/621 623/623/623
f 622/622/622 623/623/623 624/624/624
f 621/621/621 608/608/608 593/593/593
f 621/621/621 593/593/593 623/623/623
f 612/612/612 605/605/605 608/608/608
f 612/612/612 608/608/608 621/621/621
f 620/620/620 610/610/610 625/625/625
f 620/620/620 625/625/625 626/626/626
f 626/626/626 625/625/625 627/627/627
f 626/626/626 627/627/627 628/628/628
f 625/625/625 622/622/622 624/624/624
f 625/625/625 624/624/624 627/627/627
f 610/610/610 609/609/609 622/622/622
f 610/610/610 622/622/622 625/625/625
f 595/595/595 629/629/629 630/630/630
f 595/595/595 630/630/630 594/594/594
f 593/593/593 594/594/594 630/630/630
f 593/593/593 630/630/630 623/623/623
f 624/624/624 623/623/623 630/630/630
f 624/624/624 630/630/630 631/631/631
f 632/632/632 631/631/631 630/630/630
f 632/632/632 630/630/630 633/633/633
f 634/634/634 633/633/633 630/630/630
f 634/634/634 630/630/630 629/629/629
f 632/632/632 635/635/635 636/636/636
f 632/632/632 636/636/636 631/631/631
f 631/631/631 636/636/636 627/627/627
f 631/631/631 627/627/627 624/624/624
f 636/636/636 637/637/637 628/628/628
f 636/636/636 628/628/628 627/627/627
f 635/635/635 638/638/638 637/637/637
f 635/635/635 637/637/637 636/636/636
f 528/528/528 527/527/527 639/639/639
f 528/528/528 639/639/639 640/640/640
f 640/640/640 639/639/639 635/635/635
f 640/640/640 635/635/635 632/632/632
f 639/639/639 641/641/641 638/638/638
f 639/639/639 638/638/638 635/635/635
f 527/527/527 518/518/518 641/641/641
f 527/527/527 641/641/641 639/639/639
f 536/536/536 535/535/535 642/642/642
f 536/536/536 642/642/642 643/643/643
f 643/643/643 642/642/642 633/633/633
f 643/643/643 633/633/633 634/634/634
f 642/642/642 640/640/640 632/632/632
f 642/642/642 632/632/632 633/633/633
f 535/535/535 528/528/528 640/640/640
f 535/535/535 640/640/640 642/642/642
f 544/544/544 543/543/543 644/644/644
f 544/544/544 644/644/644 645/645/645
f 645/645/645 644/644/644 629/629/629
f 645/645/645 629/629/629 595/595/595
f 644/644/644 643/643/643 634/634/634
f 644/644/644 634/634/634 629/629/629
f 543/543/543 536/536/536 643/643/643
f 543/543/543 643/643/643 644/644/644
f 552/552/552 551/551/551 646/646/646
f 552/552/552 646/646/646 647/647/647
f 647/647/647 646/646/646 596/596/596
f 647/647/647 596/596/596 597/597/597
f 646/646/646 645/645/645 595/595/595
f 646/646/646 595/595/595 596/596/596
f 551/551/551 544/544/544 645/645/645
f 551/551/551 645/645/645 646/646/646
f 558/558/558 557/557/557 648/648/648
f 558/558/558 648/648/648 581/581/581
f 581/581/581 648/648/648 598/598/598
f 581/581/581 598/598/598 582/582/582
f 648/648/648 647/647/647 597/597/597
f 648/648/648 597/597/597 598/598/598
f 557/557/557 552/552/552 647/647/647
f 557/557/557 647/647/647 648/648/648
f 638/638/638 649/649/649 650/650/650
f 638/638/638 650/650/650 637/637/637
f 637/637/637 650/650/650 651/651/651
f 637/637/637 651/651/651 628/628/628
f 650/650/650 652/652/652 653/653/653
f 650/650/650 653/653/653 651/651/651
f 649/649/649 654/654/654 652/652/652
f 649/649/649 652/652/652 650/650/650
f 518/518/518 517/517/517 655/655/655
f 518/518/518 655/655/655 641/641/641
f 641/641/641 655/655/655 649/649/649
f 641/641/641 649/649/649 638/638/638
f 655/655/655 656/656/656 654/654/654
f 655/655/655 654/654/654 649/649/649
f 517/517/517 512/512/512 656/656/656
f 517/517/517 656/656/656 655/655/655
f 654/654/654 657/657/657 658/658/658
f 654/654/654 658/658/658 652/652/652
f 652/652/652 658/658/658 659/659/659
f 652/652/652 659/659/659 653/653/653
f 658/658/658 660/660/660 661/661/661
f 658/658/658 661/661/661 659/659/659
f 657/657/657 662/662/662 660/660/660
f 657/657/657 660/660/660 658/658/658
f 512/512/512 511/511/511 663/663/663
f 512/512/512 663/663/663 656/656/656
f 656/656/656 663/663/663 657/657/657
f 656/656/656 657/657/657 654/654/654
f 663/663/663 664/664/664 662/662/662
f 663/663/663 662/662/662 657/657/657
f 511/511/511 502/502/502 664/664/664
f 511/511/511 664/664/664 663/663/663
f 618/618/618 619/619/619 665/665/665
f 618/618/618 665/665/665 666/666/666
f 666/666/666 665/665/665 651/651/651
f 666/666/666 651/651/651 653/653/653
f 665/665/665 626/626/626 628/628/628
f 665/665/665 628/628/628 651/651/651
f 619/619/619 620/620/620 626/626/626
f 619/619/619 626/626/626 665/665/665
f 616/616/616 617/617/617 667/667/667
f 616/616/616 667/667/667 668/668/668
f 668/668/668 667/667/667 659/659/659
f 668/668/668 659/659/659 661/661/661
f 667/667/667 666/666/666 653/653/653
f 667/667/667 653/653/653 659/659/659
f 617/617/617 618/618/618 666/666/666
f 617/617/617 666/666/666 667/667/667
f 614/614/614 615/615/615 669/669/669
f 614/614/614 669/669/669 670/670/670
f 670/670/670 669/669/669 671/671/671
f 670/670/670 671/671/671 672/672/672
f 669/669/669 668/668/668 661/661/661
f 669/669/669 661/661/661 671/671/671
f 615/615/615 616/616/616 668/668/668
f 615/615/615 668/668/668 669/669/669
f 604/604/604 613/613/613 673/673/673
f 604/604/604 673/673/673 603/603/603
f 603/603/603 673/673/673 674/674/674
f 603/603/603 674/674/674 587/587/587
f 673/673/673 670/670/670 672/672/672
f 673/673/673 672/672/672 674/674/674
f 613/613/613 614/614/614 670/670/670
f 613/613/613 670/670/670 673/673/673
f 662/662/662 675/675/675 676/676/676
f 662/662/662 676/676/676 660/660/660
f 660/660/660 676/676/676 671/671/671
f 660/660/660 671/671/671 661/661/661
f 676/676/676 677/677/677 672/672/672
f 676/676/676 672/672/672 671/671/671
f 675/675/675 678/678/678 677/677/677
f 675/675/675 677/677/677 676/676/676
f 678/678/678 679/679/679 680/680/680
f 678/678/678 680/680/680 677/677/677
f 677/677/677 680/680/680 674/674/674
f 677/677/677 674/674/674 672/672/672
f 680/680/680 586/586/586 587/587/587
f 680/680/680 587/587/587 674/674/674
f 679/679/679 583/583/583 586/586/586
f 679/679/679 586/586/586 680/680/680
f 502/502/502 501/501/501 681/681/681
f 502/502/502 681/681/681 664/664/664
f 664/664/664 681/681/681 675/675/675
f 664/664/664 675/675/675 662/662/662
f 681/681/681 682/682/682 678/678/678
f 681/681/681 678/678/678 675/675/675
f 501/501/501 496/496/496 682/682/682
f 501/501/501 682/682/682 681/681/681
f 496/496/496 495/495/495 683/683/683
f 496/496/496 683/683/683 682/682/682
f 682/682/682 683/683/683 679/679/679
f 682/682/682 679/679/679 678/678/678
f 683/683/683 684/684/684 583/583/583
f 683/683/683 583/583/583 679/679/679
f 495/495/495 490/490/490 684/684/684
f 495/495/495 684/684/684 683/683/683
f 490/490/490 489/489/489 685/685/685
f 490/490/490 685/685/685 684/684/684
f 684/684/684 685/685/685 584/584/584
f 684/684/684 584/584/584 583/583/583
f 685/685/685 574/574/574 576/576/576
f 685/685/685 576/576/576 584/584/584
f 489/489/489 492/492/492 574/574/574
f 489/489/489 574/574/574 685/685/685
f 686/686/686 687/687/687 688/688/688
f 686/686/686 688/688/688 689/689/689
f 689/689/689 688/688/688 358/358/358
f 689/689/689 358/358/358 342/342/342
f 688/688/688 380/380/380 361/361/361
f 688/688/688 361/361/361 358/358/358
f 687/687/687 237/237/237 380/380/380
f 687/687/687 380/380/380 688/688/688
f 230/230/230 231/231/231 690/690/690
f 230/230/230 690/690/690 691/691/691
f 691/691/691 690/690/690 687/687/687
f 691/691/691 687/687/687 686/686/686
f 690/690/690 235/235/235 237/237/237
f 690/690/690 237/237/237 687/687/687
f 231/231/231 232/232/232 235/235/235
f 231/231/231 235/235/235 690/690/690
f 686/686/686 689/689/689 692/692/692
f 686/686/686 692/692/692 693/693/693
f 693/693/693 692/692/692 694/694/694
f 693/693/693 694/694/694 695/695/695
f 692/692/692 345/345/345 338/338/338
f 692/692/692 338/338/338 694/694/694
f 689/689/689 342/342/342 345/345/345
f 689/689/689 345/345/345 692/692/692
f 230/230/230 691/691/691 696/696/696
f 230/230/230 696/696/696 697/697/697
f 697/697/697 696/696/696 698/698/698
f 697/697/697 698/698/698 699/699/699
f 696/696/696 693/693/693 695/695/695
f 696/696/696 695/695/695 698/698/698
f 691/691/691 686/686/686 693/693/693
f 691/691/691 693/693/693 696/696/696
f 695/695/695 694/694/694 700/700/700
f 695/695/695 700/700/700 701/701/701
f 701/701/701 700/700/700 702/702/702
f 701/701/701 702/702/702 703/703/703
f 700/700/700 341/341/341 322/322/322
f 700/700/700 322/322/322 702/702/702
f 694/694/694 338/338/338 341/341/341
f 694/694/694 341/341/341 700/700/700
f 699/699/699 698/698/698 704/704/704
f 699/699/699 704/704/704 705/705/705
f 705/705/705 704/704/704 706/706/706
f 705/705/705 706/706/706 707/707/707
f 704/704/704 701/701/701 703/703/703
f 704/704/704 703/703/703 706/706/706
f 698/698/698 695/695/695 701/701/701
f 698/698/698 701/701/701 704/704/704
f 228/228/228 229/229/229 708/708/708
f 228/228/228 708/708/708 709/709/709
f 709/709/709 708/708/708 710/710/710
f 709/709/709 710/710/710 711/711/711
f 708/708/708 697/697/697 699/699/699
f 708/708/708 699/699/699 710/710/710
f 229/229/229 230/230/230 697/697/697
f 229/229/229 697/697/697 708/708/708
f 711/711/711 710/710/710 712/712/712
f 711/711/711 712/712/712 713/713/713
f 713/713/713 712/712/712 714/714/714
f 713/713/713 714/714/714 715/715/715
f 712/712/712 705/705/705 707/707/707
f 712/712/712 707/707/707 714/714/714
f 710/710/710 699/699/699 705/705/705
f 710/710/710 705/705/705 712/712/712
f 144/144/144 227/227/227 716/716/716
f 144/144/144 716/716/716 149/149/149
f 149/149/149 716/716/716 717/717/717
f 149/149/149 717/717/717 150/150/150
f 716/716/716 709/709/709 711/711/711
f 716/716/716 711/711/711 717/717/717
f 227/227/227 228/228/228 709/709/709
f 227/227/227 709/709/709 716/716/716
f 150/150/150 717/717/717 718/718/718
f 150/150/150 718/718/718 157/157/157
f 157/157/157 718/718/718 719/719/719
f 157/157/157 719/719/719 158/158/158
f 718/718/718 713/713/713 715/715/715
f 718/718/718 715/715/715 719/719/719
f 717/717/717 711/711/711 713/713/713
f 717/717/717 713/713/713 718/718/718
f 715/715/715 714/714/714 720/720/720
f 715/715/715 720/720/720 721/721/721
f 721/721/721 720/720/720 722/722/722
f 721/721/721 722/722/722 723/723/723
f 720/720/720 724/724/724 725/725/725
f 720/720/720 725/725/725 722/722/722
f 714/714/714 707/707/707 724/724/724
f 714/714/714 724/724/724 720/720/720
f 158/158/158 719/719/719 726/726/726
f 158/158/158 726/726/726 163/163/163
f 163/163/163 726/726/726 727/727/727
f 163/163/163 727/727/727 164/164/164
f 726/726/726 721/721/721 723/723/723
f 726/726/726 723/723/723 727/727/727
f 719/719/719 715/715/715 721/721/721
f 719/719/719 721/721/721 726/726/726
f 164/164/164 727/727/727 728/728/728
f 164/164/164 728/728/728 177/177/177
f 177/177/177 728/728/728 729/729/729
f 177/177/177 729/729/729 178/178/178
f 728/728/728 730/730/730 731/731/731
f 728/728/728 731/731/731 729/729/729
f 727/727/727 723/723/723 730/730/730
f 727/727/727 730/730/730 728/728/728
f 723/723/723 722/722/722 732/732/732
f 723/723/723 732/732/732 730/730/730
f 730/730/730 732/732/732 733/733/733
f 730/730/730 733/733/733 731/731/731
f 732/732/732 734/734/734 735/735/735
f 732/732/732 735/735/735 733/733/733
f 722/722/722 725/725/725 734/734/734
f 722/722/722 734/734/734 732/732/732
f 731/731/731 733/733/733 736/736/736
f 731/731/731 736/736/736 737/737/737
f 737/737/737 736/736/736 216/216/216
f 737/737/737 216/216/216 217/217/217
f 736/736/736 738/738/738 215/215/215
f 736/736/736 215/215/215 216/216/216
f 733/733/733 735/735/735 738/738/738
f 733/733/733 738/738/738 736/736/736
f 178/178/178 729/729/729 739/739/739
f 178/178/178 739/739/739 183/183/183
f 183/183/183 739/739/739 208/208/208
f 183/183/183 208/208/208 184/184/184
f 739/739/739 737/737/737 217/217/217
f 739/739/739 217/217/217 208/208/208
f 729/729/729 731/731/731 737/737/737
f 729/729/729 737/737/737 739/739/739
f 215/215/215 740/740/740 741/741/741
f 215/215/215 741/741/741 214/214/214
f 214/214/214 741/741/741 742/742/742
f 214/214/214 742/742/742 213/213/213
f 741/741/741 743/743/743 744/744/744
f 741/741/741 744/744/744 742/742/742
f 740/740/740 745/745/745 743/743/743
f 740/740/740 743/743/743 741/741/741
f 735/735/735 746/746/746 747/747/747
f 735/735/735 747/747/747 738/738/738
f 738/738/738 747/747/747 740/740/740
f 738/738/738 740/740/740 215/215/215
f 747/747/747 748/748/748 745/745/745
f 747/747/747 745/745/745 740/740/740
f 746/746/746 749/749/749 748/748/748
f 746/746/746 748/748/748 747/747/747
f 213/213/213 742/742/742 750/750/750
f 213/213/213 750/750/750 212/212/212
f 212/212/212 750/750/750 248/248/248
f 212/212/212 248/248/248 211/211/211
f 750/750/750 751/751/751 251/251/251
f 750/750/750 251/251/251 248/248/248
f 742/742/742 744/744/744 751/751/751
f 742/742/742 751/751/751 750/750/750
f 744/744/744 752/752/752 753/753/753
f 744/744/744 753/753/753 751/751/751
f 751/751/751 753/753/753 252/252/252
f 751/751/751 252/252/252 251/251/251
f 753/753/753 285/285/285 257/257/257
f 753/753/753 257/257/257 252/252/252
f 752/752/752 282/282/282 285/285/285
f 752/752/752 285/285/285 753/753/753
f 745/745/745 754/754/754 755/755/755
f 745/745/745 755/755/755 743/743/743
f 743/743/743 755/755/755 752/752/752
f 743/743/743 752/752/752 744/744/744
f 755/755/755 295/295/295 282/282/282
f 755/755/755 282/282/282 752/752/752
f 754/754/754 292/292/292 295/295/295
f 754/754/754 295/295/295 755/755/755
f 749/749/749 756/756/756 757/757/757
f 749/749/749 757/757/757 748/748/748
f 748/748/748 757/757/757 754/754/754
f 748/748/748 754/754/754 745/745/745
f 757/757/757 305/305/305 292/292/292
f 757/757/757 292/292/292 754/754/754
f 756/756/756 302/302/302 305/305/305
f 756/756/756 305/305/305 757/757/757
f 758/758/758 759/759/759 760/760/760
f 758/758/758 760/760/760 761/761/761
f 761/761/761 760/760/760 756/756/756
f 761/761/761 756/756/756 749/749/749
f 760/760/760 321/321/321 302/302/302
f 760/760/760 302/302/302 756/756/756
f 759/759/759 318/318/318 321/321/321
f 759/759/759 321/321/321 760/760/760
f 725/725/725 762/762/762 763/763/763
f 725/725/725 763/763/763 734/734/734
f 734/734/734 763/763/763 746/746/746
f 734/734/734 746/746/746 735/735/735
f 763/763/763 761/761/761 749/749/749
f 763/763/763 749/749/749 746/746/746
f 762/762/762 758/758/758 761/761/761
f 762/762/762 761/761/761 763/763/763
f 703/703/703 702/702/702 764/764/764
f 703/703/703 764/764/764 765/765/765
f 765/765/765 764/764/764 759/759/759
f 765/765/765 759/759/759 758/758/758
f 764/764/764 325/325/325 318/318/318
f 764/764/764 318/318/318 759/759/759
f 702/702/702 322/322/322 325/325/325
f 702/702/702 325/325/325 764/764/764
f 707/707/707 706/706/706 766/766/766
f 707/707/707 766/766/766 724/724/724
f 724/724/724 766/766/766 762/762/762
f 724/724/724 762/762/762 725/725/725
f 766/766/766 765/765/765 758/758/758
f 766/766/766 758/758/758 762/762/762
f 706/706/706 703/703/703 765/765/765
f 706/706/706 765/765/765 766/766/766
f 81/81/81 767/767/767 768/768/768
f 81/81/81 768/768/768 80/80/80
f 80/80/80 768/768/768 206/206/206
f 80/80/80 206/206/206 73/73/73
f 768/768/768 186/186/186 188/188/188
f 768/768/768 188/188/188 206/206/206
f 767/767/767 172/172/172 186/186/186
f 767/767/767 186/186/186 768/768/768
f 87/87/87 769/769/769 770/770/770
f 87/87/87 770/770/770 86/86/86
f 86/86/86 770/770/770 767/767/767
f 86/86/86 767/767/767 81/81/81
f 770/770/770 170/170/170 172/172/172
f 770/770/770 172/172/172 767/767/767
f 769/769/769 168/168/168 170/170/170
f 769/769/769 170/170/170 770/770/770
f 101/101/101 119/119/119 771/771/771
f 101/101/101 771/771/771 100/100/100
f 100/100/100 771/771/771 769/769/769
f 100/100/100 769/769/769 87/87/87
f 771/771/771 166/166/166 168/168/168
f 771/771/771 168/168/168 769/769/769
f 119/119/119 121/121/121 166/166/166
f 119/119/119 166/166/166 771/771/771
f 772/772/772 773/773/773 774/774/774
f 772/772/772 774/774/774 775/775/775
f 775/775/775 774/774/774 776/776/776
f 775/775/775 776/776/776 777/777/777
f 774/774/774 111/111/111 92/92/92
f 774/774/774 92/92/92 776/776/776
f 773/773/773 108/108/108 111/111/111
f 773/773/773 111/111/111 774/774/774
f 41/41/41 43/43/43 778/778/778
f 41/41/41 778/778/778 779/779/779
f 779/779/779 778/778/778 773/773/773
f 779/779/779 773/773/773 772/772/772
f 778/778/778 113/113/113 108/108/108
f 778/778/778 108/108/108 773/773/773
f 43/43/43 45/45/45 113/113/113
f 43/43/43 113/113/113 778/778/778
f 780/780/780 781/781/781 782/782/782
f 780/780/780 782/782/782 783/783/783
f 783/783/783 782/782/782 784/784/784
f 783/783/783 784/784/784 785/785/785
f 782/782/782 775/775/775 777/777/777
f 782/782/782 777/777/777 784/784/784
f 781/781/781 772/772/772 775/775/775
f 781/781/781 775/775/775 782/782/782
f 36/36/36 39/39/39 786/786/786
f 36/36/36 786/786/786 787/787/787
f 787/787/787 786/786/786 781/781/781
f 787/787/787 781/781/781 780/780/780
f 786/786/786 779/779/779 772/772/772
f 786/786/786 772/772/772 781/781/781
f 39/39/39 41/41/41 779/779/779
f 39/39/39 779/779/779 786/786/786
f 785/785/785 784/784/784 788/788/788
f 785/785/785 788/788/788 789/789/789
f 789/789/789 788/788/788 790/790/790
f 789/789/789 790/790/790 791/791/791
f 788/788/788 792/792/792 793/793/793
f 788/788/788 793/793/793 790/790/790
f 784/784/784 777/777/777 792/792/792
f 784/784/784 792/792/792 788/788/788
f 777/777/777 776/776/776 794/794/794
f 777/777/777 794/794/794 792/792/792
f 792/792/792 794/794/794 795/795/795
f 792/792/792 795/795/795 793/793/793
f 794/794/794 95/95/95 88/88/88
f 794/794/794 88/88/88 795/795/795
f 776/776/776 92/92/92 95/95/95
f 776/776/776 95/95/95 794/794/794
f 791/791/791 790/790/790 796/796/796
f 791/791/791 796/796/796 797/797/797
f 797/797/797 796/796/796 11/11/11
f 797/797/797 11/11/11 10/10/10
f 796/796/796 798/798/798 15/15/15
f 796/796/796 15/15/15 11/11/11
f 790/790/790 793/793/793 798/798/798
f 790/790/790 798/798/798 796/796/796
f 793/793/793 795/795/795 799/799/799
f 793/793/793 799/799/799 798/798/798
f 798/798/798 799/799/799 22/22/22
f 798/798/798 22/22/22 15/15/15
f 799/799/799 91/91/91 25/25/25
f 799/799/799 25/25/25 22/22/22
f 795/795/795 88/88/88 91/91/91
f 795/795/795 91/91/91 799/799/799
